,m_poor_1_33,m_poor_1_50,Year,round,level,area,dem,SourceSheet,sector,state,head_age_cat,edu_group,head_gender,hhsize_cat,own_house,agri_land
1,0.163928062,0.042453505,2019,5,National,All,All Households,allindia,99,India,NA,NA,NA,NA,NA,NA
2,0.212376669,0.056454737,2019,5,National,urban/rural,All Households,indiasector,0,India,NA,NA,NA,NA,NA,NA
3,0.055155069,0.01101905,2019,5,National,urban/rural,All Households,indiasector,1,India,NA,NA,NA,NA,NA,NA
4,0.036707666,0.004575248,2019,5,State,All,All Households,state,99,Andaman & Nicobar Islands,NA,NA,NA,NA,NA,NA
5,0.073215201,0.009681554,2019,5,State,All,All Households,state,99,Andhra Pradesh,NA,NA,NA,NA,NA,NA
6,0.132061303,0.027448211,2019,5,State,All,All Households,state,99,Arunachal Pradesh,NA,NA,NA,NA,NA,NA
7,0.214104578,0.054333124,2019,5,State,All,All Households,state,99,Assam,NA,NA,NA,NA,NA,NA
8,0.346608639,0.131912246,2019,5,State,All,All Households,state,99,Bihar,NA,NA,NA,NA,NA,NA
9,0.039426312,0.01182982,2019,5,State,All,All Households,state,99,Chandigarh,NA,NA,NA,NA,NA,NA
10,0.178847924,0.037307687,2019,5,State,All,All Households,state,99,Chhattisgarh,NA,NA,NA,NA,NA,NA
11,0.142684564,0.024120146,2019,5,State,All,All Households,state,99,Dadra & Nagar Haveli and Daman & Diu,NA,NA,NA,NA,NA,NA
12,0.033542812,0.00488985,2019,5,State,All,All Households,state,99,Delhi,NA,NA,NA,NA,NA,NA
13,0.013937999,0.001360812,2019,5,State,All,All Households,state,99,Goa,NA,NA,NA,NA,NA,NA
14,0.144021735,0.030164538,2019,5,State,All,All Households,state,99,Gujarat,NA,NA,NA,NA,NA,NA
15,0.071746014,0.015932536,2019,5,State,All,All Households,state,99,Haryana,NA,NA,NA,NA,NA,NA
16,0.053102639,0.0063453,2019,5,State,All,All Households,state,99,Himachal Pradesh,NA,NA,NA,NA,NA,NA
17,0.062550865,0.010086101,2019,5,State,All,All Households,state,99,Jammu & Kashmir,NA,NA,NA,NA,NA,NA
18,0.306030452,0.091472834,2019,5,State,All,All Households,state,99,Jharkhand,NA,NA,NA,NA,NA,NA
19,0.08497858,0.012818584,2019,5,State,All,All Households,state,99,Karnataka,NA,NA,NA,NA,NA,NA
20,0.008574503,0.000303183,2019,5,State,All,All Households,state,99,Kerala,NA,NA,NA,NA,NA,NA
21,0.065117896,0.008007739,2019,5,State,All,All Households,state,99,Ladakh,NA,NA,NA,NA,NA,NA
22,0.00882642,0,2019,5,State,All,All Households,state,99,Lakshadweep,NA,NA,NA,NA,NA,NA
23,0.239624575,0.054665353,2019,5,State,All,All Households,state,99,Madhya Pradesh,NA,NA,NA,NA,NA,NA
24,0.089880563,0.013984932,2019,5,State,All,All Households,state,99,Maharashtra,NA,NA,NA,NA,NA,NA
25,0.09671443,0.013775649,2019,5,State,All,All Households,state,99,Manipur,NA,NA,NA,NA,NA,NA
26,0.270190626,0.103065871,2019,5,State,All,All Households,state,99,Meghalaya,NA,NA,NA,NA,NA,NA
27,0.057503603,0.017597163,2019,5,State,All,All Households,state,99,Mizoram,NA,NA,NA,NA,NA,NA
28,0.170562267,0.028929243,2019,5,State,All,All Households,state,99,Nagaland,NA,NA,NA,NA,NA,NA
29,0.207999721,0.051679328,2019,5,State,All,All Households,state,99,Odisha,NA,NA,NA,NA,NA,NA
30,0.014223838,0.000423116,2019,5,State,All,All Households,state,99,Puducherry,NA,NA,NA,NA,NA,NA
31,0.047321457,0.007127417,2019,5,State,All,All Households,state,99,Punjab,NA,NA,NA,NA,NA,NA
32,0.165690944,0.036460765,2019,5,State,All,All Households,state,99,Rajasthan,NA,NA,NA,NA,NA,NA
33,0.036746111,0.004810633,2019,5,State,All,All Households,state,99,Sikkim,NA,NA,NA,NA,NA,NA
34,0.038375616,0.002207281,2019,5,State,All,All Households,state,99,Tamil Nadu,NA,NA,NA,NA,NA,NA
35,0.067780487,0.008136611,2019,5,State,All,All Households,state,99,Telangana,NA,NA,NA,NA,NA,NA
36,0.156999633,0.028284401,2019,5,State,All,All Households,state,99,Tripura,NA,NA,NA,NA,NA,NA
37,0.22938703,0.065850653,2019,5,State,All,All Households,state,99,Uttar Pradesh,NA,NA,NA,NA,NA,NA
38,0.098109931,0.015088708,2019,5,State,All,All Households,state,99,Uttarakhand,NA,NA,NA,NA,NA,NA
39,0.152706981,0.028258344,2019,5,State,All,All Households,state,99,West Bengal,NA,NA,NA,NA,NA,NA
40,0.05071228,0.007259742,2019,5,State,urban/rural,All Households,statesector,0,Andaman & Nicobar Islands,NA,NA,NA,NA,NA,NA
41,0.012839258,0,2019,5,State,urban/rural,All Households,statesector,1,Andaman & Nicobar Islands,NA,NA,NA,NA,NA,NA
42,0.09402813,0.013321431,2019,5,State,urban/rural,All Households,statesector,0,Andhra Pradesh,NA,NA,NA,NA,NA,NA
43,0.024677888,0.001193086,2019,5,State,urban/rural,All Households,statesector,1,Andhra Pradesh,NA,NA,NA,NA,NA,NA
44,0.147414967,0.030559966,2019,5,State,urban/rural,All Households,statesector,0,Arunachal Pradesh,NA,NA,NA,NA,NA,NA
45,0.044823367,0.009767555,2019,5,State,urban/rural,All Households,statesector,1,Arunachal Pradesh,NA,NA,NA,NA,NA,NA
46,0.236518621,0.06111826,2019,5,State,urban/rural,All Households,statesector,0,Assam,NA,NA,NA,NA,NA,NA
47,0.078385226,0.013248416,2019,5,State,urban/rural,All Households,statesector,1,Assam,NA,NA,NA,NA,NA,NA
48,0.380653173,0.146889418,2019,5,State,urban/rural,All Households,statesector,0,Bihar,NA,NA,NA,NA,NA,NA
49,0.164153337,0.051644884,2019,5,State,urban/rural,All Households,statesector,1,Bihar,NA,NA,NA,NA,NA,NA
50,0.038834952,0,2019,5,State,urban/rural,All Households,statesector,0,Chandigarh,NA,NA,NA,NA,NA,NA
51,0.039434381,0.011991247,2019,5,State,urban/rural,All Households,statesector,1,Chandigarh,NA,NA,NA,NA,NA,NA
52,0.215176627,0.04576258,2019,5,State,urban/rural,All Households,statesector,0,Chhattisgarh,NA,NA,NA,NA,NA,NA
53,0.050845772,0.007517346,2019,5,State,urban/rural,All Households,statesector,1,Chhattisgarh,NA,NA,NA,NA,NA,NA
54,0.221954927,0.033448994,2019,5,State,urban/rural,All Households,statesector,0,Dadra & Nagar Haveli and Daman & Diu,NA,NA,NA,NA,NA,NA
55,0.051075306,0.013339214,2019,5,State,urban/rural,All Households,statesector,1,Dadra & Nagar Haveli and Daman & Diu,NA,NA,NA,NA,NA,NA
56,0.02368954,0.008120588,2019,5,State,urban/rural,All Households,statesector,0,Delhi,NA,NA,NA,NA,NA,NA
57,0.033789698,0.0048089,2019,5,State,urban/rural,All Households,statesector,1,Delhi,NA,NA,NA,NA,NA,NA
58,0.028414149,0.003376751,2019,5,State,urban/rural,All Households,statesector,0,Goa,NA,NA,NA,NA,NA,NA
59,0.004166212,0,2019,5,State,urban/rural,All Households,statesector,1,Goa,NA,NA,NA,NA,NA,NA
60,0.214335427,0.046168625,2019,5,State,urban/rural,All Households,statesector,0,Gujarat,NA,NA,NA,NA,NA,NA
61,0.043155078,0.007206296,2019,5,State,urban/rural,All Households,statesector,1,Gujarat,NA,NA,NA,NA,NA,NA
62,0.086267814,0.019693904,2019,5,State,urban/rural,All Households,statesector,0,Haryana,NA,NA,NA,NA,NA,NA
63,0.041405171,0.008073798,2019,5,State,urban/rural,All Households,statesector,1,Haryana,NA,NA,NA,NA,NA,NA
64,0.057492629,0.005818551,2019,5,State,urban/rural,All Households,statesector,0,Himachal Pradesh,NA,NA,NA,NA,NA,NA
65,0.02341295,0.009907729,2019,5,State,urban/rural,All Households,statesector,1,Himachal Pradesh,NA,NA,NA,NA,NA,NA
66,0.078970119,0.013209112,2019,5,State,urban/rural,All Households,statesector,0,Jammu & Kashmir,NA,NA,NA,NA,NA,NA
67,0.015621888,0.001160011,2019,5,State,urban/rural,All Households,statesector,1,Jammu & Kashmir,NA,NA,NA,NA,NA,NA
68,0.372891515,0.113674417,2019,5,State,urban/rural,All Households,statesector,0,Jharkhand,NA,NA,NA,NA,NA,NA
69,0.08632721,0.018519159,2019,5,State,urban/rural,All Households,statesector,1,Jharkhand,NA,NA,NA,NA,NA,NA
70,0.118337162,0.018633734,2019,5,State,urban/rural,All Households,statesector,0,Karnataka,NA,NA,NA,NA,NA,NA
71,0.032152899,0.00360988,2019,5,State,urban/rural,All Households,statesector,1,Karnataka,NA,NA,NA,NA,NA,NA
72,0.012588571,0.000577356,2019,5,State,urban/rural,All Households,statesector,0,Kerala,NA,NA,NA,NA,NA,NA
73,0.004135723,0,2019,5,State,urban/rural,All Households,statesector,1,Kerala,NA,NA,NA,NA,NA,NA
74,0.076473728,0.008998775,2019,5,State,urban/rural,All Households,statesector,0,Ladakh,NA,NA,NA,NA,NA,NA
75,0.01650467,0.003765208,2019,5,State,urban/rural,All Households,statesector,1,Ladakh,NA,NA,NA,NA,NA,NA
76,0.012339019,0,2019,5,State,urban/rural,All Households,statesector,0,Lakshadweep,NA,NA,NA,NA,NA,NA
77,0.007854932,0,2019,5,State,urban/rural,All Households,statesector,1,Lakshadweep,NA,NA,NA,NA,NA,NA
78,0.296201676,0.068865046,2019,5,State,urban/rural,All Households,statesector,0,Madhya Pradesh,NA,NA,NA,NA,NA,NA
79,0.076088704,0.013621197,2019,5,State,urban/rural,All Households,statesector,1,Madhya Pradesh,NA,NA,NA,NA,NA,NA
80,0.133559465,0.022188794,2019,5,State,urban/rural,All Households,statesector,0,Maharashtra,NA,NA,NA,NA,NA,NA
81,0.033417873,0.003379995,2019,5,State,urban/rural,All Households,statesector,1,Maharashtra,NA,NA,NA,NA,NA,NA
82,0.128732294,0.019285617,2019,5,State,urban/rural,All Households,statesector,0,Manipur,NA,NA,NA,NA,NA,NA
83,0.044142134,0.004728457,2019,5,State,urban/rural,All Households,statesector,1,Manipur,NA,NA,NA,NA,NA,NA
84,0.314662158,0.12106353,2019,5,State,urban/rural,All Households,statesector,0,Meghalaya,NA,NA,NA,NA,NA,NA
85,0.081994355,0.026902726,2019,5,State,urban/rural,All Households,statesector,1,Meghalaya,NA,NA,NA,NA,NA,NA
86,0.11465691,0.037125126,2019,5,State,urban/rural,All Households,statesector,0,Mizoram,NA,NA,NA,NA,NA,NA
87,0.007993476,0.000680698,2019,5,State,urban/rural,All Households,statesector,1,Mizoram,NA,NA,NA,NA,NA,NA
88,0.221694067,0.038815737,2019,5,State,urban/rural,All Households,statesector,0,Nagaland,NA,NA,NA,NA,NA,NA
89,0.063680984,0.008263414,2019,5,State,urban/rural,All Households,statesector,1,Nagaland,NA,NA,NA,NA,NA,NA
90,0.235503539,0.058836449,2019,5,State,urban/rural,All Households,statesector,0,Odisha,NA,NA,NA,NA,NA,NA
91,0.069765635,0.015707683,2019,5,State,urban/rural,All Households,statesector,1,Odisha,NA,NA,NA,NA,NA,NA
92,0.015759077,0.001149195,2019,5,State,urban/rural,All Households,statesector,0,Puducherry,NA,NA,NA,NA,NA,NA
93,0.013531095,9.55E-05,2019,5,State,urban/rural,All Households,statesector,1,Puducherry,NA,NA,NA,NA,NA,NA
94,0.049012713,0.007231059,2019,5,State,urban/rural,All Households,statesector,0,Punjab,NA,NA,NA,NA,NA,NA
95,0.044360436,0.006945962,2019,5,State,urban/rural,All Households,statesector,1,Punjab,NA,NA,NA,NA,NA,NA
96,0.203675106,0.045247972,2019,5,State,urban/rural,All Households,statesector,0,Rajasthan,NA,NA,NA,NA,NA,NA
97,0.042212449,0.00789541,2019,5,State,urban/rural,All Households,statesector,1,Rajasthan,NA,NA,NA,NA,NA,NA
98,0.054662313,0.00736835,2019,5,State,urban/rural,All Households,statesector,0,Sikkim,NA,NA,NA,NA,NA,NA
99,0.004252714,0.000171876,2019,5,State,urban/rural,All Households,statesector,1,Sikkim,NA,NA,NA,NA,NA,NA
100,0.053213075,0.003506249,2019,5,State,urban/rural,All Households,statesector,0,Tamil Nadu,NA,NA,NA,NA,NA,NA
101,0.021426186,0.000723416,2019,5,State,urban/rural,All Households,statesector,1,Tamil Nadu,NA,NA,NA,NA,NA,NA
102,0.088028349,0.010582929,2019,5,State,urban/rural,All Households,statesector,0,Telangana,NA,NA,NA,NA,NA,NA
103,0.028692333,0.003414035,2019,5,State,urban/rural,All Households,statesector,1,Telangana,NA,NA,NA,NA,NA,NA
104,0.197023958,0.035889946,2019,5,State,urban/rural,All Households,statesector,0,Tripura,NA,NA,NA,NA,NA,NA
105,0.056249794,0.009139598,2019,5,State,urban/rural,All Households,statesector,1,Tripura,NA,NA,NA,NA,NA,NA
106,0.263667822,0.077120312,2019,5,State,urban/rural,All Households,statesector,0,Uttar Pradesh,NA,NA,NA,NA,NA,NA
107,0.115818553,0.028515523,2019,5,State,urban/rural,All Households,statesector,1,Uttar Pradesh,NA,NA,NA,NA,NA,NA
108,0.112156279,0.015606856,2019,5,State,urban/rural,All Households,statesector,0,Uttarakhand,NA,NA,NA,NA,NA,NA
109,0.065843552,0.01389845,2019,5,State,urban/rural,All Households,statesector,1,Uttarakhand,NA,NA,NA,NA,NA,NA
110,0.198426917,0.036459342,2019,5,State,urban/rural,All Households,statesector,0,West Bengal,NA,NA,NA,NA,NA,NA
111,0.056735307,0.011043457,2019,5,State,urban/rural,All Households,statesector,1,West Bengal,NA,NA,NA,NA,NA,NA
112,NA,NA,NA,5,National,All,All Households,allindia_pop,99,India,NA,NA,NA,NA,NA,NA
113,0.333861947,0.110591821,2019,5,National,All,Age,allindia,99,India,15 to 29,NA,NA,NA,NA,NA
114,0.187942892,0.059301533,2019,5,National,All,Age,allindia,99,India,30 to 45,NA,NA,NA,NA,NA
115,0.131708652,0.026632037,2019,5,National,All,Age,allindia,99,India,46 to 64,NA,NA,NA,NA,NA
116,0.133663177,0.022088183,2019,5,National,All,Age,allindia,99,India,65+,NA,NA,NA,NA,NA
117,0.192317724,0.0540528,2019,5,National,All,Age,allindia,99,India,NA,NA,NA,NA,NA,NA
118,0.392735571,0.133034199,2019,5,National,urban/rural,Age,indiasector,0,India,15 to 29,NA,NA,NA,NA,NA
119,0.237404674,0.077314787,2019,5,National,urban/rural,Age,indiasector,0,India,30 to 45,NA,NA,NA,NA,NA
120,0.175304502,0.03635098,2019,5,National,urban/rural,Age,indiasector,0,India,46 to 64,NA,NA,NA,NA,NA
121,0.177868441,0.030030783,2019,5,National,urban/rural,Age,indiasector,0,India,65+,NA,NA,NA,NA,NA
122,0.260678262,0.075358853,2019,5,National,urban/rural,Age,indiasector,0,India,NA,NA,NA,NA,NA,NA
123,0.135139152,0.034839515,2019,5,National,urban/rural,Age,indiasector,1,India,15 to 29,NA,NA,NA,NA,NA
124,0.071652867,0.016950415,2019,5,National,urban/rural,Age,indiasector,1,India,30 to 45,NA,NA,NA,NA,NA
125,0.040586699,0.006317971,2019,5,National,urban/rural,Age,indiasector,1,India,46 to 64,NA,NA,NA,NA,NA
126,0.038975131,0.005075066,2019,5,National,urban/rural,Age,indiasector,1,India,65+,NA,NA,NA,NA,NA
127,0.027937269,0.002820052,2019,5,National,urban/rural,Age,indiasector,1,India,NA,NA,NA,NA,NA,NA
128,0.090795733,0,2019,5,State,All,Age,state,99,Andaman & Nicobar Islands,15 to 29,NA,NA,NA,NA,NA
129,0.0312865,0.002958208,2019,5,State,All,Age,state,99,Andaman & Nicobar Islands,30 to 45,NA,NA,NA,NA,NA
130,0.033837058,0.005619501,2019,5,State,All,Age,state,99,Andaman & Nicobar Islands,46 to 64,NA,NA,NA,NA,NA
131,0.04101282,0.006476791,2019,5,State,All,Age,state,99,Andaman & Nicobar Islands,65+,NA,NA,NA,NA,NA
132,0,0,2019,5,State,All,Age,state,99,Andaman & Nicobar Islands,NA,NA,NA,NA,NA,NA
133,0.126709685,0.012416244,2019,5,State,All,Age,state,99,Andhra Pradesh,15 to 29,NA,NA,NA,NA,NA
134,0.068426587,0.011179163,2019,5,State,All,Age,state,99,Andhra Pradesh,30 to 45,NA,NA,NA,NA,NA
135,0.065773472,0.009182941,2019,5,State,All,Age,state,99,Andhra Pradesh,46 to 64,NA,NA,NA,NA,NA
136,0.086335152,0.00560438,2019,5,State,All,Age,state,99,Andhra Pradesh,65+,NA,NA,NA,NA,NA
137,0,0,2019,5,State,All,Age,state,99,Andhra Pradesh,NA,NA,NA,NA,NA,NA
138,0.152528167,0.043370247,2019,5,State,All,Age,state,99,Arunachal Pradesh,15 to 29,NA,NA,NA,NA,NA
139,0.128937423,0.035351031,2019,5,State,All,Age,state,99,Arunachal Pradesh,30 to 45,NA,NA,NA,NA,NA
140,0.118134446,0.01574567,2019,5,State,All,Age,state,99,Arunachal Pradesh,46 to 64,NA,NA,NA,NA,NA
141,0.187296793,0.027869076,2019,5,State,All,Age,state,99,Arunachal Pradesh,65+,NA,NA,NA,NA,NA
142,0.201453522,0,2019,5,State,All,Age,state,99,Arunachal Pradesh,NA,NA,NA,NA,NA,NA
143,0.36269781,0.101763874,2019,5,State,All,Age,state,99,Assam,15 to 29,NA,NA,NA,NA,NA
144,0.256908894,0.076578692,2019,5,State,All,Age,state,99,Assam,30 to 45,NA,NA,NA,NA,NA
145,0.170389354,0.036428373,2019,5,State,All,Age,state,99,Assam,46 to 64,NA,NA,NA,NA,NA
146,0.150378346,0.022533417,2019,5,State,All,Age,state,99,Assam,65+,NA,NA,NA,NA,NA
147,0,0,2019,5,State,All,Age,state,99,Assam,NA,NA,NA,NA,NA,NA
148,0.570114613,0.268342555,2019,5,State,All,Age,state,99,Bihar,15 to 29,NA,NA,NA,NA,NA
149,0.371683598,0.162316889,2019,5,State,All,Age,state,99,Bihar,30 to 45,NA,NA,NA,NA,NA
150,0.284418225,0.087800317,2019,5,State,All,Age,state,99,Bihar,46 to 64,NA,NA,NA,NA,NA
151,0.293039948,0.075613342,2019,5,State,All,Age,state,99,Bihar,65+,NA,NA,NA,NA,NA
152,0.49811089,0.100341573,2019,5,State,All,Age,state,99,Bihar,NA,NA,NA,NA,NA,NA
153,0.227255046,0.054558486,2019,5,State,All,Age,state,99,Chandigarh,15 to 29,NA,NA,NA,NA,NA
154,0.056274392,0.007247122,2019,5,State,All,Age,state,99,Chandigarh,30 to 45,NA,NA,NA,NA,NA
155,0.026266268,0.01838189,2019,5,State,All,Age,state,99,Chandigarh,46 to 64,NA,NA,NA,NA,NA
156,0,0,2019,5,State,All,Age,state,99,Chandigarh,65+,NA,NA,NA,NA,NA
157,0.296135038,0.082887672,2019,5,State,All,Age,state,99,Chhattisgarh,15 to 29,NA,NA,NA,NA,NA
158,0.186406597,0.050377987,2019,5,State,All,Age,state,99,Chhattisgarh,30 to 45,NA,NA,NA,NA,NA
159,0.155935362,0.02363525,2019,5,State,All,Age,state,99,Chhattisgarh,46 to 64,NA,NA,NA,NA,NA
160,0.173985347,0.023196392,2019,5,State,All,Age,state,99,Chhattisgarh,65+,NA,NA,NA,NA,NA
161,0.152981803,0,2019,5,State,All,Age,state,99,Chhattisgarh,NA,NA,NA,NA,NA,NA
162,0.117979847,0.016007978,2019,5,State,All,Age,state,99,Dadra & Nagar Haveli and Daman & Diu,15 to 29,NA,NA,NA,NA,NA
163,0.118338503,0.025721375,2019,5,State,All,Age,state,99,Dadra & Nagar Haveli and Daman & Diu,30 to 45,NA,NA,NA,NA,NA
164,0.159679279,0.028135628,2019,5,State,All,Age,state,99,Dadra & Nagar Haveli and Daman & Diu,46 to 64,NA,NA,NA,NA,NA
165,0.248140126,0.01578062,2019,5,State,All,Age,state,99,Dadra & Nagar Haveli and Daman & Diu,65+,NA,NA,NA,NA,NA
166,0,0,2019,5,State,All,Age,state,99,Dadra & Nagar Haveli and Daman & Diu,NA,NA,NA,NA,NA,NA
167,0.080588192,0.005617822,2019,5,State,All,Age,state,99,Delhi,15 to 29,NA,NA,NA,NA,NA
168,0.050140709,0.00935942,2019,5,State,All,Age,state,99,Delhi,30 to 45,NA,NA,NA,NA,NA
169,0.020226786,0.002515272,2019,5,State,All,Age,state,99,Delhi,46 to 64,NA,NA,NA,NA,NA
170,0.012745496,0,2019,5,State,All,Age,state,99,Delhi,65+,NA,NA,NA,NA,NA
171,0,0,2019,5,State,All,Age,state,99,Delhi,NA,NA,NA,NA,NA,NA
172,0.068415336,0,2019,5,State,All,Age,state,99,Goa,15 to 29,NA,NA,NA,NA,NA
173,0.02737624,0.00550436,2019,5,State,All,Age,state,99,Goa,30 to 45,NA,NA,NA,NA,NA
174,0.006735127,0,2019,5,State,All,Age,state,99,Goa,46 to 64,NA,NA,NA,NA,NA
175,0.008590381,0,2019,5,State,All,Age,state,99,Goa,65+,NA,NA,NA,NA,NA
176,0,0,2019,5,State,All,Age,state,99,Goa,NA,NA,NA,NA,NA,NA
177,0.271891445,0.072104901,2019,5,State,All,Age,state,99,Gujarat,15 to 29,NA,NA,NA,NA,NA
178,0.164614707,0.040313631,2019,5,State,All,Age,state,99,Gujarat,30 to 45,NA,NA,NA,NA,NA
179,0.124969713,0.022581439,2019,5,State,All,Age,state,99,Gujarat,46 to 64,NA,NA,NA,NA,NA
180,0.111252233,0.015696539,2019,5,State,All,Age,state,99,Gujarat,65+,NA,NA,NA,NA,NA
181,0.103869066,0,2019,5,State,All,Age,state,99,Gujarat,NA,NA,NA,NA,NA,NA
182,0.209576651,0.066630028,2019,5,State,All,Age,state,99,Haryana,15 to 29,NA,NA,NA,NA,NA
183,0.091343567,0.02587278,2019,5,State,All,Age,state,99,Haryana,30 to 45,NA,NA,NA,NA,NA
184,0.050432567,0.005596388,2019,5,State,All,Age,state,99,Haryana,46 to 64,NA,NA,NA,NA,NA
185,0.052302819,0.009559592,2019,5,State,All,Age,state,99,Haryana,65+,NA,NA,NA,NA,NA
186,0.128989577,0,2019,5,State,All,Age,state,99,Haryana,NA,NA,NA,NA,NA,NA
187,0.165141046,0.045181621,2019,5,State,All,Age,state,99,Himachal Pradesh,15 to 29,NA,NA,NA,NA,NA
188,0.063503802,0.010248168,2019,5,State,All,Age,state,99,Himachal Pradesh,30 to 45,NA,NA,NA,NA,NA
189,0.0407557,0.002418412,2019,5,State,All,Age,state,99,Himachal Pradesh,46 to 64,NA,NA,NA,NA,NA
190,0.05007932,0.004350999,2019,5,State,All,Age,state,99,Himachal Pradesh,65+,NA,NA,NA,NA,NA
191,0.038529612,0,2019,5,State,All,Age,state,99,Himachal Pradesh,NA,NA,NA,NA,NA,NA
192,0.131519198,0.029510967,2019,5,State,All,Age,state,99,Jammu & Kashmir,15 to 29,NA,NA,NA,NA,NA
193,0.081277452,0.014219631,2019,5,State,All,Age,state,99,Jammu & Kashmir,30 to 45,NA,NA,NA,NA,NA
194,0.042947415,0.00622442,2019,5,State,All,Age,state,99,Jammu & Kashmir,46 to 64,NA,NA,NA,NA,NA
195,0.052403063,0.004900367,2019,5,State,All,Age,state,99,Jammu & Kashmir,65+,NA,NA,NA,NA,NA
196,0,0,2019,5,State,All,Age,state,99,Jammu & Kashmir,NA,NA,NA,NA,NA,NA
197,0.471284449,0.174605727,2019,5,State,All,Age,state,99,Jharkhand,15 to 29,NA,NA,NA,NA,NA
198,0.331452727,0.11937993,2019,5,State,All,Age,state,99,Jharkhand,30 to 45,NA,NA,NA,NA,NA
199,0.257079393,0.058180708,2019,5,State,All,Age,state,99,Jharkhand,46 to 64,NA,NA,NA,NA,NA
200,0.261572033,0.047599155,2019,5,State,All,Age,state,99,Jharkhand,65+,NA,NA,NA,NA,NA
201,0.11249698,0.11249698,2019,5,State,All,Age,state,99,Jharkhand,NA,NA,NA,NA,NA,NA
202,0.131995022,0.046455067,2019,5,State,All,Age,state,99,Karnataka,15 to 29,NA,NA,NA,NA,NA
203,0.089660391,0.01609675,2019,5,State,All,Age,state,99,Karnataka,30 to 45,NA,NA,NA,NA,NA
204,0.074870855,0.008392191,2019,5,State,All,Age,state,99,Karnataka,46 to 64,NA,NA,NA,NA,NA
205,0.090124816,0.01135167,2019,5,State,All,Age,state,99,Karnataka,65+,NA,NA,NA,NA,NA
206,0.098238394,0,2019,5,State,All,Age,state,99,Karnataka,NA,NA,NA,NA,NA,NA
207,0.048891392,0,2019,5,State,All,Age,state,99,Kerala,15 to 29,NA,NA,NA,NA,NA
208,0.012280969,0.000396283,2019,5,State,All,Age,state,99,Kerala,30 to 45,NA,NA,NA,NA,NA
209,0.006047463,0.000242552,2019,5,State,All,Age,state,99,Kerala,46 to 64,NA,NA,NA,NA,NA
210,0.008414205,0.00035302,2019,5,State,All,Age,state,99,Kerala,65+,NA,NA,NA,NA,NA
211,0,0,2019,5,State,All,Age,state,99,Kerala,NA,NA,NA,NA,NA,NA
212,0.037977509,0,2019,5,State,All,Age,state,99,Ladakh,15 to 29,NA,NA,NA,NA,NA
213,0.090920314,0.019418085,2019,5,State,All,Age,state,99,Ladakh,30 to 45,NA,NA,NA,NA,NA
214,0.035372254,0,2019,5,State,All,Age,state,99,Ladakh,46 to 64,NA,NA,NA,NA,NA
215,0.107722349,0.007502884,2019,5,State,All,Age,state,99,Ladakh,65+,NA,NA,NA,NA,NA
216,0,0,2019,5,State,All,Age,state,99,Ladakh,NA,NA,NA,NA,NA,NA
217,0.044996031,0,2019,5,State,All,Age,state,99,Lakshadweep,15 to 29,NA,NA,NA,NA,NA
218,0.002289338,0,2019,5,State,All,Age,state,99,Lakshadweep,30 to 45,NA,NA,NA,NA,NA
219,0.012106989,0,2019,5,State,All,Age,state,99,Lakshadweep,46 to 64,NA,NA,NA,NA,NA
220,0.004645097,0,2019,5,State,All,Age,state,99,Lakshadweep,65+,NA,NA,NA,NA,NA
221,0,0,2019,5,State,All,Age,state,99,Lakshadweep,NA,NA,NA,NA,NA,NA
222,0.421037257,0.109802403,2019,5,State,All,Age,state,99,Madhya Pradesh,15 to 29,NA,NA,NA,NA,NA
223,0.247299805,0.069202125,2019,5,State,All,Age,state,99,Madhya Pradesh,30 to 45,NA,NA,NA,NA,NA
224,0.210962549,0.041403033,2019,5,State,All,Age,state,99,Madhya Pradesh,46 to 64,NA,NA,NA,NA,NA
225,0.214636758,0.029011501,2019,5,State,All,Age,state,99,Madhya Pradesh,65+,NA,NA,NA,NA,NA
226,0.253224403,0.137952805,2019,5,State,All,Age,state,99,Madhya Pradesh,NA,NA,NA,NA,NA,NA
227,0.143273965,0.034238733,2019,5,State,All,Age,state,99,Maharashtra,15 to 29,NA,NA,NA,NA,NA
228,0.103339694,0.020069186,2019,5,State,All,Age,state,99,Maharashtra,30 to 45,NA,NA,NA,NA,NA
229,0.071953408,0.009536502,2019,5,State,All,Age,state,99,Maharashtra,46 to 64,NA,NA,NA,NA,NA
230,0.093717165,0.009080897,2019,5,State,All,Age,state,99,Maharashtra,65+,NA,NA,NA,NA,NA
231,0.124089949,0.075544454,2019,5,State,All,Age,state,99,Maharashtra,NA,NA,NA,NA,NA,NA
232,0.249102443,0.042919807,2019,5,State,All,Age,state,99,Manipur,15 to 29,NA,NA,NA,NA,NA
233,0.125037998,0.023639241,2019,5,State,All,Age,state,99,Manipur,30 to 45,NA,NA,NA,NA,NA
234,0.076462492,0.008085145,2019,5,State,All,Age,state,99,Manipur,46 to 64,NA,NA,NA,NA,NA
235,0.064458579,0.004616524,2019,5,State,All,Age,state,99,Manipur,65+,NA,NA,NA,NA,NA
236,0,0,2019,5,State,All,Age,state,99,Manipur,NA,NA,NA,NA,NA,NA
237,0.464891404,0.172866732,2019,5,State,All,Age,state,99,Meghalaya,15 to 29,NA,NA,NA,NA,NA
238,0.316613346,0.143270135,2019,5,State,All,Age,state,99,Meghalaya,30 to 45,NA,NA,NA,NA,NA
239,0.167375505,0.041757818,2019,5,State,All,Age,state,99,Meghalaya,46 to 64,NA,NA,NA,NA,NA
240,0.199935004,0.062134042,2019,5,State,All,Age,state,99,Meghalaya,65+,NA,NA,NA,NA,NA
241,0.659486175,0.033418424,2019,5,State,All,Age,state,99,Meghalaya,NA,NA,NA,NA,NA,NA
242,0.171343789,0.04305787,2019,5,State,All,Age,state,99,Mizoram,15 to 29,NA,NA,NA,NA,NA
243,0.083722465,0.032654632,2019,5,State,All,Age,state,99,Mizoram,30 to 45,NA,NA,NA,NA,NA
244,0.038743075,0.009615406,2019,5,State,All,Age,state,99,Mizoram,46 to 64,NA,NA,NA,NA,NA
245,0.027445523,0.004496339,2019,5,State,All,Age,state,99,Mizoram,65+,NA,NA,NA,NA,NA
246,0,0,2019,5,State,All,Age,state,99,Mizoram,NA,NA,NA,NA,NA,NA
247,0.245575383,0.067005739,2019,5,State,All,Age,state,99,Nagaland,15 to 29,NA,NA,NA,NA,NA
248,0.185270473,0.039603006,2019,5,State,All,Age,state,99,Nagaland,30 to 45,NA,NA,NA,NA,NA
249,0.136727899,0.018802729,2019,5,State,All,Age,state,99,Nagaland,46 to 64,NA,NA,NA,NA,NA
250,0.200806662,0.013237158,2019,5,State,All,Age,state,99,Nagaland,65+,NA,NA,NA,NA,NA
251,0.517568231,0.517568231,2019,5,State,All,Age,state,99,Nagaland,NA,NA,NA,NA,NA,NA
252,0.393915415,0.142420381,2019,5,State,All,Age,state,99,Odisha,15 to 29,NA,NA,NA,NA,NA
253,0.237866551,0.070966974,2019,5,State,All,Age,state,99,Odisha,30 to 45,NA,NA,NA,NA,NA
254,0.170924887,0.031647298,2019,5,State,All,Age,state,99,Odisha,46 to 64,NA,NA,NA,NA,NA
255,0.165426031,0.025012266,2019,5,State,All,Age,state,99,Odisha,65+,NA,NA,NA,NA,NA
256,0.108972892,0.0364611,2019,5,State,All,Age,state,99,Odisha,NA,NA,NA,NA,NA,NA
257,0.034575291,0.002163267,2019,5,State,All,Age,state,99,Puducherry,15 to 29,NA,NA,NA,NA,NA
258,0.016705835,0,2019,5,State,All,Age,state,99,Puducherry,30 to 45,NA,NA,NA,NA,NA
259,0.008023906,0.00019386,2019,5,State,All,Age,state,99,Puducherry,46 to 64,NA,NA,NA,NA,NA
260,0.022860808,0.001551415,2019,5,State,All,Age,state,99,Puducherry,65+,NA,NA,NA,NA,NA
261,0,0,2019,5,State,All,Age,state,99,Puducherry,NA,NA,NA,NA,NA,NA
262,0.191532195,0.028968286,2019,5,State,All,Age,state,99,Punjab,15 to 29,NA,NA,NA,NA,NA
263,0.062550612,0.012254252,2019,5,State,All,Age,state,99,Punjab,30 to 45,NA,NA,NA,NA,NA
264,0.032331441,0.003191751,2019,5,State,All,Age,state,99,Punjab,46 to 64,NA,NA,NA,NA,NA
265,0.036753967,0.005123563,2019,5,State,All,Age,state,99,Punjab,65+,NA,NA,NA,NA,NA
266,0,0,2019,5,State,All,Age,state,99,Punjab,NA,NA,NA,NA,NA,NA
267,0.31608808,0.085065544,2019,5,State,All,Age,state,99,Rajasthan,15 to 29,NA,NA,NA,NA,NA
268,0.185859129,0.052077632,2019,5,State,All,Age,state,99,Rajasthan,30 to 45,NA,NA,NA,NA,NA
269,0.137266546,0.023080826,2019,5,State,All,Age,state,99,Rajasthan,46 to 64,NA,NA,NA,NA,NA
270,0.144827068,0.020755827,2019,5,State,All,Age,state,99,Rajasthan,65+,NA,NA,NA,NA,NA
271,0.079785891,0.079785891,2019,5,State,All,Age,state,99,Rajasthan,NA,NA,NA,NA,NA,NA
272,0.044898294,0.005945021,2019,5,State,All,Age,state,99,Sikkim,15 to 29,NA,NA,NA,NA,NA
273,0.034646533,0.007145837,2019,5,State,All,Age,state,99,Sikkim,30 to 45,NA,NA,NA,NA,NA
274,0.028688023,0.003293232,2019,5,State,All,Age,state,99,Sikkim,46 to 64,NA,NA,NA,NA,NA
275,0.058294214,0.001955029,2019,5,State,All,Age,state,99,Sikkim,65+,NA,NA,NA,NA,NA
276,0,0,2019,5,State,All,Age,state,99,Sikkim,NA,NA,NA,NA,NA,NA
277,0.055058368,0.006431352,2019,5,State,All,Age,state,99,Tamil Nadu,15 to 29,NA,NA,NA,NA,NA
278,0.033324029,0.003239459,2019,5,State,All,Age,state,99,Tamil Nadu,30 to 45,NA,NA,NA,NA,NA
279,0.030806042,0.001640028,2019,5,State,All,Age,state,99,Tamil Nadu,46 to 64,NA,NA,NA,NA,NA
280,0.065922454,0.000588172,2019,5,State,All,Age,state,99,Tamil Nadu,65+,NA,NA,NA,NA,NA
281,0,0,2019,5,State,All,Age,state,99,Tamil Nadu,NA,NA,NA,NA,NA,NA
282,0.117887817,0.018423915,2019,5,State,All,Age,state,99,Telangana,15 to 29,NA,NA,NA,NA,NA
283,0.069838993,0.011485807,2019,5,State,All,Age,state,99,Telangana,30 to 45,NA,NA,NA,NA,NA
284,0.049953118,0.004637388,2019,5,State,All,Age,state,99,Telangana,46 to 64,NA,NA,NA,NA,NA
285,0.087496355,0.004137019,2019,5,State,All,Age,state,99,Telangana,65+,NA,NA,NA,NA,NA
286,0.067501761,0,2019,5,State,All,Age,state,99,Telangana,NA,NA,NA,NA,NA,NA
287,0.335492492,0.069600552,2019,5,State,All,Age,state,99,Tripura,15 to 29,NA,NA,NA,NA,NA
288,0.166441411,0.038664274,2019,5,State,All,Age,state,99,Tripura,30 to 45,NA,NA,NA,NA,NA
289,0.128681287,0.017472008,2019,5,State,All,Age,state,99,Tripura,46 to 64,NA,NA,NA,NA,NA
290,0.140260696,0.015758662,2019,5,State,All,Age,state,99,Tripura,65+,NA,NA,NA,NA,NA
291,0.599091411,0.105838209,2019,5,State,All,Age,state,99,Tripura,NA,NA,NA,NA,NA,NA
292,0.402399272,0.128589809,2019,5,State,All,Age,state,99,Uttar Pradesh,15 to 29,NA,NA,NA,NA,NA
293,0.273961157,0.09775354,2019,5,State,All,Age,state,99,Uttar Pradesh,30 to 45,NA,NA,NA,NA,NA
294,0.186212584,0.040740199,2019,5,State,All,Age,state,99,Uttar Pradesh,46 to 64,NA,NA,NA,NA,NA
295,0.176353529,0.035603717,2019,5,State,All,Age,state,99,Uttar Pradesh,65+,NA,NA,NA,NA,NA
296,0.293129593,0.08209645,2019,5,State,All,Age,state,99,Uttar Pradesh,NA,NA,NA,NA,NA,NA
297,0.20807679,0.033233784,2019,5,State,All,Age,state,99,Uttarakhand,15 to 29,NA,NA,NA,NA,NA
298,0.127899066,0.02718335,2019,5,State,All,Age,state,99,Uttarakhand,30 to 45,NA,NA,NA,NA,NA
299,0.070149533,0.006593496,2019,5,State,All,Age,state,99,Uttarakhand,46 to 64,NA,NA,NA,NA,NA
300,0.07629104,0.006499944,2019,5,State,All,Age,state,99,Uttarakhand,65+,NA,NA,NA,NA,NA
301,0.44538641,0,2019,5,State,All,Age,state,99,Uttarakhand,NA,NA,NA,NA,NA,NA
302,0.303906649,0.07432951,2019,5,State,All,Age,state,99,West Bengal,15 to 29,NA,NA,NA,NA,NA
303,0.166157588,0.034885809,2019,5,State,All,Age,state,99,West Bengal,30 to 45,NA,NA,NA,NA,NA
304,0.124023482,0.017835146,2019,5,State,All,Age,state,99,West Bengal,46 to 64,NA,NA,NA,NA,NA
305,0.120546408,0.016823402,2019,5,State,All,Age,state,99,West Bengal,65+,NA,NA,NA,NA,NA
306,0.245639235,0,2019,5,State,All,Age,state,99,West Bengal,NA,NA,NA,NA,NA,NA
307,0.091867931,0,2019,5,State,urban/rural,Age,statesector,0,Andaman & Nicobar Islands,15 to 29,NA,NA,NA,NA,NA
308,0.046004646,0.005036256,2019,5,State,urban/rural,Age,statesector,0,Andaman & Nicobar Islands,30 to 45,NA,NA,NA,NA,NA
309,0.046713654,0.00860596,2019,5,State,urban/rural,Age,statesector,0,Andaman & Nicobar Islands,46 to 64,NA,NA,NA,NA,NA
310,0.060414229,0.009540683,2019,5,State,urban/rural,Age,statesector,0,Andaman & Nicobar Islands,65+,NA,NA,NA,NA,NA
311,0,0,2019,5,State,urban/rural,Age,statesector,0,Andaman & Nicobar Islands,NA,NA,NA,NA,NA,NA
312,0.089451604,0,2019,5,State,urban/rural,Age,statesector,1,Andaman & Nicobar Islands,15 to 29,NA,NA,NA,NA,NA
313,0.010334472,0,2019,5,State,urban/rural,Age,statesector,1,Andaman & Nicobar Islands,30 to 45,NA,NA,NA,NA,NA
314,0.009607678,0,2019,5,State,urban/rural,Age,statesector,1,Andaman & Nicobar Islands,46 to 64,NA,NA,NA,NA,NA
315,0,0,2019,5,State,urban/rural,Age,statesector,1,Andaman & Nicobar Islands,65+,NA,NA,NA,NA,NA
316,0.144064039,0.01729681,2019,5,State,urban/rural,Age,statesector,0,Andhra Pradesh,15 to 29,NA,NA,NA,NA,NA
317,0.087541439,0.015006904,2019,5,State,urban/rural,Age,statesector,0,Andhra Pradesh,30 to 45,NA,NA,NA,NA,NA
318,0.086763002,0.013138412,2019,5,State,urban/rural,Age,statesector,0,Andhra Pradesh,46 to 64,NA,NA,NA,NA,NA
319,0.11137829,0.007623886,2019,5,State,urban/rural,Age,statesector,0,Andhra Pradesh,65+,NA,NA,NA,NA,NA
320,0,0,2019,5,State,urban/rural,Age,statesector,0,Andhra Pradesh,NA,NA,NA,NA,NA,NA
321,0.082559898,0,2019,5,State,urban/rural,Age,statesector,1,Andhra Pradesh,15 to 29,NA,NA,NA,NA,NA
322,0.02550883,0.002584904,2019,5,State,urban/rural,Age,statesector,1,Andhra Pradesh,30 to 45,NA,NA,NA,NA,NA
323,0.018442512,0.000263437,2019,5,State,urban/rural,Age,statesector,1,Andhra Pradesh,46 to 64,NA,NA,NA,NA,NA
324,0.016837353,0,2019,5,State,urban/rural,Age,statesector,1,Andhra Pradesh,65+,NA,NA,NA,NA,NA
325,0.171369761,0.050899949,2019,5,State,urban/rural,Age,statesector,0,Arunachal Pradesh,15 to 29,NA,NA,NA,NA,NA
326,0.144989148,0.039732937,2019,5,State,urban/rural,Age,statesector,0,Arunachal Pradesh,30 to 45,NA,NA,NA,NA,NA
327,0.131730378,0.01750901,2019,5,State,urban/rural,Age,statesector,0,Arunachal Pradesh,46 to 64,NA,NA,NA,NA,NA
328,0.200558111,0.029565852,2019,5,State,urban/rural,Age,statesector,0,Arunachal Pradesh,65+,NA,NA,NA,NA,NA
329,0.329914302,0,2019,5,State,urban/rural,Age,statesector,0,Arunachal Pradesh,NA,NA,NA,NA,NA,NA
330,0.075675711,0.012657573,2019,5,State,urban/rural,Age,statesector,1,Arunachal Pradesh,15 to 29,NA,NA,NA,NA,NA
331,0.048251625,0.013324908,2019,5,State,urban/rural,Age,statesector,1,Arunachal Pradesh,30 to 45,NA,NA,NA,NA,NA
332,0.035115529,0.004978439,2019,5,State,urban/rural,Age,statesector,1,Arunachal Pradesh,46 to 64,NA,NA,NA,NA,NA
333,0.016561927,0.006023659,2019,5,State,urban/rural,Age,statesector,1,Arunachal Pradesh,65+,NA,NA,NA,NA,NA
334,0,0,2019,5,State,urban/rural,Age,statesector,1,Arunachal Pradesh,NA,NA,NA,NA,NA,NA
335,0.374206632,0.101761803,2019,5,State,urban/rural,Age,statesector,0,Assam,15 to 29,NA,NA,NA,NA,NA
336,0.278455138,0.085332975,2019,5,State,urban/rural,Age,statesector,0,Assam,30 to 45,NA,NA,NA,NA,NA
337,0.192852944,0.042134099,2019,5,State,urban/rural,Age,statesector,0,Assam,46 to 64,NA,NA,NA,NA,NA
338,0.171045274,0.026614472,2019,5,State,urban/rural,Age,statesector,0,Assam,65+,NA,NA,NA,NA,NA
339,0,0,2019,5,State,urban/rural,Age,statesector,0,Assam,NA,NA,NA,NA,NA,NA
340,0.260026962,0.101782322,2019,5,State,urban/rural,Age,statesector,1,Assam,15 to 29,NA,NA,NA,NA,NA
341,0.104720756,0.014744279,2019,5,State,urban/rural,Age,statesector,1,Assam,30 to 45,NA,NA,NA,NA,NA
342,0.052447345,0.006471237,2019,5,State,urban/rural,Age,statesector,1,Assam,46 to 64,NA,NA,NA,NA,NA
343,0.039334837,0.000605889,2019,5,State,urban/rural,Age,statesector,1,Assam,65+,NA,NA,NA,NA,NA
344,0.602537811,0.286272794,2019,5,State,urban/rural,Age,statesector,0,Bihar,15 to 29,NA,NA,NA,NA,NA
345,0.404747427,0.180132836,2019,5,State,urban/rural,Age,statesector,0,Bihar,30 to 45,NA,NA,NA,NA,NA
346,0.315817744,0.098035425,2019,5,State,urban/rural,Age,statesector,0,Bihar,46 to 64,NA,NA,NA,NA,NA
347,0.327923745,0.086123295,2019,5,State,urban/rural,Age,statesector,0,Bihar,65+,NA,NA,NA,NA,NA
348,0.552397966,0.111277394,2019,5,State,urban/rural,Age,statesector,0,Bihar,NA,NA,NA,NA,NA,NA
349,0.330040395,0.135580018,2019,5,State,urban/rural,Age,statesector,1,Bihar,15 to 29,NA,NA,NA,NA,NA
350,0.188410074,0.063562758,2019,5,State,urban/rural,Age,statesector,1,Bihar,30 to 45,NA,NA,NA,NA,NA
351,0.122230798,0.034933135,2019,5,State,urban/rural,Age,statesector,1,Bihar,46 to 64,NA,NA,NA,NA,NA
352,0.13425988,0.027775334,2019,5,State,urban/rural,Age,statesector,1,Bihar,65+,NA,NA,NA,NA,NA
353,0,0,2019,5,State,urban/rural,Age,statesector,1,Bihar,NA,NA,NA,NA,NA,NA
354,0.444444448,0,2019,5,State,urban/rural,Age,statesector,0,Chandigarh,15 to 29,NA,NA,NA,NA,NA
355,0,0,2019,5,State,urban/rural,Age,statesector,0,Chandigarh,30 to 45,NA,NA,NA,NA,NA
356,0,0,2019,5,State,urban/rural,Age,statesector,0,Chandigarh,46 to 64,NA,NA,NA,NA,NA
357,0,0,2019,5,State,urban/rural,Age,statesector,0,Chandigarh,65+,NA,NA,NA,NA,NA
358,0.218348414,0.056795854,2019,5,State,urban/rural,Age,statesector,1,Chandigarh,15 to 29,NA,NA,NA,NA,NA
359,0.057341229,0.007384511,2019,5,State,urban/rural,Age,statesector,1,Chandigarh,30 to 45,NA,NA,NA,NA,NA
360,0.026456531,0.018515043,2019,5,State,urban/rural,Age,statesector,1,Chandigarh,46 to 64,NA,NA,NA,NA,NA
361,0,0,2019,5,State,urban/rural,Age,statesector,1,Chandigarh,65+,NA,NA,NA,NA,NA
362,0.323287278,0.091570288,2019,5,State,urban/rural,Age,statesector,0,Chhattisgarh,15 to 29,NA,NA,NA,NA,NA
363,0.224149436,0.061504617,2019,5,State,urban/rural,Age,statesector,0,Chhattisgarh,30 to 45,NA,NA,NA,NA,NA
364,0.191459045,0.029891945,2019,5,State,urban/rural,Age,statesector,0,Chhattisgarh,46 to 64,NA,NA,NA,NA,NA
365,0.209268317,0.029023655,2019,5,State,urban/rural,Age,statesector,0,Chhattisgarh,65+,NA,NA,NA,NA,NA
366,0.173734233,0,2019,5,State,urban/rural,Age,statesector,0,Chhattisgarh,NA,NA,NA,NA,NA,NA
367,0.170207724,0.04261924,2019,5,State,urban/rural,Age,statesector,1,Chhattisgarh,15 to 29,NA,NA,NA,NA,NA
368,0.049819406,0.010111927,2019,5,State,urban/rural,Age,statesector,1,Chhattisgarh,30 to 45,NA,NA,NA,NA,NA
369,0.038578302,0.002965452,2019,5,State,urban/rural,Age,statesector,1,Chhattisgarh,46 to 64,NA,NA,NA,NA,NA
370,0.048932672,0.002542952,2019,5,State,urban/rural,Age,statesector,1,Chhattisgarh,65+,NA,NA,NA,NA,NA
371,0,0,2019,5,State,urban/rural,Age,statesector,1,Chhattisgarh,NA,NA,NA,NA,NA,NA
372,0.190959841,0.037298258,2019,5,State,urban/rural,Age,statesector,0,Dadra & Nagar Haveli and Daman & Diu,15 to 29,NA,NA,NA,NA,NA
373,0.167830899,0.02521925,2019,5,State,urban/rural,Age,statesector,0,Dadra & Nagar Haveli and Daman & Diu,30 to 45,NA,NA,NA,NA,NA
374,0.249727502,0.04446185,2019,5,State,urban/rural,Age,statesector,0,Dadra & Nagar Haveli and Daman & Diu,46 to 64,NA,NA,NA,NA,NA
375,0.375421911,0.024267573,2019,5,State,urban/rural,Age,statesector,0,Dadra & Nagar Haveli and Daman & Diu,65+,NA,NA,NA,NA,NA
376,0,0,2019,5,State,urban/rural,Age,statesector,0,Dadra & Nagar Haveli and Daman & Diu,NA,NA,NA,NA,NA,NA
377,0.06310682,0,2019,5,State,urban/rural,Age,statesector,1,Dadra & Nagar Haveli and Daman & Diu,15 to 29,NA,NA,NA,NA,NA
378,0.068526678,0.02622674,2019,5,State,urban/rural,Age,statesector,1,Dadra & Nagar Haveli and Daman & Diu,30 to 45,NA,NA,NA,NA,NA
379,0.02235336,0.003237702,2019,5,State,urban/rural,Age,statesector,1,Dadra & Nagar Haveli and Daman & Diu,46 to 64,NA,NA,NA,NA,NA
380,0.011472695,0,2019,5,State,urban/rural,Age,statesector,1,Dadra & Nagar Haveli and Daman & Diu,65+,NA,NA,NA,NA,NA
381,0,0,2019,5,State,urban/rural,Age,statesector,1,Dadra & Nagar Haveli and Daman & Diu,NA,NA,NA,NA,NA,NA
382,0.038910247,0,2019,5,State,urban/rural,Age,statesector,0,Delhi,15 to 29,NA,NA,NA,NA,NA
383,0.072083674,0.02686155,2019,5,State,urban/rural,Age,statesector,0,Delhi,30 to 45,NA,NA,NA,NA,NA
384,0,0,2019,5,State,urban/rural,Age,statesector,0,Delhi,46 to 64,NA,NA,NA,NA,NA
385,0.003612526,0,2019,5,State,urban/rural,Age,statesector,0,Delhi,65+,NA,NA,NA,NA,NA
386,0.081166737,0.005695805,2019,5,State,urban/rural,Age,statesector,1,Delhi,15 to 29,NA,NA,NA,NA,NA
387,0.049702246,0.009009695,2019,5,State,urban/rural,Age,statesector,1,Delhi,30 to 45,NA,NA,NA,NA,NA
388,0.020772465,0.002583129,2019,5,State,urban/rural,Age,statesector,1,Delhi,46 to 64,NA,NA,NA,NA,NA
389,0.013082215,0,2019,5,State,urban/rural,Age,statesector,1,Delhi,65+,NA,NA,NA,NA,NA
390,0,0,2019,5,State,urban/rural,Age,statesector,1,Delhi,NA,NA,NA,NA,NA,NA
391,0.22988528,0,2019,5,State,urban/rural,Age,statesector,0,Goa,15 to 29,NA,NA,NA,NA,NA
392,0.062025059,0.018081868,2019,5,State,urban/rural,Age,statesector,0,Goa,30 to 45,NA,NA,NA,NA,NA
393,0.015644366,0,2019,5,State,urban/rural,Age,statesector,0,Goa,46 to 64,NA,NA,NA,NA,NA
394,0.018333456,0,2019,5,State,urban/rural,Age,statesector,0,Goa,65+,NA,NA,NA,NA,NA
395,0.018874951,0,2019,5,State,urban/rural,Age,statesector,1,Goa,15 to 29,NA,NA,NA,NA,NA
396,0.012212696,0,2019,5,State,urban/rural,Age,statesector,1,Goa,30 to 45,NA,NA,NA,NA,NA
397,0,0,2019,5,State,urban/rural,Age,statesector,1,Goa,46 to 64,NA,NA,NA,NA,NA
398,0,0,2019,5,State,urban/rural,Age,statesector,1,Goa,65+,NA,NA,NA,NA,NA
399,0,0,2019,5,State,urban/rural,Age,statesector,1,Goa,NA,NA,NA,NA,NA,NA
400,0.33783561,0.098186567,2019,5,State,urban/rural,Age,statesector,0,Gujarat,15 to 29,NA,NA,NA,NA,NA
401,0.232673943,0.060038369,2019,5,State,urban/rural,Age,statesector,0,Gujarat,30 to 45,NA,NA,NA,NA,NA
402,0.193985447,0.034769032,2019,5,State,urban/rural,Age,statesector,0,Gujarat,46 to 64,NA,NA,NA,NA,NA
403,0.182394207,0.026237901,2019,5,State,urban/rural,Age,statesector,0,Gujarat,65+,NA,NA,NA,NA,NA
404,0.190802008,0,2019,5,State,urban/rural,Age,statesector,0,Gujarat,NA,NA,NA,NA,NA,NA
405,0.140033722,0.019953674,2019,5,State,urban/rural,Age,statesector,1,Gujarat,15 to 29,NA,NA,NA,NA,NA
406,0.060016289,0.009999207,2019,5,State,urban/rural,Age,statesector,1,Gujarat,30 to 45,NA,NA,NA,NA,NA
407,0.029652348,0.005749205,2019,5,State,urban/rural,Age,statesector,1,Gujarat,46 to 64,NA,NA,NA,NA,NA
408,0.022849083,0.002597526,2019,5,State,urban/rural,Age,statesector,1,Gujarat,65+,NA,NA,NA,NA,NA
409,0,0,2019,5,State,urban/rural,Age,statesector,1,Gujarat,NA,NA,NA,NA,NA,NA
410,0.217851117,0.077895015,2019,5,State,urban/rural,Age,statesector,0,Haryana,15 to 29,NA,NA,NA,NA,NA
411,0.107843466,0.030624628,2019,5,State,urban/rural,Age,statesector,0,Haryana,30 to 45,NA,NA,NA,NA,NA
412,0.065473542,0.007797375,2019,5,State,urban/rural,Age,statesector,0,Haryana,46 to 64,NA,NA,NA,NA,NA
413,0.062528625,0.012534901,2019,5,State,urban/rural,Age,statesector,0,Haryana,65+,NA,NA,NA,NA,NA
414,0.166271716,0,2019,5,State,urban/rural,Age,statesector,0,Haryana,NA,NA,NA,NA,NA,NA
415,0.193979681,0.045396063,2019,5,State,urban/rural,Age,statesector,1,Haryana,15 to 29,NA,NA,NA,NA,NA
416,0.05356098,0.014991677,2019,5,State,urban/rural,Age,statesector,1,Haryana,30 to 45,NA,NA,NA,NA,NA
417,0.02196515,0.001430673,2019,5,State,urban/rural,Age,statesector,1,Haryana,46 to 64,NA,NA,NA,NA,NA
418,0.02887499,0.00274301,2019,5,State,urban/rural,Age,statesector,1,Haryana,65+,NA,NA,NA,NA,NA
419,0,0,2019,5,State,urban/rural,Age,statesector,1,Haryana,NA,NA,NA,NA,NA,NA
420,0.190210417,0.048123792,2019,5,State,urban/rural,Age,statesector,0,Himachal Pradesh,15 to 29,NA,NA,NA,NA,NA
421,0.06808199,0.007723361,2019,5,State,urban/rural,Age,statesector,0,Himachal Pradesh,30 to 45,NA,NA,NA,NA,NA
422,0.044568788,0.002743384,2019,5,State,urban/rural,Age,statesector,0,Himachal Pradesh,46 to 64,NA,NA,NA,NA,NA
423,0.055699736,0.004909795,2019,5,State,urban/rural,Age,statesector,0,Himachal Pradesh,65+,NA,NA,NA,NA,NA
424,0.038529612,0,2019,5,State,urban/rural,Age,statesector,0,Himachal Pradesh,NA,NA,NA,NA,NA,NA
425,0.092880674,0.036701057,2019,5,State,urban/rural,Age,statesector,1,Himachal Pradesh,15 to 29,NA,NA,NA,NA,NA
426,0.03658434,0.025093874,2019,5,State,urban/rural,Age,statesector,1,Himachal Pradesh,30 to 45,NA,NA,NA,NA,NA
427,0.012379038,0,2019,5,State,urban/rural,Age,statesector,1,Himachal Pradesh,46 to 64,NA,NA,NA,NA,NA
428,0.006316658,0,2019,5,State,urban/rural,Age,statesector,1,Himachal Pradesh,65+,NA,NA,NA,NA,NA
429,0.152587444,0.03572889,2019,5,State,urban/rural,Age,statesector,0,Jammu & Kashmir,15 to 29,NA,NA,NA,NA,NA
430,0.098286487,0.017917702,2019,5,State,urban/rural,Age,statesector,0,Jammu & Kashmir,30 to 45,NA,NA,NA,NA,NA
431,0.057470471,0.008543462,2019,5,State,urban/rural,Age,statesector,0,Jammu & Kashmir,46 to 64,NA,NA,NA,NA,NA
432,0.06755475,0.006823461,2019,5,State,urban/rural,Age,statesector,0,Jammu & Kashmir,65+,NA,NA,NA,NA,NA
433,0,0,2019,5,State,urban/rural,Age,statesector,0,Jammu & Kashmir,NA,NA,NA,NA,NA,NA
434,0.054895468,0.006896804,2019,5,State,urban/rural,Age,statesector,1,Jammu & Kashmir,15 to 29,NA,NA,NA,NA,NA
435,0.027812848,0.002595464,2019,5,State,urban/rural,Age,statesector,1,Jammu & Kashmir,30 to 45,NA,NA,NA,NA,NA
436,0.003966834,0,2019,5,State,urban/rural,Age,statesector,1,Jammu & Kashmir,46 to 64,NA,NA,NA,NA,NA
437,0.013794014,0,2019,5,State,urban/rural,Age,statesector,1,Jammu & Kashmir,65+,NA,NA,NA,NA,NA
438,0.531247735,0.197715774,2019,5,State,urban/rural,Age,statesector,0,Jharkhand,15 to 29,NA,NA,NA,NA,NA
439,0.395199269,0.144865498,2019,5,State,urban/rural,Age,statesector,0,Jharkhand,30 to 45,NA,NA,NA,NA,NA
440,0.320511639,0.074712224,2019,5,State,urban/rural,Age,statesector,0,Jharkhand,46 to 64,NA,NA,NA,NA,NA
441,0.335952014,0.062569082,2019,5,State,urban/rural,Age,statesector,0,Jharkhand,65+,NA,NA,NA,NA,NA
442,0.216434628,0.216434628,2019,5,State,urban/rural,Age,statesector,0,Jharkhand,NA,NA,NA,NA,NA,NA
443,0.161364272,0.055161502,2019,5,State,urban/rural,Age,statesector,1,Jharkhand,15 to 29,NA,NA,NA,NA,NA
444,0.100819655,0.027173936,2019,5,State,urban/rural,Age,statesector,1,Jharkhand,30 to 45,NA,NA,NA,NA,NA
445,0.067415118,0.00875101,2019,5,State,urban/rural,Age,statesector,1,Jharkhand,46 to 64,NA,NA,NA,NA,NA
446,0.073575772,0.009762504,2019,5,State,urban/rural,Age,statesector,1,Jharkhand,65+,NA,NA,NA,NA,NA
447,0,0,2019,5,State,urban/rural,Age,statesector,1,Jharkhand,NA,NA,NA,NA,NA,NA
448,0.192464888,0.059493251,2019,5,State,urban/rural,Age,statesector,0,Karnataka,15 to 29,NA,NA,NA,NA,NA
449,0.130389109,0.024386672,2019,5,State,urban/rural,Age,statesector,0,Karnataka,30 to 45,NA,NA,NA,NA,NA
450,0.102682896,0.013042872,2019,5,State,urban/rural,Age,statesector,0,Karnataka,46 to 64,NA,NA,NA,NA,NA
451,0.121847287,0.016405758,2019,5,State,urban/rural,Age,statesector,0,Karnataka,65+,NA,NA,NA,NA,NA
452,0.140080631,0,2019,5,State,urban/rural,Age,statesector,0,Karnataka,NA,NA,NA,NA,NA,NA
453,0.062807038,0.031537134,2019,5,State,urban/rural,Age,statesector,1,Karnataka,15 to 29,NA,NA,NA,NA,NA
454,0.036553252,0.005287326,2019,5,State,urban/rural,Age,statesector,1,Karnataka,30 to 45,NA,NA,NA,NA,NA
455,0.028216315,0.000590699,2019,5,State,urban/rural,Age,statesector,1,Karnataka,46 to 64,NA,NA,NA,NA,NA
456,0.025328936,0.001028259,2019,5,State,urban/rural,Age,statesector,1,Karnataka,65+,NA,NA,NA,NA,NA
457,0.064080931,0,2019,5,State,urban/rural,Age,statesector,1,Karnataka,NA,NA,NA,NA,NA,NA
458,0.078228258,0,2019,5,State,urban/rural,Age,statesector,0,Kerala,15 to 29,NA,NA,NA,NA,NA
459,0.016805742,0.00073431,2019,5,State,urban/rural,Age,statesector,0,Kerala,30 to 45,NA,NA,NA,NA,NA
460,0.008638729,0.000462781,2019,5,State,urban/rural,Age,statesector,0,Kerala,46 to 64,NA,NA,NA,NA,NA
461,0.013423117,0.000689188,2019,5,State,urban/rural,Age,statesector,0,Kerala,65+,NA,NA,NA,NA,NA
462,0,0,2019,5,State,urban/rural,Age,statesector,0,Kerala,NA,NA,NA,NA,NA,NA
463,0.012889992,0,2019,5,State,urban/rural,Age,statesector,1,Kerala,15 to 29,NA,NA,NA,NA,NA
464,0.006976387,0,2019,5,State,urban/rural,Age,statesector,1,Kerala,30 to 45,NA,NA,NA,NA,NA
465,0.003193551,0,2019,5,State,urban/rural,Age,statesector,1,Kerala,46 to 64,NA,NA,NA,NA,NA
466,0.003154197,0,2019,5,State,urban/rural,Age,statesector,1,Kerala,65+,NA,NA,NA,NA,NA
467,0.044408176,0,2019,5,State,urban/rural,Age,statesector,0,Ladakh,15 to 29,NA,NA,NA,NA,NA
468,0.107685842,0.021687089,2019,5,State,urban/rural,Age,statesector,0,Ladakh,30 to 45,NA,NA,NA,NA,NA
469,0.040137693,0,2019,5,State,urban/rural,Age,statesector,0,Ladakh,46 to 64,NA,NA,NA,NA,NA
470,0.125227973,0.008722155,2019,5,State,urban/rural,Age,statesector,0,Ladakh,65+,NA,NA,NA,NA,NA
471,0,0,2019,5,State,urban/rural,Age,statesector,0,Ladakh,NA,NA,NA,NA,NA,NA
472,0,0,2019,5,State,urban/rural,Age,statesector,1,Ladakh,15 to 29,NA,NA,NA,NA,NA
473,0.022004293,0.010091162,2019,5,State,urban/rural,Age,statesector,1,Ladakh,30 to 45,NA,NA,NA,NA,NA
474,0.016577534,0,2019,5,State,urban/rural,Age,statesector,1,Ladakh,46 to 64,NA,NA,NA,NA,NA
475,0,0,2019,5,State,urban/rural,Age,statesector,1,Ladakh,65+,NA,NA,NA,NA,NA
476,0.187248513,0,2019,5,State,urban/rural,Age,statesector,0,Lakshadweep,15 to 29,NA,NA,NA,NA,NA
477,0,0,2019,5,State,urban/rural,Age,statesector,0,Lakshadweep,30 to 45,NA,NA,NA,NA,NA
478,0.014407021,0,2019,5,State,urban/rural,Age,statesector,0,Lakshadweep,46 to 64,NA,NA,NA,NA,NA
479,0,0,2019,5,State,urban/rural,Age,statesector,0,Lakshadweep,65+,NA,NA,NA,NA,NA
480,0,0,2019,5,State,urban/rural,Age,statesector,1,Lakshadweep,15 to 29,NA,NA,NA,NA,NA
481,0.003210253,0,2019,5,State,urban/rural,Age,statesector,1,Lakshadweep,30 to 45,NA,NA,NA,NA,NA
482,0.011374932,0,2019,5,State,urban/rural,Age,statesector,1,Lakshadweep,46 to 64,NA,NA,NA,NA,NA
483,0.005180054,0,2019,5,State,urban/rural,Age,statesector,1,Lakshadweep,65+,NA,NA,NA,NA,NA
484,0,0,2019,5,State,urban/rural,Age,statesector,1,Lakshadweep,NA,NA,NA,NA,NA,NA
485,0.47609508,0.124747448,2019,5,State,urban/rural,Age,statesector,0,Madhya Pradesh,15 to 29,NA,NA,NA,NA,NA
486,0.299908608,0.085701779,2019,5,State,urban/rural,Age,statesector,0,Madhya Pradesh,30 to 45,NA,NA,NA,NA,NA
487,0.265022337,0.052682456,2019,5,State,urban/rural,Age,statesector,0,Madhya Pradesh,46 to 64,NA,NA,NA,NA,NA
488,0.279309124,0.040166482,2019,5,State,urban/rural,Age,statesector,0,Madhya Pradesh,65+,NA,NA,NA,NA,NA
489,0.27035287,0.137204617,2019,5,State,urban/rural,Age,statesector,0,Madhya Pradesh,NA,NA,NA,NA,NA,NA
490,0.183923811,0.045439705,2019,5,State,urban/rural,Age,statesector,1,Madhya Pradesh,15 to 29,NA,NA,NA,NA,NA
491,0.08563371,0.018498944,2019,5,State,urban/rural,Age,statesector,1,Madhya Pradesh,30 to 45,NA,NA,NA,NA,NA
492,0.060466085,0.010002362,2019,5,State,urban/rural,Age,statesector,1,Madhya Pradesh,46 to 64,NA,NA,NA,NA,NA
493,0.062879182,0.002835667,2019,5,State,urban/rural,Age,statesector,1,Madhya Pradesh,65+,NA,NA,NA,NA,NA
494,0.142777294,0.142777294,2019,5,State,urban/rural,Age,statesector,1,Madhya Pradesh,NA,NA,NA,NA,NA,NA
495,0.221277207,0.059814699,2019,5,State,urban/rural,Age,statesector,0,Maharashtra,15 to 29,NA,NA,NA,NA,NA
496,0.146807343,0.033727098,2019,5,State,urban/rural,Age,statesector,0,Maharashtra,30 to 45,NA,NA,NA,NA,NA
497,0.112104796,0.013743119,2019,5,State,urban/rural,Age,statesector,0,Maharashtra,46 to 64,NA,NA,NA,NA,NA
498,0.136096537,0.013283599,2019,5,State,urban/rural,Age,statesector,0,Maharashtra,65+,NA,NA,NA,NA,NA
499,0.131644174,0.080143377,2019,5,State,urban/rural,Age,statesector,0,Maharashtra,NA,NA,NA,NA,NA,NA
500,0.038850468,0,2019,5,State,urban/rural,Age,statesector,1,Maharashtra,15 to 29,NA,NA,NA,NA,NA
501,0.048358764,0.0027937,2019,5,State,urban/rural,Age,statesector,1,Maharashtra,30 to 45,NA,NA,NA,NA,NA
502,0.024158588,0.004529091,2019,5,State,urban/rural,Age,statesector,1,Maharashtra,46 to 64,NA,NA,NA,NA,NA
503,0.027100578,0.002474625,2019,5,State,urban/rural,Age,statesector,1,Maharashtra,65+,NA,NA,NA,NA,NA
504,0,0,2019,5,State,urban/rural,Age,statesector,1,Maharashtra,NA,NA,NA,NA,NA,NA
505,0.289896756,0.048654635,2019,5,State,urban/rural,Age,statesector,0,Manipur,15 to 29,NA,NA,NA,NA,NA
506,0.15777941,0.030814443,2019,5,State,urban/rural,Age,statesector,0,Manipur,30 to 45,NA,NA,NA,NA,NA
507,0.102527238,0.012560867,2019,5,State,urban/rural,Age,statesector,0,Manipur,46 to 64,NA,NA,NA,NA,NA
508,0.093355976,0.006360088,2019,5,State,urban/rural,Age,statesector,0,Manipur,65+,NA,NA,NA,NA,NA
509,0,0,2019,5,State,urban/rural,Age,statesector,0,Manipur,NA,NA,NA,NA,NA,NA
510,0.141253546,0.027758503,2019,5,State,urban/rural,Age,statesector,1,Manipur,15 to 29,NA,NA,NA,NA,NA
511,0.061739132,0.009767447,2019,5,State,urban/rural,Age,statesector,1,Manipur,30 to 45,NA,NA,NA,NA,NA
512,0.035555631,0.001060802,2019,5,State,urban/rural,Age,statesector,1,Manipur,46 to 64,NA,NA,NA,NA,NA
513,0.02672622,0.002339889,2019,5,State,urban/rural,Age,statesector,1,Manipur,65+,NA,NA,NA,NA,NA
514,0.516291261,0.200367078,2019,5,State,urban/rural,Age,statesector,0,Meghalaya,15 to 29,NA,NA,NA,NA,NA
515,0.359143138,0.162112147,2019,5,State,urban/rural,Age,statesector,0,Meghalaya,30 to 45,NA,NA,NA,NA,NA
516,0.202303216,0.051410474,2019,5,State,urban/rural,Age,statesector,0,Meghalaya,46 to 64,NA,NA,NA,NA,NA
517,0.261789083,0.082557268,2019,5,State,urban/rural,Age,statesector,0,Meghalaya,65+,NA,NA,NA,NA,NA
518,1,0.050673429,2019,5,State,urban/rural,Age,statesector,0,Meghalaya,NA,NA,NA,NA,NA,NA
519,0.237332091,0.051116165,2019,5,State,urban/rural,Age,statesector,1,Meghalaya,15 to 29,NA,NA,NA,NA,NA
520,0.10395316,0.049054965,2019,5,State,urban/rural,Age,statesector,1,Meghalaya,30 to 45,NA,NA,NA,NA,NA
521,0.031863499,0.004307593,2019,5,State,urban/rural,Age,statesector,1,Meghalaya,46 to 64,NA,NA,NA,NA,NA
522,0.032037113,0.006696864,2019,5,State,urban/rural,Age,statesector,1,Meghalaya,65+,NA,NA,NA,NA,NA
523,0,0,2019,5,State,urban/rural,Age,statesector,1,Meghalaya,NA,NA,NA,NA,NA,NA
524,0.290140837,0.078206412,2019,5,State,urban/rural,Age,statesector,0,Mizoram,15 to 29,NA,NA,NA,NA,NA
525,0.157750934,0.064505681,2019,5,State,urban/rural,Age,statesector,0,Mizoram,30 to 45,NA,NA,NA,NA,NA
526,0.082668103,0.020885002,2019,5,State,urban/rural,Age,statesector,0,Mizoram,46 to 64,NA,NA,NA,NA,NA
527,0.050933711,0.010369875,2019,5,State,urban/rural,Age,statesector,0,Mizoram,65+,NA,NA,NA,NA,NA
528,0,0,2019,5,State,urban/rural,Age,statesector,0,Mizoram,NA,NA,NA,NA,NA,NA
529,0.02581434,0,2019,5,State,urban/rural,Age,statesector,1,Mizoram,15 to 29,NA,NA,NA,NA,NA
530,0.011234475,0.001466384,2019,5,State,urban/rural,Age,statesector,1,Mizoram,30 to 45,NA,NA,NA,NA,NA
531,0.003393104,0.000545863,2019,5,State,urban/rural,Age,statesector,1,Mizoram,46 to 64,NA,NA,NA,NA,NA
532,0.009464726,0,2019,5,State,urban/rural,Age,statesector,1,Mizoram,65+,NA,NA,NA,NA,NA
533,0,0,2019,5,State,urban/rural,Age,statesector,1,Mizoram,NA,NA,NA,NA,NA,NA
534,0.295767546,0.081193909,2019,5,State,urban/rural,Age,statesector,0,Nagaland,15 to 29,NA,NA,NA,NA,NA
535,0.239564359,0.056772888,2019,5,State,urban/rural,Age,statesector,0,Nagaland,30 to 45,NA,NA,NA,NA,NA
536,0.187842995,0.025188051,2019,5,State,urban/rural,Age,statesector,0,Nagaland,46 to 64,NA,NA,NA,NA,NA
537,0.244017914,0.01732683,2019,5,State,urban/rural,Age,statesector,0,Nagaland,65+,NA,NA,NA,NA,NA
538,0.517568231,0.517568231,2019,5,State,urban/rural,Age,statesector,0,Nagaland,NA,NA,NA,NA,NA,NA
539,0.158490181,0.042388752,2019,5,State,urban/rural,Age,statesector,1,Nagaland,15 to 29,NA,NA,NA,NA,NA
540,0.08248888,0.007099395,2019,5,State,urban/rural,Age,statesector,1,Nagaland,30 to 45,NA,NA,NA,NA,NA
541,0.031404987,0.005645739,2019,5,State,urban/rural,Age,statesector,1,Nagaland,46 to 64,NA,NA,NA,NA,NA
542,0.060943577,0,2019,5,State,urban/rural,Age,statesector,1,Nagaland,65+,NA,NA,NA,NA,NA
543,0.4154751,0.149196982,2019,5,State,urban/rural,Age,statesector,0,Odisha,15 to 29,NA,NA,NA,NA,NA
544,0.267141551,0.080447912,2019,5,State,urban/rural,Age,statesector,0,Odisha,30 to 45,NA,NA,NA,NA,NA
545,0.195003688,0.036217876,2019,5,State,urban/rural,Age,statesector,0,Odisha,46 to 64,NA,NA,NA,NA,NA
546,0.192302883,0.029391972,2019,5,State,urban/rural,Age,statesector,0,Odisha,65+,NA,NA,NA,NA,NA
547,0.121044487,0.040500119,2019,5,State,urban/rural,Age,statesector,0,Odisha,NA,NA,NA,NA,NA,NA
548,0.227702454,0.090176627,2019,5,State,urban/rural,Age,statesector,1,Odisha,15 to 29,NA,NA,NA,NA,NA
549,0.076810643,0.01880775,2019,5,State,urban/rural,Age,statesector,1,Odisha,30 to 45,NA,NA,NA,NA,NA
550,0.059802897,0.010554404,2019,5,State,urban/rural,Age,statesector,1,Odisha,46 to 64,NA,NA,NA,NA,NA
551,0.044481464,0.005303797,2019,5,State,urban/rural,Age,statesector,1,Odisha,65+,NA,NA,NA,NA,NA
552,0,0,2019,5,State,urban/rural,Age,statesector,1,Odisha,NA,NA,NA,NA,NA,NA
553,0.047427386,0,2019,5,State,urban/rural,Age,statesector,0,Puducherry,15 to 29,NA,NA,NA,NA,NA
554,0.003735072,0,2019,5,State,urban/rural,Age,statesector,0,Puducherry,30 to 45,NA,NA,NA,NA,NA
555,0.009152176,0.00060322,2019,5,State,urban/rural,Age,statesector,0,Puducherry,46 to 64,NA,NA,NA,NA,NA
556,0.051645104,0.005038382,2019,5,State,urban/rural,Age,statesector,0,Puducherry,65+,NA,NA,NA,NA,NA
557,0.02925558,0.003058681,2019,5,State,urban/rural,Age,statesector,1,Puducherry,15 to 29,NA,NA,NA,NA,NA
558,0.022244297,0,2019,5,State,urban/rural,Age,statesector,1,Puducherry,30 to 45,NA,NA,NA,NA,NA
559,0.00748959,0,2019,5,State,urban/rural,Age,statesector,1,Puducherry,46 to 64,NA,NA,NA,NA,NA
560,0.010054148,0,2019,5,State,urban/rural,Age,statesector,1,Puducherry,65+,NA,NA,NA,NA,NA
561,0,0,2019,5,State,urban/rural,Age,statesector,1,Puducherry,NA,NA,NA,NA,NA,NA
562,0.193364233,0.023890553,2019,5,State,urban/rural,Age,statesector,0,Punjab,15 to 29,NA,NA,NA,NA,NA
563,0.060320381,0.011940646,2019,5,State,urban/rural,Age,statesector,0,Punjab,30 to 45,NA,NA,NA,NA,NA
564,0.031969298,0.002978389,2019,5,State,urban/rural,Age,statesector,0,Punjab,46 to 64,NA,NA,NA,NA,NA
565,0.044610113,0.006453752,2019,5,State,urban/rural,Age,statesector,0,Punjab,65+,NA,NA,NA,NA,NA
566,0,0,2019,5,State,urban/rural,Age,statesector,0,Punjab,NA,NA,NA,NA,NA,NA
567,0.188034028,0.038663961,2019,5,State,urban/rural,Age,statesector,1,Punjab,15 to 29,NA,NA,NA,NA,NA
568,0.066825755,0.012855404,2019,5,State,urban/rural,Age,statesector,1,Punjab,30 to 45,NA,NA,NA,NA,NA
569,0.032908473,0.00353172,2019,5,State,urban/rural,Age,statesector,1,Punjab,46 to 64,NA,NA,NA,NA,NA
570,0.022315798,0.002678916,2019,5,State,urban/rural,Age,statesector,1,Punjab,65+,NA,NA,NA,NA,NA
571,0,0,2019,5,State,urban/rural,Age,statesector,1,Punjab,NA,NA,NA,NA,NA,NA
572,0.36022377,0.095919214,2019,5,State,urban/rural,Age,statesector,0,Rajasthan,15 to 29,NA,NA,NA,NA,NA
573,0.22337769,0.063396342,2019,5,State,urban/rural,Age,statesector,0,Rajasthan,30 to 45,NA,NA,NA,NA,NA
574,0.171592951,0.02923945,2019,5,State,urban/rural,Age,statesector,0,Rajasthan,46 to 64,NA,NA,NA,NA,NA
575,0.183600828,0.026874149,2019,5,State,urban/rural,Age,statesector,0,Rajasthan,65+,NA,NA,NA,NA,NA
576,0.131848857,0.131848857,2019,5,State,urban/rural,Age,statesector,0,Rajasthan,NA,NA,NA,NA,NA,NA
577,0.092874378,0.030173745,2019,5,State,urban/rural,Age,statesector,1,Rajasthan,15 to 29,NA,NA,NA,NA,NA
578,0.0556334,0.012790748,2019,5,State,urban/rural,Age,statesector,1,Rajasthan,30 to 45,NA,NA,NA,NA,NA
579,0.034607965,0.004662481,2019,5,State,urban/rural,Age,statesector,1,Rajasthan,46 to 64,NA,NA,NA,NA,NA
580,0.02471685,0.001802987,2019,5,State,urban/rural,Age,statesector,1,Rajasthan,65+,NA,NA,NA,NA,NA
581,0,0,2019,5,State,urban/rural,Age,statesector,1,Rajasthan,NA,NA,NA,NA,NA,NA
582,0.093224935,0.01480073,2019,5,State,urban/rural,Age,statesector,0,Sikkim,15 to 29,NA,NA,NA,NA,NA
583,0.053647559,0.011167362,2019,5,State,urban/rural,Age,statesector,0,Sikkim,30 to 45,NA,NA,NA,NA,NA
584,0.042227663,0.004847511,2019,5,State,urban/rural,Age,statesector,0,Sikkim,46 to 64,NA,NA,NA,NA,NA
585,0.074020736,0.002621365,2019,5,State,urban/rural,Age,statesector,0,Sikkim,65+,NA,NA,NA,NA,NA
586,0,0,2019,5,State,urban/rural,Age,statesector,0,Sikkim,NA,NA,NA,NA,NA,NA
587,0.012455618,0,2019,5,State,urban/rural,Age,statesector,1,Sikkim,15 to 29,NA,NA,NA,NA,NA
588,0.002880166,0.000422554,2019,5,State,urban/rural,Age,statesector,1,Sikkim,30 to 45,NA,NA,NA,NA,NA
589,0,0,2019,5,State,urban/rural,Age,statesector,1,Sikkim,46 to 64,NA,NA,NA,NA,NA
590,0.01215256,0,2019,5,State,urban/rural,Age,statesector,1,Sikkim,65+,NA,NA,NA,NA,NA
591,0,0,2019,5,State,urban/rural,Age,statesector,1,Sikkim,NA,NA,NA,NA,NA,NA
592,0.063256167,0.009943509,2019,5,State,urban/rural,Age,statesector,0,Tamil Nadu,15 to 29,NA,NA,NA,NA,NA
593,0.044785704,0.004852816,2019,5,State,urban/rural,Age,statesector,0,Tamil Nadu,30 to 45,NA,NA,NA,NA,NA
594,0.042902406,0.002762867,2019,5,State,urban/rural,Age,statesector,0,Tamil Nadu,46 to 64,NA,NA,NA,NA,NA
595,0.096685082,0.000977488,2019,5,State,urban/rural,Age,statesector,0,Tamil Nadu,65+,NA,NA,NA,NA,NA
596,0,0,2019,5,State,urban/rural,Age,statesector,0,Tamil Nadu,NA,NA,NA,NA,NA,NA
597,0.043471452,0.001467205,2019,5,State,urban/rural,Age,statesector,1,Tamil Nadu,15 to 29,NA,NA,NA,NA,NA
598,0.019801058,0.001335951,2019,5,State,urban/rural,Age,statesector,1,Tamil Nadu,30 to 45,NA,NA,NA,NA,NA
599,0.017492136,0.000404171,2019,5,State,urban/rural,Age,statesector,1,Tamil Nadu,46 to 64,NA,NA,NA,NA,NA
600,0.031334918,0.000150451,2019,5,State,urban/rural,Age,statesector,1,Tamil Nadu,65+,NA,NA,NA,NA,NA
601,0,0,2019,5,State,urban/rural,Age,statesector,1,Tamil Nadu,NA,NA,NA,NA,NA,NA
602,0.140516818,0.025687851,2019,5,State,urban/rural,Age,statesector,0,Telangana,15 to 29,NA,NA,NA,NA,NA
603,0.088162079,0.014276411,2019,5,State,urban/rural,Age,statesector,0,Telangana,30 to 45,NA,NA,NA,NA,NA
604,0.06801495,0.006304671,2019,5,State,urban/rural,Age,statesector,0,Telangana,46 to 64,NA,NA,NA,NA,NA
605,0.115422241,0.00555447,2019,5,State,urban/rural,Age,statesector,0,Telangana,65+,NA,NA,NA,NA,NA
606,0.029334189,0,2019,5,State,urban/rural,Age,statesector,0,Telangana,NA,NA,NA,NA,NA,NA
607,0.067092426,0.002118536,2019,5,State,urban/rural,Age,statesector,1,Telangana,15 to 29,NA,NA,NA,NA,NA
608,0.034867272,0.006159615,2019,5,State,urban/rural,Age,statesector,1,Telangana,30 to 45,NA,NA,NA,NA,NA
609,0.016177967,0.001519613,2019,5,State,urban/rural,Age,statesector,1,Telangana,46 to 64,NA,NA,NA,NA,NA
610,0.030606367,0.001249419,2019,5,State,urban/rural,Age,statesector,1,Telangana,65+,NA,NA,NA,NA,NA
611,0.164220184,0,2019,5,State,urban/rural,Age,statesector,1,Telangana,NA,NA,NA,NA,NA,NA
612,0.378338724,0.081023589,2019,5,State,urban/rural,Age,statesector,0,Tripura,15 to 29,NA,NA,NA,NA,NA
613,0.199537694,0.045982942,2019,5,State,urban/rural,Age,statesector,0,Tripura,30 to 45,NA,NA,NA,NA,NA
614,0.165397197,0.022845037,2019,5,State,urban/rural,Age,statesector,0,Tripura,46 to 64,NA,NA,NA,NA,NA
615,0.193247706,0.022577779,2019,5,State,urban/rural,Age,statesector,0,Tripura,65+,NA,NA,NA,NA,NA
616,0.299495876,0.299495876,2019,5,State,urban/rural,Age,statesector,0,Tripura,NA,NA,NA,NA,NA,NA
617,0.166439459,0.024530089,2019,5,State,urban/rural,Age,statesector,1,Tripura,15 to 29,NA,NA,NA,NA,NA
618,0.062953442,0.0157797,2019,5,State,urban/rural,Age,statesector,1,Tripura,30 to 45,NA,NA,NA,NA,NA
619,0.049896639,0.005942621,2019,5,State,urban/rural,Age,statesector,1,Tripura,46 to 64,NA,NA,NA,NA,NA
620,0.031842723,0.0018059,2019,5,State,urban/rural,Age,statesector,1,Tripura,65+,NA,NA,NA,NA,NA
621,0.762826979,0,2019,5,State,urban/rural,Age,statesector,1,Tripura,NA,NA,NA,NA,NA,NA
622,0.441878617,0.143139526,2019,5,State,urban/rural,Age,statesector,0,Uttar Pradesh,15 to 29,NA,NA,NA,NA,NA
623,0.308943748,0.112439476,2019,5,State,urban/rural,Age,statesector,0,Uttar Pradesh,30 to 45,NA,NA,NA,NA,NA
624,0.217279419,0.049074803,2019,5,State,urban/rural,Age,statesector,0,Uttar Pradesh,46 to 64,NA,NA,NA,NA,NA
625,0.206914276,0.041979458,2019,5,State,urban/rural,Age,statesector,0,Uttar Pradesh,65+,NA,NA,NA,NA,NA
626,0.440113842,0.128028616,2019,5,State,urban/rural,Age,statesector,0,Uttar Pradesh,NA,NA,NA,NA,NA,NA
627,0.192066967,0.051073916,2019,5,State,urban/rural,Age,statesector,1,Uttar Pradesh,15 to 29,NA,NA,NA,NA,NA
628,0.157241002,0.048753623,2019,5,State,urban/rural,Age,statesector,1,Uttar Pradesh,30 to 45,NA,NA,NA,NA,NA
629,0.090539508,0.015073045,2019,5,State,urban/rural,Age,statesector,1,Uttar Pradesh,46 to 64,NA,NA,NA,NA,NA
630,0.072869718,0.014014381,2019,5,State,urban/rural,Age,statesector,1,Uttar Pradesh,65+,NA,NA,NA,NA,NA
631,0.030418547,0,2019,5,State,urban/rural,Age,statesector,1,Uttar Pradesh,NA,NA,NA,NA,NA,NA
632,0.223663464,0.049384311,2019,5,State,urban/rural,Age,statesector,0,Uttarakhand,15 to 29,NA,NA,NA,NA,NA
633,0.139800221,0.02719171,2019,5,State,urban/rural,Age,statesector,0,Uttarakhand,30 to 45,NA,NA,NA,NA,NA
634,0.08547274,0.006760176,2019,5,State,urban/rural,Age,statesector,0,Uttarakhand,46 to 64,NA,NA,NA,NA,NA
635,0.093745783,0.006191485,2019,5,State,urban/rural,Age,statesector,0,Uttarakhand,65+,NA,NA,NA,NA,NA
636,0.532286048,0,2019,5,State,urban/rural,Age,statesector,0,Uttarakhand,NA,NA,NA,NA,NA,NA
637,0.179659903,0.003788909,2019,5,State,urban/rural,Age,statesector,1,Uttarakhand,15 to 29,NA,NA,NA,NA,NA
638,0.101290062,0.027164664,2019,5,State,urban/rural,Age,statesector,1,Uttarakhand,30 to 45,NA,NA,NA,NA,NA
639,0.036080927,0.00622291,2019,5,State,urban/rural,Age,statesector,1,Uttarakhand,46 to 64,NA,NA,NA,NA,NA
640,0.028526921,0.007344029,2019,5,State,urban/rural,Age,statesector,1,Uttarakhand,65+,NA,NA,NA,NA,NA
641,0,0,2019,5,State,urban/rural,Age,statesector,1,Uttarakhand,NA,NA,NA,NA,NA,NA
642,0.337701321,0.083025962,2019,5,State,urban/rural,Age,statesector,0,West Bengal,15 to 29,NA,NA,NA,NA,NA
643,0.204502881,0.042137668,2019,5,State,urban/rural,Age,statesector,0,West Bengal,30 to 45,NA,NA,NA,NA,NA
644,0.168023437,0.024881398,2019,5,State,urban/rural,Age,statesector,0,West Bengal,46 to 64,NA,NA,NA,NA,NA
645,0.1751035,0.022072751,2019,5,State,urban/rural,Age,statesector,0,West Bengal,65+,NA,NA,NA,NA,NA
646,0.487509787,0,2019,5,State,urban/rural,Age,statesector,0,West Bengal,NA,NA,NA,NA,NA,NA
647,0.155456722,0.036128607,2019,5,State,urban/rural,Age,statesector,1,West Bengal,15 to 29,NA,NA,NA,NA,NA
648,0.073959023,0.017449221,2019,5,State,urban/rural,Age,statesector,1,West Bengal,30 to 45,NA,NA,NA,NA,NA
649,0.040632896,0.004480791,2019,5,State,urban/rural,Age,statesector,1,West Bengal,46 to 64,NA,NA,NA,NA,NA
650,0.040152118,0.009088059,2019,5,State,urban/rural,Age,statesector,1,West Bengal,65+,NA,NA,NA,NA,NA
651,0,0,2019,5,State,urban/rural,Age,statesector,1,West Bengal,NA,NA,NA,NA,NA,NA
652,0.305295974,0.098206758,2019,5,National,All,Education,allindia,99,India,NA,No education / Preschool,NA,NA,NA,NA
653,0.203011602,0.054454595,2019,5,National,All,Education,allindia,99,India,NA,Primary,NA,NA,NA,NA
654,0.080857374,0.008125853,2019,5,National,All,Education,allindia,99,India,NA,Secondary,NA,NA,NA,NA
655,0.025982102,0.001814117,2019,5,National,All,Education,allindia,99,India,NA,Higher,NA,NA,NA,NA
656,0.15158233,0.044854488,2019,5,National,All,Education,allindia,99,India,NA,NA,NA,NA,NA,NA
657,0.339753717,0.111613788,2019,5,National,urban/rural,Education,indiasector,0,India,NA,No education / Preschool,NA,NA,NA,NA
658,0.24228248,0.067912892,2019,5,National,urban/rural,Education,indiasector,0,India,NA,Primary,NA,NA,NA,NA
659,0.112626284,0.011612733,2019,5,National,urban/rural,Education,indiasector,0,India,NA,Secondary,NA,NA,NA,NA
660,0.054177437,0.004173245,2019,5,National,urban/rural,Education,indiasector,0,India,NA,Higher,NA,NA,NA,NA
661,0.205638498,0.067105651,2019,5,National,urban/rural,Education,indiasector,0,India,NA,NA,NA,NA,NA,NA
662,0.161291301,0.042176522,2019,5,National,urban/rural,Education,indiasector,1,India,NA,No education / Preschool,NA,NA,NA,NA
663,0.091208324,0.016139153,2019,5,National,urban/rural,Education,indiasector,1,India,NA,Primary,NA,NA,NA,NA
664,0.021441637,0.001604525,2019,5,National,urban/rural,Education,indiasector,1,India,NA,Secondary,NA,NA,NA,NA
665,0.005182125,7.38E-05,2019,5,National,urban/rural,Education,indiasector,1,India,NA,Higher,NA,NA,NA,NA
666,0.044214524,0.00065865,2019,5,National,urban/rural,Education,indiasector,1,India,NA,NA,NA,NA,NA,NA
667,0.0674491,0.012654401,2019,5,State,All,Education,state,99,Andaman & Nicobar Islands,NA,No education / Preschool,NA,NA,NA,NA
668,0.058080427,0.003555911,2019,5,State,All,Education,state,99,Andaman & Nicobar Islands,NA,Primary,NA,NA,NA,NA
669,0.021030948,0.002189632,2019,5,State,All,Education,state,99,Andaman & Nicobar Islands,NA,Secondary,NA,NA,NA,NA
670,0,0,2019,5,State,All,Education,state,99,Andaman & Nicobar Islands,NA,Higher,NA,NA,NA,NA
671,0,0,2019,5,State,All,Education,state,99,Andaman & Nicobar Islands,NA,NA,NA,NA,NA,NA
672,0.128368139,0.019669063,2019,5,State,All,Education,state,99,Andhra Pradesh,NA,No education / Preschool,NA,NA,NA,NA
673,0.079774223,0.010220055,2019,5,State,All,Education,state,99,Andhra Pradesh,NA,Primary,NA,NA,NA,NA
674,0.024406243,0.000758235,2019,5,State,All,Education,state,99,Andhra Pradesh,NA,Secondary,NA,NA,NA,NA
675,0.010218523,0,2019,5,State,All,Education,state,99,Andhra Pradesh,NA,Higher,NA,NA,NA,NA
676,0,0,2019,5,State,All,Education,state,99,Andhra Pradesh,NA,NA,NA,NA,NA,NA
677,0.243780628,0.05468037,2019,5,State,All,Education,state,99,Arunachal Pradesh,NA,No education / Preschool,NA,NA,NA,NA
678,0.19964388,0.048148476,2019,5,State,All,Education,state,99,Arunachal Pradesh,NA,Primary,NA,NA,NA,NA
679,0.051025674,0.005420902,2019,5,State,All,Education,state,99,Arunachal Pradesh,NA,Secondary,NA,NA,NA,NA
680,0.019102871,0.002298057,2019,5,State,All,Education,state,99,Arunachal Pradesh,NA,Higher,NA,NA,NA,NA
681,0.159319758,0,2019,5,State,All,Education,state,99,Arunachal Pradesh,NA,NA,NA,NA,NA,NA
682,0.366581142,0.117728546,2019,5,State,All,Education,state,99,Assam,NA,No education / Preschool,NA,NA,NA,NA
683,0.277922601,0.075635672,2019,5,State,All,Education,state,99,Assam,NA,Primary,NA,NA,NA,NA
684,0.102703877,0.007454351,2019,5,State,All,Education,state,99,Assam,NA,Secondary,NA,NA,NA,NA
685,0.020938164,0.000257743,2019,5,State,All,Education,state,99,Assam,NA,Higher,NA,NA,NA,NA
686,0,0,2019,5,State,All,Education,state,99,Assam,NA,NA,NA,NA,NA,NA
687,0.521179557,0.233020782,2019,5,State,All,Education,state,99,Bihar,NA,No education / Preschool,NA,NA,NA,NA
688,0.428856701,0.173883066,2019,5,State,All,Education,state,99,Bihar,NA,Primary,NA,NA,NA,NA
689,0.162061319,0.018797383,2019,5,State,All,Education,state,99,Bihar,NA,Secondary,NA,NA,NA,NA
690,0.057026241,0.005682696,2019,5,State,All,Education,state,99,Bihar,NA,Higher,NA,NA,NA,NA
691,0.239081651,0.071010835,2019,5,State,All,Education,state,99,Bihar,NA,NA,NA,NA,NA,NA
692,0.095292702,0.040700302,2019,5,State,All,Education,state,99,Chandigarh,NA,No education / Preschool,NA,NA,NA,NA
693,0.10210593,0.027272504,2019,5,State,All,Education,state,99,Chandigarh,NA,Primary,NA,NA,NA,NA
694,0.01616486,0,2019,5,State,All,Education,state,99,Chandigarh,NA,Secondary,NA,NA,NA,NA
695,0,0,2019,5,State,All,Education,state,99,Chandigarh,NA,Higher,NA,NA,NA,NA
696,0.29320401,0.074019894,2019,5,State,All,Education,state,99,Chhattisgarh,NA,No education / Preschool,NA,NA,NA,NA
697,0.211206734,0.047717355,2019,5,State,All,Education,state,99,Chhattisgarh,NA,Primary,NA,NA,NA,NA
698,0.102711201,0.010445114,2019,5,State,All,Education,state,99,Chhattisgarh,NA,Secondary,NA,NA,NA,NA
699,0.02759341,0.000604826,2019,5,State,All,Education,state,99,Chhattisgarh,NA,Higher,NA,NA,NA,NA
700,0.132473603,0,2019,5,State,All,Education,state,99,Chhattisgarh,NA,NA,NA,NA,NA,NA
701,0.329290807,0.047891546,2019,5,State,All,Education,state,99,Dadra & Nagar Haveli and Daman & Diu,NA,No education / Preschool,NA,NA,NA,NA
702,0.208730564,0.047342025,2019,5,State,All,Education,state,99,Dadra & Nagar Haveli and Daman & Diu,NA,Primary,NA,NA,NA,NA
703,0.048182134,0.007202024,2019,5,State,All,Education,state,99,Dadra & Nagar Haveli and Daman & Diu,NA,Secondary,NA,NA,NA,NA
704,0.007114796,0,2019,5,State,All,Education,state,99,Dadra & Nagar Haveli and Daman & Diu,NA,Higher,NA,NA,NA,NA
705,0,0,2019,5,State,All,Education,state,99,Dadra & Nagar Haveli and Daman & Diu,NA,NA,NA,NA,NA,NA
706,0.098096892,0.020224055,2019,5,State,All,Education,state,99,Delhi,NA,No education / Preschool,NA,NA,NA,NA
707,0.061718829,0.008703086,2019,5,State,All,Education,state,99,Delhi,NA,Primary,NA,NA,NA,NA
708,0.014671746,0.000303445,2019,5,State,All,Education,state,99,Delhi,NA,Secondary,NA,NA,NA,NA
709,0.002433774,0,2019,5,State,All,Education,state,99,Delhi,NA,Higher,NA,NA,NA,NA
710,0,0,2019,5,State,All,Education,state,99,Delhi,NA,NA,NA,NA,NA,NA
711,0.013535434,0,2019,5,State,All,Education,state,99,Goa,NA,No education / Preschool,NA,NA,NA,NA
712,0.049549058,0.00779133,2019,5,State,All,Education,state,99,Goa,NA,Primary,NA,NA,NA,NA
713,0.00483273,0,2019,5,State,All,Education,state,99,Goa,NA,Secondary,NA,NA,NA,NA
714,0.003746299,0,2019,5,State,All,Education,state,99,Goa,NA,Higher,NA,NA,NA,NA
715,0,0,2019,5,State,All,Education,state,99,Goa,NA,NA,NA,NA,NA,NA
716,0.303339064,0.084879287,2019,5,State,All,Education,state,99,Gujarat,NA,No education / Preschool,NA,NA,NA,NA
717,0.186486468,0.038375627,2019,5,State,All,Education,state,99,Gujarat,NA,Primary,NA,NA,NA,NA
718,0.072950505,0.005876447,2019,5,State,All,Education,state,99,Gujarat,NA,Secondary,NA,NA,NA,NA
719,0.020779228,0.000847558,2019,5,State,All,Education,state,99,Gujarat,NA,Higher,NA,NA,NA,NA
720,0.068538271,0,2019,5,State,All,Education,state,99,Gujarat,NA,NA,NA,NA,NA,NA
721,0.144041568,0.035200357,2019,5,State,All,Education,state,99,Haryana,NA,No education / Preschool,NA,NA,NA,NA
722,0.124860913,0.032294311,2019,5,State,All,Education,state,99,Haryana,NA,Primary,NA,NA,NA,NA
723,0.031594906,0.004411337,2019,5,State,All,Education,state,99,Haryana,NA,Secondary,NA,NA,NA,NA
724,0.012131629,0.000749631,2019,5,State,All,Education,state,99,Haryana,NA,Higher,NA,NA,NA,NA
725,0.021205273,0,2019,5,State,All,Education,state,99,Haryana,NA,NA,NA,NA,NA,NA
726,0.113964625,0.018482931,2019,5,State,All,Education,state,99,Himachal Pradesh,NA,No education / Preschool,NA,NA,NA,NA
727,0.075459346,0.00976351,2019,5,State,All,Education,state,99,Himachal Pradesh,NA,Primary,NA,NA,NA,NA
728,0.032988001,0.0019086,2019,5,State,All,Education,state,99,Himachal Pradesh,NA,Secondary,NA,NA,NA,NA
729,0.002048628,0,2019,5,State,All,Education,state,99,Himachal Pradesh,NA,Higher,NA,NA,NA,NA
730,0.017681088,0,2019,5,State,All,Education,state,99,Himachal Pradesh,NA,NA,NA,NA,NA,NA
731,0.120983705,0.024078915,2019,5,State,All,Education,state,99,Jammu & Kashmir,NA,No education / Preschool,NA,NA,NA,NA
732,0.131805733,0.036349431,2019,5,State,All,Education,state,99,Jammu & Kashmir,NA,Primary,NA,NA,NA,NA
733,0.032599755,0.00083916,2019,5,State,All,Education,state,99,Jammu & Kashmir,NA,Secondary,NA,NA,NA,NA
734,0.007304201,0.000253681,2019,5,State,All,Education,state,99,Jammu & Kashmir,NA,Higher,NA,NA,NA,NA
735,0,0,2019,5,State,All,Education,state,99,Jammu & Kashmir,NA,NA,NA,NA,NA,NA
736,0.475236326,0.172314167,2019,5,State,All,Education,state,99,Jharkhand,NA,No education / Preschool,NA,NA,NA,NA
737,0.377309322,0.134927705,2019,5,State,All,Education,state,99,Jharkhand,NA,Primary,NA,NA,NA,NA
738,0.184625611,0.022893932,2019,5,State,All,Education,state,99,Jharkhand,NA,Secondary,NA,NA,NA,NA
739,0.056347717,0.003543627,2019,5,State,All,Education,state,99,Jharkhand,NA,Higher,NA,NA,NA,NA
740,0.181173444,0.125651851,2019,5,State,All,Education,state,99,Jharkhand,NA,NA,NA,NA,NA,NA
741,0.157231852,0.029120129,2019,5,State,All,Education,state,99,Karnataka,NA,No education / Preschool,NA,NA,NA,NA
742,0.098921552,0.014136036,2019,5,State,All,Education,state,99,Karnataka,NA,Primary,NA,NA,NA,NA
743,0.035412267,0.001633143,2019,5,State,All,Education,state,99,Karnataka,NA,Secondary,NA,NA,NA,NA
744,0.014161568,0.000343056,2019,5,State,All,Education,state,99,Karnataka,NA,Higher,NA,NA,NA,NA
745,0.094314873,0,2019,5,State,All,Education,state,99,Karnataka,NA,NA,NA,NA,NA,NA
746,0.052145418,0.00236044,2019,5,State,All,Education,state,99,Kerala,NA,No education / Preschool,NA,NA,NA,NA
747,0.011611854,0.000562214,2019,5,State,All,Education,state,99,Kerala,NA,Primary,NA,NA,NA,NA
748,0.005394483,9.35E-05,2019,5,State,All,Education,state,99,Kerala,NA,Secondary,NA,NA,NA,NA
749,0,0,2019,5,State,All,Education,state,99,Kerala,NA,Higher,NA,NA,NA,NA
750,0,0,2019,5,State,All,Education,state,99,Kerala,NA,NA,NA,NA,NA,NA
751,0.097423717,0.011400413,2019,5,State,All,Education,state,99,Ladakh,NA,No education / Preschool,NA,NA,NA,NA
752,0.118997402,0.040555973,2019,5,State,All,Education,state,99,Ladakh,NA,Primary,NA,NA,NA,NA
753,0.040553916,0.002639658,2019,5,State,All,Education,state,99,Ladakh,NA,Secondary,NA,NA,NA,NA
754,0.032369308,0.00540509,2019,5,State,All,Education,state,99,Ladakh,NA,Higher,NA,NA,NA,NA
755,0,0,2019,5,State,All,Education,state,99,Ladakh,NA,NA,NA,NA,NA,NA
756,0.010735102,0,2019,5,State,All,Education,state,99,Lakshadweep,NA,No education / Preschool,NA,NA,NA,NA
757,0.004411354,0,2019,5,State,All,Education,state,99,Lakshadweep,NA,Primary,NA,NA,NA,NA
758,0.012615191,0,2019,5,State,All,Education,state,99,Lakshadweep,NA,Secondary,NA,NA,NA,NA
759,0,0,2019,5,State,All,Education,state,99,Lakshadweep,NA,Higher,NA,NA,NA,NA
760,0,0,2019,5,State,All,Education,state,99,Lakshadweep,NA,NA,NA,NA,NA,NA
761,0.395994484,0.115350507,2019,5,State,All,Education,state,99,Madhya Pradesh,NA,No education / Preschool,NA,NA,NA,NA
762,0.283795863,0.065421648,2019,5,State,All,Education,state,99,Madhya Pradesh,NA,Primary,NA,NA,NA,NA
763,0.14061673,0.014796782,2019,5,State,All,Education,state,99,Madhya Pradesh,NA,Secondary,NA,NA,NA,NA
764,0.048232991,0.002377654,2019,5,State,All,Education,state,99,Madhya Pradesh,NA,Higher,NA,NA,NA,NA
765,0.107340485,0.054969519,2019,5,State,All,Education,state,99,Madhya Pradesh,NA,NA,NA,NA,NA,NA
766,0.226968348,0.047727235,2019,5,State,All,Education,state,99,Maharashtra,NA,No education / Preschool,NA,NA,NA,NA
767,0.1251259,0.020577431,2019,5,State,All,Education,state,99,Maharashtra,NA,Primary,NA,NA,NA,NA
768,0.047030915,0.002737898,2019,5,State,All,Education,state,99,Maharashtra,NA,Secondary,NA,NA,NA,NA
769,0.010939741,0.000303813,2019,5,State,All,Education,state,99,Maharashtra,NA,Higher,NA,NA,NA,NA
770,0.034554448,0,2019,5,State,All,Education,state,99,Maharashtra,NA,NA,NA,NA,NA,NA
771,0.182614401,0.034140024,2019,5,State,All,Education,state,99,Manipur,NA,No education / Preschool,NA,NA,NA,NA
772,0.184351578,0.044909492,2019,5,State,All,Education,state,99,Manipur,NA,Primary,NA,NA,NA,NA
773,0.072604075,0.003830551,2019,5,State,All,Education,state,99,Manipur,NA,Secondary,NA,NA,NA,NA
774,0.021036804,0.000312013,2019,5,State,All,Education,state,99,Manipur,NA,Higher,NA,NA,NA,NA
775,0,0,2019,5,State,All,Education,state,99,Manipur,NA,NA,NA,NA,NA,NA
776,0.429314792,0.19628185,2019,5,State,All,Education,state,99,Meghalaya,NA,No education / Preschool,NA,NA,NA,NA
777,0.381546974,0.167091161,2019,5,State,All,Education,state,99,Meghalaya,NA,Primary,NA,NA,NA,NA
778,0.13214168,0.018005582,2019,5,State,All,Education,state,99,Meghalaya,NA,Secondary,NA,NA,NA,NA
779,0.029609667,0,2019,5,State,All,Education,state,99,Meghalaya,NA,Higher,NA,NA,NA,NA
780,0.372440279,0.016390871,2019,5,State,All,Education,state,99,Meghalaya,NA,NA,NA,NA,NA,NA
781,0.282656848,0.107153535,2019,5,State,All,Education,state,99,Mizoram,NA,No education / Preschool,NA,NA,NA,NA
782,0.08886046,0.029726859,2019,5,State,All,Education,state,99,Mizoram,NA,Primary,NA,NA,NA,NA
783,0.018626954,0.001473873,2019,5,State,All,Education,state,99,Mizoram,NA,Secondary,NA,NA,NA,NA
784,0.003926567,0,2019,5,State,All,Education,state,99,Mizoram,NA,Higher,NA,NA,NA,NA
785,0.01794138,0,2019,5,State,All,Education,state,99,Mizoram,NA,NA,NA,NA,NA,NA
786,0.381992549,0.076432064,2019,5,State,All,Education,state,99,Nagaland,NA,No education / Preschool,NA,NA,NA,NA
787,0.295175672,0.063072763,2019,5,State,All,Education,state,99,Nagaland,NA,Primary,NA,NA,NA,NA
788,0.098987393,0.009377532,2019,5,State,All,Education,state,99,Nagaland,NA,Secondary,NA,NA,NA,NA
789,0.027248044,0.002258865,2019,5,State,All,Education,state,99,Nagaland,NA,Higher,NA,NA,NA,NA
790,0.208603829,0.208603829,2019,5,State,All,Education,state,99,Nagaland,NA,NA,NA,NA,NA,NA
791,0.387486845,0.128044873,2019,5,State,All,Education,state,99,Odisha,NA,No education / Preschool,NA,NA,NA,NA
792,0.242771208,0.059894312,2019,5,State,All,Education,state,99,Odisha,NA,Primary,NA,NA,NA,NA
793,0.100126579,0.005277073,2019,5,State,All,Education,state,99,Odisha,NA,Secondary,NA,NA,NA,NA
794,0.018135518,0,2019,5,State,All,Education,state,99,Odisha,NA,Higher,NA,NA,NA,NA
795,0.159092635,0.031248024,2019,5,State,All,Education,state,99,Odisha,NA,NA,NA,NA,NA,NA
796,0.038237907,0.002958365,2019,5,State,All,Education,state,99,Puducherry,NA,No education / Preschool,NA,NA,NA,NA
797,0.036099222,0,2019,5,State,All,Education,state,99,Puducherry,NA,Primary,NA,NA,NA,NA
798,0.003606643,0,2019,5,State,All,Education,state,99,Puducherry,NA,Secondary,NA,NA,NA,NA
799,0.002513877,0,2019,5,State,All,Education,state,99,Puducherry,NA,Higher,NA,NA,NA,NA
800,0,0,2019,5,State,All,Education,state,99,Puducherry,NA,NA,NA,NA,NA,NA
801,0.100821458,0.017618639,2019,5,State,All,Education,state,99,Punjab,NA,No education / Preschool,NA,NA,NA,NA
802,0.062583067,0.010423794,2019,5,State,All,Education,state,99,Punjab,NA,Primary,NA,NA,NA,NA
803,0.012921825,0,2019,5,State,All,Education,state,99,Punjab,NA,Secondary,NA,NA,NA,NA
804,0.002027716,0,2019,5,State,All,Education,state,99,Punjab,NA,Higher,NA,NA,NA,NA
805,0,0,2019,5,State,All,Education,state,99,Punjab,NA,NA,NA,NA,NA,NA
806,0.261933982,0.068360262,2019,5,State,All,Education,state,99,Rajasthan,NA,No education / Preschool,NA,NA,NA,NA
807,0.222583994,0.060732633,2019,5,State,All,Education,state,99,Rajasthan,NA,Primary,NA,NA,NA,NA
808,0.086458236,0.006381655,2019,5,State,All,Education,state,99,Rajasthan,NA,Secondary,NA,NA,NA,NA
809,0.042289276,0.002169349,2019,5,State,All,Education,state,99,Rajasthan,NA,Higher,NA,NA,NA,NA
810,0.158595949,0.038833808,2019,5,State,All,Education,state,99,Rajasthan,NA,NA,NA,NA,NA,NA
811,0.088046581,0.009304536,2019,5,State,All,Education,state,99,Sikkim,NA,No education / Preschool,NA,NA,NA,NA
812,0.070440546,0.012251633,2019,5,State,All,Education,state,99,Sikkim,NA,Primary,NA,NA,NA,NA
813,0.006244228,0,2019,5,State,All,Education,state,99,Sikkim,NA,Secondary,NA,NA,NA,NA
814,0.001120385,0,2019,5,State,All,Education,state,99,Sikkim,NA,Higher,NA,NA,NA,NA
815,0,0,2019,5,State,All,Education,state,99,Sikkim,NA,NA,NA,NA,NA,NA
816,0.098889247,0.004512684,2019,5,State,All,Education,state,99,Tamil Nadu,NA,No education / Preschool,NA,NA,NA,NA
817,0.053323895,0.004765098,2019,5,State,All,Education,state,99,Tamil Nadu,NA,Primary,NA,NA,NA,NA
818,0.01601043,0.000466298,2019,5,State,All,Education,state,99,Tamil Nadu,NA,Secondary,NA,NA,NA,NA
819,0.003857248,0.000475945,2019,5,State,All,Education,state,99,Tamil Nadu,NA,Higher,NA,NA,NA,NA
820,0.0242036,0.0242036,2019,5,State,All,Education,state,99,Tamil Nadu,NA,NA,NA,NA,NA,NA
821,0.119084567,0.015519034,2019,5,State,All,Education,state,99,Telangana,NA,No education / Preschool,NA,NA,NA,NA
822,0.089189097,0.011153704,2019,5,State,All,Education,state,99,Telangana,NA,Primary,NA,NA,NA,NA
823,0.016773529,0.000637626,2019,5,State,All,Education,state,99,Telangana,NA,Secondary,NA,NA,NA,NA
824,0.005483278,0,2019,5,State,All,Education,state,99,Telangana,NA,Higher,NA,NA,NA,NA
825,0.20440957,0,2019,5,State,All,Education,state,99,Telangana,NA,NA,NA,NA,NA,NA
826,0.301089287,0.070943616,2019,5,State,All,Education,state,99,Tripura,NA,No education / Preschool,NA,NA,NA,NA
827,0.225372806,0.043411132,2019,5,State,All,Education,state,99,Tripura,NA,Primary,NA,NA,NA,NA
828,0.069991119,0.003798378,2019,5,State,All,Education,state,99,Tripura,NA,Secondary,NA,NA,NA,NA
829,0.006159294,0,2019,5,State,All,Education,state,99,Tripura,NA,Higher,NA,NA,NA,NA
830,0.189181969,0.016039779,2019,5,State,All,Education,state,99,Tripura,NA,NA,NA,NA,NA,NA
831,0.363842964,0.128168866,2019,5,State,All,Education,state,99,Uttar Pradesh,NA,No education / Preschool,NA,NA,NA,NA
832,0.305457592,0.097007453,2019,5,State,All,Education,state,99,Uttar Pradesh,NA,Primary,NA,NA,NA,NA
833,0.135726511,0.019108342,2019,5,State,All,Education,state,99,Uttar Pradesh,NA,Secondary,NA,NA,NA,NA
834,0.051629487,0.004940827,2019,5,State,All,Education,state,99,Uttar Pradesh,NA,Higher,NA,NA,NA,NA
835,0.239836127,0.050786167,2019,5,State,All,Education,state,99,Uttar Pradesh,NA,NA,NA,NA,NA,NA
836,0.192713112,0.033242878,2019,5,State,All,Education,state,99,Uttarakhand,NA,No education / Preschool,NA,NA,NA,NA
837,0.144730866,0.029810876,2019,5,State,All,Education,state,99,Uttarakhand,NA,Primary,NA,NA,NA,NA
838,0.053271186,0.003699021,2019,5,State,All,Education,state,99,Uttarakhand,NA,Secondary,NA,NA,NA,NA
839,0.007483797,0.000163415,2019,5,State,All,Education,state,99,Uttarakhand,NA,Higher,NA,NA,NA,NA
840,0.167254284,0,2019,5,State,All,Education,state,99,Uttarakhand,NA,NA,NA,NA,NA,NA
841,0.289126694,0.066006258,2019,5,State,All,Education,state,99,West Bengal,NA,No education / Preschool,NA,NA,NA,NA
842,0.186869472,0.03436742,2019,5,State,All,Education,state,99,West Bengal,NA,Primary,NA,NA,NA,NA
843,0.062168427,0.00292582,2019,5,State,All,Education,state,99,West Bengal,NA,Secondary,NA,NA,NA,NA
844,0.014898677,0.001078981,2019,5,State,All,Education,state,99,West Bengal,NA,Higher,NA,NA,NA,NA
845,0.337736934,0.20927842,2019,5,State,All,Education,state,99,West Bengal,NA,NA,NA,NA,NA,NA
846,0.094121106,0.019225486,2019,5,State,urban/rural,Education,statesector,0,Andaman & Nicobar Islands,NA,No education / Preschool,NA,NA,NA,NA
847,0.072695091,0.004851218,2019,5,State,urban/rural,Education,statesector,0,Andaman & Nicobar Islands,NA,Primary,NA,NA,NA,NA
848,0.025915328,0.003577099,2019,5,State,urban/rural,Education,statesector,0,Andaman & Nicobar Islands,NA,Secondary,NA,NA,NA,NA
849,0,0,2019,5,State,urban/rural,Education,statesector,0,Andaman & Nicobar Islands,NA,Higher,NA,NA,NA,NA
850,0,0,2019,5,State,urban/rural,Education,statesector,0,Andaman & Nicobar Islands,NA,NA,NA,NA,NA,NA
851,0.016084941,0,2019,5,State,urban/rural,Education,statesector,1,Andaman & Nicobar Islands,NA,No education / Preschool,NA,NA,NA,NA
852,0.01795988,0,2019,5,State,urban/rural,Education,statesector,1,Andaman & Nicobar Islands,NA,Primary,NA,NA,NA,NA
853,0.013322659,0,2019,5,State,urban/rural,Education,statesector,1,Andaman & Nicobar Islands,NA,Secondary,NA,NA,NA,NA
854,0,0,2019,5,State,urban/rural,Education,statesector,1,Andaman & Nicobar Islands,NA,Higher,NA,NA,NA,NA
855,0,0,2019,5,State,urban/rural,Education,statesector,1,Andaman & Nicobar Islands,NA,NA,NA,NA,NA,NA
856,0.14626421,0.023512576,2019,5,State,urban/rural,Education,statesector,0,Andhra Pradesh,NA,No education / Preschool,NA,NA,NA,NA
857,0.091762401,0.013153568,2019,5,State,urban/rural,Education,statesector,0,Andhra Pradesh,NA,Primary,NA,NA,NA,NA
858,0.033765368,0.001216293,2019,5,State,urban/rural,Education,statesector,0,Andhra Pradesh,NA,Secondary,NA,NA,NA,NA
859,0.021623528,0,2019,5,State,urban/rural,Education,statesector,0,Andhra Pradesh,NA,Higher,NA,NA,NA,NA
860,0,0,2019,5,State,urban/rural,Education,statesector,0,Andhra Pradesh,NA,NA,NA,NA,NA,NA
861,0.058384247,0.004638725,2019,5,State,urban/rural,Education,statesector,1,Andhra Pradesh,NA,No education / Preschool,NA,NA,NA,NA
862,0.038008645,0,2019,5,State,urban/rural,Education,statesector,1,Andhra Pradesh,NA,Primary,NA,NA,NA,NA
863,0.008913862,0,2019,5,State,urban/rural,Education,statesector,1,Andhra Pradesh,NA,Secondary,NA,NA,NA,NA
864,0.002412179,0,2019,5,State,urban/rural,Education,statesector,1,Andhra Pradesh,NA,Higher,NA,NA,NA,NA
865,0,0,2019,5,State,urban/rural,Education,statesector,1,Andhra Pradesh,NA,NA,NA,NA,NA,NA
866,0.256628633,0.056803431,2019,5,State,urban/rural,Education,statesector,0,Arunachal Pradesh,NA,No education / Preschool,NA,NA,NA,NA
867,0.209964097,0.050710499,2019,5,State,urban/rural,Education,statesector,0,Arunachal Pradesh,NA,Primary,NA,NA,NA,NA
868,0.057814229,0.006397469,2019,5,State,urban/rural,Education,statesector,0,Arunachal Pradesh,NA,Secondary,NA,NA,NA,NA
869,0.021559648,0.002508967,2019,5,State,urban/rural,Education,statesector,0,Arunachal Pradesh,NA,Higher,NA,NA,NA,NA
870,0.230033979,0,2019,5,State,urban/rural,Education,statesector,0,Arunachal Pradesh,NA,NA,NA,NA,NA,NA
871,0.100593522,0.031019481,2019,5,State,urban/rural,Education,statesector,1,Arunachal Pradesh,NA,No education / Preschool,NA,NA,NA,NA
872,0.120925486,0.028606409,2019,5,State,urban/rural,Education,statesector,1,Arunachal Pradesh,NA,Primary,NA,NA,NA,NA
873,0.018688189,0.000768998,2019,5,State,urban/rural,Education,statesector,1,Arunachal Pradesh,NA,Secondary,NA,NA,NA,NA
874,0.013411175,0.001809435,2019,5,State,urban/rural,Education,statesector,1,Arunachal Pradesh,NA,Higher,NA,NA,NA,NA
875,0,0,2019,5,State,urban/rural,Education,statesector,1,Arunachal Pradesh,NA,NA,NA,NA,NA,NA
876,0.377133995,0.122919232,2019,5,State,urban/rural,Education,statesector,0,Assam,NA,No education / Preschool,NA,NA,NA,NA
877,0.293675572,0.081887439,2019,5,State,urban/rural,Education,statesector,0,Assam,NA,Primary,NA,NA,NA,NA
878,0.118321344,0.008969957,2019,5,State,urban/rural,Education,statesector,0,Assam,NA,Secondary,NA,NA,NA,NA
879,0.033917919,0.000423864,2019,5,State,urban/rural,Education,statesector,0,Assam,NA,Higher,NA,NA,NA,NA
880,0,0,2019,5,State,urban/rural,Education,statesector,0,Assam,NA,NA,NA,NA,NA,NA
881,0.234751552,0.05288475,2019,5,State,urban/rural,Education,statesector,1,Assam,NA,No education / Preschool,NA,NA,NA,NA
882,0.158564925,0.028267093,2019,5,State,urban/rural,Education,statesector,1,Assam,NA,Primary,NA,NA,NA,NA
883,0.025890978,0,2019,5,State,urban/rural,Education,statesector,1,Assam,NA,Secondary,NA,NA,NA,NA
884,0.000799506,0,2019,5,State,urban/rural,Education,statesector,1,Assam,NA,Higher,NA,NA,NA,NA
885,0,0,2019,5,State,urban/rural,Education,statesector,1,Assam,NA,NA,NA,NA,NA,NA
886,0.539325714,0.24385269,2019,5,State,urban/rural,Education,statesector,0,Bihar,NA,No education / Preschool,NA,NA,NA,NA
887,0.446948797,0.187027141,2019,5,State,urban/rural,Education,statesector,0,Bihar,NA,Primary,NA,NA,NA,NA
888,0.186454177,0.021683289,2019,5,State,urban/rural,Education,statesector,0,Bihar,NA,Secondary,NA,NA,NA,NA
889,0.086585574,0.009123155,2019,5,State,urban/rural,Education,statesector,0,Bihar,NA,Higher,NA,NA,NA,NA
890,0.262928843,0.078093804,2019,5,State,urban/rural,Education,statesector,0,Bihar,NA,NA,NA,NA,NA,NA
891,0.364460737,0.139471456,2019,5,State,urban/rural,Education,statesector,1,Bihar,NA,No education / Preschool,NA,NA,NA,NA
892,0.303208351,0.082598291,2019,5,State,urban/rural,Education,statesector,1,Bihar,NA,Primary,NA,NA,NA,NA
893,0.057814892,0.006464051,2019,5,State,urban/rural,Education,statesector,1,Bihar,NA,Secondary,NA,NA,NA,NA
894,0.008202323,0,2019,5,State,urban/rural,Education,statesector,1,Bihar,NA,Higher,NA,NA,NA,NA
895,0,0,2019,5,State,urban/rural,Education,statesector,1,Bihar,NA,NA,NA,NA,NA,NA
896,0,0,2019,5,State,urban/rural,Education,statesector,0,Chandigarh,NA,No education / Preschool,NA,NA,NA,NA
897,0,0,2019,5,State,urban/rural,Education,statesector,0,Chandigarh,NA,Primary,NA,NA,NA,NA
898,0.06779661,0,2019,5,State,urban/rural,Education,statesector,0,Chandigarh,NA,Secondary,NA,NA,NA,NA
899,0.097075596,0.041461792,2019,5,State,urban/rural,Education,statesector,1,Chandigarh,NA,No education / Preschool,NA,NA,NA,NA
900,0.103792928,0.0277231,2019,5,State,urban/rural,Education,statesector,1,Chandigarh,NA,Primary,NA,NA,NA,NA
901,0.015318618,0,2019,5,State,urban/rural,Education,statesector,1,Chandigarh,NA,Secondary,NA,NA,NA,NA
902,0,0,2019,5,State,urban/rural,Education,statesector,1,Chandigarh,NA,Higher,NA,NA,NA,NA
903,0.322704166,0.082475074,2019,5,State,urban/rural,Education,statesector,0,Chhattisgarh,NA,No education / Preschool,NA,NA,NA,NA
904,0.24015668,0.055463031,2019,5,State,urban/rural,Education,statesector,0,Chhattisgarh,NA,Primary,NA,NA,NA,NA
905,0.129342422,0.013824432,2019,5,State,urban/rural,Education,statesector,0,Chhattisgarh,NA,Secondary,NA,NA,NA,NA
906,0.043270387,0.000550348,2019,5,State,urban/rural,Education,statesector,0,Chhattisgarh,NA,Higher,NA,NA,NA,NA
907,0.199082807,0,2019,5,State,urban/rural,Education,statesector,0,Chhattisgarh,NA,NA,NA,NA,NA,NA
908,0.1231253,0.02527282,2019,5,State,urban/rural,Education,statesector,1,Chhattisgarh,NA,No education / Preschool,NA,NA,NA,NA
909,0.078059264,0.012093222,2019,5,State,urban/rural,Education,statesector,1,Chhattisgarh,NA,Primary,NA,NA,NA,NA
910,0.021933112,0.00019493,2019,5,State,urban/rural,Education,statesector,1,Chhattisgarh,NA,Secondary,NA,NA,NA,NA
911,0.011242489,0.000661645,2019,5,State,urban/rural,Education,statesector,1,Chhattisgarh,NA,Higher,NA,NA,NA,NA
912,0,0,2019,5,State,urban/rural,Education,statesector,1,Chhattisgarh,NA,NA,NA,NA,NA,NA
913,0.369354427,0.053460442,2019,5,State,urban/rural,Education,statesector,0,Dadra & Nagar Haveli and Daman & Diu,NA,No education / Preschool,NA,NA,NA,NA
914,0.248496741,0.052490719,2019,5,State,urban/rural,Education,statesector,0,Dadra & Nagar Haveli and Daman & Diu,NA,Primary,NA,NA,NA,NA
915,0.079364352,0.004008302,2019,5,State,urban/rural,Education,statesector,0,Dadra & Nagar Haveli and Daman & Diu,NA,Secondary,NA,NA,NA,NA
916,0.022641692,0,2019,5,State,urban/rural,Education,statesector,0,Dadra & Nagar Haveli and Daman & Diu,NA,Higher,NA,NA,NA,NA
917,0,0,2019,5,State,urban/rural,Education,statesector,0,Dadra & Nagar Haveli and Daman & Diu,NA,NA,NA,NA,NA,NA
918,0.169685468,0.025706174,2019,5,State,urban/rural,Education,statesector,1,Dadra & Nagar Haveli and Daman & Diu,NA,No education / Preschool,NA,NA,NA,NA
919,0.127457723,0.03681929,2019,5,State,urban/rural,Education,statesector,1,Dadra & Nagar Haveli and Daman & Diu,NA,Primary,NA,NA,NA,NA
920,0.025991891,0.009474776,2019,5,State,urban/rural,Education,statesector,1,Dadra & Nagar Haveli and Daman & Diu,NA,Secondary,NA,NA,NA,NA
921,0.003358422,0,2019,5,State,urban/rural,Education,statesector,1,Dadra & Nagar Haveli and Daman & Diu,NA,Higher,NA,NA,NA,NA
922,0,0,2019,5,State,urban/rural,Education,statesector,1,Dadra & Nagar Haveli and Daman & Diu,NA,NA,NA,NA,NA,NA
923,0.031227961,0.02610402,2019,5,State,urban/rural,Education,statesector,0,Delhi,NA,No education / Preschool,NA,NA,NA,NA
924,0.122197464,0.039420538,2019,5,State,urban/rural,Education,statesector,0,Delhi,NA,Primary,NA,NA,NA,NA
925,0.010372018,0,2019,5,State,urban/rural,Education,statesector,0,Delhi,NA,Secondary,NA,NA,NA,NA
926,0,0,2019,5,State,urban/rural,Education,statesector,0,Delhi,NA,Higher,NA,NA,NA,NA
927,0,0,2019,5,State,urban/rural,Education,statesector,0,Delhi,NA,NA,NA,NA,NA,NA
928,0.099526122,0.020098379,2019,5,State,urban/rural,Education,statesector,1,Delhi,NA,No education / Preschool,NA,NA,NA,NA
929,0.060550243,0.008109554,2019,5,State,urban/rural,Education,statesector,1,Delhi,NA,Primary,NA,NA,NA,NA
930,0.014793945,0.000312069,2019,5,State,urban/rural,Education,statesector,1,Delhi,NA,Secondary,NA,NA,NA,NA
931,0.002490574,0,2019,5,State,urban/rural,Education,statesector,1,Delhi,NA,Higher,NA,NA,NA,NA
932,0,0,2019,5,State,urban/rural,Education,statesector,1,Delhi,NA,NA,NA,NA,NA,NA
933,0.017627673,0,2019,5,State,urban/rural,Education,statesector,0,Goa,NA,No education / Preschool,NA,NA,NA,NA
934,0.104369491,0.01784878,2019,5,State,urban/rural,Education,statesector,0,Goa,NA,Primary,NA,NA,NA,NA
935,0.007448879,0,2019,5,State,urban/rural,Education,statesector,0,Goa,NA,Secondary,NA,NA,NA,NA
936,0.015820188,0,2019,5,State,urban/rural,Education,statesector,0,Goa,NA,Higher,NA,NA,NA,NA
937,0,0,2019,5,State,urban/rural,Education,statesector,0,Goa,NA,NA,NA,NA,NA,NA
938,0.010204216,0,2019,5,State,urban/rural,Education,statesector,1,Goa,NA,No education / Preschool,NA,NA,NA,NA
939,0.007080633,0,2019,5,State,urban/rural,Education,statesector,1,Goa,NA,Primary,NA,NA,NA,NA
940,0.002897124,0,2019,5,State,urban/rural,Education,statesector,1,Goa,NA,Secondary,NA,NA,NA,NA
941,0,0,2019,5,State,urban/rural,Education,statesector,1,Goa,NA,Higher,NA,NA,NA,NA
942,0,0,2019,5,State,urban/rural,Education,statesector,1,Goa,NA,NA,NA,NA,NA,NA
943,0.355207205,0.101231307,2019,5,State,urban/rural,Education,statesector,0,Gujarat,NA,No education / Preschool,NA,NA,NA,NA
944,0.240955532,0.050416298,2019,5,State,urban/rural,Education,statesector,0,Gujarat,NA,Primary,NA,NA,NA,NA
945,0.120760091,0.010527234,2019,5,State,urban/rural,Education,statesector,0,Gujarat,NA,Secondary,NA,NA,NA,NA
946,0.052185077,0.002857188,2019,5,State,urban/rural,Education,statesector,0,Gujarat,NA,Higher,NA,NA,NA,NA
947,0.109846316,0,2019,5,State,urban/rural,Education,statesector,0,Gujarat,NA,NA,NA,NA,NA,NA
948,0.134671599,0.031704966,2019,5,State,urban/rural,Education,statesector,1,Gujarat,NA,No education / Preschool,NA,NA,NA,NA
949,0.085911728,0.016143052,2019,5,State,urban/rural,Education,statesector,1,Gujarat,NA,Primary,NA,NA,NA,NA
950,0.017661788,0.000498111,2019,5,State,urban/rural,Education,statesector,1,Gujarat,NA,Secondary,NA,NA,NA,NA
951,0.007533859,0,2019,5,State,urban/rural,Education,statesector,1,Gujarat,NA,Higher,NA,NA,NA,NA
952,0.035893757,0,2019,5,State,urban/rural,Education,statesector,1,Gujarat,NA,NA,NA,NA,NA,NA
953,0.152316749,0.038433865,2019,5,State,urban/rural,Education,statesector,0,Haryana,NA,No education / Preschool,NA,NA,NA,NA
954,0.138503626,0.038050011,2019,5,State,urban/rural,Education,statesector,0,Haryana,NA,Primary,NA,NA,NA,NA
955,0.039453693,0.005187584,2019,5,State,urban/rural,Education,statesector,0,Haryana,NA,Secondary,NA,NA,NA,NA
956,0.021731641,0.001790797,2019,5,State,urban/rural,Education,statesector,0,Haryana,NA,Higher,NA,NA,NA,NA
957,0.027284494,0,2019,5,State,urban/rural,Education,statesector,0,Haryana,NA,NA,NA,NA,NA,NA
958,0.116843916,0.024572924,2019,5,State,urban/rural,Education,statesector,1,Haryana,NA,No education / Preschool,NA,NA,NA,NA
959,0.089084469,0.017200634,2019,5,State,urban/rural,Education,statesector,1,Haryana,NA,Primary,NA,NA,NA,NA
960,0.015684264,0.002839775,2019,5,State,urban/rural,Education,statesector,1,Haryana,NA,Secondary,NA,NA,NA,NA
961,0.005219698,0,2019,5,State,urban/rural,Education,statesector,1,Haryana,NA,Higher,NA,NA,NA,NA
962,0,0,2019,5,State,urban/rural,Education,statesector,1,Haryana,NA,NA,NA,NA,NA,NA
963,0.108863607,0.012933146,2019,5,State,urban/rural,Education,statesector,0,Himachal Pradesh,NA,No education / Preschool,NA,NA,NA,NA
964,0.078656942,0.010174753,2019,5,State,urban/rural,Education,statesector,0,Himachal Pradesh,NA,Primary,NA,NA,NA,NA
965,0.036722042,0.00215671,2019,5,State,urban/rural,Education,statesector,0,Himachal Pradesh,NA,Secondary,NA,NA,NA,NA
966,0.003493294,0,2019,5,State,urban/rural,Education,statesector,0,Himachal Pradesh,NA,Higher,NA,NA,NA,NA
967,0.017681088,0,2019,5,State,urban/rural,Education,statesector,0,Himachal Pradesh,NA,NA,NA,NA,NA,NA
968,0.183059052,0.093655989,2019,5,State,urban/rural,Education,statesector,1,Himachal Pradesh,NA,No education / Preschool,NA,NA,NA,NA
969,0.029557081,0.003860004,2019,5,State,urban/rural,Education,statesector,1,Himachal Pradesh,NA,Primary,NA,NA,NA,NA
970,0.004263785,0,2019,5,State,urban/rural,Education,statesector,1,Himachal Pradesh,NA,Secondary,NA,NA,NA,NA
971,0,0,2019,5,State,urban/rural,Education,statesector,1,Himachal Pradesh,NA,Higher,NA,NA,NA,NA
972,0.142107382,0.029274914,2019,5,State,urban/rural,Education,statesector,0,Jammu & Kashmir,NA,No education / Preschool,NA,NA,NA,NA
973,0.14712438,0.042703774,2019,5,State,urban/rural,Education,statesector,0,Jammu & Kashmir,NA,Primary,NA,NA,NA,NA
974,0.041161753,0.001125026,2019,5,State,urban/rural,Education,statesector,0,Jammu & Kashmir,NA,Secondary,NA,NA,NA,NA
975,0.012304427,0.000464085,2019,5,State,urban/rural,Education,statesector,0,Jammu & Kashmir,NA,Higher,NA,NA,NA,NA
976,0,0,2019,5,State,urban/rural,Education,statesector,0,Jammu & Kashmir,NA,NA,NA,NA,NA,NA
977,0.038011145,0.003669332,2019,5,State,urban/rural,Education,statesector,1,Jammu & Kashmir,NA,No education / Preschool,NA,NA,NA,NA
978,0.060176663,0.006636923,2019,5,State,urban/rural,Education,statesector,1,Jammu & Kashmir,NA,Primary,NA,NA,NA,NA
979,0.007466043,0,2019,5,State,urban/rural,Education,statesector,1,Jammu & Kashmir,NA,Secondary,NA,NA,NA,NA
980,0.001275481,0,2019,5,State,urban/rural,Education,statesector,1,Jammu & Kashmir,NA,Higher,NA,NA,NA,NA
981,0.507335126,0.187404945,2019,5,State,urban/rural,Education,statesector,0,Jharkhand,NA,No education / Preschool,NA,NA,NA,NA
982,0.42359215,0.155182168,2019,5,State,urban/rural,Education,statesector,0,Jharkhand,NA,Primary,NA,NA,NA,NA
983,0.24071233,0.030540427,2019,5,State,urban/rural,Education,statesector,0,Jharkhand,NA,Secondary,NA,NA,NA,NA
984,0.118902415,0.008203412,2019,5,State,urban/rural,Education,statesector,0,Jharkhand,NA,Higher,NA,NA,NA,NA
985,0.332804143,0.255730003,2019,5,State,urban/rural,Education,statesector,0,Jharkhand,NA,NA,NA,NA,NA,NA
986,0.250748783,0.066774704,2019,5,State,urban/rural,Education,statesector,1,Jharkhand,NA,No education / Preschool,NA,NA,NA,NA
987,0.156386495,0.038246676,2019,5,State,urban/rural,Education,statesector,1,Jharkhand,NA,Primary,NA,NA,NA,NA
988,0.039253645,0.003074874,2019,5,State,urban/rural,Education,statesector,1,Jharkhand,NA,Secondary,NA,NA,NA,NA
989,0.008776738,0,2019,5,State,urban/rural,Education,statesector,1,Jharkhand,NA,Higher,NA,NA,NA,NA
990,0.034702446,0,2019,5,State,urban/rural,Education,statesector,1,Jharkhand,NA,NA,NA,NA,NA,NA
991,0.184241176,0.035906054,2019,5,State,urban/rural,Education,statesector,0,Karnataka,NA,No education / Preschool,NA,NA,NA,NA
992,0.120537125,0.017401887,2019,5,State,urban/rural,Education,statesector,0,Karnataka,NA,Primary,NA,NA,NA,NA
993,0.054707259,0.002387225,2019,5,State,urban/rural,Education,statesector,0,Karnataka,NA,Secondary,NA,NA,NA,NA
994,0.029129641,0,2019,5,State,urban/rural,Education,statesector,0,Karnataka,NA,Higher,NA,NA,NA,NA
995,0.119464472,0,2019,5,State,urban/rural,Education,statesector,0,Karnataka,NA,NA,NA,NA,NA,NA
996,0.081976727,0.010212733,2019,5,State,urban/rural,Education,statesector,1,Karnataka,NA,No education / Preschool,NA,NA,NA,NA
997,0.047539759,0.006372867,2019,5,State,urban/rural,Education,statesector,1,Karnataka,NA,Primary,NA,NA,NA,NA
998,0.012690858,0.000745151,2019,5,State,urban/rural,Education,statesector,1,Karnataka,NA,Secondary,NA,NA,NA,NA
999,0.007117304,0.000504505,2019,5,State,urban/rural,Education,statesector,1,Karnataka,NA,Higher,NA,NA,NA,NA
1000,0.052602306,0,2019,5,State,urban/rural,Education,statesector,1,Karnataka,NA,NA,NA,NA,NA,NA
1001,0.06674853,0.003287814,2019,5,State,urban/rural,Education,statesector,0,Kerala,NA,No education / Preschool,NA,NA,NA,NA
1002,0.015380382,0.001004008,2019,5,State,urban/rural,Education,statesector,0,Kerala,NA,Primary,NA,NA,NA,NA
1003,0.007187884,0.000183893,2019,5,State,urban/rural,Education,statesector,0,Kerala,NA,Secondary,NA,NA,NA,NA
1004,0,0,2019,5,State,urban/rural,Education,statesector,0,Kerala,NA,Higher,NA,NA,NA,NA
1005,0,0,2019,5,State,urban/rural,Education,statesector,0,Kerala,NA,NA,NA,NA,NA,NA
1006,0.01497622,0,2019,5,State,urban/rural,Education,statesector,1,Kerala,NA,No education / Preschool,NA,NA,NA,NA
1007,0.006816137,0,2019,5,State,urban/rural,Education,statesector,1,Kerala,NA,Primary,NA,NA,NA,NA
1008,0.00354115,0,2019,5,State,urban/rural,Education,statesector,1,Kerala,NA,Secondary,NA,NA,NA,NA
1009,0,0,2019,5,State,urban/rural,Education,statesector,1,Kerala,NA,Higher,NA,NA,NA,NA
1010,0,0,2019,5,State,urban/rural,Education,statesector,1,Kerala,NA,NA,NA,NA,NA,NA
1011,0.109021023,0.013634458,2019,5,State,urban/rural,Education,statesector,0,Ladakh,NA,No education / Preschool,NA,NA,NA,NA
1012,0.144707844,0.034698345,2019,5,State,urban/rural,Education,statesector,0,Ladakh,NA,Primary,NA,NA,NA,NA
1013,0.049405728,0.003215823,2019,5,State,urban/rural,Education,statesector,0,Ladakh,NA,Secondary,NA,NA,NA,NA
1014,0.045469884,0.00759265,2019,5,State,urban/rural,Education,statesector,0,Ladakh,NA,Higher,NA,NA,NA,NA
1015,0,0,2019,5,State,urban/rural,Education,statesector,0,Ladakh,NA,NA,NA,NA,NA,NA
1016,0.038242273,0,2019,5,State,urban/rural,Education,statesector,1,Ladakh,NA,No education / Preschool,NA,NA,NA,NA
1017,0.055111207,0.055111207,2019,5,State,urban/rural,Education,statesector,1,Ladakh,NA,Primary,NA,NA,NA,NA
1018,0,0,2019,5,State,urban/rural,Education,statesector,1,Ladakh,NA,Secondary,NA,NA,NA,NA
1019,0,0,2019,5,State,urban/rural,Education,statesector,1,Ladakh,NA,Higher,NA,NA,NA,NA
1020,0,0,2019,5,State,urban/rural,Education,statesector,0,Lakshadweep,NA,No education / Preschool,NA,NA,NA,NA
1021,0,0,2019,5,State,urban/rural,Education,statesector,0,Lakshadweep,NA,Primary,NA,NA,NA,NA
1022,0.02097417,0,2019,5,State,urban/rural,Education,statesector,0,Lakshadweep,NA,Secondary,NA,NA,NA,NA
1023,0,0,2019,5,State,urban/rural,Education,statesector,0,Lakshadweep,NA,Higher,NA,NA,NA,NA
1024,0.011423453,0,2019,5,State,urban/rural,Education,statesector,1,Lakshadweep,NA,No education / Preschool,NA,NA,NA,NA
1025,0.005836794,0,2019,5,State,urban/rural,Education,statesector,1,Lakshadweep,NA,Primary,NA,NA,NA,NA
1026,0.009767166,0,2019,5,State,urban/rural,Education,statesector,1,Lakshadweep,NA,Secondary,NA,NA,NA,NA
1027,0,0,2019,5,State,urban/rural,Education,statesector,1,Lakshadweep,NA,Higher,NA,NA,NA,NA
1028,0,0,2019,5,State,urban/rural,Education,statesector,1,Lakshadweep,NA,NA,NA,NA,NA,NA
1029,0.434441119,0.127949044,2019,5,State,urban/rural,Education,statesector,0,Madhya Pradesh,NA,No education / Preschool,NA,NA,NA,NA
1030,0.322055608,0.076183975,2019,5,State,urban/rural,Education,statesector,0,Madhya Pradesh,NA,Primary,NA,NA,NA,NA
1031,0.183039501,0.019723779,2019,5,State,urban/rural,Education,statesector,0,Madhya Pradesh,NA,Secondary,NA,NA,NA,NA
1032,0.095923595,0.005580183,2019,5,State,urban/rural,Education,statesector,0,Madhya Pradesh,NA,Higher,NA,NA,NA,NA
1033,0.156861544,0.078438565,2019,5,State,urban/rural,Education,statesector,0,Madhya Pradesh,NA,NA,NA,NA,NA,NA
1034,0.185181051,0.046269279,2019,5,State,urban/rural,Education,statesector,1,Madhya Pradesh,NA,No education / Preschool,NA,NA,NA,NA
1035,0.134965807,0.023556279,2019,5,State,urban/rural,Education,statesector,1,Madhya Pradesh,NA,Primary,NA,NA,NA,NA
1036,0.037235551,0.002790055,2019,5,State,urban/rural,Education,statesector,1,Madhya Pradesh,NA,Secondary,NA,NA,NA,NA
1037,0.015165458,0.000157097,2019,5,State,urban/rural,Education,statesector,1,Madhya Pradesh,NA,Higher,NA,NA,NA,NA
1038,0.007790954,0.007790954,2019,5,State,urban/rural,Education,statesector,1,Madhya Pradesh,NA,NA,NA,NA,NA,NA
1039,0.273478895,0.060460977,2019,5,State,urban/rural,Education,statesector,0,Maharashtra,NA,No education / Preschool,NA,NA,NA,NA
1040,0.160618246,0.028802937,2019,5,State,urban/rural,Education,statesector,0,Maharashtra,NA,Primary,NA,NA,NA,NA
1041,0.070546649,0.004064709,2019,5,State,urban/rural,Education,statesector,0,Maharashtra,NA,Secondary,NA,NA,NA,NA
1042,0.026421137,0.000952344,2019,5,State,urban/rural,Education,statesector,0,Maharashtra,NA,Higher,NA,NA,NA,NA
1043,0.087593645,0,2019,5,State,urban/rural,Education,statesector,0,Maharashtra,NA,NA,NA,NA,NA,NA
1044,0.111991726,0.016248727,2019,5,State,urban/rural,Education,statesector,1,Maharashtra,NA,No education / Preschool,NA,NA,NA,NA
1045,0.059720345,0.005419409,2019,5,State,urban/rural,Education,statesector,1,Maharashtra,NA,Primary,NA,NA,NA,NA
1046,0.019201906,0.001167723,2019,5,State,urban/rural,Education,statesector,1,Maharashtra,NA,Secondary,NA,NA,NA,NA
1047,0.003687282,0,2019,5,State,urban/rural,Education,statesector,1,Maharashtra,NA,Higher,NA,NA,NA,NA
1048,0,0,2019,5,State,urban/rural,Education,statesector,1,Maharashtra,NA,NA,NA,NA,NA,NA
1049,0.219574496,0.045115717,2019,5,State,urban/rural,Education,statesector,0,Manipur,NA,No education / Preschool,NA,NA,NA,NA
1050,0.21603933,0.054544952,2019,5,State,urban/rural,Education,statesector,0,Manipur,NA,Primary,NA,NA,NA,NA
1051,0.091924489,0.004249184,2019,5,State,urban/rural,Education,statesector,0,Manipur,NA,Secondary,NA,NA,NA,NA
1052,0.041325025,0.000746006,2019,5,State,urban/rural,Education,statesector,0,Manipur,NA,Higher,NA,NA,NA,NA
1053,0,0,2019,5,State,urban/rural,Education,statesector,0,Manipur,NA,NA,NA,NA,NA,NA
1054,0.090952754,0.006920136,2019,5,State,urban/rural,Education,statesector,1,Manipur,NA,No education / Preschool,NA,NA,NA,NA
1055,0.104902163,0.02075089,2019,5,State,urban/rural,Education,statesector,1,Manipur,NA,Primary,NA,NA,NA,NA
1056,0.039402399,0.00311114,2019,5,State,urban/rural,Education,statesector,1,Manipur,NA,Secondary,NA,NA,NA,NA
1057,0.006450876,0,2019,5,State,urban/rural,Education,statesector,1,Manipur,NA,Higher,NA,NA,NA,NA
1058,0,0,2019,5,State,urban/rural,Education,statesector,1,Manipur,NA,NA,NA,NA,NA,NA
1059,0.448348224,0.207468823,2019,5,State,urban/rural,Education,statesector,0,Meghalaya,NA,No education / Preschool,NA,NA,NA,NA
1060,0.403476655,0.176037893,2019,5,State,urban/rural,Education,statesector,0,Meghalaya,NA,Primary,NA,NA,NA,NA
1061,0.158178627,0.019456897,2019,5,State,urban/rural,Education,statesector,0,Meghalaya,NA,Secondary,NA,NA,NA,NA
1062,0.059938937,0,2019,5,State,urban/rural,Education,statesector,0,Meghalaya,NA,Higher,NA,NA,NA,NA
1063,0.542679548,0.027499434,2019,5,State,urban/rural,Education,statesector,0,Meghalaya,NA,NA,NA,NA,NA,NA
1064,0.204436973,0.064109258,2019,5,State,urban/rural,Education,statesector,1,Meghalaya,NA,No education / Preschool,NA,NA,NA,NA
1065,0.193861872,0.090520568,2019,5,State,urban/rural,Education,statesector,1,Meghalaya,NA,Primary,NA,NA,NA,NA
1066,0.054877233,0.013698818,2019,5,State,urban/rural,Education,statesector,1,Meghalaya,NA,Secondary,NA,NA,NA,NA
1067,0.011335201,0,2019,5,State,urban/rural,Education,statesector,1,Meghalaya,NA,Higher,NA,NA,NA,NA
1068,0.121249378,0,2019,5,State,urban/rural,Education,statesector,1,Meghalaya,NA,NA,NA,NA,NA,NA
1069,0.345194191,0.132887527,2019,5,State,urban/rural,Education,statesector,0,Mizoram,NA,No education / Preschool,NA,NA,NA,NA
1070,0.137842625,0.049402922,2019,5,State,urban/rural,Education,statesector,0,Mizoram,NA,Primary,NA,NA,NA,NA
1071,0.038913313,0.003250366,2019,5,State,urban/rural,Education,statesector,0,Mizoram,NA,Secondary,NA,NA,NA,NA
1072,0.014858248,0,2019,5,State,urban/rural,Education,statesector,0,Mizoram,NA,Higher,NA,NA,NA,NA
1073,0.040251195,0,2019,5,State,urban/rural,Education,statesector,0,Mizoram,NA,NA,NA,NA,NA,NA
1074,0.027384467,0.002109433,2019,5,State,urban/rural,Education,statesector,1,Mizoram,NA,No education / Preschool,NA,NA,NA,NA
1075,0.020439066,0.002242087,2019,5,State,urban/rural,Education,statesector,1,Mizoram,NA,Primary,NA,NA,NA,NA
1076,0.004627985,0.000247972,2019,5,State,urban/rural,Education,statesector,1,Mizoram,NA,Secondary,NA,NA,NA,NA
1077,0.001045965,0,2019,5,State,urban/rural,Education,statesector,1,Mizoram,NA,Higher,NA,NA,NA,NA
1078,0,0,2019,5,State,urban/rural,Education,statesector,1,Mizoram,NA,NA,NA,NA,NA,NA
1079,0.414634556,0.082275309,2019,5,State,urban/rural,Education,statesector,0,Nagaland,NA,No education / Preschool,NA,NA,NA,NA
1080,0.331329107,0.071769327,2019,5,State,urban/rural,Education,statesector,0,Nagaland,NA,Primary,NA,NA,NA,NA
1081,0.130150646,0.013921914,2019,5,State,urban/rural,Education,statesector,0,Nagaland,NA,Secondary,NA,NA,NA,NA
1082,0.051590141,0.005970369,2019,5,State,urban/rural,Education,statesector,0,Nagaland,NA,Higher,NA,NA,NA,NA
1083,0.517568231,0.517568231,2019,5,State,urban/rural,Education,statesector,0,Nagaland,NA,NA,NA,NA,NA,NA
1084,0.231817111,0.049549166,2019,5,State,urban/rural,Education,statesector,1,Nagaland,NA,No education / Preschool,NA,NA,NA,NA
1085,0.162192836,0.031084266,2019,5,State,urban/rural,Education,statesector,1,Nagaland,NA,Primary,NA,NA,NA,NA
1086,0.037750613,0.000447679,2019,5,State,urban/rural,Education,statesector,1,Nagaland,NA,Secondary,NA,NA,NA,NA
1087,0.01243315,0,2019,5,State,urban/rural,Education,statesector,1,Nagaland,NA,Higher,NA,NA,NA,NA
1088,0,0,2019,5,State,urban/rural,Education,statesector,1,Nagaland,NA,NA,NA,NA,NA,NA
1089,0.407857209,0.136771277,2019,5,State,urban/rural,Education,statesector,0,Odisha,NA,No education / Preschool,NA,NA,NA,NA
1090,0.262736499,0.063769832,2019,5,State,urban/rural,Education,statesector,0,Odisha,NA,Primary,NA,NA,NA,NA
1091,0.116778903,0.006399003,2019,5,State,urban/rural,Education,statesector,0,Odisha,NA,Secondary,NA,NA,NA,NA
1092,0.030186649,0,2019,5,State,urban/rural,Education,statesector,0,Odisha,NA,Higher,NA,NA,NA,NA
1093,0.2298996,0.045155507,2019,5,State,urban/rural,Education,statesector,0,Odisha,NA,NA,NA,NA,NA,NA
1094,0.214391008,0.053892843,2019,5,State,urban/rural,Education,statesector,1,Odisha,NA,No education / Preschool,NA,NA,NA,NA
1095,0.103025258,0.032767799,2019,5,State,urban/rural,Education,statesector,1,Odisha,NA,Primary,NA,NA,NA,NA
1096,0.028757565,0.000468673,2019,5,State,urban/rural,Education,statesector,1,Odisha,NA,Secondary,NA,NA,NA,NA
1097,0.00159288,0,2019,5,State,urban/rural,Education,statesector,1,Odisha,NA,Higher,NA,NA,NA,NA
1098,0,0,2019,5,State,urban/rural,Education,statesector,1,Odisha,NA,NA,NA,NA,NA,NA
1099,0.043794461,0.005235418,2019,5,State,urban/rural,Education,statesector,0,Puducherry,NA,No education / Preschool,NA,NA,NA,NA
1100,0.019313203,0,2019,5,State,urban/rural,Education,statesector,0,Puducherry,NA,Primary,NA,NA,NA,NA
1101,0.005060981,0,2019,5,State,urban/rural,Education,statesector,0,Puducherry,NA,Secondary,NA,NA,NA,NA
1102,0,0,2019,5,State,urban/rural,Education,statesector,0,Puducherry,NA,Higher,NA,NA,NA,NA
1103,0.033166151,0.000879979,2019,5,State,urban/rural,Education,statesector,1,Puducherry,NA,No education / Preschool,NA,NA,NA,NA
1104,0.04404474,0,2019,5,State,urban/rural,Education,statesector,1,Puducherry,NA,Primary,NA,NA,NA,NA
1105,0.002914901,0,2019,5,State,urban/rural,Education,statesector,1,Puducherry,NA,Secondary,NA,NA,NA,NA
1106,0.002956606,0,2019,5,State,urban/rural,Education,statesector,1,Puducherry,NA,Higher,NA,NA,NA,NA
1107,0,0,2019,5,State,urban/rural,Education,statesector,1,Puducherry,NA,NA,NA,NA,NA,NA
1108,0.088561967,0.014568466,2019,5,State,urban/rural,Education,statesector,0,Punjab,NA,No education / Preschool,NA,NA,NA,NA
1109,0.065644756,0.0122342,2019,5,State,urban/rural,Education,statesector,0,Punjab,NA,Primary,NA,NA,NA,NA
1110,0.014547579,0,2019,5,State,urban/rural,Education,statesector,0,Punjab,NA,Secondary,NA,NA,NA,NA
1111,0,0,2019,5,State,urban/rural,Education,statesector,0,Punjab,NA,Higher,NA,NA,NA,NA
1112,0,0,2019,5,State,urban/rural,Education,statesector,0,Punjab,NA,NA,NA,NA,NA,NA
1113,0.134664148,0.026038742,2019,5,State,urban/rural,Education,statesector,1,Punjab,NA,No education / Preschool,NA,NA,NA,NA
1114,0.056717094,0.006955192,2019,5,State,urban/rural,Education,statesector,1,Punjab,NA,Primary,NA,NA,NA,NA
1115,0.010250776,0,2019,5,State,urban/rural,Education,statesector,1,Punjab,NA,Secondary,NA,NA,NA,NA
1116,0.002725686,0,2019,5,State,urban/rural,Education,statesector,1,Punjab,NA,Higher,NA,NA,NA,NA
1117,0,0,2019,5,State,urban/rural,Education,statesector,1,Punjab,NA,NA,NA,NA,NA,NA
1118,0.284649909,0.075075775,2019,5,State,urban/rural,Education,statesector,0,Rajasthan,NA,No education / Preschool,NA,NA,NA,NA
1119,0.258324385,0.072041392,2019,5,State,urban/rural,Education,statesector,0,Rajasthan,NA,Primary,NA,NA,NA,NA
1120,0.113756157,0.008216824,2019,5,State,urban/rural,Education,statesector,0,Rajasthan,NA,Secondary,NA,NA,NA,NA
1121,0.079564907,0.00443586,2019,5,State,urban/rural,Education,statesector,0,Rajasthan,NA,Higher,NA,NA,NA,NA
1122,0.239200071,0.058570538,2019,5,State,urban/rural,Education,statesector,0,Rajasthan,NA,NA,NA,NA,NA,NA
1123,0.114679649,0.024827437,2019,5,State,urban/rural,Education,statesector,1,Rajasthan,NA,No education / Preschool,NA,NA,NA,NA
1124,0.081563056,0.016111633,2019,5,State,urban/rural,Education,statesector,1,Rajasthan,NA,Primary,NA,NA,NA,NA
1125,0.014449091,0.001540665,2019,5,State,urban/rural,Education,statesector,1,Rajasthan,NA,Secondary,NA,NA,NA,NA
1126,0.006611609,0,2019,5,State,urban/rural,Education,statesector,1,Rajasthan,NA,Higher,NA,NA,NA,NA
1127,0,0,2019,5,State,urban/rural,Education,statesector,1,Rajasthan,NA,NA,NA,NA,NA,NA
1128,0.106853485,0.011627568,2019,5,State,urban/rural,Education,statesector,0,Sikkim,NA,No education / Preschool,NA,NA,NA,NA
1129,0.086787365,0.015720023,2019,5,State,urban/rural,Education,statesector,0,Sikkim,NA,Primary,NA,NA,NA,NA
1130,0.010262665,0,2019,5,State,urban/rural,Education,statesector,0,Sikkim,NA,Secondary,NA,NA,NA,NA
1131,0.003724168,0,2019,5,State,urban/rural,Education,statesector,0,Sikkim,NA,Higher,NA,NA,NA,NA
1132,0,0,2019,5,State,urban/rural,Education,statesector,0,Sikkim,NA,NA,NA,NA,NA,NA
1133,0.012718556,0,2019,5,State,urban/rural,Education,statesector,1,Sikkim,NA,No education / Preschool,NA,NA,NA,NA
1134,0.017460726,0.001010629,2019,5,State,urban/rural,Education,statesector,1,Sikkim,NA,Primary,NA,NA,NA,NA
1135,0,0,2019,5,State,urban/rural,Education,statesector,1,Sikkim,NA,Secondary,NA,NA,NA,NA
1136,0,0,2019,5,State,urban/rural,Education,statesector,1,Sikkim,NA,Higher,NA,NA,NA,NA
1137,0,0,2019,5,State,urban/rural,Education,statesector,1,Sikkim,NA,NA,NA,NA,NA,NA
1138,0.116271876,0.006048227,2019,5,State,urban/rural,Education,statesector,0,Tamil Nadu,NA,No education / Preschool,NA,NA,NA,NA
1139,0.061771095,0.006029862,2019,5,State,urban/rural,Education,statesector,0,Tamil Nadu,NA,Primary,NA,NA,NA,NA
1140,0.021317035,0.000932404,2019,5,State,urban/rural,Education,statesector,0,Tamil Nadu,NA,Secondary,NA,NA,NA,NA
1141,0.011233362,0.001533266,2019,5,State,urban/rural,Education,statesector,0,Tamil Nadu,NA,Higher,NA,NA,NA,NA
1142,0.037588689,0.037588689,2019,5,State,urban/rural,Education,statesector,0,Tamil Nadu,NA,NA,NA,NA,NA,NA
1143,0.062673055,0.001313425,2019,5,State,urban/rural,Education,statesector,1,Tamil Nadu,NA,No education / Preschool,NA,NA,NA,NA
1144,0.040651698,0.002867744,2019,5,State,urban/rural,Education,statesector,1,Tamil Nadu,NA,Primary,NA,NA,NA,NA
1145,0.010701634,0,2019,5,State,urban/rural,Education,statesector,1,Tamil Nadu,NA,Secondary,NA,NA,NA,NA
1146,0.000536953,0,2019,5,State,urban/rural,Education,statesector,1,Tamil Nadu,NA,Higher,NA,NA,NA,NA
1147,0,0,2019,5,State,urban/rural,Education,statesector,1,Tamil Nadu,NA,NA,NA,NA,NA,NA
1148,0.133506015,0.016636124,2019,5,State,urban/rural,Education,statesector,0,Telangana,NA,No education / Preschool,NA,NA,NA,NA
1149,0.102317795,0.014811397,2019,5,State,urban/rural,Education,statesector,0,Telangana,NA,Primary,NA,NA,NA,NA
1150,0.021987373,0.000829097,2019,5,State,urban/rural,Education,statesector,0,Telangana,NA,Secondary,NA,NA,NA,NA
1151,0.007538598,0,2019,5,State,urban/rural,Education,statesector,0,Telangana,NA,Higher,NA,NA,NA,NA
1152,0.212101236,0,2019,5,State,urban/rural,Education,statesector,0,Telangana,NA,NA,NA,NA,NA,NA
1153,0.069129497,0.011649502,2019,5,State,urban/rural,Education,statesector,1,Telangana,NA,No education / Preschool,NA,NA,NA,NA
1154,0.049154665,0,2019,5,State,urban/rural,Education,statesector,1,Telangana,NA,Primary,NA,NA,NA,NA
1155,0.009743832,0.00037947,2019,5,State,urban/rural,Education,statesector,1,Telangana,NA,Secondary,NA,NA,NA,NA
1156,0.00436505,0,2019,5,State,urban/rural,Education,statesector,1,Telangana,NA,Higher,NA,NA,NA,NA
1157,0.164220184,0,2019,5,State,urban/rural,Education,statesector,1,Telangana,NA,NA,NA,NA,NA,NA
1158,0.330244124,0.077091545,2019,5,State,urban/rural,Education,statesector,0,Tripura,NA,No education / Preschool,NA,NA,NA,NA
1159,0.258318186,0.049759153,2019,5,State,urban/rural,Education,statesector,0,Tripura,NA,Primary,NA,NA,NA,NA
1160,0.092313588,0.005742901,2019,5,State,urban/rural,Education,statesector,0,Tripura,NA,Secondary,NA,NA,NA,NA
1161,0.015056744,0,2019,5,State,urban/rural,Education,statesector,0,Tripura,NA,Higher,NA,NA,NA,NA
1162,0.126861081,0.017782344,2019,5,State,urban/rural,Education,statesector,0,Tripura,NA,NA,NA,NA,NA,NA
1163,0.150501356,0.039188899,2019,5,State,urban/rural,Education,statesector,1,Tripura,NA,No education / Preschool,NA,NA,NA,NA
1164,0.109043993,0.020996539,2019,5,State,urban/rural,Education,statesector,1,Tripura,NA,Primary,NA,NA,NA,NA
1165,0.026387045,0,2019,5,State,urban/rural,Education,statesector,1,Tripura,NA,Secondary,NA,NA,NA,NA
1166,0,0,2019,5,State,urban/rural,Education,statesector,1,Tripura,NA,Higher,NA,NA,NA,NA
1167,0.762826979,0,2019,5,State,urban/rural,Education,statesector,1,Tripura,NA,NA,NA,NA,NA,NA
1168,0.385918677,0.138656497,2019,5,State,urban/rural,Education,statesector,0,Uttar Pradesh,NA,No education / Preschool,NA,NA,NA,NA
1169,0.338013828,0.113437593,2019,5,State,urban/rural,Education,statesector,0,Uttar Pradesh,NA,Primary,NA,NA,NA,NA
1170,0.163990721,0.023365494,2019,5,State,urban/rural,Education,statesector,0,Uttar Pradesh,NA,Secondary,NA,NA,NA,NA
1171,0.08186803,0.008272554,2019,5,State,urban/rural,Education,statesector,0,Uttar Pradesh,NA,Higher,NA,NA,NA,NA
1172,0.283203542,0.076751038,2019,5,State,urban/rural,Education,statesector,0,Uttar Pradesh,NA,NA,NA,NA,NA,NA
1173,0.265221328,0.081316151,2019,5,State,urban/rural,Education,statesector,1,Uttar Pradesh,NA,No education / Preschool,NA,NA,NA,NA
1174,0.185032368,0.036232479,2019,5,State,urban/rural,Education,statesector,1,Uttar Pradesh,NA,Primary,NA,NA,NA,NA
1175,0.043948323,0.005284716,2019,5,State,urban/rural,Education,statesector,1,Uttar Pradesh,NA,Secondary,NA,NA,NA,NA
1176,0.008380516,0.000175592,2019,5,State,urban/rural,Education,statesector,1,Uttar Pradesh,NA,Higher,NA,NA,NA,NA
1177,0.155011341,0,2019,5,State,urban/rural,Education,statesector,1,Uttar Pradesh,NA,NA,NA,NA,NA,NA
1178,0.18961969,0.025387859,2019,5,State,urban/rural,Education,statesector,0,Uttarakhand,NA,No education / Preschool,NA,NA,NA,NA
1179,0.173993349,0.035518967,2019,5,State,urban/rural,Education,statesector,0,Uttarakhand,NA,Primary,NA,NA,NA,NA
1180,0.063314699,0.005139479,2019,5,State,urban/rural,Education,statesector,0,Uttarakhand,NA,Secondary,NA,NA,NA,NA
1181,0.010514823,0.000336609,2019,5,State,urban/rural,Education,statesector,0,Uttarakhand,NA,Higher,NA,NA,NA,NA
1182,0.264395773,0,2019,5,State,urban/rural,Education,statesector,0,Uttarakhand,NA,NA,NA,NA,NA,NA
1183,0.20111455,0.054576356,2019,5,State,urban/rural,Education,statesector,1,Uttarakhand,NA,No education / Preschool,NA,NA,NA,NA
1184,0.065427817,0.014341614,2019,5,State,urban/rural,Education,statesector,1,Uttarakhand,NA,Primary,NA,NA,NA,NA
1185,0.027479954,0,2019,5,State,urban/rural,Education,statesector,1,Uttarakhand,NA,Secondary,NA,NA,NA,NA
1186,0.004623912,0,2019,5,State,urban/rural,Education,statesector,1,Uttarakhand,NA,Higher,NA,NA,NA,NA
1187,0,0,2019,5,State,urban/rural,Education,statesector,1,Uttarakhand,NA,NA,NA,NA,NA,NA
1188,0.325262398,0.073041975,2019,5,State,urban/rural,Education,statesector,0,West Bengal,NA,No education / Preschool,NA,NA,NA,NA
1189,0.21998769,0.041399881,2019,5,State,urban/rural,Education,statesector,0,West Bengal,NA,Primary,NA,NA,NA,NA
1190,0.088023074,0.003796338,2019,5,State,urban/rural,Education,statesector,0,West Bengal,NA,Secondary,NA,NA,NA,NA
1191,0.041642603,0.00316156,2019,5,State,urban/rural,Education,statesector,0,West Bengal,NA,Higher,NA,NA,NA,NA
1192,0.527084708,0.326607615,2019,5,State,urban/rural,Education,statesector,0,West Bengal,NA,NA,NA,NA,NA,NA
1193,0.157701924,0.040417515,2019,5,State,urban/rural,Education,statesector,1,West Bengal,NA,No education / Preschool,NA,NA,NA,NA
1194,0.093960203,0.014638687,2019,5,State,urban/rural,Education,statesector,1,West Bengal,NA,Primary,NA,NA,NA,NA
1195,0.018018488,0.001439305,2019,5,State,urban/rural,Education,statesector,1,West Bengal,NA,Secondary,NA,NA,NA,NA
1196,0.001042704,0,2019,5,State,urban/rural,Education,statesector,1,West Bengal,NA,Higher,NA,NA,NA,NA
1197,0,0,2019,5,State,urban/rural,Education,statesector,1,West Bengal,NA,NA,NA,NA,NA,NA
1198,0.15864484,0.040209692,2019,5,National,All,Gender,allindia,99,India,NA,NA,1,NA,NA,NA
1199,0.196200892,0.056171134,2019,5,National,All,Gender,allindia,99,India,NA,NA,2,NA,NA,NA
1200,0.191863284,0.049777817,2019,5,National,All,Gender,allindia,99,India,NA,NA,NA,NA,NA,NA
1201,0.205381826,0.053379823,2019,5,National,urban/rural,Gender,indiasector,0,India,NA,NA,1,NA,NA,NA
1202,0.255814701,0.075571217,2019,5,National,urban/rural,Gender,indiasector,0,India,NA,NA,2,NA,NA,NA
1203,0.262155771,0.06992498,2019,5,National,urban/rural,Gender,indiasector,0,India,NA,NA,NA,NA,NA,NA
1204,0.052892651,0.010409527,2019,5,National,urban/rural,Gender,indiasector,1,India,NA,NA,1,NA,NA,NA
1205,0.068551965,0.014630415,2019,5,National,urban/rural,Gender,indiasector,1,India,NA,NA,2,NA,NA,NA
1206,0.028080275,0.002834487,2019,5,National,urban/rural,Gender,indiasector,1,India,NA,NA,NA,NA,NA,NA
1207,0.038660254,0.005554752,2019,5,State,All,Gender,state,99,Andaman & Nicobar Islands,NA,NA,1,NA,NA,NA
1208,0.027681971,0,2019,5,State,All,Gender,state,99,Andaman & Nicobar Islands,NA,NA,2,NA,NA,NA
1209,0,0,2019,5,State,All,Gender,state,99,Andaman & Nicobar Islands,NA,NA,NA,NA,NA,NA
1210,0.068711981,0.009768095,2019,5,State,All,Gender,state,99,Andhra Pradesh,NA,NA,1,NA,NA,NA
1211,0.101471148,0.009168919,2019,5,State,All,Gender,state,99,Andhra Pradesh,NA,NA,2,NA,NA,NA
1212,0,0,2019,5,State,All,Gender,state,99,Andhra Pradesh,NA,NA,NA,NA,NA,NA
1213,0.132602483,0.028259708,2019,5,State,All,Gender,state,99,Arunachal Pradesh,NA,NA,1,NA,NA,NA
1214,0.127864942,0.021525515,2019,5,State,All,Gender,state,99,Arunachal Pradesh,NA,NA,2,NA,NA,NA
1215,0.222357109,0,2019,5,State,All,Gender,state,99,Arunachal Pradesh,NA,NA,NA,NA,NA,NA
1216,0.210938439,0.053184655,2019,5,State,All,Gender,state,99,Assam,NA,NA,1,NA,NA,NA
1217,0.235806569,0.062188718,2019,5,State,All,Gender,state,99,Assam,NA,NA,2,NA,NA,NA
1218,0,0,2019,5,State,All,Gender,state,99,Assam,NA,NA,NA,NA,NA,NA
1219,0.326852053,0.11904753,2019,5,State,All,Gender,state,99,Bihar,NA,NA,1,NA,NA,NA
1220,0.430616945,0.186913475,2019,5,State,All,Gender,state,99,Bihar,NA,NA,2,NA,NA,NA
1221,0.541716576,0.109125696,2019,5,State,All,Gender,state,99,Bihar,NA,NA,NA,NA,NA,NA
1222,0.042092554,0.013520621,2019,5,State,All,Gender,state,99,Chandigarh,NA,NA,1,NA,NA,NA
1223,0.020771759,0,2019,5,State,All,Gender,state,99,Chandigarh,NA,NA,2,NA,NA,NA
1224,0.175570965,0.037671432,2019,5,State,All,Gender,state,99,Chhattisgarh,NA,NA,1,NA,NA,NA
1225,0.200528592,0.035030607,2019,5,State,All,Gender,state,99,Chhattisgarh,NA,NA,2,NA,NA,NA
1226,0.157484755,0,2019,5,State,All,Gender,state,99,Chhattisgarh,NA,NA,NA,NA,NA,NA
1227,0.134812593,0.024163062,2019,5,State,All,Gender,state,99,Dadra & Nagar Haveli and Daman & Diu,NA,NA,1,NA,NA,NA
1228,0.203354388,0.024066677,2019,5,State,All,Gender,state,99,Dadra & Nagar Haveli and Daman & Diu,NA,NA,2,NA,NA,NA
1229,0,0,2019,5,State,All,Gender,state,99,Dadra & Nagar Haveli and Daman & Diu,NA,NA,NA,NA,NA,NA
1230,0.033200767,0.004635413,2019,5,State,All,Gender,state,99,Delhi,NA,NA,1,NA,NA,NA
1231,0.035494711,0.006295013,2019,5,State,All,Gender,state,99,Delhi,NA,NA,2,NA,NA,NA
1232,0,0,2019,5,State,All,Gender,state,99,Delhi,NA,NA,NA,NA,NA,NA
1233,0.01547101,0.001744956,2019,5,State,All,Gender,state,99,Goa,NA,NA,1,NA,NA,NA
1234,0.008542362,0,2019,5,State,All,Gender,state,99,Goa,NA,NA,2,NA,NA,NA
1235,0,0,2019,5,State,All,Gender,state,99,Goa,NA,NA,NA,NA,NA,NA
1236,0.142220482,0.030126238,2019,5,State,All,Gender,state,99,Gujarat,NA,NA,1,NA,NA,NA
1237,0.160539955,0.030625455,2019,5,State,All,Gender,state,99,Gujarat,NA,NA,2,NA,NA,NA
1238,0.10969048,0,2019,5,State,All,Gender,state,99,Gujarat,NA,NA,NA,NA,NA,NA
1239,0.071066096,0.015636282,2019,5,State,All,Gender,state,99,Haryana,NA,NA,1,NA,NA,NA
1240,0.076280922,0.017959714,2019,5,State,All,Gender,state,99,Haryana,NA,NA,2,NA,NA,NA
1241,0.128989577,0,2019,5,State,All,Gender,state,99,Haryana,NA,NA,NA,NA,NA,NA
1242,0.054399442,0.006687869,2019,5,State,All,Gender,state,99,Himachal Pradesh,NA,NA,1,NA,NA,NA
1243,0.047857821,0.004965963,2019,5,State,All,Gender,state,99,Himachal Pradesh,NA,NA,2,NA,NA,NA
1244,0.038529612,0,2019,5,State,All,Gender,state,99,Himachal Pradesh,NA,NA,NA,NA,NA,NA
1245,0.06215227,0.010064524,2019,5,State,All,Gender,state,99,Jammu & Kashmir,NA,NA,1,NA,NA,NA
1246,0.070327282,0.010518699,2019,5,State,All,Gender,state,99,Jammu & Kashmir,NA,NA,2,NA,NA,NA
1247,0,0,2019,5,State,All,Gender,state,99,Jammu & Kashmir,NA,NA,NA,NA,NA,NA
1248,0.291621566,0.083581187,2019,5,State,All,Gender,state,99,Jharkhand,NA,NA,1,NA,NA,NA
1249,0.388780177,0.136485487,2019,5,State,All,Gender,state,99,Jharkhand,NA,NA,2,NA,NA,NA
1250,0.116944589,0.116944589,2019,5,State,All,Gender,state,99,Jharkhand,NA,NA,NA,NA,NA,NA
1251,0.083392181,0.013578673,2019,5,State,All,Gender,state,99,Karnataka,NA,NA,1,NA,NA,NA
1252,0.09142635,0.009743632,2019,5,State,All,Gender,state,99,Karnataka,NA,NA,2,NA,NA,NA
1253,0.098238394,0,2019,5,State,All,Gender,state,99,Karnataka,NA,NA,NA,NA,NA,NA
1254,0.007275401,0.000288556,2019,5,State,All,Gender,state,99,Kerala,NA,NA,1,NA,NA,NA
1255,0.013687226,0.000360979,2019,5,State,All,Gender,state,99,Kerala,NA,NA,2,NA,NA,NA
1256,0,0,2019,5,State,All,Gender,state,99,Kerala,NA,NA,NA,NA,NA,NA
1257,0.065700412,0.008520575,2019,5,State,All,Gender,state,99,Ladakh,NA,NA,1,NA,NA,NA
1258,0.056419954,0,2019,5,State,All,Gender,state,99,Ladakh,NA,NA,2,NA,NA,NA
1259,0,0,2019,5,State,All,Gender,state,99,Ladakh,NA,NA,NA,NA,NA,NA
1260,0.012960575,0,2019,5,State,All,Gender,state,99,Lakshadweep,NA,NA,1,NA,NA,NA
1261,0.003658481,0,2019,5,State,All,Gender,state,99,Lakshadweep,NA,NA,2,NA,NA,NA
1262,0,0,2019,5,State,All,Gender,state,99,Lakshadweep,NA,NA,NA,NA,NA,NA
1263,0.237646416,0.054228231,2019,5,State,All,Gender,state,99,Madhya Pradesh,NA,NA,1,NA,NA,NA
1264,0.259254456,0.058790591,2019,5,State,All,Gender,state,99,Madhya Pradesh,NA,NA,2,NA,NA,NA
1265,0.25001967,0.132587284,2019,5,State,All,Gender,state,99,Madhya Pradesh,NA,NA,NA,NA,NA,NA
1266,0.087661125,0.014031869,2019,5,State,All,Gender,state,99,Maharashtra,NA,NA,1,NA,NA,NA
1267,0.108207919,0.013630761,2019,5,State,All,Gender,state,99,Maharashtra,NA,NA,2,NA,NA,NA
1268,0.052512519,0,2019,5,State,All,Gender,state,99,Maharashtra,NA,NA,NA,NA,NA,NA
1269,0.093151286,0.012575624,2019,5,State,All,Gender,state,99,Manipur,NA,NA,1,NA,NA,NA
1270,0.115754433,0.020111214,2019,5,State,All,Gender,state,99,Manipur,NA,NA,2,NA,NA,NA
1271,0,0,2019,5,State,All,Gender,state,99,Manipur,NA,NA,NA,NA,NA,NA
1272,0.219680697,0.074168026,2019,5,State,All,Gender,state,99,Meghalaya,NA,NA,1,NA,NA,NA
1273,0.340491116,0.144124344,2019,5,State,All,Gender,state,99,Meghalaya,NA,NA,2,NA,NA,NA
1274,0.659486175,0.033418424,2019,5,State,All,Gender,state,99,Meghalaya,NA,NA,NA,NA,NA,NA
1275,0.062965281,0.01983802,2019,5,State,All,Gender,state,99,Mizoram,NA,NA,1,NA,NA,NA
1276,0.034512807,0.008142387,2019,5,State,All,Gender,state,99,Mizoram,NA,NA,2,NA,NA,NA
1277,0,0,2019,5,State,All,Gender,state,99,Mizoram,NA,NA,NA,NA,NA,NA
1278,0.172838524,0.031086223,2019,5,State,All,Gender,state,99,Nagaland,NA,NA,1,NA,NA,NA
1279,0.152650923,0.011581705,2019,5,State,All,Gender,state,99,Nagaland,NA,NA,2,NA,NA,NA
1280,0.517568231,0.517568231,2019,5,State,All,Gender,state,99,Nagaland,NA,NA,NA,NA,NA,NA
1281,0.20454374,0.051167108,2019,5,State,All,Gender,state,99,Odisha,NA,NA,1,NA,NA,NA
1282,0.229914635,0.054920025,2019,5,State,All,Gender,state,99,Odisha,NA,NA,2,NA,NA,NA
1283,0.138299137,0.046273332,2019,5,State,All,Gender,state,99,Odisha,NA,NA,NA,NA,NA,NA
1284,0.011273806,0.000192609,2019,5,State,All,Gender,state,99,Puducherry,NA,NA,1,NA,NA,NA
1285,0.027202092,0.001437135,2019,5,State,All,Gender,state,99,Puducherry,NA,NA,2,NA,NA,NA
1286,0,0,2019,5,State,All,Gender,state,99,Puducherry,NA,NA,NA,NA,NA,NA
1287,0.047234658,0.007253727,2019,5,State,All,Gender,state,99,Punjab,NA,NA,1,NA,NA,NA
1288,0.047966719,0.006362891,2019,5,State,All,Gender,state,99,Punjab,NA,NA,2,NA,NA,NA
1289,0,0,2019,5,State,All,Gender,state,99,Punjab,NA,NA,NA,NA,NA,NA
1290,0.164840281,0.036205322,2019,5,State,All,Gender,state,99,Rajasthan,NA,NA,1,NA,NA,NA
1291,0.173485473,0.038441144,2019,5,State,All,Gender,state,99,Rajasthan,NA,NA,2,NA,NA,NA
1292,0.079785891,0.079785891,2019,5,State,All,Gender,state,99,Rajasthan,NA,NA,NA,NA,NA,NA
1293,0.037915155,0.005668268,2019,5,State,All,Gender,state,99,Sikkim,NA,NA,1,NA,NA,NA
1294,0.030218888,0,2019,5,State,All,Gender,state,99,Sikkim,NA,NA,2,NA,NA,NA
1295,0,0,2019,5,State,All,Gender,state,99,Sikkim,NA,NA,NA,NA,NA,NA
1296,0.032362714,0.002116721,2019,5,State,All,Gender,state,99,Tamil Nadu,NA,NA,1,NA,NA,NA
1297,0.06619101,0.002628686,2019,5,State,All,Gender,state,99,Tamil Nadu,NA,NA,2,NA,NA,NA
1298,0,0,2019,5,State,All,Gender,state,99,Tamil Nadu,NA,NA,NA,NA,NA,NA
1299,0.063896634,0.007862411,2019,5,State,All,Gender,state,99,Telangana,NA,NA,1,NA,NA,NA
1300,0.090509139,0.009763751,2019,5,State,All,Gender,state,99,Telangana,NA,NA,2,NA,NA,NA
1301,0.067501761,0,2019,5,State,All,Gender,state,99,Telangana,NA,NA,NA,NA,NA,NA
1302,0.153388351,0.027311791,2019,5,State,All,Gender,state,99,Tripura,NA,NA,1,NA,NA,NA
1303,0.179269627,0.034374781,2019,5,State,All,Gender,state,99,Tripura,NA,NA,2,NA,NA,NA
1304,0.599091411,0.105838209,2019,5,State,All,Gender,state,99,Tripura,NA,NA,NA,NA,NA,NA
1305,0.223228037,0.063520677,2019,5,State,All,Gender,state,99,Uttar Pradesh,NA,NA,1,NA,NA,NA
1306,0.267182201,0.080177926,2019,5,State,All,Gender,state,99,Uttar Pradesh,NA,NA,2,NA,NA,NA
1307,0.293129593,0.08209645,2019,5,State,All,Gender,state,99,Uttar Pradesh,NA,NA,NA,NA,NA,NA
1308,0.099558942,0.015401306,2019,5,State,All,Gender,state,99,Uttarakhand,NA,NA,1,NA,NA,NA
1309,0.090602383,0.013572114,2019,5,State,All,Gender,state,99,Uttarakhand,NA,NA,2,NA,NA,NA
1310,0.44538641,0,2019,5,State,All,Gender,state,99,Uttarakhand,NA,NA,NA,NA,NA,NA
1311,0.147427902,0.027032133,2019,5,State,All,Gender,state,99,West Bengal,NA,NA,1,NA,NA,NA
1312,0.189057559,0.036751803,2019,5,State,All,Gender,state,99,West Bengal,NA,NA,2,NA,NA,NA
1313,0.245639235,0,2019,5,State,All,Gender,state,99,West Bengal,NA,NA,NA,NA,NA,NA
1314,0.052849974,0.008733327,2019,5,State,urban/rural,Gender,statesector,0,Andaman & Nicobar Islands,NA,NA,1,NA,NA,NA
1315,0.040410314,0,2019,5,State,urban/rural,Gender,statesector,0,Andaman & Nicobar Islands,NA,NA,2,NA,NA,NA
1316,0,0,2019,5,State,urban/rural,Gender,statesector,0,Andaman & Nicobar Islands,NA,NA,NA,NA,NA,NA
1317,0.01386286,0,2019,5,State,urban/rural,Gender,statesector,1,Andaman & Nicobar Islands,NA,NA,1,NA,NA,NA
1318,0.008455494,0,2019,5,State,urban/rural,Gender,statesector,1,Andaman & Nicobar Islands,NA,NA,2,NA,NA,NA
1319,0.088206686,0.013373747,2019,5,State,urban/rural,Gender,statesector,0,Andhra Pradesh,NA,NA,1,NA,NA,NA
1320,0.130490229,0.013048989,2019,5,State,urban/rural,Gender,statesector,0,Andhra Pradesh,NA,NA,2,NA,NA,NA
1321,0,0,2019,5,State,urban/rural,Gender,statesector,0,Andhra Pradesh,NA,NA,NA,NA,NA,NA
1322,0.023373337,0.001382462,2019,5,State,urban/rural,Gender,statesector,1,Andhra Pradesh,NA,NA,1,NA,NA,NA
1323,0.032896705,0,2019,5,State,urban/rural,Gender,statesector,1,Andhra Pradesh,NA,NA,2,NA,NA,NA
1324,0.147421271,0.031305779,2019,5,State,urban/rural,Gender,statesector,0,Arunachal Pradesh,NA,NA,1,NA,NA,NA
1325,0.147023395,0.024841869,2019,5,State,urban/rural,Gender,statesector,0,Arunachal Pradesh,NA,NA,2,NA,NA,NA
1326,0.329914302,0,2019,5,State,urban/rural,Gender,statesector,0,Arunachal Pradesh,NA,NA,NA,NA,NA,NA
1327,0.045046028,0.010262054,2019,5,State,urban/rural,Gender,statesector,1,Arunachal Pradesh,NA,NA,1,NA,NA,NA
1328,0.043720555,0.006960017,2019,5,State,urban/rural,Gender,statesector,1,Arunachal Pradesh,NA,NA,2,NA,NA,NA
1329,0,0,2019,5,State,urban/rural,Gender,statesector,1,Arunachal Pradesh,NA,NA,NA,NA,NA,NA
1330,0.232206151,0.059471145,2019,5,State,urban/rural,Gender,statesector,0,Assam,NA,NA,1,NA,NA,NA
1331,0.267733067,0.073015206,2019,5,State,urban/rural,Gender,statesector,0,Assam,NA,NA,2,NA,NA,NA
1332,0,0,2019,5,State,urban/rural,Gender,statesector,0,Assam,NA,NA,NA,NA,NA,NA
1333,0.075641491,0.013192466,2019,5,State,urban/rural,Gender,statesector,1,Assam,NA,NA,1,NA,NA,NA
1334,0.092323422,0.013532646,2019,5,State,urban/rural,Gender,statesector,1,Assam,NA,NA,2,NA,NA,NA
1335,0.361005336,0.13361837,2019,5,State,urban/rural,Gender,statesector,0,Bihar,NA,NA,1,NA,NA,NA
1336,0.459243089,0.20032905,2019,5,State,urban/rural,Gender,statesector,0,Bihar,NA,NA,2,NA,NA,NA
1337,0.606543064,0.122184612,2019,5,State,urban/rural,Gender,statesector,0,Bihar,NA,NA,NA,NA,NA,NA
1338,0.156542957,0.046388403,2019,5,State,urban/rural,Gender,statesector,1,Bihar,NA,NA,1,NA,NA,NA
1339,0.211460918,0.084206454,2019,5,State,urban/rural,Gender,statesector,1,Bihar,NA,NA,2,NA,NA,NA
1340,0,0,2019,5,State,urban/rural,Gender,statesector,1,Bihar,NA,NA,NA,NA,NA,NA
1341,0.043956045,0,2019,5,State,urban/rural,Gender,statesector,0,Chandigarh,NA,NA,1,NA,NA,NA
1342,0,0,2019,5,State,urban/rural,Gender,statesector,0,Chandigarh,NA,NA,2,NA,NA,NA
1343,0.042066872,0.013706948,2019,5,State,urban/rural,Gender,statesector,1,Chandigarh,NA,NA,1,NA,NA,NA
1344,0.021035584,0,2019,5,State,urban/rural,Gender,statesector,1,Chandigarh,NA,NA,2,NA,NA,NA
1345,0.210888743,0.04553787,2019,5,State,urban/rural,Gender,statesector,0,Chhattisgarh,NA,NA,1,NA,NA,NA
1346,0.247405797,0.047631733,2019,5,State,urban/rural,Gender,statesector,0,Chhattisgarh,NA,NA,2,NA,NA,NA
1347,0.179565012,0,2019,5,State,urban/rural,Gender,statesector,0,Chhattisgarh,NA,NA,NA,NA,NA,NA
1348,0.041706756,0.007855446,2019,5,State,urban/rural,Gender,statesector,1,Chhattisgarh,NA,NA,1,NA,NA,NA
1349,0.092491865,0.005989101,2019,5,State,urban/rural,Gender,statesector,1,Chhattisgarh,NA,NA,2,NA,NA,NA
1350,0,0,2019,5,State,urban/rural,Gender,statesector,1,Chhattisgarh,NA,NA,NA,NA,NA,NA
1351,0.20928897,0.032856375,2019,5,State,urban/rural,Gender,statesector,0,Dadra & Nagar Haveli and Daman & Diu,NA,NA,1,NA,NA,NA
1352,0.309172094,0.037674312,2019,5,State,urban/rural,Gender,statesector,0,Dadra & Nagar Haveli and Daman & Diu,NA,NA,2,NA,NA,NA
1353,0,0,2019,5,State,urban/rural,Gender,statesector,0,Dadra & Nagar Haveli and Daman & Diu,NA,NA,NA,NA,NA,NA
1354,0.050938942,0.014372842,2019,5,State,urban/rural,Gender,statesector,1,Dadra & Nagar Haveli and Daman & Diu,NA,NA,1,NA,NA,NA
1355,0.053161524,0.004752617,2019,5,State,urban/rural,Gender,statesector,1,Dadra & Nagar Haveli and Daman & Diu,NA,NA,2,NA,NA,NA
1356,0,0,2019,5,State,urban/rural,Gender,statesector,1,Dadra & Nagar Haveli and Daman & Diu,NA,NA,NA,NA,NA,NA
1357,0.022673424,0.004549099,2019,5,State,urban/rural,Gender,statesector,0,Delhi,NA,NA,1,NA,NA,NA
1358,0.029880352,0.029880352,2019,5,State,urban/rural,Gender,statesector,0,Delhi,NA,NA,2,NA,NA,NA
1359,0.033468921,0.004637611,2019,5,State,urban/rural,Gender,statesector,1,Delhi,NA,NA,1,NA,NA,NA
1360,0.035622958,0.005756253,2019,5,State,urban/rural,Gender,statesector,1,Delhi,NA,NA,2,NA,NA,NA
1361,0,0,2019,5,State,urban/rural,Gender,statesector,1,Delhi,NA,NA,NA,NA,NA,NA
1362,0.031987488,0.004544733,2019,5,State,urban/rural,Gender,statesector,0,Goa,NA,NA,1,NA,NA,NA
1363,0.018083267,0,2019,5,State,urban/rural,Gender,statesector,0,Goa,NA,NA,2,NA,NA,NA
1364,0.00517715,0,2019,5,State,urban/rural,Gender,statesector,1,Goa,NA,NA,1,NA,NA,NA
1365,0,0,2019,5,State,urban/rural,Gender,statesector,1,Goa,NA,NA,2,NA,NA,NA
1366,0,0,2019,5,State,urban/rural,Gender,statesector,1,Goa,NA,NA,NA,NA,NA,NA
1367,0.211150393,0.046205573,2019,5,State,urban/rural,Gender,statesector,0,Gujarat,NA,NA,1,NA,NA,NA
1368,0.245255664,0.045979541,2019,5,State,urban/rural,Gender,statesector,0,Gujarat,NA,NA,2,NA,NA,NA
1369,0.200613722,0,2019,5,State,urban/rural,Gender,statesector,0,Gujarat,NA,NA,NA,NA,NA,NA
1370,0.041852683,0.00671336,2019,5,State,urban/rural,Gender,statesector,1,Gujarat,NA,NA,1,NA,NA,NA
1371,0.054201379,0.011352392,2019,5,State,urban/rural,Gender,statesector,1,Gujarat,NA,NA,2,NA,NA,NA
1372,0,0,2019,5,State,urban/rural,Gender,statesector,1,Gujarat,NA,NA,NA,NA,NA,NA
1373,0.08502651,0.018975763,2019,5,State,urban/rural,Gender,statesector,0,Haryana,NA,NA,1,NA,NA,NA
1374,0.094802395,0.024728708,2019,5,State,urban/rural,Gender,statesector,0,Haryana,NA,NA,2,NA,NA,NA
1375,0.166271716,0,2019,5,State,urban/rural,Gender,statesector,0,Haryana,NA,NA,NA,NA,NA,NA
1376,0.041572221,0.008581034,2019,5,State,urban/rural,Gender,statesector,1,Haryana,NA,NA,1,NA,NA,NA
1377,0.040370755,0.004835721,2019,5,State,urban/rural,Gender,statesector,1,Haryana,NA,NA,2,NA,NA,NA
1378,0,0,2019,5,State,urban/rural,Gender,statesector,1,Haryana,NA,NA,NA,NA,NA,NA
1379,0.05849652,0.006158589,2019,5,State,urban/rural,Gender,statesector,0,Himachal Pradesh,NA,NA,1,NA,NA,NA
1380,0.053378221,0.004423176,2019,5,State,urban/rural,Gender,statesector,0,Himachal Pradesh,NA,NA,2,NA,NA,NA
1381,0.038529612,0,2019,5,State,urban/rural,Gender,statesector,0,Himachal Pradesh,NA,NA,NA,NA,NA,NA
1382,0.025858177,0.01037496,2019,5,State,urban/rural,Gender,statesector,1,Himachal Pradesh,NA,NA,1,NA,NA,NA
1383,0.014642293,0.008231842,2019,5,State,urban/rural,Gender,statesector,1,Himachal Pradesh,NA,NA,2,NA,NA,NA
1384,0.078237958,0.013163236,2019,5,State,urban/rural,Gender,statesector,0,Jammu & Kashmir,NA,NA,1,NA,NA,NA
1385,0.093153052,0.014117061,2019,5,State,urban/rural,Gender,statesector,0,Jammu & Kashmir,NA,NA,2,NA,NA,NA
1386,0,0,2019,5,State,urban/rural,Gender,statesector,0,Jammu & Kashmir,NA,NA,NA,NA,NA,NA
1387,0.016235722,0.001219257,2019,5,State,urban/rural,Gender,statesector,1,Jammu & Kashmir,NA,NA,1,NA,NA,NA
1388,0.003603201,0,2019,5,State,urban/rural,Gender,statesector,1,Jammu & Kashmir,NA,NA,2,NA,NA,NA
1389,0.358263403,0.105129063,2019,5,State,urban/rural,Gender,statesector,0,Jharkhand,NA,NA,1,NA,NA,NA
1390,0.452596843,0.159934565,2019,5,State,urban/rural,Gender,statesector,0,Jharkhand,NA,NA,2,NA,NA,NA
1391,0.233521387,0.233521387,2019,5,State,urban/rural,Gender,statesector,0,Jharkhand,NA,NA,NA,NA,NA,NA
1392,0.079433471,0.014972585,2019,5,State,urban/rural,Gender,statesector,1,Jharkhand,NA,NA,1,NA,NA,NA
1393,0.133846298,0.042811446,2019,5,State,urban/rural,Gender,statesector,1,Jharkhand,NA,NA,2,NA,NA,NA
1394,0,0,2019,5,State,urban/rural,Gender,statesector,1,Jharkhand,NA,NA,NA,NA,NA,NA
1395,0.11388354,0.019380528,2019,5,State,urban/rural,Gender,statesector,0,Karnataka,NA,NA,1,NA,NA,NA
1396,0.137814596,0.01539355,2019,5,State,urban/rural,Gender,statesector,0,Karnataka,NA,NA,2,NA,NA,NA
1397,0.140080631,0,2019,5,State,urban/rural,Gender,statesector,0,Karnataka,NA,NA,NA,NA,NA,NA
1398,0.033357631,0.004058165,2019,5,State,urban/rural,Gender,statesector,1,Karnataka,NA,NA,1,NA,NA,NA
1399,0.027636437,0.001974254,2019,5,State,urban/rural,Gender,statesector,1,Karnataka,NA,NA,2,NA,NA,NA
1400,0.064080931,0,2019,5,State,urban/rural,Gender,statesector,1,Karnataka,NA,NA,NA,NA,NA,NA
1401,0.010755493,0.000547666,2019,5,State,urban/rural,Gender,statesector,0,Kerala,NA,NA,1,NA,NA,NA
1402,0.019944748,0.000697318,2019,5,State,urban/rural,Gender,statesector,0,Kerala,NA,NA,2,NA,NA,NA
1403,0,0,2019,5,State,urban/rural,Gender,statesector,0,Kerala,NA,NA,NA,NA,NA,NA
1404,0.003399808,0,2019,5,State,urban/rural,Gender,statesector,1,Kerala,NA,NA,1,NA,NA,NA
1405,0.006971274,0,2019,5,State,urban/rural,Gender,statesector,1,Kerala,NA,NA,2,NA,NA,NA
1406,0.076788969,0.009555613,2019,5,State,urban/rural,Gender,statesector,0,Ladakh,NA,NA,1,NA,NA,NA
1407,0.07202635,0,2019,5,State,urban/rural,Gender,statesector,0,Ladakh,NA,NA,2,NA,NA,NA
1408,0,0,2019,5,State,urban/rural,Gender,statesector,0,Ladakh,NA,NA,NA,NA,NA,NA
1409,0.017716177,0.004041589,2019,5,State,urban/rural,Gender,statesector,1,Ladakh,NA,NA,1,NA,NA,NA
1410,0,0,2019,5,State,urban/rural,Gender,statesector,1,Ladakh,NA,NA,2,NA,NA,NA
1411,0.019023199,0,2019,5,State,urban/rural,Gender,statesector,0,Lakshadweep,NA,NA,1,NA,NA,NA
1412,0,0,2019,5,State,urban/rural,Gender,statesector,0,Lakshadweep,NA,NA,2,NA,NA,NA
1413,0.010910167,0,2019,5,State,urban/rural,Gender,statesector,1,Lakshadweep,NA,NA,1,NA,NA,NA
1414,0.00441808,0,2019,5,State,urban/rural,Gender,statesector,1,Lakshadweep,NA,NA,2,NA,NA,NA
1415,0,0,2019,5,State,urban/rural,Gender,statesector,1,Lakshadweep,NA,NA,NA,NA,NA,NA
1416,0.291611373,0.067429416,2019,5,State,urban/rural,Gender,statesector,0,Madhya Pradesh,NA,NA,1,NA,NA,NA
1417,0.347130001,0.084536389,2019,5,State,urban/rural,Gender,statesector,0,Madhya Pradesh,NA,NA,2,NA,NA,NA
1418,0.267012328,0.130972669,2019,5,State,urban/rural,Gender,statesector,0,Madhya Pradesh,NA,NA,NA,NA,NA,NA
1419,0.075791642,0.01463448,2019,5,State,urban/rural,Gender,statesector,1,Madhya Pradesh,NA,NA,1,NA,NA,NA
1420,0.078268871,0.005765386,2019,5,State,urban/rural,Gender,statesector,1,Madhya Pradesh,NA,NA,2,NA,NA,NA
1421,0.142777294,0.142777294,2019,5,State,urban/rural,Gender,statesector,1,Madhya Pradesh,NA,NA,NA,NA,NA,NA
1422,0.128630415,0.021980505,2019,5,State,urban/rural,Gender,statesector,0,Maharashtra,NA,NA,1,NA,NA,NA
1423,0.180165052,0.024238409,2019,5,State,urban/rural,Gender,statesector,0,Maharashtra,NA,NA,2,NA,NA,NA
1424,0.05598785,0,2019,5,State,urban/rural,Gender,statesector,0,Maharashtra,NA,NA,NA,NA,NA,NA
1425,0.033029668,0.003432576,2019,5,State,urban/rural,Gender,statesector,1,Maharashtra,NA,NA,1,NA,NA,NA
1426,0.036163781,0.003010288,2019,5,State,urban/rural,Gender,statesector,1,Maharashtra,NA,NA,2,NA,NA,NA
1427,0,0,2019,5,State,urban/rural,Gender,statesector,1,Maharashtra,NA,NA,NA,NA,NA,NA
1428,0.127264619,0.017544433,2019,5,State,urban/rural,Gender,statesector,0,Manipur,NA,NA,1,NA,NA,NA
1429,0.138205573,0.029562568,2019,5,State,urban/rural,Gender,statesector,0,Manipur,NA,NA,2,NA,NA,NA
1430,0,0,2019,5,State,urban/rural,Gender,statesector,0,Manipur,NA,NA,NA,NA,NA,NA
1431,0.03468838,0.004060153,2019,5,State,urban/rural,Gender,statesector,1,Manipur,NA,NA,1,NA,NA,NA
1432,0.086291499,0.007708075,2019,5,State,urban/rural,Gender,statesector,1,Manipur,NA,NA,2,NA,NA,NA
1433,0.26157853,0.088319317,2019,5,State,urban/rural,Gender,statesector,0,Meghalaya,NA,NA,1,NA,NA,NA
1434,0.386016726,0.166211054,2019,5,State,urban/rural,Gender,statesector,0,Meghalaya,NA,NA,2,NA,NA,NA
1435,1,0.050673429,2019,5,State,urban/rural,Gender,statesector,0,Meghalaya,NA,NA,NA,NA,NA,NA
1436,0.052730799,0.017779503,2019,5,State,urban/rural,Gender,statesector,1,Meghalaya,NA,NA,1,NA,NA,NA
1437,0.12925972,0.041645579,2019,5,State,urban/rural,Gender,statesector,1,Meghalaya,NA,NA,2,NA,NA,NA
1438,0,0,2019,5,State,urban/rural,Gender,statesector,1,Meghalaya,NA,NA,NA,NA,NA,NA
1439,0.121246211,0.039965384,2019,5,State,urban/rural,Gender,statesector,0,Mizoram,NA,NA,1,NA,NA,NA
1440,0.078856476,0.021659404,2019,5,State,urban/rural,Gender,statesector,0,Mizoram,NA,NA,2,NA,NA,NA
1441,0,0,2019,5,State,urban/rural,Gender,statesector,0,Mizoram,NA,NA,NA,NA,NA,NA
1442,0.008057925,0.000875724,2019,5,State,urban/rural,Gender,statesector,1,Mizoram,NA,NA,1,NA,NA,NA
1443,0.007801043,0,2019,5,State,urban/rural,Gender,statesector,1,Mizoram,NA,NA,2,NA,NA,NA
1444,0,0,2019,5,State,urban/rural,Gender,statesector,1,Mizoram,NA,NA,NA,NA,NA,NA
1445,0.223486587,0.041216794,2019,5,State,urban/rural,Gender,statesector,0,Nagaland,NA,NA,1,NA,NA,NA
1446,0.205495358,0.016801884,2019,5,State,urban/rural,Gender,statesector,0,Nagaland,NA,NA,2,NA,NA,NA
1447,0.517568231,0.517568231,2019,5,State,urban/rural,Gender,statesector,0,Nagaland,NA,NA,NA,NA,NA,NA
1448,0.062765174,0.009069473,2019,5,State,urban/rural,Gender,statesector,1,Nagaland,NA,NA,1,NA,NA,NA
1449,0.069269136,0.003344925,2019,5,State,urban/rural,Gender,statesector,1,Nagaland,NA,NA,2,NA,NA,NA
1450,0.230893552,0.057997279,2019,5,State,urban/rural,Gender,statesector,0,Odisha,NA,NA,1,NA,NA,NA
1451,0.265857697,0.064348623,2019,5,State,urban/rural,Gender,statesector,0,Odisha,NA,NA,2,NA,NA,NA
1452,0.158339739,0.052978691,2019,5,State,urban/rural,Gender,statesector,0,Odisha,NA,NA,NA,NA,NA,NA
1453,0.067885987,0.015743876,2019,5,State,urban/rural,Gender,statesector,1,Odisha,NA,NA,1,NA,NA,NA
1454,0.079762101,0.015531931,2019,5,State,urban/rural,Gender,statesector,1,Odisha,NA,NA,2,NA,NA,NA
1455,0,0,2019,5,State,urban/rural,Gender,statesector,1,Odisha,NA,NA,NA,NA,NA,NA
1456,0.0073825,0.000373665,2019,5,State,urban/rural,Gender,statesector,0,Puducherry,NA,NA,1,NA,NA,NA
1457,0.046231475,0.003970425,2019,5,State,urban/rural,Gender,statesector,0,Puducherry,NA,NA,2,NA,NA,NA
1458,0.012936222,0.00011526,2019,5,State,urban/rural,Gender,statesector,1,Puducherry,NA,NA,1,NA,NA,NA
1459,0.01640673,0,2019,5,State,urban/rural,Gender,statesector,1,Puducherry,NA,NA,2,NA,NA,NA
1460,0,0,2019,5,State,urban/rural,Gender,statesector,1,Puducherry,NA,NA,NA,NA,NA,NA
1461,0.049099259,0.007095613,2019,5,State,urban/rural,Gender,statesector,0,Punjab,NA,NA,1,NA,NA,NA
1462,0.048614532,0.008132182,2019,5,State,urban/rural,Gender,statesector,0,Punjab,NA,NA,2,NA,NA,NA
1463,0,0,2019,5,State,urban/rural,Gender,statesector,0,Punjab,NA,NA,NA,NA,NA,NA
1464,0.043913551,0.007535351,2019,5,State,urban/rural,Gender,statesector,1,Punjab,NA,NA,1,NA,NA,NA
1465,0.046947595,0.003579488,2019,5,State,urban/rural,Gender,statesector,1,Punjab,NA,NA,2,NA,NA,NA
1466,0,0,2019,5,State,urban/rural,Gender,statesector,1,Punjab,NA,NA,NA,NA,NA,NA
1467,0.20279175,0.044707317,2019,5,State,urban/rural,Gender,statesector,0,Rajasthan,NA,NA,1,NA,NA,NA
1468,0.211862564,0.049704727,2019,5,State,urban/rural,Gender,statesector,0,Rajasthan,NA,NA,2,NA,NA,NA
1469,0.131848857,0.131848857,2019,5,State,urban/rural,Gender,statesector,0,Rajasthan,NA,NA,NA,NA,NA,NA
1470,0.039633617,0.008156172,2019,5,State,urban/rural,Gender,statesector,1,Rajasthan,NA,NA,1,NA,NA,NA
1471,0.062687874,0.005922311,2019,5,State,urban/rural,Gender,statesector,1,Rajasthan,NA,NA,2,NA,NA,NA
1472,0,0,2019,5,State,urban/rural,Gender,statesector,1,Rajasthan,NA,NA,NA,NA,NA,NA
1473,0.055064663,0.008403176,2019,5,State,urban/rural,Gender,statesector,0,Sikkim,NA,NA,1,NA,NA,NA
1474,0.051827524,0,2019,5,State,urban/rural,Gender,statesector,0,Sikkim,NA,NA,2,NA,NA,NA
1475,0,0,2019,5,State,urban/rural,Gender,statesector,0,Sikkim,NA,NA,NA,NA,NA,NA
1476,0.003722934,0.000215484,2019,5,State,urban/rural,Gender,statesector,1,Sikkim,NA,NA,1,NA,NA,NA
1477,0.006350046,0,2019,5,State,urban/rural,Gender,statesector,1,Sikkim,NA,NA,2,NA,NA,NA
1478,0,0,2019,5,State,urban/rural,Gender,statesector,1,Sikkim,NA,NA,NA,NA,NA,NA
1479,0.046113018,0.003355675,2019,5,State,urban/rural,Gender,statesector,0,Tamil Nadu,NA,NA,1,NA,NA,NA
1480,0.083557725,0.004153402,2019,5,State,urban/rural,Gender,statesector,0,Tamil Nadu,NA,NA,2,NA,NA,NA
1481,0,0,2019,5,State,urban/rural,Gender,statesector,0,Tamil Nadu,NA,NA,NA,NA,NA,NA
1482,0.017137794,0.0007449,2019,5,State,urban/rural,Gender,statesector,1,Tamil Nadu,NA,NA,1,NA,NA,NA
1483,0.04325841,0.000615312,2019,5,State,urban/rural,Gender,statesector,1,Tamil Nadu,NA,NA,2,NA,NA,NA
1484,0,0,2019,5,State,urban/rural,Gender,statesector,1,Tamil Nadu,NA,NA,NA,NA,NA,NA
1485,0.082585126,0.010209303,2019,5,State,urban/rural,Gender,statesector,0,Telangana,NA,NA,1,NA,NA,NA
1486,0.120494939,0.012831457,2019,5,State,urban/rural,Gender,statesector,0,Telangana,NA,NA,2,NA,NA,NA
1487,0.029334189,0,2019,5,State,urban/rural,Gender,statesector,0,Telangana,NA,NA,NA,NA,NA,NA
1488,0.027613899,0.003306041,2019,5,State,urban/rural,Gender,statesector,1,Telangana,NA,NA,1,NA,NA,NA
1489,0.034537893,0.004037597,2019,5,State,urban/rural,Gender,statesector,1,Telangana,NA,NA,2,NA,NA,NA
1490,0.164220184,0,2019,5,State,urban/rural,Gender,statesector,1,Telangana,NA,NA,NA,NA,NA,NA
1491,0.192132965,0.03490182,2019,5,State,urban/rural,Gender,statesector,0,Tripura,NA,NA,1,NA,NA,NA
1492,0.228079081,0.041899189,2019,5,State,urban/rural,Gender,statesector,0,Tripura,NA,NA,2,NA,NA,NA
1493,0.299495876,0.299495876,2019,5,State,urban/rural,Gender,statesector,0,Tripura,NA,NA,NA,NA,NA,NA
1494,0.056292724,0.008290854,2019,5,State,urban/rural,Gender,statesector,1,Tripura,NA,NA,1,NA,NA,NA
1495,0.052299153,0.01480116,2019,5,State,urban/rural,Gender,statesector,1,Tripura,NA,NA,2,NA,NA,NA
1496,0.762826979,0,2019,5,State,urban/rural,Gender,statesector,1,Tripura,NA,NA,NA,NA,NA,NA
1497,0.258326441,0.074971005,2019,5,State,urban/rural,Gender,statesector,0,Uttar Pradesh,NA,NA,1,NA,NA,NA
1498,0.295673072,0.090060331,2019,5,State,urban/rural,Gender,statesector,0,Uttar Pradesh,NA,NA,2,NA,NA,NA
1499,0.440113842,0.128028616,2019,5,State,urban/rural,Gender,statesector,0,Uttar Pradesh,NA,NA,NA,NA,NA,NA
1500,0.107841067,0.025877418,2019,5,State,urban/rural,Gender,statesector,1,Uttar Pradesh,NA,NA,1,NA,NA,NA
1501,0.167867139,0.045729309,2019,5,State,urban/rural,Gender,statesector,1,Uttar Pradesh,NA,NA,2,NA,NA,NA
1502,0.030418547,0,2019,5,State,urban/rural,Gender,statesector,1,Uttar Pradesh,NA,NA,NA,NA,NA,NA
1503,0.111924678,0.015725588,2019,5,State,urban/rural,Gender,statesector,0,Uttarakhand,NA,NA,1,NA,NA,NA
1504,0.1126853,0.015071379,2019,5,State,urban/rural,Gender,statesector,0,Uttarakhand,NA,NA,2,NA,NA,NA
1505,0.532286048,0,2019,5,State,urban/rural,Gender,statesector,0,Uttarakhand,NA,NA,NA,NA,NA,NA
1506,0.071891971,0.014675759,2019,5,State,urban/rural,Gender,statesector,1,Uttarakhand,NA,NA,1,NA,NA,NA
1507,0.032671317,0.009639026,2019,5,State,urban/rural,Gender,statesector,1,Uttarakhand,NA,NA,2,NA,NA,NA
1508,0,0,2019,5,State,urban/rural,Gender,statesector,1,Uttarakhand,NA,NA,NA,NA,NA,NA
1509,0.190466866,0.035208084,2019,5,State,urban/rural,Gender,statesector,0,West Bengal,NA,NA,1,NA,NA,NA
1510,0.257601857,0.045826688,2019,5,State,urban/rural,Gender,statesector,0,West Bengal,NA,NA,2,NA,NA,NA
1511,0.487509787,0,2019,5,State,urban/rural,Gender,statesector,0,West Bengal,NA,NA,NA,NA,NA,NA
1512,0.054337692,0.009348138,2019,5,State,urban/rural,Gender,statesector,1,West Bengal,NA,NA,1,NA,NA,NA
1513,0.071054339,0.021128828,2019,5,State,urban/rural,Gender,statesector,1,West Bengal,NA,NA,2,NA,NA,NA
1514,0,0,2019,5,State,urban/rural,Gender,statesector,1,West Bengal,NA,NA,NA,NA,NA,NA
1515,0.304935694,0.010371967,2019,5,National,All,HH Size,allindia,99,India,NA,NA,NA,1,NA,NA
1516,0.137345776,0.02161794,2019,5,National,All,HH Size,allindia,99,India,NA,NA,NA,2 to 3,NA,NA
1517,0.148545474,0.041963294,2019,5,National,All,HH Size,allindia,99,India,NA,NA,NA,4 to 6,NA,NA
1518,0.212410882,0.060417365,2019,5,National,All,HH Size,allindia,99,India,NA,NA,NA,7+,NA,NA
1519,0.414578855,0.014412927,2019,5,National,urban/rural,HH Size,indiasector,0,India,NA,NA,NA,1,NA,NA
1520,0.193116009,0.031190518,2019,5,National,urban/rural,HH Size,indiasector,0,India,NA,NA,NA,2 to 3,NA,NA
1521,0.195070282,0.056588121,2019,5,National,urban/rural,HH Size,indiasector,0,India,NA,NA,NA,4 to 6,NA,NA
1522,0.252852321,0.07405179,2019,5,National,urban/rural,HH Size,indiasector,0,India,NA,NA,NA,7+,NA,NA
1523,0.092865497,0.002556001,2019,5,National,urban/rural,HH Size,indiasector,1,India,NA,NA,NA,1,NA,NA
1524,0.034422245,0.003951814,2019,5,National,urban/rural,HH Size,indiasector,1,India,NA,NA,NA,2 to 3,NA,NA
1525,0.048499081,0.010514236,2019,5,National,urban/rural,HH Size,indiasector,1,India,NA,NA,NA,4 to 6,NA,NA
1526,0.093204126,0.020228002,2019,5,National,urban/rural,HH Size,indiasector,1,India,NA,NA,NA,7+,NA,NA
1527,0.116972946,0.005214362,2019,5,State,All,HH Size,state,99,Andaman & Nicobar Islands,NA,NA,NA,1,NA,NA
1528,0.03202612,0.002824772,2019,5,State,All,HH Size,state,99,Andaman & Nicobar Islands,NA,NA,NA,2 to 3,NA,NA
1529,0.038616702,0.006150268,2019,5,State,All,HH Size,state,99,Andaman & Nicobar Islands,NA,NA,NA,4 to 6,NA,NA
1530,0.02324616,0,2019,5,State,All,HH Size,state,99,Andaman & Nicobar Islands,NA,NA,NA,7+,NA,NA
1531,0.204335958,0.009192972,2019,5,State,All,HH Size,state,99,Andhra Pradesh,NA,NA,NA,1,NA,NA
1532,0.068221249,0.006820508,2019,5,State,All,HH Size,state,99,Andhra Pradesh,NA,NA,NA,2 to 3,NA,NA
1533,0.064352266,0.009192806,2019,5,State,All,HH Size,state,99,Andhra Pradesh,NA,NA,NA,4 to 6,NA,NA
1534,0.111481562,0.021773105,2019,5,State,All,HH Size,state,99,Andhra Pradesh,NA,NA,NA,7+,NA,NA
1535,0.304669112,0.003416521,2019,5,State,All,HH Size,state,99,Arunachal Pradesh,NA,NA,NA,1,NA,NA
1536,0.143491104,0.016125202,2019,5,State,All,HH Size,state,99,Arunachal Pradesh,NA,NA,NA,2 to 3,NA,NA
1537,0.112712838,0.02825137,2019,5,State,All,HH Size,state,99,Arunachal Pradesh,NA,NA,NA,4 to 6,NA,NA
1538,0.177524328,0.045535695,2019,5,State,All,HH Size,state,99,Arunachal Pradesh,NA,NA,NA,7+,NA,NA
1539,0.403081447,0.0292903,2019,5,State,All,HH Size,state,99,Assam,NA,NA,NA,1,NA,NA
1540,0.182858661,0.036116697,2019,5,State,All,HH Size,state,99,Assam,NA,NA,NA,2 to 3,NA,NA
1541,0.209095165,0.055770483,2019,5,State,All,HH Size,state,99,Assam,NA,NA,NA,4 to 6,NA,NA
1542,0.252592564,0.06783969,2019,5,State,All,HH Size,state,99,Assam,NA,NA,NA,7+,NA,NA
1543,0.494355321,0.014161053,2019,5,State,All,HH Size,state,99,Bihar,NA,NA,NA,1,NA,NA
1544,0.3287462,0.082655139,2019,5,State,All,HH Size,state,99,Bihar,NA,NA,NA,2 to 3,NA,NA
1545,0.344062984,0.142355099,2019,5,State,All,HH Size,state,99,Bihar,NA,NA,NA,4 to 6,NA,NA
1546,0.353932202,0.138781205,2019,5,State,All,HH Size,state,99,Bihar,NA,NA,NA,7+,NA,NA
1547,0,0,2019,5,State,All,HH Size,state,99,Chandigarh,NA,NA,NA,1,NA,NA
1548,0.034959257,0,2019,5,State,All,HH Size,state,99,Chandigarh,NA,NA,NA,2 to 3,NA,NA
1549,0.031126367,0.00263286,2019,5,State,All,HH Size,state,99,Chandigarh,NA,NA,NA,4 to 6,NA,NA
1550,0.069147117,0.048454009,2019,5,State,All,HH Size,state,99,Chandigarh,NA,NA,NA,7+,NA,NA
1551,0.518479347,0.014418072,2019,5,State,All,HH Size,state,99,Chhattisgarh,NA,NA,NA,1,NA,NA
1552,0.215610206,0.031281665,2019,5,State,All,HH Size,state,99,Chhattisgarh,NA,NA,NA,2 to 3,NA,NA
1553,0.162038669,0.040492918,2019,5,State,All,HH Size,state,99,Chhattisgarh,NA,NA,NA,4 to 6,NA,NA
1554,0.178426579,0.034654237,2019,5,State,All,HH Size,state,99,Chhattisgarh,NA,NA,NA,7+,NA,NA
1555,0.087507121,0,2019,5,State,All,HH Size,state,99,Dadra & Nagar Haveli and Daman & Diu,NA,NA,NA,1,NA,NA
1556,0.080350392,0.006203762,2019,5,State,All,HH Size,state,99,Dadra & Nagar Haveli and Daman & Diu,NA,NA,NA,2 to 3,NA,NA
1557,0.131349191,0.026839361,2019,5,State,All,HH Size,state,99,Dadra & Nagar Haveli and Daman & Diu,NA,NA,NA,4 to 6,NA,NA
1558,0.248760983,0.038201232,2019,5,State,All,HH Size,state,99,Dadra & Nagar Haveli and Daman & Diu,NA,NA,NA,7+,NA,NA
1559,0.026132388,0,2019,5,State,All,HH Size,state,99,Delhi,NA,NA,NA,1,NA,NA
1560,0.017067662,0.001985165,2019,5,State,All,HH Size,state,99,Delhi,NA,NA,NA,2 to 3,NA,NA
1561,0.032597028,0.005177933,2019,5,State,All,HH Size,state,99,Delhi,NA,NA,NA,4 to 6,NA,NA
1562,0.04792165,0.006182881,2019,5,State,All,HH Size,state,99,Delhi,NA,NA,NA,7+,NA,NA
1563,0.074147761,0,2019,5,State,All,HH Size,state,99,Goa,NA,NA,NA,1,NA,NA
1564,0.01368488,0,2019,5,State,All,HH Size,state,99,Goa,NA,NA,NA,2 to 3,NA,NA
1565,0.010833565,0,2019,5,State,All,HH Size,state,99,Goa,NA,NA,NA,4 to 6,NA,NA
1566,0.023042383,0.010387146,2019,5,State,All,HH Size,state,99,Goa,NA,NA,NA,7+,NA,NA
1567,0.26671499,0.012971316,2019,5,State,All,HH Size,state,99,Gujarat,NA,NA,NA,1,NA,NA
1568,0.114260763,0.014895041,2019,5,State,All,HH Size,state,99,Gujarat,NA,NA,NA,2 to 3,NA,NA
1569,0.119528204,0.026307102,2019,5,State,All,HH Size,state,99,Gujarat,NA,NA,NA,4 to 6,NA,NA
1570,0.206905529,0.047832083,2019,5,State,All,HH Size,state,99,Gujarat,NA,NA,NA,7+,NA,NA
1571,0.137706533,0.004121577,2019,5,State,All,HH Size,state,99,Haryana,NA,NA,NA,1,NA,NA
1572,0.060755581,0.008109155,2019,5,State,All,HH Size,state,99,Haryana,NA,NA,NA,2 to 3,NA,NA
1573,0.061934952,0.014085858,2019,5,State,All,HH Size,state,99,Haryana,NA,NA,NA,4 to 6,NA,NA
1574,0.094425239,0.023032608,2019,5,State,All,HH Size,state,99,Haryana,NA,NA,NA,7+,NA,NA
1575,0.118295126,0.003583947,2019,5,State,All,HH Size,state,99,Himachal Pradesh,NA,NA,NA,1,NA,NA
1576,0.042088341,0.00275087,2019,5,State,All,HH Size,state,99,Himachal Pradesh,NA,NA,NA,2 to 3,NA,NA
1577,0.044824198,0.008252586,2019,5,State,All,HH Size,state,99,Himachal Pradesh,NA,NA,NA,4 to 6,NA,NA
1578,0.088033386,0.005252654,2019,5,State,All,HH Size,state,99,Himachal Pradesh,NA,NA,NA,7+,NA,NA
1579,0.200921193,0,2019,5,State,All,HH Size,state,99,Jammu & Kashmir,NA,NA,NA,1,NA,NA
1580,0.067161635,0.009421638,2019,5,State,All,HH Size,state,99,Jammu & Kashmir,NA,NA,NA,2 to 3,NA,NA
1581,0.054260585,0.008967211,2019,5,State,All,HH Size,state,99,Jammu & Kashmir,NA,NA,NA,4 to 6,NA,NA
1582,0.093402915,0.015029412,2019,5,State,All,HH Size,state,99,Jammu & Kashmir,NA,NA,NA,7+,NA,NA
1583,0.450270414,0.024590384,2019,5,State,All,HH Size,state,99,Jharkhand,NA,NA,NA,1,NA,NA
1584,0.29482922,0.066629827,2019,5,State,All,HH Size,state,99,Jharkhand,NA,NA,NA,2 to 3,NA,NA
1585,0.289929986,0.095193759,2019,5,State,All,HH Size,state,99,Jharkhand,NA,NA,NA,4 to 6,NA,NA
1586,0.34630993,0.101988792,2019,5,State,All,HH Size,state,99,Jharkhand,NA,NA,NA,7+,NA,NA
1587,0.285642326,0.004059677,2019,5,State,All,HH Size,state,99,Karnataka,NA,NA,NA,1,NA,NA
1588,0.063779838,0.006416633,2019,5,State,All,HH Size,state,99,Karnataka,NA,NA,NA,2 to 3,NA,NA
1589,0.066455603,0.012692376,2019,5,State,All,HH Size,state,99,Karnataka,NA,NA,NA,4 to 6,NA,NA
1590,0.139065877,0.019348156,2019,5,State,All,HH Size,state,99,Karnataka,NA,NA,NA,7+,NA,NA
1591,0.056209523,0,2019,5,State,All,HH Size,state,99,Kerala,NA,NA,NA,1,NA,NA
1592,0.009090398,0.000899222,2019,5,State,All,HH Size,state,99,Kerala,NA,NA,NA,2 to 3,NA,NA
1593,0.006107145,9.68E-05,2019,5,State,All,HH Size,state,99,Kerala,NA,NA,NA,4 to 6,NA,NA
1594,0.012886978,0,2019,5,State,All,HH Size,state,99,Kerala,NA,NA,NA,7+,NA,NA
1595,0.507671118,0,2019,5,State,All,HH Size,state,99,Ladakh,NA,NA,NA,1,NA,NA
1596,0.065588392,0.003838023,2019,5,State,All,HH Size,state,99,Ladakh,NA,NA,NA,2 to 3,NA,NA
1597,0.064080328,0.009658141,2019,5,State,All,HH Size,state,99,Ladakh,NA,NA,NA,4 to 6,NA,NA
1598,0.070896983,0,2019,5,State,All,HH Size,state,99,Ladakh,NA,NA,NA,7+,NA,NA
1599,0,0,2019,5,State,All,HH Size,state,99,Lakshadweep,NA,NA,NA,1,NA,NA
1600,0.003135619,0,2019,5,State,All,HH Size,state,99,Lakshadweep,NA,NA,NA,2 to 3,NA,NA
1601,0.009322452,0,2019,5,State,All,HH Size,state,99,Lakshadweep,NA,NA,NA,4 to 6,NA,NA
1602,0.01105416,0,2019,5,State,All,HH Size,state,99,Lakshadweep,NA,NA,NA,7+,NA,NA
1603,0.49513787,0.026768252,2019,5,State,All,HH Size,state,99,Madhya Pradesh,NA,NA,NA,1,NA,NA
1604,0.268314898,0.029016536,2019,5,State,All,HH Size,state,99,Madhya Pradesh,NA,NA,NA,2 to 3,NA,NA
1605,0.215675429,0.054170374,2019,5,State,All,HH Size,state,99,Madhya Pradesh,NA,NA,NA,4 to 6,NA,NA
1606,0.266072243,0.071236946,2019,5,State,All,HH Size,state,99,Madhya Pradesh,NA,NA,NA,7+,NA,NA
1607,0.268994629,0.010366766,2019,5,State,All,HH Size,state,99,Maharashtra,NA,NA,NA,1,NA,NA
1608,0.083861925,0.009289256,2019,5,State,All,HH Size,state,99,Maharashtra,NA,NA,NA,2 to 3,NA,NA
1609,0.074884407,0.013274808,2019,5,State,All,HH Size,state,99,Maharashtra,NA,NA,NA,4 to 6,NA,NA
1610,0.123456344,0.019981798,2019,5,State,All,HH Size,state,99,Maharashtra,NA,NA,NA,7+,NA,NA
1611,0.353544116,0.004854432,2019,5,State,All,HH Size,state,99,Manipur,NA,NA,NA,1,NA,NA
1612,0.092547767,0.011687404,2019,5,State,All,HH Size,state,99,Manipur,NA,NA,NA,2 to 3,NA,NA
1613,0.08882124,0.01364172,2019,5,State,All,HH Size,state,99,Manipur,NA,NA,NA,4 to 6,NA,NA
1614,0.111481413,0.016542783,2019,5,State,All,HH Size,state,99,Manipur,NA,NA,NA,7+,NA,NA
1615,0.339692146,0.013667606,2019,5,State,All,HH Size,state,99,Meghalaya,NA,NA,NA,1,NA,NA
1616,0.195663005,0.047590159,2019,5,State,All,HH Size,state,99,Meghalaya,NA,NA,NA,2 to 3,NA,NA
1617,0.236893728,0.08619681,2019,5,State,All,HH Size,state,99,Meghalaya,NA,NA,NA,4 to 6,NA,NA
1618,0.364728987,0.160333604,2019,5,State,All,HH Size,state,99,Meghalaya,NA,NA,NA,7+,NA,NA
1619,0.078630216,0.005284998,2019,5,State,All,HH Size,state,99,Mizoram,NA,NA,NA,1,NA,NA
1620,0.051266048,0.009461543,2019,5,State,All,HH Size,state,99,Mizoram,NA,NA,NA,2 to 3,NA,NA
1621,0.054870494,0.018577721,2019,5,State,All,HH Size,state,99,Mizoram,NA,NA,NA,4 to 6,NA,NA
1622,0.071481861,0.025581015,2019,5,State,All,HH Size,state,99,Mizoram,NA,NA,NA,7+,NA,NA
1623,0.354100108,0.000299407,2019,5,State,All,HH Size,state,99,Nagaland,NA,NA,NA,1,NA,NA
1624,0.145765796,0.009566838,2019,5,State,All,HH Size,state,99,Nagaland,NA,NA,NA,2 to 3,NA,NA
1625,0.15377073,0.031852677,2019,5,State,All,HH Size,state,99,Nagaland,NA,NA,NA,4 to 6,NA,NA
1626,0.298395932,0.079049699,2019,5,State,All,HH Size,state,99,Nagaland,NA,NA,NA,7+,NA,NA
1627,0.464659661,0.025576331,2019,5,State,All,HH Size,state,99,Odisha,NA,NA,NA,1,NA,NA
1628,0.206631631,0.036541674,2019,5,State,All,HH Size,state,99,Odisha,NA,NA,NA,2 to 3,NA,NA
1629,0.20094052,0.054199275,2019,5,State,All,HH Size,state,99,Odisha,NA,NA,NA,4 to 6,NA,NA
1630,0.214519709,0.065381229,2019,5,State,All,HH Size,state,99,Odisha,NA,NA,NA,7+,NA,NA
1631,0.148040205,0.014651728,2019,5,State,All,HH Size,state,99,Puducherry,NA,NA,NA,1,NA,NA
1632,0.012313627,0.000342985,2019,5,State,All,HH Size,state,99,Puducherry,NA,NA,NA,2 to 3,NA,NA
1633,0.004091741,0.000102858,2019,5,State,All,HH Size,state,99,Puducherry,NA,NA,NA,4 to 6,NA,NA
1634,0.073868126,0,2019,5,State,All,HH Size,state,99,Puducherry,NA,NA,NA,7+,NA,NA
1635,0.138715744,0.002411803,2019,5,State,All,HH Size,state,99,Punjab,NA,NA,NA,1,NA,NA
1636,0.034398437,0.00255209,2019,5,State,All,HH Size,state,99,Punjab,NA,NA,NA,2 to 3,NA,NA
1637,0.042941712,0.006955255,2019,5,State,All,HH Size,state,99,Punjab,NA,NA,NA,4 to 6,NA,NA
1638,0.063922465,0.010546235,2019,5,State,All,HH Size,state,99,Punjab,NA,NA,NA,7+,NA,NA
1639,0.341128916,0.010079985,2019,5,State,All,HH Size,state,99,Rajasthan,NA,NA,NA,1,NA,NA
1640,0.166291997,0.021683553,2019,5,State,All,HH Size,state,99,Rajasthan,NA,NA,NA,2 to 3,NA,NA
1641,0.149871916,0.035469618,2019,5,State,All,HH Size,state,99,Rajasthan,NA,NA,NA,4 to 6,NA,NA
1642,0.187542453,0.042658728,2019,5,State,All,HH Size,state,99,Rajasthan,NA,NA,NA,7+,NA,NA
1643,0.037155837,0,2019,5,State,All,HH Size,state,99,Sikkim,NA,NA,NA,1,NA,NA
1644,0.036416903,0.003863196,2019,5,State,All,HH Size,state,99,Sikkim,NA,NA,NA,2 to 3,NA,NA
1645,0.032886252,0.006552235,2019,5,State,All,HH Size,state,99,Sikkim,NA,NA,NA,4 to 6,NA,NA
1646,0.06415958,0,2019,5,State,All,HH Size,state,99,Sikkim,NA,NA,NA,7+,NA,NA
1647,0.190968379,0.002551068,2019,5,State,All,HH Size,state,99,Tamil Nadu,NA,NA,NA,1,NA,NA
1648,0.045307565,0.001974019,2019,5,State,All,HH Size,state,99,Tamil Nadu,NA,NA,NA,2 to 3,NA,NA
1649,0.026121728,0.002121785,2019,5,State,All,HH Size,state,99,Tamil Nadu,NA,NA,NA,4 to 6,NA,NA
1650,0.03951076,0.003832998,2019,5,State,All,HH Size,state,99,Tamil Nadu,NA,NA,NA,7+,NA,NA
1651,0.232422501,0.006391447,2019,5,State,All,HH Size,state,99,Telangana,NA,NA,NA,1,NA,NA
1652,0.068016797,0.005648247,2019,5,State,All,HH Size,state,99,Telangana,NA,NA,NA,2 to 3,NA,NA
1653,0.059246901,0.009085945,2019,5,State,All,HH Size,state,99,Telangana,NA,NA,NA,4 to 6,NA,NA
1654,0.078081921,0.010211211,2019,5,State,All,HH Size,state,99,Telangana,NA,NA,NA,7+,NA,NA
1655,0.41817373,0.019374885,2019,5,State,All,HH Size,state,99,Tripura,NA,NA,NA,1,NA,NA
1656,0.142255604,0.018158421,2019,5,State,All,HH Size,state,99,Tripura,NA,NA,NA,2 to 3,NA,NA
1657,0.153935686,0.032057203,2019,5,State,All,HH Size,state,99,Tripura,NA,NA,NA,4 to 6,NA,NA
1658,0.180656374,0.040782686,2019,5,State,All,HH Size,state,99,Tripura,NA,NA,NA,7+,NA,NA
1659,0.416857213,0.010310009,2019,5,State,All,HH Size,state,99,Uttar Pradesh,NA,NA,NA,1,NA,NA
1660,0.212794468,0.035710521,2019,5,State,All,HH Size,state,99,Uttar Pradesh,NA,NA,NA,2 to 3,NA,NA
1661,0.215925351,0.065728992,2019,5,State,All,HH Size,state,99,Uttar Pradesh,NA,NA,NA,4 to 6,NA,NA
1662,0.249374405,0.07520806,2019,5,State,All,HH Size,state,99,Uttar Pradesh,NA,NA,NA,7+,NA,NA
1663,0.244322166,0.012079553,2019,5,State,All,HH Size,state,99,Uttarakhand,NA,NA,NA,1,NA,NA
1664,0.079978831,0.007962651,2019,5,State,All,HH Size,state,99,Uttarakhand,NA,NA,NA,2 to 3,NA,NA
1665,0.087843217,0.012994288,2019,5,State,All,HH Size,state,99,Uttarakhand,NA,NA,NA,4 to 6,NA,NA
1666,0.127964884,0.025368117,2019,5,State,All,HH Size,state,99,Uttarakhand,NA,NA,NA,7+,NA,NA
1667,0.43412146,0.014335709,2019,5,State,All,HH Size,state,99,West Bengal,NA,NA,NA,1,NA,NA
1668,0.145547524,0.019076526,2019,5,State,All,HH Size,state,99,West Bengal,NA,NA,NA,2 to 3,NA,NA
1669,0.149438724,0.031542823,2019,5,State,All,HH Size,state,99,West Bengal,NA,NA,NA,4 to 6,NA,NA
1670,0.157756969,0.031404819,2019,5,State,All,HH Size,state,99,West Bengal,NA,NA,NA,7+,NA,NA
1671,0.144387692,0.006436444,2019,5,State,urban/rural,HH Size,statesector,0,Andaman & Nicobar Islands,NA,NA,NA,1,NA,NA
1672,0.042327173,0.004413358,2019,5,State,urban/rural,HH Size,statesector,0,Andaman & Nicobar Islands,NA,NA,NA,2 to 3,NA,NA
1673,0.052385528,0.0097285,2019,5,State,urban/rural,HH Size,statesector,0,Andaman & Nicobar Islands,NA,NA,NA,4 to 6,NA,NA
1674,0.042797782,0,2019,5,State,urban/rural,HH Size,statesector,0,Andaman & Nicobar Islands,NA,NA,NA,7+,NA,NA
1675,0,0,2019,5,State,urban/rural,HH Size,statesector,1,Andaman & Nicobar Islands,NA,NA,NA,1,NA,NA
1676,0.013709126,0,2019,5,State,urban/rural,HH Size,statesector,1,Andaman & Nicobar Islands,NA,NA,NA,2 to 3,NA,NA
1677,0.014950829,0,2019,5,State,urban/rural,HH Size,statesector,1,Andaman & Nicobar Islands,NA,NA,NA,4 to 6,NA,NA
1678,0,0,2019,5,State,urban/rural,HH Size,statesector,1,Andaman & Nicobar Islands,NA,NA,NA,7+,NA,NA
1679,0.238743529,0.010467773,2019,5,State,urban/rural,HH Size,statesector,0,Andhra Pradesh,NA,NA,NA,1,NA,NA
1680,0.092216507,0.009165344,2019,5,State,urban/rural,HH Size,statesector,0,Andhra Pradesh,NA,NA,NA,2 to 3,NA,NA
1681,0.081960551,0.013221659,2019,5,State,urban/rural,HH Size,statesector,0,Andhra Pradesh,NA,NA,NA,4 to 6,NA,NA
1682,0.132389873,0.02637751,2019,5,State,urban/rural,HH Size,statesector,0,Andhra Pradesh,NA,NA,NA,7+,NA,NA
1683,0.10390123,0.005471859,2019,5,State,urban/rural,HH Size,statesector,1,Andhra Pradesh,NA,NA,NA,1,NA,NA
1684,0.015686072,0.001686728,2019,5,State,urban/rural,HH Size,statesector,1,Andhra Pradesh,NA,NA,NA,2 to 3,NA,NA
1685,0.024174696,0,2019,5,State,urban/rural,HH Size,statesector,1,Andhra Pradesh,NA,NA,NA,4 to 6,NA,NA
1686,0.045492437,0.007241055,2019,5,State,urban/rural,HH Size,statesector,1,Andhra Pradesh,NA,NA,NA,7+,NA,NA
1687,0.371651858,0.00361444,2019,5,State,urban/rural,HH Size,statesector,0,Arunachal Pradesh,NA,NA,NA,1,NA,NA
1688,0.16567567,0.018628042,2019,5,State,urban/rural,HH Size,statesector,0,Arunachal Pradesh,NA,NA,NA,2 to 3,NA,NA
1689,0.124644846,0.031199738,2019,5,State,urban/rural,HH Size,statesector,0,Arunachal Pradesh,NA,NA,NA,4 to 6,NA,NA
1690,0.191552863,0.049449716,2019,5,State,urban/rural,HH Size,statesector,0,Arunachal Pradesh,NA,NA,NA,7+,NA,NA
1691,0.057687778,0.002686749,2019,5,State,urban/rural,HH Size,statesector,1,Arunachal Pradesh,NA,NA,NA,1,NA,NA
1692,0.031307202,0.003468724,2019,5,State,urban/rural,HH Size,statesector,1,Arunachal Pradesh,NA,NA,NA,2 to 3,NA,NA
1693,0.044433258,0.011379656,2019,5,State,urban/rural,HH Size,statesector,1,Arunachal Pradesh,NA,NA,NA,4 to 6,NA,NA
1694,0.075793862,0.01715247,2019,5,State,urban/rural,HH Size,statesector,1,Arunachal Pradesh,NA,NA,NA,7+,NA,NA
1695,0.521260738,0.044609714,2019,5,State,urban/rural,HH Size,statesector,0,Assam,NA,NA,NA,1,NA,NA
1696,0.21372728,0.044278048,2019,5,State,urban/rural,HH Size,statesector,0,Assam,NA,NA,NA,2 to 3,NA,NA
1697,0.228832766,0.062229767,2019,5,State,urban/rural,HH Size,statesector,0,Assam,NA,NA,NA,4 to 6,NA,NA
1698,0.271974951,0.072140448,2019,5,State,urban/rural,HH Size,statesector,0,Assam,NA,NA,NA,7+,NA,NA
1699,0.177125886,0,2019,5,State,urban/rural,HH Size,statesector,1,Assam,NA,NA,NA,1,NA,NA
1700,0.065349773,0.005048523,2019,5,State,urban/rural,HH Size,statesector,1,Assam,NA,NA,NA,2 to 3,NA,NA
1701,0.078442156,0.013013275,2019,5,State,urban/rural,HH Size,statesector,1,Assam,NA,NA,NA,4 to 6,NA,NA
1702,0.088570476,0.03144487,2019,5,State,urban/rural,HH Size,statesector,1,Assam,NA,NA,NA,7+,NA,NA
1703,0.570320249,0.015455612,2019,5,State,urban/rural,HH Size,statesector,0,Bihar,NA,NA,NA,1,NA,NA
1704,0.368025273,0.092807129,2019,5,State,urban/rural,HH Size,statesector,0,Bihar,NA,NA,NA,2 to 3,NA,NA
1705,0.377001554,0.158191681,2019,5,State,urban/rural,HH Size,statesector,0,Bihar,NA,NA,NA,4 to 6,NA,NA
1706,0.386729956,0.154862091,2019,5,State,urban/rural,HH Size,statesector,0,Bihar,NA,NA,NA,7+,NA,NA
1707,0.14626275,0.008229021,2019,5,State,urban/rural,HH Size,statesector,1,Bihar,NA,NA,NA,1,NA,NA
1708,0.10494861,0.024812911,2019,5,State,urban/rural,HH Size,statesector,1,Bihar,NA,NA,NA,2 to 3,NA,NA
1709,0.162808269,0.055209465,2019,5,State,urban/rural,HH Size,statesector,1,Bihar,NA,NA,NA,4 to 6,NA,NA
1710,0.188286588,0.057564352,2019,5,State,urban/rural,HH Size,statesector,1,Bihar,NA,NA,NA,7+,NA,NA
1711,0,0,2019,5,State,urban/rural,HH Size,statesector,0,Chandigarh,NA,NA,NA,2 to 3,NA,NA
1712,0.07272727,0,2019,5,State,urban/rural,HH Size,statesector,0,Chandigarh,NA,NA,NA,4 to 6,NA,NA
1713,0,0,2019,5,State,urban/rural,HH Size,statesector,0,Chandigarh,NA,NA,NA,7+,NA,NA
1714,0,0,2019,5,State,urban/rural,HH Size,statesector,1,Chandigarh,NA,NA,NA,1,NA,NA
1715,0.035420921,0,2019,5,State,urban/rural,HH Size,statesector,1,Chandigarh,NA,NA,NA,2 to 3,NA,NA
1716,0.030637396,0.002663806,2019,5,State,urban/rural,HH Size,statesector,1,Chandigarh,NA,NA,NA,4 to 6,NA,NA
1717,0.070548691,0.049436145,2019,5,State,urban/rural,HH Size,statesector,1,Chandigarh,NA,NA,NA,7+,NA,NA
1718,0.587692499,0.017542958,2019,5,State,urban/rural,HH Size,statesector,0,Chhattisgarh,NA,NA,NA,1,NA,NA
1719,0.264012694,0.039486889,2019,5,State,urban/rural,HH Size,statesector,0,Chhattisgarh,NA,NA,NA,2 to 3,NA,NA
1720,0.197036043,0.04985337,2019,5,State,urban/rural,HH Size,statesector,0,Chhattisgarh,NA,NA,NA,4 to 6,NA,NA
1721,0.207979754,0.041415587,2019,5,State,urban/rural,HH Size,statesector,0,Chhattisgarh,NA,NA,NA,7+,NA,NA
1722,0.267306417,0.003077927,2019,5,State,urban/rural,HH Size,statesector,1,Chhattisgarh,NA,NA,NA,1,NA,NA
1723,0.053818829,0.003854669,2019,5,State,urban/rural,HH Size,statesector,1,Chhattisgarh,NA,NA,NA,2 to 3,NA,NA
1724,0.043195885,0.008707048,2019,5,State,urban/rural,HH Size,statesector,1,Chhattisgarh,NA,NA,NA,4 to 6,NA,NA
1725,0.059001788,0.00733153,2019,5,State,urban/rural,HH Size,statesector,1,Chhattisgarh,NA,NA,NA,7+,NA,NA
1726,0.185438827,0,2019,5,State,urban/rural,HH Size,statesector,0,Dadra & Nagar Haveli and Daman & Diu,NA,NA,NA,1,NA,NA
1727,0.177235723,0.017148754,2019,5,State,urban/rural,HH Size,statesector,0,Dadra & Nagar Haveli and Daman & Diu,NA,NA,NA,2 to 3,NA,NA
1728,0.194707498,0.035456289,2019,5,State,urban/rural,HH Size,statesector,0,Dadra & Nagar Haveli and Daman & Diu,NA,NA,NA,4 to 6,NA,NA
1729,0.299037069,0.039229807,2019,5,State,urban/rural,HH Size,statesector,0,Dadra & Nagar Haveli and Daman & Diu,NA,NA,NA,7+,NA,NA
1730,0.039904267,0,2019,5,State,urban/rural,HH Size,statesector,1,Dadra & Nagar Haveli and Daman & Diu,NA,NA,NA,1,NA,NA
1731,0.025434541,0,2019,5,State,urban/rural,HH Size,statesector,1,Dadra & Nagar Haveli and Daman & Diu,NA,NA,NA,2 to 3,NA,NA
1732,0.061463594,0.0173347,2019,5,State,urban/rural,HH Size,statesector,1,Dadra & Nagar Haveli and Daman & Diu,NA,NA,NA,4 to 6,NA,NA
1733,0.069839142,0.034540739,2019,5,State,urban/rural,HH Size,statesector,1,Dadra & Nagar Haveli and Daman & Diu,NA,NA,NA,7+,NA,NA
1734,0.188867196,0,2019,5,State,urban/rural,HH Size,statesector,0,Delhi,NA,NA,NA,1,NA,NA
1735,0,0,2019,5,State,urban/rural,HH Size,statesector,0,Delhi,NA,NA,NA,2 to 3,NA,NA
1736,0.028142691,0.013307683,2019,5,State,urban/rural,HH Size,statesector,0,Delhi,NA,NA,NA,4 to 6,NA,NA
1737,0.018737469,0,2019,5,State,urban/rural,HH Size,statesector,0,Delhi,NA,NA,NA,7+,NA,NA
1738,0.024567222,0,2019,5,State,urban/rural,HH Size,statesector,1,Delhi,NA,NA,NA,1,NA,NA
1739,0.017286351,0.002010601,2019,5,State,urban/rural,HH Size,statesector,1,Delhi,NA,NA,NA,2 to 3,NA,NA
1740,0.032703239,0.004984085,2019,5,State,urban/rural,HH Size,statesector,1,Delhi,NA,NA,NA,4 to 6,NA,NA
1741,0.049030591,0.006417818,2019,5,State,urban/rural,HH Size,statesector,1,Delhi,NA,NA,NA,7+,NA,NA
1742,0.106088459,0,2019,5,State,urban/rural,HH Size,statesector,0,Goa,NA,NA,NA,1,NA,NA
1743,0.030792886,0,2019,5,State,urban/rural,HH Size,statesector,0,Goa,NA,NA,NA,2 to 3,NA,NA
1744,0.019367767,0,2019,5,State,urban/rural,HH Size,statesector,0,Goa,NA,NA,NA,4 to 6,NA,NA
1745,0.054791886,0.024699327,2019,5,State,urban/rural,HH Size,statesector,0,Goa,NA,NA,NA,7+,NA,NA
1746,0.020184496,0,2019,5,State,urban/rural,HH Size,statesector,1,Goa,NA,NA,NA,1,NA,NA
1747,0.004163632,0,2019,5,State,urban/rural,HH Size,statesector,1,Goa,NA,NA,NA,2 to 3,NA,NA
1748,0.004836272,0,2019,5,State,urban/rural,HH Size,statesector,1,Goa,NA,NA,NA,4 to 6,NA,NA
1749,0,0,2019,5,State,urban/rural,HH Size,statesector,1,Goa,NA,NA,NA,7+,NA,NA
1750,0.435914189,0.022830855,2019,5,State,urban/rural,HH Size,statesector,0,Gujarat,NA,NA,NA,1,NA,NA
1751,0.192501351,0.025735868,2019,5,State,urban/rural,HH Size,statesector,0,Gujarat,NA,NA,NA,2 to 3,NA,NA
1752,0.183130905,0.040996362,2019,5,State,urban/rural,HH Size,statesector,0,Gujarat,NA,NA,NA,4 to 6,NA,NA
1753,0.273662537,0.066369921,2019,5,State,urban/rural,HH Size,statesector,0,Gujarat,NA,NA,NA,7+,NA,NA
1754,0.044114713,0,2019,5,State,urban/rural,HH Size,statesector,1,Gujarat,NA,NA,NA,1,NA,NA
1755,0.023599468,0.002333231,2019,5,State,urban/rural,HH Size,statesector,1,Gujarat,NA,NA,NA,2 to 3,NA,NA
1756,0.033536524,0.006447028,2019,5,State,urban/rural,HH Size,statesector,1,Gujarat,NA,NA,NA,4 to 6,NA,NA
1757,0.082523488,0.013292269,2019,5,State,urban/rural,HH Size,statesector,1,Gujarat,NA,NA,NA,7+,NA,NA
1758,0.24676694,0.008110035,2019,5,State,urban/rural,HH Size,statesector,0,Haryana,NA,NA,NA,1,NA,NA
1759,0.08390937,0.010601216,2019,5,State,urban/rural,HH Size,statesector,0,Haryana,NA,NA,NA,2 to 3,NA,NA
1760,0.0733542,0.016581364,2019,5,State,urban/rural,HH Size,statesector,0,Haryana,NA,NA,NA,4 to 6,NA,NA
1761,0.107347369,0.0281932,2019,5,State,urban/rural,HH Size,statesector,0,Haryana,NA,NA,NA,7+,NA,NA
1762,0.025006125,0,2019,5,State,urban/rural,HH Size,statesector,1,Haryana,NA,NA,NA,1,NA,NA
1763,0.027426589,0.00452193,2019,5,State,urban/rural,HH Size,statesector,1,Haryana,NA,NA,NA,2 to 3,NA,NA
1764,0.039994486,0.009291097,2019,5,State,urban/rural,HH Size,statesector,1,Haryana,NA,NA,NA,4 to 6,NA,NA
1765,0.055265177,0.007393613,2019,5,State,urban/rural,HH Size,statesector,1,Haryana,NA,NA,NA,7+,NA,NA
1766,0.149166539,0.002925131,2019,5,State,urban/rural,HH Size,statesector,0,Himachal Pradesh,NA,NA,NA,1,NA,NA
1767,0.046208389,0.001946567,2019,5,State,urban/rural,HH Size,statesector,0,Himachal Pradesh,NA,NA,NA,2 to 3,NA,NA
1768,0.047171529,0.007461329,2019,5,State,urban/rural,HH Size,statesector,0,Himachal Pradesh,NA,NA,NA,4 to 6,NA,NA
1769,0.095744982,0.00578473,2019,5,State,urban/rural,HH Size,statesector,0,Himachal Pradesh,NA,NA,NA,7+,NA,NA
1770,0.017948898,0.005725403,2019,5,State,urban/rural,HH Size,statesector,1,Himachal Pradesh,NA,NA,NA,1,NA,NA
1771,0.02020897,0.007022099,2019,5,State,urban/rural,HH Size,statesector,1,Himachal Pradesh,NA,NA,NA,2 to 3,NA,NA
1772,0.028035237,0.013911936,2019,5,State,urban/rural,HH Size,statesector,1,Himachal Pradesh,NA,NA,NA,4 to 6,NA,NA
1773,0.011904513,0,2019,5,State,urban/rural,HH Size,statesector,1,Himachal Pradesh,NA,NA,NA,7+,NA,NA
1774,0.325562775,0,2019,5,State,urban/rural,HH Size,statesector,0,Jammu & Kashmir,NA,NA,NA,1,NA,NA
1775,0.09738002,0.01298719,2019,5,State,urban/rural,HH Size,statesector,0,Jammu & Kashmir,NA,NA,NA,2 to 3,NA,NA
1776,0.069066644,0.011895745,2019,5,State,urban/rural,HH Size,statesector,0,Jammu & Kashmir,NA,NA,NA,4 to 6,NA,NA
1777,0.106842808,0.018049745,2019,5,State,urban/rural,HH Size,statesector,0,Jammu & Kashmir,NA,NA,NA,7+,NA,NA
1778,0.041598558,0,2019,5,State,urban/rural,HH Size,statesector,1,Jammu & Kashmir,NA,NA,NA,1,NA,NA
1779,0.013729664,0.003117051,2019,5,State,urban/rural,HH Size,statesector,1,Jammu & Kashmir,NA,NA,NA,2 to 3,NA,NA
1780,0.014188985,0.001041331,2019,5,State,urban/rural,HH Size,statesector,1,Jammu & Kashmir,NA,NA,NA,4 to 6,NA,NA
1781,0.02652495,0,2019,5,State,urban/rural,HH Size,statesector,1,Jammu & Kashmir,NA,NA,NA,7+,NA,NA
1782,0.550563693,0.032650497,2019,5,State,urban/rural,HH Size,statesector,0,Jharkhand,NA,NA,NA,1,NA,NA
1783,0.37326622,0.085725002,2019,5,State,urban/rural,HH Size,statesector,0,Jharkhand,NA,NA,NA,2 to 3,NA,NA
1784,0.354566187,0.118353382,2019,5,State,urban/rural,HH Size,statesector,0,Jharkhand,NA,NA,NA,4 to 6,NA,NA
1785,0.408502817,0.123456769,2019,5,State,urban/rural,HH Size,statesector,0,Jharkhand,NA,NA,NA,7+,NA,NA
1786,0.144288301,0,2019,5,State,urban/rural,HH Size,statesector,1,Jharkhand,NA,NA,NA,1,NA,NA
1787,0.076775692,0.013545569,2019,5,State,urban/rural,HH Size,statesector,1,Jharkhand,NA,NA,NA,2 to 3,NA,NA
1788,0.077177845,0.01896313,2019,5,State,urban/rural,HH Size,statesector,1,Jharkhand,NA,NA,NA,4 to 6,NA,NA
1789,0.115578718,0.022344112,2019,5,State,urban/rural,HH Size,statesector,1,Jharkhand,NA,NA,NA,7+,NA,NA
1790,0.389719874,0.006306972,2019,5,State,urban/rural,HH Size,statesector,0,Karnataka,NA,NA,NA,1,NA,NA
1791,0.096751355,0.008602997,2019,5,State,urban/rural,HH Size,statesector,0,Karnataka,NA,NA,NA,2 to 3,NA,NA
1792,0.092688136,0.018534416,2019,5,State,urban/rural,HH Size,statesector,0,Karnataka,NA,NA,NA,4 to 6,NA,NA
1793,0.174033716,0.026579129,2019,5,State,urban/rural,HH Size,statesector,0,Karnataka,NA,NA,NA,7+,NA,NA
1794,0.097628973,0,2019,5,State,urban/rural,HH Size,statesector,1,Karnataka,NA,NA,NA,1,NA,NA
1795,0.022204123,0.003659719,2019,5,State,urban/rural,HH Size,statesector,1,Karnataka,NA,NA,NA,2 to 3,NA,NA
1796,0.027845914,0.004093918,2019,5,State,urban/rural,HH Size,statesector,1,Karnataka,NA,NA,NA,4 to 6,NA,NA
1797,0.055853896,0.00214081,2019,5,State,urban/rural,HH Size,statesector,1,Karnataka,NA,NA,NA,7+,NA,NA
1798,0.069181316,0,2019,5,State,urban/rural,HH Size,statesector,0,Kerala,NA,NA,NA,1,NA,NA
1799,0.014156619,0.001651842,2019,5,State,urban/rural,HH Size,statesector,0,Kerala,NA,NA,NA,2 to 3,NA,NA
1800,0.008386935,0.000185746,2019,5,State,urban/rural,HH Size,statesector,0,Kerala,NA,NA,NA,4 to 6,NA,NA
1801,0.022391161,0,2019,5,State,urban/rural,HH Size,statesector,0,Kerala,NA,NA,NA,7+,NA,NA
1802,0.04224797,0,2019,5,State,urban/rural,HH Size,statesector,1,Kerala,NA,NA,NA,1,NA,NA
1803,0.003037337,0,2019,5,State,urban/rural,HH Size,statesector,1,Kerala,NA,NA,NA,2 to 3,NA,NA
1804,0.003627282,0,2019,5,State,urban/rural,HH Size,statesector,1,Kerala,NA,NA,NA,4 to 6,NA,NA
1805,0.003336152,0,2019,5,State,urban/rural,HH Size,statesector,1,Kerala,NA,NA,NA,7+,NA,NA
1806,0.507671118,0,2019,5,State,urban/rural,HH Size,statesector,0,Ladakh,NA,NA,NA,1,NA,NA
1807,0.083077855,0.005025622,2019,5,State,urban/rural,HH Size,statesector,0,Ladakh,NA,NA,NA,2 to 3,NA,NA
1808,0.073441871,0.010655925,2019,5,State,urban/rural,HH Size,statesector,0,Ladakh,NA,NA,NA,4 to 6,NA,NA
1809,0.092395782,0,2019,5,State,urban/rural,HH Size,statesector,0,Ladakh,NA,NA,NA,7+,NA,NA
1810,0.009066815,0,2019,5,State,urban/rural,HH Size,statesector,1,Ladakh,NA,NA,NA,2 to 3,NA,NA
1811,0.020800669,0.005045261,2019,5,State,urban/rural,HH Size,statesector,1,Ladakh,NA,NA,NA,4 to 6,NA,NA
1812,0,0,2019,5,State,urban/rural,HH Size,statesector,1,Ladakh,NA,NA,NA,7+,NA,NA
1813,0,0,2019,5,State,urban/rural,HH Size,statesector,0,Lakshadweep,NA,NA,NA,1,NA,NA
1814,0,0,2019,5,State,urban/rural,HH Size,statesector,0,Lakshadweep,NA,NA,NA,2 to 3,NA,NA
1815,0.022159422,0,2019,5,State,urban/rural,HH Size,statesector,0,Lakshadweep,NA,NA,NA,4 to 6,NA,NA
1816,0,0,2019,5,State,urban/rural,HH Size,statesector,0,Lakshadweep,NA,NA,NA,7+,NA,NA
1817,0,0,2019,5,State,urban/rural,HH Size,statesector,1,Lakshadweep,NA,NA,NA,1,NA,NA
1818,0.003764391,0,2019,5,State,urban/rural,HH Size,statesector,1,Lakshadweep,NA,NA,NA,2 to 3,NA,NA
1819,0.005278427,0,2019,5,State,urban/rural,HH Size,statesector,1,Lakshadweep,NA,NA,NA,4 to 6,NA,NA
1820,0.013916859,0,2019,5,State,urban/rural,HH Size,statesector,1,Lakshadweep,NA,NA,NA,7+,NA,NA
1821,0.62794292,0.035381921,2019,5,State,urban/rural,HH Size,statesector,0,Madhya Pradesh,NA,NA,NA,1,NA,NA
1822,0.340052426,0.036634166,2019,5,State,urban/rural,HH Size,statesector,0,Madhya Pradesh,NA,NA,NA,2 to 3,NA,NA
1823,0.269692838,0.069192231,2019,5,State,urban/rural,HH Size,statesector,0,Madhya Pradesh,NA,NA,NA,4 to 6,NA,NA
1824,0.315667331,0.086484253,2019,5,State,urban/rural,HH Size,statesector,0,Madhya Pradesh,NA,NA,NA,7+,NA,NA
1825,0.115779169,0.002163235,2019,5,State,urban/rural,HH Size,statesector,1,Madhya Pradesh,NA,NA,NA,1,NA,NA
1826,0.074973851,0.008486125,2019,5,State,urban/rural,HH Size,statesector,1,Madhya Pradesh,NA,NA,NA,2 to 3,NA,NA
1827,0.06886895,0.013344541,2019,5,State,urban/rural,HH Size,statesector,1,Madhya Pradesh,NA,NA,NA,4 to 6,NA,NA
1828,0.09391658,0.018310122,2019,5,State,urban/rural,HH Size,statesector,1,Madhya Pradesh,NA,NA,NA,7+,NA,NA
1829,0.409437388,0.015082058,2019,5,State,urban/rural,HH Size,statesector,0,Maharashtra,NA,NA,NA,1,NA,NA
1830,0.137738883,0.017026816,2019,5,State,urban/rural,HH Size,statesector,0,Maharashtra,NA,NA,NA,2 to 3,NA,NA
1831,0.113463737,0.021970822,2019,5,State,urban/rural,HH Size,statesector,0,Maharashtra,NA,NA,NA,4 to 6,NA,NA
1832,0.162645236,0.026694547,2019,5,State,urban/rural,HH Size,statesector,0,Maharashtra,NA,NA,NA,7+,NA,NA
1833,0.078322202,0.00396504,2019,5,State,urban/rural,HH Size,statesector,1,Maharashtra,NA,NA,NA,1,NA,NA
1834,0.026233189,0.001012883,2019,5,State,urban/rural,HH Size,statesector,1,Maharashtra,NA,NA,NA,2 to 3,NA,NA
1835,0.026320305,0.002328167,2019,5,State,urban/rural,HH Size,statesector,1,Maharashtra,NA,NA,NA,4 to 6,NA,NA
1836,0.059650134,0.009052296,2019,5,State,urban/rural,HH Size,statesector,1,Maharashtra,NA,NA,NA,7+,NA,NA
1837,0.4443928,0.007185112,2019,5,State,urban/rural,HH Size,statesector,0,Manipur,NA,NA,NA,1,NA,NA
1838,0.123464473,0.016416406,2019,5,State,urban/rural,HH Size,statesector,0,Manipur,NA,NA,NA,2 to 3,NA,NA
1839,0.119004838,0.019526435,2019,5,State,urban/rural,HH Size,statesector,0,Manipur,NA,NA,NA,4 to 6,NA,NA
1840,0.144936144,0.021790447,2019,5,State,urban/rural,HH Size,statesector,0,Manipur,NA,NA,NA,7+,NA,NA
1841,0.164320797,0,2019,5,State,urban/rural,HH Size,statesector,1,Manipur,NA,NA,NA,1,NA,NA
1842,0.043077081,0.004120396,2019,5,State,urban/rural,HH Size,statesector,1,Manipur,NA,NA,NA,2 to 3,NA,NA
1843,0.040511813,0.004223119,2019,5,State,urban/rural,HH Size,statesector,1,Manipur,NA,NA,NA,4 to 6,NA,NA
1844,0.051433124,0.007123693,2019,5,State,urban/rural,HH Size,statesector,1,Manipur,NA,NA,NA,7+,NA,NA
1845,0.466711164,0.01908554,2019,5,State,urban/rural,HH Size,statesector,0,Meghalaya,NA,NA,NA,1,NA,NA
1846,0.24486962,0.060628608,2019,5,State,urban/rural,HH Size,statesector,0,Meghalaya,NA,NA,NA,2 to 3,NA,NA
1847,0.280403346,0.103447169,2019,5,State,urban/rural,HH Size,statesector,0,Meghalaya,NA,NA,NA,4 to 6,NA,NA
1848,0.401448667,0.177073702,2019,5,State,urban/rural,HH Size,statesector,0,Meghalaya,NA,NA,NA,7+,NA,NA
1849,0.019266404,0,2019,5,State,urban/rural,HH Size,statesector,1,Meghalaya,NA,NA,NA,1,NA,NA
1850,0.056375042,0.010682547,2019,5,State,urban/rural,HH Size,statesector,1,Meghalaya,NA,NA,NA,2 to 3,NA,NA
1851,0.055878919,0.014429445,2019,5,State,urban/rural,HH Size,statesector,1,Meghalaya,NA,NA,NA,4 to 6,NA,NA
1852,0.164814353,0.069194637,2019,5,State,urban/rural,HH Size,statesector,1,Meghalaya,NA,NA,NA,7+,NA,NA
1853,0.164015099,0.012496735,2019,5,State,urban/rural,HH Size,statesector,0,Mizoram,NA,NA,NA,1,NA,NA
1854,0.100154839,0.019425595,2019,5,State,urban/rural,HH Size,statesector,0,Mizoram,NA,NA,NA,2 to 3,NA,NA
1855,0.110462338,0.039031204,2019,5,State,urban/rural,HH Size,statesector,0,Mizoram,NA,NA,NA,4 to 6,NA,NA
1856,0.142252326,0.055763189,2019,5,State,urban/rural,HH Size,statesector,0,Mizoram,NA,NA,NA,7+,NA,NA
1857,0.016057368,0,2019,5,State,urban/rural,HH Size,statesector,1,Mizoram,NA,NA,NA,1,NA,NA
1858,0.006275142,0.00029192,2019,5,State,urban/rural,HH Size,statesector,1,Mizoram,NA,NA,NA,2 to 3,NA,NA
1859,0.00726585,0.001062906,2019,5,State,urban/rural,HH Size,statesector,1,Mizoram,NA,NA,NA,4 to 6,NA,NA
1860,0.011500089,0,2019,5,State,urban/rural,HH Size,statesector,1,Mizoram,NA,NA,NA,7+,NA,NA
1861,0.463406533,0.000442161,2019,5,State,urban/rural,HH Size,statesector,0,Nagaland,NA,NA,NA,1,NA,NA
1862,0.188930452,0.012628254,2019,5,State,urban/rural,HH Size,statesector,0,Nagaland,NA,NA,NA,2 to 3,NA,NA
1863,0.201982424,0.044239003,2019,5,State,urban/rural,HH Size,statesector,0,Nagaland,NA,NA,NA,4 to 6,NA,NA
1864,0.358770937,0.09422233,2019,5,State,urban/rural,HH Size,statesector,0,Nagaland,NA,NA,NA,7+,NA,NA
1865,0.124846034,0,2019,5,State,urban/rural,HH Size,statesector,1,Nagaland,NA,NA,NA,1,NA,NA
1866,0.049889814,0.002766914,2019,5,State,urban/rural,HH Size,statesector,1,Nagaland,NA,NA,NA,2 to 3,NA,NA
1867,0.062523633,0.008409893,2019,5,State,urban/rural,HH Size,statesector,1,Nagaland,NA,NA,NA,4 to 6,NA,NA
1868,0.108919941,0.031433146,2019,5,State,urban/rural,HH Size,statesector,1,Nagaland,NA,NA,NA,7+,NA,NA
1869,0.525702953,0.028169177,2019,5,State,urban/rural,HH Size,statesector,0,Odisha,NA,NA,NA,1,NA,NA
1870,0.232910171,0.040910855,2019,5,State,urban/rural,HH Size,statesector,0,Odisha,NA,NA,NA,2 to 3,NA,NA
1871,0.225020066,0.061226152,2019,5,State,urban/rural,HH Size,statesector,0,Odisha,NA,NA,NA,4 to 6,NA,NA
1872,0.254467666,0.077714801,2019,5,State,urban/rural,HH Size,statesector,0,Odisha,NA,NA,NA,7+,NA,NA
1873,0.181158826,0.01353448,2019,5,State,urban/rural,HH Size,statesector,1,Odisha,NA,NA,NA,1,NA,NA
1874,0.07151591,0.014076748,2019,5,State,urban/rural,HH Size,statesector,1,Odisha,NA,NA,NA,2 to 3,NA,NA
1875,0.075061366,0.017465306,2019,5,State,urban/rural,HH Size,statesector,1,Odisha,NA,NA,NA,4 to 6,NA,NA
1876,0.042853236,0.012380728,2019,5,State,urban/rural,HH Size,statesector,1,Odisha,NA,NA,NA,7+,NA,NA
1877,0.238907441,0.042360108,2019,5,State,urban/rural,HH Size,statesector,0,Puducherry,NA,NA,NA,1,NA,NA
1878,0.026578082,0.001143792,2019,5,State,urban/rural,HH Size,statesector,0,Puducherry,NA,NA,NA,2 to 3,NA,NA
1879,0.002545128,0,2019,5,State,urban/rural,HH Size,statesector,0,Puducherry,NA,NA,NA,4 to 6,NA,NA
1880,0.037595227,0,2019,5,State,urban/rural,HH Size,statesector,0,Puducherry,NA,NA,NA,7+,NA,NA
1881,0.099991143,0,2019,5,State,urban/rural,HH Size,statesector,1,Puducherry,NA,NA,NA,1,NA,NA
1882,0.006204173,0,2019,5,State,urban/rural,HH Size,statesector,1,Puducherry,NA,NA,NA,2 to 3,NA,NA
1883,0.004819811,0.000151279,2019,5,State,urban/rural,HH Size,statesector,1,Puducherry,NA,NA,NA,4 to 6,NA,NA
1884,0.086913019,0,2019,5,State,urban/rural,HH Size,statesector,1,Puducherry,NA,NA,NA,7+,NA,NA
1885,0.211091146,0.004282945,2019,5,State,urban/rural,HH Size,statesector,0,Punjab,NA,NA,NA,1,NA,NA
1886,0.043271512,0.003080846,2019,5,State,urban/rural,HH Size,statesector,0,Punjab,NA,NA,NA,2 to 3,NA,NA
1887,0.045624148,0.007383474,2019,5,State,urban/rural,HH Size,statesector,0,Punjab,NA,NA,NA,4 to 6,NA,NA
1888,0.056252688,0.009097784,2019,5,State,urban/rural,HH Size,statesector,0,Punjab,NA,NA,NA,7+,NA,NA
1889,0.045427632,0,2019,5,State,urban/rural,HH Size,statesector,1,Punjab,NA,NA,NA,1,NA,NA
1890,0.022652429,0.001852134,2019,5,State,urban/rural,HH Size,statesector,1,Punjab,NA,NA,NA,2 to 3,NA,NA
1891,0.038221773,0.006201775,2019,5,State,urban/rural,HH Size,statesector,1,Punjab,NA,NA,NA,4 to 6,NA,NA
1892,0.080002025,0.013582889,2019,5,State,urban/rural,HH Size,statesector,1,Punjab,NA,NA,NA,7+,NA,NA
1893,0.460519463,0.014649933,2019,5,State,urban/rural,HH Size,statesector,0,Rajasthan,NA,NA,NA,1,NA,NA
1894,0.215709969,0.028874369,2019,5,State,urban/rural,HH Size,statesector,0,Rajasthan,NA,NA,NA,2 to 3,NA,NA
1895,0.188004166,0.044543467,2019,5,State,urban/rural,HH Size,statesector,0,Rajasthan,NA,NA,NA,4 to 6,NA,NA
1896,0.220278665,0.05106695,2019,5,State,urban/rural,HH Size,statesector,0,Rajasthan,NA,NA,NA,7+,NA,NA
1897,0.077787966,0,2019,5,State,urban/rural,HH Size,statesector,1,Rajasthan,NA,NA,NA,1,NA,NA
1898,0.028076585,0.001571813,2019,5,State,urban/rural,HH Size,statesector,1,Rajasthan,NA,NA,NA,2 to 3,NA,NA
1899,0.034199003,0.007944395,2019,5,State,urban/rural,HH Size,statesector,1,Rajasthan,NA,NA,NA,4 to 6,NA,NA
1900,0.061610028,0.010313246,2019,5,State,urban/rural,HH Size,statesector,1,Rajasthan,NA,NA,NA,7+,NA,NA
1901,0.084435523,0,2019,5,State,urban/rural,HH Size,statesector,0,Sikkim,NA,NA,NA,1,NA,NA
1902,0.058008824,0.006395062,2019,5,State,urban/rural,HH Size,statesector,0,Sikkim,NA,NA,NA,2 to 3,NA,NA
1903,0.046925403,0.009605995,2019,5,State,urban/rural,HH Size,statesector,0,Sikkim,NA,NA,NA,4 to 6,NA,NA
1904,0.079014905,0,2019,5,State,urban/rural,HH Size,statesector,0,Sikkim,NA,NA,NA,7+,NA,NA
1905,0,0,2019,5,State,urban/rural,HH Size,statesector,1,Sikkim,NA,NA,NA,1,NA,NA
1906,0.006854957,0.000396766,2019,5,State,urban/rural,HH Size,statesector,1,Sikkim,NA,NA,NA,2 to 3,NA,NA
1907,0.002763445,0,2019,5,State,urban/rural,HH Size,statesector,1,Sikkim,NA,NA,NA,4 to 6,NA,NA
1908,0,0,2019,5,State,urban/rural,HH Size,statesector,1,Sikkim,NA,NA,NA,7+,NA,NA
1909,0.269917428,0.003826763,2019,5,State,urban/rural,HH Size,statesector,0,Tamil Nadu,NA,NA,NA,1,NA,NA
1910,0.069878712,0.003038632,2019,5,State,urban/rural,HH Size,statesector,0,Tamil Nadu,NA,NA,NA,2 to 3,NA,NA
1911,0.03309365,0.003355705,2019,5,State,urban/rural,HH Size,statesector,0,Tamil Nadu,NA,NA,NA,4 to 6,NA,NA
1912,0.040497229,0.006312039,2019,5,State,urban/rural,HH Size,statesector,0,Tamil Nadu,NA,NA,NA,7+,NA,NA
1913,0.085782707,0.000851431,2019,5,State,urban/rural,HH Size,statesector,1,Tamil Nadu,NA,NA,NA,1,NA,NA
1914,0.018155724,0.000797591,2019,5,State,urban/rural,HH Size,statesector,1,Tamil Nadu,NA,NA,NA,2 to 3,NA,NA
1915,0.018358994,0.000747903,2019,5,State,urban/rural,HH Size,statesector,1,Tamil Nadu,NA,NA,NA,4 to 6,NA,NA
1916,0.037985522,0,2019,5,State,urban/rural,HH Size,statesector,1,Tamil Nadu,NA,NA,NA,7+,NA,NA
1917,0.281085402,0.00847048,2019,5,State,urban/rural,HH Size,statesector,0,Telangana,NA,NA,NA,1,NA,NA
1918,0.088094316,0.007789214,2019,5,State,urban/rural,HH Size,statesector,0,Telangana,NA,NA,NA,2 to 3,NA,NA
1919,0.07749559,0.011660289,2019,5,State,urban/rural,HH Size,statesector,0,Telangana,NA,NA,NA,4 to 6,NA,NA
1920,0.097336344,0.013623575,2019,5,State,urban/rural,HH Size,statesector,0,Telangana,NA,NA,NA,7+,NA,NA
1921,0.082821108,0,2019,5,State,urban/rural,HH Size,statesector,1,Telangana,NA,NA,NA,1,NA,NA
1922,0.023343481,0.000884507,2019,5,State,urban/rural,HH Size,statesector,1,Telangana,NA,NA,NA,2 to 3,NA,NA
1923,0.025639748,0.004344981,2019,5,State,urban/rural,HH Size,statesector,1,Telangana,NA,NA,NA,4 to 6,NA,NA
1924,0.047883887,0.004859364,2019,5,State,urban/rural,HH Size,statesector,1,Telangana,NA,NA,NA,7+,NA,NA
1925,0.609510481,0.033397034,2019,5,State,urban/rural,HH Size,statesector,0,Tripura,NA,NA,NA,1,NA,NA
1926,0.190890804,0.024566056,2019,5,State,urban/rural,HH Size,statesector,0,Tripura,NA,NA,NA,2 to 3,NA,NA
1927,0.188493639,0.041170906,2019,5,State,urban/rural,HH Size,statesector,0,Tripura,NA,NA,NA,4 to 6,NA,NA
1928,0.213910714,0.037720803,2019,5,State,urban/rural,HH Size,statesector,0,Tripura,NA,NA,NA,7+,NA,NA
1929,0.15379712,0,2019,5,State,urban/rural,HH Size,statesector,1,Tripura,NA,NA,NA,1,NA,NA
1930,0.043718856,0.005176309,2019,5,State,urban/rural,HH Size,statesector,1,Tripura,NA,NA,NA,2 to 3,NA,NA
1931,0.052354034,0.005267854,2019,5,State,urban/rural,HH Size,statesector,1,Tripura,NA,NA,NA,4 to 6,NA,NA
1932,0.101248674,0.048094124,2019,5,State,urban/rural,HH Size,statesector,1,Tripura,NA,NA,NA,7+,NA,NA
1933,0.522677839,0.012142568,2019,5,State,urban/rural,HH Size,statesector,0,Uttar Pradesh,NA,NA,NA,1,NA,NA
1934,0.263230592,0.045461666,2019,5,State,urban/rural,HH Size,statesector,0,Uttar Pradesh,NA,NA,NA,2 to 3,NA,NA
1935,0.252433538,0.078056931,2019,5,State,urban/rural,HH Size,statesector,0,Uttar Pradesh,NA,NA,NA,4 to 6,NA,NA
1936,0.274509877,0.084965512,2019,5,State,urban/rural,HH Size,statesector,0,Uttar Pradesh,NA,NA,NA,7+,NA,NA
1937,0.132086799,0.005378473,2019,5,State,urban/rural,HH Size,statesector,1,Uttar Pradesh,NA,NA,NA,1,NA,NA
1938,0.068573453,0.007827337,2019,5,State,urban/rural,HH Size,statesector,1,Uttar Pradesh,NA,NA,NA,2 to 3,NA,NA
1939,0.104931511,0.02824901,2019,5,State,urban/rural,HH Size,statesector,1,Uttar Pradesh,NA,NA,NA,4 to 6,NA,NA
1940,0.150321439,0.036756247,2019,5,State,urban/rural,HH Size,statesector,1,Uttar Pradesh,NA,NA,NA,7+,NA,NA
1941,0.317156225,0.010283037,2019,5,State,urban/rural,HH Size,statesector,0,Uttarakhand,NA,NA,NA,1,NA,NA
1942,0.101697788,0.011665702,2019,5,State,urban/rural,HH Size,statesector,0,Uttarakhand,NA,NA,NA,2 to 3,NA,NA
1943,0.097658269,0.014083358,2019,5,State,urban/rural,HH Size,statesector,0,Uttarakhand,NA,NA,NA,4 to 6,NA,NA
1944,0.140429273,0.021852687,2019,5,State,urban/rural,HH Size,statesector,0,Uttarakhand,NA,NA,NA,7+,NA,NA
1945,0.042743865,0.017051658,2019,5,State,urban/rural,HH Size,statesector,1,Uttarakhand,NA,NA,NA,1,NA,NA
1946,0.03327667,0,2019,5,State,urban/rural,HH Size,statesector,1,Uttarakhand,NA,NA,NA,2 to 3,NA,NA
1947,0.066897675,0.01067019,2019,5,State,urban/rural,HH Size,statesector,1,Uttarakhand,NA,NA,NA,4 to 6,NA,NA
1948,0.091852769,0.035553094,2019,5,State,urban/rural,HH Size,statesector,1,Uttarakhand,NA,NA,NA,7+,NA,NA
1949,0.58482796,0.018951187,2019,5,State,urban/rural,HH Size,statesector,0,West Bengal,NA,NA,NA,1,NA,NA
1950,0.204152077,0.027005367,2019,5,State,urban/rural,HH Size,statesector,0,West Bengal,NA,NA,NA,2 to 3,NA,NA
1951,0.192426652,0.040445667,2019,5,State,urban/rural,HH Size,statesector,0,West Bengal,NA,NA,NA,4 to 6,NA,NA
1952,0.186751336,0.036057472,2019,5,State,urban/rural,HH Size,statesector,0,West Bengal,NA,NA,NA,7+,NA,NA
1953,0.127781972,0.004953878,2019,5,State,urban/rural,HH Size,statesector,1,West Bengal,NA,NA,NA,1,NA,NA
1954,0.043863043,0.005319237,2019,5,State,urban/rural,HH Size,statesector,1,West Bengal,NA,NA,NA,2 to 3,NA,NA
1955,0.052812055,0.011531335,2019,5,State,urban/rural,HH Size,statesector,1,West Bengal,NA,NA,NA,4 to 6,NA,NA
1956,0.093148299,0.02103723,2019,5,State,urban/rural,HH Size,statesector,1,West Bengal,NA,NA,NA,7+,NA,NA
1957,0.25266552,0.08482296,2015,4,National,All,Owns House,allindia,99,India,NA,NA,NA,NA,0,NA
1958,0.28472811,0.088296369,2015,4,National,All,Owns House,allindia,99,India,NA,NA,NA,NA,1,NA
1959,0.284616202,0.138849497,2015,4,National,All,Owns House,allindia,99,India,NA,NA,NA,NA,NA,NA
1960,0.390554428,0.136982754,2015,4,National,urban/rural,Owns House,indiasector,0,India,NA,NA,NA,NA,0,NA
1961,0.364574999,0.114723109,2015,4,National,urban/rural,Owns House,indiasector,0,India,NA,NA,NA,NA,1,NA
1962,0.363175601,0.182296813,2015,4,National,urban/rural,Owns House,indiasector,0,India,NA,NA,NA,NA,NA,NA
1963,0.093072049,0.024452887,2015,4,National,urban/rural,Owns House,indiasector,1,India,NA,NA,NA,NA,0,NA
1964,0.091367438,0.024300203,2015,4,National,urban/rural,Owns House,indiasector,1,India,NA,NA,NA,NA,1,NA
1965,0.06256669,0.016044917,2015,4,National,urban/rural,Owns House,indiasector,1,India,NA,NA,NA,NA,NA,NA
1966,0.044516575,0.007422875,2015,4,State,All,Owns House,state,99,Andaman & Nicobar Islands,NA,NA,NA,NA,0,NA
1967,0.0840813,0.011370419,2015,4,State,All,Owns House,state,99,Andaman & Nicobar Islands,NA,NA,NA,NA,1,NA
1968,0,0,2015,4,State,All,Owns House,state,99,Andaman & Nicobar Islands,NA,NA,NA,NA,NA,NA
1969,0.123212673,0.026248153,2015,4,State,All,Owns House,state,99,Andhra Pradesh,NA,NA,NA,NA,0,NA
1970,0.164377302,0.033376921,2015,4,State,All,Owns House,state,99,Andhra Pradesh,NA,NA,NA,NA,1,NA
1971,0.412358016,0,2015,4,State,All,Owns House,state,99,Andhra Pradesh,NA,NA,NA,NA,NA,NA
1972,0.204211786,0.061787721,2015,4,State,All,Owns House,state,99,Arunachal Pradesh,NA,NA,NA,NA,0,NA
1973,0.261990726,0.082108222,2015,4,State,All,Owns House,state,99,Arunachal Pradesh,NA,NA,NA,NA,1,NA
1974,0,0,2015,4,State,All,Owns House,state,99,Arunachal Pradesh,NA,NA,NA,NA,NA,NA
1975,0.437381536,0.177546516,2015,4,State,All,Owns House,state,99,Assam,NA,NA,NA,NA,0,NA
1976,0.351477057,0.114158355,2015,4,State,All,Owns House,state,99,Assam,NA,NA,NA,NA,1,NA
1977,0.212098032,0,2015,4,State,All,Owns House,state,99,Assam,NA,NA,NA,NA,NA,NA
1978,0.532372653,0.2383582,2015,4,State,All,Owns House,state,99,Bihar,NA,NA,NA,NA,0,NA
1979,0.521932602,0.219574392,2015,4,State,All,Owns House,state,99,Bihar,NA,NA,NA,NA,1,NA
1980,0.488798499,0.339413404,2015,4,State,All,Owns House,state,99,Bihar,NA,NA,NA,NA,NA,NA
1981,0.090560406,0.044117,2015,4,State,All,Owns House,state,99,Chandigarh,NA,NA,NA,NA,0,NA
1982,0.035926394,0.004609378,2015,4,State,All,Owns House,state,99,Chandigarh,NA,NA,NA,NA,1,NA
1983,0.309455097,0.089207225,2015,4,State,All,Owns House,state,99,Chhattisgarh,NA,NA,NA,NA,0,NA
1984,0.374450892,0.090454854,2015,4,State,All,Owns House,state,99,Chhattisgarh,NA,NA,NA,NA,1,NA
1985,0,0,2015,4,State,All,Owns House,state,99,Chhattisgarh,NA,NA,NA,NA,NA,NA
1986,0.10200271,0.031851452,2015,4,State,All,Owns House,state,99,Dadra & Nagar Haveli and Daman & Diu,NA,NA,NA,NA,0,NA
1987,0.338353664,0.084722243,2015,4,State,All,Owns House,state,99,Dadra & Nagar Haveli and Daman & Diu,NA,NA,NA,NA,1,NA
1988,0.062609978,0.012396857,2015,4,State,All,Owns House,state,99,Delhi,NA,NA,NA,NA,0,NA
1989,0.033877105,0.008563917,2015,4,State,All,Owns House,state,99,Delhi,NA,NA,NA,NA,1,NA
1990,0,0,2015,4,State,All,Owns House,state,99,Delhi,NA,NA,NA,NA,NA,NA
1991,0.085196018,0.00464425,2015,4,State,All,Owns House,state,99,Goa,NA,NA,NA,NA,0,NA
1992,0.041787818,0.004071019,2015,4,State,All,Owns House,state,99,Goa,NA,NA,NA,NA,1,NA
1993,0.195827946,0.053192496,2015,4,State,All,Owns House,state,99,Gujarat,NA,NA,NA,NA,0,NA
1994,0.221895874,0.054926932,2015,4,State,All,Owns House,state,99,Gujarat,NA,NA,NA,NA,1,NA
1995,0.626133204,0.055543721,2015,4,State,All,Owns House,state,99,Gujarat,NA,NA,NA,NA,NA,NA
1996,0.145218223,0.042445287,2015,4,State,All,Owns House,state,99,Haryana,NA,NA,NA,NA,0,NA
1997,0.100521915,0.022964995,2015,4,State,All,Owns House,state,99,Haryana,NA,NA,NA,NA,1,NA
1998,0.227978468,0,2015,4,State,All,Owns House,state,99,Haryana,NA,NA,NA,NA,NA,NA
1999,0.0892758,0.01143304,2015,4,State,All,Owns House,state,99,Himachal Pradesh,NA,NA,NA,NA,0,NA
2000,0.07918299,0.004142317,2015,4,State,All,Owns House,state,99,Himachal Pradesh,NA,NA,NA,NA,1,NA
2001,0.165621489,0,2015,4,State,All,Owns House,state,99,Himachal Pradesh,NA,NA,NA,NA,NA,NA
2002,0.242684767,0.061291024,2015,4,State,All,Owns House,state,99,Jammu & Kashmir,NA,NA,NA,NA,0,NA
2003,0.145732373,0.031303186,2015,4,State,All,Owns House,state,99,Jammu & Kashmir,NA,NA,NA,NA,1,NA
2004,0,0,2015,4,State,All,Owns House,state,99,Jammu & Kashmir,NA,NA,NA,NA,NA,NA
2005,0.450091153,0.157377809,2015,4,State,All,Owns House,state,99,Jharkhand,NA,NA,NA,NA,0,NA
2006,0.467747033,0.154093981,2015,4,State,All,Owns House,state,99,Jharkhand,NA,NA,NA,NA,1,NA
2007,0.227396473,0,2015,4,State,All,Owns House,state,99,Jharkhand,NA,NA,NA,NA,NA,NA
2008,0.138741598,0.023480149,2015,4,State,All,Owns House,state,99,Karnataka,NA,NA,NA,NA,0,NA
2009,0.185814574,0.03610757,2015,4,State,All,Owns House,state,99,Karnataka,NA,NA,NA,NA,1,NA
2010,0.229688257,0,2015,4,State,All,Owns House,state,99,Karnataka,NA,NA,NA,NA,NA,NA
2011,0.014366977,0.001129437,2015,4,State,All,Owns House,state,99,Kerala,NA,NA,NA,NA,0,NA
2012,0.010079164,0.000619011,2015,4,State,All,Owns House,state,99,Kerala,NA,NA,NA,NA,1,NA
2013,0.031758506,0,2015,4,State,All,Owns House,state,99,Kerala,NA,NA,NA,NA,NA,NA
2014,0,0,2015,4,State,All,Owns House,state,99,Lakshadweep,NA,NA,NA,NA,0,NA
2015,0.019178513,0,2015,4,State,All,Owns House,state,99,Lakshadweep,NA,NA,NA,NA,1,NA
2016,0.38354066,0.13146396,2015,4,State,All,Owns House,state,99,Madhya Pradesh,NA,NA,NA,NA,0,NA
2017,0.415504754,0.130294263,2015,4,State,All,Owns House,state,99,Madhya Pradesh,NA,NA,NA,NA,1,NA
2018,0.386835158,0.068712525,2015,4,State,All,Owns House,state,99,Madhya Pradesh,NA,NA,NA,NA,NA,NA
2019,0.143969238,0.030164391,2015,4,State,All,Owns House,state,99,Maharashtra,NA,NA,NA,NA,0,NA
2020,0.178838849,0.035852358,2015,4,State,All,Owns House,state,99,Maharashtra,NA,NA,NA,NA,1,NA
2021,0.189619586,0.066695772,2015,4,State,All,Owns House,state,99,Maharashtra,NA,NA,NA,NA,NA,NA
2022,0.239584535,0.045026336,2015,4,State,All,Owns House,state,99,Manipur,NA,NA,NA,NA,0,NA
2023,0.201331168,0.031123564,2015,4,State,All,Owns House,state,99,Manipur,NA,NA,NA,NA,1,NA
2024,0.088169001,0,2015,4,State,All,Owns House,state,99,Manipur,NA,NA,NA,NA,NA,NA
2025,0.276634306,0.082271144,2015,4,State,All,Owns House,state,99,Meghalaya,NA,NA,NA,NA,0,NA
2026,0.344289154,0.121955417,2015,4,State,All,Owns House,state,99,Meghalaya,NA,NA,NA,NA,1,NA
2027,0.287876725,0,2015,4,State,All,Owns House,state,99,Meghalaya,NA,NA,NA,NA,NA,NA
2028,0.081895702,0.027214523,2015,4,State,All,Owns House,state,99,Mizoram,NA,NA,NA,NA,0,NA
2029,0.120603018,0.04423644,2015,4,State,All,Owns House,state,99,Mizoram,NA,NA,NA,NA,1,NA
2030,0,0,2015,4,State,All,Owns House,state,99,Mizoram,NA,NA,NA,NA,NA,NA
2031,0.18931447,0.055787925,2015,4,State,All,Owns House,state,99,Nagaland,NA,NA,NA,NA,0,NA
2032,0.25315395,0.064822003,2015,4,State,All,Owns House,state,99,Nagaland,NA,NA,NA,NA,1,NA
2033,0.180020764,0,2015,4,State,All,Owns House,state,99,Nagaland,NA,NA,NA,NA,NA,NA
2034,0.305904746,0.094813578,2015,4,State,All,Owns House,state,99,Odisha,NA,NA,NA,NA,0,NA
2035,0.368075788,0.108321242,2015,4,State,All,Owns House,state,99,Odisha,NA,NA,NA,NA,1,NA
2036,0.332542658,0.264304429,2015,4,State,All,Owns House,state,99,Odisha,NA,NA,NA,NA,NA,NA
2037,0.034847133,0.012921425,2015,4,State,All,Owns House,state,99,Puducherry,NA,NA,NA,NA,0,NA
2038,0.034167148,0.001062892,2015,4,State,All,Owns House,state,99,Puducherry,NA,NA,NA,NA,1,NA
2039,0.124982446,0.03588739,2015,4,State,All,Owns House,state,99,Punjab,NA,NA,NA,NA,0,NA
2040,0.055231482,0.012329268,2015,4,State,All,Owns House,state,99,Punjab,NA,NA,NA,NA,1,NA
2041,0,0,2015,4,State,All,Owns House,state,99,Punjab,NA,NA,NA,NA,NA,NA
2042,0.329247534,0.116675824,2015,4,State,All,Owns House,state,99,Rajasthan,NA,NA,NA,NA,0,NA
2043,0.318120688,0.112363204,2015,4,State,All,Owns House,state,99,Rajasthan,NA,NA,NA,NA,1,NA
2044,0.127141431,0,2015,4,State,All,Owns House,state,99,Rajasthan,NA,NA,NA,NA,NA,NA
2045,0.059849303,0.006317199,2015,4,State,All,Owns House,state,99,Sikkim,NA,NA,NA,NA,0,NA
2046,0.04393008,0.00452459,2015,4,State,All,Owns House,state,99,Sikkim,NA,NA,NA,NA,1,NA
2047,0,0,2015,4,State,All,Owns House,state,99,Sikkim,NA,NA,NA,NA,NA,NA
2048,0.04487266,0.005570729,2015,4,State,All,Owns House,state,99,Tamil Nadu,NA,NA,NA,NA,0,NA
2049,0.08143612,0.005781205,2015,4,State,All,Owns House,state,99,Tamil Nadu,NA,NA,NA,NA,1,NA
2050,0.035706986,0,2015,4,State,All,Owns House,state,99,Tamil Nadu,NA,NA,NA,NA,NA,NA
2051,0.164866328,0.029040556,2015,4,State,All,Owns House,state,99,Telangana,NA,NA,NA,NA,0,NA
2052,0.182534426,0.039771095,2015,4,State,All,Owns House,state,99,Telangana,NA,NA,NA,NA,1,NA
2053,0.771788955,0.771788955,2015,4,State,All,Owns House,state,99,Telangana,NA,NA,NA,NA,NA,NA
2054,0.172895208,0.041366421,2015,4,State,All,Owns House,state,99,Tripura,NA,NA,NA,NA,0,NA
2055,0.212612823,0.05657988,2015,4,State,All,Owns House,state,99,Tripura,NA,NA,NA,NA,1,NA
2056,0,0,2015,4,State,All,Owns House,state,99,Tripura,NA,NA,NA,NA,NA,NA
2057,0.440329373,0.183083281,2015,4,State,All,Owns House,state,99,Uttar Pradesh,NA,NA,NA,NA,0,NA
2058,0.404498339,0.136297166,2015,4,State,All,Owns House,state,99,Uttar Pradesh,NA,NA,NA,NA,1,NA
2059,0.429889947,0.334382057,2015,4,State,All,Owns House,state,99,Uttar Pradesh,NA,NA,NA,NA,NA,NA
2060,0.212679476,0.067814447,2015,4,State,All,Owns House,state,99,Uttarakhand,NA,NA,NA,NA,0,NA
2061,0.160902083,0.031542491,2015,4,State,All,Owns House,state,99,Uttarakhand,NA,NA,NA,NA,1,NA
2062,0,0,2015,4,State,All,Owns House,state,99,Uttarakhand,NA,NA,NA,NA,NA,NA
2063,0.265090227,0.068491101,2015,4,State,All,Owns House,state,99,West Bengal,NA,NA,NA,NA,0,NA
2064,0.261770099,0.07182762,2015,4,State,All,Owns House,state,99,West Bengal,NA,NA,NA,NA,1,NA
2065,0.128059179,0.068936363,2015,4,State,All,Owns House,state,99,West Bengal,NA,NA,NA,NA,NA,NA
2066,0.074078456,0.015586255,2015,4,State,urban/rural,Owns House,statesector,0,Andaman & Nicobar Islands,NA,NA,NA,NA,0,NA
2067,0.130550101,0.017852969,2015,4,State,urban/rural,Owns House,statesector,0,Andaman & Nicobar Islands,NA,NA,NA,NA,1,NA
2068,0,0,2015,4,State,urban/rural,Owns House,statesector,0,Andaman & Nicobar Islands,NA,NA,NA,NA,NA,NA
2069,0.017636269,0,2015,4,State,urban/rural,Owns House,statesector,1,Andaman & Nicobar Islands,NA,NA,NA,NA,0,NA
2070,0.002574864,0,2015,4,State,urban/rural,Owns House,statesector,1,Andaman & Nicobar Islands,NA,NA,NA,NA,1,NA
2071,0.198951781,0.043751977,2015,4,State,urban/rural,Owns House,statesector,0,Andhra Pradesh,NA,NA,NA,NA,0,NA
2072,0.196944565,0.039980769,2015,4,State,urban/rural,Owns House,statesector,0,Andhra Pradesh,NA,NA,NA,NA,1,NA
2073,0.587952137,0,2015,4,State,urban/rural,Owns House,statesector,0,Andhra Pradesh,NA,NA,NA,NA,NA,NA
2074,0.060631268,0.011785165,2015,4,State,urban/rural,Owns House,statesector,1,Andhra Pradesh,NA,NA,NA,NA,0,NA
2075,0.055524983,0.011304316,2015,4,State,urban/rural,Owns House,statesector,1,Andhra Pradesh,NA,NA,NA,NA,1,NA
2076,0,0,2015,4,State,urban/rural,Owns House,statesector,1,Andhra Pradesh,NA,NA,NA,NA,NA,NA
2077,0.285391629,0.085553534,2015,4,State,urban/rural,Owns House,statesector,0,Arunachal Pradesh,NA,NA,NA,NA,0,NA
2078,0.301712871,0.097386152,2015,4,State,urban/rural,Owns House,statesector,0,Arunachal Pradesh,NA,NA,NA,NA,1,NA
2079,0,0,2015,4,State,urban/rural,Owns House,statesector,0,Arunachal Pradesh,NA,NA,NA,NA,NA,NA
2080,0.052407302,0.017346181,2015,4,State,urban/rural,Owns House,statesector,1,Arunachal Pradesh,NA,NA,NA,NA,0,NA
2081,0.082971215,0.013253708,2015,4,State,urban/rural,Owns House,statesector,1,Arunachal Pradesh,NA,NA,NA,NA,1,NA
2082,0,0,2015,4,State,urban/rural,Owns House,statesector,1,Arunachal Pradesh,NA,NA,NA,NA,NA,NA
2083,0.485386938,0.202882066,2015,4,State,urban/rural,Owns House,statesector,0,Assam,NA,NA,NA,NA,0,NA
2084,0.388963997,0.127858341,2015,4,State,urban/rural,Owns House,statesector,0,Assam,NA,NA,NA,NA,1,NA
2085,0.216852173,0,2015,4,State,urban/rural,Owns House,statesector,0,Assam,NA,NA,NA,NA,NA,NA
2086,0.163750142,0.033133551,2015,4,State,urban/rural,Owns House,statesector,1,Assam,NA,NA,NA,NA,0,NA
2087,0.102466293,0.02315481,2015,4,State,urban/rural,Owns House,statesector,1,Assam,NA,NA,NA,NA,1,NA
2088,0,0,2015,4,State,urban/rural,Owns House,statesector,1,Assam,NA,NA,NA,NA,NA,NA
2089,0.580309272,0.262802064,2015,4,State,urban/rural,Owns House,statesector,0,Bihar,NA,NA,NA,NA,0,NA
2090,0.564386666,0.238854721,2015,4,State,urban/rural,Owns House,statesector,0,Bihar,NA,NA,NA,NA,1,NA
2091,0.522614241,0.362894475,2015,4,State,urban/rural,Owns House,statesector,0,Bihar,NA,NA,NA,NA,NA,NA
2092,0.24143742,0.090004489,2015,4,State,urban/rural,Owns House,statesector,1,Bihar,NA,NA,NA,NA,0,NA
2093,0.22147429,0.083122574,2015,4,State,urban/rural,Owns House,statesector,1,Bihar,NA,NA,NA,NA,1,NA
2094,0,0,2015,4,State,urban/rural,Owns House,statesector,1,Bihar,NA,NA,NA,NA,NA,NA
2095,0.523809552,0.333333343,2015,4,State,urban/rural,Owns House,statesector,0,Chandigarh,NA,NA,NA,NA,0,NA
2096,0.171052635,0,2015,4,State,urban/rural,Owns House,statesector,0,Chandigarh,NA,NA,NA,NA,1,NA
2097,0.072541155,0.032088213,2015,4,State,urban/rural,Owns House,statesector,1,Chandigarh,NA,NA,NA,NA,0,NA
2098,0.030345716,0.004799744,2015,4,State,urban/rural,Owns House,statesector,1,Chandigarh,NA,NA,NA,NA,1,NA
2099,0.463292301,0.134858683,2015,4,State,urban/rural,Owns House,statesector,0,Chhattisgarh,NA,NA,NA,NA,0,NA
2100,0.439684749,0.108251631,2015,4,State,urban/rural,Owns House,statesector,0,Chhattisgarh,NA,NA,NA,NA,1,NA
2101,0,0,2015,4,State,urban/rural,Owns House,statesector,0,Chhattisgarh,NA,NA,NA,NA,NA,NA
2102,0.107821956,0.029372236,2015,4,State,urban/rural,Owns House,statesector,1,Chhattisgarh,NA,NA,NA,NA,0,NA
2103,0.121368647,0.02141021,2015,4,State,urban/rural,Owns House,statesector,1,Chhattisgarh,NA,NA,NA,NA,1,NA
2104,0.247869834,0.081911653,2015,4,State,urban/rural,Owns House,statesector,0,Dadra & Nagar Haveli and Daman & Diu,NA,NA,NA,NA,0,NA
2105,0.507595241,0.134407043,2015,4,State,urban/rural,Owns House,statesector,0,Dadra & Nagar Haveli and Daman & Diu,NA,NA,NA,NA,1,NA
2106,0.0631653,0.018522825,2015,4,State,urban/rural,Owns House,statesector,1,Dadra & Nagar Haveli and Daman & Diu,NA,NA,NA,NA,0,NA
2107,0.049763869,0,2015,4,State,urban/rural,Owns House,statesector,1,Dadra & Nagar Haveli and Daman & Diu,NA,NA,NA,NA,1,NA
2108,0.009021783,0,2015,4,State,urban/rural,Owns House,statesector,0,Delhi,NA,NA,NA,NA,0,NA
2109,0.032840278,0,2015,4,State,urban/rural,Owns House,statesector,0,Delhi,NA,NA,NA,NA,1,NA
2110,0.062981755,0.012482862,2015,4,State,urban/rural,Owns House,statesector,1,Delhi,NA,NA,NA,NA,0,NA
2111,0.033886455,0.008641168,2015,4,State,urban/rural,Owns House,statesector,1,Delhi,NA,NA,NA,NA,1,NA
2112,0,0,2015,4,State,urban/rural,Owns House,statesector,1,Delhi,NA,NA,NA,NA,NA,NA
2113,0.102876037,0.003735295,2015,4,State,urban/rural,Owns House,statesector,0,Goa,NA,NA,NA,NA,0,NA
2114,0.066010438,0.005464179,2015,4,State,urban/rural,Owns House,statesector,0,Goa,NA,NA,NA,NA,1,NA
2115,0.073887087,0.005225659,2015,4,State,urban/rural,Owns House,statesector,1,Goa,NA,NA,NA,NA,0,NA
2116,0.027601471,0.003255093,2015,4,State,urban/rural,Owns House,statesector,1,Goa,NA,NA,NA,NA,1,NA
2117,0.327777177,0.089785285,2015,4,State,urban/rural,Owns House,statesector,0,Gujarat,NA,NA,NA,NA,0,NA
2118,0.324990273,0.081586711,2015,4,State,urban/rural,Owns House,statesector,0,Gujarat,NA,NA,NA,NA,1,NA
2119,0.634652495,0.056299463,2015,4,State,urban/rural,Owns House,statesector,0,Gujarat,NA,NA,NA,NA,NA,NA
2120,0.094799787,0.025174892,2015,4,State,urban/rural,Owns House,statesector,1,Gujarat,NA,NA,NA,NA,0,NA
2121,0.061855592,0.013541184,2015,4,State,urban/rural,Owns House,statesector,1,Gujarat,NA,NA,NA,NA,1,NA
2122,0,0,2015,4,State,urban/rural,Owns House,statesector,1,Gujarat,NA,NA,NA,NA,NA,NA
2123,0.20217362,0.07188312,2015,4,State,urban/rural,Owns House,statesector,0,Haryana,NA,NA,NA,NA,0,NA
2124,0.122001812,0.027392037,2015,4,State,urban/rural,Owns House,statesector,0,Haryana,NA,NA,NA,NA,1,NA
2125,0.392401844,0,2015,4,State,urban/rural,Owns House,statesector,0,Haryana,NA,NA,NA,NA,NA,NA
2126,0.099924564,0.019034911,2015,4,State,urban/rural,Owns House,statesector,1,Haryana,NA,NA,NA,NA,0,NA
2127,0.05948294,0.014506792,2015,4,State,urban/rural,Owns House,statesector,1,Haryana,NA,NA,NA,NA,1,NA
2128,0,0,2015,4,State,urban/rural,Owns House,statesector,1,Haryana,NA,NA,NA,NA,NA,NA
2129,0.102696598,0.012061071,2015,4,State,urban/rural,Owns House,statesector,0,Himachal Pradesh,NA,NA,NA,NA,0,NA
2130,0.083708309,0.00429127,2015,4,State,urban/rural,Owns House,statesector,0,Himachal Pradesh,NA,NA,NA,NA,1,NA
2131,0.165621489,0,2015,4,State,urban/rural,Owns House,statesector,0,Himachal Pradesh,NA,NA,NA,NA,NA,NA
2132,0.016311327,0.008018639,2015,4,State,urban/rural,Owns House,statesector,1,Himachal Pradesh,NA,NA,NA,NA,0,NA
2133,0.024180429,0.002331875,2015,4,State,urban/rural,Owns House,statesector,1,Himachal Pradesh,NA,NA,NA,NA,1,NA
2134,0.279141933,0.076247551,2015,4,State,urban/rural,Owns House,statesector,0,Jammu & Kashmir,NA,NA,NA,NA,0,NA
2135,0.19075273,0.040797986,2015,4,State,urban/rural,Owns House,statesector,0,Jammu & Kashmir,NA,NA,NA,NA,1,NA
2136,0,0,2015,4,State,urban/rural,Owns House,statesector,0,Jammu & Kashmir,NA,NA,NA,NA,NA,NA
2137,0.152780786,0.02440797,2015,4,State,urban/rural,Owns House,statesector,1,Jammu & Kashmir,NA,NA,NA,NA,0,NA
2138,0.038782153,0.008747372,2015,4,State,urban/rural,Owns House,statesector,1,Jammu & Kashmir,NA,NA,NA,NA,1,NA
2139,0,0,2015,4,State,urban/rural,Owns House,statesector,1,Jammu & Kashmir,NA,NA,NA,NA,NA,NA
2140,0.568761289,0.209389642,2015,4,State,urban/rural,Owns House,statesector,0,Jharkhand,NA,NA,NA,NA,0,NA
2141,0.560371697,0.190361097,2015,4,State,urban/rural,Owns House,statesector,0,Jharkhand,NA,NA,NA,NA,1,NA
2142,0.344759911,0,2015,4,State,urban/rural,Owns House,statesector,0,Jharkhand,NA,NA,NA,NA,NA,NA
2143,0.166011602,0.032868821,2015,4,State,urban/rural,Owns House,statesector,1,Jharkhand,NA,NA,NA,NA,0,NA
2144,0.17169188,0.038173858,2015,4,State,urban/rural,Owns House,statesector,1,Jharkhand,NA,NA,NA,NA,1,NA
2145,0,0,2015,4,State,urban/rural,Owns House,statesector,1,Jharkhand,NA,NA,NA,NA,NA,NA
2146,0.24947153,0.045790389,2015,4,State,urban/rural,Owns House,statesector,0,Karnataka,NA,NA,NA,NA,0,NA
2147,0.252101004,0.050226018,2015,4,State,urban/rural,Owns House,statesector,0,Karnataka,NA,NA,NA,NA,1,NA
2148,0.367475539,0,2015,4,State,urban/rural,Owns House,statesector,0,Karnataka,NA,NA,NA,NA,NA,NA
2149,0.053280629,0.006261184,2015,4,State,urban/rural,Owns House,statesector,1,Karnataka,NA,NA,NA,NA,0,NA
2150,0.06810572,0.011036585,2015,4,State,urban/rural,Owns House,statesector,1,Karnataka,NA,NA,NA,NA,1,NA
2151,0,0,2015,4,State,urban/rural,Owns House,statesector,1,Karnataka,NA,NA,NA,NA,NA,NA
2152,0.021025727,0.002357515,2015,4,State,urban/rural,Owns House,statesector,0,Kerala,NA,NA,NA,NA,0,NA
2153,0.013254359,0.001145549,2015,4,State,urban/rural,Owns House,statesector,0,Kerala,NA,NA,NA,NA,1,NA
2154,0.038382825,0,2015,4,State,urban/rural,Owns House,statesector,0,Kerala,NA,NA,NA,NA,NA,NA
2155,0.008243066,0,2015,4,State,urban/rural,Owns House,statesector,1,Kerala,NA,NA,NA,NA,0,NA
2156,0.006346337,0,2015,4,State,urban/rural,Owns House,statesector,1,Kerala,NA,NA,NA,NA,1,NA
2157,0,0,2015,4,State,urban/rural,Owns House,statesector,1,Kerala,NA,NA,NA,NA,NA,NA
2158,0,0,2015,4,State,urban/rural,Owns House,statesector,0,Lakshadweep,NA,NA,NA,NA,0,NA
2159,0.019546375,0,2015,4,State,urban/rural,Owns House,statesector,0,Lakshadweep,NA,NA,NA,NA,1,NA
2160,0,0,2015,4,State,urban/rural,Owns House,statesector,1,Lakshadweep,NA,NA,NA,NA,0,NA
2161,0.01907458,0,2015,4,State,urban/rural,Owns House,statesector,1,Lakshadweep,NA,NA,NA,NA,1,NA
2162,0.53879261,0.19094269,2015,4,State,urban/rural,Owns House,statesector,0,Madhya Pradesh,NA,NA,NA,NA,0,NA
2163,0.516446888,0.165371358,2015,4,State,urban/rural,Owns House,statesector,0,Madhya Pradesh,NA,NA,NA,NA,1,NA
2164,0.241900668,0.091675326,2015,4,State,urban/rural,Owns House,statesector,0,Madhya Pradesh,NA,NA,NA,NA,NA,NA
2165,0.159508288,0.045634724,2015,4,State,urban/rural,Owns House,statesector,1,Madhya Pradesh,NA,NA,NA,NA,0,NA
2166,0.137839258,0.033806317,2015,4,State,urban/rural,Owns House,statesector,1,Madhya Pradesh,NA,NA,NA,NA,1,NA
2167,0.820528507,0,2015,4,State,urban/rural,Owns House,statesector,1,Madhya Pradesh,NA,NA,NA,NA,NA,NA
2168,0.287039578,0.068181954,2015,4,State,urban/rural,Owns House,statesector,0,Maharashtra,NA,NA,NA,NA,0,NA
2169,0.271226794,0.055863749,2015,4,State,urban/rural,Owns House,statesector,0,Maharashtra,NA,NA,NA,NA,1,NA
2170,0.218083054,0,2015,4,State,urban/rural,Owns House,statesector,0,Maharashtra,NA,NA,NA,NA,NA,NA
2171,0.072090998,0.011064444,2015,4,State,urban/rural,Owns House,statesector,1,Maharashtra,NA,NA,NA,NA,0,NA
2172,0.049340356,0.007802767,2015,4,State,urban/rural,Owns House,statesector,1,Maharashtra,NA,NA,NA,NA,1,NA
2173,0.152851358,0.152851358,2015,4,State,urban/rural,Owns House,statesector,1,Maharashtra,NA,NA,NA,NA,NA,NA
2174,0.286228031,0.055527452,2015,4,State,urban/rural,Owns House,statesector,0,Manipur,NA,NA,NA,NA,0,NA
2175,0.248740003,0.043937031,2015,4,State,urban/rural,Owns House,statesector,0,Manipur,NA,NA,NA,NA,1,NA
2176,0,0,2015,4,State,urban/rural,Owns House,statesector,0,Manipur,NA,NA,NA,NA,NA,NA
2177,0.165897936,0.028436847,2015,4,State,urban/rural,Owns House,statesector,1,Manipur,NA,NA,NA,NA,0,NA
2178,0.126364395,0.010861853,2015,4,State,urban/rural,Owns House,statesector,1,Manipur,NA,NA,NA,NA,1,NA
2179,0.177277803,0,2015,4,State,urban/rural,Owns House,statesector,1,Manipur,NA,NA,NA,NA,NA,NA
2180,0.395264924,0.131826729,2015,4,State,urban/rural,Owns House,statesector,0,Meghalaya,NA,NA,NA,NA,0,NA
2181,0.381901443,0.137834102,2015,4,State,urban/rural,Owns House,statesector,0,Meghalaya,NA,NA,NA,NA,1,NA
2182,0.287876725,0,2015,4,State,urban/rural,Owns House,statesector,0,Meghalaya,NA,NA,NA,NA,NA,NA
2183,0.094741248,0.006288931,2015,4,State,urban/rural,Owns House,statesector,1,Meghalaya,NA,NA,NA,NA,0,NA
2184,0.099904671,0.018784147,2015,4,State,urban/rural,Owns House,statesector,1,Meghalaya,NA,NA,NA,NA,1,NA
2185,0.190612778,0.068495817,2015,4,State,urban/rural,Owns House,statesector,0,Mizoram,NA,NA,NA,NA,0,NA
2186,0.215481997,0.081550643,2015,4,State,urban/rural,Owns House,statesector,0,Mizoram,NA,NA,NA,NA,1,NA
2187,0,0,2015,4,State,urban/rural,Owns House,statesector,0,Mizoram,NA,NA,NA,NA,NA,NA
2188,0.015722532,0.002087706,2015,4,State,urban/rural,Owns House,statesector,1,Mizoram,NA,NA,NA,NA,0,NA
2189,0.012909609,0.001882561,2015,4,State,urban/rural,Owns House,statesector,1,Mizoram,NA,NA,NA,NA,1,NA
2190,0,0,2015,4,State,urban/rural,Owns House,statesector,1,Mizoram,NA,NA,NA,NA,NA,NA
2191,0.308395714,0.107493043,2015,4,State,urban/rural,Owns House,statesector,0,Nagaland,NA,NA,NA,NA,0,NA
2192,0.305685699,0.080059797,2015,4,State,urban/rural,Owns House,statesector,0,Nagaland,NA,NA,NA,NA,1,NA
2193,0.11523819,0,2015,4,State,urban/rural,Owns House,statesector,0,Nagaland,NA,NA,NA,NA,NA,NA
2194,0.127369404,0.028891362,2015,4,State,urban/rural,Owns House,statesector,1,Nagaland,NA,NA,NA,NA,0,NA
2195,0.084542744,0.015913252,2015,4,State,urban/rural,Owns House,statesector,1,Nagaland,NA,NA,NA,NA,1,NA
2196,0.455699086,0,2015,4,State,urban/rural,Owns House,statesector,1,Nagaland,NA,NA,NA,NA,NA,NA
2197,0.38607648,0.113863476,2015,4,State,urban/rural,Owns House,statesector,0,Odisha,NA,NA,NA,NA,0,NA
2198,0.402920753,0.119405933,2015,4,State,urban/rural,Owns House,statesector,0,Odisha,NA,NA,NA,NA,1,NA
2199,0.608635247,0.483742446,2015,4,State,urban/rural,Owns House,statesector,0,Odisha,NA,NA,NA,NA,NA,NA
2200,0.129573822,0.052914936,2015,4,State,urban/rural,Owns House,statesector,1,Odisha,NA,NA,NA,NA,0,NA
2201,0.145889297,0.037640557,2015,4,State,urban/rural,Owns House,statesector,1,Odisha,NA,NA,NA,NA,1,NA
2202,0,0,2015,4,State,urban/rural,Owns House,statesector,1,Odisha,NA,NA,NA,NA,NA,NA
2203,0.073533013,0.018199498,2015,4,State,urban/rural,Owns House,statesector,0,Puducherry,NA,NA,NA,NA,0,NA
2204,0.071374185,0.002877775,2015,4,State,urban/rural,Owns House,statesector,0,Puducherry,NA,NA,NA,NA,1,NA
2205,0.026635153,0.01180103,2015,4,State,urban/rural,Owns House,statesector,1,Puducherry,NA,NA,NA,NA,0,NA
2206,0.014663387,0.000111539,2015,4,State,urban/rural,Owns House,statesector,1,Puducherry,NA,NA,NA,NA,1,NA
2207,0.151505992,0.03983546,2015,4,State,urban/rural,Owns House,statesector,0,Punjab,NA,NA,NA,NA,0,NA
2208,0.06878823,0.01363815,2015,4,State,urban/rural,Owns House,statesector,0,Punjab,NA,NA,NA,NA,1,NA
2209,0.102171011,0.032491874,2015,4,State,urban/rural,Owns House,statesector,1,Punjab,NA,NA,NA,NA,0,NA
2210,0.033106193,0.010193109,2015,4,State,urban/rural,Owns House,statesector,1,Punjab,NA,NA,NA,NA,1,NA
2211,0,0,2015,4,State,urban/rural,Owns House,statesector,1,Punjab,NA,NA,NA,NA,NA,NA
2212,0.417060763,0.151916787,2015,4,State,urban/rural,Owns House,statesector,0,Rajasthan,NA,NA,NA,NA,0,NA
2213,0.381341815,0.136916801,2015,4,State,urban/rural,Owns House,statesector,0,Rajasthan,NA,NA,NA,NA,1,NA
2214,0.276277632,0,2015,4,State,urban/rural,Owns House,statesector,0,Rajasthan,NA,NA,NA,NA,NA,NA
2215,0.141268164,0.041236471,2015,4,State,urban/rural,Owns House,statesector,1,Rajasthan,NA,NA,NA,NA,0,NA
2216,0.106261864,0.030082224,2015,4,State,urban/rural,Owns House,statesector,1,Rajasthan,NA,NA,NA,NA,1,NA
2217,0,0,2015,4,State,urban/rural,Owns House,statesector,1,Rajasthan,NA,NA,NA,NA,NA,NA
2218,0.077739544,0.010107088,2015,4,State,urban/rural,Owns House,statesector,0,Sikkim,NA,NA,NA,NA,0,NA
2219,0.050021183,0.005785367,2015,4,State,urban/rural,Owns House,statesector,0,Sikkim,NA,NA,NA,NA,1,NA
2220,0,0,2015,4,State,urban/rural,Owns House,statesector,0,Sikkim,NA,NA,NA,NA,NA,NA
2221,0.041640371,0.002459798,2015,4,State,urban/rural,Owns House,statesector,1,Sikkim,NA,NA,NA,NA,0,NA
2222,0.022070749,0,2015,4,State,urban/rural,Owns House,statesector,1,Sikkim,NA,NA,NA,NA,1,NA
2223,0.119399101,0.014988719,2015,4,State,urban/rural,Owns House,statesector,0,Tamil Nadu,NA,NA,NA,NA,0,NA
2224,0.115554325,0.008596875,2015,4,State,urban/rural,Owns House,statesector,0,Tamil Nadu,NA,NA,NA,NA,1,NA
2225,0.094741575,0,2015,4,State,urban/rural,Owns House,statesector,0,Tamil Nadu,NA,NA,NA,NA,NA,NA
2226,0.025194785,0.003084015,2015,4,State,urban/rural,Owns House,statesector,1,Tamil Nadu,NA,NA,NA,NA,0,NA
2227,0.033634953,0.001836324,2015,4,State,urban/rural,Owns House,statesector,1,Tamil Nadu,NA,NA,NA,NA,1,NA
2228,0,0,2015,4,State,urban/rural,Owns House,statesector,1,Tamil Nadu,NA,NA,NA,NA,NA,NA
2229,0.279388338,0.051931985,2015,4,State,urban/rural,Owns House,statesector,0,Telangana,NA,NA,NA,NA,0,NA
2230,0.256261051,0.054804821,2015,4,State,urban/rural,Owns House,statesector,0,Telangana,NA,NA,NA,NA,1,NA
2231,0.771788955,0.771788955,2015,4,State,urban/rural,Owns House,statesector,0,Telangana,NA,NA,NA,NA,NA,NA
2232,0.064698018,0.009018243,2015,4,State,urban/rural,Owns House,statesector,1,Telangana,NA,NA,NA,NA,0,NA
2233,0.050294779,0.012805872,2015,4,State,urban/rural,Owns House,statesector,1,Telangana,NA,NA,NA,NA,1,NA
2234,0.209876209,0.055033203,2015,4,State,urban/rural,Owns House,statesector,0,Tripura,NA,NA,NA,NA,0,NA
2235,0.260503441,0.072973415,2015,4,State,urban/rural,Owns House,statesector,0,Tripura,NA,NA,NA,NA,1,NA
2236,0.095183387,0.012647071,2015,4,State,urban/rural,Owns House,statesector,1,Tripura,NA,NA,NA,NA,0,NA
2237,0.080241635,0.011267614,2015,4,State,urban/rural,Owns House,statesector,1,Tripura,NA,NA,NA,NA,1,NA
2238,0,0,2015,4,State,urban/rural,Owns House,statesector,1,Tripura,NA,NA,NA,NA,NA,NA
2239,0.562979817,0.233147219,2015,4,State,urban/rural,Owns House,statesector,0,Uttar Pradesh,NA,NA,NA,NA,0,NA
2240,0.477020532,0.160296366,2015,4,State,urban/rural,Owns House,statesector,0,Uttar Pradesh,NA,NA,NA,NA,1,NA
2241,0.51846981,0.403282315,2015,4,State,urban/rural,Owns House,statesector,0,Uttar Pradesh,NA,NA,NA,NA,NA,NA
2242,0.230400503,0.097393714,2015,4,State,urban/rural,Owns House,statesector,1,Uttar Pradesh,NA,NA,NA,NA,0,NA
2243,0.170445785,0.058843974,2015,4,State,urban/rural,Owns House,statesector,1,Uttar Pradesh,NA,NA,NA,NA,1,NA
2244,0,0,2015,4,State,urban/rural,Owns House,statesector,1,Uttar Pradesh,NA,NA,NA,NA,NA,NA
2245,0.254233807,0.076428421,2015,4,State,urban/rural,Owns House,statesector,0,Uttarakhand,NA,NA,NA,NA,0,NA
2246,0.207736284,0.040252335,2015,4,State,urban/rural,Owns House,statesector,0,Uttarakhand,NA,NA,NA,NA,1,NA
2247,0,0,2015,4,State,urban/rural,Owns House,statesector,0,Uttarakhand,NA,NA,NA,NA,NA,NA
2248,0.156231701,0.056113157,2015,4,State,urban/rural,Owns House,statesector,1,Uttarakhand,NA,NA,NA,NA,0,NA
2249,0.065560654,0.013811663,2015,4,State,urban/rural,Owns House,statesector,1,Uttarakhand,NA,NA,NA,NA,1,NA
2250,0,0,2015,4,State,urban/rural,Owns House,statesector,1,Uttarakhand,NA,NA,NA,NA,NA,NA
2251,0.325505078,0.085732833,2015,4,State,urban/rural,Owns House,statesector,0,West Bengal,NA,NA,NA,NA,0,NA
2252,0.317592293,0.087411657,2015,4,State,urban/rural,Owns House,statesector,0,West Bengal,NA,NA,NA,NA,1,NA
2253,0.128059179,0.068936363,2015,4,State,urban/rural,Owns House,statesector,0,West Bengal,NA,NA,NA,NA,NA,NA
2254,0.131174877,0.03027313,2015,4,State,urban/rural,Owns House,statesector,1,West Bengal,NA,NA,NA,NA,0,NA
2255,0.137113512,0.037026893,2015,4,State,urban/rural,Owns House,statesector,1,West Bengal,NA,NA,NA,NA,1,NA
2256,0.156147093,0.044838976,2019,5,National,All,Agri Land,allindia,99,India,NA,NA,NA,NA,NA,0
2257,0.174352005,0.039257757,2019,5,National,All,Agri Land,allindia,99,India,NA,NA,NA,NA,NA,1
2258,0.241887584,0.073297329,2019,5,National,urban/rural,Agri Land,indiasector,0,India,NA,NA,NA,NA,NA,0
2259,0.188595667,0.042882338,2019,5,National,urban/rural,Agri Land,indiasector,0,India,NA,NA,NA,NA,NA,1
2260,0.055826686,0.011541368,2019,5,National,urban/rural,Agri Land,indiasector,1,India,NA,NA,NA,NA,NA,0
2261,0.051154252,0.007907614,2019,5,National,urban/rural,Agri Land,indiasector,1,India,NA,NA,NA,NA,NA,1
2262,0.031201737,0.002495793,2019,5,State,All,Agri Land,state,99,Andaman & Nicobar Islands,NA,NA,NA,NA,NA,0
2263,0.077315249,0.019911744,2019,5,State,All,Agri Land,state,99,Andaman & Nicobar Islands,NA,NA,NA,NA,NA,1
2264,0.06752757,0.009201415,2019,5,State,All,Agri Land,state,99,Andhra Pradesh,NA,NA,NA,NA,NA,0
2265,0.086496048,0.010802698,2019,5,State,All,Agri Land,state,99,Andhra Pradesh,NA,NA,NA,NA,NA,1
2266,0.152289644,0.037875872,2019,5,State,All,Agri Land,state,99,Arunachal Pradesh,NA,NA,NA,NA,NA,0
2267,0.117494136,0.019938875,2019,5,State,All,Agri Land,state,99,Arunachal Pradesh,NA,NA,NA,NA,NA,1
2268,0.242455944,0.066265129,2019,5,State,All,Agri Land,state,99,Assam,NA,NA,NA,NA,NA,0
2269,0.168288693,0.035050988,2019,5,State,All,Agri Land,state,99,Assam,NA,NA,NA,NA,NA,1
2270,0.412129045,0.174824283,2019,5,State,All,Agri Land,state,99,Bihar,NA,NA,NA,NA,NA,0
2271,0.248041257,0.067356393,2019,5,State,All,Agri Land,state,99,Bihar,NA,NA,NA,NA,NA,1
2272,0.039160311,0.012786218,2019,5,State,All,Agri Land,state,99,Chandigarh,NA,NA,NA,NA,NA,0
2273,0.042716537,0,2019,5,State,All,Agri Land,state,99,Chandigarh,NA,NA,NA,NA,NA,1
2274,0.171489269,0.034097802,2019,5,State,All,Agri Land,state,99,Chhattisgarh,NA,NA,NA,NA,NA,0
2275,0.184722975,0.039870419,2019,5,State,All,Agri Land,state,99,Chhattisgarh,NA,NA,NA,NA,NA,1
2276,0.075269267,0.015076949,2019,5,State,All,Agri Land,state,99,Dadra & Nagar Haveli and Daman & Diu,NA,NA,NA,NA,NA,0
2277,0.227921724,0.035553999,2019,5,State,All,Agri Land,state,99,Dadra & Nagar Haveli and Daman & Diu,NA,NA,NA,NA,NA,1
2278,0.033710569,0.005483654,2019,5,State,All,Agri Land,state,99,Delhi,NA,NA,NA,NA,NA,0
2279,0.032161366,0,2019,5,State,All,Agri Land,state,99,Delhi,NA,NA,NA,NA,NA,1
2280,0.013893423,0.001539599,2019,5,State,All,Agri Land,state,99,Goa,NA,NA,NA,NA,NA,0
2281,0.014277277,0,2019,5,State,All,Agri Land,state,99,Goa,NA,NA,NA,NA,NA,1
2282,0.111671902,0.022632243,2019,5,State,All,Agri Land,state,99,Gujarat,NA,NA,NA,NA,NA,0
2283,0.198245957,0.042790044,2019,5,State,All,Agri Land,state,99,Gujarat,NA,NA,NA,NA,NA,1
2284,0.087672099,0.020710243,2019,5,State,All,Agri Land,state,99,Haryana,NA,NA,NA,NA,NA,0
2285,0.040679857,0.006612921,2019,5,State,All,Agri Land,state,99,Haryana,NA,NA,NA,NA,NA,1
2286,0.071833931,0.014286051,2019,5,State,All,Agri Land,state,99,Himachal Pradesh,NA,NA,NA,NA,NA,0
2287,0.046962298,0.003742227,2019,5,State,All,Agri Land,state,99,Himachal Pradesh,NA,NA,NA,NA,NA,1
2288,0.054499872,0.010653552,2019,5,State,All,Agri Land,state,99,Jammu & Kashmir,NA,NA,NA,NA,NA,0
2289,0.066872939,0.009781471,2019,5,State,All,Agri Land,state,99,Jammu & Kashmir,NA,NA,NA,NA,NA,1
2290,0.271016747,0.086959966,2019,5,State,All,Agri Land,state,99,Jharkhand,NA,NA,NA,NA,NA,0
2291,0.333140135,0.094966963,2019,5,State,All,Agri Land,state,99,Jharkhand,NA,NA,NA,NA,NA,1
2292,0.063357331,0.008488747,2019,5,State,All,Agri Land,state,99,Karnataka,NA,NA,NA,NA,NA,0
2293,0.110663615,0.017962227,2019,5,State,All,Agri Land,state,99,Karnataka,NA,NA,NA,NA,NA,1
2294,0.009440571,0.000262842,2019,5,State,All,Agri Land,state,99,Kerala,NA,NA,NA,NA,NA,0
2295,0.00323954,0.000551683,2019,5,State,All,Agri Land,state,99,Kerala,NA,NA,NA,NA,NA,1
2296,0.071452096,0.00958591,2019,5,State,All,Agri Land,state,99,Ladakh,NA,NA,NA,NA,NA,0
2297,0.062657759,0.007394795,2019,5,State,All,Agri Land,state,99,Ladakh,NA,NA,NA,NA,NA,1
2298,0.009120862,0,2019,5,State,All,Agri Land,state,99,Lakshadweep,NA,NA,NA,NA,NA,0
2299,0,0,2019,5,State,All,Agri Land,state,99,Lakshadweep,NA,NA,NA,NA,NA,1
2300,0.219657794,0.053054944,2019,5,State,All,Agri Land,state,99,Madhya Pradesh,NA,NA,NA,NA,NA,0
2301,0.257382452,0.056097601,2019,5,State,All,Agri Land,state,99,Madhya Pradesh,NA,NA,NA,NA,NA,1
2302,0.084439278,0.014639115,2019,5,State,All,Agri Land,state,99,Maharashtra,NA,NA,NA,NA,NA,0
2303,0.098695241,0.01292518,2019,5,State,All,Agri Land,state,99,Maharashtra,NA,NA,NA,NA,NA,1
2304,0.103984967,0.015431619,2019,5,State,All,Agri Land,state,99,Manipur,NA,NA,NA,NA,NA,0
2305,0.078083068,0.009532086,2019,5,State,All,Agri Land,state,99,Manipur,NA,NA,NA,NA,NA,1
2306,0.258596092,0.102182679,2019,5,State,All,Agri Land,state,99,Meghalaya,NA,NA,NA,NA,NA,0
2307,0.290816665,0.104637019,2019,5,State,All,Agri Land,state,99,Meghalaya,NA,NA,NA,NA,NA,1
2308,0.05178386,0.018962922,2019,5,State,All,Agri Land,state,99,Mizoram,NA,NA,NA,NA,NA,0
2309,0.067120686,0.015300799,2019,5,State,All,Agri Land,state,99,Mizoram,NA,NA,NA,NA,NA,1
2310,0.105942264,0.017018823,2019,5,State,All,Agri Land,state,99,Nagaland,NA,NA,NA,NA,NA,0
2311,0.235202014,0.040843301,2019,5,State,All,Agri Land,state,99,Nagaland,NA,NA,NA,NA,NA,1
2312,0.214400932,0.052993499,2019,5,State,All,Agri Land,state,99,Odisha,NA,NA,NA,NA,NA,0
2313,0.20345746,0.050746802,2019,5,State,All,Agri Land,state,99,Odisha,NA,NA,NA,NA,NA,1
2314,0.015125581,0.000462741,2019,5,State,All,Agri Land,state,99,Puducherry,NA,NA,NA,NA,NA,0
2315,0.004594939,0,2019,5,State,All,Agri Land,state,99,Puducherry,NA,NA,NA,NA,NA,1
2316,0.056752264,0.008922453,2019,5,State,All,Agri Land,state,99,Punjab,NA,NA,NA,NA,NA,0
2317,0.018187977,0.001582225,2019,5,State,All,Agri Land,state,99,Punjab,NA,NA,NA,NA,NA,1
2318,0.141379565,0.037229769,2019,5,State,All,Agri Land,state,99,Rajasthan,NA,NA,NA,NA,NA,0
2319,0.182450071,0.035930645,2019,5,State,All,Agri Land,state,99,Rajasthan,NA,NA,NA,NA,NA,1
2320,0.036225036,0.004987717,2019,5,State,All,Agri Land,state,99,Sikkim,NA,NA,NA,NA,NA,0
2321,0.037369844,0.004598661,2019,5,State,All,Agri Land,state,99,Sikkim,NA,NA,NA,NA,NA,1
2322,0.039350044,0.002353377,2019,5,State,All,Agri Land,state,99,Tamil Nadu,NA,NA,NA,NA,NA,0
2323,0.034781817,0.00166846,2019,5,State,All,Agri Land,state,99,Tamil Nadu,NA,NA,NA,NA,NA,1
2324,0.060889371,0.00775819,2019,5,State,All,Agri Land,state,99,Telangana,NA,NA,NA,NA,NA,0
2325,0.075447775,0.008557654,2019,5,State,All,Agri Land,state,99,Telangana,NA,NA,NA,NA,NA,1
2326,0.167692587,0.032237168,2019,5,State,All,Agri Land,state,99,Tripura,NA,NA,NA,NA,NA,0
2327,0.113739155,0.012292683,2019,5,State,All,Agri Land,state,99,Tripura,NA,NA,NA,NA,NA,1
2328,0.246981725,0.080234826,2019,5,State,All,Agri Land,state,99,Uttar Pradesh,NA,NA,NA,NA,NA,0
2329,0.21657902,0.05537973,2019,5,State,All,Agri Land,state,99,Uttar Pradesh,NA,NA,NA,NA,NA,1
2330,0.112666659,0.020327037,2019,5,State,All,Agri Land,state,99,Uttarakhand,NA,NA,NA,NA,NA,0
2331,0.082566626,0.009495352,2019,5,State,All,Agri Land,state,99,Uttarakhand,NA,NA,NA,NA,NA,1
2332,0.159157455,0.031403258,2019,5,State,All,Agri Land,state,99,West Bengal,NA,NA,NA,NA,NA,0
2333,0.135386765,0.019813908,2019,5,State,All,Agri Land,state,99,West Bengal,NA,NA,NA,NA,NA,1
2334,0.042857334,0.004144195,2019,5,State,urban/rural,Agri Land,statesector,0,Andaman & Nicobar Islands,NA,NA,NA,NA,NA,0
2335,0.092415243,0.023800591,2019,5,State,urban/rural,Agri Land,statesector,0,Andaman & Nicobar Islands,NA,NA,NA,NA,NA,1
2336,0.013554369,0,2019,5,State,urban/rural,Agri Land,statesector,1,Andaman & Nicobar Islands,NA,NA,NA,NA,NA,0
2337,0,0,2019,5,State,urban/rural,Agri Land,statesector,1,Andaman & Nicobar Islands,NA,NA,NA,NA,NA,1
2338,0.093424469,0.014072068,2019,5,State,urban/rural,Agri Land,statesector,0,Andhra Pradesh,NA,NA,NA,NA,NA,0
2339,0.095003776,0.012108224,2019,5,State,urban/rural,Agri Land,statesector,0,Andhra Pradesh,NA,NA,NA,NA,NA,1
2340,0.025713749,0.001337129,2019,5,State,urban/rural,Agri Land,statesector,1,Andhra Pradesh,NA,NA,NA,NA,NA,0
2341,0.01609798,0,2019,5,State,urban/rural,Agri Land,statesector,1,Andhra Pradesh,NA,NA,NA,NA,NA,1
2342,0.187475681,0.046659265,2019,5,State,urban/rural,Agri Land,statesector,0,Arunachal Pradesh,NA,NA,NA,NA,NA,0
2343,0.124490507,0.021347255,2019,5,State,urban/rural,Agri Land,statesector,0,Arunachal Pradesh,NA,NA,NA,NA,NA,1
2344,0.052524161,0.012971697,2019,5,State,urban/rural,Agri Land,statesector,1,Arunachal Pradesh,NA,NA,NA,NA,NA,0
2345,0.024069766,0.001132403,2019,5,State,urban/rural,Agri Land,statesector,1,Arunachal Pradesh,NA,NA,NA,NA,NA,1
2346,0.284859806,0.079857454,2019,5,State,urban/rural,Agri Land,statesector,0,Assam,NA,NA,NA,NA,NA,0
2347,0.172442451,0.036279488,2019,5,State,urban/rural,Agri Land,statesector,0,Assam,NA,NA,NA,NA,NA,1
2348,0.081080243,0.014536999,2019,5,State,urban/rural,Agri Land,statesector,1,Assam,NA,NA,NA,NA,NA,0
2349,0.05213761,0.000698497,2019,5,State,urban/rural,Agri Land,statesector,1,Assam,NA,NA,NA,NA,NA,1
2350,0.474093765,0.206010818,2019,5,State,urban/rural,Agri Land,statesector,0,Bihar,NA,NA,NA,NA,NA,0
2351,0.260216445,0.070687152,2019,5,State,urban/rural,Agri Land,statesector,0,Bihar,NA,NA,NA,NA,NA,1
2352,0.179000586,0.057491854,2019,5,State,urban/rural,Agri Land,statesector,1,Bihar,NA,NA,NA,NA,NA,0
2353,0.10395962,0.027940115,2019,5,State,urban/rural,Agri Land,statesector,1,Bihar,NA,NA,NA,NA,NA,1
2354,0,0,2019,5,State,urban/rural,Agri Land,statesector,0,Chandigarh,NA,NA,NA,NA,NA,0
2355,0.159999996,0,2019,5,State,urban/rural,Agri Land,statesector,0,Chandigarh,NA,NA,NA,NA,NA,1
2356,0.039596617,0.012928677,2019,5,State,urban/rural,Agri Land,statesector,1,Chandigarh,NA,NA,NA,NA,NA,0
2357,0.03735913,0,2019,5,State,urban/rural,Agri Land,statesector,1,Chandigarh,NA,NA,NA,NA,NA,1
2358,0.253237844,0.052463997,2019,5,State,urban/rural,Agri Land,statesector,0,Chhattisgarh,NA,NA,NA,NA,NA,0
2359,0.19572641,0.042337991,2019,5,State,urban/rural,Agri Land,statesector,0,Chhattisgarh,NA,NA,NA,NA,NA,1
2360,0.052189685,0.007295136,2019,5,State,urban/rural,Agri Land,statesector,1,Chhattisgarh,NA,NA,NA,NA,NA,0
2361,0.04486417,0.008506371,2019,5,State,urban/rural,Agri Land,statesector,1,Chhattisgarh,NA,NA,NA,NA,NA,1
2362,0.109842688,0.018683726,2019,5,State,urban/rural,Agri Land,statesector,0,Dadra & Nagar Haveli and Daman & Diu,NA,NA,NA,NA,NA,0
2363,0.300447136,0.043786474,2019,5,State,urban/rural,Agri Land,statesector,0,Dadra & Nagar Haveli and Daman & Diu,NA,NA,NA,NA,NA,1
2364,0.052660387,0.012718342,2019,5,State,urban/rural,Agri Land,statesector,1,Dadra & Nagar Haveli and Daman & Diu,NA,NA,NA,NA,NA,0
2365,0.046838127,0.014998907,2019,5,State,urban/rural,Agri Land,statesector,1,Dadra & Nagar Haveli and Daman & Diu,NA,NA,NA,NA,NA,1
2366,0.032449413,0.012505203,2019,5,State,urban/rural,Agri Land,statesector,0,Delhi,NA,NA,NA,NA,NA,0
2367,0.007465697,0,2019,5,State,urban/rural,Agri Land,statesector,0,Delhi,NA,NA,NA,NA,NA,1
2368,0.033733428,0.0053564,2019,5,State,urban/rural,Agri Land,statesector,1,Delhi,NA,NA,NA,NA,NA,0
2369,0.034283955,0,2019,5,State,urban/rural,Agri Land,statesector,1,Delhi,NA,NA,NA,NA,NA,1
2370,0.02919841,0.004057428,2019,5,State,urban/rural,Agri Land,statesector,0,Goa,NA,NA,NA,NA,NA,0
2371,0.02452353,0,2019,5,State,urban/rural,Agri Land,statesector,0,Goa,NA,NA,NA,NA,NA,1
2372,0.004534752,0,2019,5,State,urban/rural,Agri Land,statesector,1,Goa,NA,NA,NA,NA,NA,0
2373,0,0,2019,5,State,urban/rural,Agri Land,statesector,1,Goa,NA,NA,NA,NA,NA,1
2374,0.209123865,0.043390784,2019,5,State,urban/rural,Agri Land,statesector,0,Gujarat,NA,NA,NA,NA,NA,0
2375,0.218442053,0.048357528,2019,5,State,urban/rural,Agri Land,statesector,0,Gujarat,NA,NA,NA,NA,NA,1
2376,0.042649616,0.007929596,2019,5,State,urban/rural,Agri Land,statesector,1,Gujarat,NA,NA,NA,NA,NA,0
2377,0.047356527,0.001194154,2019,5,State,urban/rural,Agri Land,statesector,1,Gujarat,NA,NA,NA,NA,NA,1
2378,0.121666923,0.029713362,2019,5,State,urban/rural,Agri Land,statesector,0,Haryana,NA,NA,NA,NA,NA,0
2379,0.041569836,0.007042465,2019,5,State,urban/rural,Agri Land,statesector,0,Haryana,NA,NA,NA,NA,NA,1
2380,0.04244519,0.008732441,2019,5,State,urban/rural,Agri Land,statesector,1,Haryana,NA,NA,NA,NA,NA,0
2381,0.034031916,0.003404336,2019,5,State,urban/rural,Agri Land,statesector,1,Haryana,NA,NA,NA,NA,NA,1
2382,0.09256503,0.0147069,2019,5,State,urban/rural,Agri Land,statesector,0,Himachal Pradesh,NA,NA,NA,NA,NA,0
2383,0.049205251,0.003718293,2019,5,State,urban/rural,Agri Land,statesector,0,Himachal Pradesh,NA,NA,NA,NA,NA,1
2384,0.028884148,0.013414153,2019,5,State,urban/rural,Agri Land,statesector,1,Himachal Pradesh,NA,NA,NA,NA,NA,0
2385,0.014335929,0.004090377,2019,5,State,urban/rural,Agri Land,statesector,1,Himachal Pradesh,NA,NA,NA,NA,NA,1
2386,0.10060852,0.02140308,2019,5,State,urban/rural,Agri Land,statesector,0,Jammu & Kashmir,NA,NA,NA,NA,NA,0
2387,0.072971366,0.010937522,2019,5,State,urban/rural,Agri Land,statesector,0,Jammu & Kashmir,NA,NA,NA,NA,NA,1
2388,0.015171561,0.001484757,2019,5,State,urban/rural,Agri Land,statesector,1,Jammu & Kashmir,NA,NA,NA,NA,NA,0
2389,0.016823113,0.000293765,2019,5,State,urban/rural,Agri Land,statesector,1,Jammu & Kashmir,NA,NA,NA,NA,NA,1
2390,0.406304926,0.137391642,2019,5,State,urban/rural,Agri Land,statesector,0,Jharkhand,NA,NA,NA,NA,NA,0
2391,0.356785804,0.102242403,2019,5,State,urban/rural,Agri Land,statesector,0,Jharkhand,NA,NA,NA,NA,NA,1
2392,0.090642348,0.0197214,2019,5,State,urban/rural,Agri Land,statesector,1,Jharkhand,NA,NA,NA,NA,NA,0
2393,0.068893239,0.013661882,2019,5,State,urban/rural,Agri Land,statesector,1,Jharkhand,NA,NA,NA,NA,NA,1
2394,0.113438465,0.016412094,2019,5,State,urban/rural,Agri Land,statesector,0,Karnataka,NA,NA,NA,NA,NA,0
2395,0.121090747,0.019882532,2019,5,State,urban/rural,Agri Land,statesector,0,Karnataka,NA,NA,NA,NA,NA,1
2396,0.029095264,0.003068139,2019,5,State,urban/rural,Agri Land,statesector,1,Karnataka,NA,NA,NA,NA,NA,0
2397,0.047396209,0.006310637,2019,5,State,urban/rural,Agri Land,statesector,1,Karnataka,NA,NA,NA,NA,NA,1
2398,0.014642505,0.000535899,2019,5,State,urban/rural,Agri Land,statesector,0,Kerala,NA,NA,NA,NA,NA,0
2399,0.004186766,0.000746939,2019,5,State,urban/rural,Agri Land,statesector,0,Kerala,NA,NA,NA,NA,NA,1
2400,0.00443326,0,2019,5,State,urban/rural,Agri Land,statesector,1,Kerala,NA,NA,NA,NA,NA,0
2401,0.000563221,0,2019,5,State,urban/rural,Agri Land,statesector,1,Kerala,NA,NA,NA,NA,NA,1
2402,0.090967961,0.012736668,2019,5,State,urban/rural,Agri Land,statesector,0,Ladakh,NA,NA,NA,NA,NA,0
2403,0.071388565,0.00768737,2019,5,State,urban/rural,Agri Land,statesector,0,Ladakh,NA,NA,NA,NA,NA,1
2404,0.012076745,0,2019,5,State,urban/rural,Agri Land,statesector,1,Ladakh,NA,NA,NA,NA,NA,0
2405,0.019054752,0.005933626,2019,5,State,urban/rural,Agri Land,statesector,1,Ladakh,NA,NA,NA,NA,NA,1
2406,0.012954544,0,2019,5,State,urban/rural,Agri Land,statesector,0,Lakshadweep,NA,NA,NA,NA,NA,0
2407,0,0,2019,5,State,urban/rural,Agri Land,statesector,0,Lakshadweep,NA,NA,NA,NA,NA,1
2408,0.008081784,0,2019,5,State,urban/rural,Agri Land,statesector,1,Lakshadweep,NA,NA,NA,NA,NA,0
2409,0,0,2019,5,State,urban/rural,Agri Land,statesector,1,Lakshadweep,NA,NA,NA,NA,NA,1
2410,0.329625964,0.083372697,2019,5,State,urban/rural,Agri Land,statesector,0,Madhya Pradesh,NA,NA,NA,NA,NA,0
2411,0.277573526,0.060779594,2019,5,State,urban/rural,Agri Land,statesector,0,Madhya Pradesh,NA,NA,NA,NA,NA,1
2412,0.076914802,0.013701322,2019,5,State,urban/rural,Agri Land,statesector,1,Madhya Pradesh,NA,NA,NA,NA,NA,0
2413,0.072847016,0.013306782,2019,5,State,urban/rural,Agri Land,statesector,1,Madhya Pradesh,NA,NA,NA,NA,NA,1
2414,0.16068624,0.031331673,2019,5,State,urban/rural,Agri Land,statesector,0,Maharashtra,NA,NA,NA,NA,NA,0
2415,0.112725288,0.015166783,2019,5,State,urban/rural,Agri Land,statesector,0,Maharashtra,NA,NA,NA,NA,NA,1
2416,0.03442464,0.003689534,2019,5,State,urban/rural,Agri Land,statesector,1,Maharashtra,NA,NA,NA,NA,NA,0
2417,0.0274303,0.001539064,2019,5,State,urban/rural,Agri Land,statesector,1,Maharashtra,NA,NA,NA,NA,NA,1
2418,0.138736948,0.021528831,2019,5,State,urban/rural,Agri Land,statesector,0,Manipur,NA,NA,NA,NA,NA,0
2419,0.10528446,0.014028218,2019,5,State,urban/rural,Agri Land,statesector,0,Manipur,NA,NA,NA,NA,NA,1
2420,0.050619502,0.006068684,2019,5,State,urban/rural,Agri Land,statesector,1,Manipur,NA,NA,NA,NA,NA,0
2421,0.024764167,0.000718976,2019,5,State,urban/rural,Agri Land,statesector,1,Manipur,NA,NA,NA,NA,NA,1
2422,0.327647537,0.130883574,2019,5,State,urban/rural,Agri Land,statesector,0,Meghalaya,NA,NA,NA,NA,NA,0
2423,0.296921492,0.107647322,2019,5,State,urban/rural,Agri Land,statesector,0,Meghalaya,NA,NA,NA,NA,NA,1
2424,0.072325617,0.024760244,2019,5,State,urban/rural,Agri Land,statesector,1,Meghalaya,NA,NA,NA,NA,NA,0
2425,0.174940825,0.047498595,2019,5,State,urban/rural,Agri Land,statesector,1,Meghalaya,NA,NA,NA,NA,NA,1
2426,0.134888187,0.052454293,2019,5,State,urban/rural,Agri Land,statesector,0,Mizoram,NA,NA,NA,NA,NA,0
2427,0.096469887,0.023344874,2019,5,State,urban/rural,Agri Land,statesector,0,Mizoram,NA,NA,NA,NA,NA,1
2428,0.006951877,0.000895453,2019,5,State,urban/rural,Agri Land,statesector,1,Mizoram,NA,NA,NA,NA,NA,0
2429,0.011294986,0,2019,5,State,urban/rural,Agri Land,statesector,1,Mizoram,NA,NA,NA,NA,NA,1
2430,0.155984208,0.026601179,2019,5,State,urban/rural,Agri Land,statesector,0,Nagaland,NA,NA,NA,NA,NA,0
2431,0.253834963,0.044790283,2019,5,State,urban/rural,Agri Land,statesector,0,Nagaland,NA,NA,NA,NA,NA,1
2432,0.065933846,0.009357749,2019,5,State,urban/rural,Agri Land,statesector,1,Nagaland,NA,NA,NA,NA,NA,0
2433,0.049979851,0.001608049,2019,5,State,urban/rural,Agri Land,statesector,1,Nagaland,NA,NA,NA,NA,NA,1
2434,0.271090746,0.067908101,2019,5,State,urban/rural,Agri Land,statesector,0,Odisha,NA,NA,NA,NA,NA,0
2435,0.216309413,0.053943612,2019,5,State,urban/rural,Agri Land,statesector,0,Odisha,NA,NA,NA,NA,NA,1
2436,0.079529166,0.017509907,2019,5,State,urban/rural,Agri Land,statesector,1,Odisha,NA,NA,NA,NA,NA,0
2437,0.041949976,0.010573264,2019,5,State,urban/rural,Agri Land,statesector,1,Odisha,NA,NA,NA,NA,NA,1
2438,0.016304888,0.001292809,2019,5,State,urban/rural,Agri Land,statesector,0,Puducherry,NA,NA,NA,NA,NA,0
2439,0.011391548,0,2019,5,State,urban/rural,Agri Land,statesector,0,Puducherry,NA,NA,NA,NA,NA,1
2440,0.014614679,0.000103137,2019,5,State,urban/rural,Agri Land,statesector,1,Puducherry,NA,NA,NA,NA,NA,0
2441,0,0,2019,5,State,urban/rural,Agri Land,statesector,1,Puducherry,NA,NA,NA,NA,NA,1
2442,0.063730724,0.010038595,2019,5,State,urban/rural,Agri Land,statesector,0,Punjab,NA,NA,NA,NA,NA,0
2443,0.019675883,0.00163491,2019,5,State,urban/rural,Agri Land,statesector,0,Punjab,NA,NA,NA,NA,NA,1
2444,0.047833253,0.007495937,2019,5,State,urban/rural,Agri Land,statesector,1,Punjab,NA,NA,NA,NA,NA,0
2445,0.008274548,0.0012312,2019,5,State,urban/rural,Agri Land,statesector,1,Punjab,NA,NA,NA,NA,NA,1
2446,0.229070634,0.063217804,2019,5,State,urban/rural,Agri Land,statesector,0,Rajasthan,NA,NA,NA,NA,NA,0
2447,0.193873838,0.038312607,2019,5,State,urban/rural,Agri Land,statesector,0,Rajasthan,NA,NA,NA,NA,NA,1
2448,0.045659684,0.008862324,2019,5,State,urban/rural,Agri Land,statesector,1,Rajasthan,NA,NA,NA,NA,NA,0
2449,0.025462838,0.003197316,2019,5,State,urban/rural,Agri Land,statesector,1,Rajasthan,NA,NA,NA,NA,NA,1
2450,0.066068612,0.009629762,2019,5,State,urban/rural,Agri Land,statesector,0,Sikkim,NA,NA,NA,NA,NA,0
2451,0.04612913,0.005676562,2019,5,State,urban/rural,Agri Land,statesector,0,Sikkim,NA,NA,NA,NA,NA,1
2452,0.005619187,0.000227103,2019,5,State,urban/rural,Agri Land,statesector,1,Sikkim,NA,NA,NA,NA,NA,0
2453,0,0,2019,5,State,urban/rural,Agri Land,statesector,1,Sikkim,NA,NA,NA,NA,NA,1
2454,0.060487472,0.004188592,2019,5,State,urban/rural,Agri Land,statesector,0,Tamil Nadu,NA,NA,NA,NA,NA,0
2455,0.037913803,0.002071169,2019,5,State,urban/rural,Agri Land,statesector,0,Tamil Nadu,NA,NA,NA,NA,NA,1
2456,0.021389175,0.000793961,2019,5,State,urban/rural,Agri Land,statesector,1,Tamil Nadu,NA,NA,NA,NA,NA,0
2457,0.021805728,0,2019,5,State,urban/rural,Agri Land,statesector,1,Tamil Nadu,NA,NA,NA,NA,NA,1
2458,0.098465681,0.012667643,2019,5,State,urban/rural,Agri Land,statesector,0,Telangana,NA,NA,NA,NA,NA,0
2459,0.082020275,0.009382899,2019,5,State,urban/rural,Agri Land,statesector,0,Telangana,NA,NA,NA,NA,NA,1
2460,0.029268024,0.003626771,2019,5,State,urban/rural,Agri Land,statesector,1,Telangana,NA,NA,NA,NA,NA,0
2461,0.025712421,0.002312866,2019,5,State,urban/rural,Agri Land,statesector,1,Telangana,NA,NA,NA,NA,NA,1
2462,0.221101984,0.043285515,2019,5,State,urban/rural,Agri Land,statesector,0,Tripura,NA,NA,NA,NA,NA,0
2463,0.124596342,0.013643803,2019,5,State,urban/rural,Agri Land,statesector,0,Tripura,NA,NA,NA,NA,NA,1
2464,0.059311435,0.009817282,2019,5,State,urban/rural,Agri Land,statesector,1,Tripura,NA,NA,NA,NA,NA,0
2465,0.01495892,0,2019,5,State,urban/rural,Agri Land,statesector,1,Tripura,NA,NA,NA,NA,NA,1
2466,0.34293589,0.117485031,2019,5,State,urban/rural,Agri Land,statesector,0,Uttar Pradesh,NA,NA,NA,NA,NA,0
2467,0.228192478,0.059055623,2019,5,State,urban/rural,Agri Land,statesector,0,Uttar Pradesh,NA,NA,NA,NA,NA,1
2468,0.122995861,0.032102473,2019,5,State,urban/rural,Agri Land,statesector,1,Uttar Pradesh,NA,NA,NA,NA,NA,0
2469,0.088376492,0.014801004,2019,5,State,urban/rural,Agri Land,statesector,1,Uttar Pradesh,NA,NA,NA,NA,NA,1
2470,0.147753105,0.025314968,2019,5,State,urban/rural,Agri Land,statesector,0,Uttarakhand,NA,NA,NA,NA,NA,0
2471,0.090505704,0.009702223,2019,5,State,urban/rural,Agri Land,statesector,0,Uttarakhand,NA,NA,NA,NA,NA,1
2472,0.076110855,0.015130221,2019,5,State,urban/rural,Agri Land,statesector,1,Uttarakhand,NA,NA,NA,NA,NA,0
2473,0.014318622,0.007716992,2019,5,State,urban/rural,Agri Land,statesector,1,Uttarakhand,NA,NA,NA,NA,NA,1
2474,0.232184112,0.045729067,2019,5,State,urban/rural,Agri Land,statesector,0,West Bengal,NA,NA,NA,NA,NA,0
2475,0.140772998,0.020627582,2019,5,State,urban/rural,Agri Land,statesector,0,West Bengal,NA,NA,NA,NA,NA,1
2476,0.055664845,0.011100878,2019,5,State,urban/rural,Agri Land,statesector,1,West Bengal,NA,NA,NA,NA,NA,0
2477,0.071933001,0.010228238,2019,5,State,urban/rural,Agri Land,statesector,1,West Bengal,NA,NA,NA,NA,NA,1
2478,0.278921366,0.087678216,2015,4,National,All,All Households,allindia,99,India,NA,NA,NA,NA,NA,NA
2479,0.36830458,0.11793489,2015,4,National,urban/rural,All Households,indiasector,0,India,NA,NA,NA,NA,NA,NA
2480,0.091805071,0.024338411,2015,4,National,urban/rural,All Households,indiasector,1,India,NA,NA,NA,NA,NA,NA
2481,0.069000579,0.009865059,2015,4,State,All,All Households,state,99,Andaman & Nicobar Islands,NA,NA,NA,NA,NA,NA
2482,0.156308576,0.031971324,2015,4,State,All,All Households,state,99,Andhra Pradesh,NA,NA,NA,NA,NA,NA
2483,0.243452907,0.075592309,2015,4,State,All,All Households,state,99,Arunachal Pradesh,NA,NA,NA,NA,NA,NA
2484,0.361947924,0.121882662,2015,4,State,All,All Households,state,99,Assam,NA,NA,NA,NA,NA,NA
2485,0.524269283,0.223870218,2015,4,State,All,All Households,state,99,Bihar,NA,NA,NA,NA,NA,NA
2486,0.047691967,0.013117446,2015,4,State,All,All Households,state,99,Chandigarh,NA,NA,NA,NA,NA,NA
2487,0.367861927,0.090323038,2015,4,State,All,All Households,state,99,Chhattisgarh,NA,NA,NA,NA,NA,NA
2488,0.243598327,0.063525841,2015,4,State,All,All Households,state,99,Dadra & Nagar Haveli and Daman & Diu,NA,NA,NA,NA,NA,NA
2489,0.042600293,0.009724814,2015,4,State,All,All Households,state,99,Delhi,NA,NA,NA,NA,NA,NA
2490,0.054931805,0.004244593,2015,4,State,All,All Households,state,99,Goa,NA,NA,NA,NA,NA,NA
2491,0.217333123,0.054618645,2015,4,State,All,All Households,state,99,Gujarat,NA,NA,NA,NA,NA,NA
2492,0.109279878,0.026766151,2015,4,State,All,All Households,state,99,Haryana,NA,NA,NA,NA,NA,NA
2493,0.081256412,0.005614173,2015,4,State,All,All Households,state,99,Himachal Pradesh,NA,NA,NA,NA,NA,NA
2494,0.152374506,0.033359181,2015,4,State,All,All Households,state,99,Jammu & Kashmir,NA,NA,NA,NA,NA,NA
2495,0.46535483,0.154492319,2015,4,State,All,All Households,state,99,Jharkhand,NA,NA,NA,NA,NA,NA
2496,0.172277734,0.032464791,2015,4,State,All,All Households,state,99,Karnataka,NA,NA,NA,NA,NA,NA
2497,0.010744187,0.000696917,2015,4,State,All,All Households,state,99,Kerala,NA,NA,NA,NA,NA,NA
2498,0.01838119,0,2015,4,State,All,All Households,state,99,Lakshadweep,NA,NA,NA,NA,NA,NA
2499,0.410310537,0.130472735,2015,4,State,All,All Households,state,99,Madhya Pradesh,NA,NA,NA,NA,NA,NA
2500,0.172534615,0.034828186,2015,4,State,All,All Households,state,99,Maharashtra,NA,NA,NA,NA,NA,NA
2501,0.210216776,0.034357831,2015,4,State,All,All Households,state,99,Manipur,NA,NA,NA,NA,NA,NA
2502,0.327649862,0.112165928,2015,4,State,All,All Households,state,99,Meghalaya,NA,NA,NA,NA,NA,NA
2503,0.097377308,0.034024678,2015,4,State,All,All Households,state,99,Mizoram,NA,NA,NA,NA,NA,NA
2504,0.237006173,0.062514603,2015,4,State,All,All Households,state,99,Nagaland,NA,NA,NA,NA,NA,NA
2505,0.358599275,0.10628134,2015,4,State,All,All Households,state,99,Odisha,NA,NA,NA,NA,NA,NA
2506,0.034301702,0.003409401,2015,4,State,All,All Households,state,99,Puducherry,NA,NA,NA,NA,NA,NA
2507,0.060910173,0.014247447,2015,4,State,All,All Households,state,99,Punjab,NA,NA,NA,NA,NA,NA
2508,0.319735557,0.112981446,2015,4,State,All,All Households,state,99,Rajasthan,NA,NA,NA,NA,NA,NA
2509,0.048694607,0.005061302,2015,4,State,All,All Households,state,99,Sikkim,NA,NA,NA,NA,NA,NA
2510,0.07299795,0.005731182,2015,4,State,All,All Households,state,99,Tamil Nadu,NA,NA,NA,NA,NA,NA
2511,0.174963817,0.035228066,2015,4,State,All,All Households,state,99,Telangana,NA,NA,NA,NA,NA,NA
2512,0.202919796,0.052868325,2015,4,State,All,All Households,state,99,Tripura,NA,NA,NA,NA,NA,NA
2513,0.407822877,0.14065963,2015,4,State,All,All Households,state,99,Uttar Pradesh,NA,NA,NA,NA,NA,NA
2514,0.172261655,0.039510287,2015,4,State,All,All Households,state,99,Uttarakhand,NA,NA,NA,NA,NA,NA
2515,0.26248768,0.071073495,2015,4,State,All,All Households,state,99,West Bengal,NA,NA,NA,NA,NA,NA
2516,0.112717837,0.017132124,2015,4,State,urban/rural,All Households,statesector,0,Andaman & Nicobar Islands,NA,NA,NA,NA,NA,NA
2517,0.009654292,0,2015,4,State,urban/rural,All Households,statesector,1,Andaman & Nicobar Islands,NA,NA,NA,NA,NA,NA
2518,0.197239131,0.040450882,2015,4,State,urban/rural,All Households,statesector,0,Andhra Pradesh,NA,NA,NA,NA,NA,NA
2519,0.057397518,0.011479977,2015,4,State,urban/rural,All Households,statesector,1,Andhra Pradesh,NA,NA,NA,NA,NA,NA
2520,0.297157258,0.094131656,2015,4,State,urban/rural,All Households,statesector,0,Arunachal Pradesh,NA,NA,NA,NA,NA,NA
2521,0.06847436,0.015187771,2015,4,State,urban/rural,All Households,statesector,1,Arunachal Pradesh,NA,NA,NA,NA,NA,NA
2522,0.400490254,0.136827797,2015,4,State,urban/rural,All Households,statesector,0,Assam,NA,NA,NA,NA,NA,NA
2523,0.110861465,0.024521587,2015,4,State,urban/rural,All Households,statesector,1,Assam,NA,NA,NA,NA,NA,NA
2524,0.567896903,0.244236499,2015,4,State,urban/rural,All Households,statesector,0,Bihar,NA,NA,NA,NA,NA,NA
2525,0.226400182,0.084818929,2015,4,State,urban/rural,All Households,statesector,1,Bihar,NA,NA,NA,NA,NA,NA
2526,0.24742268,0.072164945,2015,4,State,urban/rural,All Households,statesector,0,Chandigarh,NA,NA,NA,NA,NA,NA
2527,0.039430618,0.010675096,2015,4,State,urban/rural,All Households,statesector,1,Chandigarh,NA,NA,NA,NA,NA,NA
2528,0.441400111,0.110217102,2015,4,State,urban/rural,All Households,statesector,0,Chhattisgarh,NA,NA,NA,NA,NA,NA
2529,0.118770704,0.022937141,2015,4,State,urban/rural,All Households,statesector,1,Chhattisgarh,NA,NA,NA,NA,NA,NA
2530,0.460197479,0.124827065,2015,4,State,urban/rural,All Households,statesector,0,Dadra & Nagar Haveli and Daman & Diu,NA,NA,NA,NA,NA,NA
2531,0.05764953,0.01089919,2015,4,State,urban/rural,All Households,statesector,1,Dadra & Nagar Haveli and Daman & Diu,NA,NA,NA,NA,NA,NA
2532,0.026828697,0,2015,4,State,urban/rural,All Households,statesector,0,Delhi,NA,NA,NA,NA,NA,NA
2533,0.042732447,0.009806301,2015,4,State,urban/rural,All Households,statesector,1,Delhi,NA,NA,NA,NA,NA,NA
2534,0.077603497,0.004920499,2015,4,State,urban/rural,All Households,statesector,0,Goa,NA,NA,NA,NA,NA,NA
2535,0.041291807,0.003837946,2015,4,State,urban/rural,All Households,statesector,1,Goa,NA,NA,NA,NA,NA,NA
2536,0.325457245,0.082674108,2015,4,State,urban/rural,All Households,statesector,0,Gujarat,NA,NA,NA,NA,NA,NA
2537,0.069702595,0.016312273,2015,4,State,urban/rural,All Households,statesector,1,Gujarat,NA,NA,NA,NA,NA,NA
2538,0.133340582,0.033650521,2015,4,State,urban/rural,All Households,statesector,0,Haryana,NA,NA,NA,NA,NA,NA
2539,0.070892476,0.015782556,2015,4,State,urban/rural,All Households,statesector,1,Haryana,NA,NA,NA,NA,NA,NA
2540,0.087313317,0.005750189,2015,4,State,urban/rural,All Households,statesector,0,Himachal Pradesh,NA,NA,NA,NA,NA,NA
2541,0.021495536,0.004272167,2015,4,State,urban/rural,All Households,statesector,1,Himachal Pradesh,NA,NA,NA,NA,NA,NA
2542,0.196855709,0.043251134,2015,4,State,urban/rural,All Households,statesector,0,Jammu & Kashmir,NA,NA,NA,NA,NA,NA
2543,0.046420984,0.009796704,2015,4,State,urban/rural,All Households,statesector,1,Jammu & Kashmir,NA,NA,NA,NA,NA,NA
2544,0.561365545,0.19267647,2015,4,State,urban/rural,All Households,statesector,0,Jharkhand,NA,NA,NA,NA,NA,NA
2545,0.17073524,0.037320066,2015,4,State,urban/rural,All Households,statesector,1,Jharkhand,NA,NA,NA,NA,NA,NA
2546,0.25156343,0.04925593,2015,4,State,urban/rural,All Households,statesector,0,Karnataka,NA,NA,NA,NA,NA,NA
2547,0.062344134,0.009183028,2015,4,State,urban/rural,All Households,statesector,1,Karnataka,NA,NA,NA,NA,NA,NA
2548,0.014343083,0.001312236,2015,4,State,urban/rural,All Households,statesector,0,Kerala,NA,NA,NA,NA,NA,NA
2549,0.006668034,0,2015,4,State,urban/rural,All Households,statesector,1,Kerala,NA,NA,NA,NA,NA,NA
2550,0.019344667,0,2015,4,State,urban/rural,All Households,statesector,0,Lakshadweep,NA,NA,NA,NA,NA,NA
2551,0.018119903,0,2015,4,State,urban/rural,All Households,statesector,1,Lakshadweep,NA,NA,NA,NA,NA,NA
2552,0.519410074,0.168809325,2015,4,State,urban/rural,All Households,statesector,0,Madhya Pradesh,NA,NA,NA,NA,NA,NA
2553,0.142917544,0.03651325,2015,4,State,urban/rural,All Households,statesector,1,Madhya Pradesh,NA,NA,NA,NA,NA,NA
2554,0.272994369,0.057238515,2015,4,State,urban/rural,All Households,statesector,0,Maharashtra,NA,NA,NA,NA,NA,NA
2555,0.055288821,0.008673264,2015,4,State,urban/rural,All Households,statesector,1,Maharashtra,NA,NA,NA,NA,NA,NA
2556,0.257400602,0.046627901,2015,4,State,urban/rural,All Households,statesector,0,Manipur,NA,NA,NA,NA,NA,NA
2557,0.13563925,0.014964073,2015,4,State,urban/rural,All Households,statesector,1,Manipur,NA,NA,NA,NA,NA,NA
2558,0.384338886,0.136664167,2015,4,State,urban/rural,All Households,statesector,0,Meghalaya,NA,NA,NA,NA,NA,NA
2559,0.097369887,0.012650104,2015,4,State,urban/rural,All Households,statesector,1,Meghalaya,NA,NA,NA,NA,NA,NA
2560,0.202603474,0.074798167,2015,4,State,urban/rural,All Households,statesector,0,Mizoram,NA,NA,NA,NA,NA,NA
2561,0.014777667,0.002018608,2015,4,State,urban/rural,All Households,statesector,1,Mizoram,NA,NA,NA,NA,NA,NA
2562,0.305946261,0.083630264,2015,4,State,urban/rural,All Households,statesector,0,Nagaland,NA,NA,NA,NA,NA,NA
2563,0.105325297,0.022182066,2015,4,State,urban/rural,All Households,statesector,1,Nagaland,NA,NA,NA,NA,NA,NA
2564,0.400829613,0.118740343,2015,4,State,urban/rural,All Households,statesector,0,Odisha,NA,NA,NA,NA,NA,NA
2565,0.141062751,0.042102635,2015,4,State,urban/rural,All Households,statesector,1,Odisha,NA,NA,NA,NA,NA,NA
2566,0.071615078,0.004587455,2015,4,State,urban/rural,All Households,statesector,0,Puducherry,NA,NA,NA,NA,NA,NA
2567,0.017497536,0.002878862,2015,4,State,urban/rural,All Households,statesector,1,Puducherry,NA,NA,NA,NA,NA,NA
2568,0.073918127,0.015262825,2015,4,State,urban/rural,All Households,statesector,0,Punjab,NA,NA,NA,NA,NA,NA
2569,0.040801845,0.012677827,2015,4,State,urban/rural,All Households,statesector,1,Punjab,NA,NA,NA,NA,NA,NA
2570,0.386107355,0.138906792,2015,4,State,urban/rural,All Households,statesector,0,Rajasthan,NA,NA,NA,NA,NA,NA
2571,0.113027774,0.032239757,2015,4,State,urban/rural,All Households,statesector,1,Rajasthan,NA,NA,NA,NA,NA,NA
2572,0.056002561,0.006719286,2015,4,State,urban/rural,All Households,statesector,0,Sikkim,NA,NA,NA,NA,NA,NA
2573,0.031746231,0.001216157,2015,4,State,urban/rural,All Households,statesector,1,Sikkim,NA,NA,NA,NA,NA,NA
2574,0.115922488,0.009214104,2015,4,State,urban/rural,All Households,statesector,0,Tamil Nadu,NA,NA,NA,NA,NA,NA
2575,0.030564062,0.002288072,2015,4,State,urban/rural,All Households,statesector,1,Tamil Nadu,NA,NA,NA,NA,NA,NA
2576,0.264656276,0.05396447,2015,4,State,urban/rural,All Households,statesector,0,Telangana,NA,NA,NA,NA,NA,NA
2577,0.057967879,0.010788072,2015,4,State,urban/rural,All Households,statesector,1,Telangana,NA,NA,NA,NA,NA,NA
2578,0.248896465,0.068860382,2015,4,State,urban/rural,All Households,statesector,0,Tripura,NA,NA,NA,NA,NA,NA
2579,0.084428206,0.011653421,2015,4,State,urban/rural,All Households,statesector,1,Tripura,NA,NA,NA,NA,NA,NA
2580,0.483721554,0.166005403,2015,4,State,urban/rural,All Households,statesector,0,Uttar Pradesh,NA,NA,NA,NA,NA,NA
2581,0.178667709,0.064135052,2015,4,State,urban/rural,All Households,statesector,1,Uttar Pradesh,NA,NA,NA,NA,NA,NA
2582,0.216774374,0.047296077,2015,4,State,urban/rural,All Households,statesector,0,Uttarakhand,NA,NA,NA,NA,NA,NA
2583,0.089675561,0.025065033,2015,4,State,urban/rural,All Households,statesector,1,Uttarakhand,NA,NA,NA,NA,NA,NA
2584,0.319309711,0.087026834,2015,4,State,urban/rural,All Households,statesector,0,West Bengal,NA,NA,NA,NA,NA,NA
2585,0.135766849,0.035495389,2015,4,State,urban/rural,All Households,statesector,1,West Bengal,NA,NA,NA,NA,NA,NA
2586,0.463685215,0.184269398,2015,4,National,All,Age,allindia,99,India,15 to 29,NA,NA,NA,NA,NA
2587,0.303746909,0.112614572,2015,4,National,All,Age,allindia,99,India,30 to 45,NA,NA,NA,NA,NA
2588,0.235690564,0.059847549,2015,4,National,All,Age,allindia,99,India,46 to 64,NA,NA,NA,NA,NA
2589,0.246663809,0.054122206,2015,4,National,All,Age,allindia,99,India,65+,NA,NA,NA,NA,NA
2590,0.310169697,0.145839319,2015,4,National,All,Age,allindia,99,India,NA,NA,NA,NA,NA,NA
2591,0.563973784,0.233142063,2015,4,National,urban/rural,Age,indiasector,0,India,15 to 29,NA,NA,NA,NA,NA
2592,0.394111872,0.149468884,2015,4,National,urban/rural,Age,indiasector,0,India,30 to 45,NA,NA,NA,NA,NA
2593,0.323187858,0.083205707,2015,4,National,urban/rural,Age,indiasector,0,India,46 to 64,NA,NA,NA,NA,NA
2594,0.324957997,0.072110377,2015,4,National,urban/rural,Age,indiasector,0,India,65+,NA,NA,NA,NA,NA
2595,0.394548059,0.189969316,2015,4,National,urban/rural,Age,indiasector,0,India,NA,NA,NA,NA,NA,NA
2596,0.195190594,0.053426515,2015,4,National,urban/rural,Age,indiasector,1,India,15 to 29,NA,NA,NA,NA,NA
2597,0.112908944,0.034783494,2015,4,National,urban/rural,Age,indiasector,1,India,30 to 45,NA,NA,NA,NA,NA
2598,0.066228434,0.01460817,2015,4,National,urban/rural,Age,indiasector,1,India,46 to 64,NA,NA,NA,NA,NA
2599,0.069143698,0.013336768,2015,4,National,urban/rural,Age,indiasector,1,India,65+,NA,NA,NA,NA,NA
2600,0.060681086,0.015356412,2015,4,National,urban/rural,Age,indiasector,1,India,NA,NA,NA,NA,NA,NA
2601,0.154421225,0.04109627,2015,4,State,All,Age,state,99,Andaman & Nicobar Islands,15 to 29,NA,NA,NA,NA,NA
2602,0.064151123,0.010741014,2015,4,State,All,Age,state,99,Andaman & Nicobar Islands,30 to 45,NA,NA,NA,NA,NA
2603,0.066132121,0.007729144,2015,4,State,All,Age,state,99,Andaman & Nicobar Islands,46 to 64,NA,NA,NA,NA,NA
2604,0.064154766,0.003698623,2015,4,State,All,Age,state,99,Andaman & Nicobar Islands,65+,NA,NA,NA,NA,NA
2605,0,0,2015,4,State,All,Age,state,99,Andaman & Nicobar Islands,NA,NA,NA,NA,NA,NA
2606,0.29724896,0.089066207,2015,4,State,All,Age,state,99,Andhra Pradesh,15 to 29,NA,NA,NA,NA,NA
2607,0.138288721,0.03135797,2015,4,State,All,Age,state,99,Andhra Pradesh,30 to 45,NA,NA,NA,NA,NA
2608,0.134693876,0.023563048,2015,4,State,All,Age,state,99,Andhra Pradesh,46 to 64,NA,NA,NA,NA,NA
2609,0.196185321,0.025704728,2015,4,State,All,Age,state,99,Andhra Pradesh,65+,NA,NA,NA,NA,NA
2610,0.352702737,0,2015,4,State,All,Age,state,99,Andhra Pradesh,NA,NA,NA,NA,NA,NA
2611,0.275286108,0.089186996,2015,4,State,All,Age,state,99,Arunachal Pradesh,15 to 29,NA,NA,NA,NA,NA
2612,0.251837164,0.092963293,2015,4,State,All,Age,state,99,Arunachal Pradesh,30 to 45,NA,NA,NA,NA,NA
2613,0.218846872,0.053214807,2015,4,State,All,Age,state,99,Arunachal Pradesh,46 to 64,NA,NA,NA,NA,NA
2614,0.274557114,0.057450317,2015,4,State,All,Age,state,99,Arunachal Pradesh,65+,NA,NA,NA,NA,NA
2615,0,0,2015,4,State,All,Age,state,99,Arunachal Pradesh,NA,NA,NA,NA,NA,NA
2616,0.547467113,0.226968929,2015,4,State,All,Age,state,99,Assam,15 to 29,NA,NA,NA,NA,NA
2617,0.404342741,0.151696622,2015,4,State,All,Age,state,99,Assam,30 to 45,NA,NA,NA,NA,NA
2618,0.314630628,0.089503929,2015,4,State,All,Age,state,99,Assam,46 to 64,NA,NA,NA,NA,NA
2619,0.255367965,0.060022496,2015,4,State,All,Age,state,99,Assam,65+,NA,NA,NA,NA,NA
2620,0.212098032,0,2015,4,State,All,Age,state,99,Assam,NA,NA,NA,NA,NA,NA
2621,0.731731355,0.410920143,2015,4,State,All,Age,state,99,Bihar,15 to 29,NA,NA,NA,NA,NA
2622,0.552872777,0.263376743,2015,4,State,All,Age,state,99,Bihar,30 to 45,NA,NA,NA,NA,NA
2623,0.478619456,0.167524308,2015,4,State,All,Age,state,99,Bihar,46 to 64,NA,NA,NA,NA,NA
2624,0.436275721,0.144075915,2015,4,State,All,Age,state,99,Bihar,65+,NA,NA,NA,NA,NA
2625,0.473434806,0.332580954,2015,4,State,All,Age,state,99,Bihar,NA,NA,NA,NA,NA,NA
2626,0.217737034,0.068111233,2015,4,State,All,Age,state,99,Chandigarh,15 to 29,NA,NA,NA,NA,NA
2627,0.061604779,0.019733902,2015,4,State,All,Age,state,99,Chandigarh,30 to 45,NA,NA,NA,NA,NA
2628,0.017754152,0,2015,4,State,All,Age,state,99,Chandigarh,46 to 64,NA,NA,NA,NA,NA
2629,0,0,2015,4,State,All,Age,state,99,Chandigarh,65+,NA,NA,NA,NA,NA
2630,0.571628451,0.201654121,2015,4,State,All,Age,state,99,Chhattisgarh,15 to 29,NA,NA,NA,NA,NA
2631,0.352042675,0.103085048,2015,4,State,All,Age,state,99,Chhattisgarh,30 to 45,NA,NA,NA,NA,NA
2632,0.349937558,0.066786997,2015,4,State,All,Age,state,99,Chhattisgarh,46 to 64,NA,NA,NA,NA,NA
2633,0.345849901,0.055165522,2015,4,State,All,Age,state,99,Chhattisgarh,65+,NA,NA,NA,NA,NA
2634,0,0,2015,4,State,All,Age,state,99,Chhattisgarh,NA,NA,NA,NA,NA,NA
2635,0.221206561,0.039425932,2015,4,State,All,Age,state,99,Dadra & Nagar Haveli and Daman & Diu,15 to 29,NA,NA,NA,NA,NA
2636,0.23957032,0.060088217,2015,4,State,All,Age,state,99,Dadra & Nagar Haveli and Daman & Diu,30 to 45,NA,NA,NA,NA,NA
2637,0.247280136,0.070334241,2015,4,State,All,Age,state,99,Dadra & Nagar Haveli and Daman & Diu,46 to 64,NA,NA,NA,NA,NA
2638,0.276472658,0.086400591,2015,4,State,All,Age,state,99,Dadra & Nagar Haveli and Daman & Diu,65+,NA,NA,NA,NA,NA
2639,0.117350973,0.041138917,2015,4,State,All,Age,state,99,Delhi,15 to 29,NA,NA,NA,NA,NA
2640,0.055271987,0.01504547,2015,4,State,All,Age,state,99,Delhi,30 to 45,NA,NA,NA,NA,NA
2641,0.027625069,0.001600285,2015,4,State,All,Age,state,99,Delhi,46 to 64,NA,NA,NA,NA,NA
2642,0.007696801,0,2015,4,State,All,Age,state,99,Delhi,65+,NA,NA,NA,NA,NA
2643,0,0,2015,4,State,All,Age,state,99,Delhi,NA,NA,NA,NA,NA,NA
2644,0.191018179,0.026945114,2015,4,State,All,Age,state,99,Goa,15 to 29,NA,NA,NA,NA,NA
2645,0.056600641,0.010300972,2015,4,State,All,Age,state,99,Goa,30 to 45,NA,NA,NA,NA,NA
2646,0.049171809,0,2015,4,State,All,Age,state,99,Goa,46 to 64,NA,NA,NA,NA,NA
2647,0.042734511,0.001393021,2015,4,State,All,Age,state,99,Goa,65+,NA,NA,NA,NA,NA
2648,0.367009908,0.099965654,2015,4,State,All,Age,state,99,Gujarat,15 to 29,NA,NA,NA,NA,NA
2649,0.236123055,0.070089668,2015,4,State,All,Age,state,99,Gujarat,30 to 45,NA,NA,NA,NA,NA
2650,0.196502268,0.042737734,2015,4,State,All,Age,state,99,Gujarat,46 to 64,NA,NA,NA,NA,NA
2651,0.177296281,0.035197321,2015,4,State,All,Age,state,99,Gujarat,65+,NA,NA,NA,NA,NA
2652,0.740594566,0.178000569,2015,4,State,All,Age,state,99,Gujarat,NA,NA,NA,NA,NA,NA
2653,0.213396087,0.060517389,2015,4,State,All,Age,state,99,Haryana,15 to 29,NA,NA,NA,NA,NA
2654,0.12511991,0.036637791,2015,4,State,All,Age,state,99,Haryana,30 to 45,NA,NA,NA,NA,NA
2655,0.083261095,0.016026225,2015,4,State,All,Age,state,99,Haryana,46 to 64,NA,NA,NA,NA,NA
2656,0.080198184,0.010780345,2015,4,State,All,Age,state,99,Haryana,65+,NA,NA,NA,NA,NA
2657,0.227978468,0,2015,4,State,All,Age,state,99,Haryana,NA,NA,NA,NA,NA,NA
2658,0.149784982,0.028478848,2015,4,State,All,Age,state,99,Himachal Pradesh,15 to 29,NA,NA,NA,NA,NA
2659,0.092210025,0.007467942,2015,4,State,All,Age,state,99,Himachal Pradesh,30 to 45,NA,NA,NA,NA,NA
2660,0.081631772,0.005181757,2015,4,State,All,Age,state,99,Himachal Pradesh,46 to 64,NA,NA,NA,NA,NA
2661,0.065814368,0.002843988,2015,4,State,All,Age,state,99,Himachal Pradesh,65+,NA,NA,NA,NA,NA
2662,0.165621489,0,2015,4,State,All,Age,state,99,Himachal Pradesh,NA,NA,NA,NA,NA,NA
2663,0.291943163,0.067926675,2015,4,State,All,Age,state,99,Jammu & Kashmir,15 to 29,NA,NA,NA,NA,NA
2664,0.182445928,0.043996211,2015,4,State,All,Age,state,99,Jammu & Kashmir,30 to 45,NA,NA,NA,NA,NA
2665,0.11147479,0.022376431,2015,4,State,All,Age,state,99,Jammu & Kashmir,46 to 64,NA,NA,NA,NA,NA
2666,0.133299261,0.023072511,2015,4,State,All,Age,state,99,Jammu & Kashmir,65+,NA,NA,NA,NA,NA
2667,0,0,2015,4,State,All,Age,state,99,Jammu & Kashmir,NA,NA,NA,NA,NA,NA
2668,0.672961116,0.281238914,2015,4,State,All,Age,state,99,Jharkhand,15 to 29,NA,NA,NA,NA,NA
2669,0.48116231,0.182618245,2015,4,State,All,Age,state,99,Jharkhand,30 to 45,NA,NA,NA,NA,NA
2670,0.412642628,0.10590525,2015,4,State,All,Age,state,99,Jharkhand,46 to 64,NA,NA,NA,NA,NA
2671,0.423134267,0.115997434,2015,4,State,All,Age,state,99,Jharkhand,65+,NA,NA,NA,NA,NA
2672,0.403852433,0,2015,4,State,All,Age,state,99,Jharkhand,NA,NA,NA,NA,NA,NA
2673,0.262296528,0.055740867,2015,4,State,All,Age,state,99,Karnataka,15 to 29,NA,NA,NA,NA,NA
2674,0.181346506,0.041998755,2015,4,State,All,Age,state,99,Karnataka,30 to 45,NA,NA,NA,NA,NA
2675,0.147041559,0.024768014,2015,4,State,All,Age,state,99,Karnataka,46 to 64,NA,NA,NA,NA,NA
2676,0.194646522,0.025516666,2015,4,State,All,Age,state,99,Karnataka,65+,NA,NA,NA,NA,NA
2677,0.229688257,0,2015,4,State,All,Age,state,99,Karnataka,NA,NA,NA,NA,NA,NA
2678,0.015547133,0,2015,4,State,All,Age,state,99,Kerala,15 to 29,NA,NA,NA,NA,NA
2679,0.012848571,0.001065471,2015,4,State,All,Age,state,99,Kerala,30 to 45,NA,NA,NA,NA,NA
2680,0.010084713,0.000870012,2015,4,State,All,Age,state,99,Kerala,46 to 64,NA,NA,NA,NA,NA
2681,0.009855969,0,2015,4,State,All,Age,state,99,Kerala,65+,NA,NA,NA,NA,NA
2682,0.031758506,0,2015,4,State,All,Age,state,99,Kerala,NA,NA,NA,NA,NA,NA
2683,0,0,2015,4,State,All,Age,state,99,Lakshadweep,15 to 29,NA,NA,NA,NA,NA
2684,0.012368226,0,2015,4,State,All,Age,state,99,Lakshadweep,30 to 45,NA,NA,NA,NA,NA
2685,0.022369694,0,2015,4,State,All,Age,state,99,Lakshadweep,46 to 64,NA,NA,NA,NA,NA
2686,0.014075858,0,2015,4,State,All,Age,state,99,Lakshadweep,65+,NA,NA,NA,NA,NA
2687,0.610094428,0.237819895,2015,4,State,All,Age,state,99,Madhya Pradesh,15 to 29,NA,NA,NA,NA,NA
2688,0.417597413,0.150881872,2015,4,State,All,Age,state,99,Madhya Pradesh,30 to 45,NA,NA,NA,NA,NA
2689,0.366594672,0.095789716,2015,4,State,All,Age,state,99,Madhya Pradesh,46 to 64,NA,NA,NA,NA,NA
2690,0.368744582,0.086543255,2015,4,State,All,Age,state,99,Madhya Pradesh,65+,NA,NA,NA,NA,NA
2691,0.379948646,0.062529027,2015,4,State,All,Age,state,99,Madhya Pradesh,NA,NA,NA,NA,NA,NA
2692,0.27887249,0.074951716,2015,4,State,All,Age,state,99,Maharashtra,15 to 29,NA,NA,NA,NA,NA
2693,0.164367497,0.036716416,2015,4,State,All,Age,state,99,Maharashtra,30 to 45,NA,NA,NA,NA,NA
2694,0.148032576,0.027947603,2015,4,State,All,Age,state,99,Maharashtra,46 to 64,NA,NA,NA,NA,NA
2695,0.210889533,0.03506539,2015,4,State,All,Age,state,99,Maharashtra,65+,NA,NA,NA,NA,NA
2696,0.189619586,0.066695772,2015,4,State,All,Age,state,99,Maharashtra,NA,NA,NA,NA,NA,NA
2697,0.379043519,0.071701065,2015,4,State,All,Age,state,99,Manipur,15 to 29,NA,NA,NA,NA,NA
2698,0.266413569,0.055649944,2015,4,State,All,Age,state,99,Manipur,30 to 45,NA,NA,NA,NA,NA
2699,0.175223961,0.022836274,2015,4,State,All,Age,state,99,Manipur,46 to 64,NA,NA,NA,NA,NA
2700,0.155865729,0.016214537,2015,4,State,All,Age,state,99,Manipur,65+,NA,NA,NA,NA,NA
2701,0.266487837,0,2015,4,State,All,Age,state,99,Manipur,NA,NA,NA,NA,NA,NA
2702,0.493379802,0.201920152,2015,4,State,All,Age,state,99,Meghalaya,15 to 29,NA,NA,NA,NA,NA
2703,0.389751613,0.143694475,2015,4,State,All,Age,state,99,Meghalaya,30 to 45,NA,NA,NA,NA,NA
2704,0.246405646,0.071696334,2015,4,State,All,Age,state,99,Meghalaya,46 to 64,NA,NA,NA,NA,NA
2705,0.249508038,0.065037914,2015,4,State,All,Age,state,99,Meghalaya,65+,NA,NA,NA,NA,NA
2706,0.287876725,0,2015,4,State,All,Age,state,99,Meghalaya,NA,NA,NA,NA,NA,NA
2707,0.276385099,0.10850016,2015,4,State,All,Age,state,99,Mizoram,15 to 29,NA,NA,NA,NA,NA
2708,0.142726824,0.054571297,2015,4,State,All,Age,state,99,Mizoram,30 to 45,NA,NA,NA,NA,NA
2709,0.063456647,0.019746866,2015,4,State,All,Age,state,99,Mizoram,46 to 64,NA,NA,NA,NA,NA
2710,0.048507046,0.011399464,2015,4,State,All,Age,state,99,Mizoram,65+,NA,NA,NA,NA,NA
2711,0,0,2015,4,State,All,Age,state,99,Mizoram,NA,NA,NA,NA,NA,NA
2712,0.340361953,0.080519535,2015,4,State,All,Age,state,99,Nagaland,15 to 29,NA,NA,NA,NA,NA
2713,0.264315218,0.084008873,2015,4,State,All,Age,state,99,Nagaland,30 to 45,NA,NA,NA,NA,NA
2714,0.192345366,0.046481602,2015,4,State,All,Age,state,99,Nagaland,46 to 64,NA,NA,NA,NA,NA
2715,0.230986893,0.03988542,2015,4,State,All,Age,state,99,Nagaland,65+,NA,NA,NA,NA,NA
2716,0.232844666,0,2015,4,State,All,Age,state,99,Nagaland,NA,NA,NA,NA,NA,NA
2717,0.573645413,0.223963633,2015,4,State,All,Age,state,99,Odisha,15 to 29,NA,NA,NA,NA,NA
2718,0.402511239,0.143094659,2015,4,State,All,Age,state,99,Odisha,30 to 45,NA,NA,NA,NA,NA
2719,0.304989517,0.071770497,2015,4,State,All,Age,state,99,Odisha,46 to 64,NA,NA,NA,NA,NA
2720,0.298046887,0.053465068,2015,4,State,All,Age,state,99,Odisha,65+,NA,NA,NA,NA,NA
2721,0.467521161,0.4130826,2015,4,State,All,Age,state,99,Odisha,NA,NA,NA,NA,NA,NA
2722,0.073204823,0.038066935,2015,4,State,All,Age,state,99,Puducherry,15 to 29,NA,NA,NA,NA,NA
2723,0.039086998,0.004827229,2015,4,State,All,Age,state,99,Puducherry,30 to 45,NA,NA,NA,NA,NA
2724,0.023657177,0,2015,4,State,All,Age,state,99,Puducherry,46 to 64,NA,NA,NA,NA,NA
2725,0.042741746,0,2015,4,State,All,Age,state,99,Puducherry,65+,NA,NA,NA,NA,NA
2726,0.186046094,0.041025884,2015,4,State,All,Age,state,99,Punjab,15 to 29,NA,NA,NA,NA,NA
2727,0.080886416,0.020961637,2015,4,State,All,Age,state,99,Punjab,30 to 45,NA,NA,NA,NA,NA
2728,0.042898826,0.01165282,2015,4,State,All,Age,state,99,Punjab,46 to 64,NA,NA,NA,NA,NA
2729,0.043635778,0.004346404,2015,4,State,All,Age,state,99,Punjab,65+,NA,NA,NA,NA,NA
2730,0,0,2015,4,State,All,Age,state,99,Punjab,NA,NA,NA,NA,NA,NA
2731,0.466187686,0.179708317,2015,4,State,All,Age,state,99,Rajasthan,15 to 29,NA,NA,NA,NA,NA
2732,0.35261634,0.147813886,2015,4,State,All,Age,state,99,Rajasthan,30 to 45,NA,NA,NA,NA,NA
2733,0.27096656,0.077270143,2015,4,State,All,Age,state,99,Rajasthan,46 to 64,NA,NA,NA,NA,NA
2734,0.279969037,0.076746941,2015,4,State,All,Age,state,99,Rajasthan,65+,NA,NA,NA,NA,NA
2735,0.166388616,0,2015,4,State,All,Age,state,99,Rajasthan,NA,NA,NA,NA,NA,NA
2736,0.098748505,0.021826804,2015,4,State,All,Age,state,99,Sikkim,15 to 29,NA,NA,NA,NA,NA
2737,0.052914161,0.00474431,2015,4,State,All,Age,state,99,Sikkim,30 to 45,NA,NA,NA,NA,NA
2738,0.030887881,0.002537495,2015,4,State,All,Age,state,99,Sikkim,46 to 64,NA,NA,NA,NA,NA
2739,0.061583541,0.004583267,2015,4,State,All,Age,state,99,Sikkim,65+,NA,NA,NA,NA,NA
2740,0,0,2015,4,State,All,Age,state,99,Sikkim,NA,NA,NA,NA,NA,NA
2741,0.125438884,0.019222813,2015,4,State,All,Age,state,99,Tamil Nadu,15 to 29,NA,NA,NA,NA,NA
2742,0.067918479,0.00717131,2015,4,State,All,Age,state,99,Tamil Nadu,30 to 45,NA,NA,NA,NA,NA
2743,0.061395306,0.003196348,2015,4,State,All,Age,state,99,Tamil Nadu,46 to 64,NA,NA,NA,NA,NA
2744,0.104239754,0.003561454,2015,4,State,All,Age,state,99,Tamil Nadu,65+,NA,NA,NA,NA,NA
2745,0.032199327,0,2015,4,State,All,Age,state,99,Tamil Nadu,NA,NA,NA,NA,NA,NA
2746,0.26330483,0.074598074,2015,4,State,All,Age,state,99,Telangana,15 to 29,NA,NA,NA,NA,NA
2747,0.159754455,0.039973613,2015,4,State,All,Age,state,99,Telangana,30 to 45,NA,NA,NA,NA,NA
2748,0.136008173,0.021853196,2015,4,State,All,Age,state,99,Telangana,46 to 64,NA,NA,NA,NA,NA
2749,0.252479285,0.02279786,2015,4,State,All,Age,state,99,Telangana,65+,NA,NA,NA,NA,NA
2750,0.805819571,0.656700552,2015,4,State,All,Age,state,99,Telangana,NA,NA,NA,NA,NA,NA
2751,0.389716923,0.129643396,2015,4,State,All,Age,state,99,Tripura,15 to 29,NA,NA,NA,NA,NA
2752,0.216234311,0.067236051,2015,4,State,All,Age,state,99,Tripura,30 to 45,NA,NA,NA,NA,NA
2753,0.158188909,0.030662118,2015,4,State,All,Age,state,99,Tripura,46 to 64,NA,NA,NA,NA,NA
2754,0.195586473,0.033489674,2015,4,State,All,Age,state,99,Tripura,65+,NA,NA,NA,NA,NA
2755,0,0,2015,4,State,All,Age,state,99,Tripura,NA,NA,NA,NA,NA,NA
2756,0.574396789,0.224733323,2015,4,State,All,Age,state,99,Uttar Pradesh,15 to 29,NA,NA,NA,NA,NA
2757,0.452644169,0.193113476,2015,4,State,All,Age,state,99,Uttar Pradesh,30 to 45,NA,NA,NA,NA,NA
2758,0.348884284,0.093769595,2015,4,State,All,Age,state,99,Uttar Pradesh,46 to 64,NA,NA,NA,NA,NA
2759,0.371493101,0.087421641,2015,4,State,All,Age,state,99,Uttar Pradesh,65+,NA,NA,NA,NA,NA
2760,0.472277522,0.342386395,2015,4,State,All,Age,state,99,Uttar Pradesh,NA,NA,NA,NA,NA,NA
2761,0.314972818,0.083153732,2015,4,State,All,Age,state,99,Uttarakhand,15 to 29,NA,NA,NA,NA,NA
2762,0.194114566,0.057499636,2015,4,State,All,Age,state,99,Uttarakhand,30 to 45,NA,NA,NA,NA,NA
2763,0.137916073,0.022782868,2015,4,State,All,Age,state,99,Uttarakhand,46 to 64,NA,NA,NA,NA,NA
2764,0.145075709,0.018702345,2015,4,State,All,Age,state,99,Uttarakhand,65+,NA,NA,NA,NA,NA
2765,0,0,2015,4,State,All,Age,state,99,Uttarakhand,NA,NA,NA,NA,NA,NA
2766,0.466862172,0.17427215,2015,4,State,All,Age,state,99,West Bengal,15 to 29,NA,NA,NA,NA,NA
2767,0.298098356,0.089702681,2015,4,State,All,Age,state,99,West Bengal,30 to 45,NA,NA,NA,NA,NA
2768,0.213233247,0.045495134,2015,4,State,All,Age,state,99,West Bengal,46 to 64,NA,NA,NA,NA,NA
2769,0.188800082,0.034056213,2015,4,State,All,Age,state,99,West Bengal,65+,NA,NA,NA,NA,NA
2770,0.128059179,0.068936363,2015,4,State,All,Age,state,99,West Bengal,NA,NA,NA,NA,NA,NA
2771,0.248504132,0.066134647,2015,4,State,urban/rural,Age,statesector,0,Andaman & Nicobar Islands,15 to 29,NA,NA,NA,NA,NA
2772,0.100749172,0.020116244,2015,4,State,urban/rural,Age,statesector,0,Andaman & Nicobar Islands,30 to 45,NA,NA,NA,NA,NA
2773,0.11016231,0.012875141,2015,4,State,urban/rural,Age,statesector,0,Andaman & Nicobar Islands,46 to 64,NA,NA,NA,NA,NA
2774,0.105920486,0.006106482,2015,4,State,urban/rural,Age,statesector,0,Andaman & Nicobar Islands,65+,NA,NA,NA,NA,NA
2775,0,0,2015,4,State,urban/rural,Age,statesector,0,Andaman & Nicobar Islands,NA,NA,NA,NA,NA,NA
2776,0,0,2015,4,State,urban/rural,Age,statesector,1,Andaman & Nicobar Islands,15 to 29,NA,NA,NA,NA,NA
2777,0.022221467,0,2015,4,State,urban/rural,Age,statesector,1,Andaman & Nicobar Islands,30 to 45,NA,NA,NA,NA,NA
2778,0,0,2015,4,State,urban/rural,Age,statesector,1,Andaman & Nicobar Islands,46 to 64,NA,NA,NA,NA,NA
2779,0,0,2015,4,State,urban/rural,Age,statesector,1,Andaman & Nicobar Islands,65+,NA,NA,NA,NA,NA
2780,0.337596416,0.104563661,2015,4,State,urban/rural,Age,statesector,0,Andhra Pradesh,15 to 29,NA,NA,NA,NA,NA
2781,0.171122953,0.039336916,2015,4,State,urban/rural,Age,statesector,0,Andhra Pradesh,30 to 45,NA,NA,NA,NA,NA
2782,0.177936018,0.031345699,2015,4,State,urban/rural,Age,statesector,0,Andhra Pradesh,46 to 64,NA,NA,NA,NA,NA
2783,0.249756888,0.033074133,2015,4,State,urban/rural,Age,statesector,0,Andhra Pradesh,65+,NA,NA,NA,NA,NA
2784,0.473711312,0,2015,4,State,urban/rural,Age,statesector,0,Andhra Pradesh,NA,NA,NA,NA,NA,NA
2785,0.19092454,0.048226986,2015,4,State,urban/rural,Age,statesector,1,Andhra Pradesh,15 to 29,NA,NA,NA,NA,NA
2786,0.061867781,0.01278715,2015,4,State,urban/rural,Age,statesector,1,Andhra Pradesh,30 to 45,NA,NA,NA,NA,NA
2787,0.036553223,0.005899851,2015,4,State,urban/rural,Age,statesector,1,Andhra Pradesh,46 to 64,NA,NA,NA,NA,NA
2788,0.028150221,0.002589498,2015,4,State,urban/rural,Age,statesector,1,Andhra Pradesh,65+,NA,NA,NA,NA,NA
2789,0,0,2015,4,State,urban/rural,Age,statesector,1,Andhra Pradesh,NA,NA,NA,NA,NA,NA
2790,0.365985274,0.121391028,2015,4,State,urban/rural,Age,statesector,0,Arunachal Pradesh,15 to 29,NA,NA,NA,NA,NA
2791,0.310387105,0.116914824,2015,4,State,urban/rural,Age,statesector,0,Arunachal Pradesh,30 to 45,NA,NA,NA,NA,NA
2792,0.268400401,0.066796839,2015,4,State,urban/rural,Age,statesector,0,Arunachal Pradesh,46 to 64,NA,NA,NA,NA,NA
2793,0.281797081,0.0630925,2015,4,State,urban/rural,Age,statesector,0,Arunachal Pradesh,65+,NA,NA,NA,NA,NA
2794,0,0,2015,4,State,urban/rural,Age,statesector,0,Arunachal Pradesh,NA,NA,NA,NA,NA,NA
2795,0.082212187,0.020633344,2015,4,State,urban/rural,Age,statesector,1,Arunachal Pradesh,15 to 29,NA,NA,NA,NA,NA
2796,0.079278313,0.022373144,2015,4,State,urban/rural,Age,statesector,1,Arunachal Pradesh,30 to 45,NA,NA,NA,NA,NA
2797,0.036908381,0.003347644,2015,4,State,urban/rural,Age,statesector,1,Arunachal Pradesh,46 to 64,NA,NA,NA,NA,NA
2798,0.200837418,0,2015,4,State,urban/rural,Age,statesector,1,Arunachal Pradesh,65+,NA,NA,NA,NA,NA
2799,0,0,2015,4,State,urban/rural,Age,statesector,1,Arunachal Pradesh,NA,NA,NA,NA,NA,NA
2800,0.577647388,0.242645979,2015,4,State,urban/rural,Age,statesector,0,Assam,15 to 29,NA,NA,NA,NA,NA
2801,0.439239711,0.166861922,2015,4,State,urban/rural,Age,statesector,0,Assam,30 to 45,NA,NA,NA,NA,NA
2802,0.353554815,0.102553025,2015,4,State,urban/rural,Age,statesector,0,Assam,46 to 64,NA,NA,NA,NA,NA
2803,0.295569032,0.070378706,2015,4,State,urban/rural,Age,statesector,0,Assam,65+,NA,NA,NA,NA,NA
2804,0.216852173,0,2015,4,State,urban/rural,Age,statesector,0,Assam,NA,NA,NA,NA,NA,NA
2805,0.247402489,0.071101323,2015,4,State,urban/rural,Age,statesector,1,Assam,15 to 29,NA,NA,NA,NA,NA
2806,0.143921435,0.038524397,2015,4,State,urban/rural,Age,statesector,1,Assam,30 to 45,NA,NA,NA,NA,NA
2807,0.082805887,0.011786068,2015,4,State,urban/rural,Age,statesector,1,Assam,46 to 64,NA,NA,NA,NA,NA
2808,0.065208279,0.0110354,2015,4,State,urban/rural,Age,statesector,1,Assam,65+,NA,NA,NA,NA,NA
2809,0,0,2015,4,State,urban/rural,Age,statesector,1,Assam,NA,NA,NA,NA,NA,NA
2810,0.76982975,0.437726766,2015,4,State,urban/rural,Age,statesector,0,Bihar,15 to 29,NA,NA,NA,NA,NA
2811,0.598241031,0.286578,2015,4,State,urban/rural,Age,statesector,0,Bihar,30 to 45,NA,NA,NA,NA,NA
2812,0.524110138,0.185323566,2015,4,State,urban/rural,Age,statesector,0,Bihar,46 to 64,NA,NA,NA,NA,NA
2813,0.47156772,0.156785563,2015,4,State,urban/rural,Age,statesector,0,Bihar,65+,NA,NA,NA,NA,NA
2814,0.504195631,0.354189962,2015,4,State,urban/rural,Age,statesector,0,Bihar,NA,NA,NA,NA,NA,NA
2815,0.363508373,0.151832923,2015,4,State,urban/rural,Age,statesector,1,Bihar,15 to 29,NA,NA,NA,NA,NA
2816,0.268147588,0.117768727,2015,4,State,urban/rural,Age,statesector,1,Bihar,30 to 45,NA,NA,NA,NA,NA
2817,0.172891051,0.047901135,2015,4,State,urban/rural,Age,statesector,1,Bihar,46 to 64,NA,NA,NA,NA,NA
2818,0.175664753,0.050222583,2015,4,State,urban/rural,Age,statesector,1,Bihar,65+,NA,NA,NA,NA,NA
2819,0,0,2015,4,State,urban/rural,Age,statesector,1,Bihar,NA,NA,NA,NA,NA,NA
2820,0.5,0,2015,4,State,urban/rural,Age,statesector,0,Chandigarh,15 to 29,NA,NA,NA,NA,NA
2821,0.367346942,0.142857149,2015,4,State,urban/rural,Age,statesector,0,Chandigarh,30 to 45,NA,NA,NA,NA,NA
2822,0.057142857,0,2015,4,State,urban/rural,Age,statesector,0,Chandigarh,46 to 64,NA,NA,NA,NA,NA
2823,0,0,2015,4,State,urban/rural,Age,statesector,0,Chandigarh,65+,NA,NA,NA,NA,NA
2824,0.20489499,0.071210071,2015,4,State,urban/rural,Age,statesector,1,Chandigarh,15 to 29,NA,NA,NA,NA,NA
2825,0.045663923,0.013314473,2015,4,State,urban/rural,Age,statesector,1,Chandigarh,30 to 45,NA,NA,NA,NA,NA
2826,0.016112,0,2015,4,State,urban/rural,Age,statesector,1,Chandigarh,46 to 64,NA,NA,NA,NA,NA
2827,0,0,2015,4,State,urban/rural,Age,statesector,1,Chandigarh,65+,NA,NA,NA,NA,NA
2828,0.657549858,0.236677215,2015,4,State,urban/rural,Age,statesector,0,Chhattisgarh,15 to 29,NA,NA,NA,NA,NA
2829,0.419699937,0.125742331,2015,4,State,urban/rural,Age,statesector,0,Chhattisgarh,30 to 45,NA,NA,NA,NA,NA
2830,0.429479033,0.083582371,2015,4,State,urban/rural,Age,statesector,0,Chhattisgarh,46 to 64,NA,NA,NA,NA,NA
2831,0.407399356,0.066445462,2015,4,State,urban/rural,Age,statesector,0,Chhattisgarh,65+,NA,NA,NA,NA,NA
2832,0,0,2015,4,State,urban/rural,Age,statesector,0,Chhattisgarh,NA,NA,NA,NA,NA,NA
2833,0.242563412,0.067521252,2015,4,State,urban/rural,Age,statesector,1,Chhattisgarh,15 to 29,NA,NA,NA,NA,NA
2834,0.135230139,0.030478209,2015,4,State,urban/rural,Age,statesector,1,Chhattisgarh,30 to 45,NA,NA,NA,NA,NA
2835,0.085113131,0.010868679,2015,4,State,urban/rural,Age,statesector,1,Chhattisgarh,46 to 64,NA,NA,NA,NA,NA
2836,0.100582965,0.010216372,2015,4,State,urban/rural,Age,statesector,1,Chhattisgarh,65+,NA,NA,NA,NA,NA
2837,0.566997528,0.112423711,2015,4,State,urban/rural,Age,statesector,0,Dadra & Nagar Haveli and Daman & Diu,15 to 29,NA,NA,NA,NA,NA
2838,0.427925169,0.101969577,2015,4,State,urban/rural,Age,statesector,0,Dadra & Nagar Haveli and Daman & Diu,30 to 45,NA,NA,NA,NA,NA
2839,0.455475777,0.13700524,2015,4,State,urban/rural,Age,statesector,0,Dadra & Nagar Haveli and Daman & Diu,46 to 64,NA,NA,NA,NA,NA
2840,0.497996837,0.182125956,2015,4,State,urban/rural,Age,statesector,0,Dadra & Nagar Haveli and Daman & Diu,65+,NA,NA,NA,NA,NA
2841,0.034445673,0,2015,4,State,urban/rural,Age,statesector,1,Dadra & Nagar Haveli and Daman & Diu,15 to 29,NA,NA,NA,NA,NA
2842,0.081300944,0.024896471,2015,4,State,urban/rural,Age,statesector,1,Dadra & Nagar Haveli and Daman & Diu,30 to 45,NA,NA,NA,NA,NA
2843,0.030838609,0.001022649,2015,4,State,urban/rural,Age,statesector,1,Dadra & Nagar Haveli and Daman & Diu,46 to 64,NA,NA,NA,NA,NA
2844,0.076527551,0,2015,4,State,urban/rural,Age,statesector,1,Dadra & Nagar Haveli and Daman & Diu,65+,NA,NA,NA,NA,NA
2845,0.747664273,0,2015,4,State,urban/rural,Age,statesector,0,Delhi,15 to 29,NA,NA,NA,NA,NA
2846,0,0,2015,4,State,urban/rural,Age,statesector,0,Delhi,30 to 45,NA,NA,NA,NA,NA
2847,0.00716357,0,2015,4,State,urban/rural,Age,statesector,0,Delhi,46 to 64,NA,NA,NA,NA,NA
2848,0.008198945,0,2015,4,State,urban/rural,Age,statesector,0,Delhi,65+,NA,NA,NA,NA,NA
2849,0.115072906,0.041287601,2015,4,State,urban/rural,Age,statesector,1,Delhi,15 to 29,NA,NA,NA,NA,NA
2850,0.055582974,0.015130122,2015,4,State,urban/rural,Age,statesector,1,Delhi,30 to 45,NA,NA,NA,NA,NA
2851,0.027813412,0.001615015,2015,4,State,urban/rural,Age,statesector,1,Delhi,46 to 64,NA,NA,NA,NA,NA
2852,0.007688187,0,2015,4,State,urban/rural,Age,statesector,1,Delhi,65+,NA,NA,NA,NA,NA
2853,0,0,2015,4,State,urban/rural,Age,statesector,1,Delhi,NA,NA,NA,NA,NA,NA
2854,0.033902977,0,2015,4,State,urban/rural,Age,statesector,0,Goa,15 to 29,NA,NA,NA,NA,NA
2855,0.093080491,0.017408777,2015,4,State,urban/rural,Age,statesector,0,Goa,30 to 45,NA,NA,NA,NA,NA
2856,0.087199338,0,2015,4,State,urban/rural,Age,statesector,0,Goa,46 to 64,NA,NA,NA,NA,NA
2857,0.052660827,0.002824778,2015,4,State,urban/rural,Age,statesector,0,Goa,65+,NA,NA,NA,NA,NA
2858,0.216347039,0.031288993,2015,4,State,urban/rural,Age,statesector,1,Goa,15 to 29,NA,NA,NA,NA,NA
2859,0.040516052,0.007167017,2015,4,State,urban/rural,Age,statesector,1,Goa,30 to 45,NA,NA,NA,NA,NA
2860,0.025876893,0,2015,4,State,urban/rural,Age,statesector,1,Goa,46 to 64,NA,NA,NA,NA,NA
2861,0.033076756,0,2015,4,State,urban/rural,Age,statesector,1,Goa,65+,NA,NA,NA,NA,NA
2862,0.534734547,0.148730054,2015,4,State,urban/rural,Age,statesector,0,Gujarat,15 to 29,NA,NA,NA,NA,NA
2863,0.353040785,0.106372498,2015,4,State,urban/rural,Age,statesector,0,Gujarat,30 to 45,NA,NA,NA,NA,NA
2864,0.297941804,0.066395767,2015,4,State,urban/rural,Age,statesector,0,Gujarat,46 to 64,NA,NA,NA,NA,NA
2865,0.269099295,0.052382361,2015,4,State,urban/rural,Age,statesector,0,Gujarat,65+,NA,NA,NA,NA,NA
2866,0.747557223,0.179674029,2015,4,State,urban/rural,Age,statesector,0,Gujarat,NA,NA,NA,NA,NA,NA
2867,0.160027653,0.039787479,2015,4,State,urban/rural,Age,statesector,1,Gujarat,15 to 29,NA,NA,NA,NA,NA
2868,0.084338553,0.022986693,2015,4,State,urban/rural,Age,statesector,1,Gujarat,30 to 45,NA,NA,NA,NA,NA
2869,0.054305427,0.009574153,2015,4,State,urban/rural,Age,statesector,1,Gujarat,46 to 64,NA,NA,NA,NA,NA
2870,0.041431002,0.009764055,2015,4,State,urban/rural,Age,statesector,1,Gujarat,65+,NA,NA,NA,NA,NA
2871,0,0,2015,4,State,urban/rural,Age,statesector,1,Gujarat,NA,NA,NA,NA,NA,NA
2872,0.22306329,0.066416942,2015,4,State,urban/rural,Age,statesector,0,Haryana,15 to 29,NA,NA,NA,NA,NA
2873,0.158918709,0.049129799,2015,4,State,urban/rural,Age,statesector,0,Haryana,30 to 45,NA,NA,NA,NA,NA
2874,0.104513697,0.020474399,2015,4,State,urban/rural,Age,statesector,0,Haryana,46 to 64,NA,NA,NA,NA,NA
2875,0.102626413,0.014735066,2015,4,State,urban/rural,Age,statesector,0,Haryana,65+,NA,NA,NA,NA,NA
2876,0.392401844,0,2015,4,State,urban/rural,Age,statesector,0,Haryana,NA,NA,NA,NA,NA,NA
2877,0.199300945,0.051915627,2015,4,State,urban/rural,Age,statesector,1,Haryana,15 to 29,NA,NA,NA,NA,NA
2878,0.077164948,0.018913673,2015,4,State,urban/rural,Age,statesector,1,Haryana,30 to 45,NA,NA,NA,NA,NA
2879,0.048059814,0.00865859,2015,4,State,urban/rural,Age,statesector,1,Haryana,46 to 64,NA,NA,NA,NA,NA
2880,0.032396674,0.002351609,2015,4,State,urban/rural,Age,statesector,1,Haryana,65+,NA,NA,NA,NA,NA
2881,0,0,2015,4,State,urban/rural,Age,statesector,1,Haryana,NA,NA,NA,NA,NA,NA
2882,0.186591446,0.030086756,2015,4,State,urban/rural,Age,statesector,0,Himachal Pradesh,15 to 29,NA,NA,NA,NA,NA
2883,0.098786503,0.007227798,2015,4,State,urban/rural,Age,statesector,0,Himachal Pradesh,30 to 45,NA,NA,NA,NA,NA
2884,0.088218793,0.00572303,2015,4,State,urban/rural,Age,statesector,0,Himachal Pradesh,46 to 64,NA,NA,NA,NA,NA
2885,0.070265204,0.003039391,2015,4,State,urban/rural,Age,statesector,0,Himachal Pradesh,65+,NA,NA,NA,NA,NA
2886,0.165621489,0,2015,4,State,urban/rural,Age,statesector,0,Himachal Pradesh,NA,NA,NA,NA,NA,NA
2887,0.040466893,0.023703231,2015,4,State,urban/rural,Age,statesector,1,Himachal Pradesh,15 to 29,NA,NA,NA,NA,NA
2888,0.036393791,0.009506105,2015,4,State,urban/rural,Age,statesector,1,Himachal Pradesh,30 to 45,NA,NA,NA,NA,NA
2889,0.01857237,0,2015,4,State,urban/rural,Age,statesector,1,Himachal Pradesh,46 to 64,NA,NA,NA,NA,NA
2890,0.001034936,0,2015,4,State,urban/rural,Age,statesector,1,Himachal Pradesh,65+,NA,NA,NA,NA,NA
2891,0.331816643,0.081824921,2015,4,State,urban/rural,Age,statesector,0,Jammu & Kashmir,15 to 29,NA,NA,NA,NA,NA
2892,0.229787976,0.057356089,2015,4,State,urban/rural,Age,statesector,0,Jammu & Kashmir,30 to 45,NA,NA,NA,NA,NA
2893,0.151879758,0.029278873,2015,4,State,urban/rural,Age,statesector,0,Jammu & Kashmir,46 to 64,NA,NA,NA,NA,NA
2894,0.172433808,0.027108686,2015,4,State,urban/rural,Age,statesector,0,Jammu & Kashmir,65+,NA,NA,NA,NA,NA
2895,0,0,2015,4,State,urban/rural,Age,statesector,0,Jammu & Kashmir,NA,NA,NA,NA,NA,NA
2896,0.142370373,0.015791804,2015,4,State,urban/rural,Age,statesector,1,Jammu & Kashmir,15 to 29,NA,NA,NA,NA,NA
2897,0.062229883,0.010071363,2015,4,State,urban/rural,Age,statesector,1,Jammu & Kashmir,30 to 45,NA,NA,NA,NA,NA
2898,0.021291595,0.006970297,2015,4,State,urban/rural,Age,statesector,1,Jammu & Kashmir,46 to 64,NA,NA,NA,NA,NA
2899,0.051354159,0.014621032,2015,4,State,urban/rural,Age,statesector,1,Jammu & Kashmir,65+,NA,NA,NA,NA,NA
2900,0,0,2015,4,State,urban/rural,Age,statesector,1,Jammu & Kashmir,NA,NA,NA,NA,NA,NA
2901,0.736004412,0.316345125,2015,4,State,urban/rural,Age,statesector,0,Jharkhand,15 to 29,NA,NA,NA,NA,NA
2902,0.572158396,0.22607471,2015,4,State,urban/rural,Age,statesector,0,Jharkhand,30 to 45,NA,NA,NA,NA,NA
2903,0.510418057,0.134994999,2015,4,State,urban/rural,Age,statesector,0,Jharkhand,46 to 64,NA,NA,NA,NA,NA
2904,0.537573099,0.152028963,2015,4,State,urban/rural,Age,statesector,0,Jharkhand,65+,NA,NA,NA,NA,NA
2905,0.539090276,0,2015,4,State,urban/rural,Age,statesector,0,Jharkhand,NA,NA,NA,NA,NA,NA
2906,0.362812012,0.108529605,2015,4,State,urban/rural,Age,statesector,1,Jharkhand,15 to 29,NA,NA,NA,NA,NA
2907,0.197025046,0.046924464,2015,4,State,urban/rural,Age,statesector,1,Jharkhand,30 to 45,NA,NA,NA,NA,NA
2908,0.135452524,0.023436766,2015,4,State,urban/rural,Age,statesector,1,Jharkhand,46 to 64,NA,NA,NA,NA,NA
2909,0.107664764,0.016670605,2015,4,State,urban/rural,Age,statesector,1,Jharkhand,65+,NA,NA,NA,NA,NA
2910,0,0,2015,4,State,urban/rural,Age,statesector,1,Jharkhand,NA,NA,NA,NA,NA,NA
2911,0.391422302,0.095664889,2015,4,State,urban/rural,Age,statesector,0,Karnataka,15 to 29,NA,NA,NA,NA,NA
2912,0.276411086,0.066082515,2015,4,State,urban/rural,Age,statesector,0,Karnataka,30 to 45,NA,NA,NA,NA,NA
2913,0.219273627,0.03856118,2015,4,State,urban/rural,Age,statesector,0,Karnataka,46 to 64,NA,NA,NA,NA,NA
2914,0.253050476,0.034647882,2015,4,State,urban/rural,Age,statesector,0,Karnataka,65+,NA,NA,NA,NA,NA
2915,0.367475539,0,2015,4,State,urban/rural,Age,statesector,0,Karnataka,NA,NA,NA,NA,NA,NA
2916,0.128980294,0.0145212,2015,4,State,urban/rural,Age,statesector,1,Karnataka,15 to 29,NA,NA,NA,NA,NA
2917,0.067548424,0.013169036,2015,4,State,urban/rural,Age,statesector,1,Karnataka,30 to 45,NA,NA,NA,NA,NA
2918,0.046217829,0.005515086,2015,4,State,urban/rural,Age,statesector,1,Karnataka,46 to 64,NA,NA,NA,NA,NA
2919,0.07517802,0.006838261,2015,4,State,urban/rural,Age,statesector,1,Karnataka,65+,NA,NA,NA,NA,NA
2920,0,0,2015,4,State,urban/rural,Age,statesector,1,Karnataka,NA,NA,NA,NA,NA,NA
2921,0.015875073,0,2015,4,State,urban/rural,Age,statesector,0,Kerala,15 to 29,NA,NA,NA,NA,NA
2922,0.019255972,0.001940471,2015,4,State,urban/rural,Age,statesector,0,Kerala,30 to 45,NA,NA,NA,NA,NA
2923,0.012554656,0.001639963,2015,4,State,urban/rural,Age,statesector,0,Kerala,46 to 64,NA,NA,NA,NA,NA
2924,0.013223068,0,2015,4,State,urban/rural,Age,statesector,0,Kerala,65+,NA,NA,NA,NA,NA
2925,0.038382825,0,2015,4,State,urban/rural,Age,statesector,0,Kerala,NA,NA,NA,NA,NA,NA
2926,0.015188452,0,2015,4,State,urban/rural,Age,statesector,1,Kerala,15 to 29,NA,NA,NA,NA,NA
2927,0.005046408,0,2015,4,State,urban/rural,Age,statesector,1,Kerala,30 to 45,NA,NA,NA,NA,NA
2928,0.007293783,0,2015,4,State,urban/rural,Age,statesector,1,Kerala,46 to 64,NA,NA,NA,NA,NA
2929,0.006279666,0,2015,4,State,urban/rural,Age,statesector,1,Kerala,65+,NA,NA,NA,NA,NA
2930,0,0,2015,4,State,urban/rural,Age,statesector,1,Kerala,NA,NA,NA,NA,NA,NA
2931,0,0,2015,4,State,urban/rural,Age,statesector,0,Lakshadweep,15 to 29,NA,NA,NA,NA,NA
2932,0,0,2015,4,State,urban/rural,Age,statesector,0,Lakshadweep,30 to 45,NA,NA,NA,NA,NA
2933,0.018093158,0,2015,4,State,urban/rural,Age,statesector,0,Lakshadweep,46 to 64,NA,NA,NA,NA,NA
2934,0.031678524,0,2015,4,State,urban/rural,Age,statesector,0,Lakshadweep,65+,NA,NA,NA,NA,NA
2935,0,0,2015,4,State,urban/rural,Age,statesector,1,Lakshadweep,15 to 29,NA,NA,NA,NA,NA
2936,0.014512844,0,2015,4,State,urban/rural,Age,statesector,1,Lakshadweep,30 to 45,NA,NA,NA,NA,NA
2937,0.023696342,0,2015,4,State,urban/rural,Age,statesector,1,Lakshadweep,46 to 64,NA,NA,NA,NA,NA
2938,0.00951103,0,2015,4,State,urban/rural,Age,statesector,1,Lakshadweep,65+,NA,NA,NA,NA,NA
2939,0.701245308,0.284163535,2015,4,State,urban/rural,Age,statesector,0,Madhya Pradesh,15 to 29,NA,NA,NA,NA,NA
2940,0.515843332,0.191540018,2015,4,State,urban/rural,Age,statesector,0,Madhya Pradesh,30 to 45,NA,NA,NA,NA,NA
2941,0.481136203,0.126888379,2015,4,State,urban/rural,Age,statesector,0,Madhya Pradesh,46 to 64,NA,NA,NA,NA,NA
2942,0.491846025,0.116358958,2015,4,State,urban/rural,Age,statesector,0,Madhya Pradesh,65+,NA,NA,NA,NA,NA
2943,0.255816579,0.082915679,2015,4,State,urban/rural,Age,statesector,0,Madhya Pradesh,NA,NA,NA,NA,NA,NA
2944,0.265542388,0.062640153,2015,4,State,urban/rural,Age,statesector,1,Madhya Pradesh,15 to 29,NA,NA,NA,NA,NA
2945,0.165093467,0.046385538,2015,4,State,urban/rural,Age,statesector,1,Madhya Pradesh,30 to 45,NA,NA,NA,NA,NA
2946,0.114945352,0.027465513,2015,4,State,urban/rural,Age,statesector,1,Madhya Pradesh,46 to 64,NA,NA,NA,NA,NA
2947,0.098618768,0.021117618,2015,4,State,urban/rural,Age,statesector,1,Madhya Pradesh,65+,NA,NA,NA,NA,NA
2948,0.760680914,0,2015,4,State,urban/rural,Age,statesector,1,Madhya Pradesh,NA,NA,NA,NA,NA,NA
2949,0.421267718,0.126677558,2015,4,State,urban/rural,Age,statesector,0,Maharashtra,15 to 29,NA,NA,NA,NA,NA
2950,0.266866654,0.064679638,2015,4,State,urban/rural,Age,statesector,0,Maharashtra,30 to 45,NA,NA,NA,NA,NA
2951,0.248907208,0.048935875,2015,4,State,urban/rural,Age,statesector,0,Maharashtra,46 to 64,NA,NA,NA,NA,NA
2952,0.292388588,0.045695156,2015,4,State,urban/rural,Age,statesector,0,Maharashtra,65+,NA,NA,NA,NA,NA
2953,0.218083054,0,2015,4,State,urban/rural,Age,statesector,0,Maharashtra,NA,NA,NA,NA,NA,NA
2954,0.136323199,0.023169896,2015,4,State,urban/rural,Age,statesector,1,Maharashtra,15 to 29,NA,NA,NA,NA,NA
2955,0.055610251,0.007045893,2015,4,State,urban/rural,Age,statesector,1,Maharashtra,30 to 45,NA,NA,NA,NA,NA
2956,0.039021127,0.005266361,2015,4,State,urban/rural,Age,statesector,1,Maharashtra,46 to 64,NA,NA,NA,NA,NA
2957,0.069832548,0.016667601,2015,4,State,urban/rural,Age,statesector,1,Maharashtra,65+,NA,NA,NA,NA,NA
2958,0.152851358,0.152851358,2015,4,State,urban/rural,Age,statesector,1,Maharashtra,NA,NA,NA,NA,NA,NA
2959,0.41018036,0.077223115,2015,4,State,urban/rural,Age,statesector,0,Manipur,15 to 29,NA,NA,NA,NA,NA
2960,0.321370184,0.072755158,2015,4,State,urban/rural,Age,statesector,0,Manipur,30 to 45,NA,NA,NA,NA,NA
2961,0.218587682,0.031788543,2015,4,State,urban/rural,Age,statesector,0,Manipur,46 to 64,NA,NA,NA,NA,NA
2962,0.18543224,0.023896482,2015,4,State,urban/rural,Age,statesector,0,Manipur,65+,NA,NA,NA,NA,NA
2963,0.325982779,0,2015,4,State,urban/rural,Age,statesector,0,Manipur,NA,NA,NA,NA,NA,NA
2964,0.294097751,0.056636117,2015,4,State,urban/rural,Age,statesector,1,Manipur,15 to 29,NA,NA,NA,NA,NA
2965,0.168843359,0.025281264,2015,4,State,urban/rural,Age,statesector,1,Manipur,30 to 45,NA,NA,NA,NA,NA
2966,0.111854322,0.009753863,2015,4,State,urban/rural,Age,statesector,1,Manipur,46 to 64,NA,NA,NA,NA,NA
2967,0.114719391,0.005523928,2015,4,State,urban/rural,Age,statesector,1,Manipur,65+,NA,NA,NA,NA,NA
2968,0.177277803,0,2015,4,State,urban/rural,Age,statesector,1,Manipur,NA,NA,NA,NA,NA,NA
2969,0.581831574,0.24937588,2015,4,State,urban/rural,Age,statesector,0,Meghalaya,15 to 29,NA,NA,NA,NA,NA
2970,0.447000504,0.171170548,2015,4,State,urban/rural,Age,statesector,0,Meghalaya,30 to 45,NA,NA,NA,NA,NA
2971,0.290907472,0.087684996,2015,4,State,urban/rural,Age,statesector,0,Meghalaya,46 to 64,NA,NA,NA,NA,NA
2972,0.315101892,0.085548557,2015,4,State,urban/rural,Age,statesector,0,Meghalaya,65+,NA,NA,NA,NA,NA
2973,0.287876725,0,2015,4,State,urban/rural,Age,statesector,0,Meghalaya,NA,NA,NA,NA,NA,NA
2974,0.141479567,0.013120331,2015,4,State,urban/rural,Age,statesector,1,Meghalaya,15 to 29,NA,NA,NA,NA,NA
2975,0.136867151,0.022324953,2015,4,State,urban/rural,Age,statesector,1,Meghalaya,30 to 45,NA,NA,NA,NA,NA
2976,0.067318514,0.007353728,2015,4,State,urban/rural,Age,statesector,1,Meghalaya,46 to 64,NA,NA,NA,NA,NA
2977,0.041514192,0,2015,4,State,urban/rural,Age,statesector,1,Meghalaya,65+,NA,NA,NA,NA,NA
2978,0.44728598,0.190087259,2015,4,State,urban/rural,Age,statesector,0,Mizoram,15 to 29,NA,NA,NA,NA,NA
2979,0.273288101,0.107896209,2015,4,State,urban/rural,Age,statesector,0,Mizoram,30 to 45,NA,NA,NA,NA,NA
2980,0.13779968,0.046312951,2015,4,State,urban/rural,Age,statesector,0,Mizoram,46 to 64,NA,NA,NA,NA,NA
2981,0.114530221,0.029409809,2015,4,State,urban/rural,Age,statesector,0,Mizoram,65+,NA,NA,NA,NA,NA
2982,0,0,2015,4,State,urban/rural,Age,statesector,0,Mizoram,NA,NA,NA,NA,NA,NA
2983,0.069511853,0.009740062,2015,4,State,urban/rural,Age,statesector,1,Mizoram,15 to 29,NA,NA,NA,NA,NA
2984,0.019314136,0.004166077,2015,4,State,urban/rural,Age,statesector,1,Mizoram,30 to 45,NA,NA,NA,NA,NA
2985,0.010529879,0.000833768,2015,4,State,urban/rural,Age,statesector,1,Mizoram,46 to 64,NA,NA,NA,NA,NA
2986,0.006718352,0,2015,4,State,urban/rural,Age,statesector,1,Mizoram,65+,NA,NA,NA,NA,NA
2987,0,0,2015,4,State,urban/rural,Age,statesector,1,Mizoram,NA,NA,NA,NA,NA,NA
2988,0.427458644,0.107816748,2015,4,State,urban/rural,Age,statesector,0,Nagaland,15 to 29,NA,NA,NA,NA,NA
2989,0.349763274,0.12011297,2015,4,State,urban/rural,Age,statesector,0,Nagaland,30 to 45,NA,NA,NA,NA,NA
2990,0.254338235,0.061547238,2015,4,State,urban/rural,Age,statesector,0,Nagaland,46 to 64,NA,NA,NA,NA,NA
2991,0.277164757,0.044532891,2015,4,State,urban/rural,Age,statesector,0,Nagaland,65+,NA,NA,NA,NA,NA
2992,0.11523819,0,2015,4,State,urban/rural,Age,statesector,0,Nagaland,NA,NA,NA,NA,NA,NA
2993,0.198262274,0.035983693,2015,4,State,urban/rural,Age,statesector,1,Nagaland,15 to 29,NA,NA,NA,NA,NA
2994,0.117646426,0.022037381,2015,4,State,urban/rural,Age,statesector,1,Nagaland,30 to 45,NA,NA,NA,NA,NA
2995,0.077991016,0.018690981,2015,4,State,urban/rural,Age,statesector,1,Nagaland,46 to 64,NA,NA,NA,NA,NA
2996,0.084629431,0.025155589,2015,4,State,urban/rural,Age,statesector,1,Nagaland,65+,NA,NA,NA,NA,NA
2997,0.487612635,0,2015,4,State,urban/rural,Age,statesector,1,Nagaland,NA,NA,NA,NA,NA,NA
2998,0.604387224,0.239794657,2015,4,State,urban/rural,Age,statesector,0,Odisha,15 to 29,NA,NA,NA,NA,NA
2999,0.443969011,0.15849191,2015,4,State,urban/rural,Age,statesector,0,Odisha,30 to 45,NA,NA,NA,NA,NA
3000,0.347462744,0.081491724,2015,4,State,urban/rural,Age,statesector,0,Odisha,46 to 64,NA,NA,NA,NA,NA
3001,0.340572387,0.06010662,2015,4,State,urban/rural,Age,statesector,0,Odisha,65+,NA,NA,NA,NA,NA
3002,0.73266536,0.647353232,2015,4,State,urban/rural,Age,statesector,0,Odisha,NA,NA,NA,NA,NA,NA
3003,0.382209688,0.125380471,2015,4,State,urban/rural,Age,statesector,1,Odisha,15 to 29,NA,NA,NA,NA,NA
3004,0.174462736,0.058398407,2015,4,State,urban/rural,Age,statesector,1,Odisha,30 to 45,NA,NA,NA,NA,NA
3005,0.104330696,0.025843933,2015,4,State,urban/rural,Age,statesector,1,Odisha,46 to 64,NA,NA,NA,NA,NA
3006,0.079453297,0.019325534,2015,4,State,urban/rural,Age,statesector,1,Odisha,65+,NA,NA,NA,NA,NA
3007,0,0,2015,4,State,urban/rural,Age,statesector,1,Odisha,NA,NA,NA,NA,NA,NA
3008,0.277436018,0.149246052,2015,4,State,urban/rural,Age,statesector,0,Puducherry,15 to 29,NA,NA,NA,NA,NA
3009,0.070579119,0,2015,4,State,urban/rural,Age,statesector,0,Puducherry,30 to 45,NA,NA,NA,NA,NA
3010,0.051683493,0,2015,4,State,urban/rural,Age,statesector,0,Puducherry,46 to 64,NA,NA,NA,NA,NA
3011,0.084760651,0,2015,4,State,urban/rural,Age,statesector,0,Puducherry,65+,NA,NA,NA,NA,NA
3012,0.010448811,0.003903896,2015,4,State,urban/rural,Age,statesector,1,Puducherry,15 to 29,NA,NA,NA,NA,NA
3013,0.024991738,0.006987803,2015,4,State,urban/rural,Age,statesector,1,Puducherry,30 to 45,NA,NA,NA,NA,NA
3014,0.011923444,0,2015,4,State,urban/rural,Age,statesector,1,Puducherry,46 to 64,NA,NA,NA,NA,NA
3015,0.016594825,0,2015,4,State,urban/rural,Age,statesector,1,Puducherry,65+,NA,NA,NA,NA,NA
3016,0.214677721,0.045994371,2015,4,State,urban/rural,Age,statesector,0,Punjab,15 to 29,NA,NA,NA,NA,NA
3017,0.090939365,0.020279149,2015,4,State,urban/rural,Age,statesector,0,Punjab,30 to 45,NA,NA,NA,NA,NA
3018,0.055113818,0.013565405,2015,4,State,urban/rural,Age,statesector,0,Punjab,46 to 64,NA,NA,NA,NA,NA
3019,0.060240518,0.005758049,2015,4,State,urban/rural,Age,statesector,0,Punjab,65+,NA,NA,NA,NA,NA
3020,0.143492445,0.033641495,2015,4,State,urban/rural,Age,statesector,1,Punjab,15 to 29,NA,NA,NA,NA,NA
3021,0.065681785,0.02199387,2015,4,State,urban/rural,Age,statesector,1,Punjab,30 to 45,NA,NA,NA,NA,NA
3022,0.024666585,0.008798072,2015,4,State,urban/rural,Age,statesector,1,Punjab,46 to 64,NA,NA,NA,NA,NA
3023,0.014844703,0.001898743,2015,4,State,urban/rural,Age,statesector,1,Punjab,65+,NA,NA,NA,NA,NA
3024,0,0,2015,4,State,urban/rural,Age,statesector,1,Punjab,NA,NA,NA,NA,NA,NA
3025,0.530926228,0.208842769,2015,4,State,urban/rural,Age,statesector,0,Rajasthan,15 to 29,NA,NA,NA,NA,NA
3026,0.413876414,0.177334607,2015,4,State,urban/rural,Age,statesector,0,Rajasthan,30 to 45,NA,NA,NA,NA,NA
3027,0.340476274,0.098807201,2015,4,State,urban/rural,Age,statesector,0,Rajasthan,46 to 64,NA,NA,NA,NA,NA
3028,0.344205707,0.096672356,2015,4,State,urban/rural,Age,statesector,0,Rajasthan,65+,NA,NA,NA,NA,NA
3029,0.349665672,0,2015,4,State,urban/rural,Age,statesector,0,Rajasthan,NA,NA,NA,NA,NA,NA
3030,0.211757988,0.065206662,2015,4,State,urban/rural,Age,statesector,1,Rajasthan,15 to 29,NA,NA,NA,NA,NA
3031,0.15101397,0.050663434,2015,4,State,urban/rural,Age,statesector,1,Rajasthan,30 to 45,NA,NA,NA,NA,NA
3032,0.071677074,0.015521808,2015,4,State,urban/rural,Age,statesector,1,Rajasthan,46 to 64,NA,NA,NA,NA,NA
3033,0.087551758,0.017061509,2015,4,State,urban/rural,Age,statesector,1,Rajasthan,65+,NA,NA,NA,NA,NA
3034,0,0,2015,4,State,urban/rural,Age,statesector,1,Rajasthan,NA,NA,NA,NA,NA,NA
3035,0.151227579,0.038326915,2015,4,State,urban/rural,Age,statesector,0,Sikkim,15 to 29,NA,NA,NA,NA,NA
3036,0.06265562,0.005747954,2015,4,State,urban/rural,Age,statesector,0,Sikkim,30 to 45,NA,NA,NA,NA,NA
3037,0.032125473,0.003542567,2015,4,State,urban/rural,Age,statesector,0,Sikkim,46 to 64,NA,NA,NA,NA,NA
3038,0.066596895,0.005608253,2015,4,State,urban/rural,Age,statesector,0,Sikkim,65+,NA,NA,NA,NA,NA
3039,0,0,2015,4,State,urban/rural,Age,statesector,0,Sikkim,NA,NA,NA,NA,NA,NA
3040,0.029327743,0,2015,4,State,urban/rural,Age,statesector,1,Sikkim,15 to 29,NA,NA,NA,NA,NA
3041,0.034217663,0.002818044,2015,4,State,urban/rural,Age,statesector,1,Sikkim,30 to 45,NA,NA,NA,NA,NA
3042,0.027763346,0,2015,4,State,urban/rural,Age,statesector,1,Sikkim,46 to 64,NA,NA,NA,NA,NA
3043,0.039166134,0,2015,4,State,urban/rural,Age,statesector,1,Sikkim,65+,NA,NA,NA,NA,NA
3044,0.189622074,0.027593737,2015,4,State,urban/rural,Age,statesector,0,Tamil Nadu,15 to 29,NA,NA,NA,NA,NA
3045,0.105061658,0.011872787,2015,4,State,urban/rural,Age,statesector,0,Tamil Nadu,30 to 45,NA,NA,NA,NA,NA
3046,0.102763556,0.005330406,2015,4,State,urban/rural,Age,statesector,0,Tamil Nadu,46 to 64,NA,NA,NA,NA,NA
3047,0.15618965,0.005079017,2015,4,State,urban/rural,Age,statesector,0,Tamil Nadu,65+,NA,NA,NA,NA,NA
3048,0.094741575,0,2015,4,State,urban/rural,Age,statesector,0,Tamil Nadu,NA,NA,NA,NA,NA,NA
3049,0.059905984,0.010675853,2015,4,State,urban/rural,Age,statesector,1,Tamil Nadu,15 to 29,NA,NA,NA,NA,NA
3050,0.030388253,0.002420841,2015,4,State,urban/rural,Age,statesector,1,Tamil Nadu,30 to 45,NA,NA,NA,NA,NA
3051,0.02349879,0.001241386,2015,4,State,urban/rural,Age,statesector,1,Tamil Nadu,46 to 64,NA,NA,NA,NA,NA
3052,0.043617502,0.001790554,2015,4,State,urban/rural,Age,statesector,1,Tamil Nadu,65+,NA,NA,NA,NA,NA
3053,0,0,2015,4,State,urban/rural,Age,statesector,1,Tamil Nadu,NA,NA,NA,NA,NA,NA
3054,0.344510347,0.101846352,2015,4,State,urban/rural,Age,statesector,0,Telangana,15 to 29,NA,NA,NA,NA,NA
3055,0.242640942,0.06331902,2015,4,State,urban/rural,Age,statesector,0,Telangana,30 to 45,NA,NA,NA,NA,NA
3056,0.223272026,0.034953866,2015,4,State,urban/rural,Age,statesector,0,Telangana,46 to 64,NA,NA,NA,NA,NA
3057,0.353061646,0.033796426,2015,4,State,urban/rural,Age,statesector,0,Telangana,65+,NA,NA,NA,NA,NA
3058,0.805819571,0.656700552,2015,4,State,urban/rural,Age,statesector,0,Telangana,NA,NA,NA,NA,NA,NA
3059,0.138536766,0.032732517,2015,4,State,urban/rural,Age,statesector,1,Telangana,15 to 29,NA,NA,NA,NA,NA
3060,0.061138127,0.012197806,2015,4,State,urban/rural,Age,statesector,1,Telangana,30 to 45,NA,NA,NA,NA,NA
3061,0.029245161,0.005825173,2015,4,State,urban/rural,Age,statesector,1,Telangana,46 to 64,NA,NA,NA,NA,NA
3062,0.067153849,0.002532736,2015,4,State,urban/rural,Age,statesector,1,Telangana,65+,NA,NA,NA,NA,NA
3063,0.43707186,0.151321068,2015,4,State,urban/rural,Age,statesector,0,Tripura,15 to 29,NA,NA,NA,NA,NA
3064,0.252481997,0.083383374,2015,4,State,urban/rural,Age,statesector,0,Tripura,30 to 45,NA,NA,NA,NA,NA
3065,0.199664608,0.041355837,2015,4,State,urban/rural,Age,statesector,0,Tripura,46 to 64,NA,NA,NA,NA,NA
3066,0.273234695,0.051815148,2015,4,State,urban/rural,Age,statesector,0,Tripura,65+,NA,NA,NA,NA,NA
3067,0.206479698,0.045762848,2015,4,State,urban/rural,Age,statesector,1,Tripura,15 to 29,NA,NA,NA,NA,NA
3068,0.107604548,0.018844537,2015,4,State,urban/rural,Age,statesector,1,Tripura,30 to 45,NA,NA,NA,NA,NA
3069,0.061172534,0.005648287,2015,4,State,urban/rural,Age,statesector,1,Tripura,46 to 64,NA,NA,NA,NA,NA
3070,0.053684909,0,2015,4,State,urban/rural,Age,statesector,1,Tripura,65+,NA,NA,NA,NA,NA
3071,0,0,2015,4,State,urban/rural,Age,statesector,1,Tripura,NA,NA,NA,NA,NA,NA
3072,0.655136049,0.260940462,2015,4,State,urban/rural,Age,statesector,0,Uttar Pradesh,15 to 29,NA,NA,NA,NA,NA
3073,0.528433919,0.225420862,2015,4,State,urban/rural,Age,statesector,0,Uttar Pradesh,30 to 45,NA,NA,NA,NA,NA
3074,0.423897594,0.111503534,2015,4,State,urban/rural,Age,statesector,0,Uttar Pradesh,46 to 64,NA,NA,NA,NA,NA
3075,0.441124469,0.104897104,2015,4,State,urban/rural,Age,statesector,0,Uttar Pradesh,65+,NA,NA,NA,NA,NA
3076,0.560997009,0.40670526,2015,4,State,urban/rural,Age,statesector,0,Uttar Pradesh,NA,NA,NA,NA,NA,NA
3077,0.271294832,0.088808678,2015,4,State,urban/rural,Age,statesector,1,Uttar Pradesh,15 to 29,NA,NA,NA,NA,NA
3078,0.219470367,0.093717001,2015,4,State,urban/rural,Age,statesector,1,Uttar Pradesh,30 to 45,NA,NA,NA,NA,NA
3079,0.141383067,0.044714119,2015,4,State,urban/rural,Age,statesector,1,Uttar Pradesh,46 to 64,NA,NA,NA,NA,NA
3080,0.139389187,0.029170237,2015,4,State,urban/rural,Age,statesector,1,Uttar Pradesh,65+,NA,NA,NA,NA,NA
3081,0,0,2015,4,State,urban/rural,Age,statesector,1,Uttar Pradesh,NA,NA,NA,NA,NA,NA
3082,0.411455095,0.111342631,2015,4,State,urban/rural,Age,statesector,0,Uttarakhand,15 to 29,NA,NA,NA,NA,NA
3083,0.230375871,0.066887259,2015,4,State,urban/rural,Age,statesector,0,Uttarakhand,30 to 45,NA,NA,NA,NA,NA
3084,0.184893847,0.028052721,2015,4,State,urban/rural,Age,statesector,0,Uttarakhand,46 to 64,NA,NA,NA,NA,NA
3085,0.190478161,0.024745343,2015,4,State,urban/rural,Age,statesector,0,Uttarakhand,65+,NA,NA,NA,NA,NA
3086,0,0,2015,4,State,urban/rural,Age,statesector,0,Uttarakhand,NA,NA,NA,NA,NA,NA
3087,0.163764656,0.03897576,2015,4,State,urban/rural,Age,statesector,1,Uttarakhand,15 to 29,NA,NA,NA,NA,NA
3088,0.130575374,0.041050095,2015,4,State,urban/rural,Age,statesector,1,Uttarakhand,30 to 45,NA,NA,NA,NA,NA
3089,0.052295081,0.01317811,2015,4,State,urban/rural,Age,statesector,1,Uttarakhand,46 to 64,NA,NA,NA,NA,NA
3090,0.036177315,0.004208136,2015,4,State,urban/rural,Age,statesector,1,Uttarakhand,65+,NA,NA,NA,NA,NA
3091,0,0,2015,4,State,urban/rural,Age,statesector,1,Uttarakhand,NA,NA,NA,NA,NA,NA
3092,0.495572537,0.191429317,2015,4,State,urban/rural,Age,statesector,0,West Bengal,15 to 29,NA,NA,NA,NA,NA
3093,0.332467228,0.101159908,2015,4,State,urban/rural,Age,statesector,0,West Bengal,30 to 45,NA,NA,NA,NA,NA
3094,0.280229896,0.060185712,2015,4,State,urban/rural,Age,statesector,0,West Bengal,46 to 64,NA,NA,NA,NA,NA
3095,0.262494206,0.044354893,2015,4,State,urban/rural,Age,statesector,0,West Bengal,65+,NA,NA,NA,NA,NA
3096,0.128059179,0.068936363,2015,4,State,urban/rural,Age,statesector,0,West Bengal,NA,NA,NA,NA,NA,NA
3097,0.340397,0.098697171,2015,4,State,urban/rural,Age,statesector,1,West Bengal,15 to 29,NA,NA,NA,NA,NA
3098,0.207590967,0.059531063,2015,4,State,urban/rural,Age,statesector,1,West Bengal,30 to 45,NA,NA,NA,NA,NA
3099,0.0867882,0.017769111,2015,4,State,urban/rural,Age,statesector,1,West Bengal,46 to 64,NA,NA,NA,NA,NA
3100,0.063386865,0.016529847,2015,4,State,urban/rural,Age,statesector,1,West Bengal,65+,NA,NA,NA,NA,NA
3101,0.471022993,0.187680736,2015,4,National,All,Education,allindia,99,India,NA,No education / Preschool,NA,NA,NA,NA
3102,0.334306985,0.111828305,2015,4,National,All,Education,allindia,99,India,NA,Primary,NA,NA,NA,NA
3103,0.156185448,0.018139983,2015,4,National,All,Education,allindia,99,India,NA,Secondary,NA,NA,NA,NA
3104,0.046196278,0.003063396,2015,4,National,All,Education,allindia,99,India,NA,Higher,NA,NA,NA,NA
3105,0.259411871,0.071666494,2015,4,National,All,Education,allindia,99,India,NA,NA,NA,NA,NA,NA
3106,0.526182771,0.21296522,2015,4,National,urban/rural,Education,indiasector,0,India,NA,No education / Preschool,NA,NA,NA,NA
3107,0.404954225,0.139598221,2015,4,National,urban/rural,Education,indiasector,0,India,NA,Primary,NA,NA,NA,NA
3108,0.226671413,0.026955202,2015,4,National,urban/rural,Education,indiasector,0,India,NA,Secondary,NA,NA,NA,NA
3109,0.108644895,0.007833493,2015,4,National,urban/rural,Education,indiasector,0,India,NA,Higher,NA,NA,NA,NA
3110,0.35537526,0.099647857,2015,4,National,urban/rural,Education,indiasector,0,India,NA,NA,NA,NA,NA,NA
3111,0.250253171,0.086482912,2015,4,National,urban/rural,Education,indiasector,1,India,NA,No education / Preschool,NA,NA,NA,NA
3112,0.143505394,0.036828279,2015,4,National,urban/rural,Education,indiasector,1,India,NA,Primary,NA,NA,NA,NA
3113,0.040189501,0.003633125,2015,4,National,urban/rural,Education,indiasector,1,India,NA,Secondary,NA,NA,NA,NA
3114,0.00829032,0.000167974,2015,4,National,urban/rural,Education,indiasector,1,India,NA,Higher,NA,NA,NA,NA
3115,0.067107849,0.015593771,2015,4,National,urban/rural,Education,indiasector,1,India,NA,NA,NA,NA,NA,NA
3116,0.106185339,0.019706367,2015,4,State,All,Education,state,99,Andaman & Nicobar Islands,NA,No education / Preschool,NA,NA,NA,NA
3117,0.130911618,0.016893348,2015,4,State,All,Education,state,99,Andaman & Nicobar Islands,NA,Primary,NA,NA,NA,NA
3118,0.036939632,0.004114697,2015,4,State,All,Education,state,99,Andaman & Nicobar Islands,NA,Secondary,NA,NA,NA,NA
3119,0.000825713,0,2015,4,State,All,Education,state,99,Andaman & Nicobar Islands,NA,Higher,NA,NA,NA,NA
3120,0.14195478,0,2015,4,State,All,Education,state,99,Andaman & Nicobar Islands,NA,NA,NA,NA,NA,NA
3121,0.254368573,0.05640506,2015,4,State,All,Education,state,99,Andhra Pradesh,NA,No education / Preschool,NA,NA,NA,NA
3122,0.186475769,0.045404125,2015,4,State,All,Education,state,99,Andhra Pradesh,NA,Primary,NA,NA,NA,NA
3123,0.053720694,0.002800696,2015,4,State,All,Education,state,99,Andhra Pradesh,NA,Secondary,NA,NA,NA,NA
3124,0.022394625,0,2015,4,State,All,Education,state,99,Andhra Pradesh,NA,Higher,NA,NA,NA,NA
3125,0.031923484,0,2015,4,State,All,Education,state,99,Andhra Pradesh,NA,NA,NA,NA,NA,NA
3126,0.395603627,0.14506577,2015,4,State,All,Education,state,99,Arunachal Pradesh,NA,No education / Preschool,NA,NA,NA,NA
3127,0.336159855,0.12157777,2015,4,State,All,Education,state,99,Arunachal Pradesh,NA,Primary,NA,NA,NA,NA
3128,0.118315496,0.012644675,2015,4,State,All,Education,state,99,Arunachal Pradesh,NA,Secondary,NA,NA,NA,NA
3129,0.024473287,0,2015,4,State,All,Education,state,99,Arunachal Pradesh,NA,Higher,NA,NA,NA,NA
3130,0.26162526,0,2015,4,State,All,Education,state,99,Arunachal Pradesh,NA,NA,NA,NA,NA,NA
3131,0.579298437,0.250195622,2015,4,State,All,Education,state,99,Assam,NA,No education / Preschool,NA,NA,NA,NA
3132,0.444345713,0.155408949,2015,4,State,All,Education,state,99,Assam,NA,Primary,NA,NA,NA,NA
3133,0.188643962,0.019561561,2015,4,State,All,Education,state,99,Assam,NA,Secondary,NA,NA,NA,NA
3134,0.057694346,0.001941327,2015,4,State,All,Education,state,99,Assam,NA,Higher,NA,NA,NA,NA
3135,0.280281454,0.15429309,2015,4,State,All,Education,state,99,Assam,NA,NA,NA,NA,NA,NA
3136,0.706211329,0.3652713,2015,4,State,All,Education,state,99,Bihar,NA,No education / Preschool,NA,NA,NA,NA
3137,0.590588927,0.291701645,2015,4,State,All,Education,state,99,Bihar,NA,Primary,NA,NA,NA,NA
3138,0.320596933,0.039489098,2015,4,State,All,Education,state,99,Bihar,NA,Secondary,NA,NA,NA,NA
3139,0.11614538,0.005396937,2015,4,State,All,Education,state,99,Bihar,NA,Higher,NA,NA,NA,NA
3140,0.375483811,0.198931187,2015,4,State,All,Education,state,99,Bihar,NA,NA,NA,NA,NA,NA
3141,0.122043699,0.024184326,2015,4,State,All,Education,state,99,Chandigarh,NA,No education / Preschool,NA,NA,NA,NA
3142,0.132442579,0.050539874,2015,4,State,All,Education,state,99,Chandigarh,NA,Primary,NA,NA,NA,NA
3143,0.020754589,0.005623213,2015,4,State,All,Education,state,99,Chandigarh,NA,Secondary,NA,NA,NA,NA
3144,0,0,2015,4,State,All,Education,state,99,Chandigarh,NA,Higher,NA,NA,NA,NA
3145,0.534579635,0.168067604,2015,4,State,All,Education,state,99,Chhattisgarh,NA,No education / Preschool,NA,NA,NA,NA
3146,0.430459768,0.118252441,2015,4,State,All,Education,state,99,Chhattisgarh,NA,Primary,NA,NA,NA,NA
3147,0.242200255,0.021004148,2015,4,State,All,Education,state,99,Chhattisgarh,NA,Secondary,NA,NA,NA,NA
3148,0.070181109,0.011350432,2015,4,State,All,Education,state,99,Chhattisgarh,NA,Higher,NA,NA,NA,NA
3149,0.36702317,0.013809412,2015,4,State,All,Education,state,99,Chhattisgarh,NA,NA,NA,NA,NA,NA
3150,0.512413263,0.144645572,2015,4,State,All,Education,state,99,Dadra & Nagar Haveli and Daman & Diu,NA,No education / Preschool,NA,NA,NA,NA
3151,0.280075431,0.083056279,2015,4,State,All,Education,state,99,Dadra & Nagar Haveli and Daman & Diu,NA,Primary,NA,NA,NA,NA
3152,0.113100626,0.016448287,2015,4,State,All,Education,state,99,Dadra & Nagar Haveli and Daman & Diu,NA,Secondary,NA,NA,NA,NA
3153,0.043691095,0.013812618,2015,4,State,All,Education,state,99,Dadra & Nagar Haveli and Daman & Diu,NA,Higher,NA,NA,NA,NA
3154,0.420108944,0.178321093,2015,4,State,All,Education,state,99,Dadra & Nagar Haveli and Daman & Diu,NA,NA,NA,NA,NA,NA
3155,0.106429897,0.032346744,2015,4,State,All,Education,state,99,Delhi,NA,No education / Preschool,NA,NA,NA,NA
3156,0.082446851,0.022918321,2015,4,State,All,Education,state,99,Delhi,NA,Primary,NA,NA,NA,NA
3157,0.018781153,0.000228335,2015,4,State,All,Education,state,99,Delhi,NA,Secondary,NA,NA,NA,NA
3158,0.003484789,0,2015,4,State,All,Education,state,99,Delhi,NA,Higher,NA,NA,NA,NA
3159,0.01226945,0,2015,4,State,All,Education,state,99,Delhi,NA,NA,NA,NA,NA,NA
3160,0.141610608,0.012180228,2015,4,State,All,Education,state,99,Goa,NA,No education / Preschool,NA,NA,NA,NA
3161,0.100339055,0.006499681,2015,4,State,All,Education,state,99,Goa,NA,Primary,NA,NA,NA,NA
3162,0.009518085,0.000950194,2015,4,State,All,Education,state,99,Goa,NA,Secondary,NA,NA,NA,NA
3163,0.006155532,0,2015,4,State,All,Education,state,99,Goa,NA,Higher,NA,NA,NA,NA
3164,0,0,2015,4,State,All,Education,state,99,Goa,NA,NA,NA,NA,NA,NA
3165,0.410083115,0.133846715,2015,4,State,All,Education,state,99,Gujarat,NA,No education / Preschool,NA,NA,NA,NA
3166,0.26405862,0.071036756,2015,4,State,All,Education,state,99,Gujarat,NA,Primary,NA,NA,NA,NA
3167,0.12454313,0.013313968,2015,4,State,All,Education,state,99,Gujarat,NA,Secondary,NA,NA,NA,NA
3168,0.026267001,0.001421799,2015,4,State,All,Education,state,99,Gujarat,NA,Higher,NA,NA,NA,NA
3169,0.199503466,0.021782974,2015,4,State,All,Education,state,99,Gujarat,NA,NA,NA,NA,NA,NA
3170,0.212213799,0.063915476,2015,4,State,All,Education,state,99,Haryana,NA,No education / Preschool,NA,NA,NA,NA
3171,0.197434664,0.055953898,2015,4,State,All,Education,state,99,Haryana,NA,Primary,NA,NA,NA,NA
3172,0.053971846,0.005901306,2015,4,State,All,Education,state,99,Haryana,NA,Secondary,NA,NA,NA,NA
3173,0.013985735,0,2015,4,State,All,Education,state,99,Haryana,NA,Higher,NA,NA,NA,NA
3174,0.017209362,0,2015,4,State,All,Education,state,99,Haryana,NA,NA,NA,NA,NA,NA
3175,0.143958762,0.012905564,2015,4,State,All,Education,state,99,Himachal Pradesh,NA,No education / Preschool,NA,NA,NA,NA
3176,0.108147316,0.008616922,2015,4,State,All,Education,state,99,Himachal Pradesh,NA,Primary,NA,NA,NA,NA
3177,0.049911804,0.001149787,2015,4,State,All,Education,state,99,Himachal Pradesh,NA,Secondary,NA,NA,NA,NA
3178,0.002747318,0,2015,4,State,All,Education,state,99,Himachal Pradesh,NA,Higher,NA,NA,NA,NA
3179,0.105583481,0.037878655,2015,4,State,All,Education,state,99,Himachal Pradesh,NA,NA,NA,NA,NA,NA
3180,0.246747375,0.071594864,2015,4,State,All,Education,state,99,Jammu & Kashmir,NA,No education / Preschool,NA,NA,NA,NA
3181,0.23840563,0.060500544,2015,4,State,All,Education,state,99,Jammu & Kashmir,NA,Primary,NA,NA,NA,NA
3182,0.096494943,0.008197116,2015,4,State,All,Education,state,99,Jammu & Kashmir,NA,Secondary,NA,NA,NA,NA
3183,0.019498987,0.000547876,2015,4,State,All,Education,state,99,Jammu & Kashmir,NA,Higher,NA,NA,NA,NA
3184,0.071018122,0.032562848,2015,4,State,All,Education,state,99,Jammu & Kashmir,NA,NA,NA,NA,NA,NA
3185,0.642265141,0.27598536,2015,4,State,All,Education,state,99,Jharkhand,NA,No education / Preschool,NA,NA,NA,NA
3186,0.571561337,0.223085761,2015,4,State,All,Education,state,99,Jharkhand,NA,Primary,NA,NA,NA,NA
3187,0.316050142,0.037306469,2015,4,State,All,Education,state,99,Jharkhand,NA,Secondary,NA,NA,NA,NA
3188,0.105186895,0.004382941,2015,4,State,All,Education,state,99,Jharkhand,NA,Higher,NA,NA,NA,NA
3189,0.553783953,0.130457759,2015,4,State,All,Education,state,99,Jharkhand,NA,NA,NA,NA,NA,NA
3190,0.304965049,0.073765762,2015,4,State,All,Education,state,99,Karnataka,NA,No education / Preschool,NA,NA,NA,NA
3191,0.185212582,0.035678972,2015,4,State,All,Education,state,99,Karnataka,NA,Primary,NA,NA,NA,NA
3192,0.091519192,0.004368342,2015,4,State,All,Education,state,99,Karnataka,NA,Secondary,NA,NA,NA,NA
3193,0.023942688,0,2015,4,State,All,Education,state,99,Karnataka,NA,Higher,NA,NA,NA,NA
3194,0.1367971,0,2015,4,State,All,Education,state,99,Karnataka,NA,NA,NA,NA,NA,NA
3195,0.055228494,0.006230725,2015,4,State,All,Education,state,99,Kerala,NA,No education / Preschool,NA,NA,NA,NA
3196,0.01664895,0.000768083,2015,4,State,All,Education,state,99,Kerala,NA,Primary,NA,NA,NA,NA
3197,0.006131914,0.000267873,2015,4,State,All,Education,state,99,Kerala,NA,Secondary,NA,NA,NA,NA
3198,0,0,2015,4,State,All,Education,state,99,Kerala,NA,Higher,NA,NA,NA,NA
3199,0.001806316,0,2015,4,State,All,Education,state,99,Kerala,NA,NA,NA,NA,NA,NA
3200,0,0,2015,4,State,All,Education,state,99,Lakshadweep,NA,No education / Preschool,NA,NA,NA,NA
3201,0.011721646,0,2015,4,State,All,Education,state,99,Lakshadweep,NA,Primary,NA,NA,NA,NA
3202,0.031552844,0,2015,4,State,All,Education,state,99,Lakshadweep,NA,Secondary,NA,NA,NA,NA
3203,0,0,2015,4,State,All,Education,state,99,Lakshadweep,NA,Higher,NA,NA,NA,NA
3204,0,0,2015,4,State,All,Education,state,99,Lakshadweep,NA,NA,NA,NA,NA,NA
3205,0.611721635,0.255717546,2015,4,State,All,Education,state,99,Madhya Pradesh,NA,No education / Preschool,NA,NA,NA,NA
3206,0.480263531,0.161456257,2015,4,State,All,Education,state,99,Madhya Pradesh,NA,Primary,NA,NA,NA,NA
3207,0.273708314,0.034042627,2015,4,State,All,Education,state,99,Madhya Pradesh,NA,Secondary,NA,NA,NA,NA
3208,0.07166931,0.007701539,2015,4,State,All,Education,state,99,Madhya Pradesh,NA,Higher,NA,NA,NA,NA
3209,0.388385981,0.102013581,2015,4,State,All,Education,state,99,Madhya Pradesh,NA,NA,NA,NA,NA,NA
3210,0.358629167,0.10117545,2015,4,State,All,Education,state,99,Maharashtra,NA,No education / Preschool,NA,NA,NA,NA
3211,0.232406154,0.049083527,2015,4,State,All,Education,state,99,Maharashtra,NA,Primary,NA,NA,NA,NA
3212,0.101613902,0.008368513,2015,4,State,All,Education,state,99,Maharashtra,NA,Secondary,NA,NA,NA,NA
3213,0.022092551,0.000936177,2015,4,State,All,Education,state,99,Maharashtra,NA,Higher,NA,NA,NA,NA
3214,0.080310844,0.005815236,2015,4,State,All,Education,state,99,Maharashtra,NA,NA,NA,NA,NA,NA
3215,0.318677694,0.077076666,2015,4,State,All,Education,state,99,Manipur,NA,No education / Preschool,NA,NA,NA,NA
3216,0.324020356,0.089738712,2015,4,State,All,Education,state,99,Manipur,NA,Primary,NA,NA,NA,NA
3217,0.182753459,0.013097968,2015,4,State,All,Education,state,99,Manipur,NA,Secondary,NA,NA,NA,NA
3218,0.082791753,0.006602198,2015,4,State,All,Education,state,99,Manipur,NA,Higher,NA,NA,NA,NA
3219,0.193939656,0.031079834,2015,4,State,All,Education,state,99,Manipur,NA,NA,NA,NA,NA,NA
3220,0.488682508,0.200456038,2015,4,State,All,Education,state,99,Meghalaya,NA,No education / Preschool,NA,NA,NA,NA
3221,0.440216005,0.17081295,2015,4,State,All,Education,state,99,Meghalaya,NA,Primary,NA,NA,NA,NA
3222,0.16020833,0.012641706,2015,4,State,All,Education,state,99,Meghalaya,NA,Secondary,NA,NA,NA,NA
3223,0.033435978,0.003512182,2015,4,State,All,Education,state,99,Meghalaya,NA,Higher,NA,NA,NA,NA
3224,0.266183078,0,2015,4,State,All,Education,state,99,Meghalaya,NA,NA,NA,NA,NA,NA
3225,0.348662943,0.178674966,2015,4,State,All,Education,state,99,Mizoram,NA,No education / Preschool,NA,NA,NA,NA
3226,0.124685161,0.039305598,2015,4,State,All,Education,state,99,Mizoram,NA,Primary,NA,NA,NA,NA
3227,0.043687832,0.006039473,2015,4,State,All,Education,state,99,Mizoram,NA,Secondary,NA,NA,NA,NA
3228,0.002911911,0,2015,4,State,All,Education,state,99,Mizoram,NA,Higher,NA,NA,NA,NA
3229,0.026590986,0,2015,4,State,All,Education,state,99,Mizoram,NA,NA,NA,NA,NA,NA
3230,0.472726971,0.176953867,2015,4,State,All,Education,state,99,Nagaland,NA,No education / Preschool,NA,NA,NA,NA
3231,0.373119622,0.112819567,2015,4,State,All,Education,state,99,Nagaland,NA,Primary,NA,NA,NA,NA
3232,0.127879813,0.00880167,2015,4,State,All,Education,state,99,Nagaland,NA,Secondary,NA,NA,NA,NA
3233,0.026148565,0.000888901,2015,4,State,All,Education,state,99,Nagaland,NA,Higher,NA,NA,NA,NA
3234,0.261157542,0.03100503,2015,4,State,All,Education,state,99,Nagaland,NA,NA,NA,NA,NA,NA
3235,0.5705235,0.227964088,2015,4,State,All,Education,state,99,Odisha,NA,No education / Preschool,NA,NA,NA,NA
3236,0.402645558,0.116225742,2015,4,State,All,Education,state,99,Odisha,NA,Primary,NA,NA,NA,NA
3237,0.208592728,0.017268652,2015,4,State,All,Education,state,99,Odisha,NA,Secondary,NA,NA,NA,NA
3238,0.044828434,0.001604911,2015,4,State,All,Education,state,99,Odisha,NA,Higher,NA,NA,NA,NA
3239,0.363264322,0.17299068,2015,4,State,All,Education,state,99,Odisha,NA,NA,NA,NA,NA,NA
3240,0.074671917,0.004342808,2015,4,State,All,Education,state,99,Puducherry,NA,No education / Preschool,NA,NA,NA,NA
3241,0.053562384,0.015751882,2015,4,State,All,Education,state,99,Puducherry,NA,Primary,NA,NA,NA,NA
3242,0.022140462,0,2015,4,State,All,Education,state,99,Puducherry,NA,Secondary,NA,NA,NA,NA
3243,0.002163028,0,2015,4,State,All,Education,state,99,Puducherry,NA,Higher,NA,NA,NA,NA
3244,0,0,2015,4,State,All,Education,state,99,Puducherry,NA,NA,NA,NA,NA,NA
3245,0.138610944,0.040161613,2015,4,State,All,Education,state,99,Punjab,NA,No education / Preschool,NA,NA,NA,NA
3246,0.079492502,0.011375078,2015,4,State,All,Education,state,99,Punjab,NA,Primary,NA,NA,NA,NA
3247,0.013105586,0.000406711,2015,4,State,All,Education,state,99,Punjab,NA,Secondary,NA,NA,NA,NA
3248,0.006762002,0,2015,4,State,All,Education,state,99,Punjab,NA,Higher,NA,NA,NA,NA
3249,0,0,2015,4,State,All,Education,state,99,Punjab,NA,NA,NA,NA,NA,NA
3250,0.487607181,0.206132188,2015,4,State,All,Education,state,99,Rajasthan,NA,No education / Preschool,NA,NA,NA,NA
3251,0.393713683,0.157825887,2015,4,State,All,Education,state,99,Rajasthan,NA,Primary,NA,NA,NA,NA
3252,0.18022199,0.026728595,2015,4,State,All,Education,state,99,Rajasthan,NA,Secondary,NA,NA,NA,NA
3253,0.066052541,0.002410356,2015,4,State,All,Education,state,99,Rajasthan,NA,Higher,NA,NA,NA,NA
3254,0.24485068,0.040356126,2015,4,State,All,Education,state,99,Rajasthan,NA,NA,NA,NA,NA,NA
3255,0.093821391,0.007376078,2015,4,State,All,Education,state,99,Sikkim,NA,No education / Preschool,NA,NA,NA,NA
3256,0.069891945,0.009938831,2015,4,State,All,Education,state,99,Sikkim,NA,Primary,NA,NA,NA,NA
3257,0.014738958,0.00062011,2015,4,State,All,Education,state,99,Sikkim,NA,Secondary,NA,NA,NA,NA
3258,0.003206393,0,2015,4,State,All,Education,state,99,Sikkim,NA,Higher,NA,NA,NA,NA
3259,0.07809063,0.07809063,2015,4,State,All,Education,state,99,Sikkim,NA,NA,NA,NA,NA,NA
3260,0.147929564,0.014878892,2015,4,State,All,Education,state,99,Tamil Nadu,NA,No education / Preschool,NA,NA,NA,NA
3261,0.115500532,0.009511392,2015,4,State,All,Education,state,99,Tamil Nadu,NA,Primary,NA,NA,NA,NA
3262,0.03382111,0.001086496,2015,4,State,All,Education,state,99,Tamil Nadu,NA,Secondary,NA,NA,NA,NA
3263,0.010594053,0,2015,4,State,All,Education,state,99,Tamil Nadu,NA,Higher,NA,NA,NA,NA
3264,0.099425904,0,2015,4,State,All,Education,state,99,Tamil Nadu,NA,NA,NA,NA,NA,NA
3265,0.309007317,0.070349582,2015,4,State,All,Education,state,99,Telangana,NA,No education / Preschool,NA,NA,NA,NA
3266,0.226421729,0.047645628,2015,4,State,All,Education,state,99,Telangana,NA,Primary,NA,NA,NA,NA
3267,0.061212078,0.003542698,2015,4,State,All,Education,state,99,Telangana,NA,Secondary,NA,NA,NA,NA
3268,0.018136771,0.00169665,2015,4,State,All,Education,state,99,Telangana,NA,Higher,NA,NA,NA,NA
3269,0.247506455,0.0830075,2015,4,State,All,Education,state,99,Telangana,NA,NA,NA,NA,NA,NA
3270,0.368612021,0.120163195,2015,4,State,All,Education,state,99,Tripura,NA,No education / Preschool,NA,NA,NA,NA
3271,0.289715469,0.086900145,2015,4,State,All,Education,state,99,Tripura,NA,Primary,NA,NA,NA,NA
3272,0.097001612,0.006239774,2015,4,State,All,Education,state,99,Tripura,NA,Secondary,NA,NA,NA,NA
3273,0.0131007,0,2015,4,State,All,Education,state,99,Tripura,NA,Higher,NA,NA,NA,NA
3274,0,0,2015,4,State,All,Education,state,99,Tripura,NA,NA,NA,NA,NA,NA
3275,0.592996359,0.258098066,2015,4,State,All,Education,state,99,Uttar Pradesh,NA,No education / Preschool,NA,NA,NA,NA
3276,0.487814456,0.19226411,2015,4,State,All,Education,state,99,Uttar Pradesh,NA,Primary,NA,NA,NA,NA
3277,0.277007967,0.041693442,2015,4,State,All,Education,state,99,Uttar Pradesh,NA,Secondary,NA,NA,NA,NA
3278,0.093380257,0.008896589,2015,4,State,All,Education,state,99,Uttar Pradesh,NA,Higher,NA,NA,NA,NA
3279,0.372457564,0.103878044,2015,4,State,All,Education,state,99,Uttar Pradesh,NA,NA,NA,NA,NA,NA
3280,0.326983899,0.09294787,2015,4,State,All,Education,state,99,Uttarakhand,NA,No education / Preschool,NA,NA,NA,NA
3281,0.256614327,0.066594549,2015,4,State,All,Education,state,99,Uttarakhand,NA,Primary,NA,NA,NA,NA
3282,0.088006787,0.006911226,2015,4,State,All,Education,state,99,Uttarakhand,NA,Secondary,NA,NA,NA,NA
3283,0.017781409,0.001764408,2015,4,State,All,Education,state,99,Uttarakhand,NA,Higher,NA,NA,NA,NA
3284,0.164692685,0.072983965,2015,4,State,All,Education,state,99,Uttarakhand,NA,NA,NA,NA,NA,NA
3285,0.4432953,0.143538579,2015,4,State,All,Education,state,99,West Bengal,NA,No education / Preschool,NA,NA,NA,NA
3286,0.319494516,0.089693323,2015,4,State,All,Education,state,99,West Bengal,NA,Primary,NA,NA,NA,NA
3287,0.117102273,0.010366149,2015,4,State,All,Education,state,99,West Bengal,NA,Secondary,NA,NA,NA,NA
3288,0.018738169,0,2015,4,State,All,Education,state,99,West Bengal,NA,Higher,NA,NA,NA,NA
3289,0.246511891,0.089147151,2015,4,State,All,Education,state,99,West Bengal,NA,NA,NA,NA,NA,NA
3290,0.163837105,0.031566065,2015,4,State,urban/rural,Education,statesector,0,Andaman & Nicobar Islands,NA,No education / Preschool,NA,NA,NA,NA
3291,0.162105948,0.023265636,2015,4,State,urban/rural,Education,statesector,0,Andaman & Nicobar Islands,NA,Primary,NA,NA,NA,NA
3292,0.0701674,0.008071234,2015,4,State,urban/rural,Education,statesector,0,Andaman & Nicobar Islands,NA,Secondary,NA,NA,NA,NA
3293,0.00175071,0,2015,4,State,urban/rural,Education,statesector,0,Andaman & Nicobar Islands,NA,Higher,NA,NA,NA,NA
3294,0.300324231,0,2015,4,State,urban/rural,Education,statesector,0,Andaman & Nicobar Islands,NA,NA,NA,NA,NA,NA
3295,0.010389733,0,2015,4,State,urban/rural,Education,statesector,1,Andaman & Nicobar Islands,NA,No education / Preschool,NA,NA,NA,NA
3296,0.048213441,0,2015,4,State,urban/rural,Education,statesector,1,Andaman & Nicobar Islands,NA,Primary,NA,NA,NA,NA
3297,0.002383614,0,2015,4,State,urban/rural,Education,statesector,1,Andaman & Nicobar Islands,NA,Secondary,NA,NA,NA,NA
3298,0,0,2015,4,State,urban/rural,Education,statesector,1,Andaman & Nicobar Islands,NA,Higher,NA,NA,NA,NA
3299,0,0,2015,4,State,urban/rural,Education,statesector,1,Andaman & Nicobar Islands,NA,NA,NA,NA,NA,NA
3300,0.280954719,0.062206905,2015,4,State,urban/rural,Education,statesector,0,Andhra Pradesh,NA,No education / Preschool,NA,NA,NA,NA
3301,0.212384641,0.053238865,2015,4,State,urban/rural,Education,statesector,0,Andhra Pradesh,NA,Primary,NA,NA,NA,NA
3302,0.077017412,0.003620339,2015,4,State,urban/rural,Education,statesector,0,Andhra Pradesh,NA,Secondary,NA,NA,NA,NA
3303,0.046765435,0,2015,4,State,urban/rural,Education,statesector,0,Andhra Pradesh,NA,Higher,NA,NA,NA,NA
3304,0.045752976,0,2015,4,State,urban/rural,Education,statesector,0,Andhra Pradesh,NA,NA,NA,NA,NA,NA
3305,0.136750311,0.030737448,2015,4,State,urban/rural,Education,statesector,1,Andhra Pradesh,NA,No education / Preschool,NA,NA,NA,NA
3306,0.10473951,0.020687396,2015,4,State,urban/rural,Education,statesector,1,Andhra Pradesh,NA,Primary,NA,NA,NA,NA
3307,0.013471945,0.001384633,2015,4,State,urban/rural,Education,statesector,1,Andhra Pradesh,NA,Secondary,NA,NA,NA,NA
3308,0.007889995,0,2015,4,State,urban/rural,Education,statesector,1,Andhra Pradesh,NA,Higher,NA,NA,NA,NA
3309,0,0,2015,4,State,urban/rural,Education,statesector,1,Andhra Pradesh,NA,NA,NA,NA,NA,NA
3310,0.427200288,0.157353774,2015,4,State,urban/rural,Education,statesector,0,Arunachal Pradesh,NA,No education / Preschool,NA,NA,NA,NA
3311,0.370438814,0.136603743,2015,4,State,urban/rural,Education,statesector,0,Arunachal Pradesh,NA,Primary,NA,NA,NA,NA
3312,0.151041836,0.016789118,2015,4,State,urban/rural,Education,statesector,0,Arunachal Pradesh,NA,Secondary,NA,NA,NA,NA
3313,0.04303981,0,2015,4,State,urban/rural,Education,statesector,0,Arunachal Pradesh,NA,Higher,NA,NA,NA,NA
3314,0.29726097,0,2015,4,State,urban/rural,Education,statesector,0,Arunachal Pradesh,NA,NA,NA,NA,NA,NA
3315,0.163243651,0.05470043,2015,4,State,urban/rural,Education,statesector,1,Arunachal Pradesh,NA,No education / Preschool,NA,NA,NA,NA
3316,0.144882128,0.037732411,2015,4,State,urban/rural,Education,statesector,1,Arunachal Pradesh,NA,Primary,NA,NA,NA,NA
3317,0.041157234,0.002873403,2015,4,State,urban/rural,Education,statesector,1,Arunachal Pradesh,NA,Secondary,NA,NA,NA,NA
3318,0.010491913,0,2015,4,State,urban/rural,Education,statesector,1,Arunachal Pradesh,NA,Higher,NA,NA,NA,NA
3319,0.184138611,0,2015,4,State,urban/rural,Education,statesector,1,Arunachal Pradesh,NA,NA,NA,NA,NA,NA
3320,0.591667593,0.258437663,2015,4,State,urban/rural,Education,statesector,0,Assam,NA,No education / Preschool,NA,NA,NA,NA
3321,0.473890305,0.16771847,2015,4,State,urban/rural,Education,statesector,0,Assam,NA,Primary,NA,NA,NA,NA
3322,0.216805503,0.022704309,2015,4,State,urban/rural,Education,statesector,0,Assam,NA,Secondary,NA,NA,NA,NA
3323,0.085085593,0.003259087,2015,4,State,urban/rural,Education,statesector,0,Assam,NA,Higher,NA,NA,NA,NA
3324,0.324264795,0.178505644,2015,4,State,urban/rural,Education,statesector,0,Assam,NA,NA,NA,NA,NA,NA
3325,0.364689142,0.107192904,2015,4,State,urban/rural,Education,statesector,1,Assam,NA,No education / Preschool,NA,NA,NA,NA
3326,0.185642004,0.047622118,2015,4,State,urban/rural,Education,statesector,1,Assam,NA,Primary,NA,NA,NA,NA
3327,0.05447473,0.004588656,2015,4,State,urban/rural,Education,statesector,1,Assam,NA,Secondary,NA,NA,NA,NA
3328,0.017341491,0,2015,4,State,urban/rural,Education,statesector,1,Assam,NA,Higher,NA,NA,NA,NA
3329,0,0,2015,4,State,urban/rural,Education,statesector,1,Assam,NA,NA,NA,NA,NA,NA
3330,0.72791481,0.37826243,2015,4,State,urban/rural,Education,statesector,0,Bihar,NA,No education / Preschool,NA,NA,NA,NA
3331,0.619379163,0.311382741,2015,4,State,urban/rural,Education,statesector,0,Bihar,NA,Primary,NA,NA,NA,NA
3332,0.362745911,0.045568462,2015,4,State,urban/rural,Education,statesector,0,Bihar,NA,Secondary,NA,NA,NA,NA
3333,0.164010748,0.006724816,2015,4,State,urban/rural,Education,statesector,0,Bihar,NA,Higher,NA,NA,NA,NA
3334,0.455857724,0.249644294,2015,4,State,urban/rural,Education,statesector,0,Bihar,NA,NA,NA,NA,NA,NA
3335,0.462238401,0.219235271,2015,4,State,urban/rural,Education,statesector,1,Bihar,NA,No education / Preschool,NA,NA,NA,NA
3336,0.358585477,0.133103609,2015,4,State,urban/rural,Education,statesector,1,Bihar,NA,Primary,NA,NA,NA,NA
3337,0.102195948,0.007988006,2015,4,State,urban/rural,Education,statesector,1,Bihar,NA,Secondary,NA,NA,NA,NA
3338,0.016782418,0.002640414,2015,4,State,urban/rural,Education,statesector,1,Bihar,NA,Higher,NA,NA,NA,NA
3339,0.060202885,0,2015,4,State,urban/rural,Education,statesector,1,Bihar,NA,NA,NA,NA,NA,NA
3340,0.689655185,0.241379306,2015,4,State,urban/rural,Education,statesector,0,Chandigarh,NA,No education / Preschool,NA,NA,NA,NA
3341,0.125,0,2015,4,State,urban/rural,Education,statesector,0,Chandigarh,NA,Primary,NA,NA,NA,NA
3342,0,0,2015,4,State,urban/rural,Education,statesector,0,Chandigarh,NA,Secondary,NA,NA,NA,NA
3343,0.081947625,0.008841672,2015,4,State,urban/rural,Education,statesector,1,Chandigarh,NA,No education / Preschool,NA,NA,NA,NA
3344,0.133334547,0.056596979,2015,4,State,urban/rural,Education,statesector,1,Chandigarh,NA,Primary,NA,NA,NA,NA
3345,0.021444427,0.005810117,2015,4,State,urban/rural,Education,statesector,1,Chandigarh,NA,Secondary,NA,NA,NA,NA
3346,0,0,2015,4,State,urban/rural,Education,statesector,1,Chandigarh,NA,Higher,NA,NA,NA,NA
3347,0.572788537,0.183287695,2015,4,State,urban/rural,Education,statesector,0,Chhattisgarh,NA,No education / Preschool,NA,NA,NA,NA
3348,0.481686622,0.132386714,2015,4,State,urban/rural,Education,statesector,0,Chhattisgarh,NA,Primary,NA,NA,NA,NA
3349,0.30913195,0.027350854,2015,4,State,urban/rural,Education,statesector,0,Chhattisgarh,NA,Secondary,NA,NA,NA,NA
3350,0.13547945,0.02697194,2015,4,State,urban/rural,Education,statesector,0,Chhattisgarh,NA,Higher,NA,NA,NA,NA
3351,0.426796705,0.016058417,2015,4,State,urban/rural,Education,statesector,0,Chhattisgarh,NA,NA,NA,NA,NA,NA
3352,0.259444565,0.058470499,2015,4,State,urban/rural,Education,statesector,1,Chhattisgarh,NA,No education / Preschool,NA,NA,NA,NA
3353,0.201527596,0.05508659,2015,4,State,urban/rural,Education,statesector,1,Chhattisgarh,NA,Primary,NA,NA,NA,NA
3354,0.069287218,0.004607904,2015,4,State,urban/rural,Education,statesector,1,Chhattisgarh,NA,Secondary,NA,NA,NA,NA
3355,0.022735979,0,2015,4,State,urban/rural,Education,statesector,1,Chhattisgarh,NA,Higher,NA,NA,NA,NA
3356,0,0,2015,4,State,urban/rural,Education,statesector,1,Chhattisgarh,NA,NA,NA,NA,NA,NA
3357,0.591168702,0.174205899,2015,4,State,urban/rural,Education,statesector,0,Dadra & Nagar Haveli and Daman & Diu,NA,No education / Preschool,NA,NA,NA,NA
3358,0.43604511,0.136207759,2015,4,State,urban/rural,Education,statesector,0,Dadra & Nagar Haveli and Daman & Diu,NA,Primary,NA,NA,NA,NA
3359,0.301545292,0.04862145,2015,4,State,urban/rural,Education,statesector,0,Dadra & Nagar Haveli and Daman & Diu,NA,Secondary,NA,NA,NA,NA
3360,0.215375766,0,2015,4,State,urban/rural,Education,statesector,0,Dadra & Nagar Haveli and Daman & Diu,NA,Higher,NA,NA,NA,NA
3361,0.584301472,0.248014897,2015,4,State,urban/rural,Education,statesector,0,Dadra & Nagar Haveli and Daman & Diu,NA,NA,NA,NA,NA,NA
3362,0.252776712,0.047192656,2015,4,State,urban/rural,Education,statesector,1,Dadra & Nagar Haveli and Daman & Diu,NA,No education / Preschool,NA,NA,NA,NA
3363,0.077009365,0.013855251,2015,4,State,urban/rural,Education,statesector,1,Dadra & Nagar Haveli and Daman & Diu,NA,Primary,NA,NA,NA,NA
3364,0.023561988,0.001161353,2015,4,State,urban/rural,Education,statesector,1,Dadra & Nagar Haveli and Daman & Diu,NA,Secondary,NA,NA,NA,NA
3365,0.025336284,0.015289325,2015,4,State,urban/rural,Education,statesector,1,Dadra & Nagar Haveli and Daman & Diu,NA,Higher,NA,NA,NA,NA
3366,0,0,2015,4,State,urban/rural,Education,statesector,1,Dadra & Nagar Haveli and Daman & Diu,NA,NA,NA,NA,NA,NA
3367,0.02199951,0,2015,4,State,urban/rural,Education,statesector,0,Delhi,NA,No education / Preschool,NA,NA,NA,NA
3368,0,0,2015,4,State,urban/rural,Education,statesector,0,Delhi,NA,Primary,NA,NA,NA,NA
3369,0.03587798,0,2015,4,State,urban/rural,Education,statesector,0,Delhi,NA,Secondary,NA,NA,NA,NA
3370,0,0,2015,4,State,urban/rural,Education,statesector,0,Delhi,NA,Higher,NA,NA,NA,NA
3371,0,0,2015,4,State,urban/rural,Education,statesector,0,Delhi,NA,NA,NA,NA,NA,NA
3372,0.106901377,0.032527376,2015,4,State,urban/rural,Education,statesector,1,Delhi,NA,No education / Preschool,NA,NA,NA,NA
3373,0.082832985,0.02302566,2015,4,State,urban/rural,Education,statesector,1,Delhi,NA,Primary,NA,NA,NA,NA
3374,0.018588148,0.000230913,2015,4,State,urban/rural,Education,statesector,1,Delhi,NA,Secondary,NA,NA,NA,NA
3375,0.003500135,0,2015,4,State,urban/rural,Education,statesector,1,Delhi,NA,Higher,NA,NA,NA,NA
3376,0.012646186,0,2015,4,State,urban/rural,Education,statesector,1,Delhi,NA,NA,NA,NA,NA,NA
3377,0.139132276,0.005903233,2015,4,State,urban/rural,Education,statesector,0,Goa,NA,No education / Preschool,NA,NA,NA,NA
3378,0.138910353,0.009205337,2015,4,State,urban/rural,Education,statesector,0,Goa,NA,Primary,NA,NA,NA,NA
3379,0.021283424,0.002603391,2015,4,State,urban/rural,Education,statesector,0,Goa,NA,Secondary,NA,NA,NA,NA
3380,0,0,2015,4,State,urban/rural,Education,statesector,0,Goa,NA,Higher,NA,NA,NA,NA
3381,0,0,2015,4,State,urban/rural,Education,statesector,0,Goa,NA,NA,NA,NA,NA,NA
3382,0.143621981,0.017274506,2015,4,State,urban/rural,Education,statesector,1,Goa,NA,No education / Preschool,NA,NA,NA,NA
3383,0.070757613,0.004424635,2015,4,State,urban/rural,Education,statesector,1,Goa,NA,Primary,NA,NA,NA,NA
3384,0.002755824,0,2015,4,State,urban/rural,Education,statesector,1,Goa,NA,Secondary,NA,NA,NA,NA
3385,0.007506181,0,2015,4,State,urban/rural,Education,statesector,1,Goa,NA,Higher,NA,NA,NA,NA
3386,0.478437483,0.154267475,2015,4,State,urban/rural,Education,statesector,0,Gujarat,NA,No education / Preschool,NA,NA,NA,NA
3387,0.34348312,0.096112408,2015,4,State,urban/rural,Education,statesector,0,Gujarat,NA,Primary,NA,NA,NA,NA
3388,0.214675084,0.02490953,2015,4,State,urban/rural,Education,statesector,0,Gujarat,NA,Secondary,NA,NA,NA,NA
3389,0.080380514,0.005401247,2015,4,State,urban/rural,Education,statesector,0,Gujarat,NA,Higher,NA,NA,NA,NA
3390,0.369932383,0.044112779,2015,4,State,urban/rural,Education,statesector,0,Gujarat,NA,NA,NA,NA,NA,NA
3391,0.215710744,0.075778276,2015,4,State,urban/rural,Education,statesector,1,Gujarat,NA,No education / Preschool,NA,NA,NA,NA
3392,0.112922162,0.02332042,2015,4,State,urban/rural,Education,statesector,1,Gujarat,NA,Primary,NA,NA,NA,NA
3393,0.030638417,0.001233036,2015,4,State,urban/rural,Education,statesector,1,Gujarat,NA,Secondary,NA,NA,NA,NA
3394,0.006933032,0,2015,4,State,urban/rural,Education,statesector,1,Gujarat,NA,Higher,NA,NA,NA,NA
3395,0.033248167,0,2015,4,State,urban/rural,Education,statesector,1,Gujarat,NA,NA,NA,NA,NA,NA
3396,0.219249845,0.064969122,2015,4,State,urban/rural,Education,statesector,0,Haryana,NA,No education / Preschool,NA,NA,NA,NA
3397,0.217330113,0.070341043,2015,4,State,urban/rural,Education,statesector,0,Haryana,NA,Primary,NA,NA,NA,NA
3398,0.069934048,0.007958777,2015,4,State,urban/rural,Education,statesector,0,Haryana,NA,Secondary,NA,NA,NA,NA
3399,0.022168512,0,2015,4,State,urban/rural,Education,statesector,0,Haryana,NA,Higher,NA,NA,NA,NA
3400,0.029735001,0,2015,4,State,urban/rural,Education,statesector,0,Haryana,NA,NA,NA,NA,NA,NA
3401,0.193102553,0.061053589,2015,4,State,urban/rural,Education,statesector,1,Haryana,NA,No education / Preschool,NA,NA,NA,NA
3402,0.159523755,0.028539075,2015,4,State,urban/rural,Education,statesector,1,Haryana,NA,Primary,NA,NA,NA,NA
3403,0.030079322,0.002821645,2015,4,State,urban/rural,Education,statesector,1,Haryana,NA,Secondary,NA,NA,NA,NA
3404,0.009631116,0,2015,4,State,urban/rural,Education,statesector,1,Haryana,NA,Higher,NA,NA,NA,NA
3405,0,0,2015,4,State,urban/rural,Education,statesector,1,Haryana,NA,NA,NA,NA,NA,NA
3406,0.147317618,0.013154521,2015,4,State,urban/rural,Education,statesector,0,Himachal Pradesh,NA,No education / Preschool,NA,NA,NA,NA
3407,0.115667686,0.008328542,2015,4,State,urban/rural,Education,statesector,0,Himachal Pradesh,NA,Primary,NA,NA,NA,NA
3408,0.052261293,0.000936581,2015,4,State,urban/rural,Education,statesector,0,Himachal Pradesh,NA,Secondary,NA,NA,NA,NA
3409,0.004059528,0,2015,4,State,urban/rural,Education,statesector,0,Himachal Pradesh,NA,Higher,NA,NA,NA,NA
3410,0.116905086,0.041940343,2015,4,State,urban/rural,Education,statesector,0,Himachal Pradesh,NA,NA,NA,NA,NA,NA
3411,0.067640699,0.007248913,2015,4,State,urban/rural,Education,statesector,1,Himachal Pradesh,NA,No education / Preschool,NA,NA,NA,NA
3412,0.012292616,0.012292616,2015,4,State,urban/rural,Education,statesector,1,Himachal Pradesh,NA,Primary,NA,NA,NA,NA
3413,0.025914775,0.003327413,2015,4,State,urban/rural,Education,statesector,1,Himachal Pradesh,NA,Secondary,NA,NA,NA,NA
3414,0,0,2015,4,State,urban/rural,Education,statesector,1,Himachal Pradesh,NA,Higher,NA,NA,NA,NA
3415,0,0,2015,4,State,urban/rural,Education,statesector,1,Himachal Pradesh,NA,NA,NA,NA,NA,NA
3416,0.294205666,0.085832313,2015,4,State,urban/rural,Education,statesector,0,Jammu & Kashmir,NA,No education / Preschool,NA,NA,NA,NA
3417,0.28221935,0.077785037,2015,4,State,urban/rural,Education,statesector,0,Jammu & Kashmir,NA,Primary,NA,NA,NA,NA
3418,0.129760355,0.011149195,2015,4,State,urban/rural,Education,statesector,0,Jammu & Kashmir,NA,Secondary,NA,NA,NA,NA
3419,0.040869925,0.001163141,2015,4,State,urban/rural,Education,statesector,0,Jammu & Kashmir,NA,Higher,NA,NA,NA,NA
3420,0.057675358,0.014500059,2015,4,State,urban/rural,Education,statesector,0,Jammu & Kashmir,NA,NA,NA,NA,NA,NA
3421,0.110014781,0.030575193,2015,4,State,urban/rural,Education,statesector,1,Jammu & Kashmir,NA,No education / Preschool,NA,NA,NA,NA
3422,0.093827792,0.003464626,2015,4,State,urban/rural,Education,statesector,1,Jammu & Kashmir,NA,Primary,NA,NA,NA,NA
3423,0.015847931,0.001040242,2015,4,State,urban/rural,Education,statesector,1,Jammu & Kashmir,NA,Secondary,NA,NA,NA,NA
3424,0.000468803,0,2015,4,State,urban/rural,Education,statesector,1,Jammu & Kashmir,NA,Higher,NA,NA,NA,NA
3425,0.126196146,0.107260168,2015,4,State,urban/rural,Education,statesector,1,Jammu & Kashmir,NA,NA,NA,NA,NA,NA
3426,0.686683893,0.302694768,2015,4,State,urban/rural,Education,statesector,0,Jharkhand,NA,No education / Preschool,NA,NA,NA,NA
3427,0.626082957,0.252910495,2015,4,State,urban/rural,Education,statesector,0,Jharkhand,NA,Primary,NA,NA,NA,NA
3428,0.412985682,0.050664019,2015,4,State,urban/rural,Education,statesector,0,Jharkhand,NA,Secondary,NA,NA,NA,NA
3429,0.237019897,0.010177858,2015,4,State,urban/rural,Education,statesector,0,Jharkhand,NA,Higher,NA,NA,NA,NA
3430,0.567660868,0.169841722,2015,4,State,urban/rural,Education,statesector,0,Jharkhand,NA,NA,NA,NA,NA,NA
3431,0.362808585,0.107945606,2015,4,State,urban/rural,Education,statesector,1,Jharkhand,NA,No education / Preschool,NA,NA,NA,NA
3432,0.329737723,0.090802006,2015,4,State,urban/rural,Education,statesector,1,Jharkhand,NA,Primary,NA,NA,NA,NA
3433,0.099850729,0.007514555,2015,4,State,urban/rural,Education,statesector,1,Jharkhand,NA,Secondary,NA,NA,NA,NA
3434,0.020386819,0.000655427,2015,4,State,urban/rural,Education,statesector,1,Jharkhand,NA,Higher,NA,NA,NA,NA
3435,0.513099968,0.014992682,2015,4,State,urban/rural,Education,statesector,1,Jharkhand,NA,NA,NA,NA,NA,NA
3436,0.351035297,0.088726744,2015,4,State,urban/rural,Education,statesector,0,Karnataka,NA,No education / Preschool,NA,NA,NA,NA
3437,0.241724789,0.045842912,2015,4,State,urban/rural,Education,statesector,0,Karnataka,NA,Primary,NA,NA,NA,NA
3438,0.153601825,0.007028122,2015,4,State,urban/rural,Education,statesector,0,Karnataka,NA,Secondary,NA,NA,NA,NA
3439,0.070698142,0,2015,4,State,urban/rural,Education,statesector,0,Karnataka,NA,Higher,NA,NA,NA,NA
3440,0.164132372,0,2015,4,State,urban/rural,Education,statesector,0,Karnataka,NA,NA,NA,NA,NA,NA
3441,0.168910503,0.029583024,2015,4,State,urban/rural,Education,statesector,1,Karnataka,NA,No education / Preschool,NA,NA,NA,NA
3442,0.077103801,0.016235178,2015,4,State,urban/rural,Education,statesector,1,Karnataka,NA,Primary,NA,NA,NA,NA
3443,0.033435035,0.001879869,2015,4,State,urban/rural,Education,statesector,1,Karnataka,NA,Secondary,NA,NA,NA,NA
3444,0.006694226,0,2015,4,State,urban/rural,Education,statesector,1,Karnataka,NA,Higher,NA,NA,NA,NA
3445,0.077782452,0,2015,4,State,urban/rural,Education,statesector,1,Karnataka,NA,NA,NA,NA,NA,NA
3446,0.077657036,0.009580283,2015,4,State,urban/rural,Education,statesector,0,Kerala,NA,No education / Preschool,NA,NA,NA,NA
3447,0.019684263,0.001401447,2015,4,State,urban/rural,Education,statesector,0,Kerala,NA,Primary,NA,NA,NA,NA
3448,0.006878827,0.000504412,2015,4,State,urban/rural,Education,statesector,0,Kerala,NA,Secondary,NA,NA,NA,NA
3449,0,0,2015,4,State,urban/rural,Education,statesector,0,Kerala,NA,Higher,NA,NA,NA,NA
3450,0.003607561,0,2015,4,State,urban/rural,Education,statesector,0,Kerala,NA,NA,NA,NA,NA,NA
3451,0.013507741,0,2015,4,State,urban/rural,Education,statesector,1,Kerala,NA,No education / Preschool,NA,NA,NA,NA
3452,0.012968014,0,2015,4,State,urban/rural,Education,statesector,1,Kerala,NA,Primary,NA,NA,NA,NA
3453,0.005286059,0,2015,4,State,urban/rural,Education,statesector,1,Kerala,NA,Secondary,NA,NA,NA,NA
3454,0,0,2015,4,State,urban/rural,Education,statesector,1,Kerala,NA,Higher,NA,NA,NA,NA
3455,0,0,2015,4,State,urban/rural,Education,statesector,1,Kerala,NA,NA,NA,NA,NA,NA
3456,0,0,2015,4,State,urban/rural,Education,statesector,0,Lakshadweep,NA,No education / Preschool,NA,NA,NA,NA
3457,0.019649737,0,2015,4,State,urban/rural,Education,statesector,0,Lakshadweep,NA,Primary,NA,NA,NA,NA
3458,0.0224817,0,2015,4,State,urban/rural,Education,statesector,0,Lakshadweep,NA,Secondary,NA,NA,NA,NA
3459,0,0,2015,4,State,urban/rural,Education,statesector,0,Lakshadweep,NA,Higher,NA,NA,NA,NA
3460,0,0,2015,4,State,urban/rural,Education,statesector,1,Lakshadweep,NA,No education / Preschool,NA,NA,NA,NA
3461,0.0086924,0,2015,4,State,urban/rural,Education,statesector,1,Lakshadweep,NA,Primary,NA,NA,NA,NA
3462,0.034340259,0,2015,4,State,urban/rural,Education,statesector,1,Lakshadweep,NA,Secondary,NA,NA,NA,NA
3463,0,0,2015,4,State,urban/rural,Education,statesector,1,Lakshadweep,NA,Higher,NA,NA,NA,NA
3464,0,0,2015,4,State,urban/rural,Education,statesector,1,Lakshadweep,NA,NA,NA,NA,NA,NA
3465,0.670854509,0.287585646,2015,4,State,urban/rural,Education,statesector,0,Madhya Pradesh,NA,No education / Preschool,NA,NA,NA,NA
3466,0.556225121,0.189906061,2015,4,State,urban/rural,Education,statesector,0,Madhya Pradesh,NA,Primary,NA,NA,NA,NA
3467,0.374923199,0.047772396,2015,4,State,urban/rural,Education,statesector,0,Madhya Pradesh,NA,Secondary,NA,NA,NA,NA
3468,0.183281451,0.021556394,2015,4,State,urban/rural,Education,statesector,0,Madhya Pradesh,NA,Higher,NA,NA,NA,NA
3469,0.484490246,0.120963924,2015,4,State,urban/rural,Education,statesector,0,Madhya Pradesh,NA,NA,NA,NA,NA,NA
3470,0.33819145,0.108305663,2015,4,State,urban/rural,Education,statesector,1,Madhya Pradesh,NA,No education / Preschool,NA,NA,NA,NA
3471,0.227645159,0.066843435,2015,4,State,urban/rural,Education,statesector,1,Madhya Pradesh,NA,Primary,NA,NA,NA,NA
3472,0.077889018,0.007479795,2015,4,State,urban/rural,Education,statesector,1,Madhya Pradesh,NA,Secondary,NA,NA,NA,NA
3473,0.011252291,0.000201735,2015,4,State,urban/rural,Education,statesector,1,Madhya Pradesh,NA,Higher,NA,NA,NA,NA
3474,0.116906047,0.048481736,2015,4,State,urban/rural,Education,statesector,1,Madhya Pradesh,NA,NA,NA,NA,NA,NA
3475,0.454991907,0.135221228,2015,4,State,urban/rural,Education,statesector,0,Maharashtra,NA,No education / Preschool,NA,NA,NA,NA
3476,0.312652618,0.065111704,2015,4,State,urban/rural,Education,statesector,0,Maharashtra,NA,Primary,NA,NA,NA,NA
3477,0.175972044,0.016074862,2015,4,State,urban/rural,Education,statesector,0,Maharashtra,NA,Secondary,NA,NA,NA,NA
3478,0.054920088,0.003343983,2015,4,State,urban/rural,Education,statesector,0,Maharashtra,NA,Higher,NA,NA,NA,NA
3479,0.189120755,0,2015,4,State,urban/rural,Education,statesector,0,Maharashtra,NA,NA,NA,NA,NA,NA
3480,0.165292665,0.032868005,2015,4,State,urban/rural,Education,statesector,1,Maharashtra,NA,No education / Preschool,NA,NA,NA,NA
3481,0.09179616,0.02099853,2015,4,State,urban/rural,Education,statesector,1,Maharashtra,NA,Primary,NA,NA,NA,NA
3482,0.027764443,0.000714882,2015,4,State,urban/rural,Education,statesector,1,Maharashtra,NA,Secondary,NA,NA,NA,NA
3483,0.009328902,0,2015,4,State,urban/rural,Education,statesector,1,Maharashtra,NA,Higher,NA,NA,NA,NA
3484,0.009594595,0.009594595,2015,4,State,urban/rural,Education,statesector,1,Maharashtra,NA,NA,NA,NA,NA,NA
3485,0.360103786,0.095304474,2015,4,State,urban/rural,Education,statesector,0,Manipur,NA,No education / Preschool,NA,NA,NA,NA
3486,0.364850819,0.10312134,2015,4,State,urban/rural,Education,statesector,0,Manipur,NA,Primary,NA,NA,NA,NA
3487,0.218209878,0.017885815,2015,4,State,urban/rural,Education,statesector,0,Manipur,NA,Secondary,NA,NA,NA,NA
3488,0.107589446,0.010458397,2015,4,State,urban/rural,Education,statesector,0,Manipur,NA,Higher,NA,NA,NA,NA
3489,0.108558789,0,2015,4,State,urban/rural,Education,statesector,0,Manipur,NA,NA,NA,NA,NA,NA
3490,0.229112044,0.037667058,2015,4,State,urban/rural,Education,statesector,1,Manipur,NA,No education / Preschool,NA,NA,NA,NA
3491,0.215692595,0.054233123,2015,4,State,urban/rural,Education,statesector,1,Manipur,NA,Primary,NA,NA,NA,NA
3492,0.126345634,0.005480954,2015,4,State,urban/rural,Education,statesector,1,Manipur,NA,Secondary,NA,NA,NA,NA
3493,0.063666135,0.003628045,2015,4,State,urban/rural,Education,statesector,1,Manipur,NA,Higher,NA,NA,NA,NA
3494,0.287249625,0.065045975,2015,4,State,urban/rural,Education,statesector,1,Manipur,NA,NA,NA,NA,NA,NA
3495,0.508306503,0.21323368,2015,4,State,urban/rural,Education,statesector,0,Meghalaya,NA,No education / Preschool,NA,NA,NA,NA
3496,0.476077348,0.190605775,2015,4,State,urban/rural,Education,statesector,0,Meghalaya,NA,Primary,NA,NA,NA,NA
3497,0.203935534,0.017921411,2015,4,State,urban/rural,Education,statesector,0,Meghalaya,NA,Secondary,NA,NA,NA,NA
3498,0.055812601,0.007028681,2015,4,State,urban/rural,Education,statesector,0,Meghalaya,NA,Higher,NA,NA,NA,NA
3499,0.288110316,0,2015,4,State,urban/rural,Education,statesector,0,Meghalaya,NA,NA,NA,NA,NA,NA
3500,0.251281887,0.045878954,2015,4,State,urban/rural,Education,statesector,1,Meghalaya,NA,No education / Preschool,NA,NA,NA,NA
3501,0.205381364,0.041201405,2015,4,State,urban/rural,Education,statesector,1,Meghalaya,NA,Primary,NA,NA,NA,NA
3502,0.055508099,0,2015,4,State,urban/rural,Education,statesector,1,Meghalaya,NA,Secondary,NA,NA,NA,NA
3503,0.011086829,0,2015,4,State,urban/rural,Education,statesector,1,Meghalaya,NA,Higher,NA,NA,NA,NA
3504,0,0,2015,4,State,urban/rural,Education,statesector,1,Meghalaya,NA,NA,NA,NA,NA,NA
3505,0.469861537,0.246639207,2015,4,State,urban/rural,Education,statesector,0,Mizoram,NA,No education / Preschool,NA,NA,NA,NA
3506,0.201024726,0.067438178,2015,4,State,urban/rural,Education,statesector,0,Mizoram,NA,Primary,NA,NA,NA,NA
3507,0.109320216,0.016638545,2015,4,State,urban/rural,Education,statesector,0,Mizoram,NA,Secondary,NA,NA,NA,NA
3508,0.016166292,0,2015,4,State,urban/rural,Education,statesector,0,Mizoram,NA,Higher,NA,NA,NA,NA
3509,0.058022443,0,2015,4,State,urban/rural,Education,statesector,0,Mizoram,NA,NA,NA,NA,NA,NA
3510,0.050936695,0.011719756,2015,4,State,urban/rural,Education,statesector,1,Mizoram,NA,No education / Preschool,NA,NA,NA,NA
3511,0.032905314,0.005482982,2015,4,State,urban/rural,Education,statesector,1,Mizoram,NA,Primary,NA,NA,NA,NA
3512,0.006289748,0,2015,4,State,urban/rural,Education,statesector,1,Mizoram,NA,Secondary,NA,NA,NA,NA
3513,0,0,2015,4,State,urban/rural,Education,statesector,1,Mizoram,NA,Higher,NA,NA,NA,NA
3514,0.014922847,0,2015,4,State,urban/rural,Education,statesector,1,Mizoram,NA,NA,NA,NA,NA,NA
3515,0.508880556,0.195235521,2015,4,State,urban/rural,Education,statesector,0,Nagaland,NA,No education / Preschool,NA,NA,NA,NA
3516,0.42027992,0.122951083,2015,4,State,urban/rural,Education,statesector,0,Nagaland,NA,Primary,NA,NA,NA,NA
3517,0.165939733,0.011996626,2015,4,State,urban/rural,Education,statesector,0,Nagaland,NA,Secondary,NA,NA,NA,NA
3518,0.04238674,0.002589829,2015,4,State,urban/rural,Education,statesector,0,Nagaland,NA,Higher,NA,NA,NA,NA
3519,0.276249766,0,2015,4,State,urban/rural,Education,statesector,0,Nagaland,NA,NA,NA,NA,NA,NA
3520,0.295785636,0.087480575,2015,4,State,urban/rural,Education,statesector,1,Nagaland,NA,No education / Preschool,NA,NA,NA,NA
3521,0.221768618,0.080304593,2015,4,State,urban/rural,Education,statesector,1,Nagaland,NA,Primary,NA,NA,NA,NA
3522,0.070346542,0.003972014,2015,4,State,urban/rural,Education,statesector,1,Nagaland,NA,Secondary,NA,NA,NA,NA
3523,0.017662531,0,2015,4,State,urban/rural,Education,statesector,1,Nagaland,NA,Higher,NA,NA,NA,NA
3524,0.244261444,0.065715805,2015,4,State,urban/rural,Education,statesector,1,Nagaland,NA,NA,NA,NA,NA,NA
3525,0.591979802,0.236881196,2015,4,State,urban/rural,Education,statesector,0,Odisha,NA,No education / Preschool,NA,NA,NA,NA
3526,0.429579586,0.123930804,2015,4,State,urban/rural,Education,statesector,0,Odisha,NA,Primary,NA,NA,NA,NA
3527,0.242667824,0.020094858,2015,4,State,urban/rural,Education,statesector,0,Odisha,NA,Secondary,NA,NA,NA,NA
3528,0.077724673,0.002988494,2015,4,State,urban/rural,Education,statesector,0,Odisha,NA,Higher,NA,NA,NA,NA
3529,0.398553938,0.185569137,2015,4,State,urban/rural,Education,statesector,0,Odisha,NA,NA,NA,NA,NA,NA
3530,0.384035677,0.150460929,2015,4,State,urban/rural,Education,statesector,1,Odisha,NA,No education / Preschool,NA,NA,NA,NA
3531,0.193592519,0.0564216,2015,4,State,urban/rural,Education,statesector,1,Odisha,NA,Primary,NA,NA,NA,NA
3532,0.067775548,0.005589195,2015,4,State,urban/rural,Education,statesector,1,Odisha,NA,Secondary,NA,NA,NA,NA
3533,0.006669851,0,2015,4,State,urban/rural,Education,statesector,1,Odisha,NA,Higher,NA,NA,NA,NA
3534,0.158036277,0.099840119,2015,4,State,urban/rural,Education,statesector,1,Odisha,NA,NA,NA,NA,NA,NA
3535,0.114798829,0.007944045,2015,4,State,urban/rural,Education,statesector,0,Puducherry,NA,No education / Preschool,NA,NA,NA,NA
3536,0.110188752,0.017031619,2015,4,State,urban/rural,Education,statesector,0,Puducherry,NA,Primary,NA,NA,NA,NA
3537,0.047051657,0,2015,4,State,urban/rural,Education,statesector,0,Puducherry,NA,Secondary,NA,NA,NA,NA
3538,0.015340595,0,2015,4,State,urban/rural,Education,statesector,0,Puducherry,NA,Higher,NA,NA,NA,NA
3539,0,0,2015,4,State,urban/rural,Education,statesector,0,Puducherry,NA,NA,NA,NA,NA,NA
3540,0.046463128,0.001811177,2015,4,State,urban/rural,Education,statesector,1,Puducherry,NA,No education / Preschool,NA,NA,NA,NA
3541,0.030967508,0.015241245,2015,4,State,urban/rural,Education,statesector,1,Puducherry,NA,Primary,NA,NA,NA,NA
3542,0.009765639,0,2015,4,State,urban/rural,Education,statesector,1,Puducherry,NA,Secondary,NA,NA,NA,NA
3543,0,0,2015,4,State,urban/rural,Education,statesector,1,Puducherry,NA,Higher,NA,NA,NA,NA
3544,0,0,2015,4,State,urban/rural,Education,statesector,1,Puducherry,NA,NA,NA,NA,NA,NA
3545,0.136501402,0.034512617,2015,4,State,urban/rural,Education,statesector,0,Punjab,NA,No education / Preschool,NA,NA,NA,NA
3546,0.08495269,0.010557292,2015,4,State,urban/rural,Education,statesector,0,Punjab,NA,Primary,NA,NA,NA,NA
3547,0.018752865,0.00073301,2015,4,State,urban/rural,Education,statesector,0,Punjab,NA,Secondary,NA,NA,NA,NA
3548,0.004859009,0,2015,4,State,urban/rural,Education,statesector,0,Punjab,NA,Higher,NA,NA,NA,NA
3549,0,0,2015,4,State,urban/rural,Education,statesector,0,Punjab,NA,NA,NA,NA,NA,NA
3550,0.145198017,0.05780071,2015,4,State,urban/rural,Education,statesector,1,Punjab,NA,No education / Preschool,NA,NA,NA,NA
3551,0.069218725,0.012913808,2015,4,State,urban/rural,Education,statesector,1,Punjab,NA,Primary,NA,NA,NA,NA
3552,0.006066616,0,2015,4,State,urban/rural,Education,statesector,1,Punjab,NA,Secondary,NA,NA,NA,NA
3553,0.007366541,0,2015,4,State,urban/rural,Education,statesector,1,Punjab,NA,Higher,NA,NA,NA,NA
3554,0,0,2015,4,State,urban/rural,Education,statesector,1,Punjab,NA,NA,NA,NA,NA,NA
3555,0.521605134,0.222433642,2015,4,State,urban/rural,Education,statesector,0,Rajasthan,NA,No education / Preschool,NA,NA,NA,NA
3556,0.442829907,0.185757712,2015,4,State,urban/rural,Education,statesector,0,Rajasthan,NA,Primary,NA,NA,NA,NA
3557,0.232193217,0.034842435,2015,4,State,urban/rural,Education,statesector,0,Rajasthan,NA,Secondary,NA,NA,NA,NA
3558,0.132876322,0.005254602,2015,4,State,urban/rural,Education,statesector,0,Rajasthan,NA,Higher,NA,NA,NA,NA
3559,0.299329579,0.036710367,2015,4,State,urban/rural,Education,statesector,0,Rajasthan,NA,NA,NA,NA,NA,NA
3560,0.275370479,0.104368217,2015,4,State,urban/rural,Education,statesector,1,Rajasthan,NA,No education / Preschool,NA,NA,NA,NA
3561,0.20225291,0.048944388,2015,4,State,urban/rural,Education,statesector,1,Rajasthan,NA,Primary,NA,NA,NA,NA
3562,0.054329135,0.007073984,2015,4,State,urban/rural,Education,statesector,1,Rajasthan,NA,Secondary,NA,NA,NA,NA
3563,0.009422726,0,2015,4,State,urban/rural,Education,statesector,1,Rajasthan,NA,Higher,NA,NA,NA,NA
3564,0.111330099,0.049291391,2015,4,State,urban/rural,Education,statesector,1,Rajasthan,NA,NA,NA,NA,NA,NA
3565,0.089037918,0.009147966,2015,4,State,urban/rural,Education,statesector,0,Sikkim,NA,No education / Preschool,NA,NA,NA,NA
3566,0.078439377,0.01285962,2015,4,State,urban/rural,Education,statesector,0,Sikkim,NA,Primary,NA,NA,NA,NA
3567,0.018516632,0.000962016,2015,4,State,urban/rural,Education,statesector,0,Sikkim,NA,Secondary,NA,NA,NA,NA
3568,0.009016044,0,2015,4,State,urban/rural,Education,statesector,0,Sikkim,NA,Higher,NA,NA,NA,NA
3569,0,0,2015,4,State,urban/rural,Education,statesector,0,Sikkim,NA,NA,NA,NA,NA,NA
3570,0.113734208,0,2015,4,State,urban/rural,Education,statesector,1,Sikkim,NA,No education / Preschool,NA,NA,NA,NA
3571,0.04080686,0,2015,4,State,urban/rural,Education,statesector,1,Sikkim,NA,Primary,NA,NA,NA,NA
3572,0.007887424,0,2015,4,State,urban/rural,Education,statesector,1,Sikkim,NA,Secondary,NA,NA,NA,NA
3573,0,0,2015,4,State,urban/rural,Education,statesector,1,Sikkim,NA,Higher,NA,NA,NA,NA
3574,0.150183156,0.150183156,2015,4,State,urban/rural,Education,statesector,1,Sikkim,NA,NA,NA,NA,NA,NA
3575,0.182587847,0.018964918,2015,4,State,urban/rural,Education,statesector,0,Tamil Nadu,NA,No education / Preschool,NA,NA,NA,NA
3576,0.156035662,0.011572302,2015,4,State,urban/rural,Education,statesector,0,Tamil Nadu,NA,Primary,NA,NA,NA,NA
3577,0.058440551,0.002169563,2015,4,State,urban/rural,Education,statesector,0,Tamil Nadu,NA,Secondary,NA,NA,NA,NA
3578,0.031564709,0,2015,4,State,urban/rural,Education,statesector,0,Tamil Nadu,NA,Higher,NA,NA,NA,NA
3579,0.149685457,0,2015,4,State,urban/rural,Education,statesector,0,Tamil Nadu,NA,NA,NA,NA,NA,NA
3580,0.081974968,0.007103198,2015,4,State,urban/rural,Education,statesector,1,Tamil Nadu,NA,No education / Preschool,NA,NA,NA,NA
3581,0.062482435,0.006815814,2015,4,State,urban/rural,Education,statesector,1,Tamil Nadu,NA,Primary,NA,NA,NA,NA
3582,0.013627343,0.000198124,2015,4,State,urban/rural,Education,statesector,1,Tamil Nadu,NA,Secondary,NA,NA,NA,NA
3583,0.003949771,0,2015,4,State,urban/rural,Education,statesector,1,Tamil Nadu,NA,Higher,NA,NA,NA,NA
3584,0.023468016,0,2015,4,State,urban/rural,Education,statesector,1,Tamil Nadu,NA,NA,NA,NA,NA,NA
3585,0.361572862,0.081762597,2015,4,State,urban/rural,Education,statesector,0,Telangana,NA,No education / Preschool,NA,NA,NA,NA
3586,0.290954202,0.067205615,2015,4,State,urban/rural,Education,statesector,0,Telangana,NA,Primary,NA,NA,NA,NA
3587,0.114877798,0.005789942,2015,4,State,urban/rural,Education,statesector,0,Telangana,NA,Secondary,NA,NA,NA,NA
3588,0.061563727,0.006445859,2015,4,State,urban/rural,Education,statesector,0,Telangana,NA,Higher,NA,NA,NA,NA
3589,0.305716336,0.102529645,2015,4,State,urban/rural,Education,statesector,0,Telangana,NA,NA,NA,NA,NA,NA
3590,0.157714069,0.037500855,2015,4,State,urban/rural,Education,statesector,1,Telangana,NA,No education / Preschool,NA,NA,NA,NA
3591,0.109271944,0.01213718,2015,4,State,urban/rural,Education,statesector,1,Telangana,NA,Primary,NA,NA,NA,NA
3592,0.019095033,0.001779053,2015,4,State,urban/rural,Education,statesector,1,Telangana,NA,Secondary,NA,NA,NA,NA
3593,0.002622531,0,2015,4,State,urban/rural,Education,statesector,1,Telangana,NA,Higher,NA,NA,NA,NA
3594,0,0,2015,4,State,urban/rural,Education,statesector,1,Telangana,NA,NA,NA,NA,NA,NA
3595,0.395037919,0.139318138,2015,4,State,urban/rural,Education,statesector,0,Tripura,NA,No education / Preschool,NA,NA,NA,NA
3596,0.317757815,0.097801529,2015,4,State,urban/rural,Education,statesector,0,Tripura,NA,Primary,NA,NA,NA,NA
3597,0.124484286,0.009237311,2015,4,State,urban/rural,Education,statesector,0,Tripura,NA,Secondary,NA,NA,NA,NA
3598,0.032937437,0,2015,4,State,urban/rural,Education,statesector,0,Tripura,NA,Higher,NA,NA,NA,NA
3599,0,0,2015,4,State,urban/rural,Education,statesector,0,Tripura,NA,NA,NA,NA,NA,NA
3600,0.231549561,0.020812783,2015,4,State,urban/rural,Education,statesector,1,Tripura,NA,No education / Preschool,NA,NA,NA,NA
3601,0.175948933,0.042673711,2015,4,State,urban/rural,Education,statesector,1,Tripura,NA,Primary,NA,NA,NA,NA
3602,0.039792754,0,2015,4,State,urban/rural,Education,statesector,1,Tripura,NA,Secondary,NA,NA,NA,NA
3603,0.003146874,0,2015,4,State,urban/rural,Education,statesector,1,Tripura,NA,Higher,NA,NA,NA,NA
3604,0,0,2015,4,State,urban/rural,Education,statesector,1,Tripura,NA,NA,NA,NA,NA,NA
3605,0.638167083,0.278166205,2015,4,State,urban/rural,Education,statesector,0,Uttar Pradesh,NA,No education / Preschool,NA,NA,NA,NA
3606,0.552192926,0.221343994,2015,4,State,urban/rural,Education,statesector,0,Uttar Pradesh,NA,Primary,NA,NA,NA,NA
3607,0.344429791,0.051668577,2015,4,State,urban/rural,Education,statesector,0,Uttar Pradesh,NA,Secondary,NA,NA,NA,NA
3608,0.18169108,0.018064281,2015,4,State,urban/rural,Education,statesector,0,Uttar Pradesh,NA,Higher,NA,NA,NA,NA
3609,0.450655073,0.127938762,2015,4,State,urban/rural,Education,statesector,0,Uttar Pradesh,NA,NA,NA,NA,NA,NA
3610,0.397950172,0.171444371,2015,4,State,urban/rural,Education,statesector,1,Uttar Pradesh,NA,No education / Preschool,NA,NA,NA,NA
3611,0.259526908,0.089146167,2015,4,State,urban/rural,Education,statesector,1,Uttar Pradesh,NA,Primary,NA,NA,NA,NA
3612,0.08024244,0.012581762,2015,4,State,urban/rural,Education,statesector,1,Uttar Pradesh,NA,Secondary,NA,NA,NA,NA
3613,0.0099047,0.000230857,2015,4,State,urban/rural,Education,statesector,1,Uttar Pradesh,NA,Higher,NA,NA,NA,NA
3614,0.121247731,0.026582861,2015,4,State,urban/rural,Education,statesector,1,Uttar Pradesh,NA,NA,NA,NA,NA,NA
3615,0.348656982,0.093828432,2015,4,State,urban/rural,Education,statesector,0,Uttarakhand,NA,No education / Preschool,NA,NA,NA,NA
3616,0.292512864,0.080560945,2015,4,State,urban/rural,Education,statesector,0,Uttarakhand,NA,Primary,NA,NA,NA,NA
3617,0.126235157,0.008762939,2015,4,State,urban/rural,Education,statesector,0,Uttarakhand,NA,Secondary,NA,NA,NA,NA
3618,0.038586866,0.0047335,2015,4,State,urban/rural,Education,statesector,0,Uttarakhand,NA,Higher,NA,NA,NA,NA
3619,0.197383925,0.098536603,2015,4,State,urban/rural,Education,statesector,0,Uttarakhand,NA,NA,NA,NA,NA,NA
3620,0.274520725,0.090816312,2015,4,State,urban/rural,Education,statesector,1,Uttarakhand,NA,No education / Preschool,NA,NA,NA,NA
3621,0.160895705,0.029355019,2015,4,State,urban/rural,Education,statesector,1,Uttarakhand,NA,Primary,NA,NA,NA,NA
3622,0.015683373,0.003408011,2015,4,State,urban/rural,Education,statesector,1,Uttarakhand,NA,Secondary,NA,NA,NA,NA
3623,0.005417585,0,2015,4,State,urban/rural,Education,statesector,1,Uttarakhand,NA,Higher,NA,NA,NA,NA
3624,0.071319312,0,2015,4,State,urban/rural,Education,statesector,1,Uttarakhand,NA,NA,NA,NA,NA,NA
3625,0.47741735,0.152233228,2015,4,State,urban/rural,Education,statesector,0,West Bengal,NA,No education / Preschool,NA,NA,NA,NA
3626,0.368319362,0.109153427,2015,4,State,urban/rural,Education,statesector,0,West Bengal,NA,Primary,NA,NA,NA,NA
3627,0.148851156,0.012003009,2015,4,State,urban/rural,Education,statesector,0,West Bengal,NA,Secondary,NA,NA,NA,NA
3628,0.043111563,0,2015,4,State,urban/rural,Education,statesector,0,West Bengal,NA,Higher,NA,NA,NA,NA
3629,0.406955063,0.147168905,2015,4,State,urban/rural,Education,statesector,0,West Bengal,NA,NA,NA,NA,NA,NA
3630,0.327066422,0.11392232,2015,4,State,urban/rural,Education,statesector,1,West Bengal,NA,No education / Preschool,NA,NA,NA,NA
3631,0.176673725,0.032769259,2015,4,State,urban/rural,Education,statesector,1,West Bengal,NA,Primary,NA,NA,NA,NA
3632,0.058927715,0.007366875,2015,4,State,urban/rural,Education,statesector,1,West Bengal,NA,Secondary,NA,NA,NA,NA
3633,0.005052126,0,2015,4,State,urban/rural,Education,statesector,1,West Bengal,NA,Higher,NA,NA,NA,NA
3634,0,0,2015,4,State,urban/rural,Education,statesector,1,West Bengal,NA,NA,NA,NA,NA,NA
3635,0.273336828,0.084533744,2015,4,National,All,Gender,allindia,99,India,NA,NA,1,NA,NA,NA
3636,0.32087329,0.111211926,2015,4,National,All,Gender,allindia,99,India,NA,NA,2,NA,NA,NA
3637,0.284616202,0.138849497,2015,4,National,All,Gender,allindia,99,India,NA,NA,NA,NA,NA,NA
3638,0.360721886,0.113275826,2015,4,National,urban/rural,Gender,indiasector,0,India,NA,NA,1,NA,NA,NA
3639,0.426049739,0.153278485,2015,4,National,urban/rural,Gender,indiasector,0,India,NA,NA,2,NA,NA,NA
3640,0.363175601,0.182296813,2015,4,National,urban/rural,Gender,indiasector,0,India,NA,NA,NA,NA,NA,NA
3641,0.089537911,0.024079889,2015,4,National,urban/rural,Gender,indiasector,1,India,NA,NA,1,NA,NA,NA
3642,0.108425193,0.02624079,2015,4,National,urban/rural,Gender,indiasector,1,India,NA,NA,2,NA,NA,NA
3643,0.06256669,0.016044917,2015,4,National,urban/rural,Gender,indiasector,1,India,NA,NA,NA,NA,NA,NA
3644,0.064066783,0.009798102,2015,4,State,All,Gender,state,99,Andaman & Nicobar Islands,NA,NA,1,NA,NA,NA
3645,0.095102035,0.010232265,2015,4,State,All,Gender,state,99,Andaman & Nicobar Islands,NA,NA,2,NA,NA,NA
3646,0,0,2015,4,State,All,Gender,state,99,Andaman & Nicobar Islands,NA,NA,NA,NA,NA,NA
3647,0.147539094,0.031411089,2015,4,State,All,Gender,state,99,Andhra Pradesh,NA,NA,1,NA,NA,NA
3648,0.22911343,0.036671359,2015,4,State,All,Gender,state,99,Andhra Pradesh,NA,NA,2,NA,NA,NA
3649,0.412358016,0,2015,4,State,All,Gender,state,99,Andhra Pradesh,NA,NA,NA,NA,NA,NA
3650,0.247435391,0.077050798,2015,4,State,All,Gender,state,99,Arunachal Pradesh,NA,NA,1,NA,NA,NA
3651,0.201613858,0.060210302,2015,4,State,All,Gender,state,99,Arunachal Pradesh,NA,NA,2,NA,NA,NA
3652,0,0,2015,4,State,All,Gender,state,99,Arunachal Pradesh,NA,NA,NA,NA,NA,NA
3653,0.359269112,0.120746791,2015,4,State,All,Gender,state,99,Assam,NA,NA,1,NA,NA,NA
3654,0.384364158,0.13148576,2015,4,State,All,Gender,state,99,Assam,NA,NA,2,NA,NA,NA
3655,0.212098032,0,2015,4,State,All,Gender,state,99,Assam,NA,NA,NA,NA,NA,NA
3656,0.502622068,0.204589203,2015,4,State,All,Gender,state,99,Bihar,NA,NA,1,NA,NA,NA
3657,0.607896984,0.297991246,2015,4,State,All,Gender,state,99,Bihar,NA,NA,2,NA,NA,NA
3658,0.488798499,0.339413404,2015,4,State,All,Gender,state,99,Bihar,NA,NA,NA,NA,NA,NA
3659,0.05067933,0.013112864,2015,4,State,All,Gender,state,99,Chandigarh,NA,NA,1,NA,NA,NA
3660,0.024429491,0.013153116,2015,4,State,All,Gender,state,99,Chandigarh,NA,NA,2,NA,NA,NA
3661,0.364102006,0.090577483,2015,4,State,All,Gender,state,99,Chhattisgarh,NA,NA,1,NA,NA,NA
3662,0.401514828,0.088118739,2015,4,State,All,Gender,state,99,Chhattisgarh,NA,NA,2,NA,NA,NA
3663,0,0,2015,4,State,All,Gender,state,99,Chhattisgarh,NA,NA,NA,NA,NA,NA
3664,0.247948647,0.065413162,2015,4,State,All,Gender,state,99,Dadra & Nagar Haveli and Daman & Diu,NA,NA,1,NA,NA,NA
3665,0.20855692,0.048323657,2015,4,State,All,Gender,state,99,Dadra & Nagar Haveli and Daman & Diu,NA,NA,2,NA,NA,NA
3666,0.042067692,0.009431323,2015,4,State,All,Gender,state,99,Delhi,NA,NA,1,NA,NA,NA
3667,0.047414128,0.012287852,2015,4,State,All,Gender,state,99,Delhi,NA,NA,2,NA,NA,NA
3668,0,0,2015,4,State,All,Gender,state,99,Delhi,NA,NA,NA,NA,NA,NA
3669,0.059478991,0.00465921,2015,4,State,All,Gender,state,99,Goa,NA,NA,1,NA,NA,NA
3670,0.036525033,0.002566242,2015,4,State,All,Gender,state,99,Goa,NA,NA,2,NA,NA,NA
3671,0.214605629,0.054027162,2015,4,State,All,Gender,state,99,Gujarat,NA,NA,1,NA,NA,NA
3672,0.240098521,0.059706327,2015,4,State,All,Gender,state,99,Gujarat,NA,NA,2,NA,NA,NA
3673,0.626133204,0.055543721,2015,4,State,All,Gender,state,99,Gujarat,NA,NA,NA,NA,NA,NA
3674,0.109161519,0.026715465,2015,4,State,All,Gender,state,99,Haryana,NA,NA,1,NA,NA,NA
3675,0.110398695,0.027451212,2015,4,State,All,Gender,state,99,Haryana,NA,NA,2,NA,NA,NA
3676,0.227978468,0,2015,4,State,All,Gender,state,99,Haryana,NA,NA,NA,NA,NA,NA
3677,0.077181511,0.004733114,2015,4,State,All,Gender,state,99,Himachal Pradesh,NA,NA,1,NA,NA,NA
3678,0.094954185,0.0086167,2015,4,State,All,Gender,state,99,Himachal Pradesh,NA,NA,2,NA,NA,NA
3679,0.165621489,0,2015,4,State,All,Gender,state,99,Himachal Pradesh,NA,NA,NA,NA,NA,NA
3680,0.151635721,0.033235792,2015,4,State,All,Gender,state,99,Jammu & Kashmir,NA,NA,1,NA,NA,NA
3681,0.162047923,0.034987066,2015,4,State,All,Gender,state,99,Jammu & Kashmir,NA,NA,2,NA,NA,NA
3682,0,0,2015,4,State,All,Gender,state,99,Jammu & Kashmir,NA,NA,NA,NA,NA,NA
3683,0.459393859,0.148958117,2015,4,State,All,Gender,state,99,Jharkhand,NA,NA,1,NA,NA,NA
3684,0.520430446,0.20546706,2015,4,State,All,Gender,state,99,Jharkhand,NA,NA,2,NA,NA,NA
3685,0.227396473,0,2015,4,State,All,Gender,state,99,Jharkhand,NA,NA,NA,NA,NA,NA
3686,0.166327327,0.031598657,2015,4,State,All,Gender,state,99,Karnataka,NA,NA,1,NA,NA,NA
3687,0.208504498,0.037807565,2015,4,State,All,Gender,state,99,Karnataka,NA,NA,2,NA,NA,NA
3688,0.229688257,0,2015,4,State,All,Gender,state,99,Karnataka,NA,NA,NA,NA,NA,NA
3689,0.009616192,0.000571386,2015,4,State,All,Gender,state,99,Kerala,NA,NA,1,NA,NA,NA
3690,0.015586265,0.001242148,2015,4,State,All,Gender,state,99,Kerala,NA,NA,2,NA,NA,NA
3691,0.031758506,0,2015,4,State,All,Gender,state,99,Kerala,NA,NA,NA,NA,NA,NA
3692,0.025346188,0,2015,4,State,All,Gender,state,99,Lakshadweep,NA,NA,1,NA,NA,NA
3693,0.005708576,0,2015,4,State,All,Gender,state,99,Lakshadweep,NA,NA,2,NA,NA,NA
3694,0.411263615,0.131515324,2015,4,State,All,Gender,state,99,Madhya Pradesh,NA,NA,1,NA,NA,NA
3695,0.397667706,0.116738223,2015,4,State,All,Gender,state,99,Madhya Pradesh,NA,NA,2,NA,NA,NA
3696,0.386835158,0.068712525,2015,4,State,All,Gender,state,99,Madhya Pradesh,NA,NA,NA,NA,NA,NA
3697,0.172158495,0.03520795,2015,4,State,All,Gender,state,99,Maharashtra,NA,NA,1,NA,NA,NA
3698,0.175853938,0.031406961,2015,4,State,All,Gender,state,99,Maharashtra,NA,NA,2,NA,NA,NA
3699,0.189619586,0.066695772,2015,4,State,All,Gender,state,99,Maharashtra,NA,NA,NA,NA,NA,NA
3700,0.214281172,0.03660452,2015,4,State,All,Gender,state,99,Manipur,NA,NA,1,NA,NA,NA
3701,0.188172579,0.022066897,2015,4,State,All,Gender,state,99,Manipur,NA,NA,2,NA,NA,NA
3702,0.088169001,0,2015,4,State,All,Gender,state,99,Manipur,NA,NA,NA,NA,NA,NA
3703,0.32951647,0.116081215,2015,4,State,All,Gender,state,99,Meghalaya,NA,NA,1,NA,NA,NA
3704,0.32304585,0.10254205,2015,4,State,All,Gender,state,99,Meghalaya,NA,NA,2,NA,NA,NA
3705,0.287876725,0,2015,4,State,All,Gender,state,99,Meghalaya,NA,NA,NA,NA,NA,NA
3706,0.104258336,0.036658466,2015,4,State,All,Gender,state,99,Mizoram,NA,NA,1,NA,NA,NA
3707,0.064174421,0.021311674,2015,4,State,All,Gender,state,99,Mizoram,NA,NA,2,NA,NA,NA
3708,0,0,2015,4,State,All,Gender,state,99,Mizoram,NA,NA,NA,NA,NA,NA
3709,0.241961733,0.065288834,2015,4,State,All,Gender,state,99,Nagaland,NA,NA,1,NA,NA,NA
3710,0.198613673,0.041131761,2015,4,State,All,Gender,state,99,Nagaland,NA,NA,2,NA,NA,NA
3711,0.180020764,0,2015,4,State,All,Gender,state,99,Nagaland,NA,NA,NA,NA,NA,NA
3712,0.356138259,0.105481982,2015,4,State,All,Gender,state,99,Odisha,NA,NA,1,NA,NA,NA
3713,0.379160136,0.112778977,2015,4,State,All,Gender,state,99,Odisha,NA,NA,2,NA,NA,NA
3714,0.332542658,0.264304429,2015,4,State,All,Gender,state,99,Odisha,NA,NA,NA,NA,NA,NA
3715,0.030698383,0.003989205,2015,4,State,All,Gender,state,99,Puducherry,NA,NA,1,NA,NA,NA
3716,0.052682299,0.000451814,2015,4,State,All,Gender,state,99,Puducherry,NA,NA,2,NA,NA,NA
3717,0.061384644,0.014099524,2015,4,State,All,Gender,state,99,Punjab,NA,NA,1,NA,NA,NA
3718,0.056754258,0.015554568,2015,4,State,All,Gender,state,99,Punjab,NA,NA,2,NA,NA,NA
3719,0,0,2015,4,State,All,Gender,state,99,Punjab,NA,NA,NA,NA,NA,NA
3720,0.316940516,0.111189559,2015,4,State,All,Gender,state,99,Rajasthan,NA,NA,1,NA,NA,NA
3721,0.348867238,0.131633922,2015,4,State,All,Gender,state,99,Rajasthan,NA,NA,2,NA,NA,NA
3722,0.127141431,0,2015,4,State,All,Gender,state,99,Rajasthan,NA,NA,NA,NA,NA,NA
3723,0.050005782,0.005569946,2015,4,State,All,Gender,state,99,Sikkim,NA,NA,1,NA,NA,NA
3724,0.039532222,0.001455049,2015,4,State,All,Gender,state,99,Sikkim,NA,NA,2,NA,NA,NA
3725,0,0,2015,4,State,All,Gender,state,99,Sikkim,NA,NA,NA,NA,NA,NA
3726,0.067105301,0.005108503,2015,4,State,All,Gender,state,99,Tamil Nadu,NA,NA,1,NA,NA,NA
3727,0.114830948,0.0101555,2015,4,State,All,Gender,state,99,Tamil Nadu,NA,NA,2,NA,NA,NA
3728,0.035706986,0,2015,4,State,All,Gender,state,99,Tamil Nadu,NA,NA,NA,NA,NA,NA
3729,0.166278541,0.033682022,2015,4,State,All,Gender,state,99,Telangana,NA,NA,1,NA,NA,NA
3730,0.239423826,0.045915335,2015,4,State,All,Gender,state,99,Telangana,NA,NA,2,NA,NA,NA
3731,0.771788955,0.771788955,2015,4,State,All,Gender,state,99,Telangana,NA,NA,NA,NA,NA,NA
3732,0.195654973,0.052880321,2015,4,State,All,Gender,state,99,Tripura,NA,NA,1,NA,NA,NA
3733,0.26414302,0.05279284,2015,4,State,All,Gender,state,99,Tripura,NA,NA,2,NA,NA,NA
3734,0,0,2015,4,State,All,Gender,state,99,Tripura,NA,NA,NA,NA,NA,NA
3735,0.404162496,0.138981804,2015,4,State,All,Gender,state,99,Uttar Pradesh,NA,NA,1,NA,NA,NA
3736,0.436991751,0.15381518,2015,4,State,All,Gender,state,99,Uttar Pradesh,NA,NA,2,NA,NA,NA
3737,0.429889947,0.334382057,2015,4,State,All,Gender,state,99,Uttar Pradesh,NA,NA,NA,NA,NA,NA
3738,0.169931844,0.041606758,2015,4,State,All,Gender,state,99,Uttarakhand,NA,NA,1,NA,NA,NA
3739,0.185995519,0.027315756,2015,4,State,All,Gender,state,99,Uttarakhand,NA,NA,2,NA,NA,NA
3740,0,0,2015,4,State,All,Gender,state,99,Uttarakhand,NA,NA,NA,NA,NA,NA
3741,0.258045614,0.068995506,2015,4,State,All,Gender,state,99,West Bengal,NA,NA,1,NA,NA,NA
3742,0.302979052,0.08986865,2015,4,State,All,Gender,state,99,West Bengal,NA,NA,2,NA,NA,NA
3743,0.128059179,0.068936363,2015,4,State,All,Gender,state,99,West Bengal,NA,NA,NA,NA,NA,NA
3744,0.104877338,0.017057184,2015,4,State,urban/rural,Gender,statesector,0,Andaman & Nicobar Islands,NA,NA,1,NA,NA,NA
3745,0.153741643,0.017564287,2015,4,State,urban/rural,Gender,statesector,0,Andaman & Nicobar Islands,NA,NA,2,NA,NA,NA
3746,0,0,2015,4,State,urban/rural,Gender,statesector,0,Andaman & Nicobar Islands,NA,NA,NA,NA,NA,NA
3747,0.008981864,0,2015,4,State,urban/rural,Gender,statesector,1,Andaman & Nicobar Islands,NA,NA,1,NA,NA,NA
3748,0.013267037,0,2015,4,State,urban/rural,Gender,statesector,1,Andaman & Nicobar Islands,NA,NA,2,NA,NA,NA
3749,0.186251462,0.039353542,2015,4,State,urban/rural,Gender,statesector,0,Andhra Pradesh,NA,NA,1,NA,NA,NA
3750,0.288862139,0.049681447,2015,4,State,urban/rural,Gender,statesector,0,Andhra Pradesh,NA,NA,2,NA,NA,NA
3751,0.587952137,0,2015,4,State,urban/rural,Gender,statesector,0,Andhra Pradesh,NA,NA,NA,NA,NA,NA
3752,0.053812213,0.012181536,2015,4,State,urban/rural,Gender,statesector,1,Andhra Pradesh,NA,NA,1,NA,NA,NA
3753,0.086961411,0.005718228,2015,4,State,urban/rural,Gender,statesector,1,Andhra Pradesh,NA,NA,2,NA,NA,NA
3754,0,0,2015,4,State,urban/rural,Gender,statesector,1,Andhra Pradesh,NA,NA,NA,NA,NA,NA
3755,0.299821615,0.095369473,2015,4,State,urban/rural,Gender,statesector,0,Arunachal Pradesh,NA,NA,1,NA,NA,NA
3756,0.264924556,0.078917421,2015,4,State,urban/rural,Gender,statesector,0,Arunachal Pradesh,NA,NA,2,NA,NA,NA
3757,0,0,2015,4,State,urban/rural,Gender,statesector,0,Arunachal Pradesh,NA,NA,NA,NA,NA,NA
3758,0.066839159,0.013899032,2015,4,State,urban/rural,Gender,statesector,1,Arunachal Pradesh,NA,NA,1,NA,NA,NA
3759,0.080192529,0.024332594,2015,4,State,urban/rural,Gender,statesector,1,Arunachal Pradesh,NA,NA,2,NA,NA,NA
3760,0,0,2015,4,State,urban/rural,Gender,statesector,1,Arunachal Pradesh,NA,NA,NA,NA,NA,NA
3761,0.396598965,0.1349096,2015,4,State,urban/rural,Gender,statesector,0,Assam,NA,NA,1,NA,NA,NA
3762,0.434964299,0.153914317,2015,4,State,urban/rural,Gender,statesector,0,Assam,NA,NA,2,NA,NA,NA
3763,0.216852173,0,2015,4,State,urban/rural,Gender,statesector,0,Assam,NA,NA,NA,NA,NA,NA
3764,0.104562379,0.024112025,2015,4,State,urban/rural,Gender,statesector,1,Assam,NA,NA,1,NA,NA,NA
3765,0.148588941,0.026978225,2015,4,State,urban/rural,Gender,statesector,1,Assam,NA,NA,2,NA,NA,NA
3766,0,0,2015,4,State,urban/rural,Gender,statesector,1,Assam,NA,NA,NA,NA,NA,NA
3767,0.546780109,0.223948345,2015,4,State,urban/rural,Gender,statesector,0,Bihar,NA,NA,1,NA,NA,NA
3768,0.646501184,0.319336742,2015,4,State,urban/rural,Gender,statesector,0,Bihar,NA,NA,2,NA,NA,NA
3769,0.522614241,0.362894475,2015,4,State,urban/rural,Gender,statesector,0,Bihar,NA,NA,NA,NA,NA,NA
3770,0.218727559,0.080128334,2015,4,State,urban/rural,Gender,statesector,1,Bihar,NA,NA,1,NA,NA,NA
3771,0.266039461,0.108967207,2015,4,State,urban/rural,Gender,statesector,1,Bihar,NA,NA,2,NA,NA,NA
3772,0,0,2015,4,State,urban/rural,Gender,statesector,1,Bihar,NA,NA,NA,NA,NA,NA
3773,0.260869563,0.076086953,2015,4,State,urban/rural,Gender,statesector,0,Chandigarh,NA,NA,1,NA,NA,NA
3774,0,0,2015,4,State,urban/rural,Gender,statesector,0,Chandigarh,NA,NA,2,NA,NA,NA
3775,0.041347444,0.010316983,2015,4,State,urban/rural,Gender,statesector,1,Chandigarh,NA,NA,1,NA,NA,NA
3776,0.02487704,0.013394081,2015,4,State,urban/rural,Gender,statesector,1,Chandigarh,NA,NA,2,NA,NA,NA
3777,0.435783952,0.109872527,2015,4,State,urban/rural,Gender,statesector,0,Chhattisgarh,NA,NA,1,NA,NA,NA
3778,0.494852334,0.113568731,2015,4,State,urban/rural,Gender,statesector,0,Chhattisgarh,NA,NA,2,NA,NA,NA
3779,0,0,2015,4,State,urban/rural,Gender,statesector,0,Chhattisgarh,NA,NA,NA,NA,NA,NA
3780,0.114750624,0.023458119,2015,4,State,urban/rural,Gender,statesector,1,Chhattisgarh,NA,NA,1,NA,NA,NA
3781,0.148386374,0.019099137,2015,4,State,urban/rural,Gender,statesector,1,Chhattisgarh,NA,NA,2,NA,NA,NA
3782,0.469853699,0.126536906,2015,4,State,urban/rural,Gender,statesector,0,Dadra & Nagar Haveli and Daman & Diu,NA,NA,1,NA,NA,NA
3783,0.375121683,0.109762631,2015,4,State,urban/rural,Gender,statesector,0,Dadra & Nagar Haveli and Daman & Diu,NA,NA,2,NA,NA,NA
3784,0.054031543,0.011998705,2015,4,State,urban/rural,Gender,statesector,1,Dadra & Nagar Haveli and Daman & Diu,NA,NA,1,NA,NA,NA
3785,0.084760368,0.002660139,2015,4,State,urban/rural,Gender,statesector,1,Dadra & Nagar Haveli and Daman & Diu,NA,NA,2,NA,NA,NA
3786,0.03059363,0,2015,4,State,urban/rural,Gender,statesector,0,Delhi,NA,NA,1,NA,NA,NA
3787,0,0,2015,4,State,urban/rural,Gender,statesector,0,Delhi,NA,NA,2,NA,NA,NA
3788,0.042161953,0.009508803,2015,4,State,urban/rural,Gender,statesector,1,Delhi,NA,NA,1,NA,NA,NA
3789,0.047880426,0.012408698,2015,4,State,urban/rural,Gender,statesector,1,Delhi,NA,NA,2,NA,NA,NA
3790,0,0,2015,4,State,urban/rural,Gender,statesector,1,Delhi,NA,NA,NA,NA,NA,NA
3791,0.08308129,0.004591329,2015,4,State,urban/rural,Gender,statesector,0,Goa,NA,NA,1,NA,NA,NA
3792,0.058525037,0.006066957,2015,4,State,urban/rural,Gender,statesector,0,Goa,NA,NA,2,NA,NA,NA
3793,0.045974296,0.004698051,2015,4,State,urban/rural,Gender,statesector,1,Goa,NA,NA,1,NA,NA,NA
3794,0.020397665,0,2015,4,State,urban/rural,Gender,statesector,1,Goa,NA,NA,2,NA,NA,NA
3795,0.321096152,0.08123713,2015,4,State,urban/rural,Gender,statesector,0,Gujarat,NA,NA,1,NA,NA,NA
3796,0.363781363,0.095694408,2015,4,State,urban/rural,Gender,statesector,0,Gujarat,NA,NA,2,NA,NA,NA
3797,0.634652495,0.056299463,2015,4,State,urban/rural,Gender,statesector,0,Gujarat,NA,NA,NA,NA,NA,NA
3798,0.06763953,0.016475057,2015,4,State,urban/rural,Gender,statesector,1,Gujarat,NA,NA,1,NA,NA,NA
3799,0.086430691,0.014993493,2015,4,State,urban/rural,Gender,statesector,1,Gujarat,NA,NA,2,NA,NA,NA
3800,0,0,2015,4,State,urban/rural,Gender,statesector,1,Gujarat,NA,NA,NA,NA,NA,NA
3801,0.131838918,0.033472244,2015,4,State,urban/rural,Gender,statesector,0,Haryana,NA,NA,1,NA,NA,NA
3802,0.151438504,0.035965405,2015,4,State,urban/rural,Gender,statesector,0,Haryana,NA,NA,2,NA,NA,NA
3803,0.392401844,0,2015,4,State,urban/rural,Gender,statesector,0,Haryana,NA,NA,NA,NA,NA,NA
3804,0.072759286,0.015869347,2015,4,State,urban/rural,Gender,statesector,1,Haryana,NA,NA,1,NA,NA,NA
3805,0.049533386,0.014823987,2015,4,State,urban/rural,Gender,statesector,1,Haryana,NA,NA,2,NA,NA,NA
3806,0,0,2015,4,State,urban/rural,Gender,statesector,1,Haryana,NA,NA,NA,NA,NA,NA
3807,0.083147034,0.004786636,2015,4,State,urban/rural,Gender,statesector,0,Himachal Pradesh,NA,NA,1,NA,NA,NA
3808,0.100973383,0.008953557,2015,4,State,urban/rural,Gender,statesector,0,Himachal Pradesh,NA,NA,2,NA,NA,NA
3809,0.165621489,0,2015,4,State,urban/rural,Gender,statesector,0,Himachal Pradesh,NA,NA,NA,NA,NA,NA
3810,0.021793555,0.00423618,2015,4,State,urban/rural,Gender,statesector,1,Himachal Pradesh,NA,NA,1,NA,NA,NA
3811,0.020174205,0.004431723,2015,4,State,urban/rural,Gender,statesector,1,Himachal Pradesh,NA,NA,2,NA,NA,NA
3812,0.196192324,0.043432694,2015,4,State,urban/rural,Gender,statesector,0,Jammu & Kashmir,NA,NA,1,NA,NA,NA
3813,0.20615758,0.040919356,2015,4,State,urban/rural,Gender,statesector,0,Jammu & Kashmir,NA,NA,2,NA,NA,NA
3814,0,0,2015,4,State,urban/rural,Gender,statesector,0,Jammu & Kashmir,NA,NA,NA,NA,NA,NA
3815,0.044345211,0.00868207,2015,4,State,urban/rural,Gender,statesector,1,Jammu & Kashmir,NA,NA,1,NA,NA,NA
3816,0.070379227,0.022658587,2015,4,State,urban/rural,Gender,statesector,1,Jammu & Kashmir,NA,NA,2,NA,NA,NA
3817,0,0,2015,4,State,urban/rural,Gender,statesector,1,Jammu & Kashmir,NA,NA,NA,NA,NA,NA
3818,0.555367649,0.186192468,2015,4,State,urban/rural,Gender,statesector,0,Jharkhand,NA,NA,1,NA,NA,NA
3819,0.615486622,0.25109905,2015,4,State,urban/rural,Gender,statesector,0,Jharkhand,NA,NA,2,NA,NA,NA
3820,0.344759911,0,2015,4,State,urban/rural,Gender,statesector,0,Jharkhand,NA,NA,NA,NA,NA,NA
3821,0.167401567,0.035675686,2015,4,State,urban/rural,Gender,statesector,1,Jharkhand,NA,NA,1,NA,NA,NA
3822,0.203979969,0.053554159,2015,4,State,urban/rural,Gender,statesector,1,Jharkhand,NA,NA,2,NA,NA,NA
3823,0,0,2015,4,State,urban/rural,Gender,statesector,1,Jharkhand,NA,NA,NA,NA,NA,NA
3824,0.244247615,0.04795751,2015,4,State,urban/rural,Gender,statesector,0,Karnataka,NA,NA,1,NA,NA,NA
3825,0.297329217,0.05750997,2015,4,State,urban/rural,Gender,statesector,0,Karnataka,NA,NA,2,NA,NA,NA
3826,0.367475539,0,2015,4,State,urban/rural,Gender,statesector,0,Karnataka,NA,NA,NA,NA,NA,NA
3827,0.057236444,0.008695743,2015,4,State,urban/rural,Gender,statesector,1,Karnataka,NA,NA,1,NA,NA,NA
3828,0.092408143,0.012055977,2015,4,State,urban/rural,Gender,statesector,1,Karnataka,NA,NA,2,NA,NA,NA
3829,0,0,2015,4,State,urban/rural,Gender,statesector,1,Karnataka,NA,NA,NA,NA,NA,NA
3830,0.012963612,0.001072172,2015,4,State,urban/rural,Gender,statesector,0,Kerala,NA,NA,1,NA,NA,NA
3831,0.020357516,0.002377156,2015,4,State,urban/rural,Gender,statesector,0,Kerala,NA,NA,2,NA,NA,NA
3832,0.038382825,0,2015,4,State,urban/rural,Gender,statesector,0,Kerala,NA,NA,NA,NA,NA,NA
3833,0.005796868,0,2015,4,State,urban/rural,Gender,statesector,1,Kerala,NA,NA,1,NA,NA,NA
3834,0.010364631,0,2015,4,State,urban/rural,Gender,statesector,1,Kerala,NA,NA,2,NA,NA,NA
3835,0,0,2015,4,State,urban/rural,Gender,statesector,1,Kerala,NA,NA,NA,NA,NA,NA
3836,0.025675155,0,2015,4,State,urban/rural,Gender,statesector,0,Lakshadweep,NA,NA,1,NA,NA,NA
3837,0,0,2015,4,State,urban/rural,Gender,statesector,0,Lakshadweep,NA,NA,2,NA,NA,NA
3838,0.02523707,0,2015,4,State,urban/rural,Gender,statesector,1,Lakshadweep,NA,NA,1,NA,NA,NA
3839,0.006702604,0,2015,4,State,urban/rural,Gender,statesector,1,Lakshadweep,NA,NA,2,NA,NA,NA
3840,0.51714617,0.168815896,2015,4,State,urban/rural,Gender,statesector,0,Madhya Pradesh,NA,NA,1,NA,NA,NA
3841,0.556979895,0.168962345,2015,4,State,urban/rural,Gender,statesector,0,Madhya Pradesh,NA,NA,2,NA,NA,NA
3842,0.241900668,0.091675326,2015,4,State,urban/rural,Gender,statesector,0,Madhya Pradesh,NA,NA,NA,NA,NA,NA
3843,0.140262812,0.036046516,2015,4,State,urban/rural,Gender,statesector,1,Madhya Pradesh,NA,NA,1,NA,NA,NA
3844,0.166199252,0.040860597,2015,4,State,urban/rural,Gender,statesector,1,Madhya Pradesh,NA,NA,2,NA,NA,NA
3845,0.820528507,0,2015,4,State,urban/rural,Gender,statesector,1,Madhya Pradesh,NA,NA,NA,NA,NA,NA
3846,0.269514352,0.056770429,2015,4,State,urban/rural,Gender,statesector,0,Maharashtra,NA,NA,1,NA,NA,NA
3847,0.311193883,0.062466174,2015,4,State,urban/rural,Gender,statesector,0,Maharashtra,NA,NA,2,NA,NA,NA
3848,0.218083054,0,2015,4,State,urban/rural,Gender,statesector,0,Maharashtra,NA,NA,NA,NA,NA,NA
3849,0.053653579,0.008961353,2015,4,State,urban/rural,Gender,statesector,1,Maharashtra,NA,NA,1,NA,NA,NA
3850,0.067008652,0.006428017,2015,4,State,urban/rural,Gender,statesector,1,Maharashtra,NA,NA,2,NA,NA,NA
3851,0.152851358,0.152851358,2015,4,State,urban/rural,Gender,statesector,1,Maharashtra,NA,NA,NA,NA,NA,NA
3852,0.26207304,0.049267516,2015,4,State,urban/rural,Gender,statesector,0,Manipur,NA,NA,1,NA,NA,NA
3853,0.228942469,0.03026372,2015,4,State,urban/rural,Gender,statesector,0,Manipur,NA,NA,2,NA,NA,NA
3854,0,0,2015,4,State,urban/rural,Gender,statesector,0,Manipur,NA,NA,NA,NA,NA,NA
3855,0.135055557,0.015612797,2015,4,State,urban/rural,Gender,statesector,1,Manipur,NA,NA,1,NA,NA,NA
3856,0.138190612,0.012017976,2015,4,State,urban/rural,Gender,statesector,1,Manipur,NA,NA,2,NA,NA,NA
3857,0.177277803,0,2015,4,State,urban/rural,Gender,statesector,1,Manipur,NA,NA,NA,NA,NA,NA
3858,0.378802329,0.136441335,2015,4,State,urban/rural,Gender,statesector,0,Meghalaya,NA,NA,1,NA,NA,NA
3859,0.399898291,0.137497485,2015,4,State,urban/rural,Gender,statesector,0,Meghalaya,NA,NA,2,NA,NA,NA
3860,0.287876725,0,2015,4,State,urban/rural,Gender,statesector,0,Meghalaya,NA,NA,NA,NA,NA,NA
3861,0.093494356,0.018579841,2015,4,State,urban/rural,Gender,statesector,1,Meghalaya,NA,NA,1,NA,NA,NA
3862,0.103795521,0.002818586,2015,4,State,urban/rural,Gender,statesector,1,Meghalaya,NA,NA,2,NA,NA,NA
3863,0.204795063,0.075463898,2015,4,State,urban/rural,Gender,statesector,0,Mizoram,NA,NA,1,NA,NA,NA
3864,0.186001197,0.069784403,2015,4,State,urban/rural,Gender,statesector,0,Mizoram,NA,NA,2,NA,NA,NA
3865,0,0,2015,4,State,urban/rural,Gender,statesector,0,Mizoram,NA,NA,NA,NA,NA,NA
3866,0.015060424,0.002229618,2015,4,State,urban/rural,Gender,statesector,1,Mizoram,NA,NA,1,NA,NA,NA
3867,0.01376539,0.001254807,2015,4,State,urban/rural,Gender,statesector,1,Mizoram,NA,NA,2,NA,NA,NA
3868,0,0,2015,4,State,urban/rural,Gender,statesector,1,Mizoram,NA,NA,NA,NA,NA,NA
3869,0.308148742,0.085846737,2015,4,State,urban/rural,Gender,statesector,0,Nagaland,NA,NA,1,NA,NA,NA
3870,0.287216544,0.064238161,2015,4,State,urban/rural,Gender,statesector,0,Nagaland,NA,NA,2,NA,NA,NA
3871,0.11523819,0,2015,4,State,urban/rural,Gender,statesector,0,Nagaland,NA,NA,NA,NA,NA,NA
3872,0.109953374,0.024286615,2015,4,State,urban/rural,Gender,statesector,1,Nagaland,NA,NA,1,NA,NA,NA
3873,0.076066285,0.009173104,2015,4,State,urban/rural,Gender,statesector,1,Nagaland,NA,NA,2,NA,NA,NA
3874,0.455699086,0,2015,4,State,urban/rural,Gender,statesector,1,Nagaland,NA,NA,NA,NA,NA,NA
3875,0.398459196,0.117998436,2015,4,State,urban/rural,Gender,statesector,0,Odisha,NA,NA,1,NA,NA,NA
3876,0.421188354,0.124892816,2015,4,State,urban/rural,Gender,statesector,0,Odisha,NA,NA,2,NA,NA,NA
3877,0.608635247,0.483742446,2015,4,State,urban/rural,Gender,statesector,0,Odisha,NA,NA,NA,NA,NA,NA
3878,0.132819459,0.039435204,2015,4,State,urban/rural,Gender,statesector,1,Odisha,NA,NA,1,NA,NA,NA
3879,0.199282348,0.060932577,2015,4,State,urban/rural,Gender,statesector,1,Odisha,NA,NA,2,NA,NA,NA
3880,0,0,2015,4,State,urban/rural,Gender,statesector,1,Odisha,NA,NA,NA,NA,NA,NA
3881,0.064200088,0.00540941,2015,4,State,urban/rural,Gender,statesector,0,Puducherry,NA,NA,1,NA,NA,NA
3882,0.112999231,0,2015,4,State,urban/rural,Gender,statesector,0,Puducherry,NA,NA,2,NA,NA,NA
3883,0.015295816,0.003336259,2015,4,State,urban/rural,Gender,statesector,1,Puducherry,NA,NA,1,NA,NA,NA
3884,0.028301245,0.000634444,2015,4,State,urban/rural,Gender,statesector,1,Puducherry,NA,NA,2,NA,NA,NA
3885,0.074306183,0.015338014,2015,4,State,urban/rural,Gender,statesector,0,Punjab,NA,NA,1,NA,NA,NA
3886,0.070402853,0.014581716,2015,4,State,urban/rural,Gender,statesector,0,Punjab,NA,NA,2,NA,NA,NA
3887,0.041260749,0.012170712,2015,4,State,urban/rural,Gender,statesector,1,Punjab,NA,NA,1,NA,NA,NA
3888,0.036966383,0.016965019,2015,4,State,urban/rural,Gender,statesector,1,Punjab,NA,NA,2,NA,NA,NA
3889,0,0,2015,4,State,urban/rural,Gender,statesector,1,Punjab,NA,NA,NA,NA,NA,NA
3890,0.382755011,0.136720791,2015,4,State,urban/rural,Gender,statesector,0,Rajasthan,NA,NA,1,NA,NA,NA
3891,0.421428323,0.162032962,2015,4,State,urban/rural,Gender,statesector,0,Rajasthan,NA,NA,2,NA,NA,NA
3892,0.276277632,0,2015,4,State,urban/rural,Gender,statesector,0,Rajasthan,NA,NA,NA,NA,NA,NA
3893,0.11029686,0.031026883,2015,4,State,urban/rural,Gender,statesector,1,Rajasthan,NA,NA,1,NA,NA,NA
3894,0.139845148,0.044065371,2015,4,State,urban/rural,Gender,statesector,1,Rajasthan,NA,NA,2,NA,NA,NA
3895,0,0,2015,4,State,urban/rural,Gender,statesector,1,Rajasthan,NA,NA,NA,NA,NA,NA
3896,0.05628607,0.007331755,2015,4,State,urban/rural,Gender,statesector,0,Sikkim,NA,NA,1,NA,NA,NA
3897,0.054195132,0.00217398,2015,4,State,urban/rural,Gender,statesector,0,Sikkim,NA,NA,2,NA,NA,NA
3898,0,0,2015,4,State,urban/rural,Gender,statesector,0,Sikkim,NA,NA,NA,NA,NA,NA
3899,0.035162479,0.001405952,2015,4,State,urban/rural,Gender,statesector,1,Sikkim,NA,NA,1,NA,NA,NA
3900,0.009855812,0,2015,4,State,urban/rural,Gender,statesector,1,Sikkim,NA,NA,2,NA,NA,NA
3901,0.106573932,0.007958501,2015,4,State,urban/rural,Gender,statesector,0,Tamil Nadu,NA,NA,1,NA,NA,NA
3902,0.1788982,0.017682176,2015,4,State,urban/rural,Gender,statesector,0,Tamil Nadu,NA,NA,2,NA,NA,NA
3903,0.094741575,0,2015,4,State,urban/rural,Gender,statesector,0,Tamil Nadu,NA,NA,NA,NA,NA,NA
3904,0.028579436,0.002326582,2015,4,State,urban/rural,Gender,statesector,1,Tamil Nadu,NA,NA,1,NA,NA,NA
3905,0.045468953,0.002006793,2015,4,State,urban/rural,Gender,statesector,1,Tamil Nadu,NA,NA,2,NA,NA,NA
3906,0,0,2015,4,State,urban/rural,Gender,statesector,1,Tamil Nadu,NA,NA,NA,NA,NA,NA
3907,0.255090117,0.051362548,2015,4,State,urban/rural,Gender,statesector,0,Telangana,NA,NA,1,NA,NA,NA
3908,0.334127963,0.071600415,2015,4,State,urban/rural,Gender,statesector,0,Telangana,NA,NA,2,NA,NA,NA
3909,0.771788955,0.771788955,2015,4,State,urban/rural,Gender,statesector,0,Telangana,NA,NA,NA,NA,NA,NA
3910,0.051012475,0.010734958,2015,4,State,urban/rural,Gender,statesector,1,Telangana,NA,NA,1,NA,NA,NA
3911,0.111409873,0.011196174,2015,4,State,urban/rural,Gender,statesector,1,Telangana,NA,NA,2,NA,NA,NA
3912,0.24103567,0.067637935,2015,4,State,urban/rural,Gender,statesector,0,Tripura,NA,NA,1,NA,NA,NA
3913,0.323578387,0.080474317,2015,4,State,urban/rural,Gender,statesector,0,Tripura,NA,NA,2,NA,NA,NA
3914,0.073362224,0.013111223,2015,4,State,urban/rural,Gender,statesector,1,Tripura,NA,NA,1,NA,NA,NA
3915,0.155714631,0.002293304,2015,4,State,urban/rural,Gender,statesector,1,Tripura,NA,NA,2,NA,NA,NA
3916,0,0,2015,4,State,urban/rural,Gender,statesector,1,Tripura,NA,NA,NA,NA,NA,NA
3917,0.479792595,0.163889036,2015,4,State,urban/rural,Gender,statesector,0,Uttar Pradesh,NA,NA,1,NA,NA,NA
3918,0.514594555,0.182356566,2015,4,State,urban/rural,Gender,statesector,0,Uttar Pradesh,NA,NA,2,NA,NA,NA
3919,0.51846981,0.403282315,2015,4,State,urban/rural,Gender,statesector,0,Uttar Pradesh,NA,NA,NA,NA,NA,NA
3920,0.177209958,0.064239614,2015,4,State,urban/rural,Gender,statesector,1,Uttar Pradesh,NA,NA,1,NA,NA,NA
3921,0.190936983,0.063319169,2015,4,State,urban/rural,Gender,statesector,1,Uttar Pradesh,NA,NA,2,NA,NA,NA
3922,0,0,2015,4,State,urban/rural,Gender,statesector,1,Uttar Pradesh,NA,NA,NA,NA,NA,NA
3923,0.213216856,0.04969671,2015,4,State,urban/rural,Gender,statesector,0,Uttarakhand,NA,NA,1,NA,NA,NA
3924,0.235965416,0.034466568,2015,4,State,urban/rural,Gender,statesector,0,Uttarakhand,NA,NA,2,NA,NA,NA
3925,0,0,2015,4,State,urban/rural,Gender,statesector,0,Uttarakhand,NA,NA,NA,NA,NA,NA
3926,0.092494152,0.027133677,2015,4,State,urban/rural,Gender,statesector,1,Uttarakhand,NA,NA,1,NA,NA,NA
3927,0.070248596,0.010752094,2015,4,State,urban/rural,Gender,statesector,1,Uttarakhand,NA,NA,2,NA,NA,NA
3928,0,0,2015,4,State,urban/rural,Gender,statesector,1,Uttarakhand,NA,NA,NA,NA,NA,NA
3929,0.311623931,0.083779939,2015,4,State,urban/rural,Gender,statesector,0,West Bengal,NA,NA,1,NA,NA,NA
3930,0.401761085,0.121604815,2015,4,State,urban/rural,Gender,statesector,0,West Bengal,NA,NA,2,NA,NA,NA
3931,0.128059179,0.068936363,2015,4,State,urban/rural,Gender,statesector,0,West Bengal,NA,NA,NA,NA,NA,NA
3932,0.132584557,0.034375686,2015,4,State,urban/rural,Gender,statesector,1,West Bengal,NA,NA,1,NA,NA,NA
3933,0.157095253,0.042999871,2015,4,State,urban/rural,Gender,statesector,1,West Bengal,NA,NA,2,NA,NA,NA
3934,0.453329563,0.037748527,2015,4,National,All,HH Size,allindia,99,India,NA,NA,NA,1,NA,NA
3935,0.228565454,0.050062925,2015,4,National,All,HH Size,allindia,99,India,NA,NA,NA,2 to 3,NA,NA
3936,0.246042952,0.081149288,2015,4,National,All,HH Size,allindia,99,India,NA,NA,NA,4 to 6,NA,NA
3937,0.360181689,0.119831808,2015,4,National,All,HH Size,allindia,99,India,NA,NA,NA,7+,NA,NA
3938,0.284616202,0.138849497,2015,4,National,All,HH Size,allindia,99,India,NA,NA,NA,NA,NA,NA
3939,0.642726839,0.055276923,2015,4,National,urban/rural,HH Size,indiasector,0,India,NA,NA,NA,1,NA,NA
3940,0.333345115,0.074475043,2015,4,National,urban/rural,HH Size,indiasector,0,India,NA,NA,NA,2 to 3,NA,NA
3941,0.331167012,0.111761659,2015,4,National,urban/rural,HH Size,indiasector,0,India,NA,NA,NA,4 to 6,NA,NA
3942,0.438732207,0.147834092,2015,4,National,urban/rural,HH Size,indiasector,0,India,NA,NA,NA,7+,NA,NA
3943,0.363175601,0.182296813,2015,4,National,urban/rural,HH Size,indiasector,0,India,NA,NA,NA,NA,NA,NA
3944,0.142095774,0.008944361,2015,4,National,urban/rural,HH Size,indiasector,1,India,NA,NA,NA,1,NA,NA
3945,0.059616063,0.0107002,2015,4,National,urban/rural,HH Size,indiasector,1,India,NA,NA,NA,2 to 3,NA,NA
3946,0.078999177,0.021076892,2015,4,National,urban/rural,HH Size,indiasector,1,India,NA,NA,NA,4 to 6,NA,NA
3947,0.143021569,0.042416897,2015,4,National,urban/rural,HH Size,indiasector,1,India,NA,NA,NA,7+,NA,NA
3948,0.06256669,0.016044917,2015,4,National,urban/rural,HH Size,indiasector,1,India,NA,NA,NA,NA,NA,NA
3949,0.183032721,0.017114324,2015,4,State,All,HH Size,state,99,Andaman & Nicobar Islands,NA,NA,NA,1,NA,NA
3950,0.062823907,0.007160668,2015,4,State,All,HH Size,state,99,Andaman & Nicobar Islands,NA,NA,NA,2 to 3,NA,NA
3951,0.072289839,0.011610631,2015,4,State,All,HH Size,state,99,Andaman & Nicobar Islands,NA,NA,NA,4 to 6,NA,NA
3952,0.055715807,0.006335547,2015,4,State,All,HH Size,state,99,Andaman & Nicobar Islands,NA,NA,NA,7+,NA,NA
3953,0,0,2015,4,State,All,HH Size,state,99,Andaman & Nicobar Islands,NA,NA,NA,NA,NA,NA
3954,0.486573964,0.029499279,2015,4,State,All,HH Size,state,99,Andhra Pradesh,NA,NA,NA,1,NA,NA
3955,0.166722804,0.017274102,2015,4,State,All,HH Size,state,99,Andhra Pradesh,NA,NA,NA,2 to 3,NA,NA
3956,0.138605192,0.033510793,2015,4,State,All,HH Size,state,99,Andhra Pradesh,NA,NA,NA,4 to 6,NA,NA
3957,0.182548419,0.046836477,2015,4,State,All,HH Size,state,99,Andhra Pradesh,NA,NA,NA,7+,NA,NA
3958,0.412358016,0,2015,4,State,All,HH Size,state,99,Andhra Pradesh,NA,NA,NA,NA,NA,NA
3959,0.272637069,0.01629707,2015,4,State,All,HH Size,state,99,Arunachal Pradesh,NA,NA,NA,1,NA,NA
3960,0.23897323,0.041101396,2015,4,State,All,HH Size,state,99,Arunachal Pradesh,NA,NA,NA,2 to 3,NA,NA
3961,0.224814609,0.078388751,2015,4,State,All,HH Size,state,99,Arunachal Pradesh,NA,NA,NA,4 to 6,NA,NA
3962,0.291525811,0.101489574,2015,4,State,All,HH Size,state,99,Arunachal Pradesh,NA,NA,NA,7+,NA,NA
3963,0,0,2015,4,State,All,HH Size,state,99,Arunachal Pradesh,NA,NA,NA,NA,NA,NA
3964,0.527226865,0.089450292,2015,4,State,All,HH Size,state,99,Assam,NA,NA,NA,1,NA,NA
3965,0.321494043,0.095611922,2015,4,State,All,HH Size,state,99,Assam,NA,NA,NA,2 to 3,NA,NA
3966,0.351498932,0.125376165,2015,4,State,All,HH Size,state,99,Assam,NA,NA,NA,4 to 6,NA,NA
3967,0.405543029,0.129888356,2015,4,State,All,HH Size,state,99,Assam,NA,NA,NA,7+,NA,NA
3968,0.212098032,0,2015,4,State,All,HH Size,state,99,Assam,NA,NA,NA,NA,NA,NA
3969,0.642725348,0.05506641,2015,4,State,All,HH Size,state,99,Bihar,NA,NA,NA,1,NA,NA
3970,0.476482302,0.155652374,2015,4,State,All,HH Size,state,99,Bihar,NA,NA,NA,2 to 3,NA,NA
3971,0.509601593,0.240505382,2015,4,State,All,HH Size,state,99,Bihar,NA,NA,NA,4 to 6,NA,NA
3972,0.549526393,0.222648516,2015,4,State,All,HH Size,state,99,Bihar,NA,NA,NA,7+,NA,NA
3973,0.488798499,0.339413404,2015,4,State,All,HH Size,state,99,Bihar,NA,NA,NA,NA,NA,NA
3974,0.081111722,0,2015,4,State,All,HH Size,state,99,Chandigarh,NA,NA,NA,1,NA,NA
3975,0.037041623,0.015398476,2015,4,State,All,HH Size,state,99,Chandigarh,NA,NA,NA,2 to 3,NA,NA
3976,0.044094957,0.008351632,2015,4,State,All,HH Size,state,99,Chandigarh,NA,NA,NA,4 to 6,NA,NA
3977,0.064458989,0.026327997,2015,4,State,All,HH Size,state,99,Chandigarh,NA,NA,NA,7+,NA,NA
3978,0.692692101,0.059243742,2015,4,State,All,HH Size,state,99,Chhattisgarh,NA,NA,NA,1,NA,NA
3979,0.41257596,0.088319048,2015,4,State,All,HH Size,state,99,Chhattisgarh,NA,NA,NA,2 to 3,NA,NA
3980,0.343182802,0.091038547,2015,4,State,All,HH Size,state,99,Chhattisgarh,NA,NA,NA,4 to 6,NA,NA
3981,0.385866493,0.09078937,2015,4,State,All,HH Size,state,99,Chhattisgarh,NA,NA,NA,7+,NA,NA
3982,0,0,2015,4,State,All,HH Size,state,99,Chhattisgarh,NA,NA,NA,NA,NA,NA
3983,0.103087276,0,2015,4,State,All,HH Size,state,99,Dadra & Nagar Haveli and Daman & Diu,NA,NA,NA,1,NA,NA
3984,0.122962765,0.015636614,2015,4,State,All,HH Size,state,99,Dadra & Nagar Haveli and Daman & Diu,NA,NA,NA,2 to 3,NA,NA
3985,0.208098993,0.060351525,2015,4,State,All,HH Size,state,99,Dadra & Nagar Haveli and Daman & Diu,NA,NA,NA,4 to 6,NA,NA
3986,0.413094372,0.109349906,2015,4,State,All,HH Size,state,99,Dadra & Nagar Haveli and Daman & Diu,NA,NA,NA,7+,NA,NA
3987,0.043908328,0.001670255,2015,4,State,All,HH Size,state,99,Delhi,NA,NA,NA,1,NA,NA
3988,0.030519338,0.004350955,2015,4,State,All,HH Size,state,99,Delhi,NA,NA,NA,2 to 3,NA,NA
3989,0.040894751,0.012565809,2015,4,State,All,HH Size,state,99,Delhi,NA,NA,NA,4 to 6,NA,NA
3990,0.053363811,0.006905956,2015,4,State,All,HH Size,state,99,Delhi,NA,NA,NA,7+,NA,NA
3991,0,0,2015,4,State,All,HH Size,state,99,Delhi,NA,NA,NA,NA,NA,NA
3992,0.09120097,0.012660248,2015,4,State,All,HH Size,state,99,Goa,NA,NA,NA,1,NA,NA
3993,0.044209577,0.007238072,2015,4,State,All,HH Size,state,99,Goa,NA,NA,NA,2 to 3,NA,NA
3994,0.051565915,0.003964535,2015,4,State,All,HH Size,state,99,Goa,NA,NA,NA,4 to 6,NA,NA
3995,0.080540597,0,2015,4,State,All,HH Size,state,99,Goa,NA,NA,NA,7+,NA,NA
3996,0.344317287,0.022869805,2015,4,State,All,HH Size,state,99,Gujarat,NA,NA,NA,1,NA,NA
3997,0.167672887,0.028564688,2015,4,State,All,HH Size,state,99,Gujarat,NA,NA,NA,2 to 3,NA,NA
3998,0.182637945,0.045935623,2015,4,State,All,HH Size,state,99,Gujarat,NA,NA,NA,4 to 6,NA,NA
3999,0.298674434,0.08310657,2015,4,State,All,HH Size,state,99,Gujarat,NA,NA,NA,7+,NA,NA
4000,0.626133204,0.055543721,2015,4,State,All,HH Size,state,99,Gujarat,NA,NA,NA,NA,NA,NA
4001,0.135502532,0.001798019,2015,4,State,All,HH Size,state,99,Haryana,NA,NA,NA,1,NA,NA
4002,0.104103327,0.015150725,2015,4,State,All,HH Size,state,99,Haryana,NA,NA,NA,2 to 3,NA,NA
4003,0.084287226,0.020571813,2015,4,State,All,HH Size,state,99,Haryana,NA,NA,NA,4 to 6,NA,NA
4004,0.160753831,0.04333536,2015,4,State,All,HH Size,state,99,Haryana,NA,NA,NA,7+,NA,NA
4005,0.227978468,0,2015,4,State,All,HH Size,state,99,Haryana,NA,NA,NA,NA,NA,NA
4006,0.198649198,0.001390629,2015,4,State,All,HH Size,state,99,Himachal Pradesh,NA,NA,NA,1,NA,NA
4007,0.076138996,0.005132516,2015,4,State,All,HH Size,state,99,Himachal Pradesh,NA,NA,NA,2 to 3,NA,NA
4008,0.077239349,0.005772639,2015,4,State,All,HH Size,state,99,Himachal Pradesh,NA,NA,NA,4 to 6,NA,NA
4009,0.087841824,0.005805615,2015,4,State,All,HH Size,state,99,Himachal Pradesh,NA,NA,NA,7+,NA,NA
4010,0.165621489,0,2015,4,State,All,HH Size,state,99,Himachal Pradesh,NA,NA,NA,NA,NA,NA
4011,0.21117489,0.002722796,2015,4,State,All,HH Size,state,99,Jammu & Kashmir,NA,NA,NA,1,NA,NA
4012,0.127329588,0.015123356,2015,4,State,All,HH Size,state,99,Jammu & Kashmir,NA,NA,NA,2 to 3,NA,NA
4013,0.131757885,0.0255065,2015,4,State,All,HH Size,state,99,Jammu & Kashmir,NA,NA,NA,4 to 6,NA,NA
4014,0.194648832,0.052301764,2015,4,State,All,HH Size,state,99,Jammu & Kashmir,NA,NA,NA,7+,NA,NA
4015,0,0,2015,4,State,All,HH Size,state,99,Jammu & Kashmir,NA,NA,NA,NA,NA,NA
4016,0.613965273,0.117762111,2015,4,State,All,HH Size,state,99,Jharkhand,NA,NA,NA,1,NA,NA
4017,0.449522495,0.140593633,2015,4,State,All,HH Size,state,99,Jharkhand,NA,NA,NA,2 to 3,NA,NA
4018,0.437595516,0.156759381,2015,4,State,All,HH Size,state,99,Jharkhand,NA,NA,NA,4 to 6,NA,NA
4019,0.511879981,0.156627893,2015,4,State,All,HH Size,state,99,Jharkhand,NA,NA,NA,7+,NA,NA
4020,0.227396473,0,2015,4,State,All,HH Size,state,99,Jharkhand,NA,NA,NA,NA,NA,NA
4021,0.444814086,0.015987439,2015,4,State,All,HH Size,state,99,Karnataka,NA,NA,NA,1,NA,NA
4022,0.136622593,0.021248175,2015,4,State,All,HH Size,state,99,Karnataka,NA,NA,NA,2 to 3,NA,NA
4023,0.151324719,0.029913897,2015,4,State,All,HH Size,state,99,Karnataka,NA,NA,NA,4 to 6,NA,NA
4024,0.235439882,0.0474433,2015,4,State,All,HH Size,state,99,Karnataka,NA,NA,NA,7+,NA,NA
4025,0.229688257,0,2015,4,State,All,HH Size,state,99,Karnataka,NA,NA,NA,NA,NA,NA
4026,0.098242946,0.00203833,2015,4,State,All,HH Size,state,99,Kerala,NA,NA,NA,1,NA,NA
4027,0.008362361,9.42E-05,2015,4,State,All,HH Size,state,99,Kerala,NA,NA,NA,2 to 3,NA,NA
4028,0.007537085,5.34E-05,2015,4,State,All,HH Size,state,99,Kerala,NA,NA,NA,4 to 6,NA,NA
4029,0.027836123,0.005423143,2015,4,State,All,HH Size,state,99,Kerala,NA,NA,NA,7+,NA,NA
4030,0.031758506,0,2015,4,State,All,HH Size,state,99,Kerala,NA,NA,NA,NA,NA,NA
4031,0,0,2015,4,State,All,HH Size,state,99,Lakshadweep,NA,NA,NA,1,NA,NA
4032,0,0,2015,4,State,All,HH Size,state,99,Lakshadweep,NA,NA,NA,2 to 3,NA,NA
4033,0.007724229,0,2015,4,State,All,HH Size,state,99,Lakshadweep,NA,NA,NA,4 to 6,NA,NA
4034,0.030905697,0,2015,4,State,All,HH Size,state,99,Lakshadweep,NA,NA,NA,7+,NA,NA
4035,0.598047793,0.102625318,2015,4,State,All,HH Size,state,99,Madhya Pradesh,NA,NA,NA,1,NA,NA
4036,0.39865917,0.09797506,2015,4,State,All,HH Size,state,99,Madhya Pradesh,NA,NA,NA,2 to 3,NA,NA
4037,0.373361528,0.122428916,2015,4,State,All,HH Size,state,99,Madhya Pradesh,NA,NA,NA,4 to 6,NA,NA
4038,0.468292326,0.154361561,2015,4,State,All,HH Size,state,99,Madhya Pradesh,NA,NA,NA,7+,NA,NA
4039,0.386835158,0.068712525,2015,4,State,All,HH Size,state,99,Madhya Pradesh,NA,NA,NA,NA,NA,NA
4040,0.359693646,0.036347345,2015,4,State,All,HH Size,state,99,Maharashtra,NA,NA,NA,1,NA,NA
4041,0.140785784,0.017300637,2015,4,State,All,HH Size,state,99,Maharashtra,NA,NA,NA,2 to 3,NA,NA
4042,0.150968358,0.02925289,2015,4,State,All,HH Size,state,99,Maharashtra,NA,NA,NA,4 to 6,NA,NA
4043,0.224402219,0.054768078,2015,4,State,All,HH Size,state,99,Maharashtra,NA,NA,NA,7+,NA,NA
4044,0.189619586,0.066695772,2015,4,State,All,HH Size,state,99,Maharashtra,NA,NA,NA,NA,NA,NA
4045,0.428017676,0.050423849,2015,4,State,All,HH Size,state,99,Manipur,NA,NA,NA,1,NA,NA
4046,0.18737945,0.025211874,2015,4,State,All,HH Size,state,99,Manipur,NA,NA,NA,2 to 3,NA,NA
4047,0.190866202,0.029933158,2015,4,State,All,HH Size,state,99,Manipur,NA,NA,NA,4 to 6,NA,NA
4048,0.257372469,0.047737591,2015,4,State,All,HH Size,state,99,Manipur,NA,NA,NA,7+,NA,NA
4049,0.088169001,0,2015,4,State,All,HH Size,state,99,Manipur,NA,NA,NA,NA,NA,NA
4050,0.380120158,0.013611656,2015,4,State,All,HH Size,state,99,Meghalaya,NA,NA,NA,1,NA,NA
4051,0.289175034,0.08034151,2015,4,State,All,HH Size,state,99,Meghalaya,NA,NA,NA,2 to 3,NA,NA
4052,0.305541307,0.106534757,2015,4,State,All,HH Size,state,99,Meghalaya,NA,NA,NA,4 to 6,NA,NA
4053,0.368807286,0.130887255,2015,4,State,All,HH Size,state,99,Meghalaya,NA,NA,NA,7+,NA,NA
4054,0.287876725,0,2015,4,State,All,HH Size,state,99,Meghalaya,NA,NA,NA,NA,NA,NA
4055,0.146630973,0.011162426,2015,4,State,All,HH Size,state,99,Mizoram,NA,NA,NA,1,NA,NA
4056,0.09242782,0.024312122,2015,4,State,All,HH Size,state,99,Mizoram,NA,NA,NA,2 to 3,NA,NA
4057,0.102024823,0.037959307,2015,4,State,All,HH Size,state,99,Mizoram,NA,NA,NA,4 to 6,NA,NA
4058,0.087542005,0.03168641,2015,4,State,All,HH Size,state,99,Mizoram,NA,NA,NA,7+,NA,NA
4059,0,0,2015,4,State,All,HH Size,state,99,Mizoram,NA,NA,NA,NA,NA,NA
4060,0.398934871,0.005693528,2015,4,State,All,HH Size,state,99,Nagaland,NA,NA,NA,1,NA,NA
4061,0.202721953,0.028176781,2015,4,State,All,HH Size,state,99,Nagaland,NA,NA,NA,2 to 3,NA,NA
4062,0.210450351,0.058875281,2015,4,State,All,HH Size,state,99,Nagaland,NA,NA,NA,4 to 6,NA,NA
4063,0.310614556,0.10256125,2015,4,State,All,HH Size,state,99,Nagaland,NA,NA,NA,7+,NA,NA
4064,0.180020764,0,2015,4,State,All,HH Size,state,99,Nagaland,NA,NA,NA,NA,NA,NA
4065,0.637292385,0.072447293,2015,4,State,All,HH Size,state,99,Odisha,NA,NA,NA,1,NA,NA
4066,0.353547245,0.089536972,2015,4,State,All,HH Size,state,99,Odisha,NA,NA,NA,2 to 3,NA,NA
4067,0.343161762,0.107938401,2015,4,State,All,HH Size,state,99,Odisha,NA,NA,NA,4 to 6,NA,NA
4068,0.401765883,0.119550079,2015,4,State,All,HH Size,state,99,Odisha,NA,NA,NA,7+,NA,NA
4069,0.332542658,0.264304429,2015,4,State,All,HH Size,state,99,Odisha,NA,NA,NA,NA,NA,NA
4070,0.389848441,0,2015,4,State,All,HH Size,state,99,Puducherry,NA,NA,NA,1,NA,NA
4071,0.024450185,0.000879854,2015,4,State,All,HH Size,state,99,Puducherry,NA,NA,NA,2 to 3,NA,NA
4072,0.029486153,0.004832708,2015,4,State,All,HH Size,state,99,Puducherry,NA,NA,NA,4 to 6,NA,NA
4073,0.051058233,0,2015,4,State,All,HH Size,state,99,Puducherry,NA,NA,NA,7+,NA,NA
4074,0.144998044,0.013946954,2015,4,State,All,HH Size,state,99,Punjab,NA,NA,NA,1,NA,NA
4075,0.059359737,0.005879123,2015,4,State,All,HH Size,state,99,Punjab,NA,NA,NA,2 to 3,NA,NA
4076,0.05547893,0.012935768,2015,4,State,All,HH Size,state,99,Punjab,NA,NA,NA,4 to 6,NA,NA
4077,0.074506819,0.022089459,2015,4,State,All,HH Size,state,99,Punjab,NA,NA,NA,7+,NA,NA
4078,0,0,2015,4,State,All,HH Size,state,99,Punjab,NA,NA,NA,NA,NA,NA
4079,0.457018673,0.062689438,2015,4,State,All,HH Size,state,99,Rajasthan,NA,NA,NA,1,NA,NA
4080,0.319421411,0.068526872,2015,4,State,All,HH Size,state,99,Rajasthan,NA,NA,NA,2 to 3,NA,NA
4081,0.292533606,0.106456809,2015,4,State,All,HH Size,state,99,Rajasthan,NA,NA,NA,4 to 6,NA,NA
4082,0.355563223,0.136000663,2015,4,State,All,HH Size,state,99,Rajasthan,NA,NA,NA,7+,NA,NA
4083,0.127141431,0,2015,4,State,All,HH Size,state,99,Rajasthan,NA,NA,NA,NA,NA,NA
4084,0.07979098,0,2015,4,State,All,HH Size,state,99,Sikkim,NA,NA,NA,1,NA,NA
4085,0.043012969,0.003166398,2015,4,State,All,HH Size,state,99,Sikkim,NA,NA,NA,2 to 3,NA,NA
4086,0.05002141,0.005388283,2015,4,State,All,HH Size,state,99,Sikkim,NA,NA,NA,4 to 6,NA,NA
4087,0.050117757,0.007205378,2015,4,State,All,HH Size,state,99,Sikkim,NA,NA,NA,7+,NA,NA
4088,0,0,2015,4,State,All,HH Size,state,99,Sikkim,NA,NA,NA,NA,NA,NA
4089,0.343280196,0.005904686,2015,4,State,All,HH Size,state,99,Tamil Nadu,NA,NA,NA,1,NA,NA
4090,0.082179017,0.005316663,2015,4,State,All,HH Size,state,99,Tamil Nadu,NA,NA,NA,2 to 3,NA,NA
4091,0.060629658,0.005928181,2015,4,State,All,HH Size,state,99,Tamil Nadu,NA,NA,NA,4 to 6,NA,NA
4092,0.096360989,0.005445126,2015,4,State,All,HH Size,state,99,Tamil Nadu,NA,NA,NA,7+,NA,NA
4093,0.035706986,0,2015,4,State,All,HH Size,state,99,Tamil Nadu,NA,NA,NA,NA,NA,NA
4094,0.51398015,0.0186373,2015,4,State,All,HH Size,state,99,Telangana,NA,NA,NA,1,NA,NA
4095,0.204301625,0.030620623,2015,4,State,All,HH Size,state,99,Telangana,NA,NA,NA,2 to 3,NA,NA
4096,0.157968894,0.037161116,2015,4,State,All,HH Size,state,99,Telangana,NA,NA,NA,4 to 6,NA,NA
4097,0.171300545,0.034632832,2015,4,State,All,HH Size,state,99,Telangana,NA,NA,NA,7+,NA,NA
4098,0.771788955,0.771788955,2015,4,State,All,HH Size,state,99,Telangana,NA,NA,NA,NA,NA,NA
4099,0.423046947,0.019930827,2015,4,State,All,HH Size,state,99,Tripura,NA,NA,NA,1,NA,NA
4100,0.200645015,0.040655717,2015,4,State,All,HH Size,state,99,Tripura,NA,NA,NA,2 to 3,NA,NA
4101,0.20060198,0.055993032,2015,4,State,All,HH Size,state,99,Tripura,NA,NA,NA,4 to 6,NA,NA
4102,0.198820934,0.062966309,2015,4,State,All,HH Size,state,99,Tripura,NA,NA,NA,7+,NA,NA
4103,0,0,2015,4,State,All,HH Size,state,99,Tripura,NA,NA,NA,NA,NA,NA
4104,0.567640901,0.031115979,2015,4,State,All,HH Size,state,99,Uttar Pradesh,NA,NA,NA,1,NA,NA
4105,0.363668919,0.082411125,2015,4,State,All,HH Size,state,99,Uttar Pradesh,NA,NA,NA,2 to 3,NA,NA
4106,0.374464512,0.13645336,2015,4,State,All,HH Size,state,99,Uttar Pradesh,NA,NA,NA,4 to 6,NA,NA
4107,0.44894135,0.158743054,2015,4,State,All,HH Size,state,99,Uttar Pradesh,NA,NA,NA,7+,NA,NA
4108,0.429889947,0.334382057,2015,4,State,All,HH Size,state,99,Uttar Pradesh,NA,NA,NA,NA,NA,NA
4109,0.300722748,0.011569848,2015,4,State,All,HH Size,state,99,Uttarakhand,NA,NA,NA,1,NA,NA
4110,0.129106894,0.018743522,2015,4,State,All,HH Size,state,99,Uttarakhand,NA,NA,NA,2 to 3,NA,NA
4111,0.15654701,0.034031771,2015,4,State,All,HH Size,state,99,Uttarakhand,NA,NA,NA,4 to 6,NA,NA
4112,0.217526019,0.061812788,2015,4,State,All,HH Size,state,99,Uttarakhand,NA,NA,NA,7+,NA,NA
4113,0,0,2015,4,State,All,HH Size,state,99,Uttarakhand,NA,NA,NA,NA,NA,NA
4114,0.525825799,0.049271587,2015,4,State,All,HH Size,state,99,West Bengal,NA,NA,NA,1,NA,NA
4115,0.251604795,0.056102466,2015,4,State,All,HH Size,state,99,West Bengal,NA,NA,NA,2 to 3,NA,NA
4116,0.264087677,0.076906219,2015,4,State,All,HH Size,state,99,West Bengal,NA,NA,NA,4 to 6,NA,NA
4117,0.258649915,0.069192074,2015,4,State,All,HH Size,state,99,West Bengal,NA,NA,NA,7+,NA,NA
4118,0.128059179,0.068936363,2015,4,State,All,HH Size,state,99,West Bengal,NA,NA,NA,NA,NA,NA
4119,0.264911562,0.024770336,2015,4,State,urban/rural,HH Size,statesector,0,Andaman & Nicobar Islands,NA,NA,NA,1,NA,NA
4120,0.114826366,0.01403476,2015,4,State,urban/rural,HH Size,statesector,0,Andaman & Nicobar Islands,NA,NA,NA,2 to 3,NA,NA
4121,0.116782025,0.020232376,2015,4,State,urban/rural,HH Size,statesector,0,Andaman & Nicobar Islands,NA,NA,NA,4 to 6,NA,NA
4122,0.085177943,0.009685741,2015,4,State,urban/rural,HH Size,statesector,0,Andaman & Nicobar Islands,NA,NA,NA,7+,NA,NA
4123,0,0,2015,4,State,urban/rural,HH Size,statesector,0,Andaman & Nicobar Islands,NA,NA,NA,NA,NA,NA
4124,0,0,2015,4,State,urban/rural,HH Size,statesector,1,Andaman & Nicobar Islands,NA,NA,NA,1,NA,NA
4125,0.008653503,0,2015,4,State,urban/rural,HH Size,statesector,1,Andaman & Nicobar Islands,NA,NA,NA,2 to 3,NA,NA
4126,0.012373614,0,2015,4,State,urban/rural,HH Size,statesector,1,Andaman & Nicobar Islands,NA,NA,NA,4 to 6,NA,NA
4127,0,0,2015,4,State,urban/rural,HH Size,statesector,1,Andaman & Nicobar Islands,NA,NA,NA,7+,NA,NA
4128,0.593355536,0.032322202,2015,4,State,urban/rural,HH Size,statesector,0,Andhra Pradesh,NA,NA,NA,1,NA,NA
4129,0.221543938,0.021382213,2015,4,State,urban/rural,HH Size,statesector,0,Andhra Pradesh,NA,NA,NA,2 to 3,NA,NA
4130,0.172786355,0.042879764,2015,4,State,urban/rural,HH Size,statesector,0,Andhra Pradesh,NA,NA,NA,4 to 6,NA,NA
4131,0.222091019,0.056724936,2015,4,State,urban/rural,HH Size,statesector,0,Andhra Pradesh,NA,NA,NA,7+,NA,NA
4132,0.587952137,0,2015,4,State,urban/rural,HH Size,statesector,0,Andhra Pradesh,NA,NA,NA,NA,NA,NA
4133,0.180797502,0.021415647,2015,4,State,urban/rural,HH Size,statesector,1,Andhra Pradesh,NA,NA,NA,1,NA,NA
4134,0.046211679,0.008243403,2015,4,State,urban/rural,HH Size,statesector,1,Andhra Pradesh,NA,NA,NA,2 to 3,NA,NA
4135,0.057815839,0.011366634,2015,4,State,urban/rural,HH Size,statesector,1,Andhra Pradesh,NA,NA,NA,4 to 6,NA,NA
4136,0.062714212,0.01686942,2015,4,State,urban/rural,HH Size,statesector,1,Andhra Pradesh,NA,NA,NA,7+,NA,NA
4137,0,0,2015,4,State,urban/rural,HH Size,statesector,1,Andhra Pradesh,NA,NA,NA,NA,NA,NA
4138,0.402573943,0.024584634,2015,4,State,urban/rural,HH Size,statesector,0,Arunachal Pradesh,NA,NA,NA,1,NA,NA
4139,0.314237595,0.053306717,2015,4,State,urban/rural,HH Size,statesector,0,Arunachal Pradesh,NA,NA,NA,2 to 3,NA,NA
4140,0.270405412,0.095764384,2015,4,State,urban/rural,HH Size,statesector,0,Arunachal Pradesh,NA,NA,NA,4 to 6,NA,NA
4141,0.345964402,0.125048518,2015,4,State,urban/rural,HH Size,statesector,0,Arunachal Pradesh,NA,NA,NA,7+,NA,NA
4142,0,0,2015,4,State,urban/rural,HH Size,statesector,0,Arunachal Pradesh,NA,NA,NA,NA,NA,NA
4143,0.094652317,0.00494494,2015,4,State,urban/rural,HH Size,statesector,1,Arunachal Pradesh,NA,NA,NA,1,NA,NA
4144,0.047748093,0.010091168,2015,4,State,urban/rural,HH Size,statesector,1,Arunachal Pradesh,NA,NA,NA,2 to 3,NA,NA
4145,0.05972936,0.015471208,2015,4,State,urban/rural,HH Size,statesector,1,Arunachal Pradesh,NA,NA,NA,4 to 6,NA,NA
4146,0.106083736,0.021237342,2015,4,State,urban/rural,HH Size,statesector,1,Arunachal Pradesh,NA,NA,NA,7+,NA,NA
4147,0,0,2015,4,State,urban/rural,HH Size,statesector,1,Arunachal Pradesh,NA,NA,NA,NA,NA,NA
4148,0.696640074,0.124598742,2015,4,State,urban/rural,HH Size,statesector,0,Assam,NA,NA,NA,1,NA,NA
4149,0.379048884,0.113660365,2015,4,State,urban/rural,HH Size,statesector,0,Assam,NA,NA,NA,2 to 3,NA,NA
4150,0.385615289,0.139874354,2015,4,State,urban/rural,HH Size,statesector,0,Assam,NA,NA,NA,4 to 6,NA,NA
4151,0.439090043,0.142055631,2015,4,State,urban/rural,HH Size,statesector,0,Assam,NA,NA,NA,7+,NA,NA
4152,0.216852173,0,2015,4,State,urban/rural,HH Size,statesector,0,Assam,NA,NA,NA,NA,NA,NA
4153,0.138881192,0.008879559,2015,4,State,urban/rural,HH Size,statesector,1,Assam,NA,NA,NA,1,NA,NA
4154,0.09852913,0.025693046,2015,4,State,urban/rural,HH Size,statesector,1,Assam,NA,NA,NA,2 to 3,NA,NA
4155,0.118517302,0.02636761,2015,4,State,urban/rural,HH Size,statesector,1,Assam,NA,NA,NA,4 to 6,NA,NA
4156,0.099445984,0.018869072,2015,4,State,urban/rural,HH Size,statesector,1,Assam,NA,NA,NA,7+,NA,NA
4157,0,0,2015,4,State,urban/rural,HH Size,statesector,1,Assam,NA,NA,NA,NA,NA,NA
4158,0.744843125,0.066590421,2015,4,State,urban/rural,HH Size,statesector,0,Bihar,NA,NA,NA,1,NA,NA
4159,0.524986088,0.173099801,2015,4,State,urban/rural,HH Size,statesector,0,Bihar,NA,NA,NA,2 to 3,NA,NA
4160,0.555066526,0.263881385,2015,4,State,urban/rural,HH Size,statesector,0,Bihar,NA,NA,NA,4 to 6,NA,NA
4161,0.589132786,0.240398213,2015,4,State,urban/rural,HH Size,statesector,0,Bihar,NA,NA,NA,7+,NA,NA
4162,0.522614241,0.362894475,2015,4,State,urban/rural,HH Size,statesector,0,Bihar,NA,NA,NA,NA,NA,NA
4163,0.20120202,0.005240407,2015,4,State,urban/rural,HH Size,statesector,1,Bihar,NA,NA,NA,1,NA,NA
4164,0.161135957,0.04221829,2015,4,State,urban/rural,HH Size,statesector,1,Bihar,NA,NA,NA,2 to 3,NA,NA
4165,0.215911224,0.08950305,2015,4,State,urban/rural,HH Size,statesector,1,Bihar,NA,NA,NA,4 to 6,NA,NA
4166,0.256184548,0.091186568,2015,4,State,urban/rural,HH Size,statesector,1,Bihar,NA,NA,NA,7+,NA,NA
4167,0,0,2015,4,State,urban/rural,HH Size,statesector,1,Bihar,NA,NA,NA,NA,NA,NA
4168,0.5,0,2015,4,State,urban/rural,HH Size,statesector,0,Chandigarh,NA,NA,NA,1,NA,NA
4169,1,0,2015,4,State,urban/rural,HH Size,statesector,0,Chandigarh,NA,NA,NA,2 to 3,NA,NA
4170,0.245614037,0,2015,4,State,urban/rural,HH Size,statesector,0,Chandigarh,NA,NA,NA,4 to 6,NA,NA
4171,0.194444448,0.194444448,2015,4,State,urban/rural,HH Size,statesector,0,Chandigarh,NA,NA,NA,7+,NA,NA
4172,0.057343125,0,2015,4,State,urban/rural,HH Size,statesector,1,Chandigarh,NA,NA,NA,1,NA,NA
4173,0.032295384,0.015474372,2015,4,State,urban/rural,HH Size,statesector,1,Chandigarh,NA,NA,NA,2 to 3,NA,NA
4174,0.03609148,0.008683324,2015,4,State,urban/rural,HH Size,statesector,1,Chandigarh,NA,NA,NA,4 to 6,NA,NA
4175,0.05447926,0.01342073,2015,4,State,urban/rural,HH Size,statesector,1,Chandigarh,NA,NA,NA,7+,NA,NA
4176,0.847741723,0.074051537,2015,4,State,urban/rural,HH Size,statesector,0,Chhattisgarh,NA,NA,NA,1,NA,NA
4177,0.511943817,0.110373162,2015,4,State,urban/rural,HH Size,statesector,0,Chhattisgarh,NA,NA,NA,2 to 3,NA,NA
4178,0.414566964,0.111170657,2015,4,State,urban/rural,HH Size,statesector,0,Chhattisgarh,NA,NA,NA,4 to 6,NA,NA
4179,0.450784236,0.109434709,2015,4,State,urban/rural,HH Size,statesector,0,Chhattisgarh,NA,NA,NA,7+,NA,NA
4180,0,0,2015,4,State,urban/rural,HH Size,statesector,0,Chhattisgarh,NA,NA,NA,NA,NA,NA
4181,0.268286169,0.018711463,2015,4,State,urban/rural,HH Size,statesector,1,Chhattisgarh,NA,NA,NA,1,NA,NA
4182,0.131431714,0.025920726,2015,4,State,urban/rural,HH Size,statesector,1,Chhattisgarh,NA,NA,NA,2 to 3,NA,NA
4183,0.112027198,0.025846891,2015,4,State,urban/rural,HH Size,statesector,1,Chhattisgarh,NA,NA,NA,4 to 6,NA,NA
4184,0.120769218,0.014649469,2015,4,State,urban/rural,HH Size,statesector,1,Chhattisgarh,NA,NA,NA,7+,NA,NA
4185,0.420384079,0,2015,4,State,urban/rural,HH Size,statesector,0,Dadra & Nagar Haveli and Daman & Diu,NA,NA,NA,1,NA,NA
4186,0.299663961,0.040322393,2015,4,State,urban/rural,HH Size,statesector,0,Dadra & Nagar Haveli and Daman & Diu,NA,NA,NA,2 to 3,NA,NA
4187,0.423370749,0.136303425,2015,4,State,urban/rural,HH Size,statesector,0,Dadra & Nagar Haveli and Daman & Diu,NA,NA,NA,4 to 6,NA,NA
4188,0.555186272,0.139696985,2015,4,State,urban/rural,HH Size,statesector,0,Dadra & Nagar Haveli and Daman & Diu,NA,NA,NA,7+,NA,NA
4189,0.011660414,0,2015,4,State,urban/rural,HH Size,statesector,1,Dadra & Nagar Haveli and Daman & Diu,NA,NA,NA,1,NA,NA
4190,0.050595071,0.005526592,2015,4,State,urban/rural,HH Size,statesector,1,Dadra & Nagar Haveli and Daman & Diu,NA,NA,NA,2 to 3,NA,NA
4191,0.054350678,0.006106236,2015,4,State,urban/rural,HH Size,statesector,1,Dadra & Nagar Haveli and Daman & Diu,NA,NA,NA,4 to 6,NA,NA
4192,0.089673847,0.040275786,2015,4,State,urban/rural,HH Size,statesector,1,Dadra & Nagar Haveli and Daman & Diu,NA,NA,NA,7+,NA,NA
4193,0,0,2015,4,State,urban/rural,HH Size,statesector,0,Delhi,NA,NA,NA,1,NA,NA
4194,0.016431442,0,2015,4,State,urban/rural,HH Size,statesector,0,Delhi,NA,NA,NA,2 to 3,NA,NA
4195,0.037924308,0,2015,4,State,urban/rural,HH Size,statesector,0,Delhi,NA,NA,NA,4 to 6,NA,NA
4196,0,0,2015,4,State,urban/rural,HH Size,statesector,0,Delhi,NA,NA,NA,7+,NA,NA
4197,0.044024739,0.001674683,2015,4,State,urban/rural,HH Size,statesector,1,Delhi,NA,NA,NA,1,NA,NA
4198,0.030661914,0.004394988,2015,4,State,urban/rural,HH Size,statesector,1,Delhi,NA,NA,NA,2 to 3,NA,NA
4199,0.040921871,0.012680528,2015,4,State,urban/rural,HH Size,statesector,1,Delhi,NA,NA,NA,4 to 6,NA,NA
4200,0.053687297,0.006947819,2015,4,State,urban/rural,HH Size,statesector,1,Delhi,NA,NA,NA,7+,NA,NA
4201,0,0,2015,4,State,urban/rural,HH Size,statesector,1,Delhi,NA,NA,NA,NA,NA,NA
4202,0.112658367,0.040511187,2015,4,State,urban/rural,HH Size,statesector,0,Goa,NA,NA,NA,1,NA,NA
4203,0.084686905,0.014161373,2015,4,State,urban/rural,HH Size,statesector,0,Goa,NA,NA,NA,2 to 3,NA,NA
4204,0.06947796,0.002447711,2015,4,State,urban/rural,HH Size,statesector,0,Goa,NA,NA,NA,4 to 6,NA,NA
4205,0.09264943,0,2015,4,State,urban/rural,HH Size,statesector,0,Goa,NA,NA,NA,7+,NA,NA
4206,0.08144705,0,2015,4,State,urban/rural,HH Size,statesector,1,Goa,NA,NA,NA,1,NA,NA
4207,0.023401545,0.003679036,2015,4,State,urban/rural,HH Size,statesector,1,Goa,NA,NA,NA,2 to 3,NA,NA
4208,0.041089218,0.004851721,2015,4,State,urban/rural,HH Size,statesector,1,Goa,NA,NA,NA,4 to 6,NA,NA
4209,0.070151985,0,2015,4,State,urban/rural,HH Size,statesector,1,Goa,NA,NA,NA,7+,NA,NA
4210,0.545027852,0.032494687,2015,4,State,urban/rural,HH Size,statesector,0,Gujarat,NA,NA,NA,1,NA,NA
4211,0.27662304,0.048426315,2015,4,State,urban/rural,HH Size,statesector,0,Gujarat,NA,NA,NA,2 to 3,NA,NA
4212,0.284546643,0.071394853,2015,4,State,urban/rural,HH Size,statesector,0,Gujarat,NA,NA,NA,4 to 6,NA,NA
4213,0.398219556,0.113057397,2015,4,State,urban/rural,HH Size,statesector,0,Gujarat,NA,NA,NA,7+,NA,NA
4214,0.634652495,0.056299463,2015,4,State,urban/rural,HH Size,statesector,0,Gujarat,NA,NA,NA,NA,NA,NA
4215,0.08275903,0.010327035,2015,4,State,urban/rural,HH Size,statesector,1,Gujarat,NA,NA,NA,1,NA,NA
4216,0.049600173,0.00704002,2015,4,State,urban/rural,HH Size,statesector,1,Gujarat,NA,NA,NA,2 to 3,NA,NA
4217,0.06033127,0.015380497,2015,4,State,urban/rural,HH Size,statesector,1,Gujarat,NA,NA,NA,4 to 6,NA,NA
4218,0.104856983,0.024791377,2015,4,State,urban/rural,HH Size,statesector,1,Gujarat,NA,NA,NA,7+,NA,NA
4219,0,0,2015,4,State,urban/rural,HH Size,statesector,1,Gujarat,NA,NA,NA,NA,NA,NA
4220,0.310616761,0.00510398,2015,4,State,urban/rural,HH Size,statesector,0,Haryana,NA,NA,NA,1,NA,NA
4221,0.133750066,0.019502081,2015,4,State,urban/rural,HH Size,statesector,0,Haryana,NA,NA,NA,2 to 3,NA,NA
4222,0.100876033,0.024728291,2015,4,State,urban/rural,HH Size,statesector,0,Haryana,NA,NA,NA,4 to 6,NA,NA
4223,0.187903002,0.052680217,2015,4,State,urban/rural,HH Size,statesector,0,Haryana,NA,NA,NA,7+,NA,NA
4224,0.392401844,0,2015,4,State,urban/rural,HH Size,statesector,0,Haryana,NA,NA,NA,NA,NA,NA
4225,0.040262852,0,2015,4,State,urban/rural,HH Size,statesector,1,Haryana,NA,NA,NA,1,NA,NA
4226,0.072872676,0.010566893,2015,4,State,urban/rural,HH Size,statesector,1,Haryana,NA,NA,NA,2 to 3,NA,NA
4227,0.059949525,0.014473783,2015,4,State,urban/rural,HH Size,statesector,1,Haryana,NA,NA,NA,4 to 6,NA,NA
4228,0.099903308,0.022390356,2015,4,State,urban/rural,HH Size,statesector,1,Haryana,NA,NA,NA,7+,NA,NA
4229,0,0,2015,4,State,urban/rural,HH Size,statesector,1,Haryana,NA,NA,NA,NA,NA,NA
4230,0.252341986,0.001780473,2015,4,State,urban/rural,HH Size,statesector,0,Himachal Pradesh,NA,NA,NA,1,NA,NA
4231,0.086778484,0.005444242,2015,4,State,urban/rural,HH Size,statesector,0,Himachal Pradesh,NA,NA,NA,2 to 3,NA,NA
4232,0.083222501,0.005719159,2015,4,State,urban/rural,HH Size,statesector,0,Himachal Pradesh,NA,NA,NA,4 to 6,NA,NA
4233,0.089617401,0.006189036,2015,4,State,urban/rural,HH Size,statesector,0,Himachal Pradesh,NA,NA,NA,7+,NA,NA
4234,0.165621489,0,2015,4,State,urban/rural,HH Size,statesector,0,Himachal Pradesh,NA,NA,NA,NA,NA,NA
4235,0.007119689,0,2015,4,State,urban/rural,HH Size,statesector,1,Himachal Pradesh,NA,NA,NA,1,NA,NA
4236,0.009769271,0.003187953,2015,4,State,urban/rural,HH Size,statesector,1,Himachal Pradesh,NA,NA,NA,2 to 3,NA,NA
4237,0.015687441,0.00632282,2015,4,State,urban/rural,HH Size,statesector,1,Himachal Pradesh,NA,NA,NA,4 to 6,NA,NA
4238,0.060956594,0,2015,4,State,urban/rural,HH Size,statesector,1,Himachal Pradesh,NA,NA,NA,7+,NA,NA
4239,0.352667034,0.005509414,2015,4,State,urban/rural,HH Size,statesector,0,Jammu & Kashmir,NA,NA,NA,1,NA,NA
4240,0.195512265,0.023188794,2015,4,State,urban/rural,HH Size,statesector,0,Jammu & Kashmir,NA,NA,NA,2 to 3,NA,NA
4241,0.17278637,0.034807973,2015,4,State,urban/rural,HH Size,statesector,0,Jammu & Kashmir,NA,NA,NA,4 to 6,NA,NA
4242,0.233037204,0.060524307,2015,4,State,urban/rural,HH Size,statesector,0,Jammu & Kashmir,NA,NA,NA,7+,NA,NA
4243,0,0,2015,4,State,urban/rural,HH Size,statesector,0,Jammu & Kashmir,NA,NA,NA,NA,NA,NA
4244,0.07292331,0,2015,4,State,urban/rural,HH Size,statesector,1,Jammu & Kashmir,NA,NA,NA,1,NA,NA
4245,0.030048007,0.003615762,2015,4,State,urban/rural,HH Size,statesector,1,Jammu & Kashmir,NA,NA,NA,2 to 3,NA,NA
4246,0.043836404,0.005574015,2015,4,State,urban/rural,HH Size,statesector,1,Jammu & Kashmir,NA,NA,NA,4 to 6,NA,NA
4247,0.060715143,0.02361403,2015,4,State,urban/rural,HH Size,statesector,1,Jammu & Kashmir,NA,NA,NA,7+,NA,NA
4248,0,0,2015,4,State,urban/rural,HH Size,statesector,1,Jammu & Kashmir,NA,NA,NA,NA,NA,NA
4249,0.775158882,0.152960882,2015,4,State,urban/rural,HH Size,statesector,0,Jharkhand,NA,NA,NA,1,NA,NA
4250,0.55466646,0.17912145,2015,4,State,urban/rural,HH Size,statesector,0,Jharkhand,NA,NA,NA,2 to 3,NA,NA
4251,0.531358421,0.196237177,2015,4,State,urban/rural,HH Size,statesector,0,Jharkhand,NA,NA,NA,4 to 6,NA,NA
4252,0.605817199,0.19258067,2015,4,State,urban/rural,HH Size,statesector,0,Jharkhand,NA,NA,NA,7+,NA,NA
4253,0.344759911,0,2015,4,State,urban/rural,HH Size,statesector,0,Jharkhand,NA,NA,NA,NA,NA,NA
4254,0.27731362,0.044249702,2015,4,State,urban/rural,HH Size,statesector,1,Jharkhand,NA,NA,NA,1,NA,NA
4255,0.152097598,0.031608455,2015,4,State,urban/rural,HH Size,statesector,1,Jharkhand,NA,NA,NA,2 to 3,NA,NA
4256,0.159870192,0.039826352,2015,4,State,urban/rural,HH Size,statesector,1,Jharkhand,NA,NA,NA,4 to 6,NA,NA
4257,0.194149479,0.035022322,2015,4,State,urban/rural,HH Size,statesector,1,Jharkhand,NA,NA,NA,7+,NA,NA
4258,0,0,2015,4,State,urban/rural,HH Size,statesector,1,Jharkhand,NA,NA,NA,NA,NA,NA
4259,0.617201924,0.024112619,2015,4,State,urban/rural,HH Size,statesector,0,Karnataka,NA,NA,NA,1,NA,NA
4260,0.231217504,0.035117101,2015,4,State,urban/rural,HH Size,statesector,0,Karnataka,NA,NA,NA,2 to 3,NA,NA
4261,0.221317574,0.04578767,2015,4,State,urban/rural,HH Size,statesector,0,Karnataka,NA,NA,NA,4 to 6,NA,NA
4262,0.309459686,0.065642349,2015,4,State,urban/rural,HH Size,statesector,0,Karnataka,NA,NA,NA,7+,NA,NA
4263,0.367475539,0,2015,4,State,urban/rural,HH Size,statesector,0,Karnataka,NA,NA,NA,NA,NA,NA
4264,0.138623029,0.001555694,2015,4,State,urban/rural,HH Size,statesector,1,Karnataka,NA,NA,NA,1,NA,NA
4265,0.037884749,0.006771839,2015,4,State,urban/rural,HH Size,statesector,1,Karnataka,NA,NA,NA,2 to 3,NA,NA
4266,0.058205482,0.008795263,2015,4,State,urban/rural,HH Size,statesector,1,Karnataka,NA,NA,NA,4 to 6,NA,NA
4267,0.096008085,0.01316157,2015,4,State,urban/rural,HH Size,statesector,1,Karnataka,NA,NA,NA,7+,NA,NA
4268,0,0,2015,4,State,urban/rural,HH Size,statesector,1,Karnataka,NA,NA,NA,NA,NA,NA
4269,0.132846981,0.003801461,2015,4,State,urban/rural,HH Size,statesector,0,Kerala,NA,NA,NA,1,NA,NA
4270,0.011516937,0.000178739,2015,4,State,urban/rural,HH Size,statesector,0,Kerala,NA,NA,NA,2 to 3,NA,NA
4271,0.010251985,9.83E-05,2015,4,State,urban/rural,HH Size,statesector,0,Kerala,NA,NA,NA,4 to 6,NA,NA
4272,0.038292147,0.011486954,2015,4,State,urban/rural,HH Size,statesector,0,Kerala,NA,NA,NA,7+,NA,NA
4273,0.038382825,0,2015,4,State,urban/rural,HH Size,statesector,0,Kerala,NA,NA,NA,NA,NA,NA
4274,0.058237713,0,2015,4,State,urban/rural,HH Size,statesector,1,Kerala,NA,NA,NA,1,NA,NA
4275,0.004844103,0,2015,4,State,urban/rural,HH Size,statesector,1,Kerala,NA,NA,NA,2 to 3,NA,NA
4276,0.004313136,0,2015,4,State,urban/rural,HH Size,statesector,1,Kerala,NA,NA,NA,4 to 6,NA,NA
4277,0.018484825,0,2015,4,State,urban/rural,HH Size,statesector,1,Kerala,NA,NA,NA,7+,NA,NA
4278,0,0,2015,4,State,urban/rural,HH Size,statesector,1,Kerala,NA,NA,NA,NA,NA,NA
4279,0,0,2015,4,State,urban/rural,HH Size,statesector,0,Lakshadweep,NA,NA,NA,1,NA,NA
4280,0,0,2015,4,State,urban/rural,HH Size,statesector,0,Lakshadweep,NA,NA,NA,2 to 3,NA,NA
4281,0.02246353,0,2015,4,State,urban/rural,HH Size,statesector,0,Lakshadweep,NA,NA,NA,4 to 6,NA,NA
4282,0.022262262,0,2015,4,State,urban/rural,HH Size,statesector,0,Lakshadweep,NA,NA,NA,7+,NA,NA
4283,0,0,2015,4,State,urban/rural,HH Size,statesector,1,Lakshadweep,NA,NA,NA,1,NA,NA
4284,0,0,2015,4,State,urban/rural,HH Size,statesector,1,Lakshadweep,NA,NA,NA,2 to 3,NA,NA
4285,0.004295888,0,2015,4,State,urban/rural,HH Size,statesector,1,Lakshadweep,NA,NA,NA,4 to 6,NA,NA
4286,0.0334033,0,2015,4,State,urban/rural,HH Size,statesector,1,Lakshadweep,NA,NA,NA,7+,NA,NA
4287,0.804132223,0.154045463,2015,4,State,urban/rural,HH Size,statesector,0,Madhya Pradesh,NA,NA,NA,1,NA,NA
4288,0.536929429,0.133653462,2015,4,State,urban/rural,HH Size,statesector,0,Madhya Pradesh,NA,NA,NA,2 to 3,NA,NA
4289,0.481134742,0.159757107,2015,4,State,urban/rural,HH Size,statesector,0,Madhya Pradesh,NA,NA,NA,4 to 6,NA,NA
4290,0.565446734,0.192650735,2015,4,State,urban/rural,HH Size,statesector,0,Madhya Pradesh,NA,NA,NA,7+,NA,NA
4291,0.241900668,0.091675326,2015,4,State,urban/rural,HH Size,statesector,0,Madhya Pradesh,NA,NA,NA,NA,NA,NA
4292,0.245596454,0.014685142,2015,4,State,urban/rural,HH Size,statesector,1,Madhya Pradesh,NA,NA,NA,1,NA,NA
4293,0.118329026,0.025640389,2015,4,State,urban/rural,HH Size,statesector,1,Madhya Pradesh,NA,NA,NA,2 to 3,NA,NA
4294,0.126475215,0.036917698,2015,4,State,urban/rural,HH Size,statesector,1,Madhya Pradesh,NA,NA,NA,4 to 6,NA,NA
4295,0.180849954,0.041078683,2015,4,State,urban/rural,HH Size,statesector,1,Madhya Pradesh,NA,NA,NA,7+,NA,NA
4296,0.820528507,0,2015,4,State,urban/rural,HH Size,statesector,1,Madhya Pradesh,NA,NA,NA,NA,NA,NA
4297,0.637949526,0.067267396,2015,4,State,urban/rural,HH Size,statesector,0,Maharashtra,NA,NA,NA,1,NA,NA
4298,0.26100719,0.033322219,2015,4,State,urban/rural,HH Size,statesector,0,Maharashtra,NA,NA,NA,2 to 3,NA,NA
4299,0.240556464,0.047485173,2015,4,State,urban/rural,HH Size,statesector,0,Maharashtra,NA,NA,NA,4 to 6,NA,NA
4300,0.324325979,0.08415249,2015,4,State,urban/rural,HH Size,statesector,0,Maharashtra,NA,NA,NA,7+,NA,NA
4301,0.218083054,0,2015,4,State,urban/rural,HH Size,statesector,0,Maharashtra,NA,NA,NA,NA,NA,NA
4302,0.09113992,0.006505407,2015,4,State,urban/rural,HH Size,statesector,1,Maharashtra,NA,NA,NA,1,NA,NA
4303,0.033721581,0.003032483,2015,4,State,urban/rural,HH Size,statesector,1,Maharashtra,NA,NA,NA,2 to 3,NA,NA
4304,0.049385171,0.008579462,2015,4,State,urban/rural,HH Size,statesector,1,Maharashtra,NA,NA,NA,4 to 6,NA,NA
4305,0.081119373,0.012633134,2015,4,State,urban/rural,HH Size,statesector,1,Maharashtra,NA,NA,NA,7+,NA,NA
4306,0.152851358,0.152851358,2015,4,State,urban/rural,HH Size,statesector,1,Maharashtra,NA,NA,NA,NA,NA,NA
4307,0.517259955,0.07928849,2015,4,State,urban/rural,HH Size,statesector,0,Manipur,NA,NA,NA,1,NA,NA
4308,0.24434121,0.032245137,2015,4,State,urban/rural,HH Size,statesector,0,Manipur,NA,NA,NA,2 to 3,NA,NA
4309,0.238418341,0.042691264,2015,4,State,urban/rural,HH Size,statesector,0,Manipur,NA,NA,NA,4 to 6,NA,NA
4310,0.294835657,0.059714589,2015,4,State,urban/rural,HH Size,statesector,0,Manipur,NA,NA,NA,7+,NA,NA
4311,0,0,2015,4,State,urban/rural,HH Size,statesector,0,Manipur,NA,NA,NA,NA,NA,NA
4312,0.288760364,0.005382304,2015,4,State,urban/rural,HH Size,statesector,1,Manipur,NA,NA,NA,1,NA,NA
4313,0.107492462,0.015347959,2015,4,State,urban/rural,HH Size,statesector,1,Manipur,NA,NA,NA,2 to 3,NA,NA
4314,0.119603246,0.0108135,2015,4,State,urban/rural,HH Size,statesector,1,Manipur,NA,NA,NA,4 to 6,NA,NA
4315,0.186816797,0.025180906,2015,4,State,urban/rural,HH Size,statesector,1,Manipur,NA,NA,NA,7+,NA,NA
4316,0.177277803,0,2015,4,State,urban/rural,HH Size,statesector,1,Manipur,NA,NA,NA,NA,NA,NA
4317,0.567368448,0.023050981,2015,4,State,urban/rural,HH Size,statesector,0,Meghalaya,NA,NA,NA,1,NA,NA
4318,0.391240656,0.112838224,2015,4,State,urban/rural,HH Size,statesector,0,Meghalaya,NA,NA,NA,2 to 3,NA,NA
4319,0.359378308,0.130521163,2015,4,State,urban/rural,HH Size,statesector,0,Meghalaya,NA,NA,NA,4 to 6,NA,NA
4320,0.413840443,0.152017787,2015,4,State,urban/rural,HH Size,statesector,0,Meghalaya,NA,NA,NA,7+,NA,NA
4321,0.287876725,0,2015,4,State,urban/rural,HH Size,statesector,0,Meghalaya,NA,NA,NA,NA,NA,NA
4322,0.110105135,0,2015,4,State,urban/rural,HH Size,statesector,1,Meghalaya,NA,NA,NA,1,NA,NA
4323,0.041202832,0.001389543,2015,4,State,urban/rural,HH Size,statesector,1,Meghalaya,NA,NA,NA,2 to 3,NA,NA
4324,0.096715093,0.013494808,2015,4,State,urban/rural,HH Size,statesector,1,Meghalaya,NA,NA,NA,4 to 6,NA,NA
4325,0.127229899,0.017533902,2015,4,State,urban/rural,HH Size,statesector,1,Meghalaya,NA,NA,NA,7+,NA,NA
4326,0.246544972,0.026377242,2015,4,State,urban/rural,HH Size,statesector,0,Mizoram,NA,NA,NA,1,NA,NA
4327,0.19259055,0.053523213,2015,4,State,urban/rural,HH Size,statesector,0,Mizoram,NA,NA,NA,2 to 3,NA,NA
4328,0.212276593,0.083455212,2015,4,State,urban/rural,HH Size,statesector,0,Mizoram,NA,NA,NA,4 to 6,NA,NA
4329,0.184597075,0.069261208,2015,4,State,urban/rural,HH Size,statesector,0,Mizoram,NA,NA,NA,7+,NA,NA
4330,0,0,2015,4,State,urban/rural,HH Size,statesector,0,Mizoram,NA,NA,NA,NA,NA,NA
4331,0.073328555,0,2015,4,State,urban/rural,HH Size,statesector,1,Mizoram,NA,NA,NA,1,NA,NA
4332,0.015162475,0.001778739,2015,4,State,urban/rural,HH Size,statesector,1,Mizoram,NA,NA,NA,2 to 3,NA,NA
4333,0.014987242,0.002042847,2015,4,State,urban/rural,HH Size,statesector,1,Mizoram,NA,NA,NA,4 to 6,NA,NA
4334,0.011368148,0.002195759,2015,4,State,urban/rural,HH Size,statesector,1,Mizoram,NA,NA,NA,7+,NA,NA
4335,0,0,2015,4,State,urban/rural,HH Size,statesector,1,Mizoram,NA,NA,NA,NA,NA,NA
4336,0.53186059,0.00854176,2015,4,State,urban/rural,HH Size,statesector,0,Nagaland,NA,NA,NA,1,NA,NA
4337,0.259258151,0.033056714,2015,4,State,urban/rural,HH Size,statesector,0,Nagaland,NA,NA,NA,2 to 3,NA,NA
4338,0.278886408,0.082511134,2015,4,State,urban/rural,HH Size,statesector,0,Nagaland,NA,NA,NA,4 to 6,NA,NA
4339,0.379967481,0.13096945,2015,4,State,urban/rural,HH Size,statesector,0,Nagaland,NA,NA,NA,7+,NA,NA
4340,0.11523819,0,2015,4,State,urban/rural,HH Size,statesector,0,Nagaland,NA,NA,NA,NA,NA,NA
4341,0.133220479,0,2015,4,State,urban/rural,HH Size,statesector,1,Nagaland,NA,NA,NA,1,NA,NA
4342,0.084630512,0.017983695,2015,4,State,urban/rural,HH Size,statesector,1,Nagaland,NA,NA,NA,2 to 3,NA,NA
4343,0.094295532,0.018758729,2015,4,State,urban/rural,HH Size,statesector,1,Nagaland,NA,NA,NA,4 to 6,NA,NA
4344,0.150133207,0.036825247,2015,4,State,urban/rural,HH Size,statesector,1,Nagaland,NA,NA,NA,7+,NA,NA
4345,0.455699086,0,2015,4,State,urban/rural,HH Size,statesector,1,Nagaland,NA,NA,NA,NA,NA,NA
4346,0.72567147,0.082403287,2015,4,State,urban/rural,HH Size,statesector,0,Odisha,NA,NA,NA,1,NA,NA
4347,0.403793335,0.103443548,2015,4,State,urban/rural,HH Size,statesector,0,Odisha,NA,NA,NA,2 to 3,NA,NA
4348,0.381024361,0.118826337,2015,4,State,urban/rural,HH Size,statesector,0,Odisha,NA,NA,NA,4 to 6,NA,NA
4349,0.449408323,0.135750592,2015,4,State,urban/rural,HH Size,statesector,0,Odisha,NA,NA,NA,7+,NA,NA
4350,0.608635247,0.483742446,2015,4,State,urban/rural,HH Size,statesector,0,Odisha,NA,NA,NA,NA,NA,NA
4351,0.1991072,0.023085242,2015,4,State,urban/rural,HH Size,statesector,1,Odisha,NA,NA,NA,1,NA,NA
4352,0.117605753,0.024235629,2015,4,State,urban/rural,HH Size,statesector,1,Odisha,NA,NA,NA,2 to 3,NA,NA
4353,0.13571915,0.048285242,2015,4,State,urban/rural,HH Size,statesector,1,Odisha,NA,NA,NA,4 to 6,NA,NA
4354,0.178320691,0.043569017,2015,4,State,urban/rural,HH Size,statesector,1,Odisha,NA,NA,NA,7+,NA,NA
4355,0,0,2015,4,State,urban/rural,HH Size,statesector,1,Odisha,NA,NA,NA,NA,NA,NA
4356,0.497212648,0,2015,4,State,urban/rural,HH Size,statesector,0,Puducherry,NA,NA,NA,1,NA,NA
4357,0.049424998,0,2015,4,State,urban/rural,HH Size,statesector,0,Puducherry,NA,NA,NA,2 to 3,NA,NA
4358,0.056927864,0.006683853,2015,4,State,urban/rural,HH Size,statesector,0,Puducherry,NA,NA,NA,4 to 6,NA,NA
4359,0.136777133,0,2015,4,State,urban/rural,HH Size,statesector,0,Puducherry,NA,NA,NA,7+,NA,NA
4360,0.300476909,0,2015,4,State,urban/rural,HH Size,statesector,1,Puducherry,NA,NA,NA,1,NA,NA
4361,0.015109641,0.001208918,2015,4,State,urban/rural,HH Size,statesector,1,Puducherry,NA,NA,NA,2 to 3,NA,NA
4362,0.016695362,0.003969875,2015,4,State,urban/rural,HH Size,statesector,1,Puducherry,NA,NA,NA,4 to 6,NA,NA
4363,0.010713162,0,2015,4,State,urban/rural,HH Size,statesector,1,Puducherry,NA,NA,NA,7+,NA,NA
4364,0.227264419,0,2015,4,State,urban/rural,HH Size,statesector,0,Punjab,NA,NA,NA,1,NA,NA
4365,0.07904464,0.005048993,2015,4,State,urban/rural,HH Size,statesector,0,Punjab,NA,NA,NA,2 to 3,NA,NA
4366,0.071612656,0.016418364,2015,4,State,urban/rural,HH Size,statesector,0,Punjab,NA,NA,NA,4 to 6,NA,NA
4367,0.075047262,0.017242754,2015,4,State,urban/rural,HH Size,statesector,0,Punjab,NA,NA,NA,7+,NA,NA
4368,0.07879813,0.025170095,2015,4,State,urban/rural,HH Size,statesector,1,Punjab,NA,NA,NA,1,NA,NA
4369,0.033095632,0.006986703,2015,4,State,urban/rural,HH Size,statesector,1,Punjab,NA,NA,NA,2 to 3,NA,NA
4370,0.031240478,0.0077037,2015,4,State,urban/rural,HH Size,statesector,1,Punjab,NA,NA,NA,4 to 6,NA,NA
4371,0.073514104,0.030992132,2015,4,State,urban/rural,HH Size,statesector,1,Punjab,NA,NA,NA,7+,NA,NA
4372,0,0,2015,4,State,urban/rural,HH Size,statesector,1,Punjab,NA,NA,NA,NA,NA,NA
4373,0.635430217,0.091094904,2015,4,State,urban/rural,HH Size,statesector,0,Rajasthan,NA,NA,NA,1,NA,NA
4374,0.409284115,0.090107478,2015,4,State,urban/rural,HH Size,statesector,0,Rajasthan,NA,NA,NA,2 to 3,NA,NA
4375,0.359208584,0.132994488,2015,4,State,urban/rural,HH Size,statesector,0,Rajasthan,NA,NA,NA,4 to 6,NA,NA
4376,0.411810875,0.16056481,2015,4,State,urban/rural,HH Size,statesector,0,Rajasthan,NA,NA,NA,7+,NA,NA
4377,0.276277632,0,2015,4,State,urban/rural,HH Size,statesector,0,Rajasthan,NA,NA,NA,NA,NA,NA
4378,0.093174994,0.004760727,2015,4,State,urban/rural,HH Size,statesector,1,Rajasthan,NA,NA,NA,1,NA,NA
4379,0.085311256,0.01230511,2015,4,State,urban/rural,HH Size,statesector,1,Rajasthan,NA,NA,NA,2 to 3,NA,NA
4380,0.098005235,0.029031454,2015,4,State,urban/rural,HH Size,statesector,1,Rajasthan,NA,NA,NA,4 to 6,NA,NA
4381,0.149251655,0.045901485,2015,4,State,urban/rural,HH Size,statesector,1,Rajasthan,NA,NA,NA,7+,NA,NA
4382,0,0,2015,4,State,urban/rural,HH Size,statesector,1,Rajasthan,NA,NA,NA,NA,NA,NA
4383,0.17750147,0,2015,4,State,urban/rural,HH Size,statesector,0,Sikkim,NA,NA,NA,1,NA,NA
4384,0.054965276,0.005184723,2015,4,State,urban/rural,HH Size,statesector,0,Sikkim,NA,NA,NA,2 to 3,NA,NA
4385,0.056657035,0.006600521,2015,4,State,urban/rural,HH Size,statesector,0,Sikkim,NA,NA,NA,4 to 6,NA,NA
4386,0.050141659,0.009686294,2015,4,State,urban/rural,HH Size,statesector,0,Sikkim,NA,NA,NA,7+,NA,NA
4387,0,0,2015,4,State,urban/rural,HH Size,statesector,0,Sikkim,NA,NA,NA,NA,NA,NA
4388,0.021840446,0,2015,4,State,urban/rural,HH Size,statesector,1,Sikkim,NA,NA,NA,1,NA,NA
4389,0.024261896,0,2015,4,State,urban/rural,HH Size,statesector,1,Sikkim,NA,NA,NA,2 to 3,NA,NA
4390,0.032354534,0.002160785,2015,4,State,urban/rural,HH Size,statesector,1,Sikkim,NA,NA,NA,4 to 6,NA,NA
4391,0.05004834,0,2015,4,State,urban/rural,HH Size,statesector,1,Sikkim,NA,NA,NA,7+,NA,NA
4392,0.492586136,0.009729727,2015,4,State,urban/rural,HH Size,statesector,0,Tamil Nadu,NA,NA,NA,1,NA,NA
4393,0.144056588,0.009894886,2015,4,State,urban/rural,HH Size,statesector,0,Tamil Nadu,NA,NA,NA,2 to 3,NA,NA
4394,0.097165264,0.009622358,2015,4,State,urban/rural,HH Size,statesector,0,Tamil Nadu,NA,NA,NA,4 to 6,NA,NA
4395,0.12077269,0.00561002,2015,4,State,urban/rural,HH Size,statesector,0,Tamil Nadu,NA,NA,NA,7+,NA,NA
4396,0.094741575,0,2015,4,State,urban/rural,HH Size,statesector,0,Tamil Nadu,NA,NA,NA,NA,NA,NA
4397,0.162193641,0.001265463,2015,4,State,urban/rural,HH Size,statesector,1,Tamil Nadu,NA,NA,NA,1,NA,NA
4398,0.028411804,0.00133851,2015,4,State,urban/rural,HH Size,statesector,1,Tamil Nadu,NA,NA,NA,2 to 3,NA,NA
4399,0.024581136,0.002283254,2015,4,State,urban/rural,HH Size,statesector,1,Tamil Nadu,NA,NA,NA,4 to 6,NA,NA
4400,0.064073123,0.005227033,2015,4,State,urban/rural,HH Size,statesector,1,Tamil Nadu,NA,NA,NA,7+,NA,NA
4401,0,0,2015,4,State,urban/rural,HH Size,statesector,1,Tamil Nadu,NA,NA,NA,NA,NA,NA
4402,0.666216016,0.0270009,2015,4,State,urban/rural,HH Size,statesector,0,Telangana,NA,NA,NA,1,NA,NA
4403,0.30469811,0.044690657,2015,4,State,urban/rural,HH Size,statesector,0,Telangana,NA,NA,NA,2 to 3,NA,NA
4404,0.235634252,0.057123728,2015,4,State,urban/rural,HH Size,statesector,0,Telangana,NA,NA,NA,4 to 6,NA,NA
4405,0.282130927,0.05686387,2015,4,State,urban/rural,HH Size,statesector,0,Telangana,NA,NA,NA,7+,NA,NA
4406,0.771788955,0.771788955,2015,4,State,urban/rural,HH Size,statesector,0,Telangana,NA,NA,NA,NA,NA,NA
4407,0.174740389,0,2015,4,State,urban/rural,HH Size,statesector,1,Telangana,NA,NA,NA,1,NA,NA
4408,0.062378488,0.010730852,2015,4,State,urban/rural,HH Size,statesector,1,Telangana,NA,NA,NA,2 to 3,NA,NA
4409,0.056249004,0.011015674,2015,4,State,urban/rural,HH Size,statesector,1,Telangana,NA,NA,NA,4 to 6,NA,NA
4410,0.051665224,0.01063564,2015,4,State,urban/rural,HH Size,statesector,1,Telangana,NA,NA,NA,7+,NA,NA
4411,0.595712066,0.022514427,2015,4,State,urban/rural,HH Size,statesector,0,Tripura,NA,NA,NA,1,NA,NA
4412,0.252797812,0.05479208,2015,4,State,urban/rural,HH Size,statesector,0,Tripura,NA,NA,NA,2 to 3,NA,NA
4413,0.238444015,0.070268095,2015,4,State,urban/rural,HH Size,statesector,0,Tripura,NA,NA,NA,4 to 6,NA,NA
4414,0.267549455,0.087436415,2015,4,State,urban/rural,HH Size,statesector,0,Tripura,NA,NA,NA,7+,NA,NA
4415,0.208889544,0.016726375,2015,4,State,urban/rural,HH Size,statesector,1,Tripura,NA,NA,NA,1,NA,NA
4416,0.099477217,0.013233508,2015,4,State,urban/rural,HH Size,statesector,1,Tripura,NA,NA,NA,2 to 3,NA,NA
4417,0.088376775,0.0136586,2015,4,State,urban/rural,HH Size,statesector,1,Tripura,NA,NA,NA,4 to 6,NA,NA
4418,0.021969143,0,2015,4,State,urban/rural,HH Size,statesector,1,Tripura,NA,NA,NA,7+,NA,NA
4419,0,0,2015,4,State,urban/rural,HH Size,statesector,1,Tripura,NA,NA,NA,NA,NA,NA
4420,0.733317912,0.040983565,2015,4,State,urban/rural,HH Size,statesector,0,Uttar Pradesh,NA,NA,NA,1,NA,NA
4421,0.469267726,0.106893994,2015,4,State,urban/rural,HH Size,statesector,0,Uttar Pradesh,NA,NA,NA,2 to 3,NA,NA
4422,0.456365645,0.166916698,2015,4,State,urban/rural,HH Size,statesector,0,Uttar Pradesh,NA,NA,NA,4 to 6,NA,NA
4423,0.509621084,0.177890271,2015,4,State,urban/rural,HH Size,statesector,0,Uttar Pradesh,NA,NA,NA,7+,NA,NA
4424,0.51846981,0.403282315,2015,4,State,urban/rural,HH Size,statesector,0,Uttar Pradesh,NA,NA,NA,NA,NA,NA
4425,0.191525131,0.008714828,2015,4,State,urban/rural,HH Size,statesector,1,Uttar Pradesh,NA,NA,NA,1,NA,NA
4426,0.110268936,0.02366085,2015,4,State,urban/rural,HH Size,statesector,1,Uttar Pradesh,NA,NA,NA,2 to 3,NA,NA
4427,0.147159025,0.0519065,2015,4,State,urban/rural,HH Size,statesector,1,Uttar Pradesh,NA,NA,NA,4 to 6,NA,NA
4428,0.236140788,0.091594793,2015,4,State,urban/rural,HH Size,statesector,1,Uttar Pradesh,NA,NA,NA,7+,NA,NA
4429,0,0,2015,4,State,urban/rural,HH Size,statesector,1,Uttar Pradesh,NA,NA,NA,NA,NA,NA
4430,0.458522946,0.018190721,2015,4,State,urban/rural,HH Size,statesector,0,Uttarakhand,NA,NA,NA,1,NA,NA
4431,0.181406304,0.025873154,2015,4,State,urban/rural,HH Size,statesector,0,Uttarakhand,NA,NA,NA,2 to 3,NA,NA
4432,0.198553488,0.041172393,2015,4,State,urban/rural,HH Size,statesector,0,Uttarakhand,NA,NA,NA,4 to 6,NA,NA
4433,0.255316347,0.069961928,2015,4,State,urban/rural,HH Size,statesector,0,Uttarakhand,NA,NA,NA,7+,NA,NA
4434,0,0,2015,4,State,urban/rural,HH Size,statesector,0,Uttarakhand,NA,NA,NA,NA,NA,NA
4435,0.024970016,0,2015,4,State,urban/rural,HH Size,statesector,1,Uttarakhand,NA,NA,NA,1,NA,NA
4436,0.040104985,0.006610478,2015,4,State,urban/rural,HH Size,statesector,1,Uttarakhand,NA,NA,NA,2 to 3,NA,NA
4437,0.080771104,0.021150731,2015,4,State,urban/rural,HH Size,statesector,1,Uttarakhand,NA,NA,NA,4 to 6,NA,NA
4438,0.139815435,0.045055211,2015,4,State,urban/rural,HH Size,statesector,1,Uttarakhand,NA,NA,NA,7+,NA,NA
4439,0,0,2015,4,State,urban/rural,HH Size,statesector,1,Uttarakhand,NA,NA,NA,NA,NA,NA
4440,0.72765702,0.063445531,2015,4,State,urban/rural,HH Size,statesector,0,West Bengal,NA,NA,NA,1,NA,NA
4441,0.338104606,0.075503379,2015,4,State,urban/rural,HH Size,statesector,0,West Bengal,NA,NA,NA,2 to 3,NA,NA
4442,0.316592187,0.09631782,2015,4,State,urban/rural,HH Size,statesector,0,West Bengal,NA,NA,NA,4 to 6,NA,NA
4443,0.299594671,0.072217815,2015,4,State,urban/rural,HH Size,statesector,0,West Bengal,NA,NA,NA,7+,NA,NA
4444,0.128059179,0.068936363,2015,4,State,urban/rural,HH Size,statesector,0,West Bengal,NA,NA,NA,NA,NA,NA
4445,0.199908108,0.026383463,2015,4,State,urban/rural,HH Size,statesector,1,West Bengal,NA,NA,NA,1,NA,NA
4446,0.089705542,0.019790338,2015,4,State,urban/rural,HH Size,statesector,1,West Bengal,NA,NA,NA,2 to 3,NA,NA
4447,0.138348073,0.030418649,2015,4,State,urban/rural,HH Size,statesector,1,West Bengal,NA,NA,NA,4 to 6,NA,NA
4448,0.169248924,0.062585518,2015,4,State,urban/rural,HH Size,statesector,1,West Bengal,NA,NA,NA,7+,NA,NA
4449,0.25266552,0.08482296,2015,4,National,All,Owns House,allindia,99,India,NA,NA,NA,NA,0,NA
4450,0.28472811,0.088296369,2015,4,National,All,Owns House,allindia,99,India,NA,NA,NA,NA,1,NA
4451,0.284616202,0.138849497,2015,4,National,All,Owns House,allindia,99,India,NA,NA,NA,NA,NA,NA
4452,0.390554428,0.136982754,2015,4,National,urban/rural,Owns House,indiasector,0,India,NA,NA,NA,NA,0,NA
4453,0.364574999,0.114723109,2015,4,National,urban/rural,Owns House,indiasector,0,India,NA,NA,NA,NA,1,NA
4454,0.363175601,0.182296813,2015,4,National,urban/rural,Owns House,indiasector,0,India,NA,NA,NA,NA,NA,NA
4455,0.093072049,0.024452887,2015,4,National,urban/rural,Owns House,indiasector,1,India,NA,NA,NA,NA,0,NA
4456,0.091367438,0.024300203,2015,4,National,urban/rural,Owns House,indiasector,1,India,NA,NA,NA,NA,1,NA
4457,0.06256669,0.016044917,2015,4,National,urban/rural,Owns House,indiasector,1,India,NA,NA,NA,NA,NA,NA
4458,0.044516575,0.007422875,2015,4,State,All,Owns House,state,99,Andaman & Nicobar Islands,NA,NA,NA,NA,0,NA
4459,0.0840813,0.011370419,2015,4,State,All,Owns House,state,99,Andaman & Nicobar Islands,NA,NA,NA,NA,1,NA
4460,0,0,2015,4,State,All,Owns House,state,99,Andaman & Nicobar Islands,NA,NA,NA,NA,NA,NA
4461,0.123212673,0.026248153,2015,4,State,All,Owns House,state,99,Andhra Pradesh,NA,NA,NA,NA,0,NA
4462,0.164377302,0.033376921,2015,4,State,All,Owns House,state,99,Andhra Pradesh,NA,NA,NA,NA,1,NA
4463,0.412358016,0,2015,4,State,All,Owns House,state,99,Andhra Pradesh,NA,NA,NA,NA,NA,NA
4464,0.204211786,0.061787721,2015,4,State,All,Owns House,state,99,Arunachal Pradesh,NA,NA,NA,NA,0,NA
4465,0.261990726,0.082108222,2015,4,State,All,Owns House,state,99,Arunachal Pradesh,NA,NA,NA,NA,1,NA
4466,0,0,2015,4,State,All,Owns House,state,99,Arunachal Pradesh,NA,NA,NA,NA,NA,NA
4467,0.437381536,0.177546516,2015,4,State,All,Owns House,state,99,Assam,NA,NA,NA,NA,0,NA
4468,0.351477057,0.114158355,2015,4,State,All,Owns House,state,99,Assam,NA,NA,NA,NA,1,NA
4469,0.212098032,0,2015,4,State,All,Owns House,state,99,Assam,NA,NA,NA,NA,NA,NA
4470,0.532372653,0.2383582,2015,4,State,All,Owns House,state,99,Bihar,NA,NA,NA,NA,0,NA
4471,0.521932602,0.219574392,2015,4,State,All,Owns House,state,99,Bihar,NA,NA,NA,NA,1,NA
4472,0.488798499,0.339413404,2015,4,State,All,Owns House,state,99,Bihar,NA,NA,NA,NA,NA,NA
4473,0.090560406,0.044117,2015,4,State,All,Owns House,state,99,Chandigarh,NA,NA,NA,NA,0,NA
4474,0.035926394,0.004609378,2015,4,State,All,Owns House,state,99,Chandigarh,NA,NA,NA,NA,1,NA
4475,0.309455097,0.089207225,2015,4,State,All,Owns House,state,99,Chhattisgarh,NA,NA,NA,NA,0,NA
4476,0.374450892,0.090454854,2015,4,State,All,Owns House,state,99,Chhattisgarh,NA,NA,NA,NA,1,NA
4477,0,0,2015,4,State,All,Owns House,state,99,Chhattisgarh,NA,NA,NA,NA,NA,NA
4478,0.10200271,0.031851452,2015,4,State,All,Owns House,state,99,Dadra & Nagar Haveli and Daman & Diu,NA,NA,NA,NA,0,NA
4479,0.338353664,0.084722243,2015,4,State,All,Owns House,state,99,Dadra & Nagar Haveli and Daman & Diu,NA,NA,NA,NA,1,NA
4480,0.062609978,0.012396857,2015,4,State,All,Owns House,state,99,Delhi,NA,NA,NA,NA,0,NA
4481,0.033877105,0.008563917,2015,4,State,All,Owns House,state,99,Delhi,NA,NA,NA,NA,1,NA
4482,0,0,2015,4,State,All,Owns House,state,99,Delhi,NA,NA,NA,NA,NA,NA
4483,0.085196018,0.00464425,2015,4,State,All,Owns House,state,99,Goa,NA,NA,NA,NA,0,NA
4484,0.041787818,0.004071019,2015,4,State,All,Owns House,state,99,Goa,NA,NA,NA,NA,1,NA
4485,0.195827946,0.053192496,2015,4,State,All,Owns House,state,99,Gujarat,NA,NA,NA,NA,0,NA
4486,0.221895874,0.054926932,2015,4,State,All,Owns House,state,99,Gujarat,NA,NA,NA,NA,1,NA
4487,0.626133204,0.055543721,2015,4,State,All,Owns House,state,99,Gujarat,NA,NA,NA,NA,NA,NA
4488,0.145218223,0.042445287,2015,4,State,All,Owns House,state,99,Haryana,NA,NA,NA,NA,0,NA
4489,0.100521915,0.022964995,2015,4,State,All,Owns House,state,99,Haryana,NA,NA,NA,NA,1,NA
4490,0.227978468,0,2015,4,State,All,Owns House,state,99,Haryana,NA,NA,NA,NA,NA,NA
4491,0.0892758,0.01143304,2015,4,State,All,Owns House,state,99,Himachal Pradesh,NA,NA,NA,NA,0,NA
4492,0.07918299,0.004142317,2015,4,State,All,Owns House,state,99,Himachal Pradesh,NA,NA,NA,NA,1,NA
4493,0.165621489,0,2015,4,State,All,Owns House,state,99,Himachal Pradesh,NA,NA,NA,NA,NA,NA
4494,0.242684767,0.061291024,2015,4,State,All,Owns House,state,99,Jammu & Kashmir,NA,NA,NA,NA,0,NA
4495,0.145732373,0.031303186,2015,4,State,All,Owns House,state,99,Jammu & Kashmir,NA,NA,NA,NA,1,NA
4496,0,0,2015,4,State,All,Owns House,state,99,Jammu & Kashmir,NA,NA,NA,NA,NA,NA
4497,0.450091153,0.157377809,2015,4,State,All,Owns House,state,99,Jharkhand,NA,NA,NA,NA,0,NA
4498,0.467747033,0.154093981,2015,4,State,All,Owns House,state,99,Jharkhand,NA,NA,NA,NA,1,NA
4499,0.227396473,0,2015,4,State,All,Owns House,state,99,Jharkhand,NA,NA,NA,NA,NA,NA
4500,0.138741598,0.023480149,2015,4,State,All,Owns House,state,99,Karnataka,NA,NA,NA,NA,0,NA
4501,0.185814574,0.03610757,2015,4,State,All,Owns House,state,99,Karnataka,NA,NA,NA,NA,1,NA
4502,0.229688257,0,2015,4,State,All,Owns House,state,99,Karnataka,NA,NA,NA,NA,NA,NA
4503,0.014366977,0.001129437,2015,4,State,All,Owns House,state,99,Kerala,NA,NA,NA,NA,0,NA
4504,0.010079164,0.000619011,2015,4,State,All,Owns House,state,99,Kerala,NA,NA,NA,NA,1,NA
4505,0.031758506,0,2015,4,State,All,Owns House,state,99,Kerala,NA,NA,NA,NA,NA,NA
4506,0,0,2015,4,State,All,Owns House,state,99,Lakshadweep,NA,NA,NA,NA,0,NA
4507,0.019178513,0,2015,4,State,All,Owns House,state,99,Lakshadweep,NA,NA,NA,NA,1,NA
4508,0.38354066,0.13146396,2015,4,State,All,Owns House,state,99,Madhya Pradesh,NA,NA,NA,NA,0,NA
4509,0.415504754,0.130294263,2015,4,State,All,Owns House,state,99,Madhya Pradesh,NA,NA,NA,NA,1,NA
4510,0.386835158,0.068712525,2015,4,State,All,Owns House,state,99,Madhya Pradesh,NA,NA,NA,NA,NA,NA
4511,0.143969238,0.030164391,2015,4,State,All,Owns House,state,99,Maharashtra,NA,NA,NA,NA,0,NA
4512,0.178838849,0.035852358,2015,4,State,All,Owns House,state,99,Maharashtra,NA,NA,NA,NA,1,NA
4513,0.189619586,0.066695772,2015,4,State,All,Owns House,state,99,Maharashtra,NA,NA,NA,NA,NA,NA
4514,0.239584535,0.045026336,2015,4,State,All,Owns House,state,99,Manipur,NA,NA,NA,NA,0,NA
4515,0.201331168,0.031123564,2015,4,State,All,Owns House,state,99,Manipur,NA,NA,NA,NA,1,NA
4516,0.088169001,0,2015,4,State,All,Owns House,state,99,Manipur,NA,NA,NA,NA,NA,NA
4517,0.276634306,0.082271144,2015,4,State,All,Owns House,state,99,Meghalaya,NA,NA,NA,NA,0,NA
4518,0.344289154,0.121955417,2015,4,State,All,Owns House,state,99,Meghalaya,NA,NA,NA,NA,1,NA
4519,0.287876725,0,2015,4,State,All,Owns House,state,99,Meghalaya,NA,NA,NA,NA,NA,NA
4520,0.081895702,0.027214523,2015,4,State,All,Owns House,state,99,Mizoram,NA,NA,NA,NA,0,NA
4521,0.120603018,0.04423644,2015,4,State,All,Owns House,state,99,Mizoram,NA,NA,NA,NA,1,NA
4522,0,0,2015,4,State,All,Owns House,state,99,Mizoram,NA,NA,NA,NA,NA,NA
4523,0.18931447,0.055787925,2015,4,State,All,Owns House,state,99,Nagaland,NA,NA,NA,NA,0,NA
4524,0.25315395,0.064822003,2015,4,State,All,Owns House,state,99,Nagaland,NA,NA,NA,NA,1,NA
4525,0.180020764,0,2015,4,State,All,Owns House,state,99,Nagaland,NA,NA,NA,NA,NA,NA
4526,0.305904746,0.094813578,2015,4,State,All,Owns House,state,99,Odisha,NA,NA,NA,NA,0,NA
4527,0.368075788,0.108321242,2015,4,State,All,Owns House,state,99,Odisha,NA,NA,NA,NA,1,NA
4528,0.332542658,0.264304429,2015,4,State,All,Owns House,state,99,Odisha,NA,NA,NA,NA,NA,NA
4529,0.034847133,0.012921425,2015,4,State,All,Owns House,state,99,Puducherry,NA,NA,NA,NA,0,NA
4530,0.034167148,0.001062892,2015,4,State,All,Owns House,state,99,Puducherry,NA,NA,NA,NA,1,NA
4531,0.124982446,0.03588739,2015,4,State,All,Owns House,state,99,Punjab,NA,NA,NA,NA,0,NA
4532,0.055231482,0.012329268,2015,4,State,All,Owns House,state,99,Punjab,NA,NA,NA,NA,1,NA
4533,0,0,2015,4,State,All,Owns House,state,99,Punjab,NA,NA,NA,NA,NA,NA
4534,0.329247534,0.116675824,2015,4,State,All,Owns House,state,99,Rajasthan,NA,NA,NA,NA,0,NA
4535,0.318120688,0.112363204,2015,4,State,All,Owns House,state,99,Rajasthan,NA,NA,NA,NA,1,NA
4536,0.127141431,0,2015,4,State,All,Owns House,state,99,Rajasthan,NA,NA,NA,NA,NA,NA
4537,0.059849303,0.006317199,2015,4,State,All,Owns House,state,99,Sikkim,NA,NA,NA,NA,0,NA
4538,0.04393008,0.00452459,2015,4,State,All,Owns House,state,99,Sikkim,NA,NA,NA,NA,1,NA
4539,0,0,2015,4,State,All,Owns House,state,99,Sikkim,NA,NA,NA,NA,NA,NA
4540,0.04487266,0.005570729,2015,4,State,All,Owns House,state,99,Tamil Nadu,NA,NA,NA,NA,0,NA
4541,0.08143612,0.005781205,2015,4,State,All,Owns House,state,99,Tamil Nadu,NA,NA,NA,NA,1,NA
4542,0.035706986,0,2015,4,State,All,Owns House,state,99,Tamil Nadu,NA,NA,NA,NA,NA,NA
4543,0.164866328,0.029040556,2015,4,State,All,Owns House,state,99,Telangana,NA,NA,NA,NA,0,NA
4544,0.182534426,0.039771095,2015,4,State,All,Owns House,state,99,Telangana,NA,NA,NA,NA,1,NA
4545,0.771788955,0.771788955,2015,4,State,All,Owns House,state,99,Telangana,NA,NA,NA,NA,NA,NA
4546,0.172895208,0.041366421,2015,4,State,All,Owns House,state,99,Tripura,NA,NA,NA,NA,0,NA
4547,0.212612823,0.05657988,2015,4,State,All,Owns House,state,99,Tripura,NA,NA,NA,NA,1,NA
4548,0,0,2015,4,State,All,Owns House,state,99,Tripura,NA,NA,NA,NA,NA,NA
4549,0.440329373,0.183083281,2015,4,State,All,Owns House,state,99,Uttar Pradesh,NA,NA,NA,NA,0,NA
4550,0.404498339,0.136297166,2015,4,State,All,Owns House,state,99,Uttar Pradesh,NA,NA,NA,NA,1,NA
4551,0.429889947,0.334382057,2015,4,State,All,Owns House,state,99,Uttar Pradesh,NA,NA,NA,NA,NA,NA
4552,0.212679476,0.067814447,2015,4,State,All,Owns House,state,99,Uttarakhand,NA,NA,NA,NA,0,NA
4553,0.160902083,0.031542491,2015,4,State,All,Owns House,state,99,Uttarakhand,NA,NA,NA,NA,1,NA
4554,0,0,2015,4,State,All,Owns House,state,99,Uttarakhand,NA,NA,NA,NA,NA,NA
4555,0.265090227,0.068491101,2015,4,State,All,Owns House,state,99,West Bengal,NA,NA,NA,NA,0,NA
4556,0.261770099,0.07182762,2015,4,State,All,Owns House,state,99,West Bengal,NA,NA,NA,NA,1,NA
4557,0.128059179,0.068936363,2015,4,State,All,Owns House,state,99,West Bengal,NA,NA,NA,NA,NA,NA
4558,0.074078456,0.015586255,2015,4,State,urban/rural,Owns House,statesector,0,Andaman & Nicobar Islands,NA,NA,NA,NA,0,NA
4559,0.130550101,0.017852969,2015,4,State,urban/rural,Owns House,statesector,0,Andaman & Nicobar Islands,NA,NA,NA,NA,1,NA
4560,0,0,2015,4,State,urban/rural,Owns House,statesector,0,Andaman & Nicobar Islands,NA,NA,NA,NA,NA,NA
4561,0.017636269,0,2015,4,State,urban/rural,Owns House,statesector,1,Andaman & Nicobar Islands,NA,NA,NA,NA,0,NA
4562,0.002574864,0,2015,4,State,urban/rural,Owns House,statesector,1,Andaman & Nicobar Islands,NA,NA,NA,NA,1,NA
4563,0.198951781,0.043751977,2015,4,State,urban/rural,Owns House,statesector,0,Andhra Pradesh,NA,NA,NA,NA,0,NA
4564,0.196944565,0.039980769,2015,4,State,urban/rural,Owns House,statesector,0,Andhra Pradesh,NA,NA,NA,NA,1,NA
4565,0.587952137,0,2015,4,State,urban/rural,Owns House,statesector,0,Andhra Pradesh,NA,NA,NA,NA,NA,NA
4566,0.060631268,0.011785165,2015,4,State,urban/rural,Owns House,statesector,1,Andhra Pradesh,NA,NA,NA,NA,0,NA
4567,0.055524983,0.011304316,2015,4,State,urban/rural,Owns House,statesector,1,Andhra Pradesh,NA,NA,NA,NA,1,NA
4568,0,0,2015,4,State,urban/rural,Owns House,statesector,1,Andhra Pradesh,NA,NA,NA,NA,NA,NA
4569,0.285391629,0.085553534,2015,4,State,urban/rural,Owns House,statesector,0,Arunachal Pradesh,NA,NA,NA,NA,0,NA
4570,0.301712871,0.097386152,2015,4,State,urban/rural,Owns House,statesector,0,Arunachal Pradesh,NA,NA,NA,NA,1,NA
4571,0,0,2015,4,State,urban/rural,Owns House,statesector,0,Arunachal Pradesh,NA,NA,NA,NA,NA,NA
4572,0.052407302,0.017346181,2015,4,State,urban/rural,Owns House,statesector,1,Arunachal Pradesh,NA,NA,NA,NA,0,NA
4573,0.082971215,0.013253708,2015,4,State,urban/rural,Owns House,statesector,1,Arunachal Pradesh,NA,NA,NA,NA,1,NA
4574,0,0,2015,4,State,urban/rural,Owns House,statesector,1,Arunachal Pradesh,NA,NA,NA,NA,NA,NA
4575,0.485386938,0.202882066,2015,4,State,urban/rural,Owns House,statesector,0,Assam,NA,NA,NA,NA,0,NA
4576,0.388963997,0.127858341,2015,4,State,urban/rural,Owns House,statesector,0,Assam,NA,NA,NA,NA,1,NA
4577,0.216852173,0,2015,4,State,urban/rural,Owns House,statesector,0,Assam,NA,NA,NA,NA,NA,NA
4578,0.163750142,0.033133551,2015,4,State,urban/rural,Owns House,statesector,1,Assam,NA,NA,NA,NA,0,NA
4579,0.102466293,0.02315481,2015,4,State,urban/rural,Owns House,statesector,1,Assam,NA,NA,NA,NA,1,NA
4580,0,0,2015,4,State,urban/rural,Owns House,statesector,1,Assam,NA,NA,NA,NA,NA,NA
4581,0.580309272,0.262802064,2015,4,State,urban/rural,Owns House,statesector,0,Bihar,NA,NA,NA,NA,0,NA
4582,0.564386666,0.238854721,2015,4,State,urban/rural,Owns House,statesector,0,Bihar,NA,NA,NA,NA,1,NA
4583,0.522614241,0.362894475,2015,4,State,urban/rural,Owns House,statesector,0,Bihar,NA,NA,NA,NA,NA,NA
4584,0.24143742,0.090004489,2015,4,State,urban/rural,Owns House,statesector,1,Bihar,NA,NA,NA,NA,0,NA
4585,0.22147429,0.083122574,2015,4,State,urban/rural,Owns House,statesector,1,Bihar,NA,NA,NA,NA,1,NA
4586,0,0,2015,4,State,urban/rural,Owns House,statesector,1,Bihar,NA,NA,NA,NA,NA,NA
4587,0.523809552,0.333333343,2015,4,State,urban/rural,Owns House,statesector,0,Chandigarh,NA,NA,NA,NA,0,NA
4588,0.171052635,0,2015,4,State,urban/rural,Owns House,statesector,0,Chandigarh,NA,NA,NA,NA,1,NA
4589,0.072541155,0.032088213,2015,4,State,urban/rural,Owns House,statesector,1,Chandigarh,NA,NA,NA,NA,0,NA
4590,0.030345716,0.004799744,2015,4,State,urban/rural,Owns House,statesector,1,Chandigarh,NA,NA,NA,NA,1,NA
4591,0.463292301,0.134858683,2015,4,State,urban/rural,Owns House,statesector,0,Chhattisgarh,NA,NA,NA,NA,0,NA
4592,0.439684749,0.108251631,2015,4,State,urban/rural,Owns House,statesector,0,Chhattisgarh,NA,NA,NA,NA,1,NA
4593,0,0,2015,4,State,urban/rural,Owns House,statesector,0,Chhattisgarh,NA,NA,NA,NA,NA,NA
4594,0.107821956,0.029372236,2015,4,State,urban/rural,Owns House,statesector,1,Chhattisgarh,NA,NA,NA,NA,0,NA
4595,0.121368647,0.02141021,2015,4,State,urban/rural,Owns House,statesector,1,Chhattisgarh,NA,NA,NA,NA,1,NA
4596,0.247869834,0.081911653,2015,4,State,urban/rural,Owns House,statesector,0,Dadra & Nagar Haveli and Daman & Diu,NA,NA,NA,NA,0,NA
4597,0.507595241,0.134407043,2015,4,State,urban/rural,Owns House,statesector,0,Dadra & Nagar Haveli and Daman & Diu,NA,NA,NA,NA,1,NA
4598,0.0631653,0.018522825,2015,4,State,urban/rural,Owns House,statesector,1,Dadra & Nagar Haveli and Daman & Diu,NA,NA,NA,NA,0,NA
4599,0.049763869,0,2015,4,State,urban/rural,Owns House,statesector,1,Dadra & Nagar Haveli and Daman & Diu,NA,NA,NA,NA,1,NA
4600,0.009021783,0,2015,4,State,urban/rural,Owns House,statesector,0,Delhi,NA,NA,NA,NA,0,NA
4601,0.032840278,0,2015,4,State,urban/rural,Owns House,statesector,0,Delhi,NA,NA,NA,NA,1,NA
4602,0.062981755,0.012482862,2015,4,State,urban/rural,Owns House,statesector,1,Delhi,NA,NA,NA,NA,0,NA
4603,0.033886455,0.008641168,2015,4,State,urban/rural,Owns House,statesector,1,Delhi,NA,NA,NA,NA,1,NA
4604,0,0,2015,4,State,urban/rural,Owns House,statesector,1,Delhi,NA,NA,NA,NA,NA,NA
4605,0.102876037,0.003735295,2015,4,State,urban/rural,Owns House,statesector,0,Goa,NA,NA,NA,NA,0,NA
4606,0.066010438,0.005464179,2015,4,State,urban/rural,Owns House,statesector,0,Goa,NA,NA,NA,NA,1,NA
4607,0.073887087,0.005225659,2015,4,State,urban/rural,Owns House,statesector,1,Goa,NA,NA,NA,NA,0,NA
4608,0.027601471,0.003255093,2015,4,State,urban/rural,Owns House,statesector,1,Goa,NA,NA,NA,NA,1,NA
4609,0.327777177,0.089785285,2015,4,State,urban/rural,Owns House,statesector,0,Gujarat,NA,NA,NA,NA,0,NA
4610,0.324990273,0.081586711,2015,4,State,urban/rural,Owns House,statesector,0,Gujarat,NA,NA,NA,NA,1,NA
4611,0.634652495,0.056299463,2015,4,State,urban/rural,Owns House,statesector,0,Gujarat,NA,NA,NA,NA,NA,NA
4612,0.094799787,0.025174892,2015,4,State,urban/rural,Owns House,statesector,1,Gujarat,NA,NA,NA,NA,0,NA
4613,0.061855592,0.013541184,2015,4,State,urban/rural,Owns House,statesector,1,Gujarat,NA,NA,NA,NA,1,NA
4614,0,0,2015,4,State,urban/rural,Owns House,statesector,1,Gujarat,NA,NA,NA,NA,NA,NA
4615,0.20217362,0.07188312,2015,4,State,urban/rural,Owns House,statesector,0,Haryana,NA,NA,NA,NA,0,NA
4616,0.122001812,0.027392037,2015,4,State,urban/rural,Owns House,statesector,0,Haryana,NA,NA,NA,NA,1,NA
4617,0.392401844,0,2015,4,State,urban/rural,Owns House,statesector,0,Haryana,NA,NA,NA,NA,NA,NA
4618,0.099924564,0.019034911,2015,4,State,urban/rural,Owns House,statesector,1,Haryana,NA,NA,NA,NA,0,NA
4619,0.05948294,0.014506792,2015,4,State,urban/rural,Owns House,statesector,1,Haryana,NA,NA,NA,NA,1,NA
4620,0,0,2015,4,State,urban/rural,Owns House,statesector,1,Haryana,NA,NA,NA,NA,NA,NA
4621,0.102696598,0.012061071,2015,4,State,urban/rural,Owns House,statesector,0,Himachal Pradesh,NA,NA,NA,NA,0,NA
4622,0.083708309,0.00429127,2015,4,State,urban/rural,Owns House,statesector,0,Himachal Pradesh,NA,NA,NA,NA,1,NA
4623,0.165621489,0,2015,4,State,urban/rural,Owns House,statesector,0,Himachal Pradesh,NA,NA,NA,NA,NA,NA
4624,0.016311327,0.008018639,2015,4,State,urban/rural,Owns House,statesector,1,Himachal Pradesh,NA,NA,NA,NA,0,NA
4625,0.024180429,0.002331875,2015,4,State,urban/rural,Owns House,statesector,1,Himachal Pradesh,NA,NA,NA,NA,1,NA
4626,0.279141933,0.076247551,2015,4,State,urban/rural,Owns House,statesector,0,Jammu & Kashmir,NA,NA,NA,NA,0,NA
4627,0.19075273,0.040797986,2015,4,State,urban/rural,Owns House,statesector,0,Jammu & Kashmir,NA,NA,NA,NA,1,NA
4628,0,0,2015,4,State,urban/rural,Owns House,statesector,0,Jammu & Kashmir,NA,NA,NA,NA,NA,NA
4629,0.152780786,0.02440797,2015,4,State,urban/rural,Owns House,statesector,1,Jammu & Kashmir,NA,NA,NA,NA,0,NA
4630,0.038782153,0.008747372,2015,4,State,urban/rural,Owns House,statesector,1,Jammu & Kashmir,NA,NA,NA,NA,1,NA
4631,0,0,2015,4,State,urban/rural,Owns House,statesector,1,Jammu & Kashmir,NA,NA,NA,NA,NA,NA
4632,0.568761289,0.209389642,2015,4,State,urban/rural,Owns House,statesector,0,Jharkhand,NA,NA,NA,NA,0,NA
4633,0.560371697,0.190361097,2015,4,State,urban/rural,Owns House,statesector,0,Jharkhand,NA,NA,NA,NA,1,NA
4634,0.344759911,0,2015,4,State,urban/rural,Owns House,statesector,0,Jharkhand,NA,NA,NA,NA,NA,NA
4635,0.166011602,0.032868821,2015,4,State,urban/rural,Owns House,statesector,1,Jharkhand,NA,NA,NA,NA,0,NA
4636,0.17169188,0.038173858,2015,4,State,urban/rural,Owns House,statesector,1,Jharkhand,NA,NA,NA,NA,1,NA
4637,0,0,2015,4,State,urban/rural,Owns House,statesector,1,Jharkhand,NA,NA,NA,NA,NA,NA
4638,0.24947153,0.045790389,2015,4,State,urban/rural,Owns House,statesector,0,Karnataka,NA,NA,NA,NA,0,NA
4639,0.252101004,0.050226018,2015,4,State,urban/rural,Owns House,statesector,0,Karnataka,NA,NA,NA,NA,1,NA
4640,0.367475539,0,2015,4,State,urban/rural,Owns House,statesector,0,Karnataka,NA,NA,NA,NA,NA,NA
4641,0.053280629,0.006261184,2015,4,State,urban/rural,Owns House,statesector,1,Karnataka,NA,NA,NA,NA,0,NA
4642,0.06810572,0.011036585,2015,4,State,urban/rural,Owns House,statesector,1,Karnataka,NA,NA,NA,NA,1,NA
4643,0,0,2015,4,State,urban/rural,Owns House,statesector,1,Karnataka,NA,NA,NA,NA,NA,NA
4644,0.021025727,0.002357515,2015,4,State,urban/rural,Owns House,statesector,0,Kerala,NA,NA,NA,NA,0,NA
4645,0.013254359,0.001145549,2015,4,State,urban/rural,Owns House,statesector,0,Kerala,NA,NA,NA,NA,1,NA
4646,0.038382825,0,2015,4,State,urban/rural,Owns House,statesector,0,Kerala,NA,NA,NA,NA,NA,NA
4647,0.008243066,0,2015,4,State,urban/rural,Owns House,statesector,1,Kerala,NA,NA,NA,NA,0,NA
4648,0.006346337,0,2015,4,State,urban/rural,Owns House,statesector,1,Kerala,NA,NA,NA,NA,1,NA
4649,0,0,2015,4,State,urban/rural,Owns House,statesector,1,Kerala,NA,NA,NA,NA,NA,NA
4650,0,0,2015,4,State,urban/rural,Owns House,statesector,0,Lakshadweep,NA,NA,NA,NA,0,NA
4651,0.019546375,0,2015,4,State,urban/rural,Owns House,statesector,0,Lakshadweep,NA,NA,NA,NA,1,NA
4652,0,0,2015,4,State,urban/rural,Owns House,statesector,1,Lakshadweep,NA,NA,NA,NA,0,NA
4653,0.01907458,0,2015,4,State,urban/rural,Owns House,statesector,1,Lakshadweep,NA,NA,NA,NA,1,NA
4654,0.53879261,0.19094269,2015,4,State,urban/rural,Owns House,statesector,0,Madhya Pradesh,NA,NA,NA,NA,0,NA
4655,0.516446888,0.165371358,2015,4,State,urban/rural,Owns House,statesector,0,Madhya Pradesh,NA,NA,NA,NA,1,NA
4656,0.241900668,0.091675326,2015,4,State,urban/rural,Owns House,statesector,0,Madhya Pradesh,NA,NA,NA,NA,NA,NA
4657,0.159508288,0.045634724,2015,4,State,urban/rural,Owns House,statesector,1,Madhya Pradesh,NA,NA,NA,NA,0,NA
4658,0.137839258,0.033806317,2015,4,State,urban/rural,Owns House,statesector,1,Madhya Pradesh,NA,NA,NA,NA,1,NA
4659,0.820528507,0,2015,4,State,urban/rural,Owns House,statesector,1,Madhya Pradesh,NA,NA,NA,NA,NA,NA
4660,0.287039578,0.068181954,2015,4,State,urban/rural,Owns House,statesector,0,Maharashtra,NA,NA,NA,NA,0,NA
4661,0.271226794,0.055863749,2015,4,State,urban/rural,Owns House,statesector,0,Maharashtra,NA,NA,NA,NA,1,NA
4662,0.218083054,0,2015,4,State,urban/rural,Owns House,statesector,0,Maharashtra,NA,NA,NA,NA,NA,NA
4663,0.072090998,0.011064444,2015,4,State,urban/rural,Owns House,statesector,1,Maharashtra,NA,NA,NA,NA,0,NA
4664,0.049340356,0.007802767,2015,4,State,urban/rural,Owns House,statesector,1,Maharashtra,NA,NA,NA,NA,1,NA
4665,0.152851358,0.152851358,2015,4,State,urban/rural,Owns House,statesector,1,Maharashtra,NA,NA,NA,NA,NA,NA
4666,0.286228031,0.055527452,2015,4,State,urban/rural,Owns House,statesector,0,Manipur,NA,NA,NA,NA,0,NA
4667,0.248740003,0.043937031,2015,4,State,urban/rural,Owns House,statesector,0,Manipur,NA,NA,NA,NA,1,NA
4668,0,0,2015,4,State,urban/rural,Owns House,statesector,0,Manipur,NA,NA,NA,NA,NA,NA
4669,0.165897936,0.028436847,2015,4,State,urban/rural,Owns House,statesector,1,Manipur,NA,NA,NA,NA,0,NA
4670,0.126364395,0.010861853,2015,4,State,urban/rural,Owns House,statesector,1,Manipur,NA,NA,NA,NA,1,NA
4671,0.177277803,0,2015,4,State,urban/rural,Owns House,statesector,1,Manipur,NA,NA,NA,NA,NA,NA
4672,0.395264924,0.131826729,2015,4,State,urban/rural,Owns House,statesector,0,Meghalaya,NA,NA,NA,NA,0,NA
4673,0.381901443,0.137834102,2015,4,State,urban/rural,Owns House,statesector,0,Meghalaya,NA,NA,NA,NA,1,NA
4674,0.287876725,0,2015,4,State,urban/rural,Owns House,statesector,0,Meghalaya,NA,NA,NA,NA,NA,NA
4675,0.094741248,0.006288931,2015,4,State,urban/rural,Owns House,statesector,1,Meghalaya,NA,NA,NA,NA,0,NA
4676,0.099904671,0.018784147,2015,4,State,urban/rural,Owns House,statesector,1,Meghalaya,NA,NA,NA,NA,1,NA
4677,0.190612778,0.068495817,2015,4,State,urban/rural,Owns House,statesector,0,Mizoram,NA,NA,NA,NA,0,NA
4678,0.215481997,0.081550643,2015,4,State,urban/rural,Owns House,statesector,0,Mizoram,NA,NA,NA,NA,1,NA
4679,0,0,2015,4,State,urban/rural,Owns House,statesector,0,Mizoram,NA,NA,NA,NA,NA,NA
4680,0.015722532,0.002087706,2015,4,State,urban/rural,Owns House,statesector,1,Mizoram,NA,NA,NA,NA,0,NA
4681,0.012909609,0.001882561,2015,4,State,urban/rural,Owns House,statesector,1,Mizoram,NA,NA,NA,NA,1,NA
4682,0,0,2015,4,State,urban/rural,Owns House,statesector,1,Mizoram,NA,NA,NA,NA,NA,NA
4683,0.308395714,0.107493043,2015,4,State,urban/rural,Owns House,statesector,0,Nagaland,NA,NA,NA,NA,0,NA
4684,0.305685699,0.080059797,2015,4,State,urban/rural,Owns House,statesector,0,Nagaland,NA,NA,NA,NA,1,NA
4685,0.11523819,0,2015,4,State,urban/rural,Owns House,statesector,0,Nagaland,NA,NA,NA,NA,NA,NA
4686,0.127369404,0.028891362,2015,4,State,urban/rural,Owns House,statesector,1,Nagaland,NA,NA,NA,NA,0,NA
4687,0.084542744,0.015913252,2015,4,State,urban/rural,Owns House,statesector,1,Nagaland,NA,NA,NA,NA,1,NA
4688,0.455699086,0,2015,4,State,urban/rural,Owns House,statesector,1,Nagaland,NA,NA,NA,NA,NA,NA
4689,0.38607648,0.113863476,2015,4,State,urban/rural,Owns House,statesector,0,Odisha,NA,NA,NA,NA,0,NA
4690,0.402920753,0.119405933,2015,4,State,urban/rural,Owns House,statesector,0,Odisha,NA,NA,NA,NA,1,NA
4691,0.608635247,0.483742446,2015,4,State,urban/rural,Owns House,statesector,0,Odisha,NA,NA,NA,NA,NA,NA
4692,0.129573822,0.052914936,2015,4,State,urban/rural,Owns House,statesector,1,Odisha,NA,NA,NA,NA,0,NA
4693,0.145889297,0.037640557,2015,4,State,urban/rural,Owns House,statesector,1,Odisha,NA,NA,NA,NA,1,NA
4694,0,0,2015,4,State,urban/rural,Owns House,statesector,1,Odisha,NA,NA,NA,NA,NA,NA
4695,0.073533013,0.018199498,2015,4,State,urban/rural,Owns House,statesector,0,Puducherry,NA,NA,NA,NA,0,NA
4696,0.071374185,0.002877775,2015,4,State,urban/rural,Owns House,statesector,0,Puducherry,NA,NA,NA,NA,1,NA
4697,0.026635153,0.01180103,2015,4,State,urban/rural,Owns House,statesector,1,Puducherry,NA,NA,NA,NA,0,NA
4698,0.014663387,0.000111539,2015,4,State,urban/rural,Owns House,statesector,1,Puducherry,NA,NA,NA,NA,1,NA
4699,0.151505992,0.03983546,2015,4,State,urban/rural,Owns House,statesector,0,Punjab,NA,NA,NA,NA,0,NA
4700,0.06878823,0.01363815,2015,4,State,urban/rural,Owns House,statesector,0,Punjab,NA,NA,NA,NA,1,NA
4701,0.102171011,0.032491874,2015,4,State,urban/rural,Owns House,statesector,1,Punjab,NA,NA,NA,NA,0,NA
4702,0.033106193,0.010193109,2015,4,State,urban/rural,Owns House,statesector,1,Punjab,NA,NA,NA,NA,1,NA
4703,0,0,2015,4,State,urban/rural,Owns House,statesector,1,Punjab,NA,NA,NA,NA,NA,NA
4704,0.417060763,0.151916787,2015,4,State,urban/rural,Owns House,statesector,0,Rajasthan,NA,NA,NA,NA,0,NA
4705,0.381341815,0.136916801,2015,4,State,urban/rural,Owns House,statesector,0,Rajasthan,NA,NA,NA,NA,1,NA
4706,0.276277632,0,2015,4,State,urban/rural,Owns House,statesector,0,Rajasthan,NA,NA,NA,NA,NA,NA
4707,0.141268164,0.041236471,2015,4,State,urban/rural,Owns House,statesector,1,Rajasthan,NA,NA,NA,NA,0,NA
4708,0.106261864,0.030082224,2015,4,State,urban/rural,Owns House,statesector,1,Rajasthan,NA,NA,NA,NA,1,NA
4709,0,0,2015,4,State,urban/rural,Owns House,statesector,1,Rajasthan,NA,NA,NA,NA,NA,NA
4710,0.077739544,0.010107088,2015,4,State,urban/rural,Owns House,statesector,0,Sikkim,NA,NA,NA,NA,0,NA
4711,0.050021183,0.005785367,2015,4,State,urban/rural,Owns House,statesector,0,Sikkim,NA,NA,NA,NA,1,NA
4712,0,0,2015,4,State,urban/rural,Owns House,statesector,0,Sikkim,NA,NA,NA,NA,NA,NA
4713,0.041640371,0.002459798,2015,4,State,urban/rural,Owns House,statesector,1,Sikkim,NA,NA,NA,NA,0,NA
4714,0.022070749,0,2015,4,State,urban/rural,Owns House,statesector,1,Sikkim,NA,NA,NA,NA,1,NA
4715,0.119399101,0.014988719,2015,4,State,urban/rural,Owns House,statesector,0,Tamil Nadu,NA,NA,NA,NA,0,NA
4716,0.115554325,0.008596875,2015,4,State,urban/rural,Owns House,statesector,0,Tamil Nadu,NA,NA,NA,NA,1,NA
4717,0.094741575,0,2015,4,State,urban/rural,Owns House,statesector,0,Tamil Nadu,NA,NA,NA,NA,NA,NA
4718,0.025194785,0.003084015,2015,4,State,urban/rural,Owns House,statesector,1,Tamil Nadu,NA,NA,NA,NA,0,NA
4719,0.033634953,0.001836324,2015,4,State,urban/rural,Owns House,statesector,1,Tamil Nadu,NA,NA,NA,NA,1,NA
4720,0,0,2015,4,State,urban/rural,Owns House,statesector,1,Tamil Nadu,NA,NA,NA,NA,NA,NA
4721,0.279388338,0.051931985,2015,4,State,urban/rural,Owns House,statesector,0,Telangana,NA,NA,NA,NA,0,NA
4722,0.256261051,0.054804821,2015,4,State,urban/rural,Owns House,statesector,0,Telangana,NA,NA,NA,NA,1,NA
4723,0.771788955,0.771788955,2015,4,State,urban/rural,Owns House,statesector,0,Telangana,NA,NA,NA,NA,NA,NA
4724,0.064698018,0.009018243,2015,4,State,urban/rural,Owns House,statesector,1,Telangana,NA,NA,NA,NA,0,NA
4725,0.050294779,0.012805872,2015,4,State,urban/rural,Owns House,statesector,1,Telangana,NA,NA,NA,NA,1,NA
4726,0.209876209,0.055033203,2015,4,State,urban/rural,Owns House,statesector,0,Tripura,NA,NA,NA,NA,0,NA
4727,0.260503441,0.072973415,2015,4,State,urban/rural,Owns House,statesector,0,Tripura,NA,NA,NA,NA,1,NA
4728,0.095183387,0.012647071,2015,4,State,urban/rural,Owns House,statesector,1,Tripura,NA,NA,NA,NA,0,NA
4729,0.080241635,0.011267614,2015,4,State,urban/rural,Owns House,statesector,1,Tripura,NA,NA,NA,NA,1,NA
4730,0,0,2015,4,State,urban/rural,Owns House,statesector,1,Tripura,NA,NA,NA,NA,NA,NA
4731,0.562979817,0.233147219,2015,4,State,urban/rural,Owns House,statesector,0,Uttar Pradesh,NA,NA,NA,NA,0,NA
4732,0.477020532,0.160296366,2015,4,State,urban/rural,Owns House,statesector,0,Uttar Pradesh,NA,NA,NA,NA,1,NA
4733,0.51846981,0.403282315,2015,4,State,urban/rural,Owns House,statesector,0,Uttar Pradesh,NA,NA,NA,NA,NA,NA
4734,0.230400503,0.097393714,2015,4,State,urban/rural,Owns House,statesector,1,Uttar Pradesh,NA,NA,NA,NA,0,NA
4735,0.170445785,0.058843974,2015,4,State,urban/rural,Owns House,statesector,1,Uttar Pradesh,NA,NA,NA,NA,1,NA
4736,0,0,2015,4,State,urban/rural,Owns House,statesector,1,Uttar Pradesh,NA,NA,NA,NA,NA,NA
4737,0.254233807,0.076428421,2015,4,State,urban/rural,Owns House,statesector,0,Uttarakhand,NA,NA,NA,NA,0,NA
4738,0.207736284,0.040252335,2015,4,State,urban/rural,Owns House,statesector,0,Uttarakhand,NA,NA,NA,NA,1,NA
4739,0,0,2015,4,State,urban/rural,Owns House,statesector,0,Uttarakhand,NA,NA,NA,NA,NA,NA
4740,0.156231701,0.056113157,2015,4,State,urban/rural,Owns House,statesector,1,Uttarakhand,NA,NA,NA,NA,0,NA
4741,0.065560654,0.013811663,2015,4,State,urban/rural,Owns House,statesector,1,Uttarakhand,NA,NA,NA,NA,1,NA
4742,0,0,2015,4,State,urban/rural,Owns House,statesector,1,Uttarakhand,NA,NA,NA,NA,NA,NA
4743,0.325505078,0.085732833,2015,4,State,urban/rural,Owns House,statesector,0,West Bengal,NA,NA,NA,NA,0,NA
4744,0.317592293,0.087411657,2015,4,State,urban/rural,Owns House,statesector,0,West Bengal,NA,NA,NA,NA,1,NA
4745,0.128059179,0.068936363,2015,4,State,urban/rural,Owns House,statesector,0,West Bengal,NA,NA,NA,NA,NA,NA
4746,0.131174877,0.03027313,2015,4,State,urban/rural,Owns House,statesector,1,West Bengal,NA,NA,NA,NA,0,NA
4747,0.137113512,0.037026893,2015,4,State,urban/rural,Owns House,statesector,1,West Bengal,NA,NA,NA,NA,1,NA
4748,0.246474355,0.086271003,2015,4,National,All,Agri Land,allindia,99,India,NA,NA,NA,NA,NA,0
4749,0.322690547,0.089550659,2015,4,National,All,Agri Land,allindia,99,India,NA,NA,NA,NA,NA,1
4750,0.284616202,0.138849497,2015,4,National,All,Agri Land,allindia,99,India,NA,NA,NA,NA,NA,NA
4751,0.38836506,0.14270708,2015,4,National,urban/rural,Agri Land,indiasector,0,India,NA,NA,NA,NA,NA,0
4752,0.352534235,0.09843076,2015,4,National,urban/rural,Agri Land,indiasector,0,India,NA,NA,NA,NA,NA,1
4753,0.363175601,0.182296813,2015,4,National,urban/rural,Agri Land,indiasector,0,India,NA,NA,NA,NA,NA,NA
4754,0.093575232,0.025456406,2015,4,National,urban/rural,Agri Land,indiasector,1,India,NA,NA,NA,NA,NA,0
4755,0.081397563,0.017753024,2015,4,National,urban/rural,Agri Land,indiasector,1,India,NA,NA,NA,NA,NA,1
4756,0.06256669,0.016044917,2015,4,National,urban/rural,Agri Land,indiasector,1,India,NA,NA,NA,NA,NA,NA
4757,0.065812267,0.009991325,2015,4,State,All,Agri Land,state,99,Andaman & Nicobar Islands,NA,NA,NA,NA,NA,0
4758,0.09358678,0.008916693,2015,4,State,All,Agri Land,state,99,Andaman & Nicobar Islands,NA,NA,NA,NA,NA,1
4759,0,0,2015,4,State,All,Agri Land,state,99,Andaman & Nicobar Islands,NA,NA,NA,NA,NA,NA
4760,0.149199888,0.02985285,2015,4,State,All,Agri Land,state,99,Andhra Pradesh,NA,NA,NA,NA,NA,0
4761,0.171018317,0.036391202,2015,4,State,All,Agri Land,state,99,Andhra Pradesh,NA,NA,NA,NA,NA,1
4762,0.412358016,0,2015,4,State,All,Agri Land,state,99,Andhra Pradesh,NA,NA,NA,NA,NA,NA
4763,0.218451068,0.072074138,2015,4,State,All,Agri Land,state,99,Arunachal Pradesh,NA,NA,NA,NA,NA,0
4764,0.263280272,0.078409836,2015,4,State,All,Agri Land,state,99,Arunachal Pradesh,NA,NA,NA,NA,NA,1
4765,0,0,2015,4,State,All,Agri Land,state,99,Arunachal Pradesh,NA,NA,NA,NA,NA,NA
4766,0.409630269,0.159188658,2015,4,State,All,Agri Land,state,99,Assam,NA,NA,NA,NA,NA,0
4767,0.306390494,0.078417145,2015,4,State,All,Agri Land,state,99,Assam,NA,NA,NA,NA,NA,1
4768,0.212098032,0,2015,4,State,All,Agri Land,state,99,Assam,NA,NA,NA,NA,NA,NA
4769,0.59324491,0.290930986,2015,4,State,All,Agri Land,state,99,Bihar,NA,NA,NA,NA,NA,0
4770,0.43811962,0.139939636,2015,4,State,All,Agri Land,state,99,Bihar,NA,NA,NA,NA,NA,1
4771,0.488798499,0.339413404,2015,4,State,All,Agri Land,state,99,Bihar,NA,NA,NA,NA,NA,NA
4772,0.052945949,0.015949624,2015,4,State,All,Agri Land,state,99,Chandigarh,NA,NA,NA,NA,NA,0
4773,0.02335776,0,2015,4,State,All,Agri Land,state,99,Chandigarh,NA,NA,NA,NA,NA,1
4774,0.329728216,0.08777643,2015,4,State,All,Agri Land,state,99,Chhattisgarh,NA,NA,NA,NA,NA,0
4775,0.394373298,0.092100643,2015,4,State,All,Agri Land,state,99,Chhattisgarh,NA,NA,NA,NA,NA,1
4776,0,0,2015,4,State,All,Agri Land,state,99,Chhattisgarh,NA,NA,NA,NA,NA,NA
4777,0.187217966,0.046382841,2015,4,State,All,Agri Land,state,99,Dadra & Nagar Haveli and Daman & Diu,NA,NA,NA,NA,NA,0
4778,0.411202759,0.114487603,2015,4,State,All,Agri Land,state,99,Dadra & Nagar Haveli and Daman & Diu,NA,NA,NA,NA,NA,1
4779,0.043658938,0.00910696,2015,4,State,All,Agri Land,state,99,Delhi,NA,NA,NA,NA,NA,0
4780,0.032140642,0.016094416,2015,4,State,All,Agri Land,state,99,Delhi,NA,NA,NA,NA,NA,1
4781,0,0,2015,4,State,All,Agri Land,state,99,Delhi,NA,NA,NA,NA,NA,NA
4782,0.051584095,0.004220889,2015,4,State,All,Agri Land,state,99,Goa,NA,NA,NA,NA,NA,0
4783,0.078905508,0.004414344,2015,4,State,All,Agri Land,state,99,Goa,NA,NA,NA,NA,NA,1
4784,0.166790038,0.04118982,2015,4,State,All,Agri Land,state,99,Gujarat,NA,NA,NA,NA,NA,0
4785,0.29091534,0.07421615,2015,4,State,All,Agri Land,state,99,Gujarat,NA,NA,NA,NA,NA,1
4786,0.626133204,0.055543721,2015,4,State,All,Agri Land,state,99,Gujarat,NA,NA,NA,NA,NA,NA
4787,0.128419802,0.032274231,2015,4,State,All,Agri Land,state,99,Haryana,NA,NA,NA,NA,NA,0
4788,0.073097616,0.016389225,2015,4,State,All,Agri Land,state,99,Haryana,NA,NA,NA,NA,NA,1
4789,0.227978468,0,2015,4,State,All,Agri Land,state,99,Haryana,NA,NA,NA,NA,NA,NA
4790,0.089180812,0.009825281,2015,4,State,All,Agri Land,state,99,Himachal Pradesh,NA,NA,NA,NA,NA,0
4791,0.078062683,0.003944442,2015,4,State,All,Agri Land,state,99,Himachal Pradesh,NA,NA,NA,NA,NA,1
4792,0.165621489,0,2015,4,State,All,Agri Land,state,99,Himachal Pradesh,NA,NA,NA,NA,NA,NA
4793,0.115277685,0.023236275,2015,4,State,All,Agri Land,state,99,Jammu & Kashmir,NA,NA,NA,NA,NA,0
4794,0.170170531,0.038213953,2015,4,State,All,Agri Land,state,99,Jammu & Kashmir,NA,NA,NA,NA,NA,1
4795,0,0,2015,4,State,All,Agri Land,state,99,Jammu & Kashmir,NA,NA,NA,NA,NA,NA
4796,0.382748514,0.144334748,2015,4,State,All,Agri Land,state,99,Jharkhand,NA,NA,NA,NA,NA,0
4797,0.520996809,0.161383361,2015,4,State,All,Agri Land,state,99,Jharkhand,NA,NA,NA,NA,NA,1
4798,0.227396473,0,2015,4,State,All,Agri Land,state,99,Jharkhand,NA,NA,NA,NA,NA,NA
4799,0.135390997,0.025337709,2015,4,State,All,Agri Land,state,99,Karnataka,NA,NA,NA,NA,NA,0
4800,0.228710935,0.043395024,2015,4,State,All,Agri Land,state,99,Karnataka,NA,NA,NA,NA,NA,1
4801,0.229688257,0,2015,4,State,All,Agri Land,state,99,Karnataka,NA,NA,NA,NA,NA,NA
4802,0.011492757,0.000767458,2015,4,State,All,Agri Land,state,99,Kerala,NA,NA,NA,NA,NA,0
4803,0.006652973,0.000318124,2015,4,State,All,Agri Land,state,99,Kerala,NA,NA,NA,NA,NA,1
4804,0.031758506,0,2015,4,State,All,Agri Land,state,99,Kerala,NA,NA,NA,NA,NA,NA
4805,0.021190813,0,2015,4,State,All,Agri Land,state,99,Lakshadweep,NA,NA,NA,NA,NA,0
4806,0,0,2015,4,State,All,Agri Land,state,99,Lakshadweep,NA,NA,NA,NA,NA,1
4807,0.355145127,0.119739249,2015,4,State,All,Agri Land,state,99,Madhya Pradesh,NA,NA,NA,NA,NA,0
4808,0.462907284,0.140727133,2015,4,State,All,Agri Land,state,99,Madhya Pradesh,NA,NA,NA,NA,NA,1
4809,0.386835158,0.068712525,2015,4,State,All,Agri Land,state,99,Madhya Pradesh,NA,NA,NA,NA,NA,NA
4810,0.153924584,0.034469619,2015,4,State,All,Agri Land,state,99,Maharashtra,NA,NA,NA,NA,NA,0
4811,0.20212847,0.035386641,2015,4,State,All,Agri Land,state,99,Maharashtra,NA,NA,NA,NA,NA,1
4812,0.189619586,0.066695772,2015,4,State,All,Agri Land,state,99,Maharashtra,NA,NA,NA,NA,NA,NA
4813,0.222915009,0.039851945,2015,4,State,All,Agri Land,state,99,Manipur,NA,NA,NA,NA,NA,0
4814,0.17905511,0.020843897,2015,4,State,All,Agri Land,state,99,Manipur,NA,NA,NA,NA,NA,1
4815,0.088169001,0,2015,4,State,All,Agri Land,state,99,Manipur,NA,NA,NA,NA,NA,NA
4816,0.333223313,0.119202666,2015,4,State,All,Agri Land,state,99,Meghalaya,NA,NA,NA,NA,NA,0
4817,0.315240771,0.09656512,2015,4,State,All,Agri Land,state,99,Meghalaya,NA,NA,NA,NA,NA,1
4818,0.287876725,0,2015,4,State,All,Agri Land,state,99,Meghalaya,NA,NA,NA,NA,NA,NA
4819,0.105139323,0.039957713,2015,4,State,All,Agri Land,state,99,Mizoram,NA,NA,NA,NA,NA,0
4820,0.086336836,0.025563734,2015,4,State,All,Agri Land,state,99,Mizoram,NA,NA,NA,NA,NA,1
4821,0,0,2015,4,State,All,Agri Land,state,99,Mizoram,NA,NA,NA,NA,NA,NA
4822,0.188633844,0.055273503,2015,4,State,All,Agri Land,state,99,Nagaland,NA,NA,NA,NA,NA,0
4823,0.287334383,0.070093565,2015,4,State,All,Agri Land,state,99,Nagaland,NA,NA,NA,NA,NA,1
4824,0.180020764,0,2015,4,State,All,Agri Land,state,99,Nagaland,NA,NA,NA,NA,NA,NA
4825,0.365885586,0.116791524,2015,4,State,All,Agri Land,state,99,Odisha,NA,NA,NA,NA,NA,0
4826,0.352185905,0.09698759,2015,4,State,All,Agri Land,state,99,Odisha,NA,NA,NA,NA,NA,1
4827,0.332542658,0.264304429,2015,4,State,All,Agri Land,state,99,Odisha,NA,NA,NA,NA,NA,NA
4828,0.035043191,0.003574959,2015,4,State,All,Agri Land,state,99,Puducherry,NA,NA,NA,NA,NA,0
4829,0.019031953,0,2015,4,State,All,Agri Land,state,99,Puducherry,NA,NA,NA,NA,NA,1
4830,0.076075733,0.0187639,2015,4,State,All,Agri Land,state,99,Punjab,NA,NA,NA,NA,NA,0
4831,0.01930603,0.001856815,2015,4,State,All,Agri Land,state,99,Punjab,NA,NA,NA,NA,NA,1
4832,0,0,2015,4,State,All,Agri Land,state,99,Punjab,NA,NA,NA,NA,NA,NA
4833,0.277159452,0.102867216,2015,4,State,All,Agri Land,state,99,Rajasthan,NA,NA,NA,NA,NA,0
4834,0.353200138,0.120955154,2015,4,State,All,Agri Land,state,99,Rajasthan,NA,NA,NA,NA,NA,1
4835,0.127141431,0,2015,4,State,All,Agri Land,state,99,Rajasthan,NA,NA,NA,NA,NA,NA
4836,0.049517795,0.003299742,2015,4,State,All,Agri Land,state,99,Sikkim,NA,NA,NA,NA,NA,0
4837,0.047981899,0.006683213,2015,4,State,All,Agri Land,state,99,Sikkim,NA,NA,NA,NA,NA,1
4838,0,0,2015,4,State,All,Agri Land,state,99,Sikkim,NA,NA,NA,NA,NA,NA
4839,0.071608134,0.005623347,2015,4,State,All,Agri Land,state,99,Tamil Nadu,NA,NA,NA,NA,NA,0
4840,0.078683771,0.00617611,2015,4,State,All,Agri Land,state,99,Tamil Nadu,NA,NA,NA,NA,NA,1
4841,0.035706986,0,2015,4,State,All,Agri Land,state,99,Tamil Nadu,NA,NA,NA,NA,NA,NA
4842,0.146743596,0.028618176,2015,4,State,All,Agri Land,state,99,Telangana,NA,NA,NA,NA,NA,0
4843,0.219508484,0.045434996,2015,4,State,All,Agri Land,state,99,Telangana,NA,NA,NA,NA,NA,1
4844,0.771788955,0.771788955,2015,4,State,All,Agri Land,state,99,Telangana,NA,NA,NA,NA,NA,NA
4845,0.210840583,0.060916111,2015,4,State,All,Agri Land,state,99,Tripura,NA,NA,NA,NA,NA,0
4846,0.176579043,0.026071334,2015,4,State,All,Agri Land,state,99,Tripura,NA,NA,NA,NA,NA,1
4847,0,0,2015,4,State,All,Agri Land,state,99,Tripura,NA,NA,NA,NA,NA,NA
4848,0.385969043,0.159716547,2015,4,State,All,Agri Land,state,99,Uttar Pradesh,NA,NA,NA,NA,NA,0
4849,0.42438969,0.126164302,2015,4,State,All,Agri Land,state,99,Uttar Pradesh,NA,NA,NA,NA,NA,1
4850,0.429889947,0.334382057,2015,4,State,All,Agri Land,state,99,Uttar Pradesh,NA,NA,NA,NA,NA,NA
4851,0.174270004,0.050081942,2015,4,State,All,Agri Land,state,99,Uttarakhand,NA,NA,NA,NA,NA,0
4852,0.169589415,0.025192259,2015,4,State,All,Agri Land,state,99,Uttarakhand,NA,NA,NA,NA,NA,1
4853,0,0,2015,4,State,All,Agri Land,state,99,Uttarakhand,NA,NA,NA,NA,NA,NA
4854,0.278280646,0.084121883,2015,4,State,All,Agri Land,state,99,West Bengal,NA,NA,NA,NA,NA,0
4855,0.228031129,0.042521462,2015,4,State,All,Agri Land,state,99,West Bengal,NA,NA,NA,NA,NA,1
4856,0.128059179,0.068936363,2015,4,State,All,Agri Land,state,99,West Bengal,NA,NA,NA,NA,NA,NA
4857,0.112205856,0.01812984,2015,4,State,urban/rural,Agri Land,statesector,0,Andaman & Nicobar Islands,NA,NA,NA,NA,NA,0
4858,0.1158439,0.01166267,2015,4,State,urban/rural,Agri Land,statesector,0,Andaman & Nicobar Islands,NA,NA,NA,NA,NA,1
4859,0,0,2015,4,State,urban/rural,Agri Land,statesector,0,Andaman & Nicobar Islands,NA,NA,NA,NA,NA,NA
4860,0.008856749,0,2015,4,State,urban/rural,Agri Land,statesector,1,Andaman & Nicobar Islands,NA,NA,NA,NA,NA,0
4861,0.021313805,0,2015,4,State,urban/rural,Agri Land,statesector,1,Andaman & Nicobar Islands,NA,NA,NA,NA,NA,1
4862,0.206773698,0.040914174,2015,4,State,urban/rural,Agri Land,statesector,0,Andhra Pradesh,NA,NA,NA,NA,NA,0
4863,0.183935761,0.039819714,2015,4,State,urban/rural,Agri Land,statesector,0,Andhra Pradesh,NA,NA,NA,NA,NA,1
4864,0.587952137,0,2015,4,State,urban/rural,Agri Land,statesector,0,Andhra Pradesh,NA,NA,NA,NA,NA,NA
4865,0.059883669,0.012693039,2015,4,State,urban/rural,Agri Land,statesector,1,Andhra Pradesh,NA,NA,NA,NA,NA,0
4866,0.033908792,0,2015,4,State,urban/rural,Agri Land,statesector,1,Andhra Pradesh,NA,NA,NA,NA,NA,1
4867,0,0,2015,4,State,urban/rural,Agri Land,statesector,1,Andhra Pradesh,NA,NA,NA,NA,NA,NA
4868,0.30816707,0.105255552,2015,4,State,urban/rural,Agri Land,statesector,0,Arunachal Pradesh,NA,NA,NA,NA,NA,0
4869,0.291321814,0.088108972,2015,4,State,urban/rural,Agri Land,statesector,0,Arunachal Pradesh,NA,NA,NA,NA,NA,1
4870,0,0,2015,4,State,urban/rural,Agri Land,statesector,0,Arunachal Pradesh,NA,NA,NA,NA,NA,NA
4871,0.075605445,0.019242764,2015,4,State,urban/rural,Agri Land,statesector,1,Arunachal Pradesh,NA,NA,NA,NA,NA,0
4872,0.049918123,0.004611198,2015,4,State,urban/rural,Agri Land,statesector,1,Arunachal Pradesh,NA,NA,NA,NA,NA,1
4873,0,0,2015,4,State,urban/rural,Agri Land,statesector,1,Arunachal Pradesh,NA,NA,NA,NA,NA,NA
4874,0.485745311,0.193384156,2015,4,State,urban/rural,Agri Land,statesector,0,Assam,NA,NA,NA,NA,NA,0
4875,0.317825347,0.081995755,2015,4,State,urban/rural,Agri Land,statesector,0,Assam,NA,NA,NA,NA,NA,1
4876,0.216852173,0,2015,4,State,urban/rural,Agri Land,statesector,0,Assam,NA,NA,NA,NA,NA,NA
4877,0.118016995,0.02817825,2015,4,State,urban/rural,Agri Land,statesector,1,Assam,NA,NA,NA,NA,NA,0
4878,0.074053459,0.005705832,2015,4,State,urban/rural,Agri Land,statesector,1,Assam,NA,NA,NA,NA,NA,1
4879,0,0,2015,4,State,urban/rural,Agri Land,statesector,1,Assam,NA,NA,NA,NA,NA,NA
4880,0.670801282,0.335009605,2015,4,State,urban/rural,Agri Land,statesector,0,Bihar,NA,NA,NA,NA,NA,0
4881,0.456934273,0.146174237,2015,4,State,urban/rural,Agri Land,statesector,0,Bihar,NA,NA,NA,NA,NA,1
4882,0.522614241,0.362894475,2015,4,State,urban/rural,Agri Land,statesector,0,Bihar,NA,NA,NA,NA,NA,NA
4883,0.251861781,0.096908242,2015,4,State,urban/rural,Agri Land,statesector,1,Bihar,NA,NA,NA,NA,NA,0
4884,0.121778674,0.035113964,2015,4,State,urban/rural,Agri Land,statesector,1,Bihar,NA,NA,NA,NA,NA,1
4885,0,0,2015,4,State,urban/rural,Agri Land,statesector,1,Bihar,NA,NA,NA,NA,NA,NA
4886,0.441860467,0.162790701,2015,4,State,urban/rural,Agri Land,statesector,0,Chandigarh,NA,NA,NA,NA,NA,0
4887,0.09259259,0,2015,4,State,urban/rural,Agri Land,statesector,0,Chandigarh,NA,NA,NA,NA,NA,1
4888,0.044437405,0.012737082,2015,4,State,urban/rural,Agri Land,statesector,1,Chandigarh,NA,NA,NA,NA,NA,0
4889,0.013510006,0,2015,4,State,urban/rural,Agri Land,statesector,1,Chandigarh,NA,NA,NA,NA,NA,1
4890,0.485520959,0.135483846,2015,4,State,urban/rural,Agri Land,statesector,0,Chhattisgarh,NA,NA,NA,NA,NA,0
4891,0.422290117,0.099256374,2015,4,State,urban/rural,Agri Land,statesector,0,Chhattisgarh,NA,NA,NA,NA,NA,1
4892,0,0,2015,4,State,urban/rural,Agri Land,statesector,0,Chhattisgarh,NA,NA,NA,NA,NA,NA
4893,0.122741051,0.024392087,2015,4,State,urban/rural,Agri Land,statesector,1,Chhattisgarh,NA,NA,NA,NA,NA,0
4894,0.105332687,0.018012736,2015,4,State,urban/rural,Agri Land,statesector,1,Chhattisgarh,NA,NA,NA,NA,NA,1
4895,0.417487234,0.106862076,2015,4,State,urban/rural,Agri Land,statesector,0,Dadra & Nagar Haveli and Daman & Diu,NA,NA,NA,NA,NA,0
4896,0.520232201,0.150079146,2015,4,State,urban/rural,Agri Land,statesector,0,Dadra & Nagar Haveli and Daman & Diu,NA,NA,NA,NA,NA,1
4897,0.057295468,0.012259259,2015,4,State,urban/rural,Agri Land,statesector,1,Dadra & Nagar Haveli and Daman & Diu,NA,NA,NA,NA,NA,0
4898,0.060486894,0,2015,4,State,urban/rural,Agri Land,statesector,1,Dadra & Nagar Haveli and Daman & Diu,NA,NA,NA,NA,NA,1
4899,0.046290789,0,2015,4,State,urban/rural,Agri Land,statesector,0,Delhi,NA,NA,NA,NA,NA,0
4900,0.004848637,0,2015,4,State,urban/rural,Agri Land,statesector,0,Delhi,NA,NA,NA,NA,NA,1
4901,0.043646131,0.009151282,2015,4,State,urban/rural,Agri Land,statesector,1,Delhi,NA,NA,NA,NA,NA,0
4902,0.033387572,0.016829746,2015,4,State,urban/rural,Agri Land,statesector,1,Delhi,NA,NA,NA,NA,NA,1
4903,0,0,2015,4,State,urban/rural,Agri Land,statesector,1,Delhi,NA,NA,NA,NA,NA,NA
4904,0.067981578,0.004433935,2015,4,State,urban/rural,Agri Land,statesector,0,Goa,NA,NA,NA,NA,NA,0
4905,0.112731189,0.006696852,2015,4,State,urban/rural,Agri Land,statesector,0,Goa,NA,NA,NA,NA,NA,1
4906,0.04328493,0.004113061,2015,4,State,urban/rural,Agri Land,statesector,1,Goa,NA,NA,NA,NA,NA,0
4907,0.01348705,0,2015,4,State,urban/rural,Agri Land,statesector,1,Goa,NA,NA,NA,NA,NA,1
4908,0.310750604,0.076081902,2015,4,State,urban/rural,Agri Land,statesector,0,Gujarat,NA,NA,NA,NA,NA,0
4909,0.335466236,0.087245971,2015,4,State,urban/rural,Agri Land,statesector,0,Gujarat,NA,NA,NA,NA,NA,1
4910,0.634652495,0.056299463,2015,4,State,urban/rural,Agri Land,statesector,0,Gujarat,NA,NA,NA,NA,NA,NA
4911,0.071768396,0.018159183,2015,4,State,urban/rural,Agri Land,statesector,1,Gujarat,NA,NA,NA,NA,NA,0
4912,0.058411181,0.00621558,2015,4,State,urban/rural,Agri Land,statesector,1,Gujarat,NA,NA,NA,NA,NA,1
4913,0,0,2015,4,State,urban/rural,Agri Land,statesector,1,Gujarat,NA,NA,NA,NA,NA,NA
4914,0.178911805,0.04691194,2015,4,State,urban/rural,Agri Land,statesector,0,Haryana,NA,NA,NA,NA,NA,0
4915,0.07938692,0.017995272,2015,4,State,urban/rural,Agri Land,statesector,0,Haryana,NA,NA,NA,NA,NA,1
4916,0.392401844,0,2015,4,State,urban/rural,Agri Land,statesector,0,Haryana,NA,NA,NA,NA,NA,NA
4917,0.075993516,0.01707577,2015,4,State,urban/rural,Agri Land,statesector,1,Haryana,NA,NA,NA,NA,NA,0
4918,0.045676976,0.009387049,2015,4,State,urban/rural,Agri Land,statesector,1,Haryana,NA,NA,NA,NA,NA,1
4919,0,0,2015,4,State,urban/rural,Agri Land,statesector,1,Haryana,NA,NA,NA,NA,NA,NA
4920,0.109174296,0.010789264,2015,4,State,urban/rural,Agri Land,statesector,0,Himachal Pradesh,NA,NA,NA,NA,NA,0
4921,0.080174856,0.004118258,2015,4,State,urban/rural,Agri Land,statesector,0,Himachal Pradesh,NA,NA,NA,NA,NA,1
4922,0.165621489,0,2015,4,State,urban/rural,Agri Land,statesector,0,Himachal Pradesh,NA,NA,NA,NA,NA,NA
4923,0.017278466,0.00635852,2015,4,State,urban/rural,Agri Land,statesector,1,Himachal Pradesh,NA,NA,NA,NA,NA,0
4924,0.030130709,0,2015,4,State,urban/rural,Agri Land,statesector,1,Himachal Pradesh,NA,NA,NA,NA,NA,1
4925,0.215622738,0.050416406,2015,4,State,urban/rural,Agri Land,statesector,0,Jammu & Kashmir,NA,NA,NA,NA,NA,0
4926,0.192682132,0.04165167,2015,4,State,urban/rural,Agri Land,statesector,0,Jammu & Kashmir,NA,NA,NA,NA,NA,1
4927,0,0,2015,4,State,urban/rural,Agri Land,statesector,0,Jammu & Kashmir,NA,NA,NA,NA,NA,NA
4928,0.048806313,0.005231397,2015,4,State,urban/rural,Agri Land,statesector,1,Jammu & Kashmir,NA,NA,NA,NA,NA,0
4929,0.041816838,0.018613249,2015,4,State,urban/rural,Agri Land,statesector,1,Jammu & Kashmir,NA,NA,NA,NA,NA,1
4930,0,0,2015,4,State,urban/rural,Agri Land,statesector,1,Jammu & Kashmir,NA,NA,NA,NA,NA,NA
4931,0.55851984,0.230098784,2015,4,State,urban/rural,Agri Land,statesector,0,Jharkhand,NA,NA,NA,NA,NA,0
4932,0.562590837,0.177441671,2015,4,State,urban/rural,Agri Land,statesector,0,Jharkhand,NA,NA,NA,NA,NA,1
4933,0.344759911,0,2015,4,State,urban/rural,Agri Land,statesector,0,Jharkhand,NA,NA,NA,NA,NA,NA
4934,0.17294389,0.041964862,2015,4,State,urban/rural,Agri Land,statesector,1,Jharkhand,NA,NA,NA,NA,NA,0
4935,0.164472848,0.023739282,2015,4,State,urban/rural,Agri Land,statesector,1,Jharkhand,NA,NA,NA,NA,NA,1
4936,0,0,2015,4,State,urban/rural,Agri Land,statesector,1,Jharkhand,NA,NA,NA,NA,NA,NA
4937,0.255589664,0.052090399,2015,4,State,urban/rural,Agri Land,statesector,0,Karnataka,NA,NA,NA,NA,NA,0
4938,0.248766914,0.047344062,2015,4,State,urban/rural,Agri Land,statesector,0,Karnataka,NA,NA,NA,NA,NA,1
4939,0.367475539,0,2015,4,State,urban/rural,Agri Land,statesector,0,Karnataka,NA,NA,NA,NA,NA,NA
4940,0.058714297,0.008271727,2015,4,State,urban/rural,Agri Land,statesector,1,Karnataka,NA,NA,NA,NA,NA,0
4941,0.08941257,0.015967075,2015,4,State,urban/rural,Agri Land,statesector,1,Karnataka,NA,NA,NA,NA,NA,1
4942,0,0,2015,4,State,urban/rural,Agri Land,statesector,1,Karnataka,NA,NA,NA,NA,NA,NA
4943,0.015916979,0.00153838,2015,4,State,urban/rural,Agri Land,statesector,0,Kerala,NA,NA,NA,NA,NA,0
4944,0.00825651,0.000451783,2015,4,State,urban/rural,Agri Land,statesector,0,Kerala,NA,NA,NA,NA,NA,1
4945,0.038382825,0,2015,4,State,urban/rural,Agri Land,statesector,0,Kerala,NA,NA,NA,NA,NA,NA
4946,0.007088417,0,2015,4,State,urban/rural,Agri Land,statesector,1,Kerala,NA,NA,NA,NA,NA,0
4947,0.002836396,0,2015,4,State,urban/rural,Agri Land,statesector,1,Kerala,NA,NA,NA,NA,NA,1
4948,0,0,2015,4,State,urban/rural,Agri Land,statesector,1,Kerala,NA,NA,NA,NA,NA,NA
4949,0.021708781,0,2015,4,State,urban/rural,Agri Land,statesector,0,Lakshadweep,NA,NA,NA,NA,NA,0
4950,0,0,2015,4,State,urban/rural,Agri Land,statesector,0,Lakshadweep,NA,NA,NA,NA,NA,1
4951,0.021045433,0,2015,4,State,urban/rural,Agri Land,statesector,1,Lakshadweep,NA,NA,NA,NA,NA,0
4952,0,0,2015,4,State,urban/rural,Agri Land,statesector,1,Lakshadweep,NA,NA,NA,NA,NA,1
4953,0.547939658,0.195090771,2015,4,State,urban/rural,Agri Land,statesector,0,Madhya Pradesh,NA,NA,NA,NA,NA,0
4954,0.503852725,0.154423833,2015,4,State,urban/rural,Agri Land,statesector,0,Madhya Pradesh,NA,NA,NA,NA,NA,1
4955,0.241900668,0.091675326,2015,4,State,urban/rural,Agri Land,statesector,0,Madhya Pradesh,NA,NA,NA,NA,NA,NA
4956,0.150168255,0.039626412,2015,4,State,urban/rural,Agri Land,statesector,1,Madhya Pradesh,NA,NA,NA,NA,NA,0
4957,0.110110506,0.022712927,2015,4,State,urban/rural,Agri Land,statesector,1,Madhya Pradesh,NA,NA,NA,NA,NA,1
4958,0.820528507,0,2015,4,State,urban/rural,Agri Land,statesector,1,Madhya Pradesh,NA,NA,NA,NA,NA,NA
4959,0.325089067,0.080204673,2015,4,State,urban/rural,Agri Land,statesector,0,Maharashtra,NA,NA,NA,NA,NA,0
4960,0.236765414,0.041275248,2015,4,State,urban/rural,Agri Land,statesector,0,Maharashtra,NA,NA,NA,NA,NA,1
4961,0.218083054,0,2015,4,State,urban/rural,Agri Land,statesector,0,Maharashtra,NA,NA,NA,NA,NA,NA
4962,0.057698302,0.008758009,2015,4,State,urban/rural,Agri Land,statesector,1,Maharashtra,NA,NA,NA,NA,NA,0
4963,0.041359428,0.008054391,2015,4,State,urban/rural,Agri Land,statesector,1,Maharashtra,NA,NA,NA,NA,NA,1
4964,0.152851358,0.152851358,2015,4,State,urban/rural,Agri Land,statesector,1,Maharashtra,NA,NA,NA,NA,NA,NA
4965,0.2766366,0.0548613,2015,4,State,urban/rural,Agri Land,statesector,0,Manipur,NA,NA,NA,NA,NA,0
4966,0.217166245,0.029327575,2015,4,State,urban/rural,Agri Land,statesector,0,Manipur,NA,NA,NA,NA,NA,1
4967,0,0,2015,4,State,urban/rural,Agri Land,statesector,0,Manipur,NA,NA,NA,NA,NA,NA
4968,0.147602618,0.018810306,2015,4,State,urban/rural,Agri Land,statesector,1,Manipur,NA,NA,NA,NA,NA,0
4969,0.096605144,0.002490233,2015,4,State,urban/rural,Agri Land,statesector,1,Manipur,NA,NA,NA,NA,NA,1
4970,0.177277803,0,2015,4,State,urban/rural,Agri Land,statesector,1,Manipur,NA,NA,NA,NA,NA,NA
4971,0.416342676,0.156182364,2015,4,State,urban/rural,Agri Land,statesector,0,Meghalaya,NA,NA,NA,NA,NA,0
4972,0.328120142,0.102466509,2015,4,State,urban/rural,Agri Land,statesector,0,Meghalaya,NA,NA,NA,NA,NA,1
4973,0.287876725,0,2015,4,State,urban/rural,Agri Land,statesector,0,Meghalaya,NA,NA,NA,NA,NA,NA
4974,0.095783427,0.013565967,2015,4,State,urban/rural,Agri Land,statesector,1,Meghalaya,NA,NA,NA,NA,NA,0
4975,0.112738647,0.003777715,2015,4,State,urban/rural,Agri Land,statesector,1,Meghalaya,NA,NA,NA,NA,NA,1
4976,0.295015872,0.120764896,2015,4,State,urban/rural,Agri Land,statesector,0,Mizoram,NA,NA,NA,NA,NA,0
4977,0.133638725,0.040483039,2015,4,State,urban/rural,Agri Land,statesector,0,Mizoram,NA,NA,NA,NA,NA,1
4978,0,0,2015,4,State,urban/rural,Agri Land,statesector,0,Mizoram,NA,NA,NA,NA,NA,NA
4979,0.015924877,0.001990056,2015,4,State,urban/rural,Agri Land,statesector,1,Mizoram,NA,NA,NA,NA,NA,0
4980,0.011917649,0.002091468,2015,4,State,urban/rural,Agri Land,statesector,1,Mizoram,NA,NA,NA,NA,NA,1
4981,0,0,2015,4,State,urban/rural,Agri Land,statesector,1,Mizoram,NA,NA,NA,NA,NA,NA
4982,0.279971242,0.090137489,2015,4,State,urban/rural,Agri Land,statesector,0,Nagaland,NA,NA,NA,NA,NA,0
4983,0.320561498,0.080072187,2015,4,State,urban/rural,Agri Land,statesector,0,Nagaland,NA,NA,NA,NA,NA,1
4984,0.11523819,0,2015,4,State,urban/rural,Agri Land,statesector,0,Nagaland,NA,NA,NA,NA,NA,NA
4985,0.110638656,0.025502313,2015,4,State,urban/rural,Agri Land,statesector,1,Nagaland,NA,NA,NA,NA,NA,0
4986,0.083691202,0.008936289,2015,4,State,urban/rural,Agri Land,statesector,1,Nagaland,NA,NA,NA,NA,NA,1
4987,0.455699086,0,2015,4,State,urban/rural,Agri Land,statesector,1,Nagaland,NA,NA,NA,NA,NA,NA
4988,0.448182851,0.143379599,2015,4,State,urban/rural,Agri Land,statesector,0,Odisha,NA,NA,NA,NA,NA,0
4989,0.368847102,0.102066316,2015,4,State,urban/rural,Agri Land,statesector,0,Odisha,NA,NA,NA,NA,NA,1
4990,0.608635247,0.483742446,2015,4,State,urban/rural,Agri Land,statesector,0,Odisha,NA,NA,NA,NA,NA,NA
4991,0.153771222,0.04826301,2015,4,State,urban/rural,Agri Land,statesector,1,Odisha,NA,NA,NA,NA,NA,0
4992,0.08867041,0.016661881,2015,4,State,urban/rural,Agri Land,statesector,1,Odisha,NA,NA,NA,NA,NA,1
4993,0,0,2015,4,State,urban/rural,Agri Land,statesector,1,Odisha,NA,NA,NA,NA,NA,NA
4994,0.074681826,0.004981337,2015,4,State,urban/rural,Agri Land,statesector,0,Puducherry,NA,NA,NA,NA,NA,0
4995,0.035897415,0,2015,4,State,urban/rural,Agri Land,statesector,0,Puducherry,NA,NA,NA,NA,NA,1
4996,0.018067688,0.002972669,2015,4,State,urban/rural,Agri Land,statesector,1,Puducherry,NA,NA,NA,NA,NA,0
4997,0,0,2015,4,State,urban/rural,Agri Land,statesector,1,Puducherry,NA,NA,NA,NA,NA,1
4998,0.104921579,0.023450132,2015,4,State,urban/rural,Agri Land,statesector,0,Punjab,NA,NA,NA,NA,NA,0
4999,0.019590521,0.000916141,2015,4,State,urban/rural,Agri Land,statesector,0,Punjab,NA,NA,NA,NA,NA,1
5000,0.043872435,0.013532222,2015,4,State,urban/rural,Agri Land,statesector,1,Punjab,NA,NA,NA,NA,NA,0
5001,0.017955655,0.006321845,2015,4,State,urban/rural,Agri Land,statesector,1,Punjab,NA,NA,NA,NA,NA,1
5002,0,0,2015,4,State,urban/rural,Agri Land,statesector,1,Punjab,NA,NA,NA,NA,NA,NA
5003,0.413839996,0.16140379,2015,4,State,urban/rural,Agri Land,statesector,0,Rajasthan,NA,NA,NA,NA,NA,0
5004,0.373544127,0.128724188,2015,4,State,urban/rural,Agri Land,statesector,0,Rajasthan,NA,NA,NA,NA,NA,1
5005,0.276277632,0,2015,4,State,urban/rural,Agri Land,statesector,0,Rajasthan,NA,NA,NA,NA,NA,NA
5006,0.118325949,0.034843143,2015,4,State,urban/rural,Agri Land,statesector,1,Rajasthan,NA,NA,NA,NA,NA,0
5007,0.086185299,0.018986687,2015,4,State,urban/rural,Agri Land,statesector,1,Rajasthan,NA,NA,NA,NA,NA,1
5008,0,0,2015,4,State,urban/rural,Agri Land,statesector,1,Rajasthan,NA,NA,NA,NA,NA,NA
5009,0.062021136,0.005242727,2015,4,State,urban/rural,Agri Land,statesector,0,Sikkim,NA,NA,NA,NA,NA,0
5010,0.053077735,0.007457063,2015,4,State,urban/rural,Agri Land,statesector,0,Sikkim,NA,NA,NA,NA,NA,1
5011,0,0,2015,4,State,urban/rural,Agri Land,statesector,0,Sikkim,NA,NA,NA,NA,NA,NA
5012,0.037821621,0.001482187,2015,4,State,urban/rural,Agri Land,statesector,1,Sikkim,NA,NA,NA,NA,NA,0
5013,0.003972614,0,2015,4,State,urban/rural,Agri Land,statesector,1,Sikkim,NA,NA,NA,NA,NA,1
5014,0.12711899,0.010230307,2015,4,State,urban/rural,Agri Land,statesector,0,Tamil Nadu,NA,NA,NA,NA,NA,0
5015,0.092769563,0.007117185,2015,4,State,urban/rural,Agri Land,statesector,0,Tamil Nadu,NA,NA,NA,NA,NA,1
5016,0.094741575,0,2015,4,State,urban/rural,Agri Land,statesector,0,Tamil Nadu,NA,NA,NA,NA,NA,NA
5017,0.031770349,0.002317128,2015,4,State,urban/rural,Agri Land,statesector,1,Tamil Nadu,NA,NA,NA,NA,NA,0
5018,0.014973856,0.001919639,2015,4,State,urban/rural,Agri Land,statesector,1,Tamil Nadu,NA,NA,NA,NA,NA,1
5019,0,0,2015,4,State,urban/rural,Agri Land,statesector,1,Tamil Nadu,NA,NA,NA,NA,NA,NA
5020,0.286211431,0.058874633,2015,4,State,urban/rural,Agri Land,statesector,0,Telangana,NA,NA,NA,NA,NA,0
5021,0.249045238,0.050140664,2015,4,State,urban/rural,Agri Land,statesector,0,Telangana,NA,NA,NA,NA,NA,1
5022,0.771788955,0.771788955,2015,4,State,urban/rural,Agri Land,statesector,0,Telangana,NA,NA,NA,NA,NA,NA
5023,0.059686519,0.009731823,2015,4,State,urban/rural,Agri Land,statesector,1,Telangana,NA,NA,NA,NA,NA,0
5024,0.046453469,0.017864631,2015,4,State,urban/rural,Agri Land,statesector,1,Telangana,NA,NA,NA,NA,NA,1
5025,0.274808198,0.085531741,2015,4,State,urban/rural,Agri Land,statesector,0,Tripura,NA,NA,NA,NA,NA,0
5026,0.186006397,0.02839753,2015,4,State,urban/rural,Agri Land,statesector,0,Tripura,NA,NA,NA,NA,NA,1
5027,0.084750287,0.012394802,2015,4,State,urban/rural,Agri Land,statesector,1,Tripura,NA,NA,NA,NA,NA,0
5028,0.080599733,0.002388498,2015,4,State,urban/rural,Agri Land,statesector,1,Tripura,NA,NA,NA,NA,NA,1
5029,0,0,2015,4,State,urban/rural,Agri Land,statesector,1,Tripura,NA,NA,NA,NA,NA,NA
5030,0.553590417,0.234653711,2015,4,State,urban/rural,Agri Land,statesector,0,Uttar Pradesh,NA,NA,NA,NA,NA,0
5031,0.452245474,0.135036811,2015,4,State,urban/rural,Agri Land,statesector,0,Uttar Pradesh,NA,NA,NA,NA,NA,1
5032,0.51846981,0.403282315,2015,4,State,urban/rural,Agri Land,statesector,0,Uttar Pradesh,NA,NA,NA,NA,NA,NA
5033,0.188491285,0.071431734,2015,4,State,urban/rural,Agri Land,statesector,1,Uttar Pradesh,NA,NA,NA,NA,NA,0
5034,0.140466705,0.035730381,2015,4,State,urban/rural,Agri Land,statesector,1,Uttar Pradesh,NA,NA,NA,NA,NA,1
5035,0,0,2015,4,State,urban/rural,Agri Land,statesector,1,Uttar Pradesh,NA,NA,NA,NA,NA,NA
5036,0.262479037,0.076243982,2015,4,State,urban/rural,Agri Land,statesector,0,Uttarakhand,NA,NA,NA,NA,NA,0
5037,0.184042931,0.026549846,2015,4,State,urban/rural,Agri Land,statesector,0,Uttarakhand,NA,NA,NA,NA,NA,1
5038,0,0,2015,4,State,urban/rural,Agri Land,statesector,0,Uttarakhand,NA,NA,NA,NA,NA,NA
5039,0.095569655,0.026740098,2015,4,State,urban/rural,Agri Land,statesector,1,Uttarakhand,NA,NA,NA,NA,NA,0
5040,0.050896287,0.014043663,2015,4,State,urban/rural,Agri Land,statesector,1,Uttarakhand,NA,NA,NA,NA,NA,1
5041,0,0,2015,4,State,urban/rural,Agri Land,statesector,1,Uttarakhand,NA,NA,NA,NA,NA,NA
5042,0.375552028,0.117017969,2015,4,State,urban/rural,Agri Land,statesector,0,West Bengal,NA,NA,NA,NA,NA,0
5043,0.239079684,0.044173274,2015,4,State,urban/rural,Agri Land,statesector,0,West Bengal,NA,NA,NA,NA,NA,1
5044,0.128059179,0.068936363,2015,4,State,urban/rural,Agri Land,statesector,0,West Bengal,NA,NA,NA,NA,NA,NA
5045,0.13726303,0.036431309,2015,4,State,urban/rural,Agri Land,statesector,1,West Bengal,NA,NA,NA,NA,NA,0
5046,0.121549562,0.026601959,2015,4,State,urban/rural,Agri Land,statesector,1,West Bengal,NA,NA,NA,NA,NA,1
