,m_poor_1_33,wi_cat1,wi_cat2,wi_cat3,wi_cat4,wi_cat5,round,level,area,dem,SourceSheet,sector,StateName,head_age_cat,edu_group,head_gender,hhsize_cat,own_house,agri_land
1,1,0.691918612,0.215237796,0.060659081,0.024456663,0.00772786,5,National,All,All Households,allindia,99,India,NA,NA,NA,NA,NA,NA
2,1,0.724474013,0.210965931,0.048146553,0.013735114,0.002678392,5,National,urban/rural,All Households,indiasector,0,India,NA,NA,NA,NA,NA,NA
3,1,0.397086918,0.253924996,0.173976377,0.121554315,0.053457398,5,National,urban/rural,All Households,indiasector,1,India,NA,NA,NA,NA,NA,NA
4,1,0.766756833,0.185275003,0.030641278,0.017326862,0,5,State,All,All Households,state,99,Andaman & Nicobar Islands,NA,NA,NA,NA,NA,NA
5,1,0.488780558,0.336247802,0.117259786,0.053427055,0.004284789,5,State,All,All Households,state,99,Andhra Pradesh,NA,NA,NA,NA,NA,NA
6,1,0.720253229,0.22426182,0.038878981,0.01395965,0.002646296,5,State,All,All Households,state,99,Arunachal Pradesh,NA,NA,NA,NA,NA,NA
7,1,0.797949016,0.180998608,0.018562358,0.001717741,0.000772272,5,State,All,All Households,state,99,Assam,NA,NA,NA,NA,NA,NA
8,1,0.79433161,0.169529036,0.028557533,0.007208113,0.000373734,5,State,All,All Households,state,99,Bihar,NA,NA,NA,NA,NA,NA
9,1,0.154805824,0.31019783,0.068454333,0.284990013,0.181551993,5,State,All,All Households,state,99,Chandigarh,NA,NA,NA,NA,NA,NA
10,1,0.779904962,0.159159005,0.042353742,0.015236889,0.003345396,5,State,All,All Households,state,99,Chhattisgarh,NA,NA,NA,NA,NA,NA
11,1,0.520154119,0.327290982,0.10727144,0.038006265,0.007277207,5,State,All,All Households,state,99,Dadra & Nagar Haveli and Daman & Diu,NA,NA,NA,NA,NA,NA
12,1,0.079229325,0.253054887,0.293925673,0.209796101,0.163994029,5,State,All,All Households,state,99,Delhi,NA,NA,NA,NA,NA,NA
13,1,0.228062287,0.295189857,0.229474947,0.212647989,0.034624912,5,State,All,All Households,state,99,Goa,NA,NA,NA,NA,NA,NA
14,1,0.606217921,0.267899454,0.076523945,0.034751952,0.014606741,5,State,All,All Households,state,99,Gujarat,NA,NA,NA,NA,NA,NA
15,1,0.201184154,0.350577712,0.248244539,0.145345971,0.054647636,5,State,All,All Households,state,99,Haryana,NA,NA,NA,NA,NA,NA
16,1,0.408281624,0.423225939,0.121711947,0.03847808,0.008302402,5,State,All,All Households,state,99,Himachal Pradesh,NA,NA,NA,NA,NA,NA
17,1,0.600343764,0.293061107,0.068860196,0.036407199,0.001327694,5,State,All,All Households,state,99,Jammu & Kashmir,NA,NA,NA,NA,NA,NA
18,1,0.842627347,0.127680019,0.023013921,0.006104333,0.000574377,5,State,All,All Households,state,99,Jharkhand,NA,NA,NA,NA,NA,NA
19,1,0.49378562,0.347367764,0.115953662,0.036375422,0.00651753,5,State,All,All Households,state,99,Karnataka,NA,NA,NA,NA,NA,NA
20,1,0.413581431,0.399050862,0.136673346,0.043396093,0.007298279,5,State,All,All Households,state,99,Kerala,NA,NA,NA,NA,NA,NA
21,1,0.414747775,0.35158515,0.163557902,0.063907601,0.006201585,5,State,All,All Households,state,99,Ladakh,NA,NA,NA,NA,NA,NA
22,1,0,0.263351619,0.430657625,0.305990756,0,5,State,All,All Households,state,99,Lakshadweep,NA,NA,NA,NA,NA,NA
23,1,0.757706285,0.182488516,0.042298108,0.01350108,0.004006022,5,State,All,All Households,state,99,Madhya Pradesh,NA,NA,NA,NA,NA,NA
24,1,0.62208271,0.27590552,0.060883842,0.033278447,0.007849481,5,State,All,All Households,state,99,Maharashtra,NA,NA,NA,NA,NA,NA
25,1,0.652069628,0.303039432,0.038947269,0.00412195,0.001821735,5,State,All,All Households,state,99,Manipur,NA,NA,NA,NA,NA,NA
26,1,0.728399158,0.247531325,0.021193348,0.001537934,0.001338266,5,State,All,All Households,state,99,Meghalaya,NA,NA,NA,NA,NA,NA
27,1,0.640631735,0.285827398,0.04236253,0.020270275,0.010908083,5,State,All,All Households,state,99,Mizoram,NA,NA,NA,NA,NA,NA
28,1,0.773852885,0.195030436,0.023260972,0.004559699,0.003295992,5,State,All,All Households,state,99,Nagaland,NA,NA,NA,NA,NA,NA
29,1,0.853905499,0.128005683,0.013740791,0.00354393,0.0008041,5,State,All,All Households,state,99,Odisha,NA,NA,NA,NA,NA,NA
30,1,0.652338028,0.207285732,0.014582926,0.106872223,0.018921057,5,State,All,All Households,state,99,Puducherry,NA,NA,NA,NA,NA,NA
31,1,0.202546522,0.306996435,0.230244637,0.167990074,0.092222348,5,State,All,All Households,state,99,Punjab,NA,NA,NA,NA,NA,NA
32,1,0.501664281,0.328789234,0.116522782,0.040616326,0.012407414,5,State,All,All Households,state,99,Rajasthan,NA,NA,NA,NA,NA,NA
33,1,0.349533409,0.523406029,0.10558302,0.021477561,0,5,State,All,All Households,state,99,Sikkim,NA,NA,NA,NA,NA,NA
34,1,0.638828337,0.252143294,0.067511946,0.034668103,0.006848301,5,State,All,All Households,state,99,Tamil Nadu,NA,NA,NA,NA,NA,NA
35,1,0.511895776,0.293384552,0.146800742,0.038367931,0.009551018,5,State,All,All Households,state,99,Telangana,NA,NA,NA,NA,NA,NA
36,1,0.821395993,0.168009967,0.010594035,0,0,5,State,All,All Households,state,99,Tripura,NA,NA,NA,NA,NA,NA
37,1,0.619618237,0.237748116,0.08697097,0.039849393,0.015813271,5,State,All,All Households,state,99,Uttar Pradesh,NA,NA,NA,NA,NA,NA
38,1,0.375136435,0.352470458,0.152326539,0.098151252,0.021915346,5,State,All,All Households,state,99,Uttarakhand,NA,NA,NA,NA,NA,NA
39,1,0.822433293,0.147801399,0.025513979,0.00334845,0.000902859,5,State,All,All Households,state,99,West Bengal,NA,NA,NA,NA,NA,NA
40,1,0.798714876,0.183646977,0.017638136,0,0,5,State,urban/rural,All Households,statesector,0,Andaman & Nicobar Islands,NA,NA,NA,NA,NA,NA
41,1,0.498990625,0.198915705,0.139590502,0.162503168,0,5,State,urban/rural,All Households,statesector,1,Andaman & Nicobar Islands,NA,NA,NA,NA,NA,NA
42,1,0.516830087,0.340838701,0.100318372,0.03876802,0.003244817,5,State,urban/rural,All Households,statesector,0,Andhra Pradesh,NA,NA,NA,NA,NA,NA
43,1,0.235013872,0.294713706,0.270530283,0.186048627,0.013693506,5,State,urban/rural,All Households,statesector,1,Andhra Pradesh,NA,NA,NA,NA,NA,NA
44,1,0.73859334,0.214160606,0.033828661,0.011333191,0.002084204,5,State,urban/rural,All Households,statesector,0,Arunachal Pradesh,NA,NA,NA,NA,NA,NA
45,1,0.329595625,0.43942526,0.146454632,0.069905199,0.014619279,5,State,urban/rural,All Households,statesector,1,Arunachal Pradesh,NA,NA,NA,NA,NA,NA
46,1,0.821047723,0.166568458,0.011169072,0.00121475,0,5,State,urban/rural,All Households,statesector,0,Assam,NA,NA,NA,NA,NA,NA
47,1,0.448111355,0.399548143,0.130536199,0.009335725,0.012468601,5,State,urban/rural,All Households,statesector,1,Assam,NA,NA,NA,NA,NA,NA
48,1,0.811626792,0.163672566,0.021206494,0.003137441,0.000356715,5,State,urban/rural,All Households,statesector,0,Bihar,NA,NA,NA,NA,NA,NA
49,1,0.556925535,0.249919057,0.129463017,0.063085005,0.000607348,5,State,urban/rural,All Households,statesector,1,Bihar,NA,NA,NA,NA,NA,NA
50,1,0,0,1,0,0,5,State,urban/rural,All Households,statesector,0,Chandigarh,NA,NA,NA,NA,NA,NA
51,1,0.157412469,0.315420985,0.052768849,0.289788723,0.184608981,5,State,urban/rural,All Households,statesector,1,Chandigarh,NA,NA,NA,NA,NA,NA
52,1,0.79675144,0.158548653,0.034976002,0.008554918,0.001168978,5,State,urban/rural,All Households,statesector,0,Chhattisgarh,NA,NA,NA,NA,NA,NA
53,1,0.547072113,0.167594507,0.144320473,0.107587524,0.033425376,5,State,urban/rural,All Households,statesector,1,Chhattisgarh,NA,NA,NA,NA,NA,NA
54,1,0.627169132,0.29973498,0.061817847,0.004616248,0.00666177,5,State,urban/rural,All Households,statesector,0,Dadra & Nagar Haveli and Daman & Diu,NA,NA,NA,NA,NA,NA
55,1,0.088749379,0.438376129,0.290506393,0.172609895,0.00975819,5,State,urban/rural,All Households,statesector,1,Dadra & Nagar Haveli and Daman & Diu,NA,NA,NA,NA,NA,NA
56,1,0.129471928,0.209373802,0.623033345,0,0.03812094,5,State,urban/rural,All Households,statesector,0,Delhi,NA,NA,NA,NA,NA,NA
57,1,0.078277484,0.253882408,0.287690759,0.213770658,0.166378677,5,State,urban/rural,All Households,statesector,1,Delhi,NA,NA,NA,NA,NA,NA
58,1,0.235786185,0.290757954,0.204888433,0.225750044,0.042817377,5,State,urban/rural,All Households,statesector,0,Goa,NA,NA,NA,NA,NA,NA
59,1,0.195417717,0.313921005,0.333388209,0.157273084,0,5,State,urban/rural,All Households,statesector,1,Goa,NA,NA,NA,NA,NA,NA
60,1,0.649068475,0.274587274,0.059446745,0.016197242,0.000700271,5,State,urban/rural,All Households,statesector,0,Gujarat,NA,NA,NA,NA,NA,NA
61,1,0.270493537,0.21550186,0.210319936,0.180123881,0.123560779,5,State,urban/rural,All Households,statesector,1,Gujarat,NA,NA,NA,NA,NA,NA
62,1,0.215010047,0.370449752,0.240899399,0.139216304,0.03442451,5,State,urban/rural,All Households,statesector,0,Haryana,NA,NA,NA,NA,NA,NA
63,1,0.141595349,0.264930367,0.279901654,0.171764493,0.141808122,5,State,urban/rural,All Households,statesector,1,Haryana,NA,NA,NA,NA,NA,NA
64,1,0.402466387,0.426705331,0.127294615,0.03739965,0.006134001,5,State,urban/rural,All Households,statesector,0,Himachal Pradesh,NA,NA,NA,NA,NA,NA
65,1,0.505311966,0.36517027,0.028562097,0.056472328,0.044483364,5,State,urban/rural,All Households,statesector,1,Himachal Pradesh,NA,NA,NA,NA,NA,NA
66,1,0.61631602,0.302111477,0.06268739,0.017457517,0.001427593,5,State,urban/rural,All Households,statesector,0,Jammu & Kashmir,NA,NA,NA,NA,NA,NA
67,1,0.388065845,0.17277804,0.150899485,0.288256615,0,5,State,urban/rural,All Households,statesector,1,Jammu & Kashmir,NA,NA,NA,NA,NA,NA
68,1,0.862549603,0.118453026,0.016774131,0.002223265,0,5,State,urban/rural,All Households,statesector,0,Jharkhand,NA,NA,NA,NA,NA,NA
69,1,0.555866778,0.260493428,0.112829439,0.061968409,0.00884195,5,State,urban/rural,All Households,statesector,1,Jharkhand,NA,NA,NA,NA,NA,NA
70,1,0.507949293,0.362479478,0.10498251,0.021994725,0.002593987,5,State,urban/rural,All Households,statesector,0,Karnataka,NA,NA,NA,NA,NA,NA
71,1,0.412788212,0.260949105,0.178693965,0.11861378,0.028954947,5,State,urban/rural,All Households,statesector,1,Karnataka,NA,NA,NA,NA,NA,NA
72,1,0.441010088,0.430111259,0.091264829,0.027992509,0.009621306,5,State,urban/rural,All Households,statesector,0,Kerala,NA,NA,NA,NA,NA,NA
73,1,0.327408612,0.301468015,0.279333711,0.09178967,0,5,State,urban/rural,All Households,statesector,1,Kerala,NA,NA,NA,NA,NA,NA
74,1,0.426713705,0.355305225,0.157871559,0.060109515,0,5,State,urban/rural,All Households,statesector,0,Ladakh,NA,NA,NA,NA,NA,NA
75,1,0.176307231,0.277456433,0.276867539,0.139590636,0.129778177,5,State,urban/rural,All Households,statesector,1,Ladakh,NA,NA,NA,NA,NA,NA
76,1,0,0.26699096,0.73300904,0,0,5,State,urban/rural,All Households,statesector,0,Lakshadweep,NA,NA,NA,NA,NA,NA
77,1,0,0.26105848,0.240145162,0.498796374,0,5,State,urban/rural,All Households,statesector,1,Lakshadweep,NA,NA,NA,NA,NA,NA
78,1,0.778702736,0.176064238,0.035013173,0.008773277,0.001446561,5,State,urban/rural,All Households,statesector,0,Madhya Pradesh,NA,NA,NA,NA,NA,NA
79,1,0.505307853,0.259714663,0.129870236,0.07033395,0.034773283,5,State,urban/rural,All Households,statesector,1,Madhya Pradesh,NA,NA,NA,NA,NA,NA
80,1,0.669096828,0.26740849,0.042958431,0.019162208,0.001374056,5,State,urban/rural,All Households,statesector,0,Maharashtra,NA,NA,NA,NA,NA,NA
81,1,0.345885932,0.325823605,0.166191384,0.116208002,0.045891069,5,State,urban/rural,All Households,statesector,1,Maharashtra,NA,NA,NA,NA,NA,NA
82,1,0.691475868,0.281673282,0.024235934,0.0026149,0,5,State,urban/rural,All Households,statesector,0,Manipur,NA,NA,NA,NA,NA,NA
83,1,0.460999787,0.406637818,0.110278375,0.01142921,0.010654814,5,State,urban/rural,All Households,statesector,1,Manipur,NA,NA,NA,NA,NA,NA
84,1,0.733579099,0.245985478,0.019655619,0.00059744,0.000182342,5,State,urban/rural,All Households,statesector,0,Meghalaya,NA,NA,NA,NA,NA,NA
85,1,0.641750693,0.273389339,0.046915814,0.017270116,0.020674048,5,State,urban/rural,All Households,statesector,1,Meghalaya,NA,NA,NA,NA,NA,NA
86,1,0.676295817,0.283998698,0.028346537,0.009818321,0.001540615,5,State,urban/rural,All Households,statesector,0,Mizoram,NA,NA,NA,NA,NA,NA
87,1,0.193059191,0.308776945,0.2182585,0.151438743,0.128466621,5,State,urban/rural,All Households,statesector,1,Mizoram,NA,NA,NA,NA,NA,NA
88,1,0.821341157,0.165540814,0.011037578,0.001192397,0.000888033,5,State,urban/rural,All Households,statesector,0,Nagaland,NA,NA,NA,NA,NA,NA
89,1,0.416137695,0.417167068,0.115336202,0.029924594,0.021434445,5,State,urban/rural,All Households,statesector,1,Nagaland,NA,NA,NA,NA,NA,NA
90,1,0.860253513,0.125234887,0.012140591,0.001871766,0.000499252,5,State,urban/rural,All Households,statesector,0,Odisha,NA,NA,NA,NA,NA,NA
91,1,0.750424147,0.173173502,0.039826278,0.030802535,0.005773553,5,State,urban/rural,All Households,statesector,1,Odisha,NA,NA,NA,NA,NA,NA
92,1,0.810565412,0.189434603,0,0,0,5,State,urban/rural,All Households,statesector,0,Puducherry,NA,NA,NA,NA,NA,NA
93,1,0.499355495,0.224545151,0.028682472,0.210201949,0.037214935,5,State,urban/rural,All Households,statesector,1,Puducherry,NA,NA,NA,NA,NA,NA
94,1,0.221039608,0.353610635,0.21275118,0.160616085,0.051982488,5,State,urban/rural,All Households,statesector,0,Punjab,NA,NA,NA,NA,NA,NA
95,1,0.161277458,0.202972472,0.269282907,0.184445828,0.18202135,5,State,urban/rural,All Households,statesector,1,Punjab,NA,NA,NA,NA,NA,NA
96,1,0.521456599,0.330629408,0.11008504,0.031075733,0.006753217,5,State,urban/rural,All Households,statesector,0,Rajasthan,NA,NA,NA,NA,NA,NA
97,1,0.172412261,0.298177004,0.223616779,0.199327156,0.1064668,5,State,urban/rural,All Households,statesector,1,Rajasthan,NA,NA,NA,NA,NA,NA
98,1,0.362603307,0.513588905,0.110118419,0.013689369,0,5,State,urban/rural,All Households,statesector,0,Sikkim,NA,NA,NA,NA,NA,NA
99,1,0.045269497,0.751945674,0,0.202784821,0,5,State,urban/rural,All Households,statesector,1,Sikkim,NA,NA,NA,NA,NA,NA
100,1,0.655505896,0.267160118,0.060904752,0.014495792,0.001933417,5,State,urban/rural,All Households,statesector,0,Tamil Nadu,NA,NA,NA,NA,NA,NA
101,1,0.580807686,0.199900344,0.090498134,0.104846857,0.023947006,5,State,urban/rural,All Households,statesector,1,Tamil Nadu,NA,NA,NA,NA,NA,NA
102,1,0.537586331,0.293254375,0.139529899,0.026709955,0.002919446,5,State,urban/rural,All Households,statesector,0,Telangana,NA,NA,NA,NA,NA,NA
103,1,0.327364504,0.29431951,0.199026063,0.12210533,0.057184573,5,State,urban/rural,All Households,statesector,1,Telangana,NA,NA,NA,NA,NA,NA
104,1,0.85080719,0.141182005,0.008010819,0,0,5,State,urban/rural,All Households,statesector,0,Tripura,NA,NA,NA,NA,NA,NA
105,1,0.572491765,0.395052671,0.032455571,0,0,5,State,urban/rural,All Households,statesector,1,Tripura,NA,NA,NA,NA,NA,NA
106,1,0.664255798,0.24057515,0.069205947,0.020287374,0.005675742,5,State,urban/rural,All Households,statesector,0,Uttar Pradesh,NA,NA,NA,NA,NA,NA
107,1,0.256643265,0.214759782,0.231429189,0.198920071,0.09824767,5,State,urban/rural,All Households,statesector,1,Uttar Pradesh,NA,NA,NA,NA,NA,NA
108,1,0.413542688,0.393834591,0.118190728,0.05955096,0.014881023,5,State,urban/rural,All Households,statesector,0,Uttarakhand,NA,NA,NA,NA,NA,NA
109,1,0.196748003,0.160343409,0.310879588,0.277440816,0.054588173,5,State,urban/rural,All Households,statesector,1,Uttarakhand,NA,NA,NA,NA,NA,NA
110,1,0.860118389,0.127909184,0.011687858,0.000284552,0,5,State,urban/rural,All Households,statesector,0,West Bengal,NA,NA,NA,NA,NA,NA
111,1,0.526303589,0.30411458,0.134159714,0.027424579,0.007997531,5,State,urban/rural,All Households,statesector,1,West Bengal,NA,NA,NA,NA,NA,NA
112,1,0.683403194,0.229610071,0.061577559,0.020710129,0.004699038,5,National,All,Age,allindia,99,India,15 to 29,NA,NA,NA,NA,NA
113,1,0.669974089,0.224358067,0.068830594,0.028826395,0.008010873,5,National,All,Age,allindia,99,India,30 to 45,NA,NA,NA,NA,NA
114,1,0.691494226,0.211730033,0.062864579,0.024803836,0.009107319,5,National,All,Age,allindia,99,India,46 to 64,NA,NA,NA,NA,NA
115,1,0.745584726,0.191812903,0.038509589,0.017302809,0.006789998,5,National,All,Age,allindia,99,India,65+,NA,NA,NA,NA,NA
116,1,1,0,0,0,0,5,National,All,Age,allindia,99,India,NA,NA,NA,NA,NA,NA
117,1,0.71326369,0.225903302,0.048447903,0.010544677,0.001840451,5,National,urban/rural,Age,indiasector,0,India,15 to 29,NA,NA,NA,NA,NA
118,1,0.716238439,0.218229428,0.050326526,0.013121843,0.002083739,5,National,urban/rural,Age,indiasector,0,India,30 to 45,NA,NA,NA,NA,NA
119,1,0.718441546,0.208325669,0.053647496,0.016188828,0.003396449,5,National,urban/rural,Age,indiasector,0,India,46 to 64,NA,NA,NA,NA,NA
120,1,0.760870457,0.189941078,0.033215538,0.012786505,0.003186443,5,National,urban/rural,Age,indiasector,0,India,65+,NA,NA,NA,NA,NA
121,1,1,0,0,0,0,5,National,urban/rural,Age,indiasector,0,India,NA,NA,NA,NA,NA,NA
122,1,0.3937895,0.265561581,0.188920841,0.119303875,0.032424197,5,National,urban/rural,Age,indiasector,1,India,15 to 29,NA,NA,NA,NA,NA
123,1,0.308311015,0.27226755,0.213482618,0.15159373,0.054345105,5,National,urban/rural,Age,indiasector,1,India,30 to 45,NA,NA,NA,NA,NA
124,1,0.42749545,0.24508211,0.153162926,0.109203704,0.06505581,5,National,urban/rural,Age,indiasector,1,India,46 to 64,NA,NA,NA,NA,NA
125,1,0.585062504,0.211469769,0.094104737,0.064730495,0.044632487,5,National,urban/rural,Age,indiasector,1,India,65+,NA,NA,NA,NA,NA
126,1,NA,NA,NA,NA,NA,5,National,urban/rural,Age,indiasector,1,India,NA,NA,NA,NA,NA,NA
127,1,0.615212798,0.327979475,0.056807756,0,0,5,State,All,Age,state,99,Andaman & Nicobar Islands,15 to 29,NA,NA,NA,NA,NA
128,1,0.826368749,0.098042555,0.075588688,0,0,5,State,All,Age,state,99,Andaman & Nicobar Islands,30 to 45,NA,NA,NA,NA,NA
129,1,0.77274859,0.1779093,0.011503628,0.037838474,0,5,State,All,Age,state,99,Andaman & Nicobar Islands,46 to 64,NA,NA,NA,NA,NA
130,1,0.757082164,0.23124437,0.011673466,0,0,5,State,All,Age,state,99,Andaman & Nicobar Islands,65+,NA,NA,NA,NA,NA
131,1,0.363513947,0.325932384,0.19834283,0.112210862,0,5,State,All,Age,state,99,Andhra Pradesh,15 to 29,NA,NA,NA,NA,NA
132,1,0.319529474,0.421070755,0.172043428,0.083089121,0.00426724,5,State,All,Age,state,99,Andhra Pradesh,30 to 45,NA,NA,NA,NA,NA
133,1,0.550283432,0.306381792,0.10622026,0.033935282,0.003179254,5,State,All,Age,state,99,Andhra Pradesh,46 to 64,NA,NA,NA,NA,NA
134,1,0.678854525,0.268123448,0.024876637,0.020290421,0.007854971,5,State,All,Age,state,99,Andhra Pradesh,65+,NA,NA,NA,NA,NA
135,1,0.633068264,0.287163079,0.073593341,0.006175335,0,5,State,All,Age,state,99,Arunachal Pradesh,15 to 29,NA,NA,NA,NA,NA
136,1,0.65622133,0.269422054,0.047639024,0.023789175,0.002928411,5,State,All,Age,state,99,Arunachal Pradesh,30 to 45,NA,NA,NA,NA,NA
137,1,0.753458619,0.199755684,0.030152451,0.012530022,0.004103232,5,State,All,Age,state,99,Arunachal Pradesh,46 to 64,NA,NA,NA,NA,NA
138,1,0.824186623,0.152816951,0.021743422,0.001252975,0,5,State,All,Age,state,99,Arunachal Pradesh,65+,NA,NA,NA,NA,NA
139,1,NA,NA,NA,NA,NA,5,State,All,Age,state,99,Arunachal Pradesh,NA,NA,NA,NA,NA,NA
140,1,0.779162586,0.204680115,0.016157329,0,0,5,State,All,Age,state,99,Assam,15 to 29,NA,NA,NA,NA,NA
141,1,0.792218864,0.183689877,0.02055615,0.002117777,0.001417345,5,State,All,Age,state,99,Assam,30 to 45,NA,NA,NA,NA,NA
142,1,0.807301462,0.17212221,0.019753346,0.000822974,0,5,State,All,Age,state,99,Assam,46 to 64,NA,NA,NA,NA,NA
143,1,0.816230416,0.167047217,0.010111513,0.005055375,0.001555464,5,State,All,Age,state,99,Assam,65+,NA,NA,NA,NA,NA
144,1,0.783085048,0.187557042,0.025681021,0.003676876,0,5,State,All,Age,state,99,Bihar,15 to 29,NA,NA,NA,NA,NA
145,1,0.788203597,0.173368633,0.030663533,0.007643697,0.000120543,5,State,All,Age,state,99,Bihar,30 to 45,NA,NA,NA,NA,NA
146,1,0.801737547,0.157019004,0.029589292,0.011348908,0.000305254,5,State,All,Age,state,99,Bihar,46 to 64,NA,NA,NA,NA,NA
147,1,0.80904299,0.161810577,0.024869882,0.002718244,0.001558301,5,State,All,Age,state,99,Bihar,65+,NA,NA,NA,NA,NA
148,1,NA,NA,NA,NA,NA,5,State,All,Age,state,99,Bihar,NA,NA,NA,NA,NA,NA
149,1,0.194015846,0.388031691,0.062260568,0.18537882,0.170313075,5,State,All,Age,state,99,Chandigarh,15 to 29,NA,NA,NA,NA,NA
150,1,0.095300399,0.286442488,0.095841691,0.355626166,0.166789249,5,State,All,Age,state,99,Chandigarh,30 to 45,NA,NA,NA,NA,NA
151,1,0.267969936,0.269491971,0,0.223952651,0.238585442,5,State,All,Age,state,99,Chandigarh,46 to 64,NA,NA,NA,NA,NA
152,1,0.752053261,0.173849493,0.069150046,0.004947233,0,5,State,All,Age,state,99,Chhattisgarh,15 to 29,NA,NA,NA,NA,NA
153,1,0.771384656,0.169379026,0.040279791,0.016699579,0.002256925,5,State,All,Age,state,99,Chhattisgarh,30 to 45,NA,NA,NA,NA,NA
154,1,0.778104663,0.154050454,0.044651289,0.019435873,0.00375773,5,State,All,Age,state,99,Chhattisgarh,46 to 64,NA,NA,NA,NA,NA
155,1,0.811795235,0.143769845,0.027743047,0.010544991,0.006146869,5,State,All,Age,state,99,Chhattisgarh,65+,NA,NA,NA,NA,NA
156,1,NA,NA,NA,NA,NA,5,State,All,Age,state,99,Chhattisgarh,NA,NA,NA,NA,NA,NA
157,1,0.39365226,0.373170406,0.167118952,0.050561048,0.015497325,5,State,All,Age,state,99,Dadra & Nagar Haveli and Daman & Diu,15 to 29,NA,NA,NA,NA,NA
158,1,0.43393591,0.339959025,0.158715934,0.067389131,0,5,State,All,Age,state,99,Dadra & Nagar Haveli and Daman & Diu,30 to 45,NA,NA,NA,NA,NA
159,1,0.577189982,0.317067772,0.070847519,0.01661442,0.018280271,5,State,All,Age,state,99,Dadra & Nagar Haveli and Daman & Diu,46 to 64,NA,NA,NA,NA,NA
160,1,0.701472163,0.285075366,0.013452446,0,0,5,State,All,Age,state,99,Dadra & Nagar Haveli and Daman & Diu,65+,NA,NA,NA,NA,NA
161,1,0.087126859,0.199295789,0.445365995,0.120964542,0.147246823,5,State,All,Age,state,99,Delhi,15 to 29,NA,NA,NA,NA,NA
162,1,0.051916245,0.290463895,0.287373632,0.243099242,0.127146989,5,State,All,Age,state,99,Delhi,30 to 45,NA,NA,NA,NA,NA
163,1,0.142153934,0.247504845,0.200965822,0.190380797,0.218994603,5,State,All,Age,state,99,Delhi,46 to 64,NA,NA,NA,NA,NA
164,1,0.090741254,0,0.276751667,0.205916822,0.426590264,5,State,All,Age,state,99,Delhi,65+,NA,NA,NA,NA,NA
165,1,0,0.659018636,0.340981334,0,0,5,State,All,Age,state,99,Goa,15 to 29,NA,NA,NA,NA,NA
166,1,0.188701779,0.20936048,0.140359715,0.385390073,0.076187946,5,State,All,Age,state,99,Goa,30 to 45,NA,NA,NA,NA,NA
167,1,0.283719599,0.257346243,0.310145855,0.148788333,0,5,State,All,Age,state,99,Goa,46 to 64,NA,NA,NA,NA,NA
168,1,0.482216507,0.262345463,0.25543803,0,0,5,State,All,Age,state,99,Goa,65+,NA,NA,NA,NA,NA
169,1,0.548548222,0.296178579,0.085912146,0.052589737,0.016771305,5,State,All,Age,state,99,Gujarat,15 to 29,NA,NA,NA,NA,NA
170,1,0.553062201,0.292556524,0.093029872,0.043925088,0.017426305,5,State,All,Age,state,99,Gujarat,30 to 45,NA,NA,NA,NA,NA
171,1,0.634375274,0.245947227,0.071146555,0.034313578,0.014217356,5,State,All,Age,state,99,Gujarat,46 to 64,NA,NA,NA,NA,NA
172,1,0.697027326,0.244753882,0.045987621,0.004368076,0.00786311,5,State,All,Age,state,99,Gujarat,65+,NA,NA,NA,NA,NA
173,1,NA,NA,NA,NA,NA,5,State,All,Age,state,99,Gujarat,NA,NA,NA,NA,NA,NA
174,1,0.129130438,0.387261689,0.287114799,0.143670067,0.052823022,5,State,All,Age,state,99,Haryana,15 to 29,NA,NA,NA,NA,NA
175,1,0.196076348,0.352227837,0.277208149,0.133109823,0.041377872,5,State,All,Age,state,99,Haryana,30 to 45,NA,NA,NA,NA,NA
176,1,0.185979381,0.341067791,0.229507223,0.167372882,0.076072738,5,State,All,Age,state,99,Haryana,46 to 64,NA,NA,NA,NA,NA
177,1,0.311036706,0.32890749,0.167951271,0.13938722,0.052717295,5,State,All,Age,state,99,Haryana,65+,NA,NA,NA,NA,NA
178,1,NA,NA,NA,NA,NA,5,State,All,Age,state,99,Haryana,NA,NA,NA,NA,NA,NA
179,1,0.417129934,0.393119782,0.069512837,0.120237455,0,5,State,All,Age,state,99,Himachal Pradesh,15 to 29,NA,NA,NA,NA,NA
180,1,0.366943687,0.447156161,0.161917239,0.018340765,0.005642153,5,State,All,Age,state,99,Himachal Pradesh,30 to 45,NA,NA,NA,NA,NA
181,1,0.341195524,0.48413977,0.123597592,0.034407511,0.016659586,5,State,All,Age,state,99,Himachal Pradesh,46 to 64,NA,NA,NA,NA,NA
182,1,0.511238635,0.347821444,0.101774588,0.034962904,0.00420243,5,State,All,Age,state,99,Himachal Pradesh,65+,NA,NA,NA,NA,NA
183,1,NA,NA,NA,NA,NA,5,State,All,Age,state,99,Himachal Pradesh,NA,NA,NA,NA,NA,NA
184,1,0.67041719,0.216481939,0.094557524,0.018543366,0,5,State,All,Age,state,99,Jammu & Kashmir,15 to 29,NA,NA,NA,NA,NA
185,1,0.597363353,0.288977563,0.063405827,0.048218068,0.002035179,5,State,All,Age,state,99,Jammu & Kashmir,30 to 45,NA,NA,NA,NA,NA
186,1,0.561974585,0.357018888,0.061805628,0.017922869,0.00127804,5,State,All,Age,state,99,Jammu & Kashmir,46 to 64,NA,NA,NA,NA,NA
187,1,0.633553445,0.2333114,0.081436597,0.051698562,0,5,State,All,Age,state,99,Jammu & Kashmir,65+,NA,NA,NA,NA,NA
188,1,0.862825871,0.117628522,0.017047226,0.002498395,0,5,State,All,Age,state,99,Jharkhand,15 to 29,NA,NA,NA,NA,NA
189,1,0.833350956,0.136637047,0.025611045,0.00430264,9.83E-05,5,State,All,Age,state,99,Jharkhand,30 to 45,NA,NA,NA,NA,NA
190,1,0.836444199,0.129513308,0.025717741,0.00756937,0.00075539,5,State,All,Age,state,99,Jharkhand,46 to 64,NA,NA,NA,NA,NA
191,1,0.864055336,0.105884708,0.014712691,0.012906622,0.002440669,5,State,All,Age,state,99,Jharkhand,65+,NA,NA,NA,NA,NA
192,1,NA,NA,NA,NA,NA,5,State,All,Age,state,99,Jharkhand,NA,NA,NA,NA,NA,NA
193,1,0.513008416,0.396684974,0.082587376,0.007719235,0,5,State,All,Age,state,99,Karnataka,15 to 29,NA,NA,NA,NA,NA
194,1,0.466941059,0.348092198,0.130452424,0.049741678,0.004772633,5,State,All,Age,state,99,Karnataka,30 to 45,NA,NA,NA,NA,NA
195,1,0.460261673,0.353150517,0.133541822,0.040256687,0.012789312,5,State,All,Age,state,99,Karnataka,46 to 64,NA,NA,NA,NA,NA
196,1,0.568456948,0.329779625,0.080488332,0.01980461,0.001470482,5,State,All,Age,state,99,Karnataka,65+,NA,NA,NA,NA,NA
197,1,NA,NA,NA,NA,NA,5,State,All,Age,state,99,Karnataka,NA,NA,NA,NA,NA,NA
198,1,0.580236256,0.419763744,0,0,0,5,State,All,Age,state,99,Kerala,15 to 29,NA,NA,NA,NA,NA
199,1,0.253919572,0.372327864,0.282069713,0.0731773,0.018505564,5,State,All,Age,state,99,Kerala,30 to 45,NA,NA,NA,NA,NA
200,1,0.440459549,0.37021631,0.124444142,0.054842256,0.010037751,5,State,All,Age,state,99,Kerala,46 to 64,NA,NA,NA,NA,NA
201,1,0.457014799,0.434328943,0.085503809,0.023152428,0,5,State,All,Age,state,99,Kerala,65+,NA,NA,NA,NA,NA
202,1,0,1,0,0,0,5,State,All,Age,state,99,Ladakh,15 to 29,NA,NA,NA,NA,NA
203,1,0.42544654,0.331405222,0.155179009,0.087969229,0,5,State,All,Age,state,99,Ladakh,30 to 45,NA,NA,NA,NA,NA
204,1,0.341210574,0.389641434,0.16977714,0.073795788,0.025575068,5,State,All,Age,state,99,Ladakh,46 to 64,NA,NA,NA,NA,NA
205,1,0.529870868,0.270612866,0.199516281,0,0,5,State,All,Age,state,99,Ladakh,65+,NA,NA,NA,NA,NA
206,1,0,0,1,0,0,5,State,All,Age,state,99,Lakshadweep,15 to 29,NA,NA,NA,NA,NA
207,1,0,1,0,0,0,5,State,All,Age,state,99,Lakshadweep,30 to 45,NA,NA,NA,NA,NA
208,1,0,0.189298674,0.530072093,0.280629247,0,5,State,All,Age,state,99,Lakshadweep,46 to 64,NA,NA,NA,NA,NA
209,1,0,0,0,1,0,5,State,All,Age,state,99,Lakshadweep,65+,NA,NA,NA,NA,NA
210,1,0.724164069,0.215742707,0.048799794,0.010716268,0.000577195,5,State,All,Age,state,99,Madhya Pradesh,15 to 29,NA,NA,NA,NA,NA
211,1,0.735614121,0.196061537,0.047759131,0.01573989,0.004825305,5,State,All,Age,state,99,Madhya Pradesh,30 to 45,NA,NA,NA,NA,NA
212,1,0.756083131,0.183116421,0.043818783,0.012180258,0.004801385,5,State,All,Age,state,99,Madhya Pradesh,46 to 64,NA,NA,NA,NA,NA
213,1,0.826991379,0.131672233,0.024115246,0.01398102,0.003240104,5,State,All,Age,state,99,Madhya Pradesh,65+,NA,NA,NA,NA,NA
214,1,1,0,0,0,0,5,State,All,Age,state,99,Madhya Pradesh,NA,NA,NA,NA,NA,NA
215,1,0.629199326,0.26099959,0.087616086,0.022185018,0,5,State,All,Age,state,99,Maharashtra,15 to 29,NA,NA,NA,NA,NA
216,1,0.542143583,0.328266412,0.065090641,0.050286639,0.014212742,5,State,All,Age,state,99,Maharashtra,30 to 45,NA,NA,NA,NA,NA
217,1,0.600955606,0.294341266,0.069461502,0.027888332,0.007353294,5,State,All,Age,state,99,Maharashtra,46 to 64,NA,NA,NA,NA,NA
218,1,0.73386538,0.19964996,0.040856473,0.02268992,0.002938279,5,State,All,Age,state,99,Maharashtra,65+,NA,NA,NA,NA,NA
219,1,1,0,0,0,0,5,State,All,Age,state,99,Maharashtra,NA,NA,NA,NA,NA,NA
220,1,0.497247279,0.441740066,0.061012678,0,0,5,State,All,Age,state,99,Manipur,15 to 29,NA,NA,NA,NA,NA
221,1,0.623870015,0.303257465,0.067729473,0,0.005143068,5,State,All,Age,state,99,Manipur,30 to 45,NA,NA,NA,NA,NA
222,1,0.701794088,0.282386154,0.012627423,0.003192353,0,5,State,All,Age,state,99,Manipur,46 to 64,NA,NA,NA,NA,NA
223,1,0.710055888,0.25620684,0.018466422,0.015270812,0,5,State,All,Age,state,99,Manipur,65+,NA,NA,NA,NA,NA
224,1,0.755053163,0.216493398,0.028453462,0,0,5,State,All,Age,state,99,Meghalaya,15 to 29,NA,NA,NA,NA,NA
225,1,0.736670494,0.239191994,0.020958384,0.000360696,0.002818443,5,State,All,Age,state,99,Meghalaya,30 to 45,NA,NA,NA,NA,NA
226,1,0.691076815,0.287656635,0.014931119,0.006335436,0,5,State,All,Age,state,99,Meghalaya,46 to 64,NA,NA,NA,NA,NA
227,1,0.694232285,0.288878679,0.01688901,0,0,5,State,All,Age,state,99,Meghalaya,65+,NA,NA,NA,NA,NA
228,1,NA,NA,NA,NA,NA,5,State,All,Age,state,99,Meghalaya,NA,NA,NA,NA,NA,NA
229,1,0.651116252,0.247093141,0.082959875,0.018830761,0,5,State,All,Age,state,99,Mizoram,15 to 29,NA,NA,NA,NA,NA
230,1,0.617044568,0.30228892,0.056167372,0.021029335,0.003469785,5,State,All,Age,state,99,Mizoram,30 to 45,NA,NA,NA,NA,NA
231,1,0.726959705,0.232433081,0.013441364,0.022562223,0.004603629,5,State,All,Age,state,99,Mizoram,46 to 64,NA,NA,NA,NA,NA
232,1,0.487005621,0.417465121,0.016116735,0.013946468,0.065466046,5,State,All,Age,state,99,Mizoram,65+,NA,NA,NA,NA,NA
233,1,0.65693897,0.279210418,0.046152461,0.017698143,0,5,State,All,Age,state,99,Nagaland,15 to 29,NA,NA,NA,NA,NA
234,1,0.723357797,0.219546333,0.042986255,0.006780745,0.007328873,5,State,All,Age,state,99,Nagaland,30 to 45,NA,NA,NA,NA,NA
235,1,0.800552845,0.185996383,0.010597023,0,0.002853778,5,State,All,Age,state,99,Nagaland,46 to 64,NA,NA,NA,NA,NA
236,1,0.838896871,0.14875187,0.008630241,0.003721026,0,5,State,All,Age,state,99,Nagaland,65+,NA,NA,NA,NA,NA
237,1,NA,NA,NA,NA,NA,5,State,All,Age,state,99,Nagaland,NA,NA,NA,NA,NA,NA
238,1,0.835236251,0.145197585,0.016670896,0.00172418,0.001171106,5,State,All,Age,state,99,Odisha,15 to 29,NA,NA,NA,NA,NA
239,1,0.832580507,0.142912835,0.018075917,0.005875566,0.000555205,5,State,All,Age,state,99,Odisha,30 to 45,NA,NA,NA,NA,NA
240,1,0.861955643,0.124395594,0.012014528,0.00107452,0.000559708,5,State,All,Age,state,99,Odisha,46 to 64,NA,NA,NA,NA,NA
241,1,0.894607306,0.092788287,0.006208776,0.00481089,0.00158475,5,State,All,Age,state,99,Odisha,65+,NA,NA,NA,NA,NA
242,1,NA,NA,NA,NA,NA,5,State,All,Age,state,99,Odisha,NA,NA,NA,NA,NA,NA
243,1,0.227067679,0.604378045,0,0.168554276,0,5,State,All,Age,state,99,Puducherry,15 to 29,NA,NA,NA,NA,NA
244,1,0.376220644,0.051926643,0.052355342,0.488687873,0.030809505,5,State,All,Age,state,99,Puducherry,30 to 45,NA,NA,NA,NA,NA
245,1,0.702766359,0.200002655,0.007480897,0.051348206,0.038401902,5,State,All,Age,state,99,Puducherry,46 to 64,NA,NA,NA,NA,NA
246,1,0.751968503,0.223158434,0.0084684,0.012771071,0.003633607,5,State,All,Age,state,99,Puducherry,65+,NA,NA,NA,NA,NA
247,1,0.161587909,0.386399329,0.221166432,0.19271414,0.038132198,5,State,All,Age,state,99,Punjab,15 to 29,NA,NA,NA,NA,NA
248,1,0.185332775,0.266856819,0.292794913,0.176227361,0.078788131,5,State,All,Age,state,99,Punjab,30 to 45,NA,NA,NA,NA,NA
249,1,0.177119732,0.266963273,0.215263456,0.214402676,0.126250848,5,State,All,Age,state,99,Punjab,46 to 64,NA,NA,NA,NA,NA
250,1,0.293187112,0.371006459,0.142958984,0.079483725,0.11336372,5,State,All,Age,state,99,Punjab,65+,NA,NA,NA,NA,NA
251,1,0.474838048,0.375584006,0.105057627,0.03542006,0.009100262,5,State,All,Age,state,99,Rajasthan,15 to 29,NA,NA,NA,NA,NA
252,1,0.498082399,0.336530864,0.118347727,0.034756903,0.012282107,5,State,All,Age,state,99,Rajasthan,30 to 45,NA,NA,NA,NA,NA
253,1,0.498202205,0.312335551,0.127548128,0.047520664,0.014393461,5,State,All,Age,state,99,Rajasthan,46 to 64,NA,NA,NA,NA,NA
254,1,0.536307454,0.310128927,0.098450877,0.044014305,0.011098424,5,State,All,Age,state,99,Rajasthan,65+,NA,NA,NA,NA,NA
255,1,NA,NA,NA,NA,NA,5,State,All,Age,state,99,Rajasthan,NA,NA,NA,NA,NA,NA
256,1,0.356798828,0.572629869,0.070571296,0,0,5,State,All,Age,state,99,Sikkim,15 to 29,NA,NA,NA,NA,NA
257,1,0.316669822,0.572630167,0.087976359,0.022723621,0,5,State,All,Age,state,99,Sikkim,30 to 45,NA,NA,NA,NA,NA
258,1,0.318173796,0.551146388,0.114298403,0.016381418,0,5,State,All,Age,state,99,Sikkim,46 to 64,NA,NA,NA,NA,NA
259,1,0.446641207,0.37863785,0.1358639,0.038857043,0,5,State,All,Age,state,99,Sikkim,65+,NA,NA,NA,NA,NA
260,1,0.336028695,0.382915437,0.206131876,0.074923985,0,5,State,All,Age,state,99,Tamil Nadu,15 to 29,NA,NA,NA,NA,NA
261,1,0.387011021,0.345744342,0.156331167,0.09998744,0.010926011,5,State,All,Age,state,99,Tamil Nadu,30 to 45,NA,NA,NA,NA,NA
262,1,0.63799417,0.270951003,0.066334791,0.019380396,0.00533965,5,State,All,Age,state,99,Tamil Nadu,46 to 64,NA,NA,NA,NA,NA
263,1,0.795919418,0.175184816,0.010790654,0.011412874,0.006692254,5,State,All,Age,state,99,Tamil Nadu,65+,NA,NA,NA,NA,NA
264,1,0.409100771,0.29761979,0.238475904,0.045750458,0.009053081,5,State,All,Age,state,99,Telangana,15 to 29,NA,NA,NA,NA,NA
265,1,0.36553669,0.362189323,0.209757268,0.055140562,0.007376174,5,State,All,Age,state,99,Telangana,30 to 45,NA,NA,NA,NA,NA
266,1,0.518916786,0.294290125,0.141882643,0.035716861,0.009193541,5,State,All,Age,state,99,Telangana,46 to 64,NA,NA,NA,NA,NA
267,1,0.728194654,0.200224176,0.04151668,0.017074175,0.012990292,5,State,All,Age,state,99,Telangana,65+,NA,NA,NA,NA,NA
268,1,NA,NA,NA,NA,NA,5,State,All,Age,state,99,Telangana,NA,NA,NA,NA,NA,NA
269,1,0.773019195,0.196588188,0.030392617,0,0,5,State,All,Age,state,99,Tripura,15 to 29,NA,NA,NA,NA,NA
270,1,0.805998325,0.188365325,0.005636328,0,0,5,State,All,Age,state,99,Tripura,30 to 45,NA,NA,NA,NA,NA
271,1,0.820663154,0.165286392,0.014050426,0,0,5,State,All,Age,state,99,Tripura,46 to 64,NA,NA,NA,NA,NA
272,1,0.883660793,0.116339214,0,0,0,5,State,All,Age,state,99,Tripura,65+,NA,NA,NA,NA,NA
273,1,NA,NA,NA,NA,NA,5,State,All,Age,state,99,Tripura,NA,NA,NA,NA,NA,NA
274,1,0.575797796,0.283435822,0.091507234,0.038625862,0.010633297,5,State,All,Age,state,99,Uttar Pradesh,15 to 29,NA,NA,NA,NA,NA
275,1,0.628245234,0.227282494,0.089059293,0.040369932,0.015043067,5,State,All,Age,state,99,Uttar Pradesh,30 to 45,NA,NA,NA,NA,NA
276,1,0.593632281,0.244988725,0.096042007,0.044874236,0.020462777,5,State,All,Age,state,99,Uttar Pradesh,46 to 64,NA,NA,NA,NA,NA
277,1,0.688319683,0.211699352,0.058161702,0.028976548,0.012842708,5,State,All,Age,state,99,Uttar Pradesh,65+,NA,NA,NA,NA,NA
278,1,NA,NA,NA,NA,NA,5,State,All,Age,state,99,Uttar Pradesh,NA,NA,NA,NA,NA,NA
279,1,0.24403441,0.306126654,0.313361377,0.102100588,0.034376983,5,State,All,Age,state,99,Uttarakhand,15 to 29,NA,NA,NA,NA,NA
280,1,0.309581161,0.333828717,0.160531446,0.178208515,0.017850166,5,State,All,Age,state,99,Uttarakhand,30 to 45,NA,NA,NA,NA,NA
281,1,0.399648309,0.399960965,0.149082959,0.025551638,0.025756126,5,State,All,Age,state,99,Uttarakhand,46 to 64,NA,NA,NA,NA,NA
282,1,0.521358371,0.345060796,0.065796115,0.049600709,0.018184021,5,State,All,Age,state,99,Uttarakhand,65+,NA,NA,NA,NA,NA
283,1,NA,NA,NA,NA,NA,5,State,All,Age,state,99,Uttarakhand,NA,NA,NA,NA,NA,NA
284,1,0.787707627,0.181194127,0.028688753,0.002409485,0,5,State,All,Age,state,99,West Bengal,15 to 29,NA,NA,NA,NA,NA
285,1,0.803885221,0.161419019,0.032166798,0.002528939,0,5,State,All,Age,state,99,West Bengal,30 to 45,NA,NA,NA,NA,NA
286,1,0.840936959,0.127103493,0.024707997,0.004676507,0.002575022,5,State,All,Age,state,99,West Bengal,46 to 64,NA,NA,NA,NA,NA
287,1,0.863521993,0.126904368,0.006416387,0.003157236,0,5,State,All,Age,state,99,West Bengal,65+,NA,NA,NA,NA,NA
288,1,NA,NA,NA,NA,NA,5,State,All,Age,state,99,West Bengal,NA,NA,NA,NA,NA,NA
289,1,0.72801888,0.176473156,0.095507972,0,0,5,State,urban/rural,Age,statesector,0,Andaman & Nicobar Islands,15 to 29,NA,NA,NA,NA,NA
290,1,0.873459995,0.113662809,0.012877171,0,0,5,State,urban/rural,Age,statesector,0,Andaman & Nicobar Islands,30 to 45,NA,NA,NA,NA,NA
291,1,0.794246316,0.19325763,0.012496052,0,0,5,State,urban/rural,Age,statesector,0,Andaman & Nicobar Islands,46 to 64,NA,NA,NA,NA,NA
292,1,0.757082164,0.23124437,0.011673466,0,0,5,State,urban/rural,Age,statesector,0,Andaman & Nicobar Islands,65+,NA,NA,NA,NA,NA
293,1,0.449625582,0.550374448,0,0,0,5,State,urban/rural,Age,statesector,1,Andaman & Nicobar Islands,15 to 29,NA,NA,NA,NA,NA
294,1,0.530794322,0,0.469205648,0,0,5,State,urban/rural,Age,statesector,1,Andaman & Nicobar Islands,30 to 45,NA,NA,NA,NA,NA
295,1,0.523559034,0,0,0.476440966,0,5,State,urban/rural,Age,statesector,1,Andaman & Nicobar Islands,46 to 64,NA,NA,NA,NA,NA
296,1,0.414415002,0.332946479,0.175983891,0.076654628,0,5,State,urban/rural,Age,statesector,0,Andhra Pradesh,15 to 29,NA,NA,NA,NA,NA
297,1,0.346566886,0.448092997,0.145793661,0.059546474,0,5,State,urban/rural,Age,statesector,0,Andhra Pradesh,30 to 45,NA,NA,NA,NA,NA
298,1,0.570665002,0.306947768,0.093707219,0.025136767,0.003543247,5,State,urban/rural,Age,statesector,0,Andhra Pradesh,46 to 64,NA,NA,NA,NA,NA
299,1,0.69644171,0.252828568,0.023203569,0.019252112,0.008274026,5,State,urban/rural,Age,statesector,0,Andhra Pradesh,65+,NA,NA,NA,NA,NA
300,1,0.09806373,0.289353639,0.314945221,0.297637403,0,5,State,urban/rural,Age,statesector,1,Andhra Pradesh,15 to 29,NA,NA,NA,NA,NA
301,1,0.107198559,0.208859026,0.378188699,0.267974854,0.037778847,5,State,urban/rural,Age,statesector,1,Andhra Pradesh,30 to 45,NA,NA,NA,NA,NA
302,1,0.372263134,0.301438242,0.215513825,0.110784791,0,5,State,urban/rural,Age,statesector,1,Andhra Pradesh,46 to 64,NA,NA,NA,NA,NA
303,1,0.349191755,0.554817796,0.056237437,0.039752994,0,5,State,urban/rural,Age,statesector,1,Andhra Pradesh,65+,NA,NA,NA,NA,NA
304,1,0.661285818,0.262956828,0.068870015,0.006887346,0,5,State,urban/rural,Age,statesector,0,Arunachal Pradesh,15 to 29,NA,NA,NA,NA,NA
305,1,0.682048678,0.256608576,0.039646666,0.019055413,0.002640695,5,State,urban/rural,Age,statesector,0,Arunachal Pradesh,30 to 45,NA,NA,NA,NA,NA
306,1,0.766246974,0.194486946,0.026265144,0.010060455,0.002940506,5,State,urban/rural,Age,statesector,0,Arunachal Pradesh,46 to 64,NA,NA,NA,NA,NA
307,1,0.825848162,0.15089722,0.021987585,0.001267045,0,5,State,urban/rural,Age,statesector,0,Arunachal Pradesh,65+,NA,NA,NA,NA,NA
308,1,NA,NA,NA,NA,NA,5,State,urban/rural,Age,statesector,0,Arunachal Pradesh,NA,NA,NA,NA,NA,NA
309,1,0.388334721,0.497106075,0.114559196,0,0,5,State,urban/rural,Age,statesector,1,Arunachal Pradesh,15 to 29,NA,NA,NA,NA,NA
310,1,0.257776767,0.467098922,0.170939118,0.096818112,0.007367077,5,State,urban/rural,Age,statesector,1,Arunachal Pradesh,30 to 45,NA,NA,NA,NA,NA
311,1,0.353885174,0.364378333,0.151611805,0.089691959,0.040432729,5,State,urban/rural,Age,statesector,1,Arunachal Pradesh,46 to 64,NA,NA,NA,NA,NA
312,1,0.676224589,0.323775411,0,0,0,5,State,urban/rural,Age,statesector,1,Arunachal Pradesh,65+,NA,NA,NA,NA,NA
313,1,0.806934476,0.180783629,0.012281905,0,0,5,State,urban/rural,Age,statesector,0,Assam,15 to 29,NA,NA,NA,NA,NA
314,1,0.815642297,0.170161232,0.012655443,0.001541036,0,5,State,urban/rural,Age,statesector,0,Assam,30 to 45,NA,NA,NA,NA,NA
315,1,0.832599103,0.157165036,0.009916257,0.000319632,0,5,State,urban/rural,Age,statesector,0,Assam,46 to 64,NA,NA,NA,NA,NA
316,1,0.825119436,0.163000897,0.007714788,0.004164866,0,5,State,urban/rural,Age,statesector,0,Assam,65+,NA,NA,NA,NA,NA
317,1,0.415297329,0.517769814,0.06693282,0,0,5,State,urban/rural,Age,statesector,1,Assam,15 to 29,NA,NA,NA,NA,NA
318,1,0.437003493,0.388851166,0.140369996,0.010864031,0.022911303,5,State,urban/rural,Age,statesector,1,Assam,30 to 45,NA,NA,NA,NA,NA
319,1,0.417121261,0.402815759,0.171476647,0.008586323,0,5,State,urban/rural,Age,statesector,1,Assam,46 to 64,NA,NA,NA,NA,NA
320,1,0.660332739,0.238012418,0.05214588,0.020673355,0.028835602,5,State,urban/rural,Age,statesector,1,Assam,65+,NA,NA,NA,NA,NA
321,1,0.798751891,0.182752997,0.016853105,0.001641977,0,5,State,urban/rural,Age,statesector,0,Bihar,15 to 29,NA,NA,NA,NA,NA
322,1,0.81149596,0.164209679,0.021484379,0.002679672,0.000130306,5,State,urban/rural,Age,statesector,0,Bihar,30 to 45,NA,NA,NA,NA,NA
323,1,0.814266324,0.156155735,0.024425874,0.004981818,0.000170229,5,State,urban/rural,Age,statesector,0,Bihar,46 to 64,NA,NA,NA,NA,NA
324,1,0.822173536,0.153779581,0.019751942,0.002633004,0.001661967,5,State,urban/rural,Age,statesector,0,Bihar,65+,NA,NA,NA,NA,NA
325,1,NA,NA,NA,NA,NA,5,State,urban/rural,Age,statesector,0,Bihar,NA,NA,NA,NA,NA,NA
326,1,0.556490898,0.257039309,0.153361589,0.03310819,0,5,State,urban/rural,Age,statesector,1,Bihar,15 to 29,NA,NA,NA,NA,NA
327,1,0.50062567,0.286449075,0.143993467,0.068931766,0,5,State,urban/rural,Age,statesector,1,Bihar,30 to 45,NA,NA,NA,NA,NA
328,1,0.617130876,0.169739038,0.105670042,0.105165258,0.002294796,5,State,urban/rural,Age,statesector,1,Bihar,46 to 64,NA,NA,NA,NA,NA
329,1,0.611667573,0.282531053,0.101801813,0.003999553,0,5,State,urban/rural,Age,statesector,1,Bihar,65+,NA,NA,NA,NA,NA
330,1,0,0,1,0,0,5,State,urban/rural,Age,statesector,0,Chandigarh,15 to 29,NA,NA,NA,NA,NA
331,1,0.206897393,0.413794786,0,0.197686926,0.181620896,5,State,urban/rural,Age,statesector,1,Chandigarh,15 to 29,NA,NA,NA,NA,NA
332,1,0.095300399,0.286442488,0.095841691,0.355626166,0.166789249,5,State,urban/rural,Age,statesector,1,Chandigarh,30 to 45,NA,NA,NA,NA,NA
333,1,0.267969936,0.269491971,0,0.223952651,0.238585442,5,State,urban/rural,Age,statesector,1,Chandigarh,46 to 64,NA,NA,NA,NA,NA
334,1,0.768208981,0.179557353,0.052233692,0,0,5,State,urban/rural,Age,statesector,0,Chhattisgarh,15 to 29,NA,NA,NA,NA,NA
335,1,0.79209882,0.164755136,0.033814624,0.009331445,0,5,State,urban/rural,Age,statesector,0,Chhattisgarh,30 to 45,NA,NA,NA,NA,NA
336,1,0.795201302,0.153975219,0.038164448,0.01130711,0.001351904,5,State,urban/rural,Age,statesector,0,Chhattisgarh,46 to 64,NA,NA,NA,NA,NA
337,1,0.821550548,0.146165699,0.022493634,0.006419795,0.003370316,5,State,urban/rural,Age,statesector,0,Chhattisgarh,65+,NA,NA,NA,NA,NA
338,1,NA,NA,NA,NA,NA,5,State,urban/rural,Age,statesector,0,Chhattisgarh,NA,NA,NA,NA,NA,NA
339,1,0.625827253,0.129253551,0.201318845,0.043600343,0,5,State,urban/rural,Age,statesector,1,Chhattisgarh,15 to 29,NA,NA,NA,NA,NA
340,1,0.473686218,0.235832542,0.133195668,0.122592643,0.034692917,5,State,urban/rural,Age,statesector,1,Chhattisgarh,30 to 45,NA,NA,NA,NA,NA
341,1,0.479826152,0.155363157,0.157824501,0.161255017,0.045731179,5,State,urban/rural,Age,statesector,1,Chhattisgarh,46 to 64,NA,NA,NA,NA,NA
342,1,0.685347497,0.112714745,0.0957857,0.064015605,0.042136438,5,State,urban/rural,Age,statesector,1,Chhattisgarh,65+,NA,NA,NA,NA,NA
343,1,0.543812811,0.373311341,0.080602817,0.00227302,0,5,State,urban/rural,Age,statesector,0,Dadra & Nagar Haveli and Daman & Diu,15 to 29,NA,NA,NA,NA,NA
344,1,0.56610924,0.340263665,0.091501079,0.002126006,0,5,State,urban/rural,Age,statesector,0,Dadra & Nagar Haveli and Daman & Diu,30 to 45,NA,NA,NA,NA,NA
345,1,0.644756138,0.258216769,0.065467536,0.011139398,0.020420169,5,State,urban/rural,Age,statesector,0,Dadra & Nagar Haveli and Daman & Diu,46 to 64,NA,NA,NA,NA,NA
346,1,0.738434911,0.261565089,0,0,0,5,State,urban/rural,Age,statesector,0,Dadra & Nagar Haveli and Daman & Diu,65+,NA,NA,NA,NA,NA
347,1,0.083783336,0.372879595,0.345652282,0.150207445,0.047477357,5,State,urban/rural,Age,statesector,1,Dadra & Nagar Haveli and Daman & Diu,15 to 29,NA,NA,NA,NA,NA
348,1,0.120422356,0.339236408,0.318148762,0.222192481,0,5,State,urban/rural,Age,statesector,1,Dadra & Nagar Haveli and Daman & Diu,30 to 45,NA,NA,NA,NA,NA
349,1,0,0.819808185,0.116806485,0.063385315,0,5,State,urban/rural,Age,statesector,1,Dadra & Nagar Haveli and Daman & Diu,46 to 64,NA,NA,NA,NA,NA
350,1,0,0.731249332,0.268750697,0,0,5,State,urban/rural,Age,statesector,1,Dadra & Nagar Haveli and Daman & Diu,65+,NA,NA,NA,NA,NA
351,1,0.871674657,0,0,0,0.128325328,5,State,urban/rural,Age,statesector,0,Delhi,15 to 29,NA,NA,NA,NA,NA
352,1,0,0.251528114,0.748471856,0,0,5,State,urban/rural,Age,statesector,0,Delhi,30 to 45,NA,NA,NA,NA,NA
353,1,0,0,0,0,1,5,State,urban/rural,Age,statesector,0,Delhi,65+,NA,NA,NA,NA,NA
354,1,0.073722959,0.202700734,0.452975035,0.123031206,0.147570089,5,State,urban/rural,Age,statesector,1,Delhi,15 to 29,NA,NA,NA,NA,NA
355,1,0.053361136,0.291547507,0.274540722,0.249864981,0.130685642,5,State,urban/rural,Age,statesector,1,Delhi,30 to 45,NA,NA,NA,NA,NA
356,1,0.142153934,0.247504845,0.200965822,0.190380797,0.218994603,5,State,urban/rural,Age,statesector,1,Delhi,46 to 64,NA,NA,NA,NA,NA
357,1,0.091465436,0,0.278960347,0.207560167,0.422014058,5,State,urban/rural,Age,statesector,1,Delhi,65+,NA,NA,NA,NA,NA
358,1,0,0.422566086,0.577433884,0,0,5,State,urban/rural,Age,statesector,0,Goa,15 to 29,NA,NA,NA,NA,NA
359,1,0.149656758,0.294395417,0,0.448814988,0.107132837,5,State,urban/rural,Age,statesector,0,Goa,30 to 45,NA,NA,NA,NA,NA
360,1,0.283719599,0.257346243,0.310145855,0.148788333,0,5,State,urban/rural,Age,statesector,0,Goa,46 to 64,NA,NA,NA,NA,NA
361,1,0.482216507,0.262345463,0.25543803,0,0,5,State,urban/rural,Age,statesector,0,Goa,65+,NA,NA,NA,NA,NA
362,1,0,1,0,0,0,5,State,urban/rural,Age,statesector,1,Goa,15 to 29,NA,NA,NA,NA,NA
363,1,0.284832686,0,0.485932678,0.229234651,0,5,State,urban/rural,Age,statesector,1,Goa,30 to 45,NA,NA,NA,NA,NA
364,1,0.62301439,0.325762242,0.034510672,0.015665336,0.001047347,5,State,urban/rural,Age,statesector,0,Gujarat,15 to 29,NA,NA,NA,NA,NA
365,1,0.603622794,0.306529284,0.072574325,0.016698036,0.000575581,5,State,urban/rural,Age,statesector,0,Gujarat,30 to 45,NA,NA,NA,NA,NA
366,1,0.665526628,0.248368561,0.062853791,0.022206314,0.001044668,5,State,urban/rural,Age,statesector,0,Gujarat,46 to 64,NA,NA,NA,NA,NA
367,1,0.722257137,0.237682819,0.038055599,0.002004453,0,5,State,urban/rural,Age,statesector,0,Gujarat,65+,NA,NA,NA,NA,NA
368,1,NA,NA,NA,NA,NA,5,State,urban/rural,Age,statesector,0,Gujarat,NA,NA,NA,NA,NA,NA
369,1,0.181192324,0.150236726,0.339485466,0.234744892,0.094340608,5,State,urban/rural,Age,statesector,1,Gujarat,15 to 29,NA,NA,NA,NA,NA
370,1,0.237225547,0.205272838,0.220809549,0.214004323,0.122687735,5,State,urban/rural,Age,statesector,1,Gujarat,30 to 45,NA,NA,NA,NA,NA
371,1,0.3038221,0.22025384,0.159142658,0.162786096,0.15399529,5,State,urban/rural,Age,statesector,1,Gujarat,46 to 64,NA,NA,NA,NA,NA
372,1,0.424169838,0.321226627,0.13177149,0.029930377,0.092901669,5,State,urban/rural,Age,statesector,1,Gujarat,65+,NA,NA,NA,NA,NA
373,1,0.135247171,0.40018338,0.316473037,0.127095997,0.021000395,5,State,urban/rural,Age,statesector,0,Haryana,15 to 29,NA,NA,NA,NA,NA
374,1,0.20625861,0.379110813,0.261873752,0.123370163,0.029386666,5,State,urban/rural,Age,statesector,0,Haryana,30 to 45,NA,NA,NA,NA,NA
375,1,0.190106288,0.355634689,0.23143734,0.167895854,0.054925818,5,State,urban/rural,Age,statesector,0,Haryana,46 to 64,NA,NA,NA,NA,NA
376,1,0.339491487,0.353970259,0.150607944,0.136211112,0.019719189,5,State,urban/rural,Age,statesector,0,Haryana,65+,NA,NA,NA,NA,NA
377,1,NA,NA,NA,NA,NA,5,State,urban/rural,Age,statesector,0,Haryana,NA,NA,NA,NA,NA,NA
378,1,0.117444299,0.362574577,0.231025353,0.175335094,0.113620669,5,State,urban/rural,Age,statesector,1,Haryana,15 to 29,NA,NA,NA,NA,NA
379,1,0.150527894,0.231971949,0.345803618,0.1766783,0.095018245,5,State,urban/rural,Age,statesector,1,Haryana,30 to 45,NA,NA,NA,NA,NA
380,1,0.161915168,0.256127298,0.218252569,0.164323419,0.199381575,5,State,urban/rural,Age,statesector,1,Haryana,46 to 64,NA,NA,NA,NA,NA
381,1,0.126566365,0.166427419,0.280386865,0.159977689,0.266641676,5,State,urban/rural,Age,statesector,1,Haryana,65+,NA,NA,NA,NA,NA
382,1,0.468719929,0.322598755,0.084016331,0.124665,0,5,State,urban/rural,Age,statesector,0,Himachal Pradesh,15 to 29,NA,NA,NA,NA,NA
383,1,0.324064493,0.47469604,0.181142688,0.013784704,0.006312081,5,State,urban/rural,Age,statesector,0,Himachal Pradesh,30 to 45,NA,NA,NA,NA,NA
384,1,0.335383236,0.491922855,0.127766699,0.035568122,0.009359121,5,State,urban/rural,Age,statesector,0,Himachal Pradesh,46 to 64,NA,NA,NA,NA,NA
385,1,0.513893306,0.349627554,0.097110413,0.035144456,0.004224251,5,State,urban/rural,Age,statesector,0,Himachal Pradesh,65+,NA,NA,NA,NA,NA
386,1,NA,NA,NA,NA,NA,5,State,urban/rural,Age,statesector,0,Himachal Pradesh,NA,NA,NA,NA,NA,NA
387,1,0.169867635,0.731115341,0,0.099016994,0,5,State,urban/rural,Age,statesector,1,Himachal Pradesh,15 to 29,NA,NA,NA,NA,NA
388,1,0.728073537,0.215214446,0,0.056712043,0,5,State,urban/rural,Age,statesector,1,Himachal Pradesh,30 to 45,NA,NA,NA,NA,NA
389,1,0.513507843,0.253402174,0,0,0.233090013,5,State,urban/rural,Age,statesector,1,Himachal Pradesh,46 to 64,NA,NA,NA,NA,NA
390,1,0,0,1,0,0,5,State,urban/rural,Age,statesector,1,Himachal Pradesh,65+,NA,NA,NA,NA,NA
391,1,0.665170074,0.227616996,0.093167081,0.014045828,0,5,State,urban/rural,Age,statesector,0,Jammu & Kashmir,15 to 29,NA,NA,NA,NA,NA
392,1,0.625146866,0.297176212,0.0517359,0.023715679,0.002225372,5,State,urban/rural,Age,statesector,0,Jammu & Kashmir,30 to 45,NA,NA,NA,NA,NA
393,1,0.572158515,0.3628079,0.056973763,0.006752159,0.001307656,5,State,urban/rural,Age,statesector,0,Jammu & Kashmir,46 to 64,NA,NA,NA,NA,NA
394,1,0.646136582,0.239965037,0.090350837,0.023547564,0,5,State,urban/rural,Age,statesector,0,Jammu & Kashmir,65+,NA,NA,NA,NA,NA
395,1,0.721492827,0.108092174,0.108092174,0.062322818,0,5,State,urban/rural,Age,statesector,1,Jammu & Kashmir,15 to 29,NA,NA,NA,NA,NA
396,1,0.30006212,0.201246992,0.188281551,0.310409367,0,5,State,urban/rural,Age,statesector,1,Jammu & Kashmir,30 to 45,NA,NA,NA,NA,NA
397,1,0.12250077,0.107201912,0.270318031,0.499979287,0,5,State,urban/rural,Age,statesector,1,Jammu & Kashmir,46 to 64,NA,NA,NA,NA,NA
398,1,0.51859951,0.172526702,0,0.308873802,0,5,State,urban/rural,Age,statesector,1,Jammu & Kashmir,65+,NA,NA,NA,NA,NA
399,1,0.873102367,0.111918882,0.012923916,0.002054851,0,5,State,urban/rural,Age,statesector,0,Jharkhand,15 to 29,NA,NA,NA,NA,NA
400,1,0.856825292,0.124243736,0.016400788,0.002530153,0,5,State,urban/rural,Age,statesector,0,Jharkhand,30 to 45,NA,NA,NA,NA,NA
401,1,0.856988549,0.120383598,0.020641152,0.001986691,0,5,State,urban/rural,Age,statesector,0,Jharkhand,46 to 64,NA,NA,NA,NA,NA
402,1,0.88303858,0.102434747,0.012447517,0.00207918,0,5,State,urban/rural,Age,statesector,0,Jharkhand,65+,NA,NA,NA,NA,NA
403,1,NA,NA,NA,NA,NA,5,State,urban/rural,Age,statesector,0,Jharkhand,NA,NA,NA,NA,NA,NA
404,1,0.693734109,0.211576208,0.084893122,0.009796565,0,5,State,urban/rural,Age,statesector,1,Jharkhand,15 to 29,NA,NA,NA,NA,NA
405,1,0.501658499,0.311754435,0.155751899,0.029347872,0.00148733,5,State,urban/rural,Age,statesector,1,Jharkhand,30 to 45,NA,NA,NA,NA,NA
406,1,0.551575661,0.256105959,0.096109815,0.084978908,0.011229647,5,State,urban/rural,Age,statesector,1,Jharkhand,46 to 64,NA,NA,NA,NA,NA
407,1,0.590877831,0.155531242,0.047309574,0.168718368,0.037562996,5,State,urban/rural,Age,statesector,1,Jharkhand,65+,NA,NA,NA,NA,NA
408,1,0.454550147,0.474501729,0.070948131,0,0,5,State,urban/rural,Age,statesector,0,Karnataka,15 to 29,NA,NA,NA,NA,NA
409,1,0.498298377,0.371379882,0.115515642,0.014806088,0,5,State,urban/rural,Age,statesector,0,Karnataka,30 to 45,NA,NA,NA,NA,NA
410,1,0.476548254,0.355753809,0.125407442,0.036443524,0.005846959,5,State,urban/rural,Age,statesector,0,Karnataka,46 to 64,NA,NA,NA,NA,NA
411,1,0.569010019,0.343636394,0.071141131,0.014544371,0.001668077,5,State,urban/rural,Age,statesector,0,Karnataka,65+,NA,NA,NA,NA,NA
412,1,NA,NA,NA,NA,NA,5,State,urban/rural,Age,statesector,0,Karnataka,NA,NA,NA,NA,NA,NA
413,1,0.698424578,0.14986819,0.119504377,0.03220287,0,5,State,urban/rural,Age,statesector,1,Karnataka,15 to 29,NA,NA,NA,NA,NA
414,1,0.327489734,0.244527847,0.196878821,0.205106243,0.025997352,5,State,urban/rural,Age,statesector,1,Karnataka,30 to 45,NA,NA,NA,NA,NA
415,1,0.348331422,0.335259199,0.18944566,0.066462792,0.060500909,5,State,urban/rural,Age,statesector,1,Karnataka,46 to 64,NA,NA,NA,NA,NA
416,1,0.564341187,0.226659328,0.150048912,0.058950599,0,5,State,urban/rural,Age,statesector,1,Karnataka,65+,NA,NA,NA,NA,NA
417,1,NA,NA,NA,NA,NA,5,State,urban/rural,Age,statesector,1,Karnataka,NA,NA,NA,NA,NA,NA
418,1,0.495125473,0.504874527,0,0,0,5,State,urban/rural,Age,statesector,0,Kerala,15 to 29,NA,NA,NA,NA,NA
419,1,0.34994638,0.425448447,0.123002149,0.07609906,0.025503963,5,State,urban/rural,Age,statesector,0,Kerala,30 to 45,NA,NA,NA,NA,NA
420,1,0.470520556,0.404411376,0.112351246,0,0.012716821,5,State,urban/rural,Age,statesector,0,Kerala,46 to 64,NA,NA,NA,NA,NA
421,1,0.455254227,0.445894271,0.067682602,0.031168886,0,5,State,urban/rural,Age,statesector,0,Kerala,65+,NA,NA,NA,NA,NA
422,1,1,0,0,0,0,5,State,urban/rural,Age,statesector,1,Kerala,15 to 29,NA,NA,NA,NA,NA
423,1,0,0.231863394,0.702685177,0.065451406,0,5,State,urban/rural,Age,statesector,1,Kerala,30 to 45,NA,NA,NA,NA,NA
424,1,0.327829093,0.242096633,0.169752955,0.260321319,0,5,State,urban/rural,Age,statesector,1,Kerala,46 to 64,NA,NA,NA,NA,NA
425,1,0.462099552,0.400926977,0.136973456,0,0,5,State,urban/rural,Age,statesector,1,Kerala,65+,NA,NA,NA,NA,NA
426,1,0,1,0,0,0,5,State,urban/rural,Age,statesector,0,Ladakh,15 to 29,NA,NA,NA,NA,NA
427,1,0.427018523,0.345718473,0.135494426,0.091768578,0,5,State,urban/rural,Age,statesector,0,Ladakh,30 to 45,NA,NA,NA,NA,NA
428,1,0.382420808,0.375419557,0.190282241,0.051877387,0,5,State,urban/rural,Age,statesector,0,Ladakh,46 to 64,NA,NA,NA,NA,NA
429,1,0.529870868,0.270612866,0.199516281,0,0,5,State,urban/rural,Age,statesector,0,Ladakh,65+,NA,NA,NA,NA,NA
430,1,0.389049083,0,0.610950887,0,0,5,State,urban/rural,Age,statesector,1,Ladakh,30 to 45,NA,NA,NA,NA,NA
431,1,0,0.507395089,0,0.255274683,0.237330258,5,State,urban/rural,Age,statesector,1,Ladakh,46 to 64,NA,NA,NA,NA,NA
432,1,0,0,1,0,0,5,State,urban/rural,Age,statesector,0,Lakshadweep,15 to 29,NA,NA,NA,NA,NA
433,1,0,0.421456784,0.578543246,0,0,5,State,urban/rural,Age,statesector,0,Lakshadweep,46 to 64,NA,NA,NA,NA,NA
434,1,0,1,0,0,0,5,State,urban/rural,Age,statesector,1,Lakshadweep,30 to 45,NA,NA,NA,NA,NA
435,1,0,0,0.490549326,0.509450674,0,5,State,urban/rural,Age,statesector,1,Lakshadweep,46 to 64,NA,NA,NA,NA,NA
436,1,0,0,0,1,0,5,State,urban/rural,Age,statesector,1,Lakshadweep,65+,NA,NA,NA,NA,NA
437,1,0.741421938,0.209402636,0.042360552,0.006814882,0,5,State,urban/rural,Age,statesector,0,Madhya Pradesh,15 to 29,NA,NA,NA,NA,NA
438,1,0.761286139,0.190059349,0.037891194,0.008022763,0.002740567,5,State,urban/rural,Age,statesector,0,Madhya Pradesh,30 to 45,NA,NA,NA,NA,NA
439,1,0.777341723,0.175386414,0.037407964,0.008732357,0.001131558,5,State,urban/rural,Age,statesector,0,Madhya Pradesh,46 to 64,NA,NA,NA,NA,NA
440,1,0.840509534,0.127714604,0.019419057,0.011652577,0.000704262,5,State,urban/rural,Age,statesector,0,Madhya Pradesh,65+,NA,NA,NA,NA,NA
441,1,1,0,0,0,0,5,State,urban/rural,Age,statesector,0,Madhya Pradesh,NA,NA,NA,NA,NA,NA
442,1,0.529062808,0.287417442,0.121595755,0.054821622,0.007102415,5,State,urban/rural,Age,statesector,1,Madhya Pradesh,15 to 29,NA,NA,NA,NA,NA
443,1,0.465646952,0.259180725,0.151530519,0.096893348,0.026748447,5,State,urban/rural,Age,statesector,1,Madhya Pradesh,30 to 45,NA,NA,NA,NA,NA
444,1,0.464103103,0.289285779,0.131869525,0.059536181,0.05520539,5,State,urban/rural,Age,statesector,1,Madhya Pradesh,46 to 64,NA,NA,NA,NA,NA
445,1,0.655640006,0.18183805,0.083642647,0.04349564,0.035383642,5,State,urban/rural,Age,statesector,1,Madhya Pradesh,65+,NA,NA,NA,NA,NA
446,1,NA,NA,NA,NA,NA,5,State,urban/rural,Age,statesector,1,Madhya Pradesh,NA,NA,NA,NA,NA,NA
447,1,0.658328533,0.270827919,0.057508774,0.013334757,0,5,State,urban/rural,Age,statesector,0,Maharashtra,15 to 29,NA,NA,NA,NA,NA
448,1,0.619693458,0.316352606,0.039675437,0.023000542,0.001277991,5,State,urban/rural,Age,statesector,0,Maharashtra,30 to 45,NA,NA,NA,NA,NA
449,1,0.641835272,0.279672295,0.058083888,0.018786956,0.001621579,5,State,urban/rural,Age,statesector,0,Maharashtra,46 to 64,NA,NA,NA,NA,NA
450,1,0.750037313,0.204718351,0.026859917,0.016911937,0.001472471,5,State,urban/rural,Age,statesector,0,Maharashtra,65+,NA,NA,NA,NA,NA
451,1,1,0,0,0,0,5,State,urban/rural,Age,statesector,0,Maharashtra,NA,NA,NA,NA,NA,NA
452,1,0.468556464,0.206797868,0.25365293,0.070992738,0,5,State,urban/rural,Age,statesector,1,Maharashtra,15 to 29,NA,NA,NA,NA,NA
453,1,0.228655115,0.376426965,0.16782935,0.16058825,0.066500314,5,State,urban/rural,Age,statesector,1,Maharashtra,30 to 45,NA,NA,NA,NA,NA
454,1,0.333060533,0.390470892,0.144021928,0.087531969,0.044914685,5,State,urban/rural,Age,statesector,1,Maharashtra,46 to 64,NA,NA,NA,NA,NA
455,1,0.587430477,0.153756216,0.167593524,0.075008832,0.016210983,5,State,urban/rural,Age,statesector,1,Maharashtra,65+,NA,NA,NA,NA,NA
456,1,0.531012595,0.427223206,0.041764162,0,0,5,State,urban/rural,Age,statesector,0,Manipur,15 to 29,NA,NA,NA,NA,NA
457,1,0.659702003,0.305344641,0.034953374,0,0,5,State,urban/rural,Age,statesector,0,Manipur,30 to 45,NA,NA,NA,NA,NA
458,1,0.749115407,0.235478312,0.01154865,0.003857604,0,5,State,urban/rural,Age,statesector,0,Manipur,46 to 64,NA,NA,NA,NA,NA
459,1,0.744859815,0.232144132,0.016574124,0.006421943,0,5,State,urban/rural,Age,statesector,0,Manipur,65+,NA,NA,NA,NA,NA
460,1,0.298054785,0.527379453,0.174565732,0,0,5,State,urban/rural,Age,statesector,1,Manipur,15 to 29,NA,NA,NA,NA,NA
461,1,0.480008841,0.294877738,0.199321568,0,0.025791863,5,State,urban/rural,Age,statesector,1,Manipur,30 to 45,NA,NA,NA,NA,NA
462,1,0.474712491,0.507483363,0.01780414,0,0,5,State,urban/rural,Age,statesector,1,Manipur,46 to 64,NA,NA,NA,NA,NA
463,1,0.484338105,0.412263691,0.030738773,0.072659433,0,5,State,urban/rural,Age,statesector,1,Manipur,65+,NA,NA,NA,NA,NA
464,1,0.780618012,0.200189888,0.019192094,0,0,5,State,urban/rural,Age,statesector,0,Meghalaya,15 to 29,NA,NA,NA,NA,NA
465,1,0.735558033,0.241607502,0.022072984,0.000379879,0.000381629,5,State,urban/rural,Age,statesector,0,Meghalaya,30 to 45,NA,NA,NA,NA,NA
466,1,0.694120526,0.288452625,0.015534,0.001892834,0,5,State,urban/rural,Age,statesector,0,Meghalaya,46 to 64,NA,NA,NA,NA,NA
467,1,0.686290801,0.296100259,0.017608928,0,0,5,State,urban/rural,Age,statesector,0,Meghalaya,65+,NA,NA,NA,NA,NA
468,1,NA,NA,NA,NA,NA,5,State,urban/rural,Age,statesector,0,Meghalaya,NA,NA,NA,NA,NA,NA
469,1,0.490428001,0.385252982,0.124319024,0,0,5,State,urban/rural,Age,statesector,1,Meghalaya,15 to 29,NA,NA,NA,NA,NA
470,1,0.757589102,0.19377178,0,0,0.048639119,5,State,urban/rural,Age,statesector,1,Meghalaya,30 to 45,NA,NA,NA,NA,NA
471,1,0.615694761,0.267942965,0,0.116362244,0,5,State,urban/rural,Age,statesector,1,Meghalaya,46 to 64,NA,NA,NA,NA,NA
472,1,0.880536854,0.119463161,0,0,0,5,State,urban/rural,Age,statesector,1,Meghalaya,65+,NA,NA,NA,NA,NA
473,1,0.697558284,0.216761395,0.06521517,0.02046516,0,5,State,urban/rural,Age,statesector,0,Mizoram,15 to 29,NA,NA,NA,NA,NA
474,1,0.655958712,0.305965126,0.03238846,0.005687723,0,5,State,urban/rural,Age,statesector,0,Mizoram,30 to 45,NA,NA,NA,NA,NA
475,1,0.742049158,0.231581286,0.008174119,0.013317593,0.00487782,5,State,urban/rural,Age,statesector,0,Mizoram,46 to 64,NA,NA,NA,NA,NA
476,1,0.542242229,0.439813077,0.017944708,0,0,5,State,urban/rural,Age,statesector,0,Mizoram,65+,NA,NA,NA,NA,NA
477,1,0.116033159,0.596561015,0.287405849,0,0,5,State,urban/rural,Age,statesector,1,Mizoram,15 to 29,NA,NA,NA,NA,NA
478,1,0.145769313,0.257767856,0.344145447,0.206826225,0.04549114,5,State,urban/rural,Age,statesector,1,Mizoram,30 to 45,NA,NA,NA,NA,NA
479,1,0.473609924,0.246734679,0.101877488,0.177777901,0,5,State,urban/rural,Age,statesector,1,Mizoram,46 to 64,NA,NA,NA,NA,NA
480,1,0,0.220429331,0,0.136908606,0.642662048,5,State,urban/rural,Age,statesector,1,Mizoram,65+,NA,NA,NA,NA,NA
481,1,0.792939484,0.168294996,0.038765509,0,0,5,State,urban/rural,Age,statesector,0,Nagaland,15 to 29,NA,NA,NA,NA,NA
482,1,0.805131257,0.173188403,0.018254852,0.000442578,0.002982917,5,State,urban/rural,Age,statesector,0,Nagaland,30 to 45,NA,NA,NA,NA,NA
483,1,0.826050401,0.16927357,0.004676027,0,0,5,State,urban/rural,Age,statesector,0,Nagaland,46 to 64,NA,NA,NA,NA,NA
484,1,0.840560555,0.151147336,0.004310776,0.00398135,0,5,State,urban/rural,Age,statesector,0,Nagaland,65+,NA,NA,NA,NA,NA
485,1,NA,NA,NA,NA,NA,5,State,urban/rural,Age,statesector,0,Nagaland,NA,NA,NA,NA,NA,NA
486,1,0.272235066,0.592956245,0.067047894,0.067760773,0,5,State,urban/rural,Age,statesector,1,Nagaland,15 to 29,NA,NA,NA,NA,NA
487,1,0.297613531,0.460903674,0.171747491,0.039779693,0.029955599,5,State,urban/rural,Age,statesector,1,Nagaland,30 to 45,NA,NA,NA,NA,NA
488,1,0.508595645,0.377478987,0.078394726,0,0.035530649,5,State,urban/rural,Age,statesector,1,Nagaland,46 to 64,NA,NA,NA,NA,NA
489,1,0.815116525,0.11451146,0.070372,0,0,5,State,urban/rural,Age,statesector,1,Nagaland,65+,NA,NA,NA,NA,NA
490,1,0.840139687,0.142833427,0.015945297,0.00108159,0,5,State,urban/rural,Age,statesector,0,Odisha,15 to 29,NA,NA,NA,NA,NA
491,1,0.842524588,0.140495509,0.013879538,0.003100394,0,5,State,urban/rural,Age,statesector,0,Odisha,30 to 45,NA,NA,NA,NA,NA
492,1,0.866104066,0.120519951,0.011906424,0.000872821,0.000596714,5,State,urban/rural,Age,statesector,0,Odisha,46 to 64,NA,NA,NA,NA,NA
493,1,0.89852792,0.091465466,0.006537427,0.001800531,0.001668636,5,State,urban/rural,Age,statesector,0,Odisha,65+,NA,NA,NA,NA,NA
494,1,NA,NA,NA,NA,NA,5,State,urban/rural,Age,statesector,0,Odisha,NA,NA,NA,NA,NA,NA
495,1,0.76310122,0.17997691,0.027345205,0.011177347,0.018399289,5,State,urban/rural,Age,statesector,1,Odisha,15 to 29,NA,NA,NA,NA,NA
496,1,0.663414717,0.184035599,0.089463517,0.053086009,0.010000191,5,State,urban/rural,Age,statesector,1,Odisha,30 to 45,NA,NA,NA,NA,NA
497,1,0.7992118,0.183013484,0.013649568,0.004125149,0,5,State,urban/rural,Age,statesector,1,Odisha,46 to 64,NA,NA,NA,NA,NA
498,1,0.820539892,0.117778547,0,0.061681569,0,5,State,urban/rural,Age,statesector,1,Odisha,65+,NA,NA,NA,NA,NA
499,1,0,1,0,0,0,5,State,urban/rural,Age,statesector,0,Puducherry,15 to 29,NA,NA,NA,NA,NA
500,1,1,0,0,0,0,5,State,urban/rural,Age,statesector,0,Puducherry,30 to 45,NA,NA,NA,NA,NA
501,1,0.731616199,0.268383801,0,0,0,5,State,urban/rural,Age,statesector,0,Puducherry,46 to 64,NA,NA,NA,NA,NA
502,1,0.892624855,0.10737516,0,0,0,5,State,urban/rural,Age,statesector,0,Puducherry,65+,NA,NA,NA,NA,NA
503,1,0.365973771,0.362360775,0,0.271665454,0,5,State,urban/rural,Age,statesector,1,Puducherry,15 to 29,NA,NA,NA,NA,NA
504,1,0.336283296,0.055251233,0.05570738,0.51997602,0.032782078,5,State,urban/rural,Age,statesector,1,Puducherry,30 to 45,NA,NA,NA,NA,NA
505,1,0.675855935,0.136218429,0.01445889,0.099244535,0.074222237,5,State,urban/rural,Age,statesector,1,Puducherry,46 to 64,NA,NA,NA,NA,NA
506,1,0.489478916,0.439230472,0.02427193,0.036604144,0.010414559,5,State,urban/rural,Age,statesector,1,Puducherry,65+,NA,NA,NA,NA,NA
507,1,0.136232346,0.419102222,0.234443292,0.177204937,0.033017192,5,State,urban/rural,Age,statesector,0,Punjab,15 to 29,NA,NA,NA,NA,NA
508,1,0.21554178,0.320141524,0.251157969,0.171527728,0.041631021,5,State,urban/rural,Age,statesector,0,Punjab,30 to 45,NA,NA,NA,NA,NA
509,1,0.174612939,0.331564158,0.213272393,0.226100326,0.054450177,5,State,urban/rural,Age,statesector,0,Punjab,46 to 64,NA,NA,NA,NA,NA
510,1,0.319901615,0.383364439,0.147686318,0.07463406,0.07441359,5,State,urban/rural,Age,statesector,0,Punjab,65+,NA,NA,NA,NA,NA
511,1,0.211866736,0.321551114,0.19483909,0.223468095,0.04827499,5,State,urban/rural,Age,statesector,1,Punjab,15 to 29,NA,NA,NA,NA,NA
512,1,0.131319165,0.171583876,0.367241681,0.184630305,0.145224959,5,State,urban/rural,Age,statesector,1,Punjab,30 to 45,NA,NA,NA,NA,NA
513,1,0.181868881,0.14457652,0.219035536,0.19224143,0.262277633,5,State,urban/rural,Age,statesector,1,Punjab,46 to 64,NA,NA,NA,NA,NA
514,1,0.152333304,0.30584836,0.118033759,0.105053902,0.318730682,5,State,urban/rural,Age,statesector,1,Punjab,65+,NA,NA,NA,NA,NA
515,1,0.492446631,0.371518433,0.105184399,0.025919465,0.004931051,5,State,urban/rural,Age,statesector,0,Rajasthan,15 to 29,NA,NA,NA,NA,NA
516,1,0.522400379,0.339728594,0.108248658,0.023663688,0.005958704,5,State,urban/rural,Age,statesector,0,Rajasthan,30 to 45,NA,NA,NA,NA,NA
517,1,0.517799854,0.316994697,0.122795776,0.035993498,0.006416189,5,State,urban/rural,Age,statesector,0,Rajasthan,46 to 64,NA,NA,NA,NA,NA
518,1,0.547496974,0.307876706,0.092408277,0.041690439,0.010527626,5,State,urban/rural,Age,statesector,0,Rajasthan,65+,NA,NA,NA,NA,NA
519,1,NA,NA,NA,NA,NA,5,State,urban/rural,Age,statesector,0,Rajasthan,NA,NA,NA,NA,NA,NA
520,1,0.146581009,0.451373547,0.102694407,0.212528899,0.086822145,5,State,urban/rural,Age,statesector,1,Rajasthan,15 to 29,NA,NA,NA,NA,NA
521,1,0.158317804,0.291852981,0.259449482,0.1897486,0.100631155,5,State,urban/rural,Age,statesector,1,Rajasthan,30 to 45,NA,NA,NA,NA,NA
522,1,0.147674546,0.229001299,0.212549776,0.253697842,0.157076538,5,State,urban/rural,Age,statesector,1,Rajasthan,46 to 64,NA,NA,NA,NA,NA
523,1,0.299828351,0.357727349,0.226155534,0.09312705,0.023161707,5,State,urban/rural,Age,statesector,1,Rajasthan,65+,NA,NA,NA,NA,NA
524,1,0.433993936,0.480166316,0.085839733,0,0,5,State,urban/rural,Age,statesector,0,Sikkim,15 to 29,NA,NA,NA,NA,NA
525,1,0.324230403,0.560335696,0.091738559,0.023695368,0,5,State,urban/rural,Age,statesector,0,Sikkim,30 to 45,NA,NA,NA,NA,NA
526,1,0.318173796,0.551146388,0.114298403,0.016381418,0,5,State,urban/rural,Age,statesector,0,Sikkim,46 to 64,NA,NA,NA,NA,NA
527,1,0.464697987,0.393945426,0.141356587,0,0,5,State,urban/rural,Age,statesector,0,Sikkim,65+,NA,NA,NA,NA,NA
528,1,0,1,0,0,0,5,State,urban/rural,Age,statesector,1,Sikkim,15 to 29,NA,NA,NA,NA,NA
529,1,0.139871567,0.860128462,0,0,0,5,State,urban/rural,Age,statesector,1,Sikkim,30 to 45,NA,NA,NA,NA,NA
530,1,0,0,0,1,0,5,State,urban/rural,Age,statesector,1,Sikkim,65+,NA,NA,NA,NA,NA
531,1,0.395423442,0.381321132,0.200422958,0.02283244,0,5,State,urban/rural,Age,statesector,0,Tamil Nadu,15 to 29,NA,NA,NA,NA,NA
532,1,0.46417892,0.351026505,0.150703758,0.034090798,0,5,State,urban/rural,Age,statesector,0,Tamil Nadu,30 to 45,NA,NA,NA,NA,NA
533,1,0.623326778,0.294801056,0.059229907,0.01731552,0.005326766,5,State,urban/rural,Age,statesector,0,Tamil Nadu,46 to 64,NA,NA,NA,NA,NA
534,1,0.793680429,0.194647744,0.009555635,0.002116202,0,5,State,urban/rural,Age,statesector,0,Tamil Nadu,65+,NA,NA,NA,NA,NA
535,1,0.189682811,0.386843771,0.220198348,0.203275084,0,5,State,urban/rural,Age,statesector,1,Tamil Nadu,15 to 29,NA,NA,NA,NA,NA
536,1,0.172676444,0.331073135,0.171961337,0.283015966,0.04127311,5,State,urban/rural,Age,statesector,1,Tamil Nadu,30 to 45,NA,NA,NA,NA,NA
537,1,0.687877536,0.189837769,0.090498254,0.026402969,0.005383471,5,State,urban/rural,Age,statesector,1,Tamil Nadu,46 to 64,NA,NA,NA,NA,NA
538,1,0.805306792,0.093582824,0.015968701,0.050390918,0.034750789,5,State,urban/rural,Age,statesector,1,Tamil Nadu,65+,NA,NA,NA,NA,NA
539,1,0.464574575,0.308192223,0.196514562,0.030718669,0,5,State,urban/rural,Age,statesector,0,Telangana,15 to 29,NA,NA,NA,NA,NA
540,1,0.398788244,0.360892028,0.198783427,0.037697438,0.003838848,5,State,urban/rural,Age,statesector,0,Telangana,30 to 45,NA,NA,NA,NA,NA
541,1,0.527641714,0.295347482,0.146341488,0.027283926,0.003385401,5,State,urban/rural,Age,statesector,0,Telangana,46 to 64,NA,NA,NA,NA,NA
542,1,0.739570141,0.203702226,0.043217324,0.011455583,0.002054753,5,State,urban/rural,Age,statesector,0,Telangana,65+,NA,NA,NA,NA,NA
543,1,NA,NA,NA,NA,NA,5,State,urban/rural,Age,statesector,0,Telangana,NA,NA,NA,NA,NA,NA
544,1,0.153856426,0.248974264,0.431547195,0.114914283,0.050707851,5,State,urban/rural,Age,statesector,1,Telangana,15 to 29,NA,NA,NA,NA,NA
545,1,0.1842985,0.369260162,0.26957038,0.150214553,0.026656413,5,State,urban/rural,Age,statesector,1,Telangana,30 to 45,NA,NA,NA,NA,NA
546,1,0.437574893,0.28443259,0.100312985,0.114336878,0.063342661,5,State,urban/rural,Age,statesector,1,Telangana,46 to 64,NA,NA,NA,NA,NA
547,1,0.61496073,0.165602893,0.024588075,0.073003002,0.121845298,5,State,urban/rural,Age,statesector,1,Telangana,65+,NA,NA,NA,NA,NA
548,1,NA,NA,NA,NA,NA,5,State,urban/rural,Age,statesector,1,Telangana,NA,NA,NA,NA,NA,NA
549,1,0.794329524,0.185888574,0.019781914,0,0,5,State,urban/rural,Age,statesector,0,Tripura,15 to 29,NA,NA,NA,NA,NA
550,1,0.84333235,0.150481477,0.006186195,0,0,5,State,urban/rural,Age,statesector,0,Tripura,30 to 45,NA,NA,NA,NA,NA
551,1,0.855997264,0.134079143,0.009923595,0,0,5,State,urban/rural,Age,statesector,0,Tripura,46 to 64,NA,NA,NA,NA,NA
552,1,0.894005835,0.105994157,0,0,0,5,State,urban/rural,Age,statesector,0,Tripura,65+,NA,NA,NA,NA,NA
553,1,NA,NA,NA,NA,NA,5,State,urban/rural,Age,statesector,0,Tripura,NA,NA,NA,NA,NA,NA
554,1,0.584541082,0.291220427,0.124238506,0,0,5,State,urban/rural,Age,statesector,1,Tripura,15 to 29,NA,NA,NA,NA,NA
555,1,0.423312157,0.576687813,0,0,0,5,State,urban/rural,Age,statesector,1,Tripura,30 to 45,NA,NA,NA,NA,NA
556,1,0.570003331,0.38667056,0.043326147,0,0,5,State,urban/rural,Age,statesector,1,Tripura,46 to 64,NA,NA,NA,NA,NA
557,1,0.797146916,0.202853084,0,0,0,5,State,urban/rural,Age,statesector,1,Tripura,65+,NA,NA,NA,NA,NA
558,1,NA,NA,NA,NA,NA,5,State,urban/rural,Age,statesector,1,Tripura,NA,NA,NA,NA,NA,NA
559,1,0.602836311,0.28779617,0.086422801,0.017598251,0.005346446,5,State,urban/rural,Age,statesector,0,Uttar Pradesh,15 to 29,NA,NA,NA,NA,NA
560,1,0.690145016,0.229405984,0.061689373,0.014771066,0.003988562,5,State,urban/rural,Age,statesector,0,Uttar Pradesh,30 to 45,NA,NA,NA,NA,NA
561,1,0.633781016,0.249282017,0.079983331,0.028583467,0.008370152,5,State,urban/rural,Age,statesector,0,Uttar Pradesh,46 to 64,NA,NA,NA,NA,NA
562,1,0.711671948,0.210756913,0.052073311,0.020509472,0.004988336,5,State,urban/rural,Age,statesector,0,Uttar Pradesh,65+,NA,NA,NA,NA,NA
563,1,NA,NA,NA,NA,NA,5,State,urban/rural,Age,statesector,0,Uttar Pradesh,NA,NA,NA,NA,NA,NA
564,1,0.254523277,0.231625676,0.151920915,0.288477927,0.073452167,5,State,urban/rural,Age,statesector,1,Uttar Pradesh,15 to 29,NA,NA,NA,NA,NA
565,1,0.217331752,0.21318607,0.270750791,0.210304514,0.088426895,5,State,urban/rural,Age,statesector,1,Uttar Pradesh,30 to 45,NA,NA,NA,NA,NA
566,1,0.26129508,0.209450439,0.228969932,0.179723352,0.120561182,5,State,urban/rural,Age,statesector,1,Uttar Pradesh,46 to 64,NA,NA,NA,NA,NA
567,1,0.423773646,0.22237581,0.127133951,0.124895707,0.101820864,5,State,urban/rural,Age,statesector,1,Uttar Pradesh,65+,NA,NA,NA,NA,NA
568,1,NA,NA,NA,NA,NA,5,State,urban/rural,Age,statesector,1,Uttar Pradesh,NA,NA,NA,NA,NA,NA
569,1,0.31385231,0.316757411,0.246238723,0.070561245,0.052590284,5,State,urban/rural,Age,statesector,0,Uttarakhand,15 to 29,NA,NA,NA,NA,NA
570,1,0.352104574,0.393852502,0.138329476,0.11571344,0,5,State,urban/rural,Age,statesector,0,Uttarakhand,30 to 45,NA,NA,NA,NA,NA
571,1,0.415610224,0.434041083,0.116625167,0.013074172,0.020649377,5,State,urban/rural,Age,statesector,0,Uttarakhand,46 to 64,NA,NA,NA,NA,NA
572,1,0.532928348,0.368940145,0.048470285,0.033039749,0.016621476,5,State,urban/rural,Age,statesector,0,Uttarakhand,65+,NA,NA,NA,NA,NA
573,1,NA,NA,NA,NA,NA,5,State,urban/rural,Age,statesector,0,Uttarakhand,NA,NA,NA,NA,NA,NA
574,1,0.112255462,0.286061436,0.440053076,0.16163002,0,5,State,urban/rural,Age,statesector,1,Uttarakhand,15 to 29,NA,NA,NA,NA,NA
575,1,0.176289782,0.145681649,0.230124444,0.374101877,0.07380224,5,State,urban/rural,Age,statesector,1,Uttarakhand,30 to 45,NA,NA,NA,NA,NA
576,1,0.27183336,0.127064675,0.408988655,0.125464916,0.066648401,5,State,urban/rural,Age,statesector,1,Uttarakhand,46 to 64,NA,NA,NA,NA,NA
577,1,0.36560452,0.023599215,0.299034685,0.272542745,0.039218839,5,State,urban/rural,Age,statesector,1,Uttarakhand,65+,NA,NA,NA,NA,NA
578,1,0.82296294,0.167960316,0.009076767,0,0,5,State,urban/rural,Age,statesector,0,West Bengal,15 to 29,NA,NA,NA,NA,NA
579,1,0.855938077,0.133096144,0.010160124,0.000805671,0,5,State,urban/rural,Age,statesector,0,West Bengal,30 to 45,NA,NA,NA,NA,NA
580,1,0.871630847,0.11232879,0.016040361,0,0,5,State,urban/rural,Age,statesector,0,West Bengal,46 to 64,NA,NA,NA,NA,NA
581,1,0.88496846,0.107701905,0.007329658,0,0,5,State,urban/rural,Age,statesector,0,West Bengal,65+,NA,NA,NA,NA,NA
582,1,NA,NA,NA,NA,NA,5,State,urban/rural,Age,statesector,0,West Bengal,NA,NA,NA,NA,NA,NA
583,1,0.459881723,0.304250449,0.211053431,0.024814403,0,5,State,urban/rural,Age,statesector,1,West Bengal,15 to 29,NA,NA,NA,NA,NA
584,1,0.431943119,0.363799453,0.189414904,0.01484251,0,5,State,urban/rural,Age,statesector,1,West Bengal,30 to 45,NA,NA,NA,NA,NA
585,1,0.580293238,0.252566099,0.098311141,0.044388093,0.024441391,5,State,urban/rural,Age,statesector,1,West Bengal,46 to 64,NA,NA,NA,NA,NA
586,1,0.712845385,0.261815518,0,0.025339095,0,5,State,urban/rural,Age,statesector,1,West Bengal,65+,NA,NA,NA,NA,NA
587,1,0.746362388,0.183312535,0.04803009,0.017718585,0.004576421,5,National,All,Education,allindia,99,India,NA,No education / Preschool,NA,NA,NA,NA
588,1,0.662418485,0.230679438,0.072234072,0.027501002,0.007166993,5,National,All,Education,allindia,99,India,NA,Primary,NA,NA,NA,NA
589,1,0.574982643,0.290787488,0.080769546,0.038664769,0.014795563,5,National,All,Education,allindia,99,India,NA,Secondary,NA,NA,NA,NA
590,1,0.400393784,0.326975316,0.133635625,0.07450626,0.064489029,5,National,All,Education,allindia,99,India,NA,Higher,NA,NA,NA,NA
591,1,0.71557498,0.152681604,0.081043869,0.050699532,0,5,National,All,Education,allindia,99,India,NA,NA,NA,NA,NA,NA
592,1,0.776812136,0.175852165,0.036936916,0.008970846,0.001427914,5,National,urban/rural,Education,indiasector,0,India,NA,No education / Preschool,NA,NA,NA,NA
593,1,0.700753033,0.227065459,0.054243434,0.015477491,0.002460609,5,National,urban/rural,Education,indiasector,0,India,NA,Primary,NA,NA,NA,NA
594,1,0.606393814,0.294199616,0.070393562,0.023700474,0.005312514,5,National,urban/rural,Education,indiasector,0,India,NA,Secondary,NA,NA,NA,NA
595,1,0.43311128,0.348073304,0.134203121,0.057158299,0.027453983,5,National,urban/rural,Education,indiasector,0,India,NA,Higher,NA,NA,NA,NA
596,1,0.76537931,0.132081464,0.044886954,0.057652283,0,5,National,urban/rural,Education,indiasector,0,India,NA,NA,NA,NA,NA,NA
597,1,0.460826486,0.253270417,0.152053773,0.099748485,0.034100827,5,National,urban/rural,Education,indiasector,1,India,NA,No education / Preschool,NA,NA,NA,NA
598,1,0.363215387,0.258886755,0.212652028,0.121345229,0.043900594,5,National,urban/rural,Education,indiasector,1,India,NA,Primary,NA,NA,NA,NA
599,1,0.254217684,0.255943269,0.186727121,0.191477284,0.111634657,5,National,urban/rural,Education,indiasector,1,India,NA,Secondary,NA,NA,NA,NA
600,1,0.134568989,0.15555726,0.129024833,0.215455785,0.365393132,5,National,urban/rural,Education,indiasector,1,India,NA,Higher,NA,NA,NA,NA
601,1,0.352401614,0.30289796,0.344700426,0,0,5,National,urban/rural,Education,indiasector,1,India,NA,NA,NA,NA,NA,NA
602,1,0.801753998,0.198246017,0,0,0,5,State,All,Education,state,99,Andaman & Nicobar Islands,NA,No education / Preschool,NA,NA,NA,NA
603,1,0.664731801,0.209380522,0.071358986,0.054528698,0,5,State,All,Education,state,99,Andaman & Nicobar Islands,NA,Primary,NA,NA,NA,NA
604,1,0.840936899,0.122522734,0.036540367,0,0,5,State,All,Education,state,99,Andaman & Nicobar Islands,NA,Secondary,NA,NA,NA,NA
605,1,0.53060627,0.330414593,0.102104783,0.035227984,0.001646372,5,State,All,Education,state,99,Andhra Pradesh,NA,No education / Preschool,NA,NA,NA,NA
606,1,0.364221126,0.348662823,0.186658964,0.095552973,0.004904116,5,State,All,Education,state,99,Andhra Pradesh,NA,Primary,NA,NA,NA,NA
607,1,0.434611917,0.38114956,0.074104927,0.110133588,0,5,State,All,Education,state,99,Andhra Pradesh,NA,Secondary,NA,NA,NA,NA
608,1,0.297035933,0.157720163,0.222300947,0.103788331,0.219154626,5,State,All,Education,state,99,Andhra Pradesh,NA,Higher,NA,NA,NA,NA
609,1,0.770899177,0.180275351,0.03667203,0.011907859,0.000245584,5,State,All,Education,state,99,Arunachal Pradesh,NA,No education / Preschool,NA,NA,NA,NA
610,1,0.690519989,0.250848025,0.04653671,0.007414326,0.004680963,5,State,All,Education,state,99,Arunachal Pradesh,NA,Primary,NA,NA,NA,NA
611,1,0.555613756,0.384810001,0.031373892,0.02820239,0,5,State,All,Education,state,99,Arunachal Pradesh,NA,Secondary,NA,NA,NA,NA
612,1,0.316949755,0.371844172,0.075625613,0.118513063,0.117067412,5,State,All,Education,state,99,Arunachal Pradesh,NA,Higher,NA,NA,NA,NA
613,1,0,1,0,0,0,5,State,All,Education,state,99,Arunachal Pradesh,NA,NA,NA,NA,NA,NA
614,1,0.860424817,0.125719935,0.013290311,0.000564945,0,5,State,All,Education,state,99,Assam,NA,No education / Preschool,NA,NA,NA,NA
615,1,0.782746971,0.193330064,0.023013063,0.00090992,0,5,State,All,Education,state,99,Assam,NA,Primary,NA,NA,NA,NA
616,1,0.662444293,0.30378142,0.023645904,0.006082811,0.00404557,5,State,All,Education,state,99,Assam,NA,Secondary,NA,NA,NA,NA
617,1,0.528334975,0.375437498,0.096227519,0,0,5,State,All,Education,state,99,Assam,NA,Higher,NA,NA,NA,NA
618,1,0.835240304,0.138443753,0.021261377,0.004826758,0.000227818,5,State,All,Education,state,99,Bihar,NA,No education / Preschool,NA,NA,NA,NA
619,1,0.749876738,0.208017245,0.0349258,0.007180202,0,5,State,All,Education,state,99,Bihar,NA,Primary,NA,NA,NA,NA
620,1,0.678442657,0.256833613,0.046403412,0.0170605,0.001259818,5,State,All,Education,state,99,Bihar,NA,Secondary,NA,NA,NA,NA
621,1,0.525773048,0.301755369,0.141886547,0.026350947,0.00423408,5,State,All,Education,state,99,Bihar,NA,Higher,NA,NA,NA,NA
622,1,1,0,0,0,0,5,State,All,Education,state,99,Bihar,NA,NA,NA,NA,NA,NA
623,1,0.100719638,0.403450608,0.101291709,0.306123227,0.088414796,5,State,All,Education,state,99,Chandigarh,NA,No education / Preschool,NA,NA,NA,NA
624,1,0.369970083,0.184985042,0,0.282659292,0.162385553,5,State,All,Education,state,99,Chandigarh,NA,Primary,NA,NA,NA,NA
625,1,0,0.248639986,0.079339072,0.236229509,0.435791433,5,State,All,Education,state,99,Chandigarh,NA,Secondary,NA,NA,NA,NA
626,1,0.855496347,0.108665809,0.024000248,0.010991763,0.000845809,5,State,All,Education,state,99,Chhattisgarh,NA,No education / Preschool,NA,NA,NA,NA
627,1,0.733340383,0.195166275,0.050931353,0.015086014,0.005475991,5,State,All,Education,state,99,Chhattisgarh,NA,Primary,NA,NA,NA,NA
628,1,0.650065124,0.250334144,0.071402155,0.025754083,0.002444506,5,State,All,Education,state,99,Chhattisgarh,NA,Secondary,NA,NA,NA,NA
629,1,0.353360772,0.24565427,0.257054716,0.059634212,0.084296018,5,State,All,Education,state,99,Chhattisgarh,NA,Higher,NA,NA,NA,NA
630,1,0.47482875,0.52517128,0,0,0,5,State,All,Education,state,99,Chhattisgarh,NA,NA,NA,NA,NA,NA
631,1,0.619001508,0.295464605,0.050499722,0.03503418,0,5,State,All,Education,state,99,Dadra & Nagar Haveli and Daman & Diu,NA,No education / Preschool,NA,NA,NA,NA
632,1,0.394505203,0.392279416,0.155334294,0.050986692,0.00689441,5,State,All,Education,state,99,Dadra & Nagar Haveli and Daman & Diu,NA,Primary,NA,NA,NA,NA
633,1,0.411170751,0.336162418,0.191604793,0.026534831,0.034527231,5,State,All,Education,state,99,Dadra & Nagar Haveli and Daman & Diu,NA,Secondary,NA,NA,NA,NA
634,1,0,0,1,0,0,5,State,All,Education,state,99,Dadra & Nagar Haveli and Daman & Diu,NA,Higher,NA,NA,NA,NA
635,1,0.084042311,0.311509222,0.236122102,0.253860593,0.114465766,5,State,All,Education,state,99,Delhi,NA,No education / Preschool,NA,NA,NA,NA
636,1,0.105466284,0.153522059,0.433876842,0.124895446,0.182239354,5,State,All,Education,state,99,Delhi,NA,Primary,NA,NA,NA,NA
637,1,0.033781484,0.233380929,0.250749439,0.242548436,0.239539698,5,State,All,Education,state,99,Delhi,NA,Secondary,NA,NA,NA,NA
638,1,0,0.555232167,0,0,0.444767833,5,State,All,Education,state,99,Delhi,NA,Higher,NA,NA,NA,NA
639,1,0.499914199,0.135303646,0.127327904,0.237454265,0,5,State,All,Education,state,99,Goa,NA,No education / Preschool,NA,NA,NA,NA
640,1,0.172290012,0.255538791,0.28075406,0.291417122,0,5,State,All,Education,state,99,Goa,NA,Primary,NA,NA,NA,NA
641,1,0,0.70768255,0.29231745,0,0,5,State,All,Education,state,99,Goa,NA,Secondary,NA,NA,NA,NA
642,1,0,0,0,0,1,5,State,All,Education,state,99,Goa,NA,Higher,NA,NA,NA,NA
643,1,0.686709285,0.227413908,0.062345665,0.019597532,0.003933611,5,State,All,Education,state,99,Gujarat,NA,No education / Preschool,NA,NA,NA,NA
644,1,0.534252167,0.297048002,0.102467112,0.053446449,0.012786302,5,State,All,Education,state,99,Gujarat,NA,Primary,NA,NA,NA,NA
645,1,0.496273488,0.341540456,0.08271677,0.048442855,0.031026442,5,State,All,Education,state,99,Gujarat,NA,Secondary,NA,NA,NA,NA
646,1,0.361998171,0.235458553,0.053002007,0.09742035,0.252120912,5,State,All,Education,state,99,Gujarat,NA,Higher,NA,NA,NA,NA
647,1,0.440688014,0,0.559311986,0,0,5,State,All,Education,state,99,Gujarat,NA,NA,NA,NA,NA,NA
648,1,0.258123606,0.378189564,0.207989782,0.118036114,0.037660941,5,State,All,Education,state,99,Haryana,NA,No education / Preschool,NA,NA,NA,NA
649,1,0.146648169,0.340602934,0.286223799,0.183599219,0.042925868,5,State,All,Education,state,99,Haryana,NA,Primary,NA,NA,NA,NA
650,1,0.139741689,0.288155884,0.299254954,0.162976056,0.109871425,5,State,All,Education,state,99,Haryana,NA,Secondary,NA,NA,NA,NA
651,1,0,0.355545759,0.304112345,0.161119118,0.179222763,5,State,All,Education,state,99,Haryana,NA,Higher,NA,NA,NA,NA
652,1,NA,NA,NA,NA,NA,5,State,All,Education,state,99,Haryana,NA,NA,NA,NA,NA,NA
653,1,0.555288017,0.349369228,0.060928211,0.026205184,0.008209364,5,State,All,Education,state,99,Himachal Pradesh,NA,No education / Preschool,NA,NA,NA,NA
654,1,0.348476857,0.477305114,0.118159235,0.051466353,0.004592441,5,State,All,Education,state,99,Himachal Pradesh,NA,Primary,NA,NA,NA,NA
655,1,0.182524174,0.515089273,0.240761667,0.048418626,0.01320624,5,State,All,Education,state,99,Himachal Pradesh,NA,Secondary,NA,NA,NA,NA
656,1,0,0.031321838,0.968678176,0,0,5,State,All,Education,state,99,Himachal Pradesh,NA,Higher,NA,NA,NA,NA
657,1,NA,NA,NA,NA,NA,5,State,All,Education,state,99,Himachal Pradesh,NA,NA,NA,NA,NA,NA
658,1,0.650156498,0.257486999,0.057648193,0.034708321,0,5,State,All,Education,state,99,Jammu & Kashmir,NA,No education / Preschool,NA,NA,NA,NA
659,1,0.541024446,0.343190223,0.071759082,0.041357283,0.002668948,5,State,All,Education,state,99,Jammu & Kashmir,NA,Primary,NA,NA,NA,NA
660,1,0.524056673,0.34347418,0.096266963,0.0322241,0.003978109,5,State,All,Education,state,99,Jammu & Kashmir,NA,Secondary,NA,NA,NA,NA
661,1,0.36750412,0.453947872,0.053946916,0.124601066,0,5,State,All,Education,state,99,Jammu & Kashmir,NA,Higher,NA,NA,NA,NA
662,1,0.875981033,0.106453694,0.01114578,0.005500045,0.000919432,5,State,All,Education,state,99,Jharkhand,NA,No education / Preschool,NA,NA,NA,NA
663,1,0.820732594,0.128608987,0.046858832,0.003799561,0,5,State,All,Education,state,99,Jharkhand,NA,Primary,NA,NA,NA,NA
664,1,0.788510978,0.171399176,0.033047773,0.006861404,0.000180663,5,State,All,Education,state,99,Jharkhand,NA,Secondary,NA,NA,NA,NA
665,1,0.582199216,0.327192008,0.037905414,0.052703407,0,5,State,All,Education,state,99,Jharkhand,NA,Higher,NA,NA,NA,NA
666,1,0.5726403,0.291583657,0.135776043,0,0,5,State,All,Education,state,99,Jharkhand,NA,NA,NA,NA,NA,NA
667,1,0.556586325,0.322757423,0.096866898,0.018911002,0.004878386,5,State,All,Education,state,99,Karnataka,NA,No education / Preschool,NA,NA,NA,NA
668,1,0.418906748,0.377281219,0.149017274,0.044767022,0.010027724,5,State,All,Education,state,99,Karnataka,NA,Primary,NA,NA,NA,NA
669,1,0.315291345,0.446514696,0.149337247,0.08090885,0.007947853,5,State,All,Education,state,99,Karnataka,NA,Secondary,NA,NA,NA,NA
670,1,0.321116179,0.151954457,0.190262377,0.319240868,0.017426118,5,State,All,Education,state,99,Karnataka,NA,Higher,NA,NA,NA,NA
671,1,0,0,1,0,0,5,State,All,Education,state,99,Karnataka,NA,NA,NA,NA,NA,NA
672,1,0.492658824,0.409116477,0.072208121,0.026016576,0,5,State,All,Education,state,99,Kerala,NA,No education / Preschool,NA,NA,NA,NA
673,1,0.44996804,0.375727713,0.156212032,0.009638012,0.008454197,5,State,All,Education,state,99,Kerala,NA,Primary,NA,NA,NA,NA
674,1,0.232688695,0.422459126,0.202414438,0.125942498,0.016495239,5,State,All,Education,state,99,Kerala,NA,Secondary,NA,NA,NA,NA
675,1,0.453376204,0.31785813,0.140560389,0.077621609,0.010583667,5,State,All,Education,state,99,Ladakh,NA,No education / Preschool,NA,NA,NA,NA
676,1,0.27391988,0.401786447,0.2124006,0.111893073,0,5,State,All,Education,state,99,Ladakh,NA,Primary,NA,NA,NA,NA
677,1,0.36335367,0.430979103,0.205667228,0,0,5,State,All,Education,state,99,Ladakh,NA,Secondary,NA,NA,NA,NA
678,1,0.5076828,0.208127812,0.108244203,0.175945178,0,5,State,All,Education,state,99,Ladakh,NA,Higher,NA,NA,NA,NA
679,1,0,0,0,1,0,5,State,All,Education,state,99,Lakshadweep,NA,No education / Preschool,NA,NA,NA,NA
680,1,0,0.520863116,0.479136914,0,0,5,State,All,Education,state,99,Lakshadweep,NA,Primary,NA,NA,NA,NA
681,1,0,0.191280901,0.525151253,0.283567846,0,5,State,All,Education,state,99,Lakshadweep,NA,Secondary,NA,NA,NA,NA
682,1,0.837030232,0.131464466,0.024232706,0.006104495,0.001168075,5,State,All,Education,state,99,Madhya Pradesh,NA,No education / Preschool,NA,NA,NA,NA
683,1,0.73064214,0.196427569,0.050875086,0.017390924,0.004664264,5,State,All,Education,state,99,Madhya Pradesh,NA,Primary,NA,NA,NA,NA
684,1,0.607689023,0.293514758,0.068301842,0.023001062,0.007493311,5,State,All,Education,state,99,Madhya Pradesh,NA,Secondary,NA,NA,NA,NA
685,1,0.39026165,0.293976516,0.186289102,0.082848884,0.046623856,5,State,All,Education,state,99,Madhya Pradesh,NA,Higher,NA,NA,NA,NA
686,1,0.811698854,0,0.188301161,0,0,5,State,All,Education,state,99,Madhya Pradesh,NA,NA,NA,NA,NA,NA
687,1,0.723232567,0.227121487,0.033023089,0.013936846,0.00268604,5,State,All,Education,state,99,Maharashtra,NA,No education / Preschool,NA,NA,NA,NA
688,1,0.598742783,0.290050805,0.08620511,0.024283255,0.000718034,5,State,All,Education,state,99,Maharashtra,NA,Primary,NA,NA,NA,NA
689,1,0.404188037,0.375444621,0.095443785,0.098715059,0.026208479,5,State,All,Education,state,99,Maharashtra,NA,Secondary,NA,NA,NA,NA
690,1,0.407461852,0.39914611,0.073186226,0.022950688,0.097255141,5,State,All,Education,state,99,Maharashtra,NA,Higher,NA,NA,NA,NA
691,1,1,0,0,0,0,5,State,All,Education,state,99,Maharashtra,NA,NA,NA,NA,NA,NA
692,1,0.760856509,0.226209551,0.012933932,0,0,5,State,All,Education,state,99,Manipur,NA,No education / Preschool,NA,NA,NA,NA
693,1,0.716051102,0.240700901,0.036881715,0.006366288,0,5,State,All,Education,state,99,Manipur,NA,Primary,NA,NA,NA,NA
694,1,0.516321599,0.424527526,0.059150901,0,0,5,State,All,Education,state,99,Manipur,NA,Secondary,NA,NA,NA,NA
695,1,0.209299818,0.508876562,0.141789928,0.076090515,0.063943207,5,State,All,Education,state,99,Manipur,NA,Higher,NA,NA,NA,NA
696,1,0.760724545,0.217493668,0.018629262,0.002755643,0.000396888,5,State,All,Education,state,99,Meghalaya,NA,No education / Preschool,NA,NA,NA,NA
697,1,0.708136261,0.268234253,0.019741727,0.000499835,0.003387912,5,State,All,Education,state,99,Meghalaya,NA,Primary,NA,NA,NA,NA
698,1,0.711798728,0.259790778,0.027609915,0.000800587,0,5,State,All,Education,state,99,Meghalaya,NA,Secondary,NA,NA,NA,NA
699,1,0.322678834,0.625430584,0.051890604,0,0,5,State,All,Education,state,99,Meghalaya,NA,Higher,NA,NA,NA,NA
700,1,0,1,0,0,0,5,State,All,Education,state,99,Meghalaya,NA,NA,NA,NA,NA,NA
701,1,0.793345928,0.195978954,0.005407722,0.005267387,0,5,State,All,Education,state,99,Mizoram,NA,No education / Preschool,NA,NA,NA,NA
702,1,0.549663842,0.344323128,0.063496478,0.023589382,0.018927168,5,State,All,Education,state,99,Mizoram,NA,Primary,NA,NA,NA,NA
703,1,0.49084264,0.37205869,0.080069497,0.047074761,0.009954425,5,State,All,Education,state,99,Mizoram,NA,Secondary,NA,NA,NA,NA
704,1,0,0.42505601,0.208265409,0.171880856,0.19479771,5,State,All,Education,state,99,Mizoram,NA,Higher,NA,NA,NA,NA
705,1,1,0,0,0,0,5,State,All,Education,state,99,Mizoram,NA,NA,NA,NA,NA,NA
706,1,0.827915788,0.155491009,0.016593203,0,0,5,State,All,Education,state,99,Nagaland,NA,No education / Preschool,NA,NA,NA,NA
707,1,0.785086393,0.198339552,0.013936582,0.002637471,0,5,State,All,Education,state,99,Nagaland,NA,Primary,NA,NA,NA,NA
708,1,0.684780121,0.254297495,0.038794998,0.013410488,0.008716892,5,State,All,Education,state,99,Nagaland,NA,Secondary,NA,NA,NA,NA
709,1,0.376660019,0.297103673,0.193633065,0.039846569,0.092756651,5,State,All,Education,state,99,Nagaland,NA,Higher,NA,NA,NA,NA
710,1,NA,NA,NA,NA,NA,5,State,All,Education,state,99,Nagaland,NA,NA,NA,NA,NA,NA
711,1,0.908666193,0.082963698,0.007789404,0.000580715,0,5,State,All,Education,state,99,Odisha,NA,No education / Preschool,NA,NA,NA,NA
712,1,0.81860745,0.16001679,0.015468005,0.00528072,0.000627027,5,State,All,Education,state,99,Odisha,NA,Primary,NA,NA,NA,NA
713,1,0.756458938,0.204411238,0.027901467,0.008799874,0.002428493,5,State,All,Education,state,99,Odisha,NA,Secondary,NA,NA,NA,NA
714,1,0.604433119,0.277003855,0.050623849,0.027712967,0.040226217,5,State,All,Education,state,99,Odisha,NA,Higher,NA,NA,NA,NA
715,1,0.952554286,0.047445692,0,0,0,5,State,All,Education,state,99,Odisha,NA,NA,NA,NA,NA,NA
716,1,0.800368786,0.150459304,0.014413564,0.034758363,0,5,State,All,Education,state,99,Puducherry,NA,No education / Preschool,NA,NA,NA,NA
717,1,0.513444304,0.261022389,0.012855724,0.207206547,0.005471043,5,State,All,Education,state,99,Puducherry,NA,Primary,NA,NA,NA,NA
718,1,0.430196106,0.401638448,0.028328862,0.116016805,0.023819758,5,State,All,Education,state,99,Puducherry,NA,Secondary,NA,NA,NA,NA
719,1,0,0,0,0.136230096,0.863769889,5,State,All,Education,state,99,Puducherry,NA,Higher,NA,NA,NA,NA
720,1,0.226461649,0.34197709,0.203713745,0.156092778,0.071754739,5,State,All,Education,state,99,Punjab,NA,No education / Preschool,NA,NA,NA,NA
721,1,0.182516098,0.291518301,0.316269994,0.131823346,0.077872247,5,State,All,Education,state,99,Punjab,NA,Primary,NA,NA,NA,NA
722,1,0.106283508,0.137602687,0.214057997,0.31377551,0.228280291,5,State,All,Education,state,99,Punjab,NA,Secondary,NA,NA,NA,NA
723,1,0,0,0,0.193638474,0.806361496,5,State,All,Education,state,99,Punjab,NA,Higher,NA,NA,NA,NA
724,1,0.561886072,0.31098786,0.095511861,0.024207834,0.007406406,5,State,All,Education,state,99,Rajasthan,NA,No education / Preschool,NA,NA,NA,NA
725,1,0.475948155,0.316292077,0.134598941,0.060325049,0.012835778,5,State,All,Education,state,99,Rajasthan,NA,Primary,NA,NA,NA,NA
726,1,0.379661709,0.390487999,0.152601227,0.05786179,0.019387271,5,State,All,Education,state,99,Rajasthan,NA,Secondary,NA,NA,NA,NA
727,1,0.261168361,0.386167675,0.160243183,0.111405917,0.081014834,5,State,All,Education,state,99,Rajasthan,NA,Higher,NA,NA,NA,NA
728,1,0,0.837481201,0.162518799,0,0,5,State,All,Education,state,99,Rajasthan,NA,NA,NA,NA,NA,NA
729,1,0.410014451,0.432895452,0.118926801,0.038163293,0,5,State,All,Education,state,99,Sikkim,NA,No education / Preschool,NA,NA,NA,NA
730,1,0.300643265,0.597119033,0.100310512,0.001927199,0,5,State,All,Education,state,99,Sikkim,NA,Primary,NA,NA,NA,NA
731,1,0.343165815,0.607976496,0.048857711,0,0,5,State,All,Education,state,99,Sikkim,NA,Secondary,NA,NA,NA,NA
732,1,0,0,0.202592418,0.797407568,0,5,State,All,Education,state,99,Sikkim,NA,Higher,NA,NA,NA,NA
733,1,0.729502916,0.226298466,0.023816565,0.016705802,0.003676219,5,State,All,Education,state,99,Tamil Nadu,NA,No education / Preschool,NA,NA,NA,NA
734,1,0.589085877,0.274187654,0.097899228,0.036039036,0.002788222,5,State,All,Education,state,99,Tamil Nadu,NA,Primary,NA,NA,NA,NA
735,1,0.315795451,0.32117644,0.211494893,0.119421706,0.032111518,5,State,All,Education,state,99,Tamil Nadu,NA,Secondary,NA,NA,NA,NA
736,1,0.245302841,0.419236451,0.183521718,0.109852917,0.042086076,5,State,All,Education,state,99,Tamil Nadu,NA,Higher,NA,NA,NA,NA
737,1,0,0,0,1,0,5,State,All,Education,state,99,Tamil Nadu,NA,NA,NA,NA,NA,NA
738,1,0.552526772,0.285906971,0.129010379,0.028721217,0.003834665,5,State,All,Education,state,99,Telangana,NA,No education / Preschool,NA,NA,NA,NA
739,1,0.355396599,0.338855028,0.242337301,0.04784289,0.015568173,5,State,All,Education,state,99,Telangana,NA,Primary,NA,NA,NA,NA
740,1,0.401147962,0.286149591,0.166452467,0.087272972,0.058977023,5,State,All,Education,state,99,Telangana,NA,Secondary,NA,NA,NA,NA
741,1,0,0.24856177,0.060380764,0.586073935,0.104983516,5,State,All,Education,state,99,Telangana,NA,Higher,NA,NA,NA,NA
742,1,0,0.683036864,0.316963106,0,0,5,State,All,Education,state,99,Telangana,NA,NA,NA,NA,NA,NA
743,1,0.873237729,0.118077829,0.008684441,0,0,5,State,All,Education,state,99,Tripura,NA,No education / Preschool,NA,NA,NA,NA
744,1,0.832075834,0.164298415,0.003625732,0,0,5,State,All,Education,state,99,Tripura,NA,Primary,NA,NA,NA,NA
745,1,0.674508154,0.293283612,0.032208223,0,0,5,State,All,Education,state,99,Tripura,NA,Secondary,NA,NA,NA,NA
746,1,0.586374938,0.413625091,0,0,0,5,State,All,Education,state,99,Tripura,NA,Higher,NA,NA,NA,NA
747,1,1,0,0,0,0,5,State,All,Education,state,99,Tripura,NA,NA,NA,NA,NA,NA
748,1,0.663865864,0.207483634,0.080682144,0.036299553,0.011668781,5,State,All,Education,state,99,Uttar Pradesh,NA,No education / Preschool,NA,NA,NA,NA
749,1,0.609299242,0.240938812,0.087678485,0.045013096,0.017070342,5,State,All,Education,state,99,Uttar Pradesh,NA,Primary,NA,NA,NA,NA
750,1,0.538200498,0.30186978,0.098759815,0.040877942,0.020291971,5,State,All,Education,state,99,Uttar Pradesh,NA,Secondary,NA,NA,NA,NA
751,1,0.374126941,0.35531643,0.128735408,0.069445357,0.072375871,5,State,All,Education,state,99,Uttar Pradesh,NA,Higher,NA,NA,NA,NA
752,1,0.701605439,0.127888739,0.064330645,0.106175177,0,5,State,All,Education,state,99,Uttar Pradesh,NA,NA,NA,NA,NA,NA
753,1,0.442587256,0.301124752,0.143606782,0.099662513,0.01301869,5,State,All,Education,state,99,Uttarakhand,NA,No education / Preschool,NA,NA,NA,NA
754,1,0.32779938,0.425002515,0.151136145,0.071547717,0.02451425,5,State,All,Education,state,99,Uttarakhand,NA,Primary,NA,NA,NA,NA
755,1,0.279223233,0.389660597,0.183511302,0.113114625,0.03449025,5,State,All,Education,state,99,Uttarakhand,NA,Secondary,NA,NA,NA,NA
756,1,0.133802727,0.405860454,0.025249664,0.271754235,0.163332909,5,State,All,Education,state,99,Uttarakhand,NA,Higher,NA,NA,NA,NA
757,1,0,0,0,1,0,5,State,All,Education,state,99,Uttarakhand,NA,NA,NA,NA,NA,NA
758,1,0.867695391,0.115175962,0.015859997,0.001268652,0,5,State,All,Education,state,99,West Bengal,NA,No education / Preschool,NA,NA,NA,NA
759,1,0.786827505,0.171328172,0.035951711,0.005892597,0,5,State,All,Education,state,99,West Bengal,NA,Primary,NA,NA,NA,NA
760,1,0.74319154,0.209880874,0.034660742,0.005562039,0.006704831,5,State,All,Education,state,99,West Bengal,NA,Secondary,NA,NA,NA,NA
761,1,0.548715651,0.34648934,0.104795024,0,0,5,State,All,Education,state,99,West Bengal,NA,Higher,NA,NA,NA,NA
762,1,0.873690784,0.126309216,0,0,0,5,State,All,Education,state,99,West Bengal,NA,NA,NA,NA,NA,NA
763,1,0.840137899,0.159862086,0,0,0,5,State,urban/rural,Education,statesector,0,Andaman & Nicobar Islands,NA,No education / Preschool,NA,NA,NA,NA
764,1,0.739715993,0.232999429,0.027284544,0,0,5,State,urban/rural,Education,statesector,0,Andaman & Nicobar Islands,NA,Primary,NA,NA,NA,NA
765,1,0.789588571,0.162075192,0.048336234,0,0,5,State,urban/rural,Education,statesector,0,Andaman & Nicobar Islands,NA,Secondary,NA,NA,NA,NA
766,1,0,1,0,0,0,5,State,urban/rural,Education,statesector,1,Andaman & Nicobar Islands,NA,No education / Preschool,NA,NA,NA,NA
767,1,0,0,0.462076873,0.537923098,0,5,State,urban/rural,Education,statesector,1,Andaman & Nicobar Islands,NA,Primary,NA,NA,NA,NA
768,1,1,0,0,0,0,5,State,urban/rural,Education,statesector,1,Andaman & Nicobar Islands,NA,Secondary,NA,NA,NA,NA
769,1,0.558666587,0.328656167,0.081684761,0.029183105,0.001809373,5,State,urban/rural,Education,statesector,0,Andhra Pradesh,NA,No education / Preschool,NA,NA,NA,NA
770,1,0.383672595,0.359547913,0.170110896,0.081120007,0.005548582,5,State,urban/rural,Education,statesector,0,Andhra Pradesh,NA,Primary,NA,NA,NA,NA
771,1,0.467832118,0.430529416,0.086170837,0.01546762,0,5,State,urban/rural,Education,statesector,0,Andhra Pradesh,NA,Secondary,NA,NA,NA,NA
772,1,0.344660878,0.18300806,0.257943332,0.120429128,0.093958609,5,State,urban/rural,Education,statesector,0,Andhra Pradesh,NA,Higher,NA,NA,NA,NA
773,1,0.247185439,0.348175496,0.308355331,0.096283734,0,5,State,urban/rural,Education,statesector,1,Andhra Pradesh,NA,No education / Preschool,NA,NA,NA,NA
774,1,0.216203555,0.265831888,0.312582761,0.205381811,0,5,State,urban/rural,Education,statesector,1,Andhra Pradesh,NA,Primary,NA,NA,NA,NA
775,1,0.230584115,0.077874415,0,0.691541493,0,5,State,urban/rural,Education,statesector,1,Andhra Pradesh,NA,Secondary,NA,NA,NA,NA
776,1,0,0,0,0,1,5,State,urban/rural,Education,statesector,1,Andhra Pradesh,NA,Higher,NA,NA,NA,NA
777,1,0.781467319,0.174831882,0.032697897,0.011002934,0,5,State,urban/rural,Education,statesector,0,Arunachal Pradesh,NA,No education / Preschool,NA,NA,NA,NA
778,1,0.714859366,0.236659467,0.039856218,0.003612961,0.005012001,5,State,urban/rural,Education,statesector,0,Arunachal Pradesh,NA,Primary,NA,NA,NA,NA
779,1,0.586797714,0.369672239,0.022707626,0.020822393,0,5,State,urban/rural,Education,statesector,0,Arunachal Pradesh,NA,Secondary,NA,NA,NA,NA
780,1,0.357201725,0.348285228,0.093540996,0.109890252,0.091081813,5,State,urban/rural,Education,statesector,0,Arunachal Pradesh,NA,Higher,NA,NA,NA,NA
781,1,0,1,0,0,0,5,State,urban/rural,Education,statesector,0,Arunachal Pradesh,NA,NA,NA,NA,NA,NA
782,1,0.423959881,0.358978301,0.167138442,0.041615549,0.008307828,5,State,urban/rural,Education,statesector,1,Arunachal Pradesh,NA,No education / Preschool,NA,NA,NA,NA
783,1,0.346354187,0.451478392,0.141000733,0.061166681,0,5,State,urban/rural,Education,statesector,1,Arunachal Pradesh,NA,Primary,NA,NA,NA,NA
784,1,0.128616229,0.592088699,0.150039628,0.129255474,0,5,State,urban/rural,Education,statesector,1,Arunachal Pradesh,NA,Secondary,NA,NA,NA,NA
785,1,0.147035435,0.471292734,0,0.154912233,0.226759583,5,State,urban/rural,Education,statesector,1,Arunachal Pradesh,NA,Higher,NA,NA,NA,NA
786,1,0.880116045,0.112840608,0.007043365,0,0,5,State,urban/rural,Education,statesector,0,Assam,NA,No education / Preschool,NA,NA,NA,NA
787,1,0.816984594,0.170777813,0.011877001,0.000360569,0,5,State,urban/rural,Education,statesector,0,Assam,NA,Primary,NA,NA,NA,NA
788,1,0.679492354,0.296143502,0.018635763,0.0057284,0,5,State,urban/rural,Education,statesector,0,Assam,NA,Secondary,NA,NA,NA,NA
789,1,0.528558135,0.373531133,0.097910702,0,0,5,State,urban/rural,Education,statesector,0,Assam,NA,Higher,NA,NA,NA,NA
790,1,0.536792815,0.337396115,0.115961038,0.009850019,0,5,State,urban/rural,Education,statesector,1,Assam,NA,No education / Preschool,NA,NA,NA,NA
791,1,0.386637211,0.454246402,0.15185079,0.007265593,0,5,State,urban/rural,Education,statesector,1,Assam,NA,Primary,NA,NA,NA,NA
792,1,0.323742807,0.455527544,0.123184755,0.013124063,0.084420823,5,State,urban/rural,Education,statesector,1,Assam,NA,Secondary,NA,NA,NA,NA
793,1,0.515576363,0.484423608,0,0,0,5,State,urban/rural,Education,statesector,1,Assam,NA,Higher,NA,NA,NA,NA
794,1,0.851205468,0.130319759,0.016232394,0.001998625,0.000243751,5,State,urban/rural,Education,statesector,0,Bihar,NA,No education / Preschool,NA,NA,NA,NA
795,1,0.773421645,0.204612628,0.021224413,0.000741292,0,5,State,urban/rural,Education,statesector,0,Bihar,NA,Primary,NA,NA,NA,NA
796,1,0.693931401,0.25816232,0.037193537,0.00968028,0.001032454,5,State,urban/rural,Education,statesector,0,Bihar,NA,Secondary,NA,NA,NA,NA
797,1,0.53960526,0.307533711,0.120551005,0.027837157,0.004472885,5,State,urban/rural,Education,statesector,0,Bihar,NA,Higher,NA,NA,NA,NA
798,1,1,0,0,0,0,5,State,urban/rural,Education,statesector,0,Bihar,NA,NA,NA,NA,NA,NA
799,1,0.606966734,0.254602402,0.093166888,0.045264017,0,5,State,urban/rural,Education,statesector,1,Bihar,NA,No education / Preschool,NA,NA,NA,NA
800,1,0.487821937,0.245910481,0.18742229,0.0788453,0,5,State,urban/rural,Education,statesector,1,Bihar,NA,Primary,NA,NA,NA,NA
801,1,0.445406377,0.236842677,0.184970677,0.128099635,0.004680623,5,State,urban/rural,Education,statesector,1,Bihar,NA,Secondary,NA,NA,NA,NA
802,1,0.280524164,0.199303761,0.52017206,0,0,5,State,urban/rural,Education,statesector,1,Bihar,NA,Higher,NA,NA,NA,NA
803,1,0,0,1,0,0,5,State,urban/rural,Education,statesector,0,Chandigarh,NA,Secondary,NA,NA,NA,NA
804,1,0.100719638,0.403450608,0.101291709,0.306123227,0.088414796,5,State,urban/rural,Education,statesector,1,Chandigarh,NA,No education / Preschool,NA,NA,NA,NA
805,1,0.369970083,0.184985042,0,0.282659292,0.162385553,5,State,urban/rural,Education,statesector,1,Chandigarh,NA,Primary,NA,NA,NA,NA
806,1,0,0.270066828,0,0.256586879,0.473346293,5,State,urban/rural,Education,statesector,1,Chandigarh,NA,Secondary,NA,NA,NA,NA
807,1,0.871903956,0.106392987,0.018024001,0.003066138,0.000612939,5,State,urban/rural,Education,statesector,0,Chhattisgarh,NA,No education / Preschool,NA,NA,NA,NA
808,1,0.748782873,0.193260878,0.044995416,0.009955178,0.003005668,5,State,urban/rural,Education,statesector,0,Chhattisgarh,NA,Primary,NA,NA,NA,NA
809,1,0.667378604,0.256107301,0.05528127,0.021232828,0,5,State,urban/rural,Education,statesector,0,Chhattisgarh,NA,Secondary,NA,NA,NA,NA
810,1,0.401517838,0.251009315,0.306821018,0.040651821,0,5,State,urban/rural,Education,statesector,0,Chhattisgarh,NA,Higher,NA,NA,NA,NA
811,1,0.47482875,0.52517128,0,0,0,5,State,urban/rural,Education,statesector,0,Chhattisgarh,NA,NA,NA,NA,NA,NA
812,1,0.629623234,0.139954418,0.106271639,0.12009909,0.004051598,5,State,urban/rural,Education,statesector,1,Chhattisgarh,NA,No education / Preschool,NA,NA,NA,NA
813,1,0.52782613,0.220524043,0.129928932,0.083368964,0.038351916,5,State,urban/rural,Education,statesector,1,Chhattisgarh,NA,Primary,NA,NA,NA,NA
814,1,0.362938195,0.154592454,0.33875066,0.100734532,0.042984162,5,State,urban/rural,Education,statesector,1,Chhattisgarh,NA,Secondary,NA,NA,NA,NA
815,1,0.104618102,0.217994109,0,0.157682776,0.519704998,5,State,urban/rural,Education,statesector,1,Chhattisgarh,NA,Higher,NA,NA,NA,NA
816,1,0.684180379,0.268404812,0.045345224,0.002069571,0,5,State,urban/rural,Education,statesector,0,Dadra & Nagar Haveli and Daman & Diu,NA,No education / Preschool,NA,NA,NA,NA
817,1,0.534364045,0.375850409,0.088364221,0.001421301,0,5,State,urban/rural,Education,statesector,0,Dadra & Nagar Haveli and Daman & Diu,NA,Primary,NA,NA,NA,NA
818,1,0.563696086,0.305631578,0.05386392,0.023760393,0.053048044,5,State,urban/rural,Education,statesector,0,Dadra & Nagar Haveli and Daman & Diu,NA,Secondary,NA,NA,NA,NA
819,1,0,0,1,0,0,5,State,urban/rural,Education,statesector,0,Dadra & Nagar Haveli and Daman & Diu,NA,Higher,NA,NA,NA,NA
820,1,0.156514063,0.48747173,0.087074302,0.268939883,0,5,State,urban/rural,Education,statesector,1,Dadra & Nagar Haveli and Daman & Diu,NA,No education / Preschool,NA,NA,NA,NA
821,1,0,0.438621342,0.344239295,0.190797657,0.026341733,5,State,urban/rural,Education,statesector,1,Dadra & Nagar Haveli and Daman & Diu,NA,Primary,NA,NA,NA,NA
822,1,0.126827002,0.393079191,0.448386759,0.031707048,0,5,State,urban/rural,Education,statesector,1,Dadra & Nagar Haveli and Daman & Diu,NA,Secondary,NA,NA,NA,NA
823,1,0,0,1,0,0,5,State,urban/rural,Education,statesector,1,Dadra & Nagar Haveli and Daman & Diu,NA,Higher,NA,NA,NA,NA
824,1,0,0,0.871674657,0,0.128325328,5,State,urban/rural,Education,statesector,0,Delhi,NA,No education / Preschool,NA,NA,NA,NA
825,1,0.210632339,0.340621263,0.417737722,0,0.031008663,5,State,urban/rural,Education,statesector,0,Delhi,NA,Primary,NA,NA,NA,NA
826,1,0,0,1,0,0,5,State,urban/rural,Education,statesector,0,Delhi,NA,Secondary,NA,NA,NA,NA
827,1,0.084515817,0.31326431,0.232541293,0.255290896,0.114387676,5,State,urban/rural,Education,statesector,1,Delhi,NA,No education / Preschool,NA,NA,NA,NA
828,1,0.101233087,0.145990849,0.434526503,0.129922807,0.188326776,5,State,urban/rural,Education,statesector,1,Delhi,NA,Primary,NA,NA,NA,NA
829,1,0.034553763,0.23871623,0.233620882,0.248093322,0.2450158,5,State,urban/rural,Education,statesector,1,Delhi,NA,Secondary,NA,NA,NA,NA
830,1,0,0.555232167,0,0,0.444767833,5,State,urban/rural,Education,statesector,1,Delhi,NA,Higher,NA,NA,NA,NA
831,1,0.651813447,0.176415756,0,0.171770811,0,5,State,urban/rural,Education,statesector,0,Goa,NA,No education / Preschool,NA,NA,NA,NA
832,1,0.110797524,0.236805484,0.320119411,0.332277596,0,5,State,urban/rural,Education,statesector,0,Goa,NA,Primary,NA,NA,NA,NA
833,1,0,0.78234446,0.21765554,0,0,5,State,urban/rural,Education,statesector,0,Goa,NA,Secondary,NA,NA,NA,NA
834,1,0,0,0,0,1,5,State,urban/rural,Education,statesector,0,Goa,NA,Higher,NA,NA,NA,NA
835,1,0,0,0.546375573,0.453624457,0,5,State,urban/rural,Education,statesector,1,Goa,NA,No education / Preschool,NA,NA,NA,NA
836,1,0.610854983,0.389145017,0,0,0,5,State,urban/rural,Education,statesector,1,Goa,NA,Primary,NA,NA,NA,NA
837,1,0,0.568197012,0.431802988,0,0,5,State,urban/rural,Education,statesector,1,Goa,NA,Secondary,NA,NA,NA,NA
838,1,0.721042275,0.227812976,0.043876544,0.007268231,0,5,State,urban/rural,Education,statesector,0,Gujarat,NA,No education / Preschool,NA,NA,NA,NA
839,1,0.586801887,0.306210548,0.080111109,0.025868032,0.001008416,5,State,urban/rural,Education,statesector,0,Gujarat,NA,Primary,NA,NA,NA,NA
840,1,0.538423717,0.360487163,0.076414824,0.023196805,0.001477476,5,State,urban/rural,Education,statesector,0,Gujarat,NA,Secondary,NA,NA,NA,NA
841,1,0.459320992,0.32021445,0.072080664,0.132487878,0.015896013,5,State,urban/rural,Education,statesector,0,Gujarat,NA,Higher,NA,NA,NA,NA
842,1,1,0,0,0,0,5,State,urban/rural,Education,statesector,0,Gujarat,NA,NA,NA,NA,NA,NA
843,1,0.366734236,0.223694742,0.234473422,0.134503663,0.040593926,5,State,urban/rural,Education,statesector,1,Gujarat,NA,No education / Preschool,NA,NA,NA,NA
844,1,0.222995058,0.242777303,0.2348838,0.216796011,0.082547829,5,State,urban/rural,Education,statesector,1,Gujarat,NA,Primary,NA,NA,NA,NA
845,1,0.14970322,0.185755804,0.134533003,0.256022364,0.273985624,5,State,urban/rural,Education,statesector,1,Gujarat,NA,Secondary,NA,NA,NA,NA
846,1,0.091627665,0,0,0,0.908372343,5,State,urban/rural,Education,statesector,1,Gujarat,NA,Higher,NA,NA,NA,NA
847,1,0,0,1,0,0,5,State,urban/rural,Education,statesector,1,Gujarat,NA,NA,NA,NA,NA,NA
848,1,0.271742404,0.395554721,0.201297835,0.112965919,0.018439118,5,State,urban/rural,Education,statesector,0,Haryana,NA,No education / Preschool,NA,NA,NA,NA
849,1,0.165254727,0.370647669,0.285314202,0.157530427,0.021252975,5,State,urban/rural,Education,statesector,0,Haryana,NA,Primary,NA,NA,NA,NA
850,1,0.14794299,0.296174526,0.281398863,0.180012017,0.094471619,5,State,urban/rural,Education,statesector,0,Haryana,NA,Secondary,NA,NA,NA,NA
851,1,0,0.440428913,0.289685905,0.199584767,0.070300408,5,State,urban/rural,Education,statesector,0,Haryana,NA,Higher,NA,NA,NA,NA
852,1,NA,NA,NA,NA,NA,5,State,urban/rural,Education,statesector,0,Haryana,NA,NA,NA,NA,NA,NA
853,1,0.19900687,0.30281052,0.237038299,0.140044913,0.121099412,5,State,urban/rural,Education,statesector,1,Haryana,NA,No education / Preschool,NA,NA,NA,NA
854,1,0.07271602,0.221221775,0.289838016,0.287182212,0.12904197,5,State,urban/rural,Education,statesector,1,Haryana,NA,Primary,NA,NA,NA,NA
855,1,0.100244969,0.249538779,0.385248393,0.080932319,0.18403554,5,State,urban/rural,Education,statesector,1,Haryana,NA,Secondary,NA,NA,NA,NA
856,1,0,0,0.364539683,0,0.635460317,5,State,urban/rural,Education,statesector,1,Haryana,NA,Higher,NA,NA,NA,NA
857,1,0.541265666,0.364034414,0.062848419,0.028611628,0.003239877,5,State,urban/rural,Education,statesector,0,Himachal Pradesh,NA,No education / Preschool,NA,NA,NA,NA
858,1,0.361355484,0.469562083,0.122526035,0.041794237,0.004762163,5,State,urban/rural,Education,statesector,0,Himachal Pradesh,NA,Primary,NA,NA,NA,NA
859,1,0.187385559,0.502174079,0.247174144,0.049708217,0.013557977,5,State,urban/rural,Education,statesector,0,Himachal Pradesh,NA,Secondary,NA,NA,NA,NA
860,1,0,0.031321838,0.968678176,0,0,5,State,urban/rural,Education,statesector,0,Himachal Pradesh,NA,Higher,NA,NA,NA,NA
861,1,NA,NA,NA,NA,NA,5,State,urban/rural,Education,statesector,0,Himachal Pradesh,NA,NA,NA,NA,NA,NA
862,1,0.70798558,0.189671472,0.040017959,0,0.062325023,5,State,urban/rural,Education,statesector,1,Himachal Pradesh,NA,No education / Preschool,NA,NA,NA,NA
863,1,0,0.686820388,0,0.313179642,0,5,State,urban/rural,Education,statesector,1,Himachal Pradesh,NA,Primary,NA,NA,NA,NA
864,1,0,1,0,0,0,5,State,urban/rural,Education,statesector,1,Himachal Pradesh,NA,Secondary,NA,NA,NA,NA
865,1,0.665731907,0.266305417,0.054166533,0.013796148,0,5,State,urban/rural,Education,statesector,0,Jammu & Kashmir,NA,No education / Preschool,NA,NA,NA,NA
866,1,0.561457276,0.361596286,0.042636089,0.03133722,0.00297311,5,State,urban/rural,Education,statesector,0,Jammu & Kashmir,NA,Primary,NA,NA,NA,NA
867,1,0.5422194,0.346853405,0.095035411,0.011653399,0.00423838,5,State,urban/rural,Education,statesector,0,Jammu & Kashmir,NA,Secondary,NA,NA,NA,NA
868,1,0.300392807,0.502114296,0.059670985,0.137821928,0,5,State,urban/rural,Education,statesector,0,Jammu & Kashmir,NA,Higher,NA,NA,NA,NA
869,1,0.427598983,0.131480485,0.107397705,0.333522826,0,5,State,urban/rural,Education,statesector,1,Jammu & Kashmir,NA,No education / Preschool,NA,NA,NA,NA
870,1,0.361731052,0.18168138,0.327306569,0.129280984,0,5,State,urban/rural,Education,statesector,1,Jammu & Kashmir,NA,Primary,NA,NA,NA,NA
871,1,0.246448323,0.2918244,0.115090646,0.346636653,0,5,State,urban/rural,Education,statesector,1,Jammu & Kashmir,NA,Secondary,NA,NA,NA,NA
872,1,1,0,0,0,0,5,State,urban/rural,Education,statesector,1,Jammu & Kashmir,NA,Higher,NA,NA,NA,NA
873,1,0.89373827,0.095802441,0.008526512,0.001932756,0,5,State,urban/rural,Education,statesector,0,Jharkhand,NA,No education / Preschool,NA,NA,NA,NA
874,1,0.848288298,0.120883413,0.030392418,0.000435899,0,5,State,urban/rural,Education,statesector,0,Jharkhand,NA,Primary,NA,NA,NA,NA
875,1,0.806896329,0.163817227,0.025728341,0.003558089,0,5,State,urban/rural,Education,statesector,0,Jharkhand,NA,Secondary,NA,NA,NA,NA
876,1,0.611216247,0.329220712,0.041077655,0.01848541,0,5,State,urban/rural,Education,statesector,0,Jharkhand,NA,Higher,NA,NA,NA,NA
877,1,0.662606359,0.337393612,0,0,0,5,State,urban/rural,Education,statesector,0,Jharkhand,NA,NA,NA,NA,NA,NA
878,1,0.620554507,0.259665161,0.048822261,0.056813203,0.014144864,5,State,urban/rural,Education,statesector,1,Jharkhand,NA,No education / Preschool,NA,NA,NA,NA
879,1,0.456014007,0.230862468,0.264803499,0.048320021,0,5,State,urban/rural,Education,statesector,1,Jharkhand,NA,Primary,NA,NA,NA,NA
880,1,0.496778756,0.291706771,0.149189904,0.059277229,0.003047353,5,State,urban/rural,Education,statesector,1,Jharkhand,NA,Secondary,NA,NA,NA,NA
881,1,0.235471934,0.30295074,0,0.461577356,0,5,State,urban/rural,Education,statesector,1,Jharkhand,NA,Higher,NA,NA,NA,NA
882,1,0,0,1,0,0,5,State,urban/rural,Education,statesector,1,Jharkhand,NA,NA,NA,NA,NA,NA
883,1,0.567009628,0.332013309,0.086582564,0.011674624,0.002719869,5,State,urban/rural,Education,statesector,0,Karnataka,NA,No education / Preschool,NA,NA,NA,NA
884,1,0.419365257,0.404378593,0.136735931,0.037013333,0.002506915,5,State,urban/rural,Education,statesector,0,Karnataka,NA,Primary,NA,NA,NA,NA
885,1,0.348041415,0.465731025,0.137531906,0.04638914,0.002306503,5,State,urban/rural,Education,statesector,0,Karnataka,NA,Secondary,NA,NA,NA,NA
886,1,0.499458969,0.209284484,0.213065401,0.078191154,0,5,State,urban/rural,Education,statesector,0,Karnataka,NA,Higher,NA,NA,NA,NA
887,1,0,0,1,0,0,5,State,urban/rural,Education,statesector,0,Karnataka,NA,NA,NA,NA,NA,NA
888,1,0.492810428,0.266124785,0.159792185,0.063187182,0.018085398,5,State,urban/rural,Education,statesector,1,Karnataka,NA,No education / Preschool,NA,NA,NA,NA
889,1,0.416527987,0.23669818,0.212733835,0.084993735,0.049046244,5,State,urban/rural,Education,statesector,1,Karnataka,NA,Primary,NA,NA,NA,NA
890,1,0.126748413,0.335885853,0.217300892,0.279639602,0.040425237,5,State,urban/rural,Education,statesector,1,Karnataka,NA,Secondary,NA,NA,NA,NA
891,1,0,0.048728533,0.149204254,0.753264368,0.048802823,5,State,urban/rural,Education,statesector,1,Karnataka,NA,Higher,NA,NA,NA,NA
892,1,NA,NA,NA,NA,NA,5,State,urban/rural,Education,statesector,1,Karnataka,NA,NA,NA,NA,NA,NA
893,1,0.502524912,0.387520462,0.080831155,0.029123452,0,5,State,urban/rural,Education,statesector,0,Kerala,NA,No education / Preschool,NA,NA,NA,NA
894,1,0.458151847,0.431173444,0.0981576,0,0.012517101,5,State,urban/rural,Education,statesector,0,Kerala,NA,Primary,NA,NA,NA,NA
895,1,0.292123437,0.512213171,0.100615166,0.071189627,0.023858609,5,State,urban/rural,Education,statesector,0,Kerala,NA,Secondary,NA,NA,NA,NA
896,1,0.410041481,0.589958489,0,0,0,5,State,urban/rural,Education,statesector,1,Kerala,NA,No education / Preschool,NA,NA,NA,NA
897,1,0.432938993,0.260354787,0.277013183,0.029693035,0,5,State,urban/rural,Education,statesector,1,Kerala,NA,Primary,NA,NA,NA,NA
898,1,0.099544443,0.221394315,0.430462688,0.248598561,0,5,State,urban/rural,Education,statesector,1,Kerala,NA,Secondary,NA,NA,NA,NA
899,1,0.48602429,0.316490918,0.126477256,0.071007565,0,5,State,urban/rural,Education,statesector,0,Ladakh,NA,No education / Preschool,NA,NA,NA,NA
900,1,0.199730203,0.442840338,0.234103352,0.123326123,0,5,State,urban/rural,Education,statesector,0,Ladakh,NA,Primary,NA,NA,NA,NA
901,1,0.36335367,0.430979103,0.205667228,0,0,5,State,urban/rural,Education,statesector,0,Ladakh,NA,Secondary,NA,NA,NA,NA
902,1,0.5076828,0.208127812,0.108244203,0.175945178,0,5,State,urban/rural,Education,statesector,0,Ladakh,NA,Higher,NA,NA,NA,NA
903,1,0,0.336844563,0.336129606,0.169469297,0.157556534,5,State,urban/rural,Education,statesector,1,Ladakh,NA,No education / Preschool,NA,NA,NA,NA
904,1,1,0,0,0,0,5,State,urban/rural,Education,statesector,1,Ladakh,NA,Primary,NA,NA,NA,NA
905,1,0,0.26699096,0.73300904,0,0,5,State,urban/rural,Education,statesector,0,Lakshadweep,NA,Secondary,NA,NA,NA,NA
906,1,0,0,0,1,0,5,State,urban/rural,Education,statesector,1,Lakshadweep,NA,No education / Preschool,NA,NA,NA,NA
907,1,0,0.520863116,0.479136914,0,0,5,State,urban/rural,Education,statesector,1,Lakshadweep,NA,Primary,NA,NA,NA,NA
908,1,0,0,0,1,0,5,State,urban/rural,Education,statesector,1,Lakshadweep,NA,Secondary,NA,NA,NA,NA
909,1,0.849769115,0.126271591,0.019371603,0.004038516,0.000549186,5,State,urban/rural,Education,statesector,0,Madhya Pradesh,NA,No education / Preschool,NA,NA,NA,NA
910,1,0.760659158,0.185887605,0.040566288,0.010686323,0.002200627,5,State,urban/rural,Education,statesector,0,Madhya Pradesh,NA,Primary,NA,NA,NA,NA
911,1,0.631695807,0.290493041,0.060722444,0.015179026,0.001909668,5,State,urban/rural,Education,statesector,0,Madhya Pradesh,NA,Secondary,NA,NA,NA,NA
912,1,0.454615861,0.297445178,0.16656588,0.065652043,0.015721036,5,State,urban/rural,Education,statesector,0,Madhya Pradesh,NA,Higher,NA,NA,NA,NA
913,1,0.811698854,0,0.188301161,0,0,5,State,urban/rural,Education,statesector,0,Madhya Pradesh,NA,NA,NA,NA,NA,NA
914,1,0.665303648,0.201467291,0.089763001,0.033955004,0.009511027,5,State,urban/rural,Education,statesector,1,Madhya Pradesh,NA,No education / Preschool,NA,NA,NA,NA
915,1,0.420089692,0.305472791,0.157528788,0.086755961,0.030152775,5,State,urban/rural,Education,statesector,1,Madhya Pradesh,NA,Primary,NA,NA,NA,NA
916,1,0.317722827,0.33001253,0.159849659,0.1174796,0.074935392,5,State,urban/rural,Education,statesector,1,Madhya Pradesh,NA,Secondary,NA,NA,NA,NA
917,1,0.055867143,0.275952786,0.288774014,0.172206357,0.207199708,5,State,urban/rural,Education,statesector,1,Madhya Pradesh,NA,Higher,NA,NA,NA,NA
918,1,NA,NA,NA,NA,NA,5,State,urban/rural,Education,statesector,1,Madhya Pradesh,NA,NA,NA,NA,NA,NA
919,1,0.766696692,0.203825086,0.021370256,0.008107985,0,5,State,urban/rural,Education,statesector,0,Maharashtra,NA,No education / Preschool,NA,NA,NA,NA
920,1,0.637507021,0.289351195,0.055106837,0.017195243,0.000839711,5,State,urban/rural,Education,statesector,0,Maharashtra,NA,Primary,NA,NA,NA,NA
921,1,0.463522226,0.399600089,0.081076927,0.051824849,0.003975926,5,State,urban/rural,Education,statesector,0,Maharashtra,NA,Secondary,NA,NA,NA,NA
922,1,0.461728603,0.398159027,0.077613518,0.029622667,0.032876179,5,State,urban/rural,Education,statesector,0,Maharashtra,NA,Higher,NA,NA,NA,NA
923,1,1,0,0,0,0,5,State,urban/rural,Education,statesector,0,Maharashtra,NA,NA,NA,NA,NA,NA
924,1,0.447318703,0.375008911,0.106996223,0.05093893,0.019737242,5,State,urban/rural,Education,statesector,1,Maharashtra,NA,No education / Preschool,NA,NA,NA,NA
925,1,0.369988799,0.294179291,0.269721121,0.066110782,0,5,State,urban/rural,Education,statesector,1,Maharashtra,NA,Primary,NA,NA,NA,NA
926,1,0.105809093,0.253971994,0.167691663,0.334515989,0.138011262,5,State,urban/rural,Education,statesector,1,Maharashtra,NA,Secondary,NA,NA,NA,NA
927,1,0.220791608,0.402541488,0.057956945,0,0.31870994,5,State,urban/rural,Education,statesector,1,Maharashtra,NA,Higher,NA,NA,NA,NA
928,1,0.782216966,0.206362665,0.011420386,0,0,5,State,urban/rural,Education,statesector,0,Manipur,NA,No education / Preschool,NA,NA,NA,NA
929,1,0.758878171,0.228158414,0.0129634,0,0,5,State,urban/rural,Education,statesector,0,Manipur,NA,Primary,NA,NA,NA,NA
930,1,0.567709982,0.395120054,0.037169963,0,0,5,State,urban/rural,Education,statesector,0,Manipur,NA,Secondary,NA,NA,NA,NA
931,1,0.158692777,0.589084804,0.164138615,0.088083774,0,5,State,urban/rural,Education,statesector,0,Manipur,NA,Higher,NA,NA,NA,NA
932,1,0.613803208,0.362843037,0.023353759,0,0,5,State,urban/rural,Education,statesector,1,Manipur,NA,No education / Preschool,NA,NA,NA,NA
933,1,0.500484586,0.303832412,0.157272533,0.038410459,0,5,State,urban/rural,Education,statesector,1,Manipur,NA,Primary,NA,NA,NA,NA
934,1,0.339607179,0.525653899,0.134738937,0,0,5,State,urban/rural,Education,statesector,1,Manipur,NA,Secondary,NA,NA,NA,NA
935,1,0.530373037,0,0,0,0.469626933,5,State,urban/rural,Education,statesector,1,Manipur,NA,Higher,NA,NA,NA,NA
936,1,0.762045801,0.217719287,0.01929714,0.000526665,0.000411116,5,State,urban/rural,Education,statesector,0,Meghalaya,NA,No education / Preschool,NA,NA,NA,NA
937,1,0.705640435,0.273110151,0.020724686,0.000524722,0,5,State,urban/rural,Education,statesector,0,Meghalaya,NA,Primary,NA,NA,NA,NA
938,1,0.72776562,0.2527349,0.018604774,0.000894693,0,5,State,urban/rural,Education,statesector,0,Meghalaya,NA,Secondary,NA,NA,NA,NA
939,1,0.448636204,0.531597137,0.019766668,0,0,5,State,urban/rural,Education,statesector,0,Meghalaya,NA,Higher,NA,NA,NA,NA
940,1,NA,NA,NA,NA,NA,5,State,urban/rural,Education,statesector,0,Meghalaya,NA,NA,NA,NA,NA,NA
941,1,0.723870695,0.211200222,0,0.064929098,0,5,State,urban/rural,Education,statesector,1,Meghalaya,NA,No education / Preschool,NA,NA,NA,NA
942,1,0.758262515,0.170306727,0,0,0.071430735,5,State,urban/rural,Education,statesector,1,Meghalaya,NA,Primary,NA,NA,NA,NA
943,1,0.575964212,0.319816828,0.104218967,0,0,5,State,urban/rural,Education,statesector,1,Meghalaya,NA,Secondary,NA,NA,NA,NA
944,1,0,0.865813971,0.134186015,0,0,5,State,urban/rural,Education,statesector,1,Meghalaya,NA,Higher,NA,NA,NA,NA
945,1,0,1,0,0,0,5,State,urban/rural,Education,statesector,1,Meghalaya,NA,NA,NA,NA,NA,NA
946,1,0.799496889,0.196901947,0.003601194,0,0,5,State,urban/rural,Education,statesector,0,Mizoram,NA,No education / Preschool,NA,NA,NA,NA
947,1,0.590265691,0.347217798,0.044408377,0.018108157,0,5,State,urban/rural,Education,statesector,0,Mizoram,NA,Primary,NA,NA,NA,NA
948,1,0.558159709,0.371949077,0.050843906,0.00728346,0.011763822,5,State,urban/rural,Education,statesector,0,Mizoram,NA,Secondary,NA,NA,NA,NA
949,1,0,0.527887225,0.258649796,0.213462964,0,5,State,urban/rural,Education,statesector,0,Mizoram,NA,Higher,NA,NA,NA,NA
950,1,1,0,0,0,0,5,State,urban/rural,Education,statesector,0,Mizoram,NA,NA,NA,NA,NA,NA
951,1,0.497742236,0.15162167,0.092226543,0.25840953,0,5,State,urban/rural,Education,statesector,1,Mizoram,NA,No education / Preschool,NA,NA,NA,NA
952,1,0.175314993,0.317634135,0.23948884,0.074126288,0.193435729,5,State,urban/rural,Education,statesector,1,Mizoram,NA,Primary,NA,NA,NA,NA
953,1,0.12049675,0.37266174,0.240854442,0.265987098,0,5,State,urban/rural,Education,statesector,1,Mizoram,NA,Secondary,NA,NA,NA,NA
954,1,0,0,0,0,1,5,State,urban/rural,Education,statesector,1,Mizoram,NA,Higher,NA,NA,NA,NA
955,1,0.864079058,0.128402397,0.007518551,0,0,5,State,urban/rural,Education,statesector,0,Nagaland,NA,No education / Preschool,NA,NA,NA,NA
956,1,0.817558765,0.174267828,0.006828167,0.001345261,0,5,State,urban/rural,Education,statesector,0,Nagaland,NA,Primary,NA,NA,NA,NA
957,1,0.760545731,0.212383643,0.024420796,0.002649848,0,5,State,urban/rural,Education,statesector,0,Nagaland,NA,Secondary,NA,NA,NA,NA
958,1,0.530627966,0.368258715,0,0.013063966,0.08804936,5,State,urban/rural,Education,statesector,0,Nagaland,NA,Higher,NA,NA,NA,NA
959,1,NA,NA,NA,NA,NA,5,State,urban/rural,Education,statesector,0,Nagaland,NA,NA,NA,NA,NA,NA
960,1,0.487441659,0.410528094,0.102030262,0,0,5,State,urban/rural,Education,statesector,1,Nagaland,NA,No education / Preschool,NA,NA,NA,NA
961,1,0.547846377,0.37420541,0.065870009,0.012078233,0,5,State,urban/rural,Education,statesector,1,Nagaland,NA,Primary,NA,NA,NA,NA
962,1,0.203597844,0.520489693,0.130084589,0.081750594,0.064077295,5,State,urban/rural,Education,statesector,1,Nagaland,NA,Secondary,NA,NA,NA,NA
963,1,0.094916515,0.166898176,0.547959208,0.088855639,0.101370439,5,State,urban/rural,Education,statesector,1,Nagaland,NA,Higher,NA,NA,NA,NA
964,1,0.915135264,0.07782571,0.006751996,0.000287022,0,5,State,urban/rural,Education,statesector,0,Odisha,NA,No education / Preschool,NA,NA,NA,NA
965,1,0.822892547,0.160244927,0.014292094,0.001907218,0.000663233,5,State,urban/rural,Education,statesector,0,Odisha,NA,Primary,NA,NA,NA,NA
966,1,0.767146349,0.20175834,0.023519907,0.005833966,0.001741459,5,State,urban/rural,Education,statesector,0,Odisha,NA,Secondary,NA,NA,NA,NA
967,1,0.629766226,0.288613677,0.052745603,0.028874477,0,5,State,urban/rural,Education,statesector,0,Odisha,NA,Higher,NA,NA,NA,NA
968,1,0.952554286,0.047445692,0,0,0,5,State,urban/rural,Education,statesector,0,Odisha,NA,NA,NA,NA,NA,NA
969,1,0.81010586,0.16124393,0.023594933,0.005055293,0,5,State,urban/rural,Education,statesector,1,Odisha,NA,No education / Preschool,NA,NA,NA,NA
970,1,0.744397461,0.156065941,0.035832725,0.06370385,0,5,State,urban/rural,Education,statesector,1,Odisha,NA,Primary,NA,NA,NA,NA
971,1,0.565305054,0.251860827,0.106269598,0.061847802,0.014716722,5,State,urban/rural,Education,statesector,1,Odisha,NA,Secondary,NA,NA,NA,NA
972,1,0,0,0,0,1,5,State,urban/rural,Education,statesector,1,Odisha,NA,Higher,NA,NA,NA,NA
973,1,0.89792043,0.102079548,0,0,0,5,State,urban/rural,Education,statesector,0,Puducherry,NA,No education / Preschool,NA,NA,NA,NA
974,1,0.700936317,0.299063653,0,0,0,5,State,urban/rural,Education,statesector,0,Puducherry,NA,Primary,NA,NA,NA,NA
975,1,0.339920312,0.660079658,0,0,0,5,State,urban/rural,Education,statesector,0,Puducherry,NA,Secondary,NA,NA,NA,NA
976,1,0.651415229,0.224331275,0.036421906,0.087831564,0,5,State,urban/rural,Education,statesector,1,Puducherry,NA,No education / Preschool,NA,NA,NA,NA
977,1,0.401387304,0.23828654,0.020539111,0.331046164,0.008740881,5,State,urban/rural,Education,statesector,1,Puducherry,NA,Primary,NA,NA,NA,NA
978,1,0.486026406,0.241807714,0.045848601,0.187766388,0.038550884,5,State,urban/rural,Education,statesector,1,Puducherry,NA,Secondary,NA,NA,NA,NA
979,1,0,0,0,0.136230096,0.863769889,5,State,urban/rural,Education,statesector,1,Puducherry,NA,Higher,NA,NA,NA,NA
980,1,0.253775537,0.398945272,0.176296264,0.132369474,0.038613439,5,State,urban/rural,Education,statesector,0,Punjab,NA,No education / Preschool,NA,NA,NA,NA
981,1,0.183719814,0.307394117,0.318668634,0.144524574,0.045692876,5,State,urban/rural,Education,statesector,0,Punjab,NA,Primary,NA,NA,NA,NA
982,1,0.106039219,0.18328014,0.210463464,0.357660651,0.142556533,5,State,urban/rural,Education,statesector,0,Punjab,NA,Secondary,NA,NA,NA,NA
983,1,0.165274009,0.214358985,0.265133411,0.20923689,0.145996705,5,State,urban/rural,Education,statesector,1,Punjab,NA,No education / Preschool,NA,NA,NA,NA
984,1,0.179870442,0.256624699,0.310998023,0.103907198,0.148599625,5,State,urban/rural,Education,statesector,1,Punjab,NA,Primary,NA,NA,NA,NA
985,1,0.10687533,0.026945001,0.222766072,0.207459807,0.435953796,5,State,urban/rural,Education,statesector,1,Punjab,NA,Secondary,NA,NA,NA,NA
986,1,0,0,0,0.193638474,0.806361496,5,State,urban/rural,Education,statesector,1,Punjab,NA,Higher,NA,NA,NA,NA
987,1,0.580658555,0.30978325,0.089645267,0.016384834,0.003528102,5,State,urban/rural,Education,statesector,0,Rajasthan,NA,No education / Preschool,NA,NA,NA,NA
988,1,0.502655923,0.319274724,0.126848876,0.044405065,0.006815403,5,State,urban/rural,Education,statesector,0,Rajasthan,NA,Primary,NA,NA,NA,NA
989,1,0.396276176,0.397057891,0.144215837,0.050819688,0.0116304,5,State,urban/rural,Education,statesector,0,Rajasthan,NA,Secondary,NA,NA,NA,NA
990,1,0.274035156,0.405192733,0.168137774,0.103524767,0.049109571,5,State,urban/rural,Education,statesector,0,Rajasthan,NA,Higher,NA,NA,NA,NA
991,1,0,0.837481201,0.162518799,0,0,5,State,urban/rural,Education,statesector,0,Rajasthan,NA,NA,NA,NA,NA,NA
992,1,0.247079954,0.33118856,0.193891898,0.155395851,0.072443731,5,State,urban/rural,Education,statesector,1,Rajasthan,NA,No education / Preschool,NA,NA,NA,NA
993,1,0.110313155,0.275459111,0.240698859,0.278272927,0.095255964,5,State,urban/rural,Education,statesector,1,Rajasthan,NA,Primary,NA,NA,NA,NA
994,1,0.026764816,0.25094083,0.330709785,0.207438573,0.184146017,5,State,urban/rural,Education,statesector,1,Rajasthan,NA,Secondary,NA,NA,NA,NA
995,1,0,0,0,0.271376461,0.728623569,5,State,urban/rural,Education,statesector,1,Rajasthan,NA,Higher,NA,NA,NA,NA
996,1,0.41803506,0.441363662,0.121253222,0.01934807,0,5,State,urban/rural,Education,statesector,0,Sikkim,NA,No education / Preschool,NA,NA,NA,NA
997,1,0.317967802,0.572531164,0.10743691,0.002064114,0,5,State,urban/rural,Education,statesector,0,Sikkim,NA,Primary,NA,NA,NA,NA
998,1,0.343165815,0.607976496,0.048857711,0,0,5,State,urban/rural,Education,statesector,0,Sikkim,NA,Secondary,NA,NA,NA,NA
999,1,0,0,0.202592418,0.797407568,0,5,State,urban/rural,Education,statesector,0,Sikkim,NA,Higher,NA,NA,NA,NA
1000,1,0,0,0,1,0,5,State,urban/rural,Education,statesector,1,Sikkim,NA,No education / Preschool,NA,NA,NA,NA
1001,1,0.05678454,0.94321543,0,0,0,5,State,urban/rural,Education,statesector,1,Sikkim,NA,Primary,NA,NA,NA,NA
1002,1,0.719398737,0.249183908,0.022505678,0.008911677,0,5,State,urban/rural,Education,statesector,0,Tamil Nadu,NA,No education / Preschool,NA,NA,NA,NA
1003,1,0.632222295,0.269740134,0.086823039,0.0096545,0.001560034,5,State,urban/rural,Education,statesector,0,Tamil Nadu,NA,Primary,NA,NA,NA,NA
1004,1,0.341555417,0.360123694,0.222742766,0.059923697,0.015654424,5,State,urban/rural,Education,statesector,0,Tamil Nadu,NA,Secondary,NA,NA,NA,NA
1005,1,0.278647363,0.476224184,0.208468214,0.036660239,0,5,State,urban/rural,Education,statesector,0,Tamil Nadu,NA,Higher,NA,NA,NA,NA
1006,1,0,0,0,1,0,5,State,urban/rural,Education,statesector,0,Tamil Nadu,NA,NA,NA,NA,NA,NA
1007,1,0.774704635,0.123919308,0.029680887,0.051573206,0.020121966,5,State,urban/rural,Education,statesector,1,Tamil Nadu,NA,No education / Preschool,NA,NA,NA,NA
1008,1,0.469815016,0.286484867,0.128524542,0.108991459,0.006184122,5,State,urban/rural,Education,statesector,1,Tamil Nadu,NA,Primary,NA,NA,NA,NA
1009,1,0.264169812,0.243122116,0.188953012,0.238661826,0.065093219,5,State,urban/rural,Education,statesector,1,Tamil Nadu,NA,Secondary,NA,NA,NA,NA
1010,1,0,0,0,0.648303032,0.351696998,5,State,urban/rural,Education,statesector,1,Tamil Nadu,NA,Higher,NA,NA,NA,NA
1011,1,0.570643187,0.28192234,0.125984386,0.019824991,0.001625066,5,State,urban/rural,Education,statesector,0,Telangana,NA,No education / Preschool,NA,NA,NA,NA
1012,1,0.391077697,0.332953334,0.223962978,0.048030969,0.003975035,5,State,urban/rural,Education,statesector,0,Telangana,NA,Primary,NA,NA,NA,NA
1013,1,0.459296495,0.339464396,0.126247734,0.068506442,0.00648493,5,State,urban/rural,Education,statesector,0,Telangana,NA,Secondary,NA,NA,NA,NA
1014,1,0,0.519802451,0.126270697,0.134381101,0.219545782,5,State,urban/rural,Education,statesector,0,Telangana,NA,Higher,NA,NA,NA,NA
1015,1,0,0.683036864,0.316963106,0,0,5,State,urban/rural,Education,statesector,0,Telangana,NA,NA,NA,NA,NA,NA
1016,1,0.403182536,0.318754405,0.153955355,0.102058023,0.022049682,5,State,urban/rural,Education,statesector,1,Telangana,NA,No education / Preschool,NA,NA,NA,NA
1017,1,0.127528712,0.376544714,0.359680116,0.046641763,0.089604706,5,State,urban/rural,Education,statesector,1,Telangana,NA,Primary,NA,NA,NA,NA
1018,1,0.209549829,0.110478461,0.298926145,0.149108261,0.231937289,5,State,urban/rural,Education,statesector,1,Telangana,NA,Secondary,NA,NA,NA,NA
1019,1,0,0,0,1,0,5,State,urban/rural,Education,statesector,1,Telangana,NA,Higher,NA,NA,NA,NA
1020,1,NA,NA,NA,NA,NA,5,State,urban/rural,Education,statesector,1,Telangana,NA,NA,NA,NA,NA,NA
1021,1,0.884907424,0.110383704,0.004708847,0,0,5,State,urban/rural,Education,statesector,0,Tripura,NA,No education / Preschool,NA,NA,NA,NA
1022,1,0.868632376,0.127293125,0.004074505,0,0,5,State,urban/rural,Education,statesector,0,Tripura,NA,Primary,NA,NA,NA,NA
1023,1,0.728388608,0.245770514,0.025840903,0,0,5,State,urban/rural,Education,statesector,0,Tripura,NA,Secondary,NA,NA,NA,NA
1024,1,0.586374938,0.413625091,0,0,0,5,State,urban/rural,Education,statesector,0,Tripura,NA,Higher,NA,NA,NA,NA
1025,1,1,0,0,0,0,5,State,urban/rural,Education,statesector,0,Tripura,NA,NA,NA,NA,NA,NA
1026,1,0.765694678,0.18898353,0.045321781,0,0,5,State,urban/rural,Education,statesector,1,Tripura,NA,No education / Preschool,NA,NA,NA,NA
1027,1,0.536727607,0.463272363,0,0,0,5,State,urban/rural,Education,statesector,1,Tripura,NA,Primary,NA,NA,NA,NA
1028,1,0.263943702,0.655329585,0.080726691,0,0,5,State,urban/rural,Education,statesector,1,Tripura,NA,Secondary,NA,NA,NA,NA
1029,1,NA,NA,NA,NA,NA,5,State,urban/rural,Education,statesector,1,Tripura,NA,NA,NA,NA,NA,NA
1030,1,0.716557205,0.205841228,0.058943827,0.015279774,0.003377955,5,State,urban/rural,Education,statesector,0,Uttar Pradesh,NA,No education / Preschool,NA,NA,NA,NA
1031,1,0.661654115,0.246471524,0.066195793,0.0211129,0.004565645,5,State,urban/rural,Education,statesector,0,Uttar Pradesh,NA,Primary,NA,NA,NA,NA
1032,1,0.564739525,0.307365,0.091577709,0.027364686,0.008953056,5,State,urban/rural,Education,statesector,0,Uttar Pradesh,NA,Secondary,NA,NA,NA,NA
1033,1,0.386549503,0.375401795,0.130613923,0.063767254,0.043667521,5,State,urban/rural,Education,statesector,0,Uttar Pradesh,NA,Higher,NA,NA,NA,NA
1034,1,0.836757302,0,0,0.163242698,0,5,State,urban/rural,Education,statesector,0,Uttar Pradesh,NA,NA,NA,NA,NA,NA
1035,1,0.282548159,0.219369426,0.237998456,0.188415945,0.071668006,5,State,urban/rural,Education,statesector,1,Uttar Pradesh,NA,No education / Preschool,NA,NA,NA,NA
1036,1,0.232151806,0.201083019,0.242432773,0.217182294,0.1071501,5,State,urban/rural,Education,statesector,1,Uttar Pradesh,NA,Primary,NA,NA,NA,NA
1037,1,0.18900454,0.229565054,0.193260521,0.218682706,0.169487178,5,State,urban/rural,Education,statesector,1,Uttar Pradesh,NA,Secondary,NA,NA,NA,NA
1038,1,0.154368013,0,0.095504008,0.169892639,0.580235362,5,State,urban/rural,Education,statesector,1,Uttar Pradesh,NA,Higher,NA,NA,NA,NA
1039,1,0.450152874,0.365828097,0.184019014,0,0,5,State,urban/rural,Education,statesector,1,Uttar Pradesh,NA,NA,NA,NA,NA,NA
1040,1,0.490476489,0.351654977,0.10220632,0.05566223,0,5,State,urban/rural,Education,statesector,0,Uttarakhand,NA,No education / Preschool,NA,NA,NA,NA
1041,1,0.348960549,0.443381041,0.129922301,0.050056089,0.027680049,5,State,urban/rural,Education,statesector,0,Uttarakhand,NA,Primary,NA,NA,NA,NA
1042,1,0.331378341,0.424675465,0.144592494,0.075274482,0.024079222,5,State,urban/rural,Education,statesector,0,Uttarakhand,NA,Secondary,NA,NA,NA,NA
1043,1,0.193243116,0.534398556,0.036466546,0,0.235891759,5,State,urban/rural,Education,statesector,0,Uttarakhand,NA,Higher,NA,NA,NA,NA
1044,1,0,0,0,1,0,5,State,urban/rural,Education,statesector,0,Uttarakhand,NA,NA,NA,NA,NA,NA
1045,1,0.267563015,0.116448127,0.294916153,0.260473639,0.060599074,5,State,urban/rural,Education,statesector,1,Uttarakhand,NA,No education / Preschool,NA,NA,NA,NA
1046,1,0.163938597,0.282689244,0.315404773,0.237967387,0,5,State,urban/rural,Education,statesector,1,Uttarakhand,NA,Primary,NA,NA,NA,NA
1047,1,0,0.202201292,0.391871154,0.315699697,0.09022785,5,State,urban/rural,Education,statesector,1,Uttarakhand,NA,Secondary,NA,NA,NA,NA
1048,1,0,0.116515927,0,0.883484066,0,5,State,urban/rural,Education,statesector,1,Uttarakhand,NA,Higher,NA,NA,NA,NA
1049,1,0.903150797,0.090282142,0.006567081,0,0,5,State,urban/rural,Education,statesector,0,West Bengal,NA,No education / Preschool,NA,NA,NA,NA
1050,1,0.832049072,0.154313311,0.013637628,0,0,5,State,urban/rural,Education,statesector,0,West Bengal,NA,Primary,NA,NA,NA,NA
1051,1,0.775775373,0.199998155,0.022145499,0.002081008,0,5,State,urban/rural,Education,statesector,0,West Bengal,NA,Secondary,NA,NA,NA,NA
1052,1,0.515688002,0.371847451,0.112464532,0,0,5,State,urban/rural,Education,statesector,0,West Bengal,NA,Higher,NA,NA,NA,NA
1053,1,0.873690784,0.126309216,0,0,0,5,State,urban/rural,Education,statesector,0,West Bengal,NA,NA,NA,NA,NA,NA
1054,1,0.580294788,0.316964746,0.091188177,0.011552317,0,5,State,urban/rural,Education,statesector,1,West Bengal,NA,No education / Preschool,NA,NA,NA,NA
1055,1,0.46999228,0.290539235,0.192290634,0.047177833,0,5,State,urban/rural,Education,statesector,1,West Bengal,NA,Primary,NA,NA,NA,NA
1056,1,0.44728446,0.299629927,0.148316771,0.037174702,0.067594148,5,State,urban/rural,Education,statesector,1,West Bengal,NA,Secondary,NA,NA,NA,NA
1057,1,1,0,0,0,0,5,State,urban/rural,Education,statesector,1,West Bengal,NA,Higher,NA,NA,NA,NA
1058,1,0.677862465,0.221258715,0.065591417,0.026812628,0.008474757,5,National,All,Gender,allindia,99,India,NA,NA,1,NA,NA,NA
1059,1,0.738469303,0.195297852,0.044324301,0.016654244,0.005254309,5,National,All,Gender,allindia,99,India,NA,NA,2,NA,NA,NA
1060,1,NA,NA,NA,NA,NA,5,National,All,Gender,allindia,99,India,NA,NA,NA,NA,NA,NA
1061,1,0.711542487,0.217337489,0.052646123,0.015426152,0.003047747,5,National,urban/rural,Gender,indiasector,0,India,NA,NA,1,NA,NA,NA
1062,1,0.767553329,0.189740092,0.033156943,0.008101684,0.001447941,5,National,urban/rural,Gender,indiasector,0,India,NA,NA,2,NA,NA,NA
1063,1,NA,NA,NA,NA,NA,5,National,urban/rural,Gender,indiasector,0,India,NA,NA,NA,NA,NA,NA
1064,1,0.368608534,0.257263869,0.184456721,0.131364644,0.058306221,5,National,urban/rural,Gender,indiasector,1,India,NA,NA,1,NA,NA,NA
1065,1,0.486573458,0.243433401,0.141044363,0.090727657,0.038221117,5,National,urban/rural,Gender,indiasector,1,India,NA,NA,2,NA,NA,NA
1066,1,NA,NA,NA,NA,NA,5,National,urban/rural,Gender,indiasector,1,India,NA,NA,NA,NA,NA,NA
1067,1,0.826844037,0.134875998,0.038279962,0,0,5,State,All,Gender,state,99,Andaman & Nicobar Islands,NA,NA,1,NA,NA,NA
1068,1,0.525727451,0.387441963,0,0.086830594,0,5,State,All,Gender,state,99,Andaman & Nicobar Islands,NA,NA,2,NA,NA,NA
1069,1,0.437300205,0.354411095,0.139656603,0.063822873,0.004809236,5,State,All,Gender,state,99,Andhra Pradesh,NA,NA,1,NA,NA,NA
1070,1,0.60641259,0.294744939,0.06608329,0.029672721,0.003086434,5,State,All,Gender,state,99,Andhra Pradesh,NA,NA,2,NA,NA,NA
1071,1,0.726338208,0.223227769,0.035515524,0.013108997,0.001809493,5,State,All,Gender,state,99,Arunachal Pradesh,NA,NA,1,NA,NA,NA
1072,1,0.690030575,0.229397729,0.055584542,0.018184658,0.00680251,5,State,All,Gender,state,99,Arunachal Pradesh,NA,NA,2,NA,NA,NA
1073,1,NA,NA,NA,NA,NA,5,State,All,Gender,state,99,Arunachal Pradesh,NA,NA,NA,NA,NA,NA
1074,1,0.787888587,0.190382928,0.019838557,0.001144911,0.000745025,5,State,All,Gender,state,99,Assam,NA,NA,1,NA,NA,NA
1075,1,0.841345668,0.140518472,0.013057364,0.004188697,0.000889806,5,State,All,Gender,state,99,Assam,NA,NA,2,NA,NA,NA
1076,1,0.790695369,0.171003819,0.029724957,0.008046946,0.000528938,5,State,All,Gender,state,99,Bihar,NA,NA,1,NA,NA,NA
1077,1,0.803087711,0.165977746,0.025746366,0.005188196,0,5,State,All,Gender,state,99,Bihar,NA,NA,2,NA,NA,NA
1078,1,NA,NA,NA,NA,NA,5,State,All,Gender,state,99,Bihar,NA,NA,NA,NA,NA,NA
1079,1,0.170981064,0.342609584,0.075606942,0.260311365,0.150491059,5,State,All,Gender,state,99,Chandigarh,NA,NA,1,NA,NA,NA
1080,1,0,0,0,0.521178126,0.478821903,5,State,All,Gender,state,99,Chandigarh,NA,NA,2,NA,NA,NA
1081,1,0.774561465,0.164821595,0.043106467,0.013907863,0.003602607,5,State,All,Gender,state,99,Chhattisgarh,NA,NA,1,NA,NA,NA
1082,1,0.799299359,0.138606489,0.039621711,0.020060623,0.002411841,5,State,All,Gender,state,99,Chhattisgarh,NA,NA,2,NA,NA,NA
1083,1,NA,NA,NA,NA,NA,5,State,All,Gender,state,99,Chhattisgarh,NA,NA,NA,NA,NA,NA
1084,1,0.52382195,0.309082121,0.122755736,0.035625208,0.008714955,5,State,All,Gender,state,99,Dadra & Nagar Haveli and Daman & Diu,NA,NA,1,NA,NA,NA
1085,1,0.501589179,0.419455558,0.028897181,0.050058044,0,5,State,All,Gender,state,99,Dadra & Nagar Haveli and Daman & Diu,NA,NA,2,NA,NA,NA
1086,1,0.079828031,0.242556661,0.277838677,0.222794265,0.176982388,5,State,All,Gender,state,99,Delhi,NA,NA,1,NA,NA,NA
1087,1,0.075875208,0.311869055,0.384049892,0.136976525,0.091229349,5,State,All,Gender,state,99,Delhi,NA,NA,2,NA,NA,NA
1088,1,0.122730717,0.323404908,0.253656268,0.25065583,0.049552266,5,State,All,Gender,state,99,Goa,NA,NA,1,NA,NA,NA
1089,1,0.472385257,0.229743302,0.173384905,0.124486543,0,5,State,All,Gender,state,99,Goa,NA,NA,2,NA,NA,NA
1090,1,0.584528804,0.280678809,0.080664411,0.037783798,0.016344145,5,State,All,Gender,state,99,Gujarat,NA,NA,1,NA,NA,NA
1091,1,0.706882,0.208587438,0.057307068,0.020680452,0.006543045,5,State,All,Gender,state,99,Gujarat,NA,NA,2,NA,NA,NA
1092,1,NA,NA,NA,NA,NA,5,State,All,Gender,state,99,Gujarat,NA,NA,NA,NA,NA,NA
1093,1,0.184838668,0.349629909,0.258399338,0.154540569,0.052591518,5,State,All,Gender,state,99,Haryana,NA,NA,1,NA,NA,NA
1094,1,0.286124587,0.355502993,0.195474416,0.097565614,0.065332398,5,State,All,Gender,state,99,Haryana,NA,NA,2,NA,NA,NA
1095,1,NA,NA,NA,NA,NA,5,State,All,Gender,state,99,Haryana,NA,NA,NA,NA,NA,NA
1096,1,0.366452873,0.437707126,0.149809942,0.038197972,0.007832067,5,State,All,Gender,state,99,Himachal Pradesh,NA,NA,1,NA,NA,NA
1097,1,0.526658773,0.382243544,0.042193394,0.039270807,0.009633472,5,State,All,Gender,state,99,Himachal Pradesh,NA,NA,2,NA,NA,NA
1098,1,NA,NA,NA,NA,NA,5,State,All,Gender,state,99,Himachal Pradesh,NA,NA,NA,NA,NA,NA
1099,1,0.604931593,0.289703041,0.068333127,0.035616983,0.001415249,5,State,All,Gender,state,99,Jammu & Kashmir,NA,NA,1,NA,NA,NA
1100,1,0.530773401,0.34398362,0.076852813,0.048390158,0,5,State,All,Gender,state,99,Jammu & Kashmir,NA,NA,2,NA,NA,NA
1101,1,0.84200424,0.125457898,0.026462777,0.006023881,5.12E-05,5,State,All,Gender,state,99,Jharkhand,NA,NA,1,NA,NA,NA
1102,1,0.844603121,0.134726301,0.012077698,0.006359445,0.002233409,5,State,All,Gender,state,99,Jharkhand,NA,NA,2,NA,NA,NA
1103,1,NA,NA,NA,NA,NA,5,State,All,Gender,state,99,Jharkhand,NA,NA,NA,NA,NA,NA
1104,1,0.443648219,0.371734768,0.133878693,0.046108671,0.004629656,5,State,All,Gender,state,99,Karnataka,NA,NA,1,NA,NA,NA
1105,1,0.603098452,0.29424125,0.076872356,0.015154365,0.010633595,5,State,All,Gender,state,99,Karnataka,NA,NA,2,NA,NA,NA
1106,1,NA,NA,NA,NA,NA,5,State,All,Gender,state,99,Karnataka,NA,NA,NA,NA,NA,NA
1107,1,0.356685698,0.404857486,0.183307812,0.04764479,0.007504235,5,State,All,Gender,state,99,Kerala,NA,NA,1,NA,NA,NA
1108,1,0.476549625,0.392624468,0.085061625,0.038693935,0.00707034,5,State,All,Gender,state,99,Kerala,NA,NA,2,NA,NA,NA
1109,1,0.430321932,0.353818506,0.141601443,0.067689531,0.006568584,5,State,All,Gender,state,99,Ladakh,NA,NA,1,NA,NA,NA
1110,1,0.151573136,0.313845396,0.534581482,0,0,5,State,All,Gender,state,99,Ladakh,NA,NA,2,NA,NA,NA
1111,1,0,0.150254384,0.626998246,0.222747341,0,5,State,All,Gender,state,99,Lakshadweep,NA,NA,1,NA,NA,NA
1112,1,0,0.511421442,0,0.488578588,0,5,State,All,Gender,state,99,Lakshadweep,NA,NA,2,NA,NA,NA
1113,1,0.750218511,0.186990485,0.044399206,0.014064635,0.004327155,5,State,All,Gender,state,99,Madhya Pradesh,NA,NA,1,NA,NA,NA
1114,1,0.803845525,0.154747605,0.029351205,0.01002847,0.002027214,5,State,All,Gender,state,99,Madhya Pradesh,NA,NA,2,NA,NA,NA
1115,1,NA,NA,NA,NA,NA,5,State,All,Gender,state,99,Madhya Pradesh,NA,NA,NA,NA,NA,NA
1116,1,0.586087048,0.296031684,0.069892839,0.039136671,0.008851788,5,State,All,Gender,state,99,Maharashtra,NA,NA,1,NA,NA,NA
1117,1,0.741787791,0.208975211,0.030924059,0.013796677,0.004516267,5,State,All,Gender,state,99,Maharashtra,NA,NA,2,NA,NA,NA
1118,1,NA,NA,NA,NA,NA,5,State,All,Gender,state,99,Maharashtra,NA,NA,NA,NA,NA,NA
1119,1,0.652265131,0.300157964,0.044677999,0.002898907,0,5,State,All,Gender,state,99,Manipur,NA,NA,1,NA,NA,NA
1120,1,0.651489913,0.31158337,0.021954803,0.007748456,0.007223452,5,State,All,Gender,state,99,Manipur,NA,NA,2,NA,NA,NA
1121,1,0.747990787,0.235529542,0.013697917,0.000356211,0.002425544,5,State,All,Gender,state,99,Meghalaya,NA,NA,1,NA,NA,NA
1122,1,0.710256279,0.258645594,0.028134504,0.002632271,0.00033139,5,State,All,Gender,state,99,Meghalaya,NA,NA,2,NA,NA,NA
1123,1,NA,NA,NA,NA,NA,5,State,All,Gender,state,99,Meghalaya,NA,NA,NA,NA,NA,NA
1124,1,0.647544503,0.281673402,0.046547789,0.011271735,0.012962568,5,State,All,Gender,state,99,Mizoram,NA,NA,1,NA,NA,NA
1125,1,0.603928924,0.307882637,0.020141307,0.068047136,0,5,State,All,Gender,state,99,Mizoram,NA,NA,2,NA,NA,NA
1126,1,0.774356067,0.198945194,0.017892955,0.004860509,0.003945277,5,State,All,Gender,state,99,Nagaland,NA,NA,1,NA,NA,NA
1127,1,0.771298647,0.1751578,0.050510872,0.003032681,0,5,State,All,Gender,state,99,Nagaland,NA,NA,2,NA,NA,NA
1128,1,NA,NA,NA,NA,NA,5,State,All,Gender,state,99,Nagaland,NA,NA,NA,NA,NA,NA
1129,1,0.848409116,0.131108075,0.015024375,0.004427718,0.001030689,5,State,All,Gender,state,99,Odisha,NA,NA,1,NA,NA,NA
1130,1,0.873410642,0.116996087,0.009185693,0.000407606,0,5,State,All,Gender,state,99,Odisha,NA,NA,2,NA,NA,NA
1131,1,NA,NA,NA,NA,NA,5,State,All,Gender,state,99,Odisha,NA,NA,NA,NA,NA,NA
1132,1,0.339801401,0.317511767,0.037265573,0.257069916,0.04835134,5,State,All,Gender,state,99,Puducherry,NA,NA,1,NA,NA,NA
1133,1,0.853271365,0.136420205,0,0.010308449,0,5,State,All,Gender,state,99,Puducherry,NA,NA,2,NA,NA,NA
1134,1,0.183124602,0.295549452,0.251795918,0.177890807,0.091639236,5,State,All,Gender,state,99,Punjab,NA,NA,1,NA,NA,NA
1135,1,0.297062308,0.362702608,0.125366375,0.119808652,0.095060058,5,State,All,Gender,state,99,Punjab,NA,NA,2,NA,NA,NA
1136,1,0.499338001,0.326797009,0.119546011,0.042091418,0.012227557,5,State,All,Gender,state,99,Rajasthan,NA,NA,1,NA,NA,NA
1137,1,0.514988065,0.340199739,0.099207021,0.032167617,0.01343756,5,State,All,Gender,state,99,Rajasthan,NA,NA,2,NA,NA,NA
1138,1,NA,NA,NA,NA,NA,5,State,All,Gender,state,99,Rajasthan,NA,NA,NA,NA,NA,NA
1139,1,0.342496574,0.53828764,0.107910641,0.011305135,0,5,State,All,Gender,state,99,Sikkim,NA,NA,1,NA,NA,NA
1140,1,0.390565515,0.436630517,0.09201055,0.080793425,0,5,State,All,Gender,state,99,Sikkim,NA,NA,2,NA,NA,NA
1141,1,0.590414941,0.267708153,0.085941032,0.0482511,0.007684777,5,State,All,Gender,state,99,Tamil Nadu,NA,NA,1,NA,NA,NA
1142,1,0.69711256,0.233405009,0.045325428,0.018315731,0.005841278,5,State,All,Gender,state,99,Tamil Nadu,NA,NA,2,NA,NA,NA
1143,1,0.44513166,0.308471769,0.186171234,0.047560513,0.012664815,5,State,All,Gender,state,99,Telangana,NA,NA,1,NA,NA,NA
1144,1,0.652514577,0.261607796,0.063878447,0.019006478,0.002992729,5,State,All,Gender,state,99,Telangana,NA,NA,2,NA,NA,NA
1145,1,NA,NA,NA,NA,NA,5,State,All,Gender,state,99,Telangana,NA,NA,NA,NA,NA,NA
1146,1,0.804419816,0.183726296,0.011853904,0,0,5,State,All,Gender,state,99,Tripura,NA,NA,1,NA,NA,NA
1147,1,0.877466202,0.116100937,0.00643285,0,0,5,State,All,Gender,state,99,Tripura,NA,NA,2,NA,NA,NA
1148,1,NA,NA,NA,NA,NA,5,State,All,Gender,state,99,Tripura,NA,NA,NA,NA,NA,NA
1149,1,0.610941768,0.241754204,0.089873001,0.040600482,0.016830521,5,State,All,Gender,state,99,Uttar Pradesh,NA,NA,1,NA,NA,NA
1150,1,0.652450621,0.222588792,0.075989455,0.03700722,0.011963911,5,State,All,Gender,state,99,Uttar Pradesh,NA,NA,2,NA,NA,NA
1151,1,NA,NA,NA,NA,NA,5,State,All,Gender,state,99,Uttar Pradesh,NA,NA,NA,NA,NA,NA
1152,1,0.321676582,0.353813559,0.176457331,0.119672,0.028380511,5,State,All,Gender,state,99,Uttarakhand,NA,NA,1,NA,NA,NA
1153,1,0.536598742,0.348413855,0.079445392,0.033153109,0.0023889,5,State,All,Gender,state,99,Uttarakhand,NA,NA,2,NA,NA,NA
1154,1,NA,NA,NA,NA,NA,5,State,All,Gender,state,99,Uttarakhand,NA,NA,NA,NA,NA,NA
1155,1,0.809730947,0.157676935,0.027253898,0.00416288,0.001175315,5,State,All,Gender,state,99,West Bengal,NA,NA,1,NA,NA,NA
1156,1,0.864526033,0.115076087,0.019748269,0.000649609,0,5,State,All,Gender,state,99,West Bengal,NA,NA,2,NA,NA,NA
1157,1,NA,NA,NA,NA,NA,5,State,All,Gender,state,99,West Bengal,NA,NA,NA,NA,NA,NA
1158,1,0.855854154,0.121988222,0.022157604,0,0,5,State,urban/rural,Gender,statesector,0,Andaman & Nicobar Islands,NA,NA,1,NA,NA,NA
1159,1,0.57571733,0.42428267,0,0,0,5,State,urban/rural,Gender,statesector,0,Andaman & Nicobar Islands,NA,NA,2,NA,NA,NA
1160,1,0.595811963,0.237512186,0.166675866,0,0,5,State,urban/rural,Gender,statesector,1,Andaman & Nicobar Islands,NA,NA,1,NA,NA,NA
1161,1,0,0,0,1,0,5,State,urban/rural,Gender,statesector,1,Andaman & Nicobar Islands,NA,NA,2,NA,NA,NA
1162,1,0.460306734,0.362316459,0.126968831,0.047248084,0.003159872,5,State,urban/rural,Gender,statesector,0,Andhra Pradesh,NA,NA,1,NA,NA,NA
1163,1,0.646653593,0.291508287,0.039107263,0.019290905,0.003439922,5,State,urban/rural,Gender,statesector,0,Andhra Pradesh,NA,NA,2,NA,NA,NA
1164,1,0.225828573,0.281746417,0.256280094,0.216175035,0.019969868,5,State,urban/rural,Gender,statesector,1,Andhra Pradesh,NA,NA,1,NA,NA,NA
1165,1,0.255053997,0.323005229,0.301620692,0.120320089,0,5,State,urban/rural,Gender,statesector,1,Andhra Pradesh,NA,NA,2,NA,NA,NA
1166,1,0.743817866,0.21315226,0.030509697,0.011451761,0.001068405,5,State,urban/rural,Gender,statesector,0,Arunachal Pradesh,NA,NA,1,NA,NA,NA
1167,1,0.712421179,0.219211891,0.050454892,0.010739218,0.007172817,5,State,urban/rural,Gender,statesector,0,Arunachal Pradesh,NA,NA,2,NA,NA,NA
1168,1,NA,NA,NA,NA,NA,5,State,urban/rural,Gender,statesector,0,Arunachal Pradesh,NA,NA,NA,NA,NA,NA
1169,1,0.341760129,0.444903731,0.145651013,0.049570601,0.01811453,5,State,urban/rural,Gender,statesector,1,Arunachal Pradesh,NA,NA,1,NA,NA,NA
1170,1,0.278716207,0.41651091,0.149815917,0.154956952,0,5,State,urban/rural,Gender,statesector,1,Arunachal Pradesh,NA,NA,2,NA,NA,NA
1171,1,0.81038022,0.176726356,0.012211332,0.00068211,0,5,State,urban/rural,Gender,statesector,0,Assam,NA,NA,1,NA,NA,NA
1172,1,0.868587494,0.121299818,0.006524246,0.003588455,0,5,State,urban/rural,Gender,statesector,0,Assam,NA,NA,2,NA,NA,NA
1173,1,0.410472453,0.41954425,0.147825658,0.008910851,0.013246771,5,State,urban/rural,Gender,statesector,1,Assam,NA,NA,1,NA,NA,NA
1174,1,0.553670585,0.343468487,0.082047433,0.010527295,0.010286204,5,State,urban/rural,Gender,statesector,1,Assam,NA,NA,2,NA,NA,NA
1175,1,0.809010029,0.164591417,0.022289606,0.003600237,0.000508728,5,State,urban/rural,Gender,statesector,0,Bihar,NA,NA,1,NA,NA,NA
1176,1,0.817767262,0.161516413,0.018664869,0.002051444,0,5,State,urban/rural,Gender,statesector,0,Bihar,NA,NA,2,NA,NA,NA
1177,1,NA,NA,NA,NA,NA,5,State,urban/rural,Gender,statesector,0,Bihar,NA,NA,NA,NA,NA,NA
1178,1,0.564837158,0.250082195,0.121418349,0.062884144,0.000778167,5,State,urban/rural,Gender,statesector,1,Bihar,NA,NA,1,NA,NA,NA
1179,1,0.528795898,0.249339074,0.15806587,0.063799188,0,5,State,urban/rural,Gender,statesector,1,Bihar,NA,NA,2,NA,NA,NA
1180,1,0,0,1,0,0,5,State,urban/rural,Gender,statesector,0,Chandigarh,NA,NA,1,NA,NA,NA
1181,1,0.174166501,0.348992467,0.058385242,0.265161037,0.153294742,5,State,urban/rural,Gender,statesector,1,Chandigarh,NA,NA,1,NA,NA,NA
1182,1,0,0,0,0.521178126,0.478821903,5,State,urban/rural,Gender,statesector,1,Chandigarh,NA,NA,2,NA,NA,NA
1183,1,0.785364568,0.166650712,0.03782329,0.008873178,0.00128826,5,State,urban/rural,Gender,statesector,0,Chhattisgarh,NA,NA,1,NA,NA,NA
1184,1,0.841888249,0.126432672,0.023689559,0.007293357,0.00069615,5,State,urban/rural,Gender,statesector,0,Chhattisgarh,NA,NA,2,NA,NA,NA
1185,1,NA,NA,NA,NA,NA,5,State,urban/rural,Gender,statesector,0,Chhattisgarh,NA,NA,NA,NA,NA,NA
1186,1,0.570008397,0.130187854,0.143141747,0.109238014,0.047424022,5,State,urban/rural,Gender,statesector,1,Chhattisgarh,NA,NA,1,NA,NA,NA
1187,1,0.515021443,0.219865814,0.145967603,0.105281159,0.013863948,5,State,urban/rural,Gender,statesector,1,Chhattisgarh,NA,NA,2,NA,NA,NA
1188,1,0.633849144,0.28303957,0.073076285,0.001975039,0.008059967,5,State,urban/rural,Gender,statesector,0,Dadra & Nagar Haveli and Daman & Diu,NA,NA,1,NA,NA,NA
1189,1,0.5953421,0.379280955,0.008176548,0.017200397,0,5,State,urban/rural,Gender,statesector,0,Dadra & Nagar Haveli and Daman & Diu,NA,NA,2,NA,NA,NA
1190,1,0.102094211,0.408901751,0.313174188,0.164604366,0.011225484,5,State,urban/rural,Gender,statesector,1,Dadra & Nagar Haveli and Daman & Diu,NA,NA,1,NA,NA,NA
1191,1,0,0.634394586,0.139755055,0.225850388,0,5,State,urban/rural,Gender,statesector,1,Dadra & Nagar Haveli and Daman & Diu,NA,NA,2,NA,NA,NA
1192,1,0.16375871,0,0.788025141,0,0.048216134,5,State,urban/rural,Gender,statesector,0,Delhi,NA,NA,1,NA,NA,NA
1193,1,0,1,0,0,0,5,State,urban/rural,Gender,statesector,0,Delhi,NA,NA,2,NA,NA,NA
1194,1,0.078348406,0.246832728,0.268844545,0.226721928,0.179252416,5,State,urban/rural,Gender,statesector,1,Delhi,NA,NA,1,NA,NA,NA
1195,1,0.077876762,0.29371649,0.394180924,0.140589893,0.093635932,5,State,urban/rural,Gender,statesector,1,Delhi,NA,NA,2,NA,NA,NA
1196,1,0.095322326,0.326981068,0.223591417,0.285868049,0.068237148,5,State,urban/rural,Gender,statesector,0,Goa,NA,NA,1,NA,NA,NA
1197,1,0.472385257,0.229743302,0.173384905,0.124486543,0,5,State,urban/rural,Gender,statesector,0,Goa,NA,NA,2,NA,NA,NA
1198,1,0.195417717,0.313921005,0.333388209,0.157273084,0,5,State,urban/rural,Gender,statesector,1,Goa,NA,NA,1,NA,NA,NA
1199,1,0.625989199,0.290083677,0.065223791,0.017852167,0.000851151,5,State,urban/rural,Gender,statesector,0,Gujarat,NA,NA,1,NA,NA,NA
1200,1,0.756185055,0.202664569,0.032634024,0.008516331,0,5,State,urban/rural,Gender,statesector,0,Gujarat,NA,NA,2,NA,NA,NA
1201,1,NA,NA,NA,NA,NA,5,State,urban/rural,Gender,statesector,0,Gujarat,NA,NA,NA,NA,NA,NA
1202,1,0.259694636,0.206993371,0.201638773,0.19394438,0.137728855,5,State,urban/rural,Gender,statesector,1,Gujarat,NA,NA,1,NA,NA,NA
1203,1,0.32061252,0.254990757,0.250610232,0.115981355,0.057805121,5,State,urban/rural,Gender,statesector,1,Gujarat,NA,NA,2,NA,NA,NA
1204,1,0.198057055,0.367884845,0.254275978,0.149382859,0.030399267,5,State,urban/rural,Gender,statesector,0,Haryana,NA,NA,1,NA,NA,NA
1205,1,0.301882625,0.383593023,0.172353625,0.087119602,0.05505114,5,State,urban/rural,Gender,statesector,0,Haryana,NA,NA,2,NA,NA,NA
1206,1,NA,NA,NA,NA,NA,5,State,urban/rural,Gender,statesector,0,Haryana,NA,NA,NA,NA,NA,NA
1207,1,0.128548265,0.271891326,0.275958717,0.176504657,0.147097036,5,State,urban/rural,Gender,statesector,1,Haryana,NA,NA,1,NA,NA,NA
1208,1,0.213726118,0.226446763,0.301700145,0.145558581,0.112568401,5,State,urban/rural,Gender,statesector,1,Haryana,NA,NA,2,NA,NA,NA
1209,1,0.35894987,0.438458472,0.157962248,0.036248874,0.008380538,5,State,urban/rural,Gender,statesector,0,Himachal Pradesh,NA,NA,1,NA,NA,NA
1210,1,0.521285057,0.394614309,0.043558922,0.040541749,0,5,State,urban/rural,Gender,statesector,0,Himachal Pradesh,NA,NA,2,NA,NA,NA
1211,1,NA,NA,NA,NA,NA,5,State,urban/rural,Gender,statesector,0,Himachal Pradesh,NA,NA,NA,NA,NA,NA
1212,1,0.473594695,0.426978141,0.033396453,0.066030703,0,5,State,urban/rural,Gender,statesector,1,Himachal Pradesh,NA,NA,1,NA,NA,NA
1213,1,0.692702174,0,0,0,0.307297826,5,State,urban/rural,Gender,statesector,1,Himachal Pradesh,NA,NA,2,NA,NA,NA
1214,1,0.621550024,0.298713446,0.062977195,0.015232123,0.001527206,5,State,urban/rural,Gender,statesector,0,Jammu & Kashmir,NA,NA,1,NA,NA,NA
1215,1,0.541306019,0.350809544,0.058534045,0.049350403,0,5,State,urban/rural,Gender,statesector,0,Jammu & Kashmir,NA,NA,2,NA,NA,NA
1216,1,0.394858271,0.175802231,0.136037439,0.293302059,0,5,State,urban/rural,Gender,statesector,1,Jammu & Kashmir,NA,NA,1,NA,NA,NA
1217,1,0,0,1,0,0,5,State,urban/rural,Gender,statesector,1,Jammu & Kashmir,NA,NA,2,NA,NA,NA
1218,1,0.864223838,0.115324676,0.018096454,0.002355056,0,5,State,urban/rural,Gender,statesector,0,Jharkhand,NA,NA,1,NA,NA,NA
1219,1,0.857206166,0.128437296,0.012553869,0.001802649,0,5,State,urban/rural,Gender,statesector,0,Jharkhand,NA,NA,2,NA,NA,NA
1220,1,NA,NA,NA,NA,NA,5,State,urban/rural,Gender,statesector,0,Jharkhand,NA,NA,NA,NA,NA,NA
1221,1,0.514380038,0.274870902,0.14982301,0.060120195,0.000805871,5,State,urban/rural,Gender,statesector,1,Jharkhand,NA,NA,1,NA,NA,NA
1222,1,0.675999522,0.21886076,0.005707483,0.067320265,0.032111954,5,State,urban/rural,Gender,statesector,1,Jharkhand,NA,NA,2,NA,NA,NA
1223,1,0.453247339,0.394149184,0.124690339,0.025844928,0.002068227,5,State,urban/rural,Gender,statesector,0,Karnataka,NA,NA,1,NA,NA,NA
1224,1,0.624663055,0.294908047,0.062933326,0.013779821,0.003715761,5,State,urban/rural,Gender,statesector,0,Karnataka,NA,NA,2,NA,NA,NA
1225,1,NA,NA,NA,NA,NA,5,State,urban/rural,Gender,statesector,0,Karnataka,NA,NA,NA,NA,NA,NA
1226,1,0.391176999,0.249212071,0.184104517,0.156875357,0.018631063,5,State,urban/rural,Gender,statesector,1,Karnataka,NA,NA,1,NA,NA,NA
1227,1,0.466299921,0.290011227,0.165296867,0.023874016,0.054517988,5,State,urban/rural,Gender,statesector,1,Karnataka,NA,NA,2,NA,NA,NA
1228,1,NA,NA,NA,NA,NA,5,State,urban/rural,Gender,statesector,1,Karnataka,NA,NA,NA,NA,NA,NA
1229,1,0.389459729,0.452985108,0.121324055,0.027136525,0.009094579,5,State,urban/rural,Gender,statesector,0,Kerala,NA,NA,1,NA,NA,NA
1230,1,0.509746909,0.399611503,0.051184114,0.029133873,0.01032364,5,State,urban/rural,Gender,statesector,0,Kerala,NA,NA,2,NA,NA,NA
1231,1,0.202037305,0.177761331,0.475785822,0.144415572,0,5,State,urban/rural,Gender,statesector,1,Kerala,NA,NA,1,NA,NA,NA
1232,1,0.404402584,0.377439708,0.15868704,0.059470657,0,5,State,urban/rural,Gender,statesector,1,Kerala,NA,NA,2,NA,NA,NA
1233,1,0.443864048,0.357889533,0.134390101,0.063856319,0,5,State,urban/rural,Gender,statesector,0,Ladakh,NA,NA,1,NA,NA,NA
1234,1,0.151573136,0.313845396,0.534581482,0,0,5,State,urban/rural,Gender,statesector,0,Ladakh,NA,NA,2,NA,NA,NA
1235,1,0.176307231,0.277456433,0.276867539,0.139590636,0.129778177,5,State,urban/rural,Gender,statesector,1,Ladakh,NA,NA,1,NA,NA,NA
1236,1,0,0.26699096,0.73300904,0,0,5,State,urban/rural,Gender,statesector,0,Lakshadweep,NA,NA,1,NA,NA,NA
1237,1,0,0,0.490549326,0.509450674,0,5,State,urban/rural,Gender,statesector,1,Lakshadweep,NA,NA,1,NA,NA,NA
1238,1,0,0.511421442,0,0.488578588,0,5,State,urban/rural,Gender,statesector,1,Lakshadweep,NA,NA,2,NA,NA,NA
1239,1,0.771272898,0.181254253,0.03706529,0.008932333,0.00147523,5,State,urban/rural,Gender,statesector,0,Madhya Pradesh,NA,NA,1,NA,NA,NA
1240,1,0.824749172,0.143899217,0.022295203,0.007787527,0.00126888,5,State,urban/rural,Gender,statesector,0,Madhya Pradesh,NA,NA,2,NA,NA,NA
1241,1,NA,NA,NA,NA,NA,5,State,urban/rural,Gender,statesector,0,Madhya Pradesh,NA,NA,NA,NA,NA,NA
1242,1,0.494458228,0.256671965,0.133488774,0.076409824,0.038971212,5,State,urban/rural,Gender,statesector,1,Madhya Pradesh,NA,NA,1,NA,NA,NA
1243,1,0.567810059,0.277242988,0.109024644,0.035332274,0.010589999,5,State,urban/rural,Gender,statesector,1,Madhya Pradesh,NA,NA,2,NA,NA,NA
1244,1,NA,NA,NA,NA,NA,5,State,urban/rural,Gender,statesector,1,Madhya Pradesh,NA,NA,NA,NA,NA,NA
1245,1,0.63536936,0.288760096,0.050646257,0.02343549,0.001788812,5,State,urban/rural,Gender,statesector,0,Maharashtra,NA,NA,1,NA,NA,NA
1246,1,0.780833542,0.196672142,0.017489206,0.005005122,0,5,State,urban/rural,Gender,statesector,0,Maharashtra,NA,NA,2,NA,NA,NA
1247,1,NA,NA,NA,NA,NA,5,State,urban/rural,Gender,statesector,0,Maharashtra,NA,NA,NA,NA,NA,NA
1248,1,0.298306197,0.338493586,0.182281986,0.130822673,0.050095573,5,State,urban/rural,Gender,statesector,1,Maharashtra,NA,NA,1,NA,NA,NA
1249,1,0.507711589,0.282731175,0.111464962,0.066501364,0.031590935,5,State,urban/rural,Gender,statesector,1,Maharashtra,NA,NA,2,NA,NA,NA
1250,1,0.679512203,0.289421827,0.027702801,0.003363183,0,5,State,urban/rural,Gender,statesector,0,Manipur,NA,NA,1,NA,NA,NA
1251,1,0.733283401,0.254595757,0.012120837,0,0,5,State,urban/rural,Gender,statesector,0,Manipur,NA,NA,2,NA,NA,NA
1252,1,0.482135952,0.367193907,0.150670156,0,0,5,State,urban/rural,Gender,statesector,1,Manipur,NA,NA,1,NA,NA,NA
1253,1,0.428792566,0.466742307,0.04872952,0.028845001,0.026890583,5,State,urban/rural,Gender,statesector,1,Manipur,NA,NA,2,NA,NA,NA
1254,1,0.749990582,0.235308811,0.014328032,0.000372597,0,5,State,urban/rural,Gender,statesector,0,Meghalaya,NA,NA,1,NA,NA,NA
1255,1,0.717990875,0.256126612,0.024715975,0.000811004,0.000355538,5,State,urban/rural,Gender,statesector,0,Meghalaya,NA,NA,2,NA,NA,NA
1256,1,NA,NA,NA,NA,NA,5,State,urban/rural,Gender,statesector,0,Meghalaya,NA,NA,NA,NA,NA,NA
1257,1,0.704518318,0.240327835,0,0,0.055153836,5,State,urban/rural,Gender,statesector,1,Meghalaya,NA,NA,1,NA,NA,NA
1258,1,0.604115248,0.29321298,0.075046495,0.027625263,0,5,State,urban/rural,Gender,statesector,1,Meghalaya,NA,NA,2,NA,NA,NA
1259,1,0.680273175,0.281149089,0.032150894,0.004610044,0.001816772,5,State,urban/rural,Gender,statesector,0,Mizoram,NA,NA,1,NA,NA,NA
1260,1,0.654107153,0.299895853,0.007122954,0.038874034,0,5,State,urban/rural,Gender,statesector,0,Mizoram,NA,NA,2,NA,NA,NA
1261,1,0.189295635,0.28901422,0.24812524,0.104545057,0.169019863,5,State,urban/rural,Gender,statesector,1,Mizoram,NA,NA,1,NA,NA,NA
1262,1,0.204981565,0.371382326,0.123645112,0.299990982,0,5,State,urban/rural,Gender,statesector,1,Mizoram,NA,NA,2,NA,NA,NA
1263,1,0.819728255,0.168166503,0.009621575,0.001423521,0.001060161,5,State,urban/rural,Gender,statesector,0,Nagaland,NA,NA,1,NA,NA,NA
1264,1,0.829662502,0.151994586,0.018342922,0,0,5,State,urban/rural,Gender,statesector,0,Nagaland,NA,NA,2,NA,NA,NA
1265,1,NA,NA,NA,NA,NA,5,State,urban/rural,Gender,statesector,0,Nagaland,NA,NA,NA,NA,NA,NA
1266,1,0.424702436,0.436136395,0.081635065,0.031347129,0.026178975,5,State,urban/rural,Gender,statesector,1,Nagaland,NA,NA,1,NA,NA,NA
1267,1,0.377444565,0.331468999,0.267588437,0.023497988,0,5,State,urban/rural,Gender,statesector,1,Nagaland,NA,NA,2,NA,NA,NA
1268,1,0.856033385,0.127968758,0.012968665,0.002391359,0.000637842,5,State,urban/rural,Gender,statesector,0,Odisha,NA,NA,1,NA,NA,NA
1269,1,0.875455976,0.115386441,0.009157562,0,0,5,State,urban/rural,Gender,statesector,0,Odisha,NA,NA,2,NA,NA,NA
1270,1,NA,NA,NA,NA,NA,5,State,urban/rural,Gender,statesector,0,Odisha,NA,NA,NA,NA,NA,NA
1271,1,0.71666199,0.185355678,0.050547153,0.039616093,0.007819097,5,State,urban/rural,Gender,statesector,1,Odisha,NA,NA,1,NA,NA,NA
1272,1,0.845717907,0.138789266,0.009566572,0.005926234,0,5,State,urban/rural,Gender,statesector,1,Odisha,NA,NA,2,NA,NA,NA
1273,1,0.431642264,0.568357706,0,0,0,5,State,urban/rural,Gender,statesector,0,Puducherry,NA,NA,1,NA,NA,NA
1274,1,0.969651043,0.030348977,0,0,0,5,State,urban/rural,Gender,statesector,0,Puducherry,NA,NA,2,NA,NA,NA
1275,1,0.285528213,0.169274852,0.059287589,0.40898487,0.076924466,5,State,urban/rural,Gender,statesector,1,Puducherry,NA,NA,1,NA,NA,NA
1276,1,0.699749887,0.276343346,0,0.023906769,0,5,State,urban/rural,Gender,statesector,1,Puducherry,NA,NA,2,NA,NA,NA
1277,1,0.206656873,0.333751827,0.237708718,0.16509001,0.056792591,5,State,urban/rural,Gender,statesector,0,Punjab,NA,NA,1,NA,NA,NA
1278,1,0.292182624,0.45184055,0.089300878,0.138486207,0.028189722,5,State,urban/rural,Gender,statesector,0,Punjab,NA,NA,2,NA,NA,NA
1279,1,0.130138308,0.209531263,0.283515275,0.206713647,0.170101479,5,State,urban/rural,Gender,statesector,1,Punjab,NA,NA,1,NA,NA,NA
1280,1,0.307492375,0.172175422,0.202454239,0.079886474,0.237991482,5,State,urban/rural,Gender,statesector,1,Punjab,NA,NA,2,NA,NA,NA
1281,1,0.518129766,0.32855925,0.113154262,0.032691024,0.007465703,5,State,urban/rural,Gender,statesector,0,Rajasthan,NA,NA,1,NA,NA,NA
1282,1,0.541146874,0.342881799,0.091919526,0.021515485,0.002536306,5,State,urban/rural,Gender,statesector,0,Rajasthan,NA,NA,2,NA,NA,NA
1283,1,NA,NA,NA,NA,NA,5,State,urban/rural,Gender,statesector,0,Rajasthan,NA,NA,NA,NA,NA,NA
1284,1,0.157839566,0.294771999,0.235701889,0.212922826,0.098763727,5,State,urban/rural,Gender,statesector,1,Rajasthan,NA,NA,1,NA,NA,NA
1285,1,0.225021958,0.310469627,0.179987639,0.150244683,0.134276092,5,State,urban/rural,Gender,statesector,1,Rajasthan,NA,NA,2,NA,NA,NA
1286,1,0.353926301,0.522088766,0.112227537,0.01175739,0,5,State,urban/rural,Gender,statesector,0,Sikkim,NA,NA,1,NA,NA,NA
1287,1,0.41419664,0.463048816,0.097577646,0.025176886,0,5,State,urban/rural,Gender,statesector,0,Sikkim,NA,NA,2,NA,NA,NA
1288,1,0.05678454,0.94321543,0,0,0,5,State,urban/rural,Gender,statesector,1,Sikkim,NA,NA,1,NA,NA,NA
1289,1,0,0,0,1,0,5,State,urban/rural,Gender,statesector,1,Sikkim,NA,NA,2,NA,NA,NA
1290,1,0.622088671,0.278161705,0.078106746,0.018090598,0.003552306,5,State,urban/rural,Gender,statesector,0,Tamil Nadu,NA,NA,1,NA,NA,NA
1291,1,0.695415735,0.254021078,0.040360641,0.010202564,0,5,State,urban/rural,Gender,statesector,0,Tamil Nadu,NA,NA,2,NA,NA,NA
1292,1,0.481994361,0.2319251,0.11275816,0.151491955,0.021830428,5,State,urban/rural,Gender,statesector,1,Tamil Nadu,NA,NA,1,NA,NA,NA
1293,1,0.703133225,0.160255417,0.062941425,0.047102742,0.026567215,5,State,urban/rural,Gender,statesector,1,Tamil Nadu,NA,NA,2,NA,NA,NA
1294,1,0.479664654,0.309033841,0.175190091,0.032607742,0.003503687,5,State,urban/rural,Gender,statesector,0,Telangana,NA,NA,1,NA,NA,NA
1295,1,0.65685606,0.260762036,0.066100009,0.014565501,0.001716402,5,State,urban/rural,Gender,statesector,0,Telangana,NA,NA,2,NA,NA,NA
1296,1,NA,NA,NA,NA,NA,5,State,urban/rural,Gender,statesector,0,Telangana,NA,NA,NA,NA,NA,NA
1297,1,0.211169064,0.304663748,0.260569036,0.148866266,0.074731901,5,State,urban/rural,Gender,statesector,1,Telangana,NA,NA,1,NA,NA,NA
1298,1,0.616918445,0.268542171,0.045663703,0.055418279,0.013457401,5,State,urban/rural,Gender,statesector,1,Telangana,NA,NA,2,NA,NA,NA
1299,1,NA,NA,NA,NA,NA,5,State,urban/rural,Gender,statesector,1,Telangana,NA,NA,NA,NA,NA,NA
1300,1,0.839112878,0.152632296,0.008254839,0,0,5,State,urban/rural,Gender,statesector,0,Tripura,NA,NA,1,NA,NA,NA
1301,1,0.889504492,0.103292182,0.007203334,0,0,5,State,urban/rural,Gender,statesector,0,Tripura,NA,NA,2,NA,NA,NA
1302,1,NA,NA,NA,NA,NA,5,State,urban/rural,Gender,statesector,0,Tripura,NA,NA,NA,NA,NA,NA
1303,1,0.509600878,0.447960675,0.042438459,0,0,5,State,urban/rural,Gender,statesector,1,Tripura,NA,NA,1,NA,NA,NA
1304,1,0.776957572,0.223042428,0,0,0,5,State,urban/rural,Gender,statesector,1,Tripura,NA,NA,2,NA,NA,NA
1305,1,NA,NA,NA,NA,NA,5,State,urban/rural,Gender,statesector,1,Tripura,NA,NA,NA,NA,NA,NA
1306,1,0.655293405,0.244735852,0.071595229,0.022086071,0.006289451,5,State,urban/rural,Gender,statesector,0,Uttar Pradesh,NA,NA,1,NA,NA,NA
1307,1,0.698470175,0.224691465,0.060084715,0.013420752,0.003332876,5,State,urban/rural,Gender,statesector,0,Uttar Pradesh,NA,NA,2,NA,NA,NA
1308,1,NA,NA,NA,NA,NA,5,State,urban/rural,Gender,statesector,0,Uttar Pradesh,NA,NA,NA,NA,NA,NA
1309,1,0.244153485,0.217095867,0.241030425,0.193714917,0.104005322,5,State,urban/rural,Gender,statesector,1,Uttar Pradesh,NA,NA,1,NA,NA,NA
1310,1,0.300710291,0.206517532,0.197553769,0.217285112,0.077933304,5,State,urban/rural,Gender,statesector,1,Uttar Pradesh,NA,NA,2,NA,NA,NA
1311,1,NA,NA,NA,NA,NA,5,State,urban/rural,Gender,statesector,1,Uttar Pradesh,NA,NA,NA,NA,NA,NA
1312,1,0.370297611,0.402512878,0.131386891,0.07504154,0.020761061,5,State,urban/rural,Gender,statesector,0,Uttarakhand,NA,NA,1,NA,NA,NA
1313,1,0.522986054,0.371871799,0.084794283,0.020347869,0,5,State,urban/rural,Gender,statesector,0,Uttarakhand,NA,NA,2,NA,NA,NA
1314,1,NA,NA,NA,NA,NA,5,State,urban/rural,Gender,statesector,0,Uttarakhand,NA,NA,NA,NA,NA,NA
1315,1,0.144074172,0.17592521,0.341090173,0.282697678,0.056212757,5,State,urban/rural,Gender,statesector,1,Uttarakhand,NA,NA,1,NA,NA,NA
1316,1,0.738784075,0,0,0.223345429,0.037870504,5,State,urban/rural,Gender,statesector,1,Uttarakhand,NA,NA,2,NA,NA,NA
1317,1,0.848450184,0.138889939,0.012290629,0.000369245,0,5,State,urban/rural,Gender,statesector,0,West Bengal,NA,NA,1,NA,NA,NA
1318,1,0.899321139,0.091016158,0.009662675,0,0,5,State,urban/rural,Gender,statesector,0,West Bengal,NA,NA,2,NA,NA,NA
1319,1,NA,NA,NA,NA,NA,5,State,urban/rural,Gender,statesector,0,West Bengal,NA,NA,NA,NA,NA,NA
1320,1,0.496671408,0.309576929,0.148237616,0.03483586,0.010678185,5,State,urban/rural,Gender,statesector,1,West Bengal,NA,NA,1,NA,NA,NA
1321,1,0.614709079,0.287818015,0.092159346,0.005313573,0,5,State,urban/rural,Gender,statesector,1,West Bengal,NA,NA,2,NA,NA,NA
1322,1,0.852223396,0.133857906,0.012037035,0.00174935,0.000132286,5,National,All,HH Size,allindia,99,India,NA,NA,NA,1,NA,NA
1323,1,0.764373302,0.1853991,0.036688957,0.010959364,0.002579252,5,National,All,HH Size,allindia,99,India,NA,NA,NA,2 to 3,NA,NA
1324,1,0.660761297,0.234069407,0.069043592,0.027612275,0.008513412,5,National,All,HH Size,allindia,99,India,NA,NA,NA,4 to 6,NA,NA
1325,1,0.56785965,0.258466989,0.104516089,0.050821856,0.018335393,5,National,All,HH Size,allindia,99,India,NA,NA,NA,7+,NA,NA
1326,1,0.864932656,0.127252266,0.006262294,0.001405151,0.000147622,5,National,urban/rural,HH Size,indiasector,0,India,NA,NA,NA,1,NA,NA
1327,1,0.787719369,0.178435937,0.026974376,0.005733892,0.00113645,5,National,urban/rural,HH Size,indiasector,0,India,NA,NA,NA,2 to 3,NA,NA
1328,1,0.699873447,0.230172709,0.053947218,0.013905889,0.00210072,5,National,urban/rural,HH Size,indiasector,0,India,NA,NA,NA,4 to 6,NA,NA
1329,1,0.60597384,0.260187805,0.09166652,0.033821814,0.008350041,5,National,urban/rural,HH Size,indiasector,0,India,NA,NA,NA,7+,NA,NA
1330,1,0.742592335,0.190838814,0.06185044,0.004718432,0,5,National,urban/rural,HH Size,indiasector,1,India,NA,NA,NA,1,NA,NA
1331,1,0.516270697,0.259398043,0.139927641,0.066491447,0.017912174,5,National,urban/rural,HH Size,indiasector,1,India,NA,NA,NA,2 to 3,NA,NA
1332,1,0.320008963,0.268018156,0.200566009,0.147024885,0.064381994,5,National,urban/rural,HH Size,indiasector,1,India,NA,NA,NA,4 to 6,NA,NA
1333,1,0.256478637,0.244408384,0.209493205,0.189707056,0.099912725,5,National,urban/rural,HH Size,indiasector,1,India,NA,NA,NA,7+,NA,NA
1334,1,0.665801108,0.334198922,0,0,0,5,State,All,HH Size,state,99,Andaman & Nicobar Islands,NA,NA,NA,1,NA,NA
1335,1,0.737107337,0.167167783,0.048219919,0.047504984,0,5,State,All,HH Size,state,99,Andaman & Nicobar Islands,NA,NA,NA,2 to 3,NA,NA
1336,1,0.837557852,0.137398586,0.02504357,0,0,5,State,All,HH Size,state,99,Andaman & Nicobar Islands,NA,NA,NA,4 to 6,NA,NA
1337,1,0.778092265,0.118010439,0.103897296,0,0,5,State,All,HH Size,state,99,Andaman & Nicobar Islands,NA,NA,NA,7+,NA,NA
1338,1,0.748572886,0.196028486,0.050877653,0.004520977,0,5,State,All,HH Size,state,99,Andhra Pradesh,NA,NA,NA,1,NA,NA
1339,1,0.564375103,0.328876525,0.080587484,0.023120573,0.003040347,5,State,All,HH Size,state,99,Andhra Pradesh,NA,NA,NA,2 to 3,NA,NA
1340,1,0.284398347,0.416567892,0.194588289,0.09565071,0.008794742,5,State,All,HH Size,state,99,Andhra Pradesh,NA,NA,NA,4 to 6,NA,NA
1341,1,0.305382878,0.390962005,0.126069933,0.177585199,0,5,State,All,HH Size,state,99,Andhra Pradesh,NA,NA,NA,7+,NA,NA
1342,1,0.80790925,0.165759996,0.026330726,0,0,5,State,All,HH Size,state,99,Arunachal Pradesh,NA,NA,NA,1,NA,NA
1343,1,0.773294926,0.187459156,0.032680936,0.003745109,0.002819886,5,State,All,HH Size,state,99,Arunachal Pradesh,NA,NA,NA,2 to 3,NA,NA
1344,1,0.660272539,0.26482299,0.048536833,0.022522731,0.003844906,5,State,All,HH Size,state,99,Arunachal Pradesh,NA,NA,NA,4 to 6,NA,NA
1345,1,0.627649903,0.290159851,0.040930212,0.04126006,0,5,State,All,HH Size,state,99,Arunachal Pradesh,NA,NA,NA,7+,NA,NA
1346,1,0.891195595,0.105360635,0.003443795,0,0,5,State,All,HH Size,state,99,Assam,NA,NA,NA,1,NA,NA
1347,1,0.820793271,0.159220353,0.019986387,0,0,5,State,All,HH Size,state,99,Assam,NA,NA,NA,2 to 3,NA,NA
1348,1,0.783317447,0.192400515,0.021065826,0.001833276,0.001382927,5,State,All,HH Size,state,99,Assam,NA,NA,NA,4 to 6,NA,NA
1349,1,0.765997231,0.215974763,0.012254874,0.005773121,0,5,State,All,HH Size,state,99,Assam,NA,NA,NA,7+,NA,NA
1350,1,0.895817935,0.099729337,0.003984084,0.000468672,0,5,State,All,HH Size,state,99,Bihar,NA,NA,NA,1,NA,NA
1351,1,0.84498477,0.137918085,0.012890504,0.004206644,0,5,State,All,HH Size,state,99,Bihar,NA,NA,NA,2 to 3,NA,NA
1352,1,0.787135601,0.179061249,0.027847419,0.005863127,9.26E-05,5,State,All,HH Size,state,99,Bihar,NA,NA,NA,4 to 6,NA,NA
1353,1,0.717707813,0.206597984,0.057591695,0.016434578,0.001667933,5,State,All,HH Size,state,99,Bihar,NA,NA,NA,7+,NA,NA
1354,1,0.203089863,0.406179726,0,0.390730381,0,5,State,All,HH Size,state,99,Chandigarh,NA,NA,NA,2 to 3,NA,NA
1355,1,0,0.30294624,0.133708104,0.208730057,0.354615599,5,State,All,HH Size,state,99,Chandigarh,NA,NA,NA,4 to 6,NA,NA
1356,1,0.441141635,0.221823618,0,0.337034762,0,5,State,All,HH Size,state,99,Chandigarh,NA,NA,NA,7+,NA,NA
1357,1,0.897857606,0.088262714,0.013879661,0,0,5,State,All,HH Size,state,99,Chhattisgarh,NA,NA,NA,1,NA,NA
1358,1,0.859436512,0.115750313,0.0202954,0.004517753,0,5,State,All,HH Size,state,99,Chhattisgarh,NA,NA,NA,2 to 3,NA,NA
1359,1,0.731390417,0.193956867,0.049647905,0.020597963,0.004406843,5,State,All,HH Size,state,99,Chhattisgarh,NA,NA,NA,4 to 6,NA,NA
1360,1,0.592452765,0.236807704,0.113301612,0.044300649,0.013137273,5,State,All,HH Size,state,99,Chhattisgarh,NA,NA,NA,7+,NA,NA
1361,1,0.520132124,0.47356689,0.006300979,0,0,5,State,All,HH Size,state,99,Dadra & Nagar Haveli and Daman & Diu,NA,NA,NA,1,NA,NA
1362,1,0.703812718,0.138394818,0.144140482,0.013652001,0,5,State,All,HH Size,state,99,Dadra & Nagar Haveli and Daman & Diu,NA,NA,NA,2 to 3,NA,NA
1363,1,0.431395441,0.380636424,0.129761472,0.058206659,0,5,State,All,HH Size,state,99,Dadra & Nagar Haveli and Daman & Diu,NA,NA,NA,4 to 6,NA,NA
1364,1,0.532792568,0.372136712,0.028824845,0.025459025,0.04078687,5,State,All,HH Size,state,99,Dadra & Nagar Haveli and Daman & Diu,NA,NA,NA,7+,NA,NA
1365,1,0.297617912,0.510198534,0.192183524,0,0,5,State,All,HH Size,state,99,Delhi,NA,NA,NA,1,NA,NA
1366,1,0.11003875,0.304032087,0.282003164,0.086045213,0.217880785,5,State,All,HH Size,state,99,Delhi,NA,NA,NA,2 to 3,NA,NA
1367,1,0.077960193,0.252146661,0.321983844,0.21915777,0.128751531,5,State,All,HH Size,state,99,Delhi,NA,NA,NA,4 to 6,NA,NA
1368,1,0.016201612,0.164880157,0.222550094,0.316985965,0.279382169,5,State,All,HH Size,state,99,Delhi,NA,NA,NA,7+,NA,NA
1369,1,0.604692817,0.395307153,0,0,0,5,State,All,HH Size,state,99,Goa,NA,NA,NA,1,NA,NA
1370,1,0,0.34811464,0.163275182,0.488610178,0,5,State,All,HH Size,state,99,Goa,NA,NA,NA,2 to 3,NA,NA
1371,1,0.104179762,0.252995759,0.389362514,0.15698728,0.0964747,5,State,All,HH Size,state,99,Goa,NA,NA,NA,4 to 6,NA,NA
1372,1,0.563279629,0,0.436720341,0,0,5,State,All,HH Size,state,99,Goa,NA,NA,NA,7+,NA,NA
1373,1,0.86517489,0.13482514,0,0,0,5,State,All,HH Size,state,99,Gujarat,NA,NA,NA,1,NA,NA
1374,1,0.695666015,0.23896943,0.03822083,0.018302094,0.008841651,5,State,All,HH Size,state,99,Gujarat,NA,NA,NA,2 to 3,NA,NA
1375,1,0.552714705,0.29171446,0.094745457,0.041908324,0.01891703,5,State,All,HH Size,state,99,Gujarat,NA,NA,NA,4 to 6,NA,NA
1376,1,0.494813055,0.313267648,0.118032895,0.054792829,0.019093556,5,State,All,HH Size,state,99,Gujarat,NA,NA,NA,7+,NA,NA
1377,1,0.545799255,0.3897717,0.05372598,0.010703064,0,5,State,All,HH Size,state,99,Haryana,NA,NA,NA,1,NA,NA
1378,1,0.307225943,0.423321366,0.195807159,0.065526612,0.008118927,5,State,All,HH Size,state,99,Haryana,NA,NA,NA,2 to 3,NA,NA
1379,1,0.150304839,0.343325526,0.284534842,0.1660458,0.055788998,5,State,All,HH Size,state,99,Haryana,NA,NA,NA,4 to 6,NA,NA
1380,1,0.134140849,0.294327438,0.262742668,0.202538684,0.106250353,5,State,All,HH Size,state,99,Haryana,NA,NA,NA,7+,NA,NA
1381,1,0.701444983,0.290658742,0.007896269,0,0,5,State,All,HH Size,state,99,Himachal Pradesh,NA,NA,NA,1,NA,NA
1382,1,0.454507679,0.462379754,0.062356323,0.016049562,0.004706707,5,State,All,HH Size,state,99,Himachal Pradesh,NA,NA,NA,2 to 3,NA,NA
1383,1,0.257547051,0.441824704,0.227078214,0.062592126,0.0109579,5,State,All,HH Size,state,99,Himachal Pradesh,NA,NA,NA,4 to 6,NA,NA
1384,1,0.254094869,0.495573491,0.139854431,0.086885206,0.023592005,5,State,All,HH Size,state,99,Himachal Pradesh,NA,NA,NA,7+,NA,NA
1385,1,0.801595926,0.198404074,0,0,0,5,State,All,HH Size,state,99,Jammu & Kashmir,NA,NA,NA,1,NA,NA
1386,1,0.689309418,0.236968592,0.069710709,0.004011312,0,5,State,All,HH Size,state,99,Jammu & Kashmir,NA,NA,NA,2 to 3,NA,NA
1387,1,0.585133135,0.299694926,0.071327642,0.042346008,0.001498331,5,State,All,HH Size,state,99,Jammu & Kashmir,NA,NA,NA,4 to 6,NA,NA
1388,1,0.544706881,0.335970849,0.066018209,0.051112417,0.002191612,5,State,All,HH Size,state,99,Jammu & Kashmir,NA,NA,NA,7+,NA,NA
1389,1,0.942964256,0.040493172,0.008950283,0.007592275,0,5,State,All,HH Size,state,99,Jharkhand,NA,NA,NA,1,NA,NA
1390,1,0.879519224,0.103641175,0.016147904,0.000691705,0,5,State,All,HH Size,state,99,Jharkhand,NA,NA,NA,2 to 3,NA,NA
1391,1,0.834986091,0.136381492,0.022178238,0.005958133,0.000496034,5,State,All,HH Size,state,99,Jharkhand,NA,NA,NA,4 to 6,NA,NA
1392,1,0.761219025,0.176675752,0.043809216,0.016177267,0.002118714,5,State,All,HH Size,state,99,Jharkhand,NA,NA,NA,7+,NA,NA
1393,1,0.769748926,0.223146275,0.007104823,0,0,5,State,All,HH Size,state,99,Karnataka,NA,NA,NA,1,NA,NA
1394,1,0.536382735,0.34086448,0.098686911,0.021994455,0.002071421,5,State,All,HH Size,state,99,Karnataka,NA,NA,NA,2 to 3,NA,NA
1395,1,0.427550733,0.388995528,0.133607417,0.039769426,0.010076905,5,State,All,HH Size,state,99,Karnataka,NA,NA,NA,4 to 6,NA,NA
1396,1,0.297149926,0.389817566,0.213083118,0.087853834,0.01209554,5,State,All,HH Size,state,99,Karnataka,NA,NA,NA,7+,NA,NA
1397,1,0.472611994,0.446196914,0.081191108,0,0,5,State,All,HH Size,state,99,Kerala,NA,NA,NA,1,NA,NA
1398,1,0.419997305,0.439753115,0.113985434,0.026264163,0,5,State,All,HH Size,state,99,Kerala,NA,NA,NA,2 to 3,NA,NA
1399,1,0.291885406,0.325938314,0.277223051,0.104953229,0,5,State,All,HH Size,state,99,Kerala,NA,NA,NA,4 to 6,NA,NA
1400,1,0.517708242,0.206910402,0.035339024,0.13186112,0.108181238,5,State,All,HH Size,state,99,Kerala,NA,NA,NA,7+,NA,NA
1401,1,1,0,0,0,0,5,State,All,HH Size,state,99,Ladakh,NA,NA,NA,1,NA,NA
1402,1,0.57776916,0.248803481,0.173427358,0,0,5,State,All,HH Size,state,99,Ladakh,NA,NA,NA,2 to 3,NA,NA
1403,1,0.349072188,0.389453143,0.167872369,0.085322611,0.008279695,5,State,All,HH Size,state,99,Ladakh,NA,NA,NA,4 to 6,NA,NA
1404,1,0.640366554,0.241681039,0.117952377,0,0,5,State,All,HH Size,state,99,Ladakh,NA,NA,NA,7+,NA,NA
1405,1,0,1,0,0,0,5,State,All,HH Size,state,99,Lakshadweep,NA,NA,NA,2 to 3,NA,NA
1406,1,0,0.150254384,0.626998246,0.222747341,0,5,State,All,HH Size,state,99,Lakshadweep,NA,NA,NA,4 to 6,NA,NA
1407,1,0,0,0,1,0,5,State,All,HH Size,state,99,Lakshadweep,NA,NA,NA,7+,NA,NA
1408,1,0.91242969,0.084505565,0.001638305,0.001426449,0,5,State,All,HH Size,state,99,Madhya Pradesh,NA,NA,NA,1,NA,NA
1409,1,0.838868022,0.13218911,0.022287861,0.004785929,0.001869067,5,State,All,HH Size,state,99,Madhya Pradesh,NA,NA,NA,2 to 3,NA,NA
1410,1,0.721696675,0.211958423,0.04842221,0.014192594,0.003730085,5,State,All,HH Size,state,99,Madhya Pradesh,NA,NA,NA,4 to 6,NA,NA
1411,1,0.621216178,0.247253418,0.085281044,0.035108577,0.011140762,5,State,All,HH Size,state,99,Madhya Pradesh,NA,NA,NA,7+,NA,NA
1412,1,0.832689881,0.149043009,0.018267099,0,0,5,State,All,HH Size,state,99,Maharashtra,NA,NA,NA,1,NA,NA
1413,1,0.700230777,0.243938893,0.04020549,0.014002698,0.001622149,5,State,All,HH Size,state,99,Maharashtra,NA,NA,NA,2 to 3,NA,NA
1414,1,0.537540317,0.338164121,0.076472662,0.039514832,0.008308037,5,State,All,HH Size,state,99,Maharashtra,NA,NA,NA,4 to 6,NA,NA
1415,1,0.462764353,0.308099478,0.10763929,0.093135431,0.028361436,5,State,All,HH Size,state,99,Maharashtra,NA,NA,NA,7+,NA,NA
1416,1,0.863403141,0.112310767,0.024286097,0,0,5,State,All,HH Size,state,99,Manipur,NA,NA,NA,1,NA,NA
1417,1,0.694983602,0.259436697,0.045579683,0,0,5,State,All,HH Size,state,99,Manipur,NA,NA,NA,2 to 3,NA,NA
1418,1,0.566302717,0.382857502,0.037493464,0.009255699,0.004090644,5,State,All,HH Size,state,99,Manipur,NA,NA,NA,4 to 6,NA,NA
1419,1,0.617398143,0.337336451,0.045265436,0,0,5,State,All,HH Size,state,99,Manipur,NA,NA,NA,7+,NA,NA
1420,1,0.896037996,0.08934734,0.014614683,0,0,5,State,All,HH Size,state,99,Meghalaya,NA,NA,NA,1,NA,NA
1421,1,0.724157035,0.243177801,0.025174476,0,0.007490698,5,State,All,HH Size,state,99,Meghalaya,NA,NA,NA,2 to 3,NA,NA
1422,1,0.730838954,0.244329557,0.022278009,0.002553461,0,5,State,All,HH Size,state,99,Meghalaya,NA,NA,NA,4 to 6,NA,NA
1423,1,0.706367314,0.27603969,0.016923385,0.000669601,0,5,State,All,HH Size,state,99,Meghalaya,NA,NA,NA,7+,NA,NA
1424,1,0.759037375,0.229035169,0.011927457,0,0,5,State,All,HH Size,state,99,Mizoram,NA,NA,NA,1,NA,NA
1425,1,0.590442121,0.33740133,0.049003217,0.02315332,0,5,State,All,HH Size,state,99,Mizoram,NA,NA,NA,2 to 3,NA,NA
1426,1,0.648754895,0.278661847,0.046799798,0.022756366,0.003027111,5,State,All,HH Size,state,99,Mizoram,NA,NA,NA,4 to 6,NA,NA
1427,1,0.65276593,0.216818392,0.030980309,0.018782619,0.080652766,5,State,All,HH Size,state,99,Mizoram,NA,NA,NA,7+,NA,NA
1428,1,0.868975997,0.131024018,0,0,0,5,State,All,HH Size,state,99,Nagaland,NA,NA,NA,1,NA,NA
1429,1,0.795067906,0.178739965,0.021258887,0.003652061,0.001281159,5,State,All,HH Size,state,99,Nagaland,NA,NA,NA,2 to 3,NA,NA
1430,1,0.710053682,0.235302612,0.038461521,0.008567795,0.00761441,5,State,All,HH Size,state,99,Nagaland,NA,NA,NA,4 to 6,NA,NA
1431,1,0.765984476,0.222429305,0.011586242,0,0,5,State,All,HH Size,state,99,Nagaland,NA,NA,NA,7+,NA,NA
1432,1,0.939585984,0.059087425,0.001326614,0,0,5,State,All,HH Size,state,99,Odisha,NA,NA,NA,1,NA,NA
1433,1,0.870427251,0.118852518,0.009474928,0.000868194,0.000377137,5,State,All,HH Size,state,99,Odisha,NA,NA,NA,2 to 3,NA,NA
1434,1,0.82796818,0.146173581,0.019301105,0.005684406,0.000872706,5,State,All,HH Size,state,99,Odisha,NA,NA,NA,4 to 6,NA,NA
1435,1,0.810456574,0.160399988,0.017964382,0.007848867,0.003330211,5,State,All,HH Size,state,99,Odisha,NA,NA,NA,7+,NA,NA
1436,1,0.827734768,0.172265261,0,0,0,5,State,All,HH Size,state,99,Puducherry,NA,NA,NA,1,NA,NA
1437,1,0.635128736,0.315078437,0.008722756,0.041070055,0,5,State,All,HH Size,state,99,Puducherry,NA,NA,NA,2 to 3,NA,NA
1438,1,0.28892225,0.157449484,0.117797397,0.279333711,0.156497151,5,State,All,HH Size,state,99,Puducherry,NA,NA,NA,4 to 6,NA,NA
1439,1,0.346639723,0.150548577,0,0.482842445,0.019969251,5,State,All,HH Size,state,99,Puducherry,NA,NA,NA,7+,NA,NA
1440,1,0.503736675,0.34684667,0.08775913,0.038386285,0.023271259,5,State,All,HH Size,state,99,Punjab,NA,NA,NA,1,NA,NA
1441,1,0.3651748,0.363734722,0.16017215,0.076941781,0.033976562,5,State,All,HH Size,state,99,Punjab,NA,NA,NA,2 to 3,NA,NA
1442,1,0.129037946,0.312643111,0.281214714,0.187200248,0.089903988,5,State,All,HH Size,state,99,Punjab,NA,NA,NA,4 to 6,NA,NA
1443,1,0.078211062,0.205616564,0.233144149,0.281915933,0.2011123,5,State,All,HH Size,state,99,Punjab,NA,NA,NA,7+,NA,NA
1444,1,0.750227332,0.223115876,0.022553718,0.004103083,0,5,State,All,HH Size,state,99,Rajasthan,NA,NA,NA,1,NA,NA
1445,1,0.605477333,0.29509297,0.070681445,0.023981534,0.004766705,5,State,All,HH Size,state,99,Rajasthan,NA,NA,NA,2 to 3,NA,NA
1446,1,0.486220062,0.34591502,0.119858071,0.037274674,0.010732166,5,State,All,HH Size,state,99,Rajasthan,NA,NA,NA,4 to 6,NA,NA
1447,1,0.384680122,0.346334815,0.172115535,0.071129397,0.025740143,5,State,All,HH Size,state,99,Rajasthan,NA,NA,NA,7+,NA,NA
1448,1,0.402391702,0.577419162,0.020189129,0,0,5,State,All,HH Size,state,99,Sikkim,NA,NA,NA,1,NA,NA
1449,1,0.3935709,0.514537573,0.073730625,0.018160902,0,5,State,All,HH Size,state,99,Sikkim,NA,NA,NA,2 to 3,NA,NA
1450,1,0.269184858,0.500483632,0.202454478,0.027877025,0,5,State,All,HH Size,state,99,Sikkim,NA,NA,NA,4 to 6,NA,NA
1451,1,0.325094283,0.61043781,0,0.064467922,0,5,State,All,HH Size,state,99,Sikkim,NA,NA,NA,7+,NA,NA
1452,1,0.775691271,0.211311489,0.008668687,0.004328547,0,5,State,All,HH Size,state,99,Tamil Nadu,NA,NA,NA,1,NA,NA
1453,1,0.656777203,0.261767834,0.054824408,0.024256237,0.00237434,5,State,All,HH Size,state,99,Tamil Nadu,NA,NA,NA,2 to 3,NA,NA
1454,1,0.390057445,0.293943435,0.18288666,0.106065013,0.02704744,5,State,All,HH Size,state,99,Tamil Nadu,NA,NA,NA,4 to 6,NA,NA
1455,1,0.281750739,0.397511542,0.230251327,0.075158939,0.015327456,5,State,All,HH Size,state,99,Tamil Nadu,NA,NA,NA,7+,NA,NA
1456,1,0.80189395,0.166221157,0.02838116,0.003503759,0,5,State,All,HH Size,state,99,Telangana,NA,NA,NA,1,NA,NA
1457,1,0.52323252,0.311307013,0.119498722,0.04180032,0.004161399,5,State,All,HH Size,state,99,Telangana,NA,NA,NA,2 to 3,NA,NA
1458,1,0.318154275,0.360399812,0.26038,0.053580821,0.007485095,5,State,All,HH Size,state,99,Telangana,NA,NA,NA,4 to 6,NA,NA
1459,1,0.319840401,0.31892252,0.167153955,0.079232782,0.114850342,5,State,All,HH Size,state,99,Telangana,NA,NA,NA,7+,NA,NA
1460,1,0.93419081,0.060501095,0.005308066,0,0,5,State,All,HH Size,state,99,Tripura,NA,NA,NA,1,NA,NA
1461,1,0.850289643,0.145302787,0.004407572,0,0,5,State,All,HH Size,state,99,Tripura,NA,NA,NA,2 to 3,NA,NA
1462,1,0.773209751,0.209943518,0.016846713,0,0,5,State,All,HH Size,state,99,Tripura,NA,NA,NA,4 to 6,NA,NA
1463,1,0.648645461,0.327879518,0.023475008,0,0,5,State,All,HH Size,state,99,Tripura,NA,NA,NA,7+,NA,NA
1464,1,0.880619466,0.105122872,0.012574909,0.001682761,0,5,State,All,HH Size,state,99,Uttar Pradesh,NA,NA,NA,1,NA,NA
1465,1,0.730988145,0.197478607,0.049636256,0.015826965,0.006070047,5,State,All,HH Size,state,99,Uttar Pradesh,NA,NA,NA,2 to 3,NA,NA
1466,1,0.599766493,0.2533499,0.088533893,0.04181622,0.016533531,5,State,All,HH Size,state,99,Uttar Pradesh,NA,NA,NA,4 to 6,NA,NA
1467,1,0.51165396,0.268365502,0.130498782,0.063745603,0.025736148,5,State,All,HH Size,state,99,Uttar Pradesh,NA,NA,NA,7+,NA,NA
1468,1,0.656092167,0.316824108,0.027083732,0,0,5,State,All,HH Size,state,99,Uttarakhand,NA,NA,NA,1,NA,NA
1469,1,0.482851297,0.387998819,0.105428532,0.019872284,0.00384904,5,State,All,HH Size,state,99,Uttarakhand,NA,NA,NA,2 to 3,NA,NA
1470,1,0.300584435,0.326600701,0.192981437,0.152106628,0.02772681,5,State,All,HH Size,state,99,Uttarakhand,NA,NA,NA,4 to 6,NA,NA
1471,1,0.184820443,0.405128211,0.214312121,0.14473854,0.051000673,5,State,All,HH Size,state,99,Uttarakhand,NA,NA,NA,7+,NA,NA
1472,1,0.939285636,0.060714357,0,0,0,5,State,All,HH Size,state,99,West Bengal,NA,NA,NA,1,NA,NA
1473,1,0.846891344,0.13051334,0.018915445,0.003679862,0,5,State,All,HH Size,state,99,West Bengal,NA,NA,NA,2 to 3,NA,NA
1474,1,0.789534211,0.175237387,0.031623196,0.002807881,0.00079733,5,State,All,HH Size,state,99,West Bengal,NA,NA,NA,4 to 6,NA,NA
1475,1,0.726971149,0.194794163,0.059910722,0.010650311,0.007673667,5,State,All,HH Size,state,99,West Bengal,NA,NA,NA,7+,NA,NA
1476,1,0.665801108,0.334198922,0,0,0,5,State,urban/rural,HH Size,statesector,0,Andaman & Nicobar Islands,NA,NA,NA,1,NA,NA
1477,1,0.797981679,0.193440214,0.008578108,0,0,5,State,urban/rural,HH Size,statesector,0,Andaman & Nicobar Islands,NA,NA,NA,2 to 3,NA,NA
1478,1,0.870403647,0.100618608,0.028977776,0,0,5,State,urban/rural,HH Size,statesector,0,Andaman & Nicobar Islands,NA,NA,NA,4 to 6,NA,NA
1479,1,0.778092265,0.118010439,0.103897296,0,0,5,State,urban/rural,HH Size,statesector,0,Andaman & Nicobar Islands,NA,NA,NA,7+,NA,NA
1480,1,0.349772424,0,0.300455123,0.349772424,0,5,State,urban/rural,HH Size,statesector,1,Andaman & Nicobar Islands,NA,NA,NA,2 to 3,NA,NA
1481,1,0.628474891,0.371525109,0,0,0,5,State,urban/rural,HH Size,statesector,1,Andaman & Nicobar Islands,NA,NA,NA,4 to 6,NA,NA
1482,1,0.792276382,0.184565201,0.017963389,0.005195026,0,5,State,urban/rural,HH Size,statesector,0,Andhra Pradesh,NA,NA,NA,1,NA,NA
1483,1,0.583882928,0.324386984,0.065701015,0.022762947,0.003266105,5,State,urban/rural,HH Size,statesector,0,Andhra Pradesh,NA,NA,NA,2 to 3,NA,NA
1484,1,0.317260802,0.436799556,0.184896648,0.055477303,0.005565686,5,State,urban/rural,HH Size,statesector,0,Andhra Pradesh,NA,NA,NA,4 to 6,NA,NA
1485,1,0.300232768,0.414180577,0.114156321,0.171430349,0,5,State,urban/rural,HH Size,statesector,0,Andhra Pradesh,NA,NA,NA,7+,NA,NA
1486,1,0.455445021,0.272914976,0.271640003,0,0,5,State,urban/rural,HH Size,statesector,1,Andhra Pradesh,NA,NA,NA,1,NA,NA
1487,1,0.301657826,0.389338136,0.281067222,0.027936809,0,5,State,urban/rural,HH Size,statesector,1,Andhra Pradesh,NA,NA,NA,2 to 3,NA,NA
1488,1,0.029731302,0.259782881,0.269693583,0.406973958,0.033818256,5,State,urban/rural,HH Size,statesector,1,Andhra Pradesh,NA,NA,NA,4 to 6,NA,NA
1489,1,0.347660333,0.200359493,0.223869413,0.228110731,0,5,State,urban/rural,HH Size,statesector,1,Andhra Pradesh,NA,NA,NA,7+,NA,NA
1490,1,0.809625983,0.162929296,0.027444709,0,0,5,State,urban/rural,HH Size,statesector,0,Arunachal Pradesh,NA,NA,NA,1,NA,NA
1491,1,0.789577544,0.179436356,0.026142724,0.001927083,0.002916315,5,State,urban/rural,HH Size,statesector,0,Arunachal Pradesh,NA,NA,NA,2 to 3,NA,NA
1492,1,0.685908079,0.249142051,0.043533973,0.019113846,0.002302025,5,State,urban/rural,HH Size,statesector,0,Arunachal Pradesh,NA,NA,NA,4 to 6,NA,NA
1493,1,0.637943268,0.290531456,0.03538635,0.036138944,0,5,State,urban/rural,HH Size,statesector,0,Arunachal Pradesh,NA,NA,NA,7+,NA,NA
1494,1,0.767332017,0.232667968,0,0,0,5,State,urban/rural,HH Size,statesector,1,Arunachal Pradesh,NA,NA,NA,1,NA,NA
1495,1,0.297139525,0.422071397,0.223879129,0.05690996,0,5,State,urban/rural,HH Size,statesector,1,Arunachal Pradesh,NA,NA,NA,2 to 3,NA,NA
1496,1,0.233767077,0.525710702,0.13177073,0.079237223,0.029514231,5,State,urban/rural,HH Size,statesector,1,Arunachal Pradesh,NA,NA,NA,4 to 6,NA,NA
1497,1,0.439196885,0.28335622,0.142428398,0.135018498,0,5,State,urban/rural,HH Size,statesector,1,Arunachal Pradesh,NA,NA,NA,7+,NA,NA
1498,1,0.936298013,0.063083217,0.000618778,0,0,5,State,urban/rural,HH Size,statesector,0,Assam,NA,NA,NA,1,NA,NA
1499,1,0.849572718,0.139961123,0.010466169,0,0,5,State,urban/rural,HH Size,statesector,0,Assam,NA,NA,NA,2 to 3,NA,NA
1500,1,0.805788219,0.180431858,0.01261719,0.001162723,0,5,State,urban/rural,HH Size,statesector,0,Assam,NA,NA,NA,4 to 6,NA,NA
1501,1,0.776903868,0.207486883,0.011094807,0.004514425,0,5,State,urban/rural,HH Size,statesector,0,Assam,NA,NA,NA,7+,NA,NA
1502,1,0.637417197,0.34324345,0.019339349,0,0,5,State,urban/rural,HH Size,statesector,1,Assam,NA,NA,NA,1,NA,NA
1503,1,0.47557795,0.390238732,0.134183332,0,0,5,State,urban/rural,HH Size,statesector,1,Assam,NA,NA,NA,2 to 3,NA,NA
1504,1,0.355297953,0.420377403,0.181994081,0.014605861,0.027724694,5,State,urban/rural,HH Size,statesector,1,Assam,NA,NA,NA,4 to 6,NA,NA
1505,1,0.48210609,0.436907411,0.042450503,0.03853599,0,5,State,urban/rural,HH Size,statesector,1,Assam,NA,NA,NA,7+,NA,NA
1506,1,0.898217022,0.097080752,0.004207304,0.000494931,0,5,State,urban/rural,HH Size,statesector,0,Bihar,NA,NA,NA,1,NA,NA
1507,1,0.857954264,0.130798936,0.009462678,0.001784102,0,5,State,urban/rural,HH Size,statesector,0,Bihar,NA,NA,NA,2 to 3,NA,NA
1508,1,0.804713547,0.174161538,0.018769987,0.002255125,9.98E-05,5,State,urban/rural,HH Size,statesector,0,Bihar,NA,NA,NA,4 to 6,NA,NA
1509,1,0.741100192,0.201032832,0.048259176,0.008010997,0.001596775,5,State,urban/rural,HH Size,statesector,0,Bihar,NA,NA,NA,7+,NA,NA
1510,1,0.852998137,0.147001892,0,0,0,5,State,urban/rural,HH Size,statesector,1,Bihar,NA,NA,NA,1,NA,NA
1511,1,0.588392496,0.278765082,0.080707535,0.05213486,0,5,State,urban/rural,HH Size,statesector,1,Bihar,NA,NA,NA,2 to 3,NA,NA
1512,1,0.560898066,0.242123142,0.144678786,0.05230004,0,5,State,urban/rural,HH Size,statesector,1,Bihar,NA,NA,NA,4 to 6,NA,NA
1513,1,0.471726537,0.265117884,0.155727178,0.105012193,0.002416197,5,State,urban/rural,HH Size,statesector,1,Bihar,NA,NA,NA,7+,NA,NA
1514,1,0,0,1,0,0,5,State,urban/rural,HH Size,statesector,0,Chandigarh,NA,NA,NA,4 to 6,NA,NA
1515,1,0.203089863,0.406179726,0,0.390730381,0,5,State,urban/rural,HH Size,statesector,1,Chandigarh,NA,NA,NA,2 to 3,NA,NA
1516,1,0,0.313072383,0.104751863,0.215706974,0.366468787,5,State,urban/rural,HH Size,statesector,1,Chandigarh,NA,NA,NA,4 to 6,NA,NA
1517,1,0.441141635,0.221823618,0,0.337034762,0,5,State,urban/rural,HH Size,statesector,1,Chandigarh,NA,NA,NA,7+,NA,NA
1518,1,0.912449658,0.083574437,0.003975902,0,0,5,State,urban/rural,HH Size,statesector,0,Chhattisgarh,NA,NA,NA,1,NA,NA
1519,1,0.874977052,0.107853957,0.013119206,0.004049785,0,5,State,urban/rural,HH Size,statesector,0,Chhattisgarh,NA,NA,NA,2 to 3,NA,NA
1520,1,0.74852097,0.19801195,0.042960349,0.010144883,0.000361837,5,State,urban/rural,HH Size,statesector,0,Chhattisgarh,NA,NA,NA,4 to 6,NA,NA
1521,1,0.620475531,0.240807801,0.104143359,0.025442168,0.009131175,5,State,urban/rural,HH Size,statesector,0,Chhattisgarh,NA,NA,NA,7+,NA,NA
1522,1,0.782078326,0.125461459,0.092460185,0,0,5,State,urban/rural,HH Size,statesector,1,Chhattisgarh,NA,NA,NA,1,NA,NA
1523,1,0.607180238,0.243925318,0.136780545,0.01211389,0,5,State,urban/rural,HH Size,statesector,1,Chhattisgarh,NA,NA,NA,2 to 3,NA,NA
1524,1,0.472290039,0.132623747,0.150797367,0.178701133,0.065587692,5,State,urban/rural,HH Size,statesector,1,Chhattisgarh,NA,NA,NA,4 to 6,NA,NA
1525,1,0.18720527,0.17896089,0.245742574,0.317020267,0.071070977,5,State,urban/rural,HH Size,statesector,1,Chhattisgarh,NA,NA,NA,7+,NA,NA
1526,1,0.750394344,0.240515217,0.009090419,0,0,5,State,urban/rural,HH Size,statesector,0,Dadra & Nagar Haveli and Daman & Diu,NA,NA,NA,1,NA,NA
1527,1,0.772435367,0.129764795,0.094136223,0.00366363,0,5,State,urban/rural,HH Size,statesector,0,Dadra & Nagar Haveli and Daman & Diu,NA,NA,NA,2 to 3,NA,NA
1528,1,0.563389122,0.358096182,0.077550277,0.000964395,0,5,State,urban/rural,HH Size,statesector,0,Dadra & Nagar Haveli and Daman & Diu,NA,NA,NA,4 to 6,NA,NA
1529,1,0.576341212,0.375516176,0,0.015780963,0.032361653,5,State,urban/rural,HH Size,statesector,0,Dadra & Nagar Haveli and Daman & Diu,NA,NA,NA,7+,NA,NA
1530,1,0,1,0,0,0,5,State,urban/rural,HH Size,statesector,1,Dadra & Nagar Haveli and Daman & Diu,NA,NA,NA,1,NA,NA
1531,1,0.400647104,0.176521108,0.365052521,0.057779267,0,5,State,urban/rural,HH Size,statesector,1,Dadra & Nagar Haveli and Daman & Diu,NA,NA,NA,2 to 3,NA,NA
1532,1,0,0.454304785,0.300403476,0.245291725,0,5,State,urban/rural,HH Size,statesector,1,Dadra & Nagar Haveli and Daman & Diu,NA,NA,NA,4 to 6,NA,NA
1533,1,0,0.330790937,0.381480098,0.143864498,0.143864498,5,State,urban/rural,HH Size,statesector,1,Dadra & Nagar Haveli and Daman & Diu,NA,NA,NA,7+,NA,NA
1534,1,1,0,0,0,0,5,State,urban/rural,HH Size,statesector,0,Delhi,NA,NA,NA,1,NA,NA
1535,1,0,0.2888771,0.684824824,0,0.0262981,5,State,urban/rural,HH Size,statesector,0,Delhi,NA,NA,NA,4 to 6,NA,NA
1536,1,0,0,0.869218647,0,0.130781353,5,State,urban/rural,HH Size,statesector,0,Delhi,NA,NA,NA,7+,NA,NA
1537,1,0.2456837,0.54792273,0.2063936,0,0,5,State,urban/rural,HH Size,statesector,1,Delhi,NA,NA,NA,1,NA,NA
1538,1,0.11003875,0.304032087,0.282003164,0.086045213,0.217880785,5,State,urban/rural,HH Size,statesector,1,Delhi,NA,NA,NA,2 to 3,NA,NA
1539,1,0.07963068,0.251359642,0.314209104,0.223853752,0.13094683,5,State,urban/rural,HH Size,statesector,1,Delhi,NA,NA,NA,4 to 6,NA,NA
1540,1,0.01645118,0.167419955,0.212588862,0.321868807,0.281671196,5,State,urban/rural,HH Size,statesector,1,Delhi,NA,NA,NA,7+,NA,NA
1541,1,0.672790289,0.327209741,0,0,0,5,State,urban/rural,HH Size,statesector,0,Goa,NA,NA,NA,1,NA,NA
1542,1,0,0.296245664,0.205991209,0.497763127,0,5,State,urban/rural,HH Size,statesector,0,Goa,NA,NA,NA,2 to 3,NA,NA
1543,1,0,0.3523193,0.294712156,0.21861887,0.134349674,5,State,urban/rural,HH Size,statesector,0,Goa,NA,NA,NA,4 to 6,NA,NA
1544,1,0.563279629,0,0.436720341,0,0,5,State,urban/rural,HH Size,statesector,0,Goa,NA,NA,NA,7+,NA,NA
1545,1,0,1,0,0,0,5,State,urban/rural,HH Size,statesector,1,Goa,NA,NA,NA,1,NA,NA
1546,1,0,0.546375573,0,0.453624457,0,5,State,urban/rural,HH Size,statesector,1,Goa,NA,NA,NA,2 to 3,NA,NA
1547,1,0.369545251,0,0.630454779,0,0,5,State,urban/rural,HH Size,statesector,1,Goa,NA,NA,NA,4 to 6,NA,NA
1548,1,0.882061541,0.117938459,0,0,0,5,State,urban/rural,HH Size,statesector,0,Gujarat,NA,NA,NA,1,NA,NA
1549,1,0.72730577,0.238924727,0.02433243,0.009437067,0,5,State,urban/rural,HH Size,statesector,0,Gujarat,NA,NA,NA,2 to 3,NA,NA
1550,1,0.597078145,0.309333384,0.074253753,0.018862115,0.000472592,5,State,urban/rural,HH Size,statesector,0,Gujarat,NA,NA,NA,4 to 6,NA,NA
1551,1,0.547878146,0.322732091,0.100251473,0.026781421,0.002356863,5,State,urban/rural,HH Size,statesector,0,Gujarat,NA,NA,NA,7+,NA,NA
1552,1,0.645647287,0.354352742,0,0,0,5,State,urban/rural,HH Size,statesector,1,Gujarat,NA,NA,NA,1,NA,NA
1553,1,0.381399095,0.239413396,0.17616947,0.106355339,0.0966627,5,State,urban/rural,HH Size,statesector,1,Gujarat,NA,NA,NA,2 to 3,NA,NA
1554,1,0.230465621,0.163733512,0.243593976,0.209312364,0.152894527,5,State,urban/rural,HH Size,statesector,1,Gujarat,NA,NA,NA,4 to 6,NA,NA
1555,1,0.171697855,0.255638361,0.226304606,0.225355297,0.121003866,5,State,urban/rural,HH Size,statesector,1,Gujarat,NA,NA,NA,7+,NA,NA
1556,1,0.573194146,0.383001149,0.032024063,0.011780649,0,5,State,urban/rural,HH Size,statesector,0,Haryana,NA,NA,NA,1,NA,NA
1557,1,0.309330463,0.424560249,0.186738476,0.074755616,0.004615186,5,State,urban/rural,HH Size,statesector,0,Haryana,NA,NA,NA,2 to 3,NA,NA
1558,1,0.161899343,0.369227767,0.284644783,0.155163333,0.029064778,5,State,urban/rural,HH Size,statesector,0,Haryana,NA,NA,NA,4 to 6,NA,NA
1559,1,0.145983964,0.325314403,0.254711419,0.194919035,0.079071157,5,State,urban/rural,HH Size,statesector,0,Haryana,NA,NA,NA,7+,NA,NA
1560,1,0.273700923,0.457019985,0.269279093,0,0,5,State,urban/rural,HH Size,statesector,1,Haryana,NA,NA,NA,1,NA,NA
1561,1,0.29753226,0.417614847,0.237578675,0.023016585,0.024257621,5,State,urban/rural,HH Size,statesector,1,Haryana,NA,NA,NA,2 to 3,NA,NA
1562,1,0.110568471,0.254554123,0.284158081,0.203341857,0.147377461,5,State,urban/rural,HH Size,statesector,1,Haryana,NA,NA,NA,4 to 6,NA,NA
1563,1,0.060152546,0.100740567,0.312916726,0.250141412,0.27604875,5,State,urban/rural,HH Size,statesector,1,Haryana,NA,NA,NA,7+,NA,NA
1564,1,0.703810692,0.287998736,0.008190549,0,0,5,State,urban/rural,HH Size,statesector,0,Himachal Pradesh,NA,NA,NA,1,NA,NA
1565,1,0.463792175,0.447476,0.066572219,0.01713467,0.005024927,5,State,urban/rural,HH Size,statesector,0,Himachal Pradesh,NA,NA,NA,2 to 3,NA,NA
1566,1,0.227171183,0.464021564,0.245773301,0.058475625,0.004558337,5,State,urban/rural,HH Size,statesector,0,Himachal Pradesh,NA,NA,NA,4 to 6,NA,NA
1567,1,0.257608891,0.502427101,0.127958894,0.088086799,0.023918275,5,State,urban/rural,HH Size,statesector,0,Himachal Pradesh,NA,NA,NA,7+,NA,NA
1568,1,0.63796705,0.36203292,0,0,0,5,State,urban/rural,HH Size,statesector,1,Himachal Pradesh,NA,NA,NA,1,NA,NA
1569,1,0.317182809,0.682817161,0,0,0,5,State,urban/rural,HH Size,statesector,1,Himachal Pradesh,NA,NA,NA,2 to 3,NA,NA
1570,1,0.626505077,0.172212332,0,0.112592913,0.088689663,5,State,urban/rural,HH Size,statesector,1,Himachal Pradesh,NA,NA,NA,4 to 6,NA,NA
1571,1,0,0,1,0,0,5,State,urban/rural,HH Size,statesector,1,Himachal Pradesh,NA,NA,NA,7+,NA,NA
1572,1,0.781763315,0.218236685,0,0,0,5,State,urban/rural,HH Size,statesector,0,Jammu & Kashmir,NA,NA,NA,1,NA,NA
1573,1,0.689575374,0.242672488,0.067752115,0,0,5,State,urban/rural,HH Size,statesector,0,Jammu & Kashmir,NA,NA,NA,2 to 3,NA,NA
1574,1,0.606607497,0.312234968,0.061306689,0.018232042,0.00161879,5,State,urban/rural,HH Size,statesector,0,Jammu & Kashmir,NA,NA,NA,4 to 6,NA,NA
1575,1,0.561626792,0.332878709,0.069255531,0.033939905,0.002299082,5,State,urban/rural,HH Size,statesector,0,Jammu & Kashmir,NA,NA,NA,7+,NA,NA
1576,1,1,0,0,0,0,5,State,urban/rural,HH Size,statesector,1,Jammu & Kashmir,NA,NA,NA,1,NA,NA
1577,1,0.685969949,0.165360436,0.094299346,0.054370273,0,5,State,urban/rural,HH Size,statesector,1,Jammu & Kashmir,NA,NA,NA,2 to 3,NA,NA
1578,1,0.318023145,0.143715024,0.195973575,0.342288256,0,5,State,urban/rural,HH Size,statesector,1,Jammu & Kashmir,NA,NA,NA,4 to 6,NA,NA
1579,1,0.199663103,0.399028331,0,0.401308566,0,5,State,urban/rural,HH Size,statesector,1,Jammu & Kashmir,NA,NA,NA,7+,NA,NA
1580,1,0.957556129,0.03840087,0.004043007,0,0,5,State,urban/rural,HH Size,statesector,0,Jharkhand,NA,NA,NA,1,NA,NA
1581,1,0.8948102,0.096006863,0.009182937,0,0,5,State,urban/rural,HH Size,statesector,0,Jharkhand,NA,NA,NA,2 to 3,NA,NA
1582,1,0.854022264,0.125985488,0.016844343,0.00314791,0,5,State,urban/rural,HH Size,statesector,0,Jharkhand,NA,NA,NA,4 to 6,NA,NA
1583,1,0.795456111,0.16499047,0.035385568,0.004167852,0,5,State,urban/rural,HH Size,statesector,0,Jharkhand,NA,NA,NA,7+,NA,NA
1584,1,0.773096502,0.064850233,0.06607724,0.095976047,0,5,State,urban/rural,HH Size,statesector,1,Jharkhand,NA,NA,NA,1,NA,NA
1585,1,0.670046449,0.208224416,0.111561701,0.010167435,0,5,State,urban/rural,HH Size,statesector,1,Jharkhand,NA,NA,NA,2 to 3,NA,NA
1586,1,0.543563485,0.295532912,0.103834286,0.048979554,0.008089764,5,State,urban/rural,HH Size,statesector,1,Jharkhand,NA,NA,NA,4 to 6,NA,NA
1587,1,0.275395185,0.342489958,0.163340762,0.186590835,0.032183263,5,State,urban/rural,HH Size,statesector,1,Jharkhand,NA,NA,NA,7+,NA,NA
1588,1,0.773178041,0.222473443,0.004348501,0,0,5,State,urban/rural,HH Size,statesector,0,Karnataka,NA,NA,NA,1,NA,NA
1589,1,0.537375987,0.366157383,0.08947587,0.00647001,0.000520775,5,State,urban/rural,HH Size,statesector,0,Karnataka,NA,NA,NA,2 to 3,NA,NA
1590,1,0.456827611,0.411449254,0.113128416,0.018594725,0,5,State,urban/rural,HH Size,statesector,0,Karnataka,NA,NA,NA,4 to 6,NA,NA
1591,1,0.304626644,0.395026356,0.212131232,0.07449168,0.013724079,5,State,urban/rural,HH Size,statesector,0,Karnataka,NA,NA,NA,7+,NA,NA
1592,1,0.7450791,0.227986708,0.026934177,0,0,5,State,urban/rural,HH Size,statesector,1,Karnataka,NA,NA,NA,1,NA,NA
1593,1,0.530760109,0.197683483,0.150829867,0.109877042,0.010849504,5,State,urban/rural,HH Size,statesector,1,Karnataka,NA,NA,NA,2 to 3,NA,NA
1594,1,0.288194478,0.282117128,0.231086239,0.140559778,0.058042388,5,State,urban/rural,HH Size,statesector,1,Karnataka,NA,NA,NA,4 to 6,NA,NA
1595,1,0.241618693,0.351130754,0.220152989,0.187097564,0,5,State,urban/rural,HH Size,statesector,1,Karnataka,NA,NA,NA,7+,NA,NA
1596,1,0.491596758,0.492720962,0.015682276,0,0,5,State,urban/rural,HH Size,statesector,0,Kerala,NA,NA,NA,1,NA,NA
1597,1,0.427247614,0.419214725,0.122937687,0.030599995,0,5,State,urban/rural,HH Size,statesector,0,Kerala,NA,NA,NA,2 to 3,NA,NA
1598,1,0.353239775,0.437338978,0.143239021,0.066182204,0,5,State,urban/rural,HH Size,statesector,0,Kerala,NA,NA,NA,4 to 6,NA,NA
1599,1,0.596342623,0.238337904,0.040706649,0,0.124612831,5,State,urban/rural,HH Size,statesector,0,Kerala,NA,NA,NA,7+,NA,NA
1600,1,0.4391523,0.364200592,0.196647108,0,0,5,State,urban/rural,HH Size,statesector,1,Kerala,NA,NA,NA,1,NA,NA
1601,1,0.376078874,0.564163685,0.059757426,0,0,5,State,urban/rural,HH Size,statesector,1,Kerala,NA,NA,NA,2 to 3,NA,NA
1602,1,0.112373509,0,0.669236243,0.218390271,0,5,State,urban/rural,HH Size,statesector,1,Kerala,NA,NA,NA,4 to 6,NA,NA
1603,1,0,0,0,1,0,5,State,urban/rural,HH Size,statesector,1,Kerala,NA,NA,NA,7+,NA,NA
1604,1,1,0,0,0,0,5,State,urban/rural,HH Size,statesector,0,Ladakh,NA,NA,NA,1,NA,NA
1605,1,0.601753175,0.217620209,0.180626586,0,0,5,State,urban/rural,HH Size,statesector,0,Ladakh,NA,NA,NA,2 to 3,NA,NA
1606,1,0.357486904,0.402697027,0.158951357,0.080864705,0,5,State,urban/rural,HH Size,statesector,0,Ladakh,NA,NA,NA,4 to 6,NA,NA
1607,1,0.640366554,0.241681039,0.117952377,0,0,5,State,urban/rural,HH Size,statesector,0,Ladakh,NA,NA,NA,7+,NA,NA
1608,1,0,1,0,0,0,5,State,urban/rural,HH Size,statesector,1,Ladakh,NA,NA,NA,2 to 3,NA,NA
1609,1,0.204500914,0.161912888,0.321142048,0.161912888,0.150531292,5,State,urban/rural,HH Size,statesector,1,Ladakh,NA,NA,NA,4 to 6,NA,NA
1610,1,0,0.26699096,0.73300904,0,0,5,State,urban/rural,HH Size,statesector,0,Lakshadweep,NA,NA,NA,4 to 6,NA,NA
1611,1,0,1,0,0,0,5,State,urban/rural,HH Size,statesector,1,Lakshadweep,NA,NA,NA,2 to 3,NA,NA
1612,1,0,0,0.490549326,0.509450674,0,5,State,urban/rural,HH Size,statesector,1,Lakshadweep,NA,NA,NA,4 to 6,NA,NA
1613,1,0,0,0,1,0,5,State,urban/rural,HH Size,statesector,1,Lakshadweep,NA,NA,NA,7+,NA,NA
1614,1,0.923241377,0.074502692,0.000739117,0.001516801,0,5,State,urban/rural,HH Size,statesector,0,Madhya Pradesh,NA,NA,NA,1,NA,NA
1615,1,0.851815879,0.127273872,0.017379349,0.00197824,0.001552652,5,State,urban/rural,HH Size,statesector,0,Madhya Pradesh,NA,NA,NA,2 to 3,NA,NA
1616,1,0.745801091,0.206739634,0.038666882,0.007835421,0.000956962,5,State,urban/rural,HH Size,statesector,0,Madhya Pradesh,NA,NA,NA,4 to 6,NA,NA
1617,1,0.65159744,0.238407701,0.077705078,0.028893614,0.003396148,5,State,urban/rural,HH Size,statesector,0,Madhya Pradesh,NA,NA,NA,7+,NA,NA
1618,1,0.741738617,0.242427051,0.015834337,0,0,5,State,urban/rural,HH Size,statesector,1,Madhya Pradesh,NA,NA,NA,1,NA,NA
1619,1,0.667216539,0.197351083,0.087360702,0.042007871,0.00606382,5,State,urban/rural,HH Size,statesector,1,Madhya Pradesh,NA,NA,NA,2 to 3,NA,NA
1620,1,0.464220792,0.267703831,0.15262565,0.082097977,0.033351742,5,State,urban/rural,HH Size,statesector,1,Madhya Pradesh,NA,NA,NA,4 to 6,NA,NA
1621,1,0.236719981,0.359202206,0.181160241,0.113763288,0.109154291,5,State,urban/rural,HH Size,statesector,1,Madhya Pradesh,NA,NA,NA,7+,NA,NA
1622,1,0.840317428,0.151230842,0.008451755,0,0,5,State,urban/rural,HH Size,statesector,0,Maharashtra,NA,NA,NA,1,NA,NA
1623,1,0.731527209,0.240539417,0.025439216,0.002494171,0,5,State,urban/rural,HH Size,statesector,0,Maharashtra,NA,NA,NA,2 to 3,NA,NA
1624,1,0.605886102,0.314050168,0.054237038,0.024243768,0.001582937,5,State,urban/rural,HH Size,statesector,0,Maharashtra,NA,NA,NA,4 to 6,NA,NA
1625,1,0.513442755,0.328027785,0.089437395,0.063680634,0.00541141,5,State,urban/rural,HH Size,statesector,0,Maharashtra,NA,NA,NA,7+,NA,NA
1626,1,0.778779924,0.133579776,0.087640293,0,0,5,State,urban/rural,HH Size,statesector,1,Maharashtra,NA,NA,NA,1,NA,NA
1627,1,0.499896377,0.265699655,0.13472718,0.087670945,0.012005833,5,State,urban/rural,HH Size,statesector,1,Maharashtra,NA,NA,NA,2 to 3,NA,NA
1628,1,0.154637665,0.473261029,0.201046333,0.125069976,0.045984976,5,State,urban/rural,HH Size,statesector,1,Maharashtra,NA,NA,NA,4 to 6,NA,NA
1629,1,0.22243169,0.213593349,0.193958282,0.23281914,0.137197539,5,State,urban/rural,HH Size,statesector,1,Maharashtra,NA,NA,NA,7+,NA,NA
1630,1,0.89631176,0.103688233,0,0,0,5,State,urban/rural,HH Size,statesector,0,Manipur,NA,NA,NA,1,NA,NA
1631,1,0.730544806,0.243817165,0.025638029,0,0,5,State,urban/rural,HH Size,statesector,0,Manipur,NA,NA,NA,2 to 3,NA,NA
1632,1,0.619164884,0.351995349,0.022890845,0.005948895,0,5,State,urban/rural,HH Size,statesector,0,Manipur,NA,NA,NA,4 to 6,NA,NA
1633,1,0.612478316,0.332352161,0.055169504,0,0,5,State,urban/rural,HH Size,statesector,0,Manipur,NA,NA,NA,7+,NA,NA
1634,1,0.678032815,0.160880461,0.161086738,0,0,5,State,urban/rural,HH Size,statesector,1,Manipur,NA,NA,NA,1,NA,NA
1635,1,0.509500146,0.34090659,0.149593294,0,0,5,State,urban/rural,HH Size,statesector,1,Manipur,NA,NA,NA,2 to 3,NA,NA
1636,1,0.328297019,0.521810532,0.103239983,0.024144184,0.022508275,5,State,urban/rural,HH Size,statesector,1,Manipur,NA,NA,NA,4 to 6,NA,NA
1637,1,0.639883459,0.360116541,0,0,0,5,State,urban/rural,HH Size,statesector,1,Manipur,NA,NA,NA,7+,NA,NA
1638,1,0.900784433,0.084361725,0.01485384,0,0,5,State,urban/rural,HH Size,statesector,0,Meghalaya,NA,NA,NA,1,NA,NA
1639,1,0.733886778,0.253908932,0.011166407,0,0.001037894,5,State,urban/rural,HH Size,statesector,0,Meghalaya,NA,NA,NA,2 to 3,NA,NA
1640,1,0.737578511,0.238293484,0.023359152,0.000768874,0,5,State,urban/rural,HH Size,statesector,0,Meghalaya,NA,NA,NA,4 to 6,NA,NA
1641,1,0.703749299,0.277304679,0.018224934,0.000721099,0,5,State,urban/rural,HH Size,statesector,0,Meghalaya,NA,NA,NA,7+,NA,NA
1642,1,0.60598588,0.39401412,0,0,0,5,State,urban/rural,HH Size,statesector,1,Meghalaya,NA,NA,NA,1,NA,NA
1643,1,0.598952055,0.105086356,0.205434352,0,0.090527244,5,State,urban/rural,HH Size,statesector,1,Meghalaya,NA,NA,NA,2 to 3,NA,NA
1644,1,0.591964364,0.368708968,0,0.039326645,0,5,State,urban/rural,HH Size,statesector,1,Meghalaya,NA,NA,NA,4 to 6,NA,NA
1645,1,0.74040848,0.25959152,0,0,0,5,State,urban/rural,HH Size,statesector,1,Meghalaya,NA,NA,NA,7+,NA,NA
1646,1,0.789626241,0.210373729,0,0,0,5,State,urban/rural,HH Size,statesector,0,Mizoram,NA,NA,NA,1,NA,NA
1647,1,0.609765589,0.337548792,0.034840249,0.017845407,0,5,State,urban/rural,HH Size,statesector,0,Mizoram,NA,NA,NA,2 to 3,NA,NA
1648,1,0.690622568,0.27105099,0.029898265,0.008428206,0,5,State,urban/rural,HH Size,statesector,0,Mizoram,NA,NA,NA,4 to 6,NA,NA
1649,1,0.721449614,0.239631906,0.025543524,0,0.01337497,5,State,urban/rural,HH Size,statesector,0,Mizoram,NA,NA,NA,7+,NA,NA
1650,1,0.530067563,0.368723333,0.101209112,0,0,5,State,urban/rural,HH Size,statesector,1,Mizoram,NA,NA,NA,1,NA,NA
1651,1,0.280991465,0.335039914,0.275812894,0.108155705,0,5,State,urban/rural,HH Size,statesector,1,Mizoram,NA,NA,NA,2 to 3,NA,NA
1652,1,0.092040807,0.37986356,0.271539301,0.213277757,0.043278575,5,State,urban/rural,HH Size,statesector,1,Mizoram,NA,NA,NA,4 to 6,NA,NA
1653,1,0,0,0.082651213,0.197291598,0.720057189,5,State,urban/rural,HH Size,statesector,1,Mizoram,NA,NA,NA,7+,NA,NA
1654,1,0.892894447,0.107105546,0,0,0,5,State,urban/rural,HH Size,statesector,0,Nagaland,NA,NA,NA,1,NA,NA
1655,1,0.827729106,0.164793923,0.006301919,0.001175066,0,5,State,urban/rural,HH Size,statesector,0,Nagaland,NA,NA,NA,2 to 3,NA,NA
1656,1,0.781005681,0.190922752,0.023552056,0.002042659,0.00247687,5,State,urban/rural,HH Size,statesector,0,Nagaland,NA,NA,NA,4 to 6,NA,NA
1657,1,0.820415258,0.178040594,0.001544126,0,0,5,State,urban/rural,HH Size,statesector,0,Nagaland,NA,NA,NA,7+,NA,NA
1658,1,0.68277061,0.31722939,0,0,0,5,State,urban/rural,HH Size,statesector,1,Nagaland,NA,NA,NA,1,NA,NA
1659,1,0.508355439,0.301163793,0.152557015,0.025396086,0.01252767,5,State,urban/rural,HH Size,statesector,1,Nagaland,NA,NA,NA,2 to 3,NA,NA
1660,1,0.274618238,0.507663667,0.12996155,0.048612837,0.039143711,5,State,urban/rural,HH Size,statesector,1,Nagaland,NA,NA,NA,4 to 6,NA,NA
1661,1,0.218495041,0.668910623,0.112594306,0,0,5,State,urban/rural,HH Size,statesector,1,Nagaland,NA,NA,NA,7+,NA,NA
1662,1,0.936868846,0.06170563,0.001425531,0,0,5,State,urban/rural,HH Size,statesector,0,Odisha,NA,NA,NA,1,NA,NA
1663,1,0.874419868,0.117182694,0.007735969,0.000661446,0,5,State,urban/rural,HH Size,statesector,0,Odisha,NA,NA,NA,2 to 3,NA,NA
1664,1,0.839093804,0.140917808,0.017272446,0.002258985,0.000456962,5,State,urban/rural,HH Size,statesector,0,Odisha,NA,NA,NA,4 to 6,NA,NA
1665,1,0.814625621,0.157833949,0.016818292,0.007266637,0.003455501,5,State,urban/rural,HH Size,statesector,0,Odisha,NA,NA,NA,7+,NA,NA
1666,1,0.976026356,0.023973657,0,0,0,5,State,urban/rural,HH Size,statesector,1,Odisha,NA,NA,NA,1,NA,NA
1667,1,0.803142846,0.146992296,0.03877987,0.004352304,0.006732657,5,State,urban/rural,HH Size,statesector,1,Odisha,NA,NA,NA,2 to 3,NA,NA
1668,1,0.654228806,0.228248641,0.050981041,0.059176464,0.007365044,5,State,urban/rural,HH Size,statesector,1,Odisha,NA,NA,NA,4 to 6,NA,NA
1669,1,0.699643254,0.228604987,0.04842728,0.023324467,0,5,State,urban/rural,HH Size,statesector,1,Odisha,NA,NA,NA,7+,NA,NA
1670,1,0.961096466,0.038903527,0,0,0,5,State,urban/rural,HH Size,statesector,0,Puducherry,NA,NA,NA,1,NA,NA
1671,1,0.659093797,0.340906233,0,0,0,5,State,urban/rural,HH Size,statesector,0,Puducherry,NA,NA,NA,2 to 3,NA,NA
1672,1,0.437183827,0.562816203,0,0,0,5,State,urban/rural,HH Size,statesector,0,Puducherry,NA,NA,NA,4 to 6,NA,NA
1673,1,0.515610397,0.484389633,0,0,0,5,State,urban/rural,HH Size,statesector,0,Puducherry,NA,NA,NA,7+,NA,NA
1674,1,0.659243584,0.340756416,0,0,0,5,State,urban/rural,HH Size,statesector,1,Puducherry,NA,NA,NA,1,NA,NA
1675,1,0.58626014,0.262411356,0.026509883,0.124818616,0,5,State,urban/rural,HH Size,statesector,1,Puducherry,NA,NA,NA,2 to 3,NA,NA
1676,1,0.256212622,0.068017058,0.143785983,0.340960622,0.191023722,5,State,urban/rural,HH Size,statesector,1,Puducherry,NA,NA,NA,4 to 6,NA,NA
1677,1,0.320996135,0.099883616,0,0.556120396,0.022999858,5,State,urban/rural,HH Size,statesector,1,Puducherry,NA,NA,NA,7+,NA,NA
1678,1,0.53973484,0.338042706,0.050270535,0.044795293,0.027156649,5,State,urban/rural,HH Size,statesector,0,Punjab,NA,NA,NA,1,NA,NA
1679,1,0.359531373,0.378421634,0.155641794,0.090413444,0.015991772,5,State,urban/rural,HH Size,statesector,0,Punjab,NA,NA,NA,2 to 3,NA,NA
1680,1,0.130098164,0.384849101,0.266437143,0.183994636,0.034620959,5,State,urban/rural,HH Size,statesector,0,Punjab,NA,NA,NA,4 to 6,NA,NA
1681,1,0.094059683,0.228016123,0.234955952,0.265684485,0.177283764,5,State,urban/rural,HH Size,statesector,0,Punjab,NA,NA,NA,7+,NA,NA
1682,1,0.288128406,0.39957726,0.312294304,0,0,5,State,urban/rural,HH Size,statesector,1,Punjab,NA,NA,NA,1,NA,NA
1683,1,0.380303055,0.324363798,0.172316551,0.040828563,0.082188033,5,State,urban/rural,HH Size,statesector,1,Punjab,NA,NA,NA,2 to 3,NA,NA
1684,1,0.126830354,0.162295491,0.311984658,0.193874955,0.205014542,5,State,urban/rural,HH Size,statesector,1,Punjab,NA,NA,NA,4 to 6,NA,NA
1685,1,0.054111343,0.171555355,0.230389088,0.306597769,0.237346426,5,State,urban/rural,HH Size,statesector,1,Punjab,NA,NA,NA,7+,NA,NA
1686,1,0.76224792,0.221338928,0.011995867,0.004417297,0,5,State,urban/rural,HH Size,statesector,0,Rajasthan,NA,NA,NA,1,NA,NA
1687,1,0.618476689,0.294567019,0.065385945,0.016588373,0.004981961,5,State,urban/rural,HH Size,statesector,0,Rajasthan,NA,NA,NA,2 to 3,NA,NA
1688,1,0.506589174,0.344771326,0.115103133,0.027657231,0.005879109,5,State,urban/rural,HH Size,statesector,0,Rajasthan,NA,NA,NA,4 to 6,NA,NA
1689,1,0.409446597,0.357935876,0.162793756,0.057999354,0.011824404,5,State,urban/rural,HH Size,statesector,0,Rajasthan,NA,NA,NA,7+,NA,NA
1690,1,0.593259692,0.246319801,0.160420477,0,0,5,State,urban/rural,HH Size,statesector,1,Rajasthan,NA,NA,NA,1,NA,NA
1691,1,0.317615509,0.30673939,0.187946841,0.187698275,0,5,State,urban/rural,HH Size,statesector,1,Rajasthan,NA,NA,NA,2 to 3,NA,NA
1692,1,0.141463965,0.365272462,0.20033747,0.200053915,0.092872195,5,State,urban/rural,HH Size,statesector,1,Rajasthan,NA,NA,NA,4 to 6,NA,NA
1693,1,0.043418359,0.186481938,0.300561816,0.252050459,0.21748744,5,State,urban/rural,HH Size,statesector,1,Rajasthan,NA,NA,NA,7+,NA,NA
1694,1,0.402391702,0.577419162,0.020189129,0,0,5,State,urban/rural,HH Size,statesector,0,Sikkim,NA,NA,NA,1,NA,NA
1695,1,0.418364793,0.482978731,0.079158597,0.01949789,0,5,State,urban/rural,HH Size,statesector,0,Sikkim,NA,NA,NA,2 to 3,NA,NA
1696,1,0.276092499,0.513326705,0.207649723,0.002931088,0,5,State,urban/rural,HH Size,statesector,0,Sikkim,NA,NA,NA,4 to 6,NA,NA
1697,1,0.325094283,0.61043781,0,0.064467922,0,5,State,urban/rural,HH Size,statesector,0,Sikkim,NA,NA,NA,7+,NA,NA
1698,1,0.05678454,0.94321543,0,0,0,5,State,urban/rural,HH Size,statesector,1,Sikkim,NA,NA,NA,2 to 3,NA,NA
1699,1,0,0,0,1,0,5,State,urban/rural,HH Size,statesector,1,Sikkim,NA,NA,NA,4 to 6,NA,NA
1700,1,0.748684287,0.23790361,0.010313189,0.003098913,0,5,State,urban/rural,HH Size,statesector,0,Tamil Nadu,NA,NA,NA,1,NA,NA
1701,1,0.665344059,0.267108023,0.054056473,0.013491441,0,5,State,urban/rural,HH Size,statesector,0,Tamil Nadu,NA,NA,NA,2 to 3,NA,NA
1702,1,0.45780018,0.320499897,0.177940637,0.035333592,0.008425694,5,State,urban/rural,HH Size,statesector,0,Tamil Nadu,NA,NA,NA,4 to 6,NA,NA
1703,1,0.336231261,0.385323107,0.171852827,0.082411669,0.024181128,5,State,urban/rural,HH Size,statesector,0,Tamil Nadu,NA,NA,NA,7+,NA,NA
1704,1,0.888909698,0.099832252,0.001774625,0.009483407,0,5,State,urban/rural,HH Size,statesector,1,Tamil Nadu,NA,NA,NA,1,NA,NA
1705,1,0.620001793,0.238843903,0.058120947,0.070466638,0.012566744,5,State,urban/rural,HH Size,statesector,1,Tamil Nadu,NA,NA,NA,2 to 3,NA,NA
1706,1,0.252286911,0.239934742,0.19294557,0.249913707,0.064919069,5,State,urban/rural,HH Size,statesector,1,Tamil Nadu,NA,NA,NA,4 to 6,NA,NA
1707,1,0.187434182,0.418612093,0.331350684,0.062603027,0,5,State,urban/rural,HH Size,statesector,1,Tamil Nadu,NA,NA,NA,7+,NA,NA
1708,1,0.807733655,0.164295062,0.024131101,0.003840167,0,5,State,urban/rural,HH Size,statesector,0,Telangana,NA,NA,NA,1,NA,NA
1709,1,0.548350573,0.316434413,0.10863369,0.024763932,0.001817391,5,State,urban/rural,HH Size,statesector,0,Telangana,NA,NA,NA,2 to 3,NA,NA
1710,1,0.336626768,0.358459711,0.258238465,0.042085305,0.004589761,5,State,urban/rural,HH Size,statesector,0,Telangana,NA,NA,NA,4 to 6,NA,NA
1711,1,0.36698401,0.343255937,0.208742693,0.063241087,0.017776266,5,State,urban/rural,HH Size,statesector,0,Telangana,NA,NA,NA,7+,NA,NA
1712,1,0.741071761,0.186281875,0.072646335,0,0,5,State,urban/rural,HH Size,statesector,1,Telangana,NA,NA,NA,1,NA,NA
1713,1,0.296569705,0.265037864,0.217543826,0.195535123,0.025313508,5,State,urban/rural,HH Size,statesector,1,Telangana,NA,NA,NA,2 to 3,NA,NA
1714,1,0.219537273,0.370757222,0.271812767,0.114950627,0.02294209,5,State,urban/rural,HH Size,statesector,1,Telangana,NA,NA,NA,4 to 6,NA,NA
1715,1,0.159888744,0.236362621,0.026049178,0.133490354,0.444209099,5,State,urban/rural,HH Size,statesector,1,Telangana,NA,NA,NA,7+,NA,NA
1716,1,0.940370619,0.053346619,0.006282778,0,0,5,State,urban/rural,HH Size,statesector,0,Tripura,NA,NA,NA,1,NA,NA
1717,1,0.882934034,0.114972651,0.002093341,0,0,5,State,urban/rural,HH Size,statesector,0,Tripura,NA,NA,NA,2 to 3,NA,NA
1718,1,0.806218743,0.181677818,0.012103419,0,0,5,State,urban/rural,HH Size,statesector,0,Tripura,NA,NA,NA,4 to 6,NA,NA
1719,1,0.706026018,0.266123414,0.027850587,0,0,5,State,urban/rural,HH Size,statesector,0,Tripura,NA,NA,NA,7+,NA,NA
1720,1,0.900537133,0.099462837,0,0,0,5,State,urban/rural,HH Size,statesector,1,Tripura,NA,NA,NA,1,NA,NA
1721,1,0.55175525,0.422673434,0.025571326,0,0,5,State,urban/rural,HH Size,statesector,1,Tripura,NA,NA,NA,2 to 3,NA,NA
1722,1,0.438115567,0.496885687,0.064998761,0,0,5,State,urban/rural,HH Size,statesector,1,Tripura,NA,NA,NA,4 to 6,NA,NA
1723,1,0.340798587,0.659201384,0,0,0,5,State,urban/rural,HH Size,statesector,1,Tripura,NA,NA,NA,7+,NA,NA
1724,1,0.901163101,0.092694297,0.005110944,0.001031658,0,5,State,urban/rural,HH Size,statesector,0,Uttar Pradesh,NA,NA,NA,1,NA,NA
1725,1,0.759268641,0.194360435,0.035939332,0.007120186,0.003311427,5,State,urban/rural,HH Size,statesector,0,Uttar Pradesh,NA,NA,NA,2 to 3,NA,NA
1726,1,0.650377989,0.259457022,0.068333179,0.017971234,0.003860577,5,State,urban/rural,HH Size,statesector,0,Uttar Pradesh,NA,NA,NA,4 to 6,NA,NA
1727,1,0.557272255,0.275681734,0.113865256,0.040525589,0.012655184,5,State,urban/rural,HH Size,statesector,0,Uttar Pradesh,NA,NA,NA,7+,NA,NA
1728,1,0.662566841,0.237041235,0.091798298,0.008593646,0,5,State,urban/rural,HH Size,statesector,1,Uttar Pradesh,NA,NA,NA,1,NA,NA
1729,1,0.406622946,0.233242631,0.206734151,0.115690023,0.037710242,5,State,urban/rural,HH Size,statesector,1,Uttar Pradesh,NA,NA,NA,2 to 3,NA,NA
1730,1,0.222514287,0.207828,0.239107609,0.219553888,0.110996224,5,State,urban/rural,HH Size,statesector,1,Uttar Pradesh,NA,NA,NA,4 to 6,NA,NA
1731,1,0.179069355,0.215025589,0.251767248,0.233033523,0.121104293,5,State,urban/rural,HH Size,statesector,1,Uttar Pradesh,NA,NA,NA,7+,NA,NA
1732,1,0.678241372,0.31281811,0.008940497,0,0,5,State,urban/rural,HH Size,statesector,0,Uttarakhand,NA,NA,NA,1,NA,NA
1733,1,0.504597723,0.413313001,0.072928853,0.004811136,0.004349285,5,State,urban/rural,HH Size,statesector,0,Uttarakhand,NA,NA,NA,2 to 3,NA,NA
1734,1,0.35497874,0.390558273,0.158729404,0.080828339,0.014905269,5,State,urban/rural,HH Size,statesector,0,Uttarakhand,NA,NA,NA,4 to 6,NA,NA
1735,1,0.15107891,0.454506844,0.195103541,0.152191892,0.047118831,5,State,urban/rural,HH Size,statesector,0,Uttarakhand,NA,NA,NA,7+,NA,NA
1736,1,0.202147186,0.398926407,0.398926407,0,0,5,State,urban/rural,HH Size,statesector,1,Uttarakhand,NA,NA,NA,1,NA,NA
1737,1,0.315527797,0.193223849,0.355491012,0.135757357,0,5,State,urban/rural,HH Size,statesector,1,Uttarakhand,NA,NA,NA,2 to 3,NA,NA
1738,1,0.131694183,0.128017277,0.299331427,0.373420388,0.067536734,5,State,urban/rural,HH Size,statesector,1,Uttarakhand,NA,NA,NA,4 to 6,NA,NA
1739,1,0.326309204,0.198068321,0.294859678,0.113484338,0.067278452,5,State,urban/rural,HH Size,statesector,1,Uttarakhand,NA,NA,NA,7+,NA,NA
1740,1,0.954609156,0.045390848,0,0,0,5,State,urban/rural,HH Size,statesector,0,West Bengal,NA,NA,NA,1,NA,NA
1741,1,0.886764407,0.110763632,0.002471981,0,0,5,State,urban/rural,HH Size,statesector,0,West Bengal,NA,NA,NA,2 to 3,NA,NA
1742,1,0.827966392,0.154131249,0.017291395,0.000610939,0,5,State,urban/rural,HH Size,statesector,0,West Bengal,NA,NA,NA,4 to 6,NA,NA
1743,1,0.776963651,0.180004954,0.043031406,0,0,5,State,urban/rural,HH Size,statesector,0,West Bengal,NA,NA,NA,7+,NA,NA
1744,1,0.796728909,0.203271091,0,0,0,5,State,urban/rural,HH Size,statesector,1,West Bengal,NA,NA,NA,1,NA,NA
1745,1,0.534418762,0.285285681,0.147777781,0.032517798,0,5,State,urban/rural,HH Size,statesector,1,West Bengal,NA,NA,NA,2 to 3,NA,NA
1746,1,0.464476198,0.353752226,0.152840942,0.021389518,0.007541114,5,State,urban/rural,HH Size,statesector,1,West Bengal,NA,NA,NA,4 to 6,NA,NA
1747,1,0.506124675,0.260126859,0.134476632,0.057699021,0.041572783,5,State,urban/rural,HH Size,statesector,1,West Bengal,NA,NA,NA,7+,NA,NA
1748,1,0.703046978,0.204251945,0.06207259,0.023598175,0.007030299,5,National,All,Owns House,allindia,99,India,NA,NA,NA,NA,0,NA
1749,1,0.688011587,0.219094738,0.06016282,0.024758065,0.007972762,5,National,All,Owns House,allindia,99,India,NA,NA,NA,NA,1,NA
1750,1,0.75201565,0.194196001,0.041567165,0.010092406,0.002128789,5,National,urban/rural,Owns House,indiasector,0,India,NA,NA,NA,NA,0,NA
1751,1,0.715472758,0.216446728,0.050296843,0.014925632,0.002858014,5,National,urban/rural,Owns House,indiasector,0,India,NA,NA,NA,NA,1,NA
1752,1,0.41740185,0.262910545,0.181685328,0.102380358,0.035621915,5,National,urban/rural,Owns House,indiasector,1,India,NA,NA,NA,NA,0,NA
1753,1,0.384507418,0.248360902,0.16920279,0.133427307,0.064501576,5,National,urban/rural,Owns House,indiasector,1,India,NA,NA,NA,NA,1,NA
1754,1,0.710058868,0.184697375,0.048630714,0.056613058,0,5,State,All,Owns House,state,99,Andaman & Nicobar Islands,NA,NA,NA,NA,0,NA
1755,1,0.791763067,0.185529754,0.022707181,0,0,5,State,All,Owns House,state,99,Andaman & Nicobar Islands,NA,NA,NA,NA,1,NA
1756,1,0.501630664,0.309642941,0.131848022,0.050391842,0.006486541,5,State,All,Owns House,state,99,Andhra Pradesh,NA,NA,NA,NA,0,NA
1757,1,0.485362291,0.343324989,0.113379166,0.054234453,0.003699101,5,State,All,Owns House,state,99,Andhra Pradesh,NA,NA,NA,NA,1,NA
1758,1,0.711274385,0.22378698,0.045834087,0.018770948,0.000333586,5,State,All,Owns House,state,99,Arunachal Pradesh,NA,NA,NA,NA,0,NA
1759,1,0.727937579,0.224668205,0.032926634,0.009842022,0.00462557,5,State,All,Owns House,state,99,Arunachal Pradesh,NA,NA,NA,NA,1,NA
1760,1,0.768334687,0.199418426,0.029944245,0.002302652,0,5,State,All,Owns House,state,99,Assam,NA,NA,NA,NA,0,NA
1761,1,0.807879269,0.174822107,0.014745804,0.00152161,0.00103123,5,State,All,Owns House,state,99,Assam,NA,NA,NA,NA,1,NA
1762,1,0.787290037,0.17107138,0.034373537,0.006863913,0.000401119,5,State,All,Owns House,state,99,Bihar,NA,NA,NA,NA,0,NA
1763,1,0.79628706,0.169100732,0.02694241,0.007303698,0.000366129,5,State,All,Owns House,state,99,Bihar,NA,NA,NA,NA,1,NA
1764,1,0.240836918,0.241292894,0.080734946,0.366663903,0.070471346,5,State,All,Owns House,state,99,Chandigarh,NA,NA,NA,NA,0,NA
1765,1,0,0.434186578,0.046356384,0.138024628,0.381432414,5,State,All,Owns House,state,99,Chandigarh,NA,NA,NA,NA,1,NA
1766,1,0.785210431,0.171435609,0.033226937,0.006907215,0.003219812,5,State,All,Owns House,state,99,Chhattisgarh,NA,NA,NA,NA,0,NA
1767,1,0.776910245,0.152229369,0.047505438,0.01993864,0.003416283,5,State,All,Owns House,state,99,Chhattisgarh,NA,NA,NA,NA,1,NA
1768,1,0.366945893,0.320352763,0.201014325,0.101820923,0.009866111,5,State,All,Owns House,state,99,Dadra & Nagar Haveli and Daman & Diu,NA,NA,NA,NA,0,NA
1769,1,0.557641804,0.328988642,0.084334016,0.022391811,0.006643742,5,State,All,Owns House,state,99,Dadra & Nagar Haveli and Daman & Diu,NA,NA,NA,NA,1,NA
1770,1,0.087040953,0.273933679,0.306661636,0.222439885,0.10992384,5,State,All,Owns House,state,99,Delhi,NA,NA,NA,NA,0,NA
1771,1,0.063752301,0.211688116,0.268692106,0.184745237,0.271122217,5,State,All,Owns House,state,99,Delhi,NA,NA,NA,NA,1,NA
1772,1,0.335033327,0.249806911,0.290324926,0.124834821,0,5,State,All,Owns House,state,99,Goa,NA,NA,NA,NA,0,NA
1773,1,0.159097195,0.324448615,0.190244481,0.269261837,0.056947865,5,State,All,Owns House,state,99,Goa,NA,NA,NA,NA,1,NA
1774,1,0.526923597,0.298741847,0.121737763,0.034680262,0.017916525,5,State,All,Owns House,state,99,Gujarat,NA,NA,NA,NA,0,NA
1775,1,0.625427186,0.260427773,0.065570749,0.034769319,0.013804935,5,State,All,Owns House,state,99,Gujarat,NA,NA,NA,NA,1,NA
1776,1,0.252333015,0.337271065,0.242121577,0.112515986,0.055758357,5,State,All,Owns House,state,99,Haryana,NA,NA,NA,NA,0,NA
1777,1,0.180197895,0.356037378,0.25075677,0.15881604,0.05419191,5,State,All,Owns House,state,99,Haryana,NA,NA,NA,NA,1,NA
1778,1,0.383324176,0.449559271,0.116057821,0.042210113,0.008848616,5,State,All,Owns House,state,99,Himachal Pradesh,NA,NA,NA,NA,0,NA
1779,1,0.419462204,0.411428988,0.124244913,0.036806185,0.008057706,5,State,All,Owns House,state,99,Himachal Pradesh,NA,NA,NA,NA,1,NA
1780,1,0.672703624,0.229662925,0.067313187,0.030320253,0,5,State,All,Owns House,state,99,Jammu & Kashmir,NA,NA,NA,NA,0,NA
1781,1,0.568589807,0.32088244,0.069539085,0.039078362,0.001910333,5,State,All,Owns House,state,99,Jammu & Kashmir,NA,NA,NA,NA,1,NA
1782,1,0.842988908,0.125225827,0.022141738,0.008531213,0.001112328,5,State,All,Owns House,state,99,Jharkhand,NA,NA,NA,NA,0,NA
1783,1,0.842523396,0.128385738,0.023264721,0.005406478,0.000419687,5,State,All,Owns House,state,99,Jharkhand,NA,NA,NA,NA,1,NA
1784,1,0.530932248,0.320286691,0.106434666,0.039290268,0.003056143,5,State,All,Owns House,state,99,Karnataka,NA,NA,NA,NA,0,NA
1785,1,0.458083212,0.373395979,0.12510258,0.033573907,0.00984434,5,State,All,Owns House,state,99,Karnataka,NA,NA,NA,NA,1,NA
1786,1,0.406829983,0.401538789,0.173642188,0.017989032,0,5,State,All,Owns House,state,99,Kerala,NA,NA,NA,NA,0,NA
1787,1,0.415405273,0.39837876,0.126686528,0.05025959,0.009269846,5,State,All,Owns House,state,99,Kerala,NA,NA,NA,NA,1,NA
1788,1,0.281851411,0.541422725,0.125943929,0.050781924,0,5,State,All,Owns House,state,99,Ladakh,NA,NA,NA,NA,0,NA
1789,1,0.485362947,0.250713915,0.183544293,0.070882,0.009496831,5,State,All,Owns House,state,99,Ladakh,NA,NA,NA,NA,1,NA
1790,1,0,0,0,1,0,5,State,All,Owns House,state,99,Lakshadweep,NA,NA,NA,NA,0,NA
1791,1,0,0.379464149,0.620535851,0,0,5,State,All,Owns House,state,99,Lakshadweep,NA,NA,NA,NA,1,NA
1792,1,0.762048066,0.176042318,0.044629075,0.015274409,0.002006119,5,State,All,Owns House,state,99,Madhya Pradesh,NA,NA,NA,NA,0,NA
1793,1,0.75623244,0.184676722,0.041506849,0.012899113,0.0046849,5,State,All,Owns House,state,99,Madhya Pradesh,NA,NA,NA,NA,1,NA
1794,1,0.605128288,0.272519618,0.066405304,0.045551319,0.01039547,5,State,All,Owns House,state,99,Maharashtra,NA,NA,NA,NA,0,NA
1795,1,0.626606166,0.276808888,0.05941071,0.030004023,0.007170206,5,State,All,Owns House,state,99,Maharashtra,NA,NA,NA,NA,1,NA
1796,1,0.626345158,0.32777983,0.037796047,0.008078956,0,5,State,All,Owns House,state,99,Manipur,NA,NA,NA,NA,0,NA
1797,1,0.660277069,0.295145929,0.039314572,0.002859457,0.002402965,5,State,All,Owns House,state,99,Manipur,NA,NA,NA,NA,1,NA
1798,1,0.667263567,0.286905468,0.034767307,0.005035559,0.006028065,5,State,All,Owns House,state,99,Meghalaya,NA,NA,NA,NA,0,NA
1799,1,0.743063688,0.238086671,0.017937373,0.000698962,0.000213327,5,State,All,Owns House,state,99,Meghalaya,NA,NA,NA,NA,1,NA
1800,1,0.57188946,0.258552969,0.116213784,0.045530356,0.007813437,5,State,All,Owns House,state,99,Mizoram,NA,NA,NA,NA,0,NA
1801,1,0.655990541,0.291921198,0.025862264,0.014626523,0.011599506,5,State,All,Owns House,state,99,Mizoram,NA,NA,NA,NA,1,NA
1802,1,0.588855922,0.300414652,0.085193112,0.020870876,0.004665438,5,State,All,Owns House,state,99,Nagaland,NA,NA,NA,NA,0,NA
1803,1,0.811217546,0.173745543,0.010752276,0.001265261,0.003019399,5,State,All,Owns House,state,99,Nagaland,NA,NA,NA,NA,1,NA
1804,1,0.842001796,0.128856704,0.016477617,0.010534739,0.002129119,5,State,All,Owns House,state,99,Odisha,NA,NA,NA,NA,0,NA
1805,1,0.856117964,0.127847493,0.013232111,0.002244584,0.000557826,5,State,All,Owns House,state,99,Odisha,NA,NA,NA,NA,1,NA
1806,1,0.635654509,0.271806896,0,0.092538618,0,5,State,All,Owns House,state,99,Puducherry,NA,NA,NA,NA,0,NA
1807,1,0.658868968,0.182028428,0.020291528,0.112483226,0.026327852,5,State,All,Owns House,state,99,Puducherry,NA,NA,NA,NA,1,NA
1808,1,0.221869901,0.31313017,0.217710555,0.181656748,0.065632626,5,State,All,Owns House,state,99,Punjab,NA,NA,NA,NA,0,NA
1809,1,0.187730566,0.30229345,0.239854977,0.157511339,0.112609677,5,State,All,Owns House,state,99,Punjab,NA,NA,NA,NA,1,NA
1810,1,0.5109936,0.31799072,0.123107173,0.034438785,0.013469703,5,State,All,Owns House,state,99,Rajasthan,NA,NA,NA,NA,0,NA
1811,1,0.499635726,0.33113718,0.115091108,0.041959539,0.012176435,5,State,All,Owns House,state,99,Rajasthan,NA,NA,NA,NA,1,NA
1812,1,0.315213799,0.573150814,0.070772283,0.040863123,0,5,State,All,Owns House,state,99,Sikkim,NA,NA,NA,NA,0,NA
1813,1,0.387556642,0.468292981,0.144150376,0,0,5,State,All,Owns House,state,99,Sikkim,NA,NA,NA,NA,1,NA
1814,1,0.593292177,0.248077258,0.077822544,0.063974075,0.016833961,5,State,All,Owns House,state,99,Tamil Nadu,NA,NA,NA,NA,0,NA
1815,1,0.65698576,0.253764629,0.063400619,0.022982428,0.002866546,5,State,All,Owns House,state,99,Tamil Nadu,NA,NA,NA,NA,1,NA
1816,1,0.485478938,0.322494358,0.134420723,0.051743217,0.005862757,5,State,All,Owns House,state,99,Telangana,NA,NA,NA,NA,0,NA
1817,1,0.524688423,0.279287815,0.152795881,0.03189081,0.011337097,5,State,All,Owns House,state,99,Telangana,NA,NA,NA,NA,1,NA
1818,1,0.852697909,0.135234565,0.012067527,0,0,5,State,All,Owns House,state,99,Tripura,NA,NA,NA,NA,0,NA
1819,1,0.777990639,0.213458538,0.008550794,0,0,5,State,All,Owns House,state,99,Tripura,NA,NA,NA,NA,1,NA
1820,1,0.636645734,0.215978131,0.094698101,0.036886364,0.015791681,5,State,All,Owns House,state,99,Uttar Pradesh,NA,NA,NA,NA,0,NA
1821,1,0.616288424,0.242005333,0.085459895,0.040428825,0.015817491,5,State,All,Owns House,state,99,Uttar Pradesh,NA,NA,NA,NA,1,NA
1822,1,0.456357151,0.240231037,0.165944636,0.106384777,0.031082399,5,State,All,Owns House,state,99,Uttarakhand,NA,NA,NA,NA,0,NA
1823,1,0.356376201,0.378395289,0.149181053,0.096249491,0.019797957,5,State,All,Owns House,state,99,Uttarakhand,NA,NA,NA,NA,1,NA
1824,1,0.828232706,0.144103229,0.025050055,0.001761631,0.000852387,5,State,All,Owns House,state,99,West Bengal,NA,NA,NA,NA,0,NA
1825,1,0.812683702,0.154018551,0.026293898,0.006016114,0.00098771,5,State,All,Owns House,state,99,West Bengal,NA,NA,NA,NA,1,NA
1826,1,0.822904289,0.177095681,0,0,0,5,State,urban/rural,Owns House,statesector,0,Andaman & Nicobar Islands,NA,NA,NA,NA,0,NA
1827,1,0.791763067,0.185529754,0.022707181,0,0,5,State,urban/rural,Owns House,statesector,0,Andaman & Nicobar Islands,NA,NA,NA,NA,1,NA
1828,1,0.498990625,0.198915705,0.139590502,0.162503168,0,5,State,urban/rural,Owns House,statesector,1,Andaman & Nicobar Islands,NA,NA,NA,NA,0,NA
1829,1,0.582972825,0.31322363,0.077506848,0.026296685,0,5,State,urban/rural,Owns House,statesector,0,Andhra Pradesh,NA,NA,NA,NA,0,NA
1830,1,0.502864361,0.346669495,0.105134919,0.041401286,0.003929946,5,State,urban/rural,Owns House,statesector,0,Andhra Pradesh,NA,NA,NA,NA,1,NA
1831,1,0.261304438,0.299063802,0.292399496,0.121581189,0.025651082,5,State,urban/rural,Owns House,statesector,1,Andhra Pradesh,NA,NA,NA,NA,0,NA
1832,1,0.204906628,0.289732099,0.245486215,0.259875059,0,5,State,urban/rural,Owns House,statesector,1,Andhra Pradesh,NA,NA,NA,NA,1,NA
1833,1,0.730875254,0.214794263,0.038018882,0.016311605,0,5,State,urban/rural,Owns House,statesector,0,Arunachal Pradesh,NA,NA,NA,NA,0,NA
1834,1,0.745224416,0.213616207,0.030228585,0.007055933,0.00387487,5,State,urban/rural,Owns House,statesector,0,Arunachal Pradesh,NA,NA,NA,NA,1,NA
1835,1,0.27332443,0.424715012,0.220452428,0.073721088,0.007787028,5,State,urban/rural,Owns House,statesector,1,Arunachal Pradesh,NA,NA,NA,NA,0,NA
1836,1,0.373908907,0.451009512,0.088181749,0.066900209,0.019999642,5,State,urban/rural,Owns House,statesector,1,Arunachal Pradesh,NA,NA,NA,NA,1,NA
1837,1,0.804157615,0.180243775,0.015598641,0,0,5,State,urban/rural,Owns House,statesector,0,Assam,NA,NA,NA,NA,0,NA
1838,1,0.826452255,0.162192598,0.009751691,0.001603447,0,5,State,urban/rural,Owns House,statesector,0,Assam,NA,NA,NA,NA,1,NA
1839,1,0.424844742,0.383275658,0.167497858,0.024381761,0,5,State,urban/rural,Owns House,statesector,1,Assam,NA,NA,NA,NA,0,NA
1840,1,0.462547749,0.409644842,0.107602328,0,0.020205086,5,State,urban/rural,Owns House,statesector,1,Assam,NA,NA,NA,NA,1,NA
1841,1,0.813850701,0.162965104,0.019706301,0.003031468,0.000446399,5,State,urban/rural,Owns House,statesector,0,Bihar,NA,NA,NA,NA,0,NA
1842,1,0.811037302,0.163860083,0.021604145,0.003165531,0.000332942,5,State,urban/rural,Owns House,statesector,0,Bihar,NA,NA,NA,NA,1,NA
1843,1,0.551998138,0.242882043,0.164305568,0.040814243,0,5,State,urban/rural,Owns House,statesector,1,Bihar,NA,NA,NA,NA,0,NA
1844,1,0.559294403,0.253302127,0.112712413,0.073791713,0.000899332,5,State,urban/rural,Owns House,statesector,1,Bihar,NA,NA,NA,NA,1,NA
1845,1,0,0,1,0,0,5,State,urban/rural,Owns House,statesector,0,Chandigarh,NA,NA,NA,NA,1,NA
1846,1,0.240836918,0.241292894,0.080734946,0.366663903,0.070471346,5,State,urban/rural,Owns House,statesector,1,Chandigarh,NA,NA,NA,NA,0,NA
1847,1,0,0.455292284,0,0.14473398,0.39997375,5,State,urban/rural,Owns House,statesector,1,Chandigarh,NA,NA,NA,NA,1,NA
1848,1,0.794215679,0.172185287,0.027400911,0.004230914,0.001967244,5,State,urban/rural,Owns House,statesector,0,Chhattisgarh,NA,NA,NA,NA,0,NA
1849,1,0.798155963,0.150995567,0.039171714,0.010949908,0.000726832,5,State,urban/rural,Owns House,statesector,0,Chhattisgarh,NA,NA,NA,NA,1,NA
1850,1,0.679814458,0.162661612,0.101413935,0.038230274,0.017879704,5,State,urban/rural,Owns House,statesector,1,Chhattisgarh,NA,NA,NA,NA,0,NA
1851,1,0.450582474,0.171180189,0.175508991,0.158002913,0.044725437,5,State,urban/rural,Owns House,statesector,1,Chhattisgarh,NA,NA,NA,NA,1,NA
1852,1,0.645213604,0.175114885,0.173409328,0.006262207,0,5,State,urban/rural,Owns House,statesector,0,Dadra & Nagar Haveli and Daman & Diu,NA,NA,NA,NA,0,NA
1853,1,0.624739826,0.316512465,0.046794388,0.004394655,0.007558638,5,State,urban/rural,Owns House,statesector,0,Dadra & Nagar Haveli and Daman & Diu,NA,NA,NA,NA,1,NA
1854,1,0.106334761,0.456375033,0.22686772,0.191316277,0.0191062,5,State,urban/rural,Owns House,statesector,1,Dadra & Nagar Haveli and Daman & Diu,NA,NA,NA,NA,0,NA
1855,1,0.070392363,0.419587463,0.356937498,0.153082684,0,5,State,urban/rural,Owns House,statesector,1,Dadra & Nagar Haveli and Daman & Diu,NA,NA,NA,NA,1,NA
1856,1,0.152168438,0.24607715,0.579352617,0,0.022401782,5,State,urban/rural,Owns House,statesector,0,Delhi,NA,NA,NA,NA,0,NA
1857,1,0,0,0.872209311,0,0.127790689,5,State,urban/rural,Owns House,statesector,0,Delhi,NA,NA,NA,NA,1,NA
1858,1,0.085452862,0.274612933,0.300012261,0.227863938,0.112058006,5,State,urban/rural,Owns House,statesector,1,Delhi,NA,NA,NA,NA,0,NA
1859,1,0.064283766,0.213452861,0.263660878,0.186285377,0.272317111,5,State,urban/rural,Owns House,statesector,1,Delhi,NA,NA,NA,NA,1,NA
1860,1,0.396537244,0.312800884,0.211125582,0.079536289,0,5,State,urban/rural,Owns House,statesector,0,Goa,NA,NA,NA,NA,0,NA
1861,1,0.169182479,0.281624943,0.202304214,0.286330551,0.060557831,5,State,urban/rural,Owns House,statesector,0,Goa,NA,NA,NA,NA,1,NA
1862,1,0.241086841,0.153584316,0.411301047,0.194027796,0,5,State,urban/rural,Owns House,statesector,1,Goa,NA,NA,NA,NA,0,NA
1863,1,0,1,0,0,0,5,State,urban/rural,Owns House,statesector,1,Goa,NA,NA,NA,NA,1,NA
1864,1,0.576440096,0.315189779,0.088759795,0.018476859,0.001133503,5,State,urban/rural,Owns House,statesector,0,Gujarat,NA,NA,NA,NA,0,NA
1865,1,0.665137708,0.26560384,0.052961145,0.015692871,0.000604417,5,State,urban/rural,Owns House,statesector,0,Gujarat,NA,NA,NA,NA,1,NA
1866,1,0.295315623,0.221808329,0.275988698,0.110469982,0.096417345,5,State,urban/rural,Owns House,statesector,1,Gujarat,NA,NA,NA,NA,0,NA
1867,1,0.259679198,0.212754309,0.181709766,0.210470274,0.135386467,5,State,urban/rural,Owns House,statesector,1,Gujarat,NA,NA,NA,NA,1,NA
1868,1,0.294374704,0.362478405,0.200163171,0.105289154,0.03769457,5,State,urban/rural,Owns House,statesector,0,Haryana,NA,NA,NA,NA,0,NA
1869,1,0.187255159,0.373237431,0.255145431,0.15108107,0.033280928,5,State,urban/rural,Owns House,statesector,0,Haryana,NA,NA,NA,NA,1,NA
1870,1,0.142667219,0.271517694,0.351570129,0.131367162,0.102877773,5,State,urban/rural,Owns House,statesector,1,Haryana,NA,NA,NA,NA,0,NA
1871,1,0.140792951,0.259999275,0.226252392,0.202004939,0.170950428,5,State,urban/rural,Owns House,statesector,1,Haryana,NA,NA,NA,NA,1,NA
1872,1,0.385318547,0.442773938,0.1272434,0.03496268,0.009701439,5,State,urban/rural,Owns House,statesector,0,Himachal Pradesh,NA,NA,NA,NA,0,NA
1873,1,0.409784019,0.419848263,0.127316475,0.038439594,0.004611639,5,State,urban/rural,Owns House,statesector,0,Himachal Pradesh,NA,NA,NA,NA,1,NA
1874,1,0.362631083,0.519961834,0,0.117407084,0,5,State,urban/rural,Owns House,statesector,1,Himachal Pradesh,NA,NA,NA,NA,0,NA
1875,1,0.637543857,0.221714556,0.05503251,0,0.08570908,5,State,urban/rural,Owns House,statesector,1,Himachal Pradesh,NA,NA,NA,NA,1,NA
1876,1,0.668904245,0.233266994,0.065368906,0.032459855,0,5,State,urban/rural,Owns House,statesector,0,Jammu & Kashmir,NA,NA,NA,NA,0,NA
1877,1,0.593093216,0.332513005,0.061503235,0.010832519,0.002058014,5,State,urban/rural,Owns House,statesector,0,Jammu & Kashmir,NA,NA,NA,NA,1,NA
1878,1,0.726544738,0.178589806,0.094865449,0,0,5,State,urban/rural,Owns House,statesector,1,Jammu & Kashmir,NA,NA,NA,NA,0,NA
1879,1,0.251626015,0.170435339,0.17348665,0.404451996,0,5,State,urban/rural,Owns House,statesector,1,Jammu & Kashmir,NA,NA,NA,NA,1,NA
1880,1,0.866978347,0.115154102,0.015351268,0.002516296,0,5,State,urban/rural,Owns House,statesector,0,Jharkhand,NA,NA,NA,NA,0,NA
1881,1,0.861280501,0.119398363,0.017181864,0.002139294,0,5,State,urban/rural,Owns House,statesector,0,Jharkhand,NA,NA,NA,NA,1,NA
1882,1,0.51142329,0.264430404,0.11599493,0.091665246,0.016486159,5,State,urban/rural,Owns House,statesector,1,Jharkhand,NA,NA,NA,NA,0,NA
1883,1,0.569289565,0.259304404,0.111873403,0.052999396,0.006533253,5,State,urban/rural,Owns House,statesector,1,Jharkhand,NA,NA,NA,NA,1,NA
1884,1,0.551064134,0.337100595,0.091485716,0.020349558,0,5,State,urban/rural,Owns House,statesector,0,Karnataka,NA,NA,NA,NA,0,NA
1885,1,0.46864748,0.385613889,0.117285669,0.023494394,0.004958565,5,State,urban/rural,Owns House,statesector,0,Karnataka,NA,NA,NA,NA,1,NA
1886,1,0.433881313,0.239230841,0.178499922,0.130598873,0.01778907,5,State,urban/rural,Owns House,statesector,1,Karnataka,NA,NA,NA,NA,0,NA
1887,1,0.385314643,0.289236903,0.178946719,0.103003316,0.043498401,5,State,urban/rural,Owns House,statesector,1,Karnataka,NA,NA,NA,NA,1,NA
1888,1,0.415121138,0.475856632,0.109022252,0,0,5,State,urban/rural,Owns House,statesector,0,Kerala,NA,NA,NA,NA,0,NA
1889,1,0.446703762,0.420050651,0.087359495,0.034148809,0.011737288,5,State,urban/rural,Owns House,statesector,0,Kerala,NA,NA,NA,NA,1,NA
1890,1,0.391898543,0.267700166,0.290015906,0.050385386,0,5,State,urban/rural,Owns House,statesector,1,Kerala,NA,NA,NA,NA,0,NA
1891,1,0.297821194,0.316960394,0.274432808,0.110785589,0,5,State,urban/rural,Owns House,statesector,1,Kerala,NA,NA,NA,NA,1,NA
1892,1,0.299000263,0.553970933,0.093157113,0.05387168,0,5,State,urban/rural,Owns House,statesector,0,Ladakh,NA,NA,NA,NA,0,NA
1893,1,0.493536294,0.251358777,0.191731647,0.06337329,0,5,State,urban/rural,Owns House,statesector,0,Ladakh,NA,NA,NA,NA,1,NA
1894,1,0,0.33518526,0.66481477,0,0,5,State,urban/rural,Owns House,statesector,1,Ladakh,NA,NA,NA,NA,0,NA
1895,1,0.302132964,0.236256912,0,0.239212722,0.222397387,5,State,urban/rural,Owns House,statesector,1,Ladakh,NA,NA,NA,NA,1,NA
1896,1,0,0.26699096,0.73300904,0,0,5,State,urban/rural,Owns House,statesector,0,Lakshadweep,NA,NA,NA,NA,1,NA
1897,1,0,0,0,1,0,5,State,urban/rural,Owns House,statesector,1,Lakshadweep,NA,NA,NA,NA,0,NA
1898,1,0,0.520863116,0.479136914,0,0,5,State,urban/rural,Owns House,statesector,1,Lakshadweep,NA,NA,NA,NA,1,NA
1899,1,0.792670846,0.168096602,0.029933875,0.008376906,0.000921803,5,State,urban/rural,Owns House,statesector,0,Madhya Pradesh,NA,NA,NA,NA,0,NA
1900,1,0.774094045,0.178693116,0.036689054,0.008904057,0.001619701,5,State,urban/rural,Owns House,statesector,0,Madhya Pradesh,NA,NA,NA,NA,1,NA
1901,1,0.474515468,0.250648797,0.182609826,0.080038585,0.012187318,5,State,urban/rural,Owns House,statesector,1,Madhya Pradesh,NA,NA,NA,NA,0,NA
1902,1,0.519640267,0.263934404,0.10532245,0.065816902,0.045285981,5,State,urban/rural,Owns House,statesector,1,Madhya Pradesh,NA,NA,NA,NA,1,NA
1903,1,0.702270925,0.228909686,0.046521194,0.020067079,0.002231122,5,State,urban/rural,Owns House,statesector,0,Maharashtra,NA,NA,NA,NA,0,NA
1904,1,0.662120581,0.27550444,0.042209215,0.018971922,0.001193823,5,State,urban/rural,Owns House,statesector,0,Maharashtra,NA,NA,NA,NA,1,NA
1905,1,0.372984439,0.37673521,0.113922797,0.106451564,0.029905992,5,State,urban/rural,Owns House,statesector,1,Maharashtra,NA,NA,NA,NA,0,NA
1906,1,0.325680286,0.287861973,0.20516482,0.123482771,0.057810139,5,State,urban/rural,Owns House,statesector,1,Maharashtra,NA,NA,NA,NA,1,NA
1907,1,0.663289309,0.311298877,0.025411805,0,0,5,State,urban/rural,Owns House,statesector,0,Manipur,NA,NA,NA,NA,0,NA
1908,1,0.699614584,0.273119032,0.023896407,0.003369939,0,5,State,urban/rural,Owns House,statesector,0,Manipur,NA,NA,NA,NA,1,NA
1909,1,0.504105508,0.382311463,0.078772649,0.034810364,0,5,State,urban/rural,Owns House,statesector,1,Manipur,NA,NA,NA,NA,0,NA
1910,1,0.4399288,0.418529063,0.125679046,0,0.015863117,5,State,urban/rural,Owns House,statesector,1,Manipur,NA,NA,NA,NA,1,NA
1911,1,0.665555954,0.300990343,0.033453688,0,0,5,State,urban/rural,Owns House,statesector,0,Meghalaya,NA,NA,NA,NA,0,NA
1912,1,0.748708844,0.233751267,0.016586643,0.000730323,0.000222899,5,State,urban/rural,Owns House,statesector,0,Meghalaya,NA,NA,NA,NA,1,NA
1913,1,0.680726945,0.175857201,0.045124166,0.044737034,0.05355468,5,State,urban/rural,Owns House,statesector,1,Meghalaya,NA,NA,NA,NA,0,NA
1914,1,0.617243946,0.334713697,0.048042335,0,0,5,State,urban/rural,Owns House,statesector,1,Meghalaya,NA,NA,NA,NA,1,NA
1915,1,0.692563474,0.243540421,0.054240342,0,0.009655759,5,State,urban/rural,Owns House,statesector,0,Mizoram,NA,NA,NA,NA,0,NA
1916,1,0.673207521,0.291679472,0.023430742,0.011682274,0,5,State,urban/rural,Owns House,statesector,0,Mizoram,NA,NA,NA,NA,1,NA
1917,1,0.060101058,0.322222471,0.379048169,0.238628313,0,5,State,urban/rural,Owns House,statesector,1,Mizoram,NA,NA,NA,NA,0,NA
1918,1,0.311978459,0.296751112,0.074446358,0.073455401,0.243368655,5,State,urban/rural,Owns House,statesector,1,Mizoram,NA,NA,NA,NA,1,NA
1919,1,0.756857991,0.202802196,0.032358713,0,0.007981104,5,State,urban/rural,Owns House,statesector,0,Nagaland,NA,NA,NA,NA,0,NA
1920,1,0.829414308,0.160875797,0.008368231,0.001341682,0,5,State,urban/rural,Owns House,statesector,0,Nagaland,NA,NA,NA,NA,1,NA
1921,1,0.352461964,0.437764108,0.15953584,0.050238065,0,5,State,urban/rural,Owns House,statesector,1,Nagaland,NA,NA,NA,NA,0,NA
1922,1,0.509940922,0.386824757,0.050223932,0,0.053010389,5,State,urban/rural,Owns House,statesector,1,Nagaland,NA,NA,NA,NA,1,NA
1923,1,0.861522555,0.124011964,0.013633273,0.000832203,0,5,State,urban/rural,Owns House,statesector,0,Odisha,NA,NA,NA,NA,0,NA
1924,1,0.860030711,0.125449568,0.011878547,0.002054263,0.000586897,5,State,urban/rural,Owns House,statesector,0,Odisha,NA,NA,NA,NA,1,NA
1925,1,0.670650303,0.1713835,0.041445039,0.095702827,0.020818355,5,State,urban/rural,Owns House,statesector,1,Odisha,NA,NA,NA,NA,0,NA
1926,1,0.781037927,0.173860431,0.039205067,0.005896572,0,5,State,urban/rural,Owns House,statesector,1,Odisha,NA,NA,NA,NA,1,NA
1927,1,0.718472719,0.281527281,0,0,0,5,State,urban/rural,Owns House,statesector,0,Puducherry,NA,NA,NA,NA,0,NA
1928,1,0.850449622,0.149550408,0,0,0,5,State,urban/rural,Owns House,statesector,0,Puducherry,NA,NA,NA,NA,1,NA
1929,1,0.542991042,0.260930955,0,0.196077988,0,5,State,urban/rural,Owns House,statesector,1,Puducherry,NA,NA,NA,NA,0,NA
1930,1,0.483932734,0.211684793,0.03882014,0.215193987,0.050368361,5,State,urban/rural,Owns House,statesector,1,Puducherry,NA,NA,NA,NA,1,NA
1931,1,0.260504454,0.344811946,0.184562489,0.175391406,0.034729719,5,State,urban/rural,Owns House,statesector,0,Punjab,NA,NA,NA,NA,0,NA
1932,1,0.195809573,0.359235674,0.230772331,0.151170164,0.063012265,5,State,urban/rural,Owns House,statesector,0,Punjab,NA,NA,NA,NA,1,NA
1933,1,0.158689097,0.261319578,0.271919072,0.191902742,0.116169535,5,State,urban/rural,Owns House,statesector,1,Punjab,NA,NA,NA,NA,0,NA
1934,1,0.164221838,0.136599883,0.266284138,0.175963223,0.256930888,5,State,urban/rural,Owns House,statesector,1,Punjab,NA,NA,NA,NA,1,NA
1935,1,0.53654474,0.317403555,0.119625956,0.018482763,0.007942944,5,State,urban/rural,Owns House,statesector,0,Rajasthan,NA,NA,NA,NA,0,NA
1936,1,0.518266439,0.33342579,0.108067766,0.033738311,0.00650167,5,State,urban/rural,Owns House,statesector,0,Rajasthan,NA,NA,NA,NA,1,NA
1937,1,0.209786519,0.32491228,0.164145112,0.222534746,0.07862135,5,State,urban/rural,Owns House,statesector,1,Rajasthan,NA,NA,NA,NA,0,NA
1938,1,0.160199314,0.289440632,0.243050575,0.191743508,0.115565971,5,State,urban/rural,Owns House,statesector,1,Rajasthan,NA,NA,NA,NA,1,NA
1939,1,0.326361477,0.574507594,0.073275179,0.025855785,0,5,State,urban/rural,Owns House,statesector,0,Sikkim,NA,NA,NA,NA,0,NA
1940,1,0.403381765,0.445044637,0.151573569,0,0,5,State,urban/rural,Owns House,statesector,0,Sikkim,NA,NA,NA,NA,1,NA
1941,1,0,0.534786582,0,0.465213448,0,5,State,urban/rural,Owns House,statesector,1,Sikkim,NA,NA,NA,NA,0,NA
1942,1,0.080250315,0.919749677,0,0,0,5,State,urban/rural,Owns House,statesector,1,Sikkim,NA,NA,NA,NA,1,NA
1943,1,0.67511493,0.24065581,0.059553269,0.018348718,0.006327251,5,State,urban/rural,Owns House,statesector,0,Tamil Nadu,NA,NA,NA,NA,0,NA
1944,1,0.649402261,0.275410086,0.061325423,0.013296495,0.000565753,5,State,urban/rural,Owns House,statesector,0,Tamil Nadu,NA,NA,NA,NA,1,NA
1945,1,0.443465352,0.261666775,0.111275665,0.14751929,0.03607294,5,State,urban/rural,Owns House,statesector,1,Tamil Nadu,NA,NA,NA,NA,0,NA
1946,1,0.69363457,0.149159133,0.073429361,0.069791406,0.013985536,5,State,urban/rural,Owns House,statesector,1,Tamil Nadu,NA,NA,NA,NA,1,NA
1947,1,0.544891834,0.310685337,0.11757835,0.02684447,0,5,State,urban/rural,Owns House,statesector,0,Telangana,NA,NA,NA,NA,0,NA
1948,1,0.534351051,0.285534948,0.149251297,0.026650386,0.004212344,5,State,urban/rural,Owns House,statesector,0,Telangana,NA,NA,NA,NA,1,NA
1949,1,0.203871414,0.378467202,0.214250877,0.169759244,0.033651277,5,State,urban/rural,Owns House,statesector,1,Telangana,NA,NA,NA,NA,0,NA
1950,1,0.434755266,0.221143901,0.185786426,0.080665044,0.077649347,5,State,urban/rural,Owns House,statesector,1,Telangana,NA,NA,NA,NA,1,NA
1951,1,0.863667846,0.127870306,0.00846188,0,0,5,State,urban/rural,Owns House,statesector,0,Tripura,NA,NA,NA,NA,0,NA
1952,1,0.83125335,0.161421672,0.007325004,0,0,5,State,urban/rural,Owns House,statesector,0,Tripura,NA,NA,NA,NA,1,NA
1953,1,0.710123897,0.2309466,0.058929473,0,0,5,State,urban/rural,Owns House,statesector,1,Tripura,NA,NA,NA,NA,0,NA
1954,1,0.483455598,0.50121516,0.015329241,0,0,5,State,urban/rural,Owns House,statesector,1,Tripura,NA,NA,NA,NA,1,NA
1955,1,0.694180429,0.219094604,0.067773655,0.013476321,0.00547501,5,State,urban/rural,Owns House,statesector,0,Uttar Pradesh,NA,NA,NA,NA,0,NA
1956,1,0.658787668,0.244500294,0.069467664,0.021531954,0.005712421,5,State,urban/rural,Owns House,statesector,0,Uttar Pradesh,NA,NA,NA,NA,1,NA
1957,1,0.332066864,0.199479997,0.237231582,0.160815179,0.070406385,5,State,urban/rural,Owns House,statesector,1,Uttar Pradesh,NA,NA,NA,NA,0,NA
1958,1,0.233174339,0.219514266,0.229623705,0.210776865,0.106910817,5,State,urban/rural,Owns House,statesector,1,Uttar Pradesh,NA,NA,NA,NA,1,NA
1959,1,0.488901168,0.255907834,0.144542918,0.081799835,0.028848249,5,State,urban/rural,Owns House,statesector,0,Uttarakhand,NA,NA,NA,NA,0,NA
1960,1,0.39943558,0.419654489,0.113257594,0.05538597,0.012266357,5,State,urban/rural,Owns House,statesector,0,Uttarakhand,NA,NA,NA,NA,1,NA
1961,1,0.383416861,0.205094963,0.213911891,0.161486521,0.036089756,5,State,urban/rural,Owns House,statesector,1,Uttarakhand,NA,NA,NA,NA,0,NA
1962,1,0.1061408,0.138621449,0.357946754,0.333723873,0.063567117,5,State,urban/rural,Owns House,statesector,1,Uttarakhand,NA,NA,NA,NA,1,NA
1963,1,0.864287078,0.128090844,0.007622098,0,0,5,State,urban/rural,Owns House,statesector,0,West Bengal,NA,NA,NA,NA,0,NA
1964,1,0.853265464,0.127610564,0.018371619,0.000752331,0,5,State,urban/rural,Owns House,statesector,0,West Bengal,NA,NA,NA,NA,1,NA
1965,1,0.564637482,0.261170566,0.152466729,0.014641001,0.007084228,5,State,urban/rural,Owns House,statesector,1,West Bengal,NA,NA,NA,NA,0,NA
1966,1,0.449073374,0.390632719,0.097277068,0.053179316,0.00983754,5,State,urban/rural,Owns House,statesector,1,West Bengal,NA,NA,NA,NA,1,NA
1967,1,0.699093401,0.201117754,0.061295584,0.028714135,0.009779112,5,National,All,Agri Land,allindia,99,India,NA,NA,NA,NA,NA,0
1968,1,0.682289481,0.234187916,0.059804842,0.018742822,0.004974927,5,National,All,Agri Land,allindia,99,India,NA,NA,NA,NA,NA,1
1969,1,0.754010499,0.191654146,0.041078918,0.011253529,0.002002931,5,National,urban/rural,Agri Land,indiasector,0,India,NA,NA,NA,NA,NA,0
1970,1,0.689876199,0.233586997,0.056425292,0.016641941,0.003469599,5,National,urban/rural,Agri Land,indiasector,0,India,NA,NA,NA,NA,NA,1
1971,1,0.393180132,0.253834426,0.173911706,0.12597774,0.053096019,5,National,urban/rural,Agri Land,indiasector,1,India,NA,NA,NA,NA,NA,0
1972,1,0.424952626,0.25457105,0.174437612,0.090003729,0.056034964,5,National,urban/rural,Agri Land,indiasector,1,India,NA,NA,NA,NA,NA,1
1973,1,0.738351226,0.207737491,0.031966001,0.021945305,0,5,State,All,Agri Land,state,99,Andaman & Nicobar Islands,NA,NA,NA,NA,NA,0
1974,1,0.873325408,0.10100323,0.025671354,0,0,5,State,All,Agri Land,state,99,Andaman & Nicobar Islands,NA,NA,NA,NA,NA,1
1975,1,0.50255543,0.321701229,0.123349555,0.047495246,0.004898523,5,State,All,Agri Land,state,99,Andhra Pradesh,NA,NA,NA,NA,NA,0
1976,1,0.459114373,0.367575943,0.104144603,0.066202052,0.002963027,5,State,All,Agri Land,state,99,Andhra Pradesh,NA,NA,NA,NA,NA,1
1977,1,0.707766056,0.232363656,0.043416101,0.012762493,0.003691663,5,State,All,Agri Land,state,99,Arunachal Pradesh,NA,NA,NA,NA,NA,0
1978,1,0.732078969,0.216589138,0.03458219,0.015093395,0.001656302,5,State,All,Agri Land,state,99,Arunachal Pradesh,NA,NA,NA,NA,NA,1
1979,1,0.801788747,0.174814358,0.021280335,0.00188562,0.000230952,5,State,All,Agri Land,state,99,Assam,NA,NA,NA,NA,NA,0
1980,1,0.787822127,0.197308972,0.011393954,0.001274977,0.002199953,5,State,All,Agri Land,state,99,Assam,NA,NA,NA,NA,NA,1
1981,1,0.818644047,0.150012448,0.024222642,0.006939468,0.000181422,5,State,All,Agri Land,state,99,Bihar,NA,NA,NA,NA,NA,0
1982,1,0.729006469,0.221968159,0.04020495,0.007929935,0.000890456,5,State,All,Agri Land,state,99,Bihar,NA,NA,NA,NA,NA,1
1983,1,0.174745068,0.291903466,0.058579195,0.321697176,0.153075099,5,State,All,Agri Land,state,99,Chandigarh,NA,NA,NA,NA,NA,0
1984,1,0,0.452233195,0.14512369,0,0.402643114,5,State,All,Agri Land,state,99,Chandigarh,NA,NA,NA,NA,NA,1
1985,1,0.761563897,0.165637642,0.045076024,0.023161229,0.004561217,5,State,All,Agri Land,state,99,Chhattisgarh,NA,NA,NA,NA,NA,0
1986,1,0.795128286,0.153781652,0.040094215,0.008659591,0.00233625,5,State,All,Agri Land,state,99,Chhattisgarh,NA,NA,NA,NA,NA,1
1987,1,0.352907151,0.383426279,0.170805514,0.087138943,0.005722111,5,State,All,Agri Land,state,99,Dadra & Nagar Haveli and Daman & Diu,NA,NA,NA,NA,NA,0
1988,1,0.605909467,0.29850775,0.074694537,0.012813633,0.008074578,5,State,All,Agri Land,state,99,Dadra & Nagar Haveli and Daman & Diu,NA,NA,NA,NA,NA,1
1989,1,0.080769524,0.257434577,0.297875851,0.199337661,0.164582387,5,State,All,Agri Land,state,99,Delhi,NA,NA,NA,NA,NA,0
1990,1,0.063684821,0.208852589,0.254058182,0.315348446,0.158055961,5,State,All,Agri Land,state,99,Delhi,NA,NA,NA,NA,NA,1
1991,1,0.236948058,0.306691051,0.199453741,0.220933184,0.035973966,5,State,All,Agri Land,state,99,Goa,NA,NA,NA,NA,NA,0
1992,1,0,0,1,0,0,5,State,All,Agri Land,state,99,Goa,NA,NA,NA,NA,NA,1
1993,1,0.542479634,0.279442668,0.105948679,0.048177477,0.023951551,5,State,All,Agri Land,state,99,Gujarat,NA,NA,NA,NA,NA,0
1994,1,0.674884498,0.25546369,0.04482406,0.020288352,0.00453938,5,State,All,Agri Land,state,99,Gujarat,NA,NA,NA,NA,NA,1
1995,1,0.219010845,0.369143099,0.242102668,0.12206386,0.047679517,5,State,All,Agri Land,state,99,Haryana,NA,NA,NA,NA,NA,0
1996,1,0.1176292,0.263560325,0.277031928,0.254470855,0.087307699,5,State,All,Agri Land,state,99,Haryana,NA,NA,NA,NA,NA,1
1997,1,0.488460392,0.350898474,0.112844042,0.040336166,0.007460904,5,State,All,Agri Land,state,99,Himachal Pradesh,NA,NA,NA,NA,NA,0
1998,1,0.367504776,0.460009813,0.12622194,0.037533108,0.008730367,5,State,All,Agri Land,state,99,Himachal Pradesh,NA,NA,NA,NA,NA,1
1999,1,0.6420573,0.219300464,0.088383786,0.050258458,0,5,State,All,Agri Land,state,99,Jammu & Kashmir,NA,NA,NA,NA,NA,0
2000,1,0.579546809,0.329835773,0.059126377,0.029501414,0.001989639,5,State,All,Agri Land,state,99,Jammu & Kashmir,NA,NA,NA,NA,NA,1
2001,1,0.810097277,0.150344089,0.027910449,0.010844585,0.00080363,5,State,All,Agri Land,state,99,Jharkhand,NA,NA,NA,NA,NA,0
2002,1,0.864825428,0.112214394,0.019672601,0.002869654,0.000417937,5,State,All,Agri Land,state,99,Jharkhand,NA,NA,NA,NA,NA,1
2003,1,0.525596261,0.301334858,0.11717926,0.046432909,0.009456676,5,State,All,Agri Land,state,99,Karnataka,NA,NA,NA,NA,NA,0
2004,1,0.465703517,0.388005078,0.114871718,0.027496796,0.003922886,5,State,All,Agri Land,state,99,Karnataka,NA,NA,NA,NA,NA,1
2005,1,0.419486105,0.394847959,0.132664979,0.045370623,0.007630352,5,State,All,Agri Land,state,99,Kerala,NA,NA,NA,NA,NA,0
2006,1,0.283809453,0.4914217,0.224768847,0,0,5,State,All,Agri Land,state,99,Kerala,NA,NA,NA,NA,NA,1
2007,1,0.411791474,0.348842114,0.193122417,0.046243988,0,5,State,All,Agri Land,state,99,Ladakh,NA,NA,NA,NA,NA,0
2008,1,0.416264713,0.352992654,0.148387536,0.072971284,0.00938379,5,State,All,Agri Land,state,99,Ladakh,NA,NA,NA,NA,NA,1
2009,1,0,0.263351619,0.430657625,0.305990756,0,5,State,All,Agri Land,state,99,Lakshadweep,NA,NA,NA,NA,NA,0
2010,1,0.768702269,0.166783318,0.044685438,0.014584814,0.005244136,5,State,All,Agri Land,state,99,Madhya Pradesh,NA,NA,NA,NA,NA,0
2011,1,0.748624563,0.195459604,0.040326387,0.012606012,0.00298345,5,State,All,Agri Land,state,99,Madhya Pradesh,NA,NA,NA,NA,NA,1
2012,1,0.624692321,0.268323302,0.063879177,0.035556987,0.00754823,5,State,All,Agri Land,state,99,Maharashtra,NA,NA,NA,NA,NA,0
2013,1,0.618134499,0.28737703,0.05635206,0.029831134,0.008305257,5,State,All,Agri Land,state,99,Maharashtra,NA,NA,NA,NA,NA,1
2014,1,0.655584991,0.299901575,0.040618673,0.003894746,0,5,State,All,Agri Land,state,99,Manipur,NA,NA,NA,NA,NA,0
2015,1,0.638897717,0.314796716,0.032684639,0.00497327,0.008647645,5,State,All,Agri Land,state,99,Manipur,NA,NA,NA,NA,NA,1
2016,1,0.751654923,0.220243022,0.024382621,0.001882096,0.00183735,5,State,All,Agri Land,state,99,Meghalaya,NA,NA,NA,NA,NA,0
2017,1,0.687988698,0.294948906,0.015651498,0.000939902,0.000471031,5,State,All,Agri Land,state,99,Meghalaya,NA,NA,NA,NA,NA,1
2018,1,0.668603182,0.268615425,0.036033113,0.022164779,0.00458351,5,State,All,Agri Land,state,99,Mizoram,NA,NA,NA,NA,NA,0
2019,1,0.595689297,0.313482285,0.052532166,0.017226325,0.021069938,5,State,All,Agri Land,state,99,Mizoram,NA,NA,NA,NA,NA,1
2020,1,0.666919291,0.260592669,0.054372475,0.010698452,0.007417108,5,State,All,Agri Land,state,99,Nagaland,NA,NA,NA,NA,NA,0
2021,1,0.828616738,0.161454082,0.00732785,0.001415861,0.001185447,5,State,All,Agri Land,state,99,Nagaland,NA,NA,NA,NA,NA,1
2022,1,0.862349212,0.11889144,0.013687296,0.004339131,0.000732953,5,State,All,Agri Land,state,99,Odisha,NA,NA,NA,NA,NA,0
2023,1,0.846848011,0.135623634,0.013785504,0.002879277,0.000863567,5,State,All,Agri Land,state,99,Odisha,NA,NA,NA,NA,NA,1
2024,1,0.658136129,0.200239941,0.014712542,0.107822128,0.019089231,5,State,All,Agri Land,state,99,Puducherry,NA,NA,NA,NA,NA,0
2025,1,0,1,0,0,0,5,State,All,Agri Land,state,99,Puducherry,NA,NA,NA,NA,NA,1
2026,1,0.210884705,0.318421572,0.226291344,0.159267232,0.085135117,5,State,All,Agri Land,state,99,Punjab,NA,NA,NA,NA,NA,0
2027,1,0.114528082,0.186391786,0.271975726,0.260068834,0.167035565,5,State,All,Agri Land,state,99,Punjab,NA,NA,NA,NA,NA,1
2028,1,0.478857011,0.343214095,0.105910681,0.052841328,0.01917688,5,State,All,Agri Land,state,99,Rajasthan,NA,NA,NA,NA,NA,0
2029,1,0.514622331,0.320593625,0.122552119,0.033670612,0.008561298,5,State,All,Agri Land,state,99,Rajasthan,NA,NA,NA,NA,NA,1
2030,1,0.399212271,0.443922043,0.127268329,0.029597344,0,5,State,All,Agri Land,state,99,Sikkim,NA,NA,NA,NA,NA,0
2031,1,0.293119103,0.613666356,0.080957621,0.012256904,0,5,State,All,Agri Land,state,99,Sikkim,NA,NA,NA,NA,NA,1
2032,1,0.649354756,0.243886411,0.064272791,0.034649067,0.00783695,5,State,All,Agri Land,state,99,Tamil Nadu,NA,NA,NA,NA,NA,0
2033,1,0.587036669,0.292768508,0.083449073,0.034761775,0.001983994,5,State,All,Agri Land,state,99,Tamil Nadu,NA,NA,NA,NA,NA,1
2034,1,0.54273665,0.287901759,0.11491058,0.039600894,0.014850087,5,State,All,Agri Land,state,99,Telangana,NA,NA,NA,NA,NA,0
2035,1,0.479446828,0.299153179,0.180353671,0.037070677,0.003975654,5,State,All,Agri Land,state,99,Telangana,NA,NA,NA,NA,NA,1
2036,1,0.824224174,0.165261269,0.010514562,0,0,5,State,All,Agri Land,state,99,Tripura,NA,NA,NA,NA,NA,0
2037,1,0.804634929,0.184300065,0.011065029,0,0,5,State,All,Agri Land,state,99,Tripura,NA,NA,NA,NA,NA,1
2038,1,0.595430791,0.218751773,0.101383671,0.059599575,0.024834175,5,State,All,Agri Land,state,99,Uttar Pradesh,NA,NA,NA,NA,NA,0
2039,1,0.640949488,0.254501224,0.074260227,0.022431456,0.007857619,5,State,All,Agri Land,state,99,Uttar Pradesh,NA,NA,NA,NA,NA,1
2040,1,0.337959379,0.30687663,0.197331294,0.136962429,0.020870276,5,State,All,Agri Land,state,99,Uttarakhand,NA,NA,NA,NA,NA,0
2041,1,0.426466376,0.415421307,0.090188958,0.044565078,0.023358263,5,State,All,Agri Land,state,99,Uttarakhand,NA,NA,NA,NA,NA,1
2042,1,0.82531637,0.142167151,0.027005162,0.004340851,0.001170445,5,State,All,Agri Land,state,99,West Bengal,NA,NA,NA,NA,NA,0
2043,1,0.812705576,0.166811854,0.020482592,0,0,5,State,All,Agri Land,state,99,West Bengal,NA,NA,NA,NA,NA,1
2044,1,0.775722563,0.209114835,0.015162584,0,0,5,State,urban/rural,Agri Land,statesector,0,Andaman & Nicobar Islands,NA,NA,NA,NA,NA,0
2045,1,0.873325408,0.10100323,0.025671354,0,0,5,State,urban/rural,Agri Land,statesector,0,Andaman & Nicobar Islands,NA,NA,NA,NA,NA,1
2046,1,0.498990625,0.198915705,0.139590502,0.162503168,0,5,State,urban/rural,Agri Land,statesector,1,Andaman & Nicobar Islands,NA,NA,NA,NA,NA,0
2047,1,0.544155538,0.325936198,0.099033885,0.027501451,0.003372907,5,State,urban/rural,Agri Land,statesector,0,Andhra Pradesh,NA,NA,NA,NA,NA,0
2048,1,0.465481699,0.368842602,0.102732114,0.059939489,0.00300412,5,State,urban/rural,Agri Land,statesector,0,Andhra Pradesh,NA,NA,NA,NA,NA,1
2049,1,0.245722324,0.295555234,0.273470968,0.170934021,0.014317453,5,State,urban/rural,Agri Land,statesector,1,Andhra Pradesh,NA,NA,NA,NA,NA,0
2050,1,0,0.276245534,0.205991879,0.517762601,0,5,State,urban/rural,Agri Land,statesector,1,Andhra Pradesh,NA,NA,NA,NA,NA,1
2051,1,0.740206182,0.214576289,0.034200724,0.008472938,0.00254387,5,State,urban/rural,Agri Land,statesector,0,Arunachal Pradesh,NA,NA,NA,NA,NA,0
2052,1,0.737167656,0.213793159,0.033499774,0.013861517,0.001677881,5,State,urban/rural,Agri Land,statesector,0,Arunachal Pradesh,NA,NA,NA,NA,NA,1
2053,1,0.327538967,0.440847635,0.15142864,0.063039936,0.017144829,5,State,urban/rural,Agri Land,statesector,1,Arunachal Pradesh,NA,NA,NA,NA,NA,0
2054,1,0.341500729,0.431191802,0.117662363,0.109645121,0,5,State,urban/rural,Agri Land,statesector,1,Arunachal Pradesh,NA,NA,NA,NA,NA,1
2055,1,0.833091915,0.154724568,0.01100168,0.001181814,0,5,State,urban/rural,Agri Land,statesector,0,Assam,NA,NA,NA,NA,NA,0
2056,1,0.79131645,0.195805222,0.01158228,0.001296051,0,5,State,urban/rural,Agri Land,statesector,0,Assam,NA,NA,NA,NA,NA,1
2057,1,0.438131392,0.408202589,0.140690118,0.010061915,0.002913984,5,State,urban/rural,Agri Land,statesector,1,Assam,NA,NA,NA,NA,NA,0
2058,1,0.576411188,0.288288444,0,0,0.135300368,5,State,urban/rural,Agri Land,statesector,1,Assam,NA,NA,NA,NA,NA,1
2059,1,0.842001855,0.141240969,0.014818681,0.001802301,0.000136172,5,State,urban/rural,Agri Land,statesector,0,Bihar,NA,NA,NA,NA,NA,0
2060,1,0.73476541,0.220433682,0.037370272,0.006515889,0.000914778,5,State,urban/rural,Agri Land,statesector,0,Bihar,NA,NA,NA,NA,NA,1
2061,1,0.561531365,0.24656488,0.12773715,0.06348706,0.000679511,5,State,urban/rural,Agri Land,statesector,1,Bihar,NA,NA,NA,NA,NA,0
2062,1,0.518161178,0.278149098,0.143988609,0.059701141,0,5,State,urban/rural,Agri Land,statesector,1,Bihar,NA,NA,NA,NA,NA,1
2063,1,0,0,1,0,0,5,State,urban/rural,Agri Land,statesector,0,Chandigarh,NA,NA,NA,NA,NA,1
2064,1,0.174745068,0.291903466,0.058579195,0.321697176,0.153075099,5,State,urban/rural,Agri Land,statesector,1,Chandigarh,NA,NA,NA,NA,NA,0
2065,1,0,0.529004216,0,0,0.470995754,5,State,urban/rural,Agri Land,statesector,1,Chandigarh,NA,NA,NA,NA,NA,1
2066,1,0.793780744,0.163857028,0.0326837,0.008547728,0.001130815,5,State,urban/rural,Agri Land,statesector,0,Chhattisgarh,NA,NA,NA,NA,NA,0
2067,1,0.798958719,0.154604495,0.036679201,0.00856026,0.001197334,5,State,urban/rural,Agri Land,statesector,0,Chhattisgarh,NA,NA,NA,NA,NA,1
2068,1,0.533029675,0.178268671,0.132982522,0.126823917,0.028895201,5,State,urban/rural,Agri Land,statesector,1,Chhattisgarh,NA,NA,NA,NA,NA,0
2069,1,0.615895867,0.115279093,0.199889213,0.013307509,0.05562833,5,State,urban/rural,Agri Land,statesector,1,Chhattisgarh,NA,NA,NA,NA,NA,1
2070,1,0.54227066,0.316337675,0.135753751,0.005637907,0,5,State,urban/rural,Agri Land,statesector,0,Dadra & Nagar Haveli and Daman & Diu,NA,NA,NA,NA,NA,0
2071,1,0.654360592,0.294417441,0.038137514,0.00428903,0.008795414,5,State,urban/rural,Agri Land,statesector,0,Dadra & Nagar Haveli and Daman & Diu,NA,NA,NA,NA,NA,1
2072,1,0.098332271,0.473618269,0.217928097,0.196706608,0.013414753,5,State,urban/rural,Agri Land,statesector,1,Dadra & Nagar Haveli and Daman & Diu,NA,NA,NA,NA,NA,0
2073,1,0.063175701,0.344326228,0.484194577,0.108303502,0,5,State,urban/rural,Agri Land,statesector,1,Dadra & Nagar Haveli and Daman & Diu,NA,NA,NA,NA,NA,1
2074,1,0.148834288,0.240685359,0.566658497,0,0.043821875,5,State,urban/rural,Agri Land,statesector,0,Delhi,NA,NA,NA,NA,NA,0
2075,1,0,0,1,0,0,5,State,urban/rural,Agri Land,statesector,0,Delhi,NA,NA,NA,NA,NA,1
2076,1,0.079537675,0.257737696,0.293011397,0.202945292,0.166767925,5,State,urban/rural,Agri Land,statesector,1,Delhi,NA,NA,NA,NA,NA,0
2077,1,0.065440618,0.214610681,0.233492479,0.324042618,0.162413582,5,State,urban/rural,Agri Land,statesector,1,Delhi,NA,NA,NA,NA,NA,1
2078,1,0.247252226,0.304897219,0.16622299,0.236728027,0.044899542,5,State,urban/rural,Agri Land,statesector,0,Goa,NA,NA,NA,NA,NA,0
2079,1,0,0,1,0,0,5,State,urban/rural,Agri Land,statesector,0,Goa,NA,NA,NA,NA,NA,1
2080,1,0.195417717,0.313921005,0.333388209,0.157273084,0,5,State,urban/rural,Agri Land,statesector,1,Goa,NA,NA,NA,NA,NA,0
2081,1,0.609714448,0.294968426,0.079445936,0.014718323,0.001152894,5,State,urban/rural,Agri Land,statesector,0,Gujarat,NA,NA,NA,NA,NA,0
2082,1,0.684168637,0.256409168,0.041609313,0.017516302,0.000296573,5,State,urban/rural,Agri Land,statesector,0,Gujarat,NA,NA,NA,NA,NA,1
2083,1,0.262896508,0.214881763,0.216155291,0.187310994,0.11875543,5,State,urban/rural,Agri Land,statesector,1,Gujarat,NA,NA,NA,NA,NA,0
2084,1,0.330871731,0.220430151,0.163942829,0.12300352,0.161751762,5,State,urban/rural,Agri Land,statesector,1,Gujarat,NA,NA,NA,NA,NA,1
2085,1,0.237935752,0.396349549,0.232346505,0.112270169,0.021098044,5,State,urban/rural,Agri Land,statesector,0,Haryana,NA,NA,NA,NA,NA,0
2086,1,0.121491507,0.264799267,0.275788426,0.249134958,0.088785842,5,State,urban/rural,Agri Land,statesector,0,Haryana,NA,NA,NA,NA,NA,1
2087,1,0.147408053,0.26620701,0.279015332,0.159118503,0.148251101,5,State,urban/rural,Agri Land,statesector,1,Haryana,NA,NA,NA,NA,NA,0
2088,1,0.079135329,0.251212358,0.289425492,0.307651132,0.072575688,5,State,urban/rural,Agri Land,statesector,1,Haryana,NA,NA,NA,NA,NA,1
2089,1,0.495528221,0.33837837,0.130421355,0.035672072,0,5,State,urban/rural,Agri Land,statesector,0,Himachal Pradesh,NA,NA,NA,NA,NA,0
2090,1,0.360818297,0.466234446,0.125895292,0.038172793,0.00887916,5,State,urban/rural,Agri Land,statesector,0,Himachal Pradesh,NA,NA,NA,NA,NA,1
2091,1,0.443086028,0.431276023,0,0.070279025,0.055358924,5,State,urban/rural,Agri Land,statesector,1,Himachal Pradesh,NA,NA,NA,NA,NA,0
2092,1,0.759829164,0.094783649,0.145387158,0,0,5,State,urban/rural,Agri Land,statesector,1,Himachal Pradesh,NA,NA,NA,NA,NA,1
2093,1,0.683112621,0.232642666,0.067243055,0.017001675,0,5,State,urban/rural,Agri Land,statesector,0,Jammu & Kashmir,NA,NA,NA,NA,NA,0
2094,1,0.587505102,0.332075,0.060722422,0.01765413,0.002043347,5,State,urban/rural,Agri Land,statesector,0,Jammu & Kashmir,NA,NA,NA,NA,NA,1
2095,1,0.422631234,0.147991076,0.201373518,0.228004172,0,5,State,urban/rural,Agri Land,statesector,1,Jammu & Kashmir,NA,NA,NA,NA,NA,0
2096,1,0.284727514,0.246882319,0,0.468390137,0,5,State,urban/rural,Agri Land,statesector,1,Jammu & Kashmir,NA,NA,NA,NA,NA,1
2097,1,0.851794541,0.131311521,0.015120206,0.001773758,0,5,State,urban/rural,Agri Land,statesector,0,Jharkhand,NA,NA,NA,NA,NA,0
2098,1,0.869007885,0.110731617,0.017767297,0.00249319,0,5,State,urban/rural,Agri Land,statesector,0,Jharkhand,NA,NA,NA,NA,NA,1
2099,1,0.543096006,0.272215843,0.109810561,0.068928063,0.00594954,5,State,urban/rural,Agri Land,statesector,1,Jharkhand,NA,NA,NA,NA,NA,0
2100,1,0.62464124,0.197364688,0.129087046,0.024488512,0.024418479,5,State,urban/rural,Agri Land,statesector,1,Jharkhand,NA,NA,NA,NA,NA,1
2101,1,0.564068615,0.31836623,0.093831658,0.021438966,0.002294525,5,State,urban/rural,Agri Land,statesector,0,Karnataka,NA,NA,NA,NA,NA,0
2102,1,0.468386024,0.393578649,0.1128437,0.022386527,0.002805102,5,State,urban/rural,Agri Land,statesector,0,Karnataka,NA,NA,NA,NA,NA,1
2103,1,0.409801126,0.250073403,0.187451556,0.121660389,0.031013524,5,State,urban/rural,Agri Land,statesector,1,Karnataka,NA,NA,NA,NA,NA,0
2104,1,0.423734695,0.300804019,0.146600991,0.107449204,0.0214111,5,State,urban/rural,Agri Land,statesector,1,Karnataka,NA,NA,NA,NA,NA,1
2105,1,0.446300715,0.431824952,0.082349971,0.029414352,0.010110008,5,State,urban/rural,Agri Land,statesector,0,Kerala,NA,NA,NA,NA,NA,0
2106,1,0.336850733,0.396373242,0.266776025,0,0,5,State,urban/rural,Agri Land,statesector,0,Kerala,NA,NA,NA,NA,NA,1
2107,1,0.336972624,0.28106305,0.287493378,0.094470963,0,5,State,urban/rural,Agri Land,statesector,1,Kerala,NA,NA,NA,NA,NA,0
2108,1,0,1,0,0,0,5,State,urban/rural,Agri Land,statesector,1,Kerala,NA,NA,NA,NA,NA,1
2109,1,0.428397834,0.362909883,0.181046799,0.027645489,0,5,State,urban/rural,Agri Land,statesector,0,Ladakh,NA,NA,NA,NA,NA,0
2110,1,0.42583707,0.35134685,0.145808384,0.077007689,0,5,State,urban/rural,Agri Land,statesector,0,Ladakh,NA,NA,NA,NA,NA,1
2111,1,0,0,0.492564529,0.507435441,0,5,State,urban/rural,Agri Land,statesector,1,Ladakh,NA,NA,NA,NA,NA,0
2112,1,0.243212715,0.382746249,0.195014313,0,0.179026708,5,State,urban/rural,Agri Land,statesector,1,Ladakh,NA,NA,NA,NA,NA,1
2113,1,0,0.26699096,0.73300904,0,0,5,State,urban/rural,Agri Land,statesector,0,Lakshadweep,NA,NA,NA,NA,NA,0
2114,1,0,0.26105848,0.240145162,0.498796374,0,5,State,urban/rural,Agri Land,statesector,1,Lakshadweep,NA,NA,NA,NA,NA,0
2115,1,0.813897669,0.150936857,0.028940545,0.006100979,0.000123928,5,State,urban/rural,Agri Land,statesector,0,Madhya Pradesh,NA,NA,NA,NA,NA,0
2116,1,0.752924681,0.194468454,0.039460987,0.010730565,0.002415305,5,State,urban/rural,Agri Land,statesector,0,Madhya Pradesh,NA,NA,NA,NA,NA,1
2117,1,0.484269589,0.26651147,0.143774331,0.067976974,0.037467651,5,State,urban/rural,Agri Land,statesector,1,Madhya Pradesh,NA,NA,NA,NA,NA,0
2118,1,0.593585849,0.231194884,0.071527719,0.080223985,0.023467543,5,State,urban/rural,Agri Land,statesector,1,Madhya Pradesh,NA,NA,NA,NA,NA,1
2119,1,0.704548359,0.246902362,0.035796221,0.012051187,0.000701892,5,State,urban/rural,Agri Land,statesector,0,Maharashtra,NA,NA,NA,NA,NA,0
2120,1,0.625360429,0.292706817,0.051794417,0.027935041,0.002203302,5,State,urban/rural,Agri Land,statesector,0,Maharashtra,NA,NA,NA,NA,NA,1
2121,1,0.334967464,0.346040428,0.165766641,0.120838121,0.032387353,5,State,urban/rural,Agri Land,statesector,1,Maharashtra,NA,NA,NA,NA,NA,0
2122,1,0.438290954,0.154725209,0.169786051,0.077022523,0.160175264,5,State,urban/rural,Agri Land,statesector,1,Maharashtra,NA,NA,NA,NA,NA,1
2123,1,0.698317826,0.27255249,0.027377563,0.001752128,0,5,State,urban/rural,Agri Land,statesector,0,Manipur,NA,NA,NA,NA,NA,0
2124,1,0.668421507,0.312406421,0.013649991,0.005522072,0,5,State,urban/rural,Agri Land,statesector,0,Manipur,NA,NA,NA,NA,NA,1
2125,1,0.473509014,0.416430563,0.097036414,0.013024012,0,5,State,urban/rural,Agri Land,statesector,1,Manipur,NA,NA,NA,NA,NA,0
2126,1,0.371351898,0.336457729,0.205177411,0,0.087012962,5,State,urban/rural,Agri Land,statesector,1,Manipur,NA,NA,NA,NA,NA,1
2127,1,0.760903358,0.21688123,0.02184023,0.000375215,0,5,State,urban/rural,Agri Land,statesector,0,Meghalaya,NA,NA,NA,NA,NA,0
2128,1,0.688511014,0.293989569,0.016052356,0.000963974,0.000483095,5,State,urban/rural,Agri Land,statesector,0,Meghalaya,NA,NA,NA,NA,NA,1
2129,1,0.63676554,0.26200524,0.055965733,0.020601468,0.024662007,5,State,urban/rural,Agri Land,statesector,1,Meghalaya,NA,NA,NA,NA,NA,0
2130,1,0.667594194,0.332405835,0,0,0,5,State,urban/rural,Agri Land,statesector,1,Meghalaya,NA,NA,NA,NA,NA,1
2131,1,0.713425279,0.262932718,0.01523366,0.005857013,0.002551343,5,State,urban/rural,Agri Land,statesector,0,Mizoram,NA,NA,NA,NA,NA,0
2132,1,0.619700849,0.316108763,0.048333999,0.015856393,0,5,State,urban/rural,Agri Land,statesector,0,Mizoram,NA,NA,NA,NA,NA,1
2133,1,0.229564384,0.324278355,0.239766717,0.181901664,0.02448887,5,State,urban/rural,Agri Land,statesector,1,Mizoram,NA,NA,NA,NA,NA,0
2134,1,0.068284266,0.255793035,0.144743323,0.047316369,0.483862996,5,State,urban/rural,Agri Land,statesector,1,Mizoram,NA,NA,NA,NA,NA,1
2135,1,0.788094342,0.190709785,0.020704184,0.000491682,0,5,State,urban/rural,Agri Land,statesector,0,Nagaland,NA,NA,NA,NA,NA,0
2136,1,0.833511949,0.156327143,0.007498894,0.00144891,0.001213118,5,State,urban/rural,Agri Land,statesector,0,Nagaland,NA,NA,NA,NA,NA,1
2137,1,0.386185229,0.422494859,0.132373974,0.034345135,0.0246008,5,State,urban/rural,Agri Land,statesector,1,Nagaland,NA,NA,NA,NA,NA,0
2138,1,0.618899107,0.381100923,0,0,0,5,State,urban/rural,Agri Land,statesector,1,Nagaland,NA,NA,NA,NA,NA,1
2139,1,0.876129389,0.111914061,0.010330862,0.001625676,0,5,State,urban/rural,Agri Land,statesector,0,Odisha,NA,NA,NA,NA,NA,0
2140,1,0.848224759,0.135327712,0.013511775,0.002058222,0.000877522,5,State,urban/rural,Agri Land,statesector,0,Odisha,NA,NA,NA,NA,NA,1
2141,1,0.748444736,0.176564991,0.041430891,0.026768001,0.006791397,5,State,urban/rural,Agri Land,statesector,1,Odisha,NA,NA,NA,NA,NA,0
2142,1,0.761651993,0.153935879,0.030724382,0.053687766,0,5,State,urban/rural,Agri Land,statesector,1,Odisha,NA,NA,NA,NA,NA,1
2143,1,0.825357258,0.174642712,0,0,0,5,State,urban/rural,Agri Land,statesector,0,Puducherry,NA,NA,NA,NA,NA,0
2144,1,0,1,0,0,0,5,State,urban/rural,Agri Land,statesector,0,Puducherry,NA,NA,NA,NA,NA,1
2145,1,0.499355495,0.224545151,0.028682472,0.210201949,0.037214935,5,State,urban/rural,Agri Land,statesector,1,Puducherry,NA,NA,NA,NA,NA,0
2146,1,0.237657487,0.3729451,0.203891456,0.144576222,0.04092975,5,State,urban/rural,Agri Land,statesector,0,Punjab,NA,NA,NA,NA,NA,0
2147,1,0.09248694,0.204043061,0.281288326,0.284697324,0.137484357,5,State,urban/rural,Agri Land,statesector,0,Punjab,NA,NA,NA,NA,NA,1
2148,1,0.156666353,0.2080044,0.271654069,0.189018458,0.174656749,5,State,urban/rural,Agri Land,statesector,1,Punjab,NA,NA,NA,NA,NA,0
2149,1,0.347275466,0,0.173637733,0,0.479086816,5,State,urban/rural,Agri Land,statesector,1,Punjab,NA,NA,NA,NA,NA,1
2150,1,0.526673496,0.350192994,0.088461071,0.029786594,0.00488587,5,State,urban/rural,Agri Land,statesector,0,Rajasthan,NA,NA,NA,NA,NA,0
2151,1,0.518867254,0.320919305,0.120817803,0.031715579,0.007680051,5,State,urban/rural,Agri Land,statesector,0,Rajasthan,NA,NA,NA,NA,NA,1
2152,1,0.176093906,0.299025357,0.216397673,0.198818728,0.109664343,5,State,urban/rural,Agri Land,statesector,1,Rajasthan,NA,NA,NA,NA,NA,0
2153,1,0.147449464,0.292425007,0.27256462,0.20277451,0.084786408,5,State,urban/rural,Agri Land,statesector,1,Rajasthan,NA,NA,NA,NA,NA,1
2154,1,0.428928912,0.41806072,0.137953639,0.015056717,0,5,State,urban/rural,Agri Land,statesector,0,Sikkim,NA,NA,NA,NA,NA,0
2155,1,0.293119103,0.613666356,0.080957621,0.012256904,0,5,State,urban/rural,Agri Land,statesector,0,Sikkim,NA,NA,NA,NA,NA,1
2156,1,0.045269497,0.751945674,0,0.202784821,0,5,State,urban/rural,Agri Land,statesector,1,Sikkim,NA,NA,NA,NA,NA,0
2157,1,0.674059629,0.256033599,0.055450823,0.012589655,0.001866257,5,State,urban/rural,Agri Land,statesector,0,Tamil Nadu,NA,NA,NA,NA,NA,0
2158,1,0.579010069,0.313033998,0.083390951,0.022354675,0.002210314,5,State,urban/rural,Agri Land,statesector,0,Tamil Nadu,NA,NA,NA,NA,NA,1
2159,1,0.574376047,0.20701994,0.091047272,0.101598859,0.025957862,5,State,urban/rural,Agri Land,statesector,1,Tamil Nadu,NA,NA,NA,NA,NA,0
2160,1,0.657400668,0.115113951,0.083958544,0.143526807,0,5,State,urban/rural,Agri Land,statesector,1,Tamil Nadu,NA,NA,NA,NA,NA,1
2161,1,0.599642515,0.285696626,0.097900555,0.015225433,0.001534838,5,State,urban/rural,Agri Land,statesector,0,Telangana,NA,NA,NA,NA,NA,0
2162,1,0.483831495,0.299801081,0.175590396,0.036658172,0.004118832,5,State,urban/rural,Agri Land,statesector,0,Telangana,NA,NA,NA,NA,NA,1
2163,1,0.322483718,0.296436697,0.180747509,0.133945599,0.066386469,5,State,urban/rural,Agri Land,statesector,1,Telangana,NA,NA,NA,NA,NA,0
2164,1,0.357695937,0.281162471,0.312616855,0.048524763,0,5,State,urban/rural,Agri Land,statesector,1,Telangana,NA,NA,NA,NA,NA,1
2165,1,0.859184206,0.133434847,0.007380919,0,0,5,State,urban/rural,Agri Land,statesector,0,Tripura,NA,NA,NA,NA,NA,0
2166,1,0.805714607,0.182883933,0.011401483,0,0,5,State,urban/rural,Agri Land,statesector,0,Tripura,NA,NA,NA,NA,NA,1
2167,1,0.564231157,0.401949823,0.033819016,0,0,5,State,urban/rural,Agri Land,statesector,1,Tripura,NA,NA,NA,NA,NA,0
2168,1,0.76912725,0.230872735,0,0,0,5,State,urban/rural,Agri Land,statesector,1,Tripura,NA,NA,NA,NA,NA,1
2169,1,0.6816172,0.222321734,0.070192985,0.020259913,0.005608193,5,State,urban/rural,Agri Land,statesector,0,Uttar Pradesh,NA,NA,NA,NA,NA,0
2170,1,0.651573181,0.253909409,0.068484902,0.020307435,0.005725087,5,State,urban/rural,Agri Land,statesector,0,Uttar Pradesh,NA,NA,NA,NA,NA,1
2171,1,0.246009216,0.204278275,0.227838665,0.219092622,0.102781214,5,State,urban/rural,Agri Land,statesector,1,Uttar Pradesh,NA,NA,NA,NA,NA,0
2172,1,0.315365076,0.272639185,0.251256287,0.087526232,0.07321322,5,State,urban/rural,Agri Land,statesector,1,Uttar Pradesh,NA,NA,NA,NA,NA,1
2173,1,0.391740501,0.363596499,0.157351226,0.079952173,0.007359602,5,State,urban/rural,Agri Land,statesector,0,Uttarakhand,NA,NA,NA,NA,NA,0
2174,1,0.43533814,0.424063295,0.079042375,0.039156068,0.022400111,5,State,urban/rural,Agri Land,statesector,0,Uttarakhand,NA,NA,NA,NA,NA,1
2175,1,0.206737548,0.168484569,0.294879556,0.276063025,0.053835277,5,State,urban/rural,Agri Land,statesector,1,Uttarakhand,NA,NA,NA,NA,NA,0
2176,1,0,0,0.626006484,0.304576755,0.069416746,5,State,urban/rural,Agri Land,statesector,1,Uttarakhand,NA,NA,NA,NA,NA,1
2177,1,0.869913995,0.119069867,0.010637673,0.000378457,0,5,State,urban/rural,Agri Land,statesector,0,West Bengal,NA,NA,NA,NA,NA,0
2178,1,0.830435634,0.154694214,0.014870144,0,0,5,State,urban/rural,Agri Land,statesector,0,West Bengal,NA,NA,NA,NA,NA,1
2179,1,0.540355682,0.289749473,0.13158679,0.029658945,0.008649115,5,State,urban/rural,Agri Land,statesector,1,West Bengal,NA,NA,NA,NA,NA,0
2180,1,0.353828639,0.480431527,0.165739834,0,0,5,State,urban/rural,Agri Land,statesector,1,West Bengal,NA,NA,NA,NA,NA,1
2181,1,0.554355204,0.316551566,0.099183664,0.024433726,0.005475848,4,National,All,All Households,allindia,99,India,NA,NA,NA,NA,NA,NA
2182,1,0.58577621,0.314772338,0.083729491,0.01370082,0.002021139,4,National,urban/rural,All Households,indiasector,0,India,NA,NA,NA,NA,NA,NA
2183,1,0.288881093,0.331584275,0.22975488,0.115115307,0.034664448,4,National,urban/rural,All Households,indiasector,1,India,NA,NA,NA,NA,NA,NA
2184,1,0.40994361,0.340808988,0.221583873,0.019817458,0.007846076,4,State,All,All Households,state,99,Andaman & Nicobar Islands,NA,NA,NA,NA,NA,NA
2185,1,0.266114831,0.449023247,0.247523874,0.036025584,0.001312466,4,State,All,All Households,state,99,Andhra Pradesh,NA,NA,NA,NA,NA,NA
2186,1,0.557956398,0.335387707,0.085502133,0.014920735,0.006233016,4,State,All,All Households,state,99,Arunachal Pradesh,NA,NA,NA,NA,NA,NA
2187,1,0.518746376,0.424448699,0.051998783,0.004169812,0.000636343,4,State,All,All Households,state,99,Assam,NA,NA,NA,NA,NA,NA
2188,1,0.771879196,0.19464846,0.027617859,0.005283509,0.000571,4,State,All,All Households,state,99,Bihar,NA,NA,NA,NA,NA,NA
2189,1,0.215722293,0.252036303,0.268548936,0.230993807,0.032698646,4,State,All,All Households,state,99,Chandigarh,NA,NA,NA,NA,NA,NA
2190,1,0.633383155,0.277840495,0.069402881,0.015381347,0.003992144,4,State,All,All Households,state,99,Chhattisgarh,NA,NA,NA,NA,NA,NA
2191,1,0.516819656,0.355599433,0.099696644,0.027884262,0,4,State,All,All Households,state,99,Dadra & Nagar Haveli,NA,NA,NA,NA,NA,NA
2192,1,0.018717326,0.532002568,0.309821337,0.084120519,0.055338275,4,State,All,All Households,state,99,Daman & Diu,NA,NA,NA,NA,NA,NA
2193,1,0.062188227,0.149016425,0.446145266,0.240682796,0.101967297,4,State,All,All Households,state,99,Delhi,NA,NA,NA,NA,NA,NA
2194,1,0.011934603,0.497149825,0.323116243,0.146487772,0.021311542,4,State,All,All Households,state,99,Goa,NA,NA,NA,NA,NA,NA
2195,1,0.355149448,0.440396756,0.158352226,0.035734642,0.010366939,4,State,All,All Households,state,99,Gujarat,NA,NA,NA,NA,NA,NA
2196,1,0.138435483,0.341320425,0.304483563,0.159300148,0.056460388,4,State,All,All Households,state,99,Haryana,NA,NA,NA,NA,NA,NA
2197,1,0.141976327,0.438915282,0.326289505,0.080005437,0.012813459,4,State,All,All Households,state,99,Himachal Pradesh,NA,NA,NA,NA,NA,NA
2198,1,0.313826323,0.474855036,0.151216537,0.052854992,0.007247118,4,State,All,All Households,state,99,Jammu & Kashmir,NA,NA,NA,NA,NA,NA
2199,1,0.742356062,0.197370932,0.051141888,0.007616287,0.001514802,4,State,All,All Households,state,99,Jharkhand,NA,NA,NA,NA,NA,NA
2200,1,0.30064401,0.476923019,0.186204046,0.030472782,0.005756154,4,State,All,All Households,state,99,Karnataka,NA,NA,NA,NA,NA,NA
2201,1,0.252074093,0.42434144,0.208914906,0.038512144,0.076157413,4,State,All,All Households,state,99,Kerala,NA,NA,NA,NA,NA,NA
2202,1,0.116474591,0,0.120472558,0.40110451,0.361948341,4,State,All,All Households,state,99,Lakshadweep,NA,NA,NA,NA,NA,NA
2203,1,0.590912759,0.288097382,0.091627017,0.024441158,0.004921694,4,State,All,All Households,state,99,Madhya Pradesh,NA,NA,NA,NA,NA,NA
2204,1,0.425053298,0.389281332,0.141204178,0.034919791,0.009541403,4,State,All,All Households,state,99,Maharashtra,NA,NA,NA,NA,NA,NA
2205,1,0.287029296,0.473569453,0.195441961,0.041125052,0.002834261,4,State,All,All Households,state,99,Manipur,NA,NA,NA,NA,NA,NA
2206,1,0.30567643,0.54556638,0.140327081,0.00811217,0.000317948,4,State,All,All Households,state,99,Meghalaya,NA,NA,NA,NA,NA,NA
2207,1,0.485055089,0.355551124,0.124094129,0.02547377,0.009825883,4,State,All,All Households,state,99,Mizoram,NA,NA,NA,NA,NA,NA
2208,1,0.368673474,0.503812671,0.117607869,0.007843195,0.002062788,4,State,All,All Households,state,99,Nagaland,NA,NA,NA,NA,NA,NA
2209,1,0.714806736,0.241024807,0.039147813,0.004673795,0.00034686,4,State,All,All Households,state,99,Odisha,NA,NA,NA,NA,NA,NA
2210,1,0.415964812,0.386131287,0.167058051,0.030023431,0.000822405,4,State,All,All Households,state,99,Puducherry,NA,NA,NA,NA,NA,NA
2211,1,0.094331197,0.307050735,0.356254488,0.181872204,0.060491376,4,State,All,All Households,state,99,Punjab,NA,NA,NA,NA,NA,NA
2212,1,0.452830762,0.37106666,0.130542621,0.035782244,0.009777709,4,State,All,All Households,state,99,Rajasthan,NA,NA,NA,NA,NA,NA
2213,1,0.050829068,0.469137818,0.379714817,0.088063858,0.012254414,4,State,All,All Households,state,99,Sikkim,NA,NA,NA,NA,NA,NA
2214,1,0.344562918,0.468886852,0.146364734,0.032870151,0.00731536,4,State,All,All Households,state,99,Tamil Nadu,NA,NA,NA,NA,NA,NA
2215,1,0.336643696,0.452937484,0.176842332,0.031834189,0.001742295,4,State,All,All Households,state,99,Telangana,NA,NA,NA,NA,NA,NA
2216,1,0.419301778,0.529829562,0.048994519,0.001874118,0,4,State,All,All Households,state,99,Tripura,NA,NA,NA,NA,NA,NA
2217,1,0.572763741,0.284551591,0.101664357,0.033932213,0.007088102,4,State,All,All Households,state,99,Uttar Pradesh,NA,NA,NA,NA,NA,NA
2218,1,0.230269983,0.466678083,0.232425258,0.058996551,0.011630121,4,State,All,All Households,state,99,Uttarakhand,NA,NA,NA,NA,NA,NA
2219,1,0.5965271,0.345240027,0.054594651,0.003440804,0.000197454,4,State,All,All Households,state,99,West Bengal,NA,NA,NA,NA,NA,NA
2220,1,0.427228093,0.347269446,0.196235344,0.020966224,0.008300891,4,State,urban/rural,All Households,statesector,0,Andaman & Nicobar Islands,NA,NA,NA,NA,NA,NA
2221,1,0.111767098,0.229359105,0.658873796,0,0,4,State,urban/rural,All Households,statesector,1,Andaman & Nicobar Islands,NA,NA,NA,NA,NA,NA
2222,1,0.28244409,0.456326038,0.238888919,0.022340965,0,4,State,urban/rural,All Households,statesector,0,Andhra Pradesh,NA,NA,NA,NA,NA,NA
2223,1,0.121172614,0.384202033,0.324169755,0.157493412,0.012962217,4,State,urban/rural,All Households,statesector,1,Andhra Pradesh,NA,NA,NA,NA,NA,NA
2224,1,0.581280947,0.330733985,0.074133627,0.01028617,0.003565285,4,State,urban/rural,All Households,statesector,0,Arunachal Pradesh,NA,NA,NA,NA,NA,NA
2225,1,0.238443598,0.399137259,0.241234377,0.078407645,0.042777129,4,State,urban/rural,All Households,statesector,1,Arunachal Pradesh,NA,NA,NA,NA,NA,NA
2226,1,0.528551102,0.424064815,0.045116078,0.001937961,0.000330026,4,State,urban/rural,All Households,statesector,0,Assam,NA,NA,NA,NA,NA,NA
2227,1,0.320648491,0.432204783,0.19105874,0.049262721,0.006825259,4,State,urban/rural,All Households,statesector,1,Assam,NA,NA,NA,NA,NA,NA
2228,1,0.785268903,0.189033329,0.022204785,0.003270045,0.000222942,4,State,urban/rural,All Households,statesector,0,Bihar,NA,NA,NA,NA,NA,NA
2229,1,0.53942281,0.292131633,0.12159314,0.040238854,0.00661356,4,State,urban/rural,All Households,statesector,1,Bihar,NA,NA,NA,NA,NA,NA
2230,1,0.166666672,0.333333343,0.333333343,0.166666672,0,4,State,urban/rural,All Households,statesector,0,Chandigarh,NA,NA,NA,NA,NA,NA
2231,1,0.229617536,0.229008541,0.250198454,0.249214768,0.041960694,4,State,urban/rural,All Households,statesector,1,Chandigarh,NA,NA,NA,NA,NA,NA
2232,1,0.659216583,0.271268666,0.059321981,0.009216956,0.000975828,4,State,urban/rural,All Households,statesector,0,Chhattisgarh,NA,NA,NA,NA,NA,NA
2233,1,0.326739311,0.355848283,0.189063564,0.088552915,0.039795943,4,State,urban/rural,All Households,statesector,1,Chhattisgarh,NA,NA,NA,NA,NA,NA
2234,1,0.549220383,0.361860275,0.073767103,0.015152244,0,4,State,urban/rural,All Households,statesector,0,Dadra & Nagar Haveli,NA,NA,NA,NA,NA,NA
2235,1,0.136645034,0.282137722,0.403941542,0.177275702,0,4,State,urban/rural,All Households,statesector,1,Dadra & Nagar Haveli,NA,NA,NA,NA,NA,NA
2236,1,0.00986764,0.548935294,0.34034881,0.055510521,0.045337699,4,State,urban/rural,All Households,statesector,0,Daman & Diu,NA,NA,NA,NA,NA,NA
2237,1,0.021179039,0.527292371,0.301329523,0.092078954,0.058120128,4,State,urban/rural,All Households,statesector,1,Daman & Diu,NA,NA,NA,NA,NA,NA
2238,1,0,1,0,0,0,4,State,urban/rural,All Households,statesector,0,Delhi,NA,NA,NA,NA,NA,NA
2239,1,0.062618569,0.14312765,0.449232578,0.242348313,0.102672905,4,State,urban/rural,All Households,statesector,1,Delhi,NA,NA,NA,NA,NA,NA
2240,1,0.02226124,0.617963254,0.290333092,0.055726521,0.013715888,4,State,urban/rural,All Households,statesector,0,Goa,NA,NA,NA,NA,NA,NA
2241,1,0,0.357524514,0.361004084,0.251381487,0.030089919,4,State,urban/rural,All Households,statesector,1,Goa,NA,NA,NA,NA,NA,NA
2242,1,0.382130176,0.459876955,0.136861622,0.019527322,0.001603911,4,State,urban/rural,All Households,statesector,0,Gujarat,NA,NA,NA,NA,NA,NA
2243,1,0.183033824,0.316128492,0.295445114,0.139124453,0.066268086,4,State,urban/rural,All Households,statesector,1,Gujarat,NA,NA,NA,NA,NA,NA
2244,1,0.157280922,0.358592033,0.320880681,0.124529593,0.038716793,4,State,urban/rural,All Households,statesector,0,Haryana,NA,NA,NA,NA,NA,NA
2245,1,0.086880006,0.294070482,0.259626031,0.254421949,0.105001539,4,State,urban/rural,All Households,statesector,1,Haryana,NA,NA,NA,NA,NA,NA
2246,1,0.143561766,0.437710047,0.330490261,0.07511887,0.013119038,4,State,urban/rural,All Households,statesector,0,Himachal Pradesh,NA,NA,NA,NA,NA,NA
2247,1,0.075496115,0.489452094,0.150143743,0.284908056,0,4,State,urban/rural,All Households,statesector,1,Himachal Pradesh,NA,NA,NA,NA,NA,NA
2248,1,0.324130237,0.491879791,0.146059841,0.034941692,0.002988427,4,State,urban/rural,All Households,statesector,0,Jammu & Kashmir,NA,NA,NA,NA,NA,NA
2249,1,0.218469709,0.317301124,0.198938668,0.218631774,0.046658732,4,State,urban/rural,All Households,statesector,1,Jammu & Kashmir,NA,NA,NA,NA,NA,NA
2250,1,0.782785892,0.1793973,0.033949316,0.003314019,0.000553443,4,State,urban/rural,All Households,statesector,0,Jharkhand,NA,NA,NA,NA,NA,NA
2251,1,0.349393278,0.372067928,0.21824722,0.04943271,0.010858858,4,State,urban/rural,All Households,statesector,1,Jharkhand,NA,NA,NA,NA,NA,NA
2252,1,0.315837026,0.496951014,0.16935274,0.016337408,0.001521788,4,State,urban/rural,All Households,statesector,0,Karnataka,NA,NA,NA,NA,NA,NA
2253,1,0.211792141,0.359795272,0.284753799,0.113139242,0.03051956,4,State,urban/rural,All Households,statesector,1,Karnataka,NA,NA,NA,NA,NA,NA
2254,1,0.309290797,0.436352849,0.178683862,0.010467608,0.065204903,4,State,urban/rural,All Households,statesector,0,Kerala,NA,NA,NA,NA,NA,NA
2255,1,0.102616809,0.392966181,0.287882209,0.111768037,0.104766756,4,State,urban/rural,All Households,statesector,1,Kerala,NA,NA,NA,NA,NA,NA
2256,1,0,0,0,1,0,4,State,urban/rural,All Households,statesector,0,Lakshadweep,NA,NA,NA,NA,NA,NA
2257,1,0.162817255,0,0.16840592,0.162817255,0.50595957,4,State,urban/rural,All Households,statesector,1,Lakshadweep,NA,NA,NA,NA,NA,NA
2258,1,0.623062253,0.281520456,0.079042949,0.015019535,0.001354799,4,State,urban/rural,All Households,statesector,0,Madhya Pradesh,NA,NA,NA,NA,NA,NA
2259,1,0.312218219,0.345110655,0.200714618,0.106114447,0.035842061,4,State,urban/rural,All Households,statesector,1,Madhya Pradesh,NA,NA,NA,NA,NA,NA
2260,1,0.461236626,0.392169386,0.123039395,0.020634988,0.002919614,4,State,urban/rural,All Households,statesector,0,Maharashtra,NA,NA,NA,NA,NA,NA
2261,1,0.207632989,0.37192753,0.250353694,0.120755062,0.049330749,4,State,urban/rural,All Households,statesector,1,Maharashtra,NA,NA,NA,NA,NA,NA
2262,1,0.299896806,0.503353059,0.162444353,0.032321993,0.001983819,4,State,urban/rural,All Households,statesector,0,Manipur,NA,NA,NA,NA,NA,NA
2263,1,0.248570353,0.384551138,0.294066459,0.06743595,0.005376094,4,State,urban/rural,All Households,statesector,1,Manipur,NA,NA,NA,NA,NA,NA
2264,1,0.317746848,0.549668849,0.126095012,0.006150786,0.000338513,4,State,urban/rural,All Households,statesector,0,Meghalaya,NA,NA,NA,NA,NA,NA
2265,1,0.119062565,0.482140362,0.36036104,0.038436014,0,4,State,urban/rural,All Households,statesector,1,Meghalaya,NA,NA,NA,NA,NA,NA
2266,1,0.519099951,0.358431429,0.103447787,0.01820174,0.000819114,4,State,urban/rural,All Households,statesector,0,Mizoram,NA,NA,NA,NA,NA,NA
2267,1,0.189515188,0.330547571,0.303322971,0.08860153,0.088012747,4,State,urban/rural,All Households,statesector,1,Mizoram,NA,NA,NA,NA,NA,NA
2268,1,0.401037842,0.514943898,0.080480069,0.003282824,0.000255402,4,State,urban/rural,All Households,statesector,0,Nagaland,NA,NA,NA,NA,NA,NA
2269,1,0.180274904,0.439015985,0.333735317,0.034389913,0.012583898,4,State,urban/rural,All Households,statesector,1,Nagaland,NA,NA,NA,NA,NA,NA
2270,1,0.723588586,0.237419143,0.035027567,0.003659356,0.000305327,4,State,urban/rural,All Households,statesector,0,Odisha,NA,NA,NA,NA,NA,NA
2271,1,0.579677641,0.296506107,0.102547079,0.020283222,0.000985929,4,State,urban/rural,All Households,statesector,1,Odisha,NA,NA,NA,NA,NA,NA
2272,1,0.473771095,0.431864142,0.09436477,0,0,4,State,urban/rural,All Households,statesector,0,Puducherry,NA,NA,NA,NA,NA,NA
2273,1,0.327948153,0.316497773,0.277741909,0.075737543,0.002074611,4,State,urban/rural,All Households,statesector,1,Puducherry,NA,NA,NA,NA,NA,NA
2274,1,0.08940158,0.333709955,0.380367219,0.163427368,0.033093888,4,State,urban/rural,All Households,statesector,0,Punjab,NA,NA,NA,NA,NA,NA
2275,1,0.109015189,0.227640122,0.284429103,0.236814454,0.142101139,4,State,urban/rural,All Households,statesector,1,Punjab,NA,NA,NA,NA,NA,NA
2276,1,0.478510112,0.372792214,0.116650008,0.027193515,0.004854173,4,State,urban/rural,All Households,statesector,0,Rajasthan,NA,NA,NA,NA,NA,NA
2277,1,0.164303556,0.351678967,0.2866368,0.132283255,0.065097436,4,State,urban/rural,All Households,statesector,1,Rajasthan,NA,NA,NA,NA,NA,NA
2278,1,0.043581393,0.523029625,0.416430235,0.016958747,0,4,State,urban/rural,All Households,statesector,0,Sikkim,NA,NA,NA,NA,NA,NA
2279,1,0.083461508,0.226491705,0.214404821,0.408212423,0.067429535,4,State,urban/rural,All Households,statesector,1,Sikkim,NA,NA,NA,NA,NA,NA
2280,1,0.35328266,0.495864242,0.132183239,0.016057424,0.002612447,4,State,urban/rural,All Households,statesector,0,Tamil Nadu,NA,NA,NA,NA,NA,NA
2281,1,0.310082883,0.362211734,0.202441797,0.099351764,0.025911821,4,State,urban/rural,All Households,statesector,1,Tamil Nadu,NA,NA,NA,NA,NA,NA
2282,1,0.361517429,0.469347149,0.154220402,0.012899664,0.002015351,4,State,urban/rural,All Households,statesector,0,Telangana,NA,NA,NA,NA,NA,NA
2283,1,0.177931055,0.348232031,0.321186721,0.152650207,0,4,State,urban/rural,All Households,statesector,1,Telangana,NA,NA,NA,NA,NA,NA
2284,1,0.45537293,0.513454556,0.029009296,0.00216322,0,4,State,urban/rural,All Households,statesector,0,Tripura,NA,NA,NA,NA,NA,NA
2285,1,0.185468718,0.6359815,0.178549767,0,0,4,State,urban/rural,All Households,statesector,1,Tripura,NA,NA,NA,NA,NA,NA
2286,1,0.611529171,0.285737187,0.083483234,0.016766638,0.002483804,4,State,urban/rural,All Households,statesector,0,Uttar Pradesh,NA,NA,NA,NA,NA,NA
2287,1,0.238304481,0.27432251,0.25852707,0.182032973,0.046812966,4,State,urban/rural,All Households,statesector,1,Uttar Pradesh,NA,NA,NA,NA,NA,NA
2288,1,0.24325715,0.521443725,0.197866619,0.032292657,0.005139873,4,State,urban/rural,All Households,statesector,0,Uttarakhand,NA,NA,NA,NA,NA,NA
2289,1,0.159269109,0.167274237,0.421357423,0.204986885,0.047112335,4,State,urban/rural,All Households,statesector,1,Uttarakhand,NA,NA,NA,NA,NA,NA
2290,1,0.622689188,0.336942166,0.039546371,0.000590411,0.000231863,4,State,urban/rural,All Households,statesector,0,West Bengal,NA,NA,NA,NA,NA,NA
2291,1,0.446398854,0.3928563,0.140947416,0.019797439,0,4,State,urban/rural,All Households,statesector,1,West Bengal,NA,NA,NA,NA,NA,NA
2292,1,0.548225939,0.317474902,0.103993021,0.026960785,0.003345343,4,National,All,Age,allindia,99,India,15 to 29,NA,NA,NA,NA,NA
2293,1,0.557632506,0.313129902,0.099193074,0.025067782,0.004976775,4,National,All,Age,allindia,99,India,30 to 45,NA,NA,NA,NA,NA
2294,1,0.533683956,0.328221619,0.105570078,0.025576483,0.006947893,4,National,All,Age,allindia,99,India,46 to 64,NA,NA,NA,NA,NA
2295,1,0.592206359,0.301036686,0.082665846,0.0186317,0.005459415,4,National,All,Age,allindia,99,India,65+,NA,NA,NA,NA,NA
2296,1,0.814737976,0.088471495,0.096790545,0,0,4,National,All,Age,allindia,99,India,NA,NA,NA,NA,NA,NA
2297,1,0.588785887,0.311708003,0.083795905,0.014516817,0.001193389,4,National,urban/rural,Age,indiasector,0,India,15 to 29,NA,NA,NA,NA,NA
2298,1,0.597765088,0.311770439,0.078143053,0.010681547,0.001639858,4,National,urban/rural,Age,indiasector,0,India,30 to 45,NA,NA,NA,NA,NA
2299,1,0.558460116,0.327622503,0.094499342,0.016962875,0.002455128,4,National,urban/rural,Age,indiasector,0,India,46 to 64,NA,NA,NA,NA,NA
2300,1,0.609077811,0.298998594,0.07553497,0.013699096,0.002689522,4,National,urban/rural,Age,indiasector,0,India,65+,NA,NA,NA,NA,NA
2301,1,0.813962221,0.088841945,0.097195826,0,0,4,National,urban/rural,Age,indiasector,0,India,NA,NA,NA,NA,NA,NA
2302,1,0.245573342,0.360506505,0.254701197,0.119816013,0.019402936,4,National,urban/rural,Age,indiasector,1,India,15 to 29,NA,NA,NA,NA,NA
2303,1,0.265241683,0.323034406,0.252555341,0.129880309,0.029288258,4,National,urban/rural,Age,indiasector,1,India,30 to 45,NA,NA,NA,NA,NA
2304,1,0.295678109,0.333976656,0.211918056,0.108320765,0.050106414,4,National,urban/rural,Age,indiasector,1,India,46 to 64,NA,NA,NA,NA,NA
2305,1,0.405799389,0.323554724,0.161452472,0.073130384,0.036063023,4,National,urban/rural,Age,indiasector,1,India,65+,NA,NA,NA,NA,NA
2306,1,1,0,0,0,0,4,National,urban/rural,Age,indiasector,1,India,NA,NA,NA,NA,NA,NA
2307,1,0.365528077,0.431510746,0.185370386,0.017590802,0,4,State,All,Age,state,99,Andaman & Nicobar Islands,15 to 29,NA,NA,NA,NA,NA
2308,1,0.455931455,0.222209334,0.299599349,0.022259858,0,4,State,All,Age,state,99,Andaman & Nicobar Islands,30 to 45,NA,NA,NA,NA,NA
2309,1,0.305613995,0.450043082,0.220001355,0.024341591,0,4,State,All,Age,state,99,Andaman & Nicobar Islands,46 to 64,NA,NA,NA,NA,NA
2310,1,0.58496362,0.278381348,0.084389329,0.005384927,0.046880804,4,State,All,Age,state,99,Andaman & Nicobar Islands,65+,NA,NA,NA,NA,NA
2311,1,0.20722957,0.397535145,0.333301991,0.061933294,0,4,State,All,Age,state,99,Andhra Pradesh,15 to 29,NA,NA,NA,NA,NA
2312,1,0.189071313,0.462090015,0.294383585,0.050329607,0.004125498,4,State,All,Age,state,99,Andhra Pradesh,30 to 45,NA,NA,NA,NA,NA
2313,1,0.233567819,0.458212852,0.270307779,0.037911538,0,4,State,All,Age,state,99,Andhra Pradesh,46 to 64,NA,NA,NA,NA,NA
2314,1,0.435379028,0.442905635,0.118285492,0.003429837,0,4,State,All,Age,state,99,Andhra Pradesh,65+,NA,NA,NA,NA,NA
2315,1,NA,NA,NA,NA,NA,4,State,All,Age,state,99,Andhra Pradesh,NA,NA,NA,NA,NA,NA
2316,1,0.512781024,0.330999643,0.140470445,0.011721734,0.004027181,4,State,All,Age,state,99,Arunachal Pradesh,15 to 29,NA,NA,NA,NA,NA
2317,1,0.535534918,0.354682446,0.088060349,0.013083346,0.00863895,4,State,All,Age,state,99,Arunachal Pradesh,30 to 45,NA,NA,NA,NA,NA
2318,1,0.584920704,0.32737726,0.068462253,0.014867591,0.004372193,4,State,All,Age,state,99,Arunachal Pradesh,46 to 64,NA,NA,NA,NA,NA
2319,1,0.611486316,0.285417259,0.070742838,0.027121911,0.005231687,4,State,All,Age,state,99,Arunachal Pradesh,65+,NA,NA,NA,NA,NA
2320,1,0.528496027,0.418583065,0.047127817,0.005793113,0,4,State,All,Age,state,99,Assam,15 to 29,NA,NA,NA,NA,NA
2321,1,0.525144637,0.419603825,0.050879098,0.003587685,0.000784778,4,State,All,Age,state,99,Assam,30 to 45,NA,NA,NA,NA,NA
2322,1,0.513482809,0.427591622,0.053275678,0.004759726,0.000890167,4,State,All,Age,state,99,Assam,46 to 64,NA,NA,NA,NA,NA
2323,1,0.493262768,0.444444239,0.059785344,0.002507634,0,4,State,All,Age,state,99,Assam,65+,NA,NA,NA,NA,NA
2324,1,NA,NA,NA,NA,NA,4,State,All,Age,state,99,Assam,NA,NA,NA,NA,NA,NA
2325,1,0.790196955,0.18676348,0.020426877,0.002612709,0,4,State,All,Age,state,99,Bihar,15 to 29,NA,NA,NA,NA,NA
2326,1,0.787627876,0.182312831,0.025188981,0.00487033,0,4,State,All,Age,state,99,Bihar,30 to 45,NA,NA,NA,NA,NA
2327,1,0.74499923,0.214430451,0.033641968,0.006194088,0.000734247,4,State,All,Age,state,99,Bihar,46 to 64,NA,NA,NA,NA,NA
2328,1,0.762877941,0.196764082,0.030080728,0.00769353,0.002583732,4,State,All,Age,state,99,Bihar,65+,NA,NA,NA,NA,NA
2329,1,1,0,0,0,0,4,State,All,Age,state,99,Bihar,NA,NA,NA,NA,NA,NA
2330,1,0.21874626,0.191840068,0.29611519,0.293298483,0,4,State,All,Age,state,99,Chandigarh,15 to 29,NA,NA,NA,NA,NA
2331,1,0.285480827,0.233653039,0.297577024,0.183289096,0,4,State,All,Age,state,99,Chandigarh,30 to 45,NA,NA,NA,NA,NA
2332,1,0,0.444882721,0.118548833,0.231132209,0.205436245,4,State,All,Age,state,99,Chandigarh,46 to 64,NA,NA,NA,NA,NA
2333,1,0.610233545,0.301794261,0.072413713,0.014438175,0.001120324,4,State,All,Age,state,99,Chhattisgarh,15 to 29,NA,NA,NA,NA,NA
2334,1,0.638734877,0.270279855,0.067816973,0.016649103,0.006519188,4,State,All,Age,state,99,Chhattisgarh,30 to 45,NA,NA,NA,NA,NA
2335,1,0.608044744,0.290671557,0.080362163,0.017221814,0.003699752,4,State,All,Age,state,99,Chhattisgarh,46 to 64,NA,NA,NA,NA,NA
2336,1,0.702173471,0.243463174,0.044095404,0.008871621,0.001396317,4,State,All,Age,state,99,Chhattisgarh,65+,NA,NA,NA,NA,NA
2337,1,0.569753468,0.315662116,0.0796602,0.03492419,0,4,State,All,Age,state,99,Dadra & Nagar Haveli,15 to 29,NA,NA,NA,NA,NA
2338,1,0.423238635,0.405166358,0.147718072,0.023876926,0,4,State,All,Age,state,99,Dadra & Nagar Haveli,30 to 45,NA,NA,NA,NA,NA
2339,1,0.544217885,0.364905149,0.051437709,0.039439261,0,4,State,All,Age,state,99,Dadra & Nagar Haveli,46 to 64,NA,NA,NA,NA,NA
2340,1,0.659421742,0.226662859,0.113915406,0,0,4,State,All,Age,state,99,Dadra & Nagar Haveli,65+,NA,NA,NA,NA,NA
2341,1,0,0.674268663,0.245029196,0.080702141,0,4,State,All,Age,state,99,Daman & Diu,15 to 29,NA,NA,NA,NA,NA
2342,1,0,0.530617177,0.366082281,0.060272992,0.043027539,4,State,All,Age,state,99,Daman & Diu,30 to 45,NA,NA,NA,NA,NA
2343,1,0.029776204,0.552898943,0.280515611,0.099741273,0.037067987,4,State,All,Age,state,99,Daman & Diu,46 to 64,NA,NA,NA,NA,NA
2344,1,0.096322,0.416275561,0.170174018,0.166276321,0.150952101,4,State,All,Age,state,99,Daman & Diu,65+,NA,NA,NA,NA,NA
2345,1,0.023823431,0.230541706,0.421466708,0.308254778,0.015913393,4,State,All,Age,state,99,Delhi,15 to 29,NA,NA,NA,NA,NA
2346,1,0.05257199,0.123325884,0.486587524,0.263826847,0.07368774,4,State,All,Age,state,99,Delhi,30 to 45,NA,NA,NA,NA,NA
2347,1,0.058409449,0.157063887,0.334620684,0.168958068,0.280947924,4,State,All,Age,state,99,Delhi,46 to 64,NA,NA,NA,NA,NA
2348,1,0.347110659,0.00844584,0.61710912,0.005134615,0.022199757,4,State,All,Age,state,99,Delhi,65+,NA,NA,NA,NA,NA
2349,1,0,0.51093334,0.113972187,0.375094503,0,4,State,All,Age,state,99,Goa,15 to 29,NA,NA,NA,NA,NA
2350,1,0,0.428386092,0.441848904,0.129765004,0,4,State,All,Age,state,99,Goa,30 to 45,NA,NA,NA,NA,NA
2351,1,0,0.552275777,0.24986355,0.176568508,0.021292146,4,State,All,Age,state,99,Goa,46 to 64,NA,NA,NA,NA,NA
2352,1,0.055883691,0.505484819,0.373272181,0,0.065359347,4,State,All,Age,state,99,Goa,65+,NA,NA,NA,NA,NA
2353,1,0.274520427,0.413508832,0.243661761,0.061972525,0.006336453,4,State,All,Age,state,99,Gujarat,15 to 29,NA,NA,NA,NA,NA
2354,1,0.322538018,0.464243144,0.166489139,0.039346404,0.007383297,4,State,All,Age,state,99,Gujarat,30 to 45,NA,NA,NA,NA,NA
2355,1,0.366637617,0.439475656,0.147562474,0.031604744,0.014719511,4,State,All,Age,state,99,Gujarat,46 to 64,NA,NA,NA,NA,NA
2356,1,0.457583427,0.404641986,0.108293593,0.019991407,0.009489599,4,State,All,Age,state,99,Gujarat,65+,NA,NA,NA,NA,NA
2357,1,0.639525533,0,0.360474497,0,0,4,State,All,Age,state,99,Gujarat,NA,NA,NA,NA,NA,NA
2358,1,0.118623845,0.287002116,0.325594783,0.249804944,0.018974299,4,State,All,Age,state,99,Haryana,15 to 29,NA,NA,NA,NA,NA
2359,1,0.138972193,0.355249286,0.321195334,0.134026289,0.050556879,4,State,All,Age,state,99,Haryana,30 to 45,NA,NA,NA,NA,NA
2360,1,0.118759714,0.326877862,0.30370447,0.147672668,0.102985285,4,State,All,Age,state,99,Haryana,46 to 64,NA,NA,NA,NA,NA
2361,1,0.213291913,0.409185112,0.213108271,0.137136623,0.027278068,4,State,All,Age,state,99,Haryana,65+,NA,NA,NA,NA,NA
2362,1,NA,NA,NA,NA,NA,4,State,All,Age,state,99,Haryana,NA,NA,NA,NA,NA,NA
2363,1,0.129756853,0.550795376,0.204021528,0.090214074,0.025212152,4,State,All,Age,state,99,Himachal Pradesh,15 to 29,NA,NA,NA,NA,NA
2364,1,0.16308856,0.390515685,0.372745365,0.073650368,0,4,State,All,Age,state,99,Himachal Pradesh,30 to 45,NA,NA,NA,NA,NA
2365,1,0.120486334,0.427506536,0.338010609,0.091095664,0.022900866,4,State,All,Age,state,99,Himachal Pradesh,46 to 64,NA,NA,NA,NA,NA
2366,1,0.155460104,0.487095416,0.281524092,0.067599483,0.008320889,4,State,All,Age,state,99,Himachal Pradesh,65+,NA,NA,NA,NA,NA
2367,1,NA,NA,NA,NA,NA,4,State,All,Age,state,99,Himachal Pradesh,NA,NA,NA,NA,NA,NA
2368,1,0.346109748,0.500683904,0.107974179,0.042464711,0.002767474,4,State,All,Age,state,99,Jammu & Kashmir,15 to 29,NA,NA,NA,NA,NA
2369,1,0.310325712,0.483479649,0.147420898,0.048026308,0.010747443,4,State,All,Age,state,99,Jammu & Kashmir,30 to 45,NA,NA,NA,NA,NA
2370,1,0.316873759,0.460834533,0.171346202,0.046571743,0.004373769,4,State,All,Age,state,99,Jammu & Kashmir,46 to 64,NA,NA,NA,NA,NA
2371,1,0.289785445,0.450027436,0.163079634,0.091865651,0.00524184,4,State,All,Age,state,99,Jammu & Kashmir,65+,NA,NA,NA,NA,NA
2372,1,0.746156335,0.205359742,0.040288523,0.006838826,0.0013566,4,State,All,Age,state,99,Jharkhand,15 to 29,NA,NA,NA,NA,NA
2373,1,0.734406888,0.201027721,0.05638564,0.006340879,0.001838861,4,State,All,Age,state,99,Jharkhand,30 to 45,NA,NA,NA,NA,NA
2374,1,0.733733237,0.202701911,0.05325266,0.009120557,0.001191601,4,State,All,Age,state,99,Jharkhand,46 to 64,NA,NA,NA,NA,NA
2375,1,0.784300268,0.16378966,0.041552715,0.008910414,0.00144694,4,State,All,Age,state,99,Jharkhand,65+,NA,NA,NA,NA,NA
2376,1,1,0,0,0,0,4,State,All,Age,state,99,Jharkhand,NA,NA,NA,NA,NA,NA
2377,1,0.229890019,0.461331874,0.228660956,0.047430415,0.03268674,4,State,All,Age,state,99,Karnataka,15 to 29,NA,NA,NA,NA,NA
2378,1,0.2605097,0.498194396,0.199431747,0.03839739,0.003466781,4,State,All,Age,state,99,Karnataka,30 to 45,NA,NA,NA,NA,NA
2379,1,0.290062815,0.492098749,0.185733289,0.029368378,0.002736761,4,State,All,Age,state,99,Karnataka,46 to 64,NA,NA,NA,NA,NA
2380,1,0.402693748,0.422075033,0.153635219,0.014488886,0.007107126,4,State,All,Age,state,99,Karnataka,65+,NA,NA,NA,NA,NA
2381,1,NA,NA,NA,NA,NA,4,State,All,Age,state,99,Karnataka,NA,NA,NA,NA,NA,NA
2382,1,0.52622813,0.176609531,0,0,0.297162324,4,State,All,Age,state,99,Kerala,15 to 29,NA,NA,NA,NA,NA
2383,1,0.204241097,0.388381124,0.31286937,0.045422096,0.049086336,4,State,All,Age,state,99,Kerala,30 to 45,NA,NA,NA,NA,NA
2384,1,0.202820554,0.420255512,0.234035864,0.02142432,0.121463753,4,State,All,Age,state,99,Kerala,46 to 64,NA,NA,NA,NA,NA
2385,1,0.341624469,0.476625443,0.106762528,0.0612996,0.013687939,4,State,All,Age,state,99,Kerala,65+,NA,NA,NA,NA,NA
2386,1,NA,NA,NA,NA,NA,4,State,All,Age,state,99,Kerala,NA,NA,NA,NA,NA,NA
2387,1,0,0,1,0,0,4,State,All,Age,state,99,Lakshadweep,30 to 45,NA,NA,NA,NA,NA
2388,1,0.189435184,0,0,0.421954036,0.38861078,4,State,All,Age,state,99,Lakshadweep,46 to 64,NA,NA,NA,NA,NA
2389,1,0,0,0,0.535241246,0.464758784,4,State,All,Age,state,99,Lakshadweep,65+,NA,NA,NA,NA,NA
2390,1,0.590990543,0.301120251,0.082659423,0.021877423,0.003352365,4,State,All,Age,state,99,Madhya Pradesh,15 to 29,NA,NA,NA,NA,NA
2391,1,0.584433317,0.297229856,0.088729396,0.024941765,0.00466564,4,State,All,Age,state,99,Madhya Pradesh,30 to 45,NA,NA,NA,NA,NA
2392,1,0.559830904,0.300513417,0.106001355,0.026524205,0.007130092,4,State,All,Age,state,99,Madhya Pradesh,46 to 64,NA,NA,NA,NA,NA
2393,1,0.678929031,0.220501021,0.077121876,0.02108999,0.00235808,4,State,All,Age,state,99,Madhya Pradesh,65+,NA,NA,NA,NA,NA
2394,1,1,0,0,0,0,4,State,All,Age,state,99,Madhya Pradesh,NA,NA,NA,NA,NA,NA
2395,1,0.355824023,0.475406855,0.143392861,0.024729343,0.000646903,4,State,All,Age,state,99,Maharashtra,15 to 29,NA,NA,NA,NA,NA
2396,1,0.384603083,0.412514716,0.159262821,0.034726396,0.008892995,4,State,All,Age,state,99,Maharashtra,30 to 45,NA,NA,NA,NA,NA
2397,1,0.40822053,0.388310939,0.146964431,0.046426076,0.010078045,4,State,All,Age,state,99,Maharashtra,46 to 64,NA,NA,NA,NA,NA
2398,1,0.515558898,0.335480213,0.112213522,0.024241744,0.012505584,4,State,All,Age,state,99,Maharashtra,65+,NA,NA,NA,NA,NA
2399,1,NA,NA,NA,NA,NA,4,State,All,Age,state,99,Maharashtra,NA,NA,NA,NA,NA,NA
2400,1,0.319032043,0.488731533,0.165831417,0.026405027,0,4,State,All,Age,state,99,Manipur,15 to 29,NA,NA,NA,NA,NA
2401,1,0.289282382,0.471304506,0.208147362,0.031265747,0,4,State,All,Age,state,99,Manipur,30 to 45,NA,NA,NA,NA,NA
2402,1,0.276205748,0.472885847,0.192681223,0.052672148,0.005555049,4,State,All,Age,state,99,Manipur,46 to 64,NA,NA,NA,NA,NA
2403,1,0.284337819,0.469692081,0.187866703,0.051877957,0.006225449,4,State,All,Age,state,99,Manipur,65+,NA,NA,NA,NA,NA
2404,1,0,1,0,0,0,4,State,All,Age,state,99,Manipur,NA,NA,NA,NA,NA,NA
2405,1,0.343664855,0.554673433,0.098323502,0.003338204,0,4,State,All,Age,state,99,Meghalaya,15 to 29,NA,NA,NA,NA,NA
2406,1,0.286592484,0.557696581,0.144239157,0.011125013,0.000346742,4,State,All,Age,state,99,Meghalaya,30 to 45,NA,NA,NA,NA,NA
2407,1,0.30853194,0.527579188,0.156079724,0.007251181,0.000557982,4,State,All,Age,state,99,Meghalaya,46 to 64,NA,NA,NA,NA,NA
2408,1,0.322852314,0.522818327,0.149968684,0.004360663,0,4,State,All,Age,state,99,Meghalaya,65+,NA,NA,NA,NA,NA
2409,1,NA,NA,NA,NA,NA,4,State,All,Age,state,99,Meghalaya,NA,NA,NA,NA,NA,NA
2410,1,0.542355835,0.342823386,0.083192892,0.022343714,0.009284183,4,State,All,Age,state,99,Mizoram,15 to 29,NA,NA,NA,NA,NA
2411,1,0.479358703,0.352625877,0.140863717,0.027151687,0,4,State,All,Age,state,99,Mizoram,30 to 45,NA,NA,NA,NA,NA
2412,1,0.519547403,0.341091543,0.119410627,0.015905835,0.004044582,4,State,All,Age,state,99,Mizoram,46 to 64,NA,NA,NA,NA,NA
2413,1,0.330614209,0.42402187,0.132512674,0.048618849,0.064232402,4,State,All,Age,state,99,Mizoram,65+,NA,NA,NA,NA,NA
2414,1,0.358447999,0.509927034,0.129408211,0.002216757,0,4,State,All,Age,state,99,Nagaland,15 to 29,NA,NA,NA,NA,NA
2415,1,0.346521407,0.509010434,0.130493641,0.009930952,0.004043548,4,State,All,Age,state,99,Nagaland,30 to 45,NA,NA,NA,NA,NA
2416,1,0.378599256,0.484856009,0.12830238,0.007543819,0.000698524,4,State,All,Age,state,99,Nagaland,46 to 64,NA,NA,NA,NA,NA
2417,1,0.399283737,0.519563556,0.071598694,0.007830105,0.001723869,4,State,All,Age,state,99,Nagaland,65+,NA,NA,NA,NA,NA
2418,1,1,0,0,0,0,4,State,All,Age,state,99,Nagaland,NA,NA,NA,NA,NA,NA
2419,1,0.688589692,0.261154741,0.04405738,0.005329246,0.000868928,4,State,All,Age,state,99,Odisha,15 to 29,NA,NA,NA,NA,NA
2420,1,0.715123475,0.236677095,0.042823724,0.005226768,0.00014892,4,State,All,Age,state,99,Odisha,30 to 45,NA,NA,NA,NA,NA
2421,1,0.717045724,0.243219733,0.035250805,0.004163904,0.000319834,4,State,All,Age,state,99,Odisha,46 to 64,NA,NA,NA,NA,NA
2422,1,0.727535009,0.233558029,0.034485389,0.003864554,0.000557017,4,State,All,Age,state,99,Odisha,65+,NA,NA,NA,NA,NA
2423,1,1,0,0,0,0,4,State,All,Age,state,99,Odisha,NA,NA,NA,NA,NA,NA
2424,1,0.09164308,0.834186614,0.018663155,0.055507157,0,4,State,All,Age,state,99,Puducherry,15 to 29,NA,NA,NA,NA,NA
2425,1,0.313550711,0.387703598,0.246748924,0.049671568,0.002325203,4,State,All,Age,state,99,Puducherry,30 to 45,NA,NA,NA,NA,NA
2426,1,0.353395045,0.448466271,0.173208579,0.024930101,0,4,State,All,Age,state,99,Puducherry,46 to 64,NA,NA,NA,NA,NA
2427,1,0.696428299,0.210180044,0.088906139,0.004485528,0,4,State,All,Age,state,99,Puducherry,65+,NA,NA,NA,NA,NA
2428,1,0.07696519,0.357301235,0.409374446,0.123990454,0.03236866,4,State,All,Age,state,99,Punjab,15 to 29,NA,NA,NA,NA,NA
2429,1,0.094259635,0.269791245,0.373697758,0.19631131,0.065940037,4,State,All,Age,state,99,Punjab,30 to 45,NA,NA,NA,NA,NA
2430,1,0.096070074,0.299138159,0.327388376,0.196814373,0.080589019,4,State,All,Age,state,99,Punjab,46 to 64,NA,NA,NA,NA,NA
2431,1,0.107055455,0.37043485,0.314812541,0.170990244,0.036706928,4,State,All,Age,state,99,Punjab,65+,NA,NA,NA,NA,NA
2432,1,0.436792135,0.366557121,0.148734391,0.038843144,0.009073234,4,State,All,Age,state,99,Rajasthan,15 to 29,NA,NA,NA,NA,NA
2433,1,0.451301187,0.376481861,0.129745424,0.032804236,0.009667289,4,State,All,Age,state,99,Rajasthan,30 to 45,NA,NA,NA,NA,NA
2434,1,0.433074236,0.378696084,0.13583675,0.041487515,0.01090542,4,State,All,Age,state,99,Rajasthan,46 to 64,NA,NA,NA,NA,NA
2435,1,0.515016615,0.343493491,0.104539104,0.028675729,0.008275038,4,State,All,Age,state,99,Rajasthan,65+,NA,NA,NA,NA,NA
2436,1,0,1,0,0,0,4,State,All,Age,state,99,Rajasthan,NA,NA,NA,NA,NA,NA
2437,1,0.071601048,0.402754277,0.494710565,0.03093412,0,4,State,All,Age,state,99,Sikkim,15 to 29,NA,NA,NA,NA,NA
2438,1,0.018372575,0.469060898,0.366645366,0.145921156,0,4,State,All,Age,state,99,Sikkim,30 to 45,NA,NA,NA,NA,NA
2439,1,0.116722658,0.44033879,0.296457857,0.100917719,0.045562964,4,State,All,Age,state,99,Sikkim,46 to 64,NA,NA,NA,NA,NA
2440,1,0.007981159,0.560494542,0.431524277,0,0,4,State,All,Age,state,99,Sikkim,65+,NA,NA,NA,NA,NA
2441,1,0.190696403,0.480784386,0.266468674,0.05704299,0.005007544,4,State,All,Age,state,99,Tamil Nadu,15 to 29,NA,NA,NA,NA,NA
2442,1,0.250383228,0.50364399,0.184271768,0.052316565,0.009384475,4,State,All,Age,state,99,Tamil Nadu,30 to 45,NA,NA,NA,NA,NA
2443,1,0.331324637,0.48563394,0.151476532,0.024830695,0.006734162,4,State,All,Age,state,99,Tamil Nadu,46 to 64,NA,NA,NA,NA,NA
2444,1,0.509236336,0.405304134,0.064192139,0.014864738,0.006402667,4,State,All,Age,state,99,Tamil Nadu,65+,NA,NA,NA,NA,NA
2445,1,NA,NA,NA,NA,NA,4,State,All,Age,state,99,Tamil Nadu,NA,NA,NA,NA,NA,NA
2446,1,0.255648494,0.436643511,0.218991756,0.083265632,0.005450629,4,State,All,Age,state,99,Telangana,15 to 29,NA,NA,NA,NA,NA
2447,1,0.285796523,0.469055682,0.204061031,0.039735265,0.001351495,4,State,All,Age,state,99,Telangana,30 to 45,NA,NA,NA,NA,NA
2448,1,0.316305548,0.476373434,0.197003424,0.00798054,0.002337052,4,State,All,Age,state,99,Telangana,46 to 64,NA,NA,NA,NA,NA
2449,1,0.456083983,0.418463707,0.104346909,0.021105401,0,4,State,All,Age,state,99,Telangana,65+,NA,NA,NA,NA,NA
2450,1,1,0,0,0,0,4,State,All,Age,state,99,Telangana,NA,NA,NA,NA,NA,NA
2451,1,0.429789901,0.540296733,0.029913347,0,0,4,State,All,Age,state,99,Tripura,15 to 29,NA,NA,NA,NA,NA
2452,1,0.407851934,0.561963379,0.030184709,0,0,4,State,All,Age,state,99,Tripura,30 to 45,NA,NA,NA,NA,NA
2453,1,0.417393893,0.497198075,0.079872385,0.005535631,0,4,State,All,Age,state,99,Tripura,46 to 64,NA,NA,NA,NA,NA
2454,1,0.44423005,0.510932386,0.04483759,0,0,4,State,All,Age,state,99,Tripura,65+,NA,NA,NA,NA,NA
2455,1,0.530380666,0.308652788,0.120344616,0.036802113,0.003819815,4,State,All,Age,state,99,Uttar Pradesh,15 to 29,NA,NA,NA,NA,NA
2456,1,0.599807203,0.272199839,0.09056621,0.031409319,0.006017464,4,State,All,Age,state,99,Uttar Pradesh,30 to 45,NA,NA,NA,NA,NA
2457,1,0.52897495,0.307171881,0.115112722,0.039425198,0.009315238,4,State,All,Age,state,99,Uttar Pradesh,46 to 64,NA,NA,NA,NA,NA
2458,1,0.619237185,0.254498988,0.090750001,0.027558254,0.007955577,4,State,All,Age,state,99,Uttar Pradesh,65+,NA,NA,NA,NA,NA
2459,1,1,0,0,0,0,4,State,All,Age,state,99,Uttar Pradesh,NA,NA,NA,NA,NA,NA
2460,1,0.158397213,0.439380765,0.325239837,0.063974783,0.013007395,4,State,All,Age,state,99,Uttarakhand,15 to 29,NA,NA,NA,NA,NA
2461,1,0.199118242,0.435543597,0.263719738,0.08439111,0.017227326,4,State,All,Age,state,99,Uttarakhand,30 to 45,NA,NA,NA,NA,NA
2462,1,0.241512522,0.485348731,0.214683011,0.047890175,0.010565558,4,State,All,Age,state,99,Uttarakhand,46 to 64,NA,NA,NA,NA,NA
2463,1,0.322625905,0.517107487,0.136080086,0.022910962,0.001275559,4,State,All,Age,state,99,Uttarakhand,65+,NA,NA,NA,NA,NA
2464,1,0.527136922,0.404034466,0.066691644,0.002136987,0,4,State,All,Age,state,99,West Bengal,15 to 29,NA,NA,NA,NA,NA
2465,1,0.577744722,0.355538905,0.059948504,0.006767889,0,4,State,All,Age,state,99,West Bengal,30 to 45,NA,NA,NA,NA,NA
2466,1,0.628093898,0.321018785,0.049562782,0.001324551,0,4,State,All,Age,state,99,West Bengal,46 to 64,NA,NA,NA,NA,NA
2467,1,0.660360634,0.302624404,0.035381153,0,0.001633807,4,State,All,Age,state,99,West Bengal,65+,NA,NA,NA,NA,NA
2468,1,NA,NA,NA,NA,NA,4,State,All,Age,state,99,West Bengal,NA,NA,NA,NA,NA,NA
2469,1,0.365528077,0.431510746,0.185370386,0.017590802,0,4,State,urban/rural,Age,statesector,0,Andaman & Nicobar Islands,15 to 29,NA,NA,NA,NA,NA
2470,1,0.520745337,0.220862865,0.231939897,0.026451889,0,4,State,urban/rural,Age,statesector,0,Andaman & Nicobar Islands,30 to 45,NA,NA,NA,NA,NA
2471,1,0.305613995,0.450043082,0.220001355,0.024341591,0,4,State,urban/rural,Age,statesector,0,Andaman & Nicobar Islands,46 to 64,NA,NA,NA,NA,NA
2472,1,0.58496362,0.278381348,0.084389329,0.005384927,0.046880804,4,State,urban/rural,Age,statesector,0,Andaman & Nicobar Islands,65+,NA,NA,NA,NA,NA
2473,1,0.111767098,0.229359105,0.658873796,0,0,4,State,urban/rural,Age,statesector,1,Andaman & Nicobar Islands,30 to 45,NA,NA,NA,NA,NA
2474,1,0.251269519,0.382449836,0.328555226,0.037725419,0,4,State,urban/rural,Age,statesector,0,Andhra Pradesh,15 to 29,NA,NA,NA,NA,NA
2475,1,0.204798654,0.47984758,0.291719973,0.023633795,0,4,State,urban/rural,Age,statesector,0,Andhra Pradesh,30 to 45,NA,NA,NA,NA,NA
2476,1,0.247403592,0.464754373,0.2567662,0.031075828,0,4,State,urban/rural,Age,statesector,0,Andhra Pradesh,46 to 64,NA,NA,NA,NA,NA
2477,1,0.431251943,0.446408212,0.118725307,0.00361452,0,4,State,urban/rural,Age,statesector,0,Andhra Pradesh,65+,NA,NA,NA,NA,NA
2478,1,NA,NA,NA,NA,NA,4,State,urban/rural,Age,statesector,0,Andhra Pradesh,NA,NA,NA,NA,NA,NA
2479,1,0,0.468518853,0.355637968,0.175843179,0,4,State,urban/rural,Age,statesector,1,Andhra Pradesh,15 to 29,NA,NA,NA,NA,NA
2480,1,0.087993845,0.347964495,0.311502159,0.221899986,0.03063952,4,State,urban/rural,Age,statesector,1,Andhra Pradesh,30 to 45,NA,NA,NA,NA,NA
2481,1,0.077786915,0.384559989,0.422776282,0.114876799,0,4,State,urban/rural,Age,statesector,1,Andhra Pradesh,46 to 64,NA,NA,NA,NA,NA
2482,1,0.51202482,0.377857715,0.11011748,0,0,4,State,urban/rural,Age,statesector,1,Andhra Pradesh,65+,NA,NA,NA,NA,NA
2483,1,0.545874953,0.323403925,0.117905013,0.012816095,0,4,State,urban/rural,Age,statesector,0,Arunachal Pradesh,15 to 29,NA,NA,NA,NA,NA
2484,1,0.562977076,0.354235172,0.071150899,0.00737462,0.004262209,4,State,urban/rural,Age,statesector,0,Arunachal Pradesh,30 to 45,NA,NA,NA,NA,NA
2485,1,0.599554181,0.319777638,0.065537579,0.010565391,0.004565209,4,State,urban/rural,Age,statesector,0,Arunachal Pradesh,46 to 64,NA,NA,NA,NA,NA
2486,1,0.631159663,0.281520516,0.067741014,0.018515127,0.001063662,4,State,urban/rural,Age,statesector,0,Arunachal Pradesh,65+,NA,NA,NA,NA,NA
2487,1,0.158310398,0.412357628,0.382169515,0,0.047162455,4,State,urban/rural,Age,statesector,1,Arunachal Pradesh,15 to 29,NA,NA,NA,NA,NA
2488,1,0.259932905,0.359174222,0.257882088,0.070416152,0.052594606,4,State,urban/rural,Age,statesector,1,Arunachal Pradesh,30 to 45,NA,NA,NA,NA,NA
2489,1,0.25344497,0.499522805,0.134711638,0.112320609,0,4,State,urban/rural,Age,statesector,1,Arunachal Pradesh,46 to 64,NA,NA,NA,NA,NA
2490,1,0.178163186,0.371246696,0.136860549,0.21669361,0.097035952,4,State,urban/rural,Age,statesector,1,Arunachal Pradesh,65+,NA,NA,NA,NA,NA
2491,1,0.536934257,0.425896108,0.03570345,0.001466178,0,4,State,urban/rural,Age,statesector,0,Assam,15 to 29,NA,NA,NA,NA,NA
2492,1,0.535025835,0.418422848,0.044382021,0.001733925,0.000435346,4,State,urban/rural,Age,statesector,0,Assam,30 to 45,NA,NA,NA,NA,NA
2493,1,0.52365911,0.425436288,0.047830768,0.002650103,0.000423758,4,State,urban/rural,Age,statesector,0,Assam,46 to 64,NA,NA,NA,NA,NA
2494,1,0.503618002,0.442597389,0.052663501,0.001121084,0,4,State,urban/rural,Age,statesector,0,Assam,65+,NA,NA,NA,NA,NA
2495,1,NA,NA,NA,NA,NA,4,State,urban/rural,Age,statesector,0,Assam,NA,NA,NA,NA,NA,NA
2496,1,0.362995178,0.27515021,0.271196395,0.090658218,0,4,State,urban/rural,Age,statesector,1,Assam,15 to 29,NA,NA,NA,NA,NA
2497,1,0.332816094,0.442590147,0.177338332,0.039669309,0.007586125,4,State,urban/rural,Age,statesector,1,Assam,30 to 45,NA,NA,NA,NA,NA
2498,1,0.300136805,0.472778231,0.167428449,0.048988063,0.010668436,4,State,urban/rural,Age,statesector,1,Assam,46 to 64,NA,NA,NA,NA,NA
2499,1,0.262464076,0.485607266,0.218517482,0.033411179,0,4,State,urban/rural,Age,statesector,1,Assam,65+,NA,NA,NA,NA,NA
2500,1,0.802669227,0.180384383,0.016311314,0.000635068,0,4,State,urban/rural,Age,statesector,0,Bihar,15 to 29,NA,NA,NA,NA,NA
2501,1,0.803113103,0.176757947,0.017840793,0.002288157,0,4,State,urban/rural,Age,statesector,0,Bihar,30 to 45,NA,NA,NA,NA,NA
2502,1,0.757097721,0.208079606,0.03045116,0.004249801,0.000121705,4,State,urban/rural,Age,statesector,0,Bihar,46 to 64,NA,NA,NA,NA,NA
2503,1,0.775091946,0.192795262,0.023638079,0.007110461,0.001364253,4,State,urban/rural,Age,statesector,0,Bihar,65+,NA,NA,NA,NA,NA
2504,1,1,0,0,0,0,4,State,urban/rural,Age,statesector,0,Bihar,NA,NA,NA,NA,NA,NA
2505,1,0.549321175,0.309962124,0.09991014,0.040806592,0,4,State,urban/rural,Age,statesector,1,Bihar,15 to 29,NA,NA,NA,NA,NA
2506,1,0.563615322,0.262670845,0.131489292,0.042224552,0,4,State,urban/rural,Age,statesector,1,Bihar,30 to 45,NA,NA,NA,NA,NA
2507,1,0.495290399,0.345509946,0.099499226,0.046323512,0.013376904,4,State,urban/rural,Age,statesector,1,Bihar,46 to 64,NA,NA,NA,NA,NA
2508,1,0.525314391,0.273958027,0.155390665,0.019034242,0.026302673,4,State,urban/rural,Age,statesector,1,Bihar,65+,NA,NA,NA,NA,NA
2509,1,0,0,1,0,0,4,State,urban/rural,Age,statesector,0,Chandigarh,15 to 29,NA,NA,NA,NA,NA
2510,1,0.25,0.5,0.25,0,0,4,State,urban/rural,Age,statesector,0,Chandigarh,30 to 45,NA,NA,NA,NA,NA
2511,1,0,0,0,1,0,4,State,urban/rural,Age,statesector,0,Chandigarh,46 to 64,NA,NA,NA,NA,NA
2512,1,0.243308485,0.213381097,0.217078507,0.326231897,0,4,State,urban/rural,Age,statesector,1,Chandigarh,15 to 29,NA,NA,NA,NA,NA
2513,1,0.301338166,0.114615455,0.318840474,0.26520589,0,4,State,urban/rural,Age,statesector,1,Chandigarh,30 to 45,NA,NA,NA,NA,NA
2514,1,0,0.578620553,0.154186234,0,0.267193198,4,State,urban/rural,Age,statesector,1,Chandigarh,46 to 64,NA,NA,NA,NA,NA
2515,1,0.645720065,0.290002912,0.054950207,0.008089121,0.001237681,4,State,urban/rural,Age,statesector,0,Chhattisgarh,15 to 29,NA,NA,NA,NA,NA
2516,1,0.679223955,0.260127515,0.052981749,0.006723923,0.000942839,4,State,urban/rural,Age,statesector,0,Chhattisgarh,30 to 45,NA,NA,NA,NA,NA
2517,1,0.619941294,0.291175127,0.07451497,0.013510981,0.000857627,4,State,urban/rural,Age,statesector,0,Chhattisgarh,46 to 64,NA,NA,NA,NA,NA
2518,1,0.721005499,0.232123062,0.040421229,0.005337359,0.001112833,4,State,urban/rural,Age,statesector,0,Chhattisgarh,65+,NA,NA,NA,NA,NA
2519,1,0.271468908,0.414357752,0.239125296,0.075048037,0,4,State,urban/rural,Age,statesector,1,Chhattisgarh,15 to 29,NA,NA,NA,NA,NA
2520,1,0.261270314,0.364926159,0.206120223,0.109177865,0.058505412,4,State,urban/rural,Age,statesector,1,Chhattisgarh,30 to 45,NA,NA,NA,NA,NA
2521,1,0.418969005,0.282668173,0.173293218,0.076199129,0.048870441,4,State,urban/rural,Age,statesector,1,Chhattisgarh,46 to 64,NA,NA,NA,NA,NA
2522,1,0.422569901,0.411832392,0.098646775,0.061345667,0.005605275,4,State,urban/rural,Age,statesector,1,Chhattisgarh,65+,NA,NA,NA,NA,NA
2523,1,0.594400644,0.32931748,0.039846864,0.036434989,0,4,State,urban/rural,Age,statesector,0,Dadra & Nagar Haveli,15 to 29,NA,NA,NA,NA,NA
2524,1,0.465560585,0.430050075,0.104389347,0,0,4,State,urban/rural,Age,statesector,0,Dadra & Nagar Haveli,30 to 45,NA,NA,NA,NA,NA
2525,1,0.590192735,0.344626307,0.037339486,0.027841449,0,4,State,urban/rural,Age,statesector,0,Dadra & Nagar Haveli,46 to 64,NA,NA,NA,NA,NA
2526,1,0.628305376,0.247371539,0.1243231,0,0,4,State,urban/rural,Age,statesector,0,Dadra & Nagar Haveli,65+,NA,NA,NA,NA,NA
2527,1,0,0,1,0,0,4,State,urban/rural,Age,statesector,1,Dadra & Nagar Haveli,15 to 29,NA,NA,NA,NA,NA
2528,1,0,0.156317994,0.581025004,0.262656987,0,4,State,urban/rural,Age,statesector,1,Dadra & Nagar Haveli,30 to 45,NA,NA,NA,NA,NA
2529,1,0,0.60495168,0.218322396,0.176725894,0,4,State,urban/rural,Age,statesector,1,Dadra & Nagar Haveli,46 to 64,NA,NA,NA,NA,NA
2530,1,1,0,0,0,0,4,State,urban/rural,Age,statesector,1,Dadra & Nagar Haveli,65+,NA,NA,NA,NA,NA
2531,1,0,1,0,0,0,4,State,urban/rural,Age,statesector,0,Daman & Diu,15 to 29,NA,NA,NA,NA,NA
2532,1,0,0.476751715,0.448147893,0,0.075100392,4,State,urban/rural,Age,statesector,0,Daman & Diu,30 to 45,NA,NA,NA,NA,NA
2533,1,0.073489711,0.342687398,0.246168286,0.246168286,0.091486335,4,State,urban/rural,Age,statesector,0,Daman & Diu,46 to 64,NA,NA,NA,NA,NA
2534,1,0,0.667472363,0.276173383,0.056354262,0,4,State,urban/rural,Age,statesector,0,Daman & Diu,65+,NA,NA,NA,NA,NA
2535,1,0,0.659428477,0.256192625,0.084378891,0,4,State,urban/rural,Age,statesector,1,Daman & Diu,15 to 29,NA,NA,NA,NA,NA
2536,1,0,0.540450752,0.351100594,0.07127627,0.037172403,4,State,urban/rural,Age,statesector,1,Daman & Diu,30 to 45,NA,NA,NA,NA,NA
2537,1,0,0.696088135,0.303911895,0,0,4,State,urban/rural,Age,statesector,1,Daman & Diu,46 to 64,NA,NA,NA,NA,NA
2538,1,0.194252923,0.16088286,0.062404085,0.278034478,0.304425657,4,State,urban/rural,Age,statesector,1,Daman & Diu,65+,NA,NA,NA,NA,NA
2539,1,0,1,0,0,0,4,State,urban/rural,Age,statesector,0,Delhi,15 to 29,NA,NA,NA,NA,NA
2540,1,0,1,0,0,0,4,State,urban/rural,Age,statesector,0,Delhi,46 to 64,NA,NA,NA,NA,NA
2541,1,0,1,0,0,0,4,State,urban/rural,Age,statesector,0,Delhi,65+,NA,NA,NA,NA,NA
2542,1,0.024368141,0.212948412,0.431103319,0.315302879,0.016277246,4,State,urban/rural,Age,statesector,1,Delhi,15 to 29,NA,NA,NA,NA,NA
2543,1,0.05257199,0.123325884,0.486587524,0.263826847,0.07368774,4,State,urban/rural,Age,statesector,1,Delhi,30 to 45,NA,NA,NA,NA,NA
2544,1,0.058788877,0.151588157,0.336794376,0.170055628,0.282772958,4,State,urban/rural,Age,statesector,1,Delhi,46 to 64,NA,NA,NA,NA,NA
2545,1,0.350067288,0,0.622365534,0.00517835,0.022388849,4,State,urban/rural,Age,statesector,1,Delhi,65+,NA,NA,NA,NA,NA
2546,1,0,1,0,0,0,4,State,urban/rural,Age,statesector,0,Goa,15 to 29,NA,NA,NA,NA,NA
2547,1,0,0.708749712,0.291250318,0,0,4,State,urban/rural,Age,statesector,0,Goa,30 to 45,NA,NA,NA,NA,NA
2548,1,0,0.596309364,0.240642726,0.130843565,0.032204341,4,State,urban/rural,Age,statesector,0,Goa,46 to 64,NA,NA,NA,NA,NA
2549,1,0.095389761,0.515034735,0.389575511,0,0,4,State,urban/rural,Age,statesector,0,Goa,65+,NA,NA,NA,NA,NA
2550,1,0,0.492199659,0.118337877,0.389462471,0,4,State,urban/rural,Age,statesector,1,Goa,15 to 29,NA,NA,NA,NA,NA
2551,1,0,0.089088991,0.624103904,0.28680709,0,4,State,urban/rural,Age,statesector,1,Goa,30 to 45,NA,NA,NA,NA,NA
2552,1,0,0.466356367,0.267855465,0.265788168,0,4,State,urban/rural,Age,statesector,1,Goa,46 to 64,NA,NA,NA,NA,NA
2553,1,0,0.491975874,0.3502101,0,0.157814026,4,State,urban/rural,Age,statesector,1,Goa,65+,NA,NA,NA,NA,NA
2554,1,0.31323868,0.439701051,0.189079538,0.05398592,0.003994817,4,State,urban/rural,Age,statesector,0,Gujarat,15 to 29,NA,NA,NA,NA,NA
2555,1,0.350757718,0.490873814,0.14180699,0.01577647,0.000785001,4,State,urban/rural,Age,statesector,0,Gujarat,30 to 45,NA,NA,NA,NA,NA
2556,1,0.388387233,0.453074396,0.137930021,0.018842317,0.001766037,4,State,urban/rural,Age,statesector,0,Gujarat,46 to 64,NA,NA,NA,NA,NA
2557,1,0.475420326,0.420016915,0.092741609,0.010126844,0.001694292,4,State,urban/rural,Age,statesector,0,Gujarat,65+,NA,NA,NA,NA,NA
2558,1,0.639525533,0,0.360474497,0,0,4,State,urban/rural,Age,statesector,0,Gujarat,NA,NA,NA,NA,NA,NA
2559,1,0.141997874,0.323859632,0.430482596,0.089308627,0.014351269,4,State,urban/rural,Age,statesector,1,Gujarat,15 to 29,NA,NA,NA,NA,NA
2560,1,0.169754073,0.320062339,0.300120473,0.166956082,0.043107051,4,State,urban/rural,Age,statesector,1,Gujarat,30 to 45,NA,NA,NA,NA,NA
2561,1,0.185722828,0.326360673,0.227685854,0.137763366,0.122467272,4,State,urban/rural,Age,statesector,1,Gujarat,46 to 64,NA,NA,NA,NA,NA
2562,1,0.290750355,0.260836303,0.253755182,0.112257108,0.082401037,4,State,urban/rural,Age,statesector,1,Gujarat,65+,NA,NA,NA,NA,NA
2563,1,0.126434296,0.287989706,0.395654708,0.181733713,0.008187554,4,State,urban/rural,Age,statesector,0,Haryana,15 to 29,NA,NA,NA,NA,NA
2564,1,0.152755633,0.375537157,0.338688999,0.107280903,0.025737306,4,State,urban/rural,Age,statesector,0,Haryana,30 to 45,NA,NA,NA,NA,NA
2565,1,0.14030908,0.354165763,0.301391482,0.128167585,0.075966083,4,State,urban/rural,Age,statesector,0,Haryana,46 to 64,NA,NA,NA,NA,NA
2566,1,0.239032954,0.391800553,0.22986494,0.108017787,0.031283792,4,State,urban/rural,Age,statesector,0,Haryana,65+,NA,NA,NA,NA,NA
2567,1,NA,NA,NA,NA,NA,4,State,urban/rural,Age,statesector,0,Haryana,NA,NA,NA,NA,NA,NA
2568,1,0.107303411,0.285570711,0.224050313,0.348467022,0.034608547,4,State,urban/rural,Age,statesector,1,Haryana,15 to 29,NA,NA,NA,NA,NA
2569,1,0.103485115,0.303015828,0.276155919,0.202885389,0.114457764,4,State,urban/rural,Age,statesector,1,Haryana,30 to 45,NA,NA,NA,NA,NA
2570,1,0.040227983,0.227433309,0.31213367,0.218754455,0.201450571,4,State,urban/rural,Age,statesector,1,Haryana,46 to 64,NA,NA,NA,NA,NA
2571,1,0.038001388,0.527570128,0.098999277,0.335429221,0,4,State,urban/rural,Age,statesector,1,Haryana,65+,NA,NA,NA,NA,NA
2572,1,0.098515533,0.584608614,0.216546386,0.073569521,0.026759923,4,State,urban/rural,Age,statesector,0,Himachal Pradesh,15 to 29,NA,NA,NA,NA,NA
2573,1,0.169965878,0.379234016,0.385633916,0.065166198,0,4,State,urban/rural,Age,statesector,0,Himachal Pradesh,30 to 45,NA,NA,NA,NA,NA
2574,1,0.12298926,0.428803802,0.338211209,0.086619124,0.023376599,4,State,urban/rural,Age,statesector,0,Himachal Pradesh,46 to 64,NA,NA,NA,NA,NA
2575,1,0.15603739,0.485190809,0.282569498,0.067850508,0.008351788,4,State,urban/rural,Age,statesector,0,Himachal Pradesh,65+,NA,NA,NA,NA,NA
2576,1,NA,NA,NA,NA,NA,4,State,urban/rural,Age,statesector,0,Himachal Pradesh,NA,NA,NA,NA,NA,NA
2577,1,0.638657331,0,0,0.361342669,0,4,State,urban/rural,Age,statesector,1,Himachal Pradesh,15 to 29,NA,NA,NA,NA,NA
2578,1,0,0.658049345,0.067106798,0.274843842,0,4,State,urban/rural,Age,statesector,1,Himachal Pradesh,30 to 45,NA,NA,NA,NA,NA
2579,1,0,0.365057796,0.328354359,0.306587845,0,4,State,urban/rural,Age,statesector,1,Himachal Pradesh,46 to 64,NA,NA,NA,NA,NA
2580,1,0,1,0,0,0,4,State,urban/rural,Age,statesector,1,Himachal Pradesh,65+,NA,NA,NA,NA,NA
2581,1,0.350718141,0.520599663,0.109988205,0.015582568,0.003111442,4,State,urban/rural,Age,statesector,0,Jammu & Kashmir,15 to 29,NA,NA,NA,NA,NA
2582,1,0.333259493,0.495458126,0.137786865,0.032447189,0.001048329,4,State,urban/rural,Age,statesector,0,Jammu & Kashmir,30 to 45,NA,NA,NA,NA,NA
2583,1,0.308097661,0.480125219,0.167920679,0.03915038,0.004706068,4,State,urban/rural,Age,statesector,0,Jammu & Kashmir,46 to 64,NA,NA,NA,NA,NA
2584,1,0.302106649,0.477983862,0.1614061,0.052573606,0.005929791,4,State,urban/rural,Age,statesector,0,Jammu & Kashmir,65+,NA,NA,NA,NA,NA
2585,1,0.309031785,0.340446919,0.091769852,0.258751422,0,4,State,urban/rural,Age,statesector,1,Jammu & Kashmir,15 to 29,NA,NA,NA,NA,NA
2586,1,0.114085957,0.380982161,0.229857326,0.181333721,0.093740828,4,State,urban/rural,Age,statesector,1,Jammu & Kashmir,30 to 45,NA,NA,NA,NA,NA
2587,1,0.432386011,0.206927806,0.216433376,0.144252822,0,4,State,urban/rural,Age,statesector,1,Jammu & Kashmir,46 to 64,NA,NA,NA,NA,NA
2588,1,0.195904016,0.237013623,0.175831124,0.391251266,0,4,State,urban/rural,Age,statesector,1,Jammu & Kashmir,65+,NA,NA,NA,NA,NA
2589,1,0.788503766,0.184762612,0.023274474,0.001967219,0.001491943,4,State,urban/rural,Age,statesector,0,Jharkhand,15 to 29,NA,NA,NA,NA,NA
2590,1,0.7822842,0.1819029,0.033365518,0.00172844,0.000718971,4,State,urban/rural,Age,statesector,0,Jharkhand,30 to 45,NA,NA,NA,NA,NA
2591,1,0.769438744,0.18723245,0.038276024,0.005052786,0,4,State,urban/rural,Age,statesector,0,Jharkhand,46 to 64,NA,NA,NA,NA,NA
2592,1,0.809715807,0.147126824,0.037277665,0.005555825,0.00032385,4,State,urban/rural,Age,statesector,0,Jharkhand,65+,NA,NA,NA,NA,NA
2593,1,1,0,0,0,0,4,State,urban/rural,Age,statesector,0,Jharkhand,NA,NA,NA,NA,NA,NA
2594,1,0.321690023,0.411813438,0.210827529,0.055669006,0,4,State,urban/rural,Age,statesector,1,Jharkhand,15 to 29,NA,NA,NA,NA,NA
2595,1,0.316606581,0.36792022,0.257270366,0.046591256,0.011611563,4,State,urban/rural,Age,statesector,1,Jharkhand,30 to 45,NA,NA,NA,NA,NA
2596,1,0.375836551,0.357761353,0.203372225,0.049894184,0.013135708,4,State,urban/rural,Age,statesector,1,Jharkhand,46 to 64,NA,NA,NA,NA,NA
2597,1,0.45715633,0.378270239,0.096580304,0.05209,0.015903128,4,State,urban/rural,Age,statesector,1,Jharkhand,65+,NA,NA,NA,NA,NA
2598,1,0.260724962,0.489942104,0.196074426,0.050455187,0.002803312,4,State,urban/rural,Age,statesector,0,Karnataka,15 to 29,NA,NA,NA,NA,NA
2599,1,0.276244938,0.531831563,0.175834224,0.014813271,0.001276033,4,State,urban/rural,Age,statesector,0,Karnataka,30 to 45,NA,NA,NA,NA,NA
2600,1,0.29868564,0.511563361,0.174221769,0.014842895,0.000686318,4,State,urban/rural,Age,statesector,0,Karnataka,46 to 64,NA,NA,NA,NA,NA
2601,1,0.416653305,0.421578258,0.145644814,0.013227637,0.002895995,4,State,urban/rural,Age,statesector,0,Karnataka,65+,NA,NA,NA,NA,NA
2602,1,NA,NA,NA,NA,NA,4,State,urban/rural,Age,statesector,0,Karnataka,NA,NA,NA,NA,NA,NA
2603,1,0.13185592,0.370370775,0.332263917,0.037813701,0.12769568,4,State,urban/rural,Age,statesector,1,Karnataka,15 to 29,NA,NA,NA,NA,NA
2604,1,0.18317841,0.332883805,0.315402359,0.15430215,0.014233267,4,State,urban/rural,Age,statesector,1,Karnataka,30 to 45,NA,NA,NA,NA,NA
2605,1,0.229850695,0.356179744,0.266116798,0.130797997,0.017054744,4,State,urban/rural,Age,statesector,1,Karnataka,46 to 64,NA,NA,NA,NA,NA
2606,1,0.295380414,0.425894022,0.215060949,0.024184667,0.039479934,4,State,urban/rural,Age,statesector,1,Karnataka,65+,NA,NA,NA,NA,NA
2607,1,0.748719335,0.251280665,0,0,0,4,State,urban/rural,Age,statesector,0,Kerala,15 to 29,NA,NA,NA,NA,NA
2608,1,0.260207921,0.448330283,0.187478453,0.041446183,0.062537141,4,State,urban/rural,Age,statesector,0,Kerala,30 to 45,NA,NA,NA,NA,NA
2609,1,0.219971716,0.439316303,0.241947874,0,0.098764092,4,State,urban/rural,Age,statesector,0,Kerala,46 to 64,NA,NA,NA,NA,NA
2610,1,0.459120125,0.435207546,0.085579015,0,0.020093314,4,State,urban/rural,Age,statesector,0,Kerala,65+,NA,NA,NA,NA,NA
2611,1,NA,NA,NA,NA,NA,4,State,urban/rural,Age,statesector,0,Kerala,NA,NA,NA,NA,NA,NA
2612,1,0,0,0,0,1,4,State,urban/rural,Age,statesector,1,Kerala,15 to 29,NA,NA,NA,NA,NA
2613,1,0,0.169607252,0.770461261,0.059931479,0,4,State,urban/rural,Age,statesector,1,Kerala,30 to 45,NA,NA,NA,NA,NA
2614,1,0.158675224,0.371194929,0.213671163,0.076568313,0.17989035,4,State,urban/rural,Age,statesector,1,Kerala,46 to 64,NA,NA,NA,NA,NA
2615,1,0.090542637,0.565133274,0.152030542,0.192293525,0,4,State,urban/rural,Age,statesector,1,Kerala,65+,NA,NA,NA,NA,NA
2616,1,0,0,0,1,0,4,State,urban/rural,Age,statesector,0,Lakshadweep,46 to 64,NA,NA,NA,NA,NA
2617,1,0,0,0,1,0,4,State,urban/rural,Age,statesector,0,Lakshadweep,65+,NA,NA,NA,NA,NA
2618,1,0,0,1,0,0,4,State,urban/rural,Age,statesector,1,Lakshadweep,30 to 45,NA,NA,NA,NA,NA
2619,1,0.246827155,0,0,0.246827155,0.506345689,4,State,urban/rural,Age,statesector,1,Lakshadweep,46 to 64,NA,NA,NA,NA,NA
2620,1,0,0,0,0,1,4,State,urban/rural,Age,statesector,1,Lakshadweep,65+,NA,NA,NA,NA,NA
2621,1,0.623281717,0.292678744,0.07233794,0.011087118,0.000614475,4,State,urban/rural,Age,statesector,0,Madhya Pradesh,15 to 29,NA,NA,NA,NA,NA
2622,1,0.626132309,0.289271712,0.072353616,0.010706294,0.001536061,4,State,urban/rural,Age,statesector,0,Madhya Pradesh,30 to 45,NA,NA,NA,NA,NA
2623,1,0.583736598,0.297309428,0.095669977,0.021533046,0.001750951,4,State,urban/rural,Age,statesector,0,Madhya Pradesh,46 to 64,NA,NA,NA,NA,NA
2624,1,0.701557696,0.213566869,0.067575589,0.016536182,0.000763642,4,State,urban/rural,Age,statesector,0,Madhya Pradesh,65+,NA,NA,NA,NA,NA
2625,1,1,0,0,0,0,4,State,urban/rural,Age,statesector,0,Madhya Pradesh,NA,NA,NA,NA,NA,NA
2626,1,0.284257919,0.381305665,0.180702791,0.124374144,0.029359482,4,State,urban/rural,Age,statesector,1,Madhya Pradesh,15 to 29,NA,NA,NA,NA,NA
2627,1,0.26874572,0.357478082,0.21270439,0.132713258,0.028358528,4,State,urban/rural,Age,statesector,1,Madhya Pradesh,30 to 45,NA,NA,NA,NA,NA
2628,1,0.340533465,0.329905212,0.200775668,0.072310321,0.056475345,4,State,urban/rural,Age,statesector,1,Madhya Pradesh,46 to 64,NA,NA,NA,NA,NA
2629,1,0.43918407,0.293966562,0.178262234,0.069336392,0.01925073,4,State,urban/rural,Age,statesector,1,Madhya Pradesh,65+,NA,NA,NA,NA,NA
2630,1,NA,NA,NA,NA,NA,4,State,urban/rural,Age,statesector,1,Madhya Pradesh,NA,NA,NA,NA,NA,NA
2631,1,0.423131764,0.441022247,0.125830933,0.010015068,0,4,State,urban/rural,Age,statesector,0,Maharashtra,15 to 29,NA,NA,NA,NA,NA
2632,1,0.432035327,0.427611947,0.121805117,0.015716851,0.002830757,4,State,urban/rural,Age,statesector,0,Maharashtra,30 to 45,NA,NA,NA,NA,NA
2633,1,0.442066997,0.387260288,0.142178386,0.026113303,0.002381025,4,State,urban/rural,Age,statesector,0,Maharashtra,46 to 64,NA,NA,NA,NA,NA
2634,1,0.526331663,0.346307635,0.100675903,0.02225131,0.004433505,4,State,urban/rural,Age,statesector,0,Maharashtra,65+,NA,NA,NA,NA,NA
2635,1,NA,NA,NA,NA,NA,4,State,urban/rural,Age,statesector,0,Maharashtra,NA,NA,NA,NA,NA,NA
2636,1,0.169631734,0.570524514,0.191974103,0.065433212,0.002436422,4,State,urban/rural,Age,statesector,1,Maharashtra,15 to 29,NA,NA,NA,NA,NA
2637,1,0.136929929,0.333682835,0.354852617,0.133986965,0.04054768,4,State,urban/rural,Age,statesector,1,Maharashtra,30 to 45,NA,NA,NA,NA,NA
2638,1,0.173426583,0.395599335,0.18016535,0.187336281,0.063472457,4,State,urban/rural,Age,statesector,1,Maharashtra,46 to 64,NA,NA,NA,NA,NA
2639,1,0.42123428,0.240676731,0.213235542,0.041669734,0.083183721,4,State,urban/rural,Age,statesector,1,Maharashtra,65+,NA,NA,NA,NA,NA
2640,1,NA,NA,NA,NA,NA,4,State,urban/rural,Age,statesector,1,Maharashtra,NA,NA,NA,NA,NA,NA
2641,1,0.298327893,0.545453131,0.13512671,0.021092277,0,4,State,urban/rural,Age,statesector,0,Manipur,15 to 29,NA,NA,NA,NA,NA
2642,1,0.30172649,0.48960954,0.183334395,0.025329573,0,4,State,urban/rural,Age,statesector,0,Manipur,30 to 45,NA,NA,NA,NA,NA
2643,1,0.294437945,0.50614363,0.156082451,0.039923847,0.003412126,4,State,urban/rural,Age,statesector,0,Manipur,46 to 64,NA,NA,NA,NA,NA
2644,1,0.308288366,0.505074024,0.138813108,0.042332098,0.005492401,4,State,urban/rural,Age,statesector,0,Manipur,65+,NA,NA,NA,NA,NA
2645,1,0,1,0,0,0,4,State,urban/rural,Age,statesector,0,Manipur,NA,NA,NA,NA,NA,NA
2646,1,0.381404787,0.31785351,0.258331627,0.042410076,0,4,State,urban/rural,Age,statesector,1,Manipur,15 to 29,NA,NA,NA,NA,NA
2647,1,0.249346405,0.412559658,0.287777692,0.050316256,0,4,State,urban/rural,Age,statesector,1,Manipur,30 to 45,NA,NA,NA,NA,NA
2648,1,0.22386165,0.377403617,0.297755241,0.089272164,0.01170732,4,State,urban/rural,Age,statesector,1,Manipur,46 to 64,NA,NA,NA,NA,NA
2649,1,0.219544187,0.373973072,0.32057175,0.07770244,0.008208569,4,State,urban/rural,Age,statesector,1,Manipur,65+,NA,NA,NA,NA,NA
2650,1,NA,NA,NA,NA,NA,4,State,urban/rural,Age,statesector,1,Manipur,NA,NA,NA,NA,NA,NA
2651,1,0.356202364,0.554014504,0.086229861,0.003553261,0,4,State,urban/rural,Age,statesector,0,Meghalaya,15 to 29,NA,NA,NA,NA,NA
2652,1,0.299099177,0.562273204,0.129560485,0.008696346,0.000370791,4,State,urban/rural,Age,statesector,0,Meghalaya,30 to 45,NA,NA,NA,NA,NA
2653,1,0.319566339,0.53512609,0.140607923,0.004107607,0.000592044,4,State,urban/rural,Age,statesector,0,Meghalaya,46 to 64,NA,NA,NA,NA,NA
2654,1,0.334448814,0.523176253,0.137784272,0.004590672,0,4,State,urban/rural,Age,statesector,0,Meghalaya,65+,NA,NA,NA,NA,NA
2655,1,NA,NA,NA,NA,NA,4,State,urban/rural,Age,statesector,0,Meghalaya,NA,NA,NA,NA,NA,NA
2656,1,0.149052218,0.564901531,0.286046267,0,0,4,State,urban/rural,Age,statesector,1,Meghalaya,15 to 29,NA,NA,NA,NA,NA
2657,1,0.106268838,0.491710186,0.355878979,0.046142001,0,4,State,urban/rural,Age,statesector,1,Meghalaya,30 to 45,NA,NA,NA,NA,NA
2658,1,0.127774149,0.403951198,0.409527689,0.058746986,0,4,State,urban/rural,Age,statesector,1,Meghalaya,46 to 64,NA,NA,NA,NA,NA
2659,1,0.102997825,0.516033232,0.380968928,0,0,4,State,urban/rural,Age,statesector,1,Meghalaya,65+,NA,NA,NA,NA,NA
2660,1,0.587032199,0.344741851,0.053230532,0.014995402,0,4,State,urban/rural,Age,statesector,0,Mizoram,15 to 29,NA,NA,NA,NA,NA
2661,1,0.503937781,0.35722506,0.124103732,0.014733428,0,4,State,urban/rural,Age,statesector,0,Mizoram,30 to 45,NA,NA,NA,NA,NA
2662,1,0.567528605,0.32897687,0.086315833,0.014630599,0.002548066,4,State,urban/rural,Age,statesector,0,Mizoram,46 to 64,NA,NA,NA,NA,NA
2663,1,0.355985403,0.458757669,0.138196394,0.046114214,0.000946323,4,State,urban/rural,Age,statesector,0,Mizoram,65+,NA,NA,NA,NA,NA
2664,1,0.222613022,0.329093039,0.297629505,0.074934602,0.075729847,4,State,urban/rural,Age,statesector,1,Mizoram,15 to 29,NA,NA,NA,NA,NA
2665,1,0.187896013,0.298087984,0.339606434,0.174409553,0,4,State,urban/rural,Age,statesector,1,Mizoram,30 to 45,NA,NA,NA,NA,NA
2666,1,0.194925651,0.423054487,0.343316853,0.024533577,0.014169413,4,State,urban/rural,Age,statesector,1,Mizoram,46 to 64,NA,NA,NA,NA,NA
2667,1,0.120114483,0.135825798,0.085355997,0.069399327,0.589304388,4,State,urban/rural,Age,statesector,1,Mizoram,65+,NA,NA,NA,NA,NA
2668,1,0.384751976,0.528786063,0.083597697,0.00286426,0,4,State,urban/rural,Age,statesector,0,Nagaland,15 to 29,NA,NA,NA,NA,NA
2669,1,0.385791034,0.533260167,0.078174636,0.002059104,0.000715045,4,State,urban/rural,Age,statesector,0,Nagaland,30 to 45,NA,NA,NA,NA,NA
2670,1,0.417334706,0.484713823,0.094289549,0.00366193,0,4,State,urban/rural,Age,statesector,0,Nagaland,46 to 64,NA,NA,NA,NA,NA
2671,1,0.410802186,0.520557761,0.063733444,0.004906614,0,4,State,urban/rural,Age,statesector,0,Nagaland,65+,NA,NA,NA,NA,NA
2672,1,NA,NA,NA,NA,NA,4,State,urban/rural,Age,statesector,0,Nagaland,NA,NA,NA,NA,NA,NA
2673,1,0.268395275,0.44536221,0.286242485,0,0,4,State,urban/rural,Age,statesector,1,Nagaland,15 to 29,NA,NA,NA,NA,NA
2674,1,0.163669556,0.396096021,0.37410754,0.046584774,0.019542113,4,State,urban/rural,Age,statesector,1,Nagaland,30 to 45,NA,NA,NA,NA,NA
2675,1,0.131675154,0.485762507,0.345121562,0.032289419,0.005151351,4,State,urban/rural,Age,statesector,1,Nagaland,46 to 64,NA,NA,NA,NA,NA
2676,1,0.22092025,0.50416863,0.19339253,0.0531005,0.028418073,4,State,urban/rural,Age,statesector,1,Nagaland,65+,NA,NA,NA,NA,NA
2677,1,1,0,0,0,0,4,State,urban/rural,Age,statesector,1,Nagaland,NA,NA,NA,NA,NA,NA
2678,1,0.699541986,0.256202936,0.03897693,0.00432553,0.000952634,4,State,urban/rural,Age,statesector,0,Odisha,15 to 29,NA,NA,NA,NA,NA
2679,1,0.724874735,0.234473243,0.037417479,0.003234533,0,4,State,urban/rural,Age,statesector,0,Odisha,30 to 45,NA,NA,NA,NA,NA
2680,1,0.727444828,0.236761242,0.031670213,0.003785504,0.000338188,4,State,urban/rural,Age,statesector,0,Odisha,46 to 64,NA,NA,NA,NA,NA
2681,1,0.728078187,0.233847052,0.033463705,0.004030179,0.00058089,4,State,urban/rural,Age,statesector,0,Odisha,65+,NA,NA,NA,NA,NA
2682,1,1,0,0,0,0,4,State,urban/rural,Age,statesector,0,Odisha,NA,NA,NA,NA,NA,NA
2683,1,0.574898601,0.312557459,0.096795529,0.015748423,0,4,State,urban/rural,Age,statesector,1,Odisha,15 to 29,NA,NA,NA,NA,NA
2684,1,0.579230964,0.267389745,0.118164644,0.032990377,0.002224251,4,State,urban/rural,Age,statesector,1,Odisha,30 to 45,NA,NA,NA,NA,NA
2685,1,0.535823941,0.355769515,0.09764839,0.01075813,0,4,State,urban/rural,Age,statesector,1,Odisha,46 to 64,NA,NA,NA,NA,NA
2686,1,0.714861214,0.22681427,0.058324523,0,0,4,State,urban/rural,Age,statesector,1,Odisha,65+,NA,NA,NA,NA,NA
2687,1,0.107592486,0.892407537,0,0,0,4,State,urban/rural,Age,statesector,0,Puducherry,15 to 29,NA,NA,NA,NA,NA
2688,1,0.560103118,0.360809386,0.079087481,0,0,4,State,urban/rural,Age,statesector,0,Puducherry,30 to 45,NA,NA,NA,NA,NA
2689,1,0.316680342,0.56581527,0.117504366,0,0,4,State,urban/rural,Age,statesector,0,Puducherry,46 to 64,NA,NA,NA,NA,NA
2690,1,0.614680171,0.270421058,0.114898749,0,0,4,State,urban/rural,Age,statesector,0,Puducherry,65+,NA,NA,NA,NA,NA
2691,1,0,0.499657422,0.125899032,0.374443561,0,4,State,urban/rural,Age,statesector,1,Puducherry,15 to 29,NA,NA,NA,NA,NA
2692,1,0.022235414,0.419480592,0.444850147,0.108361267,0.005072558,4,State,urban/rural,Age,statesector,1,Puducherry,30 to 45,NA,NA,NA,NA,NA
2693,1,0.392191052,0.324464947,0.232070565,0.051273447,0,4,State,urban/rural,Age,statesector,1,Puducherry,46 to 64,NA,NA,NA,NA,NA
2694,1,0.921785533,0.044111963,0.017251585,0.016850911,0,4,State,urban/rural,Age,statesector,1,Puducherry,65+,NA,NA,NA,NA,NA
2695,1,0.049713302,0.331285089,0.460174799,0.114533603,0.044293217,4,State,urban/rural,Age,statesector,0,Punjab,15 to 29,NA,NA,NA,NA,NA
2696,1,0.094071008,0.298712671,0.400117278,0.177106366,0.029992674,4,State,urban/rural,Age,statesector,0,Punjab,30 to 45,NA,NA,NA,NA,NA
2697,1,0.090027578,0.358974308,0.361488402,0.15087001,0.038639713,4,State,urban/rural,Age,statesector,0,Punjab,46 to 64,NA,NA,NA,NA,NA
2698,1,0.106562182,0.364779294,0.315959662,0.189994812,0.022704024,4,State,urban/rural,Age,statesector,0,Punjab,65+,NA,NA,NA,NA,NA
2699,1,0.134194851,0.411935836,0.302692443,0.143850088,0.007326798,4,State,urban/rural,Age,statesector,1,Punjab,15 to 29,NA,NA,NA,NA,NA
2700,1,0.094675802,0.205984399,0.315410614,0.238681555,0.145247623,4,State,urban/rural,Age,statesector,1,Punjab,30 to 45,NA,NA,NA,NA,NA
2701,1,0.119970232,0.062465522,0.192510933,0.378540277,0.246513054,4,State,urban/rural,Age,statesector,1,Punjab,46 to 64,NA,NA,NA,NA,NA
2702,1,0.110662222,0.411787093,0.306424856,0.032032225,0.139093608,4,State,urban/rural,Age,statesector,1,Punjab,65+,NA,NA,NA,NA,NA
2703,1,0.463602006,0.37112233,0.132910684,0.028548224,0.003816731,4,State,urban/rural,Age,statesector,0,Rajasthan,15 to 29,NA,NA,NA,NA,NA
2704,1,0.485699445,0.377307385,0.111050069,0.021129351,0.004813757,4,State,urban/rural,Age,statesector,0,Rajasthan,30 to 45,NA,NA,NA,NA,NA
2705,1,0.449231088,0.382696033,0.127212986,0.036258895,0.004600994,4,State,urban/rural,Age,statesector,0,Rajasthan,46 to 64,NA,NA,NA,NA,NA
2706,1,0.537597537,0.340142846,0.09373264,0.022077648,0.006449332,4,State,urban/rural,Age,statesector,0,Rajasthan,65+,NA,NA,NA,NA,NA
2707,1,0,1,0,0,0,4,State,urban/rural,Age,statesector,0,Rajasthan,NA,NA,NA,NA,NA,NA
2708,1,0.18526715,0.323727041,0.297189176,0.135427982,0.058388673,4,State,urban/rural,Age,statesector,1,Rajasthan,15 to 29,NA,NA,NA,NA,NA
2709,1,0.133300364,0.36885044,0.302577913,0.140734702,0.054536596,4,State,urban/rural,Age,statesector,1,Rajasthan,30 to 45,NA,NA,NA,NA,NA
2710,1,0.182408854,0.316639036,0.269629925,0.122606844,0.108715333,4,State,urban/rural,Age,statesector,1,Rajasthan,46 to 64,NA,NA,NA,NA,NA
2711,1,0.220489368,0.387196809,0.245489925,0.114735812,0.032088079,4,State,urban/rural,Age,statesector,1,Rajasthan,65+,NA,NA,NA,NA,NA
2712,1,0.054779679,0.433682293,0.511538029,0,0,4,State,urban/rural,Age,statesector,0,Sikkim,15 to 29,NA,NA,NA,NA,NA
2713,1,0.023325967,0.512029707,0.433634132,0.031010207,0,4,State,urban/rural,Age,statesector,0,Sikkim,30 to 45,NA,NA,NA,NA,NA
2714,1,0.095998354,0.548173189,0.334467739,0.021360718,0,4,State,urban/rural,Age,statesector,0,Sikkim,46 to 64,NA,NA,NA,NA,NA
2715,1,0.00871032,0.576126158,0.415163517,0,0,4,State,urban/rural,Age,statesector,0,Sikkim,65+,NA,NA,NA,NA,NA
2716,1,0.163091511,0.23453857,0.403186917,0.199183002,0,4,State,urban/rural,Age,statesector,1,Sikkim,15 to 29,NA,NA,NA,NA,NA
2717,1,0,0.309685856,0.118177958,0.572136223,0,4,State,urban/rural,Age,statesector,1,Sikkim,30 to 45,NA,NA,NA,NA,NA
2718,1,0.188670367,0.065974638,0.164500624,0.377112418,0.203741983,4,State,urban/rural,Age,statesector,1,Sikkim,46 to 64,NA,NA,NA,NA,NA
2719,1,0,0.38939628,0.61060375,0,0,4,State,urban/rural,Age,statesector,1,Sikkim,65+,NA,NA,NA,NA,NA
2720,1,0.224803567,0.496294737,0.231794879,0.040674664,0.006432142,4,State,urban/rural,Age,statesector,0,Tamil Nadu,15 to 29,NA,NA,NA,NA,NA
2721,1,0.263547152,0.555287898,0.165008202,0.013334204,0.002822559,4,State,urban/rural,Age,statesector,0,Tamil Nadu,30 to 45,NA,NA,NA,NA,NA
2722,1,0.336271733,0.507519305,0.136816263,0.019392697,0,4,State,urban/rural,Age,statesector,0,Tamil Nadu,46 to 64,NA,NA,NA,NA,NA
2723,1,0.503477097,0.418380022,0.065320209,0.00807621,0.004746451,4,State,urban/rural,Age,statesector,0,Tamil Nadu,65+,NA,NA,NA,NA,NA
2724,1,NA,NA,NA,NA,NA,4,State,urban/rural,Age,statesector,0,Tamil Nadu,NA,NA,NA,NA,NA,NA
2725,1,0.070807762,0.426264644,0.388348997,0.11457859,0,4,State,urban/rural,Age,statesector,1,Tamil Nadu,15 to 29,NA,NA,NA,NA,NA
2726,1,0.206798956,0.332657039,0.248051152,0.181382626,0.031110214,4,State,urban/rural,Age,statesector,1,Tamil Nadu,30 to 45,NA,NA,NA,NA,NA
2727,1,0.309476912,0.388982058,0.216220438,0.048846427,0.036474131,4,State,urban/rural,Age,statesector,1,Tamil Nadu,46 to 64,NA,NA,NA,NA,NA
2728,1,0.534599841,0.34771803,0.05922411,0.044761401,0.013696635,4,State,urban/rural,Age,statesector,1,Tamil Nadu,65+,NA,NA,NA,NA,NA
2729,1,0.292631567,0.487968117,0.173812106,0.038615119,0.006973091,4,State,urban/rural,Age,statesector,0,Telangana,15 to 29,NA,NA,NA,NA,NA
2730,1,0.318525761,0.485515416,0.175933108,0.018373182,0.00165254,4,State,urban/rural,Age,statesector,0,Telangana,30 to 45,NA,NA,NA,NA,NA
2731,1,0.324078918,0.490351021,0.178973541,0.00400586,0.00259068,4,State,urban/rural,Age,statesector,0,Telangana,46 to 64,NA,NA,NA,NA,NA
2732,1,0.469473809,0.425607353,0.099786058,0.005132774,0,4,State,urban/rural,Age,statesector,0,Telangana,65+,NA,NA,NA,NA,NA
2733,1,1,0,0,0,0,4,State,urban/rural,Age,statesector,0,Telangana,NA,NA,NA,NA,NA,NA
2734,1,0.123243824,0.252894163,0.380741268,0.24312076,0,4,State,urban/rural,Age,statesector,1,Telangana,15 to 29,NA,NA,NA,NA,NA
2735,1,0.138863891,0.395162404,0.330336809,0.135636881,0,4,State,urban/rural,Age,statesector,1,Telangana,30 to 45,NA,NA,NA,NA,NA
2736,1,0.244678125,0.347577244,0.363139451,0.044605166,0,4,State,urban/rural,Age,statesector,1,Telangana,46 to 64,NA,NA,NA,NA,NA
2737,1,0.289375424,0.329522491,0.161131203,0.219970867,0,4,State,urban/rural,Age,statesector,1,Telangana,65+,NA,NA,NA,NA,NA
2738,1,0.462207437,0.5264498,0.011342778,0,0,4,State,urban/rural,Age,statesector,0,Tripura,15 to 29,NA,NA,NA,NA,NA
2739,1,0.453435808,0.527541757,0.019022418,0,0,4,State,urban/rural,Age,statesector,0,Tripura,30 to 45,NA,NA,NA,NA,NA
2740,1,0.452161789,0.496672392,0.044765625,0.006400184,0,4,State,urban/rural,Age,statesector,0,Tripura,46 to 64,NA,NA,NA,NA,NA
2741,1,0.461042166,0.502681971,0.036275864,0,0,4,State,urban/rural,Age,statesector,0,Tripura,65+,NA,NA,NA,NA,NA
2742,1,0.183912516,0.645321906,0.170765594,0,0,4,State,urban/rural,Age,statesector,1,Tripura,15 to 29,NA,NA,NA,NA,NA
2743,1,0.136432171,0.766919613,0.096648246,0,0,4,State,urban/rural,Age,statesector,1,Tripura,30 to 45,NA,NA,NA,NA,NA
2744,1,0.194779098,0.500564039,0.304656863,0,0,4,State,urban/rural,Age,statesector,1,Tripura,46 to 64,NA,NA,NA,NA,NA
2745,1,0.321421772,0.571199417,0.10737884,0,0,4,State,urban/rural,Age,statesector,1,Tripura,65+,NA,NA,NA,NA,NA
2746,1,0.567943752,0.313423187,0.098177426,0.020168835,0.000286826,4,State,urban/rural,Age,statesector,0,Uttar Pradesh,15 to 29,NA,NA,NA,NA,NA
2747,1,0.649367988,0.27162239,0.066632785,0.01058168,0.001795171,4,State,urban/rural,Age,statesector,0,Uttar Pradesh,30 to 45,NA,NA,NA,NA,NA
2748,1,0.562315047,0.31097573,0.100253694,0.022783428,0.003672125,4,State,urban/rural,Age,statesector,0,Uttar Pradesh,46 to 64,NA,NA,NA,NA,NA
2749,1,0.640959263,0.252967477,0.083884858,0.018634265,0.003554158,4,State,urban/rural,Age,statesector,0,Uttar Pradesh,65+,NA,NA,NA,NA,NA
2750,1,1,0,0,0,0,4,State,urban/rural,Age,statesector,0,Uttar Pradesh,NA,NA,NA,NA,NA,NA
2751,1,0.195531175,0.266127825,0.317950308,0.185076639,0.03531405,4,State,urban/rural,Age,statesector,1,Uttar Pradesh,15 to 29,NA,NA,NA,NA,NA
2752,1,0.218921676,0.276637673,0.274499714,0.191474229,0.038466696,4,State,urban/rural,Age,statesector,1,Uttar Pradesh,30 to 45,NA,NA,NA,NA,NA
2753,1,0.240404472,0.274248362,0.243723005,0.183465734,0.05815842,4,State,urban/rural,Age,statesector,1,Uttar Pradesh,46 to 64,NA,NA,NA,NA,NA
2754,1,0.355178237,0.273116618,0.17420435,0.136040479,0.061460309,4,State,urban/rural,Age,statesector,1,Uttar Pradesh,65+,NA,NA,NA,NA,NA
2755,1,0.160160556,0.524069011,0.284724623,0.031045839,0,4,State,urban/rural,Age,statesector,0,Uttarakhand,15 to 29,NA,NA,NA,NA,NA
2756,1,0.229230717,0.512013912,0.198617101,0.048667375,0.011470901,4,State,urban/rural,Age,statesector,0,Uttarakhand,30 to 45,NA,NA,NA,NA,NA
2757,1,0.237161174,0.521253347,0.207989693,0.02988011,0.003715707,4,State,urban/rural,Age,statesector,0,Uttarakhand,46 to 64,NA,NA,NA,NA,NA
2758,1,0.321534574,0.535410106,0.132723406,0.010331896,0,4,State,urban/rural,Age,statesector,0,Uttarakhand,65+,NA,NA,NA,NA,NA
2759,1,0.151735976,0.119460523,0.478291124,0.188367933,0.062144436,4,State,urban/rural,Age,statesector,1,Uttarakhand,15 to 29,NA,NA,NA,NA,NA
2760,1,0.099376492,0.182250604,0.479359508,0.202719033,0.03629436,4,State,urban/rural,Age,statesector,1,Uttarakhand,30 to 45,NA,NA,NA,NA,NA
2761,1,0.280059189,0.167286009,0.273976177,0.207433283,0.071245335,4,State,urban/rural,Age,statesector,1,Uttarakhand,46 to 64,NA,NA,NA,NA,NA
2762,1,0.343690455,0.163835749,0.200869471,0.265708297,0.025896011,4,State,urban/rural,Age,statesector,1,Uttarakhand,65+,NA,NA,NA,NA,NA
2763,1,0.54727447,0.401328504,0.051397033,0,0,4,State,urban/rural,Age,statesector,0,West Bengal,15 to 29,NA,NA,NA,NA,NA
2764,1,0.61017108,0.349631011,0.039205398,0.000992524,0,4,State,urban/rural,Age,statesector,0,West Bengal,30 to 45,NA,NA,NA,NA,NA
2765,1,0.651347101,0.311135799,0.03688452,0.00063256,0,4,State,urban/rural,Age,statesector,0,West Bengal,46 to 64,NA,NA,NA,NA,NA
2766,1,0.677241743,0.287920356,0.033005059,0,0.001832836,4,State,urban/rural,Age,statesector,0,West Bengal,65+,NA,NA,NA,NA,NA
2767,1,NA,NA,NA,NA,NA,4,State,urban/rural,Age,statesector,0,West Bengal,NA,NA,NA,NA,NA,NA
2768,1,0.399367958,0.421203226,0.16373305,0.015695771,0,4,State,urban/rural,Age,statesector,1,West Bengal,15 to 29,NA,NA,NA,NA,NA
2769,1,0.430833191,0.382305324,0.153927624,0.032933876,0,4,State,urban/rural,Age,statesector,1,West Bengal,30 to 45,NA,NA,NA,NA,NA
2770,1,0.472323149,0.387223721,0.134493023,0.005960121,0,4,State,urban/rural,Age,statesector,1,West Bengal,46 to 64,NA,NA,NA,NA,NA
2771,1,0.521785438,0.42332837,0.054886214,0,0,4,State,urban/rural,Age,statesector,1,West Bengal,65+,NA,NA,NA,NA,NA
2772,1,0.633210838,0.273467839,0.073511153,0.017217772,0.002592418,4,National,All,Education,allindia,99,India,NA,No education / Preschool,NA,NA,NA,NA
2773,1,0.499956787,0.348904341,0.116469495,0.029171662,0.005497716,4,National,All,Education,allindia,99,India,NA,Primary,NA,NA,NA,NA
2774,1,0.417866945,0.39179787,0.1437089,0.035951614,0.010674665,4,National,All,Education,allindia,99,India,NA,Secondary,NA,NA,NA,NA
2775,1,0.234955624,0.428200126,0.213928938,0.074969113,0.047946211,4,National,All,Education,allindia,99,India,NA,Higher,NA,NA,NA,NA
2776,1,0.484931618,0.369871289,0.103034459,0.02406911,0.018093504,4,National,All,Education,allindia,99,India,NA,NA,NA,NA,NA,NA
2777,1,0.665475667,0.26696378,0.058768824,0.007926593,0.000865135,4,National,urban/rural,Education,indiasector,0,India,NA,No education / Preschool,NA,NA,NA,NA
2778,1,0.537066698,0.349048764,0.09647993,0.015564031,0.001840606,4,National,urban/rural,Education,indiasector,0,India,NA,Primary,NA,NA,NA,NA
2779,1,0.441308409,0.399114221,0.130884111,0.02434586,0.004347392,4,National,urban/rural,Education,indiasector,0,India,NA,Secondary,NA,NA,NA,NA
2780,1,0.259671628,0.451517791,0.206741288,0.064303376,0.017765913,4,National,urban/rural,Education,indiasector,0,India,NA,Higher,NA,NA,NA,NA
2781,1,0.498893291,0.380847573,0.087559648,0.022879099,0.009820374,4,National,urban/rural,Education,indiasector,0,India,NA,NA,NA,NA,NA,NA
2782,1,0.356388807,0.329270601,0.199995562,0.096933089,0.017411942,4,National,urban/rural,Education,indiasector,1,India,NA,No education / Preschool,NA,NA,NA,NA
2783,1,0.22100842,0.347818792,0.266727477,0.131457776,0.032987554,4,National,urban/rural,Education,indiasector,1,India,NA,Primary,NA,NA,NA,NA
2784,1,0.198124722,0.323213756,0.263929576,0.144744918,0.069987036,4,National,urban/rural,Education,indiasector,1,India,NA,Secondary,NA,NA,NA,NA
2785,1,0.031665195,0.236410901,0.273047656,0.162695378,0.296180844,4,National,urban/rural,Education,indiasector,1,India,NA,Higher,NA,NA,NA,NA
2786,1,0.340293407,0.256160498,0.26334846,0.036397234,0.103800431,4,National,urban/rural,Education,indiasector,1,India,NA,NA,NA,NA,NA,NA
2787,1,0.512897551,0.210261881,0.242232904,0.013871844,0.020735793,4,State,All,Education,state,99,Andaman & Nicobar Islands,NA,No education / Preschool,NA,NA,NA,NA
2788,1,0.255438119,0.518684626,0.211968496,0.013908748,0,4,State,All,Education,state,99,Andaman & Nicobar Islands,NA,Primary,NA,NA,NA,NA
2789,1,0.498836756,0.259943396,0.209198028,0.032021832,0,4,State,All,Education,state,99,Andaman & Nicobar Islands,NA,Secondary,NA,NA,NA,NA
2790,1,0,0,0,1,0,4,State,All,Education,state,99,Andaman & Nicobar Islands,NA,Higher,NA,NA,NA,NA
2791,1,0,1,0,0,0,4,State,All,Education,state,99,Andaman & Nicobar Islands,NA,NA,NA,NA,NA,NA
2792,1,0.30275318,0.471853346,0.198023871,0.026615411,0.000754201,4,State,All,Education,state,99,Andhra Pradesh,NA,No education / Preschool,NA,NA,NA,NA
2793,1,0.173274606,0.40040493,0.370417506,0.051945493,0.003957461,4,State,All,Education,state,99,Andhra Pradesh,NA,Primary,NA,NA,NA,NA
2794,1,0.188333452,0.390431702,0.368431598,0.052803248,0,4,State,All,Education,state,99,Andhra Pradesh,NA,Secondary,NA,NA,NA,NA
2795,1,0.092976421,0.233907625,0.39351666,0.279599309,0,4,State,All,Education,state,99,Andhra Pradesh,NA,Higher,NA,NA,NA,NA
2796,1,NA,NA,NA,NA,NA,4,State,All,Education,state,99,Andhra Pradesh,NA,NA,NA,NA,NA,NA
2797,1,0.627721012,0.297361225,0.060175885,0.011695868,0.003046019,4,State,All,Education,state,99,Arunachal Pradesh,NA,No education / Preschool,NA,NA,NA,NA
2798,1,0.504043281,0.383811057,0.096011661,0.015250015,0.000884009,4,State,All,Education,state,99,Arunachal Pradesh,NA,Primary,NA,NA,NA,NA
2799,1,0.390078813,0.420166045,0.148934633,0.019430749,0.021389756,4,State,All,Education,state,99,Arunachal Pradesh,NA,Secondary,NA,NA,NA,NA
2800,1,0.058270067,0.226205558,0.523388147,0.059524272,0.13261193,4,State,All,Education,state,99,Arunachal Pradesh,NA,Higher,NA,NA,NA,NA
2801,1,0.089951932,0.398550481,0.241916776,0.269580811,0,4,State,All,Education,state,99,Arunachal Pradesh,NA,NA,NA,NA,NA,NA
2802,1,0.620798171,0.351135254,0.026070844,0.001995707,0,4,State,All,Education,state,99,Assam,NA,No education / Preschool,NA,NA,NA,NA
2803,1,0.48257494,0.460861892,0.052156541,0.004406602,0,4,State,All,Education,state,99,Assam,NA,Primary,NA,NA,NA,NA
2804,1,0.329774588,0.547244251,0.110199288,0.009560647,0.003221215,4,State,All,Education,state,99,Assam,NA,Secondary,NA,NA,NA,NA
2805,1,0.070771396,0.697827816,0.231400818,0,0,4,State,All,Education,state,99,Assam,NA,Higher,NA,NA,NA,NA
2806,1,0.885502517,0.114497513,0,0,0,4,State,All,Education,state,99,Assam,NA,NA,NA,NA,NA,NA
2807,1,0.831131935,0.148687392,0.017922929,0.001998551,0.000259176,4,State,All,Education,state,99,Bihar,NA,No education / Preschool,NA,NA,NA,NA
2808,1,0.748531282,0.216093644,0.026782388,0.008334359,0.000258332,4,State,All,Education,state,99,Bihar,NA,Primary,NA,NA,NA,NA
2809,1,0.605063975,0.322040319,0.058122661,0.012882958,0.001890066,4,State,All,Education,state,99,Bihar,NA,Secondary,NA,NA,NA,NA
2810,1,0.363246709,0.494274378,0.112297826,0.027961109,0.002219986,4,State,All,Education,state,99,Bihar,NA,Higher,NA,NA,NA,NA
2811,1,0.880261719,0.119738303,0,0,0,4,State,All,Education,state,99,Bihar,NA,NA,NA,NA,NA,NA
2812,1,0.21178472,0.143330753,0.318431824,0.264146119,0.062306575,4,State,All,Education,state,99,Chandigarh,NA,No education / Preschool,NA,NA,NA,NA
2813,1,0.224807009,0.335457325,0.259584337,0.180151314,0,4,State,All,Education,state,99,Chandigarh,NA,Primary,NA,NA,NA,NA
2814,1,0.210483655,0.446243286,0.120087743,0.223185316,0,4,State,All,Education,state,99,Chandigarh,NA,Secondary,NA,NA,NA,NA
2815,1,0.75577563,0.203085914,0.034405615,0.005982089,0.000750742,4,State,All,Education,state,99,Chhattisgarh,NA,No education / Preschool,NA,NA,NA,NA
2816,1,0.582815886,0.320364058,0.077818327,0.015085949,0.003915774,4,State,All,Education,state,99,Chhattisgarh,NA,Primary,NA,NA,NA,NA
2817,1,0.451430649,0.383784354,0.130465254,0.025632909,0.00868684,4,State,All,Education,state,99,Chhattisgarh,NA,Secondary,NA,NA,NA,NA
2818,1,0.150912121,0.360817879,0.199515298,0.232107237,0.05664745,4,State,All,Education,state,99,Chhattisgarh,NA,Higher,NA,NA,NA,NA
2819,1,0.512783825,0.396971226,0.090244941,0,0,4,State,All,Education,state,99,Chhattisgarh,NA,NA,NA,NA,NA,NA
2820,1,0.614143133,0.294687331,0.073011339,0.018158168,0,4,State,All,Education,state,99,Dadra & Nagar Haveli,NA,No education / Preschool,NA,NA,NA,NA
2821,1,0.523973346,0.325109333,0.112104602,0.038812727,0,4,State,All,Education,state,99,Dadra & Nagar Haveli,NA,Primary,NA,NA,NA,NA
2822,1,0.288600057,0.546550453,0.143194869,0.021654606,0,4,State,All,Education,state,99,Dadra & Nagar Haveli,NA,Secondary,NA,NA,NA,NA
2823,1,0,0.347397864,0.340895593,0.311706543,0,4,State,All,Education,state,99,Dadra & Nagar Haveli,NA,Higher,NA,NA,NA,NA
2824,1,0.670387924,0.329612076,0,0,0,4,State,All,Education,state,99,Dadra & Nagar Haveli,NA,NA,NA,NA,NA,NA
2825,1,0.004378175,0.622518003,0.223879784,0.149224058,0,4,State,All,Education,state,99,Daman & Diu,NA,No education / Preschool,NA,NA,NA,NA
2826,1,0,0.433381349,0.396323591,0.039790161,0.130504891,4,State,All,Education,state,99,Daman & Diu,NA,Primary,NA,NA,NA,NA
2827,1,0.087458901,0.328309149,0.481286913,0,0.102945037,4,State,All,Education,state,99,Daman & Diu,NA,Secondary,NA,NA,NA,NA
2828,1,0,1,0,0,0,4,State,All,Education,state,99,Daman & Diu,NA,Higher,NA,NA,NA,NA
2829,1,0.077839576,0.137823924,0.466756225,0.265907764,0.0516725,4,State,All,Education,state,99,Delhi,NA,No education / Preschool,NA,NA,NA,NA
2830,1,0.071317762,0.124405138,0.478572577,0.218787432,0.106917076,4,State,All,Education,state,99,Delhi,NA,Primary,NA,NA,NA,NA
2831,1,0.003991022,0.232786536,0.349123597,0.214013547,0.200085312,4,State,All,Education,state,99,Delhi,NA,Secondary,NA,NA,NA,NA
2832,1,0,0.022640226,0.308061957,0,0.669297814,4,State,All,Education,state,99,Delhi,NA,Higher,NA,NA,NA,NA
2833,1,0,0,0,0,1,4,State,All,Education,state,99,Delhi,NA,NA,NA,NA,NA,NA
2834,1,0.024211995,0.525831401,0.305818886,0.115820341,0.028317388,4,State,All,Education,state,99,Goa,NA,No education / Preschool,NA,NA,NA,NA
2835,1,0,0.415190905,0.340465039,0.225773305,0.018570768,4,State,All,Education,state,99,Goa,NA,Primary,NA,NA,NA,NA
2836,1,0,0.595817924,0.404182076,0,0,4,State,All,Education,state,99,Goa,NA,Secondary,NA,NA,NA,NA
2837,1,0,1,0,0,0,4,State,All,Education,state,99,Goa,NA,Higher,NA,NA,NA,NA
2838,1,0.431047499,0.419875413,0.121335939,0.023743583,0.003997541,4,State,All,Education,state,99,Gujarat,NA,No education / Preschool,NA,NA,NA,NA
2839,1,0.301276416,0.449277967,0.198140994,0.045207921,0.006096712,4,State,All,Education,state,99,Gujarat,NA,Primary,NA,NA,NA,NA
2840,1,0.255157113,0.471800506,0.196213737,0.049792811,0.027035844,4,State,All,Education,state,99,Gujarat,NA,Secondary,NA,NA,NA,NA
2841,1,0.205914572,0.520566106,0.102201894,0.095351025,0.075966403,4,State,All,Education,state,99,Gujarat,NA,Higher,NA,NA,NA,NA
2842,1,0.224458739,0.520425498,0.255115777,0,0,4,State,All,Education,state,99,Gujarat,NA,NA,NA,NA,NA,NA
2843,1,0.176669732,0.362623423,0.293308526,0.128302023,0.039096277,4,State,All,Education,state,99,Haryana,NA,No education / Preschool,NA,NA,NA,NA
2844,1,0.12591663,0.35265708,0.318846732,0.170655146,0.031924397,4,State,All,Education,state,99,Haryana,NA,Primary,NA,NA,NA,NA
2845,1,0.071955703,0.299896955,0.307431579,0.217372969,0.103342779,4,State,All,Education,state,99,Haryana,NA,Secondary,NA,NA,NA,NA
2846,1,0,0.046506722,0.403001457,0.197724491,0.352767348,4,State,All,Education,state,99,Haryana,NA,Higher,NA,NA,NA,NA
2847,1,0,0,1,0,0,4,State,All,Education,state,99,Haryana,NA,NA,NA,NA,NA,NA
2848,1,0.211576983,0.479234457,0.258141339,0.048450552,0.002596688,4,State,All,Education,state,99,Himachal Pradesh,NA,No education / Preschool,NA,NA,NA,NA
2849,1,0.111443326,0.472076744,0.31122148,0.09343937,0.011819078,4,State,All,Education,state,99,Himachal Pradesh,NA,Primary,NA,NA,NA,NA
2850,1,0.058192417,0.325720668,0.465577543,0.118636057,0.031873316,4,State,All,Education,state,99,Himachal Pradesh,NA,Secondary,NA,NA,NA,NA
2851,1,0,0.374385148,0.300801158,0.324813694,0,4,State,All,Education,state,99,Himachal Pradesh,NA,Higher,NA,NA,NA,NA
2852,1,0,1,0,0,0,4,State,All,Education,state,99,Himachal Pradesh,NA,NA,NA,NA,NA,NA
2853,1,0.375500888,0.446735859,0.124259762,0.045027923,0.008475567,4,State,All,Education,state,99,Jammu & Kashmir,NA,No education / Preschool,NA,NA,NA,NA
2854,1,0.272980154,0.536222756,0.137612462,0.045768522,0.007416119,4,State,All,Education,state,99,Jammu & Kashmir,NA,Primary,NA,NA,NA,NA
2855,1,0.223215759,0.501393795,0.202949643,0.067298658,0.005142155,4,State,All,Education,state,99,Jammu & Kashmir,NA,Secondary,NA,NA,NA,NA
2856,1,0.132440075,0.405486524,0.295015186,0.167058215,0,4,State,All,Education,state,99,Jammu & Kashmir,NA,Higher,NA,NA,NA,NA
2857,1,0.409689426,0.313501716,0.276808888,0,0,4,State,All,Education,state,99,Jammu & Kashmir,NA,NA,NA,NA,NA,NA
2858,1,0.818396389,0.143177003,0.032983754,0.004838893,0.000603967,4,State,All,Education,state,99,Jharkhand,NA,No education / Preschool,NA,NA,NA,NA
2859,1,0.715211987,0.214611918,0.057761338,0.010141124,0.002273638,4,State,All,Education,state,99,Jharkhand,NA,Primary,NA,NA,NA,NA
2860,1,0.615579426,0.293271422,0.080670699,0.010054393,0.000424064,4,State,All,Education,state,99,Jharkhand,NA,Secondary,NA,NA,NA,NA
2861,1,0.364431947,0.40152207,0.157268673,0.033005808,0.043771524,4,State,All,Education,state,99,Jharkhand,NA,Higher,NA,NA,NA,NA
2862,1,0.594652653,0.31207034,0.068520434,0.024756547,0,4,State,All,Education,state,99,Jharkhand,NA,NA,NA,NA,NA,NA
2863,1,0.367254883,0.474800706,0.137496307,0.019283127,0.001164972,4,State,All,Education,state,99,Karnataka,NA,No education / Preschool,NA,NA,NA,NA
2864,1,0.228970632,0.484079689,0.241210327,0.039310053,0.006429289,4,State,All,Education,state,99,Karnataka,NA,Primary,NA,NA,NA,NA
2865,1,0.153048888,0.489389062,0.283871651,0.052536335,0.021154076,4,State,All,Education,state,99,Karnataka,NA,Secondary,NA,NA,NA,NA
2866,1,0.081664927,0.301891923,0.417575389,0.184534296,0.014333452,4,State,All,Education,state,99,Karnataka,NA,Higher,NA,NA,NA,NA
2867,1,0.234101042,0.307208061,0.458690882,0,0,4,State,All,Education,state,99,Karnataka,NA,NA,NA,NA,NA,NA
2868,1,0.434831172,0.500791132,0.064377673,0,0,4,State,All,Education,state,99,Kerala,NA,No education / Preschool,NA,NA,NA,NA
2869,1,0.14696151,0.458561122,0.22176826,0.077544287,0.095164813,4,State,All,Education,state,99,Kerala,NA,Primary,NA,NA,NA,NA
2870,1,0.147768825,0.269043654,0.391772211,0.036382563,0.155032754,4,State,All,Education,state,99,Kerala,NA,Secondary,NA,NA,NA,NA
2871,1,NA,NA,NA,NA,NA,4,State,All,Education,state,99,Kerala,NA,NA,NA,NA,NA,NA
2872,1,0,0,0,0.535241246,0.464758784,4,State,All,Education,state,99,Lakshadweep,NA,Primary,NA,NA,NA,NA
2873,1,0.158398911,0,0.163835913,0.35282281,0.32494238,4,State,All,Education,state,99,Lakshadweep,NA,Secondary,NA,NA,NA,NA
2874,1,0.695723176,0.232095152,0.056832019,0.014134984,0.001214638,4,State,All,Education,state,99,Madhya Pradesh,NA,No education / Preschool,NA,NA,NA,NA
2875,1,0.554308116,0.307448804,0.103439562,0.028794652,0.006008826,4,State,All,Education,state,99,Madhya Pradesh,NA,Primary,NA,NA,NA,NA
2876,1,0.433001846,0.375172079,0.143776685,0.038987678,0.009061712,4,State,All,Education,state,99,Madhya Pradesh,NA,Secondary,NA,NA,NA,NA
2877,1,0.191945046,0.459221542,0.238596439,0.065999575,0.044237413,4,State,All,Education,state,99,Madhya Pradesh,NA,Higher,NA,NA,NA,NA
2878,1,0.519971132,0.326667696,0.108594559,0.028590854,0.016175762,4,State,All,Education,state,99,Madhya Pradesh,NA,NA,NA,NA,NA,NA
2879,1,0.556199074,0.329850107,0.090851277,0.021177806,0.001921762,4,State,All,Education,state,99,Maharashtra,NA,No education / Preschool,NA,NA,NA,NA
2880,1,0.372914284,0.42984432,0.151480839,0.038909364,0.006851193,4,State,All,Education,state,99,Maharashtra,NA,Primary,NA,NA,NA,NA
2881,1,0.250865549,0.452356309,0.221604392,0.054683261,0.020490501,4,State,All,Education,state,99,Maharashtra,NA,Secondary,NA,NA,NA,NA
2882,1,0.15383175,0.390854329,0.226848155,0.072917111,0.155548647,4,State,All,Education,state,99,Maharashtra,NA,Higher,NA,NA,NA,NA
2883,1,0.232311234,0.767688751,0,0,0,4,State,All,Education,state,99,Maharashtra,NA,NA,NA,NA,NA,NA
2884,1,0.437660068,0.436588675,0.11325603,0.01249524,0,4,State,All,Education,state,99,Manipur,NA,No education / Preschool,NA,NA,NA,NA
2885,1,0.338759631,0.532306671,0.11053282,0.015653992,0.002746901,4,State,All,Education,state,99,Manipur,NA,Primary,NA,NA,NA,NA
2886,1,0.184566617,0.48884657,0.2657094,0.057027757,0.003849655,4,State,All,Education,state,99,Manipur,NA,Secondary,NA,NA,NA,NA
2887,1,0.069522418,0.322678775,0.439050704,0.159056202,0.009691915,4,State,All,Education,state,99,Manipur,NA,Higher,NA,NA,NA,NA
2888,1,0.268951744,0.255935818,0.272999018,0.20211342,0,4,State,All,Education,state,99,Manipur,NA,NA,NA,NA,NA,NA
2889,1,0.364735007,0.520337045,0.110910796,0.00335733,0.000659795,4,State,All,Education,state,99,Meghalaya,NA,No education / Preschool,NA,NA,NA,NA
2890,1,0.265518844,0.585440159,0.143255264,0.005785768,0,4,State,All,Education,state,99,Meghalaya,NA,Primary,NA,NA,NA,NA
2891,1,0.217975691,0.557457685,0.203725904,0.020840721,0,4,State,All,Education,state,99,Meghalaya,NA,Secondary,NA,NA,NA,NA
2892,1,0.278548598,0.101733126,0.481556714,0.138161555,0,4,State,All,Education,state,99,Meghalaya,NA,Higher,NA,NA,NA,NA
2893,1,1,0,0,0,0,4,State,All,Education,state,99,Meghalaya,NA,NA,NA,NA,NA,NA
2894,1,0.698299229,0.240035281,0.060305148,0.001360341,0,4,State,All,Education,state,99,Mizoram,NA,No education / Preschool,NA,NA,NA,NA
2895,1,0.352674484,0.427429765,0.17548807,0.026205335,0.018202329,4,State,All,Education,state,99,Mizoram,NA,Primary,NA,NA,NA,NA
2896,1,0.322568208,0.441656858,0.153253287,0.072677955,0.009843713,4,State,All,Education,state,99,Mizoram,NA,Secondary,NA,NA,NA,NA
2897,1,0,0.648853421,0,0,0.351146549,4,State,All,Education,state,99,Mizoram,NA,Higher,NA,NA,NA,NA
2898,1,0.358520657,0.513450623,0,0.128028721,0,4,State,All,Education,state,99,Mizoram,NA,NA,NA,NA,NA,NA
2899,1,0.491711766,0.440437615,0.06500639,0.002844245,0,4,State,All,Education,state,99,Nagaland,NA,No education / Preschool,NA,NA,NA,NA
2900,1,0.323293835,0.553464115,0.116833575,0.00529636,0.001112104,4,State,All,Education,state,99,Nagaland,NA,Primary,NA,NA,NA,NA
2901,1,0.208174646,0.559548974,0.209753752,0.017506506,0.00501611,4,State,All,Education,state,99,Nagaland,NA,Secondary,NA,NA,NA,NA
2902,1,0.02031279,0.483871281,0.312186033,0.113811694,0.069818199,4,State,All,Education,state,99,Nagaland,NA,Higher,NA,NA,NA,NA
2903,1,0,0.507453144,0.492546856,0,0,4,State,All,Education,state,99,Nagaland,NA,NA,NA,NA,NA,NA
2904,1,0.808828712,0.169998333,0.019190764,0.001982177,0,4,State,All,Education,state,99,Odisha,NA,No education / Preschool,NA,NA,NA,NA
2905,1,0.661027491,0.28300634,0.047995441,0.007591331,0.000379435,4,State,All,Education,state,99,Odisha,NA,Primary,NA,NA,NA,NA
2906,1,0.561771214,0.357913435,0.072945088,0.006474902,0.000895378,4,State,All,Education,state,99,Odisha,NA,Secondary,NA,NA,NA,NA
2907,1,0.461989522,0.356543481,0.143248975,0.029890653,0.00832739,4,State,All,Education,state,99,Odisha,NA,Higher,NA,NA,NA,NA
2908,1,0.795418918,0.160048008,0.044533055,0,0,4,State,All,Education,state,99,Odisha,NA,NA,NA,NA,NA,NA
2909,1,0.454080492,0.406144559,0.122328728,0.017446231,0,4,State,All,Education,state,99,Puducherry,NA,No education / Preschool,NA,NA,NA,NA
2910,1,0.511826396,0.203258231,0.226815209,0.058100156,0,4,State,All,Education,state,99,Puducherry,NA,Primary,NA,NA,NA,NA
2911,1,0.237851262,0.536070704,0.192190915,0.03014788,0.003739235,4,State,All,Education,state,99,Puducherry,NA,Secondary,NA,NA,NA,NA
2912,1,0,0.516014516,0.483985484,0,0,4,State,All,Education,state,99,Puducherry,NA,Higher,NA,NA,NA,NA
2913,1,0.122038662,0.321420699,0.338575989,0.17110908,0.046855547,4,State,All,Education,state,99,Punjab,NA,No education / Preschool,NA,NA,NA,NA
2914,1,0.028776953,0.313539326,0.364906728,0.228366196,0.064410776,4,State,All,Education,state,99,Punjab,NA,Primary,NA,NA,NA,NA
2915,1,0.035182167,0.205461219,0.455515295,0.174354345,0.129486963,4,State,All,Education,state,99,Punjab,NA,Secondary,NA,NA,NA,NA
2916,1,0,0,0.582411826,0,0.417588204,4,State,All,Education,state,99,Punjab,NA,Higher,NA,NA,NA,NA
2917,1,0.51963222,0.350674033,0.099968664,0.025789363,0.003935752,4,State,All,Education,state,99,Rajasthan,NA,No education / Preschool,NA,NA,NA,NA
2918,1,0.391278744,0.382913291,0.167527825,0.044502705,0.01377744,4,State,All,Education,state,99,Rajasthan,NA,Primary,NA,NA,NA,NA
2919,1,0.332419455,0.416843057,0.178429917,0.053904839,0.01840272,4,State,All,Education,state,99,Rajasthan,NA,Secondary,NA,NA,NA,NA
2920,1,0.254039407,0.407716036,0.201984972,0.072714232,0.063545361,4,State,All,Education,state,99,Rajasthan,NA,Higher,NA,NA,NA,NA
2921,1,0.197480947,0.515649438,0.190836266,0.060147405,0.035885926,4,State,All,Education,state,99,Rajasthan,NA,NA,NA,NA,NA,NA
2922,1,0.069229983,0.456958085,0.36698103,0.106830902,0,4,State,All,Education,state,99,Sikkim,NA,No education / Preschool,NA,NA,NA,NA
2923,1,0.030774537,0.510792553,0.386375487,0.072057433,0,4,State,All,Education,state,99,Sikkim,NA,Primary,NA,NA,NA,NA
2924,1,0.037869722,0.324497491,0.454635024,0.061516482,0.121481277,4,State,All,Education,state,99,Sikkim,NA,Secondary,NA,NA,NA,NA
2925,1,0,1,0,0,0,4,State,All,Education,state,99,Sikkim,NA,Higher,NA,NA,NA,NA
2926,1,0,1,0,0,0,4,State,All,Education,state,99,Sikkim,NA,NA,NA,NA,NA,NA
2927,1,0.445573598,0.436108589,0.096868567,0.017389523,0.004059719,4,State,All,Education,state,99,Tamil Nadu,NA,No education / Preschool,NA,NA,NA,NA
2928,1,0.246850237,0.496429443,0.207656428,0.041660797,0.007403073,4,State,All,Education,state,99,Tamil Nadu,NA,Primary,NA,NA,NA,NA
2929,1,0.178076699,0.535245419,0.199203759,0.068380855,0.019093243,4,State,All,Education,state,99,Tamil Nadu,NA,Secondary,NA,NA,NA,NA
2930,1,0.079507291,0.425695926,0.396726012,0.098070763,0,4,State,All,Education,state,99,Tamil Nadu,NA,Higher,NA,NA,NA,NA
2931,1,0.130777672,0.690448642,0.178773671,0,0,4,State,All,Education,state,99,Tamil Nadu,NA,NA,NA,NA,NA,NA
2932,1,0.381331474,0.455949664,0.143001959,0.018889634,0.000827275,4,State,All,Education,state,99,Telangana,NA,No education / Preschool,NA,NA,NA,NA
2933,1,0.236571431,0.454318613,0.252376646,0.052579004,0.004154301,4,State,All,Education,state,99,Telangana,NA,Primary,NA,NA,NA,NA
2934,1,0.203824684,0.442096204,0.276053309,0.07336174,0.004664068,4,State,All,Education,state,99,Telangana,NA,Secondary,NA,NA,NA,NA
2935,1,0.051795028,0.285851091,0.409162492,0.253191411,0,4,State,All,Education,state,99,Telangana,NA,Higher,NA,NA,NA,NA
2936,1,0,0.546631217,0.453368783,0,0,4,State,All,Education,state,99,Telangana,NA,NA,NA,NA,NA,NA
2937,1,0.567452431,0.395962894,0.032970715,0.00361395,0,4,State,All,Education,state,99,Tripura,NA,No education / Preschool,NA,NA,NA,NA
2938,1,0.350309998,0.59101516,0.057513472,0.001161408,0,4,State,All,Education,state,99,Tripura,NA,Primary,NA,NA,NA,NA
2939,1,0.285597086,0.662345946,0.052056968,0,0,4,State,All,Education,state,99,Tripura,NA,Secondary,NA,NA,NA,NA
2940,1,0,0.494734943,0.505265057,0,0,4,State,All,Education,state,99,Tripura,NA,Higher,NA,NA,NA,NA
2941,1,0.641807914,0.243230209,0.083145432,0.027288988,0.004527456,4,State,All,Education,state,99,Uttar Pradesh,NA,No education / Preschool,NA,NA,NA,NA
2942,1,0.557774246,0.286351144,0.10859552,0.04011704,0.00716206,4,State,All,Education,state,99,Uttar Pradesh,NA,Primary,NA,NA,NA,NA
2943,1,0.450900227,0.367138952,0.131335184,0.041968904,0.00865672,4,State,All,Education,state,99,Uttar Pradesh,NA,Secondary,NA,NA,NA,NA
2944,1,0.246988252,0.43360284,0.204224974,0.060360789,0.054823156,4,State,All,Education,state,99,Uttar Pradesh,NA,Higher,NA,NA,NA,NA
2945,1,0.518951416,0.322475463,0.078134552,0.043138783,0.037299786,4,State,All,Education,state,99,Uttar Pradesh,NA,NA,NA,NA,NA,NA
2946,1,0.296510577,0.427553982,0.207566813,0.058032416,0.010336221,4,State,All,Education,state,99,Uttarakhand,NA,No education / Preschool,NA,NA,NA,NA
2947,1,0.196404472,0.469171077,0.249134064,0.067883156,0.017407235,4,State,All,Education,state,99,Uttarakhand,NA,Primary,NA,NA,NA,NA
2948,1,0.119542733,0.569064856,0.262085497,0.041056782,0.008250106,4,State,All,Education,state,99,Uttarakhand,NA,Secondary,NA,NA,NA,NA
2949,1,0.037237018,0.230826214,0.465792447,0.266144335,0,4,State,All,Education,state,99,Uttarakhand,NA,Higher,NA,NA,NA,NA
2950,1,0.165733203,0.635349452,0.198917344,0,0,4,State,All,Education,state,99,Uttarakhand,NA,NA,NA,NA,NA,NA
2951,1,0.696358979,0.272200584,0.029189922,0.00225052,0,4,State,All,Education,state,99,West Bengal,NA,No education / Preschool,NA,NA,NA,NA
2952,1,0.503607035,0.422993124,0.067945696,0.005454175,0,4,State,All,Education,state,99,West Bengal,NA,Primary,NA,NA,NA,NA
2953,1,0.44958061,0.431036085,0.115627058,0.002364705,0.001391527,4,State,All,Education,state,99,West Bengal,NA,Secondary,NA,NA,NA,NA
2954,1,0.20134905,0.557610571,0.20719482,0.033845533,0,4,State,All,Education,state,99,West Bengal,NA,Higher,NA,NA,NA,NA
2955,1,0.331165135,0.668834865,0,0,0,4,State,All,Education,state,99,West Bengal,NA,NA,NA,NA,NA,NA
2956,1,0.546640813,0.224094883,0.192379862,0.014784465,0.022099989,4,State,urban/rural,Education,statesector,0,Andaman & Nicobar Islands,NA,No education / Preschool,NA,NA,NA,NA
2957,1,0.273886561,0.520286143,0.190914035,0.014913276,0,4,State,urban/rural,Education,statesector,0,Andaman & Nicobar Islands,NA,Primary,NA,NA,NA,NA
2958,1,0.485733032,0.266740024,0.214667842,0.032859091,0,4,State,urban/rural,Education,statesector,0,Andaman & Nicobar Islands,NA,Secondary,NA,NA,NA,NA
2959,1,0,0,0,1,0,4,State,urban/rural,Education,statesector,0,Andaman & Nicobar Islands,NA,Higher,NA,NA,NA,NA
2960,1,0,1,0,0,0,4,State,urban/rural,Education,statesector,0,Andaman & Nicobar Islands,NA,NA,NA,NA,NA,NA
2961,1,0,0,1,0,0,4,State,urban/rural,Education,statesector,1,Andaman & Nicobar Islands,NA,No education / Preschool,NA,NA,NA,NA
2962,1,0,0.496510118,0.503489852,0,0,4,State,urban/rural,Education,statesector,1,Andaman & Nicobar Islands,NA,Primary,NA,NA,NA,NA
2963,1,1,0,0,0,0,4,State,urban/rural,Education,statesector,1,Andaman & Nicobar Islands,NA,Secondary,NA,NA,NA,NA
2964,1,0.317935914,0.473693937,0.194201082,0.014169074,0,4,State,urban/rural,Education,statesector,0,Andhra Pradesh,NA,No education / Preschool,NA,NA,NA,NA
2965,1,0.193986833,0.415790677,0.353726089,0.036496382,0,4,State,urban/rural,Education,statesector,0,Andhra Pradesh,NA,Primary,NA,NA,NA,NA
2966,1,0.189465985,0.411577374,0.358557999,0.040398635,0,4,State,urban/rural,Education,statesector,0,Andhra Pradesh,NA,Secondary,NA,NA,NA,NA
2967,1,0.120428324,0.30297038,0.332196832,0.244404465,0,4,State,urban/rural,Education,statesector,0,Andhra Pradesh,NA,Higher,NA,NA,NA,NA
2968,1,NA,NA,NA,NA,NA,4,State,urban/rural,Education,statesector,0,Andhra Pradesh,NA,NA,NA,NA,NA,NA
2969,1,0.150996894,0.453455985,0.236233965,0.151020482,0.008292672,4,State,urban/rural,Education,statesector,1,Andhra Pradesh,NA,No education / Preschool,NA,NA,NA,NA
2970,1,0.041931394,0.302838713,0.476263344,0.149913505,0.029053053,4,State,urban/rural,Education,statesector,1,Andhra Pradesh,NA,Primary,NA,NA,NA,NA
2971,1,0.177333876,0.185057715,0.464327395,0.173281029,0,4,State,urban/rural,Education,statesector,1,Andhra Pradesh,NA,Secondary,NA,NA,NA,NA
2972,1,0,0,0.601199806,0.398800194,0,4,State,urban/rural,Education,statesector,1,Andhra Pradesh,NA,Higher,NA,NA,NA,NA
2973,1,0.641286552,0.291389436,0.055601511,0.009207072,0.002515442,4,State,urban/rural,Education,statesector,0,Arunachal Pradesh,NA,No education / Preschool,NA,NA,NA,NA
2974,1,0.528977811,0.379116833,0.078593619,0.012351201,0.000960511,4,State,urban/rural,Education,statesector,0,Arunachal Pradesh,NA,Primary,NA,NA,NA,NA
2975,1,0.434884757,0.42279017,0.121534519,0.012368364,0.008422185,4,State,urban/rural,Education,statesector,0,Arunachal Pradesh,NA,Secondary,NA,NA,NA,NA
2976,1,0.070897304,0.272895902,0.563367724,0,0.092839092,4,State,urban/rural,Education,statesector,0,Arunachal Pradesh,NA,Higher,NA,NA,NA,NA
2977,1,0.123151109,0.54564625,0.331202656,0,0,4,State,urban/rural,Education,statesector,0,Arunachal Pradesh,NA,NA,NA,NA,NA,NA
2978,1,0.383785546,0.404745936,0.142432258,0.056449406,0.012586864,4,State,urban/rural,Education,statesector,1,Arunachal Pradesh,NA,No education / Preschool,NA,NA,NA,NA
2979,1,0.215911701,0.438055009,0.297286004,0.048747282,0,4,State,urban/rural,Education,statesector,1,Arunachal Pradesh,NA,Primary,NA,NA,NA,NA
2980,1,0,0.397320539,0.387478977,0.080915578,0.134284914,4,State,urban/rural,Education,statesector,1,Arunachal Pradesh,NA,Secondary,NA,NA,NA,NA
2981,1,0,0.010746755,0.338897198,0.334206998,0.316149026,4,State,urban/rural,Education,statesector,1,Arunachal Pradesh,NA,Higher,NA,NA,NA,NA
2982,1,0,0,0,1,0,4,State,urban/rural,Education,statesector,1,Arunachal Pradesh,NA,NA,NA,NA,NA,NA
2983,1,0.630943716,0.346107662,0.021603782,0.001344841,0,4,State,urban/rural,Education,statesector,0,Assam,NA,No education / Preschool,NA,NA,NA,NA
2984,1,0.492825538,0.462754399,0.043842223,0.000577834,0,4,State,urban/rural,Education,statesector,0,Assam,NA,Primary,NA,NA,NA,NA
2985,1,0.334051162,0.555073917,0.103650026,0.005546641,0.001678217,4,State,urban/rural,Education,statesector,0,Assam,NA,Secondary,NA,NA,NA,NA
2986,1,0.079046406,0.776863098,0.144090518,0,0,4,State,urban/rural,Education,statesector,0,Assam,NA,Higher,NA,NA,NA,NA
2987,1,0.885502517,0.114497513,0,0,0,4,State,urban/rural,Education,statesector,0,Assam,NA,NA,NA,NA,NA,NA
2988,1,0.384431392,0.468266279,0.130142972,0.017159363,0,4,State,urban/rural,Education,statesector,1,Assam,NA,No education / Preschool,NA,NA,NA,NA
2989,1,0.299705893,0.427099764,0.200483009,0.072711349,0,4,State,urban/rural,Education,statesector,1,Assam,NA,Primary,NA,NA,NA,NA
2990,1,0.25097394,0.402974665,0.230876058,0.083522804,0.031652514,4,State,urban/rural,Education,statesector,1,Assam,NA,Secondary,NA,NA,NA,NA
2991,1,0,0.021884806,0.978115201,0,0,4,State,urban/rural,Education,statesector,1,Assam,NA,Higher,NA,NA,NA,NA
2992,1,0.843716443,0.142030016,0.013043052,0.00093687,0.000273619,4,State,urban/rural,Education,statesector,0,Bihar,NA,No education / Preschool,NA,NA,NA,NA
2993,1,0.767501533,0.209707662,0.018745722,0.004045076,0,4,State,urban/rural,Education,statesector,0,Bihar,NA,Primary,NA,NA,NA,NA
2994,1,0.616117537,0.321353406,0.053125966,0.009299072,0.000104005,4,State,urban/rural,Education,statesector,0,Bihar,NA,Secondary,NA,NA,NA,NA
2995,1,0.376774937,0.484202802,0.107291736,0.029396599,0.002333957,4,State,urban/rural,Education,statesector,0,Bihar,NA,Higher,NA,NA,NA,NA
2996,1,0.873973072,0.126026914,0,0,0,4,State,urban/rural,Education,statesector,0,Bihar,NA,NA,NA,NA,NA,NA
2997,1,0.605296493,0.268157601,0.105494902,0.021050964,0,4,State,urban/rural,Education,statesector,1,Bihar,NA,No education / Preschool,NA,NA,NA,NA
2998,1,0.465557188,0.311351418,0.146663159,0.072316438,0.004111797,4,State,urban/rural,Education,statesector,1,Bihar,NA,Primary,NA,NA,NA,NA
2999,1,0.408155054,0.334276766,0.147134304,0.076726705,0.033707168,4,State,urban/rural,Education,statesector,1,Bihar,NA,Secondary,NA,NA,NA,NA
3000,1,0.099737972,0.690453351,0.209808707,0,0,4,State,urban/rural,Education,statesector,1,Bihar,NA,Higher,NA,NA,NA,NA
3001,1,1,0,0,0,0,4,State,urban/rural,Education,statesector,1,Bihar,NA,NA,NA,NA,NA,NA
3002,1,0.200000003,0.200000003,0.400000006,0.200000003,0,4,State,urban/rural,Education,statesector,0,Chandigarh,NA,No education / Preschool,NA,NA,NA,NA
3003,1,0,1,0,0,0,4,State,urban/rural,Education,statesector,0,Chandigarh,NA,Primary,NA,NA,NA,NA
3004,1,0.218144283,0.112749517,0.274414033,0.298762202,0.09592998,4,State,urban/rural,Education,statesector,1,Chandigarh,NA,No education / Preschool,NA,NA,NA,NA
3005,1,0.25420931,0.248542368,0.293535143,0.203713149,0,4,State,urban/rural,Education,statesector,1,Chandigarh,NA,Primary,NA,NA,NA,NA
3006,1,0.210483655,0.446243286,0.120087743,0.223185316,0,4,State,urban/rural,Education,statesector,1,Chandigarh,NA,Secondary,NA,NA,NA,NA
3007,1,0.774238288,0.19457972,0.027180564,0.003648793,0.000352632,4,State,urban/rural,Education,statesector,0,Chhattisgarh,NA,No education / Preschool,NA,NA,NA,NA
3008,1,0.616961002,0.3126688,0.063187636,0.00718258,0,4,State,urban/rural,Education,statesector,0,Chhattisgarh,NA,Primary,NA,NA,NA,NA
3009,1,0.47380352,0.384890169,0.121229619,0.017285241,0.002791458,4,State,urban/rural,Education,statesector,0,Chhattisgarh,NA,Secondary,NA,NA,NA,NA
3010,1,0.195709661,0.393023282,0.210112959,0.178642452,0.022511629,4,State,urban/rural,Education,statesector,0,Chhattisgarh,NA,Higher,NA,NA,NA,NA
3011,1,0.512783825,0.396971226,0.090244941,0,0,4,State,urban/rural,Education,statesector,0,Chhattisgarh,NA,NA,NA,NA,NA,NA
3012,1,0.497268796,0.322186351,0.135567963,0.038651995,0.006324913,4,State,urban/rural,Education,statesector,1,Chhattisgarh,NA,No education / Preschool,NA,NA,NA,NA
3013,1,0.23989889,0.397646993,0.224753469,0.094459005,0.043241661,4,State,urban/rural,Education,statesector,1,Chhattisgarh,NA,Primary,NA,NA,NA,NA
3014,1,0.185597941,0.370645225,0.240202263,0.124819279,0.078735314,4,State,urban/rural,Education,statesector,1,Chhattisgarh,NA,Secondary,NA,NA,NA,NA
3015,1,0,0.252325565,0.163814321,0.412217289,0.171642825,4,State,urban/rural,Education,statesector,1,Chhattisgarh,NA,Higher,NA,NA,NA,NA
3016,1,0.644336879,0.297799438,0.048162747,0.009700955,0,4,State,urban/rural,Education,statesector,0,Dadra & Nagar Haveli,NA,No education / Preschool,NA,NA,NA,NA
3017,1,0.561444044,0.34835875,0.069647886,0.020549325,0,4,State,urban/rural,Education,statesector,0,Dadra & Nagar Haveli,NA,Primary,NA,NA,NA,NA
3018,1,0.313018978,0.561342835,0.125638157,0,0,4,State,urban/rural,Education,statesector,0,Dadra & Nagar Haveli,NA,Secondary,NA,NA,NA,NA
3019,1,0,0,0.522363603,0.477636397,0,4,State,urban/rural,Education,statesector,0,Dadra & Nagar Haveli,NA,Higher,NA,NA,NA,NA
3020,1,0.670387924,0.329612076,0,0,0,4,State,urban/rural,Education,statesector,0,Dadra & Nagar Haveli,NA,NA,NA,NA,NA,NA
3021,1,0.257977068,0.257977068,0.36612615,0.117919736,0,4,State,urban/rural,Education,statesector,1,Dadra & Nagar Haveli,NA,No education / Preschool,NA,NA,NA,NA
3022,1,0,0,0.705800116,0.294199914,0,4,State,urban/rural,Education,statesector,1,Dadra & Nagar Haveli,NA,Primary,NA,NA,NA,NA
3023,1,0,0.371723771,0.350692362,0.277583867,0,4,State,urban/rural,Education,statesector,1,Dadra & Nagar Haveli,NA,Secondary,NA,NA,NA,NA
3024,1,0,1,0,0,0,4,State,urban/rural,Education,statesector,1,Dadra & Nagar Haveli,NA,Higher,NA,NA,NA,NA
3025,1,0.014955782,0.632359624,0.268550634,0.084133923,0,4,State,urban/rural,Education,statesector,0,Daman & Diu,NA,No education / Preschool,NA,NA,NA,NA
3026,1,0,0.35625419,0.503765285,0,0.13998051,4,State,urban/rural,Education,statesector,0,Daman & Diu,NA,Primary,NA,NA,NA,NA
3027,1,0,1,0,0,0,4,State,urban/rural,Education,statesector,0,Daman & Diu,NA,Secondary,NA,NA,NA,NA
3028,1,0,0.618444383,0.205390081,0.176165506,0,4,State,urban/rural,Education,statesector,1,Daman & Diu,NA,No education / Preschool,NA,NA,NA,NA
3029,1,0,0.460018426,0.359216928,0.053532321,0.127232343,4,State,urban/rural,Education,statesector,1,Daman & Diu,NA,Primary,NA,NA,NA,NA
3030,1,0.089130491,0.315471262,0.490485668,0,0.104912609,4,State,urban/rural,Education,statesector,1,Daman & Diu,NA,Secondary,NA,NA,NA,NA
3031,1,0,1,0,0,0,4,State,urban/rural,Education,statesector,1,Daman & Diu,NA,Higher,NA,NA,NA,NA
3032,1,0,1,0,0,0,4,State,urban/rural,Education,statesector,0,Delhi,NA,No education / Preschool,NA,NA,NA,NA
3033,1,0,1,0,0,0,4,State,urban/rural,Education,statesector,0,Delhi,NA,Secondary,NA,NA,NA,NA
3034,1,0.078033872,0.135671839,0.467921317,0.266571492,0.051801477,4,State,urban/rural,Education,statesector,1,Delhi,NA,No education / Preschool,NA,NA,NA,NA
3035,1,0.071317762,0.124405138,0.478572577,0.218787432,0.106917076,4,State,urban/rural,Education,statesector,1,Delhi,NA,Primary,NA,NA,NA,NA
3036,1,0.004121829,0.207640767,0.360566288,0.221027941,0.206643194,4,State,urban/rural,Education,statesector,1,Delhi,NA,Secondary,NA,NA,NA,NA
3037,1,0,0.022640226,0.308061957,0,0.669297814,4,State,urban/rural,Education,statesector,1,Delhi,NA,Higher,NA,NA,NA,NA
3038,1,0,0,0,0,1,4,State,urban/rural,Education,statesector,1,Delhi,NA,NA,NA,NA,NA,NA
3039,1,0.052740678,0.636018336,0.283489376,0.027751619,0,4,State,urban/rural,Education,statesector,0,Goa,NA,No education / Preschool,NA,NA,NA,NA
3040,1,0,0.556071758,0.313555926,0.099396892,0.030975403,4,State,urban/rural,Education,statesector,0,Goa,NA,Primary,NA,NA,NA,NA
3041,1,0,0.76439482,0.235605195,0,0,4,State,urban/rural,Education,statesector,0,Goa,NA,Secondary,NA,NA,NA,NA
3042,1,0,0.432316899,0.324769676,0.190563351,0.052350059,4,State,urban/rural,Education,statesector,1,Goa,NA,No education / Preschool,NA,NA,NA,NA
3043,1,0,0.204280525,0.380750179,0.414969295,0,4,State,urban/rural,Education,statesector,1,Goa,NA,Primary,NA,NA,NA,NA
3044,1,0,0,1,0,0,4,State,urban/rural,Education,statesector,1,Goa,NA,Secondary,NA,NA,NA,NA
3045,1,0,1,0,0,0,4,State,urban/rural,Education,statesector,1,Goa,NA,Higher,NA,NA,NA,NA
3046,1,0.456323504,0.429703802,0.103578977,0.009859943,0.000533764,4,State,urban/rural,Education,statesector,0,Gujarat,NA,No education / Preschool,NA,NA,NA,NA
3047,1,0.339233935,0.477817148,0.157781512,0.023495557,0.001671828,4,State,urban/rural,Education,statesector,0,Gujarat,NA,Primary,NA,NA,NA,NA
3048,1,0.273619235,0.498711437,0.187602937,0.036125507,0.003940891,4,State,urban/rural,Education,statesector,0,Gujarat,NA,Secondary,NA,NA,NA,NA
3049,1,0.246787488,0.623895645,0.097720616,0.031596273,0,4,State,urban/rural,Education,statesector,0,Gujarat,NA,Higher,NA,NA,NA,NA
3050,1,0.241092145,0.578155339,0.180752531,0,0,4,State,urban/rural,Education,statesector,0,Gujarat,NA,NA,NA,NA,NA,NA
3051,1,0.264946371,0.355288208,0.238025784,0.114979886,0.026759746,4,State,urban/rural,Education,statesector,1,Gujarat,NA,No education / Preschool,NA,NA,NA,NA
3052,1,0.104247749,0.301137775,0.407637537,0.157911703,0.029065246,4,State,urban/rural,Education,statesector,1,Gujarat,NA,Primary,NA,NA,NA,NA
3053,1,0.109930836,0.260114491,0.263947695,0.157302216,0.20870477,4,State,urban/rural,Education,statesector,1,Gujarat,NA,Secondary,NA,NA,NA,NA
3054,1,0,0,0.124778226,0.41654253,0.458679229,4,State,urban/rural,Education,statesector,1,Gujarat,NA,Higher,NA,NA,NA,NA
3055,1,0.074511245,0,0.92548877,0,0,4,State,urban/rural,Education,statesector,1,Gujarat,NA,NA,NA,NA,NA,NA
3056,1,0.199935794,0.375835389,0.289709985,0.102081724,0.032437108,4,State,urban/rural,Education,statesector,0,Haryana,NA,No education / Preschool,NA,NA,NA,NA
3057,1,0.14607954,0.36258322,0.360839427,0.127024442,0.003473378,4,State,urban/rural,Education,statesector,0,Haryana,NA,Primary,NA,NA,NA,NA
3058,1,0.082141735,0.330192178,0.339740366,0.172654554,0.075271167,4,State,urban/rural,Education,statesector,0,Haryana,NA,Secondary,NA,NA,NA,NA
3059,1,0,0.074050955,0.537636459,0.094807386,0.293505192,4,State,urban/rural,Education,statesector,0,Haryana,NA,Higher,NA,NA,NA,NA
3060,1,0,0,1,0,0,4,State,urban/rural,Education,statesector,0,Haryana,NA,NA,NA,NA,NA,NA
3061,1,0.113325663,0.326652616,0.303105891,0.199689329,0.057226501,4,State,urban/rural,Education,statesector,1,Haryana,NA,No education / Preschool,NA,NA,NA,NA
3062,1,0.079459429,0.329786301,0.22209172,0.271184355,0.097478189,4,State,urban/rural,Education,statesector,1,Haryana,NA,Primary,NA,NA,NA,NA
3063,1,0.033756092,0.186283827,0.186267376,0.385075837,0.208616868,4,State,urban/rural,Education,statesector,1,Haryana,NA,Secondary,NA,NA,NA,NA
3064,1,0,0.019267967,0.269859612,0.299500167,0.411372274,4,State,urban/rural,Education,statesector,1,Haryana,NA,Higher,NA,NA,NA,NA
3065,1,0.217200771,0.470090926,0.263297558,0.046745025,0.002665709,4,State,urban/rural,Education,statesector,0,Himachal Pradesh,NA,No education / Preschool,NA,NA,NA,NA
3066,1,0.112151749,0.468720794,0.313199878,0.094033346,0.01189421,4,State,urban/rural,Education,statesector,0,Himachal Pradesh,NA,Primary,NA,NA,NA,NA
3067,1,0.053484201,0.338410199,0.472824067,0.102166496,0.033115048,4,State,urban/rural,Education,statesector,0,Himachal Pradesh,NA,Secondary,NA,NA,NA,NA
3068,1,0,0.374385148,0.300801158,0.324813694,0,4,State,urban/rural,Education,statesector,0,Himachal Pradesh,NA,Higher,NA,NA,NA,NA
3069,1,0,1,0,0,0,4,State,urban/rural,Education,statesector,0,Himachal Pradesh,NA,NA,NA,NA,NA,NA
3070,1,0,0.823229671,0.064154841,0.112615474,0,4,State,urban/rural,Education,statesector,1,Himachal Pradesh,NA,No education / Preschool,NA,NA,NA,NA
3071,1,0,1,0,0,0,4,State,urban/rural,Education,statesector,1,Himachal Pradesh,NA,Primary,NA,NA,NA,NA
3072,1,0.179044977,0,0.279570878,0.541384101,0,4,State,urban/rural,Education,statesector,1,Himachal Pradesh,NA,Secondary,NA,NA,NA,NA
3073,1,0.400409639,0.467700481,0.111080065,0.019825604,0.000984191,4,State,urban/rural,Education,statesector,0,Jammu & Kashmir,NA,No education / Preschool,NA,NA,NA,NA
3074,1,0.287823319,0.536027789,0.136825874,0.03115092,0.008172101,4,State,urban/rural,Education,statesector,0,Jammu & Kashmir,NA,Primary,NA,NA,NA,NA
3075,1,0.213674977,0.518444955,0.205396265,0.058288444,0.004195386,4,State,urban/rural,Education,statesector,0,Jammu & Kashmir,NA,Secondary,NA,NA,NA,NA
3076,1,0.134355545,0.411351025,0.284819096,0.169474348,0,4,State,urban/rural,Education,statesector,0,Jammu & Kashmir,NA,Higher,NA,NA,NA,NA
3077,1,0.596781433,0,0.403218597,0,0,4,State,urban/rural,Education,statesector,0,Jammu & Kashmir,NA,NA,NA,NA,NA,NA
3078,1,0.198257789,0.29755795,0.218042418,0.22435993,0.061781909,4,State,urban/rural,Education,statesector,1,Jammu & Kashmir,NA,No education / Preschool,NA,NA,NA,NA
3079,1,0.127370045,0.53813535,0.145328835,0.189165801,0,4,State,urban/rural,Education,statesector,1,Jammu & Kashmir,NA,Primary,NA,NA,NA,NA
3080,1,0.392858952,0.198209822,0.159446687,0.227508023,0.021976516,4,State,urban/rural,Education,statesector,1,Jammu & Kashmir,NA,Secondary,NA,NA,NA,NA
3081,1,0,0,1,0,0,4,State,urban/rural,Education,statesector,1,Jammu & Kashmir,NA,Higher,NA,NA,NA,NA
3082,1,0,1,0,0,0,4,State,urban/rural,Education,statesector,1,Jammu & Kashmir,NA,NA,NA,NA,NA,NA
3083,1,0.852800369,0.124861628,0.020139156,0.001833581,0.000365237,4,State,urban/rural,Education,statesector,0,Jharkhand,NA,No education / Preschool,NA,NA,NA,NA
3084,1,0.764440298,0.191675618,0.038665824,0.005218281,0,4,State,urban/rural,Education,statesector,0,Jharkhand,NA,Primary,NA,NA,NA,NA
3085,1,0.657966673,0.280908823,0.057590555,0.003353556,0.00018037,4,State,urban/rural,Education,statesector,0,Jharkhand,NA,Secondary,NA,NA,NA,NA
3086,1,0.417049646,0.409716368,0.124396659,0.026926117,0.0219112,4,State,urban/rural,Education,statesector,0,Jharkhand,NA,Higher,NA,NA,NA,NA
3087,1,0.645462275,0.322466105,0,0.03207159,0,4,State,urban/rural,Education,statesector,0,Jharkhand,NA,NA,NA,NA,NA,NA
3088,1,0.44419089,0.342389613,0.172691852,0.037527062,0.003200586,4,State,urban/rural,Education,statesector,1,Jharkhand,NA,No education / Preschool,NA,NA,NA,NA
3089,1,0.30384779,0.406273514,0.21732831,0.05127766,0.021272736,4,State,urban/rural,Education,statesector,1,Jharkhand,NA,Primary,NA,NA,NA,NA
3090,1,0.227527812,0.406449854,0.291967332,0.071399942,0.002655054,4,State,urban/rural,Education,statesector,1,Jharkhand,NA,Secondary,NA,NA,NA,NA
3091,1,0,0.344767988,0.38494122,0.075113945,0.19517684,4,State,urban/rural,Education,statesector,1,Jharkhand,NA,Higher,NA,NA,NA,NA
3092,1,0.422695935,0.276887596,0.30041647,0,0,4,State,urban/rural,Education,statesector,1,Jharkhand,NA,NA,NA,NA,NA,NA
3093,1,0.381674737,0.491799235,0.117550194,0.008975834,0,4,State,urban/rural,Education,statesector,0,Karnataka,NA,No education / Preschool,NA,NA,NA,NA
3094,1,0.245329782,0.49949187,0.23974289,0.014005914,0.001429535,4,State,urban/rural,Education,statesector,0,Karnataka,NA,Primary,NA,NA,NA,NA
3095,1,0.159833163,0.526104569,0.26273784,0.043704256,0.007620132,4,State,urban/rural,Education,statesector,0,Karnataka,NA,Secondary,NA,NA,NA,NA
3096,1,0.077583425,0.349128634,0.489987731,0.083300218,0,4,State,urban/rural,Education,statesector,0,Karnataka,NA,Higher,NA,NA,NA,NA
3097,1,0.289015889,0.267420918,0.443563193,0,0,4,State,urban/rural,Education,statesector,0,Karnataka,NA,NA,NA,NA,NA,NA
3098,1,0.275965422,0.367186308,0.263771415,0.084536664,0.008540194,4,State,urban/rural,Education,statesector,1,Karnataka,NA,No education / Preschool,NA,NA,NA,NA
3099,1,0.122235648,0.383523077,0.250784665,0.2044065,0.039050102,4,State,urban/rural,Education,statesector,1,Karnataka,NA,Primary,NA,NA,NA,NA
3100,1,0.124742784,0.336200833,0.372048199,0.089386426,0.07762178,4,State,urban/rural,Education,statesector,1,Karnataka,NA,Secondary,NA,NA,NA,NA
3101,1,0.102198385,0.064250685,0.053279184,0.693828702,0.086443044,4,State,urban/rural,Education,statesector,1,Karnataka,NA,Higher,NA,NA,NA,NA
3102,1,0,0.476819992,0.523180008,0,0,4,State,urban/rural,Education,statesector,1,Karnataka,NA,NA,NA,NA,NA,NA
3103,1,0.442233264,0.47799024,0.079776496,0,0,4,State,urban/rural,Education,statesector,0,Kerala,NA,No education / Preschool,NA,NA,NA,NA
3104,1,0.214986384,0.493492782,0.160136938,0.02962165,0.101762258,4,State,urban/rural,Education,statesector,0,Kerala,NA,Primary,NA,NA,NA,NA
3105,1,0.222886816,0.281658322,0.373592526,0,0.12186233,4,State,urban/rural,Education,statesector,0,Kerala,NA,Secondary,NA,NA,NA,NA
3106,1,NA,NA,NA,NA,NA,4,State,urban/rural,Education,statesector,0,Kerala,NA,NA,NA,NA,NA,NA
3107,1,0.403885394,0.596114635,0,0,0,4,State,urban/rural,Education,statesector,1,Kerala,NA,No education / Preschool,NA,NA,NA,NA
3108,1,0,0.383094519,0.354917109,0.181076765,0.080911636,4,State,urban/rural,Education,statesector,1,Kerala,NA,Primary,NA,NA,NA,NA
3109,1,0,0.244228616,0.427534461,0.107952751,0.220284179,4,State,urban/rural,Education,statesector,1,Kerala,NA,Secondary,NA,NA,NA,NA
3110,1,0,0,0,1,0,4,State,urban/rural,Education,statesector,0,Lakshadweep,NA,Primary,NA,NA,NA,NA
3111,1,0,0,0,1,0,4,State,urban/rural,Education,statesector,0,Lakshadweep,NA,Secondary,NA,NA,NA,NA
3112,1,0,0,0,0,1,4,State,urban/rural,Education,statesector,1,Lakshadweep,NA,Primary,NA,NA,NA,NA
3113,1,0.196628109,0,0.203377321,0.196628109,0.403366446,4,State,urban/rural,Education,statesector,1,Lakshadweep,NA,Secondary,NA,NA,NA,NA
3114,1,0.732179403,0.220026106,0.041376196,0.006210675,0.000207609,4,State,urban/rural,Education,statesector,0,Madhya Pradesh,NA,No education / Preschool,NA,NA,NA,NA
3115,1,0.586593091,0.304272443,0.089344159,0.018295903,0.001494376,4,State,urban/rural,Education,statesector,0,Madhya Pradesh,NA,Primary,NA,NA,NA,NA
3116,1,0.45798856,0.374895275,0.137629271,0.026699226,0.00278766,4,State,urban/rural,Education,statesector,0,Madhya Pradesh,NA,Secondary,NA,NA,NA,NA
3117,1,0.203722775,0.471249521,0.248107955,0.067630142,0.00928961,4,State,urban/rural,Education,statesector,0,Madhya Pradesh,NA,Higher,NA,NA,NA,NA
3118,1,0.53232944,0.322031707,0.09939111,0.028860688,0.017387083,4,State,urban/rural,Education,statesector,0,Madhya Pradesh,NA,NA,NA,NA,NA,NA
3119,1,0.375416189,0.338134736,0.192628056,0.08375854,0.010062466,4,State,urban/rural,Education,statesector,1,Madhya Pradesh,NA,No education / Preschool,NA,NA,NA,NA
3120,1,0.300605118,0.332409441,0.214204639,0.111296356,0.041484457,4,State,urban/rural,Education,statesector,1,Madhya Pradesh,NA,Primary,NA,NA,NA,NA
3121,1,0.195366532,0.377804786,0.202241376,0.15585649,0.068730816,4,State,urban/rural,Education,statesector,1,Madhya Pradesh,NA,Secondary,NA,NA,NA,NA
3122,1,0.095789313,0.36102289,0.160942584,0.052687325,0.329557896,4,State,urban/rural,Education,statesector,1,Madhya Pradesh,NA,Higher,NA,NA,NA,NA
3123,1,0.354940563,0.388576061,0.231495842,0.024987537,0,4,State,urban/rural,Education,statesector,1,Madhya Pradesh,NA,NA,NA,NA,NA,NA
3124,1,0.598547399,0.326193482,0.064299241,0.010080826,0.000879077,4,State,urban/rural,Education,statesector,0,Maharashtra,NA,No education / Preschool,NA,NA,NA,NA
3125,1,0.412013352,0.431303382,0.136493266,0.018422214,0.001767779,4,State,urban/rural,Education,statesector,0,Maharashtra,NA,Primary,NA,NA,NA,NA
3126,1,0.276046544,0.464410037,0.211034134,0.04064694,0.007862332,4,State,urban/rural,Education,statesector,0,Maharashtra,NA,Secondary,NA,NA,NA,NA
3127,1,0.189483598,0.456554025,0.2660487,0.078191012,0.009722668,4,State,urban/rural,Education,statesector,0,Maharashtra,NA,Higher,NA,NA,NA,NA
3128,1,0.232311234,0.767688751,0,0,0,4,State,urban/rural,Education,statesector,0,Maharashtra,NA,NA,NA,NA,NA,NA
3129,1,0.315009385,0.35067597,0.242075115,0.084379293,0.007860247,4,State,urban/rural,Education,statesector,1,Maharashtra,NA,No education / Preschool,NA,NA,NA,NA
3130,1,0.134930059,0.420963287,0.242705703,0.163608521,0.037792407,4,State,urban/rural,Education,statesector,1,Maharashtra,NA,Primary,NA,NA,NA,NA
3131,1,0.082303353,0.371668369,0.292361885,0.148642674,0.105023719,4,State,urban/rural,Education,statesector,1,Maharashtra,NA,Secondary,NA,NA,NA,NA
3132,1,0,0.107371308,0.057704341,0.050161108,0.784763217,4,State,urban/rural,Education,statesector,1,Maharashtra,NA,Higher,NA,NA,NA,NA
3133,1,NA,NA,NA,NA,NA,4,State,urban/rural,Education,statesector,1,Maharashtra,NA,NA,NA,NA,NA,NA
3134,1,0.460066229,0.442725271,0.084886223,0.012322282,0,4,State,urban/rural,Education,statesector,0,Manipur,NA,No education / Preschool,NA,NA,NA,NA
3135,1,0.33706829,0.544273853,0.102364779,0.012897794,0.003395269,4,State,urban/rural,Education,statesector,0,Manipur,NA,Primary,NA,NA,NA,NA
3136,1,0.192173034,0.533286691,0.219001904,0.05280802,0.002730345,4,State,urban/rural,Education,statesector,0,Manipur,NA,Secondary,NA,NA,NA,NA
3137,1,0.050355185,0.382321626,0.48046273,0.086860463,0,4,State,urban/rural,Education,statesector,0,Manipur,NA,Higher,NA,NA,NA,NA
3138,1,0,1,0,0,0,4,State,urban/rural,Education,statesector,0,Manipur,NA,NA,NA,NA,NA,NA
3139,1,0.367198139,0.417290539,0.20247218,0.013039153,0,4,State,urban/rural,Education,statesector,1,Manipur,NA,No education / Preschool,NA,NA,NA,NA
3140,1,0.345925152,0.481606036,0.145137832,0.027330995,0,4,State,urban/rural,Education,statesector,1,Manipur,NA,Primary,NA,NA,NA,NA
3141,1,0.163562536,0.366131485,0.394685537,0.068679966,0.006940474,4,State,urban/rural,Education,statesector,1,Manipur,NA,Secondary,NA,NA,NA,NA
3142,1,0.098152533,0.233590186,0.377193481,0.266895056,0.024168741,4,State,urban/rural,Education,statesector,1,Manipur,NA,Higher,NA,NA,NA,NA
3143,1,0.3614631,0,0.36690253,0.2716344,0,4,State,urban/rural,Education,statesector,1,Manipur,NA,NA,NA,NA,NA,NA
3144,1,0.37383604,0.519236207,0.102728166,0.003509813,0.000689762,4,State,urban/rural,Education,statesector,0,Meghalaya,NA,No education / Preschool,NA,NA,NA,NA
3145,1,0.276384145,0.593739152,0.123682357,0.006194341,0,4,State,urban/rural,Education,statesector,0,Meghalaya,NA,Primary,NA,NA,NA,NA
3146,1,0.23270224,0.568734884,0.185417935,0.013144926,0,4,State,urban/rural,Education,statesector,0,Meghalaya,NA,Secondary,NA,NA,NA,NA
3147,1,0.325865716,0.119014554,0.529423654,0.025696039,0,4,State,urban/rural,Education,statesector,0,Meghalaya,NA,Higher,NA,NA,NA,NA
3148,1,1,0,0,0,0,4,State,urban/rural,Education,statesector,0,Meghalaya,NA,NA,NA,NA,NA,NA
3149,1,0.164351106,0.544575393,0.291073501,0,0,4,State,urban/rural,Education,statesector,1,Meghalaya,NA,No education / Preschool,NA,NA,NA,NA
3150,1,0.111656196,0.467918158,0.420425653,0,0,4,State,urban/rural,Education,statesector,1,Meghalaya,NA,Primary,NA,NA,NA,NA
3151,1,0.078840233,0.450911224,0.376698434,0.093550123,0,4,State,urban/rural,Education,statesector,1,Meghalaya,NA,Secondary,NA,NA,NA,NA
3152,1,0,0,0.19977133,0.800228655,0,4,State,urban/rural,Education,statesector,1,Meghalaya,NA,Higher,NA,NA,NA,NA
3153,1,0.727936804,0.230809331,0.041253865,0,0,4,State,urban/rural,Education,statesector,0,Mizoram,NA,No education / Preschool,NA,NA,NA,NA
3154,1,0.376667053,0.440997392,0.155505449,0.026830083,0,4,State,urban/rural,Education,statesector,0,Mizoram,NA,Primary,NA,NA,NA,NA
3155,1,0.349506527,0.469677091,0.139034301,0.041246407,0.000535656,4,State,urban/rural,Education,statesector,0,Mizoram,NA,Secondary,NA,NA,NA,NA
3156,1,0,0.648853421,0,0,0.351146549,4,State,urban/rural,Education,statesector,0,Mizoram,NA,Higher,NA,NA,NA,NA
3157,1,0.510768056,0.489231974,0,0,0,4,State,urban/rural,Education,statesector,0,Mizoram,NA,NA,NA,NA,NA,NA
3158,1,0.219965801,0.388936788,0.367781937,0.023315463,0,4,State,urban/rural,Education,statesector,1,Mizoram,NA,No education / Preschool,NA,NA,NA,NA
3159,1,0.215352252,0.349775046,0.289859205,0.022629574,0.12238393,4,State,urban/rural,Education,statesector,1,Mizoram,NA,Primary,NA,NA,NA,NA
3160,1,0.082644828,0.192097619,0.27989307,0.352619588,0.092744909,4,State,urban/rural,Education,statesector,1,Mizoram,NA,Secondary,NA,NA,NA,NA
3161,1,0,0.570482075,0,0.429517925,0,4,State,urban/rural,Education,statesector,1,Mizoram,NA,NA,NA,NA,NA,NA
3162,1,0.523476064,0.434183151,0.040564306,0.001776472,0,4,State,urban/rural,Education,statesector,0,Nagaland,NA,No education / Preschool,NA,NA,NA,NA
3163,1,0.343776226,0.560332954,0.091463484,0.004427318,0,4,State,urban/rural,Education,statesector,0,Nagaland,NA,Primary,NA,NA,NA,NA
3164,1,0.227898031,0.621674478,0.14538829,0.005039226,0,4,State,urban/rural,Education,statesector,0,Nagaland,NA,Secondary,NA,NA,NA,NA
3165,1,0.031857569,0.758879662,0.167815238,0,0.041447558,4,State,urban/rural,Education,statesector,0,Nagaland,NA,Higher,NA,NA,NA,NA
3166,1,0,0.309958577,0.690041423,0,0,4,State,urban/rural,Education,statesector,0,Nagaland,NA,NA,NA,NA,NA,NA
3167,1,0.22649996,0.492658377,0.269082189,0.011759466,0,4,State,urban/rural,Education,statesector,1,Nagaland,NA,No education / Preschool,NA,NA,NA,NA
3168,1,0.195832878,0.510719478,0.274710596,0.010704369,0.008032678,4,State,urban/rural,Education,statesector,1,Nagaland,NA,Primary,NA,NA,NA,NA
3169,1,0.139541239,0.343364775,0.433732688,0.060890142,0.022471169,4,State,urban/rural,Education,statesector,1,Nagaland,NA,Secondary,NA,NA,NA,NA
3170,1,0,0,0.566203356,0.314060897,0.11973574,4,State,urban/rural,Education,statesector,1,Nagaland,NA,Higher,NA,NA,NA,NA
3171,1,0,0.709900618,0.290099412,0,0,4,State,urban/rural,Education,statesector,1,Nagaland,NA,NA,NA,NA,NA,NA
3172,1,0.820064187,0.162719056,0.015744291,0.001472435,0,4,State,urban/rural,Education,statesector,0,Odisha,NA,No education / Preschool,NA,NA,NA,NA
3173,1,0.669074059,0.282264292,0.041836169,0.006423923,0.000401559,4,State,urban/rural,Education,statesector,0,Odisha,NA,Primary,NA,NA,NA,NA
3174,1,0.567325294,0.358356804,0.069138311,0.004226479,0.000953099,4,State,urban/rural,Education,statesector,0,Odisha,NA,Secondary,NA,NA,NA,NA
3175,1,0.477475941,0.339690953,0.151268974,0.031564124,0,4,State,urban/rural,Education,statesector,0,Odisha,NA,Higher,NA,NA,NA,NA
3176,1,0.781334996,0.171066165,0.047598839,0,0,4,State,urban/rural,Education,statesector,0,Odisha,NA,NA,NA,NA,NA,NA
3177,1,0.646315098,0.275288045,0.069041595,0.009355243,0,4,State,urban/rural,Education,statesector,1,Odisha,NA,No education / Preschool,NA,NA,NA,NA
3178,1,0.52302295,0.295732856,0.153631032,0.027613159,0,4,State,urban/rural,Education,statesector,1,Odisha,NA,Primary,NA,NA,NA,NA
3179,1,0.47561574,0.351035982,0.131995827,0.041352432,0,4,State,urban/rural,Education,statesector,1,Odisha,NA,Secondary,NA,NA,NA,NA
3180,1,0.185379148,0.65755415,0,0,0.157066703,4,State,urban/rural,Education,statesector,1,Odisha,NA,Higher,NA,NA,NA,NA
3181,1,1,0,0,0,0,4,State,urban/rural,Education,statesector,1,Odisha,NA,NA,NA,NA,NA,NA
3182,1,0.470857918,0.433156222,0.095985845,0,0,4,State,urban/rural,Education,statesector,0,Puducherry,NA,No education / Preschool,NA,NA,NA,NA
3183,1,0.637279212,0.272792369,0.089928426,0,0,4,State,urban/rural,Education,statesector,0,Puducherry,NA,Primary,NA,NA,NA,NA
3184,1,0.34603256,0.585595369,0.068372048,0,0,4,State,urban/rural,Education,statesector,0,Puducherry,NA,Secondary,NA,NA,NA,NA
3185,1,0,0.516014516,0.483985484,0,0,4,State,urban/rural,Education,statesector,0,Puducherry,NA,Higher,NA,NA,NA,NA
3186,1,0.43267867,0.371687591,0.155932546,0.039701201,0,4,State,urban/rural,Education,statesector,1,Puducherry,NA,No education / Preschool,NA,NA,NA,NA
3187,1,0.310435057,0.091634035,0.446561664,0.151369244,0,4,State,urban/rural,Education,statesector,1,Puducherry,NA,Primary,NA,NA,NA,NA
3188,1,0.014722938,0.433924079,0.447572321,0.0923291,0.011451557,4,State,urban/rural,Education,statesector,1,Puducherry,NA,Secondary,NA,NA,NA,NA
3189,1,0.116833128,0.364633083,0.351792037,0.148048207,0.018693527,4,State,urban/rural,Education,statesector,0,Punjab,NA,No education / Preschool,NA,NA,NA,NA
3190,1,0.024542497,0.271356523,0.410532832,0.243414909,0.050153267,4,State,urban/rural,Education,statesector,0,Punjab,NA,Primary,NA,NA,NA,NA
3191,1,0.022832561,0.244292825,0.506869912,0.123874575,0.102130145,4,State,urban/rural,Education,statesector,0,Punjab,NA,Secondary,NA,NA,NA,NA
3192,1,0,0,1,0,0,4,State,urban/rural,Education,statesector,0,Punjab,NA,Higher,NA,NA,NA,NA
3193,1,0.138141572,0.187746599,0.297693253,0.242446035,0.13397254,4,State,urban/rural,Education,statesector,1,Punjab,NA,No education / Preschool,NA,NA,NA,NA
3194,1,0.038809031,0.413476974,0.25681147,0.192713484,0.098189026,4,State,urban/rural,Education,statesector,1,Punjab,NA,Primary,NA,NA,NA,NA
3195,1,0.095958568,0.014358295,0.202782765,0.422781646,0.264118731,4,State,urban/rural,Education,statesector,1,Punjab,NA,Secondary,NA,NA,NA,NA
3196,1,0,0,0.418510109,0,0.581489921,4,State,urban/rural,Education,statesector,1,Punjab,NA,Higher,NA,NA,NA,NA
3197,1,0.544819951,0.349044561,0.086569779,0.017639406,0.001926281,4,State,urban/rural,Education,statesector,0,Rajasthan,NA,No education / Preschool,NA,NA,NA,NA
3198,1,0.420410126,0.388440758,0.153019384,0.03149705,0.006632669,4,State,urban/rural,Education,statesector,0,Rajasthan,NA,Primary,NA,NA,NA,NA
3199,1,0.352576286,0.426966637,0.163869485,0.04857887,0.00800872,4,State,urban/rural,Education,statesector,0,Rajasthan,NA,Secondary,NA,NA,NA,NA
3200,1,0.267863333,0.401625663,0.216374844,0.069935136,0.044201028,4,State,urban/rural,Education,statesector,0,Rajasthan,NA,Higher,NA,NA,NA,NA
3201,1,0.22731562,0.533094168,0.129048556,0.069234252,0.041307434,4,State,urban/rural,Education,statesector,0,Rajasthan,NA,NA,NA,NA,NA,NA
3202,1,0.197369426,0.37152189,0.271399587,0.130063325,0.029645758,4,State,urban/rural,Education,statesector,1,Rajasthan,NA,No education / Preschool,NA,NA,NA,NA
3203,1,0.142498165,0.335708916,0.291429192,0.155570313,0.074793413,4,State,urban/rural,Education,statesector,1,Rajasthan,NA,Primary,NA,NA,NA,NA
3204,1,0.117053412,0.308677405,0.334001273,0.11081028,0.129457638,4,State,urban/rural,Education,statesector,1,Rajasthan,NA,Secondary,NA,NA,NA,NA
3205,1,0.059998419,0.493204117,0,0.111723356,0.335074127,4,State,urban/rural,Education,statesector,1,Rajasthan,NA,Higher,NA,NA,NA,NA
3206,1,0,0.400180012,0.599820018,0,0,4,State,urban/rural,Education,statesector,1,Rajasthan,NA,NA,NA,NA,NA,NA
3207,1,0.060529161,0.52331835,0.40388307,0.012269444,0,4,State,urban/rural,Education,statesector,0,Sikkim,NA,No education / Preschool,NA,NA,NA,NA
3208,1,0.034872826,0.547995031,0.402820647,0.014311502,0,4,State,urban/rural,Education,statesector,0,Sikkim,NA,Primary,NA,NA,NA,NA
3209,1,0,0.39524287,0.553752363,0.051004738,0,4,State,urban/rural,Education,statesector,0,Sikkim,NA,Secondary,NA,NA,NA,NA
3210,1,0,1,0,0,0,4,State,urban/rural,Education,statesector,0,Sikkim,NA,Higher,NA,NA,NA,NA
3211,1,0.099451929,0.226458549,0.238803297,0.435286224,0,4,State,urban/rural,Education,statesector,1,Sikkim,NA,No education / Preschool,NA,NA,NA,NA
3212,1,0,0.231434718,0.262886792,0.505678475,0,4,State,urban/rural,Education,statesector,1,Sikkim,NA,Primary,NA,NA,NA,NA
3213,1,0.211571917,0,0,0.109732121,0.678695977,4,State,urban/rural,Education,statesector,1,Sikkim,NA,Secondary,NA,NA,NA,NA
3214,1,0,1,0,0,0,4,State,urban/rural,Education,statesector,1,Sikkim,NA,NA,NA,NA,NA,NA
3215,1,0.44421652,0.450386971,0.095655449,0.008221596,0.001519481,4,State,urban/rural,Education,statesector,0,Tamil Nadu,NA,No education / Preschool,NA,NA,NA,NA
3216,1,0.259450227,0.533379376,0.17190358,0.030212436,0.005054367,4,State,urban/rural,Education,statesector,0,Tamil Nadu,NA,Primary,NA,NA,NA,NA
3217,1,0.195718244,0.592666745,0.189511552,0.019245472,0.002857987,4,State,urban/rural,Education,statesector,0,Tamil Nadu,NA,Secondary,NA,NA,NA,NA
3218,1,0.101896182,0.545569956,0.293946773,0.058587071,0,4,State,urban/rural,Education,statesector,0,Tamil Nadu,NA,Higher,NA,NA,NA,NA
3219,1,0.048186168,0.756053507,0.195760339,0,0,4,State,urban/rural,Education,statesector,0,Tamil Nadu,NA,NA,NA,NA,NA,NA
3220,1,0.451820672,0.370381415,0.102452904,0.059591901,0.015753103,4,State,urban/rural,Education,statesector,1,Tamil Nadu,NA,No education / Preschool,NA,NA,NA,NA
3221,1,0.205926374,0.376418591,0.323779225,0.078844294,0.015031508,4,State,urban/rural,Education,statesector,1,Tamil Nadu,NA,Primary,NA,NA,NA,NA
3222,1,0.118432716,0.341110647,0.231971979,0.234501898,0.073982768,4,State,urban/rural,Education,statesector,1,Tamil Nadu,NA,Secondary,NA,NA,NA,NA
3223,1,0,0,0.761714995,0.23828502,0,4,State,urban/rural,Education,statesector,1,Tamil Nadu,NA,Higher,NA,NA,NA,NA
3224,1,1,0,0,0,0,4,State,urban/rural,Education,statesector,1,Tamil Nadu,NA,NA,NA,NA,NA,NA
3225,1,0.400735527,0.466862351,0.125642821,0.005816414,0.000942891,4,State,urban/rural,Education,statesector,0,Telangana,NA,No education / Preschool,NA,NA,NA,NA
3226,1,0.271041214,0.47957477,0.217885137,0.026496816,0.005002065,4,State,urban/rural,Education,statesector,0,Telangana,NA,Primary,NA,NA,NA,NA
3227,1,0.239425227,0.482345611,0.25255096,0.020028733,0.005649465,4,State,urban/rural,Education,statesector,0,Telangana,NA,Secondary,NA,NA,NA,NA
3228,1,0.061149172,0.337475568,0.30245766,0.298917592,0,4,State,urban/rural,Education,statesector,0,Telangana,NA,Higher,NA,NA,NA,NA
3229,1,0,0.546631217,0.453368783,0,0,4,State,urban/rural,Education,statesector,0,Telangana,NA,NA,NA,NA,NA,NA
3230,1,0.24248834,0.377865225,0.267213047,0.112433366,0,4,State,urban/rural,Education,statesector,1,Telangana,NA,No education / Preschool,NA,NA,NA,NA
3231,1,0.06765905,0.330555767,0.42139551,0.180389658,0,4,State,urban/rural,Education,statesector,1,Telangana,NA,Primary,NA,NA,NA,NA
3232,1,0.035320636,0.251588136,0.387294322,0.325796932,0,4,State,urban/rural,Education,statesector,1,Telangana,NA,Secondary,NA,NA,NA,NA
3233,1,0,0,1,0,0,4,State,urban/rural,Education,statesector,1,Telangana,NA,Higher,NA,NA,NA,NA
3234,1,0.609799743,0.371742606,0.014360799,0.004096875,0,4,State,urban/rural,Education,statesector,0,Tripura,NA,No education / Preschool,NA,NA,NA,NA
3235,1,0.37854436,0.582972944,0.037128314,0.001354368,0,4,State,urban/rural,Education,statesector,0,Tripura,NA,Primary,NA,NA,NA,NA
3236,1,0.317831337,0.653435051,0.028733589,0,0,4,State,urban/rural,Education,statesector,0,Tripura,NA,Secondary,NA,NA,NA,NA
3237,1,0,0.32490766,0.67509234,0,0,4,State,urban/rural,Education,statesector,0,Tripura,NA,Higher,NA,NA,NA,NA
3238,1,0.250548959,0.577214062,0.172236994,0,0,4,State,urban/rural,Education,statesector,1,Tripura,NA,No education / Preschool,NA,NA,NA,NA
3239,1,0.180369139,0.63942045,0.180210382,0,0,4,State,urban/rural,Education,statesector,1,Tripura,NA,Primary,NA,NA,NA,NA
3240,1,0.091896139,0.715892851,0.192211002,0,0,4,State,urban/rural,Education,statesector,1,Tripura,NA,Secondary,NA,NA,NA,NA
3241,1,0,1,0,0,0,4,State,urban/rural,Education,statesector,1,Tripura,NA,Higher,NA,NA,NA,NA
3242,1,0.689933836,0.237114727,0.062415145,0.00956719,0.000969086,4,State,urban/rural,Education,statesector,0,Uttar Pradesh,NA,No education / Preschool,NA,NA,NA,NA
3243,1,0.603881955,0.293090612,0.083316989,0.018073637,0.001636799,4,State,urban/rural,Education,statesector,0,Uttar Pradesh,NA,Primary,NA,NA,NA,NA
3244,1,0.472819328,0.373959452,0.120884478,0.02796679,0.004369942,4,State,urban/rural,Education,statesector,0,Uttar Pradesh,NA,Secondary,NA,NA,NA,NA
3245,1,0.261593878,0.449047267,0.204058692,0.058488183,0.026812002,4,State,urban/rural,Education,statesector,0,Uttar Pradesh,NA,Higher,NA,NA,NA,NA
3246,1,0.539956629,0.33295083,0.074331529,0.038968962,0.013792045,4,State,urban/rural,Education,statesector,0,Uttar Pradesh,NA,NA,NA,NA,NA,NA
3247,1,0.276846886,0.28960669,0.240352675,0.161681518,0.031512212,4,State,urban/rural,Education,statesector,1,Uttar Pradesh,NA,No education / Preschool,NA,NA,NA,NA
3248,1,0.193770051,0.233145252,0.308160663,0.21414198,0.050782058,4,State,urban/rural,Education,statesector,1,Uttar Pradesh,NA,Primary,NA,NA,NA,NA
3249,1,0.16320847,0.277618855,0.268502444,0.225748882,0.064921349,4,State,urban/rural,Education,statesector,1,Uttar Pradesh,NA,Secondary,NA,NA,NA,NA
3250,1,0.01985883,0.193429187,0.206810921,0.089481354,0.490419716,4,State,urban/rural,Education,statesector,1,Uttar Pradesh,NA,Higher,NA,NA,NA,NA
3251,1,0.30241546,0.214488432,0.11733871,0.08612407,0.279633343,4,State,urban/rural,Education,statesector,1,Uttar Pradesh,NA,NA,NA,NA,NA,NA
3252,1,0.315720558,0.491630971,0.165736213,0.025401834,0.001510434,4,State,urban/rural,Education,statesector,0,Uttarakhand,NA,No education / Preschool,NA,NA,NA,NA
3253,1,0.228416994,0.525204182,0.193175152,0.039776411,0.013427235,4,State,urban/rural,Education,statesector,0,Uttarakhand,NA,Primary,NA,NA,NA,NA
3254,1,0.115428798,0.590341449,0.2571055,0.033325769,0.003798478,4,State,urban/rural,Education,statesector,0,Uttarakhand,NA,Secondary,NA,NA,NA,NA
3255,1,0.044066422,0.24130705,0.551220477,0.163406074,0,4,State,urban/rural,Education,statesector,0,Uttarakhand,NA,Higher,NA,NA,NA,NA
3256,1,0.186926633,0.671457708,0.141615659,0,0,4,State,urban/rural,Education,statesector,0,Uttarakhand,NA,NA,NA,NA,NA,NA
3257,1,0.214994758,0.155649036,0.385071188,0.196497366,0.047787659,4,State,urban/rural,Education,statesector,1,Uttarakhand,NA,No education / Preschool,NA,NA,NA,NA
3258,1,0.030789416,0.179286763,0.538634419,0.213291869,0.037997544,4,State,urban/rural,Education,statesector,1,Uttarakhand,NA,Primary,NA,NA,NA,NA
3259,1,0.18829082,0.213511646,0.345306247,0.170249924,0.082641363,4,State,urban/rural,Education,statesector,1,Uttarakhand,NA,Secondary,NA,NA,NA,NA
3260,1,0,0.173679918,0,0.826320112,0,4,State,urban/rural,Education,statesector,1,Uttarakhand,NA,Higher,NA,NA,NA,NA
3261,1,0,0.352981925,0.647018075,0,0,4,State,urban/rural,Education,statesector,1,Uttarakhand,NA,NA,NA,NA,NA,NA
3262,1,0.725277841,0.254784673,0.019211518,0.000725969,0,4,State,urban/rural,Education,statesector,0,West Bengal,NA,No education / Preschool,NA,NA,NA,NA
3263,1,0.535230458,0.414576411,0.050193124,0,0,4,State,urban/rural,Education,statesector,0,West Bengal,NA,Primary,NA,NA,NA,NA
3264,1,0.457335889,0.452769339,0.088239029,0,0.001655763,4,State,urban/rural,Education,statesector,0,West Bengal,NA,Secondary,NA,NA,NA,NA
3265,1,0.232892498,0.562525809,0.165433899,0.039147794,0,4,State,urban/rural,Education,statesector,0,West Bengal,NA,Higher,NA,NA,NA,NA
3266,1,0.331165135,0.668834865,0,0,0,4,State,urban/rural,Education,statesector,0,West Bengal,NA,NA,NA,NA,NA,NA
3267,1,0.536399484,0.368533492,0.084383704,0.010683304,0,4,State,urban/rural,Education,statesector,1,West Bengal,NA,No education / Preschool,NA,NA,NA,NA
3268,1,0.304546595,0.475973785,0.179692984,0.039786622,0,4,State,urban/rural,Education,statesector,1,West Bengal,NA,Primary,NA,NA,NA,NA
3269,1,0.408739656,0.31658411,0.259858459,0.014817761,0,4,State,urban/rural,Education,statesector,1,West Bengal,NA,Secondary,NA,NA,NA,NA
3270,1,0,0.526235759,0.473764271,0,0,4,State,urban/rural,Education,statesector,1,West Bengal,NA,Higher,NA,NA,NA,NA
3271,1,0.538369894,0.323811352,0.105632767,0.026235279,0.005950713,4,National,All,Gender,allindia,99,India,NA,NA,1,NA,NA,NA
3272,1,0.6233899,0.285199165,0.07133235,0.016653484,0.003425082,4,National,All,Gender,allindia,99,India,NA,NA,2,NA,NA,NA
3273,1,NA,NA,NA,NA,NA,4,National,All,Gender,allindia,99,India,NA,NA,NA,NA,NA,NA
3274,1,0.56992048,0.322886974,0.089970537,0.015033384,0.002188602,4,National,urban/rural,Gender,indiasector,0,India,NA,NA,1,NA,NA,NA
3275,1,0.654675007,0.279511273,0.05660991,0.007910354,0.001293452,4,National,urban/rural,Gender,indiasector,0,India,NA,NA,2,NA,NA,NA
3276,1,NA,NA,NA,NA,NA,4,National,urban/rural,Gender,indiasector,0,India,NA,NA,NA,NA,NA,NA
3277,1,0.268856496,0.331707746,0.239423454,0.121924698,0.038087618,4,National,urban/rural,Gender,indiasector,1,India,NA,NA,1,NA,NA,NA
3278,1,0.37104395,0.331077695,0.190083802,0.087175705,0.020618841,4,National,urban/rural,Gender,indiasector,1,India,NA,NA,2,NA,NA,NA
3279,1,NA,NA,NA,NA,NA,4,National,urban/rural,Gender,indiasector,1,India,NA,NA,NA,NA,NA,NA
3280,1,0.411931425,0.35922423,0.207612529,0.021231826,0,4,State,All,Gender,state,99,Andaman & Nicobar Islands,NA,NA,1,NA,NA,NA
3281,1,0.403952301,0.285304874,0.263693929,0.01555451,0.031494405,4,State,All,Gender,state,99,Andaman & Nicobar Islands,NA,NA,2,NA,NA,NA
3282,1,0.227671966,0.450446844,0.277506948,0.042617206,0.001757018,4,State,All,Gender,state,99,Andhra Pradesh,NA,NA,1,NA,NA,NA
3283,1,0.379610866,0.444820255,0.159003943,0.016564928,0,4,State,All,Gender,state,99,Andhra Pradesh,NA,NA,2,NA,NA,NA
3284,1,NA,NA,NA,NA,NA,4,State,All,Gender,state,99,Andhra Pradesh,NA,NA,NA,NA,NA,NA
3285,1,0.555582762,0.335297495,0.088956103,0.01418816,0.005975502,4,State,All,Gender,state,99,Arunachal Pradesh,NA,NA,1,NA,NA,NA
3286,1,0.57725662,0.336121261,0.057417978,0.020877276,0.00832686,4,State,All,Gender,state,99,Arunachal Pradesh,NA,NA,2,NA,NA,NA
3287,1,0.508735597,0.432826579,0.053379312,0.004460492,0.000598015,4,State,All,Gender,state,99,Assam,NA,NA,1,NA,NA,NA
3288,1,0.572605014,0.379375041,0.044571422,0.002605932,0.000842552,4,State,All,Gender,state,99,Assam,NA,NA,2,NA,NA,NA
3289,1,NA,NA,NA,NA,NA,4,State,All,Gender,state,99,Assam,NA,NA,NA,NA,NA,NA
3290,1,0.763619304,0.199789017,0.029979572,0.005804782,0.000807339,4,State,All,Gender,state,99,Bihar,NA,NA,1,NA,NA,NA
3291,1,0.791835248,0.182228744,0.021911904,0.004024102,0,4,State,All,Gender,state,99,Bihar,NA,NA,2,NA,NA,NA
3292,1,NA,NA,NA,NA,NA,4,State,All,Gender,state,99,Bihar,NA,NA,NA,NA,NA,NA
3293,1,0.235314518,0.233004451,0.24403964,0.251973003,0.035668384,4,State,All,Gender,state,99,Chandigarh,NA,NA,1,NA,NA,NA
3294,1,0,0.461588621,0.538411379,0,0,4,State,All,Gender,state,99,Chandigarh,NA,NA,2,NA,NA,NA
3295,1,0.618570685,0.287567556,0.073195174,0.01608336,0.004583233,4,State,All,Gender,state,99,Chhattisgarh,NA,NA,1,NA,NA,NA
3296,1,0.711570203,0.226496533,0.049385384,0.011675803,0.000872105,4,State,All,Gender,state,99,Chhattisgarh,NA,NA,2,NA,NA,NA
3297,1,0.506349742,0.372775853,0.100311384,0.020563025,0,4,State,All,Gender,state,99,Dadra & Nagar Haveli,NA,NA,1,NA,NA,NA
3298,1,0.598199189,0.22209233,0.094918422,0.084790036,0,4,State,All,Gender,state,99,Dadra & Nagar Haveli,NA,NA,2,NA,NA,NA
3299,1,0.020074787,0.51642549,0.332434714,0.067260109,0.063804924,4,State,All,Gender,state,99,Daman & Diu,NA,NA,1,NA,NA,NA
3300,1,0.012299895,0.605643511,0.202916071,0.163828522,0.015311971,4,State,All,Gender,state,99,Daman & Diu,NA,NA,2,NA,NA,NA
3301,1,0.058091916,0.134886265,0.445491642,0.261617869,0.099912301,4,State,All,Gender,state,99,Delhi,NA,NA,1,NA,NA,NA
3302,1,0.086748384,0.233736247,0.450064152,0.115162842,0.114288382,4,State,All,Gender,state,99,Delhi,NA,NA,2,NA,NA,NA
3303,1,0,0.475759387,0.355189949,0.159782737,0.009267952,4,State,All,Gender,state,99,Goa,NA,NA,1,NA,NA,NA
3304,1,0.057770077,0.579301059,0.199935541,0.095427744,0.067565583,4,State,All,Gender,state,99,Goa,NA,NA,2,NA,NA,NA
3305,1,0.339013338,0.443935901,0.16743207,0.039088573,0.010530106,4,State,All,Gender,state,99,Gujarat,NA,NA,1,NA,NA,NA
3306,1,0.438515693,0.422111869,0.111441724,0.018406766,0.009523951,4,State,All,Gender,state,99,Gujarat,NA,NA,2,NA,NA,NA
3307,1,NA,NA,NA,NA,NA,4,State,All,Gender,state,99,Gujarat,NA,NA,NA,NA,NA,NA
3308,1,0.131754085,0.339002013,0.309194237,0.161262155,0.05878751,4,State,All,Gender,state,99,Haryana,NA,NA,1,NA,NA,NA
3309,1,0.197854593,0.361938357,0.262590617,0.141851649,0.035764806,4,State,All,Gender,state,99,Haryana,NA,NA,2,NA,NA,NA
3310,1,NA,NA,NA,NA,NA,4,State,All,Gender,state,99,Haryana,NA,NA,NA,NA,NA,NA
3311,1,0.150097221,0.416589618,0.332354367,0.083736658,0.017222119,4,State,All,Gender,state,99,Himachal Pradesh,NA,NA,1,NA,NA,NA
3312,1,0.12403737,0.488232315,0.312892318,0.07176321,0.00307479,4,State,All,Gender,state,99,Himachal Pradesh,NA,NA,2,NA,NA,NA
3313,1,NA,NA,NA,NA,NA,4,State,All,Gender,state,99,Himachal Pradesh,NA,NA,NA,NA,NA,NA
3314,1,0.314427853,0.476893067,0.150621146,0.053343043,0.004714903,4,State,All,Gender,state,99,Jammu & Kashmir,NA,NA,1,NA,NA,NA
3315,1,0.308277577,0.456055492,0.156708688,0.048353013,0.03060523,4,State,All,Gender,state,99,Jammu & Kashmir,NA,NA,2,NA,NA,NA
3316,1,0.734551132,0.204004526,0.052141678,0.007579317,0.001723374,4,State,All,Gender,state,99,Jharkhand,NA,NA,1,NA,NA,NA
3317,1,0.785826385,0.160424769,0.045573492,0.007822193,0.000353152,4,State,All,Gender,state,99,Jharkhand,NA,NA,2,NA,NA,NA
3318,1,NA,NA,NA,NA,NA,4,State,All,Gender,state,99,Jharkhand,NA,NA,NA,NA,NA,NA
3319,1,0.260594934,0.486321449,0.212070465,0.034397881,0.006615251,4,State,All,Gender,state,99,Karnataka,NA,NA,1,NA,NA,NA
3320,1,0.417543888,0.449489713,0.110702112,0.019015739,0.003248522,4,State,All,Gender,state,99,Karnataka,NA,NA,2,NA,NA,NA
3321,1,NA,NA,NA,NA,NA,4,State,All,Gender,state,99,Karnataka,NA,NA,NA,NA,NA,NA
3322,1,0.236834094,0.396418154,0.230925724,0.016552249,0.119269788,4,State,All,Gender,state,99,Kerala,NA,NA,1,NA,NA,NA
3323,1,0.278995335,0.473667592,0.170033082,0.077303998,0,4,State,All,Gender,state,99,Kerala,NA,NA,2,NA,NA,NA
3324,1,NA,NA,NA,NA,NA,4,State,All,Gender,state,99,Kerala,NA,NA,NA,NA,NA,NA
3325,1,0.131829366,0,0.136354372,0.322152495,0.409663767,4,State,All,Gender,state,99,Lakshadweep,NA,NA,1,NA,NA,NA
3326,1,0,0,0,1,0,4,State,All,Gender,state,99,Lakshadweep,NA,NA,2,NA,NA,NA
3327,1,0.579249859,0.294454426,0.095920153,0.025455808,0.004919733,4,State,All,Gender,state,99,Madhya Pradesh,NA,NA,1,NA,NA,NA
3328,1,0.691345811,0.233354554,0.054657388,0.015703663,0.004938585,4,State,All,Gender,state,99,Madhya Pradesh,NA,NA,2,NA,NA,NA
3329,1,NA,NA,NA,NA,NA,4,State,All,Gender,state,99,Madhya Pradesh,NA,NA,NA,NA,NA,NA
3330,1,0.400977582,0.40474388,0.147548884,0.036332551,0.010397105,4,State,All,Gender,state,99,Maharashtra,NA,NA,1,NA,NA,NA
3331,1,0.535761058,0.318179667,0.112029217,0.02842347,0.005606618,4,State,All,Gender,state,99,Maharashtra,NA,NA,2,NA,NA,NA
3332,1,NA,NA,NA,NA,NA,4,State,All,Gender,state,99,Maharashtra,NA,NA,NA,NA,NA,NA
3333,1,0.272598803,0.480140954,0.201995194,0.042070575,0.003194491,4,State,All,Gender,state,99,Manipur,NA,NA,1,NA,NA,NA
3334,1,0.355662525,0.442314506,0.164273977,0.036628015,0.001120963,4,State,All,Gender,state,99,Manipur,NA,NA,2,NA,NA,NA
3335,1,NA,NA,NA,NA,NA,4,State,All,Gender,state,99,Manipur,NA,NA,NA,NA,NA,NA
3336,1,0.313834935,0.559585273,0.119515814,0.006616163,0.000447807,4,State,All,Gender,state,99,Meghalaya,NA,NA,1,NA,NA,NA
3337,1,0.285700977,0.511242151,0.19128184,0.011775025,0,4,State,All,Gender,state,99,Meghalaya,NA,NA,2,NA,NA,NA
3338,1,NA,NA,NA,NA,NA,4,State,All,Gender,state,99,Meghalaya,NA,NA,NA,NA,NA,NA
3339,1,0.511866093,0.348174185,0.102125563,0.02704455,0.01078958,4,State,All,Gender,state,99,Mizoram,NA,NA,1,NA,NA,NA
3340,1,0.328453064,0.398639441,0.252411634,0.016298901,0.004196965,4,State,All,Gender,state,99,Mizoram,NA,NA,2,NA,NA,NA
3341,1,0.366367787,0.504660726,0.120537311,0.006891495,0.001542682,4,State,All,Gender,state,99,Nagaland,NA,NA,1,NA,NA,NA
3342,1,0.380981445,0.499285668,0.101970322,0.012923424,0.004839144,4,State,All,Gender,state,99,Nagaland,NA,NA,2,NA,NA,NA
3343,1,NA,NA,NA,NA,NA,4,State,All,Gender,state,99,Nagaland,NA,NA,NA,NA,NA,NA
3344,1,0.703537345,0.250589997,0.041044302,0.004414618,0.000413727,4,State,All,Gender,state,99,Odisha,NA,NA,1,NA,NA,NA
3345,1,0.773264229,0.191407368,0.029310184,0.006018223,0,4,State,All,Gender,state,99,Odisha,NA,NA,2,NA,NA,NA
3346,1,NA,NA,NA,NA,NA,4,State,All,Gender,state,99,Odisha,NA,NA,NA,NA,NA,NA
3347,1,0.306957871,0.431165069,0.229228616,0.031298038,0.001350427,4,State,All,Gender,state,99,Puducherry,NA,NA,1,NA,NA,NA
3348,1,0.585745335,0.315990299,0.070226148,0.028038206,0,4,State,All,Gender,state,99,Puducherry,NA,NA,2,NA,NA,NA
3349,1,0.09668614,0.290525824,0.371917874,0.181989744,0.058880407,4,State,All,Gender,state,99,Punjab,NA,NA,1,NA,NA,NA
3350,1,0.076052181,0.435316503,0.234675735,0.180959925,0.072995648,4,State,All,Gender,state,99,Punjab,NA,NA,2,NA,NA,NA
3351,1,0.45075056,0.372011006,0.131891921,0.035797257,0.009549264,4,State,All,Gender,state,99,Rajasthan,NA,NA,1,NA,NA,NA
3352,1,0.466057837,0.365062088,0.121963002,0.035686772,0.011230283,4,State,All,Gender,state,99,Rajasthan,NA,NA,2,NA,NA,NA
3353,1,NA,NA,NA,NA,NA,4,State,All,Gender,state,99,Rajasthan,NA,NA,NA,NA,NA,NA
3354,1,0.046789318,0.44766891,0.397015989,0.094651915,0.013873857,4,State,All,Gender,state,99,Sikkim,NA,NA,1,NA,NA,NA
3355,1,0.081398062,0.6315943,0.248795912,0.038211696,0,4,State,All,Gender,state,99,Sikkim,NA,NA,2,NA,NA,NA
3356,1,0.276681632,0.498407245,0.175961792,0.040755641,0.008193691,4,State,All,Gender,state,99,Tamil Nadu,NA,NA,1,NA,NA,NA
3357,1,0.500993669,0.400857806,0.078159004,0.01469823,0.005291265,4,State,All,Gender,state,99,Tamil Nadu,NA,NA,2,NA,NA,NA
3358,1,NA,NA,NA,NA,NA,4,State,All,Gender,state,99,Tamil Nadu,NA,NA,NA,NA,NA,NA
3359,1,0.304189652,0.461830467,0.194242999,0.037410304,0.002326578,4,State,All,Gender,state,99,Telangana,NA,NA,1,NA,NA,NA
3360,1,0.433419704,0.426419139,0.124954604,0.015206554,0,4,State,All,Gender,state,99,Telangana,NA,NA,2,NA,NA,NA
3361,1,NA,NA,NA,NA,NA,4,State,All,Gender,state,99,Telangana,NA,NA,NA,NA,NA,NA
3362,1,0.415227294,0.541350901,0.042785015,0.000636832,0,4,State,All,Gender,state,99,Tripura,NA,NA,1,NA,NA,NA
3363,1,0.435694873,0.483475596,0.073977396,0.006852128,0,4,State,All,Gender,state,99,Tripura,NA,NA,2,NA,NA,NA
3364,1,0.564081848,0.286753476,0.106058404,0.035644621,0.007461673,4,State,All,Gender,state,99,Uttar Pradesh,NA,NA,1,NA,NA,NA
3365,1,0.616569161,0.273441762,0.079493776,0.025292082,0.005203217,4,State,All,Gender,state,99,Uttar Pradesh,NA,NA,2,NA,NA,NA
3366,1,NA,NA,NA,NA,NA,4,State,All,Gender,state,99,Uttar Pradesh,NA,NA,NA,NA,NA,NA
3367,1,0.203329593,0.461383849,0.254775077,0.066813201,0.013698289,4,State,All,Gender,state,99,Uttarakhand,NA,NA,1,NA,NA,NA
3368,1,0.312858939,0.482908249,0.163909242,0.035033692,0.005289906,4,State,All,Gender,state,99,Uttarakhand,NA,NA,2,NA,NA,NA
3369,1,0.576860964,0.362432897,0.058137737,0.002331324,0.000237041,4,State,All,Gender,state,99,West Bengal,NA,NA,1,NA,NA,NA
3370,1,0.694619298,0.259483784,0.036922134,0.008974763,0,4,State,All,Gender,state,99,West Bengal,NA,NA,2,NA,NA,NA
3371,1,NA,NA,NA,NA,NA,4,State,All,Gender,state,99,West Bengal,NA,NA,NA,NA,NA,NA
3372,1,0.421417803,0.357452124,0.198970556,0.022159502,0,4,State,urban/rural,Gender,statesector,0,Andaman & Nicobar Islands,NA,NA,1,NA,NA,NA
3373,1,0.445743233,0.314821124,0.187519282,0.017163703,0.034752663,4,State,urban/rural,Gender,statesector,0,Andaman & Nicobar Islands,NA,NA,2,NA,NA,NA
3374,1,0.194814786,0.399782628,0.405402601,0,0,4,State,urban/rural,Gender,statesector,1,Andaman & Nicobar Islands,NA,NA,1,NA,NA,NA
3375,1,0,0,1,0,0,4,State,urban/rural,Gender,statesector,1,Andaman & Nicobar Islands,NA,NA,2,NA,NA,NA
3376,1,0.242070571,0.459842741,0.271419734,0.026666969,0,4,State,urban/rural,Gender,statesector,0,Andhra Pradesh,NA,NA,1,NA,NA,NA
3377,1,0.400669366,0.446028113,0.143629357,0.00967318,0,4,State,urban/rural,Gender,statesector,0,Andhra Pradesh,NA,NA,2,NA,NA,NA
3378,1,NA,NA,NA,NA,NA,4,State,urban/rural,Gender,statesector,0,Andhra Pradesh,NA,NA,NA,NA,NA,NA
3379,1,0.102436043,0.368723601,0.330452263,0.181348905,0.017039182,4,State,urban/rural,Gender,statesector,1,Andhra Pradesh,NA,NA,1,NA,NA,NA
3380,1,0.180743262,0.433413774,0.304195225,0.081647761,0,4,State,urban/rural,Gender,statesector,1,Andhra Pradesh,NA,NA,2,NA,NA,NA
3381,1,0.579301536,0.329372793,0.078116491,0.009762128,0.003447037,4,State,urban/rural,Gender,statesector,0,Arunachal Pradesh,NA,NA,1,NA,NA,NA
3382,1,0.598677814,0.342697144,0.039128553,0.01489193,0.004604548,4,State,urban/rural,Gender,statesector,0,Arunachal Pradesh,NA,NA,2,NA,NA,NA
3383,1,0.186150461,0.427577496,0.257788539,0.083125882,0.04535763,4,State,urban/rural,Gender,statesector,1,Arunachal Pradesh,NA,NA,1,NA,NA,NA
3384,1,0.434748828,0.292374313,0.179091081,0.060695667,0.033090092,4,State,urban/rural,Gender,statesector,1,Arunachal Pradesh,NA,NA,2,NA,NA,NA
3385,1,0.51749593,0.433483094,0.046529025,0.002265747,0.000226206,4,State,urban/rural,Gender,statesector,0,Assam,NA,NA,1,NA,NA,NA
3386,1,0.589406371,0.372220248,0.037338253,0.000133603,0.000901522,4,State,urban/rural,Gender,statesector,0,Assam,NA,NA,2,NA,NA,NA
3387,1,NA,NA,NA,NA,NA,4,State,urban/rural,Gender,statesector,0,Assam,NA,NA,NA,NA,NA,NA
3388,1,0.317342252,0.418483078,0.203042716,0.052410748,0.008721214,4,State,urban/rural,Gender,statesector,1,Assam,NA,NA,1,NA,NA,NA
3389,1,0.332550645,0.481601715,0.147917539,0.037930112,0,4,State,urban/rural,Gender,statesector,1,Assam,NA,NA,2,NA,NA,NA
3390,1,0.777801335,0.194034383,0.024362266,0.003485445,0.00031657,4,State,urban/rural,Gender,statesector,0,Bihar,NA,NA,1,NA,NA,NA
3391,1,0.80305028,0.177125052,0.017067499,0.002757146,0,4,State,urban/rural,Gender,statesector,0,Bihar,NA,NA,2,NA,NA,NA
3392,1,NA,NA,NA,NA,NA,4,State,urban/rural,Gender,statesector,0,Bihar,NA,NA,NA,NA,NA,NA
3393,1,0.53537482,0.292403549,0.120383933,0.043131966,0.008705718,4,State,urban/rural,Gender,statesector,1,Bihar,NA,NA,1,NA,NA,NA
3394,1,0.552218974,0.291272074,0.125415593,0.031093383,0,4,State,urban/rural,Gender,statesector,1,Bihar,NA,NA,2,NA,NA,NA
3395,1,0.166666672,0.333333343,0.333333343,0.166666672,0,4,State,urban/rural,Gender,statesector,0,Chandigarh,NA,NA,1,NA,NA,NA
3396,1,0.257085443,0.201186255,0.215721115,0.279026985,0.046980225,4,State,urban/rural,Gender,statesector,1,Chandigarh,NA,NA,1,NA,NA,NA
3397,1,0,0.461588621,0.538411379,0,0,4,State,urban/rural,Gender,statesector,1,Chandigarh,NA,NA,2,NA,NA,NA
3398,1,0.643953204,0.28149882,0.063243426,0.010151675,0.001152891,4,State,urban/rural,Gender,statesector,0,Chhattisgarh,NA,NA,1,NA,NA,NA
3399,1,0.743335843,0.214888453,0.03771016,0.004065547,0,4,State,urban/rural,Gender,statesector,0,Chhattisgarh,NA,NA,2,NA,NA,NA
3400,1,0.288727582,0.366430253,0.202517077,0.093164943,0.049160149,4,State,urban/rural,Gender,statesector,1,Chhattisgarh,NA,NA,1,NA,NA,NA
3401,1,0.456291884,0.319782495,0.143210948,0.072834082,0.007880597,4,State,urban/rural,Gender,statesector,1,Chhattisgarh,NA,NA,2,NA,NA,NA
3402,1,0.534529448,0.378281206,0.076109834,0.011079509,0,4,State,urban/rural,Gender,statesector,0,Dadra & Nagar Haveli,NA,NA,1,NA,NA,NA
3403,1,0.683443904,0.211830527,0.052362785,0.052362785,0,4,State,urban/rural,Gender,statesector,0,Dadra & Nagar Haveli,NA,NA,2,NA,NA,NA
3404,1,0.084248245,0.290311724,0.462824285,0.162615746,0,4,State,urban/rural,Gender,statesector,1,Dadra & Nagar Haveli,NA,NA,1,NA,NA,NA
3405,1,0.262503564,0.262503564,0.262503564,0.212489322,0,4,State,urban/rural,Gender,statesector,1,Dadra & Nagar Haveli,NA,NA,2,NA,NA,NA
3406,1,0,0.462303996,0.421636313,0.058029849,0.058029849,4,State,urban/rural,Gender,statesector,0,Daman & Diu,NA,NA,1,NA,NA,NA
3407,1,0.022926494,0.663583398,0.232772768,0.052176438,0.028540879,4,State,urban/rural,Gender,statesector,0,Daman & Diu,NA,NA,2,NA,NA,NA
3408,1,0.023622492,0.525990069,0.316670626,0.068891317,0.064825527,4,State,urban/rural,Gender,statesector,1,Daman & Diu,NA,NA,1,NA,NA,NA
3409,1,0,0.538580298,0.168358043,0.293061674,0,4,State,urban/rural,Gender,statesector,1,Daman & Diu,NA,NA,2,NA,NA,NA
3410,1,0,1,0,0,0,4,State,urban/rural,Gender,statesector,0,Delhi,NA,NA,1,NA,NA,NA
3411,1,0.058561496,0.127893165,0.449092746,0.263732642,0.100719936,4,State,urban/rural,Gender,statesector,1,Delhi,NA,NA,1,NA,NA,NA
3412,1,0.086748384,0.233736247,0.450064152,0.115162842,0.114288382,4,State,urban/rural,Gender,statesector,1,Delhi,NA,NA,2,NA,NA,NA
3413,1,0,0.611640513,0.343895257,0.025796797,0.018667419,4,State,urban/rural,Gender,statesector,0,Goa,NA,NA,1,NA,NA,NA
3414,1,0.083925553,0.635477364,0.141964301,0.138632774,0,4,State,urban/rural,Gender,statesector,0,Goa,NA,NA,2,NA,NA,NA
3415,1,0,0.341779411,0.3663266,0.291893989,0,4,State,urban/rural,Gender,statesector,1,Goa,NA,NA,1,NA,NA,NA
3416,1,0,0.455223382,0.327977657,0,0.216798946,4,State,urban/rural,Gender,statesector,1,Goa,NA,NA,2,NA,NA,NA
3417,1,0.365621984,0.463049442,0.147750825,0.02242003,0.001157716,4,State,urban/rural,Gender,statesector,0,Gujarat,NA,NA,1,NA,NA,NA
3418,1,0.468224913,0.443331599,0.080071516,0.004441057,0.003930937,4,State,urban/rural,Gender,statesector,0,Gujarat,NA,NA,2,NA,NA,NA
3419,1,NA,NA,NA,NA,NA,4,State,urban/rural,Gender,statesector,0,Gujarat,NA,NA,NA,NA,NA,NA
3420,1,0.167347834,0.320625126,0.29440552,0.146625534,0.070995994,4,State,urban/rural,Gender,statesector,1,Gujarat,NA,NA,1,NA,NA,NA
3421,1,0.259458005,0.294220358,0.300510287,0.102578238,0.043233097,4,State,urban/rural,Gender,statesector,1,Gujarat,NA,NA,2,NA,NA,NA
3422,1,0.148643985,0.35616678,0.329235435,0.126016155,0.039937641,4,State,urban/rural,Gender,statesector,0,Haryana,NA,NA,1,NA,NA,NA
3423,1,0.225759968,0.37782082,0.254638851,0.112743229,0.029037124,4,State,urban/rural,Gender,statesector,0,Haryana,NA,NA,2,NA,NA,NA
3424,1,NA,NA,NA,NA,NA,4,State,urban/rural,Gender,statesector,0,Haryana,NA,NA,NA,NA,NA,NA
3425,1,0.087577768,0.294106811,0.256775558,0.253449649,0.108090192,4,State,urban/rural,Gender,statesector,1,Haryana,NA,NA,1,NA,NA,NA
3426,1,0.077778563,0.293596536,0.296806812,0.267104268,0.064713821,4,State,urban/rural,Gender,statesector,1,Haryana,NA,NA,2,NA,NA,NA
3427,1,0.151210278,0.417828351,0.335409343,0.07790181,0.01765023,4,State,urban/rural,Gender,statesector,0,Himachal Pradesh,NA,NA,1,NA,NA,NA
3428,1,0.126719609,0.481489897,0.319658428,0.068990797,0.00314128,4,State,urban/rural,Gender,statesector,0,Himachal Pradesh,NA,NA,2,NA,NA,NA
3429,1,NA,NA,NA,NA,NA,4,State,urban/rural,Gender,statesector,0,Himachal Pradesh,NA,NA,NA,NA,NA,NA
3430,1,0.10532105,0.36675784,0.209458426,0.3184627,0,4,State,urban/rural,Gender,statesector,1,Himachal Pradesh,NA,NA,1,NA,NA,NA
3431,1,0,0.800029099,0,0.199970931,0,4,State,urban/rural,Gender,statesector,1,Himachal Pradesh,NA,NA,2,NA,NA,NA
3432,1,0.323955446,0.492341399,0.14611195,0.034585573,0.003005623,4,State,urban/rural,Gender,statesector,0,Jammu & Kashmir,NA,NA,1,NA,NA,NA
3433,1,0.325798035,0.487474978,0.145562619,0.038340028,0.002824334,4,State,urban/rural,Gender,statesector,0,Jammu & Kashmir,NA,NA,2,NA,NA,NA
3434,1,0.223204538,0.328981191,0.193794996,0.232938677,0.021080606,4,State,urban/rural,Gender,statesector,1,Jammu & Kashmir,NA,NA,1,NA,NA,NA
3435,1,0.185363889,0.235634461,0.234903142,0.118598379,0.225500137,4,State,urban/rural,Gender,statesector,1,Jammu & Kashmir,NA,NA,2,NA,NA,NA
3436,1,0.776158929,0.185366154,0.034274079,0.003618856,0.000581972,4,State,urban/rural,Gender,statesector,0,Jharkhand,NA,NA,1,NA,NA,NA
3437,1,0.820077419,0.145809263,0.032121804,0.001598635,0.000392904,4,State,urban/rural,Gender,statesector,0,Jharkhand,NA,NA,2,NA,NA,NA
3438,1,NA,NA,NA,NA,NA,4,State,urban/rural,Gender,statesector,0,Jharkhand,NA,NA,NA,NA,NA,NA
3439,1,0.323263317,0.388242245,0.228760526,0.04672794,0.013005979,4,State,urban/rural,Gender,statesector,1,Jharkhand,NA,NA,1,NA,NA,NA
3440,1,0.481543094,0.290267825,0.165077254,0.063111812,0,4,State,urban/rural,Gender,statesector,1,Jharkhand,NA,NA,2,NA,NA,NA
3441,1,0.273137987,0.510437369,0.195285484,0.019106891,0.002032237,4,State,urban/rural,Gender,statesector,0,Karnataka,NA,NA,1,NA,NA,NA
3442,1,0.443134755,0.456744403,0.092040025,0.008080805,0,4,State,urban/rural,Gender,statesector,0,Karnataka,NA,NA,2,NA,NA,NA
3443,1,NA,NA,NA,NA,NA,4,State,urban/rural,Gender,statesector,0,Karnataka,NA,NA,NA,NA,NA,NA
3444,1,0.184457704,0.339935988,0.313956499,0.127215326,0.034434486,4,State,urban/rural,Gender,statesector,1,Karnataka,NA,NA,1,NA,NA,NA
3445,1,0.282589912,0.411231935,0.2091171,0.076681368,0.020379677,4,State,urban/rural,Gender,statesector,1,Karnataka,NA,NA,2,NA,NA,NA
3446,1,0.295817971,0.41386506,0.17675893,0.015708229,0.097849809,4,State,urban/rural,Gender,statesector,0,Kerala,NA,NA,1,NA,NA,NA
3447,1,0.33620137,0.481269896,0.182528734,0,0,4,State,urban/rural,Gender,statesector,0,Kerala,NA,NA,2,NA,NA,NA
3448,1,NA,NA,NA,NA,NA,4,State,urban/rural,Gender,statesector,0,Kerala,NA,NA,NA,NA,NA,NA
3449,1,0.055369645,0.342742532,0.397570401,0.01914889,0.185168549,4,State,urban/rural,Gender,statesector,1,Kerala,NA,NA,1,NA,NA,NA
3450,1,0.164181769,0.458409607,0.144954115,0.232454509,0,4,State,urban/rural,Gender,statesector,1,Kerala,NA,NA,2,NA,NA,NA
3451,1,0,0,0,1,0,4,State,urban/rural,Gender,statesector,0,Lakshadweep,NA,NA,1,NA,NA,NA
3452,1,0.194482327,0,0.201157883,0,0.604359806,4,State,urban/rural,Gender,statesector,1,Lakshadweep,NA,NA,1,NA,NA,NA
3453,1,0,0,0,1,0,4,State,urban/rural,Gender,statesector,1,Lakshadweep,NA,NA,2,NA,NA,NA
3454,1,0.610242486,0.288784146,0.083521664,0.015988423,0.001463282,4,State,urban/rural,Gender,statesector,0,Madhya Pradesh,NA,NA,1,NA,NA,NA
3455,1,0.740218163,0.21514,0.0381133,0.006165152,0.000363409,4,State,urban/rural,Gender,statesector,0,Madhya Pradesh,NA,NA,2,NA,NA,NA
3456,1,NA,NA,NA,NA,NA,4,State,urban/rural,Gender,statesector,0,Madhya Pradesh,NA,NA,NA,NA,NA,NA
3457,1,0.294026583,0.346637875,0.210022673,0.1125836,0.03672925,4,State,urban/rural,Gender,statesector,1,Madhya Pradesh,NA,NA,1,NA,NA,NA
3458,1,0.414535433,0.33652088,0.148362249,0.069729291,0.030852145,4,State,urban/rural,Gender,statesector,1,Madhya Pradesh,NA,NA,2,NA,NA,NA
3459,1,NA,NA,NA,NA,NA,4,State,urban/rural,Gender,statesector,1,Madhya Pradesh,NA,NA,NA,NA,NA,NA
3460,1,0.434523731,0.406071365,0.132293656,0.024422342,0.002688923,4,State,urban/rural,Gender,statesector,0,Maharashtra,NA,NA,1,NA,NA,NA
3461,1,0.589648306,0.325341135,0.078553177,0.002428787,0.004028573,4,State,urban/rural,Gender,statesector,0,Maharashtra,NA,NA,2,NA,NA,NA
3462,1,NA,NA,NA,NA,NA,4,State,urban/rural,Gender,statesector,0,Maharashtra,NA,NA,NA,NA,NA,NA
3463,1,0.187812567,0.396308631,0.244486392,0.112014569,0.059377823,4,State,urban/rural,Gender,statesector,1,Maharashtra,NA,NA,1,NA,NA,NA
3464,1,0.279060215,0.2840648,0.271497756,0.152253345,0.013123889,4,State,urban/rural,Gender,statesector,1,Maharashtra,NA,NA,2,NA,NA,NA
3465,1,NA,NA,NA,NA,NA,4,State,urban/rural,Gender,statesector,1,Maharashtra,NA,NA,NA,NA,NA,NA
3466,1,0.285010695,0.510895908,0.16898869,0.032747783,0.002356929,4,State,urban/rural,Gender,statesector,0,Manipur,NA,NA,1,NA,NA,NA
3467,1,0.379046172,0.463247567,0.127648175,0.030058077,0,4,State,urban/rural,Gender,statesector,0,Manipur,NA,NA,2,NA,NA,NA
3468,1,0.232576147,0.38097018,0.308426112,0.072132327,0.005895247,4,State,urban/rural,Gender,statesector,1,Manipur,NA,NA,1,NA,NA,NA
3469,1,0.305333525,0.397259951,0.243104309,0.050768606,0.003533632,4,State,urban/rural,Gender,statesector,1,Manipur,NA,NA,2,NA,NA,NA
3470,1,NA,NA,NA,NA,NA,4,State,urban/rural,Gender,statesector,1,Manipur,NA,NA,NA,NA,NA,NA
3471,1,0.323686272,0.561455548,0.108855307,0.005530189,0.000472703,4,State,urban/rural,Gender,statesector,0,Meghalaya,NA,NA,1,NA,NA,NA
3472,1,0.30276373,0.519935191,0.169584751,0.007716334,0,4,State,urban/rural,Gender,statesector,0,Meghalaya,NA,NA,2,NA,NA,NA
3473,1,NA,NA,NA,NA,NA,4,State,urban/rural,Gender,statesector,0,Meghalaya,NA,NA,NA,NA,NA,NA
3474,1,0.136641055,0.525945842,0.31126377,0.026149323,0,4,State,urban/rural,Gender,statesector,1,Meghalaya,NA,NA,1,NA,NA,NA
3475,1,0.090918556,0.412005663,0.438968182,0.058107603,0,4,State,urban/rural,Gender,statesector,1,Meghalaya,NA,NA,2,NA,NA,NA
3476,1,0.538387895,0.349871367,0.090046711,0.020750554,0.00094345,4,State,urban/rural,Gender,statesector,0,Mizoram,NA,NA,1,NA,NA,NA
3477,1,0.392031938,0.414824426,0.191733316,0.001410298,0,4,State,urban/rural,Gender,statesector,0,Mizoram,NA,NA,2,NA,NA,NA
3478,1,0.237629816,0.330625206,0.227021337,0.092124693,0.112598941,4,State,urban/rural,Gender,statesector,1,Mizoram,NA,NA,1,NA,NA,NA
3479,1,0.060150001,0.330338806,0.508474171,0.079128839,0.021908166,4,State,urban/rural,Gender,statesector,1,Mizoram,NA,NA,2,NA,NA,NA
3480,1,0.39648959,0.519369483,0.082772136,0.00106453,0.00030428,4,State,urban/rural,Gender,statesector,0,Nagaland,NA,NA,1,NA,NA,NA
3481,1,0.424803615,0.491818964,0.06850338,0.01487403,0,4,State,urban/rural,Gender,statesector,0,Nagaland,NA,NA,2,NA,NA,NA
3482,1,NA,NA,NA,NA,NA,4,State,urban/rural,Gender,statesector,0,Nagaland,NA,NA,NA,NA,NA,NA
3483,1,0.195003957,0.420982391,0.335384399,0.040041253,0.008587984,4,State,urban/rural,Gender,statesector,1,Nagaland,NA,NA,1,NA,NA,NA
3484,1,0.090644665,0.548755109,0.32370013,0,0.036900107,4,State,urban/rural,Gender,statesector,1,Nagaland,NA,NA,2,NA,NA,NA
3485,1,NA,NA,NA,NA,NA,4,State,urban/rural,Gender,statesector,1,Nagaland,NA,NA,NA,NA,NA,NA
3486,1,0.711824059,0.248260275,0.036261983,0.003290969,0.000362729,4,State,urban/rural,Gender,statesector,0,Odisha,NA,NA,1,NA,NA,NA
3487,1,0.78616631,0.179753304,0.028461495,0.005618872,0,4,State,urban/rural,Gender,statesector,0,Odisha,NA,NA,2,NA,NA,NA
3488,1,NA,NA,NA,NA,NA,4,State,urban/rural,Gender,statesector,0,Odisha,NA,NA,NA,NA,NA,NA
3489,1,0.56706661,0.288957447,0.119802713,0.022919631,0.001253601,4,State,urban/rural,Gender,statesector,1,Odisha,NA,NA,1,NA,NA,NA
3490,1,0.626128614,0.324310333,0.03898862,0.010572422,0,4,State,urban/rural,Gender,statesector,1,Odisha,NA,NA,2,NA,NA,NA
3491,1,0.406826347,0.492089003,0.10108465,0,0,4,State,urban/rural,Gender,statesector,0,Puducherry,NA,NA,1,NA,NA,NA
3492,1,0.588863671,0.328324497,0.08281184,0,0,4,State,urban/rural,Gender,statesector,0,Puducherry,NA,NA,2,NA,NA,NA
3493,1,0.139347643,0.328915805,0.444293857,0.083825834,0.003616861,4,State,urban/rural,Gender,statesector,1,Puducherry,NA,NA,1,NA,NA,NA
3494,1,0.581650496,0.299793273,0.053698912,0.064857312,0,4,State,urban/rural,Gender,statesector,1,Puducherry,NA,NA,2,NA,NA,NA
3495,1,0.090375632,0.311012536,0.394727767,0.168993831,0.034890223,4,State,urban/rural,Gender,statesector,0,Punjab,NA,NA,1,NA,NA,NA
3496,1,0.081792541,0.511017144,0.268185616,0.11994341,0.019061314,4,State,urban/rural,Gender,statesector,0,Punjab,NA,NA,2,NA,NA,NA
3497,1,0.115538061,0.229324162,0.303775966,0.220813528,0.130548283,4,State,urban/rural,Gender,statesector,1,Punjab,NA,NA,1,NA,NA,NA
3498,1,0.059331436,0.214813083,0.137067005,0.358691007,0.230097473,4,State,urban/rural,Gender,statesector,1,Punjab,NA,NA,2,NA,NA,NA
3499,1,0.476278722,0.374192774,0.118611276,0.026444953,0.004472275,4,State,urban/rural,Gender,statesector,0,Rajasthan,NA,NA,1,NA,NA,NA
3500,1,0.492809981,0.363816559,0.104081221,0.031990688,0.007301575,4,State,urban/rural,Gender,statesector,0,Rajasthan,NA,NA,2,NA,NA,NA
3501,1,NA,NA,NA,NA,NA,4,State,urban/rural,Gender,statesector,0,Rajasthan,NA,NA,NA,NA,NA,NA
3502,1,0.160154596,0.347174972,0.283070177,0.142257839,0.067342415,4,State,urban/rural,Gender,statesector,1,Rajasthan,NA,NA,1,NA,NA,NA
3503,1,0.188534424,0.377983242,0.307466596,0.074029505,0.051986255,4,State,urban/rural,Gender,statesector,1,Rajasthan,NA,NA,2,NA,NA,NA
3504,1,0.049875144,0.495453268,0.441501886,0.01316969,0,4,State,urban/rural,Gender,statesector,0,Sikkim,NA,NA,1,NA,NA,NA
3505,1,0,0.713983357,0.242820367,0.043196265,0,4,State,urban/rural,Gender,statesector,0,Sikkim,NA,NA,2,NA,NA,NA
3506,1,0.033676933,0.244621903,0.207984999,0.440889031,0.072827131,4,State,urban/rural,Gender,statesector,1,Sikkim,NA,NA,1,NA,NA,NA
3507,1,0.705395579,0,0.294604421,0,0,4,State,urban/rural,Gender,statesector,1,Sikkim,NA,NA,2,NA,NA,NA
3508,1,0.288488895,0.52720499,0.163676187,0.018732842,0.001897081,4,State,urban/rural,Gender,statesector,0,Tamil Nadu,NA,NA,1,NA,NA,NA
3509,1,0.500366926,0.424719512,0.060693085,0.009984132,0.004236354,4,State,urban/rural,Gender,statesector,0,Tamil Nadu,NA,NA,2,NA,NA,NA
3510,1,NA,NA,NA,NA,NA,4,State,urban/rural,Gender,statesector,0,Tamil Nadu,NA,NA,NA,NA,NA,NA
3511,1,0.231031179,0.387066394,0.223461673,0.125902444,0.032538295,4,State,urban/rural,Gender,statesector,1,Tamil Nadu,NA,NA,1,NA,NA,NA
3512,1,0.503607094,0.301365703,0.150983661,0.034353796,0.009689745,4,State,urban/rural,Gender,statesector,1,Tamil Nadu,NA,NA,2,NA,NA,NA
3513,1,0.32432735,0.485856324,0.171391636,0.015765352,0.002659341,4,State,urban/rural,Gender,statesector,0,Telangana,NA,NA,1,NA,NA,NA
3514,1,0.477903098,0.417681962,0.100483373,0.003931552,0,4,State,urban/rural,Gender,statesector,0,Telangana,NA,NA,2,NA,NA,NA
3515,1,NA,NA,NA,NA,NA,4,State,urban/rural,Gender,statesector,0,Telangana,NA,NA,NA,NA,NA,NA
3516,1,0.163392767,0.293848932,0.354012966,0.18874535,0,4,State,urban/rural,Gender,statesector,1,Telangana,NA,NA,1,NA,NA,NA
3517,1,0.210535958,0.470196635,0.247567534,0.07169988,0,4,State,urban/rural,Gender,statesector,1,Telangana,NA,NA,2,NA,NA,NA
3518,1,0.442072123,0.525250137,0.03196007,0.000717679,0,4,State,urban/rural,Gender,statesector,0,Tripura,NA,NA,1,NA,NA,NA
3519,1,0.516104221,0.459596157,0.015536102,0.008763537,0,4,State,urban/rural,Gender,statesector,0,Tripura,NA,NA,2,NA,NA,NA
3520,1,0.203769937,0.66817677,0.128053308,0,0,4,State,urban/rural,Gender,statesector,1,Tripura,NA,NA,1,NA,NA,NA
3521,1,0.147438914,0.569079995,0.283481091,0,0,4,State,urban/rural,Gender,statesector,1,Tripura,NA,NA,2,NA,NA,NA
3522,1,0.604209065,0.28835547,0.086903729,0.017793149,0.002738562,4,State,urban/rural,Gender,statesector,0,Uttar Pradesh,NA,NA,1,NA,NA,NA
3523,1,0.64811033,0.272652566,0.066389665,0.011636755,0.001210677,4,State,urban/rural,Gender,statesector,0,Uttar Pradesh,NA,NA,2,NA,NA,NA
3524,1,NA,NA,NA,NA,NA,4,State,urban/rural,Gender,statesector,0,Uttar Pradesh,NA,NA,NA,NA,NA,NA
3525,1,0.223111302,0.273140877,0.268820077,0.187332705,0.047595035,4,State,urban/rural,Gender,statesector,1,Uttar Pradesh,NA,NA,1,NA,NA,NA
3526,1,0.321808308,0.280816883,0.201955333,0.152904868,0.042514607,4,State,urban/rural,Gender,statesector,1,Uttar Pradesh,NA,NA,2,NA,NA,NA
3527,1,0.213238791,0.528284848,0.215747073,0.035664778,0.007064539,4,State,urban/rural,Gender,statesector,0,Uttarakhand,NA,NA,1,NA,NA,NA
3528,1,0.323421955,0.503174305,0.150116399,0.023287309,0,4,State,urban/rural,Gender,statesector,0,Uttarakhand,NA,NA,2,NA,NA,NA
3529,1,0.159475967,0.165310621,0.427495241,0.204661936,0.043056242,4,State,urban/rural,Gender,statesector,1,Uttarakhand,NA,NA,1,NA,NA,NA
3530,1,0.157432467,0.184709251,0.366859585,0.207872137,0.08312656,4,State,urban/rural,Gender,statesector,1,Uttarakhand,NA,NA,2,NA,NA,NA
3531,1,0.601478696,0.355187029,0.042355109,0.000703043,0.000276096,4,State,urban/rural,Gender,statesector,0,West Bengal,NA,NA,1,NA,NA,NA
3532,1,0.733873248,0.241303638,0.024823142,0,0,4,State,urban/rural,Gender,statesector,0,West Bengal,NA,NA,2,NA,NA,NA
3533,1,NA,NA,NA,NA,NA,4,State,urban/rural,Gender,statesector,0,West Bengal,NA,NA,NA,NA,NA,NA
3534,1,0.427446097,0.406411052,0.153928846,0.012214012,0,4,State,urban/rural,Gender,statesector,1,West Bengal,NA,NA,1,NA,NA,NA
3535,1,0.519445956,0.340614021,0.090914749,0.049025275,0,4,State,urban/rural,Gender,statesector,1,West Bengal,NA,NA,2,NA,NA,NA
3536,1,0.720795929,0.236019641,0.039444711,0.003606661,0.00013309,4,National,All,HH Size,allindia,99,India,NA,NA,NA,1,NA,NA
3537,1,0.606516659,0.305100471,0.07426215,0.012218545,0.001902164,4,National,All,HH Size,allindia,99,India,NA,NA,NA,2 to 3,NA,NA
3538,1,0.535910308,0.32884559,0.105039686,0.025577916,0.004626482,4,National,All,HH Size,allindia,99,India,NA,NA,NA,4 to 6,NA,NA
3539,1,0.488603711,0.326472372,0.130988777,0.041199721,0.012735411,4,National,All,HH Size,allindia,99,India,NA,NA,NA,7+,NA,NA
3540,1,NA,NA,NA,NA,NA,4,National,All,HH Size,allindia,99,India,NA,NA,NA,NA,NA,NA
3541,1,0.738562465,0.229190424,0.031075465,0.001164753,6.92E-06,4,National,urban/rural,HH Size,indiasector,0,India,NA,NA,NA,1,NA,NA
3542,1,0.633636594,0.298861384,0.060211208,0.006441664,0.000849138,4,National,urban/rural,HH Size,indiasector,0,India,NA,NA,NA,2 to 3,NA,NA
3543,1,0.571007729,0.327407092,0.087535359,0.012673965,0.001375839,4,National,urban/rural,HH Size,indiasector,0,India,NA,NA,NA,4 to 6,NA,NA
3544,1,0.520969808,0.330028236,0.116309524,0.027418097,0.005274323,4,National,urban/rural,HH Size,indiasector,0,India,NA,NA,NA,7+,NA,NA
3545,1,NA,NA,NA,NA,NA,4,National,urban/rural,HH Size,indiasector,0,India,NA,NA,NA,NA,NA,NA
3546,1,0.588738978,0.286780536,0.101652481,0.021757122,0.001070872,4,National,urban/rural,HH Size,indiasector,1,India,NA,NA,NA,1,NA,NA
3547,1,0.357003003,0.362502277,0.203536242,0.065368056,0.011590407,4,National,urban/rural,HH Size,indiasector,1,India,NA,NA,NA,2 to 3,NA,NA
3548,1,0.247735679,0.340656579,0.248762682,0.131528497,0.031316563,4,National,urban/rural,HH Size,indiasector,1,India,NA,NA,NA,4 to 6,NA,NA
3549,1,0.210271031,0.295893669,0.257223159,0.159715012,0.076897144,4,National,urban/rural,HH Size,indiasector,1,India,NA,NA,NA,7+,NA,NA
3550,1,NA,NA,NA,NA,NA,4,National,urban/rural,HH Size,indiasector,1,India,NA,NA,NA,NA,NA,NA
3551,1,0.541698754,0.445698202,0.012603033,0,0,4,State,All,HH Size,state,99,Andaman & Nicobar Islands,NA,NA,NA,1,NA,NA
3552,1,0.344962001,0.295456976,0.335350484,0.024230575,0,4,State,All,HH Size,state,99,Andaman & Nicobar Islands,NA,NA,NA,2 to 3,NA,NA
3553,1,0.437650442,0.326252848,0.23082605,0.005270636,0,4,State,All,HH Size,state,99,Andaman & Nicobar Islands,NA,NA,NA,4 to 6,NA,NA
3554,1,0.21764715,0.443230331,0.069155268,0.152148485,0.117818758,4,State,All,HH Size,state,99,Andaman & Nicobar Islands,NA,NA,NA,7+,NA,NA
3555,1,0.497106552,0.416973084,0.081555232,0.004365128,0,4,State,All,HH Size,state,99,Andhra Pradesh,NA,NA,NA,1,NA,NA
3556,1,0.288675398,0.489174724,0.202417076,0.019732794,0,4,State,All,HH Size,state,99,Andhra Pradesh,NA,NA,NA,2 to 3,NA,NA
3557,1,0.17907311,0.440968394,0.316969454,0.059836689,0.003152358,4,State,All,HH Size,state,99,Andhra Pradesh,NA,NA,NA,4 to 6,NA,NA
3558,1,0.163035959,0.380976051,0.410715818,0.04527216,0,4,State,All,HH Size,state,99,Andhra Pradesh,NA,NA,NA,7+,NA,NA
3559,1,NA,NA,NA,NA,NA,4,State,All,HH Size,state,99,Andhra Pradesh,NA,NA,NA,NA,NA,NA
3560,1,0.638997495,0.312505037,0.044418924,0,0.004078576,4,State,All,HH Size,state,99,Arunachal Pradesh,NA,NA,NA,1,NA,NA
3561,1,0.585954607,0.320334882,0.076380365,0.015748776,0.001581348,4,State,All,HH Size,state,99,Arunachal Pradesh,NA,NA,NA,2 to 3,NA,NA
3562,1,0.537636459,0.354192466,0.08954756,0.015898535,0.002725003,4,State,All,HH Size,state,99,Arunachal Pradesh,NA,NA,NA,4 to 6,NA,NA
3563,1,0.511998713,0.322463572,0.11766918,0.019293424,0.028575134,4,State,All,HH Size,state,99,Arunachal Pradesh,NA,NA,NA,7+,NA,NA
3564,1,0.716907918,0.265674621,0.017417457,0,0,4,State,All,HH Size,state,99,Assam,NA,NA,NA,1,NA,NA
3565,1,0.53360635,0.414711356,0.051682301,0,0,4,State,All,HH Size,state,99,Assam,NA,NA,NA,2 to 3,NA,NA
3566,1,0.508886039,0.434404701,0.049567889,0.006281627,0.000859767,4,State,All,HH Size,state,99,Assam,NA,NA,NA,4 to 6,NA,NA
3567,1,0.468132079,0.45488444,0.071819782,0.004186284,0.000977427,4,State,All,HH Size,state,99,Assam,NA,NA,NA,7+,NA,NA
3568,1,NA,NA,NA,NA,NA,4,State,All,HH Size,state,99,Assam,NA,NA,NA,NA,NA,NA
3569,1,0.865532339,0.120738186,0.012589206,0.001140265,0,4,State,All,HH Size,state,99,Bihar,NA,NA,NA,1,NA,NA
3570,1,0.833974123,0.15115045,0.013701418,0.001116264,5.77E-05,4,State,All,HH Size,state,99,Bihar,NA,NA,NA,2 to 3,NA,NA
3571,1,0.777642608,0.190969467,0.026186256,0.005087648,0.000114035,4,State,All,HH Size,state,99,Bihar,NA,NA,NA,4 to 6,NA,NA
3572,1,0.711366713,0.237411708,0.040711332,0.00876461,0.001745666,4,State,All,HH Size,state,99,Bihar,NA,NA,NA,7+,NA,NA
3573,1,NA,NA,NA,NA,NA,4,State,All,HH Size,state,99,Bihar,NA,NA,NA,NA,NA,NA
3574,1,1,0,0,0,0,4,State,All,HH Size,state,99,Chandigarh,NA,NA,NA,1,NA,NA
3575,1,0,0.250473261,0.405173063,0.344353676,0,4,State,All,HH Size,state,99,Chandigarh,NA,NA,NA,2 to 3,NA,NA
3576,1,0.140473768,0.357794672,0.256029904,0.181463674,0.064237989,4,State,All,HH Size,state,99,Chandigarh,NA,NA,NA,4 to 6,NA,NA
3577,1,0.187858,0.107179075,0.3161439,0.388819009,0,4,State,All,HH Size,state,99,Chandigarh,NA,NA,NA,7+,NA,NA
3578,1,0.876137435,0.117273591,0.006588985,0,0,4,State,All,HH Size,state,99,Chhattisgarh,NA,NA,NA,1,NA,NA
3579,1,0.727360964,0.229922906,0.031230222,0.01026332,0.001222578,4,State,All,HH Size,state,99,Chhattisgarh,NA,NA,NA,2 to 3,NA,NA
3580,1,0.601391673,0.302784294,0.077538006,0.014977922,0.003308125,4,State,All,HH Size,state,99,Chhattisgarh,NA,NA,NA,4 to 6,NA,NA
3581,1,0.472788423,0.35108909,0.132969648,0.031167751,0.011985107,4,State,All,HH Size,state,99,Chhattisgarh,NA,NA,NA,7+,NA,NA
3582,1,0.417060971,0.320944011,0.261995018,0,0,4,State,All,HH Size,state,99,Dadra & Nagar Haveli,NA,NA,NA,1,NA,NA
3583,1,0.678626895,0.185590222,0.110755324,0.02502756,0,4,State,All,HH Size,state,99,Dadra & Nagar Haveli,NA,NA,NA,2 to 3,NA,NA
3584,1,0.516000748,0.32696718,0.118208893,0.038823146,0,4,State,All,HH Size,state,99,Dadra & Nagar Haveli,NA,NA,NA,4 to 6,NA,NA
3585,1,0.424288094,0.512853026,0.047839589,0.015019318,0,4,State,All,HH Size,state,99,Dadra & Nagar Haveli,NA,NA,NA,7+,NA,NA
3586,1,0,0.653358102,0.318416417,0,0.028225478,4,State,All,HH Size,state,99,Daman & Diu,NA,NA,NA,1,NA,NA
3587,1,0.049326193,0.609056056,0.288350284,0.053267453,0,4,State,All,HH Size,state,99,Daman & Diu,NA,NA,NA,2 to 3,NA,NA
3588,1,0.00456064,0.446528912,0.388207793,0.048858777,0.111843891,4,State,All,HH Size,state,99,Daman & Diu,NA,NA,NA,4 to 6,NA,NA
3589,1,0,0.561137795,0,0.438862205,0,4,State,All,HH Size,state,99,Daman & Diu,NA,NA,NA,7+,NA,NA
3590,1,0.388966024,0.157863274,0.381823003,0.005181745,0.066165939,4,State,All,HH Size,state,99,Delhi,NA,NA,NA,1,NA,NA
3591,1,0.049163405,0.178986907,0.599858105,0.171991602,0,4,State,All,HH Size,state,99,Delhi,NA,NA,NA,2 to 3,NA,NA
3592,1,0.044174161,0.155509517,0.417675823,0.298264354,0.084376134,4,State,All,HH Size,state,99,Delhi,NA,NA,NA,4 to 6,NA,NA
3593,1,0,0.094420552,0.391039968,0.237799451,0.276740044,4,State,All,HH Size,state,99,Delhi,NA,NA,NA,7+,NA,NA
3594,1,0,0.876027644,0.123972356,0,0,4,State,All,HH Size,state,99,Goa,NA,NA,NA,1,NA,NA
3595,1,0.039780121,0.610737026,0.257355452,0.092127413,0,4,State,All,HH Size,state,99,Goa,NA,NA,NA,2 to 3,NA,NA
3596,1,0,0.385787815,0.385749906,0.199047685,0.029414598,4,State,All,HH Size,state,99,Goa,NA,NA,NA,4 to 6,NA,NA
3597,1,0,0.322074145,0.414072752,0.202738091,0.061115004,4,State,All,HH Size,state,99,Goa,NA,NA,NA,7+,NA,NA
3598,1,0.612553775,0.346872121,0.035995405,0.00457871,0,4,State,All,HH Size,state,99,Gujarat,NA,NA,NA,1,NA,NA
3599,1,0.410743833,0.440258354,0.124857612,0.020888064,0.003252135,4,State,All,HH Size,state,99,Gujarat,NA,NA,NA,2 to 3,NA,NA
3600,1,0.321871072,0.45111385,0.179627433,0.037849396,0.009538244,4,State,All,HH Size,state,99,Gujarat,NA,NA,NA,4 to 6,NA,NA
3601,1,0.296526939,0.446297944,0.182308778,0.05369683,0.021169499,4,State,All,HH Size,state,99,Gujarat,NA,NA,NA,7+,NA,NA
3602,1,NA,NA,NA,NA,NA,4,State,All,HH Size,state,99,Gujarat,NA,NA,NA,NA,NA,NA
3603,1,0.348367453,0.527148843,0.124483712,0,0,4,State,All,HH Size,state,99,Haryana,NA,NA,NA,1,NA,NA
3604,1,0.184680864,0.424138099,0.250433326,0.120284081,0.020463631,4,State,All,HH Size,state,99,Haryana,NA,NA,NA,2 to 3,NA,NA
3605,1,0.118243024,0.31812501,0.332695097,0.17542842,0.055508461,4,State,All,HH Size,state,99,Haryana,NA,NA,NA,4 to 6,NA,NA
3606,1,0.1196106,0.305393726,0.310992211,0.17483893,0.089164525,4,State,All,HH Size,state,99,Haryana,NA,NA,NA,7+,NA,NA
3607,1,NA,NA,NA,NA,NA,4,State,All,HH Size,state,99,Haryana,NA,NA,NA,NA,NA,NA
3608,1,0.284411013,0.415115893,0.282147974,0.018325118,0,4,State,All,HH Size,state,99,Himachal Pradesh,NA,NA,NA,1,NA,NA
3609,1,0.177757651,0.530005872,0.226078451,0.066158004,0,4,State,All,HH Size,state,99,Himachal Pradesh,NA,NA,NA,2 to 3,NA,NA
3610,1,0.09819977,0.396265954,0.402641505,0.08228597,0.020606808,4,State,All,HH Size,state,99,Himachal Pradesh,NA,NA,NA,4 to 6,NA,NA
3611,1,0.088145018,0.421599358,0.309879601,0.156451985,0.023924029,4,State,All,HH Size,state,99,Himachal Pradesh,NA,NA,NA,7+,NA,NA
3612,1,NA,NA,NA,NA,NA,4,State,All,HH Size,state,99,Himachal Pradesh,NA,NA,NA,NA,NA,NA
3613,1,0.442970067,0.529956937,0.027073022,0,0,4,State,All,HH Size,state,99,Jammu & Kashmir,NA,NA,NA,1,NA,NA
3614,1,0.330176204,0.495178133,0.133905694,0.038591541,0.002148444,4,State,All,HH Size,state,99,Jammu & Kashmir,NA,NA,NA,2 to 3,NA,NA
3615,1,0.308804125,0.466724336,0.155886292,0.059772059,0.008813188,4,State,All,HH Size,state,99,Jammu & Kashmir,NA,NA,NA,4 to 6,NA,NA
3616,1,0.304540694,0.474764079,0.161365584,0.051632289,0.007697366,4,State,All,HH Size,state,99,Jammu & Kashmir,NA,NA,NA,7+,NA,NA
3617,1,0.884193778,0.10650903,0.0092972,0,0,4,State,All,HH Size,state,99,Jharkhand,NA,NA,NA,1,NA,NA
3618,1,0.818297565,0.144436255,0.033569045,0.002813394,0.000883772,4,State,All,HH Size,state,99,Jharkhand,NA,NA,NA,2 to 3,NA,NA
3619,1,0.730314314,0.211504325,0.049863067,0.006763254,0.001555034,4,State,All,HH Size,state,99,Jharkhand,NA,NA,NA,4 to 6,NA,NA
3620,1,0.663040042,0.237921298,0.080639139,0.016018806,0.0023807,4,State,All,HH Size,state,99,Jharkhand,NA,NA,NA,7+,NA,NA
3621,1,NA,NA,NA,NA,NA,4,State,All,HH Size,state,99,Jharkhand,NA,NA,NA,NA,NA,NA
3622,1,0.604684234,0.35141632,0.043899488,0,0,4,State,All,HH Size,state,99,Karnataka,NA,NA,NA,1,NA,NA
3623,1,0.346974432,0.509188056,0.135303557,0.008095785,0.000438184,4,State,All,HH Size,state,99,Karnataka,NA,NA,NA,2 to 3,NA,NA
3624,1,0.239321813,0.506886899,0.208422422,0.038815085,0.00655379,4,State,All,HH Size,state,99,Karnataka,NA,NA,NA,4 to 6,NA,NA
3625,1,0.175621912,0.438420117,0.30655846,0.063595921,0.015803576,4,State,All,HH Size,state,99,Karnataka,NA,NA,NA,7+,NA,NA
3626,1,NA,NA,NA,NA,NA,4,State,All,HH Size,state,99,Karnataka,NA,NA,NA,NA,NA,NA
3627,1,0.409093827,0.562739611,0.028166577,0,0,4,State,All,HH Size,state,99,Kerala,NA,NA,NA,1,NA,NA
3628,1,0.199701414,0.502501428,0.216631055,0,0.081166133,4,State,All,HH Size,state,99,Kerala,NA,NA,NA,2 to 3,NA,NA
3629,1,0.207705349,0.372799814,0.260078371,0.108541675,0.050874807,4,State,All,HH Size,state,99,Kerala,NA,NA,NA,4 to 6,NA,NA
3630,1,0.206587061,0.125201583,0.385810822,0,0.282400519,4,State,All,HH Size,state,99,Kerala,NA,NA,NA,7+,NA,NA
3631,1,NA,NA,NA,NA,NA,4,State,All,HH Size,state,99,Kerala,NA,NA,NA,NA,NA,NA
3632,1,0.45120737,0,0,0.54879266,0,4,State,All,HH Size,state,99,Lakshadweep,NA,NA,NA,4 to 6,NA,NA
3633,1,0,0,0.162392542,0.349714488,0.487892956,4,State,All,HH Size,state,99,Lakshadweep,NA,NA,NA,7+,NA,NA
3634,1,0.840867221,0.127145931,0.029552579,0.002434242,0,4,State,All,HH Size,state,99,Madhya Pradesh,NA,NA,NA,1,NA,NA
3635,1,0.694906771,0.242137641,0.052158531,0.009059428,0.001737639,4,State,All,HH Size,state,99,Madhya Pradesh,NA,NA,NA,2 to 3,NA,NA
3636,1,0.565421999,0.310646296,0.094480641,0.025788581,0.003662503,4,State,All,HH Size,state,99,Madhya Pradesh,NA,NA,NA,4 to 6,NA,NA
3637,1,0.489415526,0.320996642,0.136839867,0.041048214,0.011699749,4,State,All,HH Size,state,99,Madhya Pradesh,NA,NA,NA,7+,NA,NA
3638,1,NA,NA,NA,NA,NA,4,State,All,HH Size,state,99,Madhya Pradesh,NA,NA,NA,NA,NA,NA
3639,1,0.679227471,0.261435121,0.04702539,0.012312013,0,4,State,All,HH Size,state,99,Maharashtra,NA,NA,NA,1,NA,NA
3640,1,0.512071192,0.380804121,0.090756848,0.015500943,0.000866901,4,State,All,HH Size,state,99,Maharashtra,NA,NA,NA,2 to 3,NA,NA
3641,1,0.368099213,0.430775374,0.158733249,0.033304274,0.009087908,4,State,All,HH Size,state,99,Maharashtra,NA,NA,NA,4 to 6,NA,NA
3642,1,0.320776701,0.367424965,0.210811108,0.074643292,0.026343949,4,State,All,HH Size,state,99,Maharashtra,NA,NA,NA,7+,NA,NA
3643,1,NA,NA,NA,NA,NA,4,State,All,HH Size,state,99,Maharashtra,NA,NA,NA,NA,NA,NA
3644,1,0.549765408,0.371566951,0.056722399,0.021945216,0,4,State,All,HH Size,state,99,Manipur,NA,NA,NA,1,NA,NA
3645,1,0.357011944,0.476843119,0.145604804,0.020540133,0,4,State,All,HH Size,state,99,Manipur,NA,NA,NA,2 to 3,NA,NA
3646,1,0.251830935,0.494386256,0.216032907,0.03678792,0.000961958,4,State,All,HH Size,state,99,Manipur,NA,NA,NA,4 to 6,NA,NA
3647,1,0.225318298,0.446334124,0.236643836,0.080135055,0.011568683,4,State,All,HH Size,state,99,Manipur,NA,NA,NA,7+,NA,NA
3648,1,NA,NA,NA,NA,NA,4,State,All,HH Size,state,99,Manipur,NA,NA,NA,NA,NA,NA
3649,1,0.525193214,0.398521245,0.076285526,0,0,4,State,All,HH Size,state,99,Meghalaya,NA,NA,NA,1,NA,NA
3650,1,0.396620512,0.527569175,0.072687529,0.003122776,0,4,State,All,HH Size,state,99,Meghalaya,NA,NA,NA,2 to 3,NA,NA
3651,1,0.292893678,0.559983492,0.142541975,0.004271164,0.000309665,4,State,All,HH Size,state,99,Meghalaya,NA,NA,NA,4 to 6,NA,NA
3652,1,0.235840127,0.551788688,0.191644043,0.020129381,0.000597762,4,State,All,HH Size,state,99,Meghalaya,NA,NA,NA,7+,NA,NA
3653,1,NA,NA,NA,NA,NA,4,State,All,HH Size,state,99,Meghalaya,NA,NA,NA,NA,NA,NA
3654,1,0.433671236,0.444877118,0.121451668,0,0,4,State,All,HH Size,state,99,Mizoram,NA,NA,NA,1,NA,NA
3655,1,0.533635736,0.318043083,0.108599089,0.013859306,0.025862766,4,State,All,HH Size,state,99,Mizoram,NA,NA,NA,2 to 3,NA,NA
3656,1,0.487100154,0.345086962,0.134673759,0.028512305,0.004626824,4,State,All,HH Size,state,99,Mizoram,NA,NA,NA,4 to 6,NA,NA
3657,1,0.418642253,0.415511966,0.108072735,0.048724193,0.009048836,4,State,All,HH Size,state,99,Mizoram,NA,NA,NA,7+,NA,NA
3658,1,0.437516689,0.505701005,0.052855767,0.003926526,0,4,State,All,HH Size,state,99,Nagaland,NA,NA,NA,1,NA,NA
3659,1,0.374185443,0.513936341,0.108270586,0.002389076,0.001218562,4,State,All,HH Size,state,99,Nagaland,NA,NA,NA,2 to 3,NA,NA
3660,1,0.348122239,0.507850051,0.133262277,0.007604896,0.003160554,4,State,All,HH Size,state,99,Nagaland,NA,NA,NA,4 to 6,NA,NA
3661,1,0.356619447,0.475361139,0.144911483,0.020692522,0.002415418,4,State,All,HH Size,state,99,Nagaland,NA,NA,NA,7+,NA,NA
3662,1,NA,NA,NA,NA,NA,4,State,All,HH Size,state,99,Nagaland,NA,NA,NA,NA,NA,NA
3663,1,0.872693956,0.111234009,0.016072029,0,0,4,State,All,HH Size,state,99,Odisha,NA,NA,NA,1,NA,NA
3664,1,0.741972268,0.219900727,0.034008931,0.004118072,0,4,State,All,HH Size,state,99,Odisha,NA,NA,NA,2 to 3,NA,NA
3665,1,0.690348327,0.262018293,0.042969249,0.004285752,0.000378365,4,State,All,HH Size,state,99,Odisha,NA,NA,NA,4 to 6,NA,NA
3666,1,0.662004054,0.277130455,0.049002148,0.010505853,0.001357461,4,State,All,HH Size,state,99,Odisha,NA,NA,NA,7+,NA,NA
3667,1,NA,NA,NA,NA,NA,4,State,All,HH Size,state,99,Odisha,NA,NA,NA,NA,NA,NA
3668,1,0.755119681,0.230552867,0.014327441,0,0,4,State,All,HH Size,state,99,Puducherry,NA,NA,NA,1,NA,NA
3669,1,0.288161486,0.557071209,0.085080102,0.065598056,0.004089153,4,State,All,HH Size,state,99,Puducherry,NA,NA,NA,2 to 3,NA,NA
3670,1,0.260509133,0.404064894,0.307994723,0.027431251,0,4,State,All,HH Size,state,99,Puducherry,NA,NA,NA,4 to 6,NA,NA
3671,1,0.242605194,0.45805496,0.231183782,0.068156064,0,4,State,All,HH Size,state,99,Puducherry,NA,NA,NA,7+,NA,NA
3672,1,0.342949212,0.5186584,0.124472477,0.013919878,0,4,State,All,HH Size,state,99,Punjab,NA,NA,NA,1,NA,NA
3673,1,0.101401694,0.48657757,0.250632942,0.147280976,0.014106835,4,State,All,HH Size,state,99,Punjab,NA,NA,NA,2 to 3,NA,NA
3674,1,0.075644374,0.259611338,0.427193433,0.189360976,0.048189886,4,State,All,HH Size,state,99,Punjab,NA,NA,NA,4 to 6,NA,NA
3675,1,0.062917389,0.164935306,0.337613344,0.256726235,0.177807733,4,State,All,HH Size,state,99,Punjab,NA,NA,NA,7+,NA,NA
3676,1,0.660031915,0.290880859,0.047543433,0.001543774,0,4,State,All,HH Size,state,99,Rajasthan,NA,NA,NA,1,NA,NA
3677,1,0.493232399,0.381368339,0.100027382,0.020732909,0.00463897,4,State,All,HH Size,state,99,Rajasthan,NA,NA,NA,2 to 3,NA,NA
3678,1,0.437738776,0.385307103,0.134894162,0.034261473,0.007798491,4,State,All,HH Size,state,99,Rajasthan,NA,NA,NA,4 to 6,NA,NA
3679,1,0.40611127,0.350017488,0.165178999,0.05865366,0.020038581,4,State,All,HH Size,state,99,Rajasthan,NA,NA,NA,7+,NA,NA
3680,1,NA,NA,NA,NA,NA,4,State,All,HH Size,state,99,Rajasthan,NA,NA,NA,NA,NA,NA
3681,1,0.278377116,0.639496624,0.082126237,0,0,4,State,All,HH Size,state,99,Sikkim,NA,NA,NA,1,NA,NA
3682,1,0.022687294,0.504624605,0.420902222,0.031224011,0.020561885,4,State,All,HH Size,state,99,Sikkim,NA,NA,NA,2 to 3,NA,NA
3683,1,0.029665519,0.448636115,0.387205899,0.134492487,0,4,State,All,HH Size,state,99,Sikkim,NA,NA,NA,4 to 6,NA,NA
3684,1,0.119968534,0.300564498,0.419449449,0.082631119,0.077386402,4,State,All,HH Size,state,99,Sikkim,NA,NA,NA,7+,NA,NA
3685,1,0.593885005,0.36085543,0.04189083,0.003368742,0,4,State,All,HH Size,state,99,Tamil Nadu,NA,NA,NA,1,NA,NA
3686,1,0.38561821,0.470203221,0.108048551,0.029418232,0.006711792,4,State,All,HH Size,state,99,Tamil Nadu,NA,NA,NA,2 to 3,NA,NA
3687,1,0.200210437,0.515306592,0.229157507,0.046688221,0.008637257,4,State,All,HH Size,state,99,Tamil Nadu,NA,NA,NA,4 to 6,NA,NA
3688,1,0.176137805,0.522550464,0.20898445,0.064947776,0.027379526,4,State,All,HH Size,state,99,Tamil Nadu,NA,NA,NA,7+,NA,NA
3689,1,NA,NA,NA,NA,NA,4,State,All,HH Size,state,99,Tamil Nadu,NA,NA,NA,NA,NA,NA
3690,1,0.592879474,0.310774446,0.096346103,0,0,4,State,All,HH Size,state,99,Telangana,NA,NA,NA,1,NA,NA
3691,1,0.364412099,0.473021477,0.147494242,0.013814831,0.001257332,4,State,All,HH Size,state,99,Telangana,NA,NA,NA,2 to 3,NA,NA
3692,1,0.248159602,0.474249363,0.227912769,0.04810011,0.001578176,4,State,All,HH Size,state,99,Telangana,NA,NA,NA,4 to 6,NA,NA
3693,1,0.20620507,0.50330174,0.182365671,0.098564148,0.009563372,4,State,All,HH Size,state,99,Telangana,NA,NA,NA,7+,NA,NA
3694,1,NA,NA,NA,NA,NA,4,State,All,HH Size,state,99,Telangana,NA,NA,NA,NA,NA,NA
3695,1,0.463663161,0.465851873,0.055522993,0.014961958,0,4,State,All,HH Size,state,99,Tripura,NA,NA,NA,1,NA,NA
3696,1,0.429958165,0.507760286,0.062281575,0,0,4,State,All,HH Size,state,99,Tripura,NA,NA,NA,2 to 3,NA,NA
3697,1,0.410477012,0.552992463,0.035489887,0.001040618,0,4,State,All,HH Size,state,99,Tripura,NA,NA,NA,4 to 6,NA,NA
3698,1,0.366846174,0.563912332,0.069241516,0,0,4,State,All,HH Size,state,99,Tripura,NA,NA,NA,7+,NA,NA
3699,1,0.831825137,0.13708809,0.028733943,0.002352837,0,4,State,All,HH Size,state,99,Uttar Pradesh,NA,NA,NA,1,NA,NA
3700,1,0.686871707,0.234235197,0.06225872,0.013470037,0.00316434,4,State,All,HH Size,state,99,Uttar Pradesh,NA,NA,NA,2 to 3,NA,NA
3701,1,0.572030842,0.292751849,0.097875461,0.032213341,0.0051285,4,State,All,HH Size,state,99,Uttar Pradesh,NA,NA,NA,4 to 6,NA,NA
3702,1,0.46444875,0.326492846,0.1421455,0.053504992,0.01340792,4,State,All,HH Size,state,99,Uttar Pradesh,NA,NA,NA,7+,NA,NA
3703,1,NA,NA,NA,NA,NA,4,State,All,HH Size,state,99,Uttar Pradesh,NA,NA,NA,NA,NA,NA
3704,1,0.477505535,0.457773566,0.059968654,0.004752224,0,4,State,All,HH Size,state,99,Uttarakhand,NA,NA,NA,1,NA,NA
3705,1,0.269025147,0.520178378,0.177354604,0.033441868,0,4,State,All,HH Size,state,99,Uttarakhand,NA,NA,NA,2 to 3,NA,NA
3706,1,0.176853582,0.460657358,0.287485987,0.058107413,0.016895659,4,State,All,HH Size,state,99,Uttarakhand,NA,NA,NA,4 to 6,NA,NA
3707,1,0.171751648,0.432850093,0.259693861,0.117997438,0.017706988,4,State,All,HH Size,state,99,Uttarakhand,NA,NA,NA,7+,NA,NA
3708,1,0.783868194,0.184078276,0.022156687,0.009896815,0,4,State,All,HH Size,state,99,West Bengal,NA,NA,NA,1,NA,NA
3709,1,0.657727838,0.292091042,0.047755618,0.002425527,0,4,State,All,HH Size,state,99,West Bengal,NA,NA,NA,2 to 3,NA,NA
3710,1,0.562373519,0.379507482,0.054256346,0.003862687,0,4,State,All,HH Size,state,99,West Bengal,NA,NA,NA,4 to 6,NA,NA
3711,1,0.493909776,0.412993699,0.090789616,0.000626706,0.001680178,4,State,All,HH Size,state,99,West Bengal,NA,NA,NA,7+,NA,NA
3712,1,NA,NA,NA,NA,NA,4,State,All,HH Size,state,99,West Bengal,NA,NA,NA,NA,NA,NA
3713,1,0.541698754,0.445698202,0.012603033,0,0,4,State,urban/rural,HH Size,statesector,0,Andaman & Nicobar Islands,NA,NA,NA,1,NA,NA
3714,1,0.37544027,0.321561337,0.276626974,0.026371408,0,4,State,urban/rural,HH Size,statesector,0,Andaman & Nicobar Islands,NA,NA,NA,2 to 3,NA,NA
3715,1,0.453440547,0.321471691,0.219474435,0.005613352,0,4,State,urban/rural,HH Size,statesector,0,Andaman & Nicobar Islands,NA,NA,NA,4 to 6,NA,NA
3716,1,0.21764715,0.443230331,0.069155268,0.152148485,0.117818758,4,State,urban/rural,HH Size,statesector,0,Andaman & Nicobar Islands,NA,NA,NA,7+,NA,NA
3717,1,0,0,1,0,0,4,State,urban/rural,HH Size,statesector,1,Andaman & Nicobar Islands,NA,NA,NA,2 to 3,NA,NA
3718,1,0.194814786,0.399782628,0.405402601,0,0,4,State,urban/rural,HH Size,statesector,1,Andaman & Nicobar Islands,NA,NA,NA,4 to 6,NA,NA
3719,1,0.506468773,0.413238883,0.080292344,0,0,4,State,urban/rural,HH Size,statesector,0,Andhra Pradesh,NA,NA,NA,1,NA,NA
3720,1,0.302867472,0.485253632,0.19599548,0.015883403,0,4,State,urban/rural,HH Size,statesector,0,Andhra Pradesh,NA,NA,NA,2 to 3,NA,NA
3721,1,0.200508624,0.456768245,0.307020962,0.035702188,0,4,State,urban/rural,HH Size,statesector,0,Andhra Pradesh,NA,NA,NA,4 to 6,NA,NA
3722,1,0.162163526,0.412571341,0.397679269,0.027585881,0,4,State,urban/rural,HH Size,statesector,0,Andhra Pradesh,NA,NA,NA,7+,NA,NA
3723,1,NA,NA,NA,NA,NA,4,State,urban/rural,HH Size,statesector,0,Andhra Pradesh,NA,NA,NA,NA,NA,NA
3724,1,0.409121186,0.452066928,0.093423769,0.045388106,0,4,State,urban/rural,HH Size,statesector,1,Andhra Pradesh,NA,NA,NA,1,NA,NA
3725,1,0.124513716,0.53453052,0.276696563,0.064259216,0,4,State,urban/rural,HH Size,statesector,1,Andhra Pradesh,NA,NA,NA,2 to 3,NA,NA
3726,1,0.026723567,0.328673542,0.387676775,0.231368855,0.025557242,4,State,urban/rural,HH Size,statesector,1,Andhra Pradesh,NA,NA,NA,4 to 6,NA,NA
3727,1,0.171870187,0.061045364,0.542722702,0.224361777,0,4,State,urban/rural,HH Size,statesector,1,Andhra Pradesh,NA,NA,NA,7+,NA,NA
3728,1,0.66935581,0.290662915,0.03520266,0,0.00477865,4,State,urban/rural,HH Size,statesector,0,Arunachal Pradesh,NA,NA,NA,1,NA,NA
3729,1,0.601403117,0.313250601,0.069985859,0.013691008,0.001669435,4,State,urban/rural,HH Size,statesector,0,Arunachal Pradesh,NA,NA,NA,2 to 3,NA,NA
3730,1,0.560976267,0.354013056,0.072093509,0.011123572,0.001793586,4,State,urban/rural,HH Size,statesector,0,Arunachal Pradesh,NA,NA,NA,4 to 6,NA,NA
3731,1,0.551892042,0.317223817,0.112145074,0.005992224,0.012746823,4,State,urban/rural,HH Size,statesector,0,Arunachal Pradesh,NA,NA,NA,7+,NA,NA
3732,1,0.462132215,0.439755589,0.098112203,0,0,4,State,urban/rural,HH Size,statesector,1,Arunachal Pradesh,NA,NA,NA,1,NA,NA
3733,1,0.30862236,0.447512627,0.191175044,0.052689973,0,4,State,urban/rural,HH Size,statesector,1,Arunachal Pradesh,NA,NA,NA,2 to 3,NA,NA
3734,1,0.16845344,0.357030332,0.365630805,0.091427542,0.017457886,4,State,urban/rural,HH Size,statesector,1,Arunachal Pradesh,NA,NA,NA,4 to 6,NA,NA
3735,1,0.048206005,0.383380085,0.181891322,0.173930585,0.212591976,4,State,urban/rural,HH Size,statesector,1,Arunachal Pradesh,NA,NA,NA,7+,NA,NA
3736,1,0.73142755,0.254746526,0.013825917,0,0,4,State,urban/rural,HH Size,statesector,0,Assam,NA,NA,NA,1,NA,NA
3737,1,0.54529351,0.40966922,0.045037266,0,0,4,State,urban/rural,HH Size,statesector,0,Assam,NA,NA,NA,2 to 3,NA,NA
3738,1,0.519881725,0.434414655,0.042243779,0.002868133,0.000591701,4,State,urban/rural,HH Size,statesector,0,Assam,NA,NA,NA,4 to 6,NA,NA
3739,1,0.473736137,0.45992732,0.064299665,0.002036879,0,4,State,urban/rural,HH Size,statesector,0,Assam,NA,NA,NA,7+,NA,NA
3740,1,NA,NA,NA,NA,NA,4,State,urban/rural,HH Size,statesector,0,Assam,NA,NA,NA,NA,NA,NA
3741,1,0.549955487,0.391330183,0.058714326,0,0,4,State,urban/rural,HH Size,statesector,1,Assam,NA,NA,NA,1,NA,NA
3742,1,0.363017738,0.488307536,0.148674741,0,0,4,State,urban/rural,HH Size,statesector,1,Assam,NA,NA,NA,2 to 3,NA,NA
3743,1,0.267729014,0.434186637,0.210199416,0.081145957,0.006738963,4,State,urban/rural,HH Size,statesector,1,Assam,NA,NA,NA,4 to 6,NA,NA
3744,1,0.247500852,0.256346345,0.367886007,0.088808171,0.039458629,4,State,urban/rural,HH Size,statesector,1,Assam,NA,NA,NA,7+,NA,NA
3745,1,0.873966396,0.115957186,0.008864898,0.001211504,0,4,State,urban/rural,HH Size,statesector,0,Bihar,NA,NA,NA,1,NA,NA
3746,1,0.842915535,0.145308435,0.011571476,0.000144094,6.04E-05,4,State,urban/rural,HH Size,statesector,0,Bihar,NA,NA,NA,2 to 3,NA,NA
3747,1,0.790551245,0.187479883,0.019708913,0.002259949,0,4,State,urban/rural,HH Size,statesector,0,Bihar,NA,NA,NA,4 to 6,NA,NA
3748,1,0.728593528,0.228521124,0.034898032,0.007252747,0.000734553,4,State,urban/rural,HH Size,statesector,0,Bihar,NA,NA,NA,7+,NA,NA
3749,1,NA,NA,NA,NA,NA,4,State,urban/rural,HH Size,statesector,0,Bihar,NA,NA,NA,NA,NA,NA
3750,1,0.730536103,0.197263166,0.072200738,0,0,4,State,urban/rural,HH Size,statesector,1,Bihar,NA,NA,NA,1,NA,NA
3751,1,0.645529866,0.274273962,0.058590971,0.021605214,0,4,State,urban/rural,HH Size,statesector,1,Bihar,NA,NA,NA,2 to 3,NA,NA
3752,1,0.561827242,0.249310687,0.134478584,0.05236293,0.002020543,4,State,urban/rural,HH Size,statesector,1,Bihar,NA,NA,NA,4 to 6,NA,NA
3753,1,0.423261642,0.386099339,0.137934044,0.034049273,0.018655708,4,State,urban/rural,HH Size,statesector,1,Bihar,NA,NA,NA,7+,NA,NA
3754,1,1,0,0,0,0,4,State,urban/rural,HH Size,statesector,0,Chandigarh,NA,NA,NA,1,NA,NA
3755,1,0,0,0,1,0,4,State,urban/rural,HH Size,statesector,0,Chandigarh,NA,NA,NA,2 to 3,NA,NA
3756,1,0,0.666666687,0.333333343,0,0,4,State,urban/rural,HH Size,statesector,0,Chandigarh,NA,NA,NA,4 to 6,NA,NA
3757,1,0,0,1,0,0,4,State,urban/rural,HH Size,statesector,0,Chandigarh,NA,NA,NA,7+,NA,NA
3758,1,1,0,0,0,0,4,State,urban/rural,HH Size,statesector,1,Chandigarh,NA,NA,NA,1,NA,NA
3759,1,0,0.305653155,0.494433731,0.199913099,0,4,State,urban/rural,HH Size,statesector,1,Chandigarh,NA,NA,NA,2 to 3,NA,NA
3760,1,0.179363027,0.272285461,0.234628946,0.231700718,0.082021862,4,State,urban/rural,HH Size,statesector,1,Chandigarh,NA,NA,NA,4 to 6,NA,NA
3761,1,0.237483755,0.135492176,0.135492176,0.491531879,0,4,State,urban/rural,HH Size,statesector,1,Chandigarh,NA,NA,NA,7+,NA,NA
3762,1,0.894976497,0.103717916,0.001305571,0,0,4,State,urban/rural,HH Size,statesector,0,Chhattisgarh,NA,NA,NA,1,NA,NA
3763,1,0.753607929,0.218602702,0.022817096,0.004756168,0.00021608,4,State,urban/rural,HH Size,statesector,0,Chhattisgarh,NA,NA,NA,2 to 3,NA,NA
3764,1,0.632336438,0.296321034,0.064230584,0.006894326,0.00021764,4,State,urban/rural,HH Size,statesector,0,Chhattisgarh,NA,NA,NA,4 to 6,NA,NA
3765,1,0.492875457,0.350916773,0.12526232,0.026295511,0.004649945,4,State,urban/rural,HH Size,statesector,0,Chhattisgarh,NA,NA,NA,7+,NA,NA
3766,1,0.713194311,0.234519392,0.052286301,0,0,4,State,urban/rural,HH Size,statesector,1,Chhattisgarh,NA,NA,NA,1,NA,NA
3767,1,0.425314754,0.360194087,0.128047183,0.073638782,0.012805201,4,State,urban/rural,HH Size,statesector,1,Chhattisgarh,NA,NA,NA,2 to 3,NA,NA
3768,1,0.240270332,0.378209531,0.232833967,0.109312482,0.039373696,4,State,urban/rural,HH Size,statesector,1,Chhattisgarh,NA,NA,NA,4 to 6,NA,NA
3769,1,0.155122384,0.353814185,0.254856974,0.108219638,0.127986819,4,State,urban/rural,HH Size,statesector,1,Chhattisgarh,NA,NA,NA,7+,NA,NA
3770,1,0.417060971,0.320944011,0.261995018,0,0,4,State,urban/rural,HH Size,statesector,0,Dadra & Nagar Haveli,NA,NA,NA,1,NA,NA
3771,1,0.760186315,0.181013659,0.029400002,0.029400002,0,4,State,urban/rural,HH Size,statesector,0,Dadra & Nagar Haveli,NA,NA,NA,2 to 3,NA,NA
3772,1,0.55252409,0.332353354,0.094220616,0.020901954,0,4,State,urban/rural,HH Size,statesector,0,Dadra & Nagar Haveli,NA,NA,NA,4 to 6,NA,NA
3773,1,0.438690692,0.511845827,0.049463522,0,0,4,State,urban/rural,HH Size,statesector,0,Dadra & Nagar Haveli,NA,NA,NA,7+,NA,NA
3774,1,0.211786181,0.211786181,0.576427639,0,0,4,State,urban/rural,HH Size,statesector,1,Dadra & Nagar Haveli,NA,NA,NA,2 to 3,NA,NA
3775,1,0.116700858,0.268081516,0.38046661,0.234750986,0,4,State,urban/rural,HH Size,statesector,1,Dadra & Nagar Haveli,NA,NA,NA,4 to 6,NA,NA
3776,1,0,0.542524517,0,0.457475513,0,4,State,urban/rural,HH Size,statesector,1,Dadra & Nagar Haveli,NA,NA,NA,7+,NA,NA
3777,1,0,0.709096193,0.250415146,0,0.040488686,4,State,urban/rural,HH Size,statesector,0,Daman & Diu,NA,NA,NA,1,NA,NA
3778,1,0,0.643301427,0.356698573,0,0,4,State,urban/rural,HH Size,statesector,0,Daman & Diu,NA,NA,NA,2 to 3,NA,NA
3779,1,0.019409243,0.418423057,0.387965709,0.109186918,0.065015085,4,State,urban/rural,HH Size,statesector,0,Daman & Diu,NA,NA,NA,4 to 6,NA,NA
3780,1,0,0.525069237,0.474930793,0,0,4,State,urban/rural,HH Size,statesector,1,Daman & Diu,NA,NA,NA,1,NA,NA
3781,1,0.056175739,0.604300678,0.278859288,0.060664292,0,4,State,urban/rural,HH Size,statesector,1,Daman & Diu,NA,NA,NA,2 to 3,NA,NA
3782,1,0,0.455161393,0.38828215,0.030329429,0.126227021,4,State,urban/rural,HH Size,statesector,1,Daman & Diu,NA,NA,NA,4 to 6,NA,NA
3783,1,0,0.561137795,0,0.438862205,0,4,State,urban/rural,HH Size,statesector,1,Daman & Diu,NA,NA,NA,7+,NA,NA
3784,1,0,1,0,0,0,4,State,urban/rural,HH Size,statesector,0,Delhi,NA,NA,NA,2 to 3,NA,NA
3785,1,0,1,0,0,0,4,State,urban/rural,HH Size,statesector,0,Delhi,NA,NA,NA,4 to 6,NA,NA
3786,1,0.388966024,0.157863274,0.381823003,0.005181745,0.066165939,4,State,urban/rural,HH Size,statesector,1,Delhi,NA,NA,NA,1,NA,NA
3787,1,0.049506493,0.173257455,0.604044199,0.173191845,0,4,State,urban/rural,HH Size,statesector,1,Delhi,NA,NA,NA,2 to 3,NA,NA
3788,1,0.044625439,0.146882311,0.421942741,0.301311404,0.085238114,4,State,urban/rural,HH Size,statesector,1,Delhi,NA,NA,NA,4 to 6,NA,NA
3789,1,0,0.094420552,0.391039968,0.237799451,0.276740044,4,State,urban/rural,HH Size,statesector,1,Delhi,NA,NA,NA,7+,NA,NA
3790,1,0,0.678860545,0.321139425,0,0,4,State,urban/rural,HH Size,statesector,0,Goa,NA,NA,NA,1,NA,NA
3791,1,0.058216035,0.805063188,0.071189106,0.065531701,0,4,State,urban/rural,HH Size,statesector,0,Goa,NA,NA,NA,2 to 3,NA,NA
3792,1,0,0.48819378,0.485540956,0.026265273,0,4,State,urban/rural,HH Size,statesector,0,Goa,NA,NA,NA,4 to 6,NA,NA
3793,1,0,0.427399665,0.232049599,0.197577268,0.142973468,4,State,urban/rural,HH Size,statesector,0,Goa,NA,NA,NA,7+,NA,NA
3794,1,0,1,0,0,0,4,State,urban/rural,HH Size,statesector,1,Goa,NA,NA,NA,1,NA,NA
3795,1,0,0.191429436,0.659056187,0.149514347,0,4,State,urban/rural,HH Size,statesector,1,Goa,NA,NA,NA,2 to 3,NA,NA
3796,1,0,0.2817927,0.284410268,0.374511361,0.059285659,4,State,urban/rural,HH Size,statesector,1,Goa,NA,NA,NA,4 to 6,NA,NA
3797,1,0,0.243438795,0.54997009,0.206591144,0,4,State,urban/rural,HH Size,statesector,1,Goa,NA,NA,NA,7+,NA,NA
3798,1,0.638675988,0.339822233,0.016389566,0.005112219,0,4,State,urban/rural,HH Size,statesector,0,Gujarat,NA,NA,NA,1,NA,NA
3799,1,0.440692484,0.454964399,0.096710868,0.006355544,0.001276722,4,State,urban/rural,HH Size,statesector,0,Gujarat,NA,NA,NA,2 to 3,NA,NA
3800,1,0.353886217,0.4760153,0.151074663,0.018228235,0.00079561,4,State,urban/rural,HH Size,statesector,0,Gujarat,NA,NA,NA,4 to 6,NA,NA
3801,1,0.310111851,0.468704849,0.180000201,0.037388749,0.00379435,4,State,urban/rural,HH Size,statesector,0,Gujarat,NA,NA,NA,7+,NA,NA
3802,1,NA,NA,NA,NA,NA,4,State,urban/rural,HH Size,statesector,0,Gujarat,NA,NA,NA,NA,NA,NA
3803,1,0.388366163,0.407376111,0.204257712,0,0,4,State,urban/rural,HH Size,statesector,1,Gujarat,NA,NA,NA,1,NA,NA
3804,1,0.224032611,0.348575383,0.300335079,0.111489311,0.015567606,4,State,urban/rural,HH Size,statesector,1,Gujarat,NA,NA,NA,2 to 3,NA,NA
3805,1,0.140639022,0.31015113,0.341259658,0.1489214,0.059028778,4,State,urban/rural,HH Size,statesector,1,Gujarat,NA,NA,NA,4 to 6,NA,NA
3806,1,0.191230923,0.272622794,0.200202465,0.180100173,0.15584366,4,State,urban/rural,HH Size,statesector,1,Gujarat,NA,NA,NA,7+,NA,NA
3807,1,0.425269783,0.486761242,0.08796899,0,0,4,State,urban/rural,HH Size,statesector,0,Haryana,NA,NA,NA,1,NA,NA
3808,1,0.235547557,0.436892956,0.25382939,0.059982933,0.013747161,4,State,urban/rural,HH Size,statesector,0,Haryana,NA,NA,NA,2 to 3,NA,NA
3809,1,0.128684998,0.349936396,0.362874985,0.134330168,0.024173442,4,State,urban/rural,HH Size,statesector,0,Haryana,NA,NA,NA,4 to 6,NA,NA
3810,1,0.127511054,0.312868983,0.319173485,0.160111651,0.080334805,4,State,urban/rural,HH Size,statesector,0,Haryana,NA,NA,NA,7+,NA,NA
3811,1,NA,NA,NA,NA,NA,4,State,urban/rural,HH Size,statesector,0,Haryana,NA,NA,NA,NA,NA,NA
3812,1,0.025699142,0.696607947,0.277692944,0,0,4,State,urban/rural,HH Size,statesector,1,Haryana,NA,NA,NA,1,NA,NA
3813,1,0.078715846,0.397567302,0.243358657,0.245902881,0.034455314,4,State,urban/rural,HH Size,statesector,1,Haryana,NA,NA,NA,2 to 3,NA,NA
3814,1,0.092862539,0.240803584,0.259339184,0.275322706,0.131671995,4,State,urban/rural,HH Size,statesector,1,Haryana,NA,NA,NA,4 to 6,NA,NA
3815,1,0.086866729,0.274412066,0.277084589,0.235876888,0.125759736,4,State,urban/rural,HH Size,statesector,1,Haryana,NA,NA,NA,7+,NA,NA
3816,1,0.286660582,0.410489738,0.284379631,0.018470062,0,4,State,urban/rural,HH Size,statesector,0,Himachal Pradesh,NA,NA,NA,1,NA,NA
3817,1,0.182139829,0.518419325,0.231651857,0.067788966,0,4,State,urban/rural,HH Size,statesector,0,Himachal Pradesh,NA,NA,NA,2 to 3,NA,NA
3818,1,0.096192457,0.395430058,0.408625394,0.078754388,0.020997694,4,State,urban/rural,HH Size,statesector,0,Himachal Pradesh,NA,NA,NA,4 to 6,NA,NA
3819,1,0.092948228,0.444573164,0.30559653,0.131654367,0.025227698,4,State,urban/rural,HH Size,statesector,0,Himachal Pradesh,NA,NA,NA,7+,NA,NA
3820,1,NA,NA,NA,NA,NA,4,State,urban/rural,HH Size,statesector,0,Himachal Pradesh,NA,NA,NA,NA,NA,NA
3821,1,0,1,0,0,0,4,State,urban/rural,HH Size,statesector,1,Himachal Pradesh,NA,NA,NA,1,NA,NA
3822,1,0,1,0,0,0,4,State,urban/rural,HH Size,statesector,1,Himachal Pradesh,NA,NA,NA,2 to 3,NA,NA
3823,1,0.204022244,0.440332651,0.087179728,0.26846537,0,4,State,urban/rural,HH Size,statesector,1,Himachal Pradesh,NA,NA,NA,4 to 6,NA,NA
3824,1,0,0,0.388479561,0.611520469,0,4,State,urban/rural,HH Size,statesector,1,Himachal Pradesh,NA,NA,NA,7+,NA,NA
3825,1,0.476677597,0.511971653,0.011350756,0,0,4,State,urban/rural,HH Size,statesector,0,Jammu & Kashmir,NA,NA,NA,1,NA,NA
3826,1,0.342612326,0.51705718,0.107243635,0.03072333,0.002363519,4,State,urban/rural,HH Size,statesector,0,Jammu & Kashmir,NA,NA,NA,2 to 3,NA,NA
3827,1,0.316096067,0.488326102,0.159175307,0.035268921,0.001133615,4,State,urban/rural,HH Size,statesector,0,Jammu & Kashmir,NA,NA,NA,4 to 6,NA,NA
3828,1,0.318532467,0.48293817,0.15254803,0.039013673,0.006967673,4,State,urban/rural,HH Size,statesector,0,Jammu & Kashmir,NA,NA,NA,7+,NA,NA
3829,1,0.28368929,0.6149441,0.101366609,0,0,4,State,urban/rural,HH Size,statesector,1,Jammu & Kashmir,NA,NA,NA,1,NA,NA
3830,1,0.205948085,0.276622206,0.400240451,0.117189281,0,4,State,urban/rural,HH Size,statesector,1,Jammu & Kashmir,NA,NA,NA,2 to 3,NA,NA
3831,1,0.249872267,0.292142928,0.129305184,0.257801622,0.070877992,4,State,urban/rural,HH Size,statesector,1,Jammu & Kashmir,NA,NA,NA,4 to 6,NA,NA
3832,1,0.122182362,0.368229002,0.276287019,0.216093957,0.017207643,4,State,urban/rural,HH Size,statesector,1,Jammu & Kashmir,NA,NA,NA,7+,NA,NA
3833,1,0.92421782,0.069910459,0.005871729,0,0,4,State,urban/rural,HH Size,statesector,0,Jharkhand,NA,NA,NA,1,NA,NA
3834,1,0.852678001,0.125692457,0.020639898,0.000357566,0.000632069,4,State,urban/rural,HH Size,statesector,0,Jharkhand,NA,NA,NA,2 to 3,NA,NA
3835,1,0.772799969,0.190039217,0.034298856,0.002051111,0.000810881,4,State,urban/rural,HH Size,statesector,0,Jharkhand,NA,NA,NA,4 to 6,NA,NA
3836,1,0.706862569,0.23117207,0.052148707,0.009816688,0,4,State,urban/rural,HH Size,statesector,0,Jharkhand,NA,NA,NA,7+,NA,NA
3837,1,NA,NA,NA,NA,NA,4,State,urban/rural,HH Size,statesector,0,Jharkhand,NA,NA,NA,NA,NA,NA
3838,1,0.650539577,0.320165873,0.029294571,0,0,4,State,urban/rural,HH Size,statesector,1,Jharkhand,NA,NA,NA,1,NA,NA
3839,1,0.468463689,0.33516115,0.165127873,0.027802343,0.003444939,4,State,urban/rural,HH Size,statesector,1,Jharkhand,NA,NA,NA,2 to 3,NA,NA
3840,1,0.31161201,0.423046321,0.203250736,0.053202141,0.008888779,4,State,urban/rural,HH Size,statesector,1,Jharkhand,NA,NA,NA,4 to 6,NA,NA
3841,1,0.212442368,0.307319224,0.373587459,0.079791084,0.026859868,4,State,urban/rural,HH Size,statesector,1,Jharkhand,NA,NA,NA,7+,NA,NA
3842,1,0.609559,0.350782633,0.039658345,0,0,4,State,urban/rural,HH Size,statesector,0,Karnataka,NA,NA,NA,1,NA,NA
3843,1,0.360879838,0.515697896,0.118728638,0.004185811,0.000507802,4,State,urban/rural,HH Size,statesector,0,Karnataka,NA,NA,NA,2 to 3,NA,NA
3844,1,0.255271435,0.539508402,0.18412143,0.020434124,0.000664612,4,State,urban/rural,HH Size,statesector,0,Karnataka,NA,NA,NA,4 to 6,NA,NA
3845,1,0.187076613,0.466011196,0.304383785,0.036035299,0.006493107,4,State,urban/rural,HH Size,statesector,0,Karnataka,NA,NA,NA,7+,NA,NA
3846,1,NA,NA,NA,NA,NA,4,State,urban/rural,HH Size,statesector,0,Karnataka,NA,NA,NA,NA,NA,NA
3847,1,0.566133261,0.356427461,0.077439308,0,0,4,State,urban/rural,HH Size,statesector,1,Karnataka,NA,NA,NA,1,NA,NA
3848,1,0.259452105,0.468214124,0.239628121,0.032705657,0,4,State,urban/rural,HH Size,statesector,1,Karnataka,NA,NA,NA,2 to 3,NA,NA
3849,1,0.157760039,0.34006986,0.332690746,0.132810026,0.036669351,4,State,urban/rural,HH Size,statesector,1,Karnataka,NA,NA,NA,4 to 6,NA,NA
3850,1,0.102813333,0.263045162,0.320381194,0.238777339,0.074982986,4,State,urban/rural,HH Size,statesector,1,Karnataka,NA,NA,NA,7+,NA,NA
3851,1,0.447161943,0.513990879,0.038847204,0,0,4,State,urban/rural,HH Size,statesector,0,Kerala,NA,NA,NA,1,NA,NA
3852,1,0.24190636,0.500378311,0.142102167,0,0.115613148,4,State,urban/rural,HH Size,statesector,0,Kerala,NA,NA,NA,2 to 3,NA,NA
3853,1,0.27883172,0.422175556,0.227138683,0.028639937,0.043214105,4,State,urban/rural,HH Size,statesector,0,Kerala,NA,NA,NA,4 to 6,NA,NA
3854,1,0.292403638,0.17721051,0.389603704,0,0.140782177,4,State,urban/rural,HH Size,statesector,0,Kerala,NA,NA,NA,7+,NA,NA
3855,1,NA,NA,NA,NA,NA,4,State,urban/rural,HH Size,statesector,0,Kerala,NA,NA,NA,NA,NA,NA
3856,1,0.308701962,0.691298068,0,0,0,4,State,urban/rural,HH Size,statesector,1,Kerala,NA,NA,NA,1,NA,NA
3857,1,0.100255564,0.507503927,0.392240494,0,0,4,State,urban/rural,HH Size,statesector,1,Kerala,NA,NA,NA,2 to 3,NA,NA
3858,1,0,0.228611261,0.356269777,0.341873139,0.073245823,4,State,urban/rural,HH Size,statesector,1,Kerala,NA,NA,NA,4 to 6,NA,NA
3859,1,0,0,0.376680225,0,0.623319745,4,State,urban/rural,HH Size,statesector,1,Kerala,NA,NA,NA,7+,NA,NA
3860,1,0,0,0,1,0,4,State,urban/rural,HH Size,statesector,0,Lakshadweep,NA,NA,NA,4 to 6,NA,NA
3861,1,0,0,0,1,0,4,State,urban/rural,HH Size,statesector,0,Lakshadweep,NA,NA,NA,7+,NA,NA
3862,1,1,0,0,0,0,4,State,urban/rural,HH Size,statesector,1,Lakshadweep,NA,NA,NA,4 to 6,NA,NA
3863,1,0,0,0.201157883,0.194482327,0.604359806,4,State,urban/rural,HH Size,statesector,1,Lakshadweep,NA,NA,NA,7+,NA,NA
3864,1,0.867907286,0.111020818,0.019513417,0.001558491,0,4,State,urban/rural,HH Size,statesector,0,Madhya Pradesh,NA,NA,NA,1,NA,NA
3865,1,0.717975676,0.233266547,0.04350362,0.004853592,0.000400554,4,State,urban/rural,HH Size,statesector,0,Madhya Pradesh,NA,NA,NA,2 to 3,NA,NA
3866,1,0.601676941,0.302184284,0.081573606,0.01388601,0.000679193,4,State,urban/rural,HH Size,statesector,0,Madhya Pradesh,NA,NA,NA,4 to 6,NA,NA
3867,1,0.525356054,0.320813447,0.12001057,0.029854463,0.003965442,4,State,urban/rural,HH Size,statesector,0,Madhya Pradesh,NA,NA,NA,7+,NA,NA
3868,1,NA,NA,NA,NA,NA,4,State,urban/rural,HH Size,statesector,0,Madhya Pradesh,NA,NA,NA,NA,NA,NA
3869,1,0.689453065,0.21744062,0.085768186,0.007338123,0,4,State,urban/rural,HH Size,statesector,1,Madhya Pradesh,NA,NA,NA,1,NA,NA
3870,1,0.477285147,0.325823367,0.133805022,0.048735354,0.014351092,4,State,urban/rural,HH Size,statesector,1,Madhya Pradesh,NA,NA,NA,2 to 3,NA,NA
3871,1,0.251584083,0.383897185,0.206209272,0.128822178,0.029487275,4,State,urban/rural,HH Size,statesector,1,Madhya Pradesh,NA,NA,NA,4 to 6,NA,NA
3872,1,0.161692172,0.322667092,0.290297568,0.143118277,0.08222492,4,State,urban/rural,HH Size,statesector,1,Madhya Pradesh,NA,NA,NA,7+,NA,NA
3873,1,NA,NA,NA,NA,NA,4,State,urban/rural,HH Size,statesector,1,Madhya Pradesh,NA,NA,NA,NA,NA,NA
3874,1,0.688265562,0.269603163,0.039622311,0.002508987,0,4,State,urban/rural,HH Size,statesector,0,Maharashtra,NA,NA,NA,1,NA,NA
3875,1,0.551685333,0.370843828,0.071996257,0.004724453,0.00075013,4,State,urban/rural,HH Size,statesector,0,Maharashtra,NA,NA,NA,2 to 3,NA,NA
3876,1,0.408812463,0.430990934,0.142619044,0.015646638,0.001930907,4,State,urban/rural,HH Size,statesector,0,Maharashtra,NA,NA,NA,4 to 6,NA,NA
3877,1,0.350251019,0.392341435,0.185439289,0.062376097,0.009592159,4,State,urban/rural,HH Size,statesector,0,Maharashtra,NA,NA,NA,7+,NA,NA
3878,1,NA,NA,NA,NA,NA,4,State,urban/rural,HH Size,statesector,0,Maharashtra,NA,NA,NA,NA,NA,NA
3879,1,0.618169785,0.206255123,0.097037673,0.078537412,0,4,State,urban/rural,HH Size,statesector,1,Maharashtra,NA,NA,NA,1,NA,NA
3880,1,0.238194153,0.449665844,0.22046034,0.09000545,0.001674214,4,State,urban/rural,HH Size,statesector,1,Maharashtra,NA,NA,NA,2 to 3,NA,NA
3881,1,0.141775206,0.429577023,0.248311684,0.131462604,0.048873488,4,State,urban/rural,HH Size,statesector,1,Maharashtra,NA,NA,NA,4 to 6,NA,NA
3882,1,0.148915768,0.222140327,0.358750761,0.146171719,0.124021426,4,State,urban/rural,HH Size,statesector,1,Maharashtra,NA,NA,NA,7+,NA,NA
3883,1,NA,NA,NA,NA,NA,4,State,urban/rural,HH Size,statesector,1,Maharashtra,NA,NA,NA,NA,NA,NA
3884,1,0.596845031,0.362572014,0.040582955,0,0,4,State,urban/rural,HH Size,statesector,0,Manipur,NA,NA,NA,1,NA,NA
3885,1,0.349372119,0.511073172,0.117748156,0.021806544,0,4,State,urban/rural,HH Size,statesector,0,Manipur,NA,NA,NA,2 to 3,NA,NA
3886,1,0.266444355,0.514626026,0.190083683,0.028044634,0.000801275,4,State,urban/rural,HH Size,statesector,0,Manipur,NA,NA,NA,4 to 6,NA,NA
3887,1,0.245674357,0.506914914,0.175530925,0.064126797,0.007752995,4,State,urban/rural,HH Size,statesector,0,Manipur,NA,NA,NA,7+,NA,NA
3888,1,0.418166846,0.396709919,0.101835944,0.083287269,0,4,State,urban/rural,HH Size,statesector,1,Manipur,NA,NA,NA,1,NA,NA
3889,1,0.381554037,0.366882861,0.23509118,0.016471926,0,4,State,urban/rural,HH Size,statesector,1,Manipur,NA,NA,NA,2 to 3,NA,NA
3890,1,0.209301233,0.435482085,0.291553408,0.062233675,0.001429595,4,State,urban/rural,HH Size,statesector,1,Manipur,NA,NA,NA,4 to 6,NA,NA
3891,1,0.163635314,0.262762129,0.42182827,0.128643289,0.023130987,4,State,urban/rural,HH Size,statesector,1,Manipur,NA,NA,NA,7+,NA,NA
3892,1,NA,NA,NA,NA,NA,4,State,urban/rural,HH Size,statesector,1,Manipur,NA,NA,NA,NA,NA,NA
3893,1,0.566461623,0.346986562,0.086551838,0,0,4,State,urban/rural,HH Size,statesector,0,Meghalaya,NA,NA,NA,1,NA,NA
3894,1,0.404884696,0.530495346,0.061355945,0.003264015,0,4,State,urban/rural,HH Size,statesector,0,Meghalaya,NA,NA,NA,2 to 3,NA,NA
3895,1,0.306358099,0.560444772,0.128875181,0.003990855,0.000331114,4,State,urban/rural,HH Size,statesector,0,Meghalaya,NA,NA,NA,4 to 6,NA,NA
3896,1,0.244902313,0.570349634,0.170985773,0.01312883,0.000633438,4,State,urban/rural,HH Size,statesector,0,Meghalaya,NA,NA,NA,7+,NA,NA
3897,1,NA,NA,NA,NA,NA,4,State,urban/rural,HH Size,statesector,0,Meghalaya,NA,NA,NA,NA,NA,NA
3898,1,0.218541756,0.781458259,0,0,0,4,State,urban/rural,HH Size,statesector,1,Meghalaya,NA,NA,NA,1,NA,NA
3899,1,0.213900551,0.462872535,0.323226899,0,0,4,State,urban/rural,HH Size,statesector,1,Meghalaya,NA,NA,NA,2 to 3,NA,NA
3900,1,0.09850648,0.553324819,0.339850694,0.008317998,0,4,State,urban/rural,HH Size,statesector,1,Meghalaya,NA,NA,NA,4 to 6,NA,NA
3901,1,0.083996199,0.240786135,0.537788808,0.137428865,0,4,State,urban/rural,HH Size,statesector,1,Meghalaya,NA,NA,NA,7+,NA,NA
3902,1,0.48248893,0.495553493,0.021957586,0,0,4,State,urban/rural,HH Size,statesector,0,Mizoram,NA,NA,NA,1,NA,NA
3903,1,0.576519072,0.33005625,0.09255667,0.000868021,0,4,State,urban/rural,HH Size,statesector,0,Mizoram,NA,NA,NA,2 to 3,NA,NA
3904,1,0.518975735,0.341442317,0.117749803,0.021648781,0.000183339,4,State,urban/rural,HH Size,statesector,0,Mizoram,NA,NA,NA,4 to 6,NA,NA
3905,1,0.434174567,0.418254822,0.099416427,0.042783711,0.005370448,4,State,urban/rural,HH Size,statesector,0,Mizoram,NA,NA,NA,7+,NA,NA
3906,1,0.313252985,0.319874108,0.366872936,0,0,4,State,urban/rural,HH Size,statesector,1,Mizoram,NA,NA,NA,1,NA,NA
3907,1,0.119460143,0.202017561,0.26353997,0.139331743,0.275650591,4,State,urban/rural,HH Size,statesector,1,Mizoram,NA,NA,NA,2 to 3,NA,NA
3908,1,0.15723832,0.382803142,0.309809804,0.099538878,0.050609849,4,State,urban/rural,HH Size,statesector,1,Mizoram,NA,NA,NA,4 to 6,NA,NA
3909,1,0.227611661,0.381777883,0.214535832,0.121785626,0.054288987,4,State,urban/rural,HH Size,statesector,1,Mizoram,NA,NA,NA,7+,NA,NA
3910,1,0.462481737,0.502549708,0.030550053,0.004418537,0,4,State,urban/rural,HH Size,statesector,0,Nagaland,NA,NA,NA,1,NA,NA
3911,1,0.396210819,0.515962064,0.087827124,0,0,4,State,urban/rural,HH Size,statesector,0,Nagaland,NA,NA,NA,2 to 3,NA,NA
3912,1,0.387153894,0.523831427,0.083754092,0.004619778,0.000640827,4,State,urban/rural,HH Size,statesector,0,Nagaland,NA,NA,NA,4 to 6,NA,NA
3913,1,0.393360525,0.502175748,0.099493757,0.004969979,0,4,State,urban/rural,HH Size,statesector,0,Nagaland,NA,NA,NA,7+,NA,NA
3914,1,NA,NA,NA,NA,NA,4,State,urban/rural,HH Size,statesector,0,Nagaland,NA,NA,NA,NA,NA,NA
3915,1,0.238281816,0.53085047,0.230867699,0,0,4,State,urban/rural,HH Size,statesector,1,Nagaland,NA,NA,NA,1,NA,NA
3916,1,0.222149342,0.49995327,0.249387056,0.018880313,0.009630011,4,State,urban/rural,HH Size,statesector,1,Nagaland,NA,NA,NA,2 to 3,NA,NA
3917,1,0.16106759,0.431261271,0.370524377,0.021910723,0.015236044,4,State,urban/rural,HH Size,statesector,1,Nagaland,NA,NA,NA,4 to 6,NA,NA
3918,1,0.139326781,0.316775322,0.413519174,0.113678135,0.016700583,4,State,urban/rural,HH Size,statesector,1,Nagaland,NA,NA,NA,7+,NA,NA
3919,1,NA,NA,NA,NA,NA,4,State,urban/rural,HH Size,statesector,1,Nagaland,NA,NA,NA,NA,NA,NA
3920,1,0.874786973,0.109340578,0.015872436,0,0,4,State,urban/rural,HH Size,statesector,0,Odisha,NA,NA,NA,1,NA,NA
3921,1,0.745946884,0.218843699,0.031301107,0.003908294,0,4,State,urban/rural,HH Size,statesector,0,Odisha,NA,NA,NA,2 to 3,NA,NA
3922,1,0.699726284,0.258687645,0.038501605,0.002681565,0.000402906,4,State,urban/rural,HH Size,statesector,0,Odisha,NA,NA,NA,4 to 6,NA,NA
3923,1,0.683588803,0.265503615,0.040575873,0.009435364,0.000896344,4,State,urban/rural,HH Size,statesector,0,Odisha,NA,NA,NA,7+,NA,NA
3924,1,NA,NA,NA,NA,NA,4,State,urban/rural,HH Size,statesector,0,Odisha,NA,NA,NA,NA,NA,NA
3925,1,0.834872663,0.14544861,0.019678701,0,0,4,State,urban/rural,HH Size,statesector,1,Odisha,NA,NA,NA,1,NA,NA
3926,1,0.67741102,0.237070516,0.077992938,0.007525555,0,4,State,urban/rural,HH Size,statesector,1,Odisha,NA,NA,NA,2 to 3,NA,NA
3927,1,0.54576242,0.313369125,0.111849889,0.029018577,0,4,State,urban/rural,HH Size,statesector,1,Odisha,NA,NA,NA,4 to 6,NA,NA
3928,1,0.394352794,0.421303719,0.153488189,0.023779949,0.00707533,4,State,urban/rural,HH Size,statesector,1,Odisha,NA,NA,NA,7+,NA,NA
3929,1,0.788776875,0.186494112,0.024728987,0,0,4,State,urban/rural,HH Size,statesector,0,Puducherry,NA,NA,NA,1,NA,NA
3930,1,0.26515758,0.614294887,0.12054757,0,0,4,State,urban/rural,HH Size,statesector,0,Puducherry,NA,NA,NA,2 to 3,NA,NA
3931,1,0.396130532,0.520967603,0.082901858,0,0,4,State,urban/rural,HH Size,statesector,0,Puducherry,NA,NA,NA,4 to 6,NA,NA
3932,1,0.281877488,0.449515343,0.268607199,0,0,4,State,urban/rural,HH Size,statesector,0,Puducherry,NA,NA,NA,7+,NA,NA
3933,1,0.708759129,0.291240871,0,0,0,4,State,urban/rural,HH Size,statesector,1,Puducherry,NA,NA,NA,1,NA,NA
3934,1,0.317463517,0.484180629,0.039902236,0.149155766,0.00929785,4,State,urban/rural,HH Size,statesector,1,Puducherry,NA,NA,NA,2 to 3,NA,NA
3935,1,0.063714415,0.234432086,0.634617865,0.067235626,0,4,State,urban/rural,HH Size,statesector,1,Puducherry,NA,NA,NA,4 to 6,NA,NA
3936,1,0,0.510808647,0,0.489191353,0,4,State,urban/rural,HH Size,statesector,1,Puducherry,NA,NA,NA,7+,NA,NA
3937,1,0.392510474,0.475215286,0.132274255,0,0,4,State,urban/rural,HH Size,statesector,0,Punjab,NA,NA,NA,1,NA,NA
3938,1,0.094360575,0.54924202,0.234935597,0.113911189,0.007550603,4,State,urban/rural,HH Size,statesector,0,Punjab,NA,NA,NA,2 to 3,NA,NA
3939,1,0.071668446,0.270172894,0.44950828,0.18302761,0.025622765,4,State,urban/rural,HH Size,statesector,0,Punjab,NA,NA,NA,4 to 6,NA,NA
3940,1,0.042365927,0.210433319,0.418266326,0.218962654,0.109971762,4,State,urban/rural,HH Size,statesector,0,Punjab,NA,NA,NA,7+,NA,NA
3941,1,0.227924064,0.619484305,0.106365561,0.046226088,0,4,State,urban/rural,HH Size,statesector,1,Punjab,NA,NA,NA,1,NA,NA
3942,1,0.124550387,0.280559033,0.302240193,0.256989002,0.035661399,4,State,urban/rural,HH Size,statesector,1,Punjab,NA,NA,NA,2 to 3,NA,NA
3943,1,0.089327186,0.223264679,0.350398779,0.211156681,0.125852674,4,State,urban/rural,HH Size,statesector,1,Punjab,NA,NA,NA,4 to 6,NA,NA
3944,1,0.102584995,0.077116825,0.181940153,0.32961598,0.308742046,4,State,urban/rural,HH Size,statesector,1,Punjab,NA,NA,NA,7+,NA,NA
3945,1,0.682210624,0.279285491,0.03684913,0.001654774,0,4,State,urban/rural,HH Size,statesector,0,Rajasthan,NA,NA,NA,1,NA,NA
3946,1,0.513082862,0.37852475,0.089994974,0.015961463,0.002435969,4,State,urban/rural,HH Size,statesector,0,Rajasthan,NA,NA,NA,2 to 3,NA,NA
3947,1,0.465343595,0.387304932,0.119028278,0.024108805,0.004214395,4,State,urban/rural,HH Size,statesector,0,Rajasthan,NA,NA,NA,4 to 6,NA,NA
3948,1,0.432627589,0.358079851,0.151761398,0.04830651,0.009224648,4,State,urban/rural,HH Size,statesector,0,Rajasthan,NA,NA,NA,7+,NA,NA
3949,1,NA,NA,NA,NA,NA,4,State,urban/rural,HH Size,statesector,0,Rajasthan,NA,NA,NA,NA,NA,NA
3950,1,0.351573795,0.452147901,0.196278319,0,0,4,State,urban/rural,HH Size,statesector,1,Rajasthan,NA,NA,NA,1,NA,NA
3951,1,0.240690082,0.417545289,0.227662101,0.081436425,0.03266608,4,State,urban/rural,HH Size,statesector,1,Rajasthan,NA,NA,NA,2 to 3,NA,NA
3952,1,0.138844892,0.363675267,0.306683719,0.14419049,0.04660565,4,State,urban/rural,HH Size,statesector,1,Rajasthan,NA,NA,NA,4 to 6,NA,NA
3953,1,0.127603799,0.265336514,0.306107402,0.167332321,0.133619979,4,State,urban/rural,HH Size,statesector,1,Rajasthan,NA,NA,NA,7+,NA,NA
3954,1,0.235314623,0.701752126,0.062933236,0,0,4,State,urban/rural,HH Size,statesector,0,Sikkim,NA,NA,NA,1,NA,NA
3955,1,0.006499353,0.566628695,0.426871955,0,0,4,State,urban/rural,HH Size,statesector,0,Sikkim,NA,NA,NA,2 to 3,NA,NA
3956,1,0.027020132,0.48955664,0.453220308,0.03020292,0,4,State,urban/rural,HH Size,statesector,0,Sikkim,NA,NA,NA,4 to 6,NA,NA
3957,1,0.160260588,0.401510656,0.430766255,0.007462515,0,4,State,urban/rural,HH Size,statesector,0,Sikkim,NA,NA,NA,7+,NA,NA
3958,1,0.48594296,0.339418471,0.174638569,0,0,4,State,urban/rural,HH Size,statesector,1,Sikkim,NA,NA,NA,1,NA,NA
3959,1,0.090034612,0.246666491,0.396066159,0.161126465,0.106106289,4,State,urban/rural,HH Size,statesector,1,Sikkim,NA,NA,NA,2 to 3,NA,NA
3960,1,0.042927273,0.243494764,0.05626484,0.657313108,0,4,State,urban/rural,HH Size,statesector,1,Sikkim,NA,NA,NA,4 to 6,NA,NA
3961,1,0,0,0.3857539,0.306443691,0.307802409,4,State,urban/rural,HH Size,statesector,1,Sikkim,NA,NA,NA,7+,NA,NA
3962,1,0.586975574,0.381043196,0.031981237,0,0,4,State,urban/rural,HH Size,statesector,0,Tamil Nadu,NA,NA,NA,1,NA,NA
3963,1,0.388493925,0.498420596,0.099478938,0.011467986,0.002138559,4,State,urban/rural,HH Size,statesector,0,Tamil Nadu,NA,NA,NA,2 to 3,NA,NA
3964,1,0.217648789,0.543715417,0.209243536,0.02458022,0.004812018,4,State,urban/rural,HH Size,statesector,0,Tamil Nadu,NA,NA,NA,4 to 6,NA,NA
3965,1,0.206339777,0.555962324,0.190023497,0.047674395,0,4,State,urban/rural,HH Size,statesector,0,Tamil Nadu,NA,NA,NA,7+,NA,NA
3966,1,NA,NA,NA,NA,NA,4,State,urban/rural,HH Size,statesector,0,Tamil Nadu,NA,NA,NA,NA,NA,NA
3967,1,0.619335771,0.286494255,0.078392543,0.015777409,0,4,State,urban/rural,HH Size,statesector,1,Tamil Nadu,NA,NA,NA,1,NA,NA
3968,1,0.372556329,0.342035204,0.146973118,0.110951185,0.027484164,4,State,urban/rural,HH Size,statesector,1,Tamil Nadu,NA,NA,NA,2 to 3,NA,NA
3969,1,0.133407593,0.406477988,0.305443913,0.13137953,0.023290977,4,State,urban/rural,HH Size,statesector,1,Tamil Nadu,NA,NA,NA,4 to 6,NA,NA
3970,1,0.09382838,0.431493074,0.260658711,0.112022907,0.101996928,4,State,urban/rural,HH Size,statesector,1,Tamil Nadu,NA,NA,NA,7+,NA,NA
3971,1,0.604714215,0.320376515,0.074909292,0,0,4,State,urban/rural,HH Size,statesector,0,Telangana,NA,NA,NA,1,NA,NA
3972,1,0.386901647,0.477894962,0.123517662,0.010251763,0.001433957,4,State,urban/rural,HH Size,statesector,0,Telangana,NA,NA,NA,2 to 3,NA,NA
3973,1,0.271933824,0.502582252,0.20650892,0.017112726,0.001862247,4,State,urban/rural,HH Size,statesector,0,Telangana,NA,NA,NA,4 to 6,NA,NA
3974,1,0.245331943,0.539420068,0.173099339,0.030770648,0.011377998,4,State,urban/rural,HH Size,statesector,0,Telangana,NA,NA,NA,7+,NA,NA
3975,1,NA,NA,NA,NA,NA,4,State,urban/rural,HH Size,statesector,0,Telangana,NA,NA,NA,NA,NA,NA
3976,1,0.49233219,0.229195833,0.278471977,0,0,4,State,urban/rural,HH Size,statesector,1,Telangana,NA,NA,NA,1,NA,NA
3977,1,0.204316601,0.438328803,0.318175495,0.039179109,0,4,State,urban/rural,HH Size,statesector,1,Telangana,NA,NA,NA,2 to 3,NA,NA
3978,1,0.116080351,0.316843987,0.346823186,0.220252469,0,4,State,urban/rural,HH Size,statesector,1,Telangana,NA,NA,NA,4 to 6,NA,NA
3979,1,0,0.312952191,0.23120074,0.455847085,0,4,State,urban/rural,HH Size,statesector,1,Telangana,NA,NA,NA,7+,NA,NA
3980,1,0.503482699,0.470387667,0.006937657,0.019191958,0,4,State,urban/rural,HH Size,statesector,0,Tripura,NA,NA,NA,1,NA,NA
3981,1,0.476852447,0.474503458,0.048644099,0,0,4,State,urban/rural,HH Size,statesector,0,Tripura,NA,NA,NA,2 to 3,NA,NA
3982,1,0.444167614,0.539735973,0.0149278,0.001168617,0,4,State,urban/rural,HH Size,statesector,0,Tripura,NA,NA,NA,4 to 6,NA,NA
3983,1,0.379471123,0.561430633,0.059098266,0,0,4,State,urban/rural,HH Size,statesector,0,Tripura,NA,NA,NA,7+,NA,NA
3984,1,0.322817177,0.4498083,0.227374524,0,0,4,State,urban/rural,HH Size,statesector,1,Tripura,NA,NA,NA,1,NA,NA
3985,1,0.19021526,0.677782774,0.132001951,0,0,4,State,urban/rural,HH Size,statesector,1,Tripura,NA,NA,NA,2 to 3,NA,NA
3986,1,0.136576742,0.660766304,0.202656955,0,0,4,State,urban/rural,HH Size,statesector,1,Tripura,NA,NA,NA,4 to 6,NA,NA
3987,1,0,0.636023283,0.363976717,0,0,4,State,urban/rural,HH Size,statesector,1,Tripura,NA,NA,NA,7+,NA,NA
3988,1,0.862402499,0.119476154,0.016516618,0.001604735,0,4,State,urban/rural,HH Size,statesector,0,Uttar Pradesh,NA,NA,NA,1,NA,NA
3989,1,0.718931198,0.228945926,0.044277068,0.007210764,0.00063502,4,State,urban/rural,HH Size,statesector,0,Uttar Pradesh,NA,NA,NA,2 to 3,NA,NA
3990,1,0.614202857,0.294866651,0.076603435,0.013077117,0.00124991,4,State,urban/rural,HH Size,statesector,0,Uttar Pradesh,NA,NA,NA,4 to 6,NA,NA
3991,1,0.500832796,0.334483087,0.12836121,0.030490341,0.005832555,4,State,urban/rural,HH Size,statesector,0,Uttar Pradesh,NA,NA,NA,7+,NA,NA
3992,1,NA,NA,NA,NA,NA,4,State,urban/rural,HH Size,statesector,0,Uttar Pradesh,NA,NA,NA,NA,NA,NA
3993,1,0.56604296,0.290173203,0.13492842,0.008855433,0,4,State,urban/rural,HH Size,statesector,1,Uttar Pradesh,NA,NA,NA,1,NA,NA
3994,1,0.346270025,0.290428698,0.253296524,0.07996881,0.030035941,4,State,urban/rural,HH Size,statesector,1,Uttar Pradesh,NA,NA,NA,2 to 3,NA,NA
3995,1,0.206199259,0.274406344,0.2824049,0.198215231,0.038774278,4,State,urban/rural,HH Size,statesector,1,Uttar Pradesh,NA,NA,NA,4 to 6,NA,NA
3996,1,0.184033185,0.264911294,0.2483823,0.230881214,0.071792014,4,State,urban/rural,HH Size,statesector,1,Uttar Pradesh,NA,NA,NA,7+,NA,NA
3997,1,0.465319723,0.467942476,0.061837483,0.00490032,0,4,State,urban/rural,HH Size,statesector,0,Uttarakhand,NA,NA,NA,1,NA,NA
3998,1,0.28535673,0.546361148,0.154542282,0.013739849,0,4,State,urban/rural,HH Size,statesector,0,Uttarakhand,NA,NA,NA,2 to 3,NA,NA
3999,1,0.179735765,0.535288513,0.246384487,0.02993495,0.008656282,4,State,urban/rural,HH Size,statesector,0,Uttarakhand,NA,NA,NA,4 to 6,NA,NA
4000,1,0.189899608,0.498563647,0.227082804,0.078336112,0.006117839,4,State,urban/rural,HH Size,statesector,0,Uttarakhand,NA,NA,NA,7+,NA,NA
4001,1,0.868535042,0.131464928,0,0,0,4,State,urban/rural,HH Size,statesector,1,Uttarakhand,NA,NA,NA,1,NA,NA
4002,1,0.13350974,0.302919984,0.366645843,0.196924433,0,4,State,urban/rural,HH Size,statesector,1,Uttarakhand,NA,NA,NA,2 to 3,NA,NA
4003,1,0.163901478,0.125275105,0.472190499,0.184710637,0.053922299,4,State,urban/rural,HH Size,statesector,1,Uttarakhand,NA,NA,NA,4 to 6,NA,NA
4004,1,0.103566304,0.185951918,0.382219672,0.267012507,0.061249606,4,State,urban/rural,HH Size,statesector,1,Uttarakhand,NA,NA,NA,7+,NA,NA
4005,1,0.786541104,0.190433219,0.023025701,0,0,4,State,urban/rural,HH Size,statesector,0,West Bengal,NA,NA,NA,1,NA,NA
4006,1,0.682601094,0.283120275,0.033579778,0.000698849,0,4,State,urban/rural,HH Size,statesector,0,West Bengal,NA,NA,NA,2 to 3,NA,NA
4007,1,0.589712501,0.371222287,0.038340591,0.000724653,0,4,State,urban/rural,HH Size,statesector,0,West Bengal,NA,NA,NA,4 to 6,NA,NA
4008,1,0.518571258,0.408194393,0.071140647,0,0.002093693,4,State,urban/rural,HH Size,statesector,0,West Bengal,NA,NA,NA,7+,NA,NA
4009,1,NA,NA,NA,NA,NA,4,State,urban/rural,HH Size,statesector,0,West Bengal,NA,NA,NA,NA,NA,NA
4010,1,0.768157661,0.146725118,0.017048795,0.068068452,0,4,State,urban/rural,HH Size,statesector,1,West Bengal,NA,NA,NA,1,NA,NA
4011,1,0.47589466,0.357670784,0.15138635,0.015048197,0,4,State,urban/rural,HH Size,statesector,1,West Bengal,NA,NA,NA,2 to 3,NA,NA
4012,1,0.411693722,0.425171614,0.14197661,0.021158073,0,4,State,urban/rural,HH Size,statesector,1,West Bengal,NA,NA,NA,4 to 6,NA,NA
4013,1,0.393706292,0.432494134,0.170626462,0.003173111,0,4,State,urban/rural,HH Size,statesector,1,West Bengal,NA,NA,NA,7+,NA,NA
4014,1,0.554175615,0.30519855,0.106667362,0.030742181,0.003216321,4,National,All,Owns House,allindia,99,India,NA,NA,NA,NA,0,NA
4015,1,0.554393411,0.318965733,0.097592294,0.023092272,0.005956323,4,National,All,Owns House,allindia,99,India,NA,NA,NA,NA,1,NA
4016,1,NA,NA,NA,NA,NA,4,National,All,Owns House,allindia,99,India,NA,NA,NA,NA,NA,NA
4017,1,0.611142159,0.301402986,0.074950688,0.011534905,0.000969242,4,National,urban/rural,Owns House,indiasector,0,India,NA,NA,NA,NA,0,NA
4018,1,0.580884874,0.317350358,0.085422315,0.014118476,0.002223978,4,National,urban/rural,Owns House,indiasector,0,India,NA,NA,NA,NA,1,NA
4019,1,NA,NA,NA,NA,NA,4,National,urban/rural,Owns House,indiasector,0,India,NA,NA,NA,NA,NA,NA
4020,1,0.28687045,0.323008507,0.255491972,0.120868757,0.013760321,4,National,urban/rural,Owns House,indiasector,1,India,NA,NA,NA,NA,0,NA
4021,1,0.289706647,0.335105479,0.219187275,0.112752952,0.043247644,4,National,urban/rural,Owns House,indiasector,1,India,NA,NA,NA,NA,1,NA
4022,1,NA,NA,NA,NA,NA,4,National,urban/rural,Owns House,indiasector,1,India,NA,NA,NA,NA,NA,NA
4023,1,0.340664834,0.300612897,0.309882075,0.048840225,0,4,State,All,Owns House,state,99,Andaman & Nicobar Islands,NA,NA,NA,NA,0,NA
4024,1,0.434590578,0.355109364,0.190170437,0.009492171,0.010637436,4,State,All,Owns House,state,99,Andaman & Nicobar Islands,NA,NA,NA,NA,1,NA
4025,1,0.271649569,0.421684951,0.234233513,0.0676817,0.004750275,4,State,All,Owns House,state,99,Andhra Pradesh,NA,NA,NA,NA,0,NA
4026,1,0.265036464,0.454349816,0.250113368,0.029857736,0.000642647,4,State,All,Owns House,state,99,Andhra Pradesh,NA,NA,NA,NA,1,NA
4027,1,NA,NA,NA,NA,NA,4,State,All,Owns House,state,99,Andhra Pradesh,NA,NA,NA,NA,NA,NA
4028,1,0.582501411,0.290840417,0.108980715,0.012427509,0.005249912,4,State,All,Owns House,state,99,Arunachal Pradesh,NA,NA,NA,NA,0,NA
4029,1,0.547881365,0.35367316,0.075864814,0.015944136,0.006636554,4,State,All,Owns House,state,99,Arunachal Pradesh,NA,NA,NA,NA,1,NA
4030,1,0.550960898,0.390899658,0.05316304,0.004976395,0,4,State,All,Owns House,state,99,Assam,NA,NA,NA,NA,0,NA
4031,1,0.512842238,0.430597395,0.051785406,0.004021986,0.000752969,4,State,All,Owns House,state,99,Assam,NA,NA,NA,NA,1,NA
4032,1,NA,NA,NA,NA,NA,4,State,All,Owns House,state,99,Assam,NA,NA,NA,NA,NA,NA
4033,1,0.811986327,0.153828725,0.02880488,0.004984876,0.000395192,4,State,All,Owns House,state,99,Bihar,NA,NA,NA,NA,0,NA
4034,1,0.759863138,0.206877962,0.027262229,0.00537298,0.000623672,4,State,All,Owns House,state,99,Bihar,NA,NA,NA,NA,1,NA
4035,1,NA,NA,NA,NA,NA,4,State,All,Owns House,state,99,Bihar,NA,NA,NA,NA,NA,NA
4036,1,0.174121067,0.251481891,0.410157025,0.164240018,0,4,State,All,Owns House,state,99,Chandigarh,NA,NA,NA,NA,0,NA
4037,1,0.246728554,0.252449542,0.163005516,0.280746788,0.057069622,4,State,All,Owns House,state,99,Chandigarh,NA,NA,NA,NA,1,NA
4038,1,0.636898279,0.260247856,0.074417755,0.020428954,0.008007166,4,State,All,Owns House,state,99,Chhattisgarh,NA,NA,NA,NA,0,NA
4039,1,0.633003592,0.279739946,0.068861432,0.014836363,0.003558648,4,State,All,Owns House,state,99,Chhattisgarh,NA,NA,NA,NA,1,NA
4040,1,0.363192052,0.240533635,0.32714203,0.069132283,0,4,State,All,Owns House,state,99,Dadra & Nagar Haveli,NA,NA,NA,NA,0,NA
4041,1,0.540718734,0.373499632,0.064314105,0.021467514,0,4,State,All,Owns House,state,99,Dadra & Nagar Haveli,NA,NA,NA,NA,1,NA
4042,1,0.00278312,0.597169757,0.296488315,0.078282356,0.025276473,4,State,All,Owns House,state,99,Daman & Diu,NA,NA,NA,NA,0,NA
4043,1,0.07255327,0.31182605,0.354868829,0.103845589,0.156906262,4,State,All,Owns House,state,99,Daman & Diu,NA,NA,NA,NA,1,NA
4044,1,0.095406435,0.162053004,0.503317595,0.203278244,0.035944723,4,State,All,Owns House,state,99,Delhi,NA,NA,NA,NA,0,NA
4045,1,0.033311803,0.137683779,0.396445662,0.273198396,0.159360379,4,State,All,Owns House,state,99,Delhi,NA,NA,NA,NA,1,NA
4046,1,0,0.432722449,0.372218579,0.195058972,0,4,State,All,Owns House,state,99,Goa,NA,NA,NA,NA,0,NA
4047,1,0.021453373,0.548535645,0.283953339,0.107748471,0.038309149,4,State,All,Owns House,state,99,Goa,NA,NA,NA,NA,1,NA
4048,1,0.334908873,0.42887637,0.185714588,0.044313781,0.006186399,4,State,All,Owns House,state,99,Gujarat,NA,NA,NA,NA,0,NA
4049,1,0.359453827,0.442846686,0.152533293,0.033910189,0.01125598,4,State,All,Owns House,state,99,Gujarat,NA,NA,NA,NA,1,NA
4050,1,NA,NA,NA,NA,NA,4,State,All,Owns House,state,99,Gujarat,NA,NA,NA,NA,NA,NA
4051,1,0.176308542,0.359166414,0.286252201,0.144468114,0.033804707,4,State,All,Owns House,state,99,Haryana,NA,NA,NA,NA,0,NA
4052,1,0.124171309,0.334599048,0.311350077,0.16488634,0.064993218,4,State,All,Owns House,state,99,Haryana,NA,NA,NA,NA,1,NA
4053,1,NA,NA,NA,NA,NA,4,State,All,Owns House,state,99,Haryana,NA,NA,NA,NA,NA,NA
4054,1,0.198117048,0.36227265,0.364329964,0.065673746,0.009606581,4,State,All,Owns House,state,99,Himachal Pradesh,NA,NA,NA,NA,0,NA
4055,1,0.124018773,0.463430703,0.314121634,0.084589668,0.013839234,4,State,All,Owns House,state,99,Himachal Pradesh,NA,NA,NA,NA,1,NA
4056,1,NA,NA,NA,NA,NA,4,State,All,Owns House,state,99,Himachal Pradesh,NA,NA,NA,NA,NA,NA
4057,1,0.422123522,0.407119721,0.141287297,0.029469458,0,4,State,All,Owns House,state,99,Jammu & Kashmir,NA,NA,NA,NA,0,NA
4058,1,0.299686342,0.483698994,0.152512968,0.055908356,0.008193348,4,State,All,Owns House,state,99,Jammu & Kashmir,NA,NA,NA,NA,1,NA
4059,1,0.760823846,0.184362546,0.050905481,0.003082417,0.000825718,4,State,All,Owns House,state,99,Jharkhand,NA,NA,NA,NA,0,NA
4060,1,0.739522755,0.199366674,0.051178157,0.008311869,0.001620521,4,State,All,Owns House,state,99,Jharkhand,NA,NA,NA,NA,1,NA
4061,1,NA,NA,NA,NA,NA,4,State,All,Owns House,state,99,Jharkhand,NA,NA,NA,NA,NA,NA
4062,1,0.331189543,0.434159964,0.196278304,0.036620755,0.001751416,4,State,All,Owns House,state,99,Karnataka,NA,NA,NA,NA,0,NA
4063,1,0.290434599,0.491215944,0.182836875,0.028417911,0.007094679,4,State,All,Owns House,state,99,Karnataka,NA,NA,NA,NA,1,NA
4064,1,NA,NA,NA,NA,NA,4,State,All,Owns House,state,99,Karnataka,NA,NA,NA,NA,NA,NA
4065,1,0.390141636,0.386241913,0.186780974,0.036835484,0,4,State,All,Owns House,state,99,Kerala,NA,NA,NA,NA,0,NA
4066,1,0.20407404,0.437586993,0.216609895,0.039095048,0.102634013,4,State,All,Owns House,state,99,Kerala,NA,NA,NA,NA,1,NA
4067,1,NA,NA,NA,NA,NA,4,State,All,Owns House,state,99,Kerala,NA,NA,NA,NA,NA,NA
4068,1,0.116474591,0,0.120472558,0.40110451,0.361948341,4,State,All,Owns House,state,99,Lakshadweep,NA,NA,NA,NA,1,NA
4069,1,0.581545651,0.299301684,0.087075062,0.028327785,0.003749828,4,State,All,Owns House,state,99,Madhya Pradesh,NA,NA,NA,NA,0,NA
4070,1,0.592745781,0.285904855,0.092517771,0.023680601,0.005151012,4,State,All,Owns House,state,99,Madhya Pradesh,NA,NA,NA,NA,1,NA
4071,1,NA,NA,NA,NA,NA,4,State,All,Owns House,state,99,Madhya Pradesh,NA,NA,NA,NA,NA,NA
4072,1,0.404958218,0.402208328,0.137981191,0.050933897,0.00391836,4,State,All,Owns House,state,99,Maharashtra,NA,NA,NA,NA,0,NA
4073,1,0.429203957,0.386611253,0.141869888,0.031612065,0.010702847,4,State,All,Owns House,state,99,Maharashtra,NA,NA,NA,NA,1,NA
4074,1,NA,NA,NA,NA,NA,4,State,All,Owns House,state,99,Maharashtra,NA,NA,NA,NA,NA,NA
4075,1,0.302172691,0.466343373,0.194394618,0.0342976,0.002791689,4,State,All,Owns House,state,99,Manipur,NA,NA,NA,NA,0,NA
4076,1,0.281110346,0.476393789,0.195851326,0.043793611,0.002850901,4,State,All,Owns House,state,99,Manipur,NA,NA,NA,NA,1,NA
4077,1,NA,NA,NA,NA,NA,4,State,All,Owns House,state,99,Manipur,NA,NA,NA,NA,NA,NA
4078,1,0.312321484,0.475068569,0.20380947,0.00880047,0,4,State,All,Owns House,state,99,Meghalaya,NA,NA,NA,NA,0,NA
4079,1,0.303803563,0.565435708,0.122434989,0.007918177,0.00040756,4,State,All,Owns House,state,99,Meghalaya,NA,NA,NA,NA,1,NA
4080,1,NA,NA,NA,NA,NA,4,State,All,Owns House,state,99,Meghalaya,NA,NA,NA,NA,NA,NA
4081,1,0.434714675,0.357552707,0.166133553,0.036645584,0.004953478,4,State,All,Owns House,state,99,Mizoram,NA,NA,NA,NA,0,NA
4082,1,0.536005259,0.353525281,0.081545494,0.014166635,0.014757305,4,State,All,Owns House,state,99,Mizoram,NA,NA,NA,NA,1,NA
4083,1,0.304920256,0.46812883,0.211567953,0.01121496,0.004167984,4,State,All,Owns House,state,99,Nagaland,NA,NA,NA,NA,0,NA
4084,1,0.385460466,0.513208628,0.092867039,0.006955368,0.001508464,4,State,All,Owns House,state,99,Nagaland,NA,NA,NA,NA,1,NA
4085,1,NA,NA,NA,NA,NA,4,State,All,Owns House,state,99,Nagaland,NA,NA,NA,NA,NA,NA
4086,1,0.67762059,0.26786381,0.049711093,0.004628969,0.000175522,4,State,All,Owns House,state,99,Odisha,NA,NA,NA,NA,0,NA
4087,1,0.720477998,0.236931562,0.0375368,0.004680631,0.000372991,4,State,All,Owns House,state,99,Odisha,NA,NA,NA,NA,1,NA
4088,1,NA,NA,NA,NA,NA,4,State,All,Owns House,state,99,Odisha,NA,NA,NA,NA,NA,NA
4089,1,0.240841597,0.215750247,0.478570014,0.064838156,0,4,State,All,Owns House,state,99,Puducherry,NA,NA,NA,NA,0,NA
4090,1,0.452407002,0.421586633,0.102234155,0.022778682,0.000993543,4,State,All,Owns House,state,99,Puducherry,NA,NA,NA,NA,1,NA
4091,1,0.246966571,0.321321964,0.298885435,0.113629483,0.01919654,4,State,All,Owns House,state,99,Punjab,NA,NA,NA,NA,0,NA
4092,1,0.058860883,0.303734303,0.369586229,0.197730854,0.070087709,4,State,All,Owns House,state,99,Punjab,NA,NA,NA,NA,1,NA
4093,1,0.435326517,0.381600797,0.136337683,0.040419213,0.006315784,4,State,All,Owns House,state,99,Rajasthan,NA,NA,NA,NA,0,NA
4094,1,0.456146389,0.369071305,0.129444927,0.034903917,0.010433459,4,State,All,Owns House,state,99,Rajasthan,NA,NA,NA,NA,1,NA
4095,1,NA,NA,NA,NA,NA,4,State,All,Owns House,state,99,Rajasthan,NA,NA,NA,NA,NA,NA
4096,1,0.081093296,0.497389555,0.27006498,0.151452169,0,4,State,All,Owns House,state,99,Sikkim,NA,NA,NA,NA,0,NA
4097,1,0.032463416,0.451993465,0.446255118,0.049597073,0.019690925,4,State,All,Owns House,state,99,Sikkim,NA,NA,NA,NA,1,NA
4098,1,0.368580312,0.392144501,0.149050981,0.08564157,0.004582642,4,State,All,Owns House,state,99,Tamil Nadu,NA,NA,NA,NA,0,NA
4099,1,0.340314865,0.482460588,0.145889595,0.023536259,0.007798706,4,State,All,Owns House,state,99,Tamil Nadu,NA,NA,NA,NA,1,NA
4100,1,NA,NA,NA,NA,NA,4,State,All,Owns House,state,99,Tamil Nadu,NA,NA,NA,NA,NA,NA
4101,1,0.324476451,0.435084611,0.189590245,0.050848696,0,4,State,All,Owns House,state,99,Telangana,NA,NA,NA,NA,0,NA
4102,1,0.345167667,0.465444624,0.167911574,0.018513255,0.00296289,4,State,All,Owns House,state,99,Telangana,NA,NA,NA,NA,1,NA
4103,1,NA,NA,NA,NA,NA,4,State,All,Owns House,state,99,Telangana,NA,NA,NA,NA,NA,NA
4104,1,0.422711492,0.488232464,0.089056045,0,0,4,State,All,Owns House,state,99,Tripura,NA,NA,NA,NA,0,NA
4105,1,0.418353945,0.541392922,0.03785805,0.002395093,0,4,State,All,Owns House,state,99,Tripura,NA,NA,NA,NA,1,NA
4106,1,0.577774882,0.257325172,0.115589462,0.044175062,0.005135419,4,State,All,Owns House,state,99,Uttar Pradesh,NA,NA,NA,NA,0,NA
4107,1,0.572151184,0.287879705,0.09996216,0.032680131,0.007326797,4,State,All,Owns House,state,99,Uttar Pradesh,NA,NA,NA,NA,1,NA
4108,1,NA,NA,NA,NA,NA,4,State,All,Owns House,state,99,Uttar Pradesh,NA,NA,NA,NA,NA,NA
4109,1,0.24747768,0.392863214,0.268026739,0.090715662,0.000916695,4,State,All,Owns House,state,99,Uttarakhand,NA,NA,NA,NA,0,NA
4110,1,0.224082142,0.49322167,0.219623074,0.047590464,0.015482633,4,State,All,Owns House,state,99,Uttarakhand,NA,NA,NA,NA,1,NA
4111,1,0.597434878,0.34257099,0.052515045,0.006654195,0.000824907,4,State,All,Owns House,state,99,West Bengal,NA,NA,NA,NA,0,NA
4112,1,0.596241415,0.346079946,0.055249088,0.002429577,0,4,State,All,Owns House,state,99,West Bengal,NA,NA,NA,NA,1,NA
4113,1,NA,NA,NA,NA,NA,4,State,All,Owns House,state,99,West Bengal,NA,NA,NA,NA,NA,NA
4114,1,0.418231577,0.310265511,0.211542144,0.059960768,0,4,State,urban/rural,Owns House,statesector,0,Andaman & Nicobar Islands,NA,NA,NA,NA,0,NA
4115,1,0.429856956,0.358082354,0.191762552,0.00957164,0.010726493,4,State,urban/rural,Owns House,statesector,0,Andaman & Nicobar Islands,NA,NA,NA,NA,1,NA
4116,1,0,0.25821957,0.74178046,0,0,4,State,urban/rural,Owns House,statesector,1,Andaman & Nicobar Islands,NA,NA,NA,NA,0,NA
4117,1,1,0,0,0,0,4,State,urban/rural,Owns House,statesector,1,Andaman & Nicobar Islands,NA,NA,NA,NA,1,NA
4118,1,0.322086275,0.419819236,0.224551737,0.033542749,0,4,State,urban/rural,Owns House,statesector,0,Andhra Pradesh,NA,NA,NA,NA,0,NA
4119,1,0.276183903,0.462091088,0.241153002,0.02057201,0,4,State,urban/rural,Owns House,statesector,0,Andhra Pradesh,NA,NA,NA,NA,1,NA
4120,1,NA,NA,NA,NA,NA,4,State,urban/rural,Owns House,statesector,0,Andhra Pradesh,NA,NA,NA,NA,NA,NA
4121,1,0.118989289,0.427331984,0.263538003,0.171012461,0.019128265,4,State,urban/rural,Owns House,statesector,1,Andhra Pradesh,NA,NA,NA,NA,0,NA
4122,1,0.122627832,0.35545522,0.364581734,0.148482755,0.008852451,4,State,urban/rural,Owns House,statesector,1,Andhra Pradesh,NA,NA,NA,NA,1,NA
4123,1,0.611084461,0.281278282,0.096086785,0.008166603,0.003383891,4,State,urban/rural,Owns House,statesector,0,Arunachal Pradesh,NA,NA,NA,NA,0,NA
4124,1,0.569554925,0.35019207,0.065496258,0.011120103,0.003636653,4,State,urban/rural,Owns House,statesector,0,Arunachal Pradesh,NA,NA,NA,NA,1,NA
4125,1,0.31265524,0.381114632,0.230709642,0.052653853,0.022866637,4,State,urban/rural,Owns House,statesector,1,Arunachal Pradesh,NA,NA,NA,NA,0,NA
4126,1,0.186937734,0.411645681,0.248538971,0.096281812,0.056595813,4,State,urban/rural,Owns House,statesector,1,Arunachal Pradesh,NA,NA,NA,NA,1,NA
4127,1,0.565989792,0.386735797,0.043368105,0.003906291,0,4,State,urban/rural,Owns House,statesector,0,Assam,NA,NA,NA,NA,0,NA
4128,1,0.521846354,0.430749953,0.045429118,0.00158546,0.000389129,4,State,urban/rural,Owns House,statesector,0,Assam,NA,NA,NA,NA,1,NA
4129,1,NA,NA,NA,NA,NA,4,State,urban/rural,Owns House,statesector,0,Assam,NA,NA,NA,NA,NA,NA
4130,1,0.336993277,0.450181007,0.192614183,0.020211538,0,4,State,urban/rural,Owns House,statesector,1,Assam,NA,NA,NA,NA,0,NA
4131,1,0.316157401,0.427265435,0.190631345,0.057245154,0.008700646,4,State,urban/rural,Owns House,statesector,1,Assam,NA,NA,NA,NA,1,NA
4132,1,0.828401148,0.149056405,0.020721894,0.001659017,0.000161529,4,State,urban/rural,Owns House,statesector,0,Bihar,NA,NA,NA,NA,0,NA
4133,1,0.77249527,0.200872496,0.022643944,0.003747151,0.00024113,4,State,urban/rural,Owns House,statesector,0,Bihar,NA,NA,NA,NA,1,NA
4134,1,NA,NA,NA,NA,NA,4,State,urban/rural,Owns House,statesector,0,Bihar,NA,NA,NA,NA,NA,NA
4135,1,0.567264736,0.22497721,0.149310648,0.054568663,0.003878766,4,State,urban/rural,Owns House,statesector,1,Bihar,NA,NA,NA,NA,0,NA
4136,1,0.529329538,0.316476524,0.111544952,0.035043992,0.007604981,4,State,urban/rural,Owns House,statesector,1,Bihar,NA,NA,NA,NA,1,NA
4137,1,0,0.5,0.5,0,0,4,State,urban/rural,Owns House,statesector,0,Chandigarh,NA,NA,NA,NA,0,NA
4138,1,0.25,0.25,0.25,0.25,0,4,State,urban/rural,Owns House,statesector,0,Chandigarh,NA,NA,NA,NA,1,NA
4139,1,0.210366338,0.199750021,0.391455203,0.198428437,0,4,State,urban/rural,Owns House,statesector,1,Chandigarh,NA,NA,NA,NA,0,NA
4140,1,0.245597973,0.253296077,0.132941082,0.291372567,0.076792315,4,State,urban/rural,Owns House,statesector,1,Chandigarh,NA,NA,NA,NA,1,NA
4141,1,0.673133969,0.269011408,0.051159006,0.006695603,0,4,State,urban/rural,Owns House,statesector,0,Chhattisgarh,NA,NA,NA,NA,0,NA
4142,1,0.657872498,0.27148667,0.060110323,0.009460457,0.001070069,4,State,urban/rural,Owns House,statesector,0,Chhattisgarh,NA,NA,NA,NA,1,NA
4143,1,0.455441445,0.216362894,0.190890074,0.08920113,0.048104465,4,State,urban/rural,Owns House,statesector,1,Chhattisgarh,NA,NA,NA,NA,0,NA
4144,1,0.292783022,0.392649561,0.18858166,0.088381894,0.037603851,4,State,urban/rural,Owns House,statesector,1,Chhattisgarh,NA,NA,NA,NA,1,NA
4145,1,0.500151157,0.276344866,0.174250081,0.049253877,0,4,State,urban/rural,Owns House,statesector,0,Dadra & Nagar Haveli,NA,NA,NA,NA,0,NA
4146,1,0.555043936,0.372009277,0.061841756,0.011105051,0,4,State,urban/rural,Owns House,statesector,0,Dadra & Nagar Haveli,NA,NA,NA,NA,1,NA
4147,1,0,0.145568356,0.732585251,0.121846385,0,4,State,urban/rural,Owns House,statesector,1,Dadra & Nagar Haveli,NA,NA,NA,NA,0,NA
4148,1,0.257535905,0.402961671,0.113187969,0.22631444,0,4,State,urban/rural,Owns House,statesector,1,Dadra & Nagar Haveli,NA,NA,NA,NA,1,NA
4149,1,0.019437116,0.59549582,0.275723338,0.109343715,0,4,State,urban/rural,Owns House,statesector,0,Daman & Diu,NA,NA,NA,NA,0,NA
4150,1,0,0.500924051,0.406987906,0,0.092088021,4,State,urban/rural,Owns House,statesector,0,Daman & Diu,NA,NA,NA,NA,1,NA
4151,1,0,0.597449481,0.299958438,0.073091559,0.029500531,4,State,urban/rural,Owns House,statesector,1,Daman & Diu,NA,NA,NA,NA,0,NA
4152,1,0.136675164,0.144702956,0.308806509,0.195623353,0.214192033,4,State,urban/rural,Owns House,statesector,1,Daman & Diu,NA,NA,NA,NA,1,NA
4153,1,0,1,0,0,0,4,State,urban/rural,Owns House,statesector,0,Delhi,NA,NA,NA,NA,0,NA
4154,1,0,1,0,0,0,4,State,urban/rural,Owns House,statesector,0,Delhi,NA,NA,NA,NA,1,NA
4155,1,0.095494196,0.161282241,0.503780544,0.203465223,0.035977788,4,State,urban/rural,Owns House,statesector,1,Delhi,NA,NA,NA,NA,0,NA
4156,1,0.033718027,0.127168193,0.401280135,0.276529938,0.161303714,4,State,urban/rural,Owns House,statesector,1,Delhi,NA,NA,NA,NA,1,NA
4157,1,0,0.606142938,0.263375163,0.130481869,0,4,State,urban/rural,Owns House,statesector,0,Goa,NA,NA,NA,NA,0,NA
4158,1,0.038855925,0.626774728,0.310428947,0,0.023940425,4,State,urban/rural,Owns House,statesector,0,Goa,NA,NA,NA,NA,1,NA
4159,1,0,0.247804984,0.488277793,0.263917238,0,4,State,urban/rural,Owns House,statesector,1,Goa,NA,NA,NA,NA,0,NA
4160,1,0,0.45208481,0.251314938,0.240577742,0.056022506,4,State,urban/rural,Owns House,statesector,1,Goa,NA,NA,NA,NA,1,NA
4161,1,0.374745935,0.471304327,0.137814373,0.014499792,0.001635578,4,State,urban/rural,Owns House,statesector,0,Gujarat,NA,NA,NA,NA,0,NA
4162,1,0.383407027,0.457901001,0.13669689,0.020396652,0.001598435,4,State,urban/rural,Owns House,statesector,0,Gujarat,NA,NA,NA,NA,1,NA
4163,1,NA,NA,NA,NA,NA,4,State,urban/rural,Owns House,statesector,0,Gujarat,NA,NA,NA,NA,NA,NA
4164,1,0.228968367,0.316045731,0.313097835,0.12359947,0.018288603,4,State,urban/rural,Owns House,statesector,1,Gujarat,NA,NA,NA,NA,0,NA
4165,1,0.157902375,0.316173792,0.285787076,0.147618398,0.092518359,4,State,urban/rural,Owns House,statesector,1,Gujarat,NA,NA,NA,NA,1,NA
4166,1,0.228121087,0.37573725,0.262949258,0.11040777,0.022784615,4,State,urban/rural,Owns House,statesector,0,Haryana,NA,NA,NA,NA,0,NA
4167,1,0.137767136,0.35386917,0.336838573,0.128419623,0.043105502,4,State,urban/rural,Owns House,statesector,0,Haryana,NA,NA,NA,NA,1,NA
4168,1,NA,NA,NA,NA,NA,4,State,urban/rural,Owns House,statesector,0,Haryana,NA,NA,NA,NA,NA,NA
4169,1,0.105317593,0.336461872,0.31818074,0.191135898,0.04890389,4,State,urban/rural,Owns House,statesector,1,Haryana,NA,NA,NA,NA,0,NA
4170,1,0.072901815,0.261932045,0.215233579,0.302401364,0.147531182,4,State,urban/rural,Owns House,statesector,1,Haryana,NA,NA,NA,NA,1,NA
4171,1,0.202927232,0.354169905,0.369999856,0.063063182,0.009839824,4,State,urban/rural,Owns House,statesector,0,Himachal Pradesh,NA,NA,NA,NA,0,NA
4172,1,0.124583274,0.464416921,0.317859501,0.078972943,0.014167367,4,State,urban/rural,Owns House,statesector,0,Himachal Pradesh,NA,NA,NA,NA,1,NA
4173,1,NA,NA,NA,NA,NA,4,State,urban/rural,Owns House,statesector,0,Himachal Pradesh,NA,NA,NA,NA,NA,NA
4174,1,0,0.696000099,0.130804554,0.173195347,0,4,State,urban/rural,Owns House,statesector,1,Himachal Pradesh,NA,NA,NA,NA,0,NA
4175,1,0.100210734,0.421835929,0.15647468,0.321478635,0,4,State,urban/rural,Owns House,statesector,1,Himachal Pradesh,NA,NA,NA,NA,1,NA
4176,1,0.490941525,0.393369168,0.105672918,0.010016391,0,4,State,urban/rural,Owns House,statesector,0,Jammu & Kashmir,NA,NA,NA,NA,0,NA
4177,1,0.304474145,0.503487706,0.15081881,0.037878748,0.003340566,4,State,urban/rural,Owns House,statesector,0,Jammu & Kashmir,NA,NA,NA,NA,1,NA
4178,1,0.100479536,0.471387506,0.307743073,0.120389894,0,4,State,urban/rural,Owns House,statesector,1,Jammu & Kashmir,NA,NA,NA,NA,0,NA
4179,1,0.249593005,0.276656389,0.170238391,0.244545892,0.058966316,4,State,urban/rural,Owns House,statesector,1,Jammu & Kashmir,NA,NA,NA,NA,1,NA
4180,1,0.811041057,0.160955772,0.026944388,0.001058781,0,4,State,urban/rural,Owns House,statesector,0,Jharkhand,NA,NA,NA,NA,0,NA
4181,1,0.77858454,0.182139441,0.034990903,0.003649358,0.000635736,4,State,urban/rural,Owns House,statesector,0,Jharkhand,NA,NA,NA,NA,1,NA
4182,1,NA,NA,NA,NA,NA,4,State,urban/rural,Owns House,statesector,0,Jharkhand,NA,NA,NA,NA,NA,NA
4183,1,0.384028196,0.359990895,0.230693161,0.0182664,0.007021342,4,State,urban/rural,Owns House,statesector,1,Jharkhand,NA,NA,NA,NA,0,NA
4184,1,0.342415661,0.37450099,0.215739846,0.055711545,0.011631973,4,State,urban/rural,Owns House,statesector,1,Jharkhand,NA,NA,NA,NA,1,NA
4185,1,0.341653436,0.471355081,0.16785942,0.01913207,0,4,State,urban/rural,Owns House,statesector,0,Karnataka,NA,NA,NA,NA,0,NA
4186,1,0.308113277,0.50460887,0.169799522,0.015501297,0.001977078,4,State,urban/rural,Owns House,statesector,0,Karnataka,NA,NA,NA,NA,1,NA
4187,1,NA,NA,NA,NA,NA,4,State,urban/rural,Owns House,statesector,0,Karnataka,NA,NA,NA,NA,NA,NA
4188,1,0.292975903,0.298325092,0.300062805,0.100488678,0.008147513,4,State,urban/rural,Owns House,statesector,1,Karnataka,NA,NA,NA,NA,0,NA
4189,1,0.164363027,0.395707309,0.275809973,0.12052995,0.043589741,4,State,urban/rural,Owns House,statesector,1,Karnataka,NA,NA,NA,NA,1,NA
4190,1,0.492480516,0.363705605,0.143813878,0,0,4,State,urban/rural,Owns House,statesector,0,Kerala,NA,NA,NA,NA,0,NA
4191,1,0.255438715,0.457708865,0.18893455,0.013544759,0.084373109,4,State,urban/rural,Owns House,statesector,0,Kerala,NA,NA,NA,NA,1,NA
4192,1,NA,NA,NA,NA,NA,4,State,urban/rural,Owns House,statesector,0,Kerala,NA,NA,NA,NA,NA,NA
4193,1,0.210670918,0.425763607,0.262131929,0.101433516,0,4,State,urban/rural,Owns House,statesector,1,Kerala,NA,NA,NA,NA,0,NA
4194,1,0.047350723,0.376191378,0.30105263,0.117053807,0.158351466,4,State,urban/rural,Owns House,statesector,1,Kerala,NA,NA,NA,NA,1,NA
4195,1,0,0,0,1,0,4,State,urban/rural,Owns House,statesector,0,Lakshadweep,NA,NA,NA,NA,1,NA
4196,1,0.162817255,0,0.16840592,0.162817255,0.50595957,4,State,urban/rural,Owns House,statesector,1,Lakshadweep,NA,NA,NA,NA,1,NA
4197,1,0.632229388,0.294828951,0.061654057,0.010979681,0.000307887,4,State,urban/rural,Owns House,statesector,0,Madhya Pradesh,NA,NA,NA,NA,0,NA
4198,1,0.621437728,0.279162049,0.082124457,0.015735444,0.001540324,4,State,urban/rural,Owns House,statesector,0,Madhya Pradesh,NA,NA,NA,NA,1,NA
4199,1,NA,NA,NA,NA,NA,4,State,urban/rural,Owns House,statesector,0,Madhya Pradesh,NA,NA,NA,NA,NA,NA
4200,1,0.343149841,0.320339501,0.206645146,0.109926209,0.019939318,4,State,urban/rural,Owns House,statesector,1,Madhya Pradesh,NA,NA,NA,NA,0,NA
4201,1,0.300341755,0.354621768,0.198437527,0.104650885,0.041948065,4,State,urban/rural,Owns House,statesector,1,Madhya Pradesh,NA,NA,NA,NA,1,NA
4202,1,NA,NA,NA,NA,NA,4,State,urban/rural,Owns House,statesector,1,Madhya Pradesh,NA,NA,NA,NA,NA,NA
4203,1,0.52373296,0.360172838,0.090546139,0.025548106,0,4,State,urban/rural,Owns House,statesector,0,Maharashtra,NA,NA,NA,NA,0,NA
4204,1,0.451569498,0.397118717,0.128065556,0.019875009,0.003371231,4,State,urban/rural,Owns House,statesector,0,Maharashtra,NA,NA,NA,NA,1,NA
4205,1,NA,NA,NA,NA,NA,4,State,urban/rural,Owns House,statesector,0,Maharashtra,NA,NA,NA,NA,NA,NA
4206,1,0.162847757,0.487893522,0.23467283,0.102680318,0.011905551,4,State,urban/rural,Owns House,statesector,1,Maharashtra,NA,NA,NA,NA,0,NA
4207,1,0.236860231,0.296247065,0.260587156,0.132550791,0.073754773,4,State,urban/rural,Owns House,statesector,1,Maharashtra,NA,NA,NA,NA,1,NA
4208,1,NA,NA,NA,NA,NA,4,State,urban/rural,Owns House,statesector,1,Maharashtra,NA,NA,NA,NA,NA,NA
4209,1,0.299387485,0.506584108,0.168441087,0.02558735,0,4,State,urban/rural,Owns House,statesector,0,Manipur,NA,NA,NA,NA,0,NA
4210,1,0.300079048,0.502196908,0.160298631,0.034731753,0.002693661,4,State,urban/rural,Owns House,statesector,0,Manipur,NA,NA,NA,NA,1,NA
4211,1,0.308754265,0.371253401,0.255723625,0.054880183,0.009388535,4,State,urban/rural,Owns House,statesector,1,Manipur,NA,NA,NA,NA,0,NA
4212,1,0.218481228,0.39119938,0.313236088,0.07371325,0.003370062,4,State,urban/rural,Owns House,statesector,1,Manipur,NA,NA,NA,NA,1,NA
4213,1,NA,NA,NA,NA,NA,4,State,urban/rural,Owns House,statesector,1,Manipur,NA,NA,NA,NA,NA,NA
4214,1,0.348147064,0.479363412,0.1674297,0.005059822,0,4,State,urban/rural,Owns House,statesector,0,Meghalaya,NA,NA,NA,NA,0,NA
4215,1,0.31008023,0.567399144,0.115670845,0.006425915,0.000423883,4,State,urban/rural,Owns House,statesector,0,Meghalaya,NA,NA,NA,NA,1,NA
4216,1,NA,NA,NA,NA,NA,4,State,urban/rural,Owns House,statesector,0,Meghalaya,NA,NA,NA,NA,NA,NA
4217,1,0.091648541,0.448613942,0.427895993,0.031841539,0,4,State,urban/rural,Owns House,statesector,1,Meghalaya,NA,NA,NA,NA,0,NA
4218,1,0.147086576,0.516412795,0.291323394,0.045177221,0,4,State,urban/rural,Owns House,statesector,1,Meghalaya,NA,NA,NA,NA,1,NA
4219,1,0.483060122,0.360523403,0.128482476,0.027934015,0,4,State,urban/rural,Owns House,statesector,0,Mizoram,NA,NA,NA,NA,0,NA
4220,1,0.552303672,0.356504053,0.080383167,0.00923533,0.00157377,4,State,urban/rural,Owns House,statesector,0,Mizoram,NA,NA,NA,NA,1,NA
4221,1,0.150032312,0.340059847,0.387842119,0.087943688,0.034122046,4,State,urban/rural,Owns House,statesector,1,Mizoram,NA,NA,NA,NA,0,NA
4222,1,0.284747273,0.307604074,0.099464096,0.090188242,0.217996299,4,State,urban/rural,Owns House,statesector,1,Mizoram,NA,NA,NA,NA,1,NA
4223,1,0.397181302,0.500288308,0.102530412,0,0,4,State,urban/rural,Owns House,statesector,0,Nagaland,NA,NA,NA,NA,0,NA
4224,1,0.401633561,0.517207801,0.077073805,0.003789943,0.000294856,4,State,urban/rural,Owns House,statesector,0,Nagaland,NA,NA,NA,NA,1,NA
4225,1,NA,NA,NA,NA,NA,4,State,urban/rural,Owns House,statesector,0,Nagaland,NA,NA,NA,NA,NA,NA
4226,1,0.193127677,0.42916128,0.343688607,0.024804113,0.009218326,4,State,urban/rural,Owns House,statesector,1,Nagaland,NA,NA,NA,NA,0,NA
4227,1,0.157143041,0.456752002,0.315821856,0.051642008,0.018641109,4,State,urban/rural,Owns House,statesector,1,Nagaland,NA,NA,NA,NA,1,NA
4228,1,NA,NA,NA,NA,NA,4,State,urban/rural,Owns House,statesector,1,Nagaland,NA,NA,NA,NA,NA,NA
4229,1,0.684488058,0.270022005,0.041573692,0.003713758,0.000202513,4,State,urban/rural,Owns House,statesector,0,Odisha,NA,NA,NA,NA,0,NA
4230,1,0.729029119,0.232882723,0.03411673,0.003651787,0.000319633,4,State,urban/rural,Owns House,statesector,0,Odisha,NA,NA,NA,NA,1,NA
4231,1,NA,NA,NA,NA,NA,4,State,urban/rural,Owns House,statesector,0,Odisha,NA,NA,NA,NA,NA,NA
4232,1,0.632961929,0.253829271,0.102628261,0.010580543,0,4,State,urban/rural,Owns House,statesector,1,Odisha,NA,NA,NA,NA,0,NA
4233,1,0.558017015,0.313854694,0.102514081,0.02422747,0.00138672,4,State,urban/rural,Owns House,statesector,1,Odisha,NA,NA,NA,NA,1,NA
4234,1,0.525809288,0.302045733,0.172144994,0,0,4,State,urban/rural,Owns House,statesector,0,Puducherry,NA,NA,NA,NA,0,NA
4235,1,0.465946108,0.451384932,0.08266896,0,0,4,State,urban/rural,Owns House,statesector,0,Puducherry,NA,NA,NA,NA,1,NA
4236,1,0,0.142817244,0.737546384,0.119636387,0,4,State,urban/rural,Owns House,statesector,1,Puducherry,NA,NA,NA,NA,0,NA
4237,1,0.42896679,0.369996995,0.136107266,0.062215284,0.002713658,4,State,urban/rural,Owns House,statesector,1,Puducherry,NA,NA,NA,NA,1,NA
4238,1,0.223762617,0.353637278,0.304343194,0.107807867,0.010449024,4,State,urban/rural,Owns House,statesector,0,Punjab,NA,NA,NA,NA,0,NA
4239,1,0.067353666,0.330439985,0.392842352,0.172554225,0.036809791,4,State,urban/rural,Owns House,statesector,0,Punjab,NA,NA,NA,NA,1,NA
4240,1,0.276459008,0.28024891,0.291948557,0.121028811,0.030314706,4,State,urban/rural,Owns House,statesector,1,Punjab,NA,NA,NA,NA,0,NA
4241,1,0.026408045,0.20168598,0.280719429,0.293936431,0.197250143,4,State,urban/rural,Owns House,statesector,1,Punjab,NA,NA,NA,NA,1,NA
4242,1,0.462299049,0.391028404,0.115375832,0.028088404,0.003208306,4,State,urban/rural,Owns House,statesector,0,Rajasthan,NA,NA,NA,NA,0,NA
4243,1,0.481387794,0.369555026,0.116876192,0.027034659,0.005146339,4,State,urban/rural,Owns House,statesector,0,Rajasthan,NA,NA,NA,NA,1,NA
4244,1,NA,NA,NA,NA,NA,4,State,urban/rural,Owns House,statesector,0,Rajasthan,NA,NA,NA,NA,NA,NA
4245,1,0.255984455,0.318916142,0.275714278,0.122407533,0.026977595,4,State,urban/rural,Owns House,statesector,1,Rajasthan,NA,NA,NA,NA,0,NA
4246,1,0.132964566,0.362878174,0.290370405,0.135659039,0.078127816,4,State,urban/rural,Owns House,statesector,1,Rajasthan,NA,NA,NA,NA,1,NA
4247,1,0.061505631,0.607003093,0.313744009,0.017747244,0,4,State,urban/rural,Owns House,statesector,0,Sikkim,NA,NA,NA,NA,0,NA
4248,1,0.035635587,0.48580423,0.461950988,0.016609207,0,4,State,urban/rural,Owns House,statesector,0,Sikkim,NA,NA,NA,NA,1,NA
4249,1,0.120059021,0.279335439,0.183174327,0.417431206,0,4,State,urban/rural,Owns House,statesector,1,Sikkim,NA,NA,NA,NA,0,NA
4250,1,0,0.105980262,0.285626709,0.387188822,0.221204221,4,State,urban/rural,Owns House,statesector,1,Sikkim,NA,NA,NA,NA,1,NA
4251,1,0.437354267,0.439909101,0.1055471,0.017189538,0,4,State,urban/rural,Owns House,statesector,0,Tamil Nadu,NA,NA,NA,NA,0,NA
4252,1,0.343035609,0.502684295,0.135429785,0.015919438,0.002930865,4,State,urban/rural,Owns House,statesector,0,Tamil Nadu,NA,NA,NA,NA,1,NA
4253,1,NA,NA,NA,NA,NA,4,State,urban/rural,Owns House,statesector,0,Tamil Nadu,NA,NA,NA,NA,NA,NA
4254,1,0.274779409,0.326998323,0.208385989,0.179003403,0.010832913,4,State,urban/rural,Owns House,statesector,1,Tamil Nadu,NA,NA,NA,NA,0,NA
4255,1,0.32631579,0.378403217,0.199708611,0.062727153,0.032845251,4,State,urban/rural,Owns House,statesector,1,Tamil Nadu,NA,NA,NA,NA,1,NA
4256,1,0.368376553,0.457931787,0.162114739,0.011576936,0,4,State,urban/rural,Owns House,statesector,0,Telangana,NA,NA,NA,NA,0,NA
4257,1,0.357168645,0.476584703,0.149215221,0.013738301,0.003293125,4,State,urban/rural,Owns House,statesector,0,Telangana,NA,NA,NA,NA,1,NA
4258,1,NA,NA,NA,NA,NA,4,State,urban/rural,Owns House,statesector,0,Telangana,NA,NA,NA,NA,NA,NA
4259,1,0.132029802,0.334928542,0.310035735,0.223005921,0,4,State,urban/rural,Owns House,statesector,1,Telangana,NA,NA,NA,NA,0,NA
4260,1,0.237493917,0.365495026,0.335656554,0.061354488,0,4,State,urban/rural,Owns House,statesector,1,Telangana,NA,NA,NA,NA,1,NA
4261,1,0.482929349,0.461297601,0.055773046,0,0,4,State,urban/rural,Owns House,statesector,0,Tripura,NA,NA,NA,NA,0,NA
4262,1,0.448555142,0.526358843,0.022387611,0.002698428,0,4,State,urban/rural,Owns House,statesector,0,Tripura,NA,NA,NA,NA,1,NA
4263,1,0.196211874,0.589543521,0.214244589,0,0,4,State,urban/rural,Owns House,statesector,1,Tripura,NA,NA,NA,NA,0,NA
4264,1,0.179889008,0.660100162,0.1600108,0,0,4,State,urban/rural,Owns House,statesector,1,Tripura,NA,NA,NA,NA,1,NA
4265,1,0.661108255,0.259280503,0.065683015,0.011778723,0.002149499,4,State,urban/rural,Owns House,statesector,0,Uttar Pradesh,NA,NA,NA,NA,0,NA
4266,1,0.606111109,0.28862837,0.085428447,0.017311718,0.002520337,4,State,urban/rural,Owns House,statesector,0,Uttar Pradesh,NA,NA,NA,NA,1,NA
4267,1,NA,NA,NA,NA,NA,4,State,urban/rural,Owns House,statesector,0,Uttar Pradesh,NA,NA,NA,NA,NA,NA
4268,1,0.221376896,0.2489627,0.32902801,0.18272686,0.017905522,4,State,urban/rural,Owns House,statesector,1,Uttar Pradesh,NA,NA,NA,NA,0,NA
4269,1,0.242503077,0.280612558,0.241040543,0.181860864,0.053982962,4,State,urban/rural,Owns House,statesector,1,Uttar Pradesh,NA,NA,NA,NA,1,NA
4270,1,0.279585481,0.459915221,0.211209044,0.049290255,0,4,State,urban/rural,Owns House,statesector,0,Uttarakhand,NA,NA,NA,NA,0,NA
4271,1,0.232696131,0.539330661,0.193987846,0.027351286,0.006634085,4,State,urban/rural,Owns House,statesector,0,Uttarakhand,NA,NA,NA,NA,1,NA
4272,1,0.164956003,0.220529944,0.414056361,0.197184935,0.003272735,4,State,urban/rural,Owns House,statesector,1,Uttarakhand,NA,NA,NA,NA,0,NA
4273,1,0.154038638,0.118292734,0.428072512,0.212162659,0.087433442,4,State,urban/rural,Owns House,statesector,1,Uttarakhand,NA,NA,NA,NA,1,NA
4274,1,0.617564142,0.344644785,0.035068303,0.001752857,0.000969897,4,State,urban/rural,Owns House,statesector,0,West Bengal,NA,NA,NA,NA,0,NA
4275,1,0.624299288,0.334522277,0.040953215,0.000225213,0,4,State,urban/rural,Owns House,statesector,0,West Bengal,NA,NA,NA,NA,1,NA
4276,1,NA,NA,NA,NA,NA,4,State,urban/rural,Owns House,statesector,0,West Bengal,NA,NA,NA,NA,NA,NA
4277,1,0.482911497,0.3307724,0.151776299,0.034539804,0,4,State,urban/rural,Owns House,statesector,1,West Bengal,NA,NA,NA,NA,0,NA
4278,1,0.434797734,0.412582129,0.137506768,0.01511337,0,4,State,urban/rural,Owns House,statesector,1,West Bengal,NA,NA,NA,NA,1,NA
4279,1,0.565338492,0.302556306,0.09618558,0.029070271,0.006849326,4,National,All,Agri Land,allindia,99,India,NA,NA,NA,NA,NA,0
4280,1,0.541285813,0.333204955,0.102751158,0.01891657,0.003841508,4,National,All,Agri Land,allindia,99,India,NA,NA,NA,NA,NA,1
4281,1,NA,NA,NA,NA,NA,4,National,All,Agri Land,allindia,99,India,NA,NA,NA,NA,NA,NA
4282,1,0.6226933,0.297747821,0.067871541,0.010538619,0.001148708,4,National,urban/rural,Agri Land,indiasector,0,India,NA,NA,NA,NA,NA,0
4283,1,0.548393309,0.33201164,0.099787533,0.016902922,0.002904578,4,National,urban/rural,Agri Land,indiasector,0,India,NA,NA,NA,NA,NA,1
4284,1,NA,NA,NA,NA,NA,4,National,urban/rural,Agri Land,indiasector,0,India,NA,NA,NA,NA,NA,NA
4285,1,0.289301455,0.325698495,0.232455403,0.118259415,0.034285259,4,National,urban/rural,Agri Land,indiasector,1,India,NA,NA,NA,NA,NA,0
4286,1,0.285700709,0.376116067,0.20932278,0.091327049,0.03753338,4,National,urban/rural,Agri Land,indiasector,1,India,NA,NA,NA,NA,NA,1
4287,1,NA,NA,NA,NA,NA,4,National,urban/rural,Agri Land,indiasector,1,India,NA,NA,NA,NA,NA,NA
4288,1,0.397904545,0.347961307,0.227170467,0.017525263,0.009438427,4,State,All,Agri Land,state,99,Andaman & Nicobar Islands,NA,NA,NA,NA,NA,0
4289,1,0.469264269,0.305567086,0.194056749,0.031111915,0,4,State,All,Agri Land,state,99,Andaman & Nicobar Islands,NA,NA,NA,NA,NA,1
4290,1,0.273947239,0.466244727,0.218637452,0.039264027,0.001906554,4,State,All,Agri Land,state,99,Andhra Pradesh,NA,NA,NA,NA,NA,0
4291,1,0.248811379,0.410977364,0.311340094,0.028871171,0,4,State,All,Agri Land,state,99,Andhra Pradesh,NA,NA,NA,NA,NA,1
4292,1,NA,NA,NA,NA,NA,4,State,All,Agri Land,state,99,Andhra Pradesh,NA,NA,NA,NA,NA,NA
4293,1,0.586476564,0.300859451,0.091165759,0.016756352,0.004741889,4,State,All,Agri Land,state,99,Arunachal Pradesh,NA,NA,NA,NA,NA,0
4294,1,0.536355913,0.361538619,0.081212632,0.013530481,0.007362362,4,State,All,Agri Land,state,99,Arunachal Pradesh,NA,NA,NA,NA,NA,1
4295,1,0.558408201,0.394715041,0.041759834,0.004656579,0.000460348,4,State,All,Agri Land,state,99,Assam,NA,NA,NA,NA,NA,0
4296,1,0.447745472,0.4776766,0.070328109,0.003298425,0.000951401,4,State,All,Agri Land,state,99,Assam,NA,NA,NA,NA,NA,1
4297,1,NA,NA,NA,NA,NA,4,State,All,Agri Land,state,99,Assam,NA,NA,NA,NA,NA,NA
4298,1,0.817386568,0.157407552,0.020460263,0.00415561,0.000590032,4,State,All,Agri Land,state,99,Bihar,NA,NA,NA,NA,NA,0
4299,1,0.685426056,0.265397251,0.041215576,0.007426248,0.000534844,4,State,All,Agri Land,state,99,Bihar,NA,NA,NA,NA,NA,1
4300,1,NA,NA,NA,NA,NA,4,State,All,Agri Land,state,99,Bihar,NA,NA,NA,NA,NA,NA
4301,1,0.201346666,0.262373447,0.239557743,0.25992772,0.036794428,4,State,All,Agri Land,state,99,Chandigarh,NA,NA,NA,NA,NA,0
4302,1,0.330490053,0.169509947,0.5,0,0,4,State,All,Agri Land,state,99,Chandigarh,NA,NA,NA,NA,NA,1
4303,1,0.631155372,0.282477736,0.062875517,0.017890761,0.005600605,4,State,All,Agri Land,state,99,Chhattisgarh,NA,NA,NA,NA,NA,0
4304,1,0.634885788,0.274712563,0.073805764,0.01368868,0.002907195,4,State,All,Agri Land,state,99,Chhattisgarh,NA,NA,NA,NA,NA,1
4305,1,0.527355433,0.322306067,0.117899679,0.032438803,0,4,State,All,Agri Land,state,99,Dadra & Nagar Haveli,NA,NA,NA,NA,NA,0
4306,1,0.502673566,0.400301516,0.07525593,0.021769002,0,4,State,All,Agri Land,state,99,Dadra & Nagar Haveli,NA,NA,NA,NA,NA,1
4307,1,0.019329645,0.521671057,0.317739099,0.086872444,0.054387752,4,State,All,Agri Land,state,99,Daman & Diu,NA,NA,NA,NA,NA,0
4308,1,0,0.847814023,0.067792289,0,0.084393688,4,State,All,Agri Land,state,99,Daman & Diu,NA,NA,NA,NA,NA,1
4309,1,0.067636669,0.146008193,0.462827355,0.220031038,0.10349673,4,State,All,Agri Land,state,99,Delhi,NA,NA,NA,NA,NA,0
4310,1,0,0.183352083,0.255736738,0.476400793,0.084510386,4,State,All,Agri Land,state,99,Delhi,NA,NA,NA,NA,NA,1
4311,1,0.013947978,0.494131714,0.304174602,0.162838891,0.024906812,4,State,All,Agri Land,state,99,Goa,NA,NA,NA,NA,NA,0
4312,1,0,0.515040338,0.435395837,0.049563844,0,4,State,All,Agri Land,state,99,Goa,NA,NA,NA,NA,NA,1
4313,1,0.292358041,0.452665567,0.188262925,0.051992759,0.014720706,4,State,All,Agri Land,state,99,Gujarat,NA,NA,NA,NA,NA,0
4314,1,0.417936504,0.428128779,0.128443584,0.019477647,0.006013472,4,State,All,Agri Land,state,99,Gujarat,NA,NA,NA,NA,NA,1
4315,1,NA,NA,NA,NA,NA,4,State,All,Agri Land,state,99,Gujarat,NA,NA,NA,NA,NA,NA
4316,1,0.14344348,0.367930591,0.306003183,0.139829874,0.042792894,4,State,All,Agri Land,state,99,Haryana,NA,NA,NA,NA,NA,0
4317,1,0.118028522,0.232887566,0.298291415,0.238638908,0.11215359,4,State,All,Agri Land,state,99,Haryana,NA,NA,NA,NA,NA,1
4318,1,NA,NA,NA,NA,NA,4,State,All,Agri Land,state,99,Haryana,NA,NA,NA,NA,NA,NA
4319,1,0.159614369,0.42559126,0.326828063,0.068677418,0.019288894,4,State,All,Agri Land,state,99,Himachal Pradesh,NA,NA,NA,NA,NA,0
4320,1,0.132702902,0.445920527,0.326006353,0.085961282,0.009408918,4,State,All,Agri Land,state,99,Himachal Pradesh,NA,NA,NA,NA,NA,1
4321,1,NA,NA,NA,NA,NA,4,State,All,Agri Land,state,99,Himachal Pradesh,NA,NA,NA,NA,NA,NA
4322,1,0.298621684,0.430021495,0.150711566,0.099142365,0.021502899,4,State,All,Agri Land,state,99,Jammu & Kashmir,NA,NA,NA,NA,NA,0
4323,1,0.319453001,0.491446316,0.151403412,0.035725694,0.001971564,4,State,All,Agri Land,state,99,Jammu & Kashmir,NA,NA,NA,NA,NA,1
4324,1,0.701783478,0.218963653,0.065710768,0.011239903,0.002302179,4,State,All,Agri Land,state,99,Jharkhand,NA,NA,NA,NA,NA,0
4325,1,0.765328407,0.18514508,0.042892948,0.005564585,0.001068988,4,State,All,Agri Land,state,99,Jharkhand,NA,NA,NA,NA,NA,1
4326,1,NA,NA,NA,NA,NA,4,State,All,Agri Land,state,99,Jharkhand,NA,NA,NA,NA,NA,NA
4327,1,0.356085479,0.428274989,0.164551377,0.041337211,0.009750956,4,State,All,Agri Land,state,99,Karnataka,NA,NA,NA,NA,NA,0
4328,1,0.237931684,0.531950951,0.210696355,0.018183544,0.001237456,4,State,All,Agri Land,state,99,Karnataka,NA,NA,NA,NA,NA,1
4329,1,NA,NA,NA,NA,NA,4,State,All,Agri Land,state,99,Karnataka,NA,NA,NA,NA,NA,NA
4330,1,0.263094157,0.431182593,0.221050903,0.041836806,0.042835541,4,State,All,Agri Land,state,99,Kerala,NA,NA,NA,NA,NA,0
4331,1,0.124420062,0.345094919,0.068334006,0,0.462151021,4,State,All,Agri Land,state,99,Kerala,NA,NA,NA,NA,NA,1
4332,1,NA,NA,NA,NA,NA,4,State,All,Agri Land,state,99,Kerala,NA,NA,NA,NA,NA,NA
4333,1,0.116474591,0,0.120472558,0.40110451,0.361948341,4,State,All,Agri Land,state,99,Lakshadweep,NA,NA,NA,NA,NA,0
4334,1,0.620833457,0.2665447,0.078625172,0.026534695,0.00746201,4,State,All,Agri Land,state,99,Madhya Pradesh,NA,NA,NA,NA,NA,0
4335,1,0.565192044,0.306624711,0.102803797,0.022641489,0.002737961,4,State,All,Agri Land,state,99,Madhya Pradesh,NA,NA,NA,NA,NA,1
4336,1,NA,NA,NA,NA,NA,4,State,All,Agri Land,state,99,Madhya Pradesh,NA,NA,NA,NA,NA,NA
4337,1,0.464185715,0.375363588,0.117121659,0.03261888,0.010710155,4,State,All,Agri Land,state,99,Maharashtra,NA,NA,NA,NA,NA,0
4338,1,0.368635207,0.409346849,0.17592448,0.038237069,0.007856389,4,State,All,Agri Land,state,99,Maharashtra,NA,NA,NA,NA,NA,1
4339,1,NA,NA,NA,NA,NA,4,State,All,Agri Land,state,99,Maharashtra,NA,NA,NA,NA,NA,NA
4340,1,0.29637143,0.472717017,0.193385139,0.035743471,0.001782928,4,State,All,Agri Land,state,99,Manipur,NA,NA,NA,NA,NA,0
4341,1,0.254757911,0.476514012,0.202547044,0.059715077,0.006465969,4,State,All,Agri Land,state,99,Manipur,NA,NA,NA,NA,NA,1
4342,1,NA,NA,NA,NA,NA,4,State,All,Agri Land,state,99,Manipur,NA,NA,NA,NA,NA,NA
4343,1,0.336266369,0.51166743,0.144761384,0.007085281,0.000219511,4,State,All,Agri Land,state,99,Meghalaya,NA,NA,NA,NA,NA,0
4344,1,0.225345299,0.634587109,0.128682315,0.010808847,0.00057645,4,State,All,Agri Land,state,99,Meghalaya,NA,NA,NA,NA,NA,1
4345,1,NA,NA,NA,NA,NA,4,State,All,Agri Land,state,99,Meghalaya,NA,NA,NA,NA,NA,NA
4346,1,0.537723005,0.320891768,0.107543938,0.021326926,0.012514399,4,State,All,Agri Land,state,99,Mizoram,NA,NA,NA,NA,NA,0
4347,1,0.374340147,0.428409725,0.158884853,0.03419099,0.00417426,4,State,All,Agri Land,state,99,Mizoram,NA,NA,NA,NA,NA,1
4348,1,0.362217456,0.464152128,0.15809907,0.01130976,0.004221595,4,State,All,Agri Land,state,99,Nagaland,NA,NA,NA,NA,NA,0
4349,1,0.373684615,0.53459692,0.086178891,0.005152472,0.000387138,4,State,All,Agri Land,state,99,Nagaland,NA,NA,NA,NA,NA,1
4350,1,NA,NA,NA,NA,NA,4,State,All,Agri Land,state,99,Nagaland,NA,NA,NA,NA,NA,NA
4351,1,0.735903502,0.220331967,0.039267831,0.004375152,0.000121572,4,State,All,Agri Land,state,99,Odisha,NA,NA,NA,NA,NA,0
4352,1,0.694137096,0.261298686,0.039030228,0.004966391,0.000567586,4,State,All,Agri Land,state,99,Odisha,NA,NA,NA,NA,NA,1
4353,1,NA,NA,NA,NA,NA,4,State,All,Agri Land,state,99,Odisha,NA,NA,NA,NA,NA,NA
4354,1,0.420929462,0.378804594,0.16905193,0.030381769,0.000832221,4,State,All,Agri Land,state,99,Puducherry,NA,NA,NA,NA,NA,0
4355,1,0,1,0,0,0,4,State,All,Agri Land,state,99,Puducherry,NA,NA,NA,NA,NA,1
4356,1,0.101619914,0.314714879,0.361278266,0.169448957,0.052937996,4,State,All,Agri Land,state,99,Punjab,NA,NA,NA,NA,NA,0
4357,1,0,0.207861066,0.291236162,0.342654914,0.158247843,4,State,All,Agri Land,state,99,Punjab,NA,NA,NA,NA,NA,1
4358,1,0.430331647,0.371616662,0.139697149,0.043455187,0.01489936,4,State,All,Agri Land,state,99,Rajasthan,NA,NA,NA,NA,NA,0
4359,1,0.468175501,0.370691568,0.124299087,0.03054918,0.006284665,4,State,All,Agri Land,state,99,Rajasthan,NA,NA,NA,NA,NA,1
4360,1,NA,NA,NA,NA,NA,4,State,All,Agri Land,state,99,Rajasthan,NA,NA,NA,NA,NA,NA
4361,1,0.064181939,0.454911679,0.29377082,0.162019163,0.02511639,4,State,All,Agri Land,state,99,Sikkim,NA,NA,NA,NA,NA,0
4362,1,0.038106944,0.482691973,0.461599082,0.017601985,0,4,State,All,Agri Land,state,99,Sikkim,NA,NA,NA,NA,NA,1
4363,1,0.368235052,0.450279921,0.140721321,0.035733365,0.005030343,4,State,All,Agri Land,state,99,Tamil Nadu,NA,NA,NA,NA,NA,0
4364,1,0.247689143,0.545032203,0.169459313,0.021152982,0.01666636,4,State,All,Agri Land,state,99,Tamil Nadu,NA,NA,NA,NA,NA,1
4365,1,NA,NA,NA,NA,NA,4,State,All,Agri Land,state,99,Tamil Nadu,NA,NA,NA,NA,NA,NA
4366,1,0.356691837,0.414941341,0.18258065,0.043483954,0.002302228,4,State,All,Agri Land,state,99,Telangana,NA,NA,NA,NA,NA,0
4367,1,0.311800838,0.500020802,0.169731647,0.017398281,0.001048449,4,State,All,Agri Land,state,99,Telangana,NA,NA,NA,NA,NA,1
4368,1,NA,NA,NA,NA,NA,4,State,All,Agri Land,state,99,Telangana,NA,NA,NA,NA,NA,NA
4369,1,0.439316243,0.508443713,0.049884509,0.002355514,0,4,State,All,Agri Land,state,99,Tripura,NA,NA,NA,NA,NA,0
4370,1,0.341383636,0.613086641,0.045529693,0,0,4,State,All,Agri Land,state,99,Tripura,NA,NA,NA,NA,NA,1
4371,1,0.561260223,0.265483111,0.109052956,0.052923329,0.011280364,4,State,All,Agri Land,state,99,Uttar Pradesh,NA,NA,NA,NA,NA,0
4372,1,0.581434548,0.298924506,0.096095175,0.019617587,0.00392817,4,State,All,Agri Land,state,99,Uttar Pradesh,NA,NA,NA,NA,NA,1
4373,1,NA,NA,NA,NA,NA,4,State,All,Agri Land,state,99,Uttar Pradesh,NA,NA,NA,NA,NA,NA
4374,1,0.252816081,0.387837708,0.259851515,0.085678637,0.013816063,4,State,All,Agri Land,state,99,Uttarakhand,NA,NA,NA,NA,NA,0
4375,1,0.203026205,0.561945558,0.199284479,0.026755009,0.008988718,4,State,All,Agri Land,state,99,Uttarakhand,NA,NA,NA,NA,NA,1
4376,1,0.617662549,0.330764383,0.048004914,0.003568125,0,4,State,All,Agri Land,state,99,West Bengal,NA,NA,NA,NA,NA,0
4377,1,0.533118427,0.388668358,0.074364536,0.003058826,0.000789836,4,State,All,Agri Land,state,99,West Bengal,NA,NA,NA,NA,NA,1
4378,1,NA,NA,NA,NA,NA,4,State,All,Agri Land,state,99,West Bengal,NA,NA,NA,NA,NA,NA
4379,1,0.422648191,0.353541881,0.195169494,0.018615071,0.010025355,4,State,urban/rural,Agri Land,statesector,0,Andaman & Nicobar Islands,NA,NA,NA,NA,NA,0
4380,1,0.449273884,0.317076385,0.201365978,0.032283757,0,4,State,urban/rural,Agri Land,statesector,0,Andaman & Nicobar Islands,NA,NA,NA,NA,NA,1
4381,1,0,0.25821957,0.74178046,0,0,4,State,urban/rural,Agri Land,statesector,1,Andaman & Nicobar Islands,NA,NA,NA,NA,NA,0
4382,1,1,0,0,0,0,4,State,urban/rural,Agri Land,statesector,1,Andaman & Nicobar Islands,NA,NA,NA,NA,NA,1
4383,1,0.297671974,0.479415894,0.202344432,0.02056771,0,4,State,urban/rural,Agri Land,statesector,0,Andhra Pradesh,NA,NA,NA,NA,NA,0
4384,1,0.253009588,0.411694854,0.30952701,0.025768552,0,4,State,urban/rural,Agri Land,statesector,0,Andhra Pradesh,NA,NA,NA,NA,NA,1
4385,1,NA,NA,NA,NA,NA,4,State,urban/rural,Agri Land,statesector,0,Andhra Pradesh,NA,NA,NA,NA,NA,NA
4386,1,0.127693221,0.385049433,0.31907779,0.154519841,0.013659746,4,State,urban/rural,Agri Land,statesector,1,Andhra Pradesh,NA,NA,NA,NA,NA,0
4387,1,0,0.368454814,0.418793917,0.212751269,0,4,State,urban/rural,Agri Land,statesector,1,Andhra Pradesh,NA,NA,NA,NA,NA,1
4388,1,0.639487624,0.278715283,0.071320452,0.008372013,0.002104593,4,State,urban/rural,Agri Land,statesector,0,Arunachal Pradesh,NA,NA,NA,NA,NA,0
4389,1,0.541802824,0.366015106,0.076041631,0.011584427,0.004555984,4,State,urban/rural,Agri Land,statesector,0,Arunachal Pradesh,NA,NA,NA,NA,NA,1
4390,1,0.21896109,0.454380482,0.228749365,0.074883319,0.023025747,4,State,urban/rural,Agri Land,statesector,1,Arunachal Pradesh,NA,NA,NA,NA,NA,0
4391,1,0.315666735,0.180168852,0.290721416,0.092377044,0.121065967,4,State,urban/rural,Agri Land,statesector,1,Arunachal Pradesh,NA,NA,NA,NA,NA,1
4392,1,0.573957682,0.392660797,0.031197781,0.001963503,0.000220263,4,State,urban/rural,Agri Land,statesector,0,Assam,NA,NA,NA,NA,NA,0
4393,1,0.451492608,0.477359951,0.068736538,0.001894614,0.000516301,4,State,urban/rural,Agri Land,statesector,0,Assam,NA,NA,NA,NA,NA,1
4394,1,NA,NA,NA,NA,NA,4,State,urban/rural,Agri Land,statesector,0,Assam,NA,NA,NA,NA,NA,NA
4395,1,0.336666435,0.424009651,0.192378938,0.04306091,0.003884059,4,State,urban/rural,Agri Land,statesector,1,Assam,NA,NA,NA,NA,NA,0
4396,1,0.189040244,0.499538541,0.180211499,0.100218654,0.030991051,4,State,urban/rural,Agri Land,statesector,1,Assam,NA,NA,NA,NA,NA,1
4397,1,0.83904314,0.146719277,0.012749944,0.001444127,4.35E-05,4,State,urban/rural,Agri Land,statesector,0,Bihar,NA,NA,NA,NA,NA,0
4398,1,0.689271748,0.264571816,0.039083447,0.006529651,0.000543302,4,State,urban/rural,Agri Land,statesector,0,Bihar,NA,NA,NA,NA,NA,1
4399,1,NA,NA,NA,NA,NA,4,State,urban/rural,Agri Land,statesector,0,Bihar,NA,NA,NA,NA,NA,NA
4400,1,0.550049841,0.289347261,0.115639076,0.037627075,0.007336756,4,State,urban/rural,Agri Land,statesector,1,Bihar,NA,NA,NA,NA,NA,0
4401,1,0.44223997,0.31759423,0.176042467,0.064123318,0,4,State,urban/rural,Agri Land,statesector,1,Bihar,NA,NA,NA,NA,NA,1
4402,1,0,0.5,0.25,0.25,0,4,State,urban/rural,Agri Land,statesector,0,Chandigarh,NA,NA,NA,NA,NA,0
4403,1,0.5,0,0.5,0,0,4,State,urban/rural,Agri Land,statesector,0,Chandigarh,NA,NA,NA,NA,NA,1
4404,1,0.24130328,0.215217188,0.237485513,0.261897862,0.044096164,4,State,urban/rural,Agri Land,statesector,1,Chandigarh,NA,NA,NA,NA,NA,0
4405,1,0,0.5,0.5,0,0,4,State,urban/rural,Agri Land,statesector,1,Chandigarh,NA,NA,NA,NA,NA,1
4406,1,0.687265396,0.271024734,0.037068225,0.004641657,0,4,State,urban/rural,Agri Land,statesector,0,Chhattisgarh,NA,NA,NA,NA,NA,0
4407,1,0.642906547,0.271410525,0.072262228,0.011877429,0.001543258,4,State,urban/rural,Agri Land,statesector,0,Chhattisgarh,NA,NA,NA,NA,NA,1
4408,1,0.332456768,0.343447089,0.200259298,0.088421687,0.035415139,4,State,urban/rural,Agri Land,statesector,1,Chhattisgarh,NA,NA,NA,NA,NA,0
4409,1,0.300719976,0.412284136,0.138113469,0.089150123,0.05973231,4,State,urban/rural,Agri Land,statesector,1,Chhattisgarh,NA,NA,NA,NA,NA,1
4410,1,0.580485702,0.330487579,0.070260987,0.018765751,0,4,State,urban/rural,Agri Land,statesector,0,Dadra & Nagar Haveli,NA,NA,NA,NA,NA,0
4411,1,0.510427117,0.400786757,0.078117415,0.010668687,0,4,State,urban/rural,Agri Land,statesector,0,Dadra & Nagar Haveli,NA,NA,NA,NA,NA,1
4412,1,0.096343316,0.255934566,0.504362464,0.143359676,0,4,State,urban/rural,Agri Land,statesector,1,Dadra & Nagar Haveli,NA,NA,NA,NA,NA,0
4413,1,0.29875806,0.387539506,0,0.313702434,0,4,State,urban/rural,Agri Land,statesector,1,Dadra & Nagar Haveli,NA,NA,NA,NA,NA,1
4414,1,0.011548623,0.498020411,0.386779666,0.06496691,0.03868439,4,State,urban/rural,Agri Land,statesector,0,Daman & Diu,NA,NA,NA,NA,NA,0
4415,1,0,0.847814023,0.067792289,0,0.084393688,4,State,urban/rural,Agri Land,statesector,0,Daman & Diu,NA,NA,NA,NA,NA,1
4416,1,0.021179039,0.527292371,0.301329523,0.092078954,0.058120128,4,State,urban/rural,Agri Land,statesector,1,Daman & Diu,NA,NA,NA,NA,NA,0
4417,1,0,1,0,0,0,4,State,urban/rural,Agri Land,statesector,0,Delhi,NA,NA,NA,NA,NA,0
4418,1,0,1,0,0,0,4,State,urban/rural,Agri Land,statesector,0,Delhi,NA,NA,NA,NA,NA,1
4419,1,0.068114132,0.13997972,0.466094553,0.221584275,0.104227334,4,State,urban/rural,Agri Land,statesector,1,Delhi,NA,NA,NA,NA,NA,0
4420,1,0,0.178996474,0.257100701,0.478941679,0.084961124,4,State,urban/rural,Agri Land,statesector,1,Delhi,NA,NA,NA,NA,NA,1
4421,1,0.029397592,0.632936001,0.263585716,0.055967845,0.018112833,4,State,urban/rural,Agri Land,statesector,0,Goa,NA,NA,NA,NA,NA,0
4422,1,0,0.571256936,0.373769313,0.054973736,0,4,State,urban/rural,Agri Land,statesector,0,Goa,NA,NA,NA,NA,NA,1
4423,1,0,0.368818581,0.340818435,0.259322554,0.031040447,4,State,urban/rural,Agri Land,statesector,1,Goa,NA,NA,NA,NA,NA,0
4424,1,0,0,1,0,0,4,State,urban/rural,Agri Land,statesector,1,Goa,NA,NA,NA,NA,NA,1
4425,1,0.325470388,0.502908111,0.14768073,0.023110591,0.000830192,4,State,urban/rural,Agri Land,statesector,0,Gujarat,NA,NA,NA,NA,NA,0
4426,1,0.426052362,0.426519603,0.128474757,0.016749602,0.00220369,4,State,urban/rural,Agri Land,statesector,0,Gujarat,NA,NA,NA,NA,NA,1
4427,1,NA,NA,NA,NA,NA,4,State,urban/rural,Agri Land,statesector,0,Gujarat,NA,NA,NA,NA,NA,NA
4428,1,0.190300018,0.297809243,0.313344359,0.141012684,0.057533711,4,State,urban/rural,Agri Land,statesector,1,Gujarat,NA,NA,NA,NA,NA,0
4429,1,0.11476706,0.488240331,0.127279639,0.121384308,0.148328647,4,State,urban/rural,Agri Land,statesector,1,Gujarat,NA,NA,NA,NA,NA,1
4430,1,0.170246795,0.396958053,0.320672542,0.094213344,0.01790929,4,State,urban/rural,Agri Land,statesector,0,Haryana,NA,NA,NA,NA,NA,0
4431,1,0.115161829,0.233961642,0.321556836,0.223010615,0.106309079,4,State,urban/rural,Agri Land,statesector,0,Haryana,NA,NA,NA,NA,NA,1
4432,1,NA,NA,NA,NA,NA,4,State,urban/rural,Agri Land,statesector,0,Haryana,NA,NA,NA,NA,NA,NA
4433,1,0.081683405,0.301045626,0.272202104,0.244939283,0.100129604,4,State,urban/rural,Agri Land,statesector,1,Haryana,NA,NA,NA,NA,NA,0
4434,1,0.138051748,0.225385308,0.135787591,0.347799122,0.152976245,4,State,urban/rural,Agri Land,statesector,1,Haryana,NA,NA,NA,NA,NA,1
4435,1,0.16087611,0.421818107,0.338020951,0.059201356,0.02008348,4,State,urban/rural,Agri Land,statesector,0,Himachal Pradesh,NA,NA,NA,NA,NA,0
4436,1,0.134687901,0.445854902,0.326630682,0.083276831,0.00954966,4,State,urban/rural,Agri Land,statesector,0,Himachal Pradesh,NA,NA,NA,NA,NA,1
4437,1,NA,NA,NA,NA,NA,4,State,urban/rural,Agri Land,statesector,0,Himachal Pradesh,NA,NA,NA,NA,NA,NA
4438,1,0.12898536,0.517186105,0.055116087,0.298712432,0,4,State,urban/rural,Agri Land,statesector,1,Himachal Pradesh,NA,NA,NA,NA,NA,0
4439,1,0,0.450307518,0.28426826,0.265424192,0,4,State,urban/rural,Agri Land,statesector,1,Himachal Pradesh,NA,NA,NA,NA,NA,1
4440,1,0.367106766,0.463843375,0.133077845,0.029705575,0.006266438,4,State,urban/rural,Agri Land,statesector,0,Jammu & Kashmir,NA,NA,NA,NA,NA,0
4441,1,0.311835825,0.499900252,0.149773642,0.036439605,0.002050678,4,State,urban/rural,Agri Land,statesector,0,Jammu & Kashmir,NA,NA,NA,NA,NA,1
4442,1,0.100407943,0.332132161,0.201748118,0.300110579,0.0656012,4,State,urban/rural,Agri Land,statesector,1,Jammu & Kashmir,NA,NA,NA,NA,NA,0
4443,1,0.509277284,0.280769527,0.192018494,0.017934697,0,4,State,urban/rural,Agri Land,statesector,1,Jammu & Kashmir,NA,NA,NA,NA,NA,1
4444,1,0.789129317,0.182754368,0.026914898,0.001201392,0,4,State,urban/rural,Agri Land,statesector,0,Jharkhand,NA,NA,NA,NA,NA,0
4445,1,0.779806495,0.177820548,0.037253261,0.004306284,0.000813385,4,State,urban/rural,Agri Land,statesector,0,Jharkhand,NA,NA,NA,NA,NA,1
4446,1,NA,NA,NA,NA,NA,4,State,urban/rural,Agri Land,statesector,0,Jharkhand,NA,NA,NA,NA,NA,NA
4447,1,0.349004358,0.365208507,0.222402513,0.051784217,0.011600399,4,State,urban/rural,Agri Land,statesector,1,Jharkhand,NA,NA,NA,NA,NA,0
4448,1,0.350688607,0.394912809,0.204408258,0.041601136,0.008389195,4,State,urban/rural,Agri Land,statesector,1,Jharkhand,NA,NA,NA,NA,NA,1
4449,1,0.398112088,0.456763297,0.126274183,0.016543336,0.002307088,4,State,urban/rural,Agri Land,statesector,0,Karnataka,NA,NA,NA,NA,NA,0
4450,1,0.241221681,0.533397317,0.208420753,0.016150648,0.000809599,4,State,urban/rural,Agri Land,statesector,0,Karnataka,NA,NA,NA,NA,NA,1
4451,1,NA,NA,NA,NA,NA,4,State,urban/rural,Agri Land,statesector,0,Karnataka,NA,NA,NA,NA,NA,NA
4452,1,0.219126537,0.335435569,0.289291412,0.122137003,0.034009486,4,State,urban/rural,Agri Land,statesector,1,Karnataka,NA,NA,NA,NA,NA,0
4453,1,0.169072896,0.501678705,0.258324325,0.060731672,0.010192428,4,State,urban/rural,Agri Land,statesector,1,Karnataka,NA,NA,NA,NA,NA,1
4454,1,0.326715052,0.456599295,0.189180896,0.01156872,0.015936034,4,State,urban/rural,Agri Land,statesector,0,Kerala,NA,NA,NA,NA,NA,0
4455,1,0.143648714,0.243881792,0.078894772,0,0.53357476,4,State,urban/rural,Agri Land,statesector,0,Kerala,NA,NA,NA,NA,NA,1
4456,1,NA,NA,NA,NA,NA,4,State,urban/rural,Agri Land,statesector,0,Kerala,NA,NA,NA,NA,NA,NA
4457,1,0.106717281,0.368709713,0.299385697,0.116234183,0.108953133,4,State,urban/rural,Agri Land,statesector,1,Kerala,NA,NA,NA,NA,NA,0
4458,1,0,1,0,0,0,4,State,urban/rural,Agri Land,statesector,1,Kerala,NA,NA,NA,NA,NA,1
4459,1,0,0,0,1,0,4,State,urban/rural,Agri Land,statesector,0,Lakshadweep,NA,NA,NA,NA,NA,0
4460,1,0.162817255,0,0.16840592,0.162817255,0.50595957,4,State,urban/rural,Agri Land,statesector,1,Lakshadweep,NA,NA,NA,NA,NA,0
4461,1,0.69547683,0.248933464,0.048130885,0.006700914,0.0007579,4,State,urban/rural,Agri Land,statesector,0,Madhya Pradesh,NA,NA,NA,NA,NA,0
4462,1,0.571718633,0.304625392,0.100960314,0.020917626,0.001778014,4,State,urban/rural,Agri Land,statesector,0,Madhya Pradesh,NA,NA,NA,NA,NA,1
4463,1,NA,NA,NA,NA,NA,4,State,urban/rural,Agri Land,statesector,0,Madhya Pradesh,NA,NA,NA,NA,NA,NA
4464,1,0.313353807,0.339090824,0.204240739,0.108236276,0.035078347,4,State,urban/rural,Agri Land,statesector,1,Madhya Pradesh,NA,NA,NA,NA,NA,0
4465,1,0.304408282,0.386511713,0.176463857,0.091521688,0.041094467,4,State,urban/rural,Agri Land,statesector,1,Madhya Pradesh,NA,NA,NA,NA,NA,1
4466,1,NA,NA,NA,NA,NA,4,State,urban/rural,Agri Land,statesector,1,Madhya Pradesh,NA,NA,NA,NA,NA,NA
4467,1,0.534651935,0.377278417,0.078922682,0.008951431,0.000195528,4,State,urban/rural,Agri Land,statesector,0,Maharashtra,NA,NA,NA,NA,NA,0
4468,1,0.374958187,0.409669399,0.174885809,0.034365624,0.006120989,4,State,urban/rural,Agri Land,statesector,0,Maharashtra,NA,NA,NA,NA,NA,1
4469,1,NA,NA,NA,NA,NA,4,State,urban/rural,Agri Land,statesector,0,Maharashtra,NA,NA,NA,NA,NA,NA
4470,1,0.207715407,0.368394375,0.256151408,0.118759394,0.048979398,4,State,urban/rural,Agri Land,statesector,1,Maharashtra,NA,NA,NA,NA,NA,0
4471,1,0.206952393,0.401099354,0.202484071,0.137232468,0.052231714,4,State,urban/rural,Agri Land,statesector,1,Maharashtra,NA,NA,NA,NA,NA,1
4472,1,NA,NA,NA,NA,NA,4,State,urban/rural,Agri Land,statesector,1,Maharashtra,NA,NA,NA,NA,NA,NA
4473,1,0.312768728,0.506605327,0.153915524,0.025241608,0.001468819,4,State,urban/rural,Agri Land,statesector,0,Manipur,NA,NA,NA,NA,NA,0
4474,1,0.262387365,0.493875712,0.187297791,0.052954584,0.003484556,4,State,urban/rural,Agri Land,statesector,0,Manipur,NA,NA,NA,NA,NA,1
4475,1,0.254341424,0.385853589,0.29455477,0.062662147,0.002588062,4,State,urban/rural,Agri Land,statesector,1,Manipur,NA,NA,NA,NA,NA,0
4476,1,0.210577592,0.375976712,0.290851682,0.09886343,0.023730597,4,State,urban/rural,Agri Land,statesector,1,Manipur,NA,NA,NA,NA,NA,1
4477,1,NA,NA,NA,NA,NA,4,State,urban/rural,Agri Land,statesector,1,Manipur,NA,NA,NA,NA,NA,NA
4478,1,0.354593337,0.514214039,0.126372769,0.004582788,0.00023709,4,State,urban/rural,Agri Land,statesector,0,Meghalaya,NA,NA,NA,NA,NA,0
4479,1,0.22580789,0.638135374,0.125401944,0.010063236,0.000591584,4,State,urban/rural,Agri Land,statesector,0,Meghalaya,NA,NA,NA,NA,NA,1
4480,1,NA,NA,NA,NA,NA,4,State,urban/rural,Agri Land,statesector,0,Meghalaya,NA,NA,NA,NA,NA,NA
4481,1,0.107413359,0.479868084,0.374384105,0.038334455,0,4,State,urban/rural,Agri Land,statesector,1,Meghalaya,NA,NA,NA,NA,NA,0
4482,1,0.207725346,0.499434918,0.253630787,0.039208971,0,4,State,urban/rural,Agri Land,statesector,1,Meghalaya,NA,NA,NA,NA,NA,1
4483,1,0.589185596,0.32242772,0.076019689,0.012366965,0,4,State,urban/rural,Agri Land,statesector,0,Mizoram,NA,NA,NA,NA,NA,0
4484,1,0.383789361,0.427941769,0.156401724,0.029466622,0.002400534,4,State,urban/rural,Agri Land,statesector,0,Mizoram,NA,NA,NA,NA,NA,1
4485,1,0.187939644,0.310452044,0.321809202,0.082226336,0.097572766,4,State,urban/rural,Agri Land,statesector,1,Mizoram,NA,NA,NA,NA,NA,0
4486,1,0.197873041,0.437149167,0.205258206,0.122420311,0.037299264,4,State,urban/rural,Agri Land,statesector,1,Mizoram,NA,NA,NA,NA,NA,1
4487,1,0.429095924,0.47160396,0.094997771,0.004302368,0,4,State,urban/rural,Agri Land,statesector,0,Nagaland,NA,NA,NA,NA,NA,0
4488,1,0.385045916,0.539645791,0.072205588,0.002701727,0.00040097,4,State,urban/rural,Agri Land,statesector,0,Nagaland,NA,NA,NA,NA,NA,1
4489,1,NA,NA,NA,NA,NA,4,State,urban/rural,Agri Land,statesector,0,Nagaland,NA,NA,NA,NA,NA,NA
4490,1,0.199298069,0.445999086,0.31181708,0.028380128,0.014505616,4,State,urban/rural,Agri Land,statesector,1,Nagaland,NA,NA,NA,NA,NA,0
4491,1,0.055706304,0.393288672,0.477261513,0.073743522,0,4,State,urban/rural,Agri Land,statesector,1,Nagaland,NA,NA,NA,NA,NA,1
4492,1,NA,NA,NA,NA,NA,4,State,urban/rural,Agri Land,statesector,1,Nagaland,NA,NA,NA,NA,NA,NA
4493,1,0.753442347,0.212743178,0.031307947,0.002506522,0,4,State,urban/rural,Agri Land,statesector,0,Odisha,NA,NA,NA,NA,NA,0
4494,1,0.697134614,0.259284973,0.038323596,0.004680904,0.000575884,4,State,urban/rural,Agri Land,statesector,0,Odisha,NA,NA,NA,NA,NA,1
4495,1,NA,NA,NA,NA,NA,4,State,urban/rural,Agri Land,statesector,0,Odisha,NA,NA,NA,NA,NA,NA
4496,1,0.591943622,0.282621086,0.104602903,0.019712944,0.001119441,4,State,urban/rural,Agri Land,statesector,1,Odisha,NA,NA,NA,NA,NA,0
4497,1,0.489098847,0.399040937,0.087365732,0.024494488,0,4,State,urban/rural,Agri Land,statesector,1,Odisha,NA,NA,NA,NA,NA,1
4498,1,0.483213425,0.420541108,0.096245475,0,0,4,State,urban/rural,Agri Land,statesector,0,Puducherry,NA,NA,NA,NA,NA,0
4499,1,0,1,0,0,0,4,State,urban/rural,Agri Land,statesector,0,Puducherry,NA,NA,NA,NA,NA,1
4500,1,0.327948153,0.316497773,0.277741909,0.075737543,0.002074611,4,State,urban/rural,Agri Land,statesector,1,Puducherry,NA,NA,NA,NA,NA,0
4501,1,0.097019583,0.349703372,0.389285594,0.144530296,0.019461144,4,State,urban/rural,Agri Land,statesector,0,Punjab,NA,NA,NA,NA,NA,0
4502,1,0,0.146017909,0.275704771,0.385195345,0.19308199,4,State,urban/rural,Agri Land,statesector,0,Punjab,NA,NA,NA,NA,NA,1
4503,1,0.114932477,0.213464051,0.280229777,0.241559356,0.149814337,4,State,urban/rural,Agri Land,statesector,1,Punjab,NA,NA,NA,NA,NA,0
4504,1,0,0.488807917,0.361793697,0.149398386,0,4,State,urban/rural,Agri Land,statesector,1,Punjab,NA,NA,NA,NA,NA,1
4505,1,0.486322224,0.375683069,0.110222161,0.023643263,0.004129296,4,State,urban/rural,Agri Land,statesector,0,Rajasthan,NA,NA,NA,NA,NA,0
4506,1,0.474059582,0.371145308,0.120311923,0.029216075,0.005267133,4,State,urban/rural,Agri Land,statesector,0,Rajasthan,NA,NA,NA,NA,NA,1
4507,1,NA,NA,NA,NA,NA,4,State,urban/rural,Agri Land,statesector,0,Rajasthan,NA,NA,NA,NA,NA,NA
4508,1,0.171892256,0.352847129,0.275746793,0.134902388,0.06461145,4,State,urban/rural,Agri Land,statesector,1,Rajasthan,NA,NA,NA,NA,NA,0
4509,1,0.106776029,0.342823476,0.369190574,0.112428412,0.068781525,4,State,urban/rural,Agri Land,statesector,1,Rajasthan,NA,NA,NA,NA,NA,1
4510,1,0.051745616,0.579387546,0.353282779,0.015584028,0,4,State,urban/rural,Agri Land,statesector,0,Sikkim,NA,NA,NA,NA,NA,0
4511,1,0.038548909,0.48829022,0.45535475,0.017806133,0,4,State,urban/rural,Agri Land,statesector,0,Sikkim,NA,NA,NA,NA,NA,1
4512,1,0.086247824,0.234052986,0.188178197,0.42184037,0.069680631,4,State,urban/rural,Agri Land,statesector,1,Sikkim,NA,NA,NA,NA,NA,0
4513,1,0,0,1,0,0,4,State,urban/rural,Agri Land,statesector,1,Sikkim,NA,NA,NA,NA,NA,1
4514,1,0.386052042,0.479434699,0.119510584,0.014381795,0.000620877,4,State,urban/rural,Agri Land,statesector,0,Tamil Nadu,NA,NA,NA,NA,NA,0
4515,1,0.247601956,0.548849225,0.173052311,0.021461304,0.009035225,4,State,urban/rural,Agri Land,statesector,0,Tamil Nadu,NA,NA,NA,NA,NA,1
4516,1,NA,NA,NA,NA,NA,4,State,urban/rural,Agri Land,statesector,0,Tamil Nadu,NA,NA,NA,NA,NA,NA
4517,1,0.312393248,0.358903438,0.207199723,0.102653176,0.018850433,4,State,urban/rural,Agri Land,statesector,1,Tamil Nadu,NA,NA,NA,NA,NA,0
4518,1,0.249896333,0.448395759,0.078493781,0.013347059,0.20986706,4,State,urban/rural,Agri Land,statesector,1,Tamil Nadu,NA,NA,NA,NA,NA,1
4519,1,0.406580299,0.434899837,0.145658627,0.009911961,0.002949254,4,State,urban/rural,Agri Land,statesector,0,Telangana,NA,NA,NA,NA,NA,0
4520,1,0.316509038,0.503752828,0.162771821,0.015883757,0.001082577,4,State,urban/rural,Agri Land,statesector,0,Telangana,NA,NA,NA,NA,NA,1
4521,1,NA,NA,NA,NA,NA,4,State,urban/rural,Agri Land,statesector,0,Telangana,NA,NA,NA,NA,NA,NA
4522,1,0.179179996,0.343925446,0.313955635,0.162938908,0,4,State,urban/rural,Agri Land,statesector,1,Telangana,NA,NA,NA,NA,NA,0
4523,1,0.167160869,0.385369569,0.3835437,0.063925847,0,4,State,urban/rural,Agri Land,statesector,1,Telangana,NA,NA,NA,NA,NA,1
4524,1,0.484358966,0.484918922,0.027943753,0.002778359,0,4,State,urban/rural,Agri Land,statesector,0,Tripura,NA,NA,NA,NA,NA,0
4525,1,0.35343951,0.613804102,0.032756425,0,0,4,State,urban/rural,Agri Land,statesector,0,Tripura,NA,NA,NA,NA,NA,1
4526,1,0.188399628,0.639491916,0.172108486,0,0,4,State,urban/rural,Agri Land,statesector,1,Tripura,NA,NA,NA,NA,NA,0
4527,1,0.157202199,0.60212636,0.240671426,0,0,4,State,urban/rural,Agri Land,statesector,1,Tripura,NA,NA,NA,NA,NA,1
4528,1,0.647985876,0.26571551,0.069032937,0.015686521,0.00157917,4,State,urban/rural,Agri Land,statesector,0,Uttar Pradesh,NA,NA,NA,NA,NA,0
4529,1,0.589045644,0.298084885,0.092394978,0.017432762,0.003041708,4,State,urban/rural,Agri Land,statesector,0,Uttar Pradesh,NA,NA,NA,NA,NA,1
4530,1,NA,NA,NA,NA,NA,4,State,urban/rural,Agri Land,statesector,0,Uttar Pradesh,NA,NA,NA,NA,NA,NA
4531,1,0.224187925,0.264579952,0.26459679,0.197649822,0.048985522,4,State,urban/rural,Agri Land,statesector,1,Uttar Pradesh,NA,NA,NA,NA,NA,0
4532,1,0.31632635,0.328169346,0.224979967,0.095719062,0.034805298,4,State,urban/rural,Agri Land,statesector,1,Uttar Pradesh,NA,NA,NA,NA,NA,1
4533,1,0.282787681,0.466154993,0.204636306,0.041943211,0.004477819,4,State,urban/rural,Agri Land,statesector,0,Uttarakhand,NA,NA,NA,NA,NA,0
4534,1,0.206982583,0.572178483,0.191654533,0.02343698,0.005747396,4,State,urban/rural,Agri Land,statesector,0,Uttarakhand,NA,NA,NA,NA,NA,1
4535,1,0.167819589,0.165737852,0.416436255,0.209707901,0.04029838,4,State,urban/rural,Agri Land,statesector,1,Uttarakhand,NA,NA,NA,NA,NA,0
4536,1,0.057503108,0.185559854,0.479928136,0.148798302,0.128210589,4,State,urban/rural,Agri Land,statesector,1,Uttarakhand,NA,NA,NA,NA,NA,1
4537,1,0.655842662,0.317088664,0.027068652,0,0,4,State,urban/rural,Agri Land,statesector,0,West Bengal,NA,NA,NA,NA,NA,0
4538,1,0.537371159,0.388033628,0.071656846,0.00210979,0.000828547,4,State,urban/rural,Agri Land,statesector,0,West Bengal,NA,NA,NA,NA,NA,1
4539,1,NA,NA,NA,NA,NA,4,State,urban/rural,Agri Land,statesector,0,West Bengal,NA,NA,NA,NA,NA,NA
4540,1,0.446403295,0.392107755,0.141915798,0.019573169,0,4,State,urban/rural,Agri Land,statesector,1,West Bengal,NA,NA,NA,NA,NA,0
4541,1,0.446346849,0.401618898,0.129611522,0.022422723,0,4,State,urban/rural,Agri Land,statesector,1,West Bengal,NA,NA,NA,NA,NA,1
