,m_poor_1_33,wi_cat1,wi_cat2,wi_cat3,wi_cat4,wi_cat5,check,year,round,level,area,dem,SourceSheet,sector,state,head_age_cat,edu_group,head_gender,hhsize_cat,own_house,agri_land
4,1,0.785743654,0.163789093,0.034343384,0.016123863,0,1,2019,5,State,All,All Households,state,99,Andaman and Nicobar Islands,NA,NA,NA,NA,NA,NA
40,1,0.820821226,0.150338903,0.02883984,0,0,1,2019,5,State,urban/rural,All Households,statesector,0,Andaman and Nicobar Islands,NA,NA,NA,NA,NA,NA
41,1,0.549611509,0.254331797,0.071391657,0.124665044,0,1,2019,5,State,urban/rural,All Households,statesector,1,Andaman and Nicobar Islands,NA,NA,NA,NA,NA,NA
127,1,0.536268711,0.389003426,0.074727848,0,0,1,2019,5,State,All,Age,state,99,Andaman and Nicobar Islands,15 to 29,NA,NA,NA,NA,NA
128,1,0.841525674,0.11409574,0.04437859,0,0,1,2019,5,State,All,Age,state,99,Andaman and Nicobar Islands,30 to 45,NA,NA,NA,NA,NA
129,1,0.82610631,0.117829412,0.016094515,0.039969794,0,1,2019,5,State,All,Age,state,99,Andaman and Nicobar Islands,46 to 64,NA,NA,NA,NA,NA
130,1,0.75944078,0.207039222,0.033519987,0,0,1,2019,5,State,All,Age,state,99,Andaman and Nicobar Islands,65+,NA,NA,NA,NA,NA
289,1,0.69730711,0.169923276,0.132769585,0,0,1,2019,5,State,urban/rural,Age,statesector,0,Andaman and Nicobar Islands,15 to 29,NA,NA,NA,NA,NA
290,1,0.852432966,0.132100314,0.01546673,0,0,1,2019,5,State,urban/rural,Age,statesector,0,Andaman and Nicobar Islands,30 to 45,NA,NA,NA,NA,NA
291,1,0.851437747,0.13070856,0.0178537,0,0,1,2019,5,State,urban/rural,Age,statesector,0,Andaman and Nicobar Islands,46 to 64,NA,NA,NA,NA,NA
292,1,0.75944078,0.207039222,0.033519987,0,0,1,2019,5,State,urban/rural,Age,statesector,0,Andaman and Nicobar Islands,65+,NA,NA,NA,NA,NA
293,1,0.328934252,0.671065748,0,0,0,1,2019,5,State,urban/rural,Age,statesector,1,Andaman and Nicobar Islands,15 to 29,NA,NA,NA,NA,NA
294,1,0.772405803,0,0.227594212,0,0,1,2019,5,State,urban/rural,Age,statesector,1,Andaman and Nicobar Islands,30 to 45,NA,NA,NA,NA,NA
295,1,0.594352484,0,0,0.405647516,0,1,2019,5,State,urban/rural,Age,statesector,1,Andaman and Nicobar Islands,46 to 64,NA,NA,NA,NA,NA
602,1,0.80015105,0.19984895,0,0,0,1,2019,5,State,All,Education,state,99,Andaman and Nicobar Islands,NA,No education / Preschool,NA,NA,NA,NA
603,1,0.706101418,0.169805601,0.071593031,0.052499928,0,1,2019,5,State,All,Education,state,99,Andaman and Nicobar Islands,NA,Primary,NA,NA,NA,NA
604,1,0.850192606,0.107099548,0.042707864,0,0,1,2019,5,State,All,Education,state,99,Andaman and Nicobar Islands,NA,Secondary,NA,NA,NA,NA
763,1,0.871157825,0.12884216,0,0,0,1,2019,5,State,urban/rural,Education,statesector,0,Andaman and Nicobar Islands,NA,No education / Preschool,NA,NA,NA,NA
764,1,0.7696473,0.185087338,0.045265343,0,0,1,2019,5,State,urban/rural,Education,statesector,0,Andaman and Nicobar Islands,NA,Primary,NA,NA,NA,NA
765,1,0.801392674,0.141987324,0.056619991,0,0,1,2019,5,State,urban/rural,Education,statesector,0,Andaman and Nicobar Islands,NA,Secondary,NA,NA,NA,NA
766,1,0,1,0,0,0,1,2019,5,State,urban/rural,Education,statesector,1,Andaman and Nicobar Islands,NA,No education / Preschool,NA,NA,NA,NA
767,1,0,0,0.364137799,0.635862172,0,1,2019,5,State,urban/rural,Education,statesector,1,Andaman and Nicobar Islands,NA,Primary,NA,NA,NA,NA
768,1,1,0,0,0,0,1,2019,5,State,urban/rural,Education,statesector,1,Andaman and Nicobar Islands,NA,Secondary,NA,NA,NA,NA
1067,1,0.820756137,0.139653891,0.039589971,0,0,1,2019,5,State,All,Gender,state,99,Andaman and Nicobar Islands,NA,NA,1,NA,NA,NA
1068,1,0.556557119,0.321774572,0,0.121668302,0,1,2019,5,State,All,Gender,state,99,Andaman and Nicobar Islands,NA,NA,2,NA,NA,NA
1158,1,0.849705458,0.117004082,0.033290453,0,0,1,2019,5,State,urban/rural,Gender,statesector,0,Andaman and Nicobar Islands,NA,NA,1,NA,NA,NA
1159,1,0.633652568,0.366347432,0,0,0,1,2019,5,State,urban/rural,Gender,statesector,0,Andaman and Nicobar Islands,NA,NA,2,NA,NA,NA
1160,1,0.62788707,0.290553689,0.081559241,0,0,1,2019,5,State,urban/rural,Gender,statesector,1,Andaman and Nicobar Islands,NA,NA,1,NA,NA,NA
1161,1,0,0,0,1,0,1,2019,5,State,urban/rural,Gender,statesector,1,Andaman and Nicobar Islands,NA,NA,2,NA,NA,NA
1334,1,0.665801108,0.334198922,0,0,0,1,2019,5,State,All,HH Size,state,99,Andaman and Nicobar Islands,NA,NA,NA,1,NA,NA
1335,1,0.726544559,0.169920504,0.043643702,0.059891254,0,1,2019,5,State,All,HH Size,state,99,Andaman and Nicobar Islands,NA,NA,NA,2 to 3,NA,NA
1336,1,0.824293435,0.149234891,0.026471686,0,0,1,2019,5,State,All,HH Size,state,99,Andaman and Nicobar Islands,NA,NA,NA,4 to 6,NA,NA
1337,1,0.771876335,0.113710463,0.114413209,0,0,1,2019,5,State,All,HH Size,state,99,Andaman and Nicobar Islands,NA,NA,NA,7+,NA,NA
1476,1,0.665801108,0.334198922,0,0,0,1,2019,5,State,urban/rural,HH Size,statesector,0,Andaman and Nicobar Islands,NA,NA,NA,1,NA,NA
1477,1,0.78808105,0.200870723,0.011048222,0,0,1,2019,5,State,urban/rural,HH Size,statesector,0,Andaman and Nicobar Islands,NA,NA,NA,2 to 3,NA,NA
1478,1,0.857288122,0.111844681,0.030867202,0,0,1,2019,5,State,urban/rural,HH Size,statesector,0,Andaman and Nicobar Islands,NA,NA,NA,4 to 6,NA,NA
1479,1,0.771876335,0.113710463,0.114413209,0,0,1,2019,5,State,urban/rural,HH Size,statesector,0,Andaman and Nicobar Islands,NA,NA,NA,7+,NA,NA
1480,1,0.388701558,0,0.222596869,0.388701558,0,1,2019,5,State,urban/rural,HH Size,statesector,1,Andaman and Nicobar Islands,NA,NA,NA,2 to 3,NA,NA
1481,1,0.625585258,0.374414742,0,0,0,1,2019,5,State,urban/rural,HH Size,statesector,1,Andaman and Nicobar Islands,NA,NA,NA,4 to 6,NA,NA
1754,1,0.742880881,0.176062614,0.029515732,0.051540755,0,1,2019,5,State,All,Owns House,state,99,Andaman and Nicobar Islands,NA,NA,NA,NA,0,NA
1755,1,0.80525732,0.158201456,0.036541216,0,0,1,2019,5,State,All,Owns House,state,99,Andaman and Nicobar Islands,NA,NA,NA,NA,1,NA
1826,1,0.879104495,0.120895527,0,0,0,1,2019,5,State,urban/rural,Owns House,statesector,0,Andaman and Nicobar Islands,NA,NA,NA,NA,0,NA
1827,1,0.80525732,0.158201456,0.036541216,0,0,1,2019,5,State,urban/rural,Owns House,statesector,0,Andaman and Nicobar Islands,NA,NA,NA,NA,1,NA
1828,1,0.549611509,0.254331797,0.071391657,0.124665044,0,1,2019,5,State,urban/rural,Owns House,statesector,1,Andaman and Nicobar Islands,NA,NA,NA,NA,0,NA
1973,1,0.748724997,0.195046261,0.034687605,0.021541113,0,1,2019,5,State,All,Agri Land,state,99,Andaman and Nicobar Islands,NA,NA,NA,NA,NA,0
1974,1,0.895925701,0.070755444,0.033318851,0,0,1,2019,5,State,All,Agri Land,state,99,Andaman and Nicobar Islands,NA,NA,NA,NA,NA,1
2044,1,0.790316999,0.182662368,0.027020652,0,0,1,2019,5,State,urban/rural,Agri Land,statesector,0,Andaman and Nicobar Islands,NA,NA,NA,NA,NA,0
2045,1,0.895925701,0.070755444,0.033318851,0,0,1,2019,5,State,urban/rural,Agri Land,statesector,0,Andaman and Nicobar Islands,NA,NA,NA,NA,NA,1
2046,1,0.549611509,0.254331797,0.071391657,0.124665044,0,1,2019,5,State,urban/rural,Agri Land,statesector,1,Andaman and Nicobar Islands,NA,NA,NA,NA,NA,0
2184,1,0.383557528,0.344417334,0.225222856,0.027456112,0.019346153,1,2015,4,State,All,All Households,state,99,Andaman and Nicobar Islands,NA,NA,NA,NA,NA,NA
2219,1,0.398839682,0.347847253,0.203557864,0.029188424,0.020566776,1,2015,4,State,urban/rural,All Households,statesector,0,Andaman and Nicobar Islands,NA,NA,NA,NA,NA,NA
2220,1,0.141344517,0.290055394,0.568600059,0,0,1,2015,4,State,urban/rural,All Households,statesector,1,Andaman and Nicobar Islands,NA,NA,NA,NA,NA,NA
2304,1,0.375399321,0.433319956,0.182229564,0.009051167,0,1,2015,4,State,All,Age,state,99,Andaman and Nicobar Islands,15 to 29,NA,NA,NA,NA,NA
2305,1,0.475727588,0.241392031,0.264000118,0.018880241,0,1,2015,4,State,All,Age,state,99,Andaman and Nicobar Islands,30 to 45,NA,NA,NA,NA,NA
2306,1,0.298650652,0.419341683,0.237663344,0.044344321,0,1,2015,4,State,All,Age,state,99,Andaman and Nicobar Islands,46 to 64,NA,NA,NA,NA,NA
2307,1,0.396419048,0.331717372,0.104202345,0.012104922,0.155556336,1,2015,4,State,All,Age,state,99,Andaman and Nicobar Islands,65+,NA,NA,NA,NA,NA
2462,1,0.375399321,0.433319956,0.182229564,0.009051167,0,1,2015,4,State,urban/rural,Age,statesector,0,Andaman and Nicobar Islands,15 to 29,NA,NA,NA,NA,NA
2463,1,0.540101826,0.232023537,0.205359623,0.022514999,0,1,2015,4,State,urban/rural,Age,statesector,0,Andaman and Nicobar Islands,30 to 45,NA,NA,NA,NA,NA
2464,1,0.298650652,0.419341683,0.237663344,0.044344321,0,1,2015,4,State,urban/rural,Age,statesector,0,Andaman and Nicobar Islands,46 to 64,NA,NA,NA,NA,NA
2465,1,0.396419048,0.331717372,0.104202345,0.012104922,0.155556336,1,2015,4,State,urban/rural,Age,statesector,0,Andaman and Nicobar Islands,65+,NA,NA,NA,NA,NA
2466,1,0.141344517,0.290055394,0.568600059,0,0,1,2015,4,State,urban/rural,Age,statesector,1,Andaman and Nicobar Islands,30 to 45,NA,NA,NA,NA,NA
2772,1,0.485485435,0.193809777,0.240351066,0.024783572,0.055570155,1,2015,4,State,All,Education,state,99,Andaman and Nicobar Islands,NA,No education / Preschool,NA,NA,NA,NA
2773,1,0.228233501,0.530641854,0.212088898,0.029035769,0,1,2015,4,State,All,Education,state,99,Andaman and Nicobar Islands,NA,Primary,NA,NA,NA,NA
2774,1,0.483385026,0.259265423,0.231177136,0.026172418,0,1,2015,4,State,All,Education,state,99,Andaman and Nicobar Islands,NA,Secondary,NA,NA,NA,NA
2775,1,0,0,0,1,0,1,2015,4,State,All,Education,state,99,Andaman and Nicobar Islands,NA,Higher,NA,NA,NA,NA
2776,1,0,1,0,0,0,1,2015,4,State,All,Education,state,99,Andaman and Nicobar Islands,NA,NA,NA,NA,NA,NA
2937,1,0.504013717,0.201206431,0.211359471,0.025729423,0.057690959,1,2015,4,State,urban/rural,Education,statesector,0,Andaman and Nicobar Islands,NA,No education / Preschool,NA,NA,NA,NA
2938,1,0.253838688,0.539567053,0.174301028,0.032293253,0,1,2015,4,State,urban/rural,Education,statesector,0,Andaman and Nicobar Islands,NA,Primary,NA,NA,NA,NA
2939,1,0.466509968,0.26773423,0.238728464,0.027027331,0,1,2015,4,State,urban/rural,Education,statesector,0,Andaman and Nicobar Islands,NA,Secondary,NA,NA,NA,NA
2940,1,0,0,0,1,0,1,2015,4,State,urban/rural,Education,statesector,0,Andaman and Nicobar Islands,NA,Higher,NA,NA,NA,NA
2941,1,0,1,0,0,0,1,2015,4,State,urban/rural,Education,statesector,0,Andaman and Nicobar Islands,NA,NA,NA,NA,NA,NA
2942,1,0,0,1,0,0,1,2015,4,State,urban/rural,Education,statesector,1,Andaman and Nicobar Islands,NA,No education / Preschool,NA,NA,NA,NA
2943,1,0,0.451086611,0.54891336,0,0,1,2015,4,State,urban/rural,Education,statesector,1,Andaman and Nicobar Islands,NA,Primary,NA,NA,NA,NA
2944,1,1,0,0,0,0,1,2015,4,State,urban/rural,Education,statesector,1,Andaman and Nicobar Islands,NA,Secondary,NA,NA,NA,NA
3254,1,0.38574183,0.372321427,0.209468335,0.032468434,0,1,2015,4,State,All,Gender,state,99,Andaman and Nicobar Islands,NA,NA,1,NA,NA,NA
3255,1,0.375802904,0.245351985,0.281154722,0.009661319,0.088029049,1,2015,4,State,All,Gender,state,99,Andaman and Nicobar Islands,NA,NA,2,NA,NA,NA
3344,1,0.398782998,0.372481465,0.194207028,0.034528524,0,1,2015,4,State,urban/rural,Gender,statesector,0,Andaman and Nicobar Islands,NA,NA,1,NA,NA,NA
3345,1,0.399040699,0.260523319,0.236704931,0.010258727,0.093472332,1,2015,4,State,urban/rural,Gender,statesector,0,Andaman and Nicobar Islands,NA,NA,2,NA,NA,NA
3346,1,0.180203766,0.369799107,0.449997127,0,0,1,2015,4,State,urban/rural,Gender,statesector,1,Andaman and Nicobar Islands,NA,NA,1,NA,NA,NA
3347,1,0,0,1,0,0,1,2015,4,State,urban/rural,Gender,statesector,1,Andaman and Nicobar Islands,NA,NA,2,NA,NA,NA
3519,1,0.541698754,0.445698202,0.012603033,0,0,1,2015,4,State,All,HH Size,state,99,Andaman and Nicobar Islands,NA,NA,NA,1,NA,NA
3520,1,0.348458171,0.329576284,0.299734145,0.022231378,0,1,2015,4,State,All,HH Size,state,99,Andaman and Nicobar Islands,NA,NA,NA,2 to 3,NA,NA
3521,1,0.423439145,0.325928956,0.244509161,0.00612272,0,1,2015,4,State,All,HH Size,state,99,Andaman and Nicobar Islands,NA,NA,NA,4 to 6,NA,NA
3522,1,0.204013199,0.425039887,0.087072201,0.141882583,0.141992107,1,2015,4,State,All,HH Size,state,99,Andaman and Nicobar Islands,NA,NA,NA,7+,NA,NA
3677,1,0.541698754,0.445698202,0.012603033,0,0,1,2015,4,State,urban/rural,HH Size,statesector,0,Andaman and Nicobar Islands,NA,NA,NA,1,NA,NA
3678,1,0.373667598,0.353419691,0.249072999,0.02383972,0,1,2015,4,State,urban/rural,HH Size,statesector,0,Andaman and Nicobar Islands,NA,NA,NA,2 to 3,NA,NA
3679,1,0.442576706,0.322477281,0.228341535,0.006604451,0,1,2015,4,State,urban/rural,HH Size,statesector,0,Andaman and Nicobar Islands,NA,NA,NA,4 to 6,NA,NA
3680,1,0.204013199,0.425039887,0.087072201,0.141882583,0.141992107,1,2015,4,State,urban/rural,HH Size,statesector,0,Andaman and Nicobar Islands,NA,NA,NA,7+,NA,NA
3681,1,0,0,1,0,0,1,2015,4,State,urban/rural,HH Size,statesector,1,Andaman and Nicobar Islands,NA,NA,NA,2 to 3,NA,NA
3682,1,0.180203766,0.369799107,0.449997127,0,0,1,2015,4,State,urban/rural,HH Size,statesector,1,Andaman and Nicobar Islands,NA,NA,NA,4 to 6,NA,NA
3981,1,0.318318009,0.297205716,0.296294659,0.088181622,0,1,2015,4,State,All,Owns House,state,99,Andaman and Nicobar Islands,NA,NA,NA,NA,0,NA
3982,1,0.404796243,0.359787047,0.202085465,0.007686944,0.025644286,1,2015,4,State,All,Owns House,state,99,Andaman and Nicobar Islands,NA,NA,NA,NA,1,NA
4070,1,0.401661903,0.286576629,0.200491622,0.111269861,0,1,2015,4,State,urban/rural,Owns House,statesector,0,Andaman and Nicobar Islands,NA,NA,NA,NA,0,NA
4071,1,0.398103386,0.363832742,0.204357848,0.007773381,0.025932647,1,2015,4,State,urban/rural,Owns House,statesector,0,Andaman and Nicobar Islands,NA,NA,NA,NA,1,NA
4072,1,0,0.337801844,0.662198186,0,0,1,2015,4,State,urban/rural,Owns House,statesector,1,Andaman and Nicobar Islands,NA,NA,NA,NA,0,NA
4073,1,1,0,0,0,0,1,2015,4,State,urban/rural,Owns House,statesector,1,Andaman and Nicobar Islands,NA,NA,NA,NA,1,NA
4240,1,0.368904799,0.354178905,0.231662646,0.022319678,0.022933951,1,2015,4,State,All,Agri Land,state,99,Andaman and Nicobar Islands,NA,NA,NA,NA,NA,0
4241,1,0.462568134,0.291780889,0.190498158,0.055152833,0,1,2015,4,State,All,Agri Land,state,99,Andaman and Nicobar Islands,NA,NA,NA,NA,NA,1
4329,1,0.392623752,0.355231881,0.203981131,0.023754735,0.024408503,1,2015,4,State,urban/rural,Agri Land,statesector,0,Andaman and Nicobar Islands,NA,NA,NA,NA,NA,0
4330,1,0.432116926,0.30831334,0.201291889,0.058277823,0,1,2015,4,State,urban/rural,Agri Land,statesector,0,Andaman and Nicobar Islands,NA,NA,NA,NA,NA,1
4331,1,0,0.337801844,0.662198186,0,0,1,2015,4,State,urban/rural,Agri Land,statesector,1,Andaman and Nicobar Islands,NA,NA,NA,NA,NA,0
4332,1,1,0,0,0,0,1,2015,4,State,urban/rural,Agri Land,statesector,1,Andaman and Nicobar Islands,NA,NA,NA,NA,NA,1
5,1,0.387962162,0.380918622,0.144567803,0.081094384,0.005457048,1,2019,5,State,All,All Households,state,99,Andhra Pradesh,NA,NA,NA,NA,NA,NA
42,1,0.413459063,0.391990691,0.131755397,0.058620438,0.004174402,1,2019,5,State,urban/rural,All Households,statesector,0,Andhra Pradesh,NA,NA,NA,NA,NA,NA
43,1,0.161403909,0.282535195,0.258415163,0.280791461,0.016854282,1,2019,5,State,urban/rural,All Households,statesector,1,Andhra Pradesh,NA,NA,NA,NA,NA,NA
131,1,0.31693998,0.352281243,0.207932502,0.122846283,0,1,2019,5,State,All,Age,state,99,Andhra Pradesh,15 to 29,NA,NA,NA,NA,NA
132,1,0.308822393,0.42934081,0.163077116,0.094306633,0.004453054,1,2019,5,State,All,Age,state,99,Andhra Pradesh,30 to 45,NA,NA,NA,NA,NA
133,1,0.432425946,0.360884577,0.149221361,0.05536833,0.00209978,1,2019,5,State,All,Age,state,99,Andhra Pradesh,46 to 64,NA,NA,NA,NA,NA
134,1,0.519207954,0.328679115,0.053621974,0.080259584,0.018231397,1,2019,5,State,All,Age,state,99,Andhra Pradesh,65+,NA,NA,NA,NA,NA
296,1,0.372452646,0.37010929,0.175912559,0.081525512,0,1,2019,5,State,urban/rural,Age,statesector,0,Andhra Pradesh,15 to 29,NA,NA,NA,NA,NA
297,1,0.333248049,0.451216727,0.152412847,0.063122354,0,1,2019,5,State,urban/rural,Age,statesector,0,Andhra Pradesh,30 to 45,NA,NA,NA,NA,NA
298,1,0.453861058,0.366367817,0.13854298,0.038930431,0.002297712,1,2019,5,State,urban/rural,Age,statesector,0,Andhra Pradesh,46 to 64,NA,NA,NA,NA,NA
299,1,0.525105,0.327901691,0.050252117,0.07751666,0.019224538,1,2019,5,State,urban/rural,Age,statesector,0,Andhra Pradesh,65+,NA,NA,NA,NA,NA
300,1,0.070507027,0.273138702,0.35007602,0.306278259,0,1,2019,5,State,urban/rural,Age,statesector,1,Andhra Pradesh,15 to 29,NA,NA,NA,NA,NA
301,1,0.120615341,0.260780424,0.245248452,0.334590644,0.03876514,1,2019,5,State,urban/rural,Age,statesector,1,Andhra Pradesh,30 to 45,NA,NA,NA,NA,NA
302,1,0.205030173,0.302715063,0.262503773,0.229750991,0,1,2019,5,State,urban/rural,Age,statesector,1,Andhra Pradesh,46 to 64,NA,NA,NA,NA,NA
303,1,0.41095379,0.342950314,0.115483522,0.130612358,0,1,2019,5,State,urban/rural,Age,statesector,1,Andhra Pradesh,65+,NA,NA,NA,NA,NA
605,1,0.420163274,0.392012686,0.126089334,0.060620792,0.001113922,1,2019,5,State,All,Education,state,99,Andhra Pradesh,NA,No education / Preschool,NA,NA,NA,NA
606,1,0.275142193,0.36337173,0.223991156,0.129092753,0.008402155,1,2019,5,State,All,Education,state,99,Andhra Pradesh,NA,Primary,NA,NA,NA,NA
607,1,0.413502812,0.376365483,0.103285953,0.106845759,0,1,2019,5,State,All,Education,state,99,Andhra Pradesh,NA,Secondary,NA,NA,NA,NA
608,1,0.336571962,0.119967915,0.169090509,0.131575555,0.242794067,1,2019,5,State,All,Education,state,99,Andhra Pradesh,NA,Higher,NA,NA,NA,NA
769,1,0.443092972,0.397823483,0.107299052,0.050556861,0.001227625,1,2019,5,State,urban/rural,Education,statesector,0,Andhra Pradesh,NA,No education / Preschool,NA,NA,NA,NA
770,1,0.299831182,0.371397048,0.213037908,0.106332771,0.009401103,1,2019,5,State,urban/rural,Education,statesector,0,Andhra Pradesh,NA,Primary,NA,NA,NA,NA
771,1,0.45096001,0.422509104,0.119758196,0.006772689,0,1,2019,5,State,urban/rural,Education,statesector,0,Andhra Pradesh,NA,Secondary,NA,NA,NA,NA
772,1,0.391426027,0.139520139,0.196648657,0.153019562,0.119385615,1,2019,5,State,urban/rural,Education,statesector,0,Andhra Pradesh,NA,Higher,NA,NA,NA,NA
773,1,0.195526123,0.335085779,0.310173333,0.159214795,0,1,2019,5,State,urban/rural,Education,statesector,1,Andhra Pradesh,NA,No education / Preschool,NA,NA,NA,NA
774,1,0.067483149,0.29587093,0.316119015,0.320526928,0,1,2019,5,State,urban/rural,Education,statesector,1,Andhra Pradesh,NA,Primary,NA,NA,NA,NA
775,1,0.178634852,0.087030977,0,0.734334171,0,1,2019,5,State,urban/rural,Education,statesector,1,Andhra Pradesh,NA,Secondary,NA,NA,NA,NA
776,1,0,0,0,0,1,1,2019,5,State,urban/rural,Education,statesector,1,Andhra Pradesh,NA,Higher,NA,NA,NA,NA
1069,1,0.369024724,0.382532001,0.162454203,0.081419356,0.004569727,1,2019,5,State,All,Gender,state,99,Andhra Pradesh,NA,NA,1,NA,NA,NA
1070,1,0.467854321,0.374112189,0.069109619,0.079723425,0.009200428,1,2019,5,State,All,Gender,state,99,Andhra Pradesh,NA,NA,2,NA,NA,NA
1162,1,0.393604726,0.393600881,0.150513098,0.059540253,0.002741051,1,2019,5,State,urban/rural,Gender,statesector,0,Andhra Pradesh,NA,NA,1,NA,NA,NA
1163,1,0.496673942,0.385242075,0.05313677,0.054765262,0.010181958,1,2019,5,State,urban/rural,Gender,statesector,0,Andhra Pradesh,NA,NA,2,NA,NA,NA
1164,1,0.153292626,0.285383433,0.267258048,0.273446381,0.020619528,1,2019,5,State,urban/rural,Gender,statesector,1,Andhra Pradesh,NA,NA,1,NA,NA,NA
1165,1,0.197712302,0.269785613,0.218831941,0.313670129,0,1,2019,5,State,urban/rural,Gender,statesector,1,Andhra Pradesh,NA,NA,2,NA,NA,NA
1338,1,0.748572886,0.196028486,0.050877653,0.004520977,0,1,2019,5,State,All,HH Size,state,99,Andhra Pradesh,NA,NA,NA,1,NA,NA
1339,1,0.549514115,0.339307308,0.083373852,0.025170693,0.002634002,1,2019,5,State,All,HH Size,state,99,Andhra Pradesh,NA,NA,NA,2 to 3,NA,NA
1340,1,0.279927135,0.418950707,0.196937621,0.094930544,0.009253981,1,2019,5,State,All,HH Size,state,99,Andhra Pradesh,NA,NA,NA,4 to 6,NA,NA
1341,1,0.297175795,0.408690929,0.120239213,0.173894078,0,1,2019,5,State,All,HH Size,state,99,Andhra Pradesh,NA,NA,NA,7+,NA,NA
1482,1,0.792276382,0.184565201,0.017963389,0.005195026,0,1,2019,5,State,urban/rural,HH Size,statesector,0,Andhra Pradesh,NA,NA,NA,1,NA,NA
1483,1,0.567187309,0.335290909,0.070261247,0.024421878,0.002838645,1,2019,5,State,urban/rural,HH Size,statesector,0,Andhra Pradesh,NA,NA,NA,2 to 3,NA,NA
1484,1,0.312791795,0.438961387,0.18817775,0.053396162,0.006672898,1,2019,5,State,urban/rural,HH Size,statesector,0,Andhra Pradesh,NA,NA,NA,4 to 6,NA,NA
1485,1,0.29490602,0.430382073,0.107849047,0.16686286,0,1,2019,5,State,urban/rural,HH Size,statesector,0,Andhra Pradesh,NA,NA,NA,7+,NA,NA
1486,1,0.455445021,0.272914976,0.271640003,0,0,1,2019,5,State,urban/rural,HH Size,statesector,1,Andhra Pradesh,NA,NA,NA,1,NA,NA
1487,1,0.322039098,0.391003191,0.252148867,0.034808833,0,1,2019,5,State,urban/rural,HH Size,statesector,1,Andhra Pradesh,NA,NA,NA,2 to 3,NA,NA
1488,1,0.025689594,0.264150202,0.264703065,0.416236192,0.029220965,1,2019,5,State,urban/rural,HH Size,statesector,1,Andhra Pradesh,NA,NA,NA,4 to 6,NA,NA
1489,1,0.318023324,0.209462211,0.234040231,0.238474235,0,1,2019,5,State,urban/rural,HH Size,statesector,1,Andhra Pradesh,NA,NA,NA,7+,NA,NA
1756,1,0.397723764,0.347322226,0.170616075,0.075631388,0.008706565,1,2019,5,State,All,Owns House,state,99,Andhra Pradesh,NA,NA,NA,NA,0,NA
1757,1,0.385585189,0.389099389,0.138225004,0.082424633,0.004665786,1,2019,5,State,All,Owns House,state,99,Andhra Pradesh,NA,NA,NA,NA,1,NA
1829,1,0.481394321,0.363763124,0.119117066,0.035725486,0,1,2019,5,State,urban/rural,Owns House,statesector,0,Andhra Pradesh,NA,NA,NA,NA,0,NA
1830,1,0.400396258,0.39741838,0.134185523,0.063022755,0.004977068,1,2019,5,State,urban/rural,Owns House,statesector,0,Andhra Pradesh,NA,NA,NA,NA,1,NA
1831,1,0.159248859,0.300462902,0.31739673,0.189369798,0.033521712,1,2019,5,State,urban/rural,Owns House,statesector,1,Andhra Pradesh,NA,NA,NA,NA,0,NA
1832,1,0.163583115,0.264406502,0.198772356,0.373238027,0,1,2019,5,State,urban/rural,Owns House,statesector,1,Andhra Pradesh,NA,NA,NA,NA,1,NA
1975,1,0.393680632,0.371550858,0.156619906,0.072428122,0.005720502,1,2019,5,State,All,Agri Land,state,99,Andhra Pradesh,NA,NA,NA,NA,NA,0
1976,1,0.377537549,0.39799577,0.122597158,0.096892737,0.00497678,1,2019,5,State,All,Agri Land,state,99,Andhra Pradesh,NA,NA,NA,NA,NA,1
2047,1,0.431195885,0.388518065,0.136444449,0.04023616,0.003605439,1,2019,5,State,urban/rural,Agri Land,statesector,0,Andhra Pradesh,NA,NA,NA,NA,NA,0
2048,1,0.385268688,0.397510022,0.124302723,0.087839872,0.005078693,1,2019,5,State,urban/rural,Agri Land,statesector,0,Andhra Pradesh,NA,NA,NA,NA,NA,1
2049,1,0.173603356,0.272015363,0.274975955,0.261277139,0.018128185,1,2019,5,State,urban/rural,Agri Land,statesector,1,Andhra Pradesh,NA,NA,NA,NA,NA,0
2050,1,0,0.421717167,0.03930847,0.538974345,0,1,2019,5,State,urban/rural,Agri Land,statesector,1,Andhra Pradesh,NA,NA,NA,NA,NA,1
2185,1,0.211406931,0.436237067,0.303160787,0.047513779,0.001681455,1,2015,4,State,All,All Households,state,99,Andhra Pradesh,NA,NA,NA,NA,NA,NA
2221,1,0.226807073,0.448638439,0.294905156,0.029649338,0,1,2015,4,State,urban/rural,All Households,statesector,0,Andhra Pradesh,NA,NA,NA,NA,NA,NA
2222,1,0.083562404,0.333286554,0.371695101,0.195815846,0.015640095,1,2015,4,State,urban/rural,All Households,statesector,1,Andhra Pradesh,NA,NA,NA,NA,NA,NA
2308,1,0.207816392,0.396465272,0.339767456,0.055950884,0,1,2015,4,State,All,Age,state,99,Andhra Pradesh,15 to 29,NA,NA,NA,NA,NA
2309,1,0.180023834,0.436758161,0.322004855,0.056835946,0.004377208,1,2015,4,State,All,Age,state,99,Andhra Pradesh,30 to 45,NA,NA,NA,NA,NA
2310,1,0.187686309,0.434112459,0.325645924,0.052555326,0,1,2015,4,State,All,Age,state,99,Andhra Pradesh,46 to 64,NA,NA,NA,NA,NA
2311,1,0.329296827,0.471394032,0.189150006,0.010159159,0,1,2015,4,State,All,Age,state,99,Andhra Pradesh,65+,NA,NA,NA,NA,NA
2312,1,NA,NA,NA,NA,NA,0,2015,4,State,All,Age,state,99,Andhra Pradesh,NA,NA,NA,NA,NA,NA
2467,1,0.252415538,0.38107872,0.331087887,0.035417829,0,1,2015,4,State,urban/rural,Age,statesector,0,Andhra Pradesh,15 to 29,NA,NA,NA,NA,NA
2468,1,0.193326205,0.460101873,0.320680618,0.025891313,0,1,2015,4,State,urban/rural,Age,statesector,0,Andhra Pradesh,30 to 45,NA,NA,NA,NA,NA
2469,1,0.198038235,0.449355423,0.309881806,0.042724505,0,1,2015,4,State,urban/rural,Age,statesector,0,Andhra Pradesh,46 to 64,NA,NA,NA,NA,NA
2470,1,0.327466071,0.470995575,0.191014141,0.010524212,0,1,2015,4,State,urban/rural,Age,statesector,0,Andhra Pradesh,65+,NA,NA,NA,NA,NA
2471,1,NA,NA,NA,NA,NA,0,2015,4,State,urban/rural,Age,statesector,0,Andhra Pradesh,NA,NA,NA,NA,NA,NA
2472,1,0,0.468161196,0.380211115,0.15162769,0,1,2015,4,State,urban/rural,Age,statesector,1,Andhra Pradesh,15 to 29,NA,NA,NA,NA,NA
2473,1,0.094387449,0.286478788,0.330529928,0.256047577,0.032556269,1,2015,4,State,urban/rural,Age,statesector,1,Andhra Pradesh,30 to 45,NA,NA,NA,NA,NA
2474,1,0.073319167,0.265709341,0.499806166,0.161165327,0,1,2015,4,State,urban/rural,Age,statesector,1,Andhra Pradesh,46 to 64,NA,NA,NA,NA,NA
2475,1,0.380244941,0.482482553,0.137272537,0,0,1,2015,4,State,urban/rural,Age,statesector,1,Andhra Pradesh,65+,NA,NA,NA,NA,NA
2777,1,0.238108769,0.468870342,0.251972616,0.039869864,0.001178426,1,2015,4,State,All,Education,state,99,Andhra Pradesh,NA,No education / Preschool,NA,NA,NA,NA
2778,1,0.151644111,0.377366126,0.407133043,0.059621304,0.004235441,1,2015,4,State,All,Education,state,99,Andhra Pradesh,NA,Primary,NA,NA,NA,NA
2779,1,0.177261636,0.373358905,0.405148327,0.04423112,0,1,2015,4,State,All,Education,state,99,Andhra Pradesh,NA,Secondary,NA,NA,NA,NA
2780,1,0.117472664,0.270159692,0.337117553,0.275250107,0,1,2015,4,State,All,Education,state,99,Andhra Pradesh,NA,Higher,NA,NA,NA,NA
2781,1,NA,NA,NA,NA,NA,0,2015,4,State,All,Education,state,99,Andhra Pradesh,NA,NA,NA,NA,NA,NA
2945,1,0.252719134,0.473682255,0.250989914,0.022608664,0,1,2015,4,State,urban/rural,Education,statesector,0,Andhra Pradesh,NA,No education / Preschool,NA,NA,NA,NA
2946,1,0.172250658,0.40105477,0.385935575,0.040758997,0,1,2015,4,State,urban/rural,Education,statesector,0,Andhra Pradesh,NA,Primary,NA,NA,NA,NA
2947,1,0.180508554,0.397323489,0.39294368,0.029224297,0,1,2015,4,State,urban/rural,Education,statesector,0,Andhra Pradesh,NA,Secondary,NA,NA,NA,NA
2948,1,0.150773242,0.346743256,0.247485489,0.254998028,0,1,2015,4,State,urban/rural,Education,statesector,0,Andhra Pradesh,NA,Higher,NA,NA,NA,NA
2949,1,NA,NA,NA,NA,NA,0,2015,4,State,urban/rural,Education,statesector,0,Andhra Pradesh,NA,NA,NA,NA,NA,NA
2950,1,0.105311655,0.425133526,0.260904491,0.196760923,0.01188941,1,2015,4,State,urban/rural,Education,statesector,1,Andhra Pradesh,NA,No education / Preschool,NA,NA,NA,NA
2951,1,0.019823141,0.225828812,0.542734087,0.180284202,0.031329725,1,2015,4,State,urban/rural,Education,statesector,1,Andhra Pradesh,NA,Primary,NA,NA,NA,NA
2952,1,0.145192474,0.136665642,0.52569133,0.192450523,0,1,2015,4,State,urban/rural,Education,statesector,1,Andhra Pradesh,NA,Secondary,NA,NA,NA,NA
2953,1,0,0,0.653307676,0.346692353,0,1,2015,4,State,urban/rural,Education,statesector,1,Andhra Pradesh,NA,Higher,NA,NA,NA,NA
3256,1,0.196180806,0.436403096,0.316144764,0.049276464,0.001994855,1,2015,4,State,All,Gender,state,99,Andhra Pradesh,NA,NA,1,NA,NA,NA
3257,1,0.29309842,0.435346156,0.233498827,0.038056597,0,1,2015,4,State,All,Gender,state,99,Andhra Pradesh,NA,NA,2,NA,NA,NA
3258,1,NA,NA,NA,NA,NA,0,2015,4,State,All,Gender,state,99,Andhra Pradesh,NA,NA,NA,NA,NA,NA
3348,1,0.210876435,0.447310746,0.311617166,0.030195666,0,1,2015,4,State,urban/rural,Gender,statesector,0,Andhra Pradesh,NA,NA,1,NA,NA,NA
3349,1,0.312828153,0.455807716,0.204664811,0.02669931,0,1,2015,4,State,urban/rural,Gender,statesector,0,Andhra Pradesh,NA,NA,2,NA,NA,NA
3350,1,NA,NA,NA,NA,NA,0,2015,4,State,urban/rural,Gender,statesector,0,Andhra Pradesh,NA,NA,NA,NA,NA,NA
3351,1,0.073034458,0.344999343,0.354085267,0.209169596,0.018711323,1,2015,4,State,urban/rural,Gender,statesector,1,Andhra Pradesh,NA,NA,1,NA,NA,NA
3352,1,0.13717553,0.273639709,0.461372256,0.12781252,0,1,2015,4,State,urban/rural,Gender,statesector,1,Andhra Pradesh,NA,NA,2,NA,NA,NA
3523,1,0.497106552,0.416973084,0.081555232,0.004365128,0,1,2015,4,State,All,HH Size,state,99,Andhra Pradesh,NA,NA,NA,1,NA,NA
3524,1,0.285059184,0.480408281,0.210008547,0.024523977,0,1,2015,4,State,All,HH Size,state,99,Andhra Pradesh,NA,NA,NA,2 to 3,NA,NA
3525,1,0.178422958,0.43737936,0.321679533,0.059477586,0.003040552,1,2015,4,State,All,HH Size,state,99,Andhra Pradesh,NA,NA,NA,4 to 6,NA,NA
3526,1,0.144227684,0.379930854,0.424891084,0.050950374,0,1,2015,4,State,All,HH Size,state,99,Andhra Pradesh,NA,NA,NA,7+,NA,NA
3527,1,NA,NA,NA,NA,NA,0,2015,4,State,All,HH Size,state,99,Andhra Pradesh,NA,NA,NA,NA,NA,NA
3683,1,0.506468773,0.413238883,0.080292344,0,0,1,2015,4,State,urban/rural,HH Size,statesector,0,Andhra Pradesh,NA,NA,NA,1,NA,NA
3684,1,0.301939875,0.474872738,0.203751191,0.019436207,0,1,2015,4,State,urban/rural,HH Size,statesector,0,Andhra Pradesh,NA,NA,NA,2 to 3,NA,NA
3685,1,0.198744044,0.453204632,0.313275397,0.034775946,0,1,2015,4,State,urban/rural,HH Size,statesector,0,Andhra Pradesh,NA,NA,NA,4 to 6,NA,NA
3686,1,0.140878603,0.409736484,0.414249778,0.035135146,0,1,2015,4,State,urban/rural,HH Size,statesector,0,Andhra Pradesh,NA,NA,NA,7+,NA,NA
3687,1,NA,NA,NA,NA,NA,0,2015,4,State,urban/rural,HH Size,statesector,0,Andhra Pradesh,NA,NA,NA,NA,NA,NA
3688,1,0.409121186,0.452066928,0.093423769,0.045388106,0,1,2015,4,State,urban/rural,HH Size,statesector,1,Andhra Pradesh,NA,NA,NA,1,NA,NA
3689,1,0.107158713,0.53874588,0.275952935,0.078142501,0,1,2015,4,State,urban/rural,HH Size,statesector,1,Andhra Pradesh,NA,NA,NA,2 to 3,NA,NA
3690,1,0.034881677,0.325595081,0.381043583,0.233961672,0.024517989,1,2015,4,State,urban/rural,HH Size,statesector,1,Andhra Pradesh,NA,NA,NA,4 to 6,NA,NA
3691,1,0.180170164,0.060056873,0.539093673,0.220679313,0,1,2015,4,State,urban/rural,HH Size,statesector,1,Andhra Pradesh,NA,NA,NA,7+,NA,NA
3983,1,0.195495322,0.432961881,0.28252995,0.083207868,0.005804965,1,2015,4,State,All,Owns House,state,99,Andhra Pradesh,NA,NA,NA,NA,0,NA
3984,1,0.214327157,0.43683815,0.306947112,0.040962916,0.000924676,1,2015,4,State,All,Owns House,state,99,Andhra Pradesh,NA,NA,NA,NA,1,NA
3985,1,NA,NA,NA,NA,NA,0,2015,4,State,All,Owns House,state,99,Andhra Pradesh,NA,NA,NA,NA,NA,NA
4074,1,0.239904866,0.441667259,0.280848473,0.037579402,0,1,2015,4,State,urban/rural,Owns House,statesector,0,Andhra Pradesh,NA,NA,NA,NA,0,NA
4075,1,0.224902824,0.449651957,0.296948791,0.028496416,0,1,2015,4,State,urban/rural,Owns House,statesector,0,Andhra Pradesh,NA,NA,NA,NA,1,NA
4076,1,NA,NA,NA,NA,NA,0,2015,4,State,urban/rural,Owns House,statesector,0,Andhra Pradesh,NA,NA,NA,NA,NA,NA
4077,1,0.075088128,0.409359097,0.287088901,0.206919938,0.02154392,1,2015,4,State,urban/rural,Owns House,statesector,1,Andhra Pradesh,NA,NA,NA,NA,0,NA
4078,1,0.088949591,0.284926504,0.425480068,0.188756868,0.011886975,1,2015,4,State,urban/rural,Owns House,statesector,1,Andhra Pradesh,NA,NA,NA,NA,1,NA
4242,1,0.210498601,0.452831954,0.278520882,0.055541076,0.002607482,1,2015,4,State,All,Agri Land,state,99,Andhra Pradesh,NA,NA,NA,NA,NA,0
4243,1,0.213056281,0.406104445,0.347901255,0.032938022,0,1,2015,4,State,All,Agri Land,state,99,Andhra Pradesh,NA,NA,NA,NA,NA,1
4244,1,NA,NA,NA,NA,NA,0,2015,4,State,All,Agri Land,state,99,Andhra Pradesh,NA,NA,NA,NA,NA,NA
4333,1,0.233263284,0.475186467,0.261931479,0.02961879,0,1,2015,4,State,urban/rural,Agri Land,statesector,0,Andhra Pradesh,NA,NA,NA,NA,NA,0
4334,1,0.216756687,0.407311201,0.346235216,0.029696891,0,1,2015,4,State,urban/rural,Agri Land,statesector,0,Andhra Pradesh,NA,NA,NA,NA,NA,1
4335,1,NA,NA,NA,NA,NA,0,2015,4,State,urban/rural,Agri Land,statesector,0,Andhra Pradesh,NA,NA,NA,NA,NA,NA
4336,1,0.088556468,0.333087057,0.367384315,0.194397345,0.016574815,1,2015,4,State,urban/rural,Agri Land,statesector,1,Andhra Pradesh,NA,NA,NA,NA,NA,0
4337,1,0,0.336624533,0.443824679,0.219550788,0,1,2015,4,State,urban/rural,Agri Land,statesector,1,Andhra Pradesh,NA,NA,NA,NA,NA,1
6,1,0.683606386,0.249265134,0.042576689,0.021780515,0.002771281,1,2019,5,State,All,All Households,state,99,Arunachal Pradesh,NA,NA,NA,NA,NA,NA
44,1,0.704809725,0.238064706,0.037048779,0.018199133,0.00187768,1,2019,5,State,urban/rural,All Households,statesector,0,Arunachal Pradesh,NA,NA,NA,NA,NA,NA
45,1,0.287578911,0.458462387,0.145824879,0.088672191,0.019461622,1,2019,5,State,urban/rural,All Households,statesector,1,Arunachal Pradesh,NA,NA,NA,NA,NA,NA
135,1,0.641381323,0.294276953,0.057707679,0.006634034,0,1,2019,5,State,All,Age,state,99,Arunachal Pradesh,15 to 29,NA,NA,NA,NA,NA
136,1,0.665841401,0.257510751,0.046267599,0.027161038,0.00321922,1,2019,5,State,All,Age,state,99,Arunachal Pradesh,30 to 45,NA,NA,NA,NA,NA
137,1,0.692404687,0.238269508,0.037889637,0.027411258,0.004024882,1,2019,5,State,All,Age,state,99,Arunachal Pradesh,46 to 64,NA,NA,NA,NA,NA
138,1,0.74533534,0.220950842,0.032878999,0.000834848,0,1,2019,5,State,All,Age,state,99,Arunachal Pradesh,65+,NA,NA,NA,NA,NA
139,1,NA,NA,NA,NA,NA,0,2019,5,State,All,Age,state,99,Arunachal Pradesh,NA,NA,NA,NA,NA,NA
304,1,0.66962558,0.271130681,0.051891465,0.007352258,0,1,2019,5,State,urban/rural,Age,statesector,0,Arunachal Pradesh,15 to 29,NA,NA,NA,NA,NA
305,1,0.691930473,0.24400574,0.038886745,0.022178495,0.002998553,1,2019,5,State,urban/rural,Age,statesector,0,Arunachal Pradesh,30 to 45,NA,NA,NA,NA,NA
306,1,0.71226114,0.230029568,0.032770228,0.023128623,0.00181042,1,2019,5,State,urban/rural,Age,statesector,0,Arunachal Pradesh,46 to 64,NA,NA,NA,NA,NA
307,1,0.746112823,0.219957098,0.033089887,0.000840203,0,1,2019,5,State,urban/rural,Age,statesector,0,Arunachal Pradesh,65+,NA,NA,NA,NA,NA
308,1,NA,NA,NA,NA,NA,0,2019,5,State,urban/rural,Age,statesector,0,Arunachal Pradesh,NA,NA,NA,NA,NA,NA
309,1,0.380497038,0.508072555,0.111430399,0,0,1,2019,5,State,urban/rural,Age,statesector,1,Arunachal Pradesh,15 to 29,NA,NA,NA,NA,NA
310,1,0.271786004,0.461493492,0.157749742,0.10241852,0.006552226,1,2019,5,State,urban/rural,Age,statesector,1,Arunachal Pradesh,30 to 45,NA,NA,NA,NA,NA
311,1,0.237566784,0.427016348,0.155156299,0.125510558,0.054750018,1,2019,5,State,urban/rural,Age,statesector,1,Arunachal Pradesh,46 to 64,NA,NA,NA,NA,NA
312,1,0.624118924,0.375881106,0,0,0,1,2019,5,State,urban/rural,Age,statesector,1,Arunachal Pradesh,65+,NA,NA,NA,NA,NA
609,1,0.727250755,0.209361508,0.042827528,0.020263001,0.000297196,1,2019,5,State,All,Education,state,99,Arunachal Pradesh,NA,No education / Preschool,NA,NA,NA,NA
610,1,0.685948133,0.258052945,0.045251634,0.008341339,0.002405967,1,2019,5,State,All,Education,state,99,Arunachal Pradesh,NA,Primary,NA,NA,NA,NA
611,1,0.568650544,0.36055547,0.031906541,0.038887404,0,1,2019,5,State,All,Education,state,99,Arunachal Pradesh,NA,Secondary,NA,NA,NA,NA
612,1,0.278776199,0.367411554,0.101209961,0.125073746,0.127528533,1,2019,5,State,All,Education,state,99,Arunachal Pradesh,NA,Higher,NA,NA,NA,NA
613,1,0,1,0,0,0,1,2019,5,State,All,Education,state,99,Arunachal Pradesh,NA,NA,NA,NA,NA,NA
777,1,0.741718769,0.201219991,0.038584467,0.018476771,0,1,2019,5,State,urban/rural,Education,statesector,0,Arunachal Pradesh,NA,No education / Preschool,NA,NA,NA,NA
778,1,0.710425854,0.245414451,0.037841383,0.003730653,0.002587633,1,2019,5,State,urban/rural,Education,statesector,0,Arunachal Pradesh,NA,Primary,NA,NA,NA,NA
779,1,0.596965671,0.347398728,0.022942884,0.032692716,0,1,2019,5,State,urban/rural,Education,statesector,0,Arunachal Pradesh,NA,Secondary,NA,NA,NA,NA
780,1,0.317402035,0.346268028,0.128385127,0.113216959,0.094727844,1,2019,5,State,urban/rural,Education,statesector,0,Arunachal Pradesh,NA,Higher,NA,NA,NA,NA
781,1,0,1,0,0,0,1,2019,5,State,urban/rural,Education,statesector,0,Arunachal Pradesh,NA,NA,NA,NA,NA,NA
782,1,0.315900177,0.440838993,0.163465172,0.071048647,0.008746994,1,2019,5,State,urban/rural,Education,statesector,1,Arunachal Pradesh,NA,No education / Preschool,NA,NA,NA,NA
783,1,0.361768484,0.425435066,0.143391863,0.069404565,0,1,2019,5,State,urban/rural,Education,statesector,1,Arunachal Pradesh,NA,Primary,NA,NA,NA,NA
784,1,0.151383206,0.554440796,0.164000124,0.130175903,0,1,2019,5,State,urban/rural,Education,statesector,1,Arunachal Pradesh,NA,Secondary,NA,NA,NA,NA
785,1,0.134919927,0.446157604,0,0.169232577,0.249689892,1,2019,5,State,urban/rural,Education,statesector,1,Arunachal Pradesh,NA,Higher,NA,NA,NA,NA
1071,1,0.689825535,0.24734515,0.040247977,0.020151071,0.0024303,1,2019,5,State,All,Gender,state,99,Arunachal Pradesh,NA,NA,1,NA,NA,NA
1072,1,0.636039078,0.263950229,0.060387988,0.034243405,0.005379291,1,2019,5,State,All,Gender,state,99,Arunachal Pradesh,NA,NA,2,NA,NA,NA
1073,1,NA,NA,NA,NA,NA,0,2019,5,State,All,Gender,state,99,Arunachal Pradesh,NA,NA,NA,NA,NA,NA
1166,1,0.709510803,0.236040652,0.034828667,0.018240059,0.001379817,1,2019,5,State,urban/rural,Gender,statesector,0,Arunachal Pradesh,NA,NA,1,NA,NA,NA
1167,1,0.66830641,0.25378108,0.054287605,0.017881356,0.005743508,1,2019,5,State,urban/rural,Gender,statesector,0,Arunachal Pradesh,NA,NA,2,NA,NA,NA
1168,1,NA,NA,NA,NA,NA,0,2019,5,State,urban/rural,Gender,statesector,0,Arunachal Pradesh,NA,NA,NA,NA,NA,NA
1169,1,0.309179723,0.465935022,0.145038739,0.0571035,0.022743028,1,2019,5,State,urban/rural,Gender,statesector,1,Arunachal Pradesh,NA,NA,1,NA,NA,NA
1170,1,0.15946725,0.414142996,0.150487438,0.275902331,0,1,2019,5,State,urban/rural,Gender,statesector,1,Arunachal Pradesh,NA,NA,2,NA,NA,NA
1342,1,0.80790925,0.165759996,0.026330726,0,0,1,2019,5,State,All,HH Size,state,99,Arunachal Pradesh,NA,NA,NA,1,NA,NA
1343,1,0.759057701,0.1983504,0.036056619,0.004165005,0.002370306,1,2019,5,State,All,HH Size,state,99,Arunachal Pradesh,NA,NA,NA,2 to 3,NA,NA
1344,1,0.660768509,0.265298545,0.04715037,0.022598745,0.004183847,1,2019,5,State,All,HH Size,state,99,Arunachal Pradesh,NA,NA,NA,4 to 6,NA,NA
1345,1,0.621137857,0.289693773,0.041932411,0.047235973,0,1,2019,5,State,All,HH Size,state,99,Arunachal Pradesh,NA,NA,NA,7+,NA,NA
1490,1,0.809625983,0.162929296,0.027444709,0,0,1,2019,5,State,urban/rural,HH Size,statesector,0,Arunachal Pradesh,NA,NA,NA,1,NA,NA
1491,1,0.777937889,0.188912421,0.028473066,0.002217635,0.002458988,1,2019,5,State,urban/rural,HH Size,statesector,0,Arunachal Pradesh,NA,NA,NA,2 to 3,NA,NA
1492,1,0.687074482,0.249445468,0.042357888,0.018722856,0.0023993,1,2019,5,State,urban/rural,HH Size,statesector,0,Arunachal Pradesh,NA,NA,NA,4 to 6,NA,NA
1493,1,0.632887959,0.288619757,0.036465768,0.042026494,0,1,2019,5,State,urban/rural,HH Size,statesector,0,Arunachal Pradesh,NA,NA,NA,7+,NA,NA
1494,1,0.767332017,0.232667968,0,0,0,1,2019,5,State,urban/rural,HH Size,statesector,1,Arunachal Pradesh,NA,NA,NA,1,NA,NA
1495,1,0.254420757,0.4506118,0.238752469,0.056214988,0,1,2019,5,State,urban/rural,HH Size,statesector,1,Arunachal Pradesh,NA,NA,NA,2 to 3,NA,NA
1496,1,0.238490149,0.519781053,0.12408185,0.08481662,0.032830365,1,2019,5,State,urban/rural,HH Size,statesector,1,Arunachal Pradesh,NA,NA,NA,4 to 6,NA,NA
1497,1,0.405792117,0.309377402,0.142119974,0.142710492,0,1,2019,5,State,urban/rural,HH Size,statesector,1,Arunachal Pradesh,NA,NA,NA,7+,NA,NA
1758,1,0.667791426,0.251980692,0.049702097,0.030153066,0.000372723,1,2019,5,State,All,Owns House,state,99,Arunachal Pradesh,NA,NA,NA,NA,0,NA
1759,1,0.696564257,0.247040153,0.03673853,0.014920517,0.004736526,1,2019,5,State,All,Owns House,state,99,Arunachal Pradesh,NA,NA,NA,NA,1,NA
1833,1,0.691212893,0.240856141,0.041731112,0.026199872,0,1,2019,5,State,urban/rural,Owns House,statesector,0,Arunachal Pradesh,NA,NA,NA,NA,0,NA
1834,1,0.715968192,0.235773861,0.03320615,0.011633203,0.003418627,1,2019,5,State,urban/rural,Owns House,statesector,0,Arunachal Pradesh,NA,NA,NA,NA,1,NA
1835,1,0.222581655,0.4634431,0.201219678,0.105297893,0.007457679,1,2019,5,State,urban/rural,Owns House,statesector,1,Arunachal Pradesh,NA,NA,NA,NA,0,NA
1836,1,0.339252561,0.454502642,0.101785347,0.075454563,0.029004904,1,2019,5,State,urban/rural,Owns House,statesector,1,Arunachal Pradesh,NA,NA,NA,NA,1,NA
1977,1,0.687281549,0.249868542,0.041461375,0.018049935,0.003338599,1,2019,5,State,All,Agri Land,state,99,Arunachal Pradesh,NA,NA,NA,NA,NA,0
1978,1,0.680179238,0.248702422,0.043616742,0.025259359,0.002242246,1,2019,5,State,All,Agri Land,state,99,Arunachal Pradesh,NA,NA,NA,NA,NA,1
2051,1,0.727667391,0.228642523,0.031012138,0.011261455,0.001416481,1,2019,5,State,urban/rural,Agri Land,statesector,0,Arunachal Pradesh,NA,NA,NA,NA,NA,0
2052,1,0.685132205,0.246175975,0.042245544,0.024171578,0.002274712,1,2019,5,State,urban/rural,Agri Land,statesector,0,Arunachal Pradesh,NA,NA,NA,NA,NA,1
2053,1,0.278986931,0.464460254,0.147101507,0.08668039,0.022770904,1,2019,5,State,urban/rural,Agri Land,statesector,1,Arunachal Pradesh,NA,NA,NA,NA,NA,0
2054,1,0.338107675,0.423189282,0.138317198,0.10038583,0,1,2019,5,State,urban/rural,Agri Land,statesector,1,Arunachal Pradesh,NA,NA,NA,NA,NA,1
2186,1,0.536933839,0.340315998,0.095439106,0.01645208,0.010858974,1,2015,4,State,All,All Households,state,99,Arunachal Pradesh,NA,NA,NA,NA,NA,NA
2223,1,0.564226091,0.336625457,0.083504006,0.009937553,0.00570686,1,2015,4,State,urban/rural,All Households,statesector,0,Arunachal Pradesh,NA,NA,NA,NA,NA,NA
2224,1,0.151035249,0.392498106,0.264195293,0.108564124,0.083707213,1,2015,4,State,urban/rural,All Households,statesector,1,Arunachal Pradesh,NA,NA,NA,NA,NA,NA
2313,1,0.478060365,0.342537701,0.162940502,0.011525996,0.004935428,1,2015,4,State,All,Age,state,99,Arunachal Pradesh,15 to 29,NA,NA,NA,NA,NA
2314,1,0.545584917,0.341800481,0.086440116,0.013004546,0.013169936,1,2015,4,State,All,Age,state,99,Arunachal Pradesh,30 to 45,NA,NA,NA,NA,NA
2315,1,0.546424687,0.341011941,0.087599292,0.018370343,0.006593734,1,2015,4,State,All,Age,state,99,Arunachal Pradesh,46 to 64,NA,NA,NA,NA,NA
2316,1,0.529354155,0.324065447,0.084487386,0.03797603,0.024116963,1,2015,4,State,All,Age,state,99,Arunachal Pradesh,65+,NA,NA,NA,NA,NA
2476,1,0.515106738,0.33406648,0.138084531,0.012742268,0,1,2015,4,State,urban/rural,Age,statesector,0,Arunachal Pradesh,15 to 29,NA,NA,NA,NA,NA
2477,1,0.57945919,0.338968217,0.068471342,0.007152736,0.005948528,1,2015,4,State,urban/rural,Age,statesector,0,Arunachal Pradesh,30 to 45,NA,NA,NA,NA,NA
2478,1,0.559126198,0.33725217,0.086008407,0.010772553,0.006840693,1,2015,4,State,urban/rural,Age,statesector,0,Arunachal Pradesh,46 to 64,NA,NA,NA,NA,NA
2479,1,0.563818574,0.322529525,0.086425878,0.019740839,0.007485207,1,2015,4,State,urban/rural,Age,statesector,0,Arunachal Pradesh,65+,NA,NA,NA,NA,NA
2480,1,0.12699087,0.422815055,0.398488104,0,0.051705986,1,2015,4,State,urban/rural,Age,statesector,1,Arunachal Pradesh,15 to 29,NA,NA,NA,NA,NA
2481,1,0.154717118,0.374481499,0.293777913,0.080527298,0.096496187,1,2015,4,State,urban/rural,Age,statesector,1,Arunachal Pradesh,30 to 45,NA,NA,NA,NA,NA
2482,1,0.207297757,0.441396773,0.130075574,0.221229881,0,1,2015,4,State,urban/rural,Age,statesector,1,Arunachal Pradesh,46 to 64,NA,NA,NA,NA,NA
2483,1,0.036965799,0.346009016,0.056792427,0.298499942,0.261732817,1,2015,4,State,urban/rural,Age,statesector,1,Arunachal Pradesh,65+,NA,NA,NA,NA,NA
2782,1,0.618796468,0.295306593,0.068620548,0.012462716,0.004813685,1,2015,4,State,All,Education,state,99,Arunachal Pradesh,NA,No education / Preschool,NA,NA,NA,NA
2783,1,0.504900396,0.385451823,0.094216853,0.014824352,0.000606544,1,2015,4,State,All,Education,state,99,Arunachal Pradesh,NA,Primary,NA,NA,NA,NA
2784,1,0.370125741,0.422024846,0.150557041,0.023551343,0.033741042,1,2015,4,State,All,Education,state,99,Arunachal Pradesh,NA,Secondary,NA,NA,NA,NA
2785,1,0.042499937,0.202600926,0.527747691,0.051511798,0.175639659,1,2015,4,State,All,Education,state,99,Arunachal Pradesh,NA,Higher,NA,NA,NA,NA
2786,1,0.066979207,0.391417116,0.319885164,0.22171852,0,1,2015,4,State,All,Education,state,99,Arunachal Pradesh,NA,NA,NA,NA,NA,NA
2954,1,0.635745227,0.289444029,0.063645877,0.008463856,0.002701026,1,2015,4,State,urban/rural,Education,statesector,0,Arunachal Pradesh,NA,No education / Preschool,NA,NA,NA,NA
2955,1,0.531733513,0.378299415,0.078785889,0.010532144,0.000649057,1,2015,4,State,urban/rural,Education,statesector,0,Arunachal Pradesh,NA,Primary,NA,NA,NA,NA
2956,1,0.412903041,0.429279238,0.125422701,0.014315343,0.018079687,1,2015,4,State,urban/rural,Education,statesector,0,Arunachal Pradesh,NA,Secondary,NA,NA,NA,NA
2957,1,0.056257877,0.266791075,0.581264615,0,0.095686458,1,2015,4,State,urban/rural,Education,statesector,0,Arunachal Pradesh,NA,Higher,NA,NA,NA,NA
2958,1,0.08606039,0.50292486,0.411014736,0,0,1,2015,4,State,urban/rural,Education,statesector,0,Arunachal Pradesh,NA,NA,NA,NA,NA,NA
2959,1,0.292619616,0.408130854,0.164357632,0.089420326,0.045471568,1,2015,4,State,urban/rural,Education,statesector,1,Arunachal Pradesh,NA,No education / Preschool,NA,NA,NA,NA
2960,1,0.122067988,0.487496674,0.314373255,0.076062083,0,1,2015,4,State,urban/rural,Education,statesector,1,Arunachal Pradesh,NA,Primary,NA,NA,NA,NA
2961,1,0,0.359256983,0.368029088,0.103464797,0.169249147,1,2015,4,State,urban/rural,Education,statesector,1,Arunachal Pradesh,NA,Secondary,NA,NA,NA,NA
2962,1,0,0.004309845,0.362427413,0.210637972,0.422624767,1,2015,4,State,urban/rural,Education,statesector,1,Arunachal Pradesh,NA,Higher,NA,NA,NA,NA
2963,1,0,0,0,1,0,1,2015,4,State,urban/rural,Education,statesector,1,Arunachal Pradesh,NA,NA,NA,NA,NA,NA
3259,1,0.536196649,0.339807689,0.098193176,0.015742976,0.010059488,1,2015,4,State,All,Gender,state,99,Arunachal Pradesh,NA,NA,1,NA,NA,NA
3260,1,0.546681225,0.347036719,0.059024099,0.025828015,0.02142998,1,2015,4,State,All,Gender,state,99,Arunachal Pradesh,NA,NA,2,NA,NA,NA
3353,1,0.563156605,0.335885763,0.086433642,0.009498624,0.005025353,1,2015,4,State,urban/rural,Gender,statesector,0,Arunachal Pradesh,NA,NA,1,NA,NA,NA
3354,1,0.579604864,0.347261697,0.041377962,0.01624904,0.015506451,1,2015,4,State,urban/rural,Gender,statesector,0,Arunachal Pradesh,NA,NA,2,NA,NA,NA
3355,1,0.119286343,0.400456637,0.280043364,0.112306006,0.08790765,1,2015,4,State,urban/rural,Gender,statesector,1,Arunachal Pradesh,NA,NA,1,NA,NA,NA
3356,1,0.33808139,0.345611125,0.170827687,0.08651913,0.058960676,1,2015,4,State,urban/rural,Gender,statesector,1,Arunachal Pradesh,NA,NA,2,NA,NA,NA
3528,1,0.638997495,0.312505037,0.044418924,0,0.004078576,1,2015,4,State,All,HH Size,state,99,Arunachal Pradesh,NA,NA,NA,1,NA,NA
3529,1,0.574657917,0.326155275,0.079046853,0.018513223,0.001626732,1,2015,4,State,All,HH Size,state,99,Arunachal Pradesh,NA,NA,NA,2 to 3,NA,NA
3530,1,0.54055506,0.352749705,0.089737497,0.014514878,0.002442838,1,2015,4,State,All,HH Size,state,99,Arunachal Pradesh,NA,NA,NA,4 to 6,NA,NA
3531,1,0.497063637,0.327919304,0.121229298,0.020105511,0.033682246,1,2015,4,State,All,HH Size,state,99,Arunachal Pradesh,NA,NA,NA,7+,NA,NA
3692,1,0.66935581,0.290662915,0.03520266,0,0.00477865,1,2015,4,State,urban/rural,HH Size,statesector,0,Arunachal Pradesh,NA,NA,NA,1,NA,NA
3693,1,0.592003047,0.318383008,0.071891867,0.015998062,0.00172402,1,2015,4,State,urban/rural,HH Size,statesector,0,Arunachal Pradesh,NA,NA,NA,2 to 3,NA,NA
3694,1,0.564015329,0.351743013,0.072368957,0.010422218,0.001450471,1,2015,4,State,urban/rural,HH Size,statesector,0,Arunachal Pradesh,NA,NA,NA,4 to 6,NA,NA
3695,1,0.538121164,0.322477937,0.116920814,0.005585631,0.016894475,1,2015,4,State,urban/rural,HH Size,statesector,0,Arunachal Pradesh,NA,NA,NA,7+,NA,NA
3696,1,0.462132215,0.439755589,0.098112203,0,0,1,2015,4,State,urban/rural,HH Size,statesector,1,Arunachal Pradesh,NA,NA,NA,1,NA,NA
3697,1,0.28463316,0.456113964,0.198684052,0.06056881,0,1,2015,4,State,urban/rural,HH Size,statesector,1,Arunachal Pradesh,NA,NA,NA,2 to 3,NA,NA
3698,1,0.155970886,0.369252533,0.374459982,0.081605874,0.018710721,1,2015,4,State,urban/rural,HH Size,statesector,1,Arunachal Pradesh,NA,NA,NA,4 to 6,NA,NA
3699,1,0.040946655,0.388368487,0.169093251,0.181410179,0.22018142,1,2015,4,State,urban/rural,HH Size,statesector,1,Arunachal Pradesh,NA,NA,NA,7+,NA,NA
3986,1,0.544325233,0.308472753,0.124803185,0.013181352,0.009217471,1,2015,4,State,All,Owns House,state,99,Arunachal Pradesh,NA,NA,NA,NA,0,NA
3987,1,0.534231722,0.351957232,0.08470419,0.017647792,0.011459076,1,2015,4,State,All,Owns House,state,99,Arunachal Pradesh,NA,NA,NA,NA,1,NA
4079,1,0.578380466,0.298603833,0.110499203,0.007841337,0.004675169,1,2015,4,State,urban/rural,Owns House,statesector,0,Arunachal Pradesh,NA,NA,NA,NA,0,NA
4080,1,0.559226751,0.350054801,0.07396923,0.010677943,0.006071256,1,2015,4,State,urban/rural,Owns House,statesector,0,Arunachal Pradesh,NA,NA,NA,NA,1,NA
4081,1,0.197532833,0.408970356,0.270464003,0.067560002,0.055472814,1,2015,4,State,urban/rural,Owns House,statesector,1,Arunachal Pradesh,NA,NA,NA,NA,0,NA
4082,1,0.124604926,0.383134902,0.260632008,0.131871849,0.099756323,1,2015,4,State,urban/rural,Owns House,statesector,1,Arunachal Pradesh,NA,NA,NA,NA,1,NA
4245,1,0.556551278,0.308391809,0.104910649,0.022995953,0.007150344,1,2015,4,State,All,Agri Land,state,99,Arunachal Pradesh,NA,NA,NA,NA,NA,0
4246,1,0.524130881,0.361150742,0.08925768,0.012181338,0.013279346,1,2015,4,State,All,Agri Land,state,99,Arunachal Pradesh,NA,NA,NA,NA,NA,1
4338,1,0.620868921,0.287101746,0.081459329,0.0091945,0.001375507,1,2015,4,State,urban/rural,Agri Land,statesector,0,Arunachal Pradesh,NA,NA,NA,NA,NA,0
4339,1,0.531473517,0.365261614,0.084686302,0.01036721,0.008211383,1,2015,4,State,urban/rural,Agri Land,statesector,0,Arunachal Pradesh,NA,NA,NA,NA,NA,1
4340,1,0.139143482,0.446559697,0.257104635,0.112564392,0.044627789,1,2015,4,State,urban/rural,Agri Land,statesector,1,Arunachal Pradesh,NA,NA,NA,NA,NA,0
4341,1,0.198083982,0.178608358,0.292248815,0.092737414,0.238321409,1,2015,4,State,urban/rural,Agri Land,statesector,1,Arunachal Pradesh,NA,NA,NA,NA,NA,1
7,1,0.785015702,0.192246392,0.019301875,0.00255251,0.000883525,1,2019,5,State,All,All Households,state,99,Assam,NA,NA,NA,NA,NA,NA
46,1,0.805612504,0.180199489,0.012346569,0.001841423,0,1,2019,5,State,urban/rural,All Households,statesector,0,Assam,NA,NA,NA,NA,NA,NA
47,1,0.408699691,0.412350297,0.146379426,0.015544506,0.017026056,1,2019,5,State,urban/rural,All Households,statesector,1,Assam,NA,NA,NA,NA,NA,NA
140,1,0.774630189,0.2116725,0.013697303,0,0,1,2019,5,State,All,Age,state,99,Assam,15 to 29,NA,NA,NA,NA,NA
141,1,0.791762829,0.183957472,0.020126788,0.002613751,0.001539141,1,2019,5,State,All,Age,state,99,Assam,30 to 45,NA,NA,NA,NA,NA
142,1,0.790906668,0.185612321,0.021982536,0.001498506,0,1,2019,5,State,All,Age,state,99,Assam,46 to 64,NA,NA,NA,NA,NA
143,1,0.746963203,0.228410929,0.013528815,0.009119742,0.001977295,1,2019,5,State,All,Age,state,99,Assam,65+,NA,NA,NA,NA,NA
313,1,0.803728878,0.185409993,0.010861157,0,0,1,2019,5,State,urban/rural,Age,statesector,0,Assam,15 to 29,NA,NA,NA,NA,NA
314,1,0.811746597,0.173426181,0.012842989,0.001984232,0,1,2019,5,State,urban/rural,Age,statesector,0,Assam,30 to 45,NA,NA,NA,NA,NA
315,1,0.812620819,0.174005225,0.012799083,0.000574873,0,1,2019,5,State,urban/rural,Age,statesector,0,Assam,46 to 64,NA,NA,NA,NA,NA
316,1,0.756132007,0.225752726,0.010379103,0.007736145,0,1,2019,5,State,urban/rural,Age,statesector,0,Assam,65+,NA,NA,NA,NA,NA
317,1,0.401052117,0.548839211,0.050108664,0,0,1,2019,5,State,urban/rural,Age,statesector,1,Assam,15 to 29,NA,NA,NA,NA,NA
318,1,0.416436613,0.381751686,0.156927958,0.014437111,0.030446619,1,2019,5,State,urban/rural,Age,statesector,1,Assam,30 to 45,NA,NA,NA,NA,NA
319,1,0.371692985,0.409698635,0.199278221,0.019330155,0,1,2019,5,State,urban/rural,Age,statesector,1,Assam,46 to 64,NA,NA,NA,NA,NA
320,1,0.532740951,0.290518075,0.087119348,0.041446403,0.048175212,1,2019,5,State,urban/rural,Age,statesector,1,Assam,65+,NA,NA,NA,NA,NA
614,1,0.849418163,0.135673583,0.014244077,0.000664166,0,1,2019,5,State,All,Education,state,99,Assam,NA,No education / Preschool,NA,NA,NA,NA
615,1,0.774825275,0.200100467,0.023395598,0.001678668,0,1,2019,5,State,All,Education,state,99,Assam,NA,Primary,NA,NA,NA,NA
616,1,0.65311712,0.310642958,0.02358315,0.008378991,0.004277815,1,2019,5,State,All,Education,state,99,Assam,NA,Secondary,NA,NA,NA,NA
617,1,0.486039758,0.416851968,0.09710826,0,0,1,2019,5,State,All,Education,state,99,Assam,NA,Higher,NA,NA,NA,NA
786,1,0.868406296,0.123721734,0.007871956,0,0,1,2019,5,State,urban/rural,Education,statesector,0,Assam,NA,No education / Preschool,NA,NA,NA,NA
787,1,0.804024637,0.182866678,0.012452809,0.000655906,0,1,2019,5,State,urban/rural,Education,statesector,0,Assam,NA,Primary,NA,NA,NA,NA
788,1,0.666837692,0.304660767,0.020583339,0.007918232,0,1,2019,5,State,urban/rural,Education,statesector,0,Assam,NA,Secondary,NA,NA,NA,NA
789,1,0.483708471,0.41770795,0.098583572,0,0,1,2019,5,State,urban/rural,Education,statesector,0,Assam,NA,Higher,NA,NA,NA,NA
790,1,0.468340963,0.375537932,0.142127633,0.013993468,0,1,2019,5,State,urban/rural,Education,statesector,1,Assam,NA,No education / Preschool,NA,NA,NA,NA
791,1,0.365072668,0.441941261,0.176955059,0.016031027,0,1,2019,5,State,urban/rural,Education,statesector,1,Assam,NA,Primary,NA,NA,NA,NA
792,1,0.344720095,0.44510439,0.091009863,0.018735459,0.100430205,1,2019,5,State,urban/rural,Education,statesector,1,Assam,NA,Secondary,NA,NA,NA,NA
793,1,0.639490008,0.360509992,0,0,0,1,2019,5,State,urban/rural,Education,statesector,1,Assam,NA,Higher,NA,NA,NA,NA
1074,1,0.776970387,0.200409129,0.020194435,0.001620438,0.000805584,1,2019,5,State,All,Gender,state,99,Assam,NA,NA,1,NA,NA,NA
1075,1,0.834002256,0.142544687,0.013867218,0.008227749,0.001358098,1,2019,5,State,All,Gender,state,99,Assam,NA,NA,2,NA,NA,NA
1171,1,0.796947777,0.1887514,0.013200662,0.001100145,0,1,2019,5,State,urban/rural,Gender,statesector,0,Assam,NA,NA,1,NA,NA,NA
1172,1,0.859651685,0.126863927,0.00701987,0.006464533,0,1,2019,5,State,urban/rural,Gender,statesector,0,Assam,NA,NA,2,NA,NA,NA
1173,1,0.386831611,0.428073257,0.156776026,0.011781264,0.016537854,1,2019,5,State,urban/rural,Gender,statesector,1,Assam,NA,NA,1,NA,NA,NA
1174,1,0.499716878,0.346909881,0.103107736,0.031207493,0.019057997,1,2019,5,State,urban/rural,Gender,statesector,1,Assam,NA,NA,2,NA,NA,NA
1346,1,0.891195595,0.105360635,0.003443795,0,0,1,2019,5,State,All,HH Size,state,99,Assam,NA,NA,NA,1,NA,NA
1347,1,0.816115141,0.161017433,0.022867415,0,0,1,2019,5,State,All,HH Size,state,99,Assam,NA,NA,NA,2 to 3,NA,NA
1348,1,0.783644617,0.191633299,0.021110117,0.002176667,0.001435315,1,2019,5,State,All,HH Size,state,99,Assam,NA,NA,NA,4 to 6,NA,NA
1349,1,0.760122359,0.221472368,0.012863162,0.0055421,0,1,2019,5,State,All,HH Size,state,99,Assam,NA,NA,NA,7+,NA,NA
1498,1,0.936298013,0.063083217,0.000618778,0,0,1,2019,5,State,urban/rural,HH Size,statesector,0,Assam,NA,NA,NA,1,NA,NA
1499,1,0.845499218,0.142357603,0.012143166,0,0,1,2019,5,State,urban/rural,HH Size,statesector,0,Assam,NA,NA,NA,2 to 3,NA,NA
1500,1,0.805552244,0.18016769,0.012832897,0.001447141,0,1,2019,5,State,urban/rural,HH Size,statesector,0,Assam,NA,NA,NA,4 to 6,NA,NA
1501,1,0.771420956,0.212465093,0.011847551,0.004266425,0,1,2019,5,State,urban/rural,HH Size,statesector,0,Assam,NA,NA,NA,7+,NA,NA
1502,1,0.637417197,0.34324345,0.019339349,0,0,1,2019,5,State,urban/rural,HH Size,statesector,1,Assam,NA,NA,NA,1,NA,NA
1503,1,0.450283349,0.393332332,0.156384349,0,0,1,2019,5,State,urban/rural,HH Size,statesector,1,Assam,NA,NA,NA,2 to 3,NA,NA
1504,1,0.360596448,0.413040042,0.180947363,0.016264169,0.029151972,1,2019,5,State,urban/rural,HH Size,statesector,1,Assam,NA,NA,NA,4 to 6,NA,NA
1505,1,0.466521084,0.455532938,0.039254546,0.038691428,0,1,2019,5,State,urban/rural,HH Size,statesector,1,Assam,NA,NA,NA,7+,NA,NA
1760,1,0.754218102,0.211840972,0.030624514,0.003316437,0,1,2019,5,State,All,Owns House,state,99,Assam,NA,NA,NA,NA,0,NA
1761,1,0.794914007,0.185948715,0.015662795,0.002306985,0.001167489,1,2019,5,State,All,Owns House,state,99,Assam,NA,NA,NA,NA,1,NA
1837,1,0.786565006,0.197089717,0.016345253,0,0,1,2019,5,State,urban/rural,Owns House,statesector,0,Assam,NA,NA,NA,NA,0,NA
1838,1,0.811478436,0.174997956,0.01111513,0.002408509,0,1,2019,5,State,urban/rural,Owns House,statesector,0,Assam,NA,NA,NA,NA,1,NA
1839,1,0.393042386,0.376548737,0.19006218,0.040346716,0,1,2019,5,State,urban/rural,Owns House,statesector,1,Assam,NA,NA,NA,NA,0,NA
1840,1,0.418512762,0.434788555,0.119001754,0,0.027696945,1,2019,5,State,urban/rural,Owns House,statesector,1,Assam,NA,NA,NA,NA,1,NA
1979,1,0.790385365,0.184640855,0.021885818,0.002814112,0.00027387,1,2019,5,State,All,Agri Land,state,99,Assam,NA,NA,NA,NA,NA,0
1980,1,0.772514164,0.209953547,0.013285948,0.001943449,0.002302922,1,2019,5,State,All,Agri Land,state,99,Assam,NA,NA,NA,NA,NA,1
2055,1,0.819042325,0.16732049,0.011851946,0.00178523,0,1,2019,5,State,urban/rural,Agri Land,statesector,0,Assam,NA,NA,NA,NA,NA,0
2056,1,0.776206493,0.208399445,0.013429602,0.001964462,0,1,2019,5,State,urban/rural,Agri Land,statesector,0,Assam,NA,NA,NA,NA,NA,1
2057,1,0.407225788,0.416223586,0.156044111,0.016570829,0.003935665,1,2019,5,State,urban/rural,Agri Land,statesector,1,Assam,NA,NA,NA,NA,NA,0
2058,1,0.431023151,0.353686243,0,0,0.215290606,1,2019,5,State,urban/rural,Agri Land,statesector,1,Assam,NA,NA,NA,NA,NA,1
2187,1,0.498632193,0.438366741,0.056888569,0.005267943,0.000844533,1,2015,4,State,All,All Households,state,99,Assam,NA,NA,NA,NA,NA,NA
2225,1,0.507911384,0.438994795,0.049936622,0.002816183,0.000341046,1,2015,4,State,urban/rural,All Households,statesector,0,Assam,NA,NA,NA,NA,NA,NA
2226,1,0.280280113,0.423588276,0.220477909,0.062961392,0.012692295,1,2015,4,State,urban/rural,All Households,statesector,1,Assam,NA,NA,NA,NA,NA,NA
2317,1,0.525610387,0.4219428,0.046130601,0.006316215,0,1,2015,4,State,All,Age,state,99,Assam,15 to 29,NA,NA,NA,NA,NA
2318,1,0.519802094,0.423767656,0.051595654,0.004026911,0.000807707,1,2015,4,State,All,Age,state,99,Assam,30 to 45,NA,NA,NA,NA,NA
2319,1,0.48298341,0.44873327,0.059749186,0.007122569,0.001411568,1,2015,4,State,All,Age,state,99,Assam,46 to 64,NA,NA,NA,NA,NA
2320,1,0.413499296,0.495779544,0.087559827,0.003161325,0,1,2015,4,State,All,Age,state,99,Assam,65+,NA,NA,NA,NA,NA
2321,1,NA,NA,NA,NA,NA,0,2015,4,State,All,Age,state,99,Assam,NA,NA,NA,NA,NA,NA
2484,1,0.535161197,0.428714931,0.034104045,0.002019821,0,1,2015,4,State,urban/rural,Age,statesector,0,Assam,15 to 29,NA,NA,NA,NA,NA
2485,1,0.5281533,0.42391637,0.045572706,0.001997724,0.000359883,1,2015,4,State,urban/rural,Age,statesector,0,Assam,30 to 45,NA,NA,NA,NA,NA
2486,1,0.493531585,0.44781518,0.053612765,0.004516758,0.000523719,1,2015,4,State,urban/rural,Age,statesector,0,Assam,46 to 64,NA,NA,NA,NA,NA
2487,1,0.422327518,0.496559322,0.079548225,0.001564953,0,1,2015,4,State,urban/rural,Age,statesector,0,Assam,65+,NA,NA,NA,NA,NA
2488,1,NA,NA,NA,NA,NA,0,2015,4,State,urban/rural,Age,statesector,0,Assam,NA,NA,NA,NA,NA,NA
2489,1,0.303897172,0.264734685,0.325315356,0.106052794,0,1,2015,4,State,urban/rural,Age,statesector,1,Assam,15 to 29,NA,NA,NA,NA,NA
2490,1,0.329599589,0.420380592,0.188770428,0.050242346,0.011007044,1,2015,4,State,urban/rural,Age,statesector,1,Assam,30 to 45,NA,NA,NA,NA,NA
2491,1,0.214749932,0.472079784,0.215794563,0.073386721,0.023988998,1,2015,4,State,urban/rural,Age,statesector,1,Assam,46 to 64,NA,NA,NA,NA,NA
2492,1,0.224217132,0.479060829,0.259333521,0.037388507,0,1,2015,4,State,urban/rural,Age,statesector,1,Assam,65+,NA,NA,NA,NA,NA
2787,1,0.598349154,0.371952266,0.027239453,0.002459125,0,1,2015,4,State,All,Education,state,99,Assam,NA,No education / Preschool,NA,NA,NA,NA
2788,1,0.468473017,0.470733792,0.056063272,0.004729932,0,1,2015,4,State,All,Education,state,99,Assam,NA,Primary,NA,NA,NA,NA
2789,1,0.318963796,0.545050979,0.118963294,0.012964127,0.004057796,1,2015,4,State,All,Education,state,99,Assam,NA,Secondary,NA,NA,NA,NA
2790,1,0.06053498,0.649000704,0.290464312,0,0,1,2015,4,State,All,Education,state,99,Assam,NA,Higher,NA,NA,NA,NA
2791,1,0.852079213,0.147920787,0,0,0,1,2015,4,State,All,Education,state,99,Assam,NA,NA,NA,NA,NA,NA
2964,1,0.607873499,0.367574275,0.022783495,0.001768739,0,1,2015,4,State,urban/rural,Education,statesector,0,Assam,NA,No education / Preschool,NA,NA,NA,NA
2965,1,0.477552563,0.473147482,0.048800562,0.000499412,0,1,2015,4,State,urban/rural,Education,statesector,0,Assam,NA,Primary,NA,NA,NA,NA
2966,1,0.322843343,0.554921329,0.111894429,0.00868615,0.001654753,1,2015,4,State,urban/rural,Education,statesector,0,Assam,NA,Secondary,NA,NA,NA,NA
2967,1,0.068909779,0.737176478,0.193913728,0,0,1,2015,4,State,urban/rural,Education,statesector,0,Assam,NA,Higher,NA,NA,NA,NA
2968,1,0.852079213,0.147920787,0,0,0,1,2015,4,State,urban/rural,Education,statesector,0,Assam,NA,NA,NA,NA,NA,NA
2969,1,0.330248058,0.495188534,0.152670562,0.021892834,0,1,2015,4,State,urban/rural,Education,statesector,1,Assam,NA,No education / Preschool,NA,NA,NA,NA
2970,1,0.265522808,0.416781545,0.218403041,0.099292614,0,1,2015,4,State,urban/rural,Education,statesector,1,Assam,NA,Primary,NA,NA,NA,NA
2971,1,0.24540174,0.357895225,0.252999246,0.094080791,0.049623005,1,2015,4,State,urban/rural,Education,statesector,1,Assam,NA,Secondary,NA,NA,NA,NA
2972,1,0,0.011645749,0.988354266,0,0,1,2015,4,State,urban/rural,Education,statesector,1,Assam,NA,Higher,NA,NA,NA,NA
3261,1,0.495774895,0.44126761,0.056764957,0.005431132,0.000761396,1,2015,4,State,All,Gender,state,99,Assam,NA,NA,1,NA,NA,NA
3262,1,0.52072978,0.415932298,0.057844564,0.004005891,0.00148749,1,2015,4,State,All,Gender,state,99,Assam,NA,NA,2,NA,NA,NA
3263,1,NA,NA,NA,NA,NA,0,2015,4,State,All,Gender,state,99,Assam,NA,NA,NA,NA,NA,NA
3357,1,0.504005373,0.442413032,0.050258689,0.003138958,0.00018395,1,2015,4,State,urban/rural,Gender,statesector,0,Assam,NA,NA,1,NA,NA,NA
3358,1,0.539127648,0.411676496,0.047362715,0.000236602,0.001596543,1,2015,4,State,urban/rural,Gender,statesector,0,Assam,NA,NA,2,NA,NA,NA
3359,1,NA,NA,NA,NA,NA,0,2015,4,State,urban/rural,Gender,statesector,0,Assam,NA,NA,NA,NA,NA,NA
3360,1,0.282772183,0.411624521,0.225145668,0.064752065,0.015705563,1,2015,4,State,urban/rural,Gender,statesector,1,Assam,NA,NA,1,NA,NA,NA
3361,1,0.269783169,0.473981321,0.200816661,0.055418868,0,1,2015,4,State,urban/rural,Gender,statesector,1,Assam,NA,NA,2,NA,NA,NA
3532,1,0.716907918,0.265674621,0.017417457,0,0,1,2015,4,State,All,HH Size,state,99,Assam,NA,NA,NA,1,NA,NA
3533,1,0.5206213,0.423895359,0.055483308,0,0,1,2015,4,State,All,HH Size,state,99,Assam,NA,NA,NA,2 to 3,NA,NA
3534,1,0.509132981,0.434980571,0.048734754,0.006224869,0.000926819,1,2015,4,State,All,HH Size,state,99,Assam,NA,NA,NA,4 to 6,NA,NA
3535,1,0.458008319,0.458946317,0.076026,0.005922363,0.001097008,1,2015,4,State,All,HH Size,state,99,Assam,NA,NA,NA,7+,NA,NA
3536,1,NA,NA,NA,NA,NA,0,2015,4,State,All,HH Size,state,99,Assam,NA,NA,NA,NA,NA,NA
3700,1,0.73142755,0.254746526,0.013825917,0,0,1,2015,4,State,urban/rural,HH Size,statesector,0,Assam,NA,NA,NA,1,NA,NA
3701,1,0.532635808,0.418851227,0.048512958,0,0,1,2015,4,State,urban/rural,HH Size,statesector,0,Assam,NA,NA,NA,2 to 3,NA,NA
3702,1,0.520076811,0.434517652,0.041765284,0.003051065,0.000589215,1,2015,4,State,urban/rural,HH Size,statesector,0,Assam,NA,NA,NA,4 to 6,NA,NA
3703,1,0.463811696,0.463947386,0.06854932,0.003691595,0,1,2015,4,State,urban/rural,HH Size,statesector,0,Assam,NA,NA,NA,7+,NA,NA
3704,1,NA,NA,NA,NA,NA,0,2015,4,State,urban/rural,HH Size,statesector,0,Assam,NA,NA,NA,NA,NA,NA
3705,1,0.549955487,0.391330183,0.058714326,0,0,1,2015,4,State,urban/rural,HH Size,statesector,1,Assam,NA,NA,NA,1,NA,NA
3706,1,0.341564596,0.499070168,0.159365222,0,0,1,2015,4,State,urban/rural,HH Size,statesector,1,Assam,NA,NA,NA,2 to 3,NA,NA
3707,1,0.265968293,0.445266813,0.203591928,0.076744772,0.008428184,1,2015,4,State,urban/rural,HH Size,statesector,1,Assam,NA,NA,NA,4 to 6,NA,NA
3708,1,0.224203378,0.25746569,0.3772434,0.095794678,0.045292851,1,2015,4,State,urban/rural,HH Size,statesector,1,Assam,NA,NA,NA,7+,NA,NA
3988,1,0.526463807,0.408019185,0.060051177,0.005465797,0,1,2015,4,State,All,Owns House,state,99,Assam,NA,NA,NA,NA,0,NA
3989,1,0.493810475,0.443624347,0.056340661,0.005233666,0.000990845,1,2015,4,State,All,Owns House,state,99,Assam,NA,NA,NA,NA,1,NA
3990,1,NA,NA,NA,NA,NA,0,2015,4,State,All,Owns House,state,99,Assam,NA,NA,NA,NA,NA,NA
4083,1,0.540217221,0.407115787,0.048144791,0.004522205,0,1,2015,4,State,urban/rural,Owns House,statesector,0,Assam,NA,NA,NA,NA,0,NA
4084,1,0.502417684,0.444415867,0.050241325,0.00252607,0.000399042,1,2015,4,State,urban/rural,Owns House,statesector,0,Assam,NA,NA,NA,NA,1,NA
4085,1,NA,NA,NA,NA,NA,0,2015,4,State,urban/rural,Owns House,statesector,0,Assam,NA,NA,NA,NA,NA,NA
4086,1,0.29408741,0.423283249,0.261220694,0.021408664,0,1,2015,4,State,urban/rural,Owns House,statesector,1,Assam,NA,NA,NA,NA,0,NA
4087,1,0.276776046,0.423665702,0.210137993,0.073506862,0.015913412,1,2015,4,State,urban/rural,Owns House,statesector,1,Assam,NA,NA,NA,NA,1,NA
4247,1,0.54022187,0.409290493,0.044122584,0.005739877,0.000625192,1,2015,4,State,All,Agri Land,state,99,Assam,NA,NA,NA,NA,NA,0
4248,1,0.433776736,0.48370868,0.076796018,0.004532004,0.001186576,1,2015,4,State,All,Agri Land,state,99,Assam,NA,NA,NA,NA,NA,1
4249,1,NA,NA,NA,NA,NA,0,2015,4,State,All,Agri Land,state,99,Assam,NA,NA,NA,NA,NA,NA
4342,1,0.555858195,0.408447772,0.032938339,0.002458408,0.000297261,1,2015,4,State,urban/rural,Agri Land,statesector,0,Assam,NA,NA,NA,NA,NA,0
4343,1,0.436794907,0.484303176,0.075149074,0.003346847,0.000405991,1,2015,4,State,urban/rural,Agri Land,statesector,0,Assam,NA,NA,NA,NA,NA,1
4344,1,NA,NA,NA,NA,NA,0,2015,4,State,urban/rural,Agri Land,statesector,0,Assam,NA,NA,NA,NA,NA,NA
4345,1,0.293653965,0.422579139,0.220485643,0.057484966,0.005796304,1,2015,4,State,urban/rural,Agri Land,statesector,1,Assam,NA,NA,NA,NA,NA,0
4346,1,0.170582727,0.431865722,0.220414504,0.107881188,0.069255866,1,2015,4,State,urban/rural,Agri Land,statesector,1,Assam,NA,NA,NA,NA,NA,1
8,1,0.765398741,0.185869649,0.038053766,0.009488618,0.001189256,1,2019,5,State,All,All Households,state,99,Bihar,NA,NA,NA,NA,NA,NA
48,1,0.785345256,0.179295957,0.029680027,0.004505922,0.00117282,1,2019,5,State,urban/rural,All Households,statesector,0,Bihar,NA,NA,NA,NA,NA,NA
49,1,0.51766777,0.267513156,0.142053351,0.07137236,0.001393379,1,2019,5,State,urban/rural,All Households,statesector,1,Bihar,NA,NA,NA,NA,NA,NA
144,1,0.781780243,0.18782106,0.026035689,0.004363033,0,1,2019,5,State,All,Age,state,99,Bihar,15 to 29,NA,NA,NA,NA,NA
145,1,0.783876121,0.172631979,0.034348071,0.009029221,0.0001146,1,2019,5,State,All,Age,state,99,Bihar,30 to 45,NA,NA,NA,NA,NA
146,1,0.754594028,0.185851917,0.043947324,0.014648942,0.000957751,1,2019,5,State,All,Age,state,99,Bihar,46 to 64,NA,NA,NA,NA,NA
147,1,0.711227417,0.226203457,0.050718296,0.005284288,0.006566538,1,2019,5,State,All,Age,state,99,Bihar,65+,NA,NA,NA,NA,NA
148,1,NA,NA,NA,NA,NA,0,2019,5,State,All,Age,state,99,Bihar,NA,NA,NA,NA,NA,NA
321,1,0.796826124,0.183701083,0.017095586,0.002377213,0,1,2019,5,State,urban/rural,Age,statesector,0,Bihar,15 to 29,NA,NA,NA,NA,NA
322,1,0.809468567,0.16187267,0.025458382,0.003076149,0.000124224,1,2019,5,State,urban/rural,Age,statesector,0,Bihar,30 to 45,NA,NA,NA,NA,NA
323,1,0.767856836,0.186678186,0.037501171,0.00731129,0.000652487,1,2019,5,State,urban/rural,Age,statesector,0,Bihar,46 to 64,NA,NA,NA,NA,NA
324,1,0.733838797,0.213439614,0.040346391,0.00521799,0.007157199,1,2019,5,State,urban/rural,Age,statesector,0,Bihar,65+,NA,NA,NA,NA,NA
325,1,NA,NA,NA,NA,NA,0,2019,5,State,urban/rural,Age,statesector,0,Bihar,NA,NA,NA,NA,NA,NA
326,1,0.578392506,0.243514061,0.146886438,0.031206999,0,1,2019,5,State,urban/rural,Age,statesector,1,Bihar,15 to 29,NA,NA,NA,NA,NA
327,1,0.479129791,0.300750256,0.140203521,0.079916425,0,1,2019,5,State,urban/rural,Age,statesector,1,Bihar,30 to 45,NA,NA,NA,NA,NA
328,1,0.577589154,0.17482461,0.12997745,0.112576976,0.005031799,1,2019,5,State,urban/rural,Age,statesector,1,Bihar,46 to 64,NA,NA,NA,NA,NA
329,1,0.459850043,0.368102908,0.166025713,0.006021343,0,1,2019,5,State,urban/rural,Age,statesector,1,Bihar,65+,NA,NA,NA,NA,NA
618,1,0.808840513,0.154970407,0.029242592,0.006185443,0.000761044,1,2019,5,State,All,Education,state,99,Bihar,NA,No education / Preschool,NA,NA,NA,NA
619,1,0.738001823,0.211876631,0.041806739,0.0083148,0,1,2019,5,State,All,Education,state,99,Bihar,NA,Primary,NA,NA,NA,NA
620,1,0.646304667,0.268520981,0.058396429,0.023129471,0.003648458,1,2019,5,State,All,Education,state,99,Bihar,NA,Secondary,NA,NA,NA,NA
621,1,0.498211831,0.305337638,0.171620399,0.016378842,0.008451306,1,2019,5,State,All,Education,state,99,Bihar,NA,Higher,NA,NA,NA,NA
622,1,1,0,0,0,0,1,2019,5,State,All,Education,state,99,Bihar,NA,NA,NA,NA,NA,NA
794,1,0.827820301,0.145304903,0.023452768,0.00260142,0.000820593,1,2019,5,State,urban/rural,Education,statesector,0,Bihar,NA,No education / Preschool,NA,NA,NA,NA
795,1,0.764986277,0.208781272,0.0255144,0.000718038,0,1,2019,5,State,urban/rural,Education,statesector,0,Bihar,NA,Primary,NA,NA,NA,NA
796,1,0.663010836,0.269232601,0.049477052,0.015042086,0.003237438,1,2019,5,State,urban/rural,Education,statesector,0,Bihar,NA,Secondary,NA,NA,NA,NA
797,1,0.515291393,0.309240669,0.149213701,0.017318211,0.008936011,1,2019,5,State,urban/rural,Education,statesector,0,Bihar,NA,Higher,NA,NA,NA,NA
798,1,1,0,0,0,0,1,2019,5,State,urban/rural,Education,statesector,0,Bihar,NA,NA,NA,NA,NA,NA
799,1,0.566275716,0.278496981,0.103237465,0.051989812,0,1,2019,5,State,urban/rural,Education,statesector,1,Bihar,NA,No education / Preschool,NA,NA,NA,NA
800,1,0.461754262,0.24356471,0.208596021,0.086084984,0,1,2019,5,State,urban/rural,Education,statesector,1,Bihar,NA,Primary,NA,NA,NA,NA
801,1,0.416050583,0.258712858,0.181328565,0.134594604,0.009313384,1,2019,5,State,urban/rural,Education,statesector,1,Bihar,NA,Secondary,NA,NA,NA,NA
802,1,0.200412244,0.237284273,0.562303483,0,0,1,2019,5,State,urban/rural,Education,statesector,1,Bihar,NA,Higher,NA,NA,NA,NA
1076,1,0.759855628,0.189126089,0.039122693,0.010339565,0.001556032,1,2019,5,State,All,Gender,state,99,Bihar,NA,NA,1,NA,NA,NA
1077,1,0.783371866,0.17531082,0.034587827,0.006729462,0,1,2019,5,State,All,Gender,state,99,Bihar,NA,NA,2,NA,NA,NA
1078,1,NA,NA,NA,NA,NA,0,2019,5,State,All,Gender,state,99,Bihar,NA,NA,NA,NA,NA,NA
1175,1,0.780039072,0.182160094,0.030899076,0.005358049,0.001543677,1,2019,5,State,urban/rural,Gender,statesector,0,Bihar,NA,NA,1,NA,NA,NA
1176,1,0.802125871,0.170238197,0.02582483,0.001811099,0,1,2019,5,State,urban/rural,Gender,statesector,0,Bihar,NA,NA,2,NA,NA,NA
1177,1,NA,NA,NA,NA,NA,0,2019,5,State,urban/rural,Gender,statesector,0,Bihar,NA,NA,NA,NA,NA,NA
1178,1,0.52775228,0.269232631,0.133691594,0.067625366,0.001698117,1,2019,5,State,urban/rural,Gender,statesector,1,Bihar,NA,NA,1,NA,NA,NA
1179,1,0.47155726,0.259651154,0.180286542,0.088505067,0,1,2019,5,State,urban/rural,Gender,statesector,1,Bihar,NA,NA,2,NA,NA,NA
1350,1,0.895817935,0.099729337,0.003984084,0.000468672,0,1,2019,5,State,All,HH Size,state,99,Bihar,NA,NA,NA,1,NA,NA
1351,1,0.838838279,0.142282024,0.014324132,0.004555582,0,1,2019,5,State,All,HH Size,state,99,Bihar,NA,NA,NA,2 to 3,NA,NA
1352,1,0.786873281,0.179081067,0.028153628,0.005798744,9.33E-05,1,2019,5,State,All,HH Size,state,99,Bihar,NA,NA,NA,4 to 6,NA,NA
1353,1,0.700641274,0.215647921,0.063145161,0.017234093,0.003331552,1,2019,5,State,All,HH Size,state,99,Bihar,NA,NA,NA,7+,NA,NA
1506,1,0.898217022,0.097080752,0.004207304,0.000494931,0,1,2019,5,State,urban/rural,HH Size,statesector,0,Bihar,NA,NA,NA,1,NA,NA
1507,1,0.852425098,0.13509275,0.010558264,0.001923876,0,1,2019,5,State,urban/rural,HH Size,statesector,0,Bihar,NA,NA,NA,2 to 3,NA,NA
1508,1,0.805312335,0.173320234,0.019035002,0.002231831,0.000100618,1,2019,5,State,urban/rural,HH Size,statesector,0,Bihar,NA,NA,NA,4 to 6,NA,NA
1509,1,0.724120975,0.208936766,0.054465696,0.009156027,0.00332053,1,2019,5,State,urban/rural,HH Size,statesector,0,Bihar,NA,NA,NA,7+,NA,NA
1510,1,0.852998137,0.147001892,0,0,0,1,2019,5,State,urban/rural,HH Size,statesector,1,Bihar,NA,NA,NA,1,NA,NA
1511,1,0.567734063,0.285732567,0.089466169,0.057067182,0,1,2019,5,State,urban/rural,HH Size,statesector,1,Bihar,NA,NA,NA,2 to 3,NA,NA
1512,1,0.552023828,0.252454072,0.144293264,0.051228832,0,1,2019,5,State,urban/rural,HH Size,statesector,1,Bihar,NA,NA,NA,4 to 6,NA,NA
1513,1,0.457226068,0.285222799,0.153125569,0.10097973,0.003445816,1,2019,5,State,urban/rural,HH Size,statesector,1,Bihar,NA,NA,NA,7+,NA,NA
1762,1,0.767069638,0.18067649,0.042812318,0.008511538,0.00093,1,2019,5,State,All,Owns House,state,99,Bihar,NA,NA,NA,NA,0,NA
1763,1,0.764937401,0.187303334,0.036740068,0.009758362,0.001260829,1,2019,5,State,All,Owns House,state,99,Bihar,NA,NA,NA,NA,1,NA
1841,1,0.795634389,0.173004106,0.026887648,0.003432995,0.001040827,1,2019,5,State,urban/rural,Owns House,statesector,0,Bihar,NA,NA,NA,NA,0,NA
1842,1,0.782628715,0.180957124,0.030417271,0.004789195,0.001207669,1,2019,5,State,urban/rural,Owns House,statesector,0,Bihar,NA,NA,NA,NA,1,NA
1843,1,0.527369738,0.245058879,0.176443473,0.051127907,0,1,2019,5,State,urban/rural,Owns House,statesector,1,Bihar,NA,NA,NA,NA,0,NA
1844,1,0.513326347,0.27756086,0.126664653,0.08043123,0.002016881,1,2019,5,State,urban/rural,Owns House,statesector,1,Bihar,NA,NA,NA,NA,1,NA
1981,1,0.799180567,0.160967931,0.030349558,0.00903745,0.000464465,1,2019,5,State,All,Agri Land,state,99,Bihar,NA,NA,NA,NA,NA,0
1982,1,0.681028187,0.24806191,0.057295095,0.010615412,0.002999427,1,2019,5,State,All,Agri Land,state,99,Bihar,NA,NA,NA,NA,NA,1
2059,1,0.827313721,0.150958434,0.019088024,0.002288733,0.000351109,1,2019,5,State,urban/rural,Agri Land,statesector,0,Bihar,NA,NA,NA,NA,NA,0
2060,1,0.686880589,0.245780334,0.054530572,0.009707803,0.003100687,1,2019,5,State,urban/rural,Agri Land,statesector,0,Bihar,NA,NA,NA,NA,NA,1
2061,1,0.519099712,0.26061815,0.142464444,0.076224707,0.001592986,1,2019,5,State,urban/rural,Agri Land,statesector,1,Bihar,NA,NA,NA,NA,NA,0
2062,1,0.507671773,0.315644681,0.13918364,0.037499897,0,1,2019,5,State,urban/rural,Agri Land,statesector,1,Bihar,NA,NA,NA,NA,NA,1
2188,1,0.744928658,0.212188452,0.034629252,0.00729219,0.000961455,1,2015,4,State,All,All Households,state,99,Bihar,NA,NA,NA,NA,NA,NA
2227,1,0.759611905,0.206029072,0.028804477,0.005126175,0.00042838,1,2015,4,State,urban/rural,All Households,statesector,0,Bihar,NA,NA,NA,NA,NA,NA
2228,1,0.493590236,0.317620754,0.134334043,0.044368662,0.010086297,1,2015,4,State,urban/rural,All Households,statesector,1,Bihar,NA,NA,NA,NA,NA,NA
2322,1,0.780721664,0.192834705,0.023343969,0.003099686,0,1,2015,4,State,All,Age,state,99,Bihar,15 to 29,NA,NA,NA,NA,NA
2323,1,0.781976461,0.186083615,0.027306937,0.00463297,0,1,2015,4,State,All,Age,state,99,Bihar,30 to 45,NA,NA,NA,NA,NA
2324,1,0.707489848,0.239947364,0.042489965,0.009102672,0.000970155,1,2015,4,State,All,Age,state,99,Bihar,46 to 64,NA,NA,NA,NA,NA
2325,1,0.685536504,0.244895443,0.049305018,0.015322647,0.004940359,1,2015,4,State,All,Age,state,99,Bihar,65+,NA,NA,NA,NA,NA
2326,1,1,0,0,0,0,1,2015,4,State,All,Age,state,99,Bihar,NA,NA,NA,NA,NA,NA
2493,1,0.792531669,0.187095433,0.019169534,0.001203381,0,1,2015,4,State,urban/rural,Age,statesector,0,Bihar,15 to 29,NA,NA,NA,NA,NA
2494,1,0.798091292,0.180200592,0.019396245,0.002311868,0,1,2015,4,State,urban/rural,Age,statesector,0,Bihar,30 to 45,NA,NA,NA,NA,NA
2495,1,0.721939027,0.232038245,0.039468363,0.006406858,0.000147514,1,2015,4,State,urban/rural,Age,statesector,0,Bihar,46 to 64,NA,NA,NA,NA,NA
2496,1,0.701507032,0.240150735,0.04091559,0.014539019,0.002887626,1,2015,4,State,urban/rural,Age,statesector,0,Bihar,65+,NA,NA,NA,NA,NA
2497,1,1,0,0,0,0,1,2015,4,State,urban/rural,Age,statesector,0,Bihar,NA,NA,NA,NA,NA,NA
2498,1,0.538989246,0.310308635,0.108788081,0.041914053,0,1,2015,4,State,urban/rural,Age,statesector,1,Bihar,15 to 29,NA,NA,NA,NA,NA
2499,1,0.556344271,0.268454909,0.138068825,0.037131995,0,1,2015,4,State,urban/rural,Age,statesector,1,Bihar,30 to 45,NA,NA,NA,NA,NA
2500,1,0.413110912,0.401083082,0.104050286,0.064025573,0.017730147,1,2015,4,State,urban/rural,Age,statesector,1,Bihar,46 to 64,NA,NA,NA,NA,NA
2501,1,0.36894837,0.338951319,0.215611249,0.030856734,0.045632318,1,2015,4,State,urban/rural,Age,statesector,1,Bihar,65+,NA,NA,NA,NA,NA
2792,1,0.812642515,0.162023187,0.02210705,0.00273838,0.000488881,1,2015,4,State,All,Education,state,99,Bihar,NA,No education / Preschool,NA,NA,NA,NA
2793,1,0.724083662,0.233783796,0.032604538,0.009132763,0.000395238,1,2015,4,State,All,Education,state,99,Bihar,NA,Primary,NA,NA,NA,NA
2794,1,0.580488205,0.329369277,0.069571063,0.017888412,0.00268308,1,2015,4,State,All,Education,state,99,Bihar,NA,Secondary,NA,NA,NA,NA
2795,1,0.363180399,0.489178479,0.109314419,0.034723938,0.00360277,1,2015,4,State,All,Education,state,99,Bihar,NA,Higher,NA,NA,NA,NA
2796,1,0.82879281,0.171207204,0,0,0,1,2015,4,State,All,Education,state,99,Bihar,NA,NA,NA,NA,NA,NA
2973,1,0.827038229,0.154263318,0.016690047,0.001491912,0.000516498,1,2015,4,State,urban/rural,Education,statesector,0,Bihar,NA,No education / Preschool,NA,NA,NA,NA
2974,1,0.74530071,0.226523951,0.022621553,0.005553794,0,1,2015,4,State,urban/rural,Education,statesector,0,Bihar,NA,Primary,NA,NA,NA,NA
2975,1,0.591507852,0.328914285,0.065555535,0.013750116,0.000272194,1,2015,4,State,urban/rural,Education,statesector,0,Bihar,NA,Secondary,NA,NA,NA,NA
2976,1,0.374447465,0.480777562,0.104559049,0.036435563,0.003780359,1,2015,4,State,urban/rural,Education,statesector,0,Bihar,NA,Higher,NA,NA,NA,NA
2977,1,0.820169806,0.179830208,0,0,0,1,2015,4,State,urban/rural,Education,statesector,0,Bihar,NA,NA,NA,NA,NA,NA
2978,1,0.557806492,0.299389988,0.117999882,0.024803605,0,1,2015,4,State,urban/rural,Education,statesector,1,Bihar,NA,No education / Preschool,NA,NA,NA,NA
2979,1,0.428760916,0.334834456,0.17155908,0.058948927,0.005896608,1,2015,4,State,urban/rural,Education,statesector,1,Bihar,NA,Primary,NA,NA,NA,NA
2980,1,0.377810419,0.33773765,0.143425882,0.094001204,0.047024831,1,2015,4,State,urban/rural,Education,statesector,1,Bihar,NA,Secondary,NA,NA,NA,NA
2981,1,0.134603724,0.659608841,0.20578742,0,0,1,2015,4,State,urban/rural,Education,statesector,1,Bihar,NA,Higher,NA,NA,NA,NA
2982,1,1,0,0,0,0,1,2015,4,State,urban/rural,Education,statesector,1,Bihar,NA,NA,NA,NA,NA,NA
3264,1,0.735246301,0.217945784,0.037722893,0.007822249,0.001262774,1,2015,4,State,All,Gender,state,99,Bihar,NA,NA,1,NA,NA,NA
3265,1,0.775823295,0.193817824,0.024757994,0.005600866,0,1,2015,4,State,All,Gender,state,99,Bihar,NA,NA,2,NA,NA,NA
3266,1,NA,NA,NA,NA,NA,0,2015,4,State,All,Gender,state,99,Bihar,NA,NA,NA,NA,NA,NA
3362,1,0.750587285,0.211882696,0.031594828,0.00537056,0.000564655,1,2015,4,State,urban/rural,Gender,statesector,0,Bihar,NA,NA,1,NA,NA,NA
3363,1,0.787980795,0.187628224,0.020033004,0.004357951,0,1,2015,4,State,urban/rural,Gender,statesector,0,Bihar,NA,NA,2,NA,NA,NA
3364,1,NA,NA,NA,NA,NA,0,2015,4,State,urban/rural,Gender,statesector,0,Bihar,NA,NA,NA,NA,NA,NA
3365,1,0.488694102,0.315388739,0.136210024,0.047224548,0.012482593,1,2015,4,State,urban/rural,Gender,statesector,1,Bihar,NA,NA,1,NA,NA,NA
3366,1,0.51419878,0.327015489,0.126437858,0.032347888,0,1,2015,4,State,urban/rural,Gender,statesector,1,Bihar,NA,NA,2,NA,NA,NA
3537,1,0.865532339,0.120738186,0.012589206,0.001140265,0,1,2015,4,State,All,HH Size,state,99,Bihar,NA,NA,NA,1,NA,NA
3538,1,0.829668343,0.154533923,0.014569036,0.001159348,6.93E-05,1,2015,4,State,All,HH Size,state,99,Bihar,NA,NA,NA,2 to 3,NA,NA
3539,1,0.777184725,0.191244498,0.026309816,0.005122517,0.000138441,1,2015,4,State,All,HH Size,state,99,Bihar,NA,NA,NA,4 to 6,NA,NA
3540,1,0.694132864,0.245863542,0.047256138,0.010763946,0.001983535,1,2015,4,State,All,HH Size,state,99,Bihar,NA,NA,NA,7+,NA,NA
3541,1,NA,NA,NA,NA,NA,0,2015,4,State,All,HH Size,state,99,Bihar,NA,NA,NA,NA,NA,NA
3709,1,0.873966396,0.115957186,0.008864898,0.001211504,0,1,2015,4,State,urban/rural,HH Size,statesector,0,Bihar,NA,NA,NA,1,NA,NA
3710,1,0.839256823,0.148378938,0.012118579,0.000173062,7.26E-05,1,2015,4,State,urban/rural,HH Size,statesector,0,Bihar,NA,NA,NA,2 to 3,NA,NA
3711,1,0.790294707,0.187705904,0.01966439,0.002335018,0,1,2015,4,State,urban/rural,HH Size,statesector,0,Bihar,NA,NA,NA,4 to 6,NA,NA
3712,1,0.711365581,0.23710838,0.041609503,0.0089779,0.000938619,1,2015,4,State,urban/rural,HH Size,statesector,0,Bihar,NA,NA,NA,7+,NA,NA
3713,1,NA,NA,NA,NA,NA,0,2015,4,State,urban/rural,HH Size,statesector,0,Bihar,NA,NA,NA,NA,NA,NA
3714,1,0.730536103,0.197263166,0.072200738,0,0,1,2015,4,State,urban/rural,HH Size,statesector,1,Bihar,NA,NA,NA,1,NA,NA
3715,1,0.626565456,0.28490898,0.066474661,0.02205088,0,1,2015,4,State,urban/rural,HH Size,statesector,1,Bihar,NA,NA,NA,2 to 3,NA,NA
3716,1,0.559471369,0.250009,0.136668459,0.051413693,0.002437497,1,2015,4,State,urban/rural,HH Size,statesector,1,Bihar,NA,NA,NA,4 to 6,NA,NA
3717,1,0.400622129,0.394982666,0.143430397,0.041184131,0.019780697,1,2015,4,State,urban/rural,HH Size,statesector,1,Bihar,NA,NA,NA,7+,NA,NA
3991,1,0.79272759,0.165759251,0.034873102,0.006163206,0.00047684,1,2015,4,State,All,Owns House,state,99,Bihar,NA,NA,NA,NA,0,NA
3992,1,0.730729103,0.225981101,0.03455681,0.007627575,0.001105419,1,2015,4,State,All,Owns House,state,99,Bihar,NA,NA,NA,NA,1,NA
3993,1,NA,NA,NA,NA,NA,0,2015,4,State,All,Owns House,state,99,Bihar,NA,NA,NA,NA,NA,NA
4088,1,0.811856389,0.160087869,0.025651112,0.002190598,0.000214036,1,2015,4,State,urban/rural,Owns House,statesector,0,Bihar,NA,NA,NA,NA,0,NA
4089,1,0.744282007,0.219509393,0.029729754,0.005987547,0.000491274,1,2015,4,State,urban/rural,Owns House,statesector,0,Bihar,NA,NA,NA,NA,1,NA
4090,1,NA,NA,NA,NA,NA,0,2015,4,State,urban/rural,Owns House,statesector,0,Bihar,NA,NA,NA,NA,NA,NA
4091,1,0.51368475,0.248491049,0.169399694,0.064113997,0.004310518,1,2015,4,State,urban/rural,Owns House,statesector,1,Bihar,NA,NA,NA,NA,0,NA
4092,1,0.486300558,0.342698991,0.121613249,0.037205625,0.012181583,1,2015,4,State,urban/rural,Owns House,statesector,1,Bihar,NA,NA,NA,NA,1,NA
4250,1,0.798746824,0.170996979,0.023917753,0.005373958,0.000964497,1,2015,4,State,All,Agri Land,state,99,Bihar,NA,NA,NA,NA,NA,0
4251,1,0.653867424,0.281885117,0.052753285,0.01053787,0.000956309,1,2015,4,State,All,Agri Land,state,99,Bihar,NA,NA,NA,NA,NA,1
4252,1,NA,NA,NA,NA,NA,0,2015,4,State,All,Agri Land,state,99,Bihar,NA,NA,NA,NA,NA,NA
4347,1,0.824044526,0.15852043,0.015280792,0.002068751,8.55E-05,1,2015,4,State,urban/rural,Agri Land,statesector,0,Bihar,NA,NA,NA,NA,NA,0
4348,1,0.657566965,0.281270653,0.05022255,0.009968356,0.000971467,1,2015,4,State,urban/rural,Agri Land,statesector,0,Bihar,NA,NA,NA,NA,NA,1
4349,1,NA,NA,NA,NA,NA,0,2015,4,State,urban/rural,Agri Land,statesector,0,Bihar,NA,NA,NA,NA,NA,NA
4350,1,0.502169609,0.317265272,0.125172913,0.044122454,0.011269777,1,2015,4,State,urban/rural,Agri Land,statesector,1,Bihar,NA,NA,NA,NA,NA,0
4351,1,0.420472115,0.320650339,0.212410569,0.046466984,0,1,2015,4,State,urban/rural,Agri Land,statesector,1,Bihar,NA,NA,NA,NA,NA,1
9,1,0.196276188,0.300400883,0.075594194,0.264324754,0.163403973,1,2019,5,State,All,All Households,state,99,Chandigarh,NA,NA,NA,NA,NA,NA
50,1,0,0,1,0,0,1,2019,5,State,urban/rural,All Households,statesector,0,Chandigarh,NA,NA,NA,NA,NA,NA
51,1,0.198913828,0.304437786,0.06317167,0.267876863,0.165599853,1,2019,5,State,urban/rural,All Households,statesector,1,Chandigarh,NA,NA,NA,NA,NA,NA
149,1,0.120038003,0.420133024,0.077041484,0.172041401,0.210746095,1,2019,5,State,All,Age,state,99,Chandigarh,15 to 29,NA,NA,NA,NA,NA
150,1,0.128781885,0.258190721,0.111011431,0.341127068,0.160888895,1,2019,5,State,All,Age,state,99,Chandigarh,30 to 45,NA,NA,NA,NA,NA
151,1,0.38781479,0.312014014,0,0.162055761,0.138115436,1,2019,5,State,All,Age,state,99,Chandigarh,46 to 64,NA,NA,NA,NA,NA
330,1,0,0,1,0,0,1,2019,5,State,urban/rural,Age,statesector,0,Chandigarh,15 to 29,NA,NA,NA,NA,NA
331,1,0.130057856,0.45520249,0,0.186402082,0.228337556,1,2019,5,State,urban/rural,Age,statesector,1,Chandigarh,15 to 29,NA,NA,NA,NA,NA
332,1,0.128781885,0.258190721,0.111011431,0.341127068,0.160888895,1,2019,5,State,urban/rural,Age,statesector,1,Chandigarh,30 to 45,NA,NA,NA,NA,NA
333,1,0.38781479,0.312014014,0,0.162055761,0.138115436,1,2019,5,State,urban/rural,Age,statesector,1,Chandigarh,46 to 64,NA,NA,NA,NA,NA
623,1,0.19373998,0.388360292,0.116904236,0.232967138,0.068028361,1,2019,5,State,All,Education,state,99,Chandigarh,NA,No education / Preschool,NA,NA,NA,NA
624,1,0.343414396,0.114471465,0,0.408132046,0.133982092,1,2019,5,State,All,Education,state,99,Chandigarh,NA,Primary,NA,NA,NA,NA
625,1,0,0.317927957,0.067632213,0.151029542,0.463410288,1,2019,5,State,All,Education,state,99,Chandigarh,NA,Secondary,NA,NA,NA,NA
803,1,0,0,1,0,0,1,2019,5,State,urban/rural,Education,statesector,0,Chandigarh,NA,Secondary,NA,NA,NA,NA
804,1,0.19373998,0.388360292,0.116904236,0.232967138,0.068028361,1,2019,5,State,urban/rural,Education,statesector,1,Chandigarh,NA,No education / Preschool,NA,NA,NA,NA
805,1,0.343414396,0.114471465,0,0.408132046,0.133982092,1,2019,5,State,urban/rural,Education,statesector,1,Chandigarh,NA,Primary,NA,NA,NA,NA
806,1,0,0.340989858,0,0.161984935,0.497025222,1,2019,5,State,urban/rural,Education,statesector,1,Chandigarh,NA,Secondary,NA,NA,NA,NA
1079,1,0.210119814,0.321588576,0.080925956,0.251268059,0.13609758,1,2019,5,State,All,Gender,state,99,Chandigarh,NA,NA,1,NA,NA,NA
1080,1,0,0,0,0.449443609,0.550556362,1,2019,5,State,All,Gender,state,99,Chandigarh,NA,NA,2,NA,NA,NA
1180,1,0,0,1,0,0,1,2019,5,State,urban/rural,Gender,statesector,0,Chandigarh,NA,NA,1,NA,NA,NA
1181,1,0.213145524,0.32621941,0.067691416,0.254886299,0.138057366,1,2019,5,State,urban/rural,Gender,statesector,1,Chandigarh,NA,NA,1,NA,NA,NA
1182,1,0,0,0,0.449443609,0.550556362,1,2019,5,State,urban/rural,Gender,statesector,1,Chandigarh,NA,NA,2,NA,NA,NA
1354,1,0.145224452,0.435673356,0,0.419102192,0,1,2019,5,State,All,HH Size,state,99,Chandigarh,NA,NA,NA,2 to 3,NA,NA
1355,1,0,0.317918748,0.154743969,0.192843646,0.334493637,1,2019,5,State,All,HH Size,state,99,Chandigarh,NA,NA,NA,4 to 6,NA,NA
1356,1,0.475637317,0.225100636,0,0.299262077,0,1,2019,5,State,All,HH Size,state,99,Chandigarh,NA,NA,NA,7+,NA,NA
1514,1,0,0,1,0,0,1,2019,5,State,urban/rural,HH Size,statesector,0,Chandigarh,NA,NA,NA,4 to 6,NA,NA
1515,1,0.145224452,0.435673356,0,0.419102192,0,1,2019,5,State,urban/rural,HH Size,statesector,1,Chandigarh,NA,NA,NA,2 to 3,NA,NA
1516,1,0,0.326789111,0.13116011,0.198224261,0.343826503,1,2019,5,State,urban/rural,HH Size,statesector,1,Chandigarh,NA,NA,NA,4 to 6,NA,NA
1517,1,0.475637317,0.225100636,0,0.299262077,0,1,2019,5,State,urban/rural,HH Size,statesector,1,Chandigarh,NA,NA,NA,7+,NA,NA
1764,1,0.278137028,0.249524608,0.088331617,0.332605243,0.051401522,1,2019,5,State,All,Owns House,state,99,Chandigarh,NA,NA,NA,NA,0,NA
1765,1,0,0.42238602,0.045053914,0.100609928,0.431950152,1,2019,5,State,All,Owns House,state,99,Chandigarh,NA,NA,NA,NA,1,NA
1845,1,0,0,1,0,0,1,2019,5,State,urban/rural,Owns House,statesector,0,Chandigarh,NA,NA,NA,NA,1,NA
1846,1,0.278137028,0.249524608,0.088331617,0.332605243,0.051401522,1,2019,5,State,urban/rural,Owns House,statesector,1,Chandigarh,NA,NA,NA,NA,0,NA
1847,1,0,0.442313969,0,0.105356656,0.452329367,1,2019,5,State,urban/rural,Owns House,statesector,1,Chandigarh,NA,NA,NA,NA,1,NA
1983,1,0.213585436,0.293168694,0.067831129,0.287635088,0.137779638,1,2019,5,State,All,Agri Land,state,99,Chandigarh,NA,NA,NA,NA,NA,0
1984,1,0,0.382409453,0.163622573,0,0.453967959,1,2019,5,State,All,Agri Land,state,99,Chandigarh,NA,NA,NA,NA,NA,1
2063,1,0,0,1,0,0,1,2019,5,State,urban/rural,Agri Land,statesector,0,Chandigarh,NA,NA,NA,NA,NA,1
2064,1,0.213585436,0.293168694,0.067831129,0.287635088,0.137779638,1,2019,5,State,urban/rural,Agri Land,statesector,1,Chandigarh,NA,NA,NA,NA,NA,0
2065,1,0,0.45722115,0,0,0.54277885,1,2019,5,State,urban/rural,Agri Land,statesector,1,Chandigarh,NA,NA,NA,NA,NA,1
2189,1,0.172380537,0.253595591,0.2800363,0.248199195,0.04578837,1,2015,4,State,All,All Households,state,99,Chandigarh,NA,NA,NA,NA,NA,NA
2229,1,0.041666668,0.416666657,0.458333343,0.083333336,0,1,2015,4,State,urban/rural,All Households,statesector,0,Chandigarh,NA,NA,NA,NA,NA,NA
2230,1,0.206306621,0.211271361,0.233760267,0.29098925,0.057672501,1,2015,4,State,urban/rural,All Households,statesector,1,Chandigarh,NA,NA,NA,NA,NA,NA
2327,1,0.184625089,0.193679407,0.280306637,0.341388851,0,1,2015,4,State,All,Age,state,99,Chandigarh,15 to 29,NA,NA,NA,NA,NA
2328,1,0.208271116,0.248361707,0.325974822,0.21739234,0,1,2015,4,State,All,Age,state,99,Chandigarh,30 to 45,NA,NA,NA,NA,NA
2329,1,0,0.428599924,0.099104427,0.128814563,0.343481094,1,2015,4,State,All,Age,state,99,Chandigarh,46 to 64,NA,NA,NA,NA,NA
2502,1,0,0,1,0,0,1,2015,4,State,urban/rural,Age,statesector,0,Chandigarh,15 to 29,NA,NA,NA,NA,NA
2503,1,0.055555556,0.555555582,0.388888896,0,0,1,2015,4,State,urban/rural,Age,statesector,0,Chandigarh,30 to 45,NA,NA,NA,NA,NA
2504,1,0,0,0,1,0,1,2015,4,State,urban/rural,Age,statesector,0,Chandigarh,46 to 64,NA,NA,NA,NA,NA
2505,1,0.205123022,0.215182602,0.200402945,0.379291445,0,1,2015,4,State,urban/rural,Age,statesector,1,Chandigarh,15 to 29,NA,NA,NA,NA,NA
2506,1,0.272324592,0.119515389,0.299586803,0.308573216,0,1,2015,4,State,urban/rural,Age,statesector,1,Chandigarh,30 to 45,NA,NA,NA,NA,NA
2507,1,0,0.491973251,0.113758132,0,0.394268632,1,2015,4,State,urban/rural,Age,statesector,1,Chandigarh,46 to 64,NA,NA,NA,NA,NA
2797,1,0.056321111,0.170276448,0.396452457,0.277532756,0.099417239,1,2015,4,State,All,Education,state,99,Chandigarh,NA,No education / Preschool,NA,NA,NA,NA
2798,1,0.271785259,0.32267952,0.19592528,0.209609926,0,1,2015,4,State,All,Education,state,99,Chandigarh,NA,Primary,NA,NA,NA,NA
2799,1,0.270938307,0.328235626,0.154579088,0.246246964,0,1,2015,4,State,All,Education,state,99,Chandigarh,NA,Secondary,NA,NA,NA,NA
2983,1,0.050000001,0.300000012,0.550000012,0.100000001,0,1,2015,4,State,urban/rural,Education,statesector,0,Chandigarh,NA,No education / Preschool,NA,NA,NA,NA
2984,1,0,1,0,0,0,1,2015,4,State,urban/rural,Education,statesector,0,Chandigarh,NA,Primary,NA,NA,NA,NA
2985,1,0.06007896,0.093156792,0.305169582,0.383074611,0.158520043,1,2015,4,State,urban/rural,Education,statesector,1,Chandigarh,NA,No education / Preschool,NA,NA,NA,NA
2986,1,0.302322119,0.246578142,0.217938766,0.233160973,0,1,2015,4,State,urban/rural,Education,statesector,1,Chandigarh,NA,Primary,NA,NA,NA,NA
2987,1,0.270938307,0.328235626,0.154579088,0.246246964,0,1,2015,4,State,urban/rural,Education,statesector,1,Chandigarh,NA,Secondary,NA,NA,NA,NA
3267,1,0.183051497,0.240720093,0.26404199,0.263563603,0.048622835,1,2015,4,State,All,Gender,state,99,Chandigarh,NA,NA,1,NA,NA,NA
3268,1,0,0.461588621,0.538411379,0,0,1,2015,4,State,All,Gender,state,99,Chandigarh,NA,NA,2,NA,NA,NA
3367,1,0.041666668,0.416666657,0.458333343,0.083333336,0,1,2015,4,State,urban/rural,Gender,statesector,0,Chandigarh,NA,NA,1,NA,NA,NA
3368,1,0.222655073,0.191435352,0.209618643,0.31404826,0.062242672,1,2015,4,State,urban/rural,Gender,statesector,1,Chandigarh,NA,NA,1,NA,NA,NA
3369,1,0,0.461588621,0.538411379,0,0,1,2015,4,State,urban/rural,Gender,statesector,1,Chandigarh,NA,NA,2,NA,NA,NA
3542,1,1,0,0,0,0,1,2015,4,State,All,HH Size,state,99,Chandigarh,NA,NA,NA,1,NA,NA
3543,1,0,0.275560915,0.411799043,0.312640041,0,1,2015,4,State,All,HH Size,state,99,Chandigarh,NA,NA,NA,2 to 3,NA,NA
3544,1,0.163574517,0.331064999,0.24020727,0.184103414,0.0810498,1,2015,4,State,All,HH Size,state,99,Chandigarh,NA,NA,NA,4 to 6,NA,NA
3545,1,0.193360329,0.110318333,0.32540369,0.370917648,0,1,2015,4,State,All,HH Size,state,99,Chandigarh,NA,NA,NA,7+,NA,NA
3718,1,1,0,0,0,0,1,2015,4,State,urban/rural,HH Size,statesector,0,Chandigarh,NA,NA,NA,1,NA,NA
3719,1,0,0,0,1,0,1,2015,4,State,urban/rural,HH Size,statesector,0,Chandigarh,NA,NA,NA,2 to 3,NA,NA
3720,1,0,0.714285731,0.285714298,0,0,1,2015,4,State,urban/rural,HH Size,statesector,0,Chandigarh,NA,NA,NA,4 to 6,NA,NA
3721,1,0,0,1,0,0,1,2015,4,State,urban/rural,HH Size,statesector,0,Chandigarh,NA,NA,NA,7+,NA,NA
3722,1,1,0,0,0,0,1,2015,4,State,urban/rural,HH Size,statesector,1,Chandigarh,NA,NA,NA,1,NA,NA
3723,1,0,0.317616075,0.474646419,0.207737491,0,1,2015,4,State,urban/rural,HH Size,statesector,1,Chandigarh,NA,NA,NA,2 to 3,NA,NA
3724,1,0.207785144,0.227488786,0.227907717,0.233862564,0.102955796,1,2015,4,State,urban/rural,HH Size,statesector,1,Chandigarh,NA,NA,NA,4 to 6,NA,NA
3725,1,0.246345684,0.140548199,0.140548199,0.472557932,0,1,2015,4,State,urban/rural,HH Size,statesector,1,Chandigarh,NA,NA,NA,7+,NA,NA
3994,1,0.155691147,0.204873189,0.439289182,0.200146481,0,1,2015,4,State,All,Owns House,state,99,Chandigarh,NA,NA,NA,NA,0,NA
3995,1,0.183926776,0.287303269,0.169860199,0.281443566,0.077466197,1,2015,4,State,All,Owns House,state,99,Chandigarh,NA,NA,NA,NA,1,NA
4093,1,0,0.363636374,0.636363626,0,0,1,2015,4,State,urban/rural,Owns House,statesector,0,Chandigarh,NA,NA,NA,NA,0,NA
4094,1,0.07692308,0.461538464,0.307692319,0.15384616,0,1,2015,4,State,urban/rural,Owns House,statesector,0,Chandigarh,NA,NA,NA,NA,1,NA
4095,1,0.202448711,0.15719302,0.38010326,0.260255009,0,1,2015,4,State,urban/rural,Owns House,statesector,1,Chandigarh,NA,NA,NA,NA,0,NA
4096,1,0.208837047,0.246741623,0.137773126,0.311148018,0.095500194,1,2015,4,State,urban/rural,Owns House,statesector,1,Chandigarh,NA,NA,NA,NA,1,NA
4253,1,0.179396212,0.253634691,0.24497892,0.271840423,0.050149761,1,2015,4,State,All,Agri Land,state,99,Chandigarh,NA,NA,NA,NA,NA,0
4254,1,0.098725952,0.253185123,0.648088932,0,0,1,2015,4,State,All,Agri Land,state,99,Chandigarh,NA,NA,NA,NA,NA,1
4352,1,0,0.526315808,0.368421048,0.105263159,0,1,2015,4,State,urban/rural,Agri Land,statesector,0,Chandigarh,NA,NA,NA,NA,NA,0
4353,1,0.200000003,0,0.800000012,0,0,1,2015,4,State,urban/rural,Agri Land,statesector,0,Chandigarh,NA,NA,NA,NA,NA,1
4354,1,0.218421921,0.194315851,0.218125418,0.308077514,0.0610593,1,2015,4,State,urban/rural,Agri Land,statesector,1,Chandigarh,NA,NA,NA,NA,NA,0
4355,1,0,0.5,0.5,0,0,1,2015,4,State,urban/rural,Agri Land,statesector,1,Chandigarh,NA,NA,NA,NA,NA,1
10,1,0.722138166,0.186499447,0.060478661,0.024482442,0.006401253,1,2019,5,State,All,All Households,state,99,Chhattisgarh,NA,NA,NA,NA,NA,NA
52,1,0.741302133,0.188348264,0.053336851,0.013564069,0.003448713,1,2019,5,State,urban/rural,All Households,statesector,0,Chhattisgarh,NA,NA,NA,NA,NA,NA
53,1,0.436499834,0.158942878,0.166927442,0.187220946,0.0504089,1,2019,5,State,urban/rural,All Households,statesector,1,Chhattisgarh,NA,NA,NA,NA,NA,NA
152,1,0.749877155,0.1783939,0.067078598,0.004650326,0,1,2019,5,State,All,Age,state,99,Chhattisgarh,15 to 29,NA,NA,NA,NA,NA
153,1,0.760871708,0.171630651,0.044513676,0.02054766,0.002436293,1,2019,5,State,All,Age,state,99,Chhattisgarh,30 to 45,NA,NA,NA,NA,NA
154,1,0.688175261,0.195442602,0.077122174,0.032679614,0.006580377,1,2019,5,State,All,Age,state,99,Chhattisgarh,46 to 64,NA,NA,NA,NA,NA
155,1,0.681994677,0.210147858,0.057799224,0.028948661,0.021109562,1,2019,5,State,All,Age,state,99,Chhattisgarh,65+,NA,NA,NA,NA,NA
156,1,NA,NA,NA,NA,NA,0,2019,5,State,All,Age,state,99,Chhattisgarh,NA,NA,NA,NA,NA,NA
334,1,0.762122333,0.185129702,0.052747957,0,0,1,2019,5,State,urban/rural,Age,statesector,0,Chhattisgarh,15 to 29,NA,NA,NA,NA,NA
335,1,0.779660642,0.1695517,0.037683051,0.013104592,0,1,2019,5,State,urban/rural,Age,statesector,0,Chhattisgarh,30 to 45,NA,NA,NA,NA,NA
336,1,0.711704552,0.199728936,0.069783211,0.015744053,0.003039262,1,2019,5,State,urban/rural,Age,statesector,0,Chhattisgarh,46 to 64,NA,NA,NA,NA,NA
337,1,0.69688046,0.21308136,0.055359866,0.018608034,0.016070269,1,2019,5,State,urban/rural,Age,statesector,0,Chhattisgarh,65+,NA,NA,NA,NA,NA
338,1,NA,NA,NA,NA,NA,0,2019,5,State,urban/rural,Age,statesector,0,Chhattisgarh,NA,NA,NA,NA,NA,NA
339,1,0.642010212,0.119058691,0.19331634,0.045614764,0,1,2019,5,State,urban/rural,Age,statesector,1,Chhattisgarh,15 to 29,NA,NA,NA,NA,NA
340,1,0.454945445,0.20548065,0.155731663,0.141737595,0.042104639,1,2019,5,State,urban/rural,Age,statesector,1,Chhattisgarh,30 to 45,NA,NA,NA,NA,NA
341,1,0.302401066,0.125166014,0.19744806,0.310346216,0.064638637,1,2019,5,State,urban/rural,Age,statesector,1,Chhattisgarh,46 to 64,NA,NA,NA,NA,NA
342,1,0.456360966,0.165682942,0.094774224,0.185688406,0.09749347,1,2019,5,State,urban/rural,Age,statesector,1,Chhattisgarh,65+,NA,NA,NA,NA,NA
626,1,0.803307831,0.135154977,0.037785821,0.022281002,0.001470362,1,2019,5,State,All,Education,state,99,Chhattisgarh,NA,No education / Preschool,NA,NA,NA,NA
627,1,0.679765463,0.214500785,0.073976211,0.019251285,0.012506232,1,2019,5,State,All,Education,state,99,Chhattisgarh,NA,Primary,NA,NA,NA,NA
628,1,0.627964914,0.257177502,0.07784947,0.033550035,0.00345807,1,2019,5,State,All,Education,state,99,Chhattisgarh,NA,Secondary,NA,NA,NA,NA
629,1,0.266575783,0.24201037,0.31297335,0.072232731,0.106207781,1,2019,5,State,All,Education,state,99,Chhattisgarh,NA,Higher,NA,NA,NA,NA
630,1,0.47482875,0.52517128,0,0,0,1,2019,5,State,All,Education,state,99,Chhattisgarh,NA,NA,NA,NA,NA,NA
807,1,0.826104701,0.13455534,0.032903448,0.005204691,0.001231851,1,2019,5,State,urban/rural,Education,statesector,0,Chhattisgarh,NA,No education / Preschool,NA,NA,NA,NA
808,1,0.691825509,0.217933148,0.066137612,0.01423,0.009873698,1,2019,5,State,urban/rural,Education,statesector,0,Chhattisgarh,NA,Primary,NA,NA,NA,NA
809,1,0.644095004,0.262069792,0.064689726,0.029145457,0,1,2019,5,State,urban/rural,Education,statesector,0,Chhattisgarh,NA,Secondary,NA,NA,NA,NA
810,1,0.318321884,0.244707093,0.390938252,0.046032779,0,1,2019,5,State,urban/rural,Education,statesector,0,Chhattisgarh,NA,Higher,NA,NA,NA,NA
811,1,0.47482875,0.52517128,0,0,0,1,2019,5,State,urban/rural,Education,statesector,0,Chhattisgarh,NA,NA,NA,NA,NA,NA
812,1,0.458833188,0.144215837,0.111561619,0.280314952,0.005074413,1,2019,5,State,urban/rural,Education,statesector,1,Chhattisgarh,NA,No education / Preschool,NA,NA,NA,NA
813,1,0.509116352,0.165932819,0.184892103,0.090302259,0.049756475,1,2019,5,State,urban/rural,Education,statesector,1,Chhattisgarh,NA,Primary,NA,NA,NA,NA
814,1,0.339441687,0.169668123,0.313241005,0.112335786,0.065313391,1,2019,5,State,urban/rural,Education,statesector,1,Chhattisgarh,NA,Secondary,NA,NA,NA,NA
815,1,0.058852214,0.231184959,0,0.177406788,0.532556057,1,2019,5,State,urban/rural,Education,statesector,1,Chhattisgarh,NA,Higher,NA,NA,NA,NA
1081,1,0.725369811,0.188406736,0.060455579,0.01947321,0.006294681,1,2019,5,State,All,Gender,state,99,Chhattisgarh,NA,NA,1,NA,NA,NA
1082,1,0.703478873,0.175486684,0.06061193,0.053405929,0.007016605,1,2019,5,State,All,Gender,state,99,Chhattisgarh,NA,NA,2,NA,NA,NA
1083,1,NA,NA,NA,NA,NA,0,2019,5,State,All,Gender,state,99,Chhattisgarh,NA,NA,NA,NA,NA,NA
1183,1,0.736349404,0.192184865,0.054609828,0.013651814,0.003204119,1,2019,5,State,urban/rural,Gender,statesector,0,Chhattisgarh,NA,NA,1,NA,NA,NA
1184,1,0.772890031,0.163878873,0.045217969,0.013004437,0.005008707,1,2019,5,State,urban/rural,Gender,statesector,0,Chhattisgarh,NA,NA,2,NA,NA,NA
1185,1,NA,NA,NA,NA,NA,0,2019,5,State,urban/rural,Gender,statesector,0,Chhattisgarh,NA,NA,NA,NA,NA,NA
1186,1,0.514941514,0.115997396,0.172491848,0.131042659,0.065526575,1,2019,5,State,urban/rural,Gender,statesector,1,Chhattisgarh,NA,NA,1,NA,NA,NA
1187,1,0.275575757,0.247046039,0.155512005,0.302471399,0.019394813,1,2019,5,State,urban/rural,Gender,statesector,1,Chhattisgarh,NA,NA,2,NA,NA,NA
1357,1,0.897857606,0.088262714,0.013879661,0,0,1,2019,5,State,All,HH Size,state,99,Chhattisgarh,NA,NA,NA,1,NA,NA
1358,1,0.854616463,0.11768274,0.023249997,0.004450825,0,1,2019,5,State,All,HH Size,state,99,Chhattisgarh,NA,NA,NA,2 to 3,NA,NA
1359,1,0.730872989,0.192753419,0.050292123,0.021481952,0.004599543,1,2019,5,State,All,HH Size,state,99,Chhattisgarh,NA,NA,NA,4 to 6,NA,NA
1360,1,0.562031686,0.245718315,0.122947589,0.052275296,0.017027106,1,2019,5,State,All,HH Size,state,99,Chhattisgarh,NA,NA,NA,7+,NA,NA
1518,1,0.912449658,0.083574437,0.003975902,0,0,1,2019,5,State,urban/rural,HH Size,statesector,0,Chhattisgarh,NA,NA,NA,1,NA,NA
1519,1,0.871526062,0.109957524,0.014423344,0.004093042,0,1,2019,5,State,urban/rural,HH Size,statesector,0,Chhattisgarh,NA,NA,NA,2 to 3,NA,NA
1520,1,0.747552872,0.197013587,0.043973733,0.011014231,0.000445597,1,2019,5,State,urban/rural,HH Size,statesector,0,Chhattisgarh,NA,NA,NA,4 to 6,NA,NA
1521,1,0.589713812,0.250953406,0.115811527,0.02961095,0.013910288,1,2019,5,State,urban/rural,HH Size,statesector,0,Chhattisgarh,NA,NA,NA,7+,NA,NA
1522,1,0.782078326,0.125461459,0.092460185,0,0,1,2019,5,State,urban/rural,HH Size,statesector,1,Chhattisgarh,NA,NA,NA,1,NA,NA
1523,1,0.57754159,0.24426505,0.167880043,0.01031331,0,1,2019,5,State,urban/rural,HH Size,statesector,1,Chhattisgarh,NA,NA,NA,2 to 3,NA,NA
1524,1,0.472547293,0.126775146,0.148146629,0.183598191,0.068932742,1,2019,5,State,urban/rural,HH Size,statesector,1,Chhattisgarh,NA,NA,NA,4 to 6,NA,NA
1525,1,0.16771473,0.171147078,0.224596918,0.375116736,0.06142452,1,2019,5,State,urban/rural,HH Size,statesector,1,Chhattisgarh,NA,NA,NA,7+,NA,NA
1766,1,0.737702966,0.203380108,0.041337404,0.009991703,0.007587839,1,2019,5,State,All,Owns House,state,99,Chhattisgarh,NA,NA,NA,NA,0,NA
1767,1,0.713554621,0.177190214,0.071034558,0.032473698,0.005746882,1,2019,5,State,All,Owns House,state,99,Chhattisgarh,NA,NA,NA,NA,1,NA
1848,1,0.750131547,0.203118637,0.034047663,0.006513223,0.006188932,1,2019,5,State,urban/rural,Owns House,statesector,0,Chhattisgarh,NA,NA,NA,NA,0,NA
1849,1,0.736494184,0.180305272,0.063840494,0.017403502,0.001956568,1,2019,5,State,urban/rural,Owns House,statesector,0,Chhattisgarh,NA,NA,NA,NA,1,NA
1850,1,0.573856294,0.206826985,0.137438387,0.055848658,0.026029697,1,2019,5,State,urban/rural,Owns House,statesector,1,Chhattisgarh,NA,NA,NA,NA,0,NA
1851,1,0.345459193,0.127205014,0.186472967,0.27429527,0.066567577,1,2019,5,State,urban/rural,Owns House,statesector,1,Chhattisgarh,NA,NA,NA,NA,1,NA
1985,1,0.703603923,0.186628714,0.061460398,0.040217306,0.008089628,1,2019,5,State,All,Agri Land,state,99,Chhattisgarh,NA,NA,NA,NA,NA,0
1986,1,0.735863388,0.186403722,0.059751656,0.012830305,0.005150961,1,2019,5,State,All,Agri Land,state,99,Chhattisgarh,NA,NA,NA,NA,NA,1
2066,1,0.745484054,0.189212576,0.048270866,0.014554137,0.002478387,1,2019,5,State,urban/rural,Agri Land,statesector,0,Chhattisgarh,NA,NA,NA,NA,NA,0
2067,1,0.738539875,0.18777737,0.056682993,0.012910117,0.004089625,1,2019,5,State,urban/rural,Agri Land,statesector,0,Chhattisgarh,NA,NA,NA,NA,NA,1
2068,1,0.407346219,0.168350697,0.154762492,0.221757323,0.04778327,1,2019,5,State,urban/rural,Agri Land,statesector,1,Chhattisgarh,NA,NA,NA,NA,NA,0
2069,1,0.587446213,0.110232711,0.229913041,0.0084046,0.064003408,1,2019,5,State,urban/rural,Agri Land,statesector,1,Chhattisgarh,NA,NA,NA,NA,NA,1
2190,1,0.57633245,0.305540144,0.091169812,0.020920996,0.006036575,1,2015,4,State,All,All Households,state,99,Chhattisgarh,NA,NA,NA,NA,NA,NA
2231,1,0.602178216,0.301671356,0.080234587,0.01423299,0.001682815,1,2015,4,State,urban/rural,All Households,statesector,0,Chhattisgarh,NA,NA,NA,NA,NA,NA
2232,1,0.25097692,0.354241699,0.22882624,0.105111919,0.060843203,1,2015,4,State,urban/rural,All Households,statesector,1,Chhattisgarh,NA,NA,NA,NA,NA,NA
2330,1,0.602059722,0.308272034,0.073269114,0.01449394,0.001905186,1,2015,4,State,All,Age,state,99,Chhattisgarh,15 to 29,NA,NA,NA,NA,NA
2331,1,0.623381674,0.279395759,0.070627742,0.017583573,0.009011279,1,2015,4,State,All,Age,state,99,Chhattisgarh,30 to 45,NA,NA,NA,NA,NA
2332,1,0.518911183,0.329851657,0.119489752,0.026375562,0.005371836,1,2015,4,State,All,Age,state,99,Chhattisgarh,46 to 64,NA,NA,NA,NA,NA
2333,1,0.585000634,0.307435513,0.083871312,0.020657692,0.003034875,1,2015,4,State,All,Age,state,99,Chhattisgarh,65+,NA,NA,NA,NA,NA
2508,1,0.636507094,0.297613442,0.055510823,0.008279922,0.002088693,1,2015,4,State,urban/rural,Age,statesector,0,Chhattisgarh,15 to 29,NA,NA,NA,NA,NA
2509,1,0.663029015,0.270834804,0.056762233,0.007862839,0.001511121,1,2015,4,State,urban/rural,Age,statesector,0,Chhattisgarh,30 to 45,NA,NA,NA,NA,NA
2510,1,0.533144116,0.333713919,0.109972686,0.021690935,0.001478343,1,2015,4,State,urban/rural,Age,statesector,0,Chhattisgarh,46 to 64,NA,NA,NA,NA,NA
2511,1,0.603840113,0.29684183,0.081159599,0.015698567,0.002459881,1,2015,4,State,urban/rural,Age,statesector,0,Chhattisgarh,65+,NA,NA,NA,NA,NA
2512,1,0.244424552,0.418930233,0.257636905,0.079008304,0,1,2015,4,State,urban/rural,Age,statesector,1,Chhattisgarh,15 to 29,NA,NA,NA,NA,NA
2513,1,0.229061082,0.364540398,0.20852986,0.114263065,0.083605587,1,2015,4,State,urban/rural,Age,statesector,1,Chhattisgarh,30 to 45,NA,NA,NA,NA,NA
2514,1,0.27979815,0.264965147,0.279376715,0.105077393,0.070782602,1,2015,4,State,urban/rural,Age,statesector,1,Chhattisgarh,46 to 64,NA,NA,NA,NA,NA
2515,1,0.280925572,0.478420615,0.127639085,0.100699298,0.012315422,1,2015,4,State,urban/rural,Age,statesector,1,Chhattisgarh,65+,NA,NA,NA,NA,NA
2800,1,0.695422947,0.2429315,0.050050061,0.009483445,0.002112065,1,2015,4,State,All,Education,state,99,Chhattisgarh,NA,No education / Preschool,NA,NA,NA,NA
2801,1,0.538864076,0.334908634,0.102857277,0.018607484,0.004762558,1,2015,4,State,All,Education,state,99,Chhattisgarh,NA,Primary,NA,NA,NA,NA
2802,1,0.425111532,0.382895917,0.148454025,0.031799842,0.011738674,1,2015,4,State,All,Education,state,99,Chhattisgarh,NA,Secondary,NA,NA,NA,NA
2803,1,0.152835786,0.344905645,0.185222477,0.254114538,0.062921554,1,2015,4,State,All,Education,state,99,Chhattisgarh,NA,Higher,NA,NA,NA,NA
2804,1,0.516377449,0.399312288,0.084310293,0,0,1,2015,4,State,All,Education,state,99,Chhattisgarh,NA,NA,NA,NA,NA,NA
2988,1,0.714927375,0.236327603,0.041606881,0.006485759,0.000652377,1,2015,4,State,urban/rural,Education,statesector,0,Chhattisgarh,NA,No education / Preschool,NA,NA,NA,NA
2989,1,0.569933057,0.3319287,0.086990565,0.011147683,0,1,2015,4,State,urban/rural,Education,statesector,0,Chhattisgarh,NA,Primary,NA,NA,NA,NA
2990,1,0.448301554,0.384962142,0.140212685,0.022493828,0.004029803,1,2015,4,State,urban/rural,Education,statesector,0,Chhattisgarh,NA,Secondary,NA,NA,NA,NA
2991,1,0.188135877,0.364036947,0.193674579,0.218720198,0.035432387,1,2015,4,State,urban/rural,Education,statesector,0,Chhattisgarh,NA,Higher,NA,NA,NA,NA
2992,1,0.516377449,0.399312288,0.084310293,0,0,1,2015,4,State,urban/rural,Education,statesector,0,Chhattisgarh,NA,NA,NA,NA,NA,NA
2993,1,0.385349095,0.347917676,0.184276253,0.057139408,0.02531758,1,2015,4,State,urban/rural,Education,statesector,1,Chhattisgarh,NA,No education / Preschool,NA,NA,NA,NA
2994,1,0.206995219,0.366739392,0.272340178,0.098290615,0.055634614,1,2015,4,State,urban/rural,Education,statesector,1,Chhattisgarh,NA,Primary,NA,NA,NA,NA
2995,1,0.157818317,0.359080404,0.243445531,0.139062956,0.100592777,1,2015,4,State,urban/rural,Education,statesector,1,Chhattisgarh,NA,Secondary,NA,NA,NA,NA
2996,1,0,0.2620745,0.148628131,0.407358319,0.181939036,1,2015,4,State,urban/rural,Education,statesector,1,Chhattisgarh,NA,Higher,NA,NA,NA,NA
3269,1,0.572048306,0.30844149,0.092216276,0.020790482,0.006503433,1,2015,4,State,All,Gender,state,99,Chhattisgarh,NA,NA,1,NA,NA,NA
3270,1,0.610863328,0.282154948,0.082735144,0.021972958,0.00227362,1,2015,4,State,All,Gender,state,99,Chhattisgarh,NA,NA,2,NA,NA,NA
3370,1,0.596893251,0.305026352,0.081384867,0.014810519,0.001885042,1,2015,4,State,urban/rural,Gender,statesector,0,Chhattisgarh,NA,NA,1,NA,NA,NA
3371,1,0.646157205,0.273753136,0.070662566,0.009427112,0,1,2015,4,State,urban/rural,Gender,statesector,0,Chhattisgarh,NA,NA,2,NA,NA,NA
3372,1,0.243835598,0.35355705,0.235304236,0.099788569,0.067514539,1,2015,4,State,urban/rural,Gender,statesector,1,Chhattisgarh,NA,NA,1,NA,NA,NA
3373,1,0.291661203,0.358142167,0.191920996,0.135439113,0.022836514,1,2015,4,State,urban/rural,Gender,statesector,1,Chhattisgarh,NA,NA,2,NA,NA,NA
3546,1,0.876137435,0.117273591,0.006588985,0,0,1,2015,4,State,All,HH Size,state,99,Chhattisgarh,NA,NA,NA,1,NA,NA
3547,1,0.714375079,0.237660438,0.034158111,0.012288899,0.001517484,1,2015,4,State,All,HH Size,state,99,Chhattisgarh,NA,NA,NA,2 to 3,NA,NA
3548,1,0.599418223,0.30450508,0.077643156,0.015063681,0.003369868,1,2015,4,State,All,HH Size,state,99,Chhattisgarh,NA,NA,NA,4 to 6,NA,NA
3549,1,0.455444634,0.349549562,0.145799115,0.036148429,0.01305824,1,2015,4,State,All,HH Size,state,99,Chhattisgarh,NA,NA,NA,7+,NA,NA
3726,1,0.894976497,0.103717916,0.001305571,0,0,1,2015,4,State,urban/rural,HH Size,statesector,0,Chhattisgarh,NA,NA,NA,1,NA,NA
3727,1,0.743491471,0.22521086,0.025104214,0.0059243,0.000269151,1,2015,4,State,urban/rural,HH Size,statesector,0,Chhattisgarh,NA,NA,NA,2 to 3,NA,NA
3728,1,0.629582703,0.298548132,0.064563446,0.007079549,0.000226174,1,2015,4,State,urban/rural,HH Size,statesector,0,Chhattisgarh,NA,NA,NA,4 to 6,NA,NA
3729,1,0.475759029,0.352427095,0.136105359,0.030836046,0.004872466,1,2015,4,State,urban/rural,HH Size,statesector,0,Chhattisgarh,NA,NA,NA,7+,NA,NA
3730,1,0.713194311,0.234519392,0.052286301,0,0,1,2015,4,State,urban/rural,HH Size,statesector,1,Chhattisgarh,NA,NA,NA,1,NA,NA
3731,1,0.393494636,0.374862313,0.133937538,0.082430638,0.015274878,1,2015,4,State,urban/rural,HH Size,statesector,1,Chhattisgarh,NA,NA,NA,2 to 3,NA,NA
3732,1,0.237950057,0.375888675,0.234380409,0.110739373,0.041041479,1,2015,4,State,urban/rural,HH Size,statesector,1,Chhattisgarh,NA,NA,NA,4 to 6,NA,NA
3733,1,0.145803988,0.305688888,0.293555677,0.117122069,0.137829378,1,2015,4,State,urban/rural,HH Size,statesector,1,Chhattisgarh,NA,NA,NA,7+,NA,NA
3996,1,0.616179466,0.259308398,0.095045909,0.020405136,0.00906106,1,2015,4,State,All,Owns House,state,99,Chhattisgarh,NA,NA,NA,NA,0,NA
3997,1,0.572632313,0.309833169,0.090809882,0.020968899,0.005755724,1,2015,4,State,All,Owns House,state,99,Chhattisgarh,NA,NA,NA,NA,1,NA
4097,1,0.651903331,0.269002587,0.072730325,0.006363753,0,1,2015,4,State,urban/rural,Owns House,statesector,0,Chhattisgarh,NA,NA,NA,NA,0,NA
4098,1,0.597978055,0.304430813,0.080868453,0.014897686,0.001824959,1,2015,4,State,urban/rural,Owns House,statesector,0,Chhattisgarh,NA,NA,NA,NA,1,NA
4099,1,0.414989352,0.204712614,0.220723137,0.099483617,0.060091279,1,2015,4,State,urban/rural,Owns House,statesector,1,Chhattisgarh,NA,NA,NA,NA,0,NA
4100,1,0.216403529,0.385762066,0.23053436,0.106298357,0.061001707,1,2015,4,State,urban/rural,Owns House,statesector,1,Chhattisgarh,NA,NA,NA,NA,1,NA
4255,1,0.582076252,0.311885148,0.076370388,0.020511163,0.009157043,1,2015,4,State,All,Agri Land,state,99,Chhattisgarh,NA,NA,NA,NA,NA,0
4256,1,0.572998822,0.30185762,0.099759184,0.021158857,0.004225501,1,2015,4,State,All,Agri Land,state,99,Chhattisgarh,NA,NA,NA,NA,NA,1
4356,1,0.644434214,0.305567741,0.044542704,0.005455338,0,1,2015,4,State,urban/rural,Agri Land,statesector,0,Chhattisgarh,NA,NA,NA,NA,NA,0
4357,1,0.581077635,0.299725711,0.098057404,0.018616131,0.002523133,1,2015,4,State,urban/rural,Agri Land,statesector,0,Chhattisgarh,NA,NA,NA,NA,NA,1
4358,1,0.25435394,0.345086217,0.243640855,0.099637091,0.057281911,1,2015,4,State,urban/rural,Agri Land,statesector,1,Chhattisgarh,NA,NA,NA,NA,NA,0
4359,1,0.237658143,0.39035067,0.170397863,0.126704484,0.074888833,1,2015,4,State,urban/rural,Agri Land,statesector,1,Chhattisgarh,NA,NA,NA,NA,NA,1
11,1,0.506227255,0.346795887,0.093455613,0.037483301,0.016037945,1,2019,5,State,All,All Households,state,99,Dadra & Nagar Haveli and Daman & Diu,NA,NA,NA,NA,NA,NA
54,1,0.594531059,0.335067272,0.049529888,0.006047495,0.014824249,1,2019,5,State,urban/rural,All Households,statesector,0,Dadra & Nagar Haveli and Daman & Diu,NA,NA,NA,NA,NA,NA
55,1,0.062759638,0.405697793,0.314053446,0.195355937,0.022133205,1,2019,5,State,urban/rural,All Households,statesector,1,Dadra & Nagar Haveli and Daman & Diu,NA,NA,NA,NA,NA,NA
157,1,0.367135435,0.395550728,0.153939471,0.053845778,0.029528579,1,2019,5,State,All,Age,state,99,Dadra & Nagar Haveli and Daman & Diu,15 to 29,NA,NA,NA,NA,NA
158,1,0.418868423,0.360448122,0.155466959,0.065216504,0,1,2019,5,State,All,Age,state,99,Dadra & Nagar Haveli and Daman & Diu,30 to 45,NA,NA,NA,NA,NA
159,1,0.570945442,0.329453856,0.04559397,0.019278929,0.034727816,1,2019,5,State,All,Age,state,99,Dadra & Nagar Haveli and Daman & Diu,46 to 64,NA,NA,NA,NA,NA
160,1,0.678435028,0.314714879,0.006850104,0,0,1,2019,5,State,All,Age,state,99,Dadra & Nagar Haveli and Daman & Diu,65+,NA,NA,NA,NA,NA
343,1,0.503494978,0.41097334,0.082732044,0.002799678,0,1,2019,5,State,urban/rural,Age,statesector,0,Dadra & Nagar Haveli and Daman & Diu,15 to 29,NA,NA,NA,NA,NA
344,1,0.557141244,0.36534822,0.07445655,0.003053949,0,1,2019,5,State,urban/rural,Age,statesector,0,Dadra & Nagar Haveli and Daman & Diu,30 to 45,NA,NA,NA,NA,NA
345,1,0.604456902,0.303073913,0.043793958,0.011909049,0.036766157,1,2019,5,State,urban/rural,Age,statesector,0,Dadra & Nagar Haveli and Daman & Diu,46 to 64,NA,NA,NA,NA,NA
346,1,0.689585209,0.310414791,0,0,0,1,2019,5,State,urban/rural,Age,statesector,0,Dadra & Nagar Haveli and Daman & Diu,65+,NA,NA,NA,NA,NA
347,1,0.056889366,0.360461146,0.315951079,0.169986203,0.096712194,1,2019,5,State,urban/rural,Age,statesector,1,Dadra & Nagar Haveli and Daman & Diu,15 to 29,NA,NA,NA,NA,NA
348,1,0.078034326,0.348369628,0.355152637,0.218443394,0,1,2019,5,State,urban/rural,Age,statesector,1,Dadra & Nagar Haveli and Daman & Diu,30 to 45,NA,NA,NA,NA,NA
349,1,0,0.778896809,0.076261319,0.14484185,0,1,2019,5,State,urban/rural,Age,statesector,1,Dadra & Nagar Haveli and Daman & Diu,46 to 64,NA,NA,NA,NA,NA
350,1,0,0.576353848,0.423646182,0,0,1,2019,5,State,urban/rural,Age,statesector,1,Dadra & Nagar Haveli and Daman & Diu,65+,NA,NA,NA,NA,NA
631,1,0.617828369,0.303855509,0.041610591,0.036705524,0,1,2019,5,State,All,Education,state,99,Dadra & Nagar Haveli and Daman & Diu,NA,No education / Preschool,NA,NA,NA,NA
632,1,0.409152985,0.407460064,0.129476473,0.04128233,0.012628156,1,2019,5,State,All,Education,state,99,Dadra & Nagar Haveli and Daman & Diu,NA,Primary,NA,NA,NA,NA
633,1,0.310830146,0.395304352,0.180293038,0.034292251,0.079280227,1,2019,5,State,All,Education,state,99,Dadra & Nagar Haveli and Daman & Diu,NA,Secondary,NA,NA,NA,NA
634,1,0,0,1,0,0,1,2019,5,State,All,Education,state,99,Dadra & Nagar Haveli and Daman & Diu,NA,Higher,NA,NA,NA,NA
816,1,0.675203502,0.287723303,0.03501226,0.002060894,0,1,2019,5,State,urban/rural,Education,statesector,0,Dadra & Nagar Haveli and Daman & Diu,NA,No education / Preschool,NA,NA,NA,NA
817,1,0.511836231,0.421499699,0.066129752,0.00053429,0,1,2019,5,State,urban/rural,Education,statesector,0,Dadra & Nagar Haveli and Daman & Diu,NA,Primary,NA,NA,NA,NA
818,1,0.420135885,0.37409097,0.053430166,0.036577079,0.115765899,1,2019,5,State,urban/rural,Education,statesector,0,Dadra & Nagar Haveli and Daman & Diu,NA,Secondary,NA,NA,NA,NA
819,1,0,0,1,0,0,1,2019,5,State,urban/rural,Education,statesector,0,Dadra & Nagar Haveli and Daman & Diu,NA,Higher,NA,NA,NA,NA
820,1,0.120297685,0.443746328,0.098828264,0.337127745,0,1,2019,5,State,urban/rural,Education,statesector,1,Dadra & Nagar Haveli and Daman & Diu,NA,No education / Preschool,NA,NA,NA,NA
821,1,0,0.351517498,0.381888568,0.203647465,0.062946461,1,2019,5,State,urban/rural,Education,statesector,1,Dadra & Nagar Haveli and Daman & Diu,NA,Primary,NA,NA,NA,NA
822,1,0.073318094,0.441399217,0.455955178,0.029327514,0,1,2019,5,State,urban/rural,Education,statesector,1,Dadra & Nagar Haveli and Daman & Diu,NA,Secondary,NA,NA,NA,NA
823,1,0,0,1,0,0,1,2019,5,State,urban/rural,Education,statesector,1,Dadra & Nagar Haveli and Daman & Diu,NA,Higher,NA,NA,NA,NA
1084,1,0.498452872,0.339924783,0.10797029,0.034390762,0.019261301,1,2019,5,State,All,Gender,state,99,Dadra & Nagar Haveli and Daman & Diu,NA,NA,1,NA,NA,NA
1085,1,0.544908941,0.380983442,0.02123725,0.052870352,0,1,2019,5,State,All,Gender,state,99,Dadra & Nagar Haveli and Daman & Diu,NA,NA,2,NA,NA,NA
1188,1,0.590957701,0.330248266,0.059076991,0.001660957,0.018056069,1,2019,5,State,urban/rural,Gender,statesector,0,Dadra & Nagar Haveli and Daman & Diu,NA,NA,1,NA,NA,NA
1189,1,0.610922098,0.357171863,0.005737654,0.026168395,0,1,2019,5,State,urban/rural,Gender,statesector,0,Dadra & Nagar Haveli and Daman & Diu,NA,NA,2,NA,NA,NA
1190,1,0.070429094,0.384698361,0.334201634,0.185832933,0.024837963,1,2019,5,State,urban/rural,Gender,statesector,1,Dadra & Nagar Haveli and Daman & Diu,NA,NA,1,NA,NA,NA
1191,1,0,0.577537298,0.149179548,0.273283184,0,1,2019,5,State,urban/rural,Gender,statesector,1,Dadra & Nagar Haveli and Daman & Diu,NA,NA,2,NA,NA,NA
1361,1,0.520132124,0.47356689,0.006300979,0,0,1,2019,5,State,All,HH Size,state,99,Dadra & Nagar Haveli and Daman & Diu,NA,NA,NA,1,NA,NA
1362,1,0.690251291,0.144789085,0.153440118,0.01151952,0,1,2019,5,State,All,HH Size,state,99,Dadra & Nagar Haveli and Daman & Diu,NA,NA,NA,2 to 3,NA,NA
1363,1,0.433899552,0.38224107,0.12868157,0.055177804,0,1,2019,5,State,All,HH Size,state,99,Dadra & Nagar Haveli and Daman & Diu,NA,NA,NA,4 to 6,NA,NA
1364,1,0.552499056,0.357702821,0.022117076,0.020885566,0.046795458,1,2019,5,State,All,HH Size,state,99,Dadra & Nagar Haveli and Daman & Diu,NA,NA,NA,7+,NA,NA
1526,1,0.750394344,0.240515217,0.009090419,0,0,1,2019,5,State,urban/rural,HH Size,statesector,0,Dadra & Nagar Haveli and Daman & Diu,NA,NA,NA,1,NA,NA
1527,1,0.755302429,0.134022817,0.10751576,0.003158989,0,1,2019,5,State,urban/rural,HH Size,statesector,0,Dadra & Nagar Haveli and Daman & Diu,NA,NA,NA,2 to 3,NA,NA
1528,1,0.558076322,0.364835203,0.076000683,0.001087799,0,1,2019,5,State,urban/rural,HH Size,statesector,0,Dadra & Nagar Haveli and Daman & Diu,NA,NA,NA,4 to 6,NA,NA
1529,1,0.588757038,0.359436214,0,0.013367986,0.038438737,1,2019,5,State,urban/rural,HH Size,statesector,0,Dadra & Nagar Haveli and Daman & Diu,NA,NA,NA,7+,NA,NA
1530,1,0,1,0,0,0,1,2019,5,State,urban/rural,HH Size,statesector,1,Dadra & Nagar Haveli and Daman & Diu,NA,NA,NA,1,NA,NA
1531,1,0.433317006,0.187312901,0.334828764,0.044541329,0,1,2019,5,State,urban/rural,HH Size,statesector,1,Dadra & Nagar Haveli and Daman & Diu,NA,NA,NA,2 to 3,NA,NA
1532,1,0,0.443060815,0.312759608,0.244179577,0,1,2019,5,State,urban/rural,HH Size,statesector,1,Dadra & Nagar Haveli and Daman & Diu,NA,NA,NA,4 to 6,NA,NA
1533,1,0,0.331289172,0.359137148,0.135438472,0.174135193,1,2019,5,State,urban/rural,HH Size,statesector,1,Dadra & Nagar Haveli and Daman & Diu,NA,NA,NA,7+,NA,NA
1768,1,0.357956886,0.3337726,0.178989455,0.107701868,0.021579186,1,2019,5,State,All,Owns House,state,99,Dadra & Nagar Haveli and Daman & Diu,NA,NA,NA,NA,0,NA
1769,1,0.536664605,0.349469364,0.075896971,0.023068624,0.014900423,1,2019,5,State,All,Owns House,state,99,Dadra & Nagar Haveli and Daman & Diu,NA,NA,NA,NA,1,NA
1852,1,0.657224655,0.164660096,0.168444291,0.009670975,0,1,2019,5,State,urban/rural,Owns House,statesector,0,Dadra & Nagar Haveli and Daman & Diu,NA,NA,NA,NA,0,NA
1853,1,0.587658226,0.353748322,0.036493786,0.005650267,0.016449371,1,2019,5,State,urban/rural,Owns House,statesector,0,Dadra & Nagar Haveli and Daman & Diu,NA,NA,NA,NA,1,NA
1854,1,0.077543274,0.492230862,0.188870266,0.199556723,0.041798864,1,2019,5,State,urban/rural,Owns House,statesector,1,Dadra & Nagar Haveli and Daman & Diu,NA,NA,NA,NA,0,NA
1855,1,0.046121024,0.308306962,0.454943955,0.190628037,0,1,2019,5,State,urban/rural,Owns House,statesector,1,Dadra & Nagar Haveli and Daman & Diu,NA,NA,NA,NA,1,NA
1987,1,0.355341554,0.383450896,0.152848974,0.095880926,0.012477657,1,2019,5,State,All,Agri Land,state,99,Dadra & Nagar Haveli and Daman & Diu,NA,NA,NA,NA,NA,0
1988,1,0.569228709,0.331490815,0.068656258,0.013099707,0.017524524,1,2019,5,State,All,Agri Land,state,99,Dadra & Nagar Haveli and Daman & Diu,NA,NA,NA,NA,NA,1
2070,1,0.567251563,0.312680632,0.115690865,0.00437693,0,1,2019,5,State,urban/rural,Agri Land,statesector,0,Dadra & Nagar Haveli and Daman & Diu,NA,NA,NA,NA,NA,0
2071,1,0.601513624,0.340797424,0.03259515,0.006475097,0.018618703,1,2019,5,State,urban/rural,Agri Land,statesector,0,Dadra & Nagar Haveli and Daman & Diu,NA,NA,NA,NA,NA,1
2072,1,0.066290088,0.479983598,0.203533709,0.220695063,0.029497547,1,2019,5,State,urban/rural,Agri Land,statesector,1,Dadra & Nagar Haveli and Daman & Diu,NA,NA,NA,NA,NA,0
2073,1,0.05214902,0.18243508,0.646215618,0.119200289,0,1,2019,5,State,urban/rural,Agri Land,statesector,1,Dadra & Nagar Haveli and Daman & Diu,NA,NA,NA,NA,NA,1
2191,1,0.449445873,0.41380924,0.095258236,0.035798807,0.005687842,1,2015,4,State,All,All Households,state,99,Dadra & Nagar Haveli and Daman & Diu,NA,NA,NA,NA,NA,NA
2233,1,0.504896402,0.413305014,0.067853324,0.013020904,0.000924366,1,2015,4,State,urban/rural,All Households,statesector,0,Dadra & Nagar Haveli and Daman & Diu,NA,NA,NA,NA,NA,NA
2234,1,0.069439486,0.417264909,0.283066005,0.191897333,0.038332272,1,2015,4,State,urban/rural,All Households,statesector,1,Dadra & Nagar Haveli and Daman & Diu,NA,NA,NA,NA,NA,NA
2334,1,0.457830727,0.414631158,0.100428127,0.027109964,0,1,2015,4,State,All,Age,state,99,Dadra & Nagar Haveli and Daman & Diu,15 to 29,NA,NA,NA,NA,NA
2335,1,0.352657109,0.468734115,0.140247181,0.032615051,0.005746556,1,2015,4,State,All,Age,state,99,Dadra & Nagar Haveli and Daman & Diu,30 to 45,NA,NA,NA,NA,NA
2336,1,0.524719179,0.392556667,0.043333821,0.039226763,0.000163571,1,2015,4,State,All,Age,state,99,Dadra & Nagar Haveli and Daman & Diu,46 to 64,NA,NA,NA,NA,NA
2337,1,0.559759974,0.285035372,0.082444489,0.045899369,0.026860813,1,2015,4,State,All,Age,state,99,Dadra & Nagar Haveli and Daman & Diu,65+,NA,NA,NA,NA,NA
2516,1,0.509328246,0.404703319,0.064017445,0.021950992,0,1,2015,4,State,urban/rural,Age,statesector,0,Dadra & Nagar Haveli and Daman & Diu,15 to 29,NA,NA,NA,NA,NA
2517,1,0.432394177,0.476382881,0.088999614,0,0.002223341,1,2015,4,State,urban/rural,Age,statesector,0,Dadra & Nagar Haveli and Daman & Diu,30 to 45,NA,NA,NA,NA,NA
2518,1,0.558892488,0.376679838,0.037990134,0.026263297,0.000174224,1,2015,4,State,urban/rural,Age,statesector,0,Dadra & Nagar Haveli and Daman & Diu,46 to 64,NA,NA,NA,NA,NA
2519,1,0.569606364,0.33005634,0.095407188,0.004930132,0,1,2015,4,State,urban/rural,Age,statesector,0,Dadra & Nagar Haveli and Daman & Diu,65+,NA,NA,NA,NA,NA
2520,1,0,0.502893209,0.424131781,0.072975032,0,1,2015,4,State,urban/rural,Age,statesector,1,Dadra & Nagar Haveli and Daman & Diu,15 to 29,NA,NA,NA,NA,NA
2521,1,0,0.434905589,0.366902351,0.176863223,0.02132885,1,2015,4,State,urban/rural,Age,statesector,1,Dadra & Nagar Haveli and Daman & Diu,30 to 45,NA,NA,NA,NA,NA
2522,1,0,0.636339843,0.125384122,0.23827602,0,1,2015,4,State,urban/rural,Age,statesector,1,Dadra & Nagar Haveli and Daman & Diu,46 to 64,NA,NA,NA,NA,NA
2523,1,0.501926899,0.020603931,0.006307814,0.286533028,0.184628338,1,2015,4,State,urban/rural,Age,statesector,1,Dadra & Nagar Haveli and Daman & Diu,65+,NA,NA,NA,NA,NA
2805,1,0.542793155,0.351007402,0.073484793,0.032714654,0,1,2015,4,State,All,Education,state,99,Dadra & Nagar Haveli and Daman & Diu,NA,No education / Preschool,NA,NA,NA,NA
2806,1,0.476169467,0.363186866,0.097159721,0.043977909,0.019506041,1,2015,4,State,All,Education,state,99,Dadra & Nagar Haveli and Daman & Diu,NA,Primary,NA,NA,NA,NA
2807,1,0.199800342,0.626470089,0.135324389,0.03032716,0.008078001,1,2015,4,State,All,Education,state,99,Dadra & Nagar Haveli and Daman & Diu,NA,Secondary,NA,NA,NA,NA
2808,1,0,0.523887098,0.354543298,0.121569626,0,1,2015,4,State,All,Education,state,99,Dadra & Nagar Haveli and Daman & Diu,NA,Higher,NA,NA,NA,NA
2809,1,0.575536072,0.424463898,0,0,0,1,2015,4,State,All,Education,state,99,Dadra & Nagar Haveli and Daman & Diu,NA,NA,NA,NA,NA,NA
2997,1,0.597251177,0.343539983,0.050063901,0.009144923,0,1,2015,4,State,urban/rural,Education,statesector,0,Dadra & Nagar Haveli and Daman & Diu,NA,No education / Preschool,NA,NA,NA,NA
2998,1,0.540761113,0.373897791,0.056675587,0.024263371,0.004402105,1,2015,4,State,urban/rural,Education,statesector,0,Dadra & Nagar Haveli and Daman & Diu,NA,Primary,NA,NA,NA,NA
2999,1,0.226663873,0.673976362,0.099359781,0,0,1,2015,4,State,urban/rural,Education,statesector,0,Dadra & Nagar Haveli and Daman & Diu,NA,Secondary,NA,NA,NA,NA
3000,1,0,0,0.744662225,0.255337805,0,1,2015,4,State,urban/rural,Education,statesector,0,Dadra & Nagar Haveli and Daman & Diu,NA,Higher,NA,NA,NA,NA
3001,1,0.575536072,0.424463898,0,0,0,1,2015,4,State,urban/rural,Education,statesector,0,Dadra & Nagar Haveli and Daman & Diu,NA,NA,NA,NA,NA,NA
3002,1,0.122916274,0.408582002,0.254062176,0.214439556,0,1,2015,4,State,urban/rural,Education,statesector,1,Dadra & Nagar Haveli and Daman & Diu,NA,No education / Preschool,NA,NA,NA,NA
3003,1,0,0.284225821,0.395608574,0.189313412,0.130852193,1,2015,4,State,urban/rural,Education,statesector,1,Dadra & Nagar Haveli and Daman & Diu,NA,Primary,NA,NA,NA,NA
3004,1,0.036446154,0.337589741,0.354021311,0.214743331,0.057199445,1,2015,4,State,urban/rural,Education,statesector,1,Dadra & Nagar Haveli and Daman & Diu,NA,Secondary,NA,NA,NA,NA
3005,1,0,1,0,0,0,1,2015,4,State,urban/rural,Education,statesector,1,Dadra & Nagar Haveli and Daman & Diu,NA,Higher,NA,NA,NA,NA
3271,1,0.441900313,0.431731761,0.095790841,0.02435695,0.006220154,1,2015,4,State,All,Gender,state,99,Dadra & Nagar Haveli and Daman & Diu,NA,NA,1,NA,NA,NA
3272,1,0.521704435,0.242177919,0.090157889,0.145369515,0.000590256,1,2015,4,State,All,Gender,state,99,Dadra & Nagar Haveli and Daman & Diu,NA,NA,2,NA,NA,NA
3374,1,0.492838264,0.43041715,0.066262096,0.009544092,0.000938381,1,2015,4,State,urban/rural,Gender,statesector,0,Dadra & Nagar Haveli and Daman & Diu,NA,NA,1,NA,NA,NA
3375,1,0.637963414,0.224464595,0.085413203,0.051389091,0.000769703,1,2015,4,State,urban/rural,Gender,statesector,0,Dadra & Nagar Haveli and Daman & Diu,NA,NA,2,NA,NA,NA
3376,1,0.054815851,0.441721499,0.320183724,0.136921868,0.046357065,1,2015,4,State,urban/rural,Gender,statesector,1,Dadra & Nagar Haveli and Daman & Diu,NA,NA,1,NA,NA,NA
3377,1,0.139292613,0.300442517,0.105764642,0.454500228,0,1,2015,4,State,urban/rural,Gender,statesector,1,Dadra & Nagar Haveli and Daman & Diu,NA,NA,2,NA,NA,NA
3550,1,0.296147704,0.417316675,0.278352559,0,0.00818306,1,2015,4,State,All,HH Size,state,99,Dadra & Nagar Haveli and Daman & Diu,NA,NA,NA,1,NA,NA
3551,1,0.544836223,0.283314019,0.139414549,0.032435212,0,1,2015,4,State,All,HH Size,state,99,Dadra & Nagar Haveli and Daman & Diu,NA,NA,NA,2 to 3,NA,NA
3552,1,0.462336808,0.346708417,0.137127489,0.041316546,0.01251074,1,2015,4,State,All,HH Size,state,99,Dadra & Nagar Haveli and Daman & Diu,NA,NA,NA,4 to 6,NA,NA
3553,1,0.417674959,0.51050359,0.040315628,0.031505801,0,1,2015,4,State,All,HH Size,state,99,Dadra & Nagar Haveli and Daman & Diu,NA,NA,NA,7+,NA,NA
3734,1,0.324655771,0.406944096,0.259429336,0,0.008970786,1,2015,4,State,urban/rural,HH Size,statesector,0,Dadra & Nagar Haveli and Daman & Diu,NA,NA,NA,1,NA,NA
3735,1,0.71039921,0.220227018,0.034305289,0.035068456,0,1,2015,4,State,urban/rural,HH Size,statesector,0,Dadra & Nagar Haveli and Daman & Diu,NA,NA,NA,2 to 3,NA,NA
3736,1,0.533033848,0.343912065,0.097702295,0.023384079,0.001967701,1,2015,4,State,urban/rural,HH Size,statesector,0,Dadra & Nagar Haveli and Daman & Diu,NA,NA,NA,4 to 6,NA,NA
3737,1,0.447314233,0.509509265,0.043176524,0,0,1,2015,4,State,urban/rural,HH Size,statesector,0,Dadra & Nagar Haveli and Daman & Diu,NA,NA,NA,7+,NA,NA
3738,1,0,0.525069237,0.474930793,0,0,1,2015,4,State,urban/rural,HH Size,statesector,1,Dadra & Nagar Haveli and Daman & Diu,NA,NA,NA,1,NA,NA
3739,1,0.143235102,0.436342239,0.394374818,0.026047839,0,1,2015,4,State,urban/rural,HH Size,statesector,1,Dadra & Nagar Haveli and Daman & Diu,NA,NA,NA,2 to 3,NA,NA
3740,1,0.069021784,0.362265587,0.356465071,0.14108181,0.071165748,1,2015,4,State,urban/rural,HH Size,statesector,1,Dadra & Nagar Haveli and Daman & Diu,NA,NA,NA,4 to 6,NA,NA
3741,1,0,0.524515867,0,0.475484133,0,1,2015,4,State,urban/rural,HH Size,statesector,1,Dadra & Nagar Haveli and Daman & Diu,NA,NA,NA,7+,NA,NA
3998,1,0.229548737,0.428772897,0.260472924,0.071503967,0.009701475,1,2015,4,State,All,Owns House,state,99,Dadra & Nagar Haveli and Daman & Diu,NA,NA,NA,NA,0,NA
3999,1,0.49380818,0.410790473,0.061927624,0.028595604,0.004878127,1,2015,4,State,All,Owns House,state,99,Dadra & Nagar Haveli and Daman & Diu,NA,NA,NA,NA,1,NA
4101,1,0.449252248,0.36718446,0.140419036,0.043144252,0,1,2015,4,State,urban/rural,Owns House,statesector,0,Dadra & Nagar Haveli and Daman & Diu,NA,NA,NA,NA,0,NA
4102,1,0.510962069,0.418332487,0.059943099,0.009737227,0.001025129,1,2015,4,State,urban/rural,Owns House,statesector,0,Dadra & Nagar Haveli and Daman & Diu,NA,NA,NA,NA,1,NA
4103,1,0,0.493121177,0.385906607,0.101134524,0.019837687,1,2015,4,State,urban/rural,Owns House,statesector,1,Dadra & Nagar Haveli and Daman & Diu,NA,NA,NA,NA,0,NA
4104,1,0.19544892,0.27961117,0.096444696,0.356601477,0.071893759,1,2015,4,State,urban/rural,Owns House,statesector,1,Dadra & Nagar Haveli and Daman & Diu,NA,NA,NA,NA,1,NA
4257,1,0.448865563,0.375942469,0.11952509,0.045873675,0.009793209,1,2015,4,State,All,Agri Land,state,99,Dadra & Nagar Haveli and Daman & Diu,NA,NA,NA,NA,NA,0
4258,1,0.450231284,0.46506086,0.062413752,0.02216276,0.000131346,1,2015,4,State,All,Agri Land,state,99,Dadra & Nagar Haveli and Daman & Diu,NA,NA,NA,NA,NA,1
4360,1,0.549164951,0.363583714,0.070675619,0.014952517,0.001623178,1,2015,4,State,urban/rural,Agri Land,statesector,0,Dadra & Nagar Haveli and Daman & Diu,NA,NA,NA,NA,NA,0
4361,1,0.454960674,0.469391495,0.064669721,0.01084201,0.000136093,1,2015,4,State,urban/rural,Agri Land,statesector,0,Dadra & Nagar Haveli and Daman & Diu,NA,NA,NA,NA,NA,1
4362,1,0.036512122,0.426752061,0.32035625,0.172997519,0.043382049,1,2015,4,State,urban/rural,Agri Land,statesector,1,Dadra & Nagar Haveli and Daman & Diu,NA,NA,NA,NA,NA,0
4363,1,0.319387257,0.345249206,0,0.335363537,0,1,2015,4,State,urban/rural,Agri Land,statesector,1,Dadra & Nagar Haveli and Daman & Diu,NA,NA,NA,NA,NA,1
12,1,0.066018678,0.235303119,0.282848001,0.229598328,0.186231881,1,2019,5,State,All,All Households,state,99,Delhi,NA,NA,NA,NA,NA,NA
56,1,0.027492549,0.177836835,0.74205482,0,0.052615821,1,2019,5,State,urban/rural,All Households,statesector,0,Delhi,NA,NA,NA,NA,NA,NA
57,1,0.066695452,0.236312598,0.274781287,0.233631581,0.188579068,1,2019,5,State,urban/rural,All Households,statesector,1,Delhi,NA,NA,NA,NA,NA,NA
161,1,0.061283704,0.204084784,0.443621367,0.136212498,0.154797643,1,2019,5,State,All,Age,state,99,Delhi,15 to 29,NA,NA,NA,NA,NA
162,1,0.053946722,0.304024398,0.289011985,0.234656706,0.118360192,1,2019,5,State,All,Age,state,99,Delhi,30 to 45,NA,NA,NA,NA,NA
163,1,0.102955647,0.150129169,0.199774534,0.276692003,0.270448655,1,2019,5,State,All,Age,state,99,Delhi,46 to 64,NA,NA,NA,NA,NA
164,1,0.028876407,0,0.242359757,0.170644924,0.558118939,1,2019,5,State,All,Age,state,99,Delhi,65+,NA,NA,NA,NA,NA
351,1,0.576008677,0,0,0,0.423991352,1,2019,5,State,urban/rural,Age,statesector,0,Delhi,15 to 29,NA,NA,NA,NA,NA
352,1,0,0.193323672,0.806676328,0,0,1,2019,5,State,urban/rural,Age,statesector,0,Delhi,30 to 45,NA,NA,NA,NA,NA
353,1,0,0,0,0,1,1,2019,5,State,urban/rural,Age,statesector,0,Delhi,65+,NA,NA,NA,NA,NA
354,1,0.057858448,0.205442876,0.446573466,0.137118921,0.153006285,1,2019,5,State,urban/rural,Age,statesector,1,Delhi,15 to 29,NA,NA,NA,NA,NA
355,1,0.055510096,0.307232499,0.274010092,0.241457045,0.121790268,1,2019,5,State,urban/rural,Age,statesector,1,Delhi,30 to 45,NA,NA,NA,NA,NA
356,1,0.102955647,0.150129169,0.199774534,0.276692003,0.270448655,1,2019,5,State,urban/rural,Age,statesector,1,Delhi,46 to 64,NA,NA,NA,NA,NA
357,1,0.029170394,0,0.244827196,0.172382236,0.55362016,1,2019,5,State,urban/rural,Age,statesector,1,Delhi,65+,NA,NA,NA,NA,NA
635,1,0.079467878,0.292424709,0.223422453,0.277832359,0.126852572,1,2019,5,State,All,Education,state,99,Delhi,NA,No education / Preschool,NA,NA,NA,NA
636,1,0.071233898,0.134101391,0.449784994,0.15962854,0.185251176,1,2019,5,State,All,Education,state,99,Delhi,NA,Primary,NA,NA,NA,NA
637,1,0.032939702,0.200488433,0.245521143,0.211762235,0.309288472,1,2019,5,State,All,Education,state,99,Delhi,NA,Secondary,NA,NA,NA,NA
638,1,0,0.559709251,0,0,0.440290749,1,2019,5,State,All,Education,state,99,Delhi,NA,Higher,NA,NA,NA,NA
824,1,0,0,0.835918188,0,0.164081827,1,2019,5,State,urban/rural,Education,statesector,0,Delhi,NA,No education / Preschool,NA,NA,NA,NA
825,1,0.049871642,0.322597027,0.590821564,0,0.036709767,1,2019,5,State,urban/rural,Education,statesector,0,Delhi,NA,Primary,NA,NA,NA,NA
826,1,0,0,1,0,0,1,2019,5,State,urban/rural,Education,statesector,0,Delhi,NA,Secondary,NA,NA,NA,NA
827,1,0.08000081,0.294385821,0.219314873,0.2796956,0.126602903,1,2019,5,State,urban/rural,Education,statesector,1,Delhi,NA,No education / Preschool,NA,NA,NA,NA
828,1,0.072066911,0.126751065,0.444285333,0.165853187,0.191043496,1,2019,5,State,urban/rural,Education,statesector,1,Delhi,NA,Primary,NA,NA,NA,NA
829,1,0.033596043,0.204483286,0.230487704,0.215981722,0.315451235,1,2019,5,State,urban/rural,Education,statesector,1,Delhi,NA,Secondary,NA,NA,NA,NA
830,1,0,0.559709251,0,0,0.440290749,1,2019,5,State,urban/rural,Education,statesector,1,Delhi,NA,Higher,NA,NA,NA,NA
1086,1,0.065485559,0.234259859,0.269202799,0.237824932,0.193226844,1,2019,5,State,All,Gender,state,99,Delhi,NA,NA,1,NA,NA,NA
1087,1,0.068750285,0.240648508,0.352763057,0.187446967,0.150391191,1,2019,5,State,All,Gender,state,99,Delhi,NA,NA,2,NA,NA,NA
1192,1,0.033439286,0,0.90256393,0,0.063996814,1,2019,5,State,urban/rural,Gender,statesector,0,Delhi,NA,NA,1,NA,NA,NA
1193,1,0,1,0,0,0,1,2019,5,State,urban/rural,Gender,statesector,0,Delhi,NA,NA,2,NA,NA,NA
1194,1,0.066038549,0.238302276,0.258273482,0.241928861,0.195456848,1,2019,5,State,urban/rural,Gender,statesector,1,Delhi,NA,NA,1,NA,NA,NA
1195,1,0.070067585,0.22609888,0.359522194,0.191038564,0.153272778,1,2019,5,State,urban/rural,Gender,statesector,1,Delhi,NA,NA,2,NA,NA,NA
1365,1,0.297617912,0.510198534,0.192183524,0,0,1,2019,5,State,All,HH Size,state,99,Delhi,NA,NA,NA,1,NA,NA
1366,1,0.096864656,0.327631325,0.274060249,0.079090074,0.222353697,1,2019,5,State,All,HH Size,state,99,Delhi,NA,NA,NA,2 to 3,NA,NA
1367,1,0.085136779,0.262842894,0.321669579,0.20798026,0.122370504,1,2019,5,State,All,HH Size,state,99,Delhi,NA,NA,NA,4 to 6,NA,NA
1368,1,0.013375738,0.149264321,0.206142366,0.316293061,0.314924508,1,2019,5,State,All,HH Size,state,99,Delhi,NA,NA,NA,7+,NA,NA
1534,1,1,0,0,0,0,1,2019,5,State,urban/rural,HH Size,statesector,0,Delhi,NA,NA,NA,1,NA,NA
1535,1,0,0.245317042,0.726767242,0,0.027915731,1,2019,5,State,urban/rural,HH Size,statesector,0,Delhi,NA,NA,NA,4 to 6,NA,NA
1536,1,0,0,0.869218647,0,0.130781353,1,2019,5,State,urban/rural,HH Size,statesector,0,Delhi,NA,NA,NA,7+,NA,NA
1537,1,0.2456837,0.54792273,0.2063936,0,0,1,2019,5,State,urban/rural,HH Size,statesector,1,Delhi,NA,NA,NA,1,NA,NA
1538,1,0.096864656,0.327631325,0.274060249,0.079090074,0.222353697,1,2019,5,State,urban/rural,HH Size,statesector,1,Delhi,NA,NA,NA,2 to 3,NA,NA
1539,1,0.086883716,0.263202488,0.313357323,0.212247834,0.124308638,1,2019,5,State,urban/rural,HH Size,statesector,1,Delhi,NA,NA,NA,4 to 6,NA,NA
1540,1,0.013569972,0.151431829,0.196513653,0.320886046,0.317598492,1,2019,5,State,urban/rural,HH Size,statesector,1,Delhi,NA,NA,NA,7+,NA,NA
1770,1,0.080928959,0.257586896,0.319152236,0.235744908,0.106586985,1,2019,5,State,All,Owns House,state,99,Delhi,NA,NA,NA,NA,0,NA
1771,1,0.040838461,0.197670653,0.221538007,0.219218075,0.320734799,1,2019,5,State,All,Owns House,state,99,Delhi,NA,NA,NA,NA,1,NA
1856,1,0.032075383,0.207481101,0.736833274,0,0.02361021,1,2019,5,State,urban/rural,Owns House,statesector,0,Delhi,NA,NA,NA,NA,0,NA
1857,1,0,0,0.77337873,0,0.226621285,1,2019,5,State,urban/rural,Owns House,statesector,0,Delhi,NA,NA,NA,NA,1,NA
1858,1,0.082107648,0.258795798,0.309074849,0.241432741,0.108588971,1,2019,5,State,urban/rural,Owns House,statesector,1,Delhi,NA,NA,NA,NA,0,NA
1859,1,0.041111108,0.198990345,0.217853785,0.220681623,0.321363151,1,2019,5,State,urban/rural,Owns House,statesector,1,Delhi,NA,NA,NA,NA,1,NA
1989,1,0.071141109,0.242698357,0.287088841,0.220059752,0.179011941,1,2019,5,State,All,Agri Land,state,99,Delhi,NA,NA,NA,NA,NA,0
1990,1,0.021804692,0.171471357,0.246243387,0.31193009,0.24855046,1,2019,5,State,All,Agri Land,state,99,Delhi,NA,NA,NA,NA,NA,1
2074,1,0.0309078,0.199928537,0.710011661,0,0.059152,1,2019,5,State,urban/rural,Agri Land,statesector,0,Delhi,NA,NA,NA,NA,NA,0
2075,1,0,0,1,0,0,1,2019,5,State,urban/rural,Agri Land,statesector,0,Delhi,NA,NA,NA,NA,NA,1
2076,1,0.071842514,0.243443996,0.279715806,0.223896176,0.181101531,1,2019,5,State,urban/rural,Agri Land,statesector,1,Delhi,NA,NA,NA,NA,NA,0
2077,1,0.0222128,0.174680695,0.232135713,0.317768335,0.253202438,1,2019,5,State,urban/rural,Agri Land,statesector,1,Delhi,NA,NA,NA,NA,NA,1
2192,1,0.038550884,0.130147964,0.426740199,0.260834247,0.143726692,1,2015,4,State,All,All Households,state,99,Delhi,NA,NA,NA,NA,NA,NA
2235,1,0,1,0,0,0,1,2015,4,State,urban/rural,All Households,statesector,0,Delhi,NA,NA,NA,NA,NA,NA
2236,1,0.038753692,0.125571877,0.428985178,0.262206465,0.144482806,1,2015,4,State,urban/rural,All Households,statesector,1,Delhi,NA,NA,NA,NA,NA,NA
2338,1,0.012226235,0.21660839,0.418761045,0.336070776,0.016333576,1,2015,4,State,All,Age,state,99,Delhi,15 to 29,NA,NA,NA,NA,NA
2339,1,0.051371478,0.113289759,0.477273703,0.27393955,0.084125511,1,2015,4,State,All,Age,state,99,Delhi,30 to 45,NA,NA,NA,NA,NA
2340,1,0.010702243,0.114178993,0.294907123,0.19908227,0.381129354,1,2015,4,State,All,Age,state,99,Delhi,46 to 64,NA,NA,NA,NA,NA
2341,1,0.220167086,0.017964829,0.645077527,0.010921646,0.105868936,1,2015,4,State,All,Age,state,99,Delhi,65+,NA,NA,NA,NA,NA
2524,1,0,1,0,0,0,1,2015,4,State,urban/rural,Age,statesector,0,Delhi,15 to 29,NA,NA,NA,NA,NA
2525,1,0,1,0,0,0,1,2015,4,State,urban/rural,Age,statesector,0,Delhi,46 to 64,NA,NA,NA,NA,NA
2526,1,0,1,0,0,0,1,2015,4,State,urban/rural,Age,statesector,0,Delhi,65+,NA,NA,NA,NA,NA
2527,1,0.012513337,0.19821246,0.428594559,0.34396252,0.016717128,1,2015,4,State,urban/rural,Age,statesector,1,Delhi,15 to 29,NA,NA,NA,NA,NA
2528,1,0.051371478,0.113289759,0.477273703,0.27393955,0.084125511,1,2015,4,State,urban/rural,Age,statesector,1,Delhi,30 to 45,NA,NA,NA,NA,NA
2529,1,0.010727615,0.112078935,0.295606285,0.199554235,0.382032931,1,2015,4,State,urban/rural,Age,statesector,1,Delhi,46 to 64,NA,NA,NA,NA,NA
2530,1,0.224194705,0,0.656878233,0.011121441,0.107805647,1,2015,4,State,urban/rural,Age,statesector,1,Delhi,65+,NA,NA,NA,NA,NA
2810,1,0.065864392,0.130150899,0.424377292,0.2974886,0.082118802,1,2015,4,State,All,Education,state,99,Delhi,NA,No education / Preschool,NA,NA,NA,NA
2811,1,0.0185926,0.094481736,0.524284124,0.249379143,0.113262393,1,2015,4,State,All,Education,state,99,Delhi,NA,Primary,NA,NA,NA,NA
2812,1,0.003946064,0.182296485,0.323087156,0.210805655,0.279864639,1,2015,4,State,All,Education,state,99,Delhi,NA,Secondary,NA,NA,NA,NA
2813,1,0,0.021326264,0.348219723,0,0.630454004,1,2015,4,State,All,Education,state,99,Delhi,NA,Higher,NA,NA,NA,NA
2814,1,0,0,0,0,1,1,2015,4,State,All,Education,state,99,Delhi,NA,NA,NA,NA,NA,NA
3006,1,0,1,0,0,0,1,2015,4,State,urban/rural,Education,statesector,0,Delhi,NA,No education / Preschool,NA,NA,NA,NA
3007,1,0,1,0,0,0,1,2015,4,State,urban/rural,Education,statesector,0,Delhi,NA,Secondary,NA,NA,NA,NA
3008,1,0.065940082,0.12915127,0.424864978,0.297830492,0.082213178,1,2015,4,State,urban/rural,Education,statesector,1,Delhi,NA,No education / Preschool,NA,NA,NA,NA
3009,1,0.0185926,0.094481736,0.524284124,0.249379143,0.113262393,1,2015,4,State,urban/rural,Education,statesector,1,Delhi,NA,Primary,NA,NA,NA,NA
3010,1,0.004032046,0.164479211,0.330127031,0.215398982,0.285962731,1,2015,4,State,urban/rural,Education,statesector,1,Delhi,NA,Secondary,NA,NA,NA,NA
3011,1,0,0.021326264,0.348219723,0,0.630454004,1,2015,4,State,urban/rural,Education,statesector,1,Delhi,NA,Higher,NA,NA,NA,NA
3012,1,0,0,0,0,1,1,2015,4,State,urban/rural,Education,statesector,1,Delhi,NA,NA,NA,NA,NA,NA
3273,1,0.040733892,0.110119648,0.426860571,0.281949282,0.140336618,1,2015,4,State,All,Gender,state,99,Delhi,NA,NA,1,NA,NA,NA
3274,1,0.022054885,0.281492859,0.425830662,0.101277739,0.169343874,1,2015,4,State,All,Gender,state,99,Delhi,NA,NA,2,NA,NA,NA
3378,1,0,1,0,0,0,1,2015,4,State,urban/rural,Gender,statesector,0,Delhi,NA,NA,1,NA,NA,NA
3379,1,0.040976711,0.104814976,0.429405123,0.283630013,0.141173184,1,2015,4,State,urban/rural,Gender,statesector,1,Delhi,NA,NA,1,NA,NA,NA
3380,1,0.022054885,0.281492859,0.425830662,0.101277739,0.169343874,1,2015,4,State,urban/rural,Gender,statesector,1,Delhi,NA,NA,2,NA,NA,NA
3554,1,0.388966024,0.157863274,0.381823003,0.005181745,0.066165939,1,2015,4,State,All,HH Size,state,99,Delhi,NA,NA,NA,1,NA,NA
3555,1,0.046754327,0.193186224,0.569350362,0.190709084,0,1,2015,4,State,All,HH Size,state,99,Delhi,NA,NA,NA,2 to 3,NA,NA
3556,1,0.049837749,0.140305609,0.426472813,0.292383134,0.091000699,1,2015,4,State,All,HH Size,state,99,Delhi,NA,NA,NA,4 to 6,NA,NA
3557,1,0,0.090794176,0.382734358,0.241511971,0.284959495,1,2015,4,State,All,HH Size,state,99,Delhi,NA,NA,NA,7+,NA,NA
3742,1,0,1,0,0,0,1,2015,4,State,urban/rural,HH Size,statesector,0,Delhi,NA,NA,NA,2 to 3,NA,NA
3743,1,0,1,0,0,0,1,2015,4,State,urban/rural,HH Size,statesector,0,Delhi,NA,NA,NA,4 to 6,NA,NA
3744,1,0.388966024,0.157863274,0.381823003,0.005181745,0.066165939,1,2015,4,State,urban/rural,HH Size,statesector,1,Delhi,NA,NA,NA,1,NA,NA
3745,1,0.047007896,0.188810527,0.57243818,0.191743374,0,1,2015,4,State,urban/rural,HH Size,statesector,1,Delhi,NA,NA,NA,2 to 3,NA,NA
3746,1,0.050259411,0.133032009,0.43008104,0.294856906,0.091770627,1,2015,4,State,urban/rural,HH Size,statesector,1,Delhi,NA,NA,NA,4 to 6,NA,NA
3747,1,0,0.090794176,0.382734358,0.241511971,0.284959495,1,2015,4,State,urban/rural,HH Size,statesector,1,Delhi,NA,NA,NA,7+,NA,NA
4000,1,0.046543032,0.156883508,0.525596499,0.221652046,0.04932493,1,2015,4,State,All,Owns House,state,99,Delhi,NA,NA,NA,NA,0,NA
4001,1,0.03208065,0.108503558,0.346708745,0.292555153,0.220151901,1,2015,4,State,All,Owns House,state,99,Delhi,NA,NA,NA,NA,1,NA
4105,1,0,1,0,0,0,1,2015,4,State,urban/rural,Owns House,statesector,0,Delhi,NA,NA,NA,NA,0,NA
4106,1,0,1,0,0,0,1,2015,4,State,urban/rural,Owns House,statesector,0,Delhi,NA,NA,NA,NA,1,NA
4107,1,0.046589285,0.156045645,0.526118815,0.22187233,0.049373951,1,2015,4,State,urban/rural,Owns House,statesector,1,Delhi,NA,NA,NA,NA,0,NA
4108,1,0.032361098,0.100710139,0.349739641,0.295112669,0.222076461,1,2015,4,State,urban/rural,Owns House,statesector,1,Delhi,NA,NA,NA,NA,1,NA
4259,1,0.041336369,0.125773504,0.449435234,0.239964411,0.143490493,1,2015,4,State,All,Agri Land,state,99,Delhi,NA,NA,NA,NA,NA,0
4260,1,0,0.190690175,0.112642936,0.549671233,0.146995634,1,2015,4,State,All,Agri Land,state,99,Delhi,NA,NA,NA,NA,NA,1
4364,1,0,1,0,0,0,1,2015,4,State,urban/rural,Agri Land,statesector,0,Delhi,NA,NA,NA,NA,NA,0
4365,1,0,1,0,0,0,1,2015,4,State,urban/rural,Agri Land,statesector,0,Delhi,NA,NA,NA,NA,NA,1
4366,1,0.041549731,0.121261075,0.451755047,0.241203025,0.144231141,1,2015,4,State,urban/rural,Agri Land,statesector,1,Delhi,NA,NA,NA,NA,NA,0
4367,1,0,0.185320392,0.113390326,0.553318322,0.147970945,1,2015,4,State,urban/rural,Agri Land,statesector,1,Delhi,NA,NA,NA,NA,NA,1
13,1,0.181795806,0.225041896,0.34758532,0.205639005,0.039937973,1,2019,5,State,All,All Households,state,99,Goa,NA,NA,NA,NA,NA,NA
58,1,0.168788671,0.240119815,0.323858529,0.218619972,0.048613023,1,2019,5,State,urban/rural,All Households,statesector,0,Goa,NA,NA,NA,NA,NA,NA
59,1,0.241677731,0.15562658,0.456818163,0.14587751,0,1,2019,5,State,urban/rural,All Households,statesector,1,Goa,NA,NA,NA,NA,NA,NA
165,1,0,0.45181337,0.54818666,0,0,1,2019,5,State,All,Age,state,99,Goa,15 to 29,NA,NA,NA,NA,NA
166,1,0.289879411,0.12558496,0.167879596,0.33440882,0.082247227,1,2019,5,State,All,Age,state,99,Goa,30 to 45,NA,NA,NA,NA,NA
167,1,0.08873032,0.402411669,0.322730035,0.186127961,0,1,2019,5,State,All,Age,state,99,Goa,46 to 64,NA,NA,NA,NA,NA
168,1,0.135668233,0.073809057,0.790522695,0,0,1,2019,5,State,All,Age,state,99,Goa,65+,NA,NA,NA,NA,NA
358,1,0,0.305111587,0.694888413,0,0,1,2019,5,State,urban/rural,Age,statesector,0,Goa,15 to 29,NA,NA,NA,NA,NA
359,1,0.291525215,0.182087734,0,0.407135427,0.119251631,1,2019,5,State,urban/rural,Age,statesector,0,Goa,30 to 45,NA,NA,NA,NA,NA
360,1,0.08873032,0.402411669,0.322730035,0.186127961,0,1,2019,5,State,urban/rural,Age,statesector,0,Goa,46 to 64,NA,NA,NA,NA,NA
361,1,0.135668233,0.073809057,0.790522695,0,0,1,2019,5,State,urban/rural,Age,statesector,0,Goa,65+,NA,NA,NA,NA,NA
362,1,0,1,0,0,0,1,2019,5,State,urban/rural,Age,statesector,1,Goa,15 to 29,NA,NA,NA,NA,NA
363,1,0.286221385,0,0.541014373,0.172764212,0,1,2019,5,State,urban/rural,Age,statesector,1,Goa,30 to 45,NA,NA,NA,NA,NA
639,1,0.251385808,0.068038508,0.256111354,0.424464345,0,1,2019,5,State,All,Education,state,99,Goa,NA,No education / Preschool,NA,NA,NA,NA
640,1,0.226704687,0.197454855,0.356237113,0.219603345,0,1,2019,5,State,All,Education,state,99,Goa,NA,Primary,NA,NA,NA,NA
641,1,0,0.519168377,0.480831653,0,0,1,2019,5,State,All,Education,state,99,Goa,NA,Secondary,NA,NA,NA,NA
642,1,0,0,0,0,1,1,2019,5,State,All,Education,state,99,Goa,NA,Higher,NA,NA,NA,NA
831,1,0.430151194,0.116422027,0,0.453426778,0,1,2019,5,State,urban/rural,Education,statesector,0,Goa,NA,No education / Preschool,NA,NA,NA,NA
832,1,0.171015292,0.20271562,0.387434214,0.238834873,0,1,2019,5,State,urban/rural,Education,statesector,0,Goa,NA,Primary,NA,NA,NA,NA
833,1,0,0.610808492,0.389191508,0,0,1,2019,5,State,urban/rural,Education,statesector,0,Goa,NA,Secondary,NA,NA,NA,NA
834,1,0,0,0,0,1,1,2019,5,State,urban/rural,Education,statesector,0,Goa,NA,Higher,NA,NA,NA,NA
835,1,0,0,0.616263628,0.383736402,0,1,2019,5,State,urban/rural,Education,statesector,1,Goa,NA,No education / Preschool,NA,NA,NA,NA
836,1,0.862617433,0.137382552,0,0,0,1,2019,5,State,urban/rural,Education,statesector,1,Goa,NA,Primary,NA,NA,NA,NA
837,1,0,0.34484157,0.655158401,0,0,1,2019,5,State,urban/rural,Education,statesector,1,Goa,NA,Secondary,NA,NA,NA,NA
1088,1,0.162611023,0.236919671,0.366741538,0.187590286,0.046137482,1,2019,5,State,All,Gender,state,99,Goa,NA,NA,1,NA,NA,NA
1089,1,0.305386394,0.148523852,0.224178836,0.321910918,0,1,2019,5,State,All,Gender,state,99,Goa,NA,NA,2,NA,NA,NA
1196,1,0.142078459,0.258030415,0.343349814,0.198422536,0.058118775,1,2019,5,State,urban/rural,Gender,statesector,0,Goa,NA,NA,1,NA,NA,NA
1197,1,0.305386394,0.148523852,0.224178836,0.321910918,0,1,2019,5,State,urban/rural,Gender,statesector,0,Goa,NA,NA,2,NA,NA,NA
1198,1,0.241677731,0.15562658,0.456818163,0.14587751,0,1,2019,5,State,urban/rural,Gender,statesector,1,Goa,NA,NA,1,NA,NA,NA
1369,1,0.604692817,0.395307153,0,0,0,1,2019,5,State,All,HH Size,state,99,Goa,NA,NA,NA,1,NA,NA
1370,1,0,0.311424106,0.125450298,0.56312561,0,1,2019,5,State,All,HH Size,state,99,Goa,NA,NA,NA,2 to 3,NA,NA
1371,1,0.090711981,0.259630114,0.417533964,0.148120955,0.084002994,1,2019,5,State,All,HH Size,state,99,Goa,NA,NA,NA,4 to 6,NA,NA
1372,1,0.450784385,0,0.549215615,0,0,1,2019,5,State,All,HH Size,state,99,Goa,NA,NA,NA,7+,NA,NA
1541,1,0.672790289,0.327209741,0,0,0,1,2019,5,State,urban/rural,HH Size,statesector,0,Goa,NA,NA,NA,1,NA,NA
1542,1,0,0.2788831,0.155929178,0.565187693,0,1,2019,5,State,urban/rural,HH Size,statesector,0,Goa,NA,NA,NA,2 to 3,NA,NA
1543,1,0,0.351885915,0.333508223,0.200753599,0.113852248,1,2019,5,State,urban/rural,HH Size,statesector,0,Goa,NA,NA,NA,4 to 6,NA,NA
1544,1,0.450784385,0,0.549215615,0,0,1,2019,5,State,urban/rural,HH Size,statesector,0,Goa,NA,NA,NA,7+,NA,NA
1545,1,0,1,0,0,0,1,2019,5,State,urban/rural,HH Size,statesector,1,Goa,NA,NA,NA,1,NA,NA
1546,1,0,0.445362002,0,0.554638028,0,1,2019,5,State,urban/rural,HH Size,statesector,1,Goa,NA,NA,NA,2 to 3,NA,NA
1547,1,0.345997334,0,0.654002666,0,0,1,2019,5,State,urban/rural,HH Size,statesector,1,Goa,NA,NA,NA,4 to 6,NA,NA
1772,1,0.339488983,0.204266578,0.338894606,0.117349841,0,1,2019,5,State,All,Owns House,state,99,Goa,NA,NA,NA,NA,0,NA
1773,1,0.051025677,0.242270231,0.354792267,0.278854489,0.073057316,1,2019,5,State,All,Owns House,state,99,Goa,NA,NA,NA,NA,1,NA
1860,1,0.374508083,0.289846033,0.243800223,0.091845654,0,1,2019,5,State,urban/rural,Owns House,statesector,0,Goa,NA,NA,NA,NA,0,NA
1861,1,0.05305434,0.212144658,0.368898004,0.289941102,0.075961903,1,2019,5,State,urban/rural,Owns House,statesector,0,Goa,NA,NA,NA,NA,1,NA
1862,1,0.273743004,0.043596976,0.517427802,0.165232211,0,1,2019,5,State,urban/rural,Owns House,statesector,1,Goa,NA,NA,NA,NA,0,NA
1863,1,0,1,0,0,0,1,2019,5,State,urban/rural,Owns House,statesector,1,Goa,NA,NA,NA,NA,1,NA
1991,1,0.206340417,0.255425245,0.259501547,0.233402729,0.045330077,1,2019,5,State,All,Agri Land,state,99,Goa,NA,NA,NA,NA,NA,0
1992,1,0,0,1,0,0,1,2019,5,State,All,Agri Land,state,99,Goa,NA,NA,NA,NA,NA,1
2078,1,0.197365165,0.280772895,0.209385484,0.255633086,0.05684337,1,2019,5,State,urban/rural,Agri Land,statesector,0,Goa,NA,NA,NA,NA,NA,0
2079,1,0,0,1,0,0,1,2019,5,State,urban/rural,Agri Land,statesector,0,Goa,NA,NA,NA,NA,NA,1
2080,1,0.241677731,0.15562658,0.456818163,0.14587751,0,1,2019,5,State,urban/rural,Agri Land,statesector,1,Goa,NA,NA,NA,NA,NA,0
2193,1,0.00574314,0.430833399,0.327278644,0.194762737,0.041382078,1,2015,4,State,All,All Households,state,99,Goa,NA,NA,NA,NA,NA,NA
2237,1,0.010822413,0.563147962,0.312045038,0.073976278,0.040008288,1,2015,4,State,urban/rural,All Households,statesector,0,Goa,NA,NA,NA,NA,NA,NA
2238,1,0,0.281225175,0.344503284,0.331336111,0.042935424,1,2015,4,State,urban/rural,All Households,statesector,1,Goa,NA,NA,NA,NA,NA,NA
2342,1,0,0.411661059,0.12687242,0.461466521,0,1,2015,4,State,All,Age,state,99,Goa,15 to 29,NA,NA,NA,NA,NA
2343,1,0,0.401423991,0.43818599,0.160390005,0,1,2015,4,State,All,Age,state,99,Goa,30 to 45,NA,NA,NA,NA,NA
2344,1,0,0.513890445,0.21060662,0.222791627,0.052711278,1,2015,4,State,All,Age,state,99,Goa,46 to 64,NA,NA,NA,NA,NA
2345,1,0.032597087,0.303997338,0.549032807,0,0.114372775,1,2015,4,State,All,Age,state,99,Goa,65+,NA,NA,NA,NA,NA
2531,1,0,1,0,0,0,1,2015,4,State,urban/rural,Age,statesector,0,Goa,15 to 29,NA,NA,NA,NA,NA
2532,1,0,0.691809237,0.308190763,0,0,1,2015,4,State,urban/rural,Age,statesector,0,Goa,30 to 45,NA,NA,NA,NA,NA
2533,1,0,0.550865948,0.226207942,0.144679621,0.078246489,1,2015,4,State,urban/rural,Age,statesector,0,Goa,46 to 64,NA,NA,NA,NA,NA
2534,1,0.05364098,0.402462244,0.543896794,0,0,1,2015,4,State,urban/rural,Age,statesector,0,Goa,65+,NA,NA,NA,NA,NA
2535,1,0,0.396797866,0.1300776,0.473124534,0,1,2015,4,State,urban/rural,Age,statesector,1,Goa,15 to 29,NA,NA,NA,NA,NA
2536,1,0,0.107277907,0.56986481,0.322857261,0,1,2015,4,State,urban/rural,Age,statesector,1,Goa,30 to 45,NA,NA,NA,NA,NA
2537,1,0,0.437563509,0.178401455,0.384035051,0,1,2015,4,State,urban/rural,Age,statesector,1,Goa,46 to 64,NA,NA,NA,NA,NA
2538,1,0,0.151474759,0.556988478,0,0.291536748,1,2015,4,State,urban/rural,Age,statesector,1,Goa,65+,NA,NA,NA,NA,NA
2815,1,0.011589333,0.465497702,0.348795384,0.133454308,0.040663272,1,2015,4,State,All,Education,state,99,Goa,NA,No education / Preschool,NA,NA,NA,NA
2816,1,0,0.335357457,0.299892664,0.31307441,0.051675439,1,2015,4,State,All,Education,state,99,Goa,NA,Primary,NA,NA,NA,NA
2817,1,0,0.612000942,0.387999058,0,0,1,2015,4,State,All,Education,state,99,Goa,NA,Secondary,NA,NA,NA,NA
2818,1,0,1,0,0,0,1,2015,4,State,All,Education,state,99,Goa,NA,Higher,NA,NA,NA,NA
3013,1,0.026330119,0.608573675,0.323532254,0.041563936,0,1,2015,4,State,urban/rural,Education,statesector,0,Goa,NA,No education / Preschool,NA,NA,NA,NA
3014,1,0,0.473348796,0.318365157,0.12228898,0.085997045,1,2015,4,State,urban/rural,Education,statesector,0,Goa,NA,Primary,NA,NA,NA,NA
3015,1,0,0.749872446,0.250127554,0,0,1,2015,4,State,urban/rural,Education,statesector,0,Goa,NA,Secondary,NA,NA,NA,NA
3016,1,0,0.353010148,0.36865747,0.20569931,0.072633088,1,2015,4,State,urban/rural,Education,statesector,1,Goa,NA,No education / Preschool,NA,NA,NA,NA
3017,1,0,0.127594352,0.272080004,0.600325644,0,1,2015,4,State,urban/rural,Education,statesector,1,Goa,NA,Primary,NA,NA,NA,NA
3018,1,0,0,1,0,0,1,2015,4,State,urban/rural,Education,statesector,1,Goa,NA,Secondary,NA,NA,NA,NA
3019,1,0,1,0,0,0,1,2015,4,State,urban/rural,Education,statesector,1,Goa,NA,Higher,NA,NA,NA,NA
3275,1,0,0.425260335,0.345848352,0.204439253,0.02445206,1,2015,4,State,All,Gender,state,99,Goa,NA,NA,1,NA,NA,NA
3276,1,0.043601125,0.467570275,0.204869643,0.130976528,0.152982429,1,2015,4,State,All,Gender,state,99,Goa,NA,NA,2,NA,NA,NA
3381,1,0,0.553493559,0.348553419,0.049852811,0.0481002,1,2015,4,State,urban/rural,Gender,statesector,0,Goa,NA,NA,1,NA,NA,NA
3382,1,0.064330958,0.610881686,0.131539017,0.193248346,0,1,2015,4,State,urban/rural,Gender,statesector,0,Goa,NA,NA,2,NA,NA,NA
3383,1,0,0.292667806,0.343051314,0.364280879,0,1,2015,4,State,urban/rural,Gender,statesector,1,Goa,NA,NA,1,NA,NA,NA
3384,1,0,0.166142941,0.359106183,0,0.474750876,1,2015,4,State,urban/rural,Gender,statesector,1,Goa,NA,NA,2,NA,NA,NA
3558,1,0,0.876027644,0.123972356,0,0,1,2015,4,State,All,HH Size,state,99,Goa,NA,NA,NA,1,NA,NA
3559,1,0.03078525,0.608450115,0.261920005,0.098844625,0,1,2015,4,State,All,HH Size,state,99,Goa,NA,NA,NA,2 to 3,NA,NA
3560,1,0,0.384136707,0.366393507,0.213620409,0.0358494,1,2015,4,State,All,HH Size,state,99,Goa,NA,NA,NA,4 to 6,NA,NA
3561,1,0,0.350547969,0.306705505,0.248824701,0.093921818,1,2015,4,State,All,HH Size,state,99,Goa,NA,NA,NA,7+,NA,NA
3748,1,0,0.678860545,0.321139425,0,0,1,2015,4,State,urban/rural,HH Size,statesector,0,Goa,NA,NA,NA,1,NA,NA
3749,1,0.04733349,0.827315867,0.057881456,0.067469217,0,1,2015,4,State,urban/rural,HH Size,statesector,0,Goa,NA,NA,NA,2 to 3,NA,NA
3750,1,0,0.5039047,0.463658363,0.0324369,0,1,2015,4,State,urban/rural,HH Size,statesector,0,Goa,NA,NA,NA,4 to 6,NA,NA
3751,1,0,0.424702317,0.215229094,0.183255538,0.176813051,1,2015,4,State,urban/rural,HH Size,statesector,0,Goa,NA,NA,NA,7+,NA,NA
3752,1,0,1,0,0,0,1,2015,4,State,urban/rural,HH Size,statesector,1,Goa,NA,NA,NA,1,NA,NA
3753,1,0,0.201286808,0.641499817,0.15721336,0,1,2015,4,State,urban/rural,HH Size,statesector,1,Goa,NA,NA,NA,2 to 3,NA,NA
3754,1,0,0.265685558,0.270198107,0.392811745,0.071304627,1,2015,4,State,urban/rural,HH Size,statesector,1,Goa,NA,NA,NA,4 to 6,NA,NA
3755,1,0,0.266525686,0.410354972,0.323119342,0,1,2015,4,State,urban/rural,HH Size,statesector,1,Goa,NA,NA,NA,7+,NA,NA
4002,1,0,0.347129732,0.412456661,0.240413591,0,1,2015,4,State,All,Owns House,state,99,Goa,NA,NA,NA,NA,0,NA
4003,1,0.010828441,0.504949391,0.251857162,0.154340878,0.078024119,1,2015,4,State,All,Owns House,state,99,Goa,NA,NA,NA,NA,1,NA
4109,1,0,0.488707155,0.333840013,0.177452847,0,1,2015,4,State,urban/rural,Owns House,statesector,0,Goa,NA,NA,NA,NA,0,NA
4110,1,0.018559448,0.616366386,0.296463609,0,0.068610556,1,2015,4,State,urban/rural,Owns House,statesector,0,Goa,NA,NA,NA,NA,1,NA
4111,1,0,0.221040353,0.482472956,0.296486676,0,1,2015,4,State,urban/rural,Owns House,statesector,1,Goa,NA,NA,NA,NA,0,NA
4112,1,0,0.348893106,0.189379111,0.370518565,0.091209225,1,2015,4,State,urban/rural,Owns House,statesector,1,Goa,NA,NA,NA,NA,1,NA
4261,1,0.006969883,0.391354591,0.32135725,0.230096951,0.05022135,1,2015,4,State,All,Agri Land,state,99,Goa,NA,NA,NA,NA,NA,0
4262,1,0,0.615658104,0.355000317,0.029341543,0,1,2015,4,State,All,Agri Land,state,99,Goa,NA,NA,NA,NA,NA,1
4368,1,0.015738152,0.521997809,0.310657501,0.093425743,0.05818079,1,2015,4,State,urban/rural,Agri Land,statesector,0,Goa,NA,NA,NA,NA,NA,0
4369,1,0,0.653743565,0.315099806,0.03115665,0,1,2015,4,State,urban/rural,Agri Land,statesector,0,Goa,NA,NA,NA,NA,NA,1
4370,1,0,0.287506491,0.329862446,0.338736653,0.043894406,1,2015,4,State,urban/rural,Agri Land,statesector,1,Goa,NA,NA,NA,NA,NA,0
4371,1,0,0,1,0,0,1,2015,4,State,urban/rural,Agri Land,statesector,1,Goa,NA,NA,NA,NA,NA,1
14,1,0.551990926,0.289213866,0.095461249,0.045978826,0.017355124,1,2019,5,State,All,All Households,state,99,Gujarat,NA,NA,NA,NA,NA,NA
60,1,0.598527491,0.301162422,0.077492811,0.021773055,0.001044196,1,2019,5,State,urban/rural,All Households,statesector,0,Gujarat,NA,NA,NA,NA,NA,NA
61,1,0.220535502,0.204110667,0.2234409,0.218383715,0.133529216,1,2019,5,State,urban/rural,All Households,statesector,1,Gujarat,NA,NA,NA,NA,NA,NA
169,1,0.533963323,0.301384717,0.097855203,0.052560683,0.014236083,1,2019,5,State,All,Age,state,99,Gujarat,15 to 29,NA,NA,NA,NA,NA
170,1,0.547858179,0.286755711,0.099473312,0.049119804,0.016792988,1,2019,5,State,All,Age,state,99,Gujarat,30 to 45,NA,NA,NA,NA,NA
171,1,0.543313444,0.285400093,0.099374823,0.053388961,0.018522678,1,2019,5,State,All,Age,state,99,Gujarat,46 to 64,NA,NA,NA,NA,NA
172,1,0.606080949,0.299618274,0.06851542,0.007821815,0.017963573,1,2019,5,State,All,Age,state,99,Gujarat,65+,NA,NA,NA,NA,NA
173,1,NA,NA,NA,NA,NA,0,2019,5,State,All,Age,state,99,Gujarat,NA,NA,NA,NA,NA,NA
364,1,0.610045731,0.337923169,0.038376573,0.011998716,0.001655799,1,2019,5,State,urban/rural,Age,statesector,0,Gujarat,15 to 29,NA,NA,NA,NA,NA
365,1,0.599907637,0.302094966,0.079122424,0.018196186,0.000678751,1,2019,5,State,urban/rural,Age,statesector,0,Gujarat,30 to 45,NA,NA,NA,NA,NA
366,1,0.580875099,0.294329315,0.089800194,0.033386275,0.001609135,1,2019,5,State,urban/rural,Age,statesector,0,Gujarat,46 to 64,NA,NA,NA,NA,NA
367,1,0.64034903,0.293491274,0.062208075,0.003951584,0,1,2019,5,State,urban/rural,Age,statesector,0,Gujarat,65+,NA,NA,NA,NA,NA
368,1,NA,NA,NA,NA,NA,0,2019,5,State,urban/rural,Age,statesector,0,Gujarat,NA,NA,NA,NA,NA,NA
369,1,0.166946232,0.125125378,0.384776592,0.248229191,0.074922621,1,2019,5,State,urban/rural,Age,statesector,1,Gujarat,15 to 29,NA,NA,NA,NA,NA
370,1,0.237735793,0.195360959,0.220728457,0.233369604,0.112805195,1,2019,5,State,urban/rural,Age,statesector,1,Gujarat,30 to 45,NA,NA,NA,NA,NA
371,1,0.203939557,0.204723477,0.185882747,0.23411563,0.171338573,1,2019,5,State,urban/rural,Age,statesector,1,Gujarat,46 to 64,NA,NA,NA,NA,NA
372,1,0.266162723,0.360393971,0.1310803,0.046212066,0.196150929,1,2019,5,State,urban/rural,Age,statesector,1,Gujarat,65+,NA,NA,NA,NA,NA
643,1,0.624144793,0.261880368,0.081287287,0.028376048,0.004311536,1,2019,5,State,All,Education,state,99,Gujarat,NA,No education / Preschool,NA,NA,NA,NA
644,1,0.489751279,0.30935955,0.122090705,0.063679613,0.015118851,1,2019,5,State,All,Education,state,99,Gujarat,NA,Primary,NA,NA,NA,NA
645,1,0.482869089,0.325794697,0.098155409,0.059597921,0.033582896,1,2019,5,State,All,Education,state,99,Gujarat,NA,Secondary,NA,NA,NA,NA
646,1,0.348817259,0.251221031,0.046942633,0.107862651,0.245156422,1,2019,5,State,All,Education,state,99,Gujarat,NA,Higher,NA,NA,NA,NA
647,1,0.440688014,0,0.559311986,0,0,1,2019,5,State,All,Education,state,99,Gujarat,NA,NA,NA,NA,NA,NA
838,1,0.661884248,0.266576439,0.060209792,0.011329516,0,1,2019,5,State,urban/rural,Education,statesector,0,Gujarat,NA,No education / Preschool,NA,NA,NA,NA
839,1,0.54748559,0.324480325,0.098947421,0.027606629,0.001480008,1,2019,5,State,urban/rural,Education,statesector,0,Gujarat,NA,Primary,NA,NA,NA,NA
840,1,0.527401268,0.347135425,0.092155844,0.031617146,0.001690314,1,2019,5,State,urban/rural,Education,statesector,0,Gujarat,NA,Secondary,NA,NA,NA,NA
841,1,0.431194216,0.337216109,0.063011497,0.144784957,0.023793239,1,2019,5,State,urban/rural,Education,statesector,0,Gujarat,NA,Higher,NA,NA,NA,NA
842,1,1,0,0,0,0,1,2019,5,State,urban/rural,Education,statesector,0,Gujarat,NA,NA,NA,NA,NA,NA
843,1,0.30045262,0.221601903,0.262069374,0.174584463,0.04129165,1,2019,5,State,urban/rural,Education,statesector,1,Gujarat,NA,No education / Preschool,NA,NA,NA,NA
844,1,0.190760642,0.231053099,0.241943583,0.250491917,0.085750759,1,2019,5,State,urban/rural,Education,statesector,1,Gujarat,NA,Primary,NA,NA,NA,NA
845,1,0.130754188,0.157054067,0.145593867,0.280841202,0.285756707,1,2019,5,State,urban/rural,Education,statesector,1,Gujarat,NA,Secondary,NA,NA,NA,NA
846,1,0.108166069,0,0,0,0.891833961,1,2019,5,State,urban/rural,Education,statesector,1,Gujarat,NA,Higher,NA,NA,NA,NA
847,1,0,0,1,0,0,1,2019,5,State,urban/rural,Education,statesector,1,Gujarat,NA,NA,NA,NA,NA,NA
1090,1,0.544719517,0.294446558,0.0956937,0.046868276,0.018271958,1,2019,5,State,All,Gender,state,99,Gujarat,NA,NA,1,NA,NA,NA
1091,1,0.610606492,0.247032717,0.093587451,0.038808901,0.009964446,1,2019,5,State,All,Gender,state,99,Gujarat,NA,NA,2,NA,NA,NA
1092,1,NA,NA,NA,NA,NA,0,2019,5,State,All,Gender,state,99,Gujarat,NA,NA,NA,NA,NA,NA
1199,1,0.588640571,0.307544261,0.079626426,0.023019396,0.001169333,1,2019,5,State,urban/rural,Gender,statesector,0,Gujarat,NA,NA,1,NA,NA,NA
1200,1,0.681028366,0.247909546,0.059689038,0.011373051,0,1,2019,5,State,urban/rural,Gender,statesector,0,Gujarat,NA,NA,2,NA,NA,NA
1201,1,NA,NA,NA,NA,NA,0,2019,5,State,urban/rural,Gender,statesector,0,Gujarat,NA,NA,NA,NA,NA,NA
1202,1,0.222072065,0.198229805,0.21372509,0.222063929,0.143909112,1,2019,5,State,urban/rural,Gender,statesector,1,Gujarat,NA,NA,1,NA,NA,NA
1203,1,0.210622042,0.242052451,0.286124766,0.194639936,0.066560827,1,2019,5,State,urban/rural,Gender,statesector,1,Gujarat,NA,NA,2,NA,NA,NA
1373,1,0.86517489,0.13482514,0,0,0,1,2019,5,State,All,HH Size,state,99,Gujarat,NA,NA,NA,1,NA,NA
1374,1,0.679008663,0.246908829,0.040798202,0.022296321,0.010988003,1,2019,5,State,All,HH Size,state,99,Gujarat,NA,NA,NA,2 to 3,NA,NA
1375,1,0.553245783,0.290499926,0.09502501,0.042451438,0.01877784,1,2019,5,State,All,HH Size,state,99,Gujarat,NA,NA,NA,4 to 6,NA,NA
1376,1,0.492342979,0.309758723,0.118881308,0.06035189,0.018665075,1,2019,5,State,All,HH Size,state,99,Gujarat,NA,NA,NA,7+,NA,NA
1548,1,0.882061541,0.117938459,0,0,0,1,2019,5,State,urban/rural,HH Size,statesector,0,Gujarat,NA,NA,NA,1,NA,NA
1549,1,0.712796688,0.248318285,0.027368253,0.011516768,0,1,2019,5,State,urban/rural,HH Size,statesector,0,Gujarat,NA,NA,NA,2 to 3,NA,NA
1550,1,0.596775174,0.308433086,0.075469449,0.018752892,0.000569417,1,2019,5,State,urban/rural,HH Size,statesector,0,Gujarat,NA,NA,NA,4 to 6,NA,NA
1551,1,0.545171142,0.321002781,0.101565868,0.030220492,0.002039735,1,2019,5,State,urban/rural,HH Size,statesector,0,Gujarat,NA,NA,NA,7+,NA,NA
1552,1,0.645647287,0.354352742,0,0,0,1,2019,5,State,urban/rural,HH Size,statesector,1,Gujarat,NA,NA,NA,1,NA,NA
1553,1,0.360429823,0.233619422,0.167425752,0.123933941,0.114591062,1,2019,5,State,urban/rural,HH Size,statesector,1,Gujarat,NA,NA,NA,2 to 3,NA,NA
1554,1,0.23187463,0.158101916,0.239400968,0.217414439,0.153208047,1,2019,5,State,urban/rural,HH Size,statesector,1,Gujarat,NA,NA,NA,4 to 6,NA,NA
1555,1,0.165932581,0.240284979,0.225868598,0.246525422,0.12138842,1,2019,5,State,urban/rural,HH Size,statesector,1,Gujarat,NA,NA,NA,7+,NA,NA
1774,1,0.487131089,0.305816293,0.152348652,0.035937943,0.018766019,1,2019,5,State,All,Owns House,state,99,Gujarat,NA,NA,NA,NA,0,NA
1775,1,0.566838384,0.285413295,0.082438789,0.048277352,0.017032146,1,2019,5,State,All,Owns House,state,99,Gujarat,NA,NA,NA,NA,1,NA
1864,1,0.539473116,0.32433179,0.115635015,0.019031556,0.001528483,1,2019,5,State,urban/rural,Owns House,statesector,0,Gujarat,NA,NA,NA,NA,0,NA
1865,1,0.61091882,0.296300828,0.069489472,0.022348301,0.000942579,1,2019,5,State,urban/rural,Owns House,statesector,0,Gujarat,NA,NA,NA,NA,1,NA
1866,1,0.254308194,0.223457471,0.315654695,0.111139275,0.09544035,1,2019,5,State,urban/rural,Owns House,statesector,1,Gujarat,NA,NA,NA,NA,0,NA
1867,1,0.207550153,0.196671963,0.187985376,0.259618402,0.148174107,1,2019,5,State,urban/rural,Owns House,statesector,1,Gujarat,NA,NA,NA,NA,1,NA
1993,1,0.462260365,0.304342747,0.138223395,0.065219752,0.02995375,1,2019,5,State,All,Agri Land,state,99,Gujarat,NA,NA,NA,NA,NA,0
1994,1,0.636664927,0.27493754,0.055108868,0.027822183,0.005466464,1,2019,5,State,All,Agri Land,state,99,Gujarat,NA,NA,NA,NA,NA,1
2081,1,0.532536924,0.333794087,0.112338208,0.019529104,0.001801669,1,2019,5,State,urban/rural,Agri Land,statesector,0,Gujarat,NA,NA,NA,NA,NA,0
2082,1,0.648271859,0.27656436,0.051226012,0.023464566,0.000473205,1,2019,5,State,urban/rural,Agri Land,statesector,0,Gujarat,NA,NA,NA,NA,NA,1
2083,1,0.21838145,0.202138633,0.228052065,0.223778725,0.127649143,1,2019,5,State,urban/rural,Agri Land,statesector,1,Gujarat,NA,NA,NA,NA,NA,0
2084,1,0.236660644,0.218873218,0.188922107,0.177996919,0.177547112,1,2019,5,State,urban/rural,Agri Land,statesector,1,Gujarat,NA,NA,NA,NA,NA,1
2194,1,0.323500037,0.443245053,0.17355831,0.043571819,0.016124774,1,2015,4,State,All,All Households,state,99,Gujarat,NA,NA,NA,NA,NA,NA
2239,1,0.348566294,0.465955883,0.157049686,0.026236199,0.00219195,1,2015,4,State,urban/rural,All Households,statesector,0,Gujarat,NA,NA,NA,NA,NA,NA
2240,1,0.16379115,0.29854387,0.278742462,0.154025182,0.104897328,1,2015,4,State,urban/rural,All Households,statesector,1,Gujarat,NA,NA,NA,NA,NA,NA
2346,1,0.274426401,0.403116047,0.246029526,0.067920551,0.008507474,1,2015,4,State,All,Age,state,99,Gujarat,15 to 29,NA,NA,NA,NA,NA
2347,1,0.318210959,0.459079891,0.171939299,0.043869775,0.006900074,1,2015,4,State,All,Age,state,99,Gujarat,30 to 45,NA,NA,NA,NA,NA
2348,1,0.319251329,0.443799466,0.16915457,0.042178687,0.025615947,1,2015,4,State,All,Age,state,99,Gujarat,46 to 64,NA,NA,NA,NA,NA
2349,1,0.39059937,0.421933979,0.137842625,0.028816668,0.020807348,1,2015,4,State,All,Age,state,99,Gujarat,65+,NA,NA,NA,NA,NA
2350,1,0.705207765,0,0.294792235,0,0,1,2015,4,State,All,Age,state,99,Gujarat,NA,NA,NA,NA,NA,NA
2539,1,0.302132845,0.428052306,0.20197989,0.062677547,0.005157413,1,2015,4,State,urban/rural,Age,statesector,0,Gujarat,15 to 29,NA,NA,NA,NA,NA
2540,1,0.346221149,0.484328508,0.15087004,0.018133095,0.000447206,1,2015,4,State,urban/rural,Age,statesector,0,Gujarat,30 to 45,NA,NA,NA,NA,NA
2541,1,0.341770023,0.46443668,0.161290184,0.029683741,0.00281938,1,2015,4,State,urban/rural,Age,statesector,0,Gujarat,46 to 64,NA,NA,NA,NA,NA
2542,1,0.407468349,0.44242847,0.131422445,0.015215721,0.003465032,1,2015,4,State,urban/rural,Age,statesector,0,Gujarat,65+,NA,NA,NA,NA,NA
2543,1,0.705207765,0,0.294792235,0,0,1,2015,4,State,urban/rural,Age,statesector,0,Gujarat,NA,NA,NA,NA,NA,NA
2544,1,0.160175353,0.300288141,0.427673876,0.089540735,0.022321874,1,2015,4,State,urban/rural,Age,statesector,1,Gujarat,15 to 29,NA,NA,NA,NA,NA
2545,1,0.165994585,0.321870506,0.286436528,0.183731318,0.041967072,1,2015,4,State,urban/rural,Age,statesector,1,Gujarat,30 to 45,NA,NA,NA,NA,NA
2546,1,0.146064848,0.285082996,0.229637906,0.13827467,0.200939551,1,2015,4,State,urban/rural,Age,statesector,1,Gujarat,46 to 64,NA,NA,NA,NA,NA
2547,1,0.228445545,0.224929899,0.199556813,0.159556478,0.187511265,1,2015,4,State,urban/rural,Age,statesector,1,Gujarat,65+,NA,NA,NA,NA,NA
2819,1,0.391921818,0.43062216,0.14141205,0.030404938,0.005639045,1,2015,4,State,All,Education,state,99,Gujarat,NA,No education / Preschool,NA,NA,NA,NA
2820,1,0.287377298,0.439428806,0.211189687,0.055115238,0.006888954,1,2015,4,State,All,Education,state,99,Gujarat,NA,Primary,NA,NA,NA,NA
2821,1,0.240709707,0.466328859,0.197260633,0.054103903,0.041596878,1,2015,4,State,All,Education,state,99,Gujarat,NA,Secondary,NA,NA,NA,NA
2822,1,0.178635538,0.507140458,0.104033321,0.121107623,0.089083046,1,2015,4,State,All,Education,state,99,Gujarat,NA,Higher,NA,NA,NA,NA
2823,1,0.193793803,0.527430654,0.278775543,0,0,1,2015,4,State,All,Education,state,99,Gujarat,NA,NA,NA,NA,NA,NA
3020,1,0.415938586,0.4422566,0.126207873,0.014444964,0.001151956,1,2015,4,State,urban/rural,Education,statesector,0,Gujarat,NA,No education / Preschool,NA,NA,NA,NA
3021,1,0.319003969,0.469208658,0.178915024,0.030471746,0.002400586,1,2015,4,State,urban/rural,Education,statesector,0,Gujarat,NA,Primary,NA,NA,NA,NA
3022,1,0.261860579,0.497890085,0.192534402,0.043741159,0.003973773,1,2015,4,State,urban/rural,Education,statesector,0,Gujarat,NA,Secondary,NA,NA,NA,NA
3023,1,0.221760139,0.629569769,0.120230906,0.028439183,0,1,2015,4,State,urban/rural,Education,statesector,0,Gujarat,NA,Higher,NA,NA,NA,NA
3024,1,0.208995461,0.583556473,0.207448065,0,0,1,2015,4,State,urban/rural,Education,statesector,0,Gujarat,NA,NA,NA,NA,NA,NA
3025,1,0.240448385,0.357243836,0.237304553,0.131064206,0.033939034,1,2015,4,State,urban/rural,Education,statesector,1,Gujarat,NA,No education / Preschool,NA,NA,NA,NA
3026,1,0.104316875,0.267058015,0.398000807,0.197755903,0.032868385,1,2015,4,State,urban/rural,Education,statesector,1,Gujarat,NA,Primary,NA,NA,NA,NA
3027,1,0.086307921,0.235931531,0.231762201,0.129752129,0.316246212,1,2015,4,State,urban/rural,Education,statesector,1,Gujarat,NA,Secondary,NA,NA,NA,NA
3028,1,0,0,0.03693784,0.504969299,0.458092868,1,2015,4,State,urban/rural,Education,statesector,1,Gujarat,NA,Higher,NA,NA,NA,NA
3029,1,0.050939348,0,0.949060678,0,0,1,2015,4,State,urban/rural,Education,statesector,1,Gujarat,NA,NA,NA,NA,NA,NA
3277,1,0.316725194,0.445342898,0.17588529,0.045826543,0.016220041,1,2015,4,State,All,Gender,state,99,Gujarat,NA,NA,1,NA,NA,NA
3278,1,0.375602961,0.427111238,0.155662194,0.026231505,0.01539211,1,2015,4,State,All,Gender,state,99,Gujarat,NA,NA,2,NA,NA,NA
3279,1,NA,NA,NA,NA,NA,0,2015,4,State,All,Gender,state,99,Gujarat,NA,NA,NA,NA,NA,NA
3385,1,0.340810567,0.46770677,0.161397204,0.028729565,0.001355913,1,2015,4,State,urban/rural,Gender,statesector,0,Gujarat,NA,NA,1,NA,NA,NA
3386,1,0.410210073,0.45203954,0.122494936,0.00641853,0.008836905,1,2015,4,State,urban/rural,Gender,statesector,0,Gujarat,NA,NA,2,NA,NA,NA
3387,1,NA,NA,NA,NA,NA,0,2015,4,State,urban/rural,Gender,statesector,0,Gujarat,NA,NA,NA,NA,NA,NA
3388,1,0.158930004,0.298826188,0.270804048,0.157837391,0.11360237,1,2015,4,State,urban/rural,Gender,statesector,1,Gujarat,NA,NA,1,NA,NA,NA
3389,1,0.194630891,0.2967529,0.329104692,0.129840076,0.049671438,1,2015,4,State,urban/rural,Gender,statesector,1,Gujarat,NA,NA,2,NA,NA,NA
3562,1,0.612553775,0.346872121,0.035995405,0.00457871,0,1,2015,4,State,All,HH Size,state,99,Gujarat,NA,NA,NA,1,NA,NA
3563,1,0.406587899,0.435426444,0.129152849,0.024769712,0.004063091,1,2015,4,State,All,HH Size,state,99,Gujarat,NA,NA,NA,2 to 3,NA,NA
3564,1,0.321781456,0.449806571,0.179597676,0.038469728,0.010344591,1,2015,4,State,All,HH Size,state,99,Gujarat,NA,NA,NA,4 to 6,NA,NA
3565,1,0.294436574,0.441225082,0.182893038,0.055318922,0.026126396,1,2015,4,State,All,HH Size,state,99,Gujarat,NA,NA,NA,7+,NA,NA
3566,1,NA,NA,NA,NA,NA,0,2015,4,State,All,HH Size,state,99,Gujarat,NA,NA,NA,NA,NA,NA
3756,1,0.638675988,0.339822233,0.016389566,0.005112219,0,1,2015,4,State,urban/rural,HH Size,statesector,0,Gujarat,NA,NA,NA,1,NA,NA
3757,1,0.439263195,0.452798724,0.098361105,0.007974937,0.001602031,1,2015,4,State,urban/rural,HH Size,statesector,0,Gujarat,NA,NA,NA,2 to 3,NA,NA
3758,1,0.353265464,0.474269122,0.152279243,0.019212613,0.00097356,1,2015,4,State,urban/rural,HH Size,statesector,0,Gujarat,NA,NA,NA,4 to 6,NA,NA
3759,1,0.311070383,0.464671284,0.181565151,0.038985424,0.003707758,1,2015,4,State,urban/rural,HH Size,statesector,0,Gujarat,NA,NA,NA,7+,NA,NA
3760,1,NA,NA,NA,NA,NA,0,2015,4,State,urban/rural,HH Size,statesector,0,Gujarat,NA,NA,NA,NA,NA,NA
3761,1,0.388366163,0.407376111,0.204257712,0,0,1,2015,4,State,urban/rural,HH Size,statesector,1,Gujarat,NA,NA,NA,1,NA,NA
3762,1,0.209097311,0.330427885,0.315259099,0.126277894,0.018937819,1,2015,4,State,urban/rural,HH Size,statesector,1,Gujarat,NA,NA,NA,2 to 3,NA,NA
3763,1,0.143568173,0.311337799,0.334231913,0.147473395,0.063388713,1,2015,4,State,urban/rural,HH Size,statesector,1,Gujarat,NA,NA,NA,4 to 6,NA,NA
3764,1,0.17144075,0.267856389,0.19271192,0.176093996,0.19189693,1,2015,4,State,urban/rural,HH Size,statesector,1,Gujarat,NA,NA,NA,7+,NA,NA
4004,1,0.323692918,0.423495024,0.19305788,0.052633345,0.00712083,1,2015,4,State,All,Owns House,state,99,Gujarat,NA,NA,NA,NA,0,NA
4005,1,0.323463231,0.447015256,0.16983591,0.04184201,0.017843591,1,2015,4,State,All,Owns House,state,99,Gujarat,NA,NA,NA,NA,1,NA
4006,1,NA,NA,NA,NA,NA,0,2015,4,State,All,Owns House,state,99,Gujarat,NA,NA,NA,NA,NA,NA
4113,1,0.354041517,0.472137988,0.153394952,0.017885171,0.00254037,1,2015,4,State,urban/rural,Owns House,statesector,0,Gujarat,NA,NA,NA,NA,0,NA
4114,1,0.347714663,0.464994282,0.157618165,0.027535163,0.002137755,1,2015,4,State,urban/rural,Owns House,statesector,0,Gujarat,NA,NA,NA,NA,1,NA
4115,1,NA,NA,NA,NA,NA,0,2015,4,State,urban/rural,Owns House,statesector,0,Gujarat,NA,NA,NA,NA,NA,NA
4116,1,0.243350342,0.294721425,0.29805845,0.144622982,0.019246789,1,2015,4,State,urban/rural,Owns House,statesector,1,Gujarat,NA,NA,NA,NA,0,NA
4117,1,0.125664696,0.30037567,0.269485831,0.158530921,0.145942882,1,2015,4,State,urban/rural,Owns House,statesector,1,Gujarat,NA,NA,NA,NA,1,NA
4263,1,0.242501751,0.456198394,0.211609036,0.067011192,0.02267961,1,2015,4,State,All,Agri Land,state,99,Gujarat,NA,NA,NA,NA,NA,0
4264,1,0.391272157,0.432406873,0.141720846,0.023959847,0.010640275,1,2015,4,State,All,Agri Land,state,99,Gujarat,NA,NA,NA,NA,NA,1
4265,1,NA,NA,NA,NA,NA,0,2015,4,State,All,Agri Land,state,99,Gujarat,NA,NA,NA,NA,NA,NA
4372,1,0.26699087,0.518910706,0.179461613,0.033508141,0.001128703,1,2015,4,State,urban/rural,Agri Land,statesector,0,Gujarat,NA,NA,NA,NA,NA,0
4373,1,0.400816351,0.432037681,0.142694578,0.021578433,0.002872973,1,2015,4,State,urban/rural,Agri Land,statesector,0,Gujarat,NA,NA,NA,NA,NA,1
4374,1,NA,NA,NA,NA,NA,0,2015,4,State,urban/rural,Agri Land,statesector,0,Gujarat,NA,NA,NA,NA,NA,NA
4375,1,0.172512606,0.276968539,0.303485423,0.162761956,0.084271476,1,2015,4,State,urban/rural,Agri Land,statesector,1,Gujarat,NA,NA,NA,NA,NA,0
4376,1,0.105206266,0.443472505,0.112535805,0.095337451,0.243447974,1,2015,4,State,urban/rural,Agri Land,statesector,1,Gujarat,NA,NA,NA,NA,NA,1
15,1,0.160179257,0.328026801,0.266296893,0.173017174,0.072479859,1,2019,5,State,All,All Households,state,99,Haryana,NA,NA,NA,NA,NA,NA
62,1,0.171199203,0.352663696,0.260022849,0.166936651,0.049177635,1,2019,5,State,urban/rural,All Households,statesector,0,Haryana,NA,NA,NA,NA,NA,NA
63,1,0.112225153,0.220817581,0.29359898,0.199477017,0.173881277,1,2019,5,State,urban/rural,All Households,statesector,1,Haryana,NA,NA,NA,NA,NA,NA
174,1,0.117894471,0.370020777,0.303438395,0.151429489,0.057216853,1,2019,5,State,All,Age,state,99,Haryana,15 to 29,NA,NA,NA,NA,NA
175,1,0.195016921,0.338469952,0.280962676,0.138653994,0.046896458,1,2019,5,State,All,Age,state,99,Haryana,30 to 45,NA,NA,NA,NA,NA
176,1,0.132830426,0.295846969,0.241091207,0.218327567,0.111903831,1,2019,5,State,All,Age,state,99,Haryana,46 to 64,NA,NA,NA,NA,NA
177,1,0.149815723,0.326193988,0.240204662,0.202614978,0.081170633,1,2019,5,State,All,Age,state,99,Haryana,65+,NA,NA,NA,NA,NA
178,1,NA,NA,NA,NA,NA,0,2019,5,State,All,Age,state,99,Haryana,NA,NA,NA,NA,NA,NA
373,1,0.124127001,0.388076365,0.334980786,0.122919582,0.029896263,1,2019,5,State,urban/rural,Age,statesector,0,Haryana,15 to 29,NA,NA,NA,NA,NA
374,1,0.207175046,0.366988838,0.261276871,0.130227029,0.034332212,1,2019,5,State,urban/rural,Age,statesector,0,Haryana,30 to 45,NA,NA,NA,NA,NA
375,1,0.136885822,0.315242469,0.246337339,0.219423771,0.082110599,1,2019,5,State,urban/rural,Age,statesector,0,Haryana,46 to 64,NA,NA,NA,NA,NA
376,1,0.171955034,0.364741921,0.229068458,0.197832942,0.036401652,1,2019,5,State,urban/rural,Age,statesector,0,Haryana,65+,NA,NA,NA,NA,NA
377,1,NA,NA,NA,NA,NA,0,2019,5,State,urban/rural,Age,statesector,0,Haryana,NA,NA,NA,NA,NA,NA
378,1,0.104700729,0.331798613,0.23666583,0.21178259,0.115052253,1,2019,5,State,urban/rural,Age,statesector,1,Haryana,15 to 29,NA,NA,NA,NA,NA
379,1,0.138960838,0.206981346,0.371725678,0.177507207,0.104824923,1,2019,5,State,urban/rural,Age,statesector,1,Haryana,30 to 45,NA,NA,NA,NA,NA
380,1,0.109951422,0.186425015,0.21149455,0.212143138,0.279985875,1,2019,5,State,urban/rural,Age,statesector,1,Haryana,46 to 64,NA,NA,NA,NA,NA
381,1,0.039976947,0.134947926,0.295454204,0.226339921,0.303280979,1,2019,5,State,urban/rural,Age,statesector,1,Haryana,65+,NA,NA,NA,NA,NA
648,1,0.201473922,0.355582654,0.238504574,0.151574537,0.052864328,1,2019,5,State,All,Education,state,99,Haryana,NA,No education / Preschool,NA,NA,NA,NA
649,1,0.118293658,0.337424964,0.288872242,0.205356687,0.050052445,1,2019,5,State,All,Education,state,99,Haryana,NA,Primary,NA,NA,NA,NA
650,1,0.12961863,0.254955351,0.30149135,0.185560524,0.128374144,1,2019,5,State,All,Education,state,99,Haryana,NA,Secondary,NA,NA,NA,NA
651,1,0,0.312019885,0.275843173,0.135506839,0.276630104,1,2019,5,State,All,Education,state,99,Haryana,NA,Higher,NA,NA,NA,NA
652,1,NA,NA,NA,NA,NA,0,2019,5,State,All,Education,state,99,Haryana,NA,NA,NA,NA,NA,NA
848,1,0.212499961,0.38114202,0.23447904,0.143921867,0.027957082,1,2019,5,State,urban/rural,Education,statesector,0,Haryana,NA,No education / Preschool,NA,NA,NA,NA
849,1,0.132465228,0.376890838,0.280764669,0.179395095,0.03048419,1,2019,5,State,urban/rural,Education,statesector,0,Haryana,NA,Primary,NA,NA,NA,NA
850,1,0.137243256,0.256761074,0.290177286,0.202338859,0.113479502,1,2019,5,State,urban/rural,Education,statesector,0,Haryana,NA,Secondary,NA,NA,NA,NA
851,1,0,0.416109562,0.290076733,0.180711836,0.113101862,1,2019,5,State,urban/rural,Education,statesector,0,Haryana,NA,Higher,NA,NA,NA,NA
852,1,NA,NA,NA,NA,NA,0,2019,5,State,urban/rural,Education,statesector,0,Haryana,NA,NA,NA,NA,NA,NA
853,1,0.154233217,0.246074408,0.255751789,0.184362113,0.159578472,1,2019,5,State,urban/rural,Education,statesector,1,Haryana,NA,No education / Preschool,NA,NA,NA,NA
854,1,0.060514186,0.176517114,0.321927965,0.311205745,0.12983498,1,2019,5,State,urban/rural,Education,statesector,1,Haryana,NA,Primary,NA,NA,NA,NA
855,1,0.090788007,0.245759219,0.359111428,0.100111991,0.20422937,1,2019,5,State,urban/rural,Education,statesector,1,Haryana,NA,Secondary,NA,NA,NA,NA
856,1,0,0,0.233176529,0,0.766823471,1,2019,5,State,urban/rural,Education,statesector,1,Haryana,NA,Higher,NA,NA,NA,NA
1093,1,0.149948597,0.330141664,0.273488313,0.178657666,0.067763783,1,2019,5,State,All,Gender,state,99,Haryana,NA,NA,1,NA,NA,NA
1094,1,0.224756479,0.314677626,0.220903873,0.137413651,0.102248363,1,2019,5,State,All,Gender,state,99,Haryana,NA,NA,2,NA,NA,NA
1095,1,NA,NA,NA,NA,NA,0,2019,5,State,All,Gender,state,99,Haryana,NA,NA,NA,NA,NA,NA
1204,1,0.161489144,0.355599791,0.266498238,0.174099132,0.042313691,1,2019,5,State,urban/rural,Gender,statesector,0,Haryana,NA,NA,1,NA,NA,NA
1205,1,0.231903449,0.334307969,0.219540641,0.122159086,0.092088863,1,2019,5,State,urban/rural,Gender,statesector,0,Haryana,NA,NA,2,NA,NA,NA
1206,1,NA,NA,NA,NA,NA,0,2019,5,State,urban/rural,Gender,statesector,0,Haryana,NA,NA,NA,NA,NA,NA
1207,1,0.100081854,0.220136911,0.3036924,0.198355123,0.177733704,1,2019,5,State,urban/rural,Gender,statesector,1,Haryana,NA,NA,1,NA,NA,NA
1208,1,0.19221659,0.22530137,0.227110609,0.206867203,0.148504227,1,2019,5,State,urban/rural,Gender,statesector,1,Haryana,NA,NA,2,NA,NA,NA
1377,1,0.545799255,0.3897717,0.05372598,0.010703064,0,1,2019,5,State,All,HH Size,state,99,Haryana,NA,NA,NA,1,NA,NA
1378,1,0.288117468,0.420373112,0.207769006,0.074137025,0.009603398,1,2019,5,State,All,HH Size,state,99,Haryana,NA,NA,NA,2 to 3,NA,NA
1379,1,0.152855977,0.337823153,0.288876683,0.167329118,0.053115081,1,2019,5,State,All,HH Size,state,99,Haryana,NA,NA,NA,4 to 6,NA,NA
1380,1,0.124906056,0.289422959,0.258198172,0.211017117,0.116455682,1,2019,5,State,All,HH Size,state,99,Haryana,NA,NA,NA,7+,NA,NA
1556,1,0.573194146,0.383001149,0.032024063,0.011780649,0,1,2019,5,State,urban/rural,HH Size,statesector,0,Haryana,NA,NA,NA,1,NA,NA
1557,1,0.290317684,0.423750967,0.195415214,0.085012369,0.005503743,1,2019,5,State,urban/rural,HH Size,statesector,0,Haryana,NA,NA,NA,2 to 3,NA,NA
1558,1,0.163379282,0.364561915,0.287831664,0.156819448,0.027407685,1,2019,5,State,urban/rural,HH Size,statesector,0,Haryana,NA,NA,NA,4 to 6,NA,NA
1559,1,0.138065934,0.319921046,0.249998093,0.204330459,0.087684482,1,2019,5,State,urban/rural,HH Size,statesector,0,Haryana,NA,NA,NA,7+,NA,NA
1560,1,0.273700923,0.457019985,0.269279093,0,0,1,2019,5,State,urban/rural,HH Size,statesector,1,Haryana,NA,NA,NA,1,NA,NA
1561,1,0.278427869,0.405497283,0.26217401,0.026242923,0.027657919,1,2019,5,State,urban/rural,HH Size,statesector,1,Haryana,NA,NA,NA,2 to 3,NA,NA
1562,1,0.115772076,0.24359636,0.292559206,0.20436497,0.14370738,1,2019,5,State,urban/rural,HH Size,statesector,1,Haryana,NA,NA,NA,4 to 6,NA,NA
1563,1,0.047441889,0.109899364,0.306467116,0.250377417,0.285814226,1,2019,5,State,urban/rural,HH Size,statesector,1,Haryana,NA,NA,NA,7+,NA,NA
1776,1,0.215629905,0.323811352,0.256174922,0.134007126,0.070376687,1,2019,5,State,All,Owns House,state,99,Haryana,NA,NA,NA,NA,0,NA
1777,1,0.139651462,0.32958737,0.270044059,0.187458664,0.07325846,1,2019,5,State,All,Owns House,state,99,Haryana,NA,NA,NA,NA,1,NA
1868,1,0.250582159,0.355558634,0.212792993,0.129524514,0.051541705,1,2019,5,State,urban/rural,Owns House,statesector,0,Haryana,NA,NA,NA,NA,0,NA
1869,1,0.145260856,0.35171777,0.275455177,0.179161057,0.048405174,1,2019,5,State,urban/rural,Owns House,statesector,0,Haryana,NA,NA,NA,NA,1,NA
1870,1,0.115523875,0.23288472,0.380424172,0.146845683,0.124321543,1,2019,5,State,urban/rural,Owns House,statesector,1,Haryana,NA,NA,NA,NA,0,NA
1871,1,0.110252775,0.213602409,0.241684511,0.230946288,0.203513995,1,2019,5,State,urban/rural,Owns House,statesector,1,Haryana,NA,NA,NA,NA,1,NA
1995,1,0.1799144,0.355783194,0.260023266,0.142726019,0.061553121,1,2019,5,State,All,Agri Land,state,99,Haryana,NA,NA,NA,NA,NA,0
1996,1,0.077242889,0.21138142,0.292661697,0.300314814,0.118399166,1,2019,5,State,All,Agri Land,state,99,Haryana,NA,NA,NA,NA,NA,1
2085,1,0.195129454,0.388624609,0.251815081,0.133535713,0.030895144,1,2019,5,State,urban/rural,Agri Land,statesector,0,Haryana,NA,NA,NA,NA,NA,0
2086,1,0.082801603,0.219825208,0.290342033,0.290318608,0.116712555,1,2019,5,State,urban/rural,Agri Land,statesector,0,Haryana,NA,NA,NA,NA,NA,1
2087,1,0.121917494,0.230597913,0.291311294,0.17775771,0.178415582,1,2019,5,State,urban/rural,Agri Land,statesector,1,Haryana,NA,NA,NA,NA,NA,0
2088,1,0.026523719,0.13433817,0.313827008,0.391522884,0.133788213,1,2019,5,State,urban/rural,Agri Land,statesector,1,Haryana,NA,NA,NA,NA,NA,1
2195,1,0.12241286,0.320573568,0.314714551,0.171966195,0.070332818,1,2015,4,State,All,All Households,state,99,Haryana,NA,NA,NA,NA,NA,NA
2241,1,0.134287015,0.337575734,0.332502574,0.143050373,0.052584309,1,2015,4,State,urban/rural,All Households,statesector,0,Haryana,NA,NA,NA,NA,NA,NA
2242,1,0.086800501,0.269581556,0.261365622,0.258689076,0.123563252,1,2015,4,State,urban/rural,All Households,statesector,1,Haryana,NA,NA,NA,NA,NA,NA
2351,1,0.120828345,0.306246191,0.298322827,0.253037661,0.021564966,1,2015,4,State,All,Age,state,99,Haryana,15 to 29,NA,NA,NA,NA,NA
2352,1,0.140358537,0.350637525,0.324693888,0.135685429,0.048624635,1,2015,4,State,All,Age,state,99,Haryana,30 to 45,NA,NA,NA,NA,NA
2353,1,0.095078968,0.274326146,0.320865363,0.176035926,0.133693621,1,2015,4,State,All,Age,state,99,Haryana,46 to 64,NA,NA,NA,NA,NA
2354,1,0.128123388,0.349277556,0.277442187,0.195471317,0.049685523,1,2015,4,State,All,Age,state,99,Haryana,65+,NA,NA,NA,NA,NA
2355,1,NA,NA,NA,NA,NA,0,2015,4,State,All,Age,state,99,Haryana,NA,NA,NA,NA,NA,NA
2548,1,0.120641269,0.28843233,0.366483927,0.21164827,0.012794177,1,2015,4,State,urban/rural,Age,statesector,0,Haryana,15 to 29,NA,NA,NA,NA,NA
2549,1,0.151451066,0.37023893,0.339060158,0.112493753,0.026756085,1,2015,4,State,urban/rural,Age,statesector,0,Haryana,30 to 45,NA,NA,NA,NA,NA
2550,1,0.111915462,0.309527189,0.322207779,0.153485283,0.102864303,1,2015,4,State,urban/rural,Age,statesector,0,Haryana,46 to 64,NA,NA,NA,NA,NA
2551,1,0.144996628,0.343910664,0.298829466,0.155218616,0.057044622,1,2015,4,State,urban/rural,Age,statesector,0,Haryana,65+,NA,NA,NA,NA,NA
2552,1,NA,NA,NA,NA,NA,0,2015,4,State,urban/rural,Age,statesector,0,Haryana,NA,NA,NA,NA,NA,NA
2553,1,0.121133618,0.335316211,0.187092289,0.320580065,0.035877809,1,2015,4,State,urban/rural,Age,statesector,1,Haryana,15 to 29,NA,NA,NA,NA,NA
2554,1,0.107945636,0.293361247,0.282714933,0.203452602,0.112525582,1,2015,4,State,urban/rural,Age,statesector,1,Haryana,30 to 45,NA,NA,NA,NA,NA
2555,1,0.034434773,0.1475337,0.316030085,0.2572622,0.244739249,1,2015,4,State,urban/rural,Age,statesector,1,Haryana,46 to 64,NA,NA,NA,NA,NA
2556,1,0.014202344,0.38551265,0.133044422,0.467240572,0,1,2015,4,State,urban/rural,Age,statesector,1,Haryana,65+,NA,NA,NA,NA,NA
2824,1,0.153955311,0.327643126,0.314984381,0.150659114,0.052758068,1,2015,4,State,All,Education,state,99,Haryana,NA,No education / Preschool,NA,NA,NA,NA
2825,1,0.117348105,0.343734682,0.344463587,0.157574102,0.036879525,1,2015,4,State,All,Education,state,99,Haryana,NA,Primary,NA,NA,NA,NA
2826,1,0.070886478,0.298868626,0.282781541,0.227559701,0.119903661,1,2015,4,State,All,Education,state,99,Haryana,NA,Secondary,NA,NA,NA,NA
2827,1,0,0.046516318,0.36196664,0.186790198,0.404726833,1,2015,4,State,All,Education,state,99,Haryana,NA,Higher,NA,NA,NA,NA
2828,1,0,0,1,0,0,1,2015,4,State,All,Education,state,99,Haryana,NA,NA,NA,NA,NA,NA
3030,1,0.164836988,0.345356971,0.315171123,0.129573166,0.045061745,1,2015,4,State,urban/rural,Education,statesector,0,Haryana,NA,No education / Preschool,NA,NA,NA,NA
3031,1,0.132299125,0.346812487,0.389502317,0.123914912,0.007471158,1,2015,4,State,urban/rural,Education,statesector,0,Haryana,NA,Primary,NA,NA,NA,NA
3032,1,0.081951603,0.324678749,0.312972635,0.187110156,0.093286857,1,2015,4,State,urban/rural,Education,statesector,0,Haryana,NA,Secondary,NA,NA,NA,NA
3033,1,0,0.064830594,0.382109553,0.121876881,0.431182951,1,2015,4,State,urban/rural,Education,statesector,0,Haryana,NA,Higher,NA,NA,NA,NA
3034,1,0,0,1,0,0,1,2015,4,State,urban/rural,Education,statesector,0,Haryana,NA,NA,NA,NA,NA,NA
3035,1,0.120396443,0.27301392,0.314408541,0.215687737,0.076493375,1,2015,4,State,urban/rural,Education,statesector,1,Haryana,NA,No education / Preschool,NA,NA,NA,NA
3036,1,0.078535199,0.335744709,0.227542877,0.244953483,0.113223739,1,2015,4,State,urban/rural,Education,statesector,1,Haryana,NA,Primary,NA,NA,NA,NA
3037,1,0.03237889,0.209047258,0.177713916,0.368327558,0.212532386,1,2015,4,State,urban/rural,Education,statesector,1,Haryana,NA,Secondary,NA,NA,NA,NA
3038,1,0,0.024082713,0.337293088,0.266304135,0.372320086,1,2015,4,State,urban/rural,Education,statesector,1,Haryana,NA,Higher,NA,NA,NA,NA
3280,1,0.120214321,0.322866887,0.316426516,0.169234887,0.07125739,1,2015,4,State,All,Gender,state,99,Haryana,NA,NA,1,NA,NA,NA
3281,1,0.148748264,0.293102801,0.294207692,0.204683408,0.059257831,1,2015,4,State,All,Gender,state,99,Haryana,NA,NA,2,NA,NA,NA
3282,1,NA,NA,NA,NA,NA,0,2015,4,State,All,Gender,state,99,Haryana,NA,NA,NA,NA,NA,NA
3390,1,0.131651819,0.339619726,0.335872203,0.140427709,0.052428544,1,2015,4,State,urban/rural,Gender,statesector,0,Haryana,NA,NA,1,NA,NA,NA
3391,1,0.162957639,0.315337241,0.295841545,0.171584547,0.054279022,1,2015,4,State,urban/rural,Gender,statesector,0,Haryana,NA,NA,2,NA,NA,NA
3392,1,NA,NA,NA,NA,NA,0,2015,4,State,urban/rural,Gender,statesector,0,Haryana,NA,NA,NA,NA,NA,NA
3393,1,0.086946771,0.274138927,0.259866029,0.253024578,0.12602371,1,2015,4,State,urban/rural,Gender,statesector,1,Haryana,NA,NA,1,NA,NA,NA
3394,1,0.084319793,0.192286849,0.28679949,0.354761004,0.081832863,1,2015,4,State,urban/rural,Gender,statesector,1,Haryana,NA,NA,2,NA,NA,NA
3567,1,0.348367453,0.527148843,0.124483712,0,0,1,2015,4,State,All,HH Size,state,99,Haryana,NA,NA,NA,1,NA,NA
3568,1,0.175508291,0.401580751,0.265706211,0.133417875,0.023786873,1,2015,4,State,All,HH Size,state,99,Haryana,NA,NA,NA,2 to 3,NA,NA
3569,1,0.118750624,0.318260729,0.33005929,0.176585674,0.056343675,1,2015,4,State,All,HH Size,state,99,Haryana,NA,NA,NA,4 to 6,NA,NA
3570,1,0.112392515,0.303633451,0.311095119,0.177275047,0.095603861,1,2015,4,State,All,HH Size,state,99,Haryana,NA,NA,NA,7+,NA,NA
3571,1,NA,NA,NA,NA,NA,0,2015,4,State,All,HH Size,state,99,Haryana,NA,NA,NA,NA,NA,NA
3765,1,0.425269783,0.486761242,0.08796899,0,0,1,2015,4,State,urban/rural,HH Size,statesector,0,Haryana,NA,NA,NA,1,NA,NA
3766,1,0.226970688,0.419627309,0.272407472,0.064962067,0.016032455,1,2015,4,State,urban/rural,HH Size,statesector,0,Haryana,NA,NA,NA,2 to 3,NA,NA
3767,1,0.128530681,0.348378658,0.359173357,0.137858421,0.026058886,1,2015,4,State,urban/rural,HH Size,statesector,0,Haryana,NA,NA,NA,4 to 6,NA,NA
3768,1,0.120274805,0.311808318,0.320996761,0.162857026,0.08406312,1,2015,4,State,urban/rural,HH Size,statesector,0,Haryana,NA,NA,NA,7+,NA,NA
3769,1,NA,NA,NA,NA,NA,0,2015,4,State,urban/rural,HH Size,statesector,0,Haryana,NA,NA,NA,NA,NA,NA
3770,1,0.025699142,0.696607947,0.277692944,0,0,1,2015,4,State,urban/rural,HH Size,statesector,1,Haryana,NA,NA,NA,1,NA,NA
3771,1,0.076008238,0.366688579,0.252749622,0.265773892,0.038779669,1,2015,4,State,urban/rural,HH Size,statesector,1,Haryana,NA,NA,NA,2 to 3,NA,NA
3772,1,0.094606675,0.243908942,0.258185714,0.272191256,0.131107435,1,2015,4,State,urban/rural,HH Size,statesector,1,Haryana,NA,NA,NA,4 to 6,NA,NA
3773,1,0.079163775,0.269171417,0.269353598,0.238055974,0.144255221,1,2015,4,State,urban/rural,HH Size,statesector,1,Haryana,NA,NA,NA,7+,NA,NA
4007,1,0.165316179,0.356619895,0.286817819,0.15274474,0.038501386,1,2015,4,State,All,Owns House,state,99,Haryana,NA,NA,NA,NA,0,NA
4008,1,0.107360199,0.307926685,0.32450214,0.178710058,0.081500903,1,2015,4,State,All,Owns House,state,99,Haryana,NA,NA,NA,NA,1,NA
4009,1,NA,NA,NA,NA,NA,0,2015,4,State,All,Owns House,state,99,Haryana,NA,NA,NA,NA,NA,NA
4118,1,0.191305414,0.394753724,0.275108695,0.11290428,0.025927871,1,2015,4,State,urban/rural,Owns House,statesector,0,Haryana,NA,NA,NA,NA,0,NA
4119,1,0.118801415,0.322046787,0.348090142,0.151237741,0.059823919,1,2015,4,State,urban/rural,Owns House,statesector,0,Haryana,NA,NA,NA,NA,1,NA
4120,1,NA,NA,NA,NA,NA,0,2015,4,State,urban/rural,Owns House,statesector,0,Haryana,NA,NA,NA,NA,NA,NA
4121,1,0.123499602,0.295262694,0.305657715,0.216847867,0.058732111,1,2015,4,State,urban/rural,Owns House,statesector,1,Haryana,NA,NA,NA,NA,0,NA
4122,1,0.062525913,0.252594799,0.232068643,0.286364913,0.166445762,1,2015,4,State,urban/rural,Owns House,statesector,1,Haryana,NA,NA,NA,NA,1,NA
4266,1,0.130694166,0.35065335,0.3222453,0.146988541,0.049418654,1,2015,4,State,All,Agri Land,state,99,Haryana,NA,NA,NA,NA,NA,0
4267,1,0.094962418,0.220866561,0.289751977,0.254760951,0.139658108,1,2015,4,State,All,Agri Land,state,99,Haryana,NA,NA,NA,NA,NA,1
4268,1,NA,NA,NA,NA,NA,0,2015,4,State,All,Agri Land,state,99,Haryana,NA,NA,NA,NA,NA,NA
4377,1,0.149178341,0.383758366,0.339244097,0.106428765,0.021390429,1,2015,4,State,urban/rural,Agri Land,statesector,0,Haryana,NA,NA,NA,NA,NA,0
4378,1,0.094633438,0.214597508,0.314550757,0.240568846,0.135649443,1,2015,4,State,urban/rural,Agri Land,statesector,0,Haryana,NA,NA,NA,NA,NA,1
4379,1,NA,NA,NA,NA,NA,0,2015,4,State,urban/rural,Agri Land,statesector,0,Haryana,NA,NA,NA,NA,NA,NA
4380,1,0.08550971,0.269728303,0.280691832,0.246136695,0.117933474,1,2015,4,State,urban/rural,Agri Land,statesector,1,Haryana,NA,NA,NA,NA,NA,0
4381,1,0.097455271,0.268370301,0.10183879,0.362301797,0.170033842,1,2015,4,State,urban/rural,Agri Land,statesector,1,Haryana,NA,NA,NA,NA,NA,1
16,1,0.324375212,0.436114162,0.166595444,0.05705221,0.01586297,1,2019,5,State,All,All Households,state,99,Himachal Pradesh,NA,NA,NA,NA,NA,NA
64,1,0.312060803,0.443977386,0.173025638,0.056924962,0.01401121,1,2019,5,State,urban/rural,All Households,statesector,0,Himachal Pradesh,NA,NA,NA,NA,NA,NA
65,1,0.528807402,0.305576146,0.059847634,0.059164688,0.046604142,1,2019,5,State,urban/rural,All Households,statesector,1,Himachal Pradesh,NA,NA,NA,NA,NA,NA
179,1,0.405330807,0.378568202,0.076679975,0.139421031,0,1,2019,5,State,All,Age,state,99,Himachal Pradesh,15 to 29,NA,NA,NA,NA,NA
180,1,0.379616737,0.429335058,0.165048987,0.017524667,0.008474541,1,2019,5,State,All,Age,state,99,Himachal Pradesh,30 to 45,NA,NA,NA,NA,NA
181,1,0.267252684,0.503757417,0.160375074,0.051542215,0.017072638,1,2019,5,State,All,Age,state,99,Himachal Pradesh,46 to 64,NA,NA,NA,NA,NA
182,1,0.299117386,0.370665014,0.214688689,0.084873348,0.030655565,1,2019,5,State,All,Age,state,99,Himachal Pradesh,65+,NA,NA,NA,NA,NA
183,1,NA,NA,NA,NA,NA,0,2019,5,State,All,Age,state,99,Himachal Pradesh,NA,NA,NA,NA,NA,NA
382,1,0.447719067,0.319994211,0.089670189,0.14261654,0,1,2019,5,State,urban/rural,Age,statesector,0,Himachal Pradesh,15 to 29,NA,NA,NA,NA,NA
383,1,0.346989274,0.450141221,0.180132523,0.013487977,0.009249015,1,2019,5,State,urban/rural,Age,statesector,0,Himachal Pradesh,30 to 45,NA,NA,NA,NA,NA
384,1,0.253056347,0.517386556,0.166360676,0.053465903,0.009730507,1,2019,5,State,urban/rural,Age,statesector,0,Himachal Pradesh,46 to 64,NA,NA,NA,NA,NA
385,1,0.30347392,0.376063615,0.20325093,0.086109497,0.031102052,1,2019,5,State,urban/rural,Age,statesector,0,Himachal Pradesh,65+,NA,NA,NA,NA,NA
386,1,NA,NA,NA,NA,NA,0,2019,5,State,urban/rural,Age,statesector,0,Himachal Pradesh,NA,NA,NA,NA,NA,NA
387,1,0.155116841,0.724324942,0,0.120558202,0,1,2019,5,State,urban/rural,Age,statesector,1,Himachal Pradesh,15 to 29,NA,NA,NA,NA,NA
388,1,0.736637354,0.201667219,0,0.061695434,0,1,2019,5,State,urban/rural,Age,statesector,1,Himachal Pradesh,30 to 45,NA,NA,NA,NA,NA
389,1,0.647620797,0.138585627,0,0,0.213793591,1,2019,5,State,urban/rural,Age,statesector,1,Himachal Pradesh,46 to 64,NA,NA,NA,NA,NA
390,1,0,0,1,0,0,1,2019,5,State,urban/rural,Age,statesector,1,Himachal Pradesh,65+,NA,NA,NA,NA,NA
653,1,0.432992101,0.399049282,0.113784887,0.045882348,0.008291391,1,2019,5,State,All,Education,state,99,Himachal Pradesh,NA,No education / Preschool,NA,NA,NA,NA
654,1,0.292298466,0.451018095,0.151544943,0.078047395,0.027091119,1,2019,5,State,All,Education,state,99,Himachal Pradesh,NA,Primary,NA,NA,NA,NA
655,1,0.215732023,0.476666898,0.236743927,0.054494854,0.016362285,1,2019,5,State,All,Education,state,99,Himachal Pradesh,NA,Secondary,NA,NA,NA,NA
656,1,0,0.025215428,0.974784553,0,0,1,2019,5,State,All,Education,state,99,Himachal Pradesh,NA,Higher,NA,NA,NA,NA
657,1,NA,NA,NA,NA,NA,0,2019,5,State,All,Education,state,99,Himachal Pradesh,NA,NA,NA,NA,NA,NA
857,1,0.40431571,0.423468262,0.118581571,0.051578324,0.002056157,1,2019,5,State,urban/rural,Education,statesector,0,Himachal Pradesh,NA,No education / Preschool,NA,NA,NA,NA
858,1,0.299949825,0.449517488,0.155511886,0.067220531,0.027800273,1,2019,5,State,urban/rural,Education,statesector,0,Himachal Pradesh,NA,Primary,NA,NA,NA,NA
859,1,0.218988255,0.468767822,0.2403173,0.055317391,0.016609253,1,2019,5,State,urban/rural,Education,statesector,0,Himachal Pradesh,NA,Secondary,NA,NA,NA,NA
860,1,0,0.025215428,0.974784553,0,0,1,2019,5,State,urban/rural,Education,statesector,0,Himachal Pradesh,NA,Higher,NA,NA,NA,NA
861,1,NA,NA,NA,NA,NA,0,2019,5,State,urban/rural,Education,statesector,0,Himachal Pradesh,NA,NA,NA,NA,NA,NA
862,1,0.663986862,0.202348992,0.075146534,0,0.058517598,1,2019,5,State,urban/rural,Education,statesector,1,Himachal Pradesh,NA,No education / Preschool,NA,NA,NA,NA
863,1,0,0.508344233,0,0.491655737,0,1,2019,5,State,urban/rural,Education,statesector,1,Himachal Pradesh,NA,Primary,NA,NA,NA,NA
864,1,0,1,0,0,0,1,2019,5,State,urban/rural,Education,statesector,1,Himachal Pradesh,NA,Secondary,NA,NA,NA,NA
1096,1,0.309666067,0.437458247,0.18857716,0.04822835,0.016070178,1,2019,5,State,All,Gender,state,99,Himachal Pradesh,NA,NA,1,NA,NA,NA
1097,1,0.392460287,0.429892749,0.064847358,0.097895749,0.014903853,1,2019,5,State,All,Gender,state,99,Himachal Pradesh,NA,NA,2,NA,NA,NA
1098,1,NA,NA,NA,NA,NA,0,2019,5,State,All,Gender,state,99,Himachal Pradesh,NA,NA,NA,NA,NA,NA
1209,1,0.297056466,0.442765713,0.19614622,0.046941686,0.017089918,1,2019,5,State,urban/rural,Gender,statesector,0,Himachal Pradesh,NA,NA,1,NA,NA,NA
1210,1,0.380345583,0.449491769,0.067803785,0.102358863,0,1,2019,5,State,urban/rural,Gender,statesector,0,Himachal Pradesh,NA,NA,2,NA,NA,NA
1211,1,NA,NA,NA,NA,NA,0,2019,5,State,urban/rural,Gender,statesector,0,Himachal Pradesh,NA,NA,NA,NA,NA,NA
1212,1,0.508381963,0.353817284,0.069295749,0.068504989,0,1,2019,5,State,urban/rural,Gender,statesector,1,Himachal Pradesh,NA,NA,1,NA,NA,NA
1213,1,0.658189118,0,0,0,0.341810882,1,2019,5,State,urban/rural,Gender,statesector,1,Himachal Pradesh,NA,NA,2,NA,NA,NA
1381,1,0.701444983,0.290658742,0.007896269,0,0,1,2019,5,State,All,HH Size,state,99,Himachal Pradesh,NA,NA,NA,1,NA,NA
1382,1,0.442154288,0.466769487,0.068211518,0.018859215,0.004005491,1,2019,5,State,All,HH Size,state,99,Himachal Pradesh,NA,NA,NA,2 to 3,NA,NA
1383,1,0.250158519,0.439975113,0.238850281,0.06044966,0.010566408,1,2019,5,State,All,HH Size,state,99,Himachal Pradesh,NA,NA,NA,4 to 6,NA,NA
1384,1,0.300625652,0.437163144,0.137190416,0.088490777,0.036529999,1,2019,5,State,All,HH Size,state,99,Himachal Pradesh,NA,NA,NA,7+,NA,NA
1564,1,0.703810692,0.287998736,0.008190549,0,0,1,2019,5,State,urban/rural,HH Size,statesector,0,Himachal Pradesh,NA,NA,NA,1,NA,NA
1565,1,0.450815171,0.450608015,0.073829085,0.020412369,0.004335364,1,2019,5,State,urban/rural,HH Size,statesector,0,Himachal Pradesh,NA,NA,NA,2 to 3,NA,NA
1566,1,0.217370689,0.460427612,0.258697569,0.05796979,0.005534345,1,2019,5,State,urban/rural,HH Size,statesector,0,Himachal Pradesh,NA,NA,NA,4 to 6,NA,NA
1567,1,0.304411978,0.442669123,0.126323521,0.089605302,0.036990087,1,2019,5,State,urban/rural,HH Size,statesector,0,Himachal Pradesh,NA,NA,NA,7+,NA,NA
1568,1,0.63796705,0.36203292,0,0,0,1,2019,5,State,urban/rural,HH Size,statesector,1,Himachal Pradesh,NA,NA,NA,1,NA,NA
1569,1,0.336989075,0.663010895,0,0,0,1,2019,5,State,urban/rural,HH Size,statesector,1,Himachal Pradesh,NA,NA,NA,2 to 3,NA,NA
1570,1,0.64474088,0.193841323,0,0.090293445,0.07112433,1,2019,5,State,urban/rural,HH Size,statesector,1,Himachal Pradesh,NA,NA,NA,4 to 6,NA,NA
1571,1,0,0,1,0,0,1,2019,5,State,urban/rural,HH Size,statesector,1,Himachal Pradesh,NA,NA,NA,7+,NA,NA
1778,1,0.271963626,0.507213056,0.154926121,0.041338675,0.024558531,1,2019,5,State,All,Owns House,state,99,Himachal Pradesh,NA,NA,NA,NA,0,NA
1779,1,0.349746227,0.401697129,0.172244251,0.064658701,0.011653688,1,2019,5,State,All,Owns House,state,99,Himachal Pradesh,NA,NA,NA,NA,1,NA
1872,1,0.255672067,0.512505651,0.170604646,0.034173749,0.027043855,1,2019,5,State,urban/rural,Owns House,statesector,0,Himachal Pradesh,NA,NA,NA,NA,0,NA
1873,1,0.337876797,0.412603647,0.174134016,0.067340963,0.00804458,1,2019,5,State,urban/rural,Owns House,statesector,0,Himachal Pradesh,NA,NA,NA,NA,1,NA
1874,1,0.432947159,0.45491448,0,0.112138346,0,1,2019,5,State,urban/rural,Owns House,statesector,1,Himachal Pradesh,NA,NA,NA,NA,0,NA
1875,1,0.635870814,0.138784602,0.126689672,0,0.098654911,1,2019,5,State,urban/rural,Owns House,statesector,1,Himachal Pradesh,NA,NA,NA,NA,1,NA
1997,1,0.435570776,0.367964208,0.145875394,0.042655643,0.007933952,1,2019,5,State,All,Agri Land,state,99,Himachal Pradesh,NA,NA,NA,NA,NA,0
1998,1,0.26867795,0.4702501,0.176974013,0.064263374,0.019834572,1,2019,5,State,All,Agri Land,state,99,Himachal Pradesh,NA,NA,NA,NA,NA,1
2089,1,0.428176403,0.366453201,0.167873427,0.037496943,0,1,2019,5,State,urban/rural,Agri Land,statesector,0,Himachal Pradesh,NA,NA,NA,NA,NA,0
2090,1,0.260508299,0.478396237,0.175313085,0.065550528,0.020231845,1,2019,5,State,urban/rural,Agri Land,statesector,0,Himachal Pradesh,NA,NA,NA,NA,NA,1
2091,1,0.484605104,0.377984136,0,0.076864474,0.060546294,1,2019,5,State,urban/rural,Agri Land,statesector,1,Himachal Pradesh,NA,NA,NA,NA,NA,0
2092,1,0.676561475,0.063539438,0.25989905,0,0,1,2019,5,State,urban/rural,Agri Land,statesector,1,Himachal Pradesh,NA,NA,NA,NA,NA,1
2196,1,0.11675974,0.418425143,0.341717511,0.106028423,0.017069183,1,2015,4,State,All,All Households,state,99,Himachal Pradesh,NA,NA,NA,NA,NA,NA
2243,1,0.11789076,0.42090714,0.345308155,0.098398507,0.017495437,1,2015,4,State,urban/rural,All Households,statesector,0,Himachal Pradesh,NA,NA,NA,NA,NA,NA
2244,1,0.071468428,0.31903401,0.197931051,0.411566526,0,1,2015,4,State,urban/rural,All Households,statesector,1,Himachal Pradesh,NA,NA,NA,NA,NA,NA
2356,1,0.117907405,0.586701274,0.177599251,0.090586334,0.02720573,1,2015,4,State,All,Age,state,99,Himachal Pradesh,15 to 29,NA,NA,NA,NA,NA
2357,1,0.157365739,0.380245447,0.391528755,0.070860058,0,1,2015,4,State,All,Age,state,99,Himachal Pradesh,30 to 45,NA,NA,NA,NA,NA
2358,1,0.095216967,0.394250482,0.363429666,0.120646879,0.026456008,1,2015,4,State,All,Age,state,99,Himachal Pradesh,46 to 64,NA,NA,NA,NA,NA
2359,1,0.106958501,0.476659715,0.273311913,0.124409929,0.018659957,1,2015,4,State,All,Age,state,99,Himachal Pradesh,65+,NA,NA,NA,NA,NA
2360,1,NA,NA,NA,NA,NA,0,2015,4,State,All,Age,state,99,Himachal Pradesh,NA,NA,NA,NA,NA,NA
2557,1,0.083746135,0.629542053,0.190567493,0.06695205,0.029192284,1,2015,4,State,urban/rural,Age,statesector,0,Himachal Pradesh,15 to 29,NA,NA,NA,NA,NA
2558,1,0.164196551,0.371980637,0.405803531,0.058019258,0,1,2015,4,State,urban/rural,Age,statesector,0,Himachal Pradesh,30 to 45,NA,NA,NA,NA,NA
2559,1,0.097310886,0.401129007,0.361753881,0.112768427,0.027037803,1,2015,4,State,urban/rural,Age,statesector,0,Himachal Pradesh,46 to 64,NA,NA,NA,NA,NA
2560,1,0.107066743,0.476130098,0.273588508,0.124535829,0.01867884,1,2015,4,State,urban/rural,Age,statesector,0,Himachal Pradesh,65+,NA,NA,NA,NA,NA
2561,1,NA,NA,NA,NA,NA,0,2015,4,State,urban/rural,Age,statesector,0,Himachal Pradesh,NA,NA,NA,NA,NA,NA
2562,1,0.585743785,0,0,0.414256215,0,1,2015,4,State,urban/rural,Age,statesector,1,Himachal Pradesh,15 to 29,NA,NA,NA,NA,NA
2563,1,0,0.570646644,0.062671959,0.366681427,0,1,2015,4,State,urban/rural,Age,statesector,1,Himachal Pradesh,30 to 45,NA,NA,NA,NA,NA
2564,1,0,0.081462502,0.439632863,0.478904635,0,1,2015,4,State,urban/rural,Age,statesector,1,Himachal Pradesh,46 to 64,NA,NA,NA,NA,NA
2565,1,0,1,0,0,0,1,2015,4,State,urban/rural,Age,statesector,1,Himachal Pradesh,65+,NA,NA,NA,NA,NA
2829,1,0.177265942,0.460938781,0.268676221,0.086934246,0.006184801,1,2015,4,State,All,Education,state,99,Himachal Pradesh,NA,No education / Preschool,NA,NA,NA,NA
2830,1,0.091371596,0.446590751,0.336399138,0.11016655,0.015471964,1,2015,4,State,All,Education,state,99,Himachal Pradesh,NA,Primary,NA,NA,NA,NA
2831,1,0.05296085,0.318933666,0.461724639,0.131202787,0.035178035,1,2015,4,State,All,Education,state,99,Himachal Pradesh,NA,Secondary,NA,NA,NA,NA
2832,1,0,0.341775596,0.36597234,0.292252064,0,1,2015,4,State,All,Education,state,99,Himachal Pradesh,NA,Higher,NA,NA,NA,NA
2833,1,0,1,0,0,0,1,2015,4,State,All,Education,state,99,Himachal Pradesh,NA,NA,NA,NA,NA,NA
3039,1,0.180848077,0.457143039,0.27236253,0.083336569,0.006309781,1,2015,4,State,urban/rural,Education,statesector,0,Himachal Pradesh,NA,No education / Preschool,NA,NA,NA,NA
3040,1,0.09213344,0.441976458,0.339204013,0.111085109,0.015600968,1,2015,4,State,urban/rural,Education,statesector,0,Himachal Pradesh,NA,Primary,NA,NA,NA,NA
3041,1,0.049298417,0.334417671,0.469540715,0.109857313,0.036885902,1,2015,4,State,urban/rural,Education,statesector,0,Himachal Pradesh,NA,Secondary,NA,NA,NA,NA
3042,1,0,0.341775596,0.36597234,0.292252064,0,1,2015,4,State,urban/rural,Education,statesector,0,Himachal Pradesh,NA,Higher,NA,NA,NA,NA
3043,1,0,1,0,0,0,1,2015,4,State,urban/rural,Education,statesector,0,Himachal Pradesh,NA,NA,NA,NA,NA,NA
3044,1,0,0.64877522,0.086255819,0.264968991,0,1,2015,4,State,urban/rural,Education,statesector,1,Himachal Pradesh,NA,No education / Preschool,NA,NA,NA,NA
3045,1,0,1,0,0,0,1,2015,4,State,urban/rural,Education,statesector,1,Himachal Pradesh,NA,Primary,NA,NA,NA,NA
3046,1,0.128398299,0,0.300732493,0.570869207,0,1,2015,4,State,urban/rural,Education,statesector,1,Himachal Pradesh,NA,Secondary,NA,NA,NA,NA
3283,1,0.126095012,0.399378449,0.351100147,0.103406236,0.020020172,1,2015,4,State,All,Gender,state,99,Himachal Pradesh,NA,NA,1,NA,NA,NA
3284,1,0.090983771,0.471015692,0.3158108,0.113268629,0.008921097,1,2015,4,State,All,Gender,state,99,Himachal Pradesh,NA,NA,2,NA,NA,NA
3285,1,NA,NA,NA,NA,NA,0,2015,4,State,All,Gender,state,99,Himachal Pradesh,NA,NA,NA,NA,NA,NA
3395,1,0.127215892,0.402458996,0.354257494,0.095482267,0.020585347,1,2015,4,State,urban/rural,Gender,statesector,0,Himachal Pradesh,NA,NA,1,NA,NA,NA
3396,1,0.092446983,0.471243232,0.320889711,0.106355503,0.009064566,1,2015,4,State,urban/rural,Gender,statesector,0,Himachal Pradesh,NA,NA,2,NA,NA,NA
3397,1,NA,NA,NA,NA,NA,0,2015,4,State,urban/rural,Gender,statesector,0,Himachal Pradesh,NA,NA,NA,NA,NA,NA
3398,1,0.086390063,0.290256411,0.239256352,0.384097189,0,1,2015,4,State,urban/rural,Gender,statesector,1,Himachal Pradesh,NA,NA,1,NA,NA,NA
3399,1,0,0.456866741,0,0.543133259,0,1,2015,4,State,urban/rural,Gender,statesector,1,Himachal Pradesh,NA,NA,2,NA,NA,NA
3572,1,0.284411013,0.415115893,0.282147974,0.018325118,0,1,2015,4,State,All,HH Size,state,99,Himachal Pradesh,NA,NA,NA,1,NA,NA
3573,1,0.183880106,0.495590568,0.24104777,0.07948155,0,1,2015,4,State,All,HH Size,state,99,Himachal Pradesh,NA,NA,NA,2 to 3,NA,NA
3574,1,0.102471143,0.396723598,0.401231259,0.080379635,0.019194374,1,2015,4,State,All,HH Size,state,99,Himachal Pradesh,NA,NA,NA,4 to 6,NA,NA
3575,1,0.086333826,0.416546106,0.288863212,0.183357209,0.024899656,1,2015,4,State,All,HH Size,state,99,Himachal Pradesh,NA,NA,NA,7+,NA,NA
3576,1,NA,NA,NA,NA,NA,0,2015,4,State,All,HH Size,state,99,Himachal Pradesh,NA,NA,NA,NA,NA,NA
3774,1,0.286660582,0.410489738,0.284379631,0.018470062,0,1,2015,4,State,urban/rural,HH Size,statesector,0,Himachal Pradesh,NA,NA,NA,1,NA,NA
3775,1,0.187198564,0.486487597,0.24539791,0.080915943,0,1,2015,4,State,urban/rural,HH Size,statesector,0,Himachal Pradesh,NA,NA,NA,2 to 3,NA,NA
3776,1,0.101066455,0.395137817,0.407180518,0.077069141,0.019546075,1,2015,4,State,urban/rural,HH Size,statesector,0,Himachal Pradesh,NA,NA,NA,4 to 6,NA,NA
3777,1,0.090212084,0.435258061,0.286002398,0.162509292,0.026018189,1,2015,4,State,urban/rural,HH Size,statesector,0,Himachal Pradesh,NA,NA,NA,7+,NA,NA
3778,1,NA,NA,NA,NA,NA,0,2015,4,State,urban/rural,HH Size,statesector,0,Himachal Pradesh,NA,NA,NA,NA,NA,NA
3779,1,0,1,0,0,0,1,2015,4,State,urban/rural,HH Size,statesector,1,Himachal Pradesh,NA,NA,NA,1,NA,NA
3780,1,0,1,0,0,0,1,2015,4,State,urban/rural,HH Size,statesector,1,Himachal Pradesh,NA,NA,NA,2 to 3,NA,NA
3781,1,0.179133236,0.483269691,0.076544531,0.261052549,0,1,2015,4,State,urban/rural,HH Size,statesector,1,Himachal Pradesh,NA,NA,NA,4 to 6,NA,NA
3782,1,0,0,0.352547854,0.647452176,0,1,2015,4,State,urban/rural,HH Size,statesector,1,Himachal Pradesh,NA,NA,NA,7+,NA,NA
4010,1,0.174109489,0.384992838,0.367679447,0.062844664,0.010373565,1,2015,4,State,All,Owns House,state,99,Himachal Pradesh,NA,NA,NA,NA,0,NA
4011,1,0.100373916,0.427977324,0.334299743,0.118366778,0.018982237,1,2015,4,State,All,Owns House,state,99,Himachal Pradesh,NA,NA,NA,NA,1,NA
4012,1,NA,NA,NA,NA,NA,0,2015,4,State,All,Owns House,state,99,Himachal Pradesh,NA,NA,NA,NA,NA,NA
4123,1,0.17919603,0.376174986,0.374975085,0.058977257,0.010676625,1,2015,4,State,urban/rural,Owns House,statesector,0,Himachal Pradesh,NA,NA,NA,NA,0,NA
4124,1,0.100467496,0.433620244,0.336876661,0.10960222,0.019433375,1,2015,4,State,urban/rural,Owns House,statesector,0,Himachal Pradesh,NA,NA,NA,NA,1,NA
4125,1,NA,NA,NA,NA,NA,0,2015,4,State,urban/rural,Owns House,statesector,0,Himachal Pradesh,NA,NA,NA,NA,NA,NA
4126,1,0,0.68682313,0.117953084,0.195223764,0,1,2015,4,State,urban/rural,Owns House,statesector,1,Himachal Pradesh,NA,NA,NA,NA,0,NA
4127,1,0.096436456,0.190544143,0.22587195,0.48714745,0,1,2015,4,State,urban/rural,Owns House,statesector,1,Himachal Pradesh,NA,NA,NA,NA,1,NA
4269,1,0.144852743,0.413633853,0.335341692,0.080031827,0.026139881,1,2015,4,State,All,Agri Land,state,99,Himachal Pradesh,NA,NA,NA,NA,NA,0
4270,1,0.10401091,0.420599461,0.3446109,0.117825881,0.012952828,1,2015,4,State,All,Agri Land,state,99,Himachal Pradesh,NA,NA,NA,NA,NA,1
4271,1,NA,NA,NA,NA,NA,0,2015,4,State,All,Agri Land,state,99,Himachal Pradesh,NA,NA,NA,NA,NA,NA
4382,1,0.145403758,0.414819509,0.347610891,0.064875603,0.027290242,1,2015,4,State,urban/rural,Agri Land,statesector,0,Himachal Pradesh,NA,NA,NA,NA,NA,0
4383,1,0.105733395,0.423597127,0.344290644,0.113211505,0.013167335,1,2015,4,State,urban/rural,Agri Land,statesector,0,Himachal Pradesh,NA,NA,NA,NA,NA,1
4384,1,NA,NA,NA,NA,NA,0,2015,4,State,urban/rural,Agri Land,statesector,0,Himachal Pradesh,NA,NA,NA,NA,NA,NA
4385,1,0.132332087,0.386691839,0.056546163,0.424429923,0,1,2015,4,State,urban/rural,Agri Land,statesector,1,Himachal Pradesh,NA,NA,NA,NA,NA,0
4386,1,0,0.23958759,0.36395061,0.396461815,0,1,2015,4,State,urban/rural,Agri Land,statesector,1,Himachal Pradesh,NA,NA,NA,NA,NA,1
1,1,0.641891479,0.235169098,0.077155702,0.033857722,0.011926004,1,2019,5,National,All,All Households,allindia,99,India,NA,NA,NA,NA,NA,NA
2,1,0.678870022,0.232562155,0.063787855,0.020208193,0.004571799,1,2019,5,National,urban/rural,All Households,indiasector,0,India,NA,NA,NA,NA,NA,NA
3,1,0.32229808,0.257700056,0.192689672,0.151826188,0.075486004,1,2019,5,National,urban/rural,All Households,indiasector,1,India,NA,NA,NA,NA,NA,NA
112,1,0.672320902,0.23450242,0.064634807,0.023064848,0.005477021,1,2019,5,National,All,Age,allindia,99,India,15 to 29,NA,NA,NA,NA,NA
113,1,0.661331594,0.226016507,0.072253965,0.031125028,0.009272899,1,2019,5,National,All,Age,allindia,99,India,30 to 45,NA,NA,NA,NA,NA
114,1,0.615197301,0.242333382,0.08794824,0.039146528,0.015374531,1,2019,5,National,All,Age,allindia,99,India,46 to 64,NA,NA,NA,NA,NA
115,1,0.622162521,0.245832011,0.076493166,0.038477611,0.017034717,1,2019,5,National,All,Age,allindia,99,India,65+,NA,NA,NA,NA,NA
116,1,1,0,0,0,0,1,2019,5,National,All,Age,allindia,99,India,NA,NA,NA,NA,NA,NA
117,1,0.701402962,0.232074901,0.05207001,0.011860102,0.002592042,1,2019,5,National,urban/rural,Age,indiasector,0,India,15 to 29,NA,NA,NA,NA,NA
118,1,0.708519936,0.220155418,0.054242507,0.014639973,0.002442154,1,2019,5,National,urban/rural,Age,indiasector,0,India,30 to 45,NA,NA,NA,NA,NA
119,1,0.648278534,0.242401287,0.076956667,0.026236987,0.006126529,1,2019,5,National,urban/rural,Age,indiasector,0,India,46 to 64,NA,NA,NA,NA,NA
120,1,0.646254897,0.245675698,0.070164151,0.029153556,0.008751705,1,2019,5,National,urban/rural,Age,indiasector,0,India,65+,NA,NA,NA,NA,NA
121,1,1,0,0,0,0,1,2019,5,National,urban/rural,Age,indiasector,0,India,NA,NA,NA,NA,NA,NA
122,1,0.387041271,0.258315116,0.187888891,0.13297756,0.033777159,1,2019,5,National,urban/rural,Age,indiasector,1,India,15 to 29,NA,NA,NA,NA,NA
123,1,0.293742031,0.271673501,0.212560266,0.159540921,0.062483292,1,2019,5,National,urban/rural,Age,indiasector,1,India,30 to 45,NA,NA,NA,NA,NA
124,1,0.316543162,0.241720319,0.187179193,0.155692682,0.098864645,1,2019,5,National,urban/rural,Age,indiasector,1,India,46 to 64,NA,NA,NA,NA,NA
125,1,0.38665089,0.247359991,0.138361514,0.129623532,0.098004073,1,2019,5,National,urban/rural,Age,indiasector,1,India,65+,NA,NA,NA,NA,NA
126,1,NA,NA,NA,NA,NA,0,2019,5,National,urban/rural,Age,indiasector,1,India,NA,NA,NA,NA,NA,NA
587,1,0.695222855,0.206006452,0.065228023,0.026238736,0.007303946,1,2019,5,National,All,Education,allindia,99,India,NA,No education / Preschool,NA,NA,NA,NA
588,1,0.625259876,0.242055476,0.085959181,0.036401208,0.010324261,1,2019,5,National,All,Education,allindia,99,India,NA,Primary,NA,NA,NA,NA
589,1,0.54265517,0.296609998,0.093542382,0.046516117,0.020676326,1,2019,5,National,All,Education,allindia,99,India,NA,Secondary,NA,NA,NA,NA
590,1,0.374417007,0.319616288,0.138131484,0.086313888,0.08152134,1,2019,5,National,All,Education,allindia,99,India,NA,Higher,NA,NA,NA,NA
591,1,0.652332485,0.171851486,0.066756912,0.109059125,0,1,2019,5,National,All,Education,allindia,99,India,NA,NA,NA,NA,NA,NA
592,1,0.731829524,0.198856607,0.052875813,0.01378295,0.002655083,1,2019,5,National,urban/rural,Education,indiasector,0,India,NA,No education / Preschool,NA,NA,NA,NA
593,1,0.667892754,0.240839526,0.066109464,0.021228176,0.003930078,1,2019,5,National,urban/rural,Education,indiasector,0,India,NA,Primary,NA,NA,NA,NA
594,1,0.574932456,0.301942021,0.083767951,0.03145466,0.007902923,1,2019,5,National,urban/rural,Education,indiasector,0,India,NA,Secondary,NA,NA,NA,NA
595,1,0.409471273,0.342429787,0.13969785,0.071415819,0.036985271,1,2019,5,National,urban/rural,Education,indiasector,0,India,NA,Higher,NA,NA,NA,NA
596,1,0.696578681,0.135009542,0.043929454,0.124482349,0,1,2019,5,National,urban/rural,Education,indiasector,0,India,NA,NA,NA,NA,NA,NA
597,1,0.372964948,0.268948346,0.17396757,0.135890111,0.048229046,1,2019,5,National,urban/rural,Education,indiasector,1,India,NA,No education / Preschool,NA,NA,NA,NA
598,1,0.302844197,0.25125128,0.236074746,0.151148841,0.058680937,1,2019,5,National,urban/rural,Education,indiasector,1,India,NA,Primary,NA,NA,NA,NA
599,1,0.225568891,0.244228929,0.189564764,0.19447735,0.146160081,1,2019,5,National,urban/rural,Education,indiasector,1,India,NA,Secondary,NA,NA,NA,NA
600,1,0.104060374,0.143666714,0.12605086,0.201215521,0.425006539,1,2019,5,National,urban/rural,Education,indiasector,1,India,NA,Higher,NA,NA,NA,NA
601,1,0.339463323,0.432364523,0.228172168,0,0,1,2019,5,National,urban/rural,Education,indiasector,1,India,NA,NA,NA,NA,NA,NA
1058,1,0.634688556,0.23850885,0.079899125,0.034851898,0.012051558,1,2019,5,National,All,Gender,allindia,99,India,NA,NA,1,NA,NA,NA
1059,1,0.677544415,0.218638003,0.063576266,0.028936766,0.011304533,1,2019,5,National,All,Gender,allindia,99,India,NA,NA,2,NA,NA,NA
1060,1,NA,NA,NA,NA,NA,0,2019,5,National,All,Gender,allindia,99,India,NA,NA,NA,NA,NA,NA
1061,1,0.670933664,0.236344203,0.066460058,0.021478886,0.004783183,1,2019,5,National,urban/rural,Gender,indiasector,0,India,NA,NA,1,NA,NA,NA
1062,1,0.718552947,0.213651329,0.050426379,0.013854521,0.003514848,1,2019,5,National,urban/rural,Gender,indiasector,0,India,NA,NA,2,NA,NA,NA
1063,1,NA,NA,NA,NA,NA,0,2019,5,National,urban/rural,Gender,indiasector,0,India,NA,NA,NA,NA,NA,NA
1064,1,0.316236079,0.25752762,0.197975904,0.15234828,0.075912118,1,2019,5,National,urban/rural,Gender,indiasector,1,India,NA,NA,1,NA,NA,NA
1065,1,0.349864483,0.258484244,0.168650955,0.149452016,0.07354831,1,2019,5,National,urban/rural,Gender,indiasector,1,India,NA,NA,2,NA,NA,NA
1066,1,NA,NA,NA,NA,NA,0,2019,5,National,urban/rural,Gender,indiasector,1,India,NA,NA,NA,NA,NA,NA
1322,1,0.852223396,0.133857906,0.012037035,0.00174935,0.000132286,1,2019,5,National,All,HH Size,allindia,99,India,NA,NA,NA,1,NA,NA
1323,1,0.754518926,0.190522328,0.039656114,0.012286208,0.00301644,1,2019,5,National,All,HH Size,allindia,99,India,NA,NA,NA,2 to 3,NA,NA
1324,1,0.658840477,0.234820217,0.069725446,0.027865892,0.008747969,1,2019,5,National,All,HH Size,allindia,99,India,NA,NA,NA,4 to 6,NA,NA
1325,1,0.546540976,0.263856143,0.111467093,0.056016643,0.022119166,1,2019,5,National,All,HH Size,allindia,99,India,NA,NA,NA,7+,NA,NA
1326,1,0.864932656,0.127252266,0.006262294,0.001405151,0.000147622,1,2019,5,National,urban/rural,HH Size,indiasector,0,India,NA,NA,NA,1,NA,NA
1327,1,0.779606998,0.183689132,0.029140048,0.006283402,0.001280418,1,2019,5,National,urban/rural,HH Size,indiasector,0,India,NA,NA,NA,2 to 3,NA,NA
1328,1,0.698127985,0.230927214,0.054669481,0.014142641,0.002132698,1,2019,5,National,urban/rural,HH Size,indiasector,0,India,NA,NA,NA,4 to 6,NA,NA
1329,1,0.585462689,0.266300559,0.099551357,0.038213324,0.010472032,1,2019,5,National,urban/rural,HH Size,indiasector,0,India,NA,NA,NA,7+,NA,NA
1330,1,0.742592335,0.190838814,0.06185044,0.004718432,0,1,2019,5,National,urban/rural,HH Size,indiasector,1,India,NA,NA,NA,1,NA,NA
1331,1,0.494605124,0.261314452,0.148603097,0.074475579,0.021001721,1,2019,5,National,urban/rural,HH Size,indiasector,1,India,NA,NA,NA,2 to 3,NA,NA
1332,1,0.319201648,0.268475085,0.19988367,0.146502867,0.065936722,1,2019,5,National,urban/rural,HH Size,indiasector,1,India,NA,NA,NA,4 to 6,NA,NA
1333,1,0.235351384,0.244312227,0.20673652,0.198358819,0.115241051,1,2019,5,National,urban/rural,HH Size,indiasector,1,India,NA,NA,NA,7+,NA,NA
1748,1,0.658189833,0.224158779,0.077235378,0.030761367,0.009654668,1,2019,5,National,All,Owns House,allindia,99,India,NA,NA,NA,NA,0,NA
1749,1,0.636580586,0.23875688,0.077129737,0.034866691,0.012666131,1,2019,5,National,All,Owns House,allindia,99,India,NA,NA,NA,NA,1,NA
1750,1,0.711286724,0.216441706,0.054767244,0.014238228,0.003266101,1,2019,5,National,urban/rural,Owns House,indiasector,0,India,NA,NA,NA,NA,0,NA
1751,1,0.6690256,0.237457663,0.066527255,0.022021165,0.004968317,1,2019,5,National,urban/rural,Owns House,indiasector,0,India,NA,NA,NA,NA,1,NA
1752,1,0.358455002,0.26772204,0.204069167,0.124035344,0.045718469,1,2019,5,National,urban/rural,Owns House,indiasector,1,India,NA,NA,NA,NA,0,NA
1753,1,0.302254975,0.252144545,0.186381593,0.167231649,0.091987222,1,2019,5,National,urban/rural,Owns House,indiasector,1,India,NA,NA,NA,NA,1,NA
1967,1,0.655013263,0.215136617,0.075961418,0.0393764,0.014512286,1,2019,5,National,All,Agri Land,allindia,99,India,NA,NA,NA,NA,NA,0
1968,1,0.626159728,0.259186089,0.078587525,0.027241375,0.008825308,1,2019,5,National,All,Agri Land,allindia,99,India,NA,NA,NA,NA,NA,1
1969,1,0.721024394,0.206987694,0.053028371,0.015888266,0.003071297,1,2019,5,National,urban/rural,Agri Land,indiasector,0,India,NA,NA,NA,NA,NA,0
1970,1,0.635338485,0.258972108,0.074898824,0.024669243,0.00612132,1,2019,5,National,urban/rural,Agri Land,indiasector,0,India,NA,NA,NA,NA,NA,1
1971,1,0.320580274,0.256421655,0.192147464,0.158374682,0.072475933,1,2019,5,National,urban/rural,Agri Land,indiasector,1,India,NA,NA,NA,NA,NA,0
1972,1,0.33346346,0.26600951,0.196213886,0.109262288,0.095050856,1,2019,5,National,urban/rural,Agri Land,indiasector,1,India,NA,NA,NA,NA,NA,1
2181,1,0.522241116,0.323607057,0.113749988,0.032022972,0.008378857,1,2015,4,National,All,All Households,allindia,99,India,NA,NA,NA,NA,NA,NA
2182,1,0.555336177,0.32392475,0.098042727,0.019487986,0.003208367,1,2015,4,National,urban/rural,All Households,indiasector,0,India,NA,NA,NA,NA,NA,NA
2183,1,0.244327709,0.320939064,0.245650768,0.137284726,0.051797722,1,2015,4,National,urban/rural,All Households,indiasector,1,India,NA,NA,NA,NA,NA,NA
2289,1,0.535768867,0.322027087,0.109341666,0.028778045,0.004084317,1,2015,4,National,All,Age,allindia,99,India,15 to 29,NA,NA,NA,NA,NA
2290,1,0.557644904,0.308459759,0.101038381,0.026897071,0.005959884,1,2015,4,National,All,Age,allindia,99,India,30 to 45,NA,NA,NA,NA,NA
2291,1,0.486342609,0.340073466,0.124974094,0.037270855,0.011338987,1,2015,4,National,All,Age,allindia,99,India,46 to 64,NA,NA,NA,NA,NA
2292,1,0.489962012,0.331175327,0.129087567,0.03764246,0.012132616,1,2015,4,National,All,Age,allindia,99,India,65+,NA,NA,NA,NA,NA
2293,1,0.826625645,0.073053122,0.100321248,0,0,1,2015,4,National,All,Age,allindia,99,India,NA,NA,NA,NA,NA,NA
2294,1,0.574909925,0.317031264,0.090226978,0.016224789,0.001607024,1,2015,4,National,urban/rural,Age,indiasector,0,India,15 to 29,NA,NA,NA,NA,NA
2295,1,0.598609269,0.307281256,0.080035374,0.012112749,0.001961344,1,2015,4,National,urban/rural,Age,indiasector,0,India,30 to 45,NA,NA,NA,NA,NA
2296,1,0.513872743,0.342886925,0.11324551,0.025975462,0.004019391,1,2015,4,National,urban/rural,Age,indiasector,0,India,46 to 64,NA,NA,NA,NA,NA
2297,1,0.511708438,0.332803577,0.120952919,0.028284756,0.006250323,1,2015,4,National,urban/rural,Age,indiasector,0,India,65+,NA,NA,NA,NA,NA
2298,1,0.825873077,0.073370211,0.100756697,0,0,1,2015,4,National,urban/rural,Age,indiasector,0,India,NA,NA,NA,NA,NA,NA
2299,1,0.232996106,0.360671967,0.25720188,0.125882804,0.023247233,1,2015,4,National,urban/rural,Age,indiasector,1,India,15 to 29,NA,NA,NA,NA,NA
2300,1,0.255676031,0.317147017,0.255862087,0.13587971,0.035435125,1,2015,4,National,urban/rural,Age,indiasector,1,India,30 to 45,NA,NA,NA,NA,NA
2301,1,0.226148874,0.31348291,0.235823706,0.144026309,0.080518223,1,2015,4,National,urban/rural,Age,indiasector,1,India,46 to 64,NA,NA,NA,NA,NA
2302,1,0.258233041,0.313824952,0.215770096,0.137357816,0.074814104,1,2015,4,National,urban/rural,Age,indiasector,1,India,65+,NA,NA,NA,NA,NA
2303,1,1,0,0,0,0,1,2015,4,National,urban/rural,Age,indiasector,1,India,NA,NA,NA,NA,NA,NA
2757,1,0.601737082,0.283093631,0.087132432,0.023749243,0.004287601,1,2015,4,National,All,Education,allindia,99,India,NA,No education / Preschool,NA,NA,NA,NA
2758,1,0.478762597,0.348820388,0.129772827,0.035374455,0.007269731,1,2015,4,National,All,Education,allindia,99,India,NA,Primary,NA,NA,NA,NA
2759,1,0.40187484,0.385839105,0.15245378,0.044399705,0.015432565,1,2015,4,National,All,Education,allindia,99,India,NA,Secondary,NA,NA,NA,NA
2760,1,0.221411973,0.410594821,0.222889692,0.084783211,0.060320292,1,2015,4,National,All,Education,allindia,99,India,NA,Higher,NA,NA,NA,NA
2761,1,0.468855739,0.369504213,0.105918728,0.034605213,0.021116117,1,2015,4,National,All,Education,allindia,99,India,NA,NA,NA,NA,NA,NA
2762,1,0.637750804,0.277358949,0.071330778,0.012179529,0.001379925,1,2015,4,National,urban/rural,Education,indiasector,0,India,NA,No education / Preschool,NA,NA,NA,NA
2763,1,0.516351938,0.351977944,0.109390587,0.019710686,0.00256884,1,2015,4,National,urban/rural,Education,indiasector,0,India,NA,Primary,NA,NA,NA,NA
2764,1,0.425308526,0.395317316,0.14052172,0.032308977,0.006543483,1,2015,4,National,urban/rural,Education,indiasector,0,India,NA,Secondary,NA,NA,NA,NA
2765,1,0.246107116,0.434329957,0.220568359,0.074543633,0.024450922,1,2015,4,National,urban/rural,Education,indiasector,0,India,NA,Higher,NA,NA,NA,NA
2766,1,0.48491016,0.377635211,0.090795226,0.03444593,0.012213481,1,2015,4,National,urban/rural,Education,indiasector,0,India,NA,NA,NA,NA,NA,NA
2767,1,0.298667639,0.331353128,0.220109522,0.121112891,0.028756823,1,2015,4,National,urban/rural,Education,indiasector,1,India,NA,No education / Preschool,NA,NA,NA,NA
2768,1,0.192285776,0.324755996,0.285110474,0.154751509,0.043096263,1,2015,4,National,urban/rural,Education,indiasector,1,India,NA,Primary,NA,NA,NA,NA
2769,1,0.184371963,0.297866046,0.263202846,0.156621397,0.097937755,1,2015,4,National,urban/rural,Education,indiasector,1,India,NA,Secondary,NA,NA,NA,NA
2770,1,0.024969952,0.22178942,0.241355196,0.16623579,0.34564966,1,2015,4,National,urban/rural,Education,indiasector,1,India,NA,Higher,NA,NA,NA,NA
2771,1,0.302237153,0.285117835,0.262875855,0.036258303,0.113510847,1,2015,4,National,urban/rural,Education,indiasector,1,India,NA,NA,NA,NA,NA,NA
3245,1,0.512453437,0.32798636,0.117778294,0.033163514,0.008618425,1,2015,4,National,All,Gender,allindia,99,India,NA,NA,1,NA,NA,NA
3246,1,0.584891081,0.295575708,0.087965325,0.024722494,0.00684541,1,2015,4,National,All,Gender,allindia,99,India,NA,NA,2,NA,NA,NA
3247,1,NA,NA,NA,NA,NA,0,2015,4,National,All,Gender,allindia,99,India,NA,NA,NA,NA,NA,NA
3248,1,0.544781029,0.329152614,0.102160074,0.020580949,0.003325345,1,2015,4,National,urban/rural,Gender,indiasector,0,India,NA,NA,1,NA,NA,NA
3249,1,0.623380363,0.290223151,0.07150007,0.012442154,0.002454263,1,2015,4,National,urban/rural,Gender,indiasector,0,India,NA,NA,2,NA,NA,NA
3250,1,NA,NA,NA,NA,NA,0,2015,4,National,urban/rural,Gender,indiasector,0,India,NA,NA,NA,NA,NA,NA
3251,1,0.23852019,0.318103731,0.250121891,0.139783964,0.053470209,1,2015,4,National,urban/rural,Gender,indiasector,1,India,NA,NA,1,NA,NA,NA
3252,1,0.27939567,0.338059843,0.218652502,0.122193381,0.041698597,1,2015,4,National,urban/rural,Gender,indiasector,1,India,NA,NA,2,NA,NA,NA
3253,1,NA,NA,NA,NA,NA,0,2015,4,National,urban/rural,Gender,indiasector,1,India,NA,NA,NA,NA,NA,NA
3504,1,0.720795929,0.236019641,0.039444711,0.003606661,0.00013309,1,2015,4,National,All,HH Size,allindia,99,India,NA,NA,NA,1,NA,NA
3505,1,0.599669874,0.307362318,0.077200226,0.013639887,0.002127725,1,2015,4,National,All,HH Size,allindia,99,India,NA,NA,NA,2 to 3,NA,NA
3506,1,0.537400424,0.327017874,0.105080329,0.025670644,0.004830689,1,2015,4,National,All,HH Size,allindia,99,India,NA,NA,NA,4 to 6,NA,NA
3507,1,0.471319735,0.327548027,0.139006436,0.046946142,0.015179653,1,2015,4,National,All,HH Size,allindia,99,India,NA,NA,NA,7+,NA,NA
3508,1,NA,NA,NA,NA,NA,0,2015,4,National,All,HH Size,allindia,99,India,NA,NA,NA,NA,NA,NA
3509,1,0.738562465,0.229190424,0.031075465,0.001164753,6.92E-06,1,2015,4,National,urban/rural,HH Size,indiasector,0,India,NA,NA,NA,1,NA,NA
3510,1,0.628068328,0.301627517,0.062490929,0.006940116,0.000873109,1,2015,4,National,urban/rural,HH Size,indiasector,0,India,NA,NA,NA,2 to 3,NA,NA
3511,1,0.572778285,0.32555148,0.0873679,0.012877993,0.001424332,1,2015,4,National,urban/rural,HH Size,indiasector,0,India,NA,NA,NA,4 to 6,NA,NA
3512,1,0.503551066,0.332302332,0.125274435,0.032535657,0.00633647,1,2015,4,National,urban/rural,HH Size,indiasector,0,India,NA,NA,NA,7+,NA,NA
3513,1,NA,NA,NA,NA,NA,0,2015,4,National,urban/rural,HH Size,indiasector,0,India,NA,NA,NA,NA,NA,NA
3514,1,0.588738978,0.286780536,0.101652481,0.021757122,0.001070872,1,2015,4,National,urban/rural,HH Size,indiasector,1,India,NA,NA,NA,1,NA,NA
3515,1,0.343631148,0.359066874,0.209818184,0.074044533,0.013439255,1,2015,4,National,urban/rural,HH Size,indiasector,1,India,NA,NA,NA,2 to 3,NA,NA
3516,1,0.246373147,0.33908084,0.250787407,0.130906329,0.03285227,1,2015,4,National,urban/rural,HH Size,indiasector,1,India,NA,NA,NA,4 to 6,NA,NA
3517,1,0.197977006,0.287228346,0.255462676,0.169156373,0.090175577,1,2015,4,National,urban/rural,HH Size,indiasector,1,India,NA,NA,NA,7+,NA,NA
3518,1,NA,NA,NA,NA,NA,0,2015,4,National,urban/rural,HH Size,indiasector,1,India,NA,NA,NA,NA,NA,NA
3972,1,0.541479945,0.303360969,0.11467573,0.036165446,0.004317905,1,2015,4,National,All,Owns House,allindia,99,India,NA,NA,NA,NA,0,NA
3973,1,0.518464446,0.327581495,0.113568261,0.031209774,0.009176049,1,2015,4,National,All,Owns House,allindia,99,India,NA,NA,NA,NA,1,NA
3974,1,NA,NA,NA,NA,NA,0,2015,4,National,All,Owns House,allindia,99,India,NA,NA,NA,NA,NA,NA
3975,1,0.598964393,0.301306427,0.083522744,0.014620168,0.001586299,1,2015,4,National,urban/rural,Owns House,indiasector,0,India,NA,NA,NA,NA,0,NA
3976,1,0.547498941,0.32798782,0.100651041,0.020362422,0.003499749,1,2015,4,National,urban/rural,Owns House,indiasector,0,India,NA,NA,NA,NA,1,NA
3977,1,NA,NA,NA,NA,NA,0,2015,4,National,urban/rural,Owns House,indiasector,0,India,NA,NA,NA,NA,NA,NA
3978,1,0.262290895,0.313339502,0.265978843,0.140806049,0.017584706,1,2015,4,National,urban/rural,Owns House,indiasector,1,India,NA,NA,NA,NA,0,NA
3979,1,0.237907708,0.323655128,0.238385588,0.136026219,0.06402535,1,2015,4,National,urban/rural,Owns House,indiasector,1,India,NA,NA,NA,NA,1,NA
3980,1,NA,NA,NA,NA,NA,0,2015,4,National,urban/rural,Owns House,indiasector,1,India,NA,NA,NA,NA,NA,NA
4231,1,0.539767683,0.304779083,0.107423075,0.037379239,0.010650919,1,2015,4,National,All,Agri Land,allindia,99,India,NA,NA,NA,NA,NA,0
4232,1,0.504181683,0.343007505,0.120269284,0.026503844,0.006037712,1,2015,4,National,All,Agri Land,allindia,99,India,NA,NA,NA,NA,NA,1
4233,1,NA,NA,NA,NA,NA,0,2015,4,National,All,Agri Land,allindia,99,India,NA,NA,NA,NA,NA,NA
4234,1,0.605670154,0.302723676,0.075819097,0.014075207,0.00171187,1,2015,4,National,urban/rural,Agri Land,indiasector,0,India,NA,NA,NA,NA,NA,0
4235,1,0.511738956,0.342288256,0.117291912,0.024176313,0.004504571,1,2015,4,National,urban/rural,Agri Land,indiasector,0,India,NA,NA,NA,NA,NA,1
4236,1,NA,NA,NA,NA,NA,0,2015,4,National,urban/rural,Agri Land,indiasector,0,India,NA,NA,NA,NA,NA,NA
4237,1,0.245032668,0.3139714,0.24876529,0.141601697,0.05062896,1,2015,4,National,urban/rural,Agri Land,indiasector,1,India,NA,NA,NA,NA,NA,0
4238,1,0.239546791,0.368192971,0.224528521,0.108007647,0.059724089,1,2015,4,National,urban/rural,Agri Land,indiasector,1,India,NA,NA,NA,NA,NA,1
4239,1,NA,NA,NA,NA,NA,0,2015,4,National,urban/rural,Agri Land,indiasector,1,India,NA,NA,NA,NA,NA,NA
17,1,0.580869496,0.304510385,0.070676304,0.042196203,0.001747618,1,2019,5,State,All,All Households,state,99,Jammu and Kashmir,NA,NA,NA,NA,NA,NA
66,1,0.598013937,0.311927378,0.065805979,0.022384161,0.001868575,1,2019,5,State,urban/rural,All Households,statesector,0,Jammu and Kashmir,NA,NA,NA,NA,NA,NA
67,1,0.333161652,0.197347447,0.141044319,0.328446597,0,1,2019,5,State,urban/rural,All Households,statesector,1,Jammu and Kashmir,NA,NA,NA,NA,NA,NA
184,1,0.666529,0.227137595,0.087347798,0.018985633,0,1,2019,5,State,All,Age,state,99,Jammu and Kashmir,15 to 29,NA,NA,NA,NA,NA
185,1,0.591720343,0.294730455,0.060849208,0.050243039,0.002456959,1,2019,5,State,All,Age,state,99,Jammu and Kashmir,30 to 45,NA,NA,NA,NA,NA
186,1,0.547315419,0.361104935,0.060968824,0.028689912,0.001920912,1,2019,5,State,All,Age,state,99,Jammu and Kashmir,46 to 64,NA,NA,NA,NA,NA
187,1,0.549499869,0.264566809,0.120454818,0.065478511,0,1,2019,5,State,All,Age,state,99,Jammu and Kashmir,65+,NA,NA,NA,NA,NA
391,1,0.663620591,0.231655896,0.088295326,0.016428187,0,1,2019,5,State,urban/rural,Age,statesector,0,Jammu and Kashmir,15 to 29,NA,NA,NA,NA,NA
392,1,0.618870735,0.301741034,0.050161485,0.026548568,0.002678148,1,2019,5,State,urban/rural,Age,statesector,0,Jammu and Kashmir,30 to 45,NA,NA,NA,NA,NA
393,1,0.558717072,0.368519694,0.057817508,0.012975389,0.001970311,1,2019,5,State,urban/rural,Age,statesector,0,Jammu and Kashmir,46 to 64,NA,NA,NA,NA,NA
394,1,0.566346347,0.266792059,0.13010712,0.03675447,0,1,2019,5,State,urban/rural,Age,statesector,0,Jammu and Kashmir,65+,NA,NA,NA,NA,NA
395,1,0.695930421,0.181461141,0.077769056,0.044839386,0,1,2019,5,State,urban/rural,Age,statesector,1,Jammu and Kashmir,15 to 29,NA,NA,NA,NA,NA
396,1,0.290134311,0.216856793,0.179568216,0.313440681,0,1,2019,5,State,urban/rural,Age,statesector,1,Jammu and Kashmir,30 to 45,NA,NA,NA,NA,NA
397,1,0.103952266,0.072775908,0.183510184,0.639761627,0,1,2019,5,State,urban/rural,Age,statesector,1,Jammu and Kashmir,46 to 64,NA,NA,NA,NA,NA
398,1,0.339265823,0.236797199,0,0.423936993,0,1,2019,5,State,urban/rural,Age,statesector,1,Jammu and Kashmir,65+,NA,NA,NA,NA,NA
658,1,0.62472105,0.273768604,0.057546627,0.043963742,0,1,2019,5,State,All,Education,state,99,Jammu and Kashmir,NA,No education / Preschool,NA,NA,NA,NA
659,1,0.556200385,0.337462127,0.062070485,0.039809197,0.004457802,1,2019,5,State,All,Education,state,99,Jammu and Kashmir,NA,Primary,NA,NA,NA,NA
660,1,0.507732987,0.351835102,0.105854385,0.030160137,0.004417376,1,2019,5,State,All,Education,state,99,Jammu and Kashmir,NA,Secondary,NA,NA,NA,NA
661,1,0.350813061,0.396977603,0.048276741,0.203932583,0,1,2019,5,State,All,Education,state,99,Jammu and Kashmir,NA,Higher,NA,NA,NA,NA
865,1,0.643834472,0.280416459,0.055032782,0.020716283,0,1,2019,5,State,urban/rural,Education,statesector,0,Jammu and Kashmir,NA,No education / Preschool,NA,NA,NA,NA
866,1,0.57387042,0.357082337,0.032919575,0.031279929,0.00484774,1,2019,5,State,urban/rural,Education,statesector,0,Jammu and Kashmir,NA,Primary,NA,NA,NA,NA
867,1,0.524291754,0.353578299,0.106839858,0.010599745,0.004690323,1,2019,5,State,urban/rural,Education,statesector,0,Jammu and Kashmir,NA,Secondary,NA,NA,NA,NA
868,1,0.294998616,0.431108117,0.052427381,0.221465886,0,1,2019,5,State,urban/rural,Education,statesector,0,Jammu and Kashmir,NA,Higher,NA,NA,NA,NA
869,1,0.344042122,0.176145628,0.094462156,0.385350078,0,1,2019,5,State,urban/rural,Education,statesector,1,Jammu and Kashmir,NA,No education / Preschool,NA,NA,NA,NA
870,1,0.354195297,0.113162234,0.395326018,0.137316465,0,1,2019,5,State,urban/rural,Education,statesector,1,Jammu and Kashmir,NA,Primary,NA,NA,NA,NA
871,1,0.23974666,0.323623031,0.089905441,0.346724868,0,1,2019,5,State,urban/rural,Education,statesector,1,Jammu and Kashmir,NA,Secondary,NA,NA,NA,NA
872,1,1,0,0,0,0,1,2019,5,State,urban/rural,Education,statesector,1,Jammu and Kashmir,NA,Higher,NA,NA,NA,NA
1099,1,0.585891664,0.301839113,0.071018703,0.039400131,0.001850415,1,2019,5,State,All,Gender,state,99,Jammu and Kashmir,NA,NA,1,NA,NA,NA
1100,1,0.495489299,0.349923909,0.064855322,0.089731477,0,1,2019,5,State,All,Gender,state,99,Jammu and Kashmir,NA,NA,2,NA,NA,NA
1214,1,0.603990138,0.309272856,0.06663575,0.018116292,0.001984937,1,2019,5,State,urban/rural,Gender,statesector,0,Jammu and Kashmir,NA,NA,1,NA,NA,NA
1215,1,0.502045751,0.354554176,0.052481238,0.090918824,0,1,2019,5,State,urban/rural,Gender,statesector,0,Jammu and Kashmir,NA,NA,2,NA,NA,NA
1216,1,0.336937934,0.199584335,0.131308287,0.332169443,0,1,2019,5,State,urban/rural,Gender,statesector,1,Jammu and Kashmir,NA,NA,1,NA,NA,NA
1217,1,0,0,1,0,0,1,2019,5,State,urban/rural,Gender,statesector,1,Jammu and Kashmir,NA,NA,2,NA,NA,NA
1385,1,0.801595926,0.198404074,0,0,0,1,2019,5,State,All,HH Size,state,99,Jammu and Kashmir,NA,NA,NA,1,NA,NA
1386,1,0.682683587,0.23334381,0.079309411,0.004663186,0,1,2019,5,State,All,HH Size,state,99,Jammu and Kashmir,NA,NA,NA,2 to 3,NA,NA
1387,1,0.584715188,0.302145272,0.071467988,0.039855078,0.001816502,1,2019,5,State,All,HH Size,state,99,Jammu and Kashmir,NA,NA,NA,4 to 6,NA,NA
1388,1,0.534754992,0.335320979,0.066878892,0.060853936,0.002191217,1,2019,5,State,All,HH Size,state,99,Jammu and Kashmir,NA,NA,NA,7+,NA,NA
1572,1,0.781763315,0.218236685,0,0,0,1,2019,5,State,urban/rural,HH Size,statesector,0,Jammu and Kashmir,NA,NA,NA,1,NA,NA
1573,1,0.681358337,0.241741046,0.076900624,0,0,1,2019,5,State,urban/rural,HH Size,statesector,0,Jammu and Kashmir,NA,NA,NA,2 to 3,NA,NA
1574,1,0.605207622,0.313010037,0.0627167,0.017111277,0.001954388,1,2019,5,State,urban/rural,HH Size,statesector,0,Jammu and Kashmir,NA,NA,NA,4 to 6,NA,NA
1575,1,0.551917374,0.333415627,0.070215538,0.042150941,0.002300539,1,2019,5,State,urban/rural,HH Size,statesector,0,Jammu and Kashmir,NA,NA,NA,7+,NA,NA
1576,1,1,0,0,0,0,1,2019,5,State,urban/rural,HH Size,statesector,1,Jammu and Kashmir,NA,NA,NA,1,NA,NA
1577,1,0.699303925,0.128032267,0.109518565,0.063145235,0,1,2019,5,State,urban/rural,HH Size,statesector,1,Jammu and Kashmir,NA,NA,NA,2 to 3,NA,NA
1578,1,0.314750016,0.159013972,0.186756492,0.339479506,0,1,2019,5,State,urban/rural,HH Size,statesector,1,Jammu and Kashmir,NA,NA,NA,4 to 6,NA,NA
1579,1,0.190757722,0.373511016,0,0.435731262,0,1,2019,5,State,urban/rural,HH Size,statesector,1,Jammu and Kashmir,NA,NA,NA,7+,NA,NA
1780,1,0.654108465,0.246471897,0.062184907,0.037234735,0,1,2019,5,State,All,Owns House,state,99,Jammu and Kashmir,NA,NA,NA,NA,0,NA
1781,1,0.549357593,0.329482079,0.074329823,0.044330928,0.00249955,1,2019,5,State,All,Owns House,state,99,Jammu and Kashmir,NA,NA,NA,NA,1,NA
1876,1,0.652875125,0.246673778,0.06113321,0.039317854,0,1,2019,5,State,urban/rural,Owns House,statesector,0,Jammu and Kashmir,NA,NA,NA,NA,0,NA
1877,1,0.573982775,0.340510696,0.06785281,0.014966616,0.002687075,1,2019,5,State,urban/rural,Owns House,statesector,0,Jammu and Kashmir,NA,NA,NA,NA,1,NA
1878,1,0.676153302,0.242863208,0.080983497,0,0,1,2019,5,State,urban/rural,Owns House,statesector,1,Jammu and Kashmir,NA,NA,NA,NA,0,NA
1879,1,0.221124947,0.182479933,0.160662904,0.435732216,0,1,2019,5,State,urban/rural,Owns House,statesector,1,Jammu and Kashmir,NA,NA,NA,NA,1,NA
1999,1,0.630183697,0.230717599,0.083781727,0.055317003,0,1,2019,5,State,All,Agri Land,state,99,Jammu and Kashmir,NA,NA,NA,NA,NA,0
2000,1,0.559294045,0.336795449,0.064942561,0.036455724,0.002512218,1,2019,5,State,All,Agri Land,state,99,Jammu and Kashmir,NA,NA,NA,NA,NA,1
2093,1,0.674011946,0.241213843,0.063292027,0.021482181,0,1,2019,5,State,urban/rural,Agri Land,statesector,0,Jammu and Kashmir,NA,NA,NA,NA,NA,0
2094,1,0.568965614,0.33895579,0.066766866,0.02272892,0.002582789,1,2019,5,State,urban/rural,Agri Land,statesector,0,Jammu and Kashmir,NA,NA,NA,NA,NA,1
2095,1,0.382280678,0.171348408,0.199676245,0.246694654,0,1,2019,5,State,urban/rural,Agri Land,statesector,1,Jammu and Kashmir,NA,NA,NA,NA,NA,0
2096,1,0.215001419,0.259890467,0,0.525108099,0,1,2019,5,State,urban/rural,Agri Land,statesector,1,Jammu and Kashmir,NA,NA,NA,NA,NA,1
2197,1,0.303910583,0.47318393,0.158454701,0.056130089,0.008320685,1,2015,4,State,All,All Households,state,99,Jammu and Kashmir,NA,NA,NA,NA,NA,NA
2245,1,0.314050227,0.488059253,0.154968351,0.038737874,0.004184294,1,2015,4,State,urban/rural,All Households,statesector,0,Jammu and Kashmir,NA,NA,NA,NA,NA,NA
2246,1,0.201488063,0.322925508,0.193671092,0.231812179,0.050103161,1,2015,4,State,urban/rural,All Households,statesector,1,Jammu and Kashmir,NA,NA,NA,NA,NA,NA
2361,1,0.340327024,0.496285975,0.122422874,0.039183825,0.001780285,1,2015,4,State,All,Age,state,99,Jammu and Kashmir,15 to 29,NA,NA,NA,NA,NA
2362,1,0.323065102,0.484103203,0.135822192,0.046517592,0.010491892,1,2015,4,State,All,Age,state,99,Jammu and Kashmir,30 to 45,NA,NA,NA,NA,NA
2363,1,0.290370584,0.460991204,0.191023767,0.050067987,0.007546447,1,2015,4,State,All,Age,state,99,Jammu and Kashmir,46 to 64,NA,NA,NA,NA,NA
2364,1,0.240971223,0.444870085,0.192734197,0.113616191,0.00780831,1,2015,4,State,All,Age,state,99,Jammu and Kashmir,65+,NA,NA,NA,NA,NA
2566,1,0.341723412,0.512403607,0.126652822,0.017236268,0.001983916,1,2015,4,State,urban/rural,Age,statesector,0,Jammu and Kashmir,15 to 29,NA,NA,NA,NA,NA
2567,1,0.345971406,0.492559016,0.128428221,0.03226966,0.000771696,1,2015,4,State,urban/rural,Age,statesector,0,Jammu and Kashmir,30 to 45,NA,NA,NA,NA,NA
2568,1,0.283186197,0.477824897,0.18611984,0.044848654,0.008020427,1,2015,4,State,urban/rural,Age,statesector,0,Jammu and Kashmir,46 to 64,NA,NA,NA,NA,NA
2569,1,0.252871275,0.476541877,0.197666585,0.064001374,0.008918884,1,2015,4,State,urban/rural,Age,statesector,0,Jammu and Kashmir,65+,NA,NA,NA,NA,NA
2570,1,0.328118831,0.355374217,0.085441656,0.231065303,0,1,2015,4,State,urban/rural,Age,statesector,1,Jammu and Kashmir,15 to 29,NA,NA,NA,NA,NA
2571,1,0.108282804,0.404816747,0.205152318,0.180114225,0.101633921,1,2015,4,State,urban/rural,Age,statesector,1,Jammu and Kashmir,30 to 45,NA,NA,NA,NA,NA
2572,1,0.404756606,0.192974508,0.26910156,0.133167341,0,1,2015,4,State,urban/rural,Age,statesector,1,Jammu and Kashmir,46 to 64,NA,NA,NA,NA,NA
2573,1,0.157303378,0.22218962,0.158055142,0.462451845,0,1,2015,4,State,urban/rural,Age,statesector,1,Jammu and Kashmir,65+,NA,NA,NA,NA,NA
2834,1,0.362806588,0.444852531,0.13587068,0.047792245,0.008677968,1,2015,4,State,All,Education,state,99,Jammu and Kashmir,NA,No education / Preschool,NA,NA,NA,NA
2835,1,0.276190788,0.526023448,0.138211846,0.046878964,0.012694982,1,2015,4,State,All,Education,state,99,Jammu and Kashmir,NA,Primary,NA,NA,NA,NA
2836,1,0.220864668,0.502394974,0.200801447,0.069887727,0.006051147,1,2015,4,State,All,Education,state,99,Jammu and Kashmir,NA,Secondary,NA,NA,NA,NA
2837,1,0.091351539,0.382965446,0.325853676,0.199829355,0,1,2015,4,State,All,Education,state,99,Jammu and Kashmir,NA,Higher,NA,NA,NA,NA
2838,1,0.463791609,0.346019417,0.190188989,0,0,1,2015,4,State,All,Education,state,99,Jammu and Kashmir,NA,NA,NA,NA,NA,NA
3047,1,0.386813015,0.464582384,0.125878006,0.021065155,0.001661437,1,2015,4,State,urban/rural,Education,statesector,0,Jammu and Kashmir,NA,No education / Preschool,NA,NA,NA,NA
3048,1,0.291563213,0.523390889,0.137250453,0.033821393,0.013974024,1,2015,4,State,urban/rural,Education,statesector,0,Jammu and Kashmir,NA,Primary,NA,NA,NA,NA
3049,1,0.213081554,0.515940547,0.203298181,0.063471377,0.004208334,1,2015,4,State,urban/rural,Education,statesector,0,Jammu and Kashmir,NA,Secondary,NA,NA,NA,NA
3050,1,0.092528284,0.387898624,0.317169636,0.202403456,0,1,2015,4,State,urban/rural,Education,statesector,0,Jammu and Kashmir,NA,Higher,NA,NA,NA,NA
3051,1,0.709182501,0,0.290817469,0,0,1,2015,4,State,urban/rural,Education,statesector,0,Jammu and Kashmir,NA,NA,NA,NA,NA,NA
3052,1,0.177842334,0.292838454,0.21286197,0.253718466,0.062738769,1,2015,4,State,urban/rural,Education,statesector,1,Jammu and Kashmir,NA,No education / Preschool,NA,NA,NA,NA
3053,1,0.123613521,0.552152097,0.147754058,0.176480308,0,1,2015,4,State,urban/rural,Education,statesector,1,Jammu and Kashmir,NA,Primary,NA,NA,NA,NA
3054,1,0.375361115,0.233512878,0.151241019,0.197253659,0.042631354,1,2015,4,State,urban/rural,Education,statesector,1,Jammu and Kashmir,NA,Secondary,NA,NA,NA,NA
3055,1,0,0,1,0,0,1,2015,4,State,urban/rural,Education,statesector,1,Jammu and Kashmir,NA,Higher,NA,NA,NA,NA
3056,1,0,1,0,0,0,1,2015,4,State,urban/rural,Education,statesector,1,Jammu and Kashmir,NA,NA,NA,NA,NA,NA
3286,1,0.30471611,0.477143198,0.156549022,0.05629221,0.005299448,1,2015,4,State,All,Gender,state,99,Jammu and Kashmir,NA,NA,1,NA,NA,NA
3287,1,0.294282377,0.425860316,0.181232646,0.054192346,0.044432294,1,2015,4,State,All,Gender,state,99,Jammu and Kashmir,NA,NA,2,NA,NA,NA
3400,1,0.313446641,0.489663243,0.155002743,0.038431659,0.003455701,1,2015,4,State,urban/rural,Gender,statesector,0,Jammu and Kashmir,NA,NA,1,NA,NA,NA
3401,1,0.321729004,0.467653275,0.154530838,0.042633504,0.013453358,1,2015,4,State,urban/rural,Gender,statesector,0,Jammu and Kashmir,NA,NA,2,NA,NA,NA
3402,1,0.21170713,0.343763292,0.173021987,0.246566132,0.02494145,1,2015,4,State,urban/rural,Gender,statesector,1,Jammu and Kashmir,NA,NA,1,NA,NA,NA
3403,1,0.127199829,0.171443909,0.343781084,0.124557294,0.233017907,1,2015,4,State,urban/rural,Gender,statesector,1,Jammu and Kashmir,NA,NA,2,NA,NA,NA
3577,1,0.442970067,0.529956937,0.027073022,0,0,1,2015,4,State,All,HH Size,state,99,Jammu and Kashmir,NA,NA,NA,1,NA,NA
3578,1,0.322804511,0.493772805,0.141334802,0.03959043,0.002497449,1,2015,4,State,All,HH Size,state,99,Jammu and Kashmir,NA,NA,NA,2 to 3,NA,NA
3579,1,0.308776379,0.467593879,0.155572176,0.059395224,0.008662354,1,2015,4,State,All,HH Size,state,99,Jammu and Kashmir,NA,NA,NA,4 to 6,NA,NA
3580,1,0.293517858,0.475508779,0.16612719,0.055796999,0.009049174,1,2015,4,State,All,HH Size,state,99,Jammu and Kashmir,NA,NA,NA,7+,NA,NA
3783,1,0.476677597,0.511971653,0.011350756,0,0,1,2015,4,State,urban/rural,HH Size,statesector,0,Jammu and Kashmir,NA,NA,NA,1,NA,NA
3784,1,0.334728241,0.519948542,0.112015851,0.030540923,0.002766467,1,2015,4,State,urban/rural,HH Size,statesector,0,Jammu and Kashmir,NA,NA,NA,2 to 3,NA,NA
3785,1,0.316969365,0.486848891,0.159263819,0.035969183,0.000948748,1,2015,4,State,urban/rural,HH Size,statesector,0,Jammu and Kashmir,NA,NA,NA,4 to 6,NA,NA
3786,1,0.305819958,0.4836303,0.158817232,0.043613479,0.008119023,1,2015,4,State,urban/rural,HH Size,statesector,0,Jammu and Kashmir,NA,NA,NA,7+,NA,NA
3787,1,0.28368929,0.6149441,0.101366609,0,0,1,2015,4,State,urban/rural,HH Size,statesector,1,Jammu and Kashmir,NA,NA,NA,1,NA,NA
3788,1,0.212109879,0.250768751,0.413519233,0.123602115,0,1,2015,4,State,urban/rural,HH Size,statesector,1,Jammu and Kashmir,NA,NA,NA,2 to 3,NA,NA
3789,1,0.239573076,0.304953665,0.12439017,0.257266641,0.073816448,1,2015,4,State,urban/rural,HH Size,statesector,1,Jammu and Kashmir,NA,NA,NA,4 to 6,NA,NA
3790,1,0.128778532,0.366751909,0.264016002,0.218948558,0.021504976,1,2015,4,State,urban/rural,HH Size,statesector,1,Jammu and Kashmir,NA,NA,NA,7+,NA,NA
4013,1,0.401260346,0.425098956,0.138701141,0.034939557,0,1,2015,4,State,All,Owns House,state,99,Jammu and Kashmir,NA,NA,NA,NA,0,NA
4014,1,0.291954309,0.479089618,0.160880804,0.058732662,0.009342613,1,2015,4,State,All,Owns House,state,99,Jammu and Kashmir,NA,NA,NA,NA,1,NA
4128,1,0.474260032,0.406743705,0.106604874,0.012391365,0,1,2015,4,State,urban/rural,Owns House,statesector,0,Jammu and Kashmir,NA,NA,NA,NA,0,NA
4129,1,0.296569437,0.496931732,0.160245374,0.041612592,0.00464085,1,2015,4,State,urban/rural,Owns House,statesector,0,Jammu and Kashmir,NA,NA,NA,NA,1,NA
4130,1,0.072353087,0.507800281,0.28331399,0.136532649,0,1,2015,4,State,urban/rural,Owns House,statesector,1,Jammu and Kashmir,NA,NA,NA,NA,0,NA
4131,1,0.238028631,0.270612597,0.168305367,0.25877285,0.064280555,1,2015,4,State,urban/rural,Owns House,statesector,1,Jammu and Kashmir,NA,NA,NA,NA,1,NA
4272,1,0.295004338,0.409691095,0.166751951,0.104806483,0.023746131,1,2015,4,State,All,Agri Land,state,99,Jammu and Kashmir,NA,NA,NA,NA,NA,0
4273,1,0.306800753,0.493787915,0.155762181,0.040334165,0.00331499,1,2015,4,State,All,Agri Land,state,99,Jammu and Kashmir,NA,NA,NA,NA,NA,1
4387,1,0.37129122,0.432720423,0.159797892,0.029046344,0.007144114,1,2015,4,State,urban/rural,Agri Land,statesector,0,Jammu and Kashmir,NA,NA,NA,NA,NA,0
4388,1,0.299678713,0.501953185,0.153755799,0.04117113,0.00344117,1,2015,4,State,urban/rural,Agri Land,statesector,0,Jammu and Kashmir,NA,NA,NA,NA,NA,1
4389,1,0.071746305,0.342294425,0.187103406,0.326522946,0.072332904,1,2015,4,State,urban/rural,Agri Land,statesector,1,Jammu and Kashmir,NA,NA,NA,NA,NA,0
4390,1,0.493910372,0.279270291,0.208473861,0.018345479,0,1,2015,4,State,urban/rural,Agri Land,statesector,1,Jammu and Kashmir,NA,NA,NA,NA,NA,1
18,1,0.813740492,0.145882249,0.030351015,0.009059056,0.000967191,1,2019,5,State,All,All Households,state,99,Jharkhand,NA,NA,NA,NA,NA,NA
68,1,0.838069975,0.135327011,0.023771241,0.002831765,0,1,2019,5,State,urban/rural,All Households,statesector,0,Jharkhand,NA,NA,NA,NA,NA,NA
69,1,0.468463421,0.295679092,0.123729236,0.09743496,0.014693285,1,2019,5,State,urban/rural,All Households,statesector,1,Jharkhand,NA,NA,NA,NA,NA,NA
188,1,0.858398914,0.121523961,0.017581129,0.002495968,0,1,2019,5,State,All,Age,state,99,Jharkhand,15 to 29,NA,NA,NA,NA,NA
189,1,0.829219937,0.139445454,0.026762526,0.004430412,0.000141683,1,2019,5,State,All,Age,state,99,Jharkhand,30 to 45,NA,NA,NA,NA,NA
190,1,0.784983158,0.164607257,0.039366487,0.010043961,0.000999129,1,2019,5,State,All,Age,state,99,Jharkhand,46 to 64,NA,NA,NA,NA,NA
191,1,0.78260237,0.144726411,0.033217803,0.03386908,0.005584356,1,2019,5,State,All,Age,state,99,Jharkhand,65+,NA,NA,NA,NA,NA
192,1,NA,NA,NA,NA,NA,0,2019,5,State,All,Age,state,99,Jharkhand,NA,NA,NA,NA,NA,NA
399,1,0.868351817,0.115187272,0.013970175,0.002490729,0,1,2019,5,State,urban/rural,Age,statesector,0,Jharkhand,15 to 29,NA,NA,NA,NA,NA
400,1,0.854177952,0.125138342,0.018155236,0.002528436,0,1,2019,5,State,urban/rural,Age,statesector,0,Jharkhand,30 to 45,NA,NA,NA,NA,NA
401,1,0.809976995,0.153156772,0.033292338,0.003573929,0,1,2019,5,State,urban/rural,Age,statesector,0,Jharkhand,46 to 64,NA,NA,NA,NA,NA
402,1,0.820654154,0.14749454,0.029703049,0.002148257,0,1,2019,5,State,urban/rural,Age,statesector,0,Jharkhand,65+,NA,NA,NA,NA,NA
403,1,NA,NA,NA,NA,NA,0,2019,5,State,urban/rural,Age,statesector,0,Jharkhand,NA,NA,NA,NA,NA,NA
404,1,0.689041913,0.229348302,0.079024665,0.002585115,0,1,2019,5,State,urban/rural,Age,statesector,1,Jharkhand,15 to 29,NA,NA,NA,NA,NA
405,1,0.475266129,0.342348069,0.148830652,0.031404138,0.002151021,1,2019,5,State,urban/rural,Age,statesector,1,Jharkhand,30 to 45,NA,NA,NA,NA,NA
406,1,0.429684043,0.327381551,0.125713512,0.102018639,0.015202246,1,2019,5,State,urban/rural,Age,statesector,1,Jharkhand,46 to 64,NA,NA,NA,NA,NA
407,1,0.343454421,0.112780102,0.073780827,0.399952412,0.070032239,1,2019,5,State,urban/rural,Age,statesector,1,Jharkhand,65+,NA,NA,NA,NA,NA
662,1,0.849635363,0.124850936,0.014796435,0.009071041,0.001646201,1,2019,5,State,All,Education,state,99,Jharkhand,NA,No education / Preschool,NA,NA,NA,NA
663,1,0.800521433,0.13783969,0.056859806,0.004779043,0,1,2019,5,State,All,Education,state,99,Jharkhand,NA,Primary,NA,NA,NA,NA
664,1,0.761462986,0.185061023,0.044656679,0.008571103,0.000248182,1,2019,5,State,All,Education,state,99,Jharkhand,NA,Secondary,NA,NA,NA,NA
665,1,0.540585995,0.360837191,0.031333487,0.067243338,0,1,2019,5,State,All,Education,state,99,Jharkhand,NA,Higher,NA,NA,NA,NA
666,1,0.585194707,0.298842013,0.11596325,0,0,1,2019,5,State,All,Education,state,99,Jharkhand,NA,NA,NA,NA,NA,NA
873,1,0.873657167,0.112013333,0.011982112,0.00234738,0,1,2019,5,State,urban/rural,Education,statesector,0,Jharkhand,NA,No education / Preschool,NA,NA,NA,NA
874,1,0.830591381,0.12791355,0.041106846,0.000388255,0,1,2019,5,State,urban/rural,Education,statesector,0,Jharkhand,NA,Primary,NA,NA,NA,NA
875,1,0.780993164,0.177792221,0.036361825,0.004852824,0,1,2019,5,State,urban/rural,Education,statesector,0,Jharkhand,NA,Secondary,NA,NA,NA,NA
876,1,0.578059614,0.369979382,0.034374855,0.017586133,0,1,2019,5,State,urban/rural,Education,statesector,0,Jharkhand,NA,Higher,NA,NA,NA,NA
877,1,0.661957443,0.338042527,0,0,0,1,2019,5,State,urban/rural,Education,statesector,0,Jharkhand,NA,NA,NA,NA,NA,NA
878,1,0.509724796,0.30650422,0.054619383,0.104211509,0.024940109,1,2019,5,State,urban/rural,Education,statesector,1,Jharkhand,NA,No education / Preschool,NA,NA,NA,NA
879,1,0.41174385,0.266176105,0.260531932,0.061548114,0,1,2019,5,State,urban/rural,Education,statesector,1,Jharkhand,NA,Primary,NA,NA,NA,NA
880,1,0.451047182,0.300592959,0.176496819,0.067670211,0.004192836,1,2019,5,State,urban/rural,Education,statesector,1,Jharkhand,NA,Secondary,NA,NA,NA,NA
881,1,0.154516622,0.26665017,0,0.578833222,0,1,2019,5,State,urban/rural,Education,statesector,1,Jharkhand,NA,Higher,NA,NA,NA,NA
882,1,0,0,1,0,0,1,2019,5,State,urban/rural,Education,statesector,1,Jharkhand,NA,NA,NA,NA,NA,NA
1101,1,0.814272344,0.142654061,0.033624161,0.009374673,7.48E-05,1,2019,5,State,All,Gender,state,99,Jharkhand,NA,NA,1,NA,NA,NA
1102,1,0.811461926,0.159712464,0.016328186,0.007706889,0.004790541,1,2019,5,State,All,Gender,state,99,Jharkhand,NA,NA,2,NA,NA,NA
1103,1,NA,NA,NA,NA,NA,0,2019,5,State,All,Gender,state,99,Jharkhand,NA,NA,NA,NA,NA,NA
1218,1,0.839603007,0.132248089,0.025304293,0.002844639,0,1,2019,5,State,urban/rural,Gender,statesector,0,Jharkhand,NA,NA,1,NA,NA,NA
1219,1,0.831475258,0.148571983,0.017176351,0.002776381,0,1,2019,5,State,urban/rural,Gender,statesector,0,Jharkhand,NA,NA,2,NA,NA,NA
1220,1,NA,NA,NA,NA,NA,0,2019,5,State,urban/rural,Gender,statesector,0,Jharkhand,NA,NA,NA,NA,NA,NA
1221,1,0.450508714,0.292090386,0.153102547,0.103149965,0.001148392,1,2019,5,State,urban/rural,Gender,statesector,1,Jharkhand,NA,NA,1,NA,NA,NA
1222,1,0.541116595,0.310200781,0.004870978,0.074309349,0.069502302,1,2019,5,State,urban/rural,Gender,statesector,1,Jharkhand,NA,NA,2,NA,NA,NA
1389,1,0.942964256,0.040493172,0.008950283,0.007592275,0,1,2019,5,State,All,HH Size,state,99,Jharkhand,NA,NA,NA,1,NA,NA
1390,1,0.871874392,0.109414175,0.018161222,0.000550184,0,1,2019,5,State,All,HH Size,state,99,Jharkhand,NA,NA,NA,2 to 3,NA,NA
1391,1,0.832359076,0.138344556,0.022898871,0.005791021,0.000606447,1,2019,5,State,All,HH Size,state,99,Jharkhand,NA,NA,NA,4 to 6,NA,NA
1392,1,0.737751126,0.186536118,0.052981466,0.020453587,0.002277695,1,2019,5,State,All,HH Size,state,99,Jharkhand,NA,NA,NA,7+,NA,NA
1580,1,0.957556129,0.03840087,0.004043007,0,0,1,2019,5,State,urban/rural,HH Size,statesector,0,Jharkhand,NA,NA,NA,1,NA,NA
1581,1,0.888091922,0.101912566,0.009995491,0,0,1,2019,5,State,urban/rural,HH Size,statesector,0,Jharkhand,NA,NA,NA,2 to 3,NA,NA
1582,1,0.852338552,0.127464056,0.017258672,0.002938705,0,1,2019,5,State,urban/rural,HH Size,statesector,0,Jharkhand,NA,NA,NA,4 to 6,NA,NA
1583,1,0.775464773,0.174615219,0.045531113,0.004388882,0,1,2019,5,State,urban/rural,HH Size,statesector,0,Jharkhand,NA,NA,NA,7+,NA,NA
1584,1,0.773096502,0.064850233,0.06607724,0.095976047,0,1,2019,5,State,urban/rural,HH Size,statesector,1,Jharkhand,NA,NA,NA,1,NA,NA
1585,1,0.652882516,0.210711464,0.128426492,0.007979541,0,1,2019,5,State,urban/rural,HH Size,statesector,1,Jharkhand,NA,NA,NA,2 to 3,NA,NA
1586,1,0.530234158,0.302877039,0.108188681,0.048923086,0.009777005,1,2019,5,State,urban/rural,HH Size,statesector,1,Jharkhand,NA,NA,NA,4 to 6,NA,NA
1587,1,0.243233964,0.342847943,0.150673598,0.231100708,0.032143779,1,2019,5,State,urban/rural,HH Size,statesector,1,Jharkhand,NA,NA,NA,7+,NA,NA
1782,1,0.812396824,0.141587406,0.030378964,0.014106133,0.001530661,1,2019,5,State,All,Owns House,state,99,Jharkhand,NA,NA,NA,NA,0,NA
1783,1,0.814112186,0.147070393,0.030343283,0.007662822,0.000811311,1,2019,5,State,All,Owns House,state,99,Jharkhand,NA,NA,NA,NA,1,NA
1880,1,0.842202425,0.132629842,0.022851685,0.002316035,0,1,2019,5,State,urban/rural,Owns House,statesector,0,Jharkhand,NA,NA,NA,NA,0,NA
1881,1,0.83693409,0.136068374,0.024023995,0.002973521,0,1,2019,5,State,urban/rural,Owns House,statesector,0,Jharkhand,NA,NA,NA,NA,1,NA
1882,1,0.419623911,0.259628505,0.129572138,0.169473991,0.02170145,1,2019,5,State,urban/rural,Owns House,statesector,1,Jharkhand,NA,NA,NA,NA,0,NA
1883,1,0.483232886,0.30658108,0.121962294,0.075649783,0.01257396,1,2019,5,State,urban/rural,Owns House,statesector,1,Jharkhand,NA,NA,NA,NA,1,NA
2001,1,0.770458519,0.171008393,0.039323952,0.017564369,0.001644795,1,2019,5,State,All,Agri Land,state,99,Jharkhand,NA,NA,NA,NA,NA,0
2002,1,0.840993166,0.130061463,0.024701165,0.003703648,0.000540535,1,2019,5,State,All,Agri Land,state,99,Jharkhand,NA,NA,NA,NA,NA,1
2097,1,0.824442148,0.147324473,0.025496857,0.002736505,0,1,2019,5,State,urban/rural,Agri Land,statesector,0,Jharkhand,NA,NA,NA,NA,NA,0
2098,1,0.845547378,0.12874417,0.02282442,0.002884032,0,1,2019,5,State,urban/rural,Agri Land,statesector,0,Jharkhand,NA,NA,NA,NA,NA,1
2099,1,0.44796598,0.312493533,0.121925496,0.106144398,0.011470617,1,2019,5,State,urban/rural,Agri Land,statesector,1,Jharkhand,NA,NA,NA,NA,NA,0
2100,1,0.577420652,0.206299558,0.133317292,0.051138647,0.031823859,1,2019,5,State,urban/rural,Agri Land,statesector,1,Jharkhand,NA,NA,NA,NA,NA,1
2198,1,0.70966357,0.216252998,0.061985645,0.010204762,0.001893007,1,2015,4,State,All,All Households,state,99,Jharkhand,NA,NA,NA,NA,NA,NA
2247,1,0.750882864,0.20064795,0.042699706,0.005361167,0.000408315,1,2015,4,State,urban/rural,All Households,statesector,0,Jharkhand,NA,NA,NA,NA,NA,NA
2248,1,0.293839246,0.373678267,0.256544262,0.059067462,0.016870745,1,2015,4,State,urban/rural,All Households,statesector,1,Jharkhand,NA,NA,NA,NA,NA,NA
2365,1,0.726823688,0.222022578,0.042351007,0.007758055,0.001044643,1,2015,4,State,All,Age,state,99,Jharkhand,15 to 29,NA,NA,NA,NA,NA
2366,1,0.728314579,0.204116255,0.058236022,0.00708848,0.002244649,1,2015,4,State,All,Age,state,99,Jharkhand,30 to 45,NA,NA,NA,NA,NA
2367,1,0.682172656,0.232231691,0.070551567,0.013240978,0.001803116,1,2015,4,State,All,Age,state,99,Jharkhand,46 to 64,NA,NA,NA,NA,NA
2368,1,0.698872626,0.209795132,0.073528968,0.016034471,0.001768811,1,2015,4,State,All,Age,state,99,Jharkhand,65+,NA,NA,NA,NA,NA
2369,1,1,0,0,0,0,1,2015,4,State,All,Age,state,99,Jharkhand,NA,NA,NA,NA,NA,NA
2574,1,0.771505177,0.199842304,0.024457177,0.003046029,0.001149317,1,2015,4,State,urban/rural,Age,statesector,0,Jharkhand,15 to 29,NA,NA,NA,NA,NA
2575,1,0.776937187,0.186903045,0.033610862,0.002056391,0.000492523,1,2015,4,State,urban/rural,Age,statesector,0,Jharkhand,30 to 45,NA,NA,NA,NA,NA
2576,1,0.718739569,0.219985306,0.052562859,0.00871224,0,1,2015,4,State,urban/rural,Age,statesector,0,Jharkhand,46 to 64,NA,NA,NA,NA,NA
2577,1,0.723632455,0.197217673,0.068165608,0.01053028,0.000453991,1,2015,4,State,urban/rural,Age,statesector,0,Jharkhand,65+,NA,NA,NA,NA,NA
2578,1,1,0,0,0,0,1,2015,4,State,urban/rural,Age,statesector,0,Jharkhand,NA,NA,NA,NA,NA,NA
2579,1,0.280902803,0.443381727,0.220931426,0.054784071,0,1,2015,4,State,urban/rural,Age,statesector,1,Jharkhand,15 to 29,NA,NA,NA,NA,NA
2580,1,0.287416369,0.360201597,0.281531215,0.052718289,0.018132517,1,2015,4,State,urban/rural,Age,statesector,1,Jharkhand,30 to 45,NA,NA,NA,NA,NA
2581,1,0.291533709,0.363057882,0.262722105,0.061620791,0.021065528,1,2015,4,State,urban/rural,Age,statesector,1,Jharkhand,46 to 64,NA,NA,NA,NA,NA
2582,1,0.358075827,0.382912576,0.147350758,0.091794722,0.019866131,1,2015,4,State,urban/rural,Age,statesector,1,Jharkhand,65+,NA,NA,NA,NA,NA
2839,1,0.787279606,0.163285747,0.042744394,0.006155931,0.000534302,1,2015,4,State,All,Education,state,99,Jharkhand,NA,No education / Preschool,NA,NA,NA,NA
2840,1,0.690677106,0.220708013,0.071383633,0.012779468,0.004451802,1,2015,4,State,All,Education,state,99,Jharkhand,NA,Primary,NA,NA,NA,NA
2841,1,0.598481238,0.301204145,0.085988373,0.013808886,0.00051736,1,2015,4,State,All,Education,state,99,Jharkhand,NA,Secondary,NA,NA,NA,NA
2842,1,0.33686465,0.421495616,0.164012223,0.040062647,0.037564874,1,2015,4,State,All,Education,state,99,Jharkhand,NA,Higher,NA,NA,NA,NA
2843,1,0.574992895,0.318602711,0.072830804,0.03357356,0,1,2015,4,State,All,Education,state,99,Jharkhand,NA,NA,NA,NA,NA,NA
3057,1,0.822321832,0.145936027,0.028530464,0.002951142,0.000260516,1,2015,4,State,urban/rural,Education,statesector,0,Jharkhand,NA,No education / Preschool,NA,NA,NA,NA
3058,1,0.741183043,0.203117982,0.04824692,0.007452052,0,1,2015,4,State,urban/rural,Education,statesector,0,Jharkhand,NA,Primary,NA,NA,NA,NA
3059,1,0.64012295,0.291565597,0.062156774,0.005955275,0.000199399,1,2015,4,State,urban/rural,Education,statesector,0,Jharkhand,NA,Secondary,NA,NA,NA,NA
3060,1,0.381909788,0.43108511,0.135441452,0.037342958,0.014220691,1,2015,4,State,urban/rural,Education,statesector,0,Jharkhand,NA,Higher,NA,NA,NA,NA
3061,1,0.627587497,0.328236729,0,0.044175759,0,1,2015,4,State,urban/rural,Education,statesector,0,Jharkhand,NA,NA,NA,NA,NA,NA
3062,1,0.370008141,0.369880557,0.211999312,0.04431754,0.003794459,1,2015,4,State,urban/rural,Education,statesector,1,Jharkhand,NA,No education / Preschool,NA,NA,NA,NA
3063,1,0.265337735,0.368843585,0.26623103,0.057644662,0.041942958,1,2015,4,State,urban/rural,Education,statesector,1,Jharkhand,NA,Primary,NA,NA,NA,NA
3064,1,0.2143462,0.390117466,0.305829257,0.086256601,0.00345048,1,2015,4,State,urban/rural,Education,statesector,1,Jharkhand,NA,Secondary,NA,NA,NA,NA
3065,1,0,0.349781752,0.377675235,0.060401518,0.212141484,1,2015,4,State,urban/rural,Education,statesector,1,Jharkhand,NA,Higher,NA,NA,NA,NA
3066,1,0.408443689,0.288095057,0.303461254,0,0,1,2015,4,State,urban/rural,Education,statesector,1,Jharkhand,NA,NA,NA,NA,NA,NA
3288,1,0.705727398,0.220736936,0.06144724,0.010010489,0.002077959,1,2015,4,State,All,Gender,state,99,Jharkhand,NA,NA,1,NA,NA,NA
3289,1,0.74143666,0.180058673,0.066331632,0.011772927,0.000400085,1,2015,4,State,All,Gender,state,99,Jharkhand,NA,NA,2,NA,NA,NA
3290,1,NA,NA,NA,NA,NA,0,2015,4,State,All,Gender,state,99,Jharkhand,NA,NA,NA,NA,NA,NA
3404,1,0.747583807,0.204471216,0.041865572,0.005675017,0.000404402,1,2015,4,State,urban/rural,Gender,statesector,0,Jharkhand,NA,NA,1,NA,NA,NA
3405,1,0.777524352,0.16977331,0.049435735,0.002826678,0.000439913,1,2015,4,State,urban/rural,Gender,statesector,0,Jharkhand,NA,NA,2,NA,NA,NA
3406,1,NA,NA,NA,NA,NA,0,2015,4,State,urban/rural,Gender,statesector,0,Jharkhand,NA,NA,NA,NA,NA,NA
3407,1,0.283251613,0.384914219,0.259093881,0.053770371,0.018969921,1,2015,4,State,urban/rural,Gender,statesector,1,Jharkhand,NA,NA,1,NA,NA,NA
3408,1,0.378930479,0.283376724,0.236053452,0.10163933,0,1,2015,4,State,urban/rural,Gender,statesector,1,Jharkhand,NA,NA,2,NA,NA,NA
3581,1,0.884193778,0.10650903,0.0092972,0,0,1,2015,4,State,All,HH Size,state,99,Jharkhand,NA,NA,NA,1,NA,NA
3582,1,0.810607553,0.148565024,0.036323823,0.003427048,0.001076539,1,2015,4,State,All,HH Size,state,99,Jharkhand,NA,NA,NA,2 to 3,NA,NA
3583,1,0.729483962,0.21197018,0.050197072,0.006943438,0.001405336,1,2015,4,State,All,HH Size,state,99,Jharkhand,NA,NA,NA,4 to 6,NA,NA
3584,1,0.647428632,0.245576695,0.087178491,0.016963264,0.002852901,1,2015,4,State,All,HH Size,state,99,Jharkhand,NA,NA,NA,7+,NA,NA
3585,1,NA,NA,NA,NA,NA,0,2015,4,State,All,HH Size,state,99,Jharkhand,NA,NA,NA,NA,NA,NA
3791,1,0.92421782,0.069910459,0.005871729,0,0,1,2015,4,State,urban/rural,HH Size,statesector,0,Jharkhand,NA,NA,NA,1,NA,NA
3792,1,0.846149921,0.130072176,0.022573898,0.000435028,0.000768997,1,2015,4,State,urban/rural,HH Size,statesector,0,Jharkhand,NA,NA,NA,2 to 3,NA,NA
3793,1,0.772157431,0.19054614,0.0344049,0.002254609,0.000636911,1,2015,4,State,urban/rural,HH Size,statesector,0,Jharkhand,NA,NA,NA,4 to 6,NA,NA
3794,1,0.68896991,0.238941357,0.060907926,0.011180794,0,1,2015,4,State,urban/rural,HH Size,statesector,0,Jharkhand,NA,NA,NA,7+,NA,NA
3795,1,NA,NA,NA,NA,NA,0,2015,4,State,urban/rural,HH Size,statesector,0,Jharkhand,NA,NA,NA,NA,NA,NA
3796,1,0.650539577,0.320165873,0.029294571,0,0,1,2015,4,State,urban/rural,HH Size,statesector,1,Jharkhand,NA,NA,NA,1,NA,NA
3797,1,0.44396022,0.339333415,0.178165197,0.034292106,0.004249075,1,2015,4,State,urban/rural,HH Size,statesector,1,Jharkhand,NA,NA,NA,2 to 3,NA,NA
3798,1,0.309374541,0.422884405,0.205667004,0.053103767,0.008970288,1,2015,4,State,urban/rural,HH Size,statesector,1,Jharkhand,NA,NA,NA,4 to 6,NA,NA
3799,1,0.208992764,0.315607488,0.364443958,0.077992752,0.032963056,1,2015,4,State,urban/rural,HH Size,statesector,1,Jharkhand,NA,NA,NA,7+,NA,NA
4015,1,0.74923408,0.19242157,0.053448562,0.004191687,0.000704077,1,2015,4,State,All,Owns House,state,99,Jharkhand,NA,NA,NA,NA,0,NA
4016,1,0.703856349,0.219750434,0.063238524,0.011087226,0.002067492,1,2015,4,State,All,Owns House,state,99,Jharkhand,NA,NA,NA,NA,1,NA
4017,1,NA,NA,NA,NA,NA,0,2015,4,State,All,Owns House,state,99,Jharkhand,NA,NA,NA,NA,NA,NA
4132,1,0.800906301,0.169095933,0.028038232,0.00195955,0,1,2015,4,State,urban/rural,Owns House,statesector,0,Jharkhand,NA,NA,NA,NA,0,NA
4133,1,0.743712127,0.20517084,0.044801384,0.005848779,0.000466846,1,2015,4,State,urban/rural,Owns House,statesector,0,Jharkhand,NA,NA,NA,NA,1,NA
4134,1,NA,NA,NA,NA,NA,0,2015,4,State,urban/rural,Owns House,statesector,0,Jharkhand,NA,NA,NA,NA,NA,NA
4135,1,0.325447828,0.383725405,0.261849821,0.022498427,0.006478518,1,2015,4,State,urban/rural,Owns House,statesector,1,Jharkhand,NA,NA,NA,NA,0,NA
4136,1,0.288075894,0.371846318,0.255576879,0.065735288,0.018765613,1,2015,4,State,urban/rural,Owns House,statesector,1,Jharkhand,NA,NA,NA,NA,1,NA
4274,1,0.666123748,0.23701787,0.078864619,0.014197769,0.003795982,1,2015,4,State,All,Agri Land,state,99,Jharkhand,NA,NA,NA,NA,NA,0
4275,1,0.73117286,0.205994844,0.053647194,0.00823216,0.000952911,1,2015,4,State,All,Agri Land,state,99,Jharkhand,NA,NA,NA,NA,NA,1
4276,1,NA,NA,NA,NA,NA,0,2015,4,State,All,Agri Land,state,99,Jharkhand,NA,NA,NA,NA,NA,NA
4391,1,0.764809966,0.20215787,0.031386271,0.001645913,0,1,2015,4,State,urban/rural,Agri Land,statesector,0,Jharkhand,NA,NA,NA,NA,NA,0
4392,1,0.745233536,0.200035483,0.047288824,0.006868203,0.000573942,1,2015,4,State,urban/rural,Agri Land,statesector,0,Jharkhand,NA,NA,NA,NA,NA,1
4393,1,NA,NA,NA,NA,NA,0,2015,4,State,urban/rural,Agri Land,statesector,0,Jharkhand,NA,NA,NA,NA,NA,NA
4394,1,0.28570953,0.371395737,0.261883527,0.0625825,0.018428683,1,2015,4,State,urban/rural,Agri Land,statesector,1,Jharkhand,NA,NA,NA,NA,NA,0
4395,1,0.318921506,0.380720437,0.240071237,0.048222683,0.01206411,1,2015,4,State,urban/rural,Agri Land,statesector,1,Jharkhand,NA,NA,NA,NA,NA,1
19,1,0.397795022,0.376705408,0.155963406,0.058736593,0.010799576,1,2019,5,State,All,All Households,state,99,Karnataka,NA,NA,NA,NA,NA,NA
70,1,0.414690137,0.391296268,0.144549429,0.042731036,0.006733152,1,2019,5,State,urban/rural,All Households,statesector,0,Karnataka,NA,NA,NA,NA,NA,NA
71,1,0.299241453,0.291593045,0.222544163,0.152101234,0.034520105,1,2019,5,State,urban/rural,All Households,statesector,1,Karnataka,NA,NA,NA,NA,NA,NA
193,1,0.508642316,0.398495108,0.071435496,0.02142711,0,1,2019,5,State,All,Age,state,99,Karnataka,15 to 29,NA,NA,NA,NA,NA
194,1,0.418953538,0.370680809,0.152407944,0.053763669,0.004194028,1,2019,5,State,All,Age,state,99,Karnataka,30 to 45,NA,NA,NA,NA,NA
195,1,0.357695073,0.371578723,0.179333359,0.068079412,0.023313457,1,2019,5,State,All,Age,state,99,Karnataka,46 to 64,NA,NA,NA,NA,NA
196,1,0.405127734,0.389430076,0.142410159,0.059499368,0.003532659,1,2019,5,State,All,Age,state,99,Karnataka,65+,NA,NA,NA,NA,NA
197,1,NA,NA,NA,NA,NA,0,2019,5,State,All,Age,state,99,Karnataka,NA,NA,NA,NA,NA,NA
408,1,0.473072529,0.463797957,0.063129514,0,0,1,2019,5,State,urban/rural,Age,statesector,0,Karnataka,15 to 29,NA,NA,NA,NA,NA
409,1,0.450929612,0.39335233,0.136224136,0.019493904,0,1,2019,5,State,urban/rural,Age,statesector,0,Karnataka,30 to 45,NA,NA,NA,NA,NA
410,1,0.37900278,0.374719352,0.16610004,0.064426169,0.015751665,1,2019,5,State,urban/rural,Age,statesector,0,Karnataka,46 to 64,NA,NA,NA,NA,NA
411,1,0.406894743,0.400070131,0.138696268,0.050446689,0.003892178,1,2019,5,State,urban/rural,Age,statesector,0,Karnataka,65+,NA,NA,NA,NA,NA
412,1,NA,NA,NA,NA,NA,0,2019,5,State,urban/rural,Age,statesector,0,Karnataka,NA,NA,NA,NA,NA,NA
413,1,0.633356452,0.169531181,0.100557812,0.096554518,0,1,2019,5,State,urban/rural,Age,statesector,1,Karnataka,15 to 29,NA,NA,NA,NA,NA
414,1,0.270225614,0.265230387,0.227682486,0.213160113,0.0237014,1,2019,5,State,urban/rural,Age,statesector,1,Karnataka,30 to 45,NA,NA,NA,NA,NA
415,1,0.227619424,0.352406383,0.260117739,0.090381101,0.069475353,1,2019,5,State,urban/rural,Age,statesector,1,Karnataka,46 to 64,NA,NA,NA,NA,NA
416,1,0.387764961,0.28488028,0.178903192,0.148451552,0,1,2019,5,State,urban/rural,Age,statesector,1,Karnataka,65+,NA,NA,NA,NA,NA
417,1,NA,NA,NA,NA,NA,0,2019,5,State,urban/rural,Age,statesector,1,Karnataka,NA,NA,NA,NA,NA,NA
667,1,0.452588916,0.355200797,0.144133419,0.037459638,0.01061724,1,2019,5,State,All,Education,state,99,Karnataka,NA,No education / Preschool,NA,NA,NA,NA
668,1,0.332639247,0.408149958,0.174020693,0.073491506,0.011698596,1,2019,5,State,All,Education,state,99,Karnataka,NA,Primary,NA,NA,NA,NA
669,1,0.288505852,0.439978659,0.164791822,0.097041011,0.00968264,1,2019,5,State,All,Education,state,99,Karnataka,NA,Secondary,NA,NA,NA,NA
670,1,0.294867396,0.150516376,0.256882668,0.280404001,0.017329559,1,2019,5,State,All,Education,state,99,Karnataka,NA,Higher,NA,NA,NA,NA
671,1,0,0,1,0,0,1,2019,5,State,All,Education,state,99,Karnataka,NA,NA,NA,NA,NA,NA
883,1,0.464360774,0.365658104,0.135746405,0.026311195,0.007923502,1,2019,5,State,urban/rural,Education,statesector,0,Karnataka,NA,No education / Preschool,NA,NA,NA,NA
884,1,0.335898191,0.42641744,0.162418112,0.071318932,0.003947327,1,2019,5,State,urban/rural,Education,statesector,0,Karnataka,NA,Primary,NA,NA,NA,NA
885,1,0.326227009,0.460394949,0.144448608,0.062532589,0.006396859,1,2019,5,State,urban/rural,Education,statesector,0,Karnataka,NA,Secondary,NA,NA,NA,NA
886,1,0.447954088,0.191859066,0.246041343,0.114145525,0,1,2019,5,State,urban/rural,Education,statesector,0,Karnataka,NA,Higher,NA,NA,NA,NA
887,1,0,0,1,0,0,1,2019,5,State,urban/rural,Education,statesector,0,Karnataka,NA,NA,NA,NA,NA,NA
888,1,0.378872484,0.289716244,0.196653515,0.107272096,0.027485654,1,2019,5,State,urban/rural,Education,statesector,1,Karnataka,NA,No education / Preschool,NA,NA,NA,NA
889,1,0.312997431,0.298050553,0.243950233,0.08658573,0.058416054,1,2019,5,State,urban/rural,Education,statesector,1,Karnataka,NA,Primary,NA,NA,NA,NA
890,1,0.097023197,0.336340159,0.268059433,0.272215068,0.026362149,1,2019,5,State,urban/rural,Education,statesector,1,Karnataka,NA,Secondary,NA,NA,NA,NA
891,1,0,0.070884302,0.277764618,0.600642264,0.05070883,1,2019,5,State,urban/rural,Education,statesector,1,Karnataka,NA,Higher,NA,NA,NA,NA
892,1,NA,NA,NA,NA,NA,0,2019,5,State,urban/rural,Education,statesector,1,Karnataka,NA,NA,NA,NA,NA,NA
1104,1,0.385387301,0.382528156,0.161260858,0.06504076,0.005782929,1,2019,5,State,All,Gender,state,99,Karnataka,NA,NA,1,NA,NA,NA
1105,1,0.444003463,0.355020523,0.136234805,0.035258837,0.029482393,1,2019,5,State,All,Gender,state,99,Karnataka,NA,NA,2,NA,NA,NA
1106,1,NA,NA,NA,NA,NA,0,2019,5,State,All,Gender,state,99,Karnataka,NA,NA,NA,NA,NA,NA
1223,1,0.400306791,0.401106805,0.150112152,0.044797108,0.00367713,1,2019,5,State,urban/rural,Gender,statesector,0,Karnataka,NA,NA,1,NA,NA,NA
1224,1,0.466770977,0.355773062,0.124407239,0.035249967,0.017798753,1,2019,5,State,urban/rural,Gender,statesector,0,Karnataka,NA,NA,2,NA,NA,NA
1225,1,NA,NA,NA,NA,NA,0,2019,5,State,urban/rural,Gender,statesector,0,Karnataka,NA,NA,NA,NA,NA,NA
1226,1,0.301805258,0.278446674,0.223718181,0.178449839,0.017580051,1,2019,5,State,urban/rural,Gender,statesector,1,Karnataka,NA,NA,1,NA,NA,NA
1227,1,0.287878275,0.349859983,0.217340708,0.03531966,0.109601378,1,2019,5,State,urban/rural,Gender,statesector,1,Karnataka,NA,NA,2,NA,NA,NA
1228,1,NA,NA,NA,NA,NA,0,2019,5,State,urban/rural,Gender,statesector,1,Karnataka,NA,NA,NA,NA,NA,NA
1393,1,0.769748926,0.223146275,0.007104823,0,0,1,2019,5,State,All,HH Size,state,99,Karnataka,NA,NA,NA,1,NA,NA
1394,1,0.52372551,0.344066352,0.103881933,0.025951011,0.002375162,1,2019,5,State,All,HH Size,state,99,Karnataka,NA,NA,NA,2 to 3,NA,NA
1395,1,0.424160063,0.389799178,0.133472368,0.041701894,0.010866482,1,2019,5,State,All,HH Size,state,99,Karnataka,NA,NA,NA,4 to 6,NA,NA
1396,1,0.274323285,0.391450316,0.22014454,0.098716095,0.015365778,1,2019,5,State,All,HH Size,state,99,Karnataka,NA,NA,NA,7+,NA,NA
1588,1,0.773178041,0.222473443,0.004348501,0,0,1,2019,5,State,urban/rural,HH Size,statesector,0,Karnataka,NA,NA,NA,1,NA,NA
1589,1,0.526502907,0.371098995,0.094672054,0.007296009,0.000430057,1,2019,5,State,urban/rural,HH Size,statesector,0,Karnataka,NA,NA,NA,2 to 3,NA,NA
1590,1,0.455891311,0.412035316,0.112379253,0.019694107,0,1,2019,5,State,urban/rural,HH Size,statesector,0,Karnataka,NA,NA,NA,4 to 6,NA,NA
1591,1,0.285731941,0.394592464,0.21525313,0.086984381,0.017438101,1,2019,5,State,urban/rural,HH Size,statesector,0,Karnataka,NA,NA,NA,7+,NA,NA
1592,1,0.7450791,0.227986708,0.026934177,0,0,1,2019,5,State,urban/rural,HH Size,statesector,1,Karnataka,NA,NA,NA,1,NA,NA
1593,1,0.508346915,0.194382116,0.154878572,0.129246876,0.013145532,1,2019,5,State,urban/rural,HH Size,statesector,1,Karnataka,NA,NA,NA,2 to 3,NA,NA
1594,1,0.268807411,0.28093344,0.23674193,0.149449632,0.064067595,1,2019,5,State,urban/rural,HH Size,statesector,1,Karnataka,NA,NA,NA,4 to 6,NA,NA
1595,1,0.189730912,0.368151963,0.256413192,0.185703933,0,1,2019,5,State,urban/rural,HH Size,statesector,1,Karnataka,NA,NA,NA,7+,NA,NA
1784,1,0.436177403,0.353319615,0.139396578,0.067602806,0.003503585,1,2019,5,State,All,Owns House,state,99,Karnataka,NA,NA,NA,NA,0,NA
1785,1,0.360447556,0.399460614,0.172083527,0.050109442,0.017898843,1,2019,5,State,All,Owns House,state,99,Karnataka,NA,NA,NA,NA,1,NA
1884,1,0.458881766,0.369201809,0.123648457,0.048267979,0,1,2019,5,State,urban/rural,Owns House,statesector,0,Karnataka,NA,NA,NA,NA,0,NA
1885,1,0.373846024,0.411717057,0.163867131,0.037613519,0.012956264,1,2019,5,State,urban/rural,Owns House,statesector,0,Karnataka,NA,NA,NA,NA,1,NA
1886,1,0.32420671,0.274993837,0.217061326,0.16295597,0.020782148,1,2019,5,State,urban/rural,Owns House,statesector,1,Karnataka,NA,NA,NA,NA,0,NA
1887,1,0.26639989,0.313429117,0.229756802,0.137821957,0.052592248,1,2019,5,State,urban/rural,Owns House,statesector,1,Karnataka,NA,NA,NA,NA,1,NA
2003,1,0.404240012,0.342984438,0.161497846,0.076192871,0.015084818,1,2019,5,State,All,Agri Land,state,99,Karnataka,NA,NA,NA,NA,NA,0
2004,1,0.39341706,0.399611413,0.152203962,0.046878874,0.007888691,1,2019,5,State,All,Agri Land,state,99,Karnataka,NA,NA,NA,NA,NA,1
2101,1,0.442620724,0.367554188,0.138276398,0.045972999,0.005575684,1,2019,5,State,urban/rural,Agri Land,statesector,0,Karnataka,NA,NA,NA,NA,NA,0
2102,1,0.399998486,0.403784722,0.147849068,0.041025747,0.007341986,1,2019,5,State,urban/rural,Agri Land,statesector,0,Karnataka,NA,NA,NA,NA,NA,1
2103,1,0.301810145,0.27741307,0.223470896,0.15684323,0.040462658,1,2019,5,State,urban/rural,Agri Land,statesector,1,Karnataka,NA,NA,NA,NA,NA,0
2104,1,0.29139328,0.334917516,0.219712734,0.137612864,0.016363611,1,2019,5,State,urban/rural,Agri Land,statesector,1,Karnataka,NA,NA,NA,NA,NA,1
2199,1,0.237228051,0.480354518,0.23015976,0.04345407,0.008803613,1,2015,4,State,All,All Households,state,99,Karnataka,NA,NA,NA,NA,NA,NA
2249,1,0.251481444,0.506455362,0.214751646,0.024557667,0.002753853,1,2015,4,State,urban/rural,All Households,statesector,0,Karnataka,NA,NA,NA,NA,NA,NA
2250,1,0.157512724,0.334379435,0.316333055,0.149136499,0.042638265,1,2015,4,State,urban/rural,All Households,statesector,1,Karnataka,NA,NA,NA,NA,NA,NA
2370,1,0.207884163,0.464942187,0.225478634,0.060636003,0.041059021,1,2015,4,State,All,Age,state,99,Karnataka,15 to 29,NA,NA,NA,NA,NA
2371,1,0.239708543,0.488725394,0.223012224,0.043953862,0.004599984,1,2015,4,State,All,Age,state,99,Karnataka,30 to 45,NA,NA,NA,NA,NA
2372,1,0.229231492,0.492209166,0.22804828,0.044901475,0.005609591,1,2015,4,State,All,Age,state,99,Karnataka,46 to 64,NA,NA,NA,NA,NA
2373,1,0.255631238,0.445934266,0.249962285,0.034704544,0.013767645,1,2015,4,State,All,Age,state,99,Karnataka,65+,NA,NA,NA,NA,NA
2374,1,NA,NA,NA,NA,NA,0,2015,4,State,All,Age,state,99,Karnataka,NA,NA,NA,NA,NA,NA
2583,1,0.239441276,0.496355057,0.194546863,0.066956237,0.002700549,1,2015,4,State,urban/rural,Age,statesector,0,Karnataka,15 to 29,NA,NA,NA,NA,NA
2584,1,0.256434172,0.525962234,0.197684035,0.017917546,0.002002002,1,2015,4,State,urban/rural,Age,statesector,0,Karnataka,30 to 45,NA,NA,NA,NA,NA
2585,1,0.238028944,0.519151688,0.219681591,0.021905333,0.001232416,1,2015,4,State,urban/rural,Age,statesector,0,Karnataka,46 to 64,NA,NA,NA,NA,NA
2586,1,0.26977846,0.447963089,0.243792385,0.031442933,0.007023117,1,2015,4,State,urban/rural,Age,statesector,0,Karnataka,65+,NA,NA,NA,NA,NA
2587,1,NA,NA,NA,NA,NA,0,2015,4,State,urban/rural,Age,statesector,0,Karnataka,NA,NA,NA,NA,NA,NA
2588,1,0.109008469,0.366518378,0.322394967,0.040833246,0.161244959,1,2015,4,State,urban/rural,Age,statesector,1,Karnataka,15 to 29,NA,NA,NA,NA,NA
2589,1,0.157779306,0.306323439,0.347080439,0.171490788,0.017326001,1,2015,4,State,urban/rural,Age,statesector,1,Karnataka,30 to 45,NA,NA,NA,NA,NA
2590,1,0.170971975,0.313787252,0.283455044,0.197189122,0.034596615,1,2015,4,State,urban/rural,Age,statesector,1,Karnataka,46 to 64,NA,NA,NA,NA,NA
2591,1,0.158222407,0.431965053,0.292444348,0.05716195,0.060206238,1,2015,4,State,urban/rural,Age,statesector,1,Karnataka,65+,NA,NA,NA,NA,NA
2844,1,0.289598048,0.493160188,0.184272498,0.030677183,0.002292087,1,2015,4,State,All,Education,state,99,Karnataka,NA,No education / Preschool,NA,NA,NA,NA
2845,1,0.195718303,0.471101522,0.269763142,0.054308258,0.009108777,1,2015,4,State,All,Education,state,99,Karnataka,NA,Primary,NA,NA,NA,NA
2846,1,0.139191329,0.471892089,0.307212532,0.054508436,0.027195619,1,2015,4,State,All,Education,state,99,Karnataka,NA,Secondary,NA,NA,NA,NA
2847,1,0.05652868,0.238396272,0.419448793,0.276057303,0.009568946,1,2015,4,State,All,Education,state,99,Karnataka,NA,Higher,NA,NA,NA,NA
2848,1,0.228919685,0.28252247,0.488557845,0,0,1,2015,4,State,All,Education,state,99,Karnataka,NA,NA,NA,NA,NA,NA
3067,1,0.304484487,0.512750387,0.165745303,0.017019838,0,1,2015,4,State,urban/rural,Education,statesector,0,Karnataka,NA,No education / Preschool,NA,NA,NA,NA
3068,1,0.209428117,0.499832541,0.268873185,0.020705612,0.001160556,1,2015,4,State,urban/rural,Education,statesector,0,Karnataka,NA,Primary,NA,NA,NA,NA
3069,1,0.14491272,0.51253134,0.284837395,0.044814359,0.012904196,1,2015,4,State,urban/rural,Education,statesector,0,Karnataka,NA,Secondary,NA,NA,NA,NA
3070,1,0.063929513,0.290647477,0.519696891,0.125726134,0,1,2015,4,State,urban/rural,Education,statesector,0,Karnataka,NA,Higher,NA,NA,NA,NA
3071,1,0.285845429,0.222879589,0.491274983,0,0,1,2015,4,State,urban/rural,Education,statesector,0,Karnataka,NA,NA,NA,NA,NA,NA
3072,1,0.198233604,0.372926652,0.297981918,0.114498205,0.016359614,1,2015,4,State,urban/rural,Education,statesector,1,Karnataka,NA,No education / Preschool,NA,NA,NA,NA
3073,1,0.113494858,0.29878974,0.275100529,0.255837321,0.05677757,1,2015,4,State,urban/rural,Education,statesector,1,Karnataka,NA,Primary,NA,NA,NA,NA
3074,1,0.114599921,0.297218233,0.403384387,0.096175082,0.088622376,1,2015,4,State,urban/rural,Education,statesector,1,Karnataka,NA,Secondary,NA,NA,NA,NA
3075,1,0.027694589,0.034822397,0.028876094,0.861756802,0.046850145,1,2015,4,State,urban/rural,Education,statesector,1,Karnataka,NA,Higher,NA,NA,NA,NA
3076,1,0,0.522368789,0.477631181,0,0,1,2015,4,State,urban/rural,Education,statesector,1,Karnataka,NA,NA,NA,NA,NA,NA
3291,1,0.225117803,0.481043458,0.240218922,0.044416498,0.009203311,1,2015,4,State,All,Gender,state,99,Karnataka,NA,NA,1,NA,NA,NA
3292,1,0.296201497,0.476999491,0.181174472,0.038767327,0.006857196,1,2015,4,State,All,Gender,state,99,Karnataka,NA,NA,2,NA,NA,NA
3293,1,NA,NA,NA,NA,NA,0,2015,4,State,All,Gender,state,99,Karnataka,NA,NA,NA,NA,NA,NA
3409,1,0.235254779,0.509597838,0.226117358,0.025742853,0.003287193,1,2015,4,State,urban/rural,Gender,statesector,0,Karnataka,NA,NA,1,NA,NA,NA
3410,1,0.335266382,0.490229726,0.156065837,0.018438065,0,1,2015,4,State,urban/rural,Gender,statesector,0,Karnataka,NA,NA,2,NA,NA,NA
3411,1,NA,NA,NA,NA,NA,0,2015,4,State,urban/rural,Gender,statesector,0,Karnataka,NA,NA,NA,NA,NA,NA
3412,1,0.164555237,0.310447842,0.324467599,0.155980647,0.044548668,1,2015,4,State,urban/rural,Gender,statesector,1,Karnataka,NA,NA,1,NA,NA,NA
3413,1,0.131916195,0.421360582,0.286767513,0.12426094,0.035694767,1,2015,4,State,urban/rural,Gender,statesector,1,Karnataka,NA,NA,2,NA,NA,NA
3586,1,0.604684234,0.35141632,0.043899488,0,0,1,2015,4,State,All,HH Size,state,99,Karnataka,NA,NA,NA,1,NA,NA
3587,1,0.334982127,0.513763607,0.142037034,0.008671436,0.000545826,1,2015,4,State,All,HH Size,state,99,Karnataka,NA,NA,NA,2 to 3,NA,NA
3588,1,0.238603309,0.505413234,0.210747838,0.038284916,0.006950706,1,2015,4,State,All,HH Size,state,99,Karnataka,NA,NA,NA,4 to 6,NA,NA
3589,1,0.162368044,0.439132065,0.312908351,0.069725938,0.015865613,1,2015,4,State,All,HH Size,state,99,Karnataka,NA,NA,NA,7+,NA,NA
3590,1,NA,NA,NA,NA,NA,0,2015,4,State,All,HH Size,state,99,Karnataka,NA,NA,NA,NA,NA,NA
3800,1,0.609559,0.350782633,0.039658345,0,0,1,2015,4,State,urban/rural,HH Size,statesector,0,Karnataka,NA,NA,NA,1,NA,NA
3801,1,0.348089218,0.522927463,0.12410289,0.004248941,0.000631506,1,2015,4,State,urban/rural,HH Size,statesector,0,Karnataka,NA,NA,NA,2 to 3,NA,NA
3802,1,0.254951924,0.538006902,0.186096996,0.020312391,0.00063176,1,2015,4,State,urban/rural,HH Size,statesector,0,Karnataka,NA,NA,NA,4 to 6,NA,NA
3803,1,0.173541844,0.466489434,0.311270773,0.041650265,0.007047684,1,2015,4,State,urban/rural,HH Size,statesector,0,Karnataka,NA,NA,NA,7+,NA,NA
3804,1,NA,NA,NA,NA,NA,0,2015,4,State,urban/rural,HH Size,statesector,0,Karnataka,NA,NA,NA,NA,NA,NA
3805,1,0.566133261,0.356427461,0.077439308,0,0,1,2015,4,State,urban/rural,HH Size,statesector,1,Karnataka,NA,NA,NA,1,NA,NA
3806,1,0.251483738,0.455385238,0.256286144,0.036844842,0,1,2015,4,State,urban/rural,HH Size,statesector,1,Karnataka,NA,NA,NA,2 to 3,NA,NA
3807,1,0.155900732,0.340532035,0.335448682,0.129202276,0.038916264,1,2015,4,State,urban/rural,HH Size,statesector,1,Karnataka,NA,NA,NA,4 to 6,NA,NA
3808,1,0.094524086,0.273026288,0.322851241,0.240192965,0.069405429,1,2015,4,State,urban/rural,HH Size,statesector,1,Karnataka,NA,NA,NA,7+,NA,NA
4018,1,0.269882649,0.437275618,0.237116307,0.052674979,0.003050458,1,2015,4,State,All,Owns House,state,99,Karnataka,NA,NA,NA,NA,0,NA
4019,1,0.227372155,0.493356705,0.228060111,0.040670991,0.010540044,1,2015,4,State,All,Owns House,state,99,Karnataka,NA,NA,NA,NA,1,NA
4020,1,NA,NA,NA,NA,NA,0,2015,4,State,All,Owns House,state,99,Karnataka,NA,NA,NA,NA,NA,NA
4137,1,0.273895115,0.482964605,0.214439273,0.028701013,0,1,2015,4,State,urban/rural,Owns House,statesector,0,Karnataka,NA,NA,NA,NA,0,NA
4138,1,0.245376647,0.512853563,0.214836732,0.023429148,0.003503917,1,2015,4,State,urban/rural,Owns House,statesector,0,Karnataka,NA,NA,NA,NA,1,NA
4139,1,NA,NA,NA,NA,NA,0,2015,4,State,urban/rural,Owns House,statesector,0,Karnataka,NA,NA,NA,NA,NA,NA
4140,1,0.255382687,0.272168428,0.319064736,0.139310181,0.01407396,1,2015,4,State,urban/rural,Owns House,statesector,1,Karnataka,NA,NA,NA,NA,0,NA
4141,1,0.109025396,0.3652004,0.314979732,0.154004708,0.056789767,1,2015,4,State,urban/rural,Owns House,statesector,1,Karnataka,NA,NA,NA,NA,1,NA
4277,1,0.273702532,0.437496454,0.213098481,0.059522763,0.016179759,1,2015,4,State,All,Agri Land,state,99,Karnataka,NA,NA,NA,NA,NA,0
4278,1,0.204173982,0.51919353,0.2456211,0.028892228,0.002119168,1,2015,4,State,All,Agri Land,state,99,Karnataka,NA,NA,NA,NA,NA,1
4279,1,NA,NA,NA,NA,NA,0,2015,4,State,All,Agri Land,state,99,Karnataka,NA,NA,NA,NA,NA,NA
4396,1,0.314645618,0.486770689,0.171723306,0.02249527,0.004365134,1,2015,4,State,urban/rural,Agri Land,statesector,0,Karnataka,NA,NA,NA,NA,NA,0
4397,1,0.207218096,0.520249784,0.244904488,0.026002927,0.001624721,1,2015,4,State,urban/rural,Agri Land,statesector,0,Karnataka,NA,NA,NA,NA,NA,1
4398,1,NA,NA,NA,NA,NA,0,2015,4,State,urban/rural,Agri Land,statesector,0,Karnataka,NA,NA,NA,NA,NA,NA
4399,1,0.160006955,0.300665885,0.327994019,0.162345111,0.048988018,1,2015,4,State,urban/rural,Agri Land,statesector,1,Karnataka,NA,NA,NA,NA,NA,0
4400,1,0.145349637,0.498782843,0.259468704,0.08472497,0.011673842,1,2015,4,State,urban/rural,Agri Land,statesector,1,Karnataka,NA,NA,NA,NA,NA,1
20,1,0.37708953,0.344940752,0.181409433,0.076332837,0.020227442,1,2019,5,State,All,All Households,state,99,Kerala,NA,NA,NA,NA,NA,NA
72,1,0.428209156,0.393883198,0.111035861,0.040634863,0.026236923,1,2019,5,State,urban/rural,All Households,statesector,0,Kerala,NA,NA,NA,NA,NA,NA
73,1,0.205024913,0.180204391,0.418281317,0.196489394,0,1,2019,5,State,urban/rural,All Households,statesector,1,Kerala,NA,NA,NA,NA,NA,NA
198,1,0.698983729,0.301016271,0,0,0,1,2019,5,State,All,Age,state,99,Kerala,15 to 29,NA,NA,NA,NA,NA
199,1,0.232053101,0.348156542,0.295805991,0.094816998,0.029167391,1,2019,5,State,All,Age,state,99,Kerala,30 to 45,NA,NA,NA,NA,NA
200,1,0.406415641,0.276219755,0.179974988,0.10767968,0.029709917,1,2019,5,State,All,Age,state,99,Kerala,46 to 64,NA,NA,NA,NA,NA
201,1,0.44412896,0.450766176,0.078376129,0.026728725,0,1,2019,5,State,All,Age,state,99,Kerala,65+,NA,NA,NA,NA,NA
418,1,0.658565879,0.341434151,0,0,0,1,2019,5,State,urban/rural,Age,statesector,0,Kerala,15 to 29,NA,NA,NA,NA,NA
419,1,0.31422168,0.413240999,0.132030368,0.101011582,0.039495386,1,2019,5,State,urban/rural,Age,statesector,0,Kerala,30 to 45,NA,NA,NA,NA,NA
420,1,0.474947602,0.339237541,0.146132588,0,0.039682247,1,2019,5,State,urban/rural,Age,statesector,0,Kerala,46 to 64,NA,NA,NA,NA,NA
421,1,0.439050585,0.457211345,0.071028411,0.03270968,0,1,2019,5,State,urban/rural,Age,statesector,0,Kerala,65+,NA,NA,NA,NA,NA
422,1,1,0,0,0,0,1,2019,5,State,urban/rural,Age,statesector,1,Kerala,15 to 29,NA,NA,NA,NA,NA
423,1,0,0.164350882,0.758326292,0.077322803,0,1,2019,5,State,urban/rural,Age,statesector,1,Kerala,30 to 45,NA,NA,NA,NA,NA
424,1,0.202242866,0.088475011,0.280799419,0.428482682,0,1,2019,5,State,urban/rural,Age,statesector,1,Kerala,46 to 64,NA,NA,NA,NA,NA
425,1,0.466824114,0.421963036,0.11121285,0,0,1,2019,5,State,urban/rural,Age,statesector,1,Kerala,65+,NA,NA,NA,NA,NA
672,1,0.47125414,0.437304527,0.069817103,0.021624258,0,1,2019,5,State,All,Education,state,99,Kerala,NA,No education / Preschool,NA,NA,NA,NA
673,1,0.46244058,0.258762807,0.222101808,0.021984017,0.034710784,1,2019,5,State,All,Education,state,99,Kerala,NA,Primary,NA,NA,NA,NA
674,1,0.23604168,0.339616865,0.237503558,0.162007689,0.024830211,1,2019,5,State,All,Education,state,99,Kerala,NA,Secondary,NA,NA,NA,NA
893,1,0.453106284,0.447391808,0.075971484,0.023530437,0,1,2019,5,State,urban/rural,Education,statesector,0,Kerala,NA,No education / Preschool,NA,NA,NA,NA
894,1,0.524148941,0.27753666,0.151515603,0,0.046798769,1,2019,5,State,urban/rural,Education,statesector,0,Kerala,NA,Primary,NA,NA,NA,NA
895,1,0.319300503,0.436426252,0.113827072,0.093778796,0.036667377,1,2019,5,State,urban/rural,Education,statesector,0,Kerala,NA,Secondary,NA,NA,NA,NA
896,1,0.677128494,0.322871476,0,0,0,1,2019,5,State,urban/rural,Education,statesector,1,Kerala,NA,No education / Preschool,NA,NA,NA,NA
897,1,0.285244286,0.20485349,0.424790859,0.085111372,0,1,2019,5,State,urban/rural,Education,statesector,1,Kerala,NA,Primary,NA,NA,NA,NA
898,1,0.061393961,0.136544779,0.496933371,0.305127889,0,1,2019,5,State,urban/rural,Education,statesector,1,Kerala,NA,Secondary,NA,NA,NA,NA
1107,1,0.335472018,0.354066104,0.225321203,0.070858456,0.014282244,1,2019,5,State,All,Gender,state,99,Kerala,NA,NA,1,NA,NA,NA
1108,1,0.463986754,0.325887114,0.089721806,0.087763332,0.032640994,1,2019,5,State,All,Gender,state,99,Kerala,NA,NA,2,NA,NA,NA
1229,1,0.38961333,0.422013462,0.123141378,0.046895683,0.018336145,1,2019,5,State,urban/rural,Gender,statesector,0,Kerala,NA,NA,1,NA,NA,NA
1230,1,0.511422694,0.333233684,0.084936075,0.027136374,0.043271199,1,2019,5,State,urban/rural,Gender,statesector,0,Kerala,NA,NA,2,NA,NA,NA
1231,1,0.144727394,0.114681646,0.585309565,0.15528138,0,1,2019,5,State,urban/rural,Gender,statesector,1,Kerala,NA,NA,1,NA,NA,NA
1232,1,0.318330586,0.303328842,0.104416803,0.273923784,0,1,2019,5,State,urban/rural,Gender,statesector,1,Kerala,NA,NA,2,NA,NA,NA
1397,1,0.472611994,0.446196914,0.081191108,0,0,1,2019,5,State,All,HH Size,state,99,Kerala,NA,NA,NA,1,NA,NA
1398,1,0.415620744,0.449137151,0.112331055,0.022911049,0,1,2019,5,State,All,HH Size,state,99,Kerala,NA,NA,NA,2 to 3,NA,NA
1399,1,0.273111254,0.300023586,0.314185768,0.11267937,0,1,2019,5,State,All,HH Size,state,99,Kerala,NA,NA,NA,4 to 6,NA,NA
1400,1,0.506954134,0.209466755,0.034604944,0.129122034,0.119852111,1,2019,5,State,All,HH Size,state,99,Kerala,NA,NA,NA,7+,NA,NA
1596,1,0.491596758,0.492720962,0.015682276,0,0,1,2019,5,State,urban/rural,HH Size,statesector,0,Kerala,NA,NA,NA,1,NA,NA
1597,1,0.4249475,0.424237102,0.123790115,0.027025269,0,1,2019,5,State,urban/rural,HH Size,statesector,0,Kerala,NA,NA,NA,2 to 3,NA,NA
1598,1,0.340974063,0.419312656,0.158531874,0.081181407,0,1,2019,5,State,urban/rural,HH Size,statesector,0,Kerala,NA,NA,NA,4 to 6,NA,NA
1599,1,0.582118452,0.240523666,0.039735701,0,0.137622163,1,2019,5,State,urban/rural,HH Size,statesector,0,Kerala,NA,NA,NA,7+,NA,NA
1600,1,0.4391523,0.364200592,0.196647108,0,0,1,2019,5,State,urban/rural,HH Size,statesector,1,Kerala,NA,NA,NA,1,NA,NA
1601,1,0.36368227,0.587799251,0.048518453,0,0,1,2019,5,State,urban/rural,HH Size,statesector,1,Kerala,NA,NA,NA,2 to 3,NA,NA
1602,1,0.102429666,0,0.705670536,0.191899821,0,1,2019,5,State,urban/rural,HH Size,statesector,1,Kerala,NA,NA,NA,4 to 6,NA,NA
1603,1,0,0,0,1,0,1,2019,5,State,urban/rural,HH Size,statesector,1,Kerala,NA,NA,NA,7+,NA,NA
1786,1,0.376932293,0.33868289,0.245232776,0.039152026,0,1,2019,5,State,All,Owns House,state,99,Kerala,NA,NA,NA,NA,0,NA
1787,1,0.377121955,0.34623152,0.168245211,0.084001765,0.024399562,1,2019,5,State,All,Owns House,state,99,Kerala,NA,NA,NA,NA,1,NA
1888,1,0.455217749,0.420299828,0.124482438,0,0,1,2019,5,State,urban/rural,Owns House,statesector,0,Kerala,NA,NA,NA,NA,0,NA
1889,1,0.424262583,0.390023142,0.109071016,0.046572525,0.030070726,1,2019,5,State,urban/rural,Owns House,statesector,0,Kerala,NA,NA,NA,NA,1,NA
1890,1,0.271090627,0.228337049,0.408486873,0.092085458,0,1,2019,5,State,urban/rural,Owns House,statesector,1,Kerala,NA,NA,NA,NA,0,NA
1891,1,0.174304515,0.157822803,0.422835708,0.245036989,0,1,2019,5,State,urban/rural,Owns House,statesector,1,Kerala,NA,NA,NA,NA,1,NA
2005,1,0.385807186,0.338808089,0.173445418,0.08058507,0.021354239,1,2019,5,State,All,Agri Land,state,99,Kerala,NA,NA,NA,NA,NA,0
2006,1,0.220596492,0.455030143,0.324373364,0,0,1,2019,5,State,All,Agri Land,state,99,Kerala,NA,NA,NA,NA,NA,1
2105,1,0.441987097,0.391422749,0.095044032,0.04347524,0.028070884,1,2019,5,State,urban/rural,Agri Land,statesector,0,Kerala,NA,NA,NA,NA,NA,0
2106,1,0.231099531,0.429083049,0.339817405,0,0,1,2019,5,State,urban/rural,Agri Land,statesector,0,Kerala,NA,NA,NA,NA,NA,1
2107,1,0.207194269,0.171530172,0.422707111,0.198568434,0,1,2019,5,State,urban/rural,Agri Land,statesector,1,Kerala,NA,NA,NA,NA,NA,0
2108,1,0,1,0,0,0,1,2019,5,State,urban/rural,Agri Land,statesector,1,Kerala,NA,NA,NA,NA,NA,1
2200,1,0.207583562,0.337254524,0.25602144,0.056147672,0.142992795,1,2015,4,State,All,All Households,state,99,Kerala,NA,NA,NA,NA,NA,NA
2251,1,0.27789712,0.388852715,0.230590075,0.015342525,0.087317556,1,2015,4,State,urban/rural,All Households,statesector,0,Kerala,NA,NA,NA,NA,NA,NA
2252,1,0.036561426,0.211753443,0.317877561,0.155397132,0.278410435,1,2015,4,State,urban/rural,All Households,statesector,1,Kerala,NA,NA,NA,NA,NA,NA
2375,1,0.31155926,0.221845508,0,0,0.466595232,1,2015,4,State,All,Age,state,99,Kerala,15 to 29,NA,NA,NA,NA,NA
2376,1,0.202116311,0.390815198,0.297274202,0.049477994,0.060316309,1,2015,4,State,All,Age,state,99,Kerala,30 to 45,NA,NA,NA,NA,NA
2377,1,0.155009463,0.318160206,0.273499399,0.0222732,0.231057748,1,2015,4,State,All,Age,state,99,Kerala,46 to 64,NA,NA,NA,NA,NA
2378,1,0.324069411,0.32416451,0.188601658,0.146777064,0.016387347,1,2015,4,State,All,Age,state,99,Kerala,65+,NA,NA,NA,NA,NA
2379,1,NA,NA,NA,NA,NA,0,2015,4,State,All,Age,state,99,Kerala,NA,NA,NA,NA,NA,NA
2592,1,0.584095359,0.415904641,0,0,0,1,2015,4,State,urban/rural,Age,statesector,0,Kerala,15 to 29,NA,NA,NA,NA,NA
2593,1,0.2456159,0.431347996,0.201160848,0.04857764,0.07329762,1,2015,4,State,urban/rural,Age,statesector,0,Kerala,30 to 45,NA,NA,NA,NA,NA
2594,1,0.20955646,0.390843362,0.270385295,0,0.129214883,1,2015,4,State,urban/rural,Age,statesector,0,Kerala,46 to 64,NA,NA,NA,NA,NA
2595,1,0.452299327,0.318927109,0.205059081,0,0.02371449,1,2015,4,State,urban/rural,Age,statesector,0,Kerala,65+,NA,NA,NA,NA,NA
2596,1,NA,NA,NA,NA,NA,0,2015,4,State,urban/rural,Age,statesector,0,Kerala,NA,NA,NA,NA,NA,NA
2597,1,0,0,0,0,1,1,2015,4,State,urban/rural,Age,statesector,1,Kerala,15 to 29,NA,NA,NA,NA,NA
2598,1,0,0.202483758,0.743854821,0.053661399,0,1,2015,4,State,urban/rural,Age,statesector,1,Kerala,30 to 45,NA,NA,NA,NA,NA
2599,1,0.048916943,0.176793322,0.279556185,0.065594003,0.429139525,1,2015,4,State,urban/rural,Age,statesector,1,Kerala,46 to 64,NA,NA,NA,NA,NA
2600,1,0.037279882,0.335878164,0.15179418,0.475047797,0,1,2015,4,State,urban/rural,Age,statesector,1,Kerala,65+,NA,NA,NA,NA,NA
2849,1,0.411084533,0.473057181,0.115858272,0,0,1,2015,4,State,All,Education,state,99,Kerala,NA,No education / Preschool,NA,NA,NA,NA
2850,1,0.119774237,0.338223249,0.210152999,0.124196947,0.207652554,1,2015,4,State,All,Education,state,99,Kerala,NA,Primary,NA,NA,NA,NA
2851,1,0.12563315,0.2190727,0.425824612,0.032047547,0.197421983,1,2015,4,State,All,Education,state,99,Kerala,NA,Secondary,NA,NA,NA,NA
2852,1,NA,NA,NA,NA,NA,0,2015,4,State,All,Education,state,99,Kerala,NA,NA,NA,NA,NA,NA
3077,1,0.40997979,0.463328212,0.126691997,0,0,1,2015,4,State,urban/rural,Education,statesector,0,Kerala,NA,No education / Preschool,NA,NA,NA,NA
3078,1,0.184841543,0.421087384,0.190710708,0.046099056,0.157261297,1,2015,4,State,urban/rural,Education,statesector,0,Kerala,NA,Primary,NA,NA,NA,NA
3079,1,0.210883453,0.252861112,0.414405674,0,0.12184976,1,2015,4,State,urban/rural,Education,statesector,0,Kerala,NA,Secondary,NA,NA,NA,NA
3080,1,NA,NA,NA,NA,NA,0,2015,4,State,urban/rural,Education,statesector,0,Kerala,NA,NA,NA,NA,NA,NA
3081,1,0.42289874,0.577101231,0,0,0,1,2015,4,State,urban/rural,Education,statesector,1,Kerala,NA,No education / Preschool,NA,NA,NA,NA
3082,1,0,0.185689077,0.245941877,0.267957538,0.300411493,1,2015,4,State,urban/rural,Education,statesector,1,Kerala,NA,Primary,NA,NA,NA,NA
3083,1,0,0.16927883,0.442652673,0.079275928,0.308792561,1,2015,4,State,urban/rural,Education,statesector,1,Kerala,NA,Secondary,NA,NA,NA,NA
3294,1,0.197086051,0.325540662,0.262382865,0.018492755,0.196497649,1,2015,4,State,All,Gender,state,99,Kerala,NA,NA,1,NA,NA,NA
3295,1,0.235638395,0.368560076,0.239020362,0.156781182,0,1,2015,4,State,All,Gender,state,99,Kerala,NA,NA,2,NA,NA,NA
3296,1,NA,NA,NA,NA,NA,0,2015,4,State,All,Gender,state,99,Kerala,NA,NA,NA,NA,NA,NA
3414,1,0.264796078,0.38071835,0.215333998,0.020796169,0.118355393,1,2015,4,State,urban/rural,Gender,statesector,0,Kerala,NA,NA,1,NA,NA,NA
3415,1,0.314753801,0.411736786,0.273509413,0,0,1,2015,4,State,urban/rural,Gender,statesector,0,Kerala,NA,NA,2,NA,NA,NA
3416,1,NA,NA,NA,NA,NA,0,2015,4,State,urban/rural,Gender,statesector,0,Kerala,NA,NA,NA,NA,NA,NA
3417,1,0.024318594,0.184750512,0.382431746,0.012615417,0.395883739,1,2015,4,State,urban/rural,Gender,statesector,1,Kerala,NA,NA,1,NA,NA,NA
3418,1,0.065576799,0.275750071,0.16488485,0.493788272,0,1,2015,4,State,urban/rural,Gender,statesector,1,Kerala,NA,NA,2,NA,NA,NA
3591,1,0.409093827,0.562739611,0.028166577,0,0,1,2015,4,State,All,HH Size,state,99,Kerala,NA,NA,NA,1,NA,NA
3592,1,0.205701813,0.489304155,0.209362313,0,0.095631719,1,2015,4,State,All,HH Size,state,99,Kerala,NA,NA,NA,2 to 3,NA,NA
3593,1,0.202284738,0.36775589,0.247904316,0.12454468,0.05751038,1,2015,4,State,All,HH Size,state,99,Kerala,NA,NA,NA,4 to 6,NA,NA
3594,1,0.171734855,0.147900164,0.347674161,0,0.332690835,1,2015,4,State,All,HH Size,state,99,Kerala,NA,NA,NA,7+,NA,NA
3595,1,NA,NA,NA,NA,NA,0,2015,4,State,All,HH Size,state,99,Kerala,NA,NA,NA,NA,NA,NA
3809,1,0.447161943,0.513990879,0.038847204,0,0,1,2015,4,State,urban/rural,HH Size,statesector,0,Kerala,NA,NA,NA,1,NA,NA
3810,1,0.245811313,0.484175295,0.138316214,0,0.131697178,1,2015,4,State,urban/rural,HH Size,statesector,0,Kerala,NA,NA,NA,2 to 3,NA,NA
3811,1,0.273950905,0.426624209,0.217482299,0.032661084,0.049281519,1,2015,4,State,urban/rural,HH Size,statesector,0,Kerala,NA,NA,NA,4 to 6,NA,NA
3812,1,0.264430344,0.227730677,0.363977253,0,0.143861711,1,2015,4,State,urban/rural,HH Size,statesector,0,Kerala,NA,NA,NA,7+,NA,NA
3813,1,NA,NA,NA,NA,NA,0,2015,4,State,urban/rural,HH Size,statesector,0,Kerala,NA,NA,NA,NA,NA,NA
3814,1,0.308701962,0.691298068,0,0,0,1,2015,4,State,urban/rural,HH Size,statesector,1,Kerala,NA,NA,NA,1,NA,NA
3815,1,0.099346846,0.502903938,0.397749245,0,0,1,2015,4,State,urban/rural,HH Size,statesector,1,Kerala,NA,NA,NA,2 to 3,NA,NA
3816,1,0,0.201594248,0.333773464,0.383895129,0.080737151,1,2015,4,State,urban/rural,HH Size,statesector,1,Kerala,NA,NA,NA,4 to 6,NA,NA
3817,1,0,0,0.317469746,0,0.682530284,1,2015,4,State,urban/rural,HH Size,statesector,1,Kerala,NA,NA,NA,7+,NA,NA
4021,1,0.299622625,0.402726978,0.217745617,0.079904795,0,1,2015,4,State,All,Owns House,state,99,Kerala,NA,NA,NA,NA,0,NA
4022,1,0.183854297,0.320374608,0.265889615,0.050022677,0.179858804,1,2015,4,State,All,Owns House,state,99,Kerala,NA,NA,NA,NA,1,NA
4023,1,NA,NA,NA,NA,NA,0,2015,4,State,All,Owns House,state,99,Kerala,NA,NA,NA,NA,NA,NA
4142,1,0.387897283,0.421612114,0.190490603,0,0,1,2015,4,State,urban/rural,Owns House,statesector,0,Kerala,NA,NA,NA,NA,0,NA
4143,1,0.249915034,0.380519301,0.24079068,0.019245392,0.1095296,1,2015,4,State,urban/rural,Owns House,statesector,0,Kerala,NA,NA,NA,NA,1,NA
4144,1,NA,NA,NA,NA,NA,0,2015,4,State,urban/rural,Owns House,statesector,0,Kerala,NA,NA,NA,NA,NA,NA
4145,1,0.092544347,0.358425468,0.281681508,0.267348677,0,1,2015,4,State,urban/rural,Owns House,statesector,1,Kerala,NA,NA,NA,NA,0,NA
4146,1,0.021655899,0.172701836,0.327514797,0.125589892,0.352537572,1,2015,4,State,urban/rural,Owns House,statesector,1,Kerala,NA,NA,NA,NA,1,NA
4280,1,0.214712709,0.344222784,0.275105029,0.062172599,0.103786878,1,2015,4,State,All,Agri Land,state,99,Kerala,NA,NA,NA,NA,NA,0
4281,1,0.141145438,0.27231577,0.078177191,0,0.508361578,1,2015,4,State,All,Agri Land,state,99,Kerala,NA,NA,NA,NA,NA,1
4282,1,NA,NA,NA,NA,NA,0,2015,4,State,All,Agri Land,state,99,Kerala,NA,NA,NA,NA,NA,NA
4401,1,0.293691963,0.418923587,0.249743909,0.01742479,0.02021574,1,2015,4,State,urban/rural,Agri Land,statesector,0,Kerala,NA,NA,NA,NA,NA,0
4402,1,0.161517829,0.167284608,0.089460984,0,0.581736565,1,2015,4,State,urban/rural,Agri Land,statesector,0,Kerala,NA,NA,NA,NA,NA,1
4403,1,NA,NA,NA,NA,NA,0,2015,4,State,urban/rural,Agri Land,statesector,0,Kerala,NA,NA,NA,NA,NA,NA
4404,1,0.038162429,0.177236527,0.331797242,0.162201896,0.290601879,1,2015,4,State,urban/rural,Agri Land,statesector,1,Kerala,NA,NA,NA,NA,NA,0
4405,1,0,1,0,0,0,1,2015,4,State,urban/rural,Agri Land,statesector,1,Kerala,NA,NA,NA,NA,NA,1
21,1,0.406487167,0.359148741,0.168600291,0.060390748,0.005373049,1,2019,5,State,All,All Households,state,99,Ladakh,NA,NA,NA,NA,NA,NA
74,1,0.415479034,0.365151376,0.163522556,0.055847015,0,1,2019,5,State,urban/rural,All Households,statesector,0,Ladakh,NA,NA,NA,NA,NA,NA
75,1,0.228129879,0.240084097,0.269318908,0.150517523,0.111949578,1,2019,5,State,urban/rural,All Households,statesector,1,Ladakh,NA,NA,NA,NA,NA,NA
202,1,0,1,0,0,0,1,2019,5,State,All,Age,state,99,Ladakh,15 to 29,NA,NA,NA,NA,NA
203,1,0.434932768,0.332106054,0.146794051,0.086167119,0,1,2019,5,State,All,Age,state,99,Ladakh,30 to 45,NA,NA,NA,NA,NA
204,1,0.350913018,0.414948046,0.146412954,0.066609383,0.021116605,1,2019,5,State,All,Age,state,99,Ladakh,46 to 64,NA,NA,NA,NA,NA
205,1,0.445836723,0.293104231,0.261059046,0,0,1,2019,5,State,All,Age,state,99,Ladakh,65+,NA,NA,NA,NA,NA
426,1,0,1,0,0,0,1,2019,5,State,urban/rural,Age,statesector,0,Ladakh,15 to 29,NA,NA,NA,NA,NA
427,1,0.433756292,0.34861511,0.127178088,0.09045051,0,1,2019,5,State,urban/rural,Age,statesector,0,Ladakh,30 to 45,NA,NA,NA,NA,NA
428,1,0.38766107,0.408373356,0.161745504,0.042220075,0,1,2019,5,State,urban/rural,Age,statesector,0,Ladakh,46 to 64,NA,NA,NA,NA,NA
429,1,0.445836723,0.293104231,0.261059046,0,0,1,2019,5,State,urban/rural,Age,statesector,0,Ladakh,65+,NA,NA,NA,NA,NA
430,1,0.458599716,0,0.541400254,0,0,1,2019,5,State,urban/rural,Age,statesector,1,Ladakh,30 to 45,NA,NA,NA,NA,NA
431,1,0,0.477730632,0,0.299506843,0.222762525,1,2019,5,State,urban/rural,Age,statesector,1,Ladakh,46 to 64,NA,NA,NA,NA,NA
675,1,0.431782186,0.346624255,0.141340584,0.070924491,0.009328491,1,2019,5,State,All,Education,state,99,Ladakh,NA,No education / Preschool,NA,NA,NA,NA
676,1,0.306084901,0.383987486,0.202991351,0.106936261,0,1,2019,5,State,All,Education,state,99,Ladakh,NA,Primary,NA,NA,NA,NA
677,1,0.368127316,0.411675811,0.220196888,0,0,1,2019,5,State,All,Education,state,99,Ladakh,NA,Secondary,NA,NA,NA,NA
678,1,0.500075519,0.164007306,0.127946675,0.2079705,0,1,2019,5,State,All,Education,state,99,Ladakh,NA,Higher,NA,NA,NA,NA
899,1,0.461462587,0.349070162,0.127071902,0.062395371,0,1,2019,5,State,urban/rural,Education,statesector,0,Ladakh,NA,No education / Preschool,NA,NA,NA,NA
900,1,0.199730203,0.442840338,0.234103352,0.123326123,0,1,2019,5,State,urban/rural,Education,statesector,0,Ladakh,NA,Primary,NA,NA,NA,NA
901,1,0.368127316,0.411675811,0.220196888,0,0,1,2019,5,State,urban/rural,Education,statesector,0,Ladakh,NA,Secondary,NA,NA,NA,NA
902,1,0.500075519,0.164007306,0.127946675,0.2079705,0,1,2019,5,State,urban/rural,Education,statesector,0,Ladakh,NA,Higher,NA,NA,NA,NA
903,1,0,0.3110421,0.348917395,0.195003703,0.145036802,1,2019,5,State,urban/rural,Education,statesector,1,Ladakh,NA,No education / Preschool,NA,NA,NA,NA
904,1,1,0,0,0,0,1,2019,5,State,urban/rural,Education,statesector,1,Ladakh,NA,Primary,NA,NA,NA,NA
1109,1,0.420946896,0.359144986,0.150553063,0.063688599,0.005666463,1,2019,5,State,All,Gender,state,99,Ladakh,NA,NA,1,NA,NA,NA
1110,1,0.141697928,0.359218001,0.499084055,0,0,1,2019,5,State,All,Gender,state,99,Ladakh,NA,NA,2,NA,NA,NA
1233,1,0.431226909,0.365492672,0.144221097,0.059059329,0,1,2019,5,State,urban/rural,Gender,statesector,0,Ladakh,NA,NA,1,NA,NA,NA
1234,1,0.141697928,0.359218001,0.499084055,0,0,1,2019,5,State,urban/rural,Gender,statesector,0,Ladakh,NA,NA,2,NA,NA,NA
1235,1,0.228129879,0.240084097,0.269318908,0.150517523,0.111949578,1,2019,5,State,urban/rural,Gender,statesector,1,Ladakh,NA,NA,1,NA,NA,NA
1401,1,1,0,0,0,0,1,2019,5,State,All,HH Size,state,99,Ladakh,NA,NA,NA,1,NA,NA
1402,1,0.522793353,0.289546847,0.187659815,0,0,1,2019,5,State,All,HH Size,state,99,Ladakh,NA,NA,NA,2 to 3,NA,NA
1403,1,0.35612601,0.387954772,0.171820953,0.07722725,0.006871015,1,2019,5,State,All,HH Size,state,99,Ladakh,NA,NA,NA,4 to 6,NA,NA
1404,1,0.625117481,0.236447081,0.138435423,0,0,1,2019,5,State,All,HH Size,state,99,Ladakh,NA,NA,NA,7+,NA,NA
1604,1,1,0,0,0,0,1,2019,5,State,urban/rural,HH Size,statesector,0,Ladakh,NA,NA,NA,1,NA,NA
1605,1,0.540448129,0.265554786,0.1939971,0,0,1,2019,5,State,urban/rural,HH Size,statesector,0,Ladakh,NA,NA,NA,2 to 3,NA,NA
1606,1,0.363083839,0.399957061,0.164804816,0.072154291,0,1,2019,5,State,urban/rural,HH Size,statesector,0,Ladakh,NA,NA,NA,4 to 6,NA,NA
1607,1,0.625117481,0.236447081,0.138435423,0,0,1,2019,5,State,urban/rural,HH Size,statesector,0,Ladakh,NA,NA,NA,7+,NA,NA
1608,1,0,1,0,0,0,1,2019,5,State,urban/rural,HH Size,statesector,1,Ladakh,NA,NA,NA,2 to 3,NA,NA
1609,1,0.242552817,0.192040339,0.286345929,0.160033613,0.119027302,1,2019,5,State,urban/rural,HH Size,statesector,1,Ladakh,NA,NA,NA,4 to 6,NA,NA
1788,1,0.293862909,0.537968934,0.123700619,0.044467546,0,1,2019,5,State,All,Owns House,state,99,Ladakh,NA,NA,NA,NA,0,NA
1789,1,0.465367228,0.265661418,0.192073867,0.068715416,0.008182082,1,2019,5,State,All,Owns House,state,99,Ladakh,NA,NA,NA,NA,1,NA
1892,1,0.313587993,0.547133625,0.091825977,0.047452364,0,1,2019,5,State,urban/rural,Owns House,statesector,0,Ladakh,NA,NA,NA,NA,0,NA
1893,1,0.467487961,0.272260964,0.200119123,0.060131952,0,1,2019,5,State,urban/rural,Owns House,statesector,0,Ladakh,NA,NA,NA,NA,1,NA
1894,1,0,0.401433647,0.598566353,0,0,1,2019,5,State,urban/rural,Owns House,statesector,1,Ladakh,NA,NA,NA,NA,0,NA
1895,1,0.414736301,0.108102866,0,0.273638368,0.203522459,1,2019,5,State,urban/rural,Owns House,statesector,1,Ladakh,NA,NA,NA,NA,1,NA
2007,1,0.341260314,0.390931904,0.218836516,0.048971266,0,1,2019,5,State,All,Agri Land,state,99,Ladakh,NA,NA,NA,NA,NA,0
2008,1,0.435376197,0.345071971,0.146350622,0.065448448,0.007752776,1,2019,5,State,All,Agri Land,state,99,Ladakh,NA,NA,NA,NA,NA,1
2109,1,0.356151491,0.407990515,0.209311843,0.02654613,0,1,2019,5,State,urban/rural,Agri Land,statesector,0,Ladakh,NA,NA,NA,NA,NA,0
2110,1,0.442002237,0.345999569,0.143051818,0.068946384,0,1,2019,5,State,urban/rural,Agri Land,statesector,0,Ladakh,NA,NA,NA,NA,NA,1
2111,1,0,0,0.437112898,0.562887132,0,1,2019,5,State,urban/rural,Agri Land,statesector,1,Ladakh,NA,NA,NA,NA,NA,0
2112,1,0.311398745,0.327716321,0.20807305,0,0.152811885,1,2019,5,State,urban/rural,Agri Land,statesector,1,Ladakh,NA,NA,NA,NA,NA,1
22,1,0,0.141423941,0.315260828,0.543315232,0,1,2019,5,State,All,All Households,state,99,Lakshadweep,NA,NA,NA,NA,NA,NA
76,1,0,0.28810966,0.71189034,0,0,1,2019,5,State,urban/rural,All Households,statesector,0,Lakshadweep,NA,NA,NA,NA,NA,NA
77,1,0,0.077695288,0.14294228,0.77936244,0,1,2019,5,State,urban/rural,All Households,statesector,1,Lakshadweep,NA,NA,NA,NA,NA,NA
206,1,0,0,1,0,0,1,2019,5,State,All,Age,state,99,Lakshadweep,15 to 29,NA,NA,NA,NA,NA
207,1,0,1,0,0,0,1,2019,5,State,All,Age,state,99,Lakshadweep,30 to 45,NA,NA,NA,NA,NA
208,1,0,0.121085986,0.304494411,0.574419618,0,1,2019,5,State,All,Age,state,99,Lakshadweep,46 to 64,NA,NA,NA,NA,NA
209,1,0,0,0,1,0,1,2019,5,State,All,Age,state,99,Lakshadweep,65+,NA,NA,NA,NA,NA
432,1,0,0,1,0,0,1,2019,5,State,urban/rural,Age,statesector,0,Lakshadweep,15 to 29,NA,NA,NA,NA,NA
433,1,0,0.421456784,0.578543246,0,0,1,2019,5,State,urban/rural,Age,statesector,0,Lakshadweep,46 to 64,NA,NA,NA,NA,NA
434,1,0,1,0,0,0,1,2019,5,State,urban/rural,Age,statesector,1,Lakshadweep,30 to 45,NA,NA,NA,NA,NA
435,1,0,0,0.194019392,0.805980623,0,1,2019,5,State,urban/rural,Age,statesector,1,Lakshadweep,46 to 64,NA,NA,NA,NA,NA
436,1,0,0,0,1,0,1,2019,5,State,urban/rural,Age,statesector,1,Lakshadweep,65+,NA,NA,NA,NA,NA
679,1,0,0,0,1,0,1,2019,5,State,All,Education,state,99,Lakshadweep,NA,No education / Preschool,NA,NA,NA,NA
680,1,0,0.35213986,0.64786011,0,0,1,2019,5,State,All,Education,state,99,Lakshadweep,NA,Primary,NA,NA,NA,NA
681,1,0,0.121731527,0.300786495,0.577481985,0,1,2019,5,State,All,Education,state,99,Lakshadweep,NA,Secondary,NA,NA,NA,NA
905,1,0,0.28810966,0.71189034,0,0,1,2019,5,State,urban/rural,Education,statesector,0,Lakshadweep,NA,Secondary,NA,NA,NA,NA
906,1,0,0,0,1,0,1,2019,5,State,urban/rural,Education,statesector,1,Lakshadweep,NA,No education / Preschool,NA,NA,NA,NA
907,1,0,0.35213986,0.64786011,0,0,1,2019,5,State,urban/rural,Education,statesector,1,Lakshadweep,NA,Primary,NA,NA,NA,NA
908,1,0,0,0,1,0,1,2019,5,State,urban/rural,Education,statesector,1,Lakshadweep,NA,Secondary,NA,NA,NA,NA
1111,1,0,0.106874466,0.386123955,0.507001579,0,1,2019,5,State,All,Gender,state,99,Lakshadweep,NA,NA,1,NA,NA,NA
1112,1,0,0.295130074,0,0.704869926,0,1,2019,5,State,All,Gender,state,99,Lakshadweep,NA,NA,2,NA,NA,NA
1236,1,0,0.28810966,0.71189034,0,0,1,2019,5,State,urban/rural,Gender,statesector,0,Lakshadweep,NA,NA,1,NA,NA,NA
1237,1,0,0,0.194019392,0.805980623,0,1,2019,5,State,urban/rural,Gender,statesector,1,Lakshadweep,NA,NA,1,NA,NA,NA
1238,1,0,0.295130074,0,0.704869926,0,1,2019,5,State,urban/rural,Gender,statesector,1,Lakshadweep,NA,NA,2,NA,NA,NA
1405,1,0,1,0,0,0,1,2019,5,State,All,HH Size,state,99,Lakshadweep,NA,NA,NA,2 to 3,NA,NA
1406,1,0,0.164059699,0.592727005,0.243213281,0,1,2019,5,State,All,HH Size,state,99,Lakshadweep,NA,NA,NA,4 to 6,NA,NA
1407,1,0,0,0,1,0,1,2019,5,State,All,HH Size,state,99,Lakshadweep,NA,NA,NA,7+,NA,NA
1610,1,0,0.28810966,0.71189034,0,0,1,2019,5,State,urban/rural,HH Size,statesector,0,Lakshadweep,NA,NA,NA,4 to 6,NA,NA
1611,1,0,1,0,0,0,1,2019,5,State,urban/rural,HH Size,statesector,1,Lakshadweep,NA,NA,NA,2 to 3,NA,NA
1612,1,0,0,0.43513,0.56487,0,1,2019,5,State,urban/rural,HH Size,statesector,1,Lakshadweep,NA,NA,NA,4 to 6,NA,NA
1613,1,0,0,0,1,0,1,2019,5,State,urban/rural,HH Size,statesector,1,Lakshadweep,NA,NA,NA,7+,NA,NA
1790,1,0,0,0,1,0,1,2019,5,State,All,Owns House,state,99,Lakshadweep,NA,NA,NA,NA,0,NA
1791,1,0,0.309675187,0.690324783,0,0,1,2019,5,State,All,Owns House,state,99,Lakshadweep,NA,NA,NA,NA,1,NA
1896,1,0,0.28810966,0.71189034,0,0,1,2019,5,State,urban/rural,Owns House,statesector,0,Lakshadweep,NA,NA,NA,NA,1,NA
1897,1,0,0,0,1,0,1,2019,5,State,urban/rural,Owns House,statesector,1,Lakshadweep,NA,NA,NA,NA,0,NA
1898,1,0,0.35213986,0.64786011,0,0,1,2019,5,State,urban/rural,Owns House,statesector,1,Lakshadweep,NA,NA,NA,NA,1,NA
2009,1,0,0.141423941,0.315260828,0.543315232,0,1,2019,5,State,All,Agri Land,state,99,Lakshadweep,NA,NA,NA,NA,NA,0
2113,1,0,0.28810966,0.71189034,0,0,1,2019,5,State,urban/rural,Agri Land,statesector,0,Lakshadweep,NA,NA,NA,NA,NA,0
2114,1,0,0.077695288,0.14294228,0.77936244,0,1,2019,5,State,urban/rural,Agri Land,statesector,1,Lakshadweep,NA,NA,NA,NA,NA,0
2201,1,0.073433682,0,0.101272359,0.334668428,0.49062553,1,2015,4,State,All,All Households,state,99,Lakshadweep,NA,NA,NA,NA,NA,NA
2253,1,0,0,0,1,0,1,2015,4,State,urban/rural,All Households,statesector,0,Lakshadweep,NA,NA,NA,NA,NA,NA
2254,1,0.094694227,0,0.130592778,0.14204134,0.632671654,1,2015,4,State,urban/rural,All Households,statesector,1,Lakshadweep,NA,NA,NA,NA,NA,NA
2380,1,0,0,1,0,0,1,2015,4,State,All,Age,state,99,Lakshadweep,30 to 45,NA,NA,NA,NA,NA
2381,1,0.104012772,0,0,0.34752208,0.548465133,1,2015,4,State,All,Age,state,99,Lakshadweep,46 to 64,NA,NA,NA,NA,NA
2382,1,0,0,0,0.463444591,0.536555409,1,2015,4,State,All,Age,state,99,Lakshadweep,65+,NA,NA,NA,NA,NA
2601,1,0,0,0,1,0,1,2015,4,State,urban/rural,Age,statesector,0,Lakshadweep,46 to 64,NA,NA,NA,NA,NA
2602,1,0,0,0,1,0,1,2015,4,State,urban/rural,Age,statesector,0,Lakshadweep,65+,NA,NA,NA,NA,NA
2603,1,0,0,1,0,0,1,2015,4,State,urban/rural,Age,statesector,1,Lakshadweep,30 to 45,NA,NA,NA,NA,NA
2604,1,0.128649533,0,0,0.192974299,0.678376198,1,2015,4,State,urban/rural,Age,statesector,1,Lakshadweep,46 to 64,NA,NA,NA,NA,NA
2605,1,0,0,0,0,1,1,2015,4,State,urban/rural,Age,statesector,1,Lakshadweep,65+,NA,NA,NA,NA,NA
2853,1,0,0,0,0.463444591,0.536555409,1,2015,4,State,All,Education,state,99,Lakshadweep,NA,Primary,NA,NA,NA,NA
2854,1,0.090964466,0,0.125449061,0.303925753,0.47966072,1,2015,4,State,All,Education,state,99,Lakshadweep,NA,Secondary,NA,NA,NA,NA
3084,1,0,0,0,1,0,1,2015,4,State,urban/rural,Education,statesector,0,Lakshadweep,NA,Primary,NA,NA,NA,NA
3085,1,0,0,0,1,0,1,2015,4,State,urban/rural,Education,statesector,0,Lakshadweep,NA,Secondary,NA,NA,NA,NA
3086,1,0,0,0,0,1,1,2015,4,State,urban/rural,Education,statesector,1,Lakshadweep,NA,Primary,NA,NA,NA,NA
3087,1,0.109263875,0,0.150685772,0.163895816,0.57615453,1,2015,4,State,urban/rural,Education,statesector,1,Lakshadweep,NA,Secondary,NA,NA,NA,NA
3297,1,0.082523711,0,0.113808423,0.252309978,0.551357865,1,2015,4,State,All,Gender,state,99,Lakshadweep,NA,NA,1,NA,NA,NA
3298,1,0,0,0,1,0,1,2015,4,State,All,Gender,state,99,Lakshadweep,NA,NA,2,NA,NA,NA
3419,1,0,0,0,1,0,1,2015,4,State,urban/rural,Gender,statesector,0,Lakshadweep,NA,NA,1,NA,NA,NA
3420,1,0.110371552,0,0.15221338,0,0.737415075,1,2015,4,State,urban/rural,Gender,statesector,1,Lakshadweep,NA,NA,1,NA,NA,NA
3421,1,0,0,0,1,0,1,2015,4,State,urban/rural,Gender,statesector,1,Lakshadweep,NA,NA,2,NA,NA,NA
3596,1,0.45120737,0,0,0.54879266,0,1,2015,4,State,All,HH Size,state,99,Lakshadweep,NA,NA,NA,4 to 6,NA,NA
3597,1,0,0,0.120958231,0.293045819,0.585995972,1,2015,4,State,All,HH Size,state,99,Lakshadweep,NA,NA,NA,7+,NA,NA
3818,1,0,0,0,1,0,1,2015,4,State,urban/rural,HH Size,statesector,0,Lakshadweep,NA,NA,NA,4 to 6,NA,NA
3819,1,0,0,0,1,0,1,2015,4,State,urban/rural,HH Size,statesector,0,Lakshadweep,NA,NA,NA,7+,NA,NA
3820,1,1,0,0,0,0,1,2015,4,State,urban/rural,HH Size,statesector,1,Lakshadweep,NA,NA,NA,4 to 6,NA,NA
3821,1,0,0,0.144252673,0.156898752,0.698848546,1,2015,4,State,urban/rural,HH Size,statesector,1,Lakshadweep,NA,NA,NA,7+,NA,NA
4024,1,0.073433682,0,0.101272359,0.334668428,0.49062553,1,2015,4,State,All,Owns House,state,99,Lakshadweep,NA,NA,NA,NA,1,NA
4147,1,0,0,0,1,0,1,2015,4,State,urban/rural,Owns House,statesector,0,Lakshadweep,NA,NA,NA,NA,1,NA
4148,1,0.094694227,0,0.130592778,0.14204134,0.632671654,1,2015,4,State,urban/rural,Owns House,statesector,1,Lakshadweep,NA,NA,NA,NA,1,NA
4283,1,0.073433682,0,0.101272359,0.334668428,0.49062553,1,2015,4,State,All,Agri Land,state,99,Lakshadweep,NA,NA,NA,NA,NA,0
4406,1,0,0,0,1,0,1,2015,4,State,urban/rural,Agri Land,statesector,0,Lakshadweep,NA,NA,NA,NA,NA,0
4407,1,0.094694227,0,0.130592778,0.14204134,0.632671654,1,2015,4,State,urban/rural,Agri Land,statesector,1,Lakshadweep,NA,NA,NA,NA,NA,0
23,1,0.707098305,0.209361941,0.056685615,0.020029157,0.006825,1,2019,5,State,All,All Households,state,99,Madhya Pradesh,NA,NA,NA,NA,NA,NA
78,1,0.732401013,0.202848569,0.04864645,0.014224845,0.001879118,1,2019,5,State,urban/rural,All Households,statesector,0,Madhya Pradesh,NA,NA,NA,NA,NA,NA
79,1,0.422388941,0.282651216,0.147143245,0.085339956,0.062476642,1,2019,5,State,urban/rural,All Households,statesector,1,Madhya Pradesh,NA,NA,NA,NA,NA,NA
210,1,0.712048829,0.223100215,0.052073833,0.012232667,0.000544436,1,2019,5,State,All,Age,state,99,Madhya Pradesh,15 to 29,NA,NA,NA,NA,NA
211,1,0.726561189,0.202871785,0.050292343,0.015840109,0.00443458,1,2019,5,State,All,Age,state,99,Madhya Pradesh,30 to 45,NA,NA,NA,NA,NA
212,1,0.678648353,0.226617306,0.064757831,0.019945538,0.010030981,1,2019,5,State,All,Age,state,99,Madhya Pradesh,46 to 64,NA,NA,NA,NA,NA
213,1,0.725532413,0.166826993,0.057030946,0.039874345,0.010735292,1,2019,5,State,All,Age,state,99,Madhya Pradesh,65+,NA,NA,NA,NA,NA
214,1,1,0,0,0,0,1,2019,5,State,All,Age,state,99,Madhya Pradesh,NA,NA,NA,NA,NA,NA
437,1,0.728337467,0.217306986,0.045998003,0.008357568,0,1,2019,5,State,urban/rural,Age,statesector,0,Madhya Pradesh,15 to 29,NA,NA,NA,NA,NA
438,1,0.752015948,0.195235878,0.04111293,0.008909145,0.002726078,1,2019,5,State,urban/rural,Age,statesector,0,Madhya Pradesh,30 to 45,NA,NA,NA,NA,NA
439,1,0.707494497,0.218555629,0.056811709,0.015392018,0.001746118,1,2019,5,State,urban/rural,Age,statesector,0,Madhya Pradesh,46 to 64,NA,NA,NA,NA,NA
440,1,0.749725699,0.166676447,0.049981218,0.032051183,0.001565445,1,2019,5,State,urban/rural,Age,statesector,0,Madhya Pradesh,65+,NA,NA,NA,NA,NA
441,1,1,0,0,0,0,1,2019,5,State,urban/rural,Age,statesector,0,Madhya Pradesh,NA,NA,NA,NA,NA,NA
442,1,0.530465364,0.287682503,0.119806528,0.055431861,0.006613755,1,2019,5,State,urban/rural,Age,statesector,1,Madhya Pradesh,15 to 29,NA,NA,NA,NA,NA
443,1,0.45260933,0.285051703,0.149083853,0.090433143,0.02282197,1,2019,5,State,urban/rural,Age,statesector,1,Madhya Pradesh,30 to 45,NA,NA,NA,NA,NA
444,1,0.326673955,0.324983984,0.161714569,0.075506523,0.111120947,1,2019,5,State,urban/rural,Age,statesector,1,Madhya Pradesh,46 to 64,NA,NA,NA,NA,NA
445,1,0.4733558,0.168396264,0.130513176,0.121418372,0.106316388,1,2019,5,State,urban/rural,Age,statesector,1,Madhya Pradesh,65+,NA,NA,NA,NA,NA
446,1,NA,NA,NA,NA,NA,0,2019,5,State,urban/rural,Age,statesector,1,Madhya Pradesh,NA,NA,NA,NA,NA,NA
682,1,0.789228439,0.16183123,0.036274187,0.01004147,0.002624703,1,2019,5,State,All,Education,state,99,Madhya Pradesh,NA,No education / Preschool,NA,NA,NA,NA
683,1,0.688077807,0.210604057,0.065436073,0.027544625,0.008337444,1,2019,5,State,All,Education,state,99,Madhya Pradesh,NA,Primary,NA,NA,NA,NA
684,1,0.580426097,0.303676575,0.080141701,0.027768495,0.007987125,1,2019,5,State,All,Education,state,99,Madhya Pradesh,NA,Secondary,NA,NA,NA,NA
685,1,0.368358314,0.269346118,0.18392764,0.088961251,0.089406677,1,2019,5,State,All,Education,state,99,Madhya Pradesh,NA,Higher,NA,NA,NA,NA
686,1,0.760088861,0,0.239911124,0,0,1,2019,5,State,All,Education,state,99,Madhya Pradesh,NA,NA,NA,NA,NA,NA
909,1,0.806110442,0.15566729,0.029144293,0.007921901,0.00115604,1,2019,5,State,urban/rural,Education,statesector,0,Madhya Pradesh,NA,No education / Preschool,NA,NA,NA,NA
910,1,0.72443831,0.20177263,0.054887298,0.016893884,0.002007863,1,2019,5,State,urban/rural,Education,statesector,0,Madhya Pradesh,NA,Primary,NA,NA,NA,NA
911,1,0.604105413,0.298961967,0.074269988,0.02090653,0.001756119,1,2019,5,State,urban/rural,Education,statesector,0,Madhya Pradesh,NA,Secondary,NA,NA,NA,NA
912,1,0.445432484,0.279117405,0.176900327,0.073058546,0.025491226,1,2019,5,State,urban/rural,Education,statesector,0,Madhya Pradesh,NA,Higher,NA,NA,NA,NA
913,1,0.760088861,0,0.239911124,0,0,1,2019,5,State,urban/rural,Education,statesector,0,Madhya Pradesh,NA,NA,NA,NA,NA,NA
914,1,0.572058618,0.241123646,0.127992734,0.03730749,0.02151751,1,2019,5,State,urban/rural,Education,statesector,1,Madhya Pradesh,NA,No education / Preschool,NA,NA,NA,NA
915,1,0.350568324,0.292580098,0.163353026,0.126408041,0.067090534,1,2019,5,State,urban/rural,Education,statesector,1,Madhya Pradesh,NA,Primary,NA,NA,NA,NA
916,1,0.296765953,0.360154122,0.150480404,0.109969661,0.082629874,1,2019,5,State,urban/rural,Education,statesector,1,Madhya Pradesh,NA,Secondary,NA,NA,NA,NA
917,1,0.030334277,0.226492107,0.214747295,0.158705741,0.369720578,1,2019,5,State,urban/rural,Education,statesector,1,Madhya Pradesh,NA,Higher,NA,NA,NA,NA
918,1,NA,NA,NA,NA,NA,0,2019,5,State,urban/rural,Education,statesector,1,Madhya Pradesh,NA,NA,NA,NA,NA,NA
1113,1,0.705364048,0.21015203,0.057533167,0.019895712,0.007055033,1,2019,5,State,All,Gender,state,99,Madhya Pradesh,NA,NA,1,NA,NA,NA
1114,1,0.722896695,0.202164456,0.04896459,0.021244811,0.004729442,1,2019,5,State,All,Gender,state,99,Madhya Pradesh,NA,NA,2,NA,NA,NA
1115,1,NA,NA,NA,NA,NA,0,2019,5,State,All,Gender,state,99,Madhya Pradesh,NA,NA,NA,NA,NA,NA
1239,1,0.729708493,0.205004573,0.049542539,0.013890902,0.001853511,1,2019,5,State,urban/rural,Gender,statesector,0,Madhya Pradesh,NA,NA,1,NA,NA,NA
1240,1,0.757444561,0.18279545,0.040311836,0.017330877,0.002117295,1,2019,5,State,urban/rural,Gender,statesector,0,Madhya Pradesh,NA,NA,2,NA,NA,NA
1241,1,NA,NA,NA,NA,NA,0,2019,5,State,urban/rural,Gender,statesector,0,Madhya Pradesh,NA,NA,NA,NA,NA,NA
1242,1,0.424435228,0.269552499,0.14974311,0.08918979,0.067079373,1,2019,5,State,urban/rural,Gender,statesector,1,Madhya Pradesh,NA,NA,1,NA,NA,NA
1243,1,0.407323569,0.379088342,0.128002137,0.056996178,0.028589791,1,2019,5,State,urban/rural,Gender,statesector,1,Madhya Pradesh,NA,NA,2,NA,NA,NA
1244,1,NA,NA,NA,NA,NA,0,2019,5,State,urban/rural,Gender,statesector,1,Madhya Pradesh,NA,NA,NA,NA,NA,NA
1408,1,0.91242969,0.084505565,0.001638305,0.001426449,0,1,2019,5,State,All,HH Size,state,99,Madhya Pradesh,NA,NA,NA,1,NA,NA
1409,1,0.827737987,0.138091668,0.025854187,0.005934167,0.002381983,1,2019,5,State,All,HH Size,state,99,Madhya Pradesh,NA,NA,NA,2 to 3,NA,NA
1410,1,0.717904747,0.214610174,0.049045332,0.014635745,0.003804001,1,2019,5,State,All,HH Size,state,99,Madhya Pradesh,NA,NA,NA,4 to 6,NA,NA
1411,1,0.606482983,0.2488271,0.091029659,0.038621463,0.015038809,1,2019,5,State,All,HH Size,state,99,Madhya Pradesh,NA,NA,NA,7+,NA,NA
1614,1,0.923241377,0.074502692,0.000739117,0.001516801,0,1,2019,5,State,urban/rural,HH Size,statesector,0,Madhya Pradesh,NA,NA,NA,1,NA,NA
1615,1,0.843022823,0.132861137,0.019589147,0.002536257,0.001990621,1,2019,5,State,urban/rural,HH Size,statesector,0,Madhya Pradesh,NA,NA,NA,2 to 3,NA,NA
1616,1,0.741631508,0.209501609,0.039556578,0.008331688,0.000978588,1,2019,5,State,urban/rural,HH Size,statesector,0,Madhya Pradesh,NA,NA,NA,4 to 6,NA,NA
1617,1,0.64080739,0.239753962,0.084049404,0.031903122,0.00348612,1,2019,5,State,urban/rural,HH Size,statesector,0,Madhya Pradesh,NA,NA,NA,7+,NA,NA
1618,1,0.741738617,0.242427051,0.015834337,0,0,1,2019,5,State,urban/rural,HH Size,statesector,1,Madhya Pradesh,NA,NA,NA,1,NA,NA
1619,1,0.64108628,0.201964647,0.10236001,0.047427908,0.007161123,1,2019,5,State,urban/rural,HH Size,statesector,1,Madhya Pradesh,NA,NA,NA,2 to 3,NA,NA
1620,1,0.465431035,0.268969685,0.150013968,0.081716433,0.033868875,1,2019,5,State,urban/rural,HH Size,statesector,1,Madhya Pradesh,NA,NA,NA,4 to 6,NA,NA
1621,1,0.206010044,0.354685932,0.172470316,0.117006332,0.149827391,1,2019,5,State,urban/rural,HH Size,statesector,1,Madhya Pradesh,NA,NA,NA,7+,NA,NA
1792,1,0.719047606,0.198678091,0.056728512,0.022258854,0.003286928,1,2019,5,State,All,Owns House,state,99,Madhya Pradesh,NA,NA,NA,NA,0,NA
1793,1,0.703177929,0.212867096,0.056671541,0.019297639,0.007985769,1,2019,5,State,All,Owns House,state,99,Madhya Pradesh,NA,NA,NA,NA,1,NA
1899,1,0.751842499,0.192380726,0.04067567,0.014104832,0.00099629,1,2019,5,State,urban/rural,Owns House,statesector,0,Madhya Pradesh,NA,NA,NA,NA,0,NA
1900,1,0.72615701,0.206210524,0.051206414,0.01426339,0.002162655,1,2019,5,State,urban/rural,Owns House,statesector,0,Madhya Pradesh,NA,NA,NA,NA,1,NA
1901,1,0.411155999,0.25780043,0.207439095,0.098812111,0.024792366,1,2019,5,State,urban/rural,Owns House,statesector,1,Madhya Pradesh,NA,NA,NA,NA,0,NA
1902,1,0.427007228,0.292868286,0.122353368,0.079801053,0.07797005,1,2019,5,State,urban/rural,Owns House,statesector,1,Madhya Pradesh,NA,NA,NA,NA,1,NA
2010,1,0.725190461,0.189569324,0.055612691,0.020119447,0.009508091,1,2019,5,State,All,Agri Land,state,99,Madhya Pradesh,NA,NA,NA,NA,NA,0
2011,1,0.693374574,0.224375501,0.057499472,0.019960668,0.004789758,1,2019,5,State,All,Agri Land,state,99,Madhya Pradesh,NA,NA,NA,NA,NA,1
2115,1,0.78102541,0.17228967,0.036820665,0.009772211,9.21E-05,1,2019,5,State,urban/rural,Agri Land,statesector,0,Madhya Pradesh,NA,NA,NA,NA,NA,0
2116,1,0.700241387,0.223059908,0.056467894,0.01716977,0.003061054,1,2019,5,State,urban/rural,Agri Land,statesector,0,Madhya Pradesh,NA,NA,NA,NA,NA,1
2117,1,0.414698631,0.285659522,0.160113037,0.077659264,0.061869539,1,2019,5,State,urban/rural,Agri Land,statesector,1,Madhya Pradesh,NA,NA,NA,NA,NA,0
2118,1,0.454241484,0.270191044,0.093423679,0.117152601,0.064991198,1,2019,5,State,urban/rural,Agri Land,statesector,1,Madhya Pradesh,NA,NA,NA,NA,NA,1
2202,1,0.545994878,0.306156099,0.109063007,0.031545661,0.007240331,1,2015,4,State,All,All Households,state,99,Madhya Pradesh,NA,NA,NA,NA,NA,NA
2255,1,0.57981509,0.301203012,0.095769316,0.020975927,0.002236631,1,2015,4,State,urban/rural,All Households,statesector,0,Madhya Pradesh,NA,NA,NA,NA,NA,NA
2256,1,0.244494274,0.350311816,0.227573738,0.125772819,0.051847357,1,2015,4,State,urban/rural,All Households,statesector,1,Madhya Pradesh,NA,NA,NA,NA,NA,NA
2383,1,0.58160913,0.301170975,0.090948358,0.022174729,0.004096802,1,2015,4,State,All,Age,state,99,Madhya Pradesh,15 to 29,NA,NA,NA,NA,NA
2384,1,0.574024439,0.299504846,0.093448818,0.02754258,0.005479304,1,2015,4,State,All,Age,state,99,Madhya Pradesh,30 to 45,NA,NA,NA,NA,NA
2385,1,0.495978296,0.325067967,0.130099103,0.037508283,0.011346337,1,2015,4,State,All,Age,state,99,Madhya Pradesh,46 to 64,NA,NA,NA,NA,NA
2386,1,0.545177996,0.281026214,0.127805039,0.04046955,0.005521228,1,2015,4,State,All,Age,state,99,Madhya Pradesh,65+,NA,NA,NA,NA,NA
2387,1,1,0,0,0,0,1,2015,4,State,All,Age,state,99,Madhya Pradesh,NA,NA,NA,NA,NA,NA
2606,1,0.613603055,0.294889003,0.078680873,0.011881673,0.000945425,1,2015,4,State,urban/rural,Age,statesector,0,Madhya Pradesh,15 to 29,NA,NA,NA,NA,NA
2607,1,0.616074264,0.290719151,0.077959068,0.013185245,0.002062284,1,2015,4,State,urban/rural,Age,statesector,0,Madhya Pradesh,30 to 45,NA,NA,NA,NA,NA
2608,1,0.524146438,0.324366719,0.117878161,0.03060784,0.003000848,1,2015,4,State,urban/rural,Age,statesector,0,Madhya Pradesh,46 to 64,NA,NA,NA,NA,NA
2609,1,0.568659306,0.279409379,0.117257774,0.032466687,0.00220688,1,2015,4,State,urban/rural,Age,statesector,0,Madhya Pradesh,65+,NA,NA,NA,NA,NA
2610,1,1,0,0,0,0,1,2015,4,State,urban/rural,Age,statesector,0,Madhya Pradesh,NA,NA,NA,NA,NA,NA
2611,1,0.262236774,0.363879621,0.213405922,0.124922946,0.035554741,1,2015,4,State,urban/rural,Age,statesector,1,Madhya Pradesh,15 to 29,NA,NA,NA,NA,NA
2612,1,0.236344412,0.370058089,0.217839003,0.142838866,0.032919616,1,2015,4,State,urban/rural,Age,statesector,1,Madhya Pradesh,30 to 45,NA,NA,NA,NA,NA
2613,1,0.23693791,0.331516862,0.242485642,0.100966275,0.088093296,1,2015,4,State,urban/rural,Age,statesector,1,Madhya Pradesh,46 to 64,NA,NA,NA,NA,NA
2614,1,0.288200557,0.298720777,0.243233338,0.12805216,0.041793149,1,2015,4,State,urban/rural,Age,statesector,1,Madhya Pradesh,65+,NA,NA,NA,NA,NA
2615,1,NA,NA,NA,NA,NA,0,2015,4,State,urban/rural,Age,statesector,1,Madhya Pradesh,NA,NA,NA,NA,NA,NA
2855,1,0.652776062,0.257348955,0.068383366,0.019396506,0.002095151,1,2015,4,State,All,Education,state,99,Madhya Pradesh,NA,No education / Preschool,NA,NA,NA,NA
2856,1,0.51441443,0.316967666,0.124501832,0.036089774,0.00802633,1,2015,4,State,All,Education,state,99,Madhya Pradesh,NA,Primary,NA,NA,NA,NA
2857,1,0.404847533,0.376585513,0.158513084,0.047303677,0.012750199,1,2015,4,State,All,Education,state,99,Madhya Pradesh,NA,Secondary,NA,NA,NA,NA
2858,1,0.170015931,0.428864837,0.279928237,0.064011358,0.057179619,1,2015,4,State,All,Education,state,99,Madhya Pradesh,NA,Higher,NA,NA,NA,NA
2859,1,0.468013257,0.376765639,0.100287363,0.035193428,0.019740311,1,2015,4,State,All,Education,state,99,Madhya Pradesh,NA,NA,NA,NA,NA,NA
3088,1,0.691641867,0.246333793,0.051647935,0.009904289,0.000472124,1,2015,4,State,urban/rural,Education,statesector,0,Madhya Pradesh,NA,No education / Preschool,NA,NA,NA,NA
3089,1,0.548949242,0.315317065,0.108928621,0.024458952,0.002346129,1,2015,4,State,urban/rural,Education,statesector,0,Madhya Pradesh,NA,Primary,NA,NA,NA,NA
3090,1,0.430116832,0.378344178,0.152928978,0.034776714,0.003833296,1,2015,4,State,urban/rural,Education,statesector,0,Madhya Pradesh,NA,Secondary,NA,NA,NA,NA
3091,1,0.181800634,0.441447794,0.288715273,0.067719638,0.020316653,1,2015,4,State,urban/rural,Education,statesector,0,Madhya Pradesh,NA,Higher,NA,NA,NA,NA
3092,1,0.479570955,0.372927666,0.090851374,0.035494175,0.021155817,1,2015,4,State,urban/rural,Education,statesector,0,Madhya Pradesh,NA,NA,NA,NA,NA,NA
3093,1,0.296152592,0.358421296,0.221943647,0.106494814,0.016987653,1,2015,4,State,urban/rural,Education,statesector,1,Madhya Pradesh,NA,No education / Preschool,NA,NA,NA,NA
3094,1,0.233793244,0.330380023,0.251045734,0.130598828,0.054182176,1,2015,4,State,urban/rural,Education,statesector,1,Madhya Pradesh,NA,Primary,NA,NA,NA,NA
3095,1,0.169521272,0.360207409,0.210516438,0.163963944,0.095790938,1,2015,4,State,urban/rural,Education,statesector,1,Madhya Pradesh,NA,Secondary,NA,NA,NA,NA
3096,1,0.066109158,0.317919821,0.202452093,0.031315111,0.382203817,1,2015,4,State,urban/rural,Education,statesector,1,Madhya Pradesh,NA,Higher,NA,NA,NA,NA
3097,1,0.306832373,0.43028897,0.231879413,0.030999269,0,1,2015,4,State,urban/rural,Education,statesector,1,Madhya Pradesh,NA,NA,NA,NA,NA,NA
3299,1,0.542513669,0.307625145,0.11134278,0.031596739,0.006921655,1,2015,4,State,All,Gender,state,99,Madhya Pradesh,NA,NA,1,NA,NA,NA
3300,1,0.593989015,0.285902947,0.077632822,0.030841462,0.011633758,1,2015,4,State,All,Gender,state,99,Madhya Pradesh,NA,NA,2,NA,NA,NA
3301,1,NA,NA,NA,NA,NA,0,2015,4,State,All,Gender,state,99,Madhya Pradesh,NA,NA,NA,NA,NA,NA
3422,1,0.574243009,0.30338341,0.098409422,0.021617416,0.002346741,1,2015,4,State,urban/rural,Gender,statesector,0,Madhya Pradesh,NA,NA,1,NA,NA,NA
3423,1,0.663539588,0.26844123,0.056099918,0.011337128,0.000582155,1,2015,4,State,urban/rural,Gender,statesector,0,Madhya Pradesh,NA,NA,2,NA,NA,NA
3424,1,NA,NA,NA,NA,NA,0,2015,4,State,urban/rural,Gender,statesector,0,Madhya Pradesh,NA,NA,NA,NA,NA,NA
3425,1,0.243095785,0.347652853,0.233390048,0.125767902,0.05009342,1,2015,4,State,urban/rural,Gender,statesector,1,Madhya Pradesh,NA,NA,1,NA,NA,NA
3426,1,0.255336821,0.370926768,0.182479754,0.125810996,0.065445669,1,2015,4,State,urban/rural,Gender,statesector,1,Madhya Pradesh,NA,NA,2,NA,NA,NA
3427,1,NA,NA,NA,NA,NA,0,2015,4,State,urban/rural,Gender,statesector,1,Madhya Pradesh,NA,NA,NA,NA,NA,NA
3598,1,0.840867221,0.127145931,0.029552579,0.002434242,0,1,2015,4,State,All,HH Size,state,99,Madhya Pradesh,NA,NA,NA,1,NA,NA
3599,1,0.684887588,0.249091372,0.054392181,0.009637794,0.001991075,1,2015,4,State,All,HH Size,state,99,Madhya Pradesh,NA,NA,NA,2 to 3,NA,NA
3600,1,0.563974977,0.311182767,0.095375843,0.025761748,0.003704655,1,2015,4,State,All,HH Size,state,99,Madhya Pradesh,NA,NA,NA,4 to 6,NA,NA
3601,1,0.47661373,0.32067439,0.143655106,0.045705594,0.013351157,1,2015,4,State,All,HH Size,state,99,Madhya Pradesh,NA,NA,NA,7+,NA,NA
3602,1,NA,NA,NA,NA,NA,0,2015,4,State,All,HH Size,state,99,Madhya Pradesh,NA,NA,NA,NA,NA,NA
3822,1,0.867907286,0.111020818,0.019513417,0.001558491,0,1,2015,4,State,urban/rural,HH Size,statesector,0,Madhya Pradesh,NA,NA,NA,1,NA,NA
3823,1,0.709810972,0.239611715,0.045403287,0.004844402,0.00032963,1,2015,4,State,urban/rural,HH Size,statesector,0,Madhya Pradesh,NA,NA,NA,2 to 3,NA,NA
3824,1,0.599720478,0.30233717,0.0828069,0.014404768,0.000730688,1,2015,4,State,urban/rural,HH Size,statesector,0,Madhya Pradesh,NA,NA,NA,4 to 6,NA,NA
3825,1,0.511314929,0.321868539,0.127933055,0.034174379,0.004709081,1,2015,4,State,urban/rural,HH Size,statesector,0,Madhya Pradesh,NA,NA,NA,7+,NA,NA
3826,1,NA,NA,NA,NA,NA,0,2015,4,State,urban/rural,HH Size,statesector,0,Madhya Pradesh,NA,NA,NA,NA,NA,NA
3827,1,0.689453065,0.21744062,0.085768186,0.007338123,0,1,2015,4,State,urban/rural,HH Size,statesector,1,Madhya Pradesh,NA,NA,NA,1,NA,NA
3828,1,0.45560351,0.336299956,0.137086034,0.053734876,0.017275631,1,2015,4,State,urban/rural,HH Size,statesector,1,Madhya Pradesh,NA,NA,NA,2 to 3,NA,NA
3829,1,0.252467364,0.38826862,0.204909131,0.124733284,0.029621588,1,2015,4,State,urban/rural,HH Size,statesector,1,Madhya Pradesh,NA,NA,NA,4 to 6,NA,NA
3830,1,0.155612946,0.309628069,0.289090753,0.152374208,0.093294002,1,2015,4,State,urban/rural,HH Size,statesector,1,Madhya Pradesh,NA,NA,NA,7+,NA,NA
3831,1,NA,NA,NA,NA,NA,0,2015,4,State,urban/rural,HH Size,statesector,1,Madhya Pradesh,NA,NA,NA,NA,NA,NA
4025,1,0.545749426,0.316619784,0.098276936,0.034328014,0.00502583,1,2015,4,State,All,Owns House,state,99,Madhya Pradesh,NA,NA,NA,NA,0,NA
4026,1,0.546038806,0.304283857,0.110992931,0.031047823,0.007636564,1,2015,4,State,All,Owns House,state,99,Madhya Pradesh,NA,NA,NA,NA,1,NA
4027,1,NA,NA,NA,NA,NA,0,2015,4,State,All,Owns House,state,99,Madhya Pradesh,NA,NA,NA,NA,NA,NA
4149,1,0.599779308,0.312565774,0.071366258,0.016020328,0.000268294,1,2015,4,State,urban/rural,Owns House,statesector,0,Madhya Pradesh,NA,NA,NA,NA,0,NA
4150,1,0.576563478,0.299352318,0.099743918,0.021783061,0.00255722,1,2015,4,State,urban/rural,Owns House,statesector,0,Madhya Pradesh,NA,NA,NA,NA,1,NA
4151,1,NA,NA,NA,NA,NA,0,2015,4,State,urban/rural,Owns House,statesector,0,Madhya Pradesh,NA,NA,NA,NA,NA,NA
4152,1,0.282391608,0.336380243,0.229447559,0.123565115,0.028215475,1,2015,4,State,urban/rural,Owns House,statesector,1,Madhya Pradesh,NA,NA,NA,NA,0,NA
4153,1,0.231443137,0.355109602,0.226928428,0.126533106,0.059985738,1,2015,4,State,urban/rural,Owns House,statesector,1,Madhya Pradesh,NA,NA,NA,NA,1,NA
4154,1,NA,NA,NA,NA,NA,0,2015,4,State,urban/rural,Owns House,statesector,1,Madhya Pradesh,NA,NA,NA,NA,NA,NA
4284,1,0.580698371,0.281063259,0.0928666,0.033814959,0.011556819,1,2015,4,State,All,Agri Land,state,99,Madhya Pradesh,NA,NA,NA,NA,NA,0
4285,1,0.520614028,0.324508101,0.120908484,0.029885979,0.004083405,1,2015,4,State,All,Agri Land,state,99,Madhya Pradesh,NA,NA,NA,NA,NA,1
4286,1,NA,NA,NA,NA,NA,0,2015,4,State,All,Agri Land,state,99,Madhya Pradesh,NA,NA,NA,NA,NA,NA
4408,1,0.667565286,0.26453808,0.057275791,0.009385686,0.001235123,1,2015,4,State,urban/rural,Agri Land,statesector,0,Madhya Pradesh,NA,NA,NA,NA,NA,0
4409,1,0.527496278,0.323063552,0.118720099,0.027886312,0.002833755,1,2015,4,State,urban/rural,Agri Land,statesector,0,Madhya Pradesh,NA,NA,NA,NA,NA,1
4410,1,NA,NA,NA,NA,NA,0,2015,4,State,urban/rural,Agri Land,statesector,0,Madhya Pradesh,NA,NA,NA,NA,NA,NA
4411,1,0.243706554,0.345171064,0.230937645,0.12858592,0.051598821,1,2015,4,State,urban/rural,Agri Land,statesector,1,Madhya Pradesh,NA,NA,NA,NA,NA,0
4412,1,0.249267519,0.381462336,0.207189977,0.108726807,0.053353377,1,2015,4,State,urban/rural,Agri Land,statesector,1,Madhya Pradesh,NA,NA,NA,NA,NA,1
4413,1,NA,NA,NA,NA,NA,0,2015,4,State,urban/rural,Agri Land,statesector,1,Madhya Pradesh,NA,NA,NA,NA,NA,NA
24,1,0.540097654,0.307576895,0.082382165,0.053421844,0.016521439,1,2019,5,State,All,All Households,state,99,Maharashtra,NA,NA,NA,NA,NA,NA
80,1,0.597810209,0.302140594,0.062678367,0.034302916,0.003067939,1,2019,5,State,urban/rural,All Households,statesector,0,Maharashtra,NA,NA,NA,NA,NA,NA
81,1,0.241984144,0.335658133,0.184161916,0.152180463,0.086015344,1,2019,5,State,urban/rural,All Households,statesector,1,Maharashtra,NA,NA,NA,NA,NA,NA
215,1,0.640619397,0.241452307,0.094762646,0.023165677,0,1,2019,5,State,All,Age,state,99,Maharashtra,15 to 29,NA,NA,NA,NA,NA
216,1,0.518389881,0.329691023,0.069560878,0.05274532,0.029612893,1,2019,5,State,All,Age,state,99,Maharashtra,30 to 45,NA,NA,NA,NA,NA
217,1,0.509815037,0.327399045,0.09494672,0.05823211,0.009607106,1,2019,5,State,All,Age,state,99,Maharashtra,46 to 64,NA,NA,NA,NA,NA
218,1,0.593490362,0.258853704,0.081715651,0.056584261,0.009356038,1,2019,5,State,All,Age,state,99,Maharashtra,65+,NA,NA,NA,NA,NA
219,1,1,0,0,0,0,1,2019,5,State,All,Age,state,99,Maharashtra,NA,NA,NA,NA,NA,NA
447,1,0.661279798,0.248617902,0.072235838,0.017866459,0,1,2019,5,State,urban/rural,Age,statesector,0,Maharashtra,15 to 29,NA,NA,NA,NA,NA
448,1,0.599287391,0.327904612,0.042706858,0.028735597,0.001365559,1,2019,5,State,urban/rural,Age,statesector,0,Maharashtra,30 to 45,NA,NA,NA,NA,NA
449,1,0.568504393,0.311705321,0.079477645,0.037407976,0.002904657,1,2019,5,State,urban/rural,Age,statesector,0,Maharashtra,46 to 64,NA,NA,NA,NA,NA
450,1,0.618713737,0.264426559,0.066364966,0.043564595,0.006930114,1,2019,5,State,urban/rural,Age,statesector,0,Maharashtra,65+,NA,NA,NA,NA,NA
451,1,1,0,0,0,0,1,2019,5,State,urban/rural,Age,statesector,0,Maharashtra,NA,NA,NA,NA,NA,NA
452,1,0.483088613,0.186816365,0.266524076,0.063570924,0,1,2019,5,State,urban/rural,Age,statesector,1,Maharashtra,15 to 29,NA,NA,NA,NA,NA
453,1,0.207752526,0.336550683,0.172677323,0.144939974,0.138079494,1,2019,5,State,urban/rural,Age,statesector,1,Maharashtra,30 to 45,NA,NA,NA,NA,NA
454,1,0.1856305,0.414086908,0.180393815,0.173259124,0.046629664,1,2019,5,State,urban/rural,Age,statesector,1,Maharashtra,46 to 64,NA,NA,NA,NA,NA
455,1,0.394377142,0.214861587,0.202893719,0.159361318,0.028506245,1,2019,5,State,urban/rural,Age,statesector,1,Maharashtra,65+,NA,NA,NA,NA,NA
687,1,0.647452533,0.267973721,0.053560432,0.026931854,0.004081476,1,2019,5,State,All,Education,state,99,Maharashtra,NA,No education / Preschool,NA,NA,NA,NA
688,1,0.541604996,0.306664288,0.10803543,0.042779583,0.000915701,1,2019,5,State,All,Education,state,99,Maharashtra,NA,Primary,NA,NA,NA,NA
689,1,0.357404351,0.373023063,0.10455592,0.114132904,0.050883785,1,2019,5,State,All,Education,state,99,Maharashtra,NA,Secondary,NA,NA,NA,NA
690,1,0.417232186,0.392251104,0.082211554,0.016144384,0.092160776,1,2019,5,State,All,Education,state,99,Maharashtra,NA,Higher,NA,NA,NA,NA
691,1,1,0,0,0,0,1,2019,5,State,All,Education,state,99,Maharashtra,NA,NA,NA,NA,NA,NA
919,1,0.698893785,0.241050839,0.043844715,0.01621067,0,1,2019,5,State,urban/rural,Education,statesector,0,Maharashtra,NA,No education / Preschool,NA,NA,NA,NA
920,1,0.599297345,0.305968583,0.063613303,0.030020311,0.001100458,1,2019,5,State,urban/rural,Education,statesector,0,Maharashtra,NA,Primary,NA,NA,NA,NA
921,1,0.416063309,0.406521857,0.094728261,0.073508248,0.009178335,1,2019,5,State,urban/rural,Education,statesector,0,Maharashtra,NA,Secondary,NA,NA,NA,NA
922,1,0.471663892,0.381148249,0.093131036,0.020953897,0.033102911,1,2019,5,State,urban/rural,Education,statesector,0,Maharashtra,NA,Higher,NA,NA,NA,NA
923,1,1,0,0,0,0,1,2019,5,State,urban/rural,Education,statesector,0,Maharashtra,NA,NA,NA,NA,NA,NA
924,1,0.336919725,0.430497676,0.11221081,0.091651879,0.028719913,1,2019,5,State,urban/rural,Education,statesector,1,Maharashtra,NA,No education / Preschool,NA,NA,NA,NA
925,1,0.255667806,0.310112327,0.328202248,0.106017619,0,1,2019,5,State,urban/rural,Education,statesector,1,Maharashtra,NA,Primary,NA,NA,NA,NA
926,1,0.102365918,0.227376476,0.147284746,0.290761441,0.232211411,1,2019,5,State,urban/rural,Education,statesector,1,Maharashtra,NA,Secondary,NA,NA,NA,NA
927,1,0.234517932,0.429520756,0.045557454,0,0.290403843,1,2019,5,State,urban/rural,Education,statesector,1,Maharashtra,NA,Higher,NA,NA,NA,NA
1116,1,0.520690024,0.31752196,0.088360578,0.055620842,0.017806593,1,2019,5,State,All,Gender,state,99,Maharashtra,NA,NA,1,NA,NA,NA
1117,1,0.669329703,0.241354436,0.042572953,0.038779095,0.007963818,1,2019,5,State,All,Gender,state,99,Maharashtra,NA,NA,2,NA,NA,NA
1118,1,NA,NA,NA,NA,NA,0,2019,5,State,All,Gender,state,99,Maharashtra,NA,NA,NA,NA,NA,NA
1245,1,0.577307224,0.313692421,0.068062633,0.037412088,0.003525632,1,2019,5,State,urban/rural,Gender,statesector,0,Maharashtra,NA,NA,1,NA,NA,NA
1246,1,0.735242367,0.224708259,0.026587388,0.013461978,0,1,2019,5,State,urban/rural,Gender,statesector,0,Maharashtra,NA,NA,2,NA,NA,NA
1247,1,NA,NA,NA,NA,NA,0,2019,5,State,urban/rural,Gender,statesector,0,Maharashtra,NA,NA,NA,NA,NA,NA
1248,1,0.226673082,0.337409139,0.193769127,0.150180086,0.091968559,1,2019,5,State,urban/rural,Gender,statesector,1,Maharashtra,NA,NA,1,NA,NA,NA
1249,1,0.340561032,0.32438463,0.122308046,0.165059417,0.047686886,1,2019,5,State,urban/rural,Gender,statesector,1,Maharashtra,NA,NA,2,NA,NA,NA
1412,1,0.832689881,0.149043009,0.018267099,0,0,1,2019,5,State,All,HH Size,state,99,Maharashtra,NA,NA,NA,1,NA,NA
1413,1,0.690704823,0.248621032,0.04053295,0.018050157,0.002091029,1,2019,5,State,All,HH Size,state,99,Maharashtra,NA,NA,NA,2 to 3,NA,NA
1414,1,0.529134929,0.3431409,0.079084203,0.040527161,0.008112796,1,2019,5,State,All,HH Size,state,99,Maharashtra,NA,NA,NA,4 to 6,NA,NA
1415,1,0.434199125,0.305145621,0.119646102,0.100835562,0.040173572,1,2019,5,State,All,HH Size,state,99,Maharashtra,NA,NA,NA,7+,NA,NA
1622,1,0.840317428,0.151230842,0.008451755,0,0,1,2019,5,State,urban/rural,HH Size,statesector,0,Maharashtra,NA,NA,NA,1,NA,NA
1623,1,0.72405237,0.246895939,0.025775881,0.003275825,0,1,2019,5,State,urban/rural,HH Size,statesector,0,Maharashtra,NA,NA,NA,2 to 3,NA,NA
1624,1,0.597186804,0.320265949,0.055554837,0.025346337,0.001646042,1,2019,5,State,urban/rural,HH Size,statesector,0,Maharashtra,NA,NA,NA,4 to 6,NA,NA
1625,1,0.490691215,0.325944185,0.103663288,0.072065055,0.007636251,1,2019,5,State,urban/rural,HH Size,statesector,0,Maharashtra,NA,NA,NA,7+,NA,NA
1626,1,0.778779924,0.133579776,0.087640293,0,0,1,2019,5,State,urban/rural,HH Size,statesector,1,Maharashtra,NA,NA,NA,1,NA,NA
1627,1,0.503418922,0.258309454,0.12341141,0.101025559,0.013834639,1,2019,5,State,urban/rural,HH Size,statesector,1,Maharashtra,NA,NA,NA,2 to 3,NA,NA
1628,1,0.159845367,0.467273802,0.206768379,0.122907244,0.043205202,1,2019,5,State,urban/rural,HH Size,statesector,1,Maharashtra,NA,NA,NA,4 to 6,NA,NA
1629,1,0.183405012,0.212811291,0.19060111,0.228560984,0.184621587,1,2019,5,State,urban/rural,HH Size,statesector,1,Maharashtra,NA,NA,NA,7+,NA,NA
1794,1,0.538527429,0.309099168,0.080708407,0.059902981,0.011762014,1,2019,5,State,All,Owns House,state,99,Maharashtra,NA,NA,NA,NA,0,NA
1795,1,0.540495098,0.307191581,0.08280585,0.051781267,0.017726198,1,2019,5,State,All,Owns House,state,99,Maharashtra,NA,NA,NA,NA,1,NA
1903,1,0.646070719,0.269607306,0.053802162,0.027495382,0.003024429,1,2019,5,State,urban/rural,Owns House,statesector,0,Maharashtra,NA,NA,NA,NA,0,NA
1904,1,0.588428795,0.308464766,0.064403825,0.035626236,0.003076397,1,2019,5,State,urban/rural,Owns House,statesector,0,Maharashtra,NA,NA,NA,NA,1,NA
1905,1,0.315136492,0.391132414,0.136598557,0.127220646,0.029911889,1,2019,5,State,urban/rural,Owns House,statesector,1,Maharashtra,NA,NA,NA,NA,0,NA
1906,1,0.192248464,0.297941625,0.216499865,0.169150427,0.124159619,1,2019,5,State,urban/rural,Owns House,statesector,1,Maharashtra,NA,NA,NA,NA,1,NA
2012,1,0.542670369,0.301988095,0.087841801,0.057108339,0.010391377,1,2019,5,State,All,Agri Land,state,99,Maharashtra,NA,NA,NA,NA,NA,0
2013,1,0.536532819,0.315320909,0.074817151,0.048313737,0.025015416,1,2019,5,State,All,Agri Land,state,99,Maharashtra,NA,NA,NA,NA,NA,1
2119,1,0.641923785,0.281606704,0.053527303,0.022000203,0.000941993,1,2019,5,State,urban/rural,Agri Land,statesector,0,Maharashtra,NA,NA,NA,NA,NA,0
2120,1,0.549530268,0.32461381,0.072693698,0.047767546,0.005394668,1,2019,5,State,urban/rural,Agri Land,statesector,0,Maharashtra,NA,NA,NA,NA,NA,1
2121,1,0.23887074,0.364372492,0.192873254,0.16456899,0.039314501,1,2019,5,State,urban/rural,Agri Land,statesector,1,Maharashtra,NA,NA,NA,NA,NA,0
2122,1,0.265221983,0.121339925,0.119142324,0.059714992,0.434580773,1,2019,5,State,urban/rural,Agri Land,statesector,1,Maharashtra,NA,NA,NA,NA,NA,1
2203,1,0.368526995,0.390720606,0.169980198,0.053179618,0.017592568,1,2015,4,State,All,All Households,state,99,Maharashtra,NA,NA,NA,NA,NA,NA
2257,1,0.405494511,0.401477069,0.150097594,0.036549207,0.006381646,1,2015,4,State,urban/rural,All Households,statesector,0,Maharashtra,NA,NA,NA,NA,NA,NA
2258,1,0.155442178,0.328719258,0.284585774,0.149039209,0.082213588,1,2015,4,State,urban/rural,All Households,statesector,1,Maharashtra,NA,NA,NA,NA,NA,NA
2388,1,0.33984682,0.4756051,0.155896813,0.027931934,0.000719316,1,2015,4,State,All,Age,state,99,Maharashtra,15 to 29,NA,NA,NA,NA,NA
2389,1,0.384672761,0.403455764,0.158656657,0.036993388,0.016221426,1,2015,4,State,All,Age,state,99,Maharashtra,30 to 45,NA,NA,NA,NA,NA
2390,1,0.351458818,0.380980313,0.176339537,0.075407237,0.015814114,1,2015,4,State,All,Age,state,99,Maharashtra,46 to 64,NA,NA,NA,NA,NA
2391,1,0.381424934,0.356312901,0.181772962,0.052136213,0.028352996,1,2015,4,State,All,Age,state,99,Maharashtra,65+,NA,NA,NA,NA,NA
2392,1,NA,NA,NA,NA,NA,0,2015,4,State,All,Age,state,99,Maharashtra,NA,NA,NA,NA,NA,NA
2616,1,0.398287892,0.457709283,0.126972824,0.017030008,0,1,2015,4,State,urban/rural,Age,statesector,0,Maharashtra,15 to 29,NA,NA,NA,NA,NA
2617,1,0.430759817,0.424152195,0.120580852,0.020524908,0.003982232,1,2015,4,State,urban/rural,Age,statesector,0,Maharashtra,30 to 45,NA,NA,NA,NA,NA
2618,1,0.390055835,0.386292815,0.170774207,0.047406383,0.005470771,1,2015,4,State,urban/rural,Age,statesector,0,Maharashtra,46 to 64,NA,NA,NA,NA,NA
2619,1,0.396329433,0.375683874,0.16669631,0.048282322,0.013008057,1,2015,4,State,urban/rural,Age,statesector,0,Maharashtra,65+,NA,NA,NA,NA,NA
2620,1,NA,NA,NA,NA,NA,0,2015,4,State,urban/rural,Age,statesector,0,Maharashtra,NA,NA,NA,NA,NA,NA
2621,1,0.159056067,0.530966878,0.245374814,0.061657663,0.00294456,1,2015,4,State,urban/rural,Age,statesector,1,Maharashtra,15 to 29,NA,NA,NA,NA,NA
2622,1,0.150003389,0.298072249,0.352533758,0.120848767,0.07854183,1,2015,4,State,urban/rural,Age,statesector,1,Maharashtra,30 to 45,NA,NA,NA,NA,NA
2623,1,0.085397683,0.344359457,0.214703128,0.268425763,0.087113976,1,2015,4,State,urban/rural,Age,statesector,1,Maharashtra,46 to 64,NA,NA,NA,NA,NA
2624,1,0.273415387,0.215935901,0.29102999,0.080064468,0.139554262,1,2015,4,State,urban/rural,Age,statesector,1,Maharashtra,65+,NA,NA,NA,NA,NA
2625,1,NA,NA,NA,NA,NA,0,2015,4,State,urban/rural,Age,statesector,1,Maharashtra,NA,NA,NA,NA,NA,NA
2860,1,0.499829292,0.342138618,0.119194306,0.034472,0.004365763,1,2015,4,State,All,Education,state,99,Maharashtra,NA,No education / Preschool,NA,NA,NA,NA
2861,1,0.334998548,0.41841042,0.18615596,0.04904202,0.011393045,1,2015,4,State,All,Education,state,99,Maharashtra,NA,Primary,NA,NA,NA,NA
2862,1,0.221941814,0.436084181,0.22653982,0.084088206,0.031345982,1,2015,4,State,All,Education,state,99,Maharashtra,NA,Secondary,NA,NA,NA,NA
2863,1,0.134607673,0.316941947,0.205573931,0.073077969,0.269798487,1,2015,4,State,All,Education,state,99,Maharashtra,NA,Higher,NA,NA,NA,NA
2864,1,0.165660813,0.834339201,0,0,0,1,2015,4,State,All,Education,state,99,Maharashtra,NA,NA,NA,NA,NA,NA
3098,1,0.546325982,0.343768984,0.089503355,0.018941101,0.001460563,1,2015,4,State,urban/rural,Education,statesector,0,Maharashtra,NA,No education / Preschool,NA,NA,NA,NA
3099,1,0.371080548,0.432948232,0.166706324,0.025335459,0.003929441,1,2015,4,State,urban/rural,Education,statesector,0,Maharashtra,NA,Primary,NA,NA,NA,NA
3100,1,0.246593907,0.450721383,0.215679184,0.071241386,0.015764145,1,2015,4,State,urban/rural,Education,statesector,0,Maharashtra,NA,Secondary,NA,NA,NA,NA
3101,1,0.19341515,0.416995853,0.282043159,0.095018208,0.012527646,1,2015,4,State,urban/rural,Education,statesector,0,Maharashtra,NA,Higher,NA,NA,NA,NA
3102,1,0.165660813,0.834339201,0,0,0,1,2015,4,State,urban/rural,Education,statesector,0,Maharashtra,NA,NA,NA,NA,NA,NA
3103,1,0.243039995,0.333134562,0.283169806,0.120245181,0.020410439,1,2015,4,State,urban/rural,Education,statesector,1,Maharashtra,NA,No education / Preschool,NA,NA,NA,NA
3104,1,0.119661652,0.331649035,0.302231133,0.190522447,0.055935733,1,2015,4,State,urban/rural,Education,statesector,1,Maharashtra,NA,Primary,NA,NA,NA,NA
3105,1,0.066764794,0.343947738,0.294904053,0.164954796,0.12942861,1,2015,4,State,urban/rural,Education,statesector,1,Maharashtra,NA,Secondary,NA,NA,NA,NA
3106,1,0,0.08792305,0.030539326,0.022857742,0.858679891,1,2015,4,State,urban/rural,Education,statesector,1,Maharashtra,NA,Higher,NA,NA,NA,NA
3107,1,NA,NA,NA,NA,NA,0,2015,4,State,urban/rural,Education,statesector,1,Maharashtra,NA,NA,NA,NA,NA,NA
3302,1,0.35959664,0.396660239,0.17300716,0.053841572,0.016894372,1,2015,4,State,All,Gender,state,99,Maharashtra,NA,NA,1,NA,NA,NA
3303,1,0.446246088,0.339029193,0.143637121,0.047418784,0.023668816,1,2015,4,State,All,Gender,state,99,Maharashtra,NA,NA,2,NA,NA,NA
3304,1,NA,NA,NA,NA,NA,0,2015,4,State,All,Gender,state,99,Maharashtra,NA,NA,NA,NA,NA,NA
3428,1,0.393024594,0.408009887,0.154019654,0.039956231,0.004989664,1,2015,4,State,urban/rural,Gender,statesector,0,Maharashtra,NA,NA,1,NA,NA,NA
3429,1,0.523735762,0.339532107,0.112908162,0.004243378,0.01958059,1,2015,4,State,urban/rural,Gender,statesector,0,Maharashtra,NA,NA,2,NA,NA,NA
3430,1,NA,NA,NA,NA,NA,0,2015,4,State,urban/rural,Gender,statesector,0,Maharashtra,NA,NA,NA,NA,NA,NA
3431,1,0.155203134,0.327263534,0.289105386,0.138742819,0.089685127,1,2015,4,State,urban/rural,Gender,statesector,1,Maharashtra,NA,NA,1,NA,NA,NA
3432,1,0.156826735,0.337150812,0.25840798,0.208676368,0.038938105,1,2015,4,State,urban/rural,Gender,statesector,1,Maharashtra,NA,NA,2,NA,NA,NA
3433,1,NA,NA,NA,NA,NA,0,2015,4,State,urban/rural,Gender,statesector,1,Maharashtra,NA,NA,NA,NA,NA,NA
3603,1,0.679227471,0.261435121,0.04702539,0.012312013,0,1,2015,4,State,All,HH Size,state,99,Maharashtra,NA,NA,NA,1,NA,NA
3604,1,0.496538222,0.385937005,0.097317278,0.019362412,0.000845065,1,2015,4,State,All,HH Size,state,99,Maharashtra,NA,NA,NA,2 to 3,NA,NA
3605,1,0.366133183,0.427281231,0.161244348,0.035086475,0.010254756,1,2015,4,State,All,HH Size,state,99,Maharashtra,NA,NA,NA,4 to 6,NA,NA
3606,1,0.311764717,0.351433218,0.212403715,0.090594515,0.033803839,1,2015,4,State,All,HH Size,state,99,Maharashtra,NA,NA,NA,7+,NA,NA
3607,1,NA,NA,NA,NA,NA,0,2015,4,State,All,HH Size,state,99,Maharashtra,NA,NA,NA,NA,NA,NA
3832,1,0.688265562,0.269603163,0.039622311,0.002508987,0,1,2015,4,State,urban/rural,HH Size,statesector,0,Maharashtra,NA,NA,NA,1,NA,NA
3833,1,0.535798907,0.377050281,0.080917142,0.005581673,0.000651958,1,2015,4,State,urban/rural,HH Size,statesector,0,Maharashtra,NA,NA,NA,2 to 3,NA,NA
3834,1,0.406871825,0.430910975,0.143548518,0.016374372,0.002294326,1,2015,4,State,urban/rural,HH Size,statesector,0,Maharashtra,NA,NA,NA,4 to 6,NA,NA
3835,1,0.343206763,0.378750563,0.188413754,0.075556062,0.014072854,1,2015,4,State,urban/rural,HH Size,statesector,0,Maharashtra,NA,NA,NA,7+,NA,NA
3836,1,NA,NA,NA,NA,NA,0,2015,4,State,urban/rural,HH Size,statesector,0,Maharashtra,NA,NA,NA,NA,NA,NA
3837,1,0.618169785,0.206255123,0.097037673,0.078537412,0,1,2015,4,State,urban/rural,HH Size,statesector,1,Maharashtra,NA,NA,NA,1,NA,NA
3838,1,0.225915,0.447192937,0.21036312,0.114352778,0.002176143,1,2015,4,State,urban/rural,HH Size,statesector,1,Maharashtra,NA,NA,NA,2 to 3,NA,NA
3839,1,0.141124934,0.407233506,0.258982211,0.138437435,0.054221913,1,2015,4,State,urban/rural,HH Size,statesector,1,Maharashtra,NA,NA,NA,4 to 6,NA,NA
3840,1,0.131507158,0.194822565,0.349938422,0.176810101,0.146921754,1,2015,4,State,urban/rural,HH Size,statesector,1,Maharashtra,NA,NA,NA,7+,NA,NA
3841,1,NA,NA,NA,NA,NA,0,2015,4,State,urban/rural,HH Size,statesector,1,Maharashtra,NA,NA,NA,NA,NA,NA
4028,1,0.362264544,0.412911326,0.153562292,0.063606039,0.007655781,1,2015,4,State,All,Owns House,state,99,Maharashtra,NA,NA,NA,NA,0,NA
4029,1,0.369640142,0.386776239,0.172898456,0.051326338,0.019358816,1,2015,4,State,All,Owns House,state,99,Maharashtra,NA,NA,NA,NA,1,NA
4030,1,NA,NA,NA,NA,NA,0,2015,4,State,All,Owns House,state,99,Maharashtra,NA,NA,NA,NA,NA,NA
4155,1,0.462577999,0.394332826,0.106810354,0.03627881,0,1,2015,4,State,urban/rural,Owns House,statesector,0,Maharashtra,NA,NA,NA,NA,0,NA
4156,1,0.397851795,0.402433574,0.155893162,0.036585409,0.007236061,1,2015,4,State,urban/rural,Owns House,statesector,0,Maharashtra,NA,NA,NA,NA,1,NA
4157,1,NA,NA,NA,NA,NA,0,2015,4,State,urban/rural,Owns House,statesector,0,Maharashtra,NA,NA,NA,NA,NA,NA
4158,1,0.161601335,0.45007506,0.247083098,0.118270405,0.022970114,1,2015,4,State,urban/rural,Owns House,statesector,1,Maharashtra,NA,NA,NA,NA,0,NA
4159,1,0.152265832,0.26613462,0.303926349,0.164907053,0.112766139,1,2015,4,State,urban/rural,Owns House,statesector,1,Maharashtra,NA,NA,NA,NA,1,NA
4160,1,NA,NA,NA,NA,NA,0,2015,4,State,urban/rural,Owns House,statesector,1,Maharashtra,NA,NA,NA,NA,NA,NA
4287,1,0.409706235,0.385908633,0.140259266,0.044669095,0.019456781,1,2015,4,State,All,Agri Land,state,99,Maharashtra,NA,NA,NA,NA,NA,0
4288,1,0.318649352,0.396549046,0.205979198,0.063487858,0.015334567,1,2015,4,State,All,Agri Land,state,99,Maharashtra,NA,NA,NA,NA,NA,1
4289,1,NA,NA,NA,NA,NA,0,2015,4,State,All,Agri Land,state,99,Maharashtra,NA,NA,NA,NA,NA,NA
4414,1,0.489486158,0.406147271,0.090693027,0.013390333,0.000283195,1,2015,4,State,urban/rural,Agri Land,statesector,0,Maharashtra,NA,NA,NA,NA,NA,0
4415,1,0.32526195,0.39701584,0.206843451,0.058671582,0.012207157,1,2015,4,State,urban/rural,Agri Land,statesector,0,Maharashtra,NA,NA,NA,NA,NA,1
4416,1,NA,NA,NA,NA,NA,0,2015,4,State,urban/rural,Agri Land,statesector,0,Maharashtra,NA,NA,NA,NA,NA,NA
4417,1,0.157001644,0.321802348,0.297261328,0.143745214,0.080189511,1,2015,4,State,urban/rural,Agri Land,statesector,1,Maharashtra,NA,NA,NA,NA,NA,0
4418,1,0.14294602,0.384145319,0.183015153,0.191460744,0.098432772,1,2015,4,State,urban/rural,Agri Land,statesector,1,Maharashtra,NA,NA,NA,NA,NA,1
4419,1,NA,NA,NA,NA,NA,0,2015,4,State,urban/rural,Agri Land,statesector,1,Maharashtra,NA,NA,NA,NA,NA,NA
25,1,0.60885042,0.343383342,0.040093306,0.004935171,0.002737789,1,2019,5,State,All,All Households,state,99,Manipur,NA,NA,NA,NA,NA,NA
82,1,0.639419377,0.326744318,0.030237211,0.00359909,0,1,2019,5,State,urban/rural,All Households,statesector,0,Manipur,NA,NA,NA,NA,NA,NA
83,1,0.462471157,0.423059076,0.08728914,0.011332988,0.015847668,1,2019,5,State,urban/rural,All Households,statesector,1,Manipur,NA,NA,NA,NA,NA,NA
220,1,0.543059647,0.404230595,0.052709788,0,0,1,2019,5,State,All,Age,state,99,Manipur,15 to 29,NA,NA,NA,NA,NA
221,1,0.628856421,0.309782147,0.054715745,0,0.006645716,1,2019,5,State,All,Age,state,99,Manipur,30 to 45,NA,NA,NA,NA,NA
222,1,0.616007328,0.361205786,0.017974926,0.004811974,0,1,2019,5,State,All,Age,state,99,Manipur,46 to 64,NA,NA,NA,NA,NA
223,1,0.587239385,0.351430595,0.038754668,0.022575362,0,1,2019,5,State,All,Age,state,99,Manipur,65+,NA,NA,NA,NA,NA
456,1,0.577434659,0.391321093,0.031244244,0,0,1,2019,5,State,urban/rural,Age,statesector,0,Manipur,15 to 29,NA,NA,NA,NA,NA
457,1,0.653783977,0.311340183,0.034875859,0,0,1,2019,5,State,urban/rural,Age,statesector,0,Manipur,30 to 45,NA,NA,NA,NA,NA
458,1,0.658100069,0.31596148,0.020063203,0.00587526,0,1,2019,5,State,urban/rural,Age,statesector,0,Manipur,46 to 64,NA,NA,NA,NA,NA
459,1,0.606104374,0.343634218,0.038771838,0.011489565,0,1,2019,5,State,urban/rural,Age,statesector,0,Manipur,65+,NA,NA,NA,NA,NA
460,1,0.356549054,0.474274367,0.169176579,0,0,1,2019,5,State,urban/rural,Age,statesector,1,Manipur,15 to 29,NA,NA,NA,NA,NA
461,1,0.505696833,0.302084327,0.152738661,0,0.039480206,1,2019,5,State,urban/rural,Age,statesector,1,Manipur,30 to 45,NA,NA,NA,NA,NA
462,1,0.425513595,0.565962136,0.008524285,0,0,1,2019,5,State,urban/rural,Age,statesector,1,Manipur,46 to 64,NA,NA,NA,NA,NA
463,1,0.501196146,0.386989832,0.038676355,0.073137648,0,1,2019,5,State,urban/rural,Age,statesector,1,Manipur,65+,NA,NA,NA,NA,NA
692,1,0.705878377,0.27273047,0.021391161,0,0,1,2019,5,State,All,Education,state,99,Manipur,NA,No education / Preschool,NA,NA,NA,NA
693,1,0.693994462,0.26121518,0.037899368,0.006890995,0,1,2019,5,State,All,Education,state,99,Manipur,NA,Primary,NA,NA,NA,NA
694,1,0.517787039,0.434297472,0.047915492,0,0,1,2019,5,State,All,Education,state,99,Manipur,NA,Secondary,NA,NA,NA,NA
695,1,0.220188752,0.506604433,0.112523623,0.083708912,0.076974273,1,2019,5,State,All,Education,state,99,Manipur,NA,Higher,NA,NA,NA,NA
928,1,0.722989023,0.254194975,0.022816028,0,0,1,2019,5,State,urban/rural,Education,statesector,0,Manipur,NA,No education / Preschool,NA,NA,NA,NA
929,1,0.729576886,0.250497758,0.019925337,0,0,1,2019,5,State,urban/rural,Education,statesector,0,Manipur,NA,Primary,NA,NA,NA,NA
930,1,0.557457983,0.408982188,0.033559844,0,0,1,2019,5,State,urban/rural,Education,statesector,0,Manipur,NA,Secondary,NA,NA,NA,NA
931,1,0.144557536,0.616602361,0.136955634,0.101884447,0,1,2019,5,State,urban/rural,Education,statesector,0,Manipur,NA,Higher,NA,NA,NA,NA
932,1,0.603434384,0.383705348,0.012860258,0,0,1,2019,5,State,urban/rural,Education,statesector,1,Manipur,NA,No education / Preschool,NA,NA,NA,NA
933,1,0.510262966,0.316555053,0.130709022,0.04247294,0,1,2019,5,State,urban/rural,Education,statesector,1,Manipur,NA,Primary,NA,NA,NA,NA
934,1,0.35874036,0.535790205,0.105469428,0,0,1,2019,5,State,urban/rural,Education,statesector,1,Manipur,NA,Secondary,NA,NA,NA,NA
935,1,0.568514466,0,0,0,0.431485564,1,2019,5,State,urban/rural,Education,statesector,1,Manipur,NA,Higher,NA,NA,NA,NA
1119,1,0.623012364,0.331378013,0.041925214,0.003684389,0,1,2019,5,State,All,Gender,state,99,Manipur,NA,NA,1,NA,NA,NA
1120,1,0.549216866,0.393935531,0.032379478,0.010201992,0.014266121,1,2019,5,State,All,Gender,state,99,Manipur,NA,NA,2,NA,NA,NA
1250,1,0.640630424,0.324114919,0.030984253,0.004270372,0,1,2019,5,State,urban/rural,Gender,statesector,0,Manipur,NA,NA,1,NA,NA,NA
1251,1,0.632926166,0.340841919,0.026231933,0,0,1,2019,5,State,urban/rural,Gender,statesector,0,Manipur,NA,NA,2,NA,NA,NA
1252,1,0.512238264,0.377044886,0.110716812,0,0,1,2019,5,State,urban/rural,Gender,statesector,1,Manipur,NA,NA,1,NA,NA,NA
1253,1,0.373275131,0.505528688,0.045300502,0.031644724,0.044250917,1,2019,5,State,urban/rural,Gender,statesector,1,Manipur,NA,NA,2,NA,NA,NA
1416,1,0.863403141,0.112310767,0.024286097,0,0,1,2019,5,State,All,HH Size,state,99,Manipur,NA,NA,NA,1,NA,NA
1417,1,0.666719735,0.282409698,0.05087059,0,0,1,2019,5,State,All,HH Size,state,99,Manipur,NA,NA,NA,2 to 3,NA,NA
1418,1,0.569814861,0.380719483,0.035414871,0.00903731,0.005013452,1,2019,5,State,All,HH Size,state,99,Manipur,NA,NA,NA,4 to 6,NA,NA
1419,1,0.616288483,0.338789612,0.044921909,0,0,1,2019,5,State,All,HH Size,state,99,Manipur,NA,NA,NA,7+,NA,NA
1630,1,0.89631176,0.103688233,0,0,0,1,2019,5,State,urban/rural,HH Size,statesector,0,Manipur,NA,NA,NA,1,NA,NA
1631,1,0.698277712,0.273478895,0.028243378,0,0,1,2019,5,State,urban/rural,HH Size,statesector,0,Manipur,NA,NA,NA,2 to 3,NA,NA
1632,1,0.613579333,0.357187957,0.022620996,0.006611719,0,1,2019,5,State,urban/rural,HH Size,statesector,0,Manipur,NA,NA,NA,4 to 6,NA,NA
1633,1,0.614506245,0.331690431,0.053803306,0,0,1,2019,5,State,urban/rural,HH Size,statesector,0,Manipur,NA,NA,NA,7+,NA,NA
1634,1,0.678032815,0.160880461,0.161086738,0,0,1,2019,5,State,urban/rural,HH Size,statesector,1,Manipur,NA,NA,NA,1,NA,NA
1635,1,0.521989107,0.323367953,0.154642925,0,0,1,2019,5,State,urban/rural,HH Size,statesector,1,Manipur,NA,NA,NA,2 to 3,NA,NA
1636,1,0.364052862,0.491354823,0.095566288,0.020441424,0.028584596,1,2019,5,State,urban/rural,HH Size,statesector,1,Manipur,NA,NA,NA,4 to 6,NA,NA
1637,1,0.625302851,0.374697119,0,0,0,1,2019,5,State,urban/rural,HH Size,statesector,1,Manipur,NA,NA,NA,7+,NA,NA
1796,1,0.593804479,0.372359991,0.025633145,0.008202394,0,1,2019,5,State,All,Owns House,state,99,Manipur,NA,NA,NA,NA,0,NA
1797,1,0.61356771,0.334298313,0.044626988,0.003910801,0.003596165,1,2019,5,State,All,Owns House,state,99,Manipur,NA,NA,NA,NA,1,NA
1907,1,0.615333378,0.359038472,0.02562814,0,0,1,2019,5,State,urban/rural,Owns House,statesector,0,Manipur,NA,NA,NA,NA,0,NA
1908,1,0.646389902,0.31739831,0.031571086,0.004640676,0,1,2019,5,State,urban/rural,Owns House,statesector,0,Manipur,NA,NA,NA,NA,1,NA
1909,1,0.518411696,0.419010997,0.025650674,0.036926642,0,1,2019,5,State,urban/rural,Owns House,statesector,1,Manipur,NA,NA,NA,NA,0,NA
1910,1,0.437700421,0.424851567,0.114582933,0,0.022865089,1,2019,5,State,urban/rural,Owns House,statesector,1,Manipur,NA,NA,NA,NA,1,NA
2014,1,0.610602081,0.343706697,0.041345753,0.004345434,0,1,2019,5,State,All,Agri Land,state,99,Manipur,NA,NA,NA,NA,NA,0
2015,1,0.602872431,0.342279762,0.035819139,0.006947739,0.012080901,1,2019,5,State,All,Agri Land,state,99,Manipur,NA,NA,NA,NA,NA,1
2123,1,0.642013013,0.321037531,0.034704581,0.002244859,0,1,2019,5,State,urban/rural,Agri Land,statesector,0,Manipur,NA,NA,NA,NA,NA,0
2124,1,0.631409168,0.344369024,0.016440349,0.007781445,0,1,2019,5,State,urban/rural,Agri Land,statesector,0,Manipur,NA,NA,NA,NA,NA,1
2125,1,0.478400767,0.439116061,0.069296911,0.013186266,0,1,2019,5,State,urban/rural,Agri Land,statesector,1,Manipur,NA,NA,NA,NA,NA,0
2126,1,0.365059853,0.324868828,0.197313473,0,0.112757832,1,2019,5,State,urban/rural,Agri Land,statesector,1,Manipur,NA,NA,NA,NA,NA,1
2204,1,0.254406542,0.474000484,0.214276046,0.051407013,0.005909927,1,2015,4,State,All,All Households,state,99,Manipur,NA,NA,NA,NA,NA,NA
2259,1,0.269951403,0.509477973,0.175589696,0.041015744,0.003965179,1,2015,4,State,urban/rural,All Households,statesector,0,Manipur,NA,NA,NA,NA,NA,NA
2260,1,0.207742557,0.367500812,0.330408275,0.082600482,0.011747853,1,2015,4,State,urban/rural,All Households,statesector,1,Manipur,NA,NA,NA,NA,NA,NA
2393,1,0.311080337,0.493376553,0.15870297,0.036840145,0,1,2015,4,State,All,Age,state,99,Manipur,15 to 29,NA,NA,NA,NA,NA
2394,1,0.290959239,0.466928035,0.211111039,0.031001695,0,1,2015,4,State,All,Age,state,99,Manipur,30 to 45,NA,NA,NA,NA,NA
2395,1,0.235450834,0.477596611,0.212976307,0.063423343,0.010552902,1,2015,4,State,All,Age,state,99,Manipur,46 to 64,NA,NA,NA,NA,NA
2396,1,0.172030047,0.472883523,0.254466385,0.086269736,0.014350317,1,2015,4,State,All,Age,state,99,Manipur,65+,NA,NA,NA,NA,NA
2397,1,0,1,0,0,0,1,2015,4,State,All,Age,state,99,Manipur,NA,NA,NA,NA,NA,NA
2626,1,0.295629472,0.538289189,0.135759085,0.030322241,0,1,2015,4,State,urban/rural,Age,statesector,0,Manipur,15 to 29,NA,NA,NA,NA,NA
2627,1,0.307909787,0.484463751,0.183316797,0.024309674,0,1,2015,4,State,urban/rural,Age,statesector,0,Manipur,30 to 45,NA,NA,NA,NA,NA
2628,1,0.251808882,0.523087084,0.166917682,0.052484658,0.005701685,1,2015,4,State,urban/rural,Age,statesector,0,Manipur,46 to 64,NA,NA,NA,NA,NA
2629,1,0.188048959,0.53129971,0.197313607,0.06953831,0.013799389,1,2015,4,State,urban/rural,Age,statesector,0,Manipur,65+,NA,NA,NA,NA,NA
2630,1,0,1,0,0,0,1,2015,4,State,urban/rural,Age,statesector,0,Manipur,NA,NA,NA,NA,NA,NA
2631,1,0.369870305,0.322485507,0.246003643,0.061640538,0,1,2015,4,State,urban/rural,Age,statesector,1,Manipur,15 to 29,NA,NA,NA,NA,NA
2632,1,0.233679354,0.407670587,0.305034429,0.053615633,0,1,2015,4,State,urban/rural,Age,statesector,1,Manipur,30 to 45,NA,NA,NA,NA,NA
2633,1,0.188735604,0.34768495,0.344510436,0.094662011,0.024406996,1,2015,4,State,urban/rural,Age,statesector,1,Manipur,46 to 64,NA,NA,NA,NA,NA
2634,1,0.135996044,0.341478199,0.38302964,0.123906516,0.015589613,1,2015,4,State,urban/rural,Age,statesector,1,Manipur,65+,NA,NA,NA,NA,NA
2635,1,NA,NA,NA,NA,NA,0,2015,4,State,urban/rural,Age,statesector,1,Manipur,NA,NA,NA,NA,NA,NA
2865,1,0.374530852,0.464483172,0.143746451,0.017239517,0,1,2015,4,State,All,Education,state,99,Manipur,NA,No education / Preschool,NA,NA,NA,NA
2866,1,0.329327047,0.527076662,0.116167001,0.020859009,0.006570307,1,2015,4,State,All,Education,state,99,Manipur,NA,Primary,NA,NA,NA,NA
2867,1,0.17430526,0.475898981,0.274843305,0.068427794,0.006524647,1,2015,4,State,All,Education,state,99,Manipur,NA,Secondary,NA,NA,NA,NA
2868,1,0.066641539,0.320094377,0.422326416,0.168295875,0.022641793,1,2015,4,State,All,Education,state,99,Manipur,NA,Higher,NA,NA,NA,NA
2869,1,0.25952071,0.306736648,0.250854641,0.182888001,0,1,2015,4,State,All,Education,state,99,Manipur,NA,NA,NA,NA,NA,NA
3108,1,0.395430535,0.480266064,0.102939002,0.021364383,0,1,2015,4,State,urban/rural,Education,statesector,0,Manipur,NA,No education / Preschool,NA,NA,NA,NA
3109,1,0.331226259,0.533479869,0.109675616,0.017583933,0.008034337,1,2015,4,State,urban/rural,Education,statesector,0,Manipur,NA,Primary,NA,NA,NA,NA
3110,1,0.185576871,0.523914874,0.224257454,0.061810657,0.004440126,1,2015,4,State,urban/rural,Education,statesector,0,Manipur,NA,Secondary,NA,NA,NA,NA
3111,1,0.043438874,0.396929979,0.475932181,0.083698951,0,1,2015,4,State,urban/rural,Education,statesector,0,Manipur,NA,Higher,NA,NA,NA,NA
3112,1,0,1,0,0,0,1,2015,4,State,urban/rural,Education,statesector,0,Manipur,NA,NA,NA,NA,NA,NA
3113,1,0.303509772,0.410849959,0.282417804,0.003222449,0,1,2015,4,State,urban/rural,Education,statesector,1,Manipur,NA,No education / Preschool,NA,NA,NA,NA
3114,1,0.320803612,0.498340249,0.145299166,0.035556957,0,1,2015,4,State,urban/rural,Education,statesector,1,Manipur,NA,Primary,NA,NA,NA,NA
3115,1,0.143335,0.343968928,0.413834691,0.086609244,0.012252146,1,2015,4,State,urban/rural,Education,statesector,1,Manipur,NA,Secondary,NA,NA,NA,NA
3116,1,0.096883014,0.219949707,0.352458686,0.278556317,0.052152254,1,2015,4,State,urban/rural,Education,statesector,1,Manipur,NA,Higher,NA,NA,NA,NA
3117,1,0.374346495,0,0.361846119,0.263807386,0,1,2015,4,State,urban/rural,Education,statesector,1,Manipur,NA,NA,NA,NA,NA,NA
3305,1,0.253097504,0.476214468,0.213155329,0.051246464,0.006286236,1,2015,4,State,All,Gender,state,99,Manipur,NA,NA,1,NA,NA,NA
3306,1,0.262634188,0.460084975,0.221320003,0.052416094,0.003544744,1,2015,4,State,All,Gender,state,99,Manipur,NA,NA,2,NA,NA,NA
3307,1,NA,NA,NA,NA,NA,0,2015,4,State,All,Gender,state,99,Manipur,NA,NA,NA,NA,NA,NA
3434,1,0.270256251,0.511093915,0.174330622,0.039799865,0.004519332,1,2015,4,State,urban/rural,Gender,statesector,0,Manipur,NA,NA,1,NA,NA,NA
3435,1,0.267769963,0.497915298,0.184598908,0.049715824,0,1,2015,4,State,urban/rural,Gender,statesector,0,Manipur,NA,NA,2,NA,NA,NA
3436,1,0.197901487,0.364014953,0.338045895,0.088067673,0.01196998,1,2015,4,State,urban/rural,Gender,statesector,1,Manipur,NA,NA,1,NA,NA,NA
3437,1,0.252203166,0.383249491,0.29590255,0.057900492,0.010744313,1,2015,4,State,urban/rural,Gender,statesector,1,Manipur,NA,NA,2,NA,NA,NA
3438,1,NA,NA,NA,NA,NA,0,2015,4,State,urban/rural,Gender,statesector,1,Manipur,NA,NA,NA,NA,NA,NA
3608,1,0.549765408,0.371566951,0.056722399,0.021945216,0,1,2015,4,State,All,HH Size,state,99,Manipur,NA,NA,NA,1,NA,NA
3609,1,0.341207415,0.476874888,0.158042669,0.02387502,0,1,2015,4,State,All,HH Size,state,99,Manipur,NA,NA,NA,2 to 3,NA,NA
3610,1,0.251559168,0.496510029,0.214641437,0.036185738,0.001103636,1,2015,4,State,All,HH Size,state,99,Manipur,NA,NA,NA,4 to 6,NA,NA
3611,1,0.218391061,0.44138068,0.238693967,0.085830219,0.015704071,1,2015,4,State,All,HH Size,state,99,Manipur,NA,NA,NA,7+,NA,NA
3612,1,NA,NA,NA,NA,NA,0,2015,4,State,All,HH Size,state,99,Manipur,NA,NA,NA,NA,NA,NA
3842,1,0.596845031,0.362572014,0.040582955,0,0,1,2015,4,State,urban/rural,HH Size,statesector,0,Manipur,NA,NA,NA,1,NA,NA
3843,1,0.333721429,0.51281327,0.128093496,0.025371784,0,1,2015,4,State,urban/rural,HH Size,statesector,0,Manipur,NA,NA,NA,2 to 3,NA,NA
3844,1,0.265972883,0.516798496,0.188844353,0.027409291,0.000974981,1,2015,4,State,urban/rural,HH Size,statesector,0,Manipur,NA,NA,NA,4 to 6,NA,NA
3845,1,0.242242485,0.502101302,0.176102161,0.06935928,0.010194781,1,2015,4,State,urban/rural,HH Size,statesector,0,Manipur,NA,NA,NA,7+,NA,NA
3846,1,0.418166846,0.396709919,0.101835944,0.083287269,0,1,2015,4,State,urban/rural,HH Size,statesector,1,Manipur,NA,NA,NA,1,NA,NA
3847,1,0.365072399,0.362305105,0.253519058,0.019103417,0,1,2015,4,State,urban/rural,HH Size,statesector,1,Manipur,NA,NA,NA,2 to 3,NA,NA
3848,1,0.208499923,0.435900599,0.291707158,0.062404327,0.001487977,1,2015,4,State,urban/rural,HH Size,statesector,1,Manipur,NA,NA,NA,4 to 6,NA,NA
3849,1,0.147497684,0.260901332,0.424735069,0.134786621,0.032079283,1,2015,4,State,urban/rural,HH Size,statesector,1,Manipur,NA,NA,NA,7+,NA,NA
3850,1,NA,NA,NA,NA,NA,0,2015,4,State,urban/rural,HH Size,statesector,1,Manipur,NA,NA,NA,NA,NA,NA
4031,1,0.264371276,0.47614789,0.207645014,0.045523953,0.006311879,1,2015,4,State,All,Owns House,state,99,Manipur,NA,NA,NA,NA,0,NA
4032,1,0.250787288,0.473220527,0.216684476,0.053543776,0.005763936,1,2015,4,State,All,Owns House,state,99,Manipur,NA,NA,NA,NA,1,NA
4033,1,NA,NA,NA,NA,NA,0,2015,4,State,All,Owns House,state,99,Manipur,NA,NA,NA,NA,NA,NA
4161,1,0.264361143,0.521860301,0.177805021,0.035973549,0,1,2015,4,State,urban/rural,Owns House,statesector,0,Manipur,NA,NA,NA,NA,0,NA
4162,1,0.271914065,0.505130768,0.174811929,0.04278598,0.005357293,1,2015,4,State,urban/rural,Owns House,statesector,0,Manipur,NA,NA,NA,NA,1,NA
4163,1,0.264398932,0.351552218,0.28897813,0.071554922,0.023515802,1,2015,4,State,urban/rural,Owns House,statesector,1,Manipur,NA,NA,NA,NA,0,NA
4164,1,0.185027063,0.373895168,0.347019047,0.087029032,0.007029674,1,2015,4,State,urban/rural,Owns House,statesector,1,Manipur,NA,NA,NA,NA,1,NA
4165,1,NA,NA,NA,NA,NA,0,2015,4,State,urban/rural,Owns House,statesector,1,Manipur,NA,NA,NA,NA,NA,NA
4290,1,0.262839198,0.476981819,0.210731238,0.04586928,0.003578468,1,2015,4,State,All,Agri Land,state,99,Manipur,NA,NA,NA,NA,NA,0
4291,1,0.228472561,0.464831531,0.225177839,0.068437904,0.013080155,1,2015,4,State,All,Agri Land,state,99,Manipur,NA,NA,NA,NA,NA,1
4292,1,NA,NA,NA,NA,NA,0,2015,4,State,All,Agri Land,state,99,Manipur,NA,NA,NA,NA,NA,NA
4420,1,0.280925661,0.518188477,0.164857239,0.033382155,0.002646461,1,2015,4,State,urban/rural,Agri Land,statesector,0,Manipur,NA,NA,NA,NA,NA,0
4421,1,0.240478411,0.48608464,0.20441331,0.06151687,0.007506791,1,2015,4,State,urban/rural,Agri Land,statesector,0,Manipur,NA,NA,NA,NA,NA,1
4422,1,0.215318054,0.368713707,0.331262499,0.078678474,0.006027264,1,2015,4,State,urban/rural,Agri Land,statesector,1,Manipur,NA,NA,NA,NA,NA,0
4423,1,0.170084581,0.361471534,0.326161891,0.102096923,0.040185072,1,2015,4,State,urban/rural,Agri Land,statesector,1,Manipur,NA,NA,NA,NA,NA,1
4424,1,NA,NA,NA,NA,NA,0,2015,4,State,urban/rural,Agri Land,statesector,1,Manipur,NA,NA,NA,NA,NA,NA
26,1,0.713584423,0.26240027,0.021698534,0.001555566,0.000761224,1,2019,5,State,All,All Households,state,99,Meghalaya,NA,NA,NA,NA,NA,NA
84,1,0.717382073,0.260267913,0.021575056,0.000671042,0.000103913,1,2019,5,State,urban/rural,All Households,statesector,0,Meghalaya,NA,NA,NA,NA,NA,NA
85,1,0.652099133,0.296923786,0.023697659,0.015876191,0.011403227,1,2019,5,State,urban/rural,All Households,statesector,1,Meghalaya,NA,NA,NA,NA,NA,NA
224,1,0.750832081,0.223850638,0.025317272,0,0,1,2019,5,State,All,Age,state,99,Meghalaya,15 to 29,NA,NA,NA,NA,NA
225,1,0.735803664,0.241168439,0.021121452,0.000438378,0.001468046,1,2019,5,State,All,Age,state,99,Meghalaya,30 to 45,NA,NA,NA,NA,NA
226,1,0.654270172,0.32072863,0.019098666,0.005902524,0,1,2019,5,State,All,Age,state,99,Meghalaya,46 to 64,NA,NA,NA,NA,NA
227,1,0.623986423,0.351413846,0.024599725,0,0,1,2019,5,State,All,Age,state,99,Meghalaya,65+,NA,NA,NA,NA,NA
228,1,NA,NA,NA,NA,NA,0,2019,5,State,All,Age,state,99,Meghalaya,NA,NA,NA,NA,NA,NA
464,1,0.775743365,0.204092845,0.020163786,0,0,1,2019,5,State,urban/rural,Age,statesector,0,Meghalaya,15 to 29,NA,NA,NA,NA,NA
465,1,0.734063804,0.242928699,0.022344097,0.000463754,0.000199667,1,2019,5,State,urban/rural,Age,statesector,0,Meghalaya,30 to 45,NA,NA,NA,NA,NA
466,1,0.659179688,0.319074959,0.019873995,0.001871397,0,1,2019,5,State,urban/rural,Age,statesector,0,Meghalaya,46 to 64,NA,NA,NA,NA,NA
467,1,0.615655005,0.3586362,0.025708785,0,0,1,2019,5,State,urban/rural,Age,statesector,0,Meghalaya,65+,NA,NA,NA,NA,NA
468,1,NA,NA,NA,NA,NA,0,2019,5,State,urban/rural,Age,statesector,0,Meghalaya,NA,NA,NA,NA,NA,NA
469,1,0.510911703,0.41413781,0.074950479,0,0,1,2019,5,State,urban/rural,Age,statesector,1,Meghalaya,15 to 29,NA,NA,NA,NA,NA
470,1,0.765860915,0.21075955,0,0,0.023379531,1,2019,5,State,urban/rural,Age,statesector,1,Meghalaya,30 to 45,NA,NA,NA,NA,NA
471,1,0.533334792,0.361463994,0,0.105201192,0,1,2019,5,State,urban/rural,Age,statesector,1,Meghalaya,46 to 64,NA,NA,NA,NA,NA
472,1,0.808782458,0.191217557,0,0,0,1,2019,5,State,urban/rural,Age,statesector,1,Meghalaya,65+,NA,NA,NA,NA,NA
696,1,0.755539954,0.220241636,0.021432543,0.002564239,0.000221592,1,2019,5,State,All,Education,state,99,Meghalaya,NA,No education / Preschool,NA,NA,NA,NA
697,1,0.673909307,0.303164452,0.020467659,0.000560171,0.001898435,1,2019,5,State,All,Education,state,99,Meghalaya,NA,Primary,NA,NA,NA,NA
698,1,0.705447495,0.270141214,0.023283701,0.001127608,0,1,2019,5,State,All,Education,state,99,Meghalaya,NA,Secondary,NA,NA,NA,NA
699,1,0.319990546,0.62384218,0.056167286,0,0,1,2019,5,State,All,Education,state,99,Meghalaya,NA,Higher,NA,NA,NA,NA
700,1,0,1,0,0,0,1,2019,5,State,All,Education,state,99,Meghalaya,NA,NA,NA,NA,NA,NA
936,1,0.758835077,0.218183696,0.022259701,0.000491381,0.000230144,1,2019,5,State,urban/rural,Education,statesector,0,Meghalaya,NA,No education / Preschool,NA,NA,NA,NA
937,1,0.670104325,0.307687342,0.021616723,0.000591619,0,1,2019,5,State,urban/rural,Education,statesector,0,Meghalaya,NA,Primary,NA,NA,NA,NA
938,1,0.715009391,0.264413446,0.019317729,0.001259438,0,1,2019,5,State,urban/rural,Education,statesector,0,Meghalaya,NA,Secondary,NA,NA,NA,NA
939,1,0.42042309,0.538464129,0.041112777,0,0,1,2019,5,State,urban/rural,Education,statesector,0,Meghalaya,NA,Higher,NA,NA,NA,NA
940,1,NA,NA,NA,NA,NA,0,2019,5,State,urban/rural,Education,statesector,0,Meghalaya,NA,NA,NA,NA,NA,NA
941,1,0.670160532,0.273565292,0,0.056274172,0,1,2019,5,State,urban/rural,Education,statesector,1,Meghalaya,NA,No education / Preschool,NA,NA,NA,NA
942,1,0.741685033,0.222600743,0,0,0.035714231,1,2019,5,State,urban/rural,Education,statesector,1,Meghalaya,NA,Primary,NA,NA,NA,NA
943,1,0.623659551,0.319133729,0.057206742,0,0,1,2019,5,State,urban/rural,Education,statesector,1,Meghalaya,NA,Secondary,NA,NA,NA,NA
944,1,0,0.895867169,0.104132809,0,0,1,2019,5,State,urban/rural,Education,statesector,1,Meghalaya,NA,Higher,NA,NA,NA,NA
945,1,0,1,0,0,0,1,2019,5,State,urban/rural,Education,statesector,1,Meghalaya,NA,NA,NA,NA,NA,NA
1121,1,0.728046477,0.253387988,0.016698493,0.000476493,0.001390532,1,2019,5,State,All,Gender,state,99,Meghalaya,NA,NA,1,NA,NA,NA
1122,1,0.700391591,0.270621598,0.026259746,0.002539934,0.000187147,1,2019,5,State,All,Gender,state,99,Meghalaya,NA,NA,2,NA,NA,NA
1123,1,NA,NA,NA,NA,NA,0,2019,5,State,All,Gender,state,99,Meghalaya,NA,NA,NA,NA,NA,NA
1254,1,0.728768349,0.253187776,0.017543277,0.000500599,0,1,2019,5,State,urban/rural,Gender,statesector,0,Meghalaya,NA,NA,1,NA,NA,NA
1255,1,0.706781805,0.266859293,0.025328534,0.000829721,0.000200653,1,2019,5,State,urban/rural,Gender,statesector,0,Meghalaya,NA,NA,2,NA,NA,NA
1256,1,NA,NA,NA,NA,NA,0,2019,5,State,urban/rural,Gender,statesector,0,Meghalaya,NA,NA,NA,NA,NA,NA
1257,1,0.713777959,0.257345378,0,0,0.028876638,1,2019,5,State,urban/rural,Gender,statesector,1,Meghalaya,NA,NA,1,NA,NA,NA
1258,1,0.611847281,0.322752804,0.039162859,0.026237065,0,1,2019,5,State,urban/rural,Gender,statesector,1,Meghalaya,NA,NA,2,NA,NA,NA
1420,1,0.896037996,0.08934734,0.014614683,0,0,1,2019,5,State,All,HH Size,state,99,Meghalaya,NA,NA,NA,1,NA,NA
1421,1,0.714108229,0.252363294,0.025132257,0,0.00839623,1,2019,5,State,All,HH Size,state,99,Meghalaya,NA,NA,NA,2 to 3,NA,NA
1422,1,0.730016947,0.245055735,0.022277769,0.002649562,0,1,2019,5,State,All,HH Size,state,99,Meghalaya,NA,NA,NA,4 to 6,NA,NA
1423,1,0.690378487,0.288752288,0.020304138,0.000565068,0,1,2019,5,State,All,HH Size,state,99,Meghalaya,NA,NA,NA,7+,NA,NA
1638,1,0.900784433,0.084361725,0.01485384,0,0,1,2019,5,State,urban/rural,HH Size,statesector,0,Meghalaya,NA,NA,NA,1,NA,NA
1639,1,0.723874211,0.264222324,0.010736034,0,0.001167461,1,2019,5,State,urban/rural,HH Size,statesector,0,Meghalaya,NA,NA,NA,2 to 3,NA,NA
1640,1,0.736497521,0.239305377,0.023350948,0.000846161,0,1,2019,5,State,urban/rural,HH Size,statesector,0,Meghalaya,NA,NA,NA,4 to 6,NA,NA
1641,1,0.688710988,0.288846135,0.021835238,0.000607679,0,1,2019,5,State,urban/rural,HH Size,statesector,0,Meghalaya,NA,NA,NA,7+,NA,NA
1642,1,0.60598588,0.39401412,0,0,0,1,2019,5,State,urban/rural,HH Size,statesector,1,Meghalaya,NA,NA,NA,1,NA,NA
1643,1,0.594291329,0.106866896,0.201757044,0,0.097084753,1,2019,5,State,urban/rural,HH Size,statesector,1,Meghalaya,NA,NA,NA,2 to 3,NA,NA
1644,1,0.595488906,0.364425391,0,0.040085725,0,1,2019,5,State,urban/rural,HH Size,statesector,1,Meghalaya,NA,NA,NA,4 to 6,NA,NA
1645,1,0.71249193,0.287508041,0,0,0,1,2019,5,State,urban/rural,HH Size,statesector,1,Meghalaya,NA,NA,NA,7+,NA,NA
1798,1,0.673989177,0.282488763,0.034646507,0.005165439,0.003710127,1,2019,5,State,All,Owns House,state,99,Meghalaya,NA,NA,NA,NA,0,NA
1799,1,0.722205222,0.25802654,0.018879447,0.000769609,0.000119176,1,2019,5,State,All,Owns House,state,99,Meghalaya,NA,NA,NA,NA,1,NA
1911,1,0.66748482,0.29602775,0.036487389,0,0,1,2019,5,State,urban/rural,Owns House,statesector,0,Meghalaya,NA,NA,NA,NA,0,NA
1912,1,0.727434933,0.253063351,0.018570656,0.000806238,0.000124848,1,2019,5,State,urban/rural,Owns House,statesector,0,Meghalaya,NA,NA,NA,NA,1,NA
1913,1,0.723224521,0.18000342,0.020711694,0.04426593,0.031794433,1,2019,5,State,urban/rural,Owns House,statesector,1,Meghalaya,NA,NA,NA,NA,0,NA
1914,1,0.612324238,0.362308294,0.02536748,0,0,1,2019,5,State,urban/rural,Owns House,statesector,1,Meghalaya,NA,NA,NA,NA,1,NA
2016,1,0.737038434,0.235122696,0.024902284,0.001851863,0.001084701,1,2019,5,State,All,Agri Land,state,99,Meghalaya,NA,NA,NA,NA,NA,0
2017,1,0.676658928,0.305345386,0.016654633,0.001089083,0.000251949,1,2019,5,State,All,Agri Land,state,99,Meghalaya,NA,NA,NA,NA,NA,1
2127,1,0.743626654,0.231492624,0.024510929,0.000369786,0,1,2019,5,State,urban/rural,Agri Land,statesector,0,Meghalaya,NA,NA,NA,NA,NA,0
2128,1,0.678018391,0.303427339,0.017171605,0.001122889,0.00025977,1,2019,5,State,urban/rural,Agri Land,statesector,0,Meghalaya,NA,NA,NA,NA,NA,1
2129,1,0.656939387,0.27925697,0.02966034,0.019870874,0.014272448,1,2019,5,State,urban/rural,Agri Land,statesector,1,Meghalaya,NA,NA,NA,NA,NA,0
2130,1,0.632862568,0.367137432,0,0,0,1,2019,5,State,urban/rural,Agri Land,statesector,1,Meghalaya,NA,NA,NA,NA,NA,1
2205,1,0.281552523,0.551976681,0.154061794,0.011983844,0.000425161,1,2015,4,State,All,All Households,state,99,Meghalaya,NA,NA,NA,NA,NA,NA
2261,1,0.29282856,0.559700847,0.137594908,0.009424005,0.000451685,1,2015,4,State,urban/rural,All Households,statesector,0,Meghalaya,NA,NA,NA,NA,NA,NA
2262,1,0.100805908,0.428164691,0.418013275,0.053016104,0,1,2015,4,State,urban/rural,All Households,statesector,1,Meghalaya,NA,NA,NA,NA,NA,NA
2398,1,0.339753151,0.555337012,0.102317907,0.002591946,0,1,2015,4,State,All,Age,state,99,Meghalaya,15 to 29,NA,NA,NA,NA,NA
2399,1,0.276490957,0.558288276,0.147963077,0.016882248,0.000375464,1,2015,4,State,All,Age,state,99,Meghalaya,30 to 45,NA,NA,NA,NA,NA
2400,1,0.275155723,0.530616283,0.182913005,0.010498188,0.000816799,1,2015,4,State,All,Age,state,99,Meghalaya,46 to 64,NA,NA,NA,NA,NA
2401,1,0.236710966,0.587178409,0.172210366,0.003900256,0,1,2015,4,State,All,Age,state,99,Meghalaya,65+,NA,NA,NA,NA,NA
2402,1,NA,NA,NA,NA,NA,0,2015,4,State,All,Age,state,99,Meghalaya,NA,NA,NA,NA,NA,NA
2636,1,0.352138102,0.55435729,0.090754241,0.002750365,0,1,2015,4,State,urban/rural,Age,statesector,0,Meghalaya,15 to 29,NA,NA,NA,NA,NA
2637,1,0.287986487,0.56464535,0.132607684,0.014359009,0.00040149,1,2015,4,State,urban/rural,Age,statesector,0,Meghalaya,30 to 45,NA,NA,NA,NA,NA
2638,1,0.28683567,0.543586731,0.162720993,0.005992827,0.000863768,1,2015,4,State,urban/rural,Age,statesector,0,Meghalaya,46 to 64,NA,NA,NA,NA,NA
2639,1,0.244049892,0.598267615,0.153620198,0.004062307,0,1,2015,4,State,urban/rural,Age,statesector,0,Meghalaya,65+,NA,NA,NA,NA,NA
2640,1,NA,NA,NA,NA,NA,0,2015,4,State,urban/rural,Age,statesector,0,Meghalaya,NA,NA,NA,NA,NA,NA
2641,1,0.137120098,0.571366012,0.29151386,0,0,1,2015,4,State,urban/rural,Age,statesector,1,Meghalaya,15 to 29,NA,NA,NA,NA,NA
2642,1,0.110649914,0.466577172,0.369488925,0.053283982,0,1,2015,4,State,urban/rural,Age,statesector,1,Meghalaya,30 to 45,NA,NA,NA,NA,NA
2643,1,0.072038405,0.305055976,0.534057915,0.088847741,0,1,2015,4,State,urban/rural,Age,statesector,1,Meghalaya,46 to 64,NA,NA,NA,NA,NA
2644,1,0.060077135,0.320282459,0.61964041,0,0,1,2015,4,State,urban/rural,Age,statesector,1,Meghalaya,65+,NA,NA,NA,NA,NA
2870,1,0.327566713,0.536421061,0.127961576,0.007164309,0.000886357,1,2015,4,State,All,Education,state,99,Meghalaya,NA,No education / Preschool,NA,NA,NA,NA
2871,1,0.252262086,0.585482359,0.152976573,0.009278983,0,1,2015,4,State,All,Education,state,99,Meghalaya,NA,Primary,NA,NA,NA,NA
2872,1,0.212498292,0.54962045,0.21357432,0.024306921,0,1,2015,4,State,All,Education,state,99,Meghalaya,NA,Secondary,NA,NA,NA,NA
2873,1,0.208320811,0.104179889,0.521451473,0.166047841,0,1,2015,4,State,All,Education,state,99,Meghalaya,NA,Higher,NA,NA,NA,NA
2874,1,1,0,0,0,0,1,2015,4,State,All,Education,state,99,Meghalaya,NA,NA,NA,NA,NA,NA
3118,1,0.33540985,0.538958251,0.117252246,0.007457071,0.000922577,1,2015,4,State,urban/rural,Education,statesector,0,Meghalaya,NA,No education / Preschool,NA,NA,NA,NA
3119,1,0.261137009,0.596299112,0.132673576,0.009890274,0,1,2015,4,State,urban/rural,Education,statesector,0,Meghalaya,NA,Primary,NA,NA,NA,NA
3120,1,0.230856746,0.564881444,0.19034116,0.013920652,0,1,2015,4,State,urban/rural,Education,statesector,0,Meghalaya,NA,Secondary,NA,NA,NA,NA
3121,1,0.249753311,0.124900021,0.605939507,0.019407148,0,1,2015,4,State,urban/rural,Education,statesector,0,Meghalaya,NA,Higher,NA,NA,NA,NA
3122,1,1,0,0,0,0,1,2015,4,State,urban/rural,Education,statesector,0,Meghalaya,NA,NA,NA,NA,NA,NA
3123,1,0.135634229,0.474331707,0.39003405,0,0,1,2015,4,State,urban/rural,Education,statesector,1,Meghalaya,NA,No education / Preschool,NA,NA,NA,NA
3124,1,0.117546625,0.421291053,0.461162329,0,0,1,2015,4,State,urban/rural,Education,statesector,1,Meghalaya,NA,Primary,NA,NA,NA,NA
3125,1,0.050999779,0.415370315,0.417955399,0.115674503,0,1,2015,4,State,urban/rural,Education,statesector,1,Meghalaya,NA,Secondary,NA,NA,NA,NA
3126,1,0,0,0.096649289,0.903350711,0,1,2015,4,State,urban/rural,Education,statesector,1,Meghalaya,NA,Higher,NA,NA,NA,NA
3308,1,0.299735755,0.561837971,0.127809688,0.010024118,0.000592481,1,2015,4,State,All,Gender,state,99,Meghalaya,NA,NA,1,NA,NA,NA
3309,1,0.23534888,0.526919186,0.220768422,0.016963508,0,1,2015,4,State,All,Gender,state,99,Meghalaya,NA,NA,2,NA,NA,NA
3310,1,NA,NA,NA,NA,NA,0,2015,4,State,All,Gender,state,99,Meghalaya,NA,NA,NA,NA,NA,NA
3439,1,0.308981597,0.564920068,0.116837174,0.008638137,0.000623018,1,2015,4,State,urban/rural,Gender,statesector,0,Meghalaya,NA,NA,1,NA,NA,NA
3440,1,0.25024426,0.545941234,0.192318708,0.011495794,0,1,2015,4,State,urban/rural,Gender,statesector,0,Meghalaya,NA,NA,2,NA,NA,NA
3441,1,NA,NA,NA,NA,NA,0,2015,4,State,urban/rural,Gender,statesector,0,Meghalaya,NA,NA,NA,NA,NA,NA
3442,1,0.120343268,0.502037048,0.340704083,0.03691563,0,1,2015,4,State,urban/rural,Gender,statesector,1,Meghalaya,NA,NA,1,NA,NA,NA
3443,1,0.071627773,0.317839772,0.533471048,0.07706143,0,1,2015,4,State,urban/rural,Gender,statesector,1,Meghalaya,NA,NA,2,NA,NA,NA
3613,1,0.525193214,0.398521245,0.076285526,0,0,1,2015,4,State,All,HH Size,state,99,Meghalaya,NA,NA,NA,1,NA,NA
3614,1,0.390108377,0.533393145,0.073277615,0.003220837,0,1,2015,4,State,All,HH Size,state,99,Meghalaya,NA,NA,NA,2 to 3,NA,NA
3615,1,0.29567948,0.557348251,0.142431825,0.004165596,0.000374839,1,2015,4,State,All,HH Size,state,99,Meghalaya,NA,NA,NA,4 to 6,NA,NA
3616,1,0.23671557,0.552555621,0.186858967,0.023284514,0.00058531,1,2015,4,State,All,HH Size,state,99,Meghalaya,NA,NA,NA,7+,NA,NA
3617,1,NA,NA,NA,NA,NA,0,2015,4,State,All,HH Size,state,99,Meghalaya,NA,NA,NA,NA,NA,NA
3851,1,0.566461623,0.346986562,0.086551838,0,0,1,2015,4,State,urban/rural,HH Size,statesector,0,Meghalaya,NA,NA,NA,1,NA,NA
3852,1,0.397713572,0.537486196,0.06143979,0.003360451,0,1,2015,4,State,urban/rural,HH Size,statesector,0,Meghalaya,NA,NA,NA,2 to 3,NA,NA
3853,1,0.309621394,0.557857811,0.128130332,0.003989615,0.000400845,1,2015,4,State,urban/rural,HH Size,statesector,0,Meghalaya,NA,NA,NA,4 to 6,NA,NA
3854,1,0.245384231,0.570380449,0.166389331,0.017227152,0.000618854,1,2015,4,State,urban/rural,HH Size,statesector,0,Meghalaya,NA,NA,NA,7+,NA,NA
3855,1,NA,NA,NA,NA,NA,0,2015,4,State,urban/rural,HH Size,statesector,0,Meghalaya,NA,NA,NA,NA,NA,NA
3856,1,0.218541756,0.781458259,0,0,0,1,2015,4,State,urban/rural,HH Size,statesector,1,Meghalaya,NA,NA,NA,1,NA,NA
3857,1,0.214659408,0.438968807,0.3463718,0,0,1,2015,4,State,urban/rural,HH Size,statesector,1,Meghalaya,NA,NA,NA,2 to 3,NA,NA
3858,1,0.094731204,0.550004065,0.348562658,0.006702063,0,1,2015,4,State,urban/rural,HH Size,statesector,1,Meghalaya,NA,NA,NA,4 to 6,NA,NA
3859,1,0.085457027,0.241532713,0.544031501,0.128978744,0,1,2015,4,State,urban/rural,HH Size,statesector,1,Meghalaya,NA,NA,NA,7+,NA,NA
4034,1,0.289988637,0.468242377,0.228549361,0.013219627,0,1,2015,4,State,All,Owns House,state,99,Meghalaya,NA,NA,NA,NA,0,NA
4035,1,0.279343992,0.573897839,0.13456139,0.011660323,0.000536466,1,2015,4,State,All,Owns House,state,99,Meghalaya,NA,NA,NA,NA,1,NA
4036,1,NA,NA,NA,NA,NA,0,2015,4,State,All,Owns House,state,99,Meghalaya,NA,NA,NA,NA,NA,NA
4166,1,0.322819591,0.481183797,0.187946677,0.00804993,0,1,2015,4,State,urban/rural,Owns House,statesector,0,Meghalaya,NA,NA,NA,NA,0,NA
4167,1,0.285765171,0.57819289,0.125736222,0.009747623,0.000558065,1,2015,4,State,urban/rural,Owns House,statesector,0,Meghalaya,NA,NA,NA,NA,1,NA
4168,1,NA,NA,NA,NA,NA,0,2015,4,State,urban/rural,Owns House,statesector,0,Meghalaya,NA,NA,NA,NA,NA,NA
4169,1,0.079972804,0.385457605,0.488279998,0.046289586,0,1,2015,4,State,urban/rural,Owns House,statesector,1,Meghalaya,NA,NA,NA,NA,0,NA
4170,1,0.119856879,0.467218459,0.353757471,0.05916721,0,1,2015,4,State,urban/rural,Owns House,statesector,1,Meghalaya,NA,NA,NA,NA,1,NA
4293,1,0.312633216,0.511296391,0.164942667,0.010868364,0.00025937,1,2015,4,State,All,Agri Land,state,99,Meghalaya,NA,NA,NA,NA,NA,0
4294,1,0.208154112,0.648044944,0.128366143,0.014618096,0.000816684,1,2015,4,State,All,Agri Land,state,99,Meghalaya,NA,NA,NA,NA,NA,1
4295,1,NA,NA,NA,NA,NA,0,2015,4,State,All,Agri Land,state,99,Meghalaya,NA,NA,NA,NA,NA,NA
4425,1,0.33049053,0.51864332,0.14330557,0.007280317,0.000280258,1,2015,4,State,urban/rural,Agri Land,statesector,0,Meghalaya,NA,NA,NA,NA,NA,0
4426,1,0.208718538,0.651394069,0.124841362,0.014211479,0.000834531,1,2015,4,State,urban/rural,Agri Land,statesector,0,Meghalaya,NA,NA,NA,NA,NA,1
4427,1,NA,NA,NA,NA,NA,0,2015,4,State,urban/rural,Agri Land,statesector,0,Meghalaya,NA,NA,NA,NA,NA,NA
4428,1,0.090901338,0.42007032,0.433607668,0.055420671,0,1,2015,4,State,urban/rural,Agri Land,statesector,1,Meghalaya,NA,NA,NA,NA,NA,0
4429,1,0.18232578,0.494785577,0.289663374,0.033225264,0,1,2015,4,State,urban/rural,Agri Land,statesector,1,Meghalaya,NA,NA,NA,NA,NA,1
27,1,0.648358524,0.268316597,0.043846797,0.020509219,0.018968856,1,2019,5,State,All,All Households,state,99,Mizoram,NA,NA,NA,NA,NA,NA
86,1,0.691230476,0.26713106,0.030328564,0.007865383,0.003444493,1,2019,5,State,urban/rural,All Households,statesector,0,Mizoram,NA,NA,NA,NA,NA,NA
87,1,0.115648717,0.283047646,0.211818889,0.177616417,0.211868316,1,2019,5,State,urban/rural,All Households,statesector,1,Mizoram,NA,NA,NA,NA,NA,NA
229,1,0.662148535,0.25537771,0.072472207,0.010001508,0,1,2019,5,State,All,Age,state,99,Mizoram,15 to 29,NA,NA,NA,NA,NA
230,1,0.648486137,0.27508226,0.051982999,0.020688813,0.003759807,1,2019,5,State,All,Age,state,99,Mizoram,30 to 45,NA,NA,NA,NA,NA
231,1,0.707933962,0.240625456,0.016005043,0.024413742,0.011021767,1,2019,5,State,All,Age,state,99,Mizoram,46 to 64,NA,NA,NA,NA,NA
232,1,0.446788639,0.339648575,0.043013129,0.024609882,0.145939782,1,2019,5,State,All,Age,state,99,Mizoram,65+,NA,NA,NA,NA,NA
473,1,0.699680924,0.233429506,0.056161691,0.010727902,0,1,2019,5,State,urban/rural,Age,statesector,0,Mizoram,15 to 29,NA,NA,NA,NA,NA
474,1,0.686444819,0.278327435,0.030342054,0.00488568,0,1,2019,5,State,urban/rural,Age,statesector,0,Mizoram,30 to 45,NA,NA,NA,NA,NA
475,1,0.732602537,0.232141897,0.010416925,0.013254724,0.011583893,1,2019,5,State,urban/rural,Age,statesector,0,Mizoram,46 to 64,NA,NA,NA,NA,NA
476,1,0.555242598,0.391303241,0.053454183,0,0,1,2019,5,State,urban/rural,Age,statesector,0,Mizoram,65+,NA,NA,NA,NA,NA
477,1,0.145376757,0.557576358,0.2970469,0,0,1,2019,5,State,urban/rural,Age,statesector,1,Mizoram,15 to 29,NA,NA,NA,NA,NA
478,1,0.126573458,0.230462819,0.34953478,0.237973735,0.055455204,1,2019,5,State,urban/rural,Age,statesector,1,Mizoram,30 to 45,NA,NA,NA,NA,NA
479,1,0.224249989,0.406965077,0.12557295,0.24321197,0,1,2019,5,State,urban/rural,Age,statesector,1,Mizoram,46 to 64,NA,NA,NA,NA,NA
480,1,0,0.126851216,0,0.125993147,0.747155607,1,2019,5,State,urban/rural,Age,statesector,1,Mizoram,65+,NA,NA,NA,NA,NA
701,1,0.814765096,0.168654084,0.006979994,0.009600808,0,1,2019,5,State,All,Education,state,99,Mizoram,NA,No education / Preschool,NA,NA,NA,NA
702,1,0.566337526,0.320684731,0.059176531,0.02041856,0.033382665,1,2019,5,State,All,Education,state,99,Mizoram,NA,Primary,NA,NA,NA,NA
703,1,0.484627455,0.36855343,0.087181784,0.040687557,0.018949794,1,2019,5,State,All,Education,state,99,Mizoram,NA,Secondary,NA,NA,NA,NA
704,1,0,0.460031897,0.180322081,0.148819312,0.21082671,1,2019,5,State,All,Education,state,99,Mizoram,NA,Higher,NA,NA,NA,NA
705,1,1,0,0,0,0,1,2019,5,State,All,Education,state,99,Mizoram,NA,NA,NA,NA,NA,NA
946,1,0.826551557,0.167829841,0.005618593,0,0,1,2019,5,State,urban/rural,Education,statesector,0,Mizoram,NA,No education / Preschool,NA,NA,NA,NA
947,1,0.614183605,0.32826817,0.043936927,0.013611261,0,1,2019,5,State,urban/rural,Education,statesector,0,Mizoram,NA,Primary,NA,NA,NA,NA
948,1,0.551741183,0.366522402,0.053407561,0.006113179,0.022215718,1,2019,5,State,urban/rural,Education,statesector,0,Mizoram,NA,Secondary,NA,NA,NA,NA
949,1,0,0.582928896,0.228494912,0.188576207,0,1,2019,5,State,urban/rural,Education,statesector,0,Mizoram,NA,Higher,NA,NA,NA,NA
950,1,1,0,0,0,0,1,2019,5,State,urban/rural,Education,statesector,0,Mizoram,NA,NA,NA,NA,NA,NA
951,1,0.208299279,0.211064637,0.077030256,0.503605843,0,1,2019,5,State,urban/rural,Education,statesector,1,Mizoram,NA,No education / Preschool,NA,NA,NA,NA
952,1,0.115600593,0.249244407,0.20274204,0.084547088,0.34786585,1,2019,5,State,urban/rural,Education,statesector,1,Mizoram,NA,Primary,NA,NA,NA,NA
953,1,0.095215291,0.380338013,0.283149093,0.241297588,0,1,2019,5,State,urban/rural,Education,statesector,1,Mizoram,NA,Secondary,NA,NA,NA,NA
954,1,0,0,0,0,1,1,2019,5,State,urban/rural,Education,statesector,1,Mizoram,NA,Higher,NA,NA,NA,NA
1124,1,0.659478843,0.26285556,0.045030922,0.01121823,0.021416426,1,2019,5,State,All,Gender,state,99,Mizoram,NA,NA,1,NA,NA,NA
1125,1,0.562175095,0.310640067,0.034669712,0.092515111,0,1,2019,5,State,All,Gender,state,99,Mizoram,NA,NA,2,NA,NA,NA
1259,1,0.697321594,0.261606008,0.032422569,0.004796639,0.003853175,1,2019,5,State,urban/rural,Gender,statesector,0,Mizoram,NA,NA,1,NA,NA,NA
1260,1,0.639892817,0.313697845,0.012679677,0.033729665,0,1,2019,5,State,urban/rural,Gender,statesector,0,Mizoram,NA,NA,2,NA,NA,NA
1261,1,0.123025753,0.280569077,0.22376506,0.102249727,0.270390391,1,2019,5,State,urban/rural,Gender,statesector,1,Mizoram,NA,NA,1,NA,NA,NA
1262,1,0.088941492,0.292020857,0.168570012,0.450467616,0,1,2019,5,State,urban/rural,Gender,statesector,1,Mizoram,NA,NA,2,NA,NA,NA
1424,1,0.759037375,0.229035169,0.011927457,0,0,1,2019,5,State,All,HH Size,state,99,Mizoram,NA,NA,NA,1,NA,NA
1425,1,0.603969276,0.317138553,0.057032153,0.021860013,0,1,2019,5,State,All,HH Size,state,99,Mizoram,NA,NA,NA,2 to 3,NA,NA
1426,1,0.654859841,0.274335265,0.045312699,0.0223449,0.003147318,1,2019,5,State,All,HH Size,state,99,Mizoram,NA,NA,NA,4 to 6,NA,NA
1427,1,0.659982383,0.214973077,0.032030456,0.01697927,0.076034807,1,2019,5,State,All,HH Size,state,99,Mizoram,NA,NA,NA,7+,NA,NA
1646,1,0.789626241,0.210373729,0,0,0,1,2019,5,State,urban/rural,HH Size,statesector,0,Mizoram,NA,NA,NA,1,NA,NA
1647,1,0.626393378,0.315138578,0.040652767,0.017815264,0,1,2019,5,State,urban/rural,HH Size,statesector,0,Mizoram,NA,NA,NA,2 to 3,NA,NA
1648,1,0.697982192,0.264787108,0.029481014,0.007749657,0,1,2019,5,State,urban/rural,HH Size,statesector,0,Mizoram,NA,NA,NA,4 to 6,NA,NA
1649,1,0.722934008,0.235478029,0.02618097,0,0.015406995,1,2019,5,State,urban/rural,HH Size,statesector,0,Mizoram,NA,NA,NA,7+,NA,NA
1650,1,0.530067563,0.368723333,0.101209112,0,0,1,2019,5,State,urban/rural,HH Size,statesector,1,Mizoram,NA,NA,NA,1,NA,NA
1651,1,0.274603248,0.346514076,0.297613204,0.081269458,0,1,2019,5,State,urban/rural,HH Size,statesector,1,Mizoram,NA,NA,NA,2 to 3,NA,NA
1652,1,0.093464509,0.398639113,0.251419902,0.212355316,0.044121157,1,2019,5,State,urban/rural,HH Size,statesector,1,Mizoram,NA,NA,NA,4 to 6,NA,NA
1653,1,0,0,0.093356244,0.194989294,0.711654484,1,2019,5,State,urban/rural,HH Size,statesector,1,Mizoram,NA,NA,NA,7+,NA,NA
1800,1,0.572283804,0.222551778,0.119755961,0.066511184,0.018897286,1,2019,5,State,All,Owns House,state,99,Mizoram,NA,NA,NA,NA,0,NA
1801,1,0.663796544,0.277603745,0.028442394,0.011173947,0.018983379,1,2019,5,State,All,Owns House,state,99,Mizoram,NA,NA,NA,NA,1,NA
1915,1,0.702858031,0.225696161,0.04785578,0,0.023590034,1,2019,5,State,urban/rural,Owns House,statesector,0,Mizoram,NA,NA,NA,NA,0,NA
1916,1,0.689242423,0.274215609,0.027331753,0.009210209,0,1,2019,5,State,urban/rural,Owns House,statesector,0,Mizoram,NA,NA,NA,NA,1,NA
1917,1,0.046472773,0.209889665,0.409291685,0.334345877,0,1,2019,5,State,urban/rural,Owns House,statesector,1,Mizoram,NA,NA,NA,NA,0,NA
1918,1,0.172372833,0.343037039,0.049891643,0.04909863,0.385599881,1,2019,5,State,urban/rural,Owns House,statesector,1,Mizoram,NA,NA,NA,NA,1,NA
2018,1,0.668907642,0.256051213,0.039922789,0.026399439,0.008718885,1,2019,5,State,All,Agri Land,state,99,Mizoram,NA,NA,NA,NA,NA,0
2019,1,0.621702313,0.284227192,0.048936997,0.012868461,0.032265056,1,2019,5,State,All,Agri Land,state,99,Mizoram,NA,NA,NA,NA,NA,1
2131,1,0.717748106,0.25061819,0.020290622,0.005158233,0.006184834,1,2019,5,State,urban/rural,Agri Land,statesector,0,Mizoram,NA,NA,NA,NA,NA,0
2132,1,0.657898962,0.287887037,0.042945828,0.011268157,0,1,2019,5,State,urban/rural,Agri Land,statesector,0,Mizoram,NA,NA,NA,NA,NA,1
2133,1,0.157678381,0.312920451,0.245419249,0.248738274,0.035243649,1,2019,5,State,urban/rural,Agri Land,statesector,1,Mizoram,NA,NA,NA,NA,NA,0
2134,1,0.033654258,0.224769682,0.146268934,0.038866863,0.556440234,1,2019,5,State,urban/rural,Agri Land,statesector,1,Mizoram,NA,NA,NA,NA,NA,1
2206,1,0.471534818,0.35736841,0.128103703,0.034713119,0.008279938,1,2015,4,State,All,All Households,state,99,Mizoram,NA,NA,NA,NA,NA,NA
2263,1,0.498112142,0.359264046,0.113245025,0.027661985,0.001716812,1,2015,4,State,urban/rural,All Households,statesector,0,Mizoram,NA,NA,NA,NA,NA,NA
2264,1,0.185508087,0.336967677,0.288013726,0.110597827,0.078912698,1,2015,4,State,urban/rural,All Households,statesector,1,Mizoram,NA,NA,NA,NA,NA,NA
2403,1,0.54018873,0.344795555,0.078501053,0.026947411,0.009567236,1,2015,4,State,All,Age,state,99,Mizoram,15 to 29,NA,NA,NA,NA,NA
2404,1,0.484487802,0.354581058,0.13470462,0.026226528,0,1,2015,4,State,All,Age,state,99,Mizoram,30 to 45,NA,NA,NA,NA,NA
2405,1,0.483266443,0.361431092,0.121465683,0.022918653,0.010918118,1,2015,4,State,All,Age,state,99,Mizoram,46 to 64,NA,NA,NA,NA,NA
2406,1,0.285827309,0.377536982,0.18476294,0.114293478,0.037579294,1,2015,4,State,All,Age,state,99,Mizoram,65+,NA,NA,NA,NA,NA
2645,1,0.58108592,0.343834609,0.054535959,0.02054351,0,1,2015,4,State,urban/rural,Age,statesector,0,Mizoram,15 to 29,NA,NA,NA,NA,NA
2646,1,0.50563097,0.358950257,0.119434386,0.015984369,0,1,2015,4,State,urban/rural,Age,statesector,0,Mizoram,30 to 45,NA,NA,NA,NA,NA
2647,1,0.519741774,0.351802409,0.101281501,0.021088781,0.006085505,1,2015,4,State,urban/rural,Age,statesector,0,Mizoram,46 to 64,NA,NA,NA,NA,NA
2648,1,0.295790911,0.400452673,0.194629416,0.108018674,0.001108341,1,2015,4,State,urban/rural,Age,statesector,0,Mizoram,65+,NA,NA,NA,NA,NA
2649,1,0.221637309,0.352280289,0.265167207,0.076827936,0.084087245,1,2015,4,State,urban/rural,Age,statesector,1,Mizoram,15 to 29,NA,NA,NA,NA,NA
2650,1,0.201699764,0.296143293,0.338942468,0.16321446,0,1,2015,4,State,urban/rural,Age,statesector,1,Mizoram,30 to 45,NA,NA,NA,NA,NA
2651,1,0.143438369,0.451138109,0.309514701,0.039966937,0.055941898,1,2015,4,State,urban/rural,Age,statesector,1,Mizoram,46 to 64,NA,NA,NA,NA,NA
2652,1,0.178320512,0.130277857,0.078304023,0.181998298,0.431099325,1,2015,4,State,urban/rural,Age,statesector,1,Mizoram,65+,NA,NA,NA,NA,NA
2875,1,0.704272747,0.239478186,0.053308889,0.0029402,0,1,2015,4,State,All,Education,state,99,Mizoram,NA,No education / Preschool,NA,NA,NA,NA
2876,1,0.338790476,0.421246171,0.184507474,0.043797091,0.011658777,1,2015,4,State,All,Education,state,99,Mizoram,NA,Primary,NA,NA,NA,NA
2877,1,0.314914733,0.445048362,0.158737615,0.071284883,0.010014404,1,2015,4,State,All,Education,state,99,Mizoram,NA,Secondary,NA,NA,NA,NA
2878,1,0,0.424998373,0,0,0.575001657,1,2015,4,State,All,Education,state,99,Mizoram,NA,Higher,NA,NA,NA,NA
2879,1,0.46380344,0.346910268,0,0.189286292,0,1,2015,4,State,All,Education,state,99,Mizoram,NA,NA,NA,NA,NA,NA
3127,1,0.723055124,0.229306579,0.047638282,0,0,1,2015,4,State,urban/rural,Education,statesector,0,Mizoram,NA,No education / Preschool,NA,NA,NA,NA
3128,1,0.357134491,0.430940717,0.165713027,0.046211775,0,1,2015,4,State,urban/rural,Education,statesector,0,Mizoram,NA,Primary,NA,NA,NA,NA
3129,1,0.338641763,0.47126773,0.143355906,0.046196319,0.000538276,1,2015,4,State,urban/rural,Education,statesector,0,Mizoram,NA,Secondary,NA,NA,NA,NA
3130,1,0,0.424998373,0,0,0.575001657,1,2015,4,State,urban/rural,Education,statesector,0,Mizoram,NA,Higher,NA,NA,NA,NA
3131,1,0.785134315,0.21486567,0,0,0,1,2015,4,State,urban/rural,Education,statesector,0,Mizoram,NA,NA,NA,NA,NA,NA
3132,1,0.278664619,0.469966054,0.181804404,0.069564931,0,1,2015,4,State,urban/rural,Education,statesector,1,Mizoram,NA,No education / Preschool,NA,NA,NA,NA
3133,1,0.204057023,0.350041568,0.322549373,0.026061686,0.097290382,1,2015,4,State,urban/rural,Education,statesector,1,Mizoram,NA,Primary,NA,NA,NA,NA
3134,1,0.079928659,0.185379177,0.31107378,0.319755048,0.103863329,1,2015,4,State,urban/rural,Education,statesector,1,Mizoram,NA,Secondary,NA,NA,NA,NA
3135,1,0,0.537501156,0,0.462498844,0,1,2015,4,State,urban/rural,Education,statesector,1,Mizoram,NA,NA,NA,NA,NA,NA
3311,1,0.492848694,0.35166499,0.111358128,0.036040891,0.008087283,1,2015,4,State,All,Gender,state,99,Mizoram,NA,NA,1,NA,NA,NA
3312,1,0.303810745,0.402250051,0.259878665,0.024264544,0.009795983,1,2015,4,State,All,Gender,state,99,Mizoram,NA,NA,2,NA,NA,NA
3444,1,0.515404642,0.353807926,0.0983973,0.030472912,0.001917218,1,2015,4,State,urban/rural,Gender,statesector,0,Mizoram,NA,NA,1,NA,NA,NA
3445,1,0.349973232,0.406004727,0.240440264,0.00358178,0,1,2015,4,State,urban/rural,Gender,statesector,0,Mizoram,NA,NA,2,NA,NA,NA
3446,1,0.220720559,0.325811535,0.26772511,0.103216246,0.082526535,1,2015,4,State,urban/rural,Gender,statesector,1,Mizoram,NA,NA,1,NA,NA,NA
3447,1,0.045714337,0.381257564,0.368559599,0.139902756,0.064565741,1,2015,4,State,urban/rural,Gender,statesector,1,Mizoram,NA,NA,2,NA,NA,NA
3618,1,0.433671236,0.444877118,0.121451668,0,0,1,2015,4,State,All,HH Size,state,99,Mizoram,NA,NA,NA,1,NA,NA
3619,1,0.535838187,0.311885476,0.117546506,0.01465611,0.020073745,1,2015,4,State,All,HH Size,state,99,Mizoram,NA,NA,NA,2 to 3,NA,NA
3620,1,0.481975824,0.349213004,0.133683905,0.030878609,0.004248648,1,2015,4,State,All,HH Size,state,99,Mizoram,NA,NA,NA,4 to 6,NA,NA
3621,1,0.408837408,0.399127454,0.120224416,0.05931811,0.012492627,1,2015,4,State,All,HH Size,state,99,Mizoram,NA,NA,NA,7+,NA,NA
3860,1,0.48248893,0.495553493,0.021957586,0,0,1,2015,4,State,urban/rural,HH Size,statesector,0,Mizoram,NA,NA,NA,1,NA,NA
3861,1,0.576656938,0.322906464,0.099601552,0.000835057,0,1,2015,4,State,urban/rural,HH Size,statesector,0,Mizoram,NA,NA,NA,2 to 3,NA,NA
3862,1,0.510637224,0.346375793,0.118438073,0.024358839,0.000190098,1,2015,4,State,urban/rural,HH Size,statesector,0,Mizoram,NA,NA,NA,4 to 6,NA,NA
3863,1,0.420856446,0.405933589,0.112990722,0.053437684,0.006781563,1,2015,4,State,urban/rural,HH Size,statesector,0,Mizoram,NA,NA,NA,7+,NA,NA
3864,1,0.313252985,0.319874108,0.366872936,0,0,1,2015,4,State,urban/rural,HH Size,statesector,1,Mizoram,NA,NA,NA,1,NA,NA
3865,1,0.135890275,0.203900352,0.293373615,0.150076672,0.216759071,1,2015,4,State,urban/rural,HH Size,statesector,1,Mizoram,NA,NA,NA,2 to 3,NA,NA
3866,1,0.161497489,0.380937576,0.304155767,0.103779674,0.049629487,1,2015,4,State,urban/rural,HH Size,statesector,1,Mizoram,NA,NA,NA,4 to 6,NA,NA
3867,1,0.255660683,0.312386602,0.21241425,0.134261206,0.085277274,1,2015,4,State,urban/rural,HH Size,statesector,1,Mizoram,NA,NA,NA,7+,NA,NA
4037,1,0.429212064,0.354155391,0.159104213,0.052587379,0.004940941,1,2015,4,State,All,Owns House,state,99,Mizoram,NA,NA,NA,NA,0,NA
4038,1,0.514549017,0.36063394,0.096596725,0.016546836,0.011673486,1,2015,4,State,All,Owns House,state,99,Mizoram,NA,NA,NA,NA,1,NA
4171,1,0.464313358,0.357009709,0.134458765,0.04421819,0,1,2015,4,State,urban/rural,Owns House,statesector,0,Mizoram,NA,NA,NA,NA,0,NA
4172,1,0.529960334,0.361388266,0.093255579,0.012061277,0.003334542,1,2015,4,State,urban/rural,Owns House,statesector,0,Mizoram,NA,NA,NA,NA,1,NA
4173,1,0.170189992,0.333092809,0.340969771,0.114345931,0.041401505,1,2015,4,State,urban/rural,Owns House,statesector,1,Mizoram,NA,NA,NA,NA,0,NA
4174,1,0.222566932,0.346342027,0.159897998,0.101530112,0.169662923,1,2015,4,State,urban/rural,Owns House,statesector,1,Mizoram,NA,NA,NA,NA,1,NA
4296,1,0.546380222,0.314676821,0.104089975,0.025828302,0.009024667,1,2015,4,State,All,Agri Land,state,99,Mizoram,NA,NA,NA,NA,NA,0
4297,1,0.341270983,0.431670547,0.169898123,0.050176591,0.006983784,1,2015,4,State,All,Agri Land,state,99,Mizoram,NA,NA,NA,NA,NA,1
4430,1,0.588846445,0.315094918,0.080385655,0.015673002,0,1,2015,4,State,urban/rural,Agri Land,statesector,0,Mizoram,NA,NA,NA,NA,NA,0
4431,1,0.348438859,0.432124466,0.167449117,0.047438748,0.004548826,1,2015,4,State,urban/rural,Agri Land,statesector,0,Mizoram,NA,NA,NA,NA,NA,1
4432,1,0.17674242,0.31103754,0.310419172,0.114222929,0.087577946,1,2015,4,State,urban/rural,Agri Land,statesector,1,Mizoram,NA,NA,NA,NA,NA,0
4433,1,0.214815199,0.423662335,0.213103428,0.098477684,0.049941346,1,2015,4,State,urban/rural,Agri Land,statesector,1,Mizoram,NA,NA,NA,NA,NA,1
28,1,0.743621349,0.217899173,0.029142674,0.005322163,0.004014658,1,2019,5,State,All,All Households,state,99,Nagaland,NA,NA,NA,NA,NA,NA
88,1,0.801927507,0.181530267,0.013767448,0.00149441,0.001280363,1,2019,5,State,urban/rural,All Households,statesector,0,Nagaland,NA,NA,NA,NA,NA,NA
89,1,0.319728285,0.482305527,0.140922457,0.033150401,0.023893319,1,2019,5,State,urban/rural,All Households,statesector,1,Nagaland,NA,NA,NA,NA,NA,NA
233,1,0.672300637,0.26689589,0.04338371,0.017419783,0,1,2019,5,State,All,Age,state,99,Nagaland,15 to 29,NA,NA,NA,NA,NA
234,1,0.716593683,0.224956438,0.045633506,0.006431041,0.006385352,1,2019,5,State,All,Age,state,99,Nagaland,30 to 45,NA,NA,NA,NA,NA
235,1,0.774178147,0.208269879,0.013363424,0,0.004188572,1,2019,5,State,All,Age,state,99,Nagaland,46 to 64,NA,NA,NA,NA,NA
236,1,0.786036074,0.193397239,0.013522051,0.007044619,0,1,2019,5,State,All,Age,state,99,Nagaland,65+,NA,NA,NA,NA,NA
237,1,NA,NA,NA,NA,NA,0,2019,5,State,All,Age,state,99,Nagaland,NA,NA,NA,NA,NA,NA
481,1,0.795740366,0.165938929,0.03832069,0,0,1,2019,5,State,urban/rural,Age,statesector,0,Nagaland,15 to 29,NA,NA,NA,NA,NA
482,1,0.803816974,0.1740513,0.018349553,0.000488658,0.003293492,1,2019,5,State,urban/rural,Age,statesector,0,Nagaland,30 to 45,NA,NA,NA,NA,NA
483,1,0.808678508,0.185088024,0.006233458,0,0,1,2019,5,State,urban/rural,Age,statesector,0,Nagaland,46 to 64,NA,NA,NA,NA,NA
484,1,0.786325932,0.198120639,0.00796523,0.007588192,0,1,2019,5,State,urban/rural,Age,statesector,0,Nagaland,65+,NA,NA,NA,NA,NA
485,1,NA,NA,NA,NA,NA,0,2019,5,State,urban/rural,Age,statesector,0,Nagaland,NA,NA,NA,NA,NA,NA
486,1,0.272621304,0.593779266,0.059777003,0.073822409,0,1,2019,5,State,urban/rural,Age,statesector,1,Nagaland,15 to 29,NA,NA,NA,NA,NA
487,1,0.237054795,0.504824102,0.195635989,0.039101243,0.023383869,1,2019,5,State,urban/rural,Age,statesector,1,Nagaland,30 to 45,NA,NA,NA,NA,NA
488,1,0.348977268,0.493975163,0.101236843,0,0.05581072,1,2019,5,State,urban/rural,Age,statesector,1,Nagaland,46 to 64,NA,NA,NA,NA,NA
489,1,0.782279789,0.132182583,0.08553762,0,0,1,2019,5,State,urban/rural,Age,statesector,1,Nagaland,65+,NA,NA,NA,NA,NA
706,1,0.783922672,0.193842486,0.022234863,0,0,1,2019,5,State,All,Education,state,99,Nagaland,NA,No education / Preschool,NA,NA,NA,NA
707,1,0.771277666,0.204099134,0.021611869,0.003011335,0,1,2019,5,State,All,Education,state,99,Nagaland,NA,Primary,NA,NA,NA,NA
708,1,0.692083955,0.251950204,0.03635424,0.011356214,0.008255385,1,2019,5,State,All,Education,state,99,Nagaland,NA,Secondary,NA,NA,NA,NA
709,1,0.394310832,0.325758845,0.163077116,0.041906066,0.074947126,1,2019,5,State,All,Education,state,99,Nagaland,NA,Higher,NA,NA,NA,NA
710,1,NA,NA,NA,NA,NA,0,2019,5,State,All,Education,state,99,Nagaland,NA,NA,NA,NA,NA,NA
955,1,0.833697259,0.155215159,0.011087579,0,0,1,2019,5,State,urban/rural,Education,statesector,0,Nagaland,NA,No education / Preschool,NA,NA,NA,NA
956,1,0.817637622,0.172455892,0.009068592,0.000837881,0,1,2019,5,State,urban/rural,Education,statesector,0,Nagaland,NA,Primary,NA,NA,NA,NA
957,1,0.764689982,0.209750399,0.022238566,0.003321076,0,1,2019,5,State,urban/rural,Education,statesector,0,Nagaland,NA,Secondary,NA,NA,NA,NA
958,1,0.501208007,0.402801394,0,0.012402104,0.083588503,1,2019,5,State,urban/rural,Education,statesector,0,Nagaland,NA,Higher,NA,NA,NA,NA
959,1,NA,NA,NA,NA,NA,0,2019,5,State,urban/rural,Education,statesector,0,Nagaland,NA,NA,NA,NA,NA,NA
960,1,0.374331981,0.511703193,0.113964818,0,0,1,2019,5,State,urban/rural,Education,statesector,1,Nagaland,NA,No education / Preschool,NA,NA,NA,NA
961,1,0.422926605,0.441867948,0.115862675,0.019342778,0,1,2019,5,State,urban/rural,Education,statesector,1,Nagaland,NA,Primary,NA,NA,NA,NA
962,1,0.200198114,0.537842333,0.131984085,0.065792084,0.064183362,1,2019,5,State,urban/rural,Education,statesector,1,Nagaland,NA,Secondary,NA,NA,NA,NA
963,1,0.124355346,0.131197482,0.574908137,0.116414651,0.053124391,1,2019,5,State,urban/rural,Education,statesector,1,Nagaland,NA,Higher,NA,NA,NA,NA
1126,1,0.752229154,0.215529397,0.022607595,0.005147141,0.004486714,1,2019,5,State,All,Gender,state,99,Nagaland,NA,NA,1,NA,NA,NA
1127,1,0.670415044,0.238053203,0.084721111,0.006810659,0,1,2019,5,State,All,Gender,state,99,Nagaland,NA,NA,2,NA,NA,NA
1128,1,NA,NA,NA,NA,NA,0,2019,5,State,All,Gender,state,99,Nagaland,NA,NA,NA,NA,NA,NA
1263,1,0.80616492,0.179478362,0.011278342,0.001657906,0.001420441,1,2019,5,State,urban/rural,Gender,statesector,0,Nagaland,NA,NA,1,NA,NA,NA
1264,1,0.763195932,0.20028539,0.036518693,0,0,1,2019,5,State,urban/rural,Gender,statesector,0,Nagaland,NA,NA,2,NA,NA,NA
1265,1,NA,NA,NA,NA,NA,0,2019,5,State,urban/rural,Gender,statesector,0,Nagaland,NA,NA,NA,NA,NA,NA
1266,1,0.334851593,0.494507253,0.110278063,0.03214829,0.028214801,1,2019,5,State,urban/rural,Gender,statesector,1,Nagaland,NA,NA,1,NA,NA,NA
1267,1,0.236112013,0.414842606,0.310354352,0.038691036,0,1,2019,5,State,urban/rural,Gender,statesector,1,Nagaland,NA,NA,2,NA,NA,NA
1428,1,0.868975997,0.131024018,0,0,0,1,2019,5,State,All,HH Size,state,99,Nagaland,NA,NA,NA,1,NA,NA
1429,1,0.784217477,0.184400216,0.026220255,0.004100844,0.001061242,1,2019,5,State,All,HH Size,state,99,Nagaland,NA,NA,NA,2 to 3,NA,NA
1430,1,0.707265496,0.237122774,0.039929159,0.008330135,0.007352421,1,2019,5,State,All,HH Size,state,99,Nagaland,NA,NA,NA,4 to 6,NA,NA
1431,1,0.75254333,0.236863703,0.010592963,0,0,1,2019,5,State,All,HH Size,state,99,Nagaland,NA,NA,NA,7+,NA,NA
1654,1,0.892894447,0.107105546,0,0,0,1,2019,5,State,urban/rural,HH Size,statesector,0,Nagaland,NA,NA,NA,1,NA,NA
1655,1,0.825253189,0.16611813,0.007650621,0.000978068,0,1,2019,5,State,urban/rural,HH Size,statesector,0,Nagaland,NA,NA,NA,2 to 3,NA,NA
1656,1,0.779371738,0.192592397,0.02297812,0.002477199,0.002580527,1,2019,5,State,urban/rural,HH Size,statesector,0,Nagaland,NA,NA,NA,4 to 6,NA,NA
1657,1,0.804380178,0.19403775,0.001582094,0,0,1,2019,5,State,urban/rural,HH Size,statesector,0,Nagaland,NA,NA,NA,7+,NA,NA
1658,1,0.68277061,0.31722939,0,0,0,1,2019,5,State,urban/rural,HH Size,statesector,1,Nagaland,NA,NA,NA,1,NA,NA
1659,1,0.440253377,0.337641716,0.181872085,0.030276151,0.009956642,1,2019,5,State,urban/rural,HH Size,statesector,1,Nagaland,NA,NA,NA,2 to 3,NA,NA
1660,1,0.266397178,0.509388149,0.143570349,0.044115856,0.036528487,1,2019,5,State,urban/rural,HH Size,statesector,1,Nagaland,NA,NA,NA,4 to 6,NA,NA
1661,1,0.216690987,0.679568112,0.103740916,0,0,1,2019,5,State,urban/rural,HH Size,statesector,1,Nagaland,NA,NA,NA,7+,NA,NA
1802,1,0.547983944,0.315027893,0.107909583,0.022703586,0.006375005,1,2019,5,State,All,Owns House,state,99,Nagaland,NA,NA,NA,NA,0,NA
1803,1,0.785568237,0.197073638,0.012254136,0.001595384,0.003508572,1,2019,5,State,All,Owns House,state,99,Nagaland,NA,NA,NA,NA,1,NA
1919,1,0.753414094,0.192647874,0.042663097,0,0.01127494,1,2019,5,State,urban/rural,Owns House,statesector,0,Nagaland,NA,NA,NA,NA,0,NA
1920,1,0.808142364,0.180106044,0.010065749,0.001685852,0,1,2019,5,State,urban/rural,Owns House,statesector,0,Nagaland,NA,NA,NA,NA,1,NA
1921,1,0.280711383,0.474249035,0.192797765,0.052241825,0,1,2019,5,State,urban/rural,Owns House,statesector,1,Nagaland,NA,NA,NA,NA,0,NA
1922,1,0.387477338,0.496294886,0.050846025,0,0.06538175,1,2019,5,State,urban/rural,Owns House,statesector,1,Nagaland,NA,NA,NA,NA,1,NA
2020,1,0.597619176,0.303317875,0.076276869,0.013467524,0.009318561,1,2019,5,State,All,Agri Land,state,99,Nagaland,NA,NA,NA,NA,NA,0
2021,1,0.809228301,0.179515734,0.007962629,0.001661994,0.001631316,1,2019,5,State,All,Agri Land,state,99,Nagaland,NA,NA,NA,NA,NA,1
2135,1,0.761552393,0.204990461,0.032632541,0.000824591,0,1,2019,5,State,urban/rural,Agri Land,statesector,0,Nagaland,NA,NA,NA,NA,NA,0
2136,1,0.814013422,0.174507678,0.008120351,0.001694914,0.001663628,1,2019,5,State,urban/rural,Agri Land,statesector,0,Nagaland,NA,NA,NA,NA,NA,1
2137,1,0.288826883,0.488531977,0.15848735,0.03728234,0.026871437,1,2019,5,State,urban/rural,Agri Land,statesector,1,Nagaland,NA,NA,NA,NA,NA,0
2138,1,0.567649126,0.432350904,0,0,0,1,2019,5,State,urban/rural,Agri Land,statesector,1,Nagaland,NA,NA,NA,NA,NA,1
2207,1,0.357046783,0.501271605,0.128464609,0.010714488,0.002502486,1,2015,4,State,All,All Households,state,99,Nagaland,NA,NA,NA,NA,NA,NA
2265,1,0.392453164,0.516548514,0.087099083,0.003531668,0.000367574,1,2015,4,State,urban/rural,All Households,statesector,0,Nagaland,NA,NA,NA,NA,NA,NA
2266,1,0.160444632,0.416443139,0.358156353,0.050598774,0.014357085,1,2015,4,State,urban/rural,All Households,statesector,1,Nagaland,NA,NA,NA,NA,NA,NA
2407,1,0.355242312,0.523284554,0.120892167,0.00058096,0,1,2015,4,State,All,Age,state,99,Nagaland,15 to 29,NA,NA,NA,NA,NA
2408,1,0.353727996,0.499434471,0.131703064,0.010401898,0.004732577,1,2015,4,State,All,Age,state,99,Nagaland,30 to 45,NA,NA,NA,NA,NA
2409,1,0.364432514,0.474907398,0.147514239,0.012190162,0.000955678,1,2015,4,State,All,Age,state,99,Nagaland,46 to 64,NA,NA,NA,NA,NA
2410,1,0.351242989,0.548974872,0.082488693,0.016121443,0.001171982,1,2015,4,State,All,Age,state,99,Nagaland,65+,NA,NA,NA,NA,NA
2411,1,1,0,0,0,0,1,2015,4,State,All,Age,state,99,Nagaland,NA,NA,NA,NA,NA,NA
2653,1,0.389016479,0.539099097,0.071138285,0.000746118,0,1,2015,4,State,urban/rural,Age,statesector,0,Nagaland,15 to 29,NA,NA,NA,NA,NA
2654,1,0.391848296,0.524446487,0.080954634,0.001882355,0.000868218,1,2015,4,State,urban/rural,Age,statesector,0,Nagaland,30 to 45,NA,NA,NA,NA,NA
2655,1,0.402845591,0.486362606,0.105821505,0.004970296,0,1,2015,4,State,urban/rural,Age,statesector,0,Nagaland,46 to 64,NA,NA,NA,NA,NA
2656,1,0.37470001,0.543092906,0.075336456,0.00687062,0,1,2015,4,State,urban/rural,Age,statesector,0,Nagaland,65+,NA,NA,NA,NA,NA
2657,1,NA,NA,NA,NA,NA,0,2015,4,State,urban/rural,Age,statesector,0,Nagaland,NA,NA,NA,NA,NA,NA
2658,1,0.236438572,0.46765548,0.295905948,0,0,1,2015,4,State,urban/rural,Age,statesector,1,Nagaland,15 to 29,NA,NA,NA,NA,NA
2659,1,0.159197673,0.371796519,0.390675485,0.05387767,0.024452647,1,2015,4,State,urban/rural,Age,statesector,1,Nagaland,30 to 45,NA,NA,NA,NA,NA
2660,1,0.133355498,0.405997574,0.398320407,0.055621881,0.006704642,1,2015,4,State,urban/rural,Age,statesector,1,Nagaland,46 to 64,NA,NA,NA,NA,NA
2661,1,0.107758962,0.610029817,0.156728953,0.112145066,0.01333717,1,2015,4,State,urban/rural,Age,statesector,1,Nagaland,65+,NA,NA,NA,NA,NA
2662,1,1,0,0,0,0,1,2015,4,State,urban/rural,Age,statesector,1,Nagaland,NA,NA,NA,NA,NA,NA
2880,1,0.501484513,0.425645083,0.068713866,0.004156544,0,1,2015,4,State,All,Education,state,99,Nagaland,NA,No education / Preschool,NA,NA,NA,NA
2881,1,0.312836915,0.558584034,0.122573897,0.005445158,0.000560019,1,2015,4,State,All,Education,state,99,Nagaland,NA,Primary,NA,NA,NA,NA
2882,1,0.208631307,0.555122435,0.209650382,0.020823674,0.005772224,1,2015,4,State,All,Education,state,99,Nagaland,NA,Secondary,NA,NA,NA,NA
2883,1,0.024778942,0.404104114,0.327209502,0.167560205,0.076347224,1,2015,4,State,All,Education,state,99,Nagaland,NA,Higher,NA,NA,NA,NA
2884,1,0,0.450517148,0.549482882,0,0,1,2015,4,State,All,Education,state,99,Nagaland,NA,NA,NA,NA,NA,NA
3136,1,0.534291863,0.423247278,0.041091871,0.001368988,0,1,2015,4,State,urban/rural,Education,statesector,0,Nagaland,NA,No education / Preschool,NA,NA,NA,NA
3137,1,0.339801043,0.559115112,0.097350381,0.00373349,0,1,2015,4,State,urban/rural,Education,statesector,0,Nagaland,NA,Primary,NA,NA,NA,NA
3138,1,0.228291318,0.621516705,0.143112227,0.007079785,0,1,2015,4,State,urban/rural,Education,statesector,0,Nagaland,NA,Secondary,NA,NA,NA,NA
3139,1,0.044536714,0.72632122,0.171198621,0,0.057943467,1,2015,4,State,urban/rural,Education,statesector,0,Nagaland,NA,Higher,NA,NA,NA,NA
3140,1,0,0.248033017,0.751966953,0,0,1,2015,4,State,urban/rural,Education,statesector,0,Nagaland,NA,NA,NA,NA,NA,NA
3141,1,0.225243673,0.445834786,0.301293522,0.027628014,0,1,2015,4,State,urban/rural,Education,statesector,1,Nagaland,NA,No education / Preschool,NA,NA,NA,NA
3142,1,0.148840711,0.555354059,0.275983661,0.015855543,0.003966059,1,2015,4,State,urban/rural,Education,statesector,1,Nagaland,NA,Primary,NA,NA,NA,NA
3143,1,0.138527378,0.318372756,0.446913123,0.069831833,0.026354905,1,2015,4,State,urban/rural,Education,statesector,1,Nagaland,NA,Secondary,NA,NA,NA,NA
3144,1,0,0,0.522868395,0.377703547,0.099428043,1,2015,4,State,urban/rural,Education,statesector,1,Nagaland,NA,Higher,NA,NA,NA,NA
3145,1,0,0.709900618,0.290099412,0,0,1,2015,4,State,urban/rural,Education,statesector,1,Nagaland,NA,NA,NA,NA,NA,NA
3313,1,0.359094411,0.501283169,0.128322184,0.009476517,0.001823726,1,2015,4,State,All,Gender,state,99,Nagaland,NA,NA,1,NA,NA,NA
3314,1,0.337617517,0.501162231,0.129816025,0.02246118,0.008943011,1,2015,4,State,All,Gender,state,99,Nagaland,NA,NA,2,NA,NA,NA
3315,1,NA,NA,NA,NA,NA,0,2015,4,State,All,Gender,state,99,Nagaland,NA,NA,NA,NA,NA,NA
3448,1,0.393191397,0.518563151,0.086730257,0.001109284,0.000405903,1,2015,4,State,urban/rural,Gender,statesector,0,Nagaland,NA,NA,1,NA,NA,NA
3449,1,0.385373682,0.497228146,0.090636112,0.026762078,0,1,2015,4,State,urban/rural,Gender,statesector,0,Nagaland,NA,NA,2,NA,NA,NA
3450,1,NA,NA,NA,NA,NA,0,2015,4,State,urban/rural,Gender,statesector,0,Nagaland,NA,NA,NA,NA,NA,NA
3451,1,0.168506116,0.404694796,0.360804319,0.056245975,0.009748784,1,2015,4,State,urban/rural,Gender,statesector,1,Nagaland,NA,NA,1,NA,NA,NA
3452,1,0.088213973,0.521707892,0.334430754,0,0.055647343,1,2015,4,State,urban/rural,Gender,statesector,1,Nagaland,NA,NA,2,NA,NA,NA
3453,1,NA,NA,NA,NA,NA,0,2015,4,State,urban/rural,Gender,statesector,1,Nagaland,NA,NA,NA,NA,NA,NA
3622,1,0.437516689,0.505701005,0.052855767,0.003926526,0,1,2015,4,State,All,HH Size,state,99,Nagaland,NA,NA,NA,1,NA,NA
3623,1,0.367940396,0.519875109,0.108300135,0.002898671,0.000985656,1,2015,4,State,All,HH Size,state,99,Nagaland,NA,NA,NA,2 to 3,NA,NA
3624,1,0.349293977,0.509486139,0.130684376,0.007068334,0.003467154,1,2015,4,State,All,HH Size,state,99,Nagaland,NA,NA,NA,4 to 6,NA,NA
3625,1,0.355042309,0.478908032,0.143061414,0.020867571,0.002120662,1,2015,4,State,All,HH Size,state,99,Nagaland,NA,NA,NA,7+,NA,NA
3626,1,NA,NA,NA,NA,NA,0,2015,4,State,All,HH Size,state,99,Nagaland,NA,NA,NA,NA,NA,NA
3868,1,0.462481737,0.502549708,0.030550053,0.004418537,0,1,2015,4,State,urban/rural,HH Size,statesector,0,Nagaland,NA,NA,NA,1,NA,NA
3869,1,0.390710771,0.522329211,0.08696001,0,0,1,2015,4,State,urban/rural,HH Size,statesector,0,Nagaland,NA,NA,NA,2 to 3,NA,NA
3870,1,0.387643039,0.525280476,0.082324006,0.003967496,0.000784969,1,2015,4,State,urban/rural,HH Size,statesector,0,Nagaland,NA,NA,NA,4 to 6,NA,NA
3871,1,0.393357515,0.502277553,0.099658877,0.00470604,0,1,2015,4,State,urban/rural,HH Size,statesector,0,Nagaland,NA,NA,NA,7+,NA,NA
3872,1,NA,NA,NA,NA,NA,0,2015,4,State,urban/rural,HH Size,statesector,0,Nagaland,NA,NA,NA,NA,NA,NA
3873,1,0.238281816,0.53085047,0.230867699,0,0,1,2015,4,State,urban/rural,HH Size,statesector,1,Nagaland,NA,NA,NA,1,NA,NA
3874,1,0.222237855,0.504171848,0.244851008,0.02144664,0.007292653,1,2015,4,State,urban/rural,HH Size,statesector,1,Nagaland,NA,NA,NA,2 to 3,NA,NA
3875,1,0.156788349,0.430201411,0.373444974,0.022633998,0.016931253,1,2015,4,State,urban/rural,HH Size,statesector,1,Nagaland,NA,NA,NA,4 to 6,NA,NA
3876,1,0.130653813,0.342047244,0.397243202,0.115515642,0.014540068,1,2015,4,State,urban/rural,HH Size,statesector,1,Nagaland,NA,NA,NA,7+,NA,NA
3877,1,NA,NA,NA,NA,NA,0,2015,4,State,urban/rural,HH Size,statesector,1,Nagaland,NA,NA,NA,NA,NA,NA
4039,1,0.320882231,0.450966865,0.2101316,0.01289092,0.005128393,1,2015,4,State,All,Owns House,state,99,Nagaland,NA,NA,NA,NA,0,NA
4040,1,0.366186053,0.513984323,0.10782627,0.010164475,0.001838884,1,2015,4,State,All,Owns House,state,99,Nagaland,NA,NA,NA,NA,1,NA
4041,1,NA,NA,NA,NA,NA,0,2015,4,State,All,Owns House,state,99,Nagaland,NA,NA,NA,NA,NA,NA
4175,1,0.421375781,0.482261956,0.096362278,0,0,1,2015,4,State,urban/rural,Owns House,statesector,0,Nagaland,NA,NA,NA,NA,0,NA
4176,1,0.388027757,0.521794617,0.085681744,0.004072042,0.000423815,1,2015,4,State,urban/rural,Owns House,statesector,0,Nagaland,NA,NA,NA,NA,1,NA
4177,1,NA,NA,NA,NA,NA,0,2015,4,State,urban/rural,Owns House,statesector,0,Nagaland,NA,NA,NA,NA,NA,NA
4178,1,0.194308147,0.411549956,0.353426844,0.029127344,0.011587728,1,2015,4,State,urban/rural,Owns House,statesector,1,Nagaland,NA,NA,NA,NA,0,NA
4179,1,0.112702385,0.423341781,0.364824265,0.080870122,0.018261446,1,2015,4,State,urban/rural,Owns House,statesector,1,Nagaland,NA,NA,NA,NA,1,NA
4180,1,NA,NA,NA,NA,NA,0,2015,4,State,urban/rural,Owns House,statesector,1,Nagaland,NA,NA,NA,NA,NA,NA
4298,1,0.362128824,0.448644429,0.167482898,0.016342092,0.005401768,1,2015,4,State,All,Agri Land,state,99,Nagaland,NA,NA,NA,NA,NA,0
4299,1,0.353578836,0.537184179,0.101838738,0.00687424,0.00052403,1,2015,4,State,All,Agri Land,state,99,Nagaland,NA,NA,NA,NA,NA,1
4300,1,NA,NA,NA,NA,NA,0,2015,4,State,All,Agri Land,state,99,Nagaland,NA,NA,NA,NA,NA,NA
4434,1,0.44437018,0.452939242,0.09677317,0.005917426,0,1,2015,4,State,urban/rural,Agri Land,statesector,0,Nagaland,NA,NA,NA,NA,NA,0
4435,1,0.367201865,0.547486663,0.082393825,0.002371289,0.000546353,1,2015,4,State,urban/rural,Agri Land,statesector,0,Nagaland,NA,NA,NA,NA,NA,1
4436,1,NA,NA,NA,NA,NA,0,2015,4,State,urban/rural,Agri Land,statesector,0,Nagaland,NA,NA,NA,NA,NA,NA
4437,1,0.184417158,0.439363956,0.32027638,0.038868293,0.017074209,1,2015,4,State,urban/rural,Agri Land,statesector,1,Nagaland,NA,NA,NA,NA,NA,0
4438,1,0.033775531,0.29533121,0.558311462,0.112581797,0,1,2015,4,State,urban/rural,Agri Land,statesector,1,Nagaland,NA,NA,NA,NA,NA,1
4439,1,NA,NA,NA,NA,NA,0,2015,4,State,urban/rural,Agri Land,statesector,1,Nagaland,NA,NA,NA,NA,NA,NA
29,1,0.834442019,0.142731622,0.016343039,0.004876496,0.001606808,1,2019,5,State,All,All Households,state,99,Odisha,NA,NA,NA,NA,NA,NA
90,1,0.842522979,0.138589233,0.014784963,0.002738733,0.001364109,1,2019,5,State,urban/rural,All Households,statesector,0,Odisha,NA,NA,NA,NA,NA,NA
91,1,0.697361052,0.213001221,0.042773444,0.04114043,0.00572383,1,2019,5,State,urban/rural,All Households,statesector,1,Odisha,NA,NA,NA,NA,NA,NA
238,1,0.842626274,0.137537777,0.016360397,0.002546369,0.000929198,1,2019,5,State,All,Age,state,99,Odisha,15 to 29,NA,NA,NA,NA,NA
239,1,0.832377851,0.142656401,0.018358072,0.00610132,0.000506331,1,2019,5,State,All,Age,state,99,Odisha,30 to 45,NA,NA,NA,NA,NA
240,1,0.833631217,0.148790255,0.015400132,0.001346979,0.000831397,1,2019,5,State,All,Age,state,99,Odisha,46 to 64,NA,NA,NA,NA,NA
241,1,0.83617419,0.131904379,0.012199546,0.011964176,0.007757719,1,2019,5,State,All,Age,state,99,Odisha,65+,NA,NA,NA,NA,NA
242,1,NA,NA,NA,NA,NA,0,2019,5,State,All,Age,state,99,Odisha,NA,NA,NA,NA,NA,NA
490,1,0.848572493,0.134156585,0.015551228,0.001719713,0,1,2019,5,State,urban/rural,Age,statesector,0,Odisha,15 to 29,NA,NA,NA,NA,NA
491,1,0.84259814,0.138990641,0.014823803,0.003587394,0,1,2019,5,State,urban/rural,Age,statesector,0,Odisha,30 to 45,NA,NA,NA,NA,NA
492,1,0.838756084,0.14404656,0.015252718,0.001057997,0.000886646,1,2019,5,State,urban/rural,Age,statesector,0,Odisha,46 to 64,NA,NA,NA,NA,NA
493,1,0.846690059,0.127228349,0.012826636,0.005098435,0.008156486,1,2019,5,State,urban/rural,Age,statesector,0,Odisha,65+,NA,NA,NA,NA,NA
494,1,NA,NA,NA,NA,NA,0,2019,5,State,urban/rural,Age,statesector,0,Odisha,NA,NA,NA,NA,NA,NA
495,1,0.758981168,0.185100868,0.02774292,0.014174892,0.01400017,1,2019,5,State,urban/rural,Age,statesector,1,Odisha,15 to 29,NA,NA,NA,NA,NA
496,1,0.63682574,0.212795943,0.085981838,0.054202128,0.010194341,1,2019,5,State,urban/rural,Age,statesector,1,Odisha,30 to 45,NA,NA,NA,NA,NA
497,1,0.756511331,0.220174581,0.017618459,0.005695645,0,1,2019,5,State,urban/rural,Age,statesector,1,Odisha,46 to 64,NA,NA,NA,NA,NA
498,1,0.631595135,0.222872868,0,0.145532012,0,1,2019,5,State,urban/rural,Age,statesector,1,Odisha,65+,NA,NA,NA,NA,NA
711,1,0.896075964,0.09205243,0.010721381,0.001150252,0,1,2019,5,State,All,Education,state,99,Odisha,NA,No education / Preschool,NA,NA,NA,NA
712,1,0.796201169,0.176393941,0.018157752,0.006589078,0.002658055,1,2019,5,State,All,Education,state,99,Odisha,NA,Primary,NA,NA,NA,NA
713,1,0.746821284,0.213128075,0.02654754,0.010540946,0.002962154,1,2019,5,State,All,Education,state,99,Odisha,NA,Secondary,NA,NA,NA,NA
714,1,0.551068544,0.312844306,0.058232516,0.040836893,0.037017714,1,2019,5,State,All,Education,state,99,Odisha,NA,Higher,NA,NA,NA,NA
715,1,0.944478035,0.05552195,0,0,0,1,2019,5,State,All,Education,state,99,Odisha,NA,NA,NA,NA,NA,NA
964,1,0.905687571,0.084208354,0.00954439,0.000559705,0,1,2019,5,State,urban/rural,Education,statesector,0,Odisha,NA,No education / Preschool,NA,NA,NA,NA
965,1,0.799864948,0.17730251,0.017113894,0.002911711,0.002806965,1,2019,5,State,urban/rural,Education,statesector,0,Odisha,NA,Primary,NA,NA,NA,NA
966,1,0.758523047,0.209136322,0.023017922,0.006756227,0.002566485,1,2019,5,State,urban/rural,Education,statesector,0,Odisha,NA,Secondary,NA,NA,NA,NA
967,1,0.572252035,0.324870259,0.060471017,0.042406689,0,1,2019,5,State,urban/rural,Education,statesector,0,Odisha,NA,Higher,NA,NA,NA,NA
968,1,0.944478035,0.05552195,0,0,0,1,2019,5,State,urban/rural,Education,statesector,0,Odisha,NA,NA,NA,NA,NA,NA
969,1,0.740699172,0.218856022,0.029748045,0.010696759,0,1,2019,5,State,urban/rural,Education,statesector,1,Odisha,NA,No education / Preschool,NA,NA,NA,NA
970,1,0.730802894,0.160175979,0.036790714,0.072230421,0,1,2019,5,State,urban/rural,Education,statesector,1,Odisha,NA,Primary,NA,NA,NA,NA
971,1,0.543164611,0.282600373,0.087976739,0.076409921,0.009848341,1,2019,5,State,urban/rural,Education,statesector,1,Odisha,NA,Secondary,NA,NA,NA,NA
972,1,0,0,0,0,1,1,2019,5,State,urban/rural,Education,statesector,1,Odisha,NA,Higher,NA,NA,NA,NA
1129,1,0.834273756,0.141731143,0.016496809,0.005605288,0.001892995,1,2019,5,State,All,Gender,state,99,Odisha,NA,NA,1,NA,NA,NA
1130,1,0.835386813,0.148348853,0.015479686,0.000784668,0,1,2019,5,State,All,Gender,state,99,Odisha,NA,NA,2,NA,NA,NA
1131,1,NA,NA,NA,NA,NA,0,2019,5,State,All,Gender,state,99,Odisha,NA,NA,NA,NA,NA,NA
1268,1,0.842620969,0.137754232,0.014801515,0.003219642,0.00160364,1,2019,5,State,urban/rural,Gender,statesector,0,Odisha,NA,NA,1,NA,NA,NA
1269,1,0.841964841,0.143344432,0.014690704,0,0,1,2019,5,State,urban/rural,Gender,statesector,0,Odisha,NA,NA,2,NA,NA,NA
1270,1,NA,NA,NA,NA,NA,0,2019,5,State,urban/rural,Gender,statesector,0,Odisha,NA,NA,NA,NA,NA,NA
1271,1,0.687032461,0.211882263,0.046401106,0.047687087,0.006997092,1,2019,5,State,urban/rural,Gender,statesector,1,Odisha,NA,NA,1,NA,NA,NA
1272,1,0.743792415,0.218031392,0.026465641,0.011710539,0,1,2019,5,State,urban/rural,Gender,statesector,1,Odisha,NA,NA,2,NA,NA,NA
1432,1,0.939585984,0.059087425,0.001326614,0,0,1,2019,5,State,All,HH Size,state,99,Odisha,NA,NA,NA,1,NA,NA
1433,1,0.862707555,0.125523582,0.010229141,0.00107343,0.00046629,1,2019,5,State,All,HH Size,state,99,Odisha,NA,NA,NA,2 to 3,NA,NA
1434,1,0.826069057,0.148107573,0.019246019,0.005723644,0.000853742,1,2019,5,State,All,HH Size,state,99,Odisha,NA,NA,NA,4 to 6,NA,NA
1435,1,0.807134986,0.161863133,0.017185085,0.007868939,0.005947888,1,2019,5,State,All,HH Size,state,99,Odisha,NA,NA,NA,7+,NA,NA
1662,1,0.936868846,0.06170563,0.001425531,0,0,1,2019,5,State,urban/rural,HH Size,statesector,0,Odisha,NA,NA,NA,1,NA,NA
1663,1,0.867275774,0.123457775,0.008448365,0.000818101,0,1,2019,5,State,urban/rural,HH Size,statesector,0,Odisha,NA,NA,NA,2 to 3,NA,NA
1664,1,0.837657452,0.141995192,0.017506897,0.002327642,0.00051279,1,2019,5,State,urban/rural,HH Size,statesector,0,Odisha,NA,NA,NA,4 to 6,NA,NA
1665,1,0.810633123,0.159918845,0.016218299,0.007048733,0.006180977,1,2019,5,State,urban/rural,HH Size,statesector,0,Odisha,NA,NA,NA,7+,NA,NA
1666,1,0.976026356,0.023973657,0,0,0,1,2019,5,State,urban/rural,HH Size,statesector,1,Odisha,NA,NA,NA,1,NA,NA
1667,1,0.786211908,0.160116106,0.040048584,0.005348973,0.008274422,1,2019,5,State,urban/rural,HH Size,statesector,1,Odisha,NA,NA,NA,2 to 3,NA,NA
1668,1,0.644460738,0.243897572,0.046500642,0.05894405,0.006196973,1,2019,5,State,urban/rural,HH Size,statesector,1,Odisha,NA,NA,NA,4 to 6,NA,NA
1669,1,0.717869639,0.211476624,0.041855104,0.028798643,0,1,2019,5,State,urban/rural,HH Size,statesector,1,Odisha,NA,NA,NA,7+,NA,NA
1804,1,0.824546397,0.140672192,0.019250482,0.013460808,0.002070117,1,2019,5,State,All,Owns House,state,99,Odisha,NA,NA,NA,NA,0,NA
1805,1,0.836242259,0.143106282,0.015814105,0.003314801,0.001522521,1,2019,5,State,All,Owns House,state,99,Odisha,NA,NA,NA,NA,1,NA
1923,1,0.844661236,0.13793157,0.016276058,0.00113115,0,1,2019,5,State,urban/rural,Owns House,statesector,0,Odisha,NA,NA,NA,NA,0,NA
1924,1,0.842159986,0.138700873,0.014531842,0.003011629,0.001595674,1,2019,5,State,urban/rural,Owns House,statesector,0,Odisha,NA,NA,NA,NA,1,NA
1925,1,0.661246836,0.162921607,0.043397952,0.113557525,0.018876091,1,2019,5,State,urban/rural,Owns House,statesector,1,Odisha,NA,NA,NA,NA,0,NA
1926,1,0.713077903,0.234795734,0.042501662,0.009624693,0,1,2019,5,State,urban/rural,Owns House,statesector,1,Odisha,NA,NA,NA,NA,1,NA
2022,1,0.838119745,0.137628838,0.016842201,0.00666435,0.000744894,1,2019,5,State,All,Agri Land,state,99,Odisha,NA,NA,NA,NA,NA,0
2023,1,0.831692874,0.146546081,0.015969904,0.003540037,0.002251107,1,2019,5,State,All,Agri Land,state,99,Odisha,NA,NA,NA,NA,NA,1
2139,1,0.855705619,0.128167465,0.013420461,0.002706437,0,1,2019,5,State,urban/rural,Agri Land,statesector,0,Odisha,NA,NA,NA,NA,NA,0
2140,1,0.833615363,0.145631284,0.015706968,0.002760556,0.002285847,1,2019,5,State,urban/rural,Agri Land,statesector,0,Odisha,NA,NA,NA,NA,NA,1
2141,1,0.695554376,0.214330196,0.044581525,0.038750313,0.006783596,1,2019,5,State,urban/rural,Agri Land,statesector,1,Odisha,NA,NA,NA,NA,NA,0
2142,1,0.707119167,0.205823392,0.03300795,0.054049514,0,1,2019,5,State,urban/rural,Agri Land,statesector,1,Odisha,NA,NA,NA,NA,NA,1
2208,1,0.693342865,0.256467998,0.043583903,0.006100551,0.0005047,1,2015,4,State,All,All Households,state,99,Odisha,NA,NA,NA,NA,NA,NA
2267,1,0.70440805,0.251819581,0.038460955,0.004928307,0.000383106,1,2015,4,State,urban/rural,All Households,statesector,0,Odisha,NA,NA,NA,NA,NA,NA
2268,1,0.531398892,0.324499607,0.118560351,0.023256838,0.002284279,1,2015,4,State,urban/rural,All Households,statesector,1,Odisha,NA,NA,NA,NA,NA,NA
2412,1,0.693245709,0.25778082,0.043081913,0.004272327,0.00161921,1,2015,4,State,All,Age,state,99,Odisha,15 to 29,NA,NA,NA,NA,NA
2413,1,0.715633452,0.236485168,0.042159237,0.005387853,0.000334297,1,2015,4,State,All,Age,state,99,Odisha,30 to 45,NA,NA,NA,NA,NA
2414,1,0.676485598,0.273247778,0.042796753,0.007130804,0.000339078,1,2015,4,State,All,Age,state,99,Odisha,46 to 64,NA,NA,NA,NA,NA
2415,1,0.660910904,0.280016452,0.051150288,0.007256452,0.000665909,1,2015,4,State,All,Age,state,99,Odisha,65+,NA,NA,NA,NA,NA
2416,1,1,0,0,0,0,1,2015,4,State,All,Age,state,99,Odisha,NA,NA,NA,NA,NA,NA
2663,1,0.705235481,0.251064867,0.03883294,0.003083045,0.001783645,1,2015,4,State,urban/rural,Age,statesector,0,Odisha,15 to 29,NA,NA,NA,NA,NA
2664,1,0.72733289,0.233865783,0.03549191,0.003309401,0,1,2015,4,State,urban/rural,Age,statesector,0,Odisha,30 to 45,NA,NA,NA,NA,NA
2665,1,0.690980732,0.264062524,0.038067557,0.006528549,0.000360629,1,2015,4,State,urban/rural,Age,statesector,0,Odisha,46 to 64,NA,NA,NA,NA,NA
2666,1,0.661046147,0.281254262,0.049417693,0.007585787,0.000696131,1,2015,4,State,urban/rural,Age,statesector,0,Odisha,65+,NA,NA,NA,NA,NA
2667,1,1,0,0,0,0,1,2015,4,State,urban/rural,Age,statesector,0,Odisha,NA,NA,NA,NA,NA,NA
2668,1,0.575181544,0.323913306,0.084921867,0.015983274,0,1,2015,4,State,urban/rural,Age,statesector,1,Odisha,15 to 29,NA,NA,NA,NA,NA
2669,1,0.551862299,0.273151875,0.135489628,0.034482379,0.005013837,1,2015,4,State,urban/rural,Age,statesector,1,Odisha,30 to 45,NA,NA,NA,NA,NA
2670,1,0.448418856,0.417768538,0.117205895,0.01660669,0,1,2015,4,State,urban/rural,Age,statesector,1,Odisha,46 to 64,NA,NA,NA,NA,NA
2671,1,0.657931387,0.252743036,0.089325599,0,0,1,2015,4,State,urban/rural,Age,statesector,1,Odisha,65+,NA,NA,NA,NA,NA
2885,1,0.788146675,0.18532759,0.023536274,0.002989444,0,1,2015,4,State,All,Education,state,99,Odisha,NA,No education / Preschool,NA,NA,NA,NA
2886,1,0.639090896,0.296494901,0.054802392,0.009198028,0.000413807,1,2015,4,State,All,Education,state,99,Odisha,NA,Primary,NA,NA,NA,NA
2887,1,0.559989512,0.36113739,0.069674216,0.008098388,0.001100451,1,2015,4,State,All,Education,state,99,Odisha,NA,Secondary,NA,NA,NA,NA
2888,1,0.438456237,0.362211019,0.143492892,0.036519509,0.019320346,1,2015,4,State,All,Education,state,99,Odisha,NA,Higher,NA,NA,NA,NA
2889,1,0.796479881,0.150128931,0.053391192,0,0,1,2015,4,State,All,Education,state,99,Odisha,NA,NA,NA,NA,NA,NA
3146,1,0.802158952,0.176380783,0.018939693,0.002520605,0,1,2015,4,State,urban/rural,Education,statesector,0,Odisha,NA,No education / Preschool,NA,NA,NA,NA
3147,1,0.648994625,0.295321465,0.047455639,0.007790447,0.000437833,1,2015,4,State,urban/rural,Education,statesector,0,Odisha,NA,Primary,NA,NA,NA,NA
3148,1,0.568339407,0.359928191,0.065106288,0.005451333,0.001174824,1,2015,4,State,urban/rural,Education,statesector,0,Odisha,NA,Secondary,NA,NA,NA,NA
3149,1,0.461097032,0.345573336,0.15410842,0.039221205,0,1,2015,4,State,urban/rural,Education,statesector,0,Odisha,NA,Higher,NA,NA,NA,NA
3150,1,0.782332957,0.160564557,0.057102472,0,0,1,2015,4,State,urban/rural,Education,statesector,0,Odisha,NA,NA,NA,NA,NA,NA
3151,1,0.600414753,0.305194438,0.085119963,0.009270817,0,1,2015,4,State,urban/rural,Education,statesector,1,Odisha,NA,No education / Preschool,NA,NA,NA,NA
3152,1,0.468518287,0.316704899,0.181335941,0.033440866,0,1,2015,4,State,urban/rural,Education,statesector,1,Odisha,NA,Primary,NA,NA,NA,NA
3153,1,0.436441481,0.379029632,0.137263447,0.047265433,0,1,2015,4,State,urban/rural,Education,statesector,1,Odisha,NA,Secondary,NA,NA,NA,NA
3154,1,0.132414758,0.587106705,0,0,0.280478537,1,2015,4,State,urban/rural,Education,statesector,1,Odisha,NA,Higher,NA,NA,NA,NA
3155,1,1,0,0,0,0,1,2015,4,State,urban/rural,Education,statesector,1,Odisha,NA,NA,NA,NA,NA,NA
3316,1,0.688105285,0.260111719,0.045068916,0.006144975,0.000569102,1,2015,4,State,All,Gender,state,99,Odisha,NA,NA,1,NA,NA,NA
3317,1,0.734387636,0.227913544,0.031946421,0.005752417,0,1,2015,4,State,All,Gender,state,99,Odisha,NA,NA,2,NA,NA,NA
3318,1,NA,NA,NA,NA,NA,0,2015,4,State,All,Gender,state,99,Odisha,NA,NA,NA,NA,NA,NA
3454,1,0.699220002,0.25611645,0.039363407,0.004870254,0.000429907,1,2015,4,State,urban/rural,Gender,statesector,0,Odisha,NA,NA,1,NA,NA,NA
3455,1,0.746876955,0.216645882,0.031073632,0.005403521,0,1,2015,4,State,urban/rural,Gender,statesector,0,Odisha,NA,NA,2,NA,NA,NA
3456,1,NA,NA,NA,NA,NA,0,2015,4,State,urban/rural,Gender,statesector,0,Odisha,NA,NA,NA,NA,NA,NA
3457,1,0.512155116,0.323358327,0.135389537,0.026324356,0.002772631,1,2015,4,State,urban/rural,Gender,statesector,1,Odisha,NA,NA,1,NA,NA,NA
3458,1,0.621412158,0.329837948,0.039841447,0.008908447,0,1,2015,4,State,urban/rural,Gender,statesector,1,Odisha,NA,NA,2,NA,NA,NA
3627,1,0.872693956,0.111234009,0.016072029,0,0,1,2015,4,State,All,HH Size,state,99,Odisha,NA,NA,NA,1,NA,NA
3628,1,0.735878289,0.224704817,0.03559855,0.003818314,0,1,2015,4,State,All,HH Size,state,99,Odisha,NA,NA,NA,2 to 3,NA,NA
3629,1,0.691196501,0.261110812,0.043250401,0.004104645,0.000337658,1,2015,4,State,All,HH Size,state,99,Odisha,NA,NA,NA,4 to 6,NA,NA
3630,1,0.647758663,0.282801121,0.053760264,0.014212224,0.001467712,1,2015,4,State,All,HH Size,state,99,Odisha,NA,NA,NA,7+,NA,NA
3631,1,NA,NA,NA,NA,NA,0,2015,4,State,All,HH Size,state,99,Odisha,NA,NA,NA,NA,NA,NA
3878,1,0.874786973,0.109340578,0.015872436,0,0,1,2015,4,State,urban/rural,HH Size,statesector,0,Odisha,NA,NA,NA,1,NA,NA
3879,1,0.739880025,0.224282935,0.032344084,0.003492979,0,1,2015,4,State,urban/rural,HH Size,statesector,0,Odisha,NA,NA,NA,2 to 3,NA,NA
3880,1,0.700818002,0.257701784,0.038526736,0.002593884,0.000359611,1,2015,4,State,urban/rural,HH Size,statesector,0,Odisha,NA,NA,NA,4 to 6,NA,NA
3881,1,0.669090509,0.271156549,0.045625012,0.013294226,0.000833713,1,2015,4,State,urban/rural,HH Size,statesector,0,Odisha,NA,NA,NA,7+,NA,NA
3882,1,NA,NA,NA,NA,NA,0,2015,4,State,urban/rural,HH Size,statesector,0,Odisha,NA,NA,NA,NA,NA,NA
3883,1,0.834872663,0.14544861,0.019678701,0,0,1,2015,4,State,urban/rural,HH Size,statesector,1,Odisha,NA,NA,NA,1,NA,NA
3884,1,0.671361029,0.23150681,0.088068657,0.009063525,0,1,2015,4,State,urban/rural,HH Size,statesector,1,Odisha,NA,NA,NA,2 to 3,NA,NA
3885,1,0.543203294,0.313546687,0.115907528,0.027342461,0,1,2015,4,State,urban/rural,HH Size,statesector,1,Odisha,NA,NA,NA,4 to 6,NA,NA
3886,1,0.395617276,0.420439571,0.149918646,0.025062928,0.008961559,1,2015,4,State,urban/rural,HH Size,statesector,1,Odisha,NA,NA,NA,7+,NA,NA
4042,1,0.646795869,0.291632921,0.054479945,0.006830909,0.000260342,1,2015,4,State,All,Owns House,state,99,Odisha,NA,NA,NA,NA,0,NA
4043,1,0.700297236,0.251214147,0.041955967,0.005991431,0.000541208,1,2015,4,State,All,Owns House,state,99,Odisha,NA,NA,NA,NA,1,NA
4044,1,NA,NA,NA,NA,NA,0,2015,4,State,All,Owns House,state,99,Odisha,NA,NA,NA,NA,NA,NA
4181,1,0.65760088,0.29294607,0.043287415,0.005865575,0.000300068,1,2015,4,State,urban/rural,Owns House,statesector,0,Odisha,NA,NA,NA,NA,0,NA
4182,1,0.710820019,0.246185794,0.037799794,0.004799913,0.000394481,1,2015,4,State,urban/rural,Owns House,statesector,0,Odisha,NA,NA,NA,NA,1,NA
4183,1,NA,NA,NA,NA,NA,0,2015,4,State,urban/rural,Owns House,statesector,0,Odisha,NA,NA,NA,NA,NA,NA
4184,1,0.575986922,0.2830275,0.127828509,0.013157084,0,1,2015,4,State,urban/rural,Owns House,statesector,1,Odisha,NA,NA,NA,NA,0,NA
4185,1,0.514985204,0.339766294,0.115148567,0.026974754,0.003125167,1,2015,4,State,urban/rural,Owns House,statesector,1,Odisha,NA,NA,NA,NA,1,NA
4301,1,0.714069903,0.234931886,0.044833075,0.005859384,0.000305722,1,2015,4,State,All,Agri Land,state,99,Odisha,NA,NA,NA,NA,NA,0
4302,1,0.674372494,0.276178777,0.042440608,0.006321278,0.000686812,1,2015,4,State,All,Agri Land,state,99,Odisha,NA,NA,NA,NA,NA,1
4303,1,NA,NA,NA,NA,NA,0,2015,4,State,All,Agri Land,state,99,Odisha,NA,NA,NA,NA,NA,NA
4440,1,0.736472011,0.225126415,0.034628414,0.003773131,0,1,2015,4,State,urban/rural,Agri Land,statesector,0,Odisha,NA,NA,NA,NA,NA,0
4441,1,0.678115666,0.273707926,0.041603636,0.005875549,0.000697252,1,2015,4,State,urban/rural,Agri Land,statesector,0,Odisha,NA,NA,NA,NA,NA,1
4442,1,NA,NA,NA,NA,NA,0,2015,4,State,urban/rural,Agri Land,statesector,0,Odisha,NA,NA,NA,NA,NA,NA
4443,1,0.545781732,0.30859217,0.12149211,0.021531649,0.002602357,1,2015,4,State,urban/rural,Agri Land,statesector,1,Odisha,NA,NA,NA,NA,NA,0
4444,1,0.428108722,0.438739091,0.097505882,0.035646316,0,1,2015,4,State,urban/rural,Agri Land,statesector,1,Odisha,NA,NA,NA,NA,NA,1
30,1,0.476088643,0.211836696,0.022539226,0.253070831,0.036464602,1,2019,5,State,All,All Households,state,99,Puducherry,NA,NA,NA,NA,NA,NA
92,1,0.694808543,0.305191457,0,0,0,1,2019,5,State,urban/rural,All Households,statesector,0,Puducherry,NA,NA,NA,NA,NA,NA
93,1,0.361145854,0.162776425,0.034384154,0.3860659,0.055627663,1,2019,5,State,urban/rural,All Households,statesector,1,Puducherry,NA,NA,NA,NA,NA,NA
243,1,0.231329039,0.573346555,0,0.195324391,0,1,2019,5,State,All,Age,state,99,Puducherry,15 to 29,NA,NA,NA,NA,NA
244,1,0.38531062,0.043334194,0.033262767,0.504472733,0.03361968,1,2019,5,State,All,Age,state,99,Puducherry,30 to 45,NA,NA,NA,NA,NA
245,1,0.488943785,0.30799365,0.007150318,0.122502401,0.073409878,1,2019,5,State,All,Age,state,99,Puducherry,46 to 64,NA,NA,NA,NA,NA
246,1,0.656129599,0.257764727,0.028405052,0.043014523,0.014686116,1,2019,5,State,All,Age,state,99,Puducherry,65+,NA,NA,NA,NA,NA
499,1,0,1,0,0,0,1,2019,5,State,urban/rural,Age,statesector,0,Puducherry,15 to 29,NA,NA,NA,NA,NA
500,1,1,0,0,0,0,1,2019,5,State,urban/rural,Age,statesector,0,Puducherry,30 to 45,NA,NA,NA,NA,NA
501,1,0.662268698,0.337731332,0,0,0,1,2019,5,State,urban/rural,Age,statesector,0,Puducherry,46 to 64,NA,NA,NA,NA,NA
502,1,0.777847767,0.222152218,0,0,0,1,2019,5,State,urban/rural,Age,statesector,0,Puducherry,65+,NA,NA,NA,NA,NA
503,1,0.386555105,0.287054211,0,0.326390684,0,1,2019,5,State,urban/rural,Age,statesector,1,Puducherry,15 to 29,NA,NA,NA,NA,NA
504,1,0.341238946,0.046441145,0.035647623,0.540642142,0.036030125,1,2019,5,State,urban/rural,Age,statesector,1,Puducherry,30 to 45,NA,NA,NA,NA,NA
505,1,0.388641208,0.290784538,0.011288185,0.193394139,0.115891933,1,2019,5,State,urban/rural,Age,statesector,1,Puducherry,46 to 64,NA,NA,NA,NA,NA
506,1,0.377953529,0.339153945,0.093322247,0.141320348,0.048249915,1,2019,5,State,urban/rural,Age,statesector,1,Puducherry,65+,NA,NA,NA,NA,NA
716,1,0.576865911,0.293627203,0.035577752,0.093929157,0,1,2019,5,State,All,Education,state,99,Puducherry,NA,No education / Preschool,NA,NA,NA,NA
717,1,0.423708081,0.123196714,0.012306808,0.433792949,0.006995473,1,2019,5,State,All,Education,state,99,Puducherry,NA,Primary,NA,NA,NA,NA
718,1,0.487769663,0.345754027,0.02618951,0.107255392,0.033031389,1,2019,5,State,All,Education,state,99,Puducherry,NA,Secondary,NA,NA,NA,NA
719,1,0,0,0,0.1383982,0.86160177,1,2019,5,State,All,Education,state,99,Puducherry,NA,Higher,NA,NA,NA,NA
973,1,0.797207773,0.202792212,0,0,0,1,2019,5,State,urban/rural,Education,statesector,0,Puducherry,NA,No education / Preschool,NA,NA,NA,NA
974,1,0.583874822,0.416125208,0,0,0,1,2019,5,State,urban/rural,Education,statesector,0,Puducherry,NA,Primary,NA,NA,NA,NA
975,1,0.464606225,0.535393775,0,0,0,1,2019,5,State,urban/rural,Education,statesector,0,Puducherry,NA,Secondary,NA,NA,NA,NA
976,1,0.311298937,0.403106034,0.078457825,0.207137212,0,1,2019,5,State,urban/rural,Education,statesector,1,Puducherry,NA,No education / Preschool,NA,NA,NA,NA
977,1,0.390464544,0.062397718,0.014861156,0.523829162,0.008447423,1,2019,5,State,urban/rural,Education,statesector,1,Puducherry,NA,Primary,NA,NA,NA,NA
978,1,0.506898701,0.189144075,0.047817562,0.195829988,0.060309663,1,2019,5,State,urban/rural,Education,statesector,1,Puducherry,NA,Secondary,NA,NA,NA,NA
979,1,0,0,0,0.1383982,0.86160177,1,2019,5,State,urban/rural,Education,statesector,1,Puducherry,NA,Higher,NA,NA,NA,NA
1132,1,0.287642658,0.252019912,0.034902286,0.368969232,0.056465909,1,2019,5,State,All,Gender,state,99,Puducherry,NA,NA,1,NA,NA,NA
1133,1,0.819646478,0.138578221,0,0.041775271,0,1,2019,5,State,All,Gender,state,99,Puducherry,NA,NA,2,NA,NA,NA
1273,1,0.332337022,0.667662978,0,0,0,1,2019,5,State,urban/rural,Gender,statesector,0,Puducherry,NA,NA,1,NA,NA,NA
1274,1,0.905370414,0.094629601,0,0,0,1,2019,5,State,urban/rural,Gender,statesector,0,Puducherry,NA,NA,2,NA,NA,NA
1275,1,0.276745975,0.150684521,0.043411601,0.458925366,0.070232518,1,2019,5,State,urban/rural,Gender,statesector,1,Puducherry,NA,NA,1,NA,NA,NA
1276,1,0.682611942,0.208832622,0,0.108555451,0,1,2019,5,State,urban/rural,Gender,statesector,1,Puducherry,NA,NA,2,NA,NA,NA
1436,1,0.827734768,0.172265261,0,0,0,1,2019,5,State,All,HH Size,state,99,Puducherry,NA,NA,NA,1,NA,NA
1437,1,0.600232124,0.333304137,0.008243492,0.058220241,0,1,2019,5,State,All,HH Size,state,99,Puducherry,NA,NA,NA,2 to 3,NA,NA
1438,1,0.272008091,0.173431873,0.112175889,0.297142148,0.145242006,1,2019,5,State,All,HH Size,state,99,Puducherry,NA,NA,NA,4 to 6,NA,NA
1439,1,0.331228763,0.178097814,0,0.466140121,0.024533298,1,2019,5,State,All,HH Size,state,99,Puducherry,NA,NA,NA,7+,NA,NA
1670,1,0.961096466,0.038903527,0,0,0,1,2019,5,State,urban/rural,HH Size,statesector,0,Puducherry,NA,NA,NA,1,NA,NA
1671,1,0.645709276,0.354290724,0,0,0,1,2019,5,State,urban/rural,HH Size,statesector,0,Puducherry,NA,NA,NA,2 to 3,NA,NA
1672,1,0.437183827,0.562816203,0,0,0,1,2019,5,State,urban/rural,HH Size,statesector,0,Puducherry,NA,NA,NA,4 to 6,NA,NA
1673,1,0.482240081,0.517759919,0,0,0,1,2019,5,State,urban/rural,HH Size,statesector,0,Puducherry,NA,NA,NA,7+,NA,NA
1674,1,0.659243584,0.340756416,0,0,0,1,2019,5,State,urban/rural,HH Size,statesector,1,Puducherry,NA,NA,NA,1,NA,NA
1675,1,0.516791046,0.294798106,0.023368584,0.165042281,0,1,2019,5,State,urban/rural,HH Size,statesector,1,Puducherry,NA,NA,NA,2 to 3,NA,NA
1676,1,0.230948254,0.076637626,0.140060887,0.371006578,0.18134667,1,2019,5,State,urban/rural,HH Size,statesector,1,Puducherry,NA,NA,NA,4 to 6,NA,NA
1677,1,0.307736993,0.125258967,0,0.538654268,0.02834977,1,2019,5,State,urban/rural,HH Size,statesector,1,Puducherry,NA,NA,NA,7+,NA,NA
1806,1,0.485165089,0.336999089,0,0.177835852,0,1,2019,5,State,All,Owns House,state,99,Puducherry,NA,NA,NA,NA,0,NA
1807,1,0.473548442,0.176807821,0.028847223,0.274126679,0.046669856,1,2019,5,State,All,Owns House,state,99,Puducherry,NA,NA,NA,NA,1,NA
1927,1,0.664301276,0.335698754,0,0,0,1,2019,5,State,urban/rural,Owns House,statesector,0,Puducherry,NA,NA,NA,NA,0,NA
1928,1,0.706902623,0.293097377,0,0,0,1,2019,5,State,urban/rural,Owns House,statesector,0,Puducherry,NA,NA,NA,NA,1,NA
1929,1,0.340228349,0.33805114,0,0.321720511,0,1,2019,5,State,urban/rural,Owns House,statesector,1,Puducherry,NA,NA,NA,NA,0,NA
1930,1,0.365874916,0.123149879,0.04215781,0.400613278,0.068204105,1,2019,5,State,urban/rural,Owns House,statesector,1,Puducherry,NA,NA,NA,NA,1,NA
2024,1,0.489633083,0.189413875,0.023180455,0.260270566,0.037501998,1,2019,5,State,All,Agri Land,state,99,Puducherry,NA,NA,NA,NA,NA,0
2025,1,0,1,0,0,0,1,2019,5,State,All,Agri Land,state,99,Puducherry,NA,NA,NA,NA,NA,1
2143,1,0.755473256,0.244526744,0,0,0,1,2019,5,State,urban/rural,Agri Land,statesector,0,Puducherry,NA,NA,NA,NA,NA,0
2144,1,0,1,0,0,0,1,2019,5,State,urban/rural,Agri Land,statesector,0,Puducherry,NA,NA,NA,NA,NA,1
2145,1,0.361145854,0.162776425,0.034384154,0.3860659,0.055627663,1,2019,5,State,urban/rural,Agri Land,statesector,1,Puducherry,NA,NA,NA,NA,NA,0
2209,1,0.308367252,0.43042466,0.220152974,0.040287245,0.000767851,1,2015,4,State,All,All Households,state,99,Puducherry,NA,NA,NA,NA,NA,NA
2269,1,0.382071376,0.49599874,0.121929877,0,0,1,2015,4,State,urban/rural,All Households,statesector,0,Puducherry,NA,NA,NA,NA,NA,NA
2270,1,0.17251347,0.309556395,0.40120095,0.114545994,0.002183178,1,2015,4,State,urban/rural,All Households,statesector,1,Puducherry,NA,NA,NA,NA,NA,NA
2417,1,0.080124408,0.867291927,0.012238028,0.040345613,0,1,2015,4,State,All,Age,state,99,Puducherry,15 to 29,NA,NA,NA,NA,NA
2418,1,0.343248814,0.338812202,0.269503832,0.04668979,0.001745365,1,2015,4,State,All,Age,state,99,Puducherry,30 to 45,NA,NA,NA,NA,NA
2419,1,0.203759253,0.48715359,0.262255013,0.046832137,0,1,2015,4,State,All,Age,state,99,Puducherry,46 to 64,NA,NA,NA,NA,NA
2420,1,0.512625217,0.347419173,0.127013281,0.012942326,0,1,2015,4,State,All,Age,state,99,Puducherry,65+,NA,NA,NA,NA,NA
2672,1,0.089944951,0.910055041,0,0,0,1,2015,4,State,urban/rural,Age,statesector,0,Puducherry,15 to 29,NA,NA,NA,NA,NA
2673,1,0.591820776,0.331392258,0.076786965,0,0,1,2015,4,State,urban/rural,Age,statesector,0,Puducherry,30 to 45,NA,NA,NA,NA,NA
2674,1,0.211975396,0.580713987,0.207310632,0,0,1,2015,4,State,urban/rural,Age,statesector,0,Puducherry,46 to 64,NA,NA,NA,NA,NA
2675,1,0.410605341,0.436934739,0.152459905,0,0,1,2015,4,State,urban/rural,Age,statesector,0,Puducherry,65+,NA,NA,NA,NA,NA
2676,1,0,0.518394053,0.112086333,0.369519621,0,1,2015,4,State,urban/rural,Age,statesector,1,Puducherry,15 to 29,NA,NA,NA,NA,NA
2677,1,0.029051017,0.348191082,0.513100147,0.105706215,0.003951527,1,2015,4,State,urban/rural,Age,statesector,1,Puducherry,30 to 45,NA,NA,NA,NA,NA
2678,1,0.188848898,0.31736353,0.361966133,0.131821439,0,1,2015,4,State,urban/rural,Age,statesector,1,Puducherry,46 to 64,NA,NA,NA,NA,NA
2679,1,0.836876869,0.062910169,0.046135824,0.054077163,0,1,2015,4,State,urban/rural,Age,statesector,1,Puducherry,65+,NA,NA,NA,NA,NA
2890,1,0.25898248,0.498817474,0.208984867,0.033215161,0,1,2015,4,State,All,Education,state,99,Puducherry,NA,No education / Preschool,NA,NA,NA,NA
2891,1,0.466087013,0.188691452,0.286363959,0.058857553,0,1,2015,4,State,All,Education,state,99,Puducherry,NA,Primary,NA,NA,NA,NA
2892,1,0.255872846,0.537344575,0.168467999,0.035889391,0.002425223,1,2015,4,State,All,Education,state,99,Puducherry,NA,Secondary,NA,NA,NA,NA
2893,1,0,0.347722083,0.652277946,0,0,1,2015,4,State,All,Education,state,99,Puducherry,NA,Higher,NA,NA,NA,NA
3156,1,0.256954551,0.548317492,0.194727927,0,0,1,2015,4,State,urban/rural,Education,statesector,0,Puducherry,NA,No education / Preschool,NA,NA,NA,NA
3157,1,0.668277204,0.275262952,0.05645987,0,0,1,2015,4,State,urban/rural,Education,statesector,0,Puducherry,NA,Primary,NA,NA,NA,NA
3158,1,0.355411679,0.588130295,0.056458034,0,0,1,2015,4,State,urban/rural,Education,statesector,0,Puducherry,NA,Secondary,NA,NA,NA,NA
3159,1,0,0.347722083,0.652277946,0,0,1,2015,4,State,urban/rural,Education,statesector,0,Puducherry,NA,Higher,NA,NA,NA,NA
3160,1,0.262504786,0.412840307,0.233747914,0.09090697,0,1,2015,4,State,urban/rural,Education,statesector,1,Puducherry,NA,No education / Preschool,NA,NA,NA,NA
3161,1,0.179020673,0.065778628,0.612778127,0.142422557,0,1,2015,4,State,urban/rural,Education,statesector,1,Puducherry,NA,Primary,NA,NA,NA,NA
3162,1,0.017634694,0.415793031,0.43655476,0.121787734,0.008229799,1,2015,4,State,urban/rural,Education,statesector,1,Puducherry,NA,Secondary,NA,NA,NA,NA
3319,1,0.27458936,0.453780323,0.232411429,0.038192697,0.001026177,1,2015,4,State,All,Gender,state,99,Puducherry,NA,NA,1,NA,NA,NA
3320,1,0.408768773,0.361002207,0.18371594,0.046513088,0,1,2015,4,State,All,Gender,state,99,Puducherry,NA,NA,2,NA,NA,NA
3459,1,0.36996907,0.534289896,0.095741048,0,0,1,2015,4,State,urban/rural,Gender,statesector,0,Puducherry,NA,NA,1,NA,NA,NA
3460,1,0.420446724,0.374581009,0.204972282,0,0,1,2015,4,State,urban/rural,Gender,statesector,0,Puducherry,NA,NA,2,NA,NA,NA
3461,1,0.090535432,0.298421293,0.496143848,0.111893035,0.003006388,1,2015,4,State,urban/rural,Gender,statesector,1,Puducherry,NA,NA,1,NA,NA,NA
3462,1,0.389921457,0.339087039,0.149409786,0.121581711,0,1,2015,4,State,urban/rural,Gender,statesector,1,Puducherry,NA,NA,2,NA,NA,NA
3632,1,0.755119681,0.230552867,0.014327441,0,0,1,2015,4,State,All,HH Size,state,99,Puducherry,NA,NA,NA,1,NA,NA
3633,1,0.274451494,0.547699332,0.082712218,0.089554451,0.005582511,1,2015,4,State,All,HH Size,state,99,Puducherry,NA,NA,NA,2 to 3,NA,NA
3634,1,0.267553508,0.412960023,0.288900048,0.030586438,0,1,2015,4,State,All,HH Size,state,99,Puducherry,NA,NA,NA,4 to 6,NA,NA
3635,1,0.233165264,0.498325855,0.214344606,0.054164272,0,1,2015,4,State,All,HH Size,state,99,Puducherry,NA,NA,NA,7+,NA,NA
3887,1,0.788776875,0.186494112,0.024728987,0,0,1,2015,4,State,urban/rural,HH Size,statesector,0,Puducherry,NA,NA,NA,1,NA,NA
3888,1,0.267848432,0.620449364,0.111702211,0,0,1,2015,4,State,urban/rural,HH Size,statesector,0,Puducherry,NA,NA,NA,2 to 3,NA,NA
3889,1,0.394035727,0.525974691,0.079989575,0,0,1,2015,4,State,urban/rural,HH Size,statesector,0,Puducherry,NA,NA,NA,4 to 6,NA,NA
3890,1,0.271967262,0.478018135,0.250014603,0,0,1,2015,4,State,urban/rural,HH Size,statesector,0,Puducherry,NA,NA,NA,7+,NA,NA
3891,1,0.708759129,0.291240871,0,0,0,1,2015,4,State,urban/rural,HH Size,statesector,1,Puducherry,NA,NA,NA,1,NA,NA
3892,1,0.282529593,0.458698153,0.047246363,0.199113816,0.01241206,1,2015,4,State,urban/rural,HH Size,statesector,1,Puducherry,NA,NA,NA,2 to 3,NA,NA
3893,1,0.06653095,0.233341902,0.620928645,0.079198517,0,1,2015,4,State,urban/rural,HH Size,statesector,1,Puducherry,NA,NA,NA,4 to 6,NA,NA
3894,1,0,0.620356977,0,0.379643023,0,1,2015,4,State,urban/rural,HH Size,statesector,1,Puducherry,NA,NA,NA,7+,NA,NA
4045,1,0.173001081,0.224215522,0.518075943,0.084707431,0,1,2015,4,State,All,Owns House,state,99,Puducherry,NA,NA,NA,NA,0,NA
4046,1,0.342425168,0.48230651,0.14519608,0.029111205,0.00096104,1,2015,4,State,All,Owns House,state,99,Puducherry,NA,NA,NA,NA,1,NA
4186,1,0.468207806,0.417975992,0.113816217,0,0,1,2015,4,State,urban/rural,Owns House,statesector,0,Puducherry,NA,NA,NA,NA,0,NA
4187,1,0.370925367,0.506094873,0.122979783,0,0,1,2015,4,State,urban/rural,Owns House,statesector,0,Puducherry,NA,NA,NA,NA,1,NA
4188,1,0,0.110665351,0.754985809,0.13434884,0,1,2015,4,State,urban/rural,Owns House,statesector,1,Puducherry,NA,NA,NA,NA,0,NA
4189,1,0.2697061,0.421609938,0.201881558,0.103389233,0.003413161,1,2015,4,State,urban/rural,Owns House,statesector,1,Puducherry,NA,NA,NA,NA,1,NA
4304,1,0.31649971,0.415403515,0.225958973,0.041349724,0.000788101,1,2015,4,State,All,Agri Land,state,99,Puducherry,NA,NA,NA,NA,NA,0
4305,1,0,1,0,0,0,1,2015,4,State,All,Agri Land,state,99,Puducherry,NA,NA,NA,NA,NA,1
4445,1,0.397839785,0.475198209,0.126962021,0,0,1,2015,4,State,urban/rural,Agri Land,statesector,0,Puducherry,NA,NA,NA,NA,NA,0
4446,1,0,1,0,0,0,1,2015,4,State,urban/rural,Agri Land,statesector,0,Puducherry,NA,NA,NA,NA,NA,1
4447,1,0.17251347,0.309556395,0.40120095,0.114545994,0.002183178,1,2015,4,State,urban/rural,Agri Land,statesector,1,Puducherry,NA,NA,NA,NA,NA,0
31,1,0.143793494,0.281778961,0.250619113,0.2012178,0.122590624,1,2019,5,State,All,All Households,state,99,Punjab,NA,NA,NA,NA,NA,NA
94,1,0.15668045,0.332580745,0.24093917,0.189809397,0.079990238,1,2019,5,State,urban/rural,All Households,statesector,0,Punjab,NA,NA,NA,NA,NA,NA
95,1,0.118865006,0.183508143,0.269343972,0.223286182,0.204996705,1,2019,5,State,urban/rural,All Households,statesector,1,Punjab,NA,NA,NA,NA,NA,NA
247,1,0.141103119,0.384244472,0.207870737,0.239372104,0.027409583,1,2019,5,State,All,Age,state,99,Punjab,15 to 29,NA,NA,NA,NA,NA
248,1,0.168705061,0.259318918,0.306626767,0.177415445,0.087933816,1,2019,5,State,All,Age,state,99,Punjab,30 to 45,NA,NA,NA,NA,NA
249,1,0.094294943,0.230008334,0.245793387,0.263765037,0.166138291,1,2019,5,State,All,Age,state,99,Punjab,46 to 64,NA,NA,NA,NA,NA
250,1,0.171566546,0.335345,0.176066935,0.127275825,0.189745679,1,2019,5,State,All,Age,state,99,Punjab,65+,NA,NA,NA,NA,NA
507,1,0.114537761,0.423756659,0.233564049,0.212213382,0.015928134,1,2019,5,State,urban/rural,Age,statesector,0,Punjab,15 to 29,NA,NA,NA,NA,NA
508,1,0.19415462,0.316423923,0.263508081,0.168728307,0.057185069,1,2019,5,State,urban/rural,Age,statesector,0,Punjab,30 to 45,NA,NA,NA,NA,NA
509,1,0.094208434,0.321073502,0.238048747,0.263845503,0.082823813,1,2019,5,State,urban/rural,Age,statesector,0,Punjab,46 to 64,NA,NA,NA,NA,NA
510,1,0.194432229,0.319647849,0.212514117,0.123590812,0.149814993,1,2019,5,State,urban/rural,Age,statesector,0,Punjab,65+,NA,NA,NA,NA,NA
511,1,0.193266243,0.306659192,0.15741995,0.29270032,0.049954284,1,2019,5,State,urban/rural,Age,statesector,1,Punjab,15 to 29,NA,NA,NA,NA,NA
512,1,0.124669805,0.160510331,0.381234854,0.192446768,0.141138241,1,2019,5,State,urban/rural,Age,statesector,1,Punjab,30 to 45,NA,NA,NA,NA,NA
513,1,0.094428852,0.089047007,0.257781476,0.263640463,0.295102209,1,2019,5,State,urban/rural,Age,statesector,1,Punjab,46 to 64,NA,NA,NA,NA,NA
514,1,0.087561049,0.393014282,0.042164806,0.140814081,0.336445749,1,2019,5,State,urban/rural,Age,statesector,1,Punjab,65+,NA,NA,NA,NA,NA
720,1,0.150519237,0.314839542,0.234818965,0.193999469,0.105822802,1,2019,5,State,All,Education,state,99,Punjab,NA,No education / Preschool,NA,NA,NA,NA
721,1,0.157793552,0.272460848,0.331661731,0.154528901,0.083554961,1,2019,5,State,All,Education,state,99,Punjab,NA,Primary,NA,NA,NA,NA
722,1,0.087986365,0.130416721,0.201672211,0.319687158,0.260237515,1,2019,5,State,All,Education,state,99,Punjab,NA,Secondary,NA,NA,NA,NA
723,1,0,0,0,0.166746825,0.833253145,1,2019,5,State,All,Education,state,99,Punjab,NA,Higher,NA,NA,NA,NA
980,1,0.171465084,0.378996909,0.218640462,0.163623661,0.067273892,1,2019,5,State,urban/rural,Education,statesector,0,Punjab,NA,No education / Preschool,NA,NA,NA,NA
981,1,0.147525221,0.291855723,0.338914722,0.172474131,0.049230203,1,2019,5,State,urban/rural,Education,statesector,0,Punjab,NA,Primary,NA,NA,NA,NA
982,1,0.100329287,0.175791353,0.184570044,0.345964015,0.193345323,1,2019,5,State,urban/rural,Education,statesector,0,Punjab,NA,Secondary,NA,NA,NA,NA
983,1,0.112492785,0.198364064,0.264190465,0.249145672,0.175806999,1,2019,5,State,urban/rural,Education,statesector,1,Punjab,NA,No education / Preschool,NA,NA,NA,NA
984,1,0.180563599,0.229452655,0.315578222,0.114735261,0.159670278,1,2019,5,State,urban/rural,Education,statesector,1,Punjab,NA,Primary,NA,NA,NA,NA
985,1,0.05920713,0.024619503,0.2415483,0.258419096,0.416205972,1,2019,5,State,urban/rural,Education,statesector,1,Punjab,NA,Secondary,NA,NA,NA,NA
986,1,0,0,0,0.166746825,0.833253145,1,2019,5,State,urban/rural,Education,statesector,1,Punjab,NA,Higher,NA,NA,NA,NA
1134,1,0.137267351,0.274329305,0.270296007,0.201576367,0.116530985,1,2019,5,State,All,Gender,state,99,Punjab,NA,NA,1,NA,NA,NA
1135,1,0.183524445,0.327132314,0.130826816,0.19903487,0.159481555,1,2019,5,State,All,Gender,state,99,Punjab,NA,NA,2,NA,NA,NA
1277,1,0.152596354,0.319240034,0.261977404,0.179760471,0.086425751,1,2019,5,State,urban/rural,Gender,statesector,0,Punjab,NA,NA,1,NA,NA,NA
1278,1,0.183393568,0.419839084,0.103333183,0.255537063,0.037897103,1,2019,5,State,urban/rural,Gender,statesector,0,Punjab,NA,NA,2,NA,NA,NA
1279,1,0.106740102,0.184890851,0.286862224,0.245022103,0.176484704,1,2019,5,State,urban/rural,Gender,statesector,1,Punjab,NA,NA,1,NA,NA,NA
1280,1,0.183737651,0.176110119,0.175614789,0.10699106,0.357546389,1,2019,5,State,urban/rural,Gender,statesector,1,Punjab,NA,NA,2,NA,NA,NA
1440,1,0.503736675,0.34684667,0.08775913,0.038386285,0.023271259,1,2019,5,State,All,HH Size,state,99,Punjab,NA,NA,NA,1,NA,NA
1441,1,0.342365324,0.36197257,0.169761866,0.085801005,0.040099237,1,2019,5,State,All,HH Size,state,99,Punjab,NA,NA,NA,2 to 3,NA,NA
1442,1,0.130142123,0.307796478,0.282088429,0.187576324,0.092396662,1,2019,5,State,All,HH Size,state,99,Punjab,NA,NA,NA,4 to 6,NA,NA
1443,1,0.078140415,0.205809593,0.233528659,0.273768246,0.208753094,1,2019,5,State,All,HH Size,state,99,Punjab,NA,NA,NA,7+,NA,NA
1678,1,0.53973484,0.338042706,0.050270535,0.044795293,0.027156649,1,2019,5,State,urban/rural,HH Size,statesector,0,Punjab,NA,NA,NA,1,NA,NA
1679,1,0.337701648,0.376750052,0.164903954,0.101462677,0.019181643,1,2019,5,State,urban/rural,HH Size,statesector,0,Punjab,NA,NA,NA,2 to 3,NA,NA
1680,1,0.131691054,0.38025564,0.267729551,0.183120534,0.037203219,1,2019,5,State,urban/rural,HH Size,statesector,0,Punjab,NA,NA,NA,4 to 6,NA,NA
1681,1,0.097966559,0.220490739,0.236263141,0.251782954,0.1934966,1,2019,5,State,urban/rural,HH Size,statesector,0,Punjab,NA,NA,NA,7+,NA,NA
1682,1,0.288128406,0.39957726,0.312294304,0,0,1,2019,5,State,urban/rural,HH Size,statesector,1,Punjab,NA,NA,NA,1,NA,NA
1683,1,0.354158491,0.324604183,0.182046235,0.046196792,0.092994295,1,2019,5,State,urban/rural,HH Size,statesector,1,Punjab,NA,NA,NA,2 to 3,NA,NA
1684,1,0.126888797,0.155607224,0.312247038,0.196934998,0.208321929,1,2019,5,State,urban/rural,HH Size,statesector,1,Punjab,NA,NA,NA,4 to 6,NA,NA
1685,1,0.048914257,0.184167773,0.229497701,0.306177258,0.231243014,1,2019,5,State,urban/rural,HH Size,statesector,1,Punjab,NA,NA,NA,7+,NA,NA
1808,1,0.157958716,0.29987219,0.239162564,0.223913476,0.079093069,1,2019,5,State,All,Owns House,state,99,Punjab,NA,NA,NA,NA,0,NA
1809,1,0.132854015,0.267805994,0.259466767,0.183690444,0.156182796,1,2019,5,State,All,Owns House,state,99,Punjab,NA,NA,NA,NA,1,NA
1931,1,0.184769109,0.344519198,0.212091848,0.217509836,0.04111002,1,2019,5,State,urban/rural,Owns House,statesector,0,Punjab,NA,NA,NA,NA,0,NA
1932,1,0.139236957,0.325166762,0.258853823,0.17260699,0.104135461,1,2019,5,State,urban/rural,Owns House,statesector,0,Punjab,NA,NA,NA,NA,1,NA
1933,1,0.121001214,0.238327324,0.276478887,0.232740745,0.131451815,1,2019,5,State,urban/rural,Owns House,statesector,1,Punjab,NA,NA,NA,NA,0,NA
1934,1,0.116381347,0.119772986,0.261048585,0.212293893,0.290503204,1,2019,5,State,urban/rural,Owns House,statesector,1,Punjab,NA,NA,NA,NA,1,NA
2026,1,0.148950428,0.296257675,0.252087295,0.194147661,0.108556941,1,2019,5,State,All,Agri Land,state,99,Punjab,NA,NA,NA,NA,NA,0
2027,1,0.094084673,0.142215475,0.23646687,0.26936841,0.257864565,1,2019,5,State,All,Agri Land,state,99,Punjab,NA,NA,NA,NA,NA,1
2146,1,0.168850303,0.360675901,0.239804968,0.174853086,0.055815741,1,2019,5,State,urban/rural,Agri Land,statesector,0,Punjab,NA,NA,NA,NA,NA,0
2147,1,0.078109168,0.151192009,0.248261884,0.286370724,0.236066207,1,2019,5,State,urban/rural,Agri Land,statesector,0,Punjab,NA,NA,NA,NA,NA,1
2148,1,0.115063958,0.186563164,0.273002267,0.227003425,0.198367193,1,2019,5,State,urban/rural,Agri Land,statesector,1,Punjab,NA,NA,NA,NA,NA,0
2149,1,0.347185224,0,0.049597889,0,0.603216887,1,2019,5,State,urban/rural,Agri Land,statesector,1,Punjab,NA,NA,NA,NA,NA,1
2210,1,0.075829417,0.257551759,0.37701562,0.206434458,0.083168745,1,2015,4,State,All,All Households,state,99,Punjab,NA,NA,NA,NA,NA,NA
2271,1,0.069096677,0.288010687,0.408858865,0.189562097,0.044471681,1,2015,4,State,urban/rural,All Households,statesector,0,Punjab,NA,NA,NA,NA,NA,NA
2272,1,0.094684556,0.172251105,0.287838072,0.253685802,0.19154048,1,2015,4,State,urban/rural,All Households,statesector,1,Punjab,NA,NA,NA,NA,NA,NA
2421,1,0.076617047,0.314926207,0.414264113,0.153508469,0.040684149,1,2015,4,State,All,Age,state,99,Punjab,15 to 29,NA,NA,NA,NA,NA
2422,1,0.071380444,0.249525309,0.401382327,0.200544581,0.077167347,1,2015,4,State,All,Age,state,99,Punjab,30 to 45,NA,NA,NA,NA,NA
2423,1,0.089576297,0.238693103,0.347158551,0.201661304,0.122910738,1,2015,4,State,All,Age,state,99,Punjab,46 to 64,NA,NA,NA,NA,NA
2424,1,0.059425332,0.268982559,0.339226544,0.277301997,0.055063579,1,2015,4,State,All,Age,state,99,Punjab,65+,NA,NA,NA,NA,NA
2680,1,0.041239955,0.307447314,0.475384265,0.119425155,0.056503303,1,2015,4,State,urban/rural,Age,statesector,0,Punjab,15 to 29,NA,NA,NA,NA,NA
2681,1,0.066845708,0.289848596,0.433200777,0.173694536,0.036410391,1,2015,4,State,urban/rural,Age,statesector,0,Punjab,30 to 45,NA,NA,NA,NA,NA
2682,1,0.090881154,0.292604685,0.391698718,0.166534439,0.058281008,1,2015,4,State,urban/rural,Age,statesector,0,Punjab,46 to 64,NA,NA,NA,NA,NA
2683,1,0.053673696,0.262890816,0.343351096,0.311259419,0.028824991,1,2015,4,State,urban/rural,Age,statesector,0,Punjab,65+,NA,NA,NA,NA,NA
2684,1,0.155280083,0.331555992,0.27835986,0.229294702,0.005509335,1,2015,4,State,urban/rural,Age,statesector,1,Punjab,15 to 29,NA,NA,NA,NA,NA
2685,1,0.08087647,0.165085912,0.33475253,0.256770194,0.16251488,1,2015,4,State,urban/rural,Age,statesector,1,Punjab,30 to 45,NA,NA,NA,NA,NA
2686,1,0.085224584,0.058896955,0.198616296,0.318810076,0.338452101,1,2015,4,State,urban/rural,Age,statesector,1,Punjab,46 to 64,NA,NA,NA,NA,NA
2687,1,0.099895433,0.31184569,0.310205162,0.038368091,0.239685625,1,2015,4,State,urban/rural,Age,statesector,1,Punjab,65+,NA,NA,NA,NA,NA
2894,1,0.098870851,0.276831865,0.363749146,0.198622376,0.061925765,1,2015,4,State,All,Education,state,99,Punjab,NA,No education / Preschool,NA,NA,NA,NA
2895,1,0.019475847,0.225944817,0.406904608,0.251477063,0.096197665,1,2015,4,State,All,Education,state,99,Punjab,NA,Primary,NA,NA,NA,NA
2896,1,0.025013188,0.203103065,0.401719272,0.195910543,0.174253941,1,2015,4,State,All,Education,state,99,Punjab,NA,Secondary,NA,NA,NA,NA
2897,1,0,0,0.528645992,0,0.471353978,1,2015,4,State,All,Education,state,99,Punjab,NA,Higher,NA,NA,NA,NA
3163,1,0.091414884,0.311685264,0.390277594,0.180495262,0.026126986,1,2015,4,State,urban/rural,Education,statesector,0,Punjab,NA,No education / Preschool,NA,NA,NA,NA
3164,1,0.013476007,0.216222301,0.438195854,0.264617473,0.06748835,1,2015,4,State,urban/rural,Education,statesector,0,Punjab,NA,Primary,NA,NA,NA,NA
3165,1,0.013831719,0.254049569,0.472294152,0.131378025,0.128446549,1,2015,4,State,urban/rural,Education,statesector,0,Punjab,NA,Secondary,NA,NA,NA,NA
3166,1,0,0,1,0,0,1,2015,4,State,urban/rural,Education,statesector,0,Punjab,NA,Higher,NA,NA,NA,NA
3167,1,0.120757826,0.174519867,0.285875022,0.251834393,0.1670129,1,2015,4,State,urban/rural,Education,statesector,1,Punjab,NA,No education / Preschool,NA,NA,NA,NA
3168,1,0.033331152,0.248396784,0.334644407,0.221132189,0.162495449,1,2015,4,State,urban/rural,Education,statesector,1,Punjab,NA,Primary,NA,NA,NA,NA
3169,1,0.068094596,0.006809786,0.129799306,0.444549739,0.350746572,1,2015,4,State,urban/rural,Education,statesector,1,Punjab,NA,Secondary,NA,NA,NA,NA
3170,1,0,0,0.429877341,0,0.570122659,1,2015,4,State,urban/rural,Education,statesector,1,Punjab,NA,Higher,NA,NA,NA,NA
3321,1,0.077746063,0.248613134,0.388314694,0.208417922,0.076908171,1,2015,4,State,All,Gender,state,99,Punjab,NA,NA,1,NA,NA,NA
3322,1,0.05757999,0.342661113,0.269431025,0.18754898,0.142778903,1,2015,4,State,All,Gender,state,99,Punjab,NA,NA,2,NA,NA,NA
3463,1,0.069521278,0.274057537,0.417399645,0.193864703,0.045156829,1,2015,4,State,urban/rural,Gender,statesector,0,Punjab,NA,NA,1,NA,NA,NA
3464,1,0.065037102,0.421416193,0.327200711,0.148424968,0.037921038,1,2015,4,State,urban/rural,Gender,statesector,0,Punjab,NA,NA,2,NA,NA,NA
3465,1,0.100814089,0.177249387,0.306740284,0.249235228,0.165961012,1,2015,4,State,urban/rural,Gender,statesector,1,Punjab,NA,NA,1,NA,NA,NA
3466,1,0.036989585,0.125204235,0.109918624,0.295577347,0.432310194,1,2015,4,State,urban/rural,Gender,statesector,1,Punjab,NA,NA,2,NA,NA,NA
3636,1,0.342949212,0.5186584,0.124472477,0.013919878,0,1,2015,4,State,All,HH Size,state,99,Punjab,NA,NA,NA,1,NA,NA
3637,1,0.089562185,0.47775352,0.265743434,0.150479287,0.016461577,1,2015,4,State,All,HH Size,state,99,Punjab,NA,NA,NA,2 to 3,NA,NA
3638,1,0.074839458,0.25578776,0.426326185,0.193626717,0.049419876,1,2015,4,State,All,HH Size,state,99,Punjab,NA,NA,NA,4 to 6,NA,NA
3639,1,0.06087159,0.159831986,0.334446788,0.263183475,0.18166618,1,2015,4,State,All,HH Size,state,99,Punjab,NA,NA,NA,7+,NA,NA
3895,1,0.392510474,0.475215286,0.132274255,0,0,1,2015,4,State,urban/rural,HH Size,statesector,0,Punjab,NA,NA,NA,1,NA,NA
3896,1,0.080868609,0.542063296,0.246659666,0.121532291,0.008876109,1,2015,4,State,urban/rural,HH Size,statesector,0,Punjab,NA,NA,NA,2 to 3,NA,NA
3897,1,0.071773618,0.268170685,0.444931984,0.189153001,0.025970725,1,2015,4,State,urban/rural,HH Size,statesector,0,Punjab,NA,NA,NA,4 to 6,NA,NA
3898,1,0.042410079,0.205326691,0.413027644,0.231662199,0.107573375,1,2015,4,State,urban/rural,HH Size,statesector,0,Punjab,NA,NA,NA,7+,NA,NA
3899,1,0.227924064,0.619484305,0.106365561,0.046226088,0,1,2015,4,State,urban/rural,HH Size,statesector,1,Punjab,NA,NA,NA,1,NA,NA
3900,1,0.117265359,0.272822291,0.326556206,0.242722496,0.04063363,1,2015,4,State,urban/rural,HH Size,statesector,1,Punjab,NA,NA,NA,2 to 3,NA,NA
3901,1,0.085397698,0.213143066,0.362250865,0.209033459,0.130174905,1,2015,4,State,urban/rural,HH Size,statesector,1,Punjab,NA,NA,NA,4 to 6,NA,NA
3902,1,0.095489845,0.074522167,0.187095255,0.322290808,0.32060191,1,2015,4,State,urban/rural,HH Size,statesector,1,Punjab,NA,NA,NA,7+,NA,NA
4047,1,0.241387412,0.275334835,0.323086828,0.136672795,0.023518097,1,2015,4,State,All,Owns House,state,99,Punjab,NA,NA,NA,NA,0,NA
4048,1,0.042611759,0.253983766,0.38783592,0.220431492,0.095137082,1,2015,4,State,All,Owns House,state,99,Punjab,NA,NA,NA,NA,1,NA
4190,1,0.203717411,0.330865175,0.32682839,0.119601026,0.018988021,1,2015,4,State,urban/rural,Owns House,statesector,0,Punjab,NA,NA,NA,NA,0,NA
4191,1,0.04949278,0.28177008,0.420804411,0.199750051,0.048182692,1,2015,4,State,urban/rural,Owns House,statesector,0,Punjab,NA,NA,NA,NA,1,NA
4192,1,0.289429158,0.204515278,0.318315119,0.158444971,0.029295444,1,2015,4,State,urban/rural,Owns House,statesector,1,Punjab,NA,NA,NA,NA,0,NA
4193,1,0.019277656,0.159758121,0.276037067,0.290563911,0.254363239,1,2015,4,State,urban/rural,Owns House,statesector,1,Punjab,NA,NA,NA,NA,1,NA
4306,1,0.082842723,0.267323285,0.384787828,0.189827695,0.075218461,1,2015,4,State,All,Agri Land,state,99,Punjab,NA,NA,NA,NA,NA,0
4307,1,0,0.151899785,0.292980671,0.38599062,0.16912894,1,2015,4,State,All,Agri Land,state,99,Punjab,NA,NA,NA,NA,NA,1
4448,1,0.076459222,0.306994081,0.425045639,0.163791969,0.027709089,1,2015,4,State,urban/rural,Agri Land,statesector,0,Punjab,NA,NA,NA,NA,NA,0
4449,1,0,0.109853551,0.256947666,0.431411982,0.201786816,1,2015,4,State,urban/rural,Agri Land,statesector,0,Punjab,NA,NA,NA,NA,NA,1
4450,1,0.099885829,0.161407501,0.277304679,0.25933969,0.202062309,1,2015,4,State,urban/rural,Agri Land,statesector,1,Punjab,NA,NA,NA,NA,NA,0
4451,1,0,0.369649291,0.479588807,0.150761917,0,1,2015,4,State,urban/rural,Agri Land,statesector,1,Punjab,NA,NA,NA,NA,NA,1
32,1,0.45480895,0.338046581,0.140062138,0.049752422,0.017329894,1,2019,5,State,All,All Households,state,99,Rajasthan,NA,NA,NA,NA,NA,NA
96,1,0.475915641,0.341987878,0.133198932,0.039412718,0.009484814,1,2019,5,State,urban/rural,All Households,statesector,0,Rajasthan,NA,NA,NA,NA,NA,NA
97,1,0.123841003,0.276244134,0.247682154,0.211886361,0.140346333,1,2019,5,State,urban/rural,All Households,statesector,1,Rajasthan,NA,NA,NA,NA,NA,NA
251,1,0.469058365,0.386261672,0.101975352,0.032087773,0.010616833,1,2019,5,State,All,Age,state,99,Rajasthan,15 to 29,NA,NA,NA,NA,NA
252,1,0.490124673,0.337978959,0.121641748,0.035703465,0.01455115,1,2019,5,State,All,Age,state,99,Rajasthan,30 to 45,NA,NA,NA,NA,NA
253,1,0.419764847,0.330585688,0.163524434,0.067252129,0.018872906,1,2019,5,State,All,Age,state,99,Rajasthan,46 to 64,NA,NA,NA,NA,NA
254,1,0.431670934,0.321345299,0.161831781,0.059159607,0.025992384,1,2019,5,State,All,Age,state,99,Rajasthan,65+,NA,NA,NA,NA,NA
255,1,NA,NA,NA,NA,NA,0,2019,5,State,All,Age,state,99,Rajasthan,NA,NA,NA,NA,NA,NA
515,1,0.483611643,0.383915633,0.102086507,0.024451232,0.005934964,1,2019,5,State,urban/rural,Age,statesector,0,Rajasthan,15 to 29,NA,NA,NA,NA,NA
516,1,0.515468597,0.342707545,0.110487603,0.025689952,0.00564629,1,2019,5,State,urban/rural,Age,statesector,0,Rajasthan,30 to 45,NA,NA,NA,NA,NA
517,1,0.442654818,0.338252008,0.157286406,0.053569116,0.008237641,1,2019,5,State,urban/rural,Age,statesector,0,Rajasthan,46 to 64,NA,NA,NA,NA,NA
518,1,0.442937285,0.318969846,0.159593299,0.05355553,0.024944052,1,2019,5,State,urban/rural,Age,statesector,0,Rajasthan,65+,NA,NA,NA,NA,NA
519,1,NA,NA,NA,NA,NA,0,2019,5,State,urban/rural,Age,statesector,0,Rajasthan,NA,NA,NA,NA,NA,NA
520,1,0.18358314,0.432281196,0.099794857,0.181885093,0.102455698,1,2019,5,State,urban/rural,Age,statesector,1,Rajasthan,15 to 29,NA,NA,NA,NA,NA
521,1,0.136917725,0.27207908,0.27709195,0.175257176,0.138654083,1,2019,5,State,urban/rural,Age,statesector,1,Rajasthan,30 to 45,NA,NA,NA,NA,NA
522,1,0.080346324,0.216907263,0.256023616,0.270147383,0.176575392,1,2019,5,State,urban/rural,Age,statesector,1,Rajasthan,46 to 64,NA,NA,NA,NA,NA
523,1,0.17242825,0.376005352,0.213340089,0.18811141,0.050114904,1,2019,5,State,urban/rural,Age,statesector,1,Rajasthan,65+,NA,NA,NA,NA,NA
724,1,0.507939279,0.328081906,0.121770896,0.03056705,0.01164084,1,2019,5,State,All,Education,state,99,Rajasthan,NA,No education / Preschool,NA,NA,NA,NA
725,1,0.449107945,0.311115801,0.154655337,0.066288099,0.018832833,1,2019,5,State,All,Education,state,99,Rajasthan,NA,Primary,NA,NA,NA,NA
726,1,0.348995388,0.388342798,0.170088217,0.074594252,0.017979359,1,2019,5,State,All,Education,state,99,Rajasthan,NA,Secondary,NA,NA,NA,NA
727,1,0.243078679,0.368439972,0.148333341,0.10791114,0.132236868,1,2019,5,State,All,Education,state,99,Rajasthan,NA,Higher,NA,NA,NA,NA
728,1,0,0.89440459,0.10559538,0,0,1,2019,5,State,All,Education,state,99,Rajasthan,NA,NA,NA,NA,NA,NA
987,1,0.528623521,0.327544808,0.116001576,0.021182584,0.006647515,1,2019,5,State,urban/rural,Education,statesector,0,Rajasthan,NA,No education / Preschool,NA,NA,NA,NA
988,1,0.477158993,0.317548305,0.14495638,0.049994025,0.010342285,1,2019,5,State,urban/rural,Education,statesector,0,Rajasthan,NA,Primary,NA,NA,NA,NA
989,1,0.36462298,0.396848589,0.161338612,0.067883626,0.009306205,1,2019,5,State,urban/rural,Education,statesector,0,Rajasthan,NA,Secondary,NA,NA,NA,NA
990,1,0.264182508,0.40042752,0.161211476,0.102201968,0.071976542,1,2019,5,State,urban/rural,Education,statesector,0,Rajasthan,NA,Higher,NA,NA,NA,NA
991,1,0,0.89440459,0.10559538,0,0,1,2019,5,State,urban/rural,Education,statesector,0,Rajasthan,NA,NA,NA,NA,NA,NA
992,1,0.175125569,0.336724043,0.214600623,0.181565195,0.091984563,1,2019,5,State,urban/rural,Education,statesector,1,Rajasthan,NA,No education / Preschool,NA,NA,NA,NA
993,1,0.098561756,0.230730385,0.275860429,0.269910604,0.124936841,1,2019,5,State,urban/rural,Education,statesector,1,Rajasthan,NA,Primary,NA,NA,NA,NA
994,1,0.024443032,0.211695507,0.351799279,0.213959724,0.198102459,1,2019,5,State,urban/rural,Education,statesector,1,Rajasthan,NA,Secondary,NA,NA,NA,NA
995,1,0,0,0,0.173670709,0.826329291,1,2019,5,State,urban/rural,Education,statesector,1,Rajasthan,NA,Higher,NA,NA,NA,NA
1136,1,0.454166144,0.336832255,0.142580926,0.049992088,0.016428618,1,2019,5,State,All,Gender,state,99,Rajasthan,NA,NA,1,NA,NA,NA
1137,1,0.4600842,0.348011732,0.119392432,0.047785655,0.024725998,1,2019,5,State,All,Gender,state,99,Rajasthan,NA,NA,2,NA,NA,NA
1138,1,NA,NA,NA,NA,NA,0,2019,5,State,All,Gender,state,99,Rajasthan,NA,NA,NA,NA,NA,NA
1281,1,0.473444164,0.340455681,0.135584041,0.040366802,0.010149304,1,2019,5,State,urban/rural,Gender,statesector,0,Rajasthan,NA,NA,1,NA,NA,NA
1282,1,0.497025341,0.355074853,0.112827033,0.031263568,0.003809208,1,2019,5,State,urban/rural,Gender,statesector,0,Rajasthan,NA,NA,2,NA,NA,NA
1283,1,NA,NA,NA,NA,NA,0,2019,5,State,urban/rural,Gender,statesector,0,Rajasthan,NA,NA,NA,NA,NA,NA
1284,1,0.128743142,0.275666744,0.260691792,0.212471738,0.122426599,1,2019,5,State,urban/rural,Gender,statesector,1,Rajasthan,NA,NA,1,NA,NA,NA
1285,1,0.099638864,0.279094726,0.183452919,0.208996385,0.22881712,1,2019,5,State,urban/rural,Gender,statesector,1,Rajasthan,NA,NA,2,NA,NA,NA
1444,1,0.750227332,0.223115876,0.022553718,0.004103083,0,1,2019,5,State,All,HH Size,state,99,Rajasthan,NA,NA,NA,1,NA,NA
1445,1,0.592541337,0.298873246,0.078171447,0.025941895,0.004472057,1,2019,5,State,All,HH Size,state,99,Rajasthan,NA,NA,NA,2 to 3,NA,NA
1446,1,0.486041218,0.344287068,0.121686175,0.037410881,0.010574658,1,2019,5,State,All,HH Size,state,99,Rajasthan,NA,NA,NA,4 to 6,NA,NA
1447,1,0.372970372,0.343376487,0.181821138,0.072369084,0.029462898,1,2019,5,State,All,HH Size,state,99,Rajasthan,NA,NA,NA,7+,NA,NA
1686,1,0.76224792,0.221338928,0.011995867,0.004417297,0,1,2019,5,State,urban/rural,HH Size,statesector,0,Rajasthan,NA,NA,NA,1,NA,NA
1687,1,0.60458076,0.300605506,0.072244786,0.017888639,0.004680342,1,2019,5,State,urban/rural,HH Size,statesector,0,Rajasthan,NA,NA,NA,2 to 3,NA,NA
1688,1,0.50584358,0.343991071,0.116605192,0.027762149,0.00579803,1,2019,5,State,urban/rural,HH Size,statesector,0,Rajasthan,NA,NA,NA,4 to 6,NA,NA
1689,1,0.397017419,0.353514671,0.173229992,0.06061339,0.015624533,1,2019,5,State,urban/rural,HH Size,statesector,0,Rajasthan,NA,NA,NA,7+,NA,NA
1690,1,0.593259692,0.246319801,0.160420477,0,0,1,2019,5,State,urban/rural,HH Size,statesector,1,Rajasthan,NA,NA,NA,1,NA,NA
1691,1,0.334045082,0.261680216,0.205422118,0.198852584,0,1,2019,5,State,urban/rural,HH Size,statesector,1,Rajasthan,NA,NA,NA,2 to 3,NA,NA
1692,1,0.155946568,0.349220902,0.206383631,0.198250309,0.090198591,1,2019,5,State,urban/rural,HH Size,statesector,1,Rajasthan,NA,NA,NA,4 to 6,NA,NA
1693,1,0.042226471,0.203935713,0.299984097,0.234057367,0.219796345,1,2019,5,State,urban/rural,HH Size,statesector,1,Rajasthan,NA,NA,NA,7+,NA,NA
1810,1,0.484416544,0.324402988,0.141186833,0.035368089,0.014625521,1,2019,5,State,All,Owns House,state,99,Rajasthan,NA,NA,NA,NA,0,NA
1811,1,0.448621809,0.340897709,0.139827117,0.052758347,0.017895032,1,2019,5,State,All,Owns House,state,99,Rajasthan,NA,NA,NA,NA,1,NA
1935,1,0.514124691,0.322163314,0.138034895,0.019402783,0.006274317,1,2019,5,State,urban/rural,Owns House,statesector,0,Rajasthan,NA,NA,NA,NA,0,NA
1936,1,0.468153894,0.346015036,0.132216558,0.043477517,0.010136993,1,2019,5,State,urban/rural,Owns House,statesector,0,Rajasthan,NA,NA,NA,NA,1,NA
1937,1,0.150761291,0.349557132,0.176586673,0.214676127,0.108418792,1,2019,5,State,urban/rural,Owns House,statesector,1,Rajasthan,NA,NA,NA,NA,0,NA
1938,1,0.115537599,0.253631204,0.26961112,0.211025879,0.150194198,1,2019,5,State,urban/rural,Owns House,statesector,1,Rajasthan,NA,NA,NA,NA,1,NA
2028,1,0.441169828,0.34575817,0.126579538,0.060829408,0.02566307,1,2019,5,State,All,Agri Land,state,99,Rajasthan,NA,NA,NA,NA,NA,0
2029,1,0.462089211,0.333930314,0.147258863,0.043839779,0.012881833,1,2019,5,State,All,Agri Land,state,99,Rajasthan,NA,NA,NA,NA,NA,1
2150,1,0.498641849,0.358773679,0.10457471,0.033571359,0.004438418,1,2019,5,State,urban/rural,Agri Land,statesector,0,Rajasthan,NA,NA,NA,NA,NA,0
2151,1,0.46556142,0.334340125,0.146240368,0.042074088,0.011783994,1,2019,5,State,urban/rural,Agri Land,statesector,0,Rajasthan,NA,NA,NA,NA,NA,1
2152,1,0.126716867,0.274544984,0.246976927,0.209969372,0.14179185,1,2019,5,State,urban/rural,Agri Land,statesector,1,Rajasthan,NA,NA,NA,NA,NA,0
2153,1,0.098784,0.291048646,0.253826678,0.228588805,0.127751872,1,2019,5,State,urban/rural,Agri Land,statesector,1,Rajasthan,NA,NA,NA,NA,NA,1
2211,1,0.425862491,0.367353439,0.146809667,0.045823053,0.014151351,1,2015,4,State,All,All Households,state,99,Rajasthan,NA,NA,NA,NA,NA,NA
2273,1,0.453197867,0.371325523,0.1328284,0.035911489,0.006736699,1,2015,4,State,urban/rural,All Households,statesector,0,Rajasthan,NA,NA,NA,NA,NA,NA
2274,1,0.135069713,0.325098425,0.295541823,0.151261896,0.093028136,1,2015,4,State,urban/rural,All Households,statesector,1,Rajasthan,NA,NA,NA,NA,NA,NA
2425,1,0.434475422,0.362665832,0.154748321,0.035737351,0.012373101,1,2015,4,State,All,Age,state,99,Rajasthan,15 to 29,NA,NA,NA,NA,NA
2426,1,0.456739902,0.364898235,0.130248144,0.036747012,0.011366689,1,2015,4,State,All,Age,state,99,Rajasthan,30 to 45,NA,NA,NA,NA,NA
2427,1,0.383883774,0.380298764,0.15786545,0.060702469,0.017249553,1,2015,4,State,All,Age,state,99,Rajasthan,46 to 64,NA,NA,NA,NA,NA
2428,1,0.422056943,0.345167339,0.168131158,0.047304347,0.017340193,1,2015,4,State,All,Age,state,99,Rajasthan,65+,NA,NA,NA,NA,NA
2429,1,0,1,0,0,0,1,2015,4,State,All,Age,state,99,Rajasthan,NA,NA,NA,NA,NA,NA
2688,1,0.460230827,0.3650437,0.144160822,0.023907006,0.006657621,1,2015,4,State,urban/rural,Age,statesector,0,Rajasthan,15 to 29,NA,NA,NA,NA,NA
2689,1,0.493337333,0.365025699,0.110765614,0.02461757,0.006253783,1,2015,4,State,urban/rural,Age,statesector,0,Rajasthan,30 to 45,NA,NA,NA,NA,NA
2690,1,0.403475255,0.38954699,0.147936106,0.053750463,0.005291164,1,2015,4,State,urban/rural,Age,statesector,0,Rajasthan,46 to 64,NA,NA,NA,NA,NA
2691,1,0.443911105,0.348833948,0.157346919,0.037436418,0.012471606,1,2015,4,State,urban/rural,Age,statesector,0,Rajasthan,65+,NA,NA,NA,NA,NA
2692,1,0,1,0,0,0,1,2015,4,State,urban/rural,Age,statesector,0,Rajasthan,NA,NA,NA,NA,NA,NA
2693,1,0.180689111,0.339234769,0.25907433,0.152310044,0.06869173,1,2015,4,State,urban/rural,Age,statesector,1,Rajasthan,15 to 29,NA,NA,NA,NA,NA
2694,1,0.126657724,0.363748759,0.305966407,0.146145746,0.057481367,1,2015,4,State,urban/rural,Age,statesector,1,Rajasthan,30 to 45,NA,NA,NA,NA,NA
2695,1,0.117067374,0.254346848,0.293093055,0.155381858,0.180110887,1,2015,4,State,urban/rural,Age,statesector,1,Rajasthan,46 to 64,NA,NA,NA,NA,NA
2696,1,0.164692774,0.301987827,0.295131117,0.163513437,0.074674815,1,2015,4,State,urban/rural,Age,statesector,1,Rajasthan,65+,NA,NA,NA,NA,NA
2898,1,0.490491867,0.350358427,0.118284069,0.034618847,0.006246777,1,2015,4,State,All,Education,state,99,Rajasthan,NA,No education / Preschool,NA,NA,NA,NA
2899,1,0.374871463,0.376870513,0.182123646,0.048819531,0.01731484,1,2015,4,State,All,Education,state,99,Rajasthan,NA,Primary,NA,NA,NA,NA
2900,1,0.324664682,0.399822831,0.179501519,0.069298074,0.026712904,1,2015,4,State,All,Education,state,99,Rajasthan,NA,Secondary,NA,NA,NA,NA
2901,1,0.230876103,0.396048844,0.227364123,0.071704976,0.074005961,1,2015,4,State,All,Education,state,99,Rajasthan,NA,Higher,NA,NA,NA,NA
2902,1,0.16371803,0.445703417,0.229033247,0.13248226,0.02906304,1,2015,4,State,All,Education,state,99,Rajasthan,NA,NA,NA,NA,NA,NA
3171,1,0.518622458,0.350736171,0.104499556,0.023994239,0.002147546,1,2015,4,State,urban/rural,Education,statesector,0,Rajasthan,NA,No education / Preschool,NA,NA,NA,NA
3172,1,0.405337811,0.385226965,0.164903954,0.035624277,0.008907005,1,2015,4,State,urban/rural,Education,statesector,0,Rajasthan,NA,Primary,NA,NA,NA,NA
3173,1,0.344787568,0.411928207,0.167357907,0.063499175,0.012427163,1,2015,4,State,urban/rural,Education,statesector,0,Rajasthan,NA,Secondary,NA,NA,NA,NA
3174,1,0.247003272,0.379987627,0.246389642,0.073278368,0.05334108,1,2015,4,State,urban/rural,Education,statesector,0,Rajasthan,NA,Higher,NA,NA,NA,NA
3175,1,0.189160839,0.446162432,0.178026289,0.153070837,0.033579618,1,2015,4,State,urban/rural,Education,statesector,0,Rajasthan,NA,NA,NA,NA,NA,NA
3176,1,0.157854483,0.345891625,0.281282514,0.160252199,0.054719169,1,2015,4,State,urban/rural,Education,statesector,1,Rajasthan,NA,No education / Preschool,NA,NA,NA,NA
3177,1,0.114845067,0.305549413,0.329091579,0.161439329,0.089074634,1,2015,4,State,urban/rural,Education,statesector,1,Rajasthan,NA,Primary,NA,NA,NA,NA
3178,1,0.116337948,0.274499238,0.305221081,0.129332453,0.174609289,1,2015,4,State,urban/rural,Education,statesector,1,Rajasthan,NA,Secondary,NA,NA,NA,NA
3179,1,0.038148742,0.58798784,0,0.052902255,0.320961177,1,2015,4,State,urban/rural,Education,statesector,1,Rajasthan,NA,Higher,NA,NA,NA,NA
3180,1,0,0.442749918,0.557250082,0,0,1,2015,4,State,urban/rural,Education,statesector,1,Rajasthan,NA,NA,NA,NA,NA,NA
3323,1,0.426327229,0.368076444,0.147090778,0.044722941,0.013782599,1,2015,4,State,All,Gender,state,99,Rajasthan,NA,NA,1,NA,NA,NA
3324,1,0.421527416,0.360609561,0.14418751,0.056084577,0.017590962,1,2015,4,State,All,Gender,state,99,Rajasthan,NA,NA,2,NA,NA,NA
3325,1,NA,NA,NA,NA,NA,0,2015,4,State,All,Gender,state,99,Rajasthan,NA,NA,NA,NA,NA,NA
3467,1,0.453358352,0.371738732,0.134116799,0.034475639,0.006310455,1,2015,4,State,urban/rural,Gender,statesector,0,Rajasthan,NA,NA,1,NA,NA,NA
3468,1,0.451668769,0.367388606,0.120552823,0.049591932,0.010797866,1,2015,4,State,urban/rural,Gender,statesector,0,Rajasthan,NA,NA,2,NA,NA,NA
3469,1,NA,NA,NA,NA,NA,0,2015,4,State,urban/rural,Gender,statesector,0,Rajasthan,NA,NA,NA,NA,NA,NA
3470,1,0.131802231,0.328172743,0.288452387,0.156375244,0.095197417,1,2015,4,State,urban/rural,Gender,statesector,1,Rajasthan,NA,NA,1,NA,NA,NA
3471,1,0.159873188,0.301761299,0.349357784,0.112446561,0.07656116,1,2015,4,State,urban/rural,Gender,statesector,1,Rajasthan,NA,NA,2,NA,NA,NA
3640,1,0.660031915,0.290880859,0.047543433,0.001543774,0,1,2015,4,State,All,HH Size,state,99,Rajasthan,NA,NA,NA,1,NA,NA
3641,1,0.481504709,0.383718133,0.107587472,0.022175675,0.005014004,1,2015,4,State,All,HH Size,state,99,Rajasthan,NA,NA,NA,2 to 3,NA,NA
3642,1,0.440036625,0.383263201,0.134351403,0.034468863,0.007879918,1,2015,4,State,All,HH Size,state,99,Rajasthan,NA,NA,NA,4 to 6,NA,NA
3643,1,0.38947624,0.346542478,0.173747361,0.066130929,0.024103001,1,2015,4,State,All,HH Size,state,99,Rajasthan,NA,NA,NA,7+,NA,NA
3644,1,NA,NA,NA,NA,NA,0,2015,4,State,All,HH Size,state,99,Rajasthan,NA,NA,NA,NA,NA,NA
3903,1,0.682210624,0.279285491,0.03684913,0.001654774,0,1,2015,4,State,urban/rural,HH Size,statesector,0,Rajasthan,NA,NA,NA,1,NA,NA
3904,1,0.502567887,0.38167572,0.096817456,0.016391063,0.002547872,1,2015,4,State,urban/rural,HH Size,statesector,0,Rajasthan,NA,NA,NA,2 to 3,NA,NA
3905,1,0.468615204,0.38416943,0.118913062,0.023960693,0.004341607,1,2015,4,State,urban/rural,HH Size,statesector,0,Rajasthan,NA,NA,NA,4 to 6,NA,NA
3906,1,0.416685104,0.355923206,0.160832316,0.055772208,0.010787171,1,2015,4,State,urban/rural,HH Size,statesector,0,Rajasthan,NA,NA,NA,7+,NA,NA
3907,1,NA,NA,NA,NA,NA,0,2015,4,State,urban/rural,HH Size,statesector,0,Rajasthan,NA,NA,NA,NA,NA,NA
3908,1,0.351573795,0.452147901,0.196278319,0,0,1,2015,4,State,urban/rural,HH Size,statesector,1,Rajasthan,NA,NA,NA,1,NA,NA
3909,1,0.218245924,0.409245193,0.242196918,0.094474904,0.035837069,1,2015,4,State,urban/rural,HH Size,statesector,1,Rajasthan,NA,NA,NA,2 to 3,NA,NA
3910,1,0.13443318,0.373572379,0.299440384,0.146837384,0.045716647,1,2015,4,State,urban/rural,HH Size,statesector,1,Rajasthan,NA,NA,NA,4 to 6,NA,NA
3911,1,0.114111312,0.251605898,0.304452837,0.170965374,0.158864573,1,2015,4,State,urban/rural,HH Size,statesector,1,Rajasthan,NA,NA,NA,7+,NA,NA
4049,1,0.41178894,0.374431729,0.15692465,0.048429523,0.008425146,1,2015,4,State,All,Owns House,state,99,Rajasthan,NA,NA,NA,NA,0,NA
4050,1,0.428404629,0.36607486,0.144982576,0.045352239,0.015185689,1,2015,4,State,All,Owns House,state,99,Rajasthan,NA,NA,NA,NA,1,NA
4051,1,NA,NA,NA,NA,NA,0,2015,4,State,All,Owns House,state,99,Rajasthan,NA,NA,NA,NA,NA,NA
4194,1,0.437964767,0.382228941,0.137686059,0.037022244,0.005097997,1,2015,4,State,urban/rural,Owns House,statesector,0,Rajasthan,NA,NA,NA,NA,0,NA
4195,1,0.455771089,0.369483709,0.132007837,0.035723854,0.007013515,1,2015,4,State,urban/rural,Owns House,statesector,0,Rajasthan,NA,NA,NA,NA,1,NA
4196,1,NA,NA,NA,NA,NA,0,2015,4,State,urban/rural,Owns House,statesector,0,Rajasthan,NA,NA,NA,NA,NA,NA
4197,1,0.246362329,0.325154632,0.278509319,0.120521568,0.029452158,1,2015,4,State,urban/rural,Owns House,statesector,1,Rajasthan,NA,NA,NA,NA,0,NA
4198,1,0.099295318,0.325080365,0.301016837,0.161143214,0.113464281,1,2015,4,State,urban/rural,Owns House,statesector,1,Rajasthan,NA,NA,NA,NA,1,NA
4308,1,0.397416353,0.368339181,0.154869065,0.056258623,0.023116788,1,2015,4,State,All,Agri Land,state,99,Rajasthan,NA,NA,NA,NA,NA,0
4309,1,0.443371356,0.366746724,0.141849026,0.039399851,0.008633033,1,2015,4,State,All,Agri Land,state,99,Rajasthan,NA,NA,NA,NA,NA,1
4310,1,NA,NA,NA,NA,NA,0,2015,4,State,All,Agri Land,state,99,Rajasthan,NA,NA,NA,NA,NA,NA
4452,1,0.459906757,0.378411114,0.122936085,0.031712156,0.007033859,1,2015,4,State,urban/rural,Agri Land,statesector,0,Rajasthan,NA,NA,NA,NA,NA,0
4453,1,0.449825615,0.367763937,0.137800828,0.038022302,0.006587331,1,2015,4,State,urban/rural,Agri Land,statesector,0,Rajasthan,NA,NA,NA,NA,NA,1
4454,1,NA,NA,NA,NA,NA,0,2015,4,State,urban/rural,Agri Land,statesector,0,Rajasthan,NA,NA,NA,NA,NA,NA
4455,1,0.143435374,0.327403516,0.284654856,0.156023294,0.088482946,1,2015,4,State,urban/rural,Agri Land,statesector,1,Rajasthan,NA,NA,NA,NA,NA,0
4456,1,0.07621377,0.308881223,0.372136056,0.117763504,0.125005439,1,2015,4,State,urban/rural,Agri Land,statesector,1,Rajasthan,NA,NA,NA,NA,NA,1
33,1,0.31241104,0.530042946,0.128733292,0.028812738,0,1,2019,5,State,All,All Households,state,99,Sikkim,NA,NA,NA,NA,NA,NA
98,1,0.324078888,0.524560452,0.134255588,0.017105086,0,1,2019,5,State,urban/rural,All Households,statesector,0,Sikkim,NA,NA,NA,NA,NA,NA
99,1,0.040415585,0.657848239,0,0.301736176,0,1,2019,5,State,urban/rural,All Households,statesector,1,Sikkim,NA,NA,NA,NA,NA,NA
256,1,0.418606669,0.515537024,0.065856323,0,0,1,2019,5,State,All,Age,state,99,Sikkim,15 to 29,NA,NA,NA,NA,NA
257,1,0.260600984,0.621364594,0.088606603,0.029427841,0,1,2019,5,State,All,Age,state,99,Sikkim,30 to 45,NA,NA,NA,NA,NA
258,1,0.273182362,0.565317631,0.142350152,0.019149831,0,1,2019,5,State,All,Age,state,99,Sikkim,46 to 64,NA,NA,NA,NA,NA
259,1,0.395186126,0.349825323,0.201996878,0.052991681,0,1,2019,5,State,All,Age,state,99,Sikkim,65+,NA,NA,NA,NA,NA
524,1,0.501918972,0.419117749,0.078963242,0,0,1,2019,5,State,urban/rural,Age,statesector,0,Sikkim,15 to 29,NA,NA,NA,NA,NA
525,1,0.264258265,0.613916874,0.091452003,0.030372851,0,1,2019,5,State,urban/rural,Age,statesector,0,Sikkim,30 to 45,NA,NA,NA,NA,NA
526,1,0.273182362,0.565317631,0.142350152,0.019149831,0,1,2019,5,State,urban/rural,Age,statesector,0,Sikkim,46 to 64,NA,NA,NA,NA,NA
527,1,0.417299539,0.369400471,0.21329999,0,0,1,2019,5,State,urban/rural,Age,statesector,0,Sikkim,65+,NA,NA,NA,NA,NA
528,1,0,1,0,0,0,1,2019,5,State,urban/rural,Age,statesector,1,Sikkim,15 to 29,NA,NA,NA,NA,NA
529,1,0.146711841,0.853288174,0,0,0,1,2019,5,State,urban/rural,Age,statesector,1,Sikkim,30 to 45,NA,NA,NA,NA,NA
530,1,0,0,0,1,0,1,2019,5,State,urban/rural,Age,statesector,1,Sikkim,65+,NA,NA,NA,NA,NA
729,1,0.33050853,0.43438673,0.179511264,0.055593461,0,1,2019,5,State,All,Education,state,99,Sikkim,NA,No education / Preschool,NA,NA,NA,NA
730,1,0.300509483,0.598077536,0.098528087,0.0028849,0,1,2019,5,State,All,Education,state,99,Sikkim,NA,Primary,NA,NA,NA,NA
731,1,0.302341074,0.659916341,0.037742577,0,0,1,2019,5,State,All,Education,state,99,Sikkim,NA,Secondary,NA,NA,NA,NA
732,1,0,0,0.078075856,0.921924174,0,1,2019,5,State,All,Education,state,99,Sikkim,NA,Higher,NA,NA,NA,NA
996,1,0.340330362,0.447295547,0.18484585,0.027528226,0,1,2019,5,State,urban/rural,Education,statesector,0,Sikkim,NA,No education / Preschool,NA,NA,NA,NA
997,1,0.3155711,0.576720536,0.104644388,0.003063985,0,1,2019,5,State,urban/rural,Education,statesector,0,Sikkim,NA,Primary,NA,NA,NA,NA
998,1,0.302341074,0.659916341,0.037742577,0,0,1,2019,5,State,urban/rural,Education,statesector,0,Sikkim,NA,Secondary,NA,NA,NA,NA
999,1,0,0,0.078075856,0.921924174,0,1,2019,5,State,urban/rural,Education,statesector,0,Sikkim,NA,Higher,NA,NA,NA,NA
1000,1,0,0,0,1,0,1,2019,5,State,urban/rural,Education,statesector,1,Sikkim,NA,No education / Preschool,NA,NA,NA,NA
1001,1,0.057880107,0.942119896,0,0,0,1,2019,5,State,urban/rural,Education,statesector,1,Sikkim,NA,Primary,NA,NA,NA,NA
1139,1,0.299967408,0.561718524,0.127840996,0.010473093,0,1,2019,5,State,All,Gender,state,99,Sikkim,NA,NA,1,NA,NA,NA
1140,1,0.400073856,0.306895196,0.135019302,0.158011645,0,1,2019,5,State,All,Gender,state,99,Sikkim,NA,NA,2,NA,NA,NA
1286,1,0.308176756,0.548818827,0.132176176,0.010828243,0,1,2019,5,State,urban/rural,Gender,statesector,0,Sikkim,NA,NA,1,NA,NA,NA
1287,1,0.444450319,0.340936214,0.149995729,0.064617731,0,1,2019,5,State,urban/rural,Gender,statesector,0,Sikkim,NA,NA,2,NA,NA,NA
1288,1,0.057880107,0.942119896,0,0,0,1,2019,5,State,urban/rural,Gender,statesector,1,Sikkim,NA,NA,1,NA,NA,NA
1289,1,0,0,0,1,0,1,2019,5,State,urban/rural,Gender,statesector,1,Sikkim,NA,NA,2,NA,NA,NA
1448,1,0.402391702,0.577419162,0.020189129,0,0,1,2019,5,State,All,HH Size,state,99,Sikkim,NA,NA,NA,1,NA,NA
1449,1,0.381313384,0.522591829,0.074645564,0.02144921,0,1,2019,5,State,All,HH Size,state,99,Sikkim,NA,NA,NA,2 to 3,NA,NA
1450,1,0.248887777,0.504068732,0.217278868,0.029764652,0,1,2019,5,State,All,HH Size,state,99,Sikkim,NA,NA,NA,4 to 6,NA,NA
1451,1,0.320142001,0.626001716,0,0.053856265,0,1,2019,5,State,All,HH Size,state,99,Sikkim,NA,NA,NA,7+,NA,NA
1694,1,0.402391702,0.577419162,0.020189129,0,0,1,2019,5,State,urban/rural,HH Size,statesector,0,Sikkim,NA,NA,NA,1,NA,NA
1695,1,0.409229398,0.48638171,0.081088342,0.023300525,0,1,2019,5,State,urban/rural,HH Size,statesector,0,Sikkim,NA,NA,NA,2 to 3,NA,NA
1696,1,0.255718887,0.517903686,0.223242432,0.003135008,0,1,2019,5,State,urban/rural,HH Size,statesector,0,Sikkim,NA,NA,NA,4 to 6,NA,NA
1697,1,0.320142001,0.626001716,0,0.053856265,0,1,2019,5,State,urban/rural,HH Size,statesector,0,Sikkim,NA,NA,NA,7+,NA,NA
1698,1,0.057880107,0.942119896,0,0,0,1,2019,5,State,urban/rural,HH Size,statesector,1,Sikkim,NA,NA,NA,2 to 3,NA,NA
1699,1,0,0,0,1,0,1,2019,5,State,urban/rural,HH Size,statesector,1,Sikkim,NA,NA,NA,4 to 6,NA,NA
1812,1,0.299304307,0.551582813,0.096730381,0.052382477,0,1,2019,5,State,All,Owns House,state,99,Sikkim,NA,NA,NA,NA,0,NA
1813,1,0.328433335,0.503711522,0.167855114,0,0,1,2019,5,State,All,Owns House,state,99,Sikkim,NA,NA,NA,NA,1,NA
1939,1,0.311168253,0.557266712,0.100564621,0.03100042,0,1,2019,5,State,urban/rural,Owns House,statesector,0,Sikkim,NA,NA,NA,NA,0,NA
1940,1,0.33997184,0.484299183,0.175728992,0,0,1,2019,5,State,urban/rural,Owns House,statesector,0,Sikkim,NA,NA,NA,NA,1,NA
1941,1,0,0.408189684,0,0.591810346,0,1,2019,5,State,urban/rural,Owns House,statesector,1,Sikkim,NA,NA,NA,NA,0,NA
1942,1,0.082456023,0.917544007,0,0,0,1,2019,5,State,urban/rural,Owns House,statesector,1,Sikkim,NA,NA,NA,NA,1,NA
2030,1,0.349362522,0.441813618,0.165763155,0.043060716,0,1,2019,5,State,All,Agri Land,state,99,Sikkim,NA,NA,NA,NA,NA,0
2031,1,0.269534558,0.632419467,0.085765831,0.012280151,0,1,2019,5,State,All,Agri Land,state,99,Sikkim,NA,NA,NA,NA,NA,1
2154,1,0.374984264,0.423897326,0.17951031,0.021608122,0,1,2019,5,State,urban/rural,Agri Land,statesector,0,Sikkim,NA,NA,NA,NA,NA,0
2155,1,0.269534558,0.632419467,0.085765831,0.012280151,0,1,2019,5,State,urban/rural,Agri Land,statesector,0,Sikkim,NA,NA,NA,NA,NA,1
2156,1,0.040415585,0.657848239,0,0.301736176,0,1,2019,5,State,urban/rural,Agri Land,statesector,1,Sikkim,NA,NA,NA,NA,NA,0
2212,1,0.041767441,0.442871928,0.396206975,0.101565875,0.017587775,1,2015,4,State,All,All Households,state,99,Sikkim,NA,NA,NA,NA,NA,NA
2275,1,0.040144399,0.496142447,0.446035951,0.017677182,0,1,2015,4,State,urban/rural,All Households,statesector,0,Sikkim,NA,NA,NA,NA,NA,NA
2276,1,0.048407599,0.224932894,0.192347959,0.444769114,0.089542426,1,2015,4,State,urban/rural,All Households,statesector,1,Sikkim,NA,NA,NA,NA,NA,NA
2430,1,0.077481039,0.427559227,0.470805526,0.02415421,0,1,2015,4,State,All,Age,state,99,Sikkim,15 to 29,NA,NA,NA,NA,NA
2431,1,0.006886189,0.463736266,0.367488742,0.161888793,0,1,2015,4,State,All,Age,state,99,Sikkim,30 to 45,NA,NA,NA,NA,NA
2432,1,0.107993715,0.392111927,0.306498826,0.12380302,0.069592506,1,2015,4,State,All,Age,state,99,Sikkim,46 to 64,NA,NA,NA,NA,NA
2433,1,0.0020519,0.476850271,0.521097839,0,0,1,2015,4,State,All,Age,state,99,Sikkim,65+,NA,NA,NA,NA,NA
2697,1,0.058604058,0.457629621,0.483766317,0,0,1,2015,4,State,urban/rural,Age,statesector,0,Sikkim,15 to 29,NA,NA,NA,NA,NA
2698,1,0.008845633,0.519227147,0.441604286,0.030322962,0,1,2015,4,State,urban/rural,Age,statesector,0,Sikkim,30 to 45,NA,NA,NA,NA,NA
2699,1,0.1147874,0.494660825,0.366817445,0.023734327,0,1,2015,4,State,urban/rural,Age,statesector,0,Sikkim,46 to 64,NA,NA,NA,NA,NA
2700,1,0.002321771,0.482670188,0.515008032,0,0,1,2015,4,State,urban/rural,Age,statesector,0,Sikkim,65+,NA,NA,NA,NA,NA
2701,1,0.206243172,0.222445577,0.382398278,0.188912958,0,1,2015,4,State,urban/rural,Age,statesector,1,Sikkim,15 to 29,NA,NA,NA,NA,NA
2702,1,0,0.268721431,0.107020117,0.624258459,0,1,2015,4,State,urban/rural,Age,statesector,1,Sikkim,30 to 45,NA,NA,NA,NA,NA
2703,1,0.08814688,0.092529103,0.130286098,0.416140258,0.272897661,1,2015,4,State,urban/rural,Age,statesector,1,Sikkim,46 to 64,NA,NA,NA,NA,NA
2704,1,0,0.432599783,0.567400217,0,0,1,2015,4,State,urban/rural,Age,statesector,1,Sikkim,65+,NA,NA,NA,NA,NA
2903,1,0.043705799,0.411188394,0.411940664,0.133165121,0,1,2015,4,State,All,Education,state,99,Sikkim,NA,No education / Preschool,NA,NA,NA,NA
2904,1,0.044383429,0.499245703,0.377684295,0.07868655,0,1,2015,4,State,All,Education,state,99,Sikkim,NA,Primary,NA,NA,NA,NA
2905,1,0.030461166,0.350150257,0.425974816,0.05343153,0.139982253,1,2015,4,State,All,Education,state,99,Sikkim,NA,Secondary,NA,NA,NA,NA
2906,1,0,1,0,0,0,1,2015,4,State,All,Education,state,99,Sikkim,NA,Higher,NA,NA,NA,NA
2907,1,0,1,0,0,0,1,2015,4,State,All,Education,state,99,Sikkim,NA,NA,NA,NA,NA,NA
3181,1,0.042133726,0.468458831,0.475760251,0.013647215,0,1,2015,4,State,urban/rural,Education,statesector,0,Sikkim,NA,No education / Preschool,NA,NA,NA,NA
3182,1,0.051168978,0.542479515,0.391272992,0.01507852,0,1,2015,4,State,urban/rural,Education,statesector,0,Sikkim,NA,Primary,NA,NA,NA,NA
3183,1,0,0.432386667,0.526019394,0.041593943,0,1,2015,4,State,urban/rural,Education,statesector,0,Sikkim,NA,Secondary,NA,NA,NA,NA
3184,1,0,1,0,0,0,1,2015,4,State,urban/rural,Education,statesector,0,Sikkim,NA,Higher,NA,NA,NA,NA
3185,1,0.048829049,0.224548995,0.203958184,0.522663772,0,1,2015,4,State,urban/rural,Education,statesector,1,Sikkim,NA,No education / Preschool,NA,NA,NA,NA
3186,1,0,0.216458872,0.288802326,0.494738787,0,1,2015,4,State,urban/rural,Education,statesector,1,Sikkim,NA,Primary,NA,NA,NA,NA
3187,1,0.160160229,0,0,0.103834197,0.736005604,1,2015,4,State,urban/rural,Education,statesector,1,Sikkim,NA,Secondary,NA,NA,NA,NA
3188,1,0,1,0,0,0,1,2015,4,State,urban/rural,Education,statesector,1,Sikkim,NA,NA,NA,NA,NA,NA
3326,1,0.040567737,0.430229664,0.401796818,0.107867211,0.019538598,1,2015,4,State,All,Gender,state,99,Sikkim,NA,NA,1,NA,NA,NA
3327,1,0.052583449,0.556849182,0.345811605,0.044755798,0,1,2015,4,State,All,Gender,state,99,Sikkim,NA,NA,2,NA,NA,NA
3472,1,0.045309987,0.481892675,0.459121972,0.013675365,0,1,2015,4,State,urban/rural,Gender,statesector,0,Sikkim,NA,NA,1,NA,NA,NA
3473,1,0,0.606884718,0.34433797,0.048777319,0,1,2015,4,State,urban/rural,Gender,statesector,0,Sikkim,NA,NA,2,NA,NA,NA
3474,1,0.022626314,0.234772131,0.184917614,0.464224666,0.093459278,1,2015,4,State,urban/rural,Gender,statesector,1,Sikkim,NA,NA,1,NA,NA,NA
3475,1,0.637788355,0,0.362211615,0,0,1,2015,4,State,urban/rural,Gender,statesector,1,Sikkim,NA,NA,2,NA,NA,NA
3645,1,0.278377116,0.639496624,0.082126237,0,0,1,2015,4,State,All,HH Size,state,99,Sikkim,NA,NA,NA,1,NA,NA
3646,1,0.024930127,0.474058211,0.439359903,0.037172571,0.024479179,1,2015,4,State,All,HH Size,state,99,Sikkim,NA,NA,NA,2 to 3,NA,NA
3647,1,0.026266117,0.458410025,0.384427249,0.130896598,0,1,2015,4,State,All,HH Size,state,99,Sikkim,NA,NA,NA,4 to 6,NA,NA
3648,1,0.108252667,0.302473396,0.424932271,0.074561536,0.089780152,1,2015,4,State,All,HH Size,state,99,Sikkim,NA,NA,NA,7+,NA,NA
3912,1,0.235314623,0.701752126,0.062933236,0,0,1,2015,4,State,urban/rural,HH Size,statesector,0,Sikkim,NA,NA,NA,1,NA,NA
3913,1,0.005328861,0.541034043,0.453637093,0,0,1,2015,4,State,urban/rural,HH Size,statesector,0,Sikkim,NA,NA,NA,2 to 3,NA,NA
3914,1,0.024613963,0.494742036,0.454945266,0.025698751,0,1,2015,4,State,urban/rural,HH Size,statesector,0,Sikkim,NA,NA,NA,4 to 6,NA,NA
3915,1,0.145456254,0.406425506,0.441345096,0.006773153,0,1,2015,4,State,urban/rural,HH Size,statesector,0,Sikkim,NA,NA,NA,7+,NA,NA
3916,1,0.48594296,0.339418471,0.174638569,0,0,1,2015,4,State,urban/rural,HH Size,statesector,1,Sikkim,NA,NA,NA,1,NA,NA
3917,1,0.094596341,0.236014724,0.388616443,0.16929017,0.111482315,1,2015,4,State,urban/rural,HH Size,statesector,1,Sikkim,NA,NA,NA,2 to 3,NA,NA
3918,1,0.033968884,0.289020658,0.055653837,0.621356606,0,1,2015,4,State,urban/rural,HH Size,statesector,1,Sikkim,NA,NA,NA,4 to 6,NA,NA
3919,1,0,0,0.377175242,0.271807939,0.351016819,1,2015,4,State,urban/rural,HH Size,statesector,1,Sikkim,NA,NA,NA,7+,NA,NA
4052,1,0.085003294,0.470945656,0.277005374,0.167045683,0,1,2015,4,State,All,Owns House,state,99,Sikkim,NA,NA,NA,NA,0,NA
4053,1,0.016438097,0.426425159,0.466040224,0.063205093,0.02789142,1,2015,4,State,All,Owns House,state,99,Sikkim,NA,NA,NA,NA,1,NA
4199,1,0.090454474,0.554479897,0.336603403,0.018462202,0,1,2015,4,State,urban/rural,Owns House,statesector,0,Sikkim,NA,NA,NA,NA,0,NA
4200,1,0.01845913,0.470997125,0.493204921,0.017338814,0,1,2015,4,State,urban/rural,Owns House,statesector,0,Sikkim,NA,NA,NA,NA,1,NA
4201,1,0.074645042,0.312215179,0.163758084,0.449381709,0,1,2015,4,State,urban/rural,Owns House,statesector,1,Sikkim,NA,NA,NA,NA,0,NA
4202,1,0,0.06389869,0.24509576,0.436258972,0.254746556,1,2015,4,State,urban/rural,Owns House,statesector,1,Sikkim,NA,NA,NA,NA,1,NA
4311,1,0.04777547,0.447373778,0.278511703,0.19019036,0.03614869,1,2015,4,State,All,Agri Land,state,99,Sikkim,NA,NA,NA,NA,NA,0
4312,1,0.036074411,0.438606113,0.507731557,0.017587921,0,1,2015,4,State,All,Agri Land,state,99,Sikkim,NA,NA,NA,NA,NA,1
4457,1,0.046638321,0.589014411,0.346779257,0.01756802,0,1,2015,4,State,urban/rural,Agri Land,statesector,0,Sikkim,NA,NA,NA,NA,NA,0
4458,1,0.036387045,0.442407221,0.503465414,0.017740343,0,1,2015,4,State,urban/rural,Agri Land,statesector,0,Sikkim,NA,NA,NA,NA,NA,1
4459,1,0.049519822,0.230100989,0.1737912,0.454988211,0.09159977,1,2015,4,State,urban/rural,Agri Land,statesector,1,Sikkim,NA,NA,NA,NA,NA,0
4460,1,0,0,1,0,0,1,2015,4,State,urban/rural,Agri Land,statesector,1,Sikkim,NA,NA,NA,NA,NA,1
34,1,0.532681644,0.280299008,0.112389848,0.061042428,0.013587072,1,2019,5,State,All,All Households,state,99,Tamil Nadu,NA,NA,NA,NA,NA,NA
100,1,0.574626148,0.294494927,0.100947797,0.02563273,0.004298382,1,2019,5,State,urban/rural,All Households,statesector,0,Tamil Nadu,NA,NA,NA,NA,NA,NA
101,1,0.413682401,0.240024269,0.14485167,0.161501989,0.039939675,1,2019,5,State,urban/rural,All Households,statesector,1,Tamil Nadu,NA,NA,NA,NA,NA,NA
260,1,0.307656527,0.392653197,0.212595835,0.087094434,0,1,2019,5,State,All,Age,state,99,Tamil Nadu,15 to 29,NA,NA,NA,NA,NA
261,1,0.380487472,0.330922008,0.171566293,0.105547212,0.011477,1,2019,5,State,All,Age,state,99,Tamil Nadu,30 to 45,NA,NA,NA,NA,NA
262,1,0.538983405,0.298627645,0.1152936,0.036503516,0.010591858,1,2019,5,State,All,Age,state,99,Tamil Nadu,46 to 64,NA,NA,NA,NA,NA
263,1,0.73113513,0.182344496,0.026344266,0.038167242,0.022008881,1,2019,5,State,All,Age,state,99,Tamil Nadu,65+,NA,NA,NA,NA,NA
531,1,0.375202388,0.393498361,0.211230755,0.020068502,0,1,2019,5,State,urban/rural,Age,statesector,0,Tamil Nadu,15 to 29,NA,NA,NA,NA,NA
532,1,0.459054679,0.336332887,0.167223737,0.037388697,0,1,2019,5,State,urban/rural,Age,statesector,0,Tamil Nadu,30 to 45,NA,NA,NA,NA,NA
533,1,0.547450721,0.313501745,0.095199347,0.031514373,0.012333818,1,2019,5,State,urban/rural,Age,statesector,0,Tamil Nadu,46 to 64,NA,NA,NA,NA,NA
534,1,0.755320311,0.214292035,0.022809394,0.007578288,0,1,2019,5,State,urban/rural,Age,statesector,0,Tamil Nadu,65+,NA,NA,NA,NA,NA
535,1,0.168735445,0.390915006,0.215403363,0.224946186,0,1,2019,5,State,urban/rural,Age,statesector,1,Tamil Nadu,15 to 29,NA,NA,NA,NA,NA
536,1,0.170827061,0.316482872,0.183154643,0.287431479,0.042103924,1,2019,5,State,urban/rural,Age,statesector,1,Tamil Nadu,30 to 45,NA,NA,NA,NA,NA
537,1,0.5161255,0.258474439,0.169538796,0.049971893,0.005889372,1,2019,5,State,urban/rural,Age,statesector,1,Tamil Nadu,46 to 64,NA,NA,NA,NA,NA
538,1,0.647232354,0.071512736,0.038607378,0.144285873,0.098361686,1,2019,5,State,urban/rural,Age,statesector,1,Tamil Nadu,65+,NA,NA,NA,NA,NA
733,1,0.648125052,0.263640821,0.038954712,0.037855137,0.011424256,1,2019,5,State,All,Education,state,99,Tamil Nadu,NA,No education / Preschool,NA,NA,NA,NA
734,1,0.499556065,0.288236558,0.154440209,0.052693982,0.005073174,1,2019,5,State,All,Education,state,99,Tamil Nadu,NA,Primary,NA,NA,NA,NA
735,1,0.319123,0.305475622,0.218101844,0.12646091,0.030838652,1,2019,5,State,All,Education,state,99,Tamil Nadu,NA,Secondary,NA,NA,NA,NA
736,1,0.327585489,0.33673954,0.208783031,0.086600564,0.04029138,1,2019,5,State,All,Education,state,99,Tamil Nadu,NA,Higher,NA,NA,NA,NA
737,1,0,0,0,1,0,1,2019,5,State,All,Education,state,99,Tamil Nadu,NA,NA,NA,NA,NA,NA
1002,1,0.659121871,0.286543489,0.036424641,0.017909989,0,1,2019,5,State,urban/rural,Education,statesector,0,Tamil Nadu,NA,No education / Preschool,NA,NA,NA,NA
1003,1,0.574235857,0.279809952,0.127285153,0.014148168,0.004520902,1,2019,5,State,urban/rural,Education,statesector,0,Tamil Nadu,NA,Primary,NA,NA,NA,NA
1004,1,0.350294083,0.336834699,0.233794242,0.062346831,0.016730161,1,2019,5,State,urban/rural,Education,statesector,0,Tamil Nadu,NA,Secondary,NA,NA,NA,NA
1005,1,0.362371296,0.37249738,0.23095338,0.034177929,0,1,2019,5,State,urban/rural,Education,statesector,0,Tamil Nadu,NA,Higher,NA,NA,NA,NA
1006,1,0,0,0,1,0,1,2019,5,State,urban/rural,Education,statesector,0,Tamil Nadu,NA,NA,NA,NA,NA,NA
1007,1,0.605619252,0.175115615,0.048734151,0.114948757,0.055582225,1,2019,5,State,urban/rural,Education,statesector,1,Tamil Nadu,NA,No education / Preschool,NA,NA,NA,NA
1008,1,0.329321146,0.307445347,0.216341004,0.140560403,0.006332097,1,2019,5,State,urban/rural,Education,statesector,1,Tamil Nadu,NA,Primary,NA,NA,NA,NA
1009,1,0.257006377,0.242984354,0.186830595,0.254225135,0.058953542,1,2019,5,State,urban/rural,Education,statesector,1,Tamil Nadu,NA,Secondary,NA,NA,NA,NA
1010,1,0,0,0,0.580275893,0.419724077,1,2019,5,State,urban/rural,Education,statesector,1,Tamil Nadu,NA,Higher,NA,NA,NA,NA
1141,1,0.514323711,0.288629115,0.118327595,0.068160146,0.010559418,1,2019,5,State,All,Gender,state,99,Tamil Nadu,NA,NA,1,NA,NA,NA
1142,1,0.574115634,0.261497885,0.098988287,0.044977672,0.020420514,1,2019,5,State,All,Gender,state,99,Tamil Nadu,NA,NA,2,NA,NA,NA
1290,1,0.559631824,0.300652891,0.109567538,0.024022095,0.006125675,1,2019,5,State,urban/rural,Gender,statesector,0,Tamil Nadu,NA,NA,1,NA,NA,NA
1291,1,0.609897733,0.280009419,0.080671377,0.029421464,0,1,2019,5,State,urban/rural,Gender,statesector,0,Tamil Nadu,NA,NA,2,NA,NA,NA
1292,1,0.379338294,0.252806902,0.144426256,0.19965975,0.023768779,1,2019,5,State,urban/rural,Gender,statesector,1,Tamil Nadu,NA,NA,1,NA,NA,NA
1293,1,0.48284784,0.214281365,0.145708412,0.084656186,0.072506189,1,2019,5,State,urban/rural,Gender,statesector,1,Tamil Nadu,NA,NA,2,NA,NA,NA
1452,1,0.775691271,0.211311489,0.008668687,0.004328547,0,1,2019,5,State,All,HH Size,state,99,Tamil Nadu,NA,NA,NA,1,NA,NA
1453,1,0.625567496,0.279910803,0.062528431,0.028845334,0.003147945,1,2019,5,State,All,HH Size,state,99,Tamil Nadu,NA,NA,NA,2 to 3,NA,NA
1454,1,0.394549549,0.287642837,0.179513291,0.109564267,0.028730083,1,2019,5,State,All,HH Size,state,99,Tamil Nadu,NA,NA,NA,4 to 6,NA,NA
1455,1,0.27408874,0.396628678,0.230339602,0.085080341,0.01386265,1,2019,5,State,All,HH Size,state,99,Tamil Nadu,NA,NA,NA,7+,NA,NA
1700,1,0.748684287,0.23790361,0.010313189,0.003098913,0,1,2019,5,State,urban/rural,HH Size,statesector,0,Tamil Nadu,NA,NA,NA,1,NA,NA
1701,1,0.633874893,0.288261801,0.062517799,0.01534548,0,1,2019,5,State,urban/rural,HH Size,statesector,0,Tamil Nadu,NA,NA,NA,2 to 3,NA,NA
1702,1,0.461917818,0.315676838,0.177285194,0.036864337,0.008255831,1,2019,5,State,urban/rural,HH Size,statesector,0,Tamil Nadu,NA,NA,NA,4 to 6,NA,NA
1703,1,0.340642124,0.374986172,0.168228656,0.093870625,0.022272423,1,2019,5,State,urban/rural,HH Size,statesector,0,Tamil Nadu,NA,NA,NA,7+,NA,NA
1704,1,0.888909698,0.099832252,0.001774625,0.009483407,0,1,2019,5,State,urban/rural,HH Size,statesector,1,Tamil Nadu,NA,NA,NA,1,NA,NA
1705,1,0.590235174,0.2443932,0.062573627,0.086261518,0.016536459,1,2019,5,State,urban/rural,HH Size,statesector,1,Tamil Nadu,NA,NA,NA,2 to 3,NA,NA
1706,1,0.259338081,0.231377199,0.183985174,0.255476594,0.069822922,1,2019,5,State,urban/rural,HH Size,statesector,1,Tamil Nadu,NA,NA,NA,4 to 6,NA,NA
1707,1,0.164382279,0.432304114,0.332723141,0.070590459,0,1,2019,5,State,urban/rural,HH Size,statesector,1,Tamil Nadu,NA,NA,NA,7+,NA,NA
1814,1,0.476114094,0.268799156,0.120615795,0.103916734,0.03055422,1,2019,5,State,All,Owns House,state,99,Tamil Nadu,NA,NA,NA,NA,0,NA
1815,1,0.559837103,0.28581956,0.108440958,0.040460471,0.005441936,1,2019,5,State,All,Owns House,state,99,Tamil Nadu,NA,NA,NA,NA,1,NA
1943,1,0.595390797,0.269999415,0.094657257,0.028387226,0.011565312,1,2019,5,State,urban/rural,Owns House,statesector,0,Tamil Nadu,NA,NA,NA,NA,0,NA
1944,1,0.567463696,0.302944332,0.10311763,0.024682604,0.001791755,1,2019,5,State,urban/rural,Owns House,statesector,0,Tamil Nadu,NA,NA,NA,NA,1,NA
1945,1,0.308220148,0.267109662,0.157155037,0.210232124,0.057283018,1,2019,5,State,urban/rural,Owns House,statesector,1,Tamil Nadu,NA,NA,NA,NA,0,NA
1946,1,0.52653414,0.211041063,0.13168624,0.109357454,0.021381125,1,2019,5,State,urban/rural,Owns House,statesector,1,Tamil Nadu,NA,NA,NA,NA,1,NA
2032,1,0.536030114,0.275208652,0.110889018,0.062249914,0.015622304,1,2019,5,State,All,Agri Land,state,99,Tamil Nadu,NA,NA,NA,NA,NA,0
2033,1,0.518710136,0.301538527,0.118652083,0.056004174,0.005095048,1,2019,5,State,All,Agri Land,state,99,Tamil Nadu,NA,NA,NA,NA,NA,1
2157,1,0.592711031,0.283199817,0.097190112,0.023048894,0.00385016,1,2019,5,State,urban/rural,Agri Land,statesector,0,Tamil Nadu,NA,NA,NA,NA,NA,0
2158,1,0.513944566,0.332394361,0.113556251,0.034302477,0.005802338,1,2019,5,State,urban/rural,Agri Land,statesector,0,Tamil Nadu,NA,NA,NA,NA,NA,1
2159,1,0.399828136,0.256006241,0.143806934,0.156448409,0.043910298,1,2019,5,State,urban/rural,Agri Land,statesector,1,Tamil Nadu,NA,NA,NA,NA,NA,0
2160,1,0.553039551,0.079265028,0.15536055,0.212334886,0,1,2019,5,State,urban/rural,Agri Land,statesector,1,Tamil Nadu,NA,NA,NA,NA,NA,1
2213,1,0.265260458,0.492637515,0.186430588,0.042534161,0.013137274,1,2015,4,State,All,All Households,state,99,Tamil Nadu,NA,NA,NA,NA,NA,NA
2277,1,0.280332118,0.523627877,0.169968799,0.022877855,0.003193336,1,2015,4,State,urban/rural,All Households,statesector,0,Tamil Nadu,NA,NA,NA,NA,NA,NA
2278,1,0.208759665,0.376460582,0.248142704,0.116221868,0.050415184,1,2015,4,State,urban/rural,All Households,statesector,1,Tamil Nadu,NA,NA,NA,NA,NA,NA
2434,1,0.190759301,0.465570778,0.284330189,0.054421999,0.00491773,1,2015,4,State,All,Age,state,99,Tamil Nadu,15 to 29,NA,NA,NA,NA,NA
2435,1,0.230177805,0.52202034,0.189904511,0.049751248,0.008146137,1,2015,4,State,All,Age,state,99,Tamil Nadu,30 to 45,NA,NA,NA,NA,NA
2436,1,0.252693385,0.503627598,0.191184103,0.033275533,0.019219382,1,2015,4,State,All,Age,state,99,Tamil Nadu,46 to 64,NA,NA,NA,NA,NA
2437,1,0.400903255,0.424852699,0.119009897,0.03912526,0.016108904,1,2015,4,State,All,Age,state,99,Tamil Nadu,65+,NA,NA,NA,NA,NA
2438,1,NA,NA,NA,NA,NA,0,2015,4,State,All,Age,state,99,Tamil Nadu,NA,NA,NA,NA,NA,NA
2705,1,0.226107299,0.48970899,0.238847867,0.038896494,0.006439356,1,2015,4,State,urban/rural,Age,statesector,0,Tamil Nadu,15 to 29,NA,NA,NA,NA,NA
2706,1,0.24598591,0.56806916,0.169789478,0.014773222,0.001382245,1,2015,4,State,urban/rural,Age,statesector,0,Tamil Nadu,30 to 45,NA,NA,NA,NA,NA
2707,1,0.267861426,0.525233209,0.176468492,0.030436872,0,1,2015,4,State,urban/rural,Age,statesector,0,Tamil Nadu,46 to 64,NA,NA,NA,NA,NA
2708,1,0.399368942,0.448657215,0.123934329,0.01676644,0.011273067,1,2015,4,State,urban/rural,Age,statesector,0,Tamil Nadu,65+,NA,NA,NA,NA,NA
2709,1,NA,NA,NA,NA,NA,0,2015,4,State,urban/rural,Age,statesector,0,Tamil Nadu,NA,NA,NA,NA,NA,NA
2710,1,0.076518372,0.387558788,0.431324095,0.104598746,0,1,2015,4,State,urban/rural,Age,statesector,1,Tamil Nadu,15 to 29,NA,NA,NA,NA,NA
2711,1,0.174954727,0.361156136,0.260173082,0.17194134,0.031774707,1,2015,4,State,urban/rural,Age,statesector,1,Tamil Nadu,30 to 45,NA,NA,NA,NA,NA
2712,1,0.191928148,0.417072475,0.250136912,0.044647608,0.096214853,1,2015,4,State,urban/rural,Age,statesector,1,Tamil Nadu,46 to 64,NA,NA,NA,NA,NA
2713,1,0.407314539,0.325381309,0.098432288,0.132555544,0.036316302,1,2015,4,State,urban/rural,Age,statesector,1,Tamil Nadu,65+,NA,NA,NA,NA,NA
2908,1,0.348797798,0.482088149,0.1265174,0.028612636,0.013984023,1,2015,4,State,All,Education,state,99,Tamil Nadu,NA,No education / Preschool,NA,NA,NA,NA
2909,1,0.195935801,0.491362691,0.259269208,0.046654787,0.006777509,1,2015,4,State,All,Education,state,99,Tamil Nadu,NA,Primary,NA,NA,NA,NA
2910,1,0.183758616,0.524118543,0.21020104,0.061455999,0.020465819,1,2015,4,State,All,Education,state,99,Tamil Nadu,NA,Secondary,NA,NA,NA,NA
2911,1,0.057393793,0.375238985,0.420622945,0.146744266,0,1,2015,4,State,All,Education,state,99,Tamil Nadu,NA,Higher,NA,NA,NA,NA
2912,1,0.185022399,0.59924823,0.215729371,0,0,1,2015,4,State,All,Education,state,99,Tamil Nadu,NA,NA,NA,NA,NA,NA
3189,1,0.360474467,0.495778769,0.126026824,0.015186937,0.002533022,1,2015,4,State,urban/rural,Education,statesector,0,Tamil Nadu,NA,No education / Preschool,NA,NA,NA,NA
3190,1,0.207236603,0.533303082,0.217527986,0.037795607,0.004136705,1,2015,4,State,urban/rural,Education,statesector,0,Tamil Nadu,NA,Primary,NA,NA,NA,NA
3191,1,0.20352456,0.57264936,0.200883612,0.019099813,0.003842683,1,2015,4,State,urban/rural,Education,statesector,0,Tamil Nadu,NA,Secondary,NA,NA,NA,NA
3192,1,0.080061056,0.523436844,0.319727927,0.076774158,0,1,2015,4,State,urban/rural,Education,statesector,0,Tamil Nadu,NA,Higher,NA,NA,NA,NA
3193,1,0.097750515,0.66341877,0.238830745,0,0,1,2015,4,State,urban/rural,Education,statesector,0,Tamil Nadu,NA,NA,NA,NA,NA,NA
3194,1,0.299304366,0.424058259,0.128596827,0.085519619,0.062520936,1,2015,4,State,urban/rural,Education,statesector,1,Tamil Nadu,NA,No education / Preschool,NA,NA,NA,NA
3195,1,0.159023747,0.354371965,0.395609379,0.075591698,0.015403214,1,2015,4,State,urban/rural,Education,statesector,1,Tamil Nadu,NA,Primary,NA,NA,NA,NA
3196,1,0.114230625,0.353408158,0.242975727,0.210446671,0.078938797,1,2015,4,State,urban/rural,Education,statesector,1,Tamil Nadu,NA,Secondary,NA,NA,NA,NA
3197,1,0,0,0.676090479,0.323909521,0,1,2015,4,State,urban/rural,Education,statesector,1,Tamil Nadu,NA,Higher,NA,NA,NA,NA
3198,1,1,0,0,0,0,1,2015,4,State,urban/rural,Education,statesector,1,Tamil Nadu,NA,NA,NA,NA,NA,NA
3328,1,0.231211707,0.504200161,0.202490762,0.047518153,0.014579181,1,2015,4,State,All,Gender,state,99,Tamil Nadu,NA,NA,1,NA,NA,NA
3329,1,0.406249195,0.444758922,0.119928725,0.021896489,0.007166642,1,2015,4,State,All,Gender,state,99,Tamil Nadu,NA,NA,2,NA,NA,NA
3330,1,NA,NA,NA,NA,NA,0,2015,4,State,All,Gender,state,99,Tamil Nadu,NA,NA,NA,NA,NA,NA
3476,1,0.247808173,0.536520481,0.188566074,0.024492541,0.002612717,1,2015,4,State,urban/rural,Gender,statesector,0,Tamil Nadu,NA,NA,1,NA,NA,NA
3477,1,0.410784423,0.471916229,0.095375776,0.016401408,0.005522174,1,2015,4,State,urban/rural,Gender,statesector,0,Tamil Nadu,NA,NA,2,NA,NA,NA
3478,1,NA,NA,NA,NA,NA,0,2015,4,State,urban/rural,Gender,statesector,0,Tamil Nadu,NA,NA,NA,NA,NA,NA
3479,1,0.170801118,0.386555284,0.253176183,0.131330669,0.058136735,1,2015,4,State,urban/rural,Gender,statesector,1,Tamil Nadu,NA,NA,1,NA,NA,NA
3480,1,0.386930674,0.329077721,0.224516317,0.045303743,0.014171543,1,2015,4,State,urban/rural,Gender,statesector,1,Tamil Nadu,NA,NA,2,NA,NA,NA
3649,1,0.593885005,0.36085543,0.04189083,0.003368742,0,1,2015,4,State,All,HH Size,state,99,Tamil Nadu,NA,NA,NA,1,NA,NA
3650,1,0.367014945,0.473847657,0.117914863,0.033336259,0.007886293,1,2015,4,State,All,HH Size,state,99,Tamil Nadu,NA,NA,NA,2 to 3,NA,NA
3651,1,0.200765714,0.51429522,0.229822874,0.04539495,0.009721258,1,2015,4,State,All,HH Size,state,99,Tamil Nadu,NA,NA,NA,4 to 6,NA,NA
3652,1,0.173669815,0.502216339,0.214184776,0.066856384,0.043072712,1,2015,4,State,All,HH Size,state,99,Tamil Nadu,NA,NA,NA,7+,NA,NA
3653,1,NA,NA,NA,NA,NA,0,2015,4,State,All,HH Size,state,99,Tamil Nadu,NA,NA,NA,NA,NA,NA
3920,1,0.586975574,0.381043196,0.031981237,0,0,1,2015,4,State,urban/rural,HH Size,statesector,0,Tamil Nadu,NA,NA,NA,1,NA,NA
3921,1,0.369431317,0.507967114,0.108139388,0.012617029,0.001845164,1,2015,4,State,urban/rural,HH Size,statesector,0,Tamil Nadu,NA,NA,NA,2 to 3,NA,NA
3922,1,0.217236772,0.541887224,0.21099627,0.024927041,0.004952661,1,2015,4,State,urban/rural,HH Size,statesector,0,Tamil Nadu,NA,NA,NA,4 to 6,NA,NA
3923,1,0.20805122,0.547810853,0.1958085,0.048329405,0,1,2015,4,State,urban/rural,HH Size,statesector,0,Tamil Nadu,NA,NA,NA,7+,NA,NA
3924,1,NA,NA,NA,NA,NA,0,2015,4,State,urban/rural,HH Size,statesector,0,Tamil Nadu,NA,NA,NA,NA,NA,NA
3925,1,0.619335771,0.286494255,0.078392543,0.015777409,0,1,2015,4,State,urban/rural,HH Size,statesector,1,Tamil Nadu,NA,NA,NA,1,NA,NA
3926,1,0.356369019,0.323526293,0.160983026,0.12461976,0.034501929,1,2015,4,State,urban/rural,HH Size,statesector,1,Tamil Nadu,NA,NA,NA,2 to 3,NA,NA
3927,1,0.136526272,0.406682342,0.30324927,0.125222668,0.028319452,1,2015,4,State,urban/rural,HH Size,statesector,1,Tamil Nadu,NA,NA,NA,4 to 6,NA,NA
3928,1,0.087954611,0.38854599,0.259998083,0.113045417,0.150455922,1,2015,4,State,urban/rural,HH Size,statesector,1,Tamil Nadu,NA,NA,NA,7+,NA,NA
4054,1,0.285096496,0.418830127,0.17625393,0.110836074,0.008983379,1,2015,4,State,All,Owns House,state,99,Tamil Nadu,NA,NA,NA,NA,0,NA
4055,1,0.261986166,0.504820704,0.188110426,0.031259768,0.013822946,1,2015,4,State,All,Owns House,state,99,Tamil Nadu,NA,NA,NA,NA,1,NA
4056,1,NA,NA,NA,NA,NA,0,2015,4,State,All,Owns House,state,99,Tamil Nadu,NA,NA,NA,NA,NA,NA
4203,1,0.367050856,0.479990155,0.128564239,0.024394732,0,1,2015,4,State,urban/rural,Owns House,statesector,0,Tamil Nadu,NA,NA,NA,NA,0,NA
4204,1,0.270723104,0.528463244,0.174556687,0.022709774,0.003547179,1,2015,4,State,urban/rural,Owns House,statesector,0,Tamil Nadu,NA,NA,NA,NA,1,NA
4205,1,NA,NA,NA,NA,NA,0,2015,4,State,urban/rural,Owns House,statesector,0,Tamil Nadu,NA,NA,NA,NA,NA,NA
4206,1,0.182547763,0.34230113,0.235927612,0.218999311,0.020224197,1,2015,4,State,urban/rural,Owns House,statesector,1,Tamil Nadu,NA,NA,NA,NA,0,NA
4207,1,0.219932258,0.391020745,0.253349274,0.072413892,0.063283831,1,2015,4,State,urban/rural,Owns House,statesector,1,Tamil Nadu,NA,NA,NA,NA,1,NA
4313,1,0.281287491,0.477902442,0.182119831,0.04659263,0.012097578,1,2015,4,State,All,Agri Land,state,99,Tamil Nadu,NA,NA,NA,NA,NA,0
4314,1,0.20610866,0.547020912,0.202340499,0.027555387,0.016974529,1,2015,4,State,All,Agri Land,state,99,Tamil Nadu,NA,NA,NA,NA,NA,1
4315,1,NA,NA,NA,NA,NA,0,2015,4,State,All,Agri Land,state,99,Tamil Nadu,NA,NA,NA,NA,NA,NA
4461,1,0.305896312,0.5152179,0.157048434,0.02103884,0.000798549,1,2015,4,State,urban/rural,Agri Land,statesector,0,Tamil Nadu,NA,NA,NA,NA,NA,0
4462,1,0.207854629,0.547471344,0.206599534,0.028091678,0.009982837,1,2015,4,State,urban/rural,Agri Land,statesector,0,Tamil Nadu,NA,NA,NA,NA,NA,1
4463,1,NA,NA,NA,NA,NA,0,2015,4,State,urban/rural,Agri Land,statesector,0,Tamil Nadu,NA,NA,NA,NA,NA,NA
4464,1,0.210623831,0.370752007,0.254111826,0.119969808,0.044542506,1,2015,4,State,urban/rural,Agri Land,statesector,1,Tamil Nadu,NA,NA,NA,NA,NA,0
4465,1,0.157183602,0.534399629,0.08299429,0.012527488,0.212894976,1,2015,4,State,urban/rural,Agri Land,statesector,1,Tamil Nadu,NA,NA,NA,NA,NA,1
35,1,0.406390756,0.328358412,0.192304373,0.051947109,0.020999361,1,2019,5,State,All,All Households,state,99,Telangana,NA,NA,NA,NA,NA,NA
102,1,0.435116619,0.332899809,0.190785781,0.036350071,0.004847724,1,2019,5,State,urban/rural,All Households,statesector,0,Telangana,NA,NA,NA,NA,NA,NA
103,1,0.23595272,0.301413178,0.201314569,0.144488364,0.116831183,1,2019,5,State,urban/rural,All Households,statesector,1,Telangana,NA,NA,NA,NA,NA,NA
264,1,0.401973486,0.285224825,0.254846722,0.050802387,0.007152567,1,2019,5,State,All,Age,state,99,Telangana,15 to 29,NA,NA,NA,NA,NA
265,1,0.332004577,0.382481426,0.220811158,0.05537916,0.009323669,1,2019,5,State,All,Age,state,99,Telangana,30 to 45,NA,NA,NA,NA,NA
266,1,0.398697495,0.320485204,0.196841061,0.056143094,0.027833125,1,2019,5,State,All,Age,state,99,Telangana,46 to 64,NA,NA,NA,NA,NA
267,1,0.575035393,0.247453928,0.095257305,0.039475713,0.042777639,1,2019,5,State,All,Age,state,99,Telangana,65+,NA,NA,NA,NA,NA
268,1,NA,NA,NA,NA,NA,0,2019,5,State,All,Age,state,99,Telangana,NA,NA,NA,NA,NA,NA
539,1,0.453879803,0.286360592,0.223167077,0.036592528,0,1,2019,5,State,urban/rural,Age,statesector,0,Telangana,15 to 29,NA,NA,NA,NA,NA
540,1,0.363306463,0.379165143,0.213360921,0.038087297,0.006080183,1,2019,5,State,urban/rural,Age,statesector,0,Telangana,30 to 45,NA,NA,NA,NA,NA
541,1,0.409741253,0.332340389,0.213286921,0.039678294,0.004953112,1,2019,5,State,urban/rural,Age,statesector,0,Telangana,46 to 64,NA,NA,NA,NA,NA
542,1,0.602669895,0.264540106,0.10008578,0.028177001,0.004527255,1,2019,5,State,urban/rural,Age,statesector,0,Telangana,65+,NA,NA,NA,NA,NA
543,1,NA,NA,NA,NA,NA,0,2019,5,State,urban/rural,Age,statesector,0,Telangana,NA,NA,NA,NA,NA,NA
544,1,0.157948807,0.279885143,0.403780878,0.117606558,0.040778603,1,2019,5,State,urban/rural,Age,statesector,1,Telangana,15 to 29,NA,NA,NA,NA,NA
545,1,0.180943564,0.398485512,0.256765634,0.13882874,0.024976552,1,2019,5,State,urban/rural,Age,statesector,1,Telangana,30 to 45,NA,NA,NA,NA,NA
546,1,0.311874866,0.227283403,0.067548819,0.185584232,0.207708672,1,2019,5,State,urban/rural,Age,statesector,1,Telangana,46 to 64,NA,NA,NA,NA,NA
547,1,0.362731695,0.116188318,0.058162235,0.126278877,0.336638898,1,2019,5,State,urban/rural,Age,statesector,1,Telangana,65+,NA,NA,NA,NA,NA
548,1,NA,NA,NA,NA,NA,0,2019,5,State,urban/rural,Age,statesector,1,Telangana,NA,NA,NA,NA,NA,NA
738,1,0.436084598,0.326256663,0.183011845,0.042770378,0.011876505,1,2019,5,State,All,Education,state,99,Telangana,NA,No education / Preschool,NA,NA,NA,NA
739,1,0.31020987,0.360971063,0.262476891,0.049898289,0.01644388,1,2019,5,State,All,Education,state,99,Telangana,NA,Primary,NA,NA,NA,NA
740,1,0.371251792,0.28384763,0.157342196,0.08558277,0.101975605,1,2019,5,State,All,Education,state,99,Telangana,NA,Secondary,NA,NA,NA,NA
741,1,0,0.291617155,0.057245731,0.576487601,0.074649498,1,2019,5,State,All,Education,state,99,Telangana,NA,Higher,NA,NA,NA,NA
742,1,0,0.721132278,0.278867722,0,0,1,2019,5,State,All,Education,state,99,Telangana,NA,NA,NA,NA,NA,NA
1011,1,0.456467718,0.326063782,0.184511691,0.029414197,0.003542601,1,2019,5,State,urban/rural,Education,statesector,0,Telangana,NA,No education / Preschool,NA,NA,NA,NA
1012,1,0.348664254,0.345210791,0.254513472,0.047021002,0.004590475,1,2019,5,State,urban/rural,Education,statesector,0,Telangana,NA,Primary,NA,NA,NA,NA
1013,1,0.43960613,0.34845528,0.124354921,0.078240082,0.009343591,1,2019,5,State,urban/rural,Education,statesector,0,Telangana,NA,Secondary,NA,NA,NA,NA
1014,1,0,0.601973712,0.118170097,0.125760183,0.154095992,1,2019,5,State,urban/rural,Education,statesector,0,Telangana,NA,Higher,NA,NA,NA,NA
1015,1,0,0.721132278,0.278867722,0,0,1,2019,5,State,urban/rural,Education,statesector,0,Telangana,NA,NA,NA,NA,NA,NA
1016,1,0.299727291,0.327546954,0.172978282,0.132119492,0.067627989,1,2019,5,State,urban/rural,Education,statesector,1,Telangana,NA,No education / Preschool,NA,NA,NA,NA
1017,1,0.066123158,0.46100837,0.313024133,0.068161711,0.091682628,1,2019,5,State,urban/rural,Education,statesector,1,Telangana,NA,Primary,NA,NA,NA,NA
1018,1,0.163287714,0.087282583,0.257704079,0.107922472,0.383803159,1,2019,5,State,urban/rural,Education,statesector,1,Telangana,NA,Secondary,NA,NA,NA,NA
1019,1,0,0,0,1,0,1,2019,5,State,urban/rural,Education,statesector,1,Telangana,NA,Higher,NA,NA,NA,NA
1020,1,NA,NA,NA,NA,NA,0,2019,5,State,urban/rural,Education,statesector,1,Telangana,NA,NA,NA,NA,NA,NA
1143,1,0.376271307,0.332429528,0.212759525,0.056127686,0.022411944,1,2019,5,State,All,Gender,state,99,Telangana,NA,NA,1,NA,NA,NA
1144,1,0.53082186,0.311539561,0.107798912,0.034676071,0.015163615,1,2019,5,State,All,Gender,state,99,Telangana,NA,NA,2,NA,NA,NA
1145,1,NA,NA,NA,NA,NA,0,2019,5,State,All,Gender,state,99,Telangana,NA,NA,NA,NA,NA,NA
1294,1,0.410526454,0.337876081,0.208257258,0.038470041,0.004870169,1,2019,5,State,urban/rural,Gender,statesector,0,Telangana,NA,NA,1,NA,NA,NA
1295,1,0.535087228,0.31266889,0.119756006,0.027731398,0.004756473,1,2019,5,State,urban/rural,Gender,statesector,0,Telangana,NA,NA,2,NA,NA,NA
1296,1,NA,NA,NA,NA,NA,0,2019,5,State,urban/rural,Gender,statesector,0,Telangana,NA,NA,NA,NA,NA,NA
1297,1,0.177375585,0.300805211,0.238901004,0.158653364,0.124264836,1,2019,5,State,urban/rural,Gender,statesector,1,Telangana,NA,NA,1,NA,NA,NA
1298,1,0.503045022,0.304185301,0.029932899,0.079900622,0.082936168,1,2019,5,State,urban/rural,Gender,statesector,1,Telangana,NA,NA,2,NA,NA,NA
1299,1,NA,NA,NA,NA,NA,0,2019,5,State,urban/rural,Gender,statesector,1,Telangana,NA,NA,NA,NA,NA,NA
1456,1,0.80189395,0.166221157,0.02838116,0.003503759,0,1,2019,5,State,All,HH Size,state,99,Telangana,NA,NA,NA,1,NA,NA
1457,1,0.504108012,0.319251299,0.126299948,0.045052528,0.005288207,1,2019,5,State,All,HH Size,state,99,Telangana,NA,NA,NA,2 to 3,NA,NA
1458,1,0.311729938,0.363854259,0.261810988,0.055442259,0.007162539,1,2019,5,State,All,HH Size,state,99,Telangana,NA,NA,NA,4 to 6,NA,NA
1459,1,0.310917109,0.307459086,0.169459596,0.084493063,0.127671108,1,2019,5,State,All,HH Size,state,99,Telangana,NA,NA,NA,7+,NA,NA
1708,1,0.807733655,0.164295062,0.024131101,0.003840167,0,1,2019,5,State,urban/rural,HH Size,statesector,0,Telangana,NA,NA,NA,1,NA,NA
1709,1,0.533164978,0.327611595,0.113719933,0.023178991,0.002324512,1,2019,5,State,urban/rural,HH Size,statesector,0,Telangana,NA,NA,NA,2 to 3,NA,NA
1710,1,0.328566343,0.362201929,0.260693282,0.043759648,0.004778792,1,2019,5,State,urban/rural,HH Size,statesector,0,Telangana,NA,NA,NA,4 to 6,NA,NA
1711,1,0.363541186,0.341816276,0.214793757,0.064007379,0.015841389,1,2019,5,State,urban/rural,HH Size,statesector,0,Telangana,NA,NA,NA,7+,NA,NA
1712,1,0.741071761,0.186281875,0.072646335,0,0,1,2019,5,State,urban/rural,HH Size,statesector,1,Telangana,NA,NA,NA,1,NA,NA
1713,1,0.257942259,0.248424113,0.232875809,0.23036167,0.03039616,1,2019,5,State,urban/rural,HH Size,statesector,1,Telangana,NA,NA,NA,2 to 3,NA,NA
1714,1,0.21801427,0.373051524,0.268032432,0.120470673,0.020431092,1,2019,5,State,urban/rural,HH Size,statesector,1,Telangana,NA,NA,NA,4 to 6,NA,NA
1715,1,0.143145576,0.197924465,0.024929103,0.149803787,0.48419708,1,2019,5,State,urban/rural,HH Size,statesector,1,Telangana,NA,NA,NA,7+,NA,NA
1816,1,0.385602295,0.366909236,0.173358813,0.067555144,0.006574531,1,2019,5,State,All,Owns House,state,99,Telangana,NA,NA,NA,NA,0,NA
1817,1,0.416715771,0.309211344,0.201714084,0.044195056,0.028163752,1,2019,5,State,All,Owns House,state,99,Telangana,NA,NA,NA,NA,1,NA
1947,1,0.449864596,0.352642864,0.165211812,0.032280721,0,1,2019,5,State,urban/rural,Owns House,statesector,0,Telangana,NA,NA,NA,NA,0,NA
1948,1,0.428592503,0.32416597,0.202099055,0.038150247,0.006992233,1,2019,5,State,urban/rural,Owns House,statesector,0,Telangana,NA,NA,NA,NA,1,NA
1949,1,0.142525896,0.420872718,0.204175353,0.200982928,0.031443119,1,2019,5,State,urban/rural,Owns House,statesector,1,Telangana,NA,NA,NA,NA,0,NA
1950,1,0.322567374,0.190663949,0.198662385,0.092113063,0.195993215,1,2019,5,State,urban/rural,Owns House,statesector,1,Telangana,NA,NA,NA,NA,1,NA
2034,1,0.417669803,0.330623925,0.157778397,0.05700044,0.036927447,1,2019,5,State,All,Agri Land,state,99,Telangana,NA,NA,NA,NA,NA,0
2035,1,0.396271437,0.326325834,0.223280281,0.047413379,0.006709056,1,2019,5,State,All,Agri Land,state,99,Telangana,NA,NA,NA,NA,NA,1
2161,1,0.488068283,0.340718091,0.148572534,0.020890143,0.00175093,1,2019,5,State,urban/rural,Agri Land,statesector,0,Telangana,NA,NA,NA,NA,NA,0
2162,1,0.398537546,0.327498913,0.219946742,0.047029808,0.006986994,1,2019,5,State,urban/rural,Agri Land,statesector,0,Telangana,NA,NA,NA,NA,NA,1
2163,1,0.217986718,0.301992118,0.183890492,0.159426153,0.136704519,1,2019,5,State,urban/rural,Agri Land,statesector,1,Telangana,NA,NA,NA,NA,NA,0
2164,1,0.341571063,0.298009634,0.303747088,0.056672238,0,1,2019,5,State,urban/rural,Agri Land,statesector,1,Telangana,NA,NA,NA,NA,NA,1
2214,1,0.282444626,0.470043629,0.200029135,0.044490203,0.002992417,1,2015,4,State,All,All Households,state,99,Telangana,NA,NA,NA,NA,NA,NA
2279,1,0.308766395,0.493943691,0.177075759,0.016718887,0.00349527,1,2015,4,State,urban/rural,All Households,statesector,0,Telangana,NA,NA,NA,NA,NA,NA
2280,1,0.125806957,0.327817261,0.336621851,0.209753945,0,1,2015,4,State,urban/rural,All Households,statesector,1,Telangana,NA,NA,NA,NA,NA,NA
2439,1,0.242272988,0.444315404,0.209970996,0.097977482,0.005463129,1,2015,4,State,All,Age,state,99,Telangana,15 to 29,NA,NA,NA,NA,NA
2440,1,0.271766663,0.48066923,0.210341677,0.036552832,0.000669596,1,2015,4,State,All,Age,state,99,Telangana,30 to 45,NA,NA,NA,NA,NA
2441,1,0.2501311,0.500374198,0.220938221,0.020771347,0.007785148,1,2015,4,State,All,Age,state,99,Telangana,46 to 64,NA,NA,NA,NA,NA
2442,1,0.373047709,0.429365218,0.145809561,0.051777497,0,1,2015,4,State,All,Age,state,99,Telangana,65+,NA,NA,NA,NA,NA
2443,1,1,0,0,0,0,1,2015,4,State,All,Age,state,99,Telangana,NA,NA,NA,NA,NA,NA
2714,1,0.280262679,0.499082595,0.170550272,0.043211494,0.006892966,1,2015,4,State,urban/rural,Age,statesector,0,Telangana,15 to 29,NA,NA,NA,NA,NA
2715,1,0.300712675,0.499777585,0.183290899,0.015407435,0.000811402,1,2015,4,State,urban/rural,Age,statesector,0,Telangana,30 to 45,NA,NA,NA,NA,NA
2716,1,0.263542473,0.513509154,0.201155022,0.013174745,0.008618638,1,2015,4,State,urban/rural,Age,statesector,0,Telangana,46 to 64,NA,NA,NA,NA,NA
2717,1,0.397377491,0.455917776,0.139829963,0.006874755,0,1,2015,4,State,urban/rural,Age,statesector,0,Telangana,65+,NA,NA,NA,NA,NA
2718,1,1,0,0,0,0,1,2015,4,State,urban/rural,Age,statesector,0,Telangana,NA,NA,NA,NA,NA,NA
2719,1,0.097121798,0.235060483,0.360589981,0.307227731,0,1,2015,4,State,urban/rural,Age,statesector,1,Telangana,15 to 29,NA,NA,NA,NA,NA
2720,1,0.135086447,0.390441418,0.338072807,0.136399344,0,1,2015,4,State,urban/rural,Age,statesector,1,Telangana,30 to 45,NA,NA,NA,NA,NA
2721,1,0.124863282,0.37768805,0.405721813,0.091726869,0,1,2015,4,State,urban/rural,Age,statesector,1,Telangana,46 to 64,NA,NA,NA,NA,NA
2722,1,0.137363106,0.172148466,0.203734487,0.486753941,0,1,2015,4,State,urban/rural,Age,statesector,1,Telangana,65+,NA,NA,NA,NA,NA
2913,1,0.317182332,0.483694583,0.169777185,0.026499994,0.002845905,1,2015,4,State,All,Education,state,99,Telangana,NA,No education / Preschool,NA,NA,NA,NA
2914,1,0.227236301,0.451772124,0.249542758,0.067055799,0.004393013,1,2015,4,State,All,Education,state,99,Telangana,NA,Primary,NA,NA,NA,NA
2915,1,0.198093846,0.444534719,0.268017799,0.087241404,0.002112238,1,2015,4,State,All,Education,state,99,Telangana,NA,Secondary,NA,NA,NA,NA
2916,1,0.060120758,0.215579584,0.433776796,0.290522844,0,1,2015,4,State,All,Education,state,99,Telangana,NA,Higher,NA,NA,NA,NA
2917,1,0,0.546631217,0.453368783,0,0,1,2015,4,State,All,Education,state,99,Telangana,NA,NA,NA,NA,NA,NA
3199,1,0.337216556,0.499361634,0.152431235,0.007713382,0.003277202,1,2015,4,State,urban/rural,Education,statesector,0,Telangana,NA,No education / Preschool,NA,NA,NA,NA
3200,1,0.268608898,0.487984031,0.213304445,0.02480079,0.005301845,1,2015,4,State,urban/rural,Education,statesector,0,Telangana,NA,Primary,NA,NA,NA,NA
3201,1,0.233287945,0.494939744,0.242194518,0.027018204,0.002559608,1,2015,4,State,urban/rural,Education,statesector,0,Telangana,NA,Secondary,NA,NA,NA,NA
3202,1,0.067289598,0.241285443,0.366259962,0.325165004,0,1,2015,4,State,urban/rural,Education,statesector,0,Telangana,NA,Higher,NA,NA,NA,NA
3203,1,0,0.546631217,0.453368783,0,0,1,2015,4,State,urban/rural,Education,statesector,0,Telangana,NA,NA,NA,NA,NA,NA
3204,1,0.184986979,0.380315989,0.284233987,0.150463015,0,1,2015,4,State,urban/rural,Education,statesector,1,Telangana,NA,No education / Preschool,NA,NA,NA,NA
3205,1,0.027253861,0.276734829,0.424707741,0.271303564,0,1,2015,4,State,urban/rural,Education,statesector,1,Telangana,NA,Primary,NA,NA,NA,NA
3206,1,0.031926215,0.206549302,0.389941484,0.371583015,0,1,2015,4,State,urban/rural,Education,statesector,1,Telangana,NA,Secondary,NA,NA,NA,NA
3207,1,0,0,1,0,0,1,2015,4,State,urban/rural,Education,statesector,1,Telangana,NA,Higher,NA,NA,NA,NA
3331,1,0.271499842,0.467729539,0.209947258,0.04725701,0.00356634,1,2015,4,State,All,Gender,state,99,Telangana,NA,NA,1,NA,NA,NA
3332,1,0.339510322,0.482109219,0.148316324,0.030064154,0,1,2015,4,State,All,Gender,state,99,Telangana,NA,NA,2,NA,NA,NA
3333,1,NA,NA,NA,NA,NA,0,2015,4,State,All,Gender,state,99,Telangana,NA,NA,NA,NA,NA,NA
3481,1,0.293556362,0.49788487,0.186301202,0.01814172,0.004115847,1,2015,4,State,urban/rural,Gender,statesector,0,Telangana,NA,NA,1,NA,NA,NA
3482,1,0.394433677,0.471745759,0.125115484,0.008705081,0,1,2015,4,State,urban/rural,Gender,statesector,0,Telangana,NA,NA,2,NA,NA,NA
3483,1,NA,NA,NA,NA,NA,0,2015,4,State,urban/rural,Gender,statesector,0,Telangana,NA,NA,NA,NA,NA,NA
3484,1,0.128351703,0.272019356,0.363411784,0.236217186,0,1,2015,4,State,urban/rural,Gender,statesector,1,Telangana,NA,NA,1,NA,NA,NA
3485,1,0.116854213,0.524122059,0.242371142,0.116652593,0,1,2015,4,State,urban/rural,Gender,statesector,1,Telangana,NA,NA,2,NA,NA,NA
3654,1,0.592879474,0.310774446,0.096346103,0,0,1,2015,4,State,All,HH Size,state,99,Telangana,NA,NA,NA,1,NA,NA
3655,1,0.358823985,0.471472472,0.151778415,0.016851321,0.001073797,1,2015,4,State,All,HH Size,state,99,Telangana,NA,NA,NA,2 to 3,NA,NA
3656,1,0.247184262,0.476194561,0.230829835,0.04440251,0.001388853,1,2015,4,State,All,HH Size,state,99,Telangana,NA,NA,NA,4 to 6,NA,NA
3657,1,0.195653602,0.488786161,0.193411708,0.108277321,0.013871185,1,2015,4,State,All,HH Size,state,99,Telangana,NA,NA,NA,7+,NA,NA
3658,1,NA,NA,NA,NA,NA,0,2015,4,State,All,HH Size,state,99,Telangana,NA,NA,NA,NA,NA,NA
3929,1,0.604714215,0.320376515,0.074909292,0,0,1,2015,4,State,urban/rural,HH Size,statesector,0,Telangana,NA,NA,NA,1,NA,NA
3930,1,0.380608678,0.479399532,0.126548097,0.012214386,0.001229305,1,2015,4,State,urban/rural,HH Size,statesector,0,Telangana,NA,NA,NA,2 to 3,NA,NA
3931,1,0.272823095,0.503894508,0.206552789,0.015087636,0.001641989,1,2015,4,State,urban/rural,HH Size,statesector,0,Telangana,NA,NA,NA,4 to 6,NA,NA
3932,1,0.228845716,0.533967495,0.184203878,0.036758527,0.016224394,1,2015,4,State,urban/rural,HH Size,statesector,0,Telangana,NA,NA,NA,7+,NA,NA
3933,1,NA,NA,NA,NA,NA,0,2015,4,State,urban/rural,HH Size,statesector,0,Telangana,NA,NA,NA,NA,NA,NA
3934,1,0.49233219,0.229195833,0.278471977,0,0,1,2015,4,State,urban/rural,HH Size,statesector,1,Telangana,NA,NA,NA,1,NA,NA
3935,1,0.208398595,0.41673547,0.325996131,0.048869796,0,1,2015,4,State,urban/rural,HH Size,statesector,1,Telangana,NA,NA,NA,2 to 3,NA,NA
3936,1,0.106514513,0.324216485,0.364027947,0.205241084,0,1,2015,4,State,urban/rural,HH Size,statesector,1,Telangana,NA,NA,NA,4 to 6,NA,NA
3937,1,0,0.222461239,0.24768807,0.529850662,0,1,2015,4,State,urban/rural,HH Size,statesector,1,Telangana,NA,NA,NA,7+,NA,NA
4057,1,0.277003407,0.433783621,0.215596706,0.073616251,0,1,2015,4,State,All,Owns House,state,99,Telangana,NA,NA,NA,NA,0,NA
4058,1,0.286204576,0.495099723,0.189271748,0.024363739,0.005060215,1,2015,4,State,All,Owns House,state,99,Telangana,NA,NA,NA,NA,1,NA
4059,1,NA,NA,NA,NA,NA,0,2015,4,State,All,Owns House,state,99,Telangana,NA,NA,NA,NA,NA,NA
4208,1,0.323706955,0.469435811,0.190427035,0.016430173,0,1,2015,4,State,urban/rural,Owns House,statesector,0,Telangana,NA,NA,NA,NA,0,NA
4209,1,0.299710244,0.508799016,0.168982953,0.01689389,0.005613911,1,2015,4,State,urban/rural,Owns House,statesector,0,Telangana,NA,NA,NA,NA,1,NA
4210,1,NA,NA,NA,NA,NA,0,2015,4,State,urban/rural,Owns House,statesector,0,Telangana,NA,NA,NA,NA,NA,NA
4211,1,0.100599341,0.299121708,0.310665071,0.289613903,0,1,2015,4,State,urban/rural,Owns House,statesector,1,Telangana,NA,NA,NA,NA,0,NA
4212,1,0.162776738,0.369902462,0.374690354,0.092630431,0,1,2015,4,State,urban/rural,Owns House,statesector,1,Telangana,NA,NA,NA,NA,1,NA
4316,1,0.288842618,0.432372421,0.208707094,0.064795353,0.005282514,1,2015,4,State,All,Agri Land,state,99,Telangana,NA,NA,NA,NA,NA,0
4317,1,0.275658995,0.509997249,0.190825388,0.022954807,0.000563568,1,2015,4,State,All,Agri Land,state,99,Telangana,NA,NA,NA,NA,NA,1
4318,1,NA,NA,NA,NA,NA,0,2015,4,State,All,Agri Land,state,99,Telangana,NA,NA,NA,NA,NA,NA
4466,1,0.341385722,0.468328029,0.170781061,0.012457849,0.007047332,1,2015,4,State,urban/rural,Agri Land,statesector,0,Telangana,NA,NA,NA,NA,NA,0
4467,1,0.282008708,0.514956236,0.182239324,0.020214222,0.00058151,1,2015,4,State,urban/rural,Agri Land,statesector,0,Telangana,NA,NA,NA,NA,NA,1
4468,1,NA,NA,NA,NA,NA,0,2015,4,State,urban/rural,Agri Land,statesector,0,Telangana,NA,NA,NA,NA,NA,NA
4469,1,0.131568745,0.324748874,0.32222864,0.221453756,0,1,2015,4,State,urban/rural,Agri Land,statesector,1,Telangana,NA,NA,NA,NA,NA,0
4470,1,0.076208115,0.354230613,0.460521966,0.109039299,0,1,2015,4,State,urban/rural,Agri Land,statesector,1,Telangana,NA,NA,NA,NA,NA,1
36,1,0.784284055,0.203231931,0.01248402,0,0,1,2019,5,State,All,All Households,state,99,Tripura,NA,NA,NA,NA,NA,NA
104,1,0.818690062,0.171606988,0.009702966,0,0,1,2019,5,State,urban/rural,All Households,statesector,0,Tripura,NA,NA,NA,NA,NA,NA
105,1,0.478168935,0.484603614,0.037227452,0,0,1,2019,5,State,urban/rural,All Households,statesector,1,Tripura,NA,NA,NA,NA,NA,NA
269,1,0.786643207,0.186568007,0.026788762,0,0,1,2019,5,State,All,Age,state,99,Tripura,15 to 29,NA,NA,NA,NA,NA
270,1,0.803946853,0.190319121,0.005733995,0,0,1,2019,5,State,All,Age,state,99,Tripura,30 to 45,NA,NA,NA,NA,NA
271,1,0.758926928,0.220839992,0.020233072,0,0,1,2019,5,State,All,Age,state,99,Tripura,46 to 64,NA,NA,NA,NA,NA
272,1,0.787114441,0.212885559,0,0,0,1,2019,5,State,All,Age,state,99,Tripura,65+,NA,NA,NA,NA,NA
273,1,NA,NA,NA,NA,NA,0,2019,5,State,All,Age,state,99,Tripura,NA,NA,NA,NA,NA,NA
549,1,0.812262058,0.172145247,0.015592682,0,0,1,2019,5,State,urban/rural,Age,statesector,0,Tripura,15 to 29,NA,NA,NA,NA,NA
550,1,0.843022823,0.150664657,0.006312545,0,0,1,2019,5,State,urban/rural,Age,statesector,0,Tripura,30 to 45,NA,NA,NA,NA,NA
551,1,0.799357891,0.184854776,0.01578735,0,0,1,2019,5,State,urban/rural,Age,statesector,0,Tripura,46 to 64,NA,NA,NA,NA,NA
552,1,0.799881756,0.200118273,0,0,0,1,2019,5,State,urban/rural,Age,statesector,0,Tripura,65+,NA,NA,NA,NA,NA
553,1,NA,NA,NA,NA,NA,0,2019,5,State,urban/rural,Age,statesector,0,Tripura,NA,NA,NA,NA,NA,NA
554,1,0.556872606,0.315923065,0.127204284,0,0,1,2019,5,State,urban/rural,Age,statesector,1,Tripura,15 to 29,NA,NA,NA,NA,NA
555,1,0.416666657,0.583333373,0,0,0,1,2019,5,State,urban/rural,Age,statesector,1,Tripura,30 to 45,NA,NA,NA,NA,NA
556,1,0.471347481,0.47679767,0.051854856,0,0,1,2019,5,State,urban/rural,Age,statesector,1,Tripura,46 to 64,NA,NA,NA,NA,NA
557,1,0.628575861,0.371424139,0,0,0,1,2019,5,State,urban/rural,Age,statesector,1,Tripura,65+,NA,NA,NA,NA,NA
558,1,NA,NA,NA,NA,NA,0,2019,5,State,urban/rural,Age,statesector,1,Tripura,NA,NA,NA,NA,NA,NA
743,1,0.82420814,0.161987245,0.013804594,0,0,1,2019,5,State,All,Education,state,99,Tripura,NA,No education / Preschool,NA,NA,NA,NA
744,1,0.809442222,0.188006938,0.002550857,0,0,1,2019,5,State,All,Education,state,99,Tripura,NA,Primary,NA,NA,NA,NA
745,1,0.657813489,0.310882896,0.031303599,0,0,1,2019,5,State,All,Education,state,99,Tripura,NA,Secondary,NA,NA,NA,NA
746,1,0.605309606,0.394690424,0,0,0,1,2019,5,State,All,Education,state,99,Tripura,NA,Higher,NA,NA,NA,NA
747,1,1,0,0,0,0,1,2019,5,State,All,Education,state,99,Tripura,NA,NA,NA,NA,NA,NA
1021,1,0.835706353,0.155582905,0.00871077,0,0,1,2019,5,State,urban/rural,Education,statesector,0,Tripura,NA,No education / Preschool,NA,NA,NA,NA
1022,1,0.850520551,0.146623611,0.002855815,0,0,1,2019,5,State,urban/rural,Education,statesector,0,Tripura,NA,Primary,NA,NA,NA,NA
1023,1,0.718040049,0.255270123,0.026689794,0,0,1,2019,5,State,urban/rural,Education,statesector,0,Tripura,NA,Secondary,NA,NA,NA,NA
1024,1,0.605309606,0.394690424,0,0,0,1,2019,5,State,urban/rural,Education,statesector,0,Tripura,NA,Higher,NA,NA,NA,NA
1025,1,1,0,0,0,0,1,2019,5,State,urban/rural,Education,statesector,0,Tripura,NA,NA,NA,NA,NA,NA
1026,1,0.69389075,0.2345725,0.071536757,0,0,1,2019,5,State,urban/rural,Education,statesector,1,Tripura,NA,No education / Preschool,NA,NA,NA,NA
1027,1,0.465837598,0.534162402,0,0,0,1,2019,5,State,urban/rural,Education,statesector,1,Tripura,NA,Primary,NA,NA,NA,NA
1028,1,0.246239424,0.690927327,0.06283325,0,0,1,2019,5,State,urban/rural,Education,statesector,1,Tripura,NA,Secondary,NA,NA,NA,NA
1029,1,NA,NA,NA,NA,NA,0,2019,5,State,urban/rural,Education,statesector,1,Tripura,NA,NA,NA,NA,NA,NA
1146,1,0.775760114,0.210763738,0.013476149,0,0,1,2019,5,State,All,Gender,state,99,Tripura,NA,NA,1,NA,NA,NA
1147,1,0.831250072,0.16173245,0.007017483,0,0,1,2019,5,State,All,Gender,state,99,Tripura,NA,NA,2,NA,NA,NA
1148,1,NA,NA,NA,NA,NA,0,2019,5,State,All,Gender,state,99,Tripura,NA,NA,NA,NA,NA,NA
1300,1,0.813776195,0.176135823,0.010088009,0,0,1,2019,5,State,urban/rural,Gender,statesector,0,Tripura,NA,NA,1,NA,NA,NA
1301,1,0.845067739,0.14729622,0.007636057,0,0,1,2019,5,State,urban/rural,Gender,statesector,0,Tripura,NA,NA,2,NA,NA,NA
1302,1,NA,NA,NA,NA,NA,0,2019,5,State,urban/rural,Gender,statesector,0,Tripura,NA,NA,NA,NA,NA,NA
1303,1,0.450594127,0.506949663,0.042456221,0,0,1,2019,5,State,urban/rural,Gender,statesector,1,Tripura,NA,NA,1,NA,NA,NA
1304,1,0.674494147,0.325505823,0,0,0,1,2019,5,State,urban/rural,Gender,statesector,1,Tripura,NA,NA,2,NA,NA,NA
1305,1,NA,NA,NA,NA,NA,0,2019,5,State,urban/rural,Gender,statesector,1,Tripura,NA,NA,NA,NA,NA,NA
1460,1,0.93419081,0.060501095,0.005308066,0,0,1,2019,5,State,All,HH Size,state,99,Tripura,NA,NA,NA,1,NA,NA
1461,1,0.843704522,0.15091902,0.005376459,0,0,1,2019,5,State,All,HH Size,state,99,Tripura,NA,NA,NA,2 to 3,NA,NA
1462,1,0.771236062,0.213633463,0.015130504,0,0,1,2019,5,State,All,HH Size,state,99,Tripura,NA,NA,NA,4 to 6,NA,NA
1463,1,0.63208127,0.347591162,0.020327577,0,0,1,2019,5,State,All,HH Size,state,99,Tripura,NA,NA,NA,7+,NA,NA
1716,1,0.940370619,0.053346619,0.006282778,0,0,1,2019,5,State,urban/rural,HH Size,statesector,0,Tripura,NA,NA,NA,1,NA,NA
1717,1,0.877737045,0.119709454,0.002553521,0,0,1,2019,5,State,urban/rural,HH Size,statesector,0,Tripura,NA,NA,NA,2 to 3,NA,NA
1718,1,0.802048504,0.186951503,0.010999978,0,0,1,2019,5,State,urban/rural,HH Size,statesector,0,Tripura,NA,NA,NA,4 to 6,NA,NA
1719,1,0.693880796,0.281762332,0.024356864,0,0,1,2019,5,State,urban/rural,HH Size,statesector,0,Tripura,NA,NA,NA,7+,NA,NA
1720,1,0.900537133,0.099462837,0,0,0,1,2019,5,State,urban/rural,HH Size,statesector,1,Tripura,NA,NA,NA,1,NA,NA
1721,1,0.532492995,0.436316073,0.031190921,0,0,1,2019,5,State,urban/rural,HH Size,statesector,1,Tripura,NA,NA,NA,2 to 3,NA,NA
1722,1,0.445143819,0.496011823,0.058844369,0,0,1,2019,5,State,urban/rural,HH Size,statesector,1,Tripura,NA,NA,NA,4 to 6,NA,NA
1723,1,0.320305258,0.679694772,0,0,0,1,2019,5,State,urban/rural,HH Size,statesector,1,Tripura,NA,NA,NA,7+,NA,NA
1818,1,0.8274979,0.159197047,0.013305035,0,0,1,2019,5,State,All,Owns House,state,99,Tripura,NA,NA,NA,NA,0,NA
1819,1,0.726151645,0.262468785,0.011379567,0,0,1,2019,5,State,All,Owns House,state,99,Tripura,NA,NA,NA,NA,1,NA
1951,1,0.837367356,0.153802708,0.008829912,0,0,1,2019,5,State,urban/rural,Owns House,statesector,0,Tripura,NA,NA,NA,NA,0,NA
1952,1,0.79097724,0.198024362,0.010998374,0,0,1,2019,5,State,urban/rural,Owns House,statesector,0,Tripura,NA,NA,NA,NA,1,NA
1953,1,0.6825881,0.238400131,0.079011746,0,0,1,2019,5,State,urban/rural,Owns House,statesector,1,Tripura,NA,NA,NA,NA,0,NA
1954,1,0.36218518,0.624294996,0.013519797,0,0,1,2019,5,State,urban/rural,Owns House,statesector,1,Tripura,NA,NA,NA,NA,1,NA
2036,1,0.791799605,0.195867762,0.012332602,0,0,1,2019,5,State,All,Agri Land,state,99,Tripura,NA,NA,NA,NA,NA,0
2037,1,0.739514768,0.247099265,0.013385991,0,0,1,2019,5,State,All,Agri Land,state,99,Tripura,NA,NA,NA,NA,NA,1
2165,1,0.833403349,0.157616943,0.008979705,0,0,1,2019,5,State,urban/rural,Agri Land,statesector,0,Tripura,NA,NA,NA,NA,NA,0
2166,1,0.740172803,0.246264532,0.013562632,0,0,1,2019,5,State,urban/rural,Agri Land,statesector,0,Tripura,NA,NA,NA,NA,NA,1
2167,1,0.474176586,0.487893164,0.03793025,0,0,1,2019,5,State,urban/rural,Agri Land,statesector,1,Tripura,NA,NA,NA,NA,NA,0
2168,1,0.689644694,0.310355306,0,0,0,1,2019,5,State,urban/rural,Agri Land,statesector,1,Tripura,NA,NA,NA,NA,NA,1
2215,1,0.41156882,0.539940596,0.047456533,0.001034048,0,1,2015,4,State,All,All Households,state,99,Tripura,NA,NA,NA,NA,NA,NA
2281,1,0.444496304,0.524770856,0.029562688,0.001170148,0,1,2015,4,State,urban/rural,All Households,statesector,0,Tripura,NA,NA,NA,NA,NA,NA
2282,1,0.161396354,0.655195355,0.183408275,0,0,1,2015,4,State,urban/rural,All Households,statesector,1,Tripura,NA,NA,NA,NA,NA,NA
2444,1,0.437778056,0.530989885,0.031232072,0,0,1,2015,4,State,All,Age,state,99,Tripura,15 to 29,NA,NA,NA,NA,NA
2445,1,0.425132394,0.547290564,0.027577043,0,0,1,2015,4,State,All,Age,state,99,Tripura,30 to 45,NA,NA,NA,NA,NA
2446,1,0.395838022,0.525663137,0.075232729,0.003266085,0,1,2015,4,State,All,Age,state,99,Tripura,46 to 64,NA,NA,NA,NA,NA
2447,1,0.373346925,0.56266284,0.063990273,0,0,1,2015,4,State,All,Age,state,99,Tripura,65+,NA,NA,NA,NA,NA
2723,1,0.466973633,0.520506144,0.01252024,0,0,1,2015,4,State,urban/rural,Age,statesector,0,Tripura,15 to 29,NA,NA,NA,NA,NA
2724,1,0.465992928,0.514166594,0.019840481,0,0,1,2015,4,State,urban/rural,Age,statesector,0,Tripura,30 to 45,NA,NA,NA,NA,NA
2725,1,0.424423873,0.529802322,0.04207994,0.003693876,0,1,2015,4,State,urban/rural,Age,statesector,0,Tripura,46 to 64,NA,NA,NA,NA,NA
2726,1,0.395387113,0.553739369,0.050873555,0,0,1,2015,4,State,urban/rural,Age,statesector,0,Tripura,65+,NA,NA,NA,NA,NA
2727,1,0.198644221,0.616859615,0.184496149,0,0,1,2015,4,State,urban/rural,Age,statesector,1,Tripura,15 to 29,NA,NA,NA,NA,NA
2728,1,0.137808278,0.780212522,0.08197923,0,0,1,2015,4,State,urban/rural,Age,statesector,1,Tripura,30 to 45,NA,NA,NA,NA,NA
2729,1,0.177591607,0.494061649,0.328346759,0,0,1,2015,4,State,urban/rural,Age,statesector,1,Tripura,46 to 64,NA,NA,NA,NA,NA
2730,1,0.168346599,0.645661831,0.185991555,0,0,1,2015,4,State,urban/rural,Age,statesector,1,Tripura,65+,NA,NA,NA,NA,NA
2918,1,0.555829287,0.406487733,0.036667492,0.00101549,0,1,2015,4,State,All,Education,state,99,Tripura,NA,No education / Preschool,NA,NA,NA,NA
2919,1,0.358722717,0.589345932,0.050400168,0.001531202,0,1,2015,4,State,All,Education,state,99,Tripura,NA,Primary,NA,NA,NA,NA
2920,1,0.281992108,0.668252468,0.049755428,0,0,1,2015,4,State,All,Education,state,99,Tripura,NA,Secondary,NA,NA,NA,NA
2921,1,0,0.520712554,0.479287446,0,0,1,2015,4,State,All,Education,state,99,Tripura,NA,Higher,NA,NA,NA,NA
3208,1,0.597502351,0.38469705,0.016670352,0.00113025,0,1,2015,4,State,urban/rural,Education,statesector,0,Tripura,NA,No education / Preschool,NA,NA,NA,NA
3209,1,0.382592946,0.581088483,0.034578357,0.00174019,0,1,2015,4,State,urban/rural,Education,statesector,0,Tripura,NA,Primary,NA,NA,NA,NA
3210,1,0.311948895,0.658561766,0.029489305,0,0,1,2015,4,State,urban/rural,Education,statesector,0,Tripura,NA,Secondary,NA,NA,NA,NA
3211,1,0,0.429455608,0.570544362,0,0,1,2015,4,State,urban/rural,Education,statesector,0,Tripura,NA,Higher,NA,NA,NA,NA
3212,1,0.187073007,0.599309087,0.213617906,0,0,1,2015,4,State,urban/rural,Education,statesector,1,Tripura,NA,No education / Preschool,NA,NA,NA,NA
3213,1,0.183831945,0.649845839,0.166322246,0,0,1,2015,4,State,urban/rural,Education,statesector,1,Tripura,NA,Primary,NA,NA,NA,NA
3214,1,0.086913243,0.731358171,0.181728572,0,0,1,2015,4,State,urban/rural,Education,statesector,1,Tripura,NA,Secondary,NA,NA,NA,NA
3215,1,0,1,0,0,0,1,2015,4,State,urban/rural,Education,statesector,1,Tripura,NA,Higher,NA,NA,NA,NA
3334,1,0.416598916,0.541538715,0.041080572,0.000781805,0,1,2015,4,State,All,Gender,state,99,Tripura,NA,NA,1,NA,NA,NA
3335,1,0.380219668,0.5299806,0.087193593,0.00260611,0,1,2015,4,State,All,Gender,state,99,Tripura,NA,NA,2,NA,NA,NA
3486,1,0.442549765,0.525620699,0.030959422,0.000870104,0,1,2015,4,State,urban/rural,Gender,statesector,0,Tripura,NA,NA,1,NA,NA,NA
3487,1,0.45827198,0.518756509,0.019677963,0.003293566,0,1,2015,4,State,urban/rural,Gender,statesector,0,Tripura,NA,NA,2,NA,NA,NA
3488,1,0.186830699,0.682476282,0.130693004,0,0,1,2015,4,State,urban/rural,Gender,statesector,1,Tripura,NA,NA,1,NA,NA,NA
3489,1,0.084327176,0.572530806,0.343142033,0,0,1,2015,4,State,urban/rural,Gender,statesector,1,Tripura,NA,NA,2,NA,NA,NA
3659,1,0.463663161,0.465851873,0.055522993,0.014961958,0,1,2015,4,State,All,HH Size,state,99,Tripura,NA,NA,NA,1,NA,NA
3660,1,0.415998966,0.521990359,0.062010664,0,0,1,2015,4,State,All,HH Size,state,99,Tripura,NA,NA,NA,2 to 3,NA,NA
3661,1,0.413710296,0.549812853,0.035352614,0.001124218,0,1,2015,4,State,All,HH Size,state,99,Tripura,NA,NA,NA,4 to 6,NA,NA
3662,1,0.385656059,0.540955245,0.073388688,0,0,1,2015,4,State,All,HH Size,state,99,Tripura,NA,NA,NA,7+,NA,NA
3938,1,0.503482699,0.470387667,0.006937657,0.019191958,0,1,2015,4,State,urban/rural,HH Size,statesector,0,Tripura,NA,NA,NA,1,NA,NA
3939,1,0.462640673,0.489838511,0.047520798,0,0,1,2015,4,State,urban/rural,HH Size,statesector,0,Tripura,NA,NA,NA,2 to 3,NA,NA
3940,1,0.447413206,0.536094189,0.0152279,0.001264722,0,1,2015,4,State,urban/rural,HH Size,statesector,0,Tripura,NA,NA,NA,4 to 6,NA,NA
3941,1,0.39796263,0.538924694,0.063112654,0,0,1,2015,4,State,urban/rural,HH Size,statesector,0,Tripura,NA,NA,NA,7+,NA,NA
3942,1,0.322817177,0.4498083,0.227374524,0,0,1,2015,4,State,urban/rural,HH Size,statesector,1,Tripura,NA,NA,NA,1,NA,NA
3943,1,0.186072558,0.680487096,0.13344036,0,0,1,2015,4,State,urban/rural,HH Size,statesector,1,Tripura,NA,NA,NA,2 to 3,NA,NA
3944,1,0.144040957,0.659581244,0.196377814,0,0,1,2015,4,State,urban/rural,HH Size,statesector,1,Tripura,NA,NA,NA,4 to 6,NA,NA
3945,1,0,0.60458678,0.39541322,0,0,1,2015,4,State,urban/rural,HH Size,statesector,1,Tripura,NA,NA,NA,7+,NA,NA
4060,1,0.428623945,0.476274222,0.095101848,0,0,1,2015,4,State,All,Owns House,state,99,Tripura,NA,NA,NA,NA,0,NA
4061,1,0.407097697,0.556631148,0.034965988,0.001305131,0,1,2015,4,State,All,Owns House,state,99,Tripura,NA,NA,NA,NA,1,NA
4213,1,0.481407791,0.450230867,0.068361342,0,0,1,2015,4,State,urban/rural,Owns House,statesector,0,Tripura,NA,NA,NA,NA,0,NA
4214,1,0.435650438,0.542634428,0.020264566,0.001450575,0,1,2015,4,State,urban/rural,Owns House,statesector,0,Tripura,NA,NA,NA,NA,1,NA
4215,1,0.184049278,0.596946418,0.219004303,0,0,1,2015,4,State,urban/rural,Owns House,statesector,1,Tripura,NA,NA,NA,NA,0,NA
4216,1,0.15088281,0.682229519,0.166887656,0,0,1,2015,4,State,urban/rural,Owns House,statesector,1,Tripura,NA,NA,NA,NA,1,NA
4319,1,0.439269096,0.510956049,0.048480839,0.00129402,0,1,2015,4,State,All,Agri Land,state,99,Tripura,NA,NA,NA,NA,NA,0
4320,1,0.301389933,0.655227721,0.043382321,0,0,1,2015,4,State,All,Agri Land,state,99,Tripura,NA,NA,NA,NA,NA,1
4471,1,0.481582582,0.487598062,0.029322881,0.001496476,0,1,2015,4,State,urban/rural,Agri Land,statesector,0,Tripura,NA,NA,NA,NA,NA,0
4472,1,0.311511844,0.658065557,0.030422585,0,0,1,2015,4,State,urban/rural,Agri Land,statesector,0,Tripura,NA,NA,NA,NA,NA,1
4473,1,0.168817744,0.66025126,0.170930967,0,0,1,2015,4,State,urban/rural,Agri Land,statesector,1,Tripura,NA,NA,NA,NA,NA,0
4474,1,0.063572668,0.5885517,0.347875655,0,0,1,2015,4,State,urban/rural,Agri Land,statesector,1,Tripura,NA,NA,NA,NA,NA,1
37,1,0.566613734,0.255538046,0.104826584,0.051574651,0.021446954,1,2019,5,State,All,All Households,state,99,Uttar Pradesh,NA,NA,NA,NA,NA,NA
106,1,0.613636076,0.261562437,0.087385155,0.029046129,0.008370232,1,2019,5,State,urban/rural,All Households,statesector,0,Uttar Pradesh,NA,NA,NA,NA,NA,NA
107,1,0.21215266,0.210125431,0.236302674,0.221398011,0.120021239,1,2019,5,State,urban/rural,All Households,statesector,1,Uttar Pradesh,NA,NA,NA,NA,NA,NA
274,1,0.563180923,0.283264279,0.097583525,0.042525154,0.013446105,1,2019,5,State,All,Age,state,99,Uttar Pradesh,15 to 29,NA,NA,NA,NA,NA
275,1,0.615591586,0.231946364,0.092777677,0.044376977,0.015307409,1,2019,5,State,All,Age,state,99,Uttar Pradesh,30 to 45,NA,NA,NA,NA,NA
276,1,0.514386237,0.270892084,0.122436814,0.061906528,0.03037831,1,2019,5,State,All,Age,state,99,Uttar Pradesh,46 to 64,NA,NA,NA,NA,NA
277,1,0.539362192,0.272866994,0.105744533,0.056476183,0.025550088,1,2019,5,State,All,Age,state,99,Uttar Pradesh,65+,NA,NA,NA,NA,NA
278,1,NA,NA,NA,NA,NA,0,2019,5,State,All,Age,state,99,Uttar Pradesh,NA,NA,NA,NA,NA,NA
559,1,0.590823948,0.289618582,0.091907643,0.019659217,0.007990604,1,2019,5,State,urban/rural,Age,statesector,0,Uttar Pradesh,15 to 29,NA,NA,NA,NA,NA
560,1,0.676990569,0.234705806,0.066704132,0.017054934,0.00454456,1,2019,5,State,urban/rural,Age,statesector,0,Uttar Pradesh,30 to 45,NA,NA,NA,NA,NA
561,1,0.556010902,0.280364394,0.108452022,0.041675773,0.013496893,1,2019,5,State,urban/rural,Age,statesector,0,Uttar Pradesh,46 to 64,NA,NA,NA,NA,NA
562,1,0.572840512,0.277751923,0.097429894,0.043848008,0.008129683,1,2019,5,State,urban/rural,Age,statesector,0,Uttar Pradesh,65+,NA,NA,NA,NA,NA
563,1,NA,NA,NA,NA,NA,0,2019,5,State,urban/rural,Age,statesector,0,Uttar Pradesh,NA,NA,NA,NA,NA,NA
564,1,0.22435908,0.205379084,0.16715309,0.322794259,0.080314495,1,2019,5,State,urban/rural,Age,statesector,1,Uttar Pradesh,15 to 29,NA,NA,NA,NA,NA
565,1,0.213089019,0.213856712,0.263703436,0.223487303,0.085863531,1,2019,5,State,urban/rural,Age,statesector,1,Uttar Pradesh,30 to 45,NA,NA,NA,NA,NA
566,1,0.206759617,0.200887188,0.225791231,0.211421713,0.155140251,1,2019,5,State,urban/rural,Age,statesector,1,Uttar Pradesh,46 to 64,NA,NA,NA,NA,NA
567,1,0.217466205,0.225898355,0.185690299,0.177896813,0.193048313,1,2019,5,State,urban/rural,Age,statesector,1,Uttar Pradesh,65+,NA,NA,NA,NA,NA
568,1,NA,NA,NA,NA,NA,0,2019,5,State,urban/rural,Age,statesector,1,Uttar Pradesh,NA,NA,NA,NA,NA,NA
748,1,0.601045072,0.232060105,0.10297288,0.048611801,0.015310165,1,2019,5,State,All,Education,state,99,Uttar Pradesh,NA,No education / Preschool,NA,NA,NA,NA
749,1,0.573037922,0.250346661,0.099445179,0.055909686,0.021260574,1,2019,5,State,All,Education,state,99,Uttar Pradesh,NA,Primary,NA,NA,NA,NA
750,1,0.508787274,0.302822381,0.11199075,0.047960598,0.028439008,1,2019,5,State,All,Education,state,99,Uttar Pradesh,NA,Secondary,NA,NA,NA,NA
751,1,0.337961793,0.336807907,0.124109253,0.109529801,0.091591239,1,2019,5,State,All,Education,state,99,Uttar Pradesh,NA,Higher,NA,NA,NA,NA
752,1,0.554079771,0.151679412,0.042387694,0.251853138,0,1,2019,5,State,All,Education,state,99,Uttar Pradesh,NA,NA,NA,NA,NA,NA
1030,1,0.658647001,0.233151585,0.080592483,0.022804951,0.004804003,1,2019,5,State,urban/rural,Education,statesector,0,Uttar Pradesh,NA,No education / Preschool,NA,NA,NA,NA
1031,1,0.62799561,0.259720564,0.07833676,0.028503435,0.005443661,1,2019,5,State,urban/rural,Education,statesector,0,Uttar Pradesh,NA,Primary,NA,NA,NA,NA
1032,1,0.535993814,0.311295897,0.104924269,0.034172971,0.013613048,1,2019,5,State,urban/rural,Education,statesector,0,Uttar Pradesh,NA,Secondary,NA,NA,NA,NA
1033,1,0.354854673,0.360913813,0.127575576,0.100987531,0.055668395,1,2019,5,State,urban/rural,Education,statesector,0,Uttar Pradesh,NA,Higher,NA,NA,NA,NA
1034,1,0.63044554,0,0,0.36955446,0,1,2019,5,State,urban/rural,Education,statesector,0,Uttar Pradesh,NA,NA,NA,NA,NA,NA
1035,1,0.226605475,0.224964976,0.248455957,0.216368437,0.083605155,1,2019,5,State,urban/rural,Education,statesector,1,Uttar Pradesh,NA,No education / Preschool,NA,NA,NA,NA
1036,1,0.201674953,0.187004805,0.242080107,0.241100654,0.128139466,1,2019,5,State,urban/rural,Education,statesector,1,Uttar Pradesh,NA,Primary,NA,NA,NA,NA
1037,1,0.179137498,0.200152189,0.197612211,0.215019345,0.208078757,1,2019,5,State,urban/rural,Education,statesector,1,Uttar Pradesh,NA,Secondary,NA,NA,NA,NA
1038,1,0.101934724,0,0.075677656,0.228882462,0.593505144,1,2019,5,State,urban/rural,Education,statesector,1,Uttar Pradesh,NA,Higher,NA,NA,NA,NA
1039,1,0.390674889,0.476237714,0.133087397,0,0,1,2019,5,State,urban/rural,Education,statesector,1,Uttar Pradesh,NA,NA,NA,NA,NA,NA
1149,1,0.56466651,0.257068783,0.105423063,0.051544853,0.021296827,1,2019,5,State,All,Gender,state,99,Uttar Pradesh,NA,NA,1,NA,NA,NA
1150,1,0.576659918,0.247640923,0.101749301,0.051728394,0.022221476,1,2019,5,State,All,Gender,state,99,Uttar Pradesh,NA,NA,2,NA,NA,NA
1151,1,NA,NA,NA,NA,NA,0,2019,5,State,All,Gender,state,99,Uttar Pradesh,NA,NA,NA,NA,NA,NA
1306,1,0.609708428,0.262702763,0.088029213,0.030870242,0.008689348,1,2019,5,State,urban/rural,Gender,statesector,0,Uttar Pradesh,NA,NA,1,NA,NA,NA
1307,1,0.634544373,0.255491942,0.083956592,0.019335667,0.00667145,1,2019,5,State,urban/rural,Gender,statesector,0,Uttar Pradesh,NA,NA,2,NA,NA,NA
1308,1,NA,NA,NA,NA,NA,0,2019,5,State,urban/rural,Gender,statesector,0,Uttar Pradesh,NA,NA,NA,NA,NA,NA
1309,1,0.209958345,0.21270068,0.242400721,0.214358717,0.120581523,1,2019,5,State,urban/rural,Gender,statesector,1,Uttar Pradesh,NA,NA,1,NA,NA,NA
1310,1,0.221259922,0.199437082,0.21099332,0.250613868,0.117695816,1,2019,5,State,urban/rural,Gender,statesector,1,Uttar Pradesh,NA,NA,2,NA,NA,NA
1311,1,NA,NA,NA,NA,NA,0,2019,5,State,urban/rural,Gender,statesector,1,Uttar Pradesh,NA,NA,NA,NA,NA,NA
1464,1,0.880619466,0.105122872,0.012574909,0.001682761,0,1,2019,5,State,All,HH Size,state,99,Uttar Pradesh,NA,NA,NA,1,NA,NA
1465,1,0.716189265,0.203941599,0.055042237,0.017551498,0.007275415,1,2019,5,State,All,HH Size,state,99,Uttar Pradesh,NA,NA,NA,2 to 3,NA,NA
1466,1,0.598398507,0.253436774,0.089105397,0.041846849,0.017212454,1,2019,5,State,All,HH Size,state,99,Uttar Pradesh,NA,NA,NA,4 to 6,NA,NA
1467,1,0.485687882,0.274103671,0.137504965,0.0723643,0.030339202,1,2019,5,State,All,HH Size,state,99,Uttar Pradesh,NA,NA,NA,7+,NA,NA
1724,1,0.901163101,0.092694297,0.005110944,0.001031658,0,1,2019,5,State,urban/rural,HH Size,statesector,0,Uttar Pradesh,NA,NA,NA,1,NA,NA
1725,1,0.746454358,0.201172903,0.040370256,0.008020142,0.003982364,1,2019,5,State,urban/rural,HH Size,statesector,0,Uttar Pradesh,NA,NA,NA,2 to 3,NA,NA
1726,1,0.649287701,0.259701818,0.068928145,0.01828138,0.003800926,1,2019,5,State,urban/rural,HH Size,statesector,0,Uttar Pradesh,NA,NA,NA,4 to 6,NA,NA
1727,1,0.53102386,0.28320992,0.122993,0.047697376,0.015075859,1,2019,5,State,urban/rural,HH Size,statesector,0,Uttar Pradesh,NA,NA,NA,7+,NA,NA
1728,1,0.662566841,0.237041235,0.091798298,0.008593646,0,1,2019,5,State,urban/rural,HH Size,statesector,1,Uttar Pradesh,NA,NA,NA,1,NA,NA
1729,1,0.38305074,0.234417588,0.216541961,0.122466519,0.043523196,1,2019,5,State,urban/rural,HH Size,statesector,1,Uttar Pradesh,NA,NA,NA,2 to 3,NA,NA
1730,1,0.226668194,0.207672581,0.236494139,0.213985458,0.115179613,1,2019,5,State,urban/rural,HH Size,statesector,1,Uttar Pradesh,NA,NA,NA,4 to 6,NA,NA
1731,1,0.15947099,0.208579257,0.241926387,0.249856159,0.140167207,1,2019,5,State,urban/rural,HH Size,statesector,1,Uttar Pradesh,NA,NA,NA,7+,NA,NA
1820,1,0.586351097,0.237751916,0.112564772,0.042168938,0.021163285,1,2019,5,State,All,Owns House,state,99,Uttar Pradesh,NA,NA,NA,NA,0,NA
1821,1,0.562977672,0.258814692,0.10340102,0.053307414,0.021499213,1,2019,5,State,All,Owns House,state,99,Uttar Pradesh,NA,NA,NA,NA,1,NA
1955,1,0.645643115,0.243216574,0.085727297,0.016942693,0.008470314,1,2019,5,State,urban/rural,Owns House,statesector,0,Uttar Pradesh,NA,NA,NA,NA,0,NA
1956,1,0.608106971,0.264731586,0.087671548,0.031136941,0.008352943,1,2019,5,State,urban/rural,Owns House,statesector,0,Uttar Pradesh,NA,NA,NA,NA,1,NA
1957,1,0.284171611,0.209901527,0.249340892,0.170733467,0.085852496,1,2019,5,State,urban/rural,Owns House,statesector,1,Uttar Pradesh,NA,NA,NA,NA,0,NA
1958,1,0.192090988,0.210187793,0.232670724,0.235511184,0.129539311,1,2019,5,State,urban/rural,Owns House,statesector,1,Uttar Pradesh,NA,NA,NA,NA,1,NA
2038,1,0.553277135,0.224273279,0.115369223,0.073851295,0.033229049,1,2019,5,State,All,Agri Land,state,99,Uttar Pradesh,NA,NA,NA,NA,NA,0
2039,1,0.577668846,0.281454295,0.0960875,0.033108935,0.011680452,1,2019,5,State,All,Agri Land,state,99,Uttar Pradesh,NA,NA,NA,NA,NA,1
2169,1,0.649236798,0.231684014,0.083789334,0.027242275,0.008047587,1,2019,5,State,urban/rural,Agri Land,statesector,0,Uttar Pradesh,NA,NA,NA,NA,NA,0
2170,1,0.589734733,0.281621933,0.089799285,0.030257182,0.008586845,1,2019,5,State,urban/rural,Agri Land,statesector,0,Uttar Pradesh,NA,NA,NA,NA,NA,1
2171,1,0.208093643,0.197615594,0.228967577,0.24151203,0.123811148,1,2019,5,State,urban/rural,Agri Land,statesector,1,Uttar Pradesh,NA,NA,NA,NA,NA,0
2172,1,0.233746082,0.276676029,0.275324374,0.114394121,0.099859409,1,2019,5,State,urban/rural,Agri Land,statesector,1,Uttar Pradesh,NA,NA,NA,NA,NA,1
2216,1,0.517944217,0.304836124,0.122126505,0.044658948,0.010434199,1,2015,4,State,All,All Households,state,99,Uttar Pradesh,NA,NA,NA,NA,NA,NA
2283,1,0.556542039,0.309651643,0.105266616,0.024365479,0.004174215,1,2015,4,State,urban/rural,All Households,statesector,0,Uttar Pradesh,NA,NA,NA,NA,NA,NA
2284,1,0.202486888,0.265479207,0.259921223,0.210516065,0.061596617,1,2015,4,State,urban/rural,All Households,statesector,1,Uttar Pradesh,NA,NA,NA,NA,NA,NA
2448,1,0.507822037,0.322312176,0.126164123,0.039594278,0.004107369,1,2015,4,State,All,Age,state,99,Uttar Pradesh,15 to 29,NA,NA,NA,NA,NA
2449,1,0.589161932,0.274163753,0.095084429,0.034683615,0.006906275,1,2015,4,State,All,Age,state,99,Uttar Pradesh,30 to 45,NA,NA,NA,NA,NA
2450,1,0.452464849,0.334733605,0.143913686,0.054962534,0.013925348,1,2015,4,State,All,Age,state,99,Uttar Pradesh,46 to 64,NA,NA,NA,NA,NA
2451,1,0.454079807,0.319486409,0.153832629,0.055096265,0.01750489,1,2015,4,State,All,Age,state,99,Uttar Pradesh,65+,NA,NA,NA,NA,NA
2452,1,1,0,0,0,0,1,2015,4,State,All,Age,state,99,Uttar Pradesh,NA,NA,NA,NA,NA,NA
2731,1,0.543772757,0.32713294,0.106854975,0.021947319,0.000291991,1,2015,4,State,urban/rural,Age,statesector,0,Uttar Pradesh,15 to 29,NA,NA,NA,NA,NA
2732,1,0.639888406,0.274027646,0.071690932,0.01229358,0.00209946,1,2015,4,State,urban/rural,Age,statesector,0,Uttar Pradesh,30 to 45,NA,NA,NA,NA,NA
2733,1,0.483031482,0.345153838,0.130586311,0.035007972,0.006220412,1,2015,4,State,urban/rural,Age,statesector,0,Uttar Pradesh,46 to 64,NA,NA,NA,NA,NA
2734,1,0.480051309,0.324672133,0.148745924,0.038233686,0.008296936,1,2015,4,State,urban/rural,Age,statesector,0,Uttar Pradesh,65+,NA,NA,NA,NA,NA
2735,1,1,0,0,0,0,1,2015,4,State,urban/rural,Age,statesector,0,Uttar Pradesh,NA,NA,NA,NA,NA,NA
2736,1,0.181909263,0.278609306,0.301212013,0.199573547,0.038695842,1,2015,4,State,urban/rural,Age,statesector,1,Uttar Pradesh,15 to 29,NA,NA,NA,NA,NA
2737,1,0.213394806,0.275172174,0.268376708,0.200542554,0.042513769,1,2015,4,State,urban/rural,Age,statesector,1,Uttar Pradesh,30 to 45,NA,NA,NA,NA,NA
2738,1,0.198955774,0.248311803,0.254446268,0.220458746,0.077827416,1,2015,4,State,urban/rural,Age,statesector,1,Uttar Pradesh,46 to 64,NA,NA,NA,NA,NA
2739,1,0.180107579,0.26478222,0.207492039,0.23297894,0.114639238,1,2015,4,State,urban/rural,Age,statesector,1,Uttar Pradesh,65+,NA,NA,NA,NA,NA
2922,1,0.57904166,0.270898104,0.105441868,0.03772705,0.006891298,1,2015,4,State,All,Education,state,99,Uttar Pradesh,NA,No education / Preschool,NA,NA,NA,NA
2923,1,0.51416266,0.302367181,0.123883612,0.051186319,0.008400228,1,2015,4,State,All,Education,state,99,Uttar Pradesh,NA,Primary,NA,NA,NA,NA
2924,1,0.42357114,0.36491105,0.146180585,0.051214866,0.014122367,1,2015,4,State,All,Education,state,99,Uttar Pradesh,NA,Secondary,NA,NA,NA,NA
2925,1,0.21968773,0.415786862,0.228334144,0.072465591,0.06372568,1,2015,4,State,All,Education,state,99,Uttar Pradesh,NA,Higher,NA,NA,NA,NA
2926,1,0.508476257,0.31341508,0.08323361,0.050775923,0.044099104,1,2015,4,State,All,Education,state,99,Uttar Pradesh,NA,NA,NA,NA,NA,NA
3216,1,0.629108131,0.269085377,0.084222332,0.016081536,0.001502652,1,2015,4,State,urban/rural,Education,statesector,0,Uttar Pradesh,NA,No education / Preschool,NA,NA,NA,NA
3217,1,0.560610414,0.311174512,0.101359345,0.024286769,0.002568979,1,2015,4,State,urban/rural,Education,statesector,0,Uttar Pradesh,NA,Primary,NA,NA,NA,NA
3218,1,0.44478938,0.374429494,0.137773946,0.03561227,0.007394936,1,2015,4,State,urban/rural,Education,statesector,0,Uttar Pradesh,NA,Secondary,NA,NA,NA,NA
3219,1,0.23149927,0.430238158,0.229366705,0.072127357,0.036768507,1,2015,4,State,urban/rural,Education,statesector,0,Uttar Pradesh,NA,Higher,NA,NA,NA,NA
3220,1,0.533362508,0.318726778,0.081307039,0.047405101,0.01919861,1,2015,4,State,urban/rural,Education,statesector,0,Uttar Pradesh,NA,NA,NA,NA,NA,NA
3221,1,0.232358351,0.283450425,0.252375782,0.187610626,0.044204783,1,2015,4,State,urban/rural,Education,statesector,1,Uttar Pradesh,NA,No education / Preschool,NA,NA,NA,NA
3222,1,0.163722053,0.235917166,0.293825597,0.254139125,0.05239607,1,2015,4,State,urban/rural,Education,statesector,1,Uttar Pradesh,NA,Primary,NA,NA,NA,NA
3223,1,0.157771513,0.245674178,0.251490176,0.246667653,0.098396495,1,2015,4,State,urban/rural,Education,statesector,1,Uttar Pradesh,NA,Secondary,NA,NA,NA,NA
3224,1,0.014880955,0.165208161,0.210429817,0.078330442,0.531150639,1,2015,4,State,urban/rural,Education,statesector,1,Uttar Pradesh,NA,Higher,NA,NA,NA,NA
3225,1,0.220124185,0.251869559,0.105556458,0.089833051,0.332616746,1,2015,4,State,urban/rural,Education,statesector,1,Uttar Pradesh,NA,NA,NA,NA,NA,NA
3336,1,0.514570653,0.305050611,0.123915337,0.045945901,0.010517513,1,2015,4,State,All,Gender,state,99,Uttar Pradesh,NA,NA,1,NA,NA,NA
3337,1,0.54283011,0.303253889,0.108930863,0.035165526,0.009819617,1,2015,4,State,All,Gender,state,99,Uttar Pradesh,NA,NA,2,NA,NA,NA
3338,1,NA,NA,NA,NA,NA,0,2015,4,State,All,Gender,state,99,Uttar Pradesh,NA,NA,NA,NA,NA,NA
3490,1,0.553489208,0.309732556,0.106677562,0.02551969,0.004580966,1,2015,4,State,urban/rural,Gender,statesector,0,Uttar Pradesh,NA,NA,1,NA,NA,NA
3491,1,0.578940213,0.309057951,0.09491466,0.015897201,0.00118994,1,2015,4,State,urban/rural,Gender,statesector,0,Uttar Pradesh,NA,NA,2,NA,NA,NA
3492,1,NA,NA,NA,NA,NA,0,2015,4,State,urban/rural,Gender,statesector,0,Uttar Pradesh,NA,NA,NA,NA,NA,NA
3493,1,0.19836992,0.267011344,0.26396659,0.211902156,0.058750007,1,2015,4,State,urban/rural,Gender,statesector,1,Uttar Pradesh,NA,NA,1,NA,NA,NA
3494,1,0.234256476,0.253656268,0.22870414,0.199819952,0.083563179,1,2015,4,State,urban/rural,Gender,statesector,1,Uttar Pradesh,NA,NA,2,NA,NA,NA
3663,1,0.831825137,0.13708809,0.028733943,0.002352837,0,1,2015,4,State,All,HH Size,state,99,Uttar Pradesh,NA,NA,NA,1,NA,NA
3664,1,0.672953844,0.241923317,0.066581294,0.015024477,0.003517093,1,2015,4,State,All,HH Size,state,99,Uttar Pradesh,NA,NA,NA,2 to 3,NA,NA
3665,1,0.570635438,0.293542624,0.098537646,0.032116927,0.005167377,1,2015,4,State,All,HH Size,state,99,Uttar Pradesh,NA,NA,NA,4 to 6,NA,NA
3666,1,0.440008014,0.328557789,0.15373829,0.061332479,0.016363418,1,2015,4,State,All,HH Size,state,99,Uttar Pradesh,NA,NA,NA,7+,NA,NA
3667,1,NA,NA,NA,NA,NA,0,2015,4,State,All,HH Size,state,99,Uttar Pradesh,NA,NA,NA,NA,NA,NA
3946,1,0.862402499,0.119476154,0.016516618,0.001604735,0,1,2015,4,State,urban/rural,HH Size,statesector,0,Uttar Pradesh,NA,NA,NA,1,NA,NA
3947,1,0.706511915,0.237815797,0.047214922,0.007821343,0.000636008,1,2015,4,State,urban/rural,HH Size,statesector,0,Uttar Pradesh,NA,NA,NA,2 to 3,NA,NA
3948,1,0.613044202,0.295468956,0.077050798,0.013188286,0.001247738,1,2015,4,State,urban/rural,HH Size,statesector,0,Uttar Pradesh,NA,NA,NA,4 to 6,NA,NA
3949,1,0.474736542,0.338433176,0.141886458,0.037503451,0.007440354,1,2015,4,State,urban/rural,HH Size,statesector,0,Uttar Pradesh,NA,NA,NA,7+,NA,NA
3950,1,NA,NA,NA,NA,NA,0,2015,4,State,urban/rural,HH Size,statesector,0,Uttar Pradesh,NA,NA,NA,NA,NA,NA
3951,1,0.56604296,0.290173203,0.13492842,0.008855433,0,1,2015,4,State,urban/rural,HH Size,statesector,1,Uttar Pradesh,NA,NA,NA,1,NA,NA
3952,1,0.330255121,0.283869654,0.26435262,0.088583604,0.032939021,1,2015,4,State,urban/rural,HH Size,statesector,1,Uttar Pradesh,NA,NA,NA,2 to 3,NA,NA
3953,1,0.205627963,0.276962876,0.283472389,0.19503352,0.038903251,1,2015,4,State,urban/rural,HH Size,statesector,1,Uttar Pradesh,NA,NA,NA,4 to 6,NA,NA
3954,1,0.177167758,0.253816575,0.243437991,0.241680697,0.083896965,1,2015,4,State,urban/rural,HH Size,statesector,1,Uttar Pradesh,NA,NA,NA,7+,NA,NA
4062,1,0.556648493,0.261607796,0.121898971,0.053605732,0.006238999,1,2015,4,State,All,Owns House,state,99,Uttar Pradesh,NA,NA,NA,NA,0,NA
4063,1,0.513639271,0.309644252,0.122151814,0.04366383,0.010900815,1,2015,4,State,All,Owns House,state,99,Uttar Pradesh,NA,NA,NA,NA,1,NA
4064,1,NA,NA,NA,NA,NA,0,2015,4,State,All,Owns House,state,99,Uttar Pradesh,NA,NA,NA,NA,NA,NA
4217,1,0.636633754,0.266208798,0.077824771,0.015502566,0.003830112,1,2015,4,State,urban/rural,Owns House,statesector,0,Uttar Pradesh,NA,NA,NA,NA,0,NA
4218,1,0.548556805,0.313982964,0.108002611,0.025249125,0.004208522,1,2015,4,State,urban/rural,Owns House,statesector,0,Uttar Pradesh,NA,NA,NA,NA,1,NA
4219,1,NA,NA,NA,NA,NA,0,2015,4,State,urban/rural,Owns House,statesector,0,Uttar Pradesh,NA,NA,NA,NA,NA,NA
4220,1,0.222128376,0.242365092,0.306229323,0.212963581,0.016313622,1,2015,4,State,urban/rural,Owns House,statesector,1,Uttar Pradesh,NA,NA,NA,NA,0,NA
4221,1,0.198257685,0.270456135,0.2499502,0.209989071,0.071346909,1,2015,4,State,urban/rural,Owns House,statesector,1,Uttar Pradesh,NA,NA,NA,NA,1,NA
4321,1,0.518875062,0.276650012,0.121164367,0.067842759,0.015467806,1,2015,4,State,All,Agri Land,state,99,Uttar Pradesh,NA,NA,NA,NA,NA,0
4322,1,0.517302275,0.324274808,0.122790046,0.028670128,0.00696275,1,2015,4,State,All,Agri Land,state,99,Uttar Pradesh,NA,NA,NA,NA,NA,1
4323,1,NA,NA,NA,NA,NA,0,2015,4,State,All,Agri Land,state,99,Uttar Pradesh,NA,NA,NA,NA,NA,NA
4475,1,0.613269448,0.28294155,0.080218486,0.021576155,0.001994369,1,2015,4,State,urban/rural,Agri Land,statesector,0,Uttar Pradesh,NA,NA,NA,NA,NA,0
4476,1,0.525266528,0.324377716,0.119076394,0.025903318,0.005376029,1,2015,4,State,urban/rural,Agri Land,statesector,0,Uttar Pradesh,NA,NA,NA,NA,NA,1
4477,1,NA,NA,NA,NA,NA,0,2015,4,State,urban/rural,Agri Land,statesector,0,Uttar Pradesh,NA,NA,NA,NA,NA,NA
4478,1,0.192263067,0.254880756,0.26284036,0.227928877,0.062086958,1,2015,4,State,urban/rural,Agri Land,statesector,1,Uttar Pradesh,NA,NA,NA,NA,NA,0
4479,1,0.255946368,0.320897669,0.244657367,0.119465932,0.059032656,1,2015,4,State,urban/rural,Agri Land,statesector,1,Uttar Pradesh,NA,NA,NA,NA,NA,1
38,1,0.29876861,0.356063902,0.181880802,0.126416534,0.036870155,1,2019,5,State,All,All Households,state,99,Uttarakhand,NA,NA,NA,NA,NA,NA
108,1,0.323772699,0.40859738,0.151454985,0.08621949,0.029955445,1,2019,5,State,urban/rural,All Households,statesector,0,Uttarakhand,NA,NA,NA,NA,NA,NA
109,1,0.201038435,0.150733441,0.300802082,0.283529311,0.063896745,1,2019,5,State,urban/rural,All Households,statesector,1,Uttarakhand,NA,NA,NA,NA,NA,NA
279,1,0.244974837,0.302591771,0.291024387,0.113711968,0.047697011,1,2019,5,State,All,Age,state,99,Uttarakhand,15 to 29,NA,NA,NA,NA,NA
280,1,0.280218363,0.339690089,0.16393055,0.195731059,0.02042993,1,2019,5,State,All,Age,state,99,Uttarakhand,30 to 45,NA,NA,NA,NA,NA
281,1,0.330469668,0.365605116,0.222513914,0.034334775,0.047076508,1,2019,5,State,All,Age,state,99,Uttarakhand,46 to 64,NA,NA,NA,NA,NA
282,1,0.328394085,0.420253664,0.093893632,0.096561909,0.060896691,1,2019,5,State,All,Age,state,99,Uttarakhand,65+,NA,NA,NA,NA,NA
283,1,NA,NA,NA,NA,NA,0,2019,5,State,All,Age,state,99,Uttarakhand,NA,NA,NA,NA,NA,NA
569,1,0.281300157,0.327586532,0.254203111,0.068198457,0.068711765,1,2019,5,State,urban/rural,Age,statesector,0,Uttarakhand,15 to 29,NA,NA,NA,NA,NA
570,1,0.310514569,0.40212062,0.147353292,0.140011519,0,1,2019,5,State,urban/rural,Age,statesector,0,Uttarakhand,30 to 45,NA,NA,NA,NA,NA
571,1,0.342263401,0.407701761,0.182409763,0.023892786,0.043732278,1,2019,5,State,urban/rural,Age,statesector,0,Uttarakhand,46 to 64,NA,NA,NA,NA,NA
572,1,0.345101595,0.464594692,0.059707414,0.066903375,0.06369292,1,2019,5,State,urban/rural,Age,statesector,0,Uttarakhand,65+,NA,NA,NA,NA,NA
573,1,NA,NA,NA,NA,NA,0,2019,5,State,urban/rural,Age,statesector,0,Uttarakhand,NA,NA,NA,NA,NA,NA
574,1,0.162527561,0.245861411,0.3745974,0.217013627,0,1,2019,5,State,urban/rural,Age,statesector,1,Uttarakhand,15 to 29,NA,NA,NA,NA,NA
575,1,0.186727598,0.14703612,0.215086237,0.367675543,0.083474502,1,2019,5,State,urban/rural,Age,statesector,1,Uttarakhand,30 to 45,NA,NA,NA,NA,NA
576,1,0.268353313,0.143886626,0.433738232,0.089331627,0.064690202,1,2019,5,State,urban/rural,Age,statesector,1,Uttarakhand,46 to 64,NA,NA,NA,NA,NA
577,1,0.178150073,0.021512697,0.401316643,0.363269269,0.035751317,1,2019,5,State,urban/rural,Age,statesector,1,Uttarakhand,65+,NA,NA,NA,NA,NA
753,1,0.347249091,0.290012628,0.204595476,0.137308657,0.020834137,1,2019,5,State,All,Education,state,99,Uttarakhand,NA,No education / Preschool,NA,NA,NA,NA
754,1,0.261570215,0.436493725,0.149599507,0.092643887,0.059692688,1,2019,5,State,All,Education,state,99,Uttarakhand,NA,Primary,NA,NA,NA,NA
755,1,0.256683201,0.398301691,0.180822685,0.127507329,0.036685083,1,2019,5,State,All,Education,state,99,Uttarakhand,NA,Secondary,NA,NA,NA,NA
756,1,0.129450873,0.339533865,0.039143898,0.280862391,0.211008996,1,2019,5,State,All,Education,state,99,Uttarakhand,NA,Higher,NA,NA,NA,NA
757,1,0,0,0,1,0,1,2019,5,State,All,Education,state,99,Uttarakhand,NA,NA,NA,NA,NA,NA
1040,1,0.375544339,0.363380611,0.167135879,0.09393917,0,1,2019,5,State,urban/rural,Education,statesector,0,Uttarakhand,NA,No education / Preschool,NA,NA,NA,NA
1041,1,0.278052568,0.449261725,0.135606244,0.069104075,0.067975394,1,2019,5,State,urban/rural,Education,statesector,0,Uttarakhand,NA,Primary,NA,NA,NA,NA
1042,1,0.300066501,0.439305693,0.148661658,0.084149942,0.027816219,1,2019,5,State,urban/rural,Education,statesector,0,Uttarakhand,NA,Secondary,NA,NA,NA,NA
1043,1,0.189783722,0.443475246,0.057387598,0,0.309353411,1,2019,5,State,urban/rural,Education,statesector,0,Uttarakhand,NA,Higher,NA,NA,NA,NA
1044,1,0,0,0,1,0,1,2019,5,State,urban/rural,Education,statesector,0,Uttarakhand,NA,NA,NA,NA,NA,NA
1045,1,0.274794161,0.102141157,0.300517291,0.248363793,0.074183583,1,2019,5,State,urban/rural,Education,statesector,1,Uttarakhand,NA,No education / Preschool,NA,NA,NA,NA
1046,1,0.142783418,0.344475806,0.250447631,0.26229313,0,1,2019,5,State,urban/rural,Education,statesector,1,Uttarakhand,NA,Primary,NA,NA,NA,NA
1047,1,0,0.15569596,0.371107846,0.384037286,0.08915893,1,2019,5,State,urban/rural,Education,statesector,1,Uttarakhand,NA,Secondary,NA,NA,NA,NA
1048,1,0,0.116515927,0,0.883484066,0,1,2019,5,State,urban/rural,Education,statesector,1,Uttarakhand,NA,Higher,NA,NA,NA,NA
1152,1,0.269701004,0.356238246,0.194036081,0.136969596,0.043055084,1,2019,5,State,All,Gender,state,99,Uttarakhand,NA,NA,1,NA,NA,NA
1153,1,0.455498189,0.355123937,0.116340749,0.069515496,0.003521643,1,2019,5,State,All,Gender,state,99,Uttarakhand,NA,NA,2,NA,NA,NA
1154,1,NA,NA,NA,NA,NA,0,2019,5,State,All,Gender,state,99,Uttarakhand,NA,NA,NA,NA,NA,NA
1312,1,0.30011636,0.411655009,0.156238958,0.095595255,0.036394395,1,2019,5,State,urban/rural,Gender,statesector,0,Uttarakhand,NA,NA,1,NA,NA,NA
1313,1,0.433827311,0.394372523,0.129198819,0.042601343,0,1,2019,5,State,urban/rural,Gender,statesector,0,Uttarakhand,NA,NA,2,NA,NA,NA
1314,1,NA,NA,NA,NA,NA,0,2019,5,State,urban/rural,Gender,statesector,0,Uttarakhand,NA,NA,NA,NA,NA,NA
1315,1,0.163756087,0.163206711,0.325693578,0.281087577,0.066256046,1,2019,5,State,urban/rural,Gender,statesector,1,Uttarakhand,NA,NA,1,NA,NA,NA
1316,1,0.651577771,0,0,0.313036531,0.035385698,1,2019,5,State,urban/rural,Gender,statesector,1,Uttarakhand,NA,NA,2,NA,NA,NA
1468,1,0.656092167,0.316824108,0.027083732,0,0,1,2019,5,State,All,HH Size,state,99,Uttarakhand,NA,NA,NA,1,NA,NA
1469,1,0.465872347,0.385998726,0.118864305,0.024516137,0.004748503,1,2019,5,State,All,HH Size,state,99,Uttarakhand,NA,NA,NA,2 to 3,NA,NA
1470,1,0.300699741,0.32648623,0.19089593,0.152344093,0.029574018,1,2019,5,State,All,HH Size,state,99,Uttarakhand,NA,NA,NA,4 to 6,NA,NA
1471,1,0.185622126,0.397342861,0.210156128,0.13987799,0.067000881,1,2019,5,State,All,HH Size,state,99,Uttarakhand,NA,NA,NA,7+,NA,NA
1732,1,0.678241372,0.31281811,0.008940497,0,0,1,2019,5,State,urban/rural,HH Size,statesector,0,Uttarakhand,NA,NA,NA,1,NA,NA
1733,1,0.49636665,0.413253427,0.078853793,0.006053625,0.0054725,1,2019,5,State,urban/rural,HH Size,statesector,0,Uttarakhand,NA,NA,NA,2 to 3,NA,NA
1734,1,0.356184989,0.389959306,0.158746243,0.079080105,0.016029347,1,2019,5,State,urban/rural,HH Size,statesector,0,Uttarakhand,NA,NA,NA,4 to 6,NA,NA
1735,1,0.149859428,0.447516531,0.190925166,0.144917771,0.066781096,1,2019,5,State,urban/rural,HH Size,statesector,0,Uttarakhand,NA,NA,NA,7+,NA,NA
1736,1,0.202147186,0.398926407,0.398926407,0,0,1,2019,5,State,urban/rural,HH Size,statesector,1,Uttarakhand,NA,NA,NA,1,NA,NA
1737,1,0.265868455,0.207242489,0.38128233,0.145606726,0,1,2019,5,State,urban/rural,HH Size,statesector,1,Uttarakhand,NA,NA,NA,2 to 3,NA,NA
1738,1,0.128104851,0.129044071,0.290902138,0.380242258,0.071706668,1,2019,5,State,urban/rural,HH Size,statesector,1,Uttarakhand,NA,NA,NA,4 to 6,NA,NA
1739,1,0.344030172,0.175102606,0.295338154,0.117554657,0.067974418,1,2019,5,State,urban/rural,HH Size,statesector,1,Uttarakhand,NA,NA,NA,7+,NA,NA
1822,1,0.394804567,0.241671011,0.180135608,0.138926283,0.044462539,1,2019,5,State,All,Owns House,state,99,Uttarakhand,NA,NA,NA,NA,0,NA
1823,1,0.277011931,0.381979287,0.18227616,0.123582497,0.035150122,1,2019,5,State,All,Owns House,state,99,Uttarakhand,NA,NA,NA,NA,1,NA
1959,1,0.373606592,0.286906004,0.179446697,0.122682162,0.037358526,1,2019,5,State,urban/rural,Owns House,statesector,0,Uttarakhand,NA,NA,NA,NA,0,NA
1960,1,0.315264672,0.429373443,0.146676019,0.079994306,0.028691534,1,2019,5,State,urban/rural,Owns House,statesector,0,Uttarakhand,NA,NA,NA,NA,1,NA
1961,1,0.430696249,0.165080607,0.181302026,0.166430295,0.05649082,1,2019,5,State,urban/rural,Owns House,statesector,1,Uttarakhand,NA,NA,NA,NA,0,NA
1962,1,0.08449243,0.143452585,0.361445576,0.342954338,0.067655079,1,2019,5,State,urban/rural,Owns House,statesector,1,Uttarakhand,NA,NA,NA,NA,1,NA
2040,1,0.274233043,0.294950843,0.231669486,0.172905847,0.026240759,1,2019,5,State,All,Agri Land,state,99,Uttarakhand,NA,NA,NA,NA,NA,0
2041,1,0.334464759,0.444975793,0.109444454,0.058780368,0.052334603,1,2019,5,State,All,Agri Land,state,99,Uttarakhand,NA,NA,NA,NA,NA,1
2173,1,0.306767613,0.363612711,0.204436064,0.117398597,0.007785021,1,2019,5,State,urban/rural,Agri Land,statesector,0,Uttarakhand,NA,NA,NA,NA,NA,0
2174,1,0.34062016,0.453165025,0.098965056,0.055329431,0.051920339,1,2019,5,State,urban/rural,Agri Land,statesector,0,Uttarakhand,NA,NA,NA,NA,NA,1
2175,1,0.208574995,0.156384155,0.286629319,0.284925193,0.063486338,1,2019,5,State,urban/rural,Agri Land,statesector,1,Uttarakhand,NA,NA,NA,NA,NA,0
2176,1,0,0,0.678861976,0.246293619,0.074844405,1,2019,5,State,urban/rural,Agri Land,statesector,1,Uttarakhand,NA,NA,NA,NA,NA,1
2217,1,0.188115031,0.454074979,0.260180801,0.082699455,0.014929733,1,2015,4,State,All,All Households,state,99,Uttarakhand,NA,NA,NA,NA,NA,NA
2285,1,0.201032534,0.519973576,0.223788604,0.048811901,0.00639341,1,2015,4,State,urban/rural,All Households,statesector,0,Uttarakhand,NA,NA,NA,NA,NA,NA
2286,1,0.130180776,0.158523858,0.42339766,0.234683082,0.053214628,1,2015,4,State,urban/rural,All Households,statesector,1,Uttarakhand,NA,NA,NA,NA,NA,NA
2453,1,0.145752728,0.445811838,0.333923072,0.061368249,0.013144109,1,2015,4,State,All,Age,state,99,Uttarakhand,15 to 29,NA,NA,NA,NA,NA
2454,1,0.19626461,0.423987687,0.274078041,0.088523962,0.017145693,1,2015,4,State,All,Age,state,99,Uttarakhand,30 to 45,NA,NA,NA,NA,NA
2455,1,0.179468289,0.463370949,0.244901001,0.094120517,0.018139245,1,2015,4,State,All,Age,state,99,Uttarakhand,46 to 64,NA,NA,NA,NA,NA
2456,1,0.216710597,0.53641659,0.187854365,0.05675263,0.002265791,1,2015,4,State,All,Age,state,99,Uttarakhand,65+,NA,NA,NA,NA,NA
2740,1,0.143833697,0.525434077,0.294198632,0.036533602,0,1,2015,4,State,urban/rural,Age,statesector,0,Uttarakhand,15 to 29,NA,NA,NA,NA,NA
2741,1,0.227887452,0.504169703,0.206586018,0.050000869,0.011355958,1,2015,4,State,urban/rural,Age,statesector,0,Uttarakhand,30 to 45,NA,NA,NA,NA,NA
2742,1,0.178354889,0.514420867,0.240472183,0.061281152,0.005470913,1,2015,4,State,urban/rural,Age,statesector,0,Uttarakhand,46 to 64,NA,NA,NA,NA,NA
2743,1,0.219233915,0.568601429,0.183334246,0.028830389,0,1,2015,4,State,urban/rural,Age,statesector,0,Uttarakhand,65+,NA,NA,NA,NA,NA
2744,1,0.153309017,0.132292598,0.490341425,0.159156799,0.06490016,1,2015,4,State,urban/rural,Age,statesector,1,Uttarakhand,15 to 29,NA,NA,NA,NA,NA
2745,1,0.098501578,0.176102296,0.482731909,0.207619354,0.035044845,1,2015,4,State,urban/rural,Age,statesector,1,Uttarakhand,30 to 45,NA,NA,NA,NA,NA
2746,1,0.186642945,0.134409919,0.273439884,0.305734426,0.099772826,1,2015,4,State,urban/rural,Age,statesector,1,Uttarakhand,46 to 64,NA,NA,NA,NA,NA
2747,1,0.184845001,0.129971206,0.244936571,0.409367949,0.03087928,1,2015,4,State,urban/rural,Age,statesector,1,Uttarakhand,65+,NA,NA,NA,NA,NA
2927,1,0.234856129,0.408687919,0.245651379,0.094402596,0.016401976,1,2015,4,State,All,Education,state,99,Uttarakhand,NA,No education / Preschool,NA,NA,NA,NA
2928,1,0.170995846,0.453189135,0.272258669,0.085687339,0.017869007,1,2015,4,State,All,Education,state,99,Uttarakhand,NA,Primary,NA,NA,NA,NA
2929,1,0.114999928,0.561703086,0.271750897,0.042211872,0.009334228,1,2015,4,State,All,Education,state,99,Uttarakhand,NA,Secondary,NA,NA,NA,NA
2930,1,0.055313483,0.22786127,0.371199548,0.345625699,0,1,2015,4,State,All,Education,state,99,Uttarakhand,NA,Higher,NA,NA,NA,NA
2931,1,0.203483567,0.565156817,0.231359601,0,0,1,2015,4,State,All,Education,state,99,Uttarakhand,NA,NA,NA,NA,NA,NA
3226,1,0.256112218,0.494040132,0.198723599,0.048540175,0.002583872,1,2015,4,State,urban/rural,Education,statesector,0,Uttarakhand,NA,No education / Preschool,NA,NA,NA,NA
3227,1,0.202711031,0.513352096,0.21402812,0.055452429,0.014456347,1,2015,4,State,urban/rural,Education,statesector,0,Uttarakhand,NA,Primary,NA,NA,NA,NA
3228,1,0.109844379,0.581778586,0.267705321,0.035805799,0.004865899,1,2015,4,State,urban/rural,Education,statesector,0,Uttarakhand,NA,Secondary,NA,NA,NA,NA
3229,1,0.068381861,0.256980836,0.45889923,0.215738058,0,1,2015,4,State,urban/rural,Education,statesector,0,Uttarakhand,NA,Higher,NA,NA,NA,NA
3230,1,0.229225025,0.597114027,0.173660919,0,0,1,2015,4,State,urban/rural,Education,statesector,0,Uttarakhand,NA,NA,NA,NA,NA,NA
3231,1,0.169506833,0.146282867,0.389925152,0.235401079,0.058884069,1,2015,4,State,urban/rural,Education,statesector,1,Uttarakhand,NA,No education / Preschool,NA,NA,NA,NA
3232,1,0.017255668,0.161547661,0.554532826,0.232251868,0.034411967,1,2015,4,State,urban/rural,Education,statesector,1,Uttarakhand,NA,Primary,NA,NA,NA,NA
3233,1,0.193507016,0.255999476,0.333355397,0.139761537,0.077376559,1,2015,4,State,urban/rural,Education,statesector,1,Uttarakhand,NA,Secondary,NA,NA,NA,NA
3234,1,0,0.104609214,0,0.895390809,0,1,2015,4,State,urban/rural,Education,statesector,1,Uttarakhand,NA,Higher,NA,NA,NA,NA
3235,1,0,0.312538326,0.687461674,0,0,1,2015,4,State,urban/rural,Education,statesector,1,Uttarakhand,NA,NA,NA,NA,NA,NA
3339,1,0.180927753,0.449807614,0.270135462,0.084397651,0.014731525,1,2015,4,State,All,Gender,state,99,Uttarakhand,NA,NA,1,NA,NA,NA
3340,1,0.226414859,0.476815134,0.207134023,0.073650025,0.015985955,1,2015,4,State,All,Gender,state,99,Uttarakhand,NA,NA,2,NA,NA,NA
3495,1,0.191800237,0.519980311,0.231886804,0.048618309,0.007714335,1,2015,4,State,urban/rural,Gender,statesector,0,Uttarakhand,NA,NA,1,NA,NA,NA
3496,1,0.245717779,0.519940853,0.184592471,0.049748898,0,1,2015,4,State,urban/rural,Gender,statesector,0,Uttarakhand,NA,NA,2,NA,NA,NA
3497,1,0.13608928,0.160413101,0.427874148,0.231952816,0.043670643,1,2015,4,State,urban/rural,Gender,statesector,1,Uttarakhand,NA,NA,1,NA,NA,NA
3498,1,0.076227047,0.141272157,0.382520318,0.259614557,0.140365899,1,2015,4,State,urban/rural,Gender,statesector,1,Uttarakhand,NA,NA,2,NA,NA,NA
3668,1,0.477505535,0.457773566,0.059968654,0.004752224,0,1,2015,4,State,All,HH Size,state,99,Uttarakhand,NA,NA,NA,1,NA,NA
3669,1,0.264527172,0.515251279,0.183777273,0.036444314,0,1,2015,4,State,All,HH Size,state,99,Uttarakhand,NA,NA,NA,2 to 3,NA,NA
3670,1,0.177178293,0.460366756,0.286505759,0.059130836,0.016818343,1,2015,4,State,All,HH Size,state,99,Uttarakhand,NA,NA,NA,4 to 6,NA,NA
3671,1,0.160731032,0.427197367,0.259656161,0.134735793,0.01767968,1,2015,4,State,All,HH Size,state,99,Uttarakhand,NA,NA,NA,7+,NA,NA
3955,1,0.465319723,0.467942476,0.061837483,0.00490032,0,1,2015,4,State,urban/rural,HH Size,statesector,0,Uttarakhand,NA,NA,NA,1,NA,NA
3956,1,0.28350246,0.546244085,0.156727567,0.013525868,0,1,2015,4,State,urban/rural,HH Size,statesector,0,Uttarakhand,NA,NA,NA,2 to 3,NA,NA
3957,1,0.181224853,0.535238564,0.244738802,0.029763993,0.009033804,1,2015,4,State,urban/rural,HH Size,statesector,0,Uttarakhand,NA,NA,NA,4 to 6,NA,NA
3958,1,0.179869801,0.493813157,0.229368389,0.091742642,0.005206015,1,2015,4,State,urban/rural,HH Size,statesector,0,Uttarakhand,NA,NA,NA,7+,NA,NA
3959,1,0.868535042,0.131464928,0,0,0,1,2015,4,State,urban/rural,HH Size,statesector,1,Uttarakhand,NA,NA,NA,1,NA,NA
3960,1,0.118462622,0.276679903,0.391995639,0.212861851,0,1,2015,4,State,urban/rural,HH Size,statesector,1,Uttarakhand,NA,NA,NA,2 to 3,NA,NA
3961,1,0.159234196,0.128354251,0.471717745,0.189355582,0.051338211,1,2015,4,State,urban/rural,HH Size,statesector,1,Uttarakhand,NA,NA,NA,4 to 6,NA,NA
3962,1,0.088862762,0.177047387,0.373390168,0.29617998,0.064519711,1,2015,4,State,urban/rural,HH Size,statesector,1,Uttarakhand,NA,NA,NA,7+,NA,NA
4065,1,0.219961941,0.37236613,0.287791222,0.118726827,0.001153893,1,2015,4,State,All,Owns House,state,99,Uttarakhand,NA,NA,NA,NA,0,NA
4066,1,0.176255718,0.484502107,0.249899104,0.069283403,0.020059649,1,2015,4,State,All,Owns House,state,99,Uttarakhand,NA,NA,NA,NA,1,NA
4222,1,0.251931399,0.436414123,0.233003974,0.078650504,0,1,2015,4,State,urban/rural,Owns House,statesector,0,Uttarakhand,NA,NA,NA,NA,0,NA
4223,1,0.185959116,0.544719219,0.221059516,0.039975356,0.008286784,1,2015,4,State,urban/rural,Owns House,statesector,0,Uttarakhand,NA,NA,NA,NA,1,NA
4224,1,0.149292752,0.230786771,0.408899516,0.207316339,0.003704597,1,2015,4,State,urban/rural,Owns House,statesector,1,Uttarakhand,NA,NA,NA,NA,0,NA
4225,1,0.113664858,0.096076727,0.435926437,0.258332461,0.095999502,1,2015,4,State,urban/rural,Owns House,statesector,1,Uttarakhand,NA,NA,NA,NA,1,NA
4324,1,0.205028653,0.3810381,0.283696681,0.11428804,0.015948541,1,2015,4,State,All,Agri Land,state,99,Uttarakhand,NA,NA,NA,NA,NA,0
4325,1,0.164556473,0.55580622,0.227426156,0.038700502,0.013510661,1,2015,4,State,All,Agri Land,state,99,Uttarakhand,NA,NA,NA,NA,NA,1
4480,1,0.231912121,0.472660959,0.228999749,0.061694019,0.004733155,1,2015,4,State,urban/rural,Agri Land,statesector,0,Uttarakhand,NA,NA,NA,NA,NA,0
4481,1,0.169458091,0.568350792,0.218460187,0.035639908,0.008091024,1,2015,4,State,urban/rural,Agri Land,statesector,0,Uttarakhand,NA,NA,NA,NA,NA,1
4482,1,0.139153212,0.156524867,0.417726368,0.243164778,0.043430798,1,2015,4,State,urban/rural,Agri Land,statesector,1,Uttarakhand,NA,NA,NA,NA,NA,0
4483,1,0.019002184,0.18329367,0.493671447,0.129585236,0.174447447,1,2015,4,State,urban/rural,Agri Land,statesector,1,Uttarakhand,NA,NA,NA,NA,NA,1
39,1,0.79253304,0.16853781,0.032636683,0.00430842,0.00198401,1,2019,5,State,All,All Households,state,99,West Bengal,NA,NA,NA,NA,NA,NA
110,1,0.834288538,0.148457021,0.016869498,0.000384956,0,1,2019,5,State,urban/rural,All Households,statesector,0,West Bengal,NA,NA,NA,NA,NA,NA
111,1,0.486056715,0.315926701,0.148364529,0.033105832,0.016546234,1,2019,5,State,urban/rural,All Households,statesector,1,West Bengal,NA,NA,NA,NA,NA,NA
284,1,0.773236334,0.195325777,0.029419415,0.002018448,0,1,2019,5,State,All,Age,state,99,West Bengal,15 to 29,NA,NA,NA,NA,NA
285,1,0.801138163,0.162023485,0.033629596,0.003208767,0,1,2019,5,State,All,Age,state,99,West Bengal,30 to 45,NA,NA,NA,NA,NA
286,1,0.790036798,0.160203576,0.038799878,0.005025026,0.005934699,1,2019,5,State,All,Age,state,99,West Bengal,46 to 64,NA,NA,NA,NA,NA
287,1,0.795000613,0.180676728,0.015178041,0.009144614,0,1,2019,5,State,All,Age,state,99,West Bengal,65+,NA,NA,NA,NA,NA
288,1,NA,NA,NA,NA,NA,0,2019,5,State,All,Age,state,99,West Bengal,NA,NA,NA,NA,NA,NA
578,1,0.806499839,0.181329191,0.012170947,0,0,1,2019,5,State,urban/rural,Age,statesector,0,West Bengal,15 to 29,NA,NA,NA,NA,NA
579,1,0.85744828,0.129484683,0.012097607,0.000969444,0,1,2019,5,State,urban/rural,Age,statesector,0,West Bengal,30 to 45,NA,NA,NA,NA,NA
580,1,0.82355839,0.152009621,0.024431992,0,0,1,2019,5,State,urban/rural,Age,statesector,0,West Bengal,46 to 64,NA,NA,NA,NA,NA
581,1,0.822779119,0.159680977,0.017539907,0,0,1,2019,5,State,urban/rural,Age,statesector,0,West Bengal,65+,NA,NA,NA,NA,NA
582,1,NA,NA,NA,NA,NA,0,2019,5,State,urban/rural,Age,statesector,0,West Bengal,NA,NA,NA,NA,NA,NA
583,1,0.455824703,0.328885943,0.194010183,0.021279166,0,1,2019,5,State,urban/rural,Age,statesector,1,West Bengal,15 to 29,NA,NA,NA,NA,NA
584,1,0.426763266,0.37835601,0.176783919,0.018096793,0,1,2019,5,State,urban/rural,Age,statesector,1,West Bengal,30 to 45,NA,NA,NA,NA,NA
585,1,0.527324021,0.224420652,0.151402831,0.044406794,0.052445687,1,2019,5,State,urban/rural,Age,statesector,1,West Bengal,46 to 64,NA,NA,NA,NA,NA
586,1,0.61648798,0.315601498,0,0.067910552,0,1,2019,5,State,urban/rural,Age,statesector,1,West Bengal,65+,NA,NA,NA,NA,NA
758,1,0.841902435,0.134989232,0.020802962,0.002305349,0,1,2019,5,State,All,Education,state,99,West Bengal,NA,No education / Preschool,NA,NA,NA,NA
759,1,0.760724366,0.189650595,0.043128416,0.006496594,0,1,2019,5,State,All,Education,state,99,West Bengal,NA,Primary,NA,NA,NA,NA
760,1,0.710736275,0.225634754,0.044498686,0.00649123,0.012639032,1,2019,5,State,All,Education,state,99,West Bengal,NA,Secondary,NA,NA,NA,NA
761,1,0.542684734,0.324181497,0.133133769,0,0,1,2019,5,State,All,Education,state,99,West Bengal,NA,Higher,NA,NA,NA,NA
762,1,0.860028803,0.139971197,0,0,0,1,2019,5,State,All,Education,state,99,West Bengal,NA,NA,NA,NA,NA,NA
1049,1,0.880743384,0.108188376,0.01106823,0,0,1,2019,5,State,urban/rural,Education,statesector,0,West Bengal,NA,No education / Preschool,NA,NA,NA,NA
1050,1,0.809075654,0.173378661,0.017545713,0,0,1,2019,5,State,urban/rural,Education,statesector,0,West Bengal,NA,Primary,NA,NA,NA,NA
1051,1,0.753187299,0.216586426,0.027809251,0.002417017,0,1,2019,5,State,urban/rural,Education,statesector,0,West Bengal,NA,Secondary,NA,NA,NA,NA
1052,1,0.520582974,0.339848995,0.139568046,0,0,1,2019,5,State,urban/rural,Education,statesector,0,West Bengal,NA,Higher,NA,NA,NA,NA
1053,1,0.860028803,0.139971197,0,0,0,1,2019,5,State,urban/rural,Education,statesector,0,West Bengal,NA,NA,NA,NA,NA,NA
1054,1,0.550544381,0.336030871,0.093826264,0.019598495,0,1,2019,5,State,urban/rural,Education,statesector,1,West Bengal,NA,No education / Preschool,NA,NA,NA,NA
1055,1,0.443143696,0.296528012,0.211160764,0.049167529,0,1,2019,5,State,urban/rural,Education,statesector,1,West Bengal,NA,Primary,NA,NA,NA,NA
1056,1,0.356610388,0.301115841,0.183721781,0.040478278,0.118073709,1,2019,5,State,urban/rural,Education,statesector,1,West Bengal,NA,Secondary,NA,NA,NA,NA
1057,1,1,0,0,0,0,1,2019,5,State,urban/rural,Education,statesector,1,West Bengal,NA,Higher,NA,NA,NA,NA
1155,1,0.786689341,0.173268497,0.032916393,0.004773223,0.002352556,1,2019,5,State,All,Gender,state,99,West Bengal,NA,NA,1,NA,NA,NA
1156,1,0.823991954,0.143070906,0.031130895,0.001806228,0,1,2019,5,State,All,Gender,state,99,West Bengal,NA,NA,2,NA,NA,NA
1157,1,NA,NA,NA,NA,NA,0,2019,5,State,All,Gender,state,99,West Bengal,NA,NA,NA,NA,NA,NA
1317,1,0.828469157,0.154668316,0.016407833,0.00045472,0,1,2019,5,State,urban/rural,Gender,statesector,0,West Bengal,NA,NA,1,NA,NA,NA
1318,1,0.866400242,0.114182778,0.019416999,0,0,1,2019,5,State,urban/rural,Gender,statesector,0,West Bengal,NA,NA,2,NA,NA,NA
1319,1,NA,NA,NA,NA,NA,0,2019,5,State,urban/rural,Gender,statesector,0,West Bengal,NA,NA,NA,NA,NA,NA
1320,1,0.469931871,0.314287513,0.158077583,0.037514355,0.02018868,1,2019,5,State,urban/rural,Gender,statesector,1,West Bengal,NA,NA,1,NA,NA,NA
1321,1,0.559305727,0.323372841,0.104241826,0.013079591,0,1,2019,5,State,urban/rural,Gender,statesector,1,West Bengal,NA,NA,2,NA,NA,NA
1472,1,0.939285636,0.060714357,0,0,0,1,2019,5,State,All,HH Size,state,99,West Bengal,NA,NA,NA,1,NA,NA
1473,1,0.839726925,0.136711836,0.019979598,0.003581617,0,1,2019,5,State,All,HH Size,state,99,West Bengal,NA,NA,NA,2 to 3,NA,NA
1474,1,0.785163641,0.178402886,0.032267708,0.003150265,0.001015496,1,2019,5,State,All,HH Size,state,99,West Bengal,NA,NA,NA,4 to 6,NA,NA
1475,1,0.717478871,0.201851696,0.06055513,0.010834769,0.009279538,1,2019,5,State,All,HH Size,state,99,West Bengal,NA,NA,NA,7+,NA,NA
1740,1,0.954609156,0.045390848,0,0,0,1,2019,5,State,urban/rural,HH Size,statesector,0,West Bengal,NA,NA,NA,1,NA,NA
1741,1,0.881077945,0.116925053,0.001997013,0,0,1,2019,5,State,urban/rural,HH Size,statesector,0,West Bengal,NA,NA,NA,2 to 3,NA,NA
1742,1,0.825068831,0.156089008,0.018191498,0.000650691,0,1,2019,5,State,urban/rural,HH Size,statesector,0,West Bengal,NA,NA,NA,4 to 6,NA,NA
1743,1,0.766573071,0.192953944,0.040472988,0,0,1,2019,5,State,urban/rural,HH Size,statesector,0,West Bengal,NA,NA,NA,7+,NA,NA
1744,1,0.796728909,0.203271091,0,0,0,1,2019,5,State,urban/rural,HH Size,statesector,1,West Bengal,NA,NA,NA,1,NA,NA
1745,1,0.505790293,0.296503216,0.165200919,0.032505546,0,1,2019,5,State,urban/rural,HH Size,statesector,1,West Bengal,NA,NA,NA,2 to 3,NA,NA
1746,1,0.45846948,0.361081421,0.147506297,0.023613688,0.009329119,1,2019,5,State,urban/rural,HH Size,statesector,1,West Bengal,NA,NA,NA,4 to 6,NA,NA
1747,1,0.498149812,0.24160251,0.150272399,0.059239265,0.050736018,1,2019,5,State,urban/rural,HH Size,statesector,1,West Bengal,NA,NA,NA,7+,NA,NA
1824,1,0.795961857,0.167677224,0.031360809,0.002779702,0.002220399,1,2019,5,State,All,Owns House,state,99,West Bengal,NA,NA,NA,NA,0,NA
1825,1,0.786786079,0.169980258,0.034775175,0.006870704,0.0015878,1,2019,5,State,All,Owns House,state,99,West Bengal,NA,NA,NA,NA,1,NA
1963,1,0.836761534,0.152312517,0.010925945,0,0,1,2019,5,State,urban/rural,Owns House,statesector,0,West Bengal,NA,NA,NA,NA,0,NA
1964,1,0.830253959,0.142167017,0.026566017,0.001012987,0,1,2019,5,State,urban/rural,Owns House,statesector,0,West Bengal,NA,NA,NA,NA,1,NA
1965,1,0.520042181,0.271585524,0.169557527,0.021578247,0.017236494,1,2019,5,State,urban/rural,Owns House,statesector,1,West Bengal,NA,NA,NA,NA,0,NA
1966,1,0.41615054,0.407133877,0.104771763,0.056817397,0.015126414,1,2019,5,State,urban/rural,Owns House,statesector,1,West Bengal,NA,NA,NA,NA,1,NA
2042,1,0.799810648,0.159023628,0.032879293,0.005673702,0.002612717,1,2019,5,State,All,Agri Land,state,99,West Bengal,NA,NA,NA,NA,NA,0
2043,1,0.769567132,0.198561758,0.031871077,0,0,1,2019,5,State,All,Agri Land,state,99,West Bengal,NA,NA,NA,NA,NA,1
2177,1,0.850166857,0.134555757,0.014755731,0.000521658,0,1,2019,5,State,urban/rural,Agri Land,statesector,0,West Bengal,NA,NA,NA,NA,NA,0
2178,1,0.789574504,0.187603563,0.022821957,0,0,1,2019,5,State,urban/rural,Agri Land,statesector,0,West Bengal,NA,NA,NA,NA,NA,1
2179,1,0.502236187,0.303613842,0.139978513,0.036119152,0.018052287,1,2019,5,State,urban/rural,Agri Land,statesector,1,West Bengal,NA,NA,NA,NA,NA,0
2180,1,0.308300704,0.451201797,0.240497485,0,0,1,2019,5,State,urban/rural,Agri Land,statesector,1,West Bengal,NA,NA,NA,NA,NA,1
2218,1,0.565606594,0.367839724,0.062952183,0.003222573,0.00037892,1,2015,4,State,All,All Households,state,99,West Bengal,NA,NA,NA,NA,NA,NA
2287,1,0.595577717,0.357736558,0.045580231,0.000654289,0.000451174,1,2015,4,State,urban/rural,All Households,statesector,0,West Bengal,NA,NA,NA,NA,NA,NA
2288,1,0.408428431,0.420823902,0.154056206,0.016691467,0,1,2015,4,State,urban/rural,All Households,statesector,1,West Bengal,NA,NA,NA,NA,NA,NA
2457,1,0.518208027,0.406938285,0.073214695,0.001638968,0,1,2015,4,State,All,Age,state,99,West Bengal,15 to 29,NA,NA,NA,NA,NA
2458,1,0.566829205,0.364266634,0.062942944,0.005961196,0,1,2015,4,State,All,Age,state,99,West Bengal,30 to 45,NA,NA,NA,NA,NA
2459,1,0.580960095,0.356515378,0.061206162,0.00131839,0,1,2015,4,State,All,Age,state,99,West Bengal,46 to 64,NA,NA,NA,NA,NA
2460,1,0.578699708,0.363710076,0.053745557,0,0.003844652,1,2015,4,State,All,Age,state,99,West Bengal,65+,NA,NA,NA,NA,NA
2461,1,NA,NA,NA,NA,NA,0,2015,4,State,All,Age,state,99,West Bengal,NA,NA,NA,NA,NA,NA
2748,1,0.537392676,0.400739342,0.061867982,0,0,1,2015,4,State,urban/rural,Age,statesector,0,West Bengal,15 to 29,NA,NA,NA,NA,NA
2749,1,0.60229665,0.355356693,0.041010451,0.001336225,0,1,2015,4,State,urban/rural,Age,statesector,0,West Bengal,30 to 45,NA,NA,NA,NA,NA
2750,1,0.608230293,0.347792506,0.043668736,0.000308465,0,1,2015,4,State,urban/rural,Age,statesector,0,West Bengal,46 to 64,NA,NA,NA,NA,NA
2751,1,0.611651003,0.337428212,0.046530601,0,0.004390192,1,2015,4,State,urban/rural,Age,statesector,0,West Bengal,65+,NA,NA,NA,NA,NA
2752,1,NA,NA,NA,NA,NA,0,2015,4,State,urban/rural,Age,statesector,0,West Bengal,NA,NA,NA,NA,NA,NA
2753,1,0.395179152,0.446691424,0.145979926,0.012149487,0,1,2015,4,State,urban/rural,Age,statesector,1,West Bengal,15 to 29,NA,NA,NA,NA,NA
2754,1,0.417243928,0.40184474,0.15544413,0.025467196,0,1,2015,4,State,urban/rural,Age,statesector,1,West Bengal,30 to 45,NA,NA,NA,NA,NA
2755,1,0.414775282,0.409672588,0.168079242,0.007472871,0,1,2015,4,State,urban/rural,Age,statesector,1,West Bengal,46 to 64,NA,NA,NA,NA,NA
2756,1,0.346477836,0.548929691,0.104592457,0,0,1,2015,4,State,urban/rural,Age,statesector,1,West Bengal,65+,NA,NA,NA,NA,NA
2932,1,0.659882724,0.304878622,0.032887116,0.002351553,0,1,2015,4,State,All,Education,state,99,West Bengal,NA,No education / Preschool,NA,NA,NA,NA
2933,1,0.485647768,0.437258512,0.07305418,0.004039537,0,1,2015,4,State,All,Education,state,99,West Bengal,NA,Primary,NA,NA,NA,NA
2934,1,0.436801791,0.420928061,0.136894345,0.003033642,0.002342175,1,2015,4,State,All,Education,state,99,West Bengal,NA,Secondary,NA,NA,NA,NA
2935,1,0.229246423,0.533238173,0.187165782,0.050349608,0,1,2015,4,State,All,Education,state,99,West Bengal,NA,Higher,NA,NA,NA,NA
2936,1,0.299419373,0.700580597,0,0,0,1,2015,4,State,All,Education,state,99,West Bengal,NA,NA,NA,NA,NA,NA
3236,1,0.697399139,0.281931907,0.019977082,0.000691897,0,1,2015,4,State,urban/rural,Education,statesector,0,West Bengal,NA,No education / Preschool,NA,NA,NA,NA
3237,1,0.519139111,0.424100906,0.05675998,0,0,1,2015,4,State,urban/rural,Education,statesector,0,West Bengal,NA,Primary,NA,NA,NA,NA
3238,1,0.440249801,0.453101039,0.10380093,0,0.002848211,1,2015,4,State,urban/rural,Education,statesector,0,West Bengal,NA,Secondary,NA,NA,NA,NA
3239,1,0.277089715,0.516365707,0.145687088,0.060857475,0,1,2015,4,State,urban/rural,Education,statesector,0,West Bengal,NA,Higher,NA,NA,NA,NA
3240,1,0.299419373,0.700580597,0,0,0,1,2015,4,State,urban/rural,Education,statesector,0,West Bengal,NA,NA,NA,NA,NA,NA
3241,1,0.473346889,0.418972284,0.097077273,0.010603547,0,1,2015,4,State,urban/rural,Education,statesector,1,West Bengal,NA,No education / Preschool,NA,NA,NA,NA
3242,1,0.281410158,0.517496467,0.172419831,0.028673537,0,1,2015,4,State,urban/rural,Education,statesector,1,West Bengal,NA,Primary,NA,NA,NA,NA
3243,1,0.420842767,0.272016346,0.290066123,0.01707476,0,1,2015,4,State,urban/rural,Education,statesector,1,West Bengal,NA,Secondary,NA,NA,NA,NA
3244,1,0,0.614084482,0.385915518,0,0,1,2015,4,State,urban/rural,Education,statesector,1,West Bengal,NA,Higher,NA,NA,NA,NA
3341,1,0.55653441,0.374503702,0.06609761,0.002436173,0.000428122,1,2015,4,State,All,Gender,state,99,West Bengal,NA,NA,1,NA,NA,NA
3342,1,0.635474801,0.316518039,0.038728211,0.009278907,0,1,2015,4,State,All,Gender,state,99,West Bengal,NA,NA,2,NA,NA,NA
3343,1,NA,NA,NA,NA,NA,0,2015,4,State,All,Gender,state,99,West Bengal,NA,NA,NA,NA,NA,NA
3499,1,0.58351022,0.366928697,0.048321523,0.000733667,0.00050591,1,2015,4,State,urban/rural,Gender,statesector,0,West Bengal,NA,NA,1,NA,NA,NA
3500,1,0.695047379,0.281968176,0.02298446,0,0,1,2015,4,State,urban/rural,Gender,statesector,0,West Bengal,NA,NA,2,NA,NA,NA
3501,1,NA,NA,NA,NA,NA,0,2015,4,State,urban/rural,Gender,statesector,0,West Bengal,NA,NA,NA,NA,NA,NA
3502,1,0.408066422,0.416194707,0.163932562,0.011806326,0,1,2015,4,State,urban/rural,Gender,statesector,1,West Bengal,NA,NA,1,NA,NA,NA
3503,1,0.410476148,0.447008997,0.098190576,0.044324283,0,1,2015,4,State,urban/rural,Gender,statesector,1,West Bengal,NA,NA,2,NA,NA,NA
3672,1,0.783868194,0.184078276,0.022156687,0.009896815,0,1,2015,4,State,All,HH Size,state,99,West Bengal,NA,NA,NA,1,NA,NA
3673,1,0.647808135,0.300311476,0.049244728,0.002635667,0,1,2015,4,State,All,HH Size,state,99,West Bengal,NA,NA,NA,2 to 3,NA,NA
3674,1,0.566077888,0.375436604,0.054335248,0.004150246,0,1,2015,4,State,All,HH Size,state,99,West Bengal,NA,NA,NA,4 to 6,NA,NA
3675,1,0.483066738,0.414934576,0.099494137,0.000796419,0.001708138,1,2015,4,State,All,HH Size,state,99,West Bengal,NA,NA,NA,7+,NA,NA
3676,1,NA,NA,NA,NA,NA,0,2015,4,State,All,HH Size,state,99,West Bengal,NA,NA,NA,NA,NA,NA
3963,1,0.786541104,0.190433219,0.023025701,0,0,1,2015,4,State,urban/rural,HH Size,statesector,0,West Bengal,NA,NA,NA,1,NA,NA
3964,1,0.674129665,0.290280402,0.035034548,0.000555395,0,1,2015,4,State,urban/rural,HH Size,statesector,0,West Bengal,NA,NA,NA,2 to 3,NA,NA
3965,1,0.595486939,0.366344929,0.037231725,0.000936405,0,1,2015,4,State,urban/rural,HH Size,statesector,0,West Bengal,NA,NA,NA,4 to 6,NA,NA
3966,1,0.511864483,0.405965954,0.080019474,0,0.002150085,1,2015,4,State,urban/rural,HH Size,statesector,0,West Bengal,NA,NA,NA,7+,NA,NA
3967,1,NA,NA,NA,NA,NA,0,2015,4,State,urban/rural,HH Size,statesector,0,West Bengal,NA,NA,NA,NA,NA,NA
3968,1,0.768157661,0.146725118,0.017048795,0.068068452,0,1,2015,4,State,urban/rural,HH Size,statesector,1,West Bengal,NA,NA,NA,1,NA,NA
3969,1,0.462125152,0.371074736,0.149489328,0.01731078,0,1,2015,4,State,urban/rural,HH Size,statesector,1,West Bengal,NA,NA,NA,2 to 3,NA,NA
3970,1,0.404908091,0.425261587,0.14806731,0.021762988,0,1,2015,4,State,urban/rural,HH Size,statesector,1,West Bengal,NA,NA,NA,4 to 6,NA,NA
3971,1,0.371762753,0.449598491,0.174764171,0.003874597,0,1,2015,4,State,urban/rural,HH Size,statesector,1,West Bengal,NA,NA,NA,7+,NA,NA
4067,1,0.566425622,0.362623811,0.064679332,0.004609881,0.001661361,1,2015,4,State,All,Owns House,state,99,West Bengal,NA,NA,NA,NA,0,NA
4068,1,0.565364599,0.369380862,0.062441867,0.002812668,0,1,2015,4,State,All,Owns House,state,99,West Bengal,NA,NA,NA,NA,1,NA
4069,1,NA,NA,NA,NA,NA,0,2015,4,State,All,Owns House,state,99,West Bengal,NA,NA,NA,NA,NA,NA
4226,1,0.589075446,0.3611449,0.046057284,0.001758931,0.001963405,1,2015,4,State,urban/rural,Owns House,statesector,0,West Bengal,NA,NA,NA,NA,0,NA
4227,1,0.597517669,0.356719673,0.045437902,0.00032472,0,1,2015,4,State,urban/rural,Owns House,statesector,0,West Bengal,NA,NA,NA,NA,1,NA
4228,1,NA,NA,NA,NA,NA,0,2015,4,State,urban/rural,Owns House,statesector,0,West Bengal,NA,NA,NA,NA,NA,NA
4229,1,0.441842407,0.370758414,0.167107955,0.020291228,0,1,2015,4,State,urban/rural,Owns House,statesector,1,West Bengal,NA,NA,NA,NA,0,NA
4230,1,0.399053693,0.434870422,0.15039438,0.015681507,0,1,2015,4,State,urban/rural,Owns House,statesector,1,West Bengal,NA,NA,NA,NA,1,NA
4326,1,0.587684155,0.355116695,0.053956836,0.003242283,0,1,2015,4,State,All,Agri Land,state,99,West Bengal,NA,NA,NA,NA,NA,0
4327,1,0.506648242,0.401816666,0.086974345,0.003169938,0.001390831,1,2015,4,State,All,Agri Land,state,99,West Bengal,NA,NA,NA,NA,NA,1
4328,1,NA,NA,NA,NA,NA,0,2015,4,State,All,Agri Land,state,99,West Bengal,NA,NA,NA,NA,NA,NA
4484,1,0.632278681,0.339470506,0.028250812,0,0,1,2015,4,State,urban/rural,Agri Land,statesector,0,West Bengal,NA,NA,NA,NA,NA,0
4485,1,0.513172686,0.39874953,0.084490187,0.002123374,0.001464201,1,2015,4,State,urban/rural,Agri Land,statesector,0,West Bengal,NA,NA,NA,NA,NA,1
4486,1,NA,NA,NA,NA,NA,0,2015,4,State,urban/rural,Agri Land,statesector,0,West Bengal,NA,NA,NA,NA,NA,NA
4487,1,0.410801202,0.417176932,0.155919164,0.016102722,0,1,2015,4,State,urban/rural,Agri Land,statesector,1,West Bengal,NA,NA,NA,NA,NA,0
4488,1,0.382966757,0.459958792,0.134065315,0.023009151,0,1,2015,4,State,urban/rural,Agri Land,statesector,1,West Bengal,NA,NA,NA,NA,NA,1
