sector,state,state_sec_quint,food_pds_subs,kerosene_pds_subs,food_pds_free,gov_school_free,pvt_school_free,lpg_subs,elec_free,fees_waived,pmjay_ben,pmjay_ben_avail,durables_free,laptop2,tablet2,mobile2,bicycle2,books,stationary,schoolbag,clothing,footwear,year
1,A & N Island,1,0.988,0.758,NA,NA,NA,NA,NA,NA,NA,NA,NA,NA,NA,NA,NA,NA,NA,NA,NA,NA,2011
1,A & N Island,2,0.993,0.718,NA,NA,NA,NA,NA,NA,NA,NA,NA,NA,NA,NA,NA,NA,NA,NA,NA,NA,2011
1,A & N Island,3,0.811,0.275,NA,NA,NA,NA,NA,NA,NA,NA,NA,NA,NA,NA,NA,NA,NA,NA,NA,NA,2011
1,A & N Island,4,0.99,0.486,NA,NA,NA,NA,NA,NA,NA,NA,NA,NA,NA,NA,NA,NA,NA,NA,NA,NA,2011
1,A & N Island,5,0.892,0.191,NA,NA,NA,NA,NA,NA,NA,NA,NA,NA,NA,NA,NA,NA,NA,NA,NA,NA,2011
2,A & N Island,1,0.83,0.449,NA,NA,NA,NA,NA,NA,NA,NA,NA,NA,NA,NA,NA,NA,NA,NA,NA,NA,2011
2,A & N Island,2,0.894,0.181,NA,NA,NA,NA,NA,NA,NA,NA,NA,NA,NA,NA,NA,NA,NA,NA,NA,NA,2011
2,A & N Island,3,0.915,0.123,NA,NA,NA,NA,NA,NA,NA,NA,NA,NA,NA,NA,NA,NA,NA,NA,NA,NA,2011
2,A & N Island,4,0.9,0.105,NA,NA,NA,NA,NA,NA,NA,NA,NA,NA,NA,NA,NA,NA,NA,NA,NA,NA,2011
2,A & N Island,5,0.786,0.046,NA,NA,NA,NA,NA,NA,NA,NA,NA,NA,NA,NA,NA,NA,NA,NA,NA,NA,2011
99,A & N Island,1,0.971,0.692,NA,NA,NA,NA,NA,NA,NA,NA,NA,NA,NA,NA,NA,NA,NA,NA,NA,NA,2011
99,A & N Island,2,0.886,0.477,NA,NA,NA,NA,NA,NA,NA,NA,NA,NA,NA,NA,NA,NA,NA,NA,NA,NA,2011
99,A & N Island,3,0.904,0.35,NA,NA,NA,NA,NA,NA,NA,NA,NA,NA,NA,NA,NA,NA,NA,NA,NA,NA,2011
99,A & N Island,4,0.947,0.221,NA,NA,NA,NA,NA,NA,NA,NA,NA,NA,NA,NA,NA,NA,NA,NA,NA,NA,2011
99,A & N Island,5,0.839,0.129,NA,NA,NA,NA,NA,NA,NA,NA,NA,NA,NA,NA,NA,NA,NA,NA,NA,NA,2011
99,A & N Island,99,0.909,0.377,NA,NA,NA,NA,NA,NA,NA,NA,NA,NA,NA,NA,NA,NA,NA,NA,NA,NA,2011
1,A & N Island,99,0.934,0.485,NA,NA,NA,NA,NA,NA,NA,NA,NA,NA,NA,NA,NA,NA,NA,NA,NA,NA,2011
2,A & N Island,99,0.865,0.181,NA,NA,NA,NA,NA,NA,NA,NA,NA,NA,NA,NA,NA,NA,NA,NA,NA,NA,2011
rural,Andaman and Nicobar Islands,1,0.773,0,0,0.39,0,0.058,0,0.091,0,0,0,0,0,0,0,0.39,0,0,0,0,2022
urban,Andaman and Nicobar Islands,1,0.564,0,0,0.148,0,0.179,0.027,0.029,0.025,0.025,0,0,0,0,0,0.148,0.022,0,0,0,2022
rural,Andaman and Nicobar Islands,2,0.844,0,0.011,0.453,0,0.12,0,0.162,0.009,0,0,0,0,0,0,0.453,0,0,0,0,2022
urban,Andaman and Nicobar Islands,2,0.518,0,0,0.171,0,0.188,0.014,0,0,0,0,0,0,0,0,0.171,0,0,0,0,2022
rural,Andaman and Nicobar Islands,3,0.866,0,0,0.408,0,0.107,0,0.09,0.009,0,0,0,0,0,0,0.408,0,0,0,0,2022
urban,Andaman and Nicobar Islands,3,0.601,0,0,0.137,0,0.151,0,0.053,0,0,0,0,0,0,0,0.137,0,0,0,0,2022
rural,Andaman and Nicobar Islands,4,0.804,0,0.007,0.307,0,0.131,0,0.051,0,0,0,0,0,0,0,0.307,0.009,0,0,0,2022
urban,Andaman and Nicobar Islands,4,0.602,0,0,0.028,0,0.109,0,0,0,0,0,0,0,0,0,0.028,0,0,0,0,2022
rural,Andaman and Nicobar Islands,5,0.735,0,0,0.214,0,0.123,0,0.033,0,0,0.014,0,0,0,0,0.214,0.011,0,0,0,2022
urban,Andaman and Nicobar Islands,5,0.337,0,0,0.007,0,0.144,0.007,0.036,0,0,0,0,0,0,0,0.007,0,0,0,0,2022
all,Andaman and Nicobar Islands,1,0.758,0,0.007,0.352,0,0.06,0.01,0.123,0.016,0.01,0,0,0,0,0,0.352,0,0,0,0,2022
all,Andaman and Nicobar Islands,2,0.732,0,0,0.339,0,0.184,0,0.051,0,0,0,0,0,0,0,0.339,0.009,0,0,0,2022
all,Andaman and Nicobar Islands,3,0.761,0,0,0.283,0,0.115,0.006,0.056,0.005,0,0,0,0,0,0,0.283,0,0,0,0,2022
all,Andaman and Nicobar Islands,4,0.685,0,0.004,0.216,0,0.133,0,0.058,0,0,0,0,0,0,0,0.216,0.005,0,0,0,2022
all,Andaman and Nicobar Islands,5,0.535,0,0,0.078,0,0.138,0.003,0.018,0,0,0.008,0,0,0,0,0.078,0.007,0,0,0,2022
all,Andaman and Nicobar Islands,99,0.694,0,0.002,0.254,0,0.126,0.004,0.061,0.004,0.002,0.002,0,0,0,0,0.254,0.004,0,0,0,2022
rural,Andaman and Nicobar Islands,99,0.804,0,0.004,0.355,0,0.107,0,0.085,0.004,0,0.003,0,0,0,0,0.355,0.004,0,0,0,2022
urban,Andaman and Nicobar Islands,99,0.525,0,0,0.098,0,0.155,0.01,0.024,0.005,0.005,0,0,0,0,0,0.098,0.004,0,0,0,2022
rural,Andhra Pradesh,1,0.911,0,0.574,0.406,0.013,0.396,0.313,0.158,0.572,0.036,0.102,0,0.007,0,0,0.389,0.075,0.388,0.207,0.204,2022
urban,Andhra Pradesh,1,0.842,0,0.62,0.279,0.009,0.643,0.046,0.209,0.569,0.068,0.08,0,0.015,0,0,0.268,0.057,0.269,0.166,0.151,2022
rural,Andhra Pradesh,2,0.891,0,0.555,0.345,0.004,0.375,0.228,0.157,0.68,0.06,0.096,0,0.006,0,0,0.335,0.08,0.334,0.162,0.154,2022
urban,Andhra Pradesh,2,0.837,0,0.495,0.209,0,0.51,0.048,0.199,0.678,0.043,0.054,0,0.006,0,0,0.206,0.064,0.194,0.09,0.09,2022
rural,Andhra Pradesh,3,0.896,0,0.552,0.309,0.003,0.439,0.192,0.128,0.711,0.031,0.09,0,0.01,0.001,0.001,0.299,0.091,0.291,0.159,0.155,2022
urban,Andhra Pradesh,3,0.774,0,0.486,0.137,0,0.5,0.044,0.181,0.637,0.036,0.039,0,0.002,0,0,0.13,0.041,0.126,0.048,0.048,2022
rural,Andhra Pradesh,4,0.884,0,0.562,0.224,0.006,0.445,0.18,0.121,0.74,0.033,0.058,0,0.011,0,0,0.218,0.066,0.213,0.111,0.102,2022
urban,Andhra Pradesh,4,0.664,0,0.42,0.084,0.001,0.545,0.04,0.135,0.595,0.029,0.02,0,0,0,0,0.075,0.02,0.063,0.028,0.027,2022
rural,Andhra Pradesh,5,0.77,0,0.513,0.14,0.002,0.461,0.14,0.113,0.749,0.039,0.029,0,0.003,0.001,0,0.135,0.047,0.13,0.079,0.078,2022
urban,Andhra Pradesh,5,0.309,0,0.183,0.023,0,0.526,0.02,0.088,0.363,0.031,0.006,0,0.003,0,0,0.016,0.006,0.013,0.011,0.008,2022
all,Andhra Pradesh,1,0.894,0,0.59,0.373,0.011,0.457,0.244,0.176,0.573,0.045,0.099,0,0.009,0,0,0.359,0.07,0.358,0.201,0.195,2022
all,Andhra Pradesh,2,0.885,0,0.542,0.311,0.003,0.431,0.177,0.165,0.67,0.059,0.082,0,0.006,0,0,0.301,0.073,0.299,0.144,0.138,2022
all,Andhra Pradesh,3,0.849,0,0.534,0.258,0.002,0.45,0.145,0.142,0.689,0.029,0.073,0,0.007,0,0.001,0.249,0.078,0.24,0.124,0.121,2022
all,Andhra Pradesh,4,0.835,0,0.517,0.174,0.004,0.481,0.129,0.125,0.725,0.032,0.044,0,0.007,0,0,0.167,0.053,0.163,0.08,0.075,2022
all,Andhra Pradesh,5,0.6,0,0.4,0.092,0.001,0.487,0.091,0.111,0.606,0.038,0.022,0,0.003,0,0,0.087,0.031,0.083,0.052,0.05,2022
all,Andhra Pradesh,99,0.813,0,0.517,0.241,0.004,0.461,0.157,0.144,0.652,0.04,0.064,0,0.007,0,0,0.233,0.061,0.228,0.12,0.116,2022
rural,Andhra Pradesh,99,0.87,0,0.551,0.285,0.005,0.423,0.211,0.136,0.69,0.04,0.075,0,0.007,0,0,0.275,0.072,0.272,0.144,0.139,2022
urban,Andhra Pradesh,99,0.685,0,0.441,0.146,0.002,0.545,0.04,0.162,0.568,0.041,0.04,0,0.005,0,0,0.139,0.038,0.133,0.069,0.065,2022
1,Andhra Pradesh,1,0.96,0.926,NA,NA,NA,NA,NA,NA,NA,NA,NA,NA,NA,NA,NA,NA,NA,NA,NA,NA,2011
1,Andhra Pradesh,2,0.979,0.906,NA,NA,NA,NA,NA,NA,NA,NA,NA,NA,NA,NA,NA,NA,NA,NA,NA,NA,2011
1,Andhra Pradesh,3,0.917,0.876,NA,NA,NA,NA,NA,NA,NA,NA,NA,NA,NA,NA,NA,NA,NA,NA,NA,NA,2011
1,Andhra Pradesh,4,0.911,0.863,NA,NA,NA,NA,NA,NA,NA,NA,NA,NA,NA,NA,NA,NA,NA,NA,NA,NA,2011
1,Andhra Pradesh,5,0.801,0.689,NA,NA,NA,NA,NA,NA,NA,NA,NA,NA,NA,NA,NA,NA,NA,NA,NA,NA,2011
2,Andhra Pradesh,1,0.86,0.678,NA,NA,NA,NA,NA,NA,NA,NA,NA,NA,NA,NA,NA,NA,NA,NA,NA,NA,2011
2,Andhra Pradesh,2,0.778,0.607,NA,NA,NA,NA,NA,NA,NA,NA,NA,NA,NA,NA,NA,NA,NA,NA,NA,NA,2011
2,Andhra Pradesh,3,0.65,0.421,NA,NA,NA,NA,NA,NA,NA,NA,NA,NA,NA,NA,NA,NA,NA,NA,NA,NA,2011
2,Andhra Pradesh,4,0.542,0.352,NA,NA,NA,NA,NA,NA,NA,NA,NA,NA,NA,NA,NA,NA,NA,NA,NA,NA,2011
2,Andhra Pradesh,5,0.239,0.138,NA,NA,NA,NA,NA,NA,NA,NA,NA,NA,NA,NA,NA,NA,NA,NA,NA,NA,2011
99,Andhra Pradesh,1,0.938,0.877,NA,NA,NA,NA,NA,NA,NA,NA,NA,NA,NA,NA,NA,NA,NA,NA,NA,NA,2011
99,Andhra Pradesh,2,0.931,0.844,NA,NA,NA,NA,NA,NA,NA,NA,NA,NA,NA,NA,NA,NA,NA,NA,NA,NA,2011
99,Andhra Pradesh,3,0.896,0.792,NA,NA,NA,NA,NA,NA,NA,NA,NA,NA,NA,NA,NA,NA,NA,NA,NA,NA,2011
99,Andhra Pradesh,4,0.813,0.723,NA,NA,NA,NA,NA,NA,NA,NA,NA,NA,NA,NA,NA,NA,NA,NA,NA,NA,2011
99,Andhra Pradesh,5,0.589,0.47,NA,NA,NA,NA,NA,NA,NA,NA,NA,NA,NA,NA,NA,NA,NA,NA,NA,NA,2011
99,Andhra Pradesh,99,0.833,0.741,NA,NA,NA,NA,NA,NA,NA,NA,NA,NA,NA,NA,NA,NA,NA,NA,NA,NA,2011
1,Andhra Pradesh,99,0.914,0.852,NA,NA,NA,NA,NA,NA,NA,NA,NA,NA,NA,NA,NA,NA,NA,NA,NA,NA,2011
2,Andhra Pradesh,99,0.614,0.439,NA,NA,NA,NA,NA,NA,NA,NA,NA,NA,NA,NA,NA,NA,NA,NA,NA,NA,2011
rural,Arunachal Pradesh,1,0.331,0,0.401,0.501,0,0.002,0.036,0.103,0.014,0.003,0,0,0,0,0,0.501,0.014,0.008,0,0,2022
urban,Arunachal Pradesh,1,0.435,0.007,0.203,0.436,0,0.023,0,0.033,0.019,0.008,0,0,0,0,0,0.436,0,0,0,0,2022
rural,Arunachal Pradesh,2,0.598,0.011,0.211,0.492,0,0.079,0.016,0.111,0.112,0.011,0.009,0,0,0,0,0.492,0.003,0.02,0.003,0,2022
urban,Arunachal Pradesh,2,0.372,0.004,0.069,0.281,0,0.022,0,0.023,0.021,0.007,0,0,0,0,0,0.281,0,0,0,0,2022
rural,Arunachal Pradesh,3,0.678,0,0.141,0.445,0,0.177,0.031,0.107,0.111,0.017,0.008,0,0,0,0,0.443,0.002,0.003,0.001,0,2022
urban,Arunachal Pradesh,3,0.445,0,0.094,0.253,0,0.024,0.002,0.021,0.013,0,0,0,0,0,0,0.253,0.008,0,0,0,2022
rural,Arunachal Pradesh,4,0.667,0.014,0.128,0.366,0,0.165,0.024,0.058,0.081,0.034,0.003,0,0,0,0,0.361,0,0,0.002,0,2022
urban,Arunachal Pradesh,4,0.35,0,0.074,0.255,0,0.06,0.014,0.007,0.005,0.001,0,0,0,0,0,0.24,0,0,0.009,0,2022
rural,Arunachal Pradesh,5,0.617,0.035,0.088,0.177,0,0.194,0.011,0.017,0.02,0.01,0,0,0,0,0,0.177,0,0,0.002,0,2022
urban,Arunachal Pradesh,5,0.264,0.002,0.065,0.123,0,0.015,0.001,0.009,0.003,0.003,0,0,0,0,0,0.12,0,0,0.015,0,2022
all,Arunachal Pradesh,1,0.362,0,0.375,0.518,0,0.006,0.033,0.107,0.029,0.003,0,0,0,0,0,0.518,0.014,0.014,0,0,2022
all,Arunachal Pradesh,2,0.593,0.01,0.186,0.452,0,0.095,0.018,0.094,0.093,0.012,0.009,0,0,0,0,0.452,0,0.009,0.002,0,2022
all,Arunachal Pradesh,3,0.643,0.002,0.132,0.411,0,0.153,0.024,0.088,0.097,0.024,0.006,0,0,0,0,0.405,0.002,0.003,0.001,0,2022
all,Arunachal Pradesh,4,0.606,0.01,0.108,0.319,0,0.141,0.017,0.04,0.055,0.022,0.001,0,0,0,0,0.319,0.002,0,0.001,0,2022
all,Arunachal Pradesh,5,0.496,0.029,0.081,0.163,0,0.133,0.007,0.011,0.011,0.005,0,0,0,0,0,0.16,0,0,0.006,0,2022
all,Arunachal Pradesh,99,0.54,0.01,0.177,0.373,0,0.106,0.02,0.068,0.057,0.013,0.003,0,0,0,0,0.371,0.003,0.005,0.002,0,2022
rural,Arunachal Pradesh,99,0.578,0.012,0.194,0.396,0,0.123,0.024,0.079,0.067,0.015,0.004,0,0,0,0,0.395,0.004,0.006,0.002,0,2022
urban,Arunachal Pradesh,99,0.373,0.002,0.101,0.269,0,0.029,0.003,0.018,0.012,0.004,0,0,0,0,0,0.266,0.002,0,0.005,0,2022
1,Arunachal Pradesh,1,0.525,0.102,NA,NA,NA,NA,NA,NA,NA,NA,NA,NA,NA,NA,NA,NA,NA,NA,NA,NA,2011
1,Arunachal Pradesh,2,0.622,0.329,NA,NA,NA,NA,NA,NA,NA,NA,NA,NA,NA,NA,NA,NA,NA,NA,NA,NA,2011
1,Arunachal Pradesh,3,0.592,0.325,NA,NA,NA,NA,NA,NA,NA,NA,NA,NA,NA,NA,NA,NA,NA,NA,NA,NA,2011
1,Arunachal Pradesh,4,0.583,0.222,NA,NA,NA,NA,NA,NA,NA,NA,NA,NA,NA,NA,NA,NA,NA,NA,NA,NA,2011
1,Arunachal Pradesh,5,0.658,0.328,NA,NA,NA,NA,NA,NA,NA,NA,NA,NA,NA,NA,NA,NA,NA,NA,NA,NA,2011
2,Arunachal Pradesh,1,0.794,0.11,NA,NA,NA,NA,NA,NA,NA,NA,NA,NA,NA,NA,NA,NA,NA,NA,NA,NA,2011
2,Arunachal Pradesh,2,0.463,0.132,NA,NA,NA,NA,NA,NA,NA,NA,NA,NA,NA,NA,NA,NA,NA,NA,NA,NA,2011
2,Arunachal Pradesh,3,0.661,0.18,NA,NA,NA,NA,NA,NA,NA,NA,NA,NA,NA,NA,NA,NA,NA,NA,NA,NA,2011
2,Arunachal Pradesh,4,0.562,0.225,NA,NA,NA,NA,NA,NA,NA,NA,NA,NA,NA,NA,NA,NA,NA,NA,NA,NA,2011
2,Arunachal Pradesh,5,0.561,0.124,NA,NA,NA,NA,NA,NA,NA,NA,NA,NA,NA,NA,NA,NA,NA,NA,NA,NA,2011
99,Arunachal Pradesh,1,0.546,0.095,NA,NA,NA,NA,NA,NA,NA,NA,NA,NA,NA,NA,NA,NA,NA,NA,NA,NA,2011
99,Arunachal Pradesh,2,0.617,0.301,NA,NA,NA,NA,NA,NA,NA,NA,NA,NA,NA,NA,NA,NA,NA,NA,NA,NA,2011
99,Arunachal Pradesh,3,0.594,0.311,NA,NA,NA,NA,NA,NA,NA,NA,NA,NA,NA,NA,NA,NA,NA,NA,NA,NA,2011
99,Arunachal Pradesh,4,0.589,0.202,NA,NA,NA,NA,NA,NA,NA,NA,NA,NA,NA,NA,NA,NA,NA,NA,NA,NA,2011
99,Arunachal Pradesh,5,0.647,0.295,NA,NA,NA,NA,NA,NA,NA,NA,NA,NA,NA,NA,NA,NA,NA,NA,NA,NA,2011
99,Arunachal Pradesh,99,0.599,0.24,NA,NA,NA,NA,NA,NA,NA,NA,NA,NA,NA,NA,NA,NA,NA,NA,NA,NA,2011
1,Arunachal Pradesh,99,0.596,0.26,NA,NA,NA,NA,NA,NA,NA,NA,NA,NA,NA,NA,NA,NA,NA,NA,NA,NA,2011
2,Arunachal Pradesh,99,0.609,0.154,NA,NA,NA,NA,NA,NA,NA,NA,NA,NA,NA,NA,NA,NA,NA,NA,NA,NA,2011
rural,Assam,1,0.089,0.071,0.818,0.638,0.009,0.054,0.012,0.114,0.182,0.01,0.08,0,0.002,0,0.003,0.634,0.105,0.207,0.204,0.079,2022
urban,Assam,1,0.047,0.014,0.594,0.432,0.003,0.268,0.012,0.118,0.132,0.01,0.062,0,0,0,0,0.423,0.026,0.062,0.126,0.039,2022
rural,Assam,2,0.076,0.056,0.807,0.602,0.002,0.082,0.009,0.127,0.26,0.004,0.121,0,0,0,0.001,0.599,0.097,0.189,0.214,0.073,2022
urban,Assam,2,0.022,0.007,0.561,0.349,0.001,0.259,0.013,0.078,0.178,0.012,0.045,0.004,0,0,0,0.346,0.019,0.09,0.095,0.017,2022
rural,Assam,3,0.061,0.036,0.788,0.565,0,0.102,0.008,0.169,0.292,0.008,0.099,0,0,0,0.001,0.562,0.063,0.104,0.212,0.035,2022
urban,Assam,3,0.021,0.032,0.505,0.28,0.002,0.311,0.013,0.027,0.152,0.018,0.029,0.002,0,0,0,0.275,0.029,0.06,0.041,0.009,2022
rural,Assam,4,0.052,0.028,0.754,0.534,0.003,0.148,0.019,0.117,0.302,0.005,0.12,0,0,0,0.001,0.529,0.062,0.121,0.2,0.024,2022
urban,Assam,4,0.015,0.005,0.307,0.142,0.003,0.257,0.014,0.052,0.087,0.001,0.036,0.003,0,0,0,0.14,0.024,0.032,0.037,0.009,2022
rural,Assam,5,0.04,0.027,0.687,0.373,0.001,0.205,0.021,0.093,0.23,0.008,0.062,0.002,0.001,0,0,0.362,0.052,0.088,0.125,0.016,2022
urban,Assam,5,0.002,0,0.125,0.057,0,0.272,0.03,0.026,0.04,0,0.002,0.002,0,0,0,0.052,0.014,0.01,0.001,0,2022
all,Assam,1,0.087,0.067,0.811,0.637,0.009,0.059,0.012,0.112,0.183,0.01,0.08,0,0.001,0,0.003,0.633,0.107,0.208,0.202,0.079,2022
all,Assam,2,0.07,0.052,0.793,0.576,0.002,0.096,0.009,0.129,0.254,0.006,0.114,0,0,0,0.001,0.573,0.077,0.163,0.203,0.068,2022
all,Assam,3,0.056,0.031,0.767,0.541,0,0.125,0.01,0.161,0.287,0.006,0.101,0,0,0,0.001,0.539,0.061,0.104,0.202,0.03,2022
all,Assam,4,0.05,0.032,0.734,0.512,0.003,0.161,0.016,0.114,0.288,0.006,0.112,0.001,0,0,0.001,0.507,0.065,0.118,0.19,0.023,2022
all,Assam,5,0.032,0.019,0.561,0.291,0.002,0.231,0.023,0.07,0.182,0.008,0.043,0.003,0.001,0,0,0.28,0.041,0.067,0.087,0.011,2022
all,Assam,99,0.059,0.04,0.733,0.511,0.003,0.135,0.014,0.117,0.239,0.007,0.09,0.001,0,0,0.001,0.506,0.07,0.132,0.177,0.042,2022
rural,Assam,99,0.064,0.044,0.771,0.542,0.003,0.118,0.014,0.124,0.253,0.007,0.096,0,0.001,0,0.001,0.537,0.076,0.142,0.191,0.046,2022
urban,Assam,99,0.022,0.012,0.419,0.252,0.002,0.273,0.016,0.06,0.118,0.008,0.035,0.002,0,0,0,0.247,0.022,0.051,0.06,0.015,2022
1,Assam,1,0.741,0.812,NA,NA,NA,NA,NA,NA,NA,NA,NA,NA,NA,NA,NA,NA,NA,NA,NA,NA,2011
1,Assam,2,0.755,0.778,NA,NA,NA,NA,NA,NA,NA,NA,NA,NA,NA,NA,NA,NA,NA,NA,NA,NA,2011
1,Assam,3,0.808,0.836,NA,NA,NA,NA,NA,NA,NA,NA,NA,NA,NA,NA,NA,NA,NA,NA,NA,NA,2011
1,Assam,4,0.811,0.811,NA,NA,NA,NA,NA,NA,NA,NA,NA,NA,NA,NA,NA,NA,NA,NA,NA,NA,2011
1,Assam,5,0.74,0.728,NA,NA,NA,NA,NA,NA,NA,NA,NA,NA,NA,NA,NA,NA,NA,NA,NA,NA,2011
2,Assam,1,0.596,0.66,NA,NA,NA,NA,NA,NA,NA,NA,NA,NA,NA,NA,NA,NA,NA,NA,NA,NA,2011
2,Assam,2,0.586,0.671,NA,NA,NA,NA,NA,NA,NA,NA,NA,NA,NA,NA,NA,NA,NA,NA,NA,NA,2011
2,Assam,3,0.483,0.404,NA,NA,NA,NA,NA,NA,NA,NA,NA,NA,NA,NA,NA,NA,NA,NA,NA,NA,2011
2,Assam,4,0.446,0.392,NA,NA,NA,NA,NA,NA,NA,NA,NA,NA,NA,NA,NA,NA,NA,NA,NA,NA,2011
2,Assam,5,0.414,0.331,NA,NA,NA,NA,NA,NA,NA,NA,NA,NA,NA,NA,NA,NA,NA,NA,NA,NA,2011
99,Assam,1,0.73,0.797,NA,NA,NA,NA,NA,NA,NA,NA,NA,NA,NA,NA,NA,NA,NA,NA,NA,NA,2011
99,Assam,2,0.76,0.788,NA,NA,NA,NA,NA,NA,NA,NA,NA,NA,NA,NA,NA,NA,NA,NA,NA,NA,2011
99,Assam,3,0.788,0.814,NA,NA,NA,NA,NA,NA,NA,NA,NA,NA,NA,NA,NA,NA,NA,NA,NA,NA,2011
99,Assam,4,0.786,0.785,NA,NA,NA,NA,NA,NA,NA,NA,NA,NA,NA,NA,NA,NA,NA,NA,NA,NA,2011
99,Assam,5,0.643,0.612,NA,NA,NA,NA,NA,NA,NA,NA,NA,NA,NA,NA,NA,NA,NA,NA,NA,NA,2011
99,Assam,99,0.742,0.76,NA,NA,NA,NA,NA,NA,NA,NA,NA,NA,NA,NA,NA,NA,NA,NA,NA,NA,2011
1,Assam,99,0.771,0.793,NA,NA,NA,NA,NA,NA,NA,NA,NA,NA,NA,NA,NA,NA,NA,NA,NA,NA,2011
2,Assam,99,0.505,0.492,NA,NA,NA,NA,NA,NA,NA,NA,NA,NA,NA,NA,NA,NA,NA,NA,NA,NA,2011
rural,Bihar,1,0.525,0.068,0.604,0.146,0.002,0.162,0.057,0.044,0.024,0.004,0.003,0,0,0,0.001,0.126,0.006,0.003,0.037,0.005,2022
urban,Bihar,1,0.393,0.059,0.387,0.133,0,0.283,0.136,0.079,0.039,0.004,0.001,0,0,0,0.001,0.11,0,0,0.011,0,2022
rural,Bihar,2,0.458,0.133,0.52,0.097,0.003,0.209,0.046,0.036,0.02,0.001,0.004,0,0,0,0.002,0.079,0.008,0.003,0.024,0,2022
urban,Bihar,2,0.35,0.083,0.453,0.106,0,0.427,0.058,0.038,0.046,0.004,0.006,0,0,0,0.006,0.087,0,0,0.035,0,2022
rural,Bihar,3,0.443,0.135,0.643,0.086,0.003,0.246,0.039,0.044,0.027,0.002,0.006,0,0,0,0.005,0.073,0.004,0.001,0.019,0,2022
urban,Bihar,3,0.336,0.081,0.382,0.069,0,0.476,0.035,0.025,0.057,0.004,0.005,0,0,0,0.005,0.051,0.001,0.003,0.011,0,2022
rural,Bihar,4,0.408,0.145,0.61,0.106,0.002,0.313,0.041,0.057,0.023,0.002,0.007,0,0,0,0.005,0.089,0.005,0.003,0.019,0.001,2022
urban,Bihar,4,0.271,0.058,0.313,0.041,0.002,0.507,0.031,0.017,0.039,0.006,0.003,0,0,0,0.003,0.033,0.007,0.002,0.014,0,2022
rural,Bihar,5,0.377,0.144,0.544,0.052,0.001,0.387,0.045,0.04,0.03,0.004,0.004,0,0,0,0.001,0.044,0.002,0.001,0.01,0,2022
urban,Bihar,5,0.135,0.043,0.15,0.008,0,0.507,0.016,0.01,0.024,0.003,0.001,0,0,0.001,0,0.004,0.002,0,0.004,0,2022
all,Bihar,1,0.518,0.068,0.589,0.145,0.003,0.166,0.063,0.046,0.024,0.004,0.003,0,0,0,0.001,0.125,0.006,0.003,0.037,0.004,2022
all,Bihar,2,0.451,0.135,0.522,0.096,0.002,0.218,0.047,0.038,0.022,0.001,0.004,0,0,0,0.002,0.079,0.008,0.003,0.023,0,2022
all,Bihar,3,0.435,0.126,0.632,0.089,0.003,0.266,0.039,0.043,0.028,0.002,0.006,0,0,0,0.005,0.076,0.003,0.002,0.019,0,2022
all,Bihar,4,0.399,0.142,0.586,0.099,0.002,0.33,0.041,0.054,0.028,0.003,0.006,0,0,0,0.004,0.084,0.004,0.003,0.018,0.001,2022
all,Bihar,5,0.352,0.13,0.495,0.047,0.001,0.407,0.041,0.036,0.028,0.004,0.004,0,0,0,0.001,0.039,0.003,0.002,0.01,0,2022
all,Bihar,99,0.431,0.12,0.565,0.095,0.002,0.277,0.046,0.043,0.026,0.003,0.005,0,0,0,0.003,0.08,0.005,0.002,0.021,0.001,2022
rural,Bihar,99,0.442,0.125,0.584,0.097,0.002,0.264,0.046,0.044,0.025,0.003,0.005,0,0,0,0.003,0.082,0.005,0.002,0.022,0.001,2022
urban,Bihar,99,0.297,0.065,0.337,0.071,0,0.44,0.055,0.034,0.041,0.004,0.003,0,0,0,0.003,0.057,0.002,0.001,0.015,0,2022
1,Bihar,1,0.608,0.871,NA,NA,NA,NA,NA,NA,NA,NA,NA,NA,NA,NA,NA,NA,NA,NA,NA,NA,2011
1,Bihar,2,0.492,0.917,NA,NA,NA,NA,NA,NA,NA,NA,NA,NA,NA,NA,NA,NA,NA,NA,NA,NA,2011
1,Bihar,3,0.482,0.93,NA,NA,NA,NA,NA,NA,NA,NA,NA,NA,NA,NA,NA,NA,NA,NA,NA,NA,2011
1,Bihar,4,0.415,0.89,NA,NA,NA,NA,NA,NA,NA,NA,NA,NA,NA,NA,NA,NA,NA,NA,NA,NA,2011
1,Bihar,5,0.281,0.87,NA,NA,NA,NA,NA,NA,NA,NA,NA,NA,NA,NA,NA,NA,NA,NA,NA,NA,2011
2,Bihar,1,0.341,0.65,NA,NA,NA,NA,NA,NA,NA,NA,NA,NA,NA,NA,NA,NA,NA,NA,NA,NA,2011
2,Bihar,2,0.229,0.554,NA,NA,NA,NA,NA,NA,NA,NA,NA,NA,NA,NA,NA,NA,NA,NA,NA,NA,2011
2,Bihar,3,0.306,0.656,NA,NA,NA,NA,NA,NA,NA,NA,NA,NA,NA,NA,NA,NA,NA,NA,NA,NA,2011
2,Bihar,4,0.192,0.573,NA,NA,NA,NA,NA,NA,NA,NA,NA,NA,NA,NA,NA,NA,NA,NA,NA,NA,2011
2,Bihar,5,0.111,0.348,NA,NA,NA,NA,NA,NA,NA,NA,NA,NA,NA,NA,NA,NA,NA,NA,NA,NA,2011
99,Bihar,1,0.579,0.847,NA,NA,NA,NA,NA,NA,NA,NA,NA,NA,NA,NA,NA,NA,NA,NA,NA,NA,2011
99,Bihar,2,0.477,0.897,NA,NA,NA,NA,NA,NA,NA,NA,NA,NA,NA,NA,NA,NA,NA,NA,NA,NA,2011
99,Bihar,3,0.469,0.905,NA,NA,NA,NA,NA,NA,NA,NA,NA,NA,NA,NA,NA,NA,NA,NA,NA,NA,2011
99,Bihar,4,0.393,0.863,NA,NA,NA,NA,NA,NA,NA,NA,NA,NA,NA,NA,NA,NA,NA,NA,NA,NA,2011
99,Bihar,5,0.251,0.799,NA,NA,NA,NA,NA,NA,NA,NA,NA,NA,NA,NA,NA,NA,NA,NA,NA,NA,2011
99,Bihar,99,0.434,0.862,NA,NA,NA,NA,NA,NA,NA,NA,NA,NA,NA,NA,NA,NA,NA,NA,NA,NA,2011
1,Bihar,99,0.456,0.896,NA,NA,NA,NA,NA,NA,NA,NA,NA,NA,NA,NA,NA,NA,NA,NA,NA,NA,2011
2,Bihar,99,0.236,0.557,NA,NA,NA,NA,NA,NA,NA,NA,NA,NA,NA,NA,NA,NA,NA,NA,NA,NA,2011
rural,Chandigarh,1,0,0,0,0.196,0,0.062,0,0.134,0.065,0,0,0,0,0,0,0.196,0.032,0,0,0,2022
urban,Chandigarh,1,0.024,0,0,0.032,0,0.019,0,0.029,0.028,0,0,0,0,0,0,0.032,0,0,0,0,2022
rural,Chandigarh,2,0,0,0,0.044,0,0.123,0,0.021,0.035,0,0,0,0,0,0,0.018,0,0,0.026,0,2022
urban,Chandigarh,2,0.018,0,0.031,0.015,0,0.019,0,0.015,0.069,0.017,0,0,0,0,0,0.015,0,0,0,0,2022
rural,Chandigarh,3,0,0,0,0.032,0,0.032,0,0.032,0.04,0,0,0,0,0,0,0.032,0,0,0,0,2022
urban,Chandigarh,3,0,0,0,0.012,0,0,0.051,0.012,0.013,0,0,0,0,0,0,0.012,0,0,0,0,2022
rural,Chandigarh,4,0.02,0,0,0.02,0,0.063,0,0.02,0.062,0.021,0,0,0,0,0,0.02,0,0,0,0,2022
urban,Chandigarh,4,0,0,0,0,0,0.028,0,0,0,0,0,0,0,0,0,0,0,0,0,0,2022
rural,Chandigarh,5,0,0,0,0.02,0,0.206,0,0,0.04,0,0,0,0,0,0,0,0,0,0.02,0,2022
urban,Chandigarh,5,0,0,0,0,0,0.031,0,0,0,0,0,0,0,0,0,0,0,0,0,0,2022
all,Chandigarh,1,0.023,0,0,0.041,0,0.025,0,0.034,0.032,0,0,0,0,0,0,0.04,0.001,0,0.001,0,2022
all,Chandigarh,2,0.018,0,0.029,0.016,0,0.022,0,0.016,0.069,0.017,0,0,0,0,0,0.016,0,0,0,0,2022
all,Chandigarh,3,0,0,0,0.012,0,0.005,0.049,0.011,0.014,0,0,0,0,0,0,0.011,0,0,0.001,0,2022
all,Chandigarh,4,0,0,0,0,0,0.029,0,0,0.001,0,0,0,0,0,0,0,0,0,0,0,2022
all,Chandigarh,5,0,0,0,0,0,0.031,0,0,0,0,0,0,0,0,0,0,0,0,0,0,2022
all,Chandigarh,99,0.008,0,0.006,0.014,0,0.022,0.01,0.012,0.023,0.003,0,0,0,0,0,0.013,0,0,0,0,2022
rural,Chandigarh,99,0.004,0,0,0.063,0,0.097,0,0.042,0.049,0.004,0,0,0,0,0,0.054,0.006,0,0.009,0,2022
urban,Chandigarh,99,0.008,0,0.006,0.012,0,0.02,0.01,0.011,0.022,0.003,0,0,0,0,0,0.012,0,0,0,0,2022
1,Chandigarh,1,0,0,NA,NA,NA,NA,NA,NA,NA,NA,NA,NA,NA,NA,NA,NA,NA,NA,NA,NA,2011
1,Chandigarh,2,0.039,0,NA,NA,NA,NA,NA,NA,NA,NA,NA,NA,NA,NA,NA,NA,NA,NA,NA,NA,2011
1,Chandigarh,3,0.027,0.302,NA,NA,NA,NA,NA,NA,NA,NA,NA,NA,NA,NA,NA,NA,NA,NA,NA,NA,2011
1,Chandigarh,4,0,0,NA,NA,NA,NA,NA,NA,NA,NA,NA,NA,NA,NA,NA,NA,NA,NA,NA,NA,2011
1,Chandigarh,5,0.315,0,NA,NA,NA,NA,NA,NA,NA,NA,NA,NA,NA,NA,NA,NA,NA,NA,NA,NA,2011
2,Chandigarh,1,0.504,0.233,NA,NA,NA,NA,NA,NA,NA,NA,NA,NA,NA,NA,NA,NA,NA,NA,NA,NA,2011
2,Chandigarh,2,0.277,0.171,NA,NA,NA,NA,NA,NA,NA,NA,NA,NA,NA,NA,NA,NA,NA,NA,NA,NA,2011
2,Chandigarh,3,0.246,0.143,NA,NA,NA,NA,NA,NA,NA,NA,NA,NA,NA,NA,NA,NA,NA,NA,NA,NA,2011
2,Chandigarh,4,0.04,0.014,NA,NA,NA,NA,NA,NA,NA,NA,NA,NA,NA,NA,NA,NA,NA,NA,NA,NA,2011
2,Chandigarh,5,0.11,0.014,NA,NA,NA,NA,NA,NA,NA,NA,NA,NA,NA,NA,NA,NA,NA,NA,NA,NA,2011
99,Chandigarh,1,0.468,0.217,NA,NA,NA,NA,NA,NA,NA,NA,NA,NA,NA,NA,NA,NA,NA,NA,NA,NA,2011
99,Chandigarh,2,0.259,0.158,NA,NA,NA,NA,NA,NA,NA,NA,NA,NA,NA,NA,NA,NA,NA,NA,NA,NA,2011
99,Chandigarh,3,0.23,0.158,NA,NA,NA,NA,NA,NA,NA,NA,NA,NA,NA,NA,NA,NA,NA,NA,NA,NA,2011
99,Chandigarh,4,0.036,0.012,NA,NA,NA,NA,NA,NA,NA,NA,NA,NA,NA,NA,NA,NA,NA,NA,NA,NA,2011
99,Chandigarh,5,0.126,0.013,NA,NA,NA,NA,NA,NA,NA,NA,NA,NA,NA,NA,NA,NA,NA,NA,NA,NA,2011
99,Chandigarh,99,0.224,0.112,NA,NA,NA,NA,NA,NA,NA,NA,NA,NA,NA,NA,NA,NA,NA,NA,NA,NA,2011
1,Chandigarh,99,0.076,0.065,NA,NA,NA,NA,NA,NA,NA,NA,NA,NA,NA,NA,NA,NA,NA,NA,NA,NA,2011
2,Chandigarh,99,0.237,0.116,NA,NA,NA,NA,NA,NA,NA,NA,NA,NA,NA,NA,NA,NA,NA,NA,NA,NA,2011
rural,Chattisgarh,1,0.898,0.068,0.789,0.401,0.012,0.075,0.104,0.172,0.461,0.019,0.08,0,0,0.002,0.013,0.397,0.003,0,0.189,0.003,2022
urban,Chattisgarh,1,0.865,0.015,0.753,0.388,0.007,0.27,0.03,0.034,0.433,0.006,0.065,0,0,0,0.004,0.377,0.001,0.005,0.093,0.018,2022
rural,Chattisgarh,2,0.934,0.069,0.862,0.439,0.009,0.092,0.064,0.166,0.592,0.033,0.076,0,0,0.002,0.01,0.423,0.005,0.005,0.152,0.004,2022
urban,Chattisgarh,2,0.873,0.034,0.701,0.317,0,0.392,0.03,0.099,0.449,0.021,0.055,0,0,0.008,0.003,0.309,0.001,0.001,0.089,0.01,2022
rural,Chattisgarh,3,0.93,0.078,0.807,0.402,0,0.227,0.056,0.167,0.653,0.066,0.049,0,0,0,0.004,0.394,0.003,0.008,0.121,0.008,2022
urban,Chattisgarh,3,0.847,0.025,0.571,0.173,0.001,0.567,0.029,0.073,0.574,0.044,0.017,0,0,0,0,0.163,0.008,0.004,0.071,0.005,2022
rural,Chattisgarh,4,0.954,0.097,0.801,0.313,0.003,0.287,0.039,0.154,0.655,0.044,0.043,0,0,0,0.003,0.306,0.006,0.01,0.097,0.004,2022
urban,Chattisgarh,4,0.727,0.031,0.397,0.089,0.008,0.599,0.036,0.043,0.441,0.014,0.007,0.004,0.004,0,0,0.087,0.002,0.006,0.021,0,2022
rural,Chattisgarh,5,0.904,0.107,0.769,0.244,0.006,0.504,0.043,0.143,0.72,0.121,0.036,0,0,0,0.004,0.234,0.012,0.013,0.069,0.013,2022
urban,Chattisgarh,5,0.377,0.007,0.189,0.037,0.001,0.515,0.053,0.03,0.385,0.028,0.003,0.002,0,0,0.001,0.036,0.001,0.001,0.003,0,2022
all,Chattisgarh,1,0.893,0.06,0.797,0.402,0.013,0.073,0.096,0.155,0.473,0.018,0.08,0,0,0.003,0.013,0.396,0.002,0.001,0.179,0.002,2022
all,Chattisgarh,2,0.935,0.058,0.847,0.421,0.005,0.151,0.053,0.156,0.572,0.033,0.073,0,0,0,0.008,0.407,0.005,0.004,0.138,0.007,2022
all,Chattisgarh,3,0.923,0.083,0.779,0.389,0.002,0.259,0.053,0.149,0.626,0.051,0.046,0,0,0.001,0.004,0.379,0.006,0.01,0.111,0.009,2022
all,Chattisgarh,4,0.926,0.084,0.752,0.266,0.001,0.371,0.034,0.134,0.654,0.048,0.031,0,0,0.001,0.001,0.261,0.003,0.006,0.088,0.003,2022
all,Chattisgarh,5,0.762,0.075,0.58,0.167,0.006,0.553,0.045,0.106,0.602,0.099,0.026,0.001,0.001,0,0.003,0.159,0.01,0.011,0.044,0.01,2022
all,Chattisgarh,99,0.888,0.072,0.751,0.329,0.005,0.281,0.056,0.14,0.585,0.05,0.051,0,0,0.001,0.006,0.321,0.005,0.006,0.112,0.006,2022
rural,Chattisgarh,99,0.924,0.084,0.806,0.36,0.006,0.237,0.061,0.16,0.616,0.056,0.057,0,0,0.001,0.007,0.351,0.006,0.007,0.125,0.006,2022
urban,Chattisgarh,99,0.738,0.022,0.522,0.201,0.004,0.468,0.036,0.056,0.456,0.023,0.029,0.001,0.001,0.002,0.001,0.194,0.003,0.003,0.055,0.007,2022
1,Chhattisgarh,1,0.736,0.83,NA,NA,NA,NA,NA,NA,NA,NA,NA,NA,NA,NA,NA,NA,NA,NA,NA,NA,2011
1,Chhattisgarh,2,0.767,0.893,NA,NA,NA,NA,NA,NA,NA,NA,NA,NA,NA,NA,NA,NA,NA,NA,NA,NA,2011
1,Chhattisgarh,3,0.783,0.906,NA,NA,NA,NA,NA,NA,NA,NA,NA,NA,NA,NA,NA,NA,NA,NA,NA,NA,2011
1,Chhattisgarh,4,0.689,0.862,NA,NA,NA,NA,NA,NA,NA,NA,NA,NA,NA,NA,NA,NA,NA,NA,NA,NA,2011
1,Chhattisgarh,5,0.517,0.849,NA,NA,NA,NA,NA,NA,NA,NA,NA,NA,NA,NA,NA,NA,NA,NA,NA,NA,2011
2,Chhattisgarh,1,0.823,0.886,NA,NA,NA,NA,NA,NA,NA,NA,NA,NA,NA,NA,NA,NA,NA,NA,NA,NA,2011
2,Chhattisgarh,2,0.627,0.712,NA,NA,NA,NA,NA,NA,NA,NA,NA,NA,NA,NA,NA,NA,NA,NA,NA,NA,2011
2,Chhattisgarh,3,0.55,0.532,NA,NA,NA,NA,NA,NA,NA,NA,NA,NA,NA,NA,NA,NA,NA,NA,NA,NA,2011
2,Chhattisgarh,4,0.448,0.374,NA,NA,NA,NA,NA,NA,NA,NA,NA,NA,NA,NA,NA,NA,NA,NA,NA,NA,2011
2,Chhattisgarh,5,0.054,0.125,NA,NA,NA,NA,NA,NA,NA,NA,NA,NA,NA,NA,NA,NA,NA,NA,NA,NA,2011
99,Chhattisgarh,1,0.758,0.847,NA,NA,NA,NA,NA,NA,NA,NA,NA,NA,NA,NA,NA,NA,NA,NA,NA,NA,2011
99,Chhattisgarh,2,0.764,0.872,NA,NA,NA,NA,NA,NA,NA,NA,NA,NA,NA,NA,NA,NA,NA,NA,NA,NA,2011
99,Chhattisgarh,3,0.719,0.848,NA,NA,NA,NA,NA,NA,NA,NA,NA,NA,NA,NA,NA,NA,NA,NA,NA,NA,2011
99,Chhattisgarh,4,0.618,0.825,NA,NA,NA,NA,NA,NA,NA,NA,NA,NA,NA,NA,NA,NA,NA,NA,NA,NA,2011
99,Chhattisgarh,5,0.408,0.559,NA,NA,NA,NA,NA,NA,NA,NA,NA,NA,NA,NA,NA,NA,NA,NA,NA,NA,2011
99,Chhattisgarh,99,0.654,0.79,NA,NA,NA,NA,NA,NA,NA,NA,NA,NA,NA,NA,NA,NA,NA,NA,NA,NA,2011
1,Chhattisgarh,99,0.698,0.868,NA,NA,NA,NA,NA,NA,NA,NA,NA,NA,NA,NA,NA,NA,NA,NA,NA,NA,2011
2,Chhattisgarh,99,0.501,0.526,NA,NA,NA,NA,NA,NA,NA,NA,NA,NA,NA,NA,NA,NA,NA,NA,NA,NA,2011
rural,Dadra Nagar Haveli & Diu Daman,1,0.706,0,0.326,0.581,0.017,0.005,0,0.233,0.131,0,0.018,0,0,0,0.018,0.581,0.221,0.268,0.017,0,2022
urban,Dadra Nagar Haveli & Diu Daman,1,0.035,0,0,0.376,0,0.052,0,0.016,0.109,0,0.031,0,0,0,0,0.376,0.089,0.114,0.031,0,2022
rural,Dadra Nagar Haveli & Diu Daman,2,0.467,0,0.427,0.4,0.031,0.018,0.03,0.122,0.279,0.026,0.07,0,0,0,0.07,0.4,0.112,0.116,0.07,0,2022
urban,Dadra Nagar Haveli & Diu Daman,2,0.052,0,0.116,0.256,0,0.054,0.052,0.02,0.175,0.116,0.131,0,0,0,0,0.256,0.204,0.131,0.067,0.059,2022
rural,Dadra Nagar Haveli & Diu Daman,3,0.338,0,0.273,0.324,0,0,0,0.026,0.264,0.024,0.014,0,0,0,0.014,0.307,0.122,0.159,0.031,0,2022
urban,Dadra Nagar Haveli & Diu Daman,3,0.09,0,0.057,0.211,0,0.022,0.017,0.011,0.036,0,0.026,0,0,0,0,0.196,0.063,0.079,0.015,0,2022
rural,Dadra Nagar Haveli & Diu Daman,4,0.198,0,0.266,0.331,0.01,0,0,0.088,0.267,0.025,0.01,0,0,0,0.01,0.331,0.108,0.036,0.043,0.026,2022
urban,Dadra Nagar Haveli & Diu Daman,4,0.128,0,0.009,0.137,0,0.029,0,0,0.146,0,0,0,0,0,0,0.137,0.07,0.044,0,0.019,2022
rural,Dadra Nagar Haveli & Diu Daman,5,0.096,0,0.13,0.076,0,0.015,0,0,0.169,0,0,0,0,0,0,0.076,0.015,0,0,0,2022
urban,Dadra Nagar Haveli & Diu Daman,5,0.029,0,0.084,0.007,0,0.011,0.019,0,0.096,0.012,0,0,0,0,0,0.007,0,0,0,0,2022
all,Dadra Nagar Haveli & Diu Daman,1,0.497,0,0.312,0.473,0.021,0.01,0.013,0.153,0.207,0.011,0.038,0,0,0,0.038,0.473,0.136,0.158,0.038,0,2022
all,Dadra Nagar Haveli & Diu Daman,2,0.182,0,0.163,0.305,0,0.031,0,0.021,0.18,0.075,0.047,0,0,0,0.006,0.298,0.102,0.133,0.036,0,2022
all,Dadra Nagar Haveli & Diu Daman,3,0.105,0,0.137,0.288,0.004,0.03,0.038,0.052,0.163,0.003,0.055,0,0,0,0.004,0.28,0.152,0.104,0.057,0.044,2022
all,Dadra Nagar Haveli & Diu Daman,4,0.135,0,0.082,0.222,0,0.035,0,0.004,0.138,0.008,0.015,0,0,0,0,0.222,0.099,0.063,0.003,0.011,2022
all,Dadra Nagar Haveli & Diu Daman,5,0.047,0,0.069,0.014,0,0.006,0.011,0,0.111,0.007,0,0,0,0,0,0.014,0,0,0,0,2022
all,Dadra Nagar Haveli & Diu Daman,99,0.194,0,0.153,0.261,0.005,0.022,0.013,0.046,0.16,0.021,0.031,0,0,0,0.01,0.258,0.098,0.092,0.027,0.011,2022
rural,Dadra Nagar Haveli & Diu Daman,99,0.362,0,0.285,0.343,0.012,0.008,0.006,0.094,0.222,0.015,0.023,0,0,0,0.023,0.34,0.116,0.116,0.032,0.005,2022
urban,Dadra Nagar Haveli & Diu Daman,99,0.066,0,0.053,0.198,0,0.034,0.017,0.009,0.112,0.025,0.037,0,0,0,0,0.195,0.085,0.074,0.023,0.015,2022
1,Daman & Diu & D & N Haveli,1,0.615,0.615,NA,NA,NA,NA,NA,NA,NA,NA,NA,NA,NA,NA,NA,NA,NA,NA,NA,NA,2011
1,Daman & Diu & D & N Haveli,2,0.919,0.95,NA,NA,NA,NA,NA,NA,NA,NA,NA,NA,NA,NA,NA,NA,NA,NA,NA,NA,2011
1,Daman & Diu & D & N Haveli,3,0.438,0.695,NA,NA,NA,NA,NA,NA,NA,NA,NA,NA,NA,NA,NA,NA,NA,NA,NA,NA,2011
1,Daman & Diu & D & N Haveli,4,0.222,0.385,NA,NA,NA,NA,NA,NA,NA,NA,NA,NA,NA,NA,NA,NA,NA,NA,NA,NA,2011
1,Daman & Diu & D & N Haveli,5,0.057,0.232,NA,NA,NA,NA,NA,NA,NA,NA,NA,NA,NA,NA,NA,NA,NA,NA,NA,NA,2011
2,Daman & Diu & D & N Haveli,1,0.303,0.163,NA,NA,NA,NA,NA,NA,NA,NA,NA,NA,NA,NA,NA,NA,NA,NA,NA,NA,2011
2,Daman & Diu & D & N Haveli,2,0.335,0.11,NA,NA,NA,NA,NA,NA,NA,NA,NA,NA,NA,NA,NA,NA,NA,NA,NA,NA,2011
2,Daman & Diu & D & N Haveli,3,0.287,0.166,NA,NA,NA,NA,NA,NA,NA,NA,NA,NA,NA,NA,NA,NA,NA,NA,NA,NA,2011
2,Daman & Diu & D & N Haveli,4,0.152,0.045,NA,NA,NA,NA,NA,NA,NA,NA,NA,NA,NA,NA,NA,NA,NA,NA,NA,NA,2011
2,Daman & Diu & D & N Haveli,5,0,0.103,NA,NA,NA,NA,NA,NA,NA,NA,NA,NA,NA,NA,NA,NA,NA,NA,NA,NA,2011
99,Daman & Diu & D & N Haveli,1,0.654,0.678,NA,NA,NA,NA,NA,NA,NA,NA,NA,NA,NA,NA,NA,NA,NA,NA,NA,NA,2011
99,Daman & Diu & D & N Haveli,2,0.615,0.606,NA,NA,NA,NA,NA,NA,NA,NA,NA,NA,NA,NA,NA,NA,NA,NA,NA,NA,2011
99,Daman & Diu & D & N Haveli,3,0.254,0.392,NA,NA,NA,NA,NA,NA,NA,NA,NA,NA,NA,NA,NA,NA,NA,NA,NA,NA,2011
99,Daman & Diu & D & N Haveli,4,0.197,0.159,NA,NA,NA,NA,NA,NA,NA,NA,NA,NA,NA,NA,NA,NA,NA,NA,NA,NA,2011
99,Daman & Diu & D & N Haveli,5,0.061,0.112,NA,NA,NA,NA,NA,NA,NA,NA,NA,NA,NA,NA,NA,NA,NA,NA,NA,NA,2011
99,Daman & Diu & D & N Haveli,99,0.356,0.39,NA,NA,NA,NA,NA,NA,NA,NA,NA,NA,NA,NA,NA,NA,NA,NA,NA,NA,2011
1,Daman & Diu & D & N Haveli,99,0.458,0.586,NA,NA,NA,NA,NA,NA,NA,NA,NA,NA,NA,NA,NA,NA,NA,NA,NA,NA,2011
2,Daman & Diu & D & N Haveli,99,0.216,0.117,NA,NA,NA,NA,NA,NA,NA,NA,NA,NA,NA,NA,NA,NA,NA,NA,NA,NA,2011
rural,Delhi,1,0.129,0,0.041,0.314,0,0,0.502,0.013,0,0,0,0,0,0,0,0.304,0.191,0,0,0,2022
urban,Delhi,1,0.136,0,0.153,0.333,0,0,0.467,0.139,0.003,0,0.009,0,0,0.009,0,0.333,0.065,0.008,0.012,0,2022
rural,Delhi,2,0.055,0,0.086,0.268,0,0,0.521,0.051,0.009,0,0,0,0,0,0,0.225,0.14,0,0,0,2022
urban,Delhi,2,0.056,0,0.2,0.211,0.002,0.003,0.514,0.136,0.003,0,0.016,0,0,0.005,0,0.2,0.069,0.013,0.014,0.012,2022
rural,Delhi,3,0.027,0,0.226,0.418,0,0,0.597,0.034,0,0,0.057,0,0,0,0,0.387,0.279,0,0.01,0,2022
urban,Delhi,3,0.061,0,0.243,0.201,0.005,0.001,0.459,0.117,0.008,0.006,0.045,0,0.002,0,0,0.162,0.05,0.006,0.036,0.009,2022
rural,Delhi,4,0.049,0,0.145,0.424,0,0,0.519,0.022,0.015,0.008,0.242,0,0,0,0,0.288,0.076,0,0,0,2022
urban,Delhi,4,0.072,0,0.122,0.145,0.024,0,0.389,0.096,0.012,0.003,0.097,0,0,0,0.016,0.08,0.017,0.006,0.036,0.002,2022
rural,Delhi,5,0.041,0,0.098,0.189,0,0,0.281,0.006,0,0,0.141,0,0,0,0,0.093,0.063,0,0,0,2022
urban,Delhi,5,0.014,0,0.033,0.079,0.008,0,0.228,0.019,0.001,0,0.089,0,0.003,0,0.004,0.029,0.014,0.001,0.014,0.003,2022
all,Delhi,1,0.136,0,0.152,0.332,0,0,0.468,0.137,0.003,0,0.009,0,0,0.009,0,0.332,0.066,0.008,0.012,0,2022
all,Delhi,2,0.056,0,0.197,0.213,0.002,0.003,0.514,0.134,0.003,0,0.016,0,0,0.005,0,0.201,0.072,0.012,0.014,0.011,2022
all,Delhi,3,0.061,0,0.242,0.205,0.005,0.001,0.462,0.115,0.008,0.006,0.045,0,0.002,0,0,0.166,0.054,0.006,0.035,0.009,2022
all,Delhi,4,0.072,0,0.124,0.152,0.024,0,0.394,0.094,0.012,0.003,0.1,0,0,0,0.016,0.085,0.019,0.006,0.035,0.002,2022
all,Delhi,5,0.013,0,0.033,0.078,0.008,0,0.227,0.019,0.001,0,0.09,0,0.003,0,0.004,0.029,0.014,0.001,0.014,0.003,2022
all,Delhi,99,0.068,0,0.15,0.196,0.008,0.001,0.413,0.1,0.005,0.002,0.052,0,0.001,0.003,0.004,0.163,0.045,0.007,0.022,0.005,2022
rural,Delhi,99,0.06,0,0.118,0.321,0,0,0.483,0.025,0.005,0.002,0.087,0,0,0,0,0.258,0.149,0,0.002,0,2022
urban,Delhi,99,0.068,0,0.15,0.194,0.008,0.001,0.412,0.101,0.005,0.002,0.051,0,0.001,0.003,0.004,0.161,0.043,0.007,0.022,0.005,2022
1,Delhi,1,0.386,0,NA,NA,NA,NA,NA,NA,NA,NA,NA,NA,NA,NA,NA,NA,NA,NA,NA,NA,2011
1,Delhi,2,0,0,NA,NA,NA,NA,NA,NA,NA,NA,NA,NA,NA,NA,NA,NA,NA,NA,NA,NA,2011
1,Delhi,3,0.554,0,NA,NA,NA,NA,NA,NA,NA,NA,NA,NA,NA,NA,NA,NA,NA,NA,NA,NA,2011
1,Delhi,4,0.001,0,NA,NA,NA,NA,NA,NA,NA,NA,NA,NA,NA,NA,NA,NA,NA,NA,NA,NA,2011
1,Delhi,5,0,0,NA,NA,NA,NA,NA,NA,NA,NA,NA,NA,NA,NA,NA,NA,NA,NA,NA,NA,2011
2,Delhi,1,0.189,0.06,NA,NA,NA,NA,NA,NA,NA,NA,NA,NA,NA,NA,NA,NA,NA,NA,NA,NA,2011
2,Delhi,2,0.278,0.012,NA,NA,NA,NA,NA,NA,NA,NA,NA,NA,NA,NA,NA,NA,NA,NA,NA,NA,2011
2,Delhi,3,0.174,0.063,NA,NA,NA,NA,NA,NA,NA,NA,NA,NA,NA,NA,NA,NA,NA,NA,NA,NA,2011
2,Delhi,4,0.044,0.003,NA,NA,NA,NA,NA,NA,NA,NA,NA,NA,NA,NA,NA,NA,NA,NA,NA,NA,2011
2,Delhi,5,0.011,0,NA,NA,NA,NA,NA,NA,NA,NA,NA,NA,NA,NA,NA,NA,NA,NA,NA,NA,2011
99,Delhi,1,0.219,0.055,NA,NA,NA,NA,NA,NA,NA,NA,NA,NA,NA,NA,NA,NA,NA,NA,NA,NA,2011
99,Delhi,2,0.245,0.011,NA,NA,NA,NA,NA,NA,NA,NA,NA,NA,NA,NA,NA,NA,NA,NA,NA,NA,2011
99,Delhi,3,0.192,0.06,NA,NA,NA,NA,NA,NA,NA,NA,NA,NA,NA,NA,NA,NA,NA,NA,NA,NA,2011
99,Delhi,4,0.041,0.003,NA,NA,NA,NA,NA,NA,NA,NA,NA,NA,NA,NA,NA,NA,NA,NA,NA,NA,2011
99,Delhi,5,0.01,0,NA,NA,NA,NA,NA,NA,NA,NA,NA,NA,NA,NA,NA,NA,NA,NA,NA,NA,2011
99,Delhi,99,0.142,0.025,NA,NA,NA,NA,NA,NA,NA,NA,NA,NA,NA,NA,NA,NA,NA,NA,NA,NA,2011
1,Delhi,99,0.17,0,NA,NA,NA,NA,NA,NA,NA,NA,NA,NA,NA,NA,NA,NA,NA,NA,NA,NA,2011
2,Delhi,99,0.139,0.028,NA,NA,NA,NA,NA,NA,NA,NA,NA,NA,NA,NA,NA,NA,NA,NA,NA,NA,2011
rural,Goa,1,0.664,0,0.139,0.441,0,0,0,0,0.09,0.005,0,0,0,0,0,0.429,0.188,0,0.008,0,2022
urban,Goa,1,0.427,0,0.15,0.34,0,0,0,0,0.119,0,0,0,0,0,0,0.34,0.058,0.016,0,0,2022
rural,Goa,2,0.813,0,0.109,0.346,0,0,0.014,0,0.069,0.011,0,0,0,0,0,0.329,0.061,0,0,0,2022
urban,Goa,2,0.569,0,0.192,0.122,0,0,0,0,0.155,0,0,0,0,0,0,0.122,0.012,0,0,0,2022
rural,Goa,3,0.756,0,0.152,0.285,0,0,0,0,0.163,0.028,0,0,0,0,0,0.254,0.078,0,0,0,2022
urban,Goa,3,0.617,0,0.149,0.177,0,0,0,0,0.148,0.017,0,0,0,0,0,0.157,0.019,0,0,0,2022
rural,Goa,4,0.709,0,0.167,0.197,0,0,0,0,0.094,0.008,0,0,0,0,0,0.197,0.029,0,0,0,2022
urban,Goa,4,0.409,0,0.102,0.141,0,0,0,0,0.186,0.012,0,0,0,0,0,0.141,0,0,0,0,2022
rural,Goa,5,0.752,0,0.081,0.102,0,0,0,0,0.094,0.008,0,0,0,0,0,0.102,0.01,0,0,0,2022
urban,Goa,5,0.623,0,0.051,0.144,0,0,0.017,0.017,0.13,0.03,0,0,0,0,0,0.144,0.012,0,0,0,2022
all,Goa,1,0.531,0,0.146,0.391,0,0,0,0,0.086,0.002,0,0,0,0,0,0.386,0.116,0.009,0.004,0,2022
all,Goa,2,0.693,0,0.158,0.226,0,0,0.006,0,0.131,0.005,0,0,0,0,0,0.219,0.035,0,0,0,2022
all,Goa,3,0.663,0,0.127,0.221,0,0,0,0,0.168,0.022,0,0,0,0,0,0.196,0.043,0,0,0,2022
all,Goa,4,0.551,0,0.142,0.16,0,0,0,0,0.132,0.013,0,0,0,0,0,0.16,0.013,0,0,0,2022
all,Goa,5,0.664,0,0.073,0.122,0,0,0.009,0.009,0.121,0.017,0,0,0,0,0,0.122,0.011,0,0,0,2022
all,Goa,99,0.62,0,0.129,0.224,0,0,0.003,0.002,0.128,0.012,0,0,0,0,0,0.217,0.044,0.002,0.001,0,2022
rural,Goa,99,0.739,0,0.13,0.275,0,0,0.003,0,0.102,0.012,0,0,0,0,0,0.263,0.074,0,0.002,0,2022
urban,Goa,99,0.529,0,0.129,0.185,0,0,0.003,0.003,0.147,0.012,0,0,0,0,0,0.181,0.02,0.003,0,0,2022
1,Goa,1,0.804,0.349,NA,NA,NA,NA,NA,NA,NA,NA,NA,NA,NA,NA,NA,NA,NA,NA,NA,NA,2011
1,Goa,2,0.994,0.954,NA,NA,NA,NA,NA,NA,NA,NA,NA,NA,NA,NA,NA,NA,NA,NA,NA,NA,2011
1,Goa,3,0.75,0.481,NA,NA,NA,NA,NA,NA,NA,NA,NA,NA,NA,NA,NA,NA,NA,NA,NA,NA,2011
1,Goa,4,0.661,0.588,NA,NA,NA,NA,NA,NA,NA,NA,NA,NA,NA,NA,NA,NA,NA,NA,NA,NA,2011
1,Goa,5,0.521,0.344,NA,NA,NA,NA,NA,NA,NA,NA,NA,NA,NA,NA,NA,NA,NA,NA,NA,NA,2011
2,Goa,1,0.808,0.541,NA,NA,NA,NA,NA,NA,NA,NA,NA,NA,NA,NA,NA,NA,NA,NA,NA,NA,2011
2,Goa,2,0.758,0.327,NA,NA,NA,NA,NA,NA,NA,NA,NA,NA,NA,NA,NA,NA,NA,NA,NA,NA,2011
2,Goa,3,0.421,0.305,NA,NA,NA,NA,NA,NA,NA,NA,NA,NA,NA,NA,NA,NA,NA,NA,NA,NA,2011
2,Goa,4,0.421,0.227,NA,NA,NA,NA,NA,NA,NA,NA,NA,NA,NA,NA,NA,NA,NA,NA,NA,NA,2011
2,Goa,5,0.176,0.164,NA,NA,NA,NA,NA,NA,NA,NA,NA,NA,NA,NA,NA,NA,NA,NA,NA,NA,2011
99,Goa,1,0.806,0.427,NA,NA,NA,NA,NA,NA,NA,NA,NA,NA,NA,NA,NA,NA,NA,NA,NA,NA,2011
99,Goa,2,0.881,0.632,NA,NA,NA,NA,NA,NA,NA,NA,NA,NA,NA,NA,NA,NA,NA,NA,NA,NA,2011
99,Goa,3,0.592,0.368,NA,NA,NA,NA,NA,NA,NA,NA,NA,NA,NA,NA,NA,NA,NA,NA,NA,NA,2011
99,Goa,4,0.557,0.474,NA,NA,NA,NA,NA,NA,NA,NA,NA,NA,NA,NA,NA,NA,NA,NA,NA,NA,2011
99,Goa,5,0.344,0.23,NA,NA,NA,NA,NA,NA,NA,NA,NA,NA,NA,NA,NA,NA,NA,NA,NA,NA,2011
99,Goa,99,0.636,0.426,NA,NA,NA,NA,NA,NA,NA,NA,NA,NA,NA,NA,NA,NA,NA,NA,NA,NA,2011
1,Goa,99,0.745,0.532,NA,NA,NA,NA,NA,NA,NA,NA,NA,NA,NA,NA,NA,NA,NA,NA,NA,NA,2011
2,Goa,99,0.523,0.315,NA,NA,NA,NA,NA,NA,NA,NA,NA,NA,NA,NA,NA,NA,NA,NA,NA,NA,2011
rural,Gujarat,1,0.743,0,0.231,0.558,0,0.014,0.011,0.18,0.185,0.026,0.009,0,0,0,0.009,0.557,0.038,0.023,0.013,0.002,2022
urban,Gujarat,1,0.474,0,0.08,0.321,0,0.032,0.006,0.108,0.174,0.027,0.01,0,0,0,0.005,0.311,0.07,0.023,0.016,0.002,2022
rural,Gujarat,2,0.735,0,0.17,0.517,0.001,0.031,0.007,0.162,0.219,0.013,0.02,0,0.006,0,0.015,0.516,0.044,0.015,0.02,0,2022
urban,Gujarat,2,0.296,0,0.092,0.202,0,0.02,0.01,0.083,0.158,0.015,0.005,0,0,0,0.002,0.197,0.022,0.018,0.021,0.007,2022
rural,Gujarat,3,0.707,0.002,0.161,0.47,0.003,0.056,0.005,0.115,0.215,0.019,0.019,0,0,0,0.016,0.467,0.033,0.014,0.021,0.002,2022
urban,Gujarat,3,0.203,0,0.064,0.126,0.003,0.021,0.009,0.062,0.144,0.021,0.004,0,0.001,0,0.003,0.123,0.008,0.015,0.013,0.005,2022
rural,Gujarat,4,0.626,0.005,0.156,0.438,0.003,0.037,0.008,0.117,0.26,0.011,0.016,0,0.004,0,0.009,0.436,0.03,0.022,0.022,0,2022
urban,Gujarat,4,0.116,0,0.042,0.063,0.001,0.023,0.017,0.037,0.144,0.028,0.005,0,0.002,0,0,0.061,0,0.001,0.006,0,2022
rural,Gujarat,5,0.501,0.002,0.115,0.262,0.003,0.038,0.005,0.112,0.294,0.017,0.007,0,0.002,0,0.004,0.258,0.011,0.01,0.013,0.001,2022
urban,Gujarat,5,0.053,0,0.008,0.027,0,0.018,0.007,0.021,0.104,0.011,0.002,0,0.001,0,0,0.025,0,0.001,0.001,0,2022
all,Gujarat,1,0.692,0,0.187,0.506,0.001,0.023,0.01,0.157,0.192,0.025,0.012,0,0.001,0,0.01,0.503,0.047,0.021,0.013,0.002,2022
all,Gujarat,2,0.643,0,0.143,0.437,0,0.033,0.006,0.133,0.195,0.014,0.017,0,0.003,0,0.012,0.432,0.044,0.016,0.02,0.002,2022
all,Gujarat,3,0.52,0.003,0.136,0.364,0.003,0.04,0.008,0.11,0.203,0.015,0.013,0,0.003,0,0.008,0.361,0.029,0.022,0.021,0.002,2022
all,Gujarat,4,0.382,0.002,0.105,0.242,0.004,0.033,0.006,0.085,0.22,0.02,0.006,0,0,0,0.004,0.238,0.012,0.011,0.017,0.002,2022
all,Gujarat,5,0.208,0,0.042,0.093,0,0.022,0.011,0.051,0.182,0.018,0.006,0,0.002,0,0.001,0.091,0.002,0.003,0.005,0,2022
all,Gujarat,99,0.489,0.001,0.123,0.328,0.001,0.03,0.008,0.107,0.199,0.019,0.011,0,0.002,0,0.007,0.325,0.027,0.015,0.015,0.002,2022
rural,Gujarat,99,0.663,0.002,0.167,0.449,0.002,0.035,0.007,0.137,0.235,0.017,0.014,0,0.002,0,0.01,0.447,0.031,0.017,0.018,0.001,2022
urban,Gujarat,99,0.228,0,0.057,0.148,0.001,0.023,0.01,0.062,0.145,0.02,0.005,0,0.001,0,0.002,0.143,0.02,0.012,0.011,0.003,2022
1,Gujarat,1,0.525,0.821,NA,NA,NA,NA,NA,NA,NA,NA,NA,NA,NA,NA,NA,NA,NA,NA,NA,NA,2011
1,Gujarat,2,0.524,0.683,NA,NA,NA,NA,NA,NA,NA,NA,NA,NA,NA,NA,NA,NA,NA,NA,NA,NA,2011
1,Gujarat,3,0.396,0.725,NA,NA,NA,NA,NA,NA,NA,NA,NA,NA,NA,NA,NA,NA,NA,NA,NA,NA,2011
1,Gujarat,4,0.319,0.652,NA,NA,NA,NA,NA,NA,NA,NA,NA,NA,NA,NA,NA,NA,NA,NA,NA,NA,2011
1,Gujarat,5,0.133,0.495,NA,NA,NA,NA,NA,NA,NA,NA,NA,NA,NA,NA,NA,NA,NA,NA,NA,NA,2011
2,Gujarat,1,0.154,0.289,NA,NA,NA,NA,NA,NA,NA,NA,NA,NA,NA,NA,NA,NA,NA,NA,NA,NA,2011
2,Gujarat,2,0.162,0.22,NA,NA,NA,NA,NA,NA,NA,NA,NA,NA,NA,NA,NA,NA,NA,NA,NA,NA,2011
2,Gujarat,3,0.05,0.072,NA,NA,NA,NA,NA,NA,NA,NA,NA,NA,NA,NA,NA,NA,NA,NA,NA,NA,2011
2,Gujarat,4,0.031,0.042,NA,NA,NA,NA,NA,NA,NA,NA,NA,NA,NA,NA,NA,NA,NA,NA,NA,NA,2011
2,Gujarat,5,0.006,0.005,NA,NA,NA,NA,NA,NA,NA,NA,NA,NA,NA,NA,NA,NA,NA,NA,NA,NA,2011
99,Gujarat,1,0.454,0.688,NA,NA,NA,NA,NA,NA,NA,NA,NA,NA,NA,NA,NA,NA,NA,NA,NA,NA,2011
99,Gujarat,2,0.427,0.61,NA,NA,NA,NA,NA,NA,NA,NA,NA,NA,NA,NA,NA,NA,NA,NA,NA,NA,2011
99,Gujarat,3,0.242,0.506,NA,NA,NA,NA,NA,NA,NA,NA,NA,NA,NA,NA,NA,NA,NA,NA,NA,NA,2011
99,Gujarat,4,0.113,0.316,NA,NA,NA,NA,NA,NA,NA,NA,NA,NA,NA,NA,NA,NA,NA,NA,NA,NA,2011
99,Gujarat,5,0.065,0.162,NA,NA,NA,NA,NA,NA,NA,NA,NA,NA,NA,NA,NA,NA,NA,NA,NA,NA,2011
99,Gujarat,99,0.26,0.456,NA,NA,NA,NA,NA,NA,NA,NA,NA,NA,NA,NA,NA,NA,NA,NA,NA,NA,2011
1,Gujarat,99,0.379,0.675,NA,NA,NA,NA,NA,NA,NA,NA,NA,NA,NA,NA,NA,NA,NA,NA,NA,NA,2011
2,Gujarat,99,0.081,0.126,NA,NA,NA,NA,NA,NA,NA,NA,NA,NA,NA,NA,NA,NA,NA,NA,NA,NA,2011
rural,Haryana,1,0.542,0.003,0.311,0.26,0.008,0.137,0.005,0.141,0.225,0.025,0.032,0,0.022,0,0.004,0.246,0.065,0.023,0.017,0.012,2022
urban,Haryana,1,0.343,0,0.228,0.173,0,0.296,0.004,0.131,0.129,0.005,0,0,0,0,0,0.169,0.032,0.004,0,0,2022
rural,Haryana,2,0.55,0,0.319,0.198,0,0.232,0.005,0.106,0.191,0.013,0.043,0.001,0.027,0,0.005,0.179,0.025,0.008,0.028,0.012,2022
urban,Haryana,2,0.341,0,0.248,0.08,0,0.385,0.009,0.043,0.155,0.001,0.003,0,0.003,0,0,0.08,0.023,0.011,0,0,2022
rural,Haryana,3,0.503,0,0.282,0.112,0,0.248,0.016,0.045,0.141,0.02,0.011,0,0.01,0,0,0.109,0.021,0.007,0.002,0.002,2022
urban,Haryana,3,0.218,0,0.119,0.048,0,0.339,0.016,0.021,0.121,0,0.002,0,0.002,0,0,0.048,0.01,0.007,0.004,0,2022
rural,Haryana,4,0.376,0,0.231,0.087,0,0.293,0.011,0.038,0.102,0.015,0.008,0,0.006,0,0,0.079,0.013,0.008,0.009,0.003,2022
urban,Haryana,4,0.094,0,0.059,0.035,0,0.254,0.016,0.002,0.057,0.008,0,0,0,0,0,0.035,0,0,0,0,2022
rural,Haryana,5,0.238,0.002,0.135,0.04,0,0.305,0.015,0.025,0.022,0.005,0.011,0,0.01,0,0.003,0.037,0.003,0.002,0.001,0.001,2022
urban,Haryana,5,0.022,0,0.019,0.014,0,0.089,0.01,0.001,0.039,0.006,0,0,0,0,0,0.011,0.002,0.002,0,0,2022
all,Haryana,1,0.482,0.002,0.284,0.241,0.005,0.18,0.004,0.146,0.192,0.021,0.027,0,0.018,0,0.002,0.229,0.053,0.014,0.014,0.008,2022
all,Haryana,2,0.508,0,0.305,0.146,0,0.284,0.008,0.067,0.19,0.008,0.023,0.001,0.016,0,0.003,0.137,0.024,0.009,0.015,0.007,2022
all,Haryana,3,0.411,0,0.254,0.09,0,0.289,0.01,0.044,0.119,0.015,0.008,0,0.007,0,0,0.088,0.017,0.009,0.001,0.001,2022
all,Haryana,4,0.262,0,0.144,0.064,0,0.315,0.018,0.029,0.079,0.006,0.004,0,0.002,0,0,0.059,0.009,0.006,0.008,0.003,2022
all,Haryana,5,0.112,0.001,0.07,0.029,0,0.201,0.013,0.012,0.036,0.006,0.006,0,0.006,0,0.002,0.027,0.003,0.001,0,0,2022
all,Haryana,99,0.355,0.001,0.211,0.114,0.001,0.254,0.011,0.06,0.123,0.011,0.014,0,0.01,0,0.002,0.108,0.021,0.008,0.008,0.004,2022
rural,Haryana,99,0.442,0.001,0.256,0.139,0.002,0.243,0.01,0.071,0.136,0.015,0.021,0,0.015,0,0.002,0.13,0.025,0.01,0.011,0.006,2022
urban,Haryana,99,0.204,0,0.134,0.07,0,0.273,0.011,0.04,0.1,0.004,0.001,0,0.001,0,0,0.069,0.013,0.005,0.001,0,2022
1,Haryana,1,0.443,0.377,NA,NA,NA,NA,NA,NA,NA,NA,NA,NA,NA,NA,NA,NA,NA,NA,NA,NA,2011
1,Haryana,2,0.278,0.224,NA,NA,NA,NA,NA,NA,NA,NA,NA,NA,NA,NA,NA,NA,NA,NA,NA,NA,2011
1,Haryana,3,0.164,0.155,NA,NA,NA,NA,NA,NA,NA,NA,NA,NA,NA,NA,NA,NA,NA,NA,NA,NA,2011
1,Haryana,4,0.116,0.082,NA,NA,NA,NA,NA,NA,NA,NA,NA,NA,NA,NA,NA,NA,NA,NA,NA,NA,2011
1,Haryana,5,0.021,0.061,NA,NA,NA,NA,NA,NA,NA,NA,NA,NA,NA,NA,NA,NA,NA,NA,NA,NA,2011
2,Haryana,1,0.297,0.11,NA,NA,NA,NA,NA,NA,NA,NA,NA,NA,NA,NA,NA,NA,NA,NA,NA,NA,2011
2,Haryana,2,0.128,0.089,NA,NA,NA,NA,NA,NA,NA,NA,NA,NA,NA,NA,NA,NA,NA,NA,NA,NA,2011
2,Haryana,3,0.083,0.059,NA,NA,NA,NA,NA,NA,NA,NA,NA,NA,NA,NA,NA,NA,NA,NA,NA,NA,2011
2,Haryana,4,0.02,0.002,NA,NA,NA,NA,NA,NA,NA,NA,NA,NA,NA,NA,NA,NA,NA,NA,NA,NA,2011
2,Haryana,5,0.005,0,NA,NA,NA,NA,NA,NA,NA,NA,NA,NA,NA,NA,NA,NA,NA,NA,NA,NA,2011
99,Haryana,1,0.408,0.329,NA,NA,NA,NA,NA,NA,NA,NA,NA,NA,NA,NA,NA,NA,NA,NA,NA,NA,2011
99,Haryana,2,0.227,0.163,NA,NA,NA,NA,NA,NA,NA,NA,NA,NA,NA,NA,NA,NA,NA,NA,NA,NA,2011
99,Haryana,3,0.138,0.123,NA,NA,NA,NA,NA,NA,NA,NA,NA,NA,NA,NA,NA,NA,NA,NA,NA,NA,2011
99,Haryana,4,0.087,0.079,NA,NA,NA,NA,NA,NA,NA,NA,NA,NA,NA,NA,NA,NA,NA,NA,NA,NA,2011
99,Haryana,5,0.017,0.014,NA,NA,NA,NA,NA,NA,NA,NA,NA,NA,NA,NA,NA,NA,NA,NA,NA,NA,2011
99,Haryana,99,0.175,0.142,NA,NA,NA,NA,NA,NA,NA,NA,NA,NA,NA,NA,NA,NA,NA,NA,NA,NA,2011
1,Haryana,99,0.205,0.18,NA,NA,NA,NA,NA,NA,NA,NA,NA,NA,NA,NA,NA,NA,NA,NA,NA,NA,2011
2,Haryana,99,0.107,0.052,NA,NA,NA,NA,NA,NA,NA,NA,NA,NA,NA,NA,NA,NA,NA,NA,NA,NA,2011
rural,Himachal Pradesh,1,0.947,0,0.118,0.477,0.006,0.636,0.786,0.028,0.46,0.052,0.012,0,0,0,0,0.457,0.029,0.109,0.146,0,2022
urban,Himachal Pradesh,1,0.625,0,0.047,0.319,0.023,0.509,0.649,0.021,0.315,0.042,0.009,0,0,0,0,0.31,0.055,0.069,0.093,0.031,2022
rural,Himachal Pradesh,2,0.923,0.01,0.105,0.314,0,0.668,0.827,0.027,0.437,0.031,0.025,0.005,0,0.002,0,0.306,0.012,0.042,0.081,0,2022
urban,Himachal Pradesh,2,0.638,0,0.028,0.129,0.008,0.521,0.537,0.039,0.298,0.028,0,0,0,0,0,0.114,0,0.008,0.008,0,2022
rural,Himachal Pradesh,3,0.943,0,0.048,0.255,0,0.625,0.753,0.018,0.483,0.043,0.02,0.012,0,0,0,0.225,0,0.025,0.063,0,2022
urban,Himachal Pradesh,3,0.53,0,0.002,0.08,0,0.588,0.5,0.01,0.306,0.029,0.006,0.006,0,0,0,0.06,0,0.016,0.023,0,2022
rural,Himachal Pradesh,4,0.92,0,0.038,0.191,0,0.645,0.667,0.007,0.381,0.031,0.002,0,0,0.002,0,0.178,0.017,0.019,0.041,0,2022
urban,Himachal Pradesh,4,0.506,0,0.004,0.033,0,0.566,0.484,0.028,0.276,0.015,0.007,0.005,0,0,0,0.028,0,0.003,0.008,0,2022
rural,Himachal Pradesh,5,0.706,0,0.025,0.104,0,0.505,0.612,0.003,0.296,0.049,0.012,0.005,0,0,0,0.093,0,0.006,0.012,0,2022
urban,Himachal Pradesh,5,0.308,0,0,0.031,0,0.41,0.434,0.025,0.171,0.007,0,0,0,0,0,0.016,0.003,0,0.003,0,2022
all,Himachal Pradesh,1,0.916,0,0.11,0.469,0.008,0.632,0.775,0.027,0.447,0.049,0.011,0,0,0,0,0.45,0.036,0.108,0.145,0.003,2022
all,Himachal Pradesh,2,0.908,0.009,0.102,0.301,0.001,0.632,0.81,0.028,0.428,0.041,0.024,0.004,0,0.002,0,0.292,0.006,0.035,0.086,0,2022
all,Himachal Pradesh,3,0.903,0,0.047,0.232,0,0.637,0.716,0.018,0.448,0.031,0.018,0.01,0,0,0,0.204,0,0.024,0.043,0,2022
all,Himachal Pradesh,4,0.887,0,0.032,0.171,0,0.618,0.654,0.007,0.372,0.032,0.005,0.001,0,0.002,0,0.157,0.015,0.017,0.04,0,2022
all,Himachal Pradesh,5,0.633,0,0.019,0.092,0,0.509,0.582,0.007,0.29,0.044,0.009,0.005,0,0,0,0.08,0,0.005,0.007,0,2022
all,Himachal Pradesh,99,0.85,0.002,0.062,0.253,0.002,0.606,0.708,0.018,0.397,0.039,0.013,0.004,0,0.001,0,0.237,0.012,0.038,0.064,0.001,2022
rural,Himachal Pradesh,99,0.888,0.002,0.067,0.268,0.001,0.616,0.729,0.017,0.411,0.041,0.014,0.004,0,0.001,0,0.252,0.012,0.04,0.069,0,2022
urban,Himachal Pradesh,99,0.521,0,0.016,0.119,0.006,0.519,0.521,0.025,0.273,0.024,0.004,0.002,0,0,0,0.106,0.012,0.019,0.027,0.006,2022
1,Himachal Pradesh,1,0.986,0.308,NA,NA,NA,NA,NA,NA,NA,NA,NA,NA,NA,NA,NA,NA,NA,NA,NA,NA,2011
1,Himachal Pradesh,2,0.976,0.386,NA,NA,NA,NA,NA,NA,NA,NA,NA,NA,NA,NA,NA,NA,NA,NA,NA,NA,2011
1,Himachal Pradesh,3,0.967,0.398,NA,NA,NA,NA,NA,NA,NA,NA,NA,NA,NA,NA,NA,NA,NA,NA,NA,NA,2011
1,Himachal Pradesh,4,0.915,0.302,NA,NA,NA,NA,NA,NA,NA,NA,NA,NA,NA,NA,NA,NA,NA,NA,NA,NA,2011
1,Himachal Pradesh,5,0.877,0.241,NA,NA,NA,NA,NA,NA,NA,NA,NA,NA,NA,NA,NA,NA,NA,NA,NA,NA,2011
2,Himachal Pradesh,1,0.752,0.234,NA,NA,NA,NA,NA,NA,NA,NA,NA,NA,NA,NA,NA,NA,NA,NA,NA,NA,2011
2,Himachal Pradesh,2,0.697,0.067,NA,NA,NA,NA,NA,NA,NA,NA,NA,NA,NA,NA,NA,NA,NA,NA,NA,NA,2011
2,Himachal Pradesh,3,0.636,0.119,NA,NA,NA,NA,NA,NA,NA,NA,NA,NA,NA,NA,NA,NA,NA,NA,NA,NA,2011
2,Himachal Pradesh,4,0.553,0.059,NA,NA,NA,NA,NA,NA,NA,NA,NA,NA,NA,NA,NA,NA,NA,NA,NA,NA,2011
2,Himachal Pradesh,5,0.499,0.006,NA,NA,NA,NA,NA,NA,NA,NA,NA,NA,NA,NA,NA,NA,NA,NA,NA,NA,2011
99,Himachal Pradesh,1,0.974,0.306,NA,NA,NA,NA,NA,NA,NA,NA,NA,NA,NA,NA,NA,NA,NA,NA,NA,NA,2011
99,Himachal Pradesh,2,0.957,0.379,NA,NA,NA,NA,NA,NA,NA,NA,NA,NA,NA,NA,NA,NA,NA,NA,NA,NA,2011
99,Himachal Pradesh,3,0.942,0.36,NA,NA,NA,NA,NA,NA,NA,NA,NA,NA,NA,NA,NA,NA,NA,NA,NA,NA,2011
99,Himachal Pradesh,4,0.889,0.283,NA,NA,NA,NA,NA,NA,NA,NA,NA,NA,NA,NA,NA,NA,NA,NA,NA,NA,2011
99,Himachal Pradesh,5,0.784,0.181,NA,NA,NA,NA,NA,NA,NA,NA,NA,NA,NA,NA,NA,NA,NA,NA,NA,NA,2011
99,Himachal Pradesh,99,0.909,0.302,NA,NA,NA,NA,NA,NA,NA,NA,NA,NA,NA,NA,NA,NA,NA,NA,NA,NA,2011
1,Himachal Pradesh,99,0.944,0.327,NA,NA,NA,NA,NA,NA,NA,NA,NA,NA,NA,NA,NA,NA,NA,NA,NA,NA,2011
2,Himachal Pradesh,99,0.629,0.098,NA,NA,NA,NA,NA,NA,NA,NA,NA,NA,NA,NA,NA,NA,NA,NA,NA,NA,2011
rural,India,1,0.504,0.054,0.573,0.398,0.004,0.138,0.11,0.114,0.239,0.014,0.03,0,0.001,0.001,0.005,0.381,0.042,0.09,0.095,0.034,2022
urban,India,1,0.407,0.029,0.428,0.293,0.002,0.264,0.118,0.09,0.22,0.022,0.019,0,0.001,0.001,0.003,0.282,0.044,0.058,0.055,0.023,2022
rural,India,2,0.448,0.059,0.595,0.363,0.003,0.189,0.117,0.103,0.267,0.018,0.034,0,0.002,0.001,0.008,0.348,0.049,0.082,0.094,0.043,2022
urban,India,2,0.366,0.034,0.398,0.205,0.003,0.272,0.164,0.066,0.202,0.018,0.019,0.001,0.001,0.001,0.003,0.195,0.043,0.054,0.047,0.022,2022
rural,India,3,0.446,0.063,0.578,0.334,0.003,0.227,0.15,0.102,0.283,0.019,0.035,0,0.001,0.001,0.008,0.322,0.051,0.082,0.093,0.044,2022
urban,India,3,0.337,0.034,0.33,0.139,0.003,0.254,0.172,0.054,0.182,0.016,0.019,0.001,0.001,0.001,0.003,0.131,0.029,0.037,0.036,0.014,2022
rural,India,4,0.447,0.067,0.554,0.283,0.005,0.252,0.182,0.09,0.284,0.023,0.034,0.001,0.002,0.001,0.005,0.271,0.049,0.076,0.082,0.04,2022
urban,India,4,0.3,0.027,0.285,0.086,0.004,0.254,0.203,0.042,0.171,0.014,0.023,0.002,0.001,0,0.002,0.077,0.02,0.026,0.024,0.009,2022
rural,India,5,0.446,0.07,0.474,0.185,0.006,0.279,0.228,0.064,0.286,0.027,0.033,0.002,0.001,0.001,0.005,0.173,0.034,0.053,0.06,0.028,2022
urban,India,5,0.214,0.019,0.17,0.04,0.003,0.222,0.184,0.025,0.127,0.012,0.017,0.003,0.001,0.001,0.001,0.03,0.008,0.008,0.012,0.003,2022
all,India,1,0.484,0.048,0.552,0.38,0.004,0.162,0.11,0.109,0.238,0.016,0.029,0,0.001,0.001,0.005,0.365,0.043,0.084,0.089,0.034,2022
all,India,2,0.433,0.056,0.559,0.335,0.002,0.216,0.126,0.099,0.262,0.018,0.031,0,0.002,0.001,0.007,0.322,0.05,0.078,0.084,0.039,2022
all,India,3,0.426,0.056,0.524,0.292,0.004,0.24,0.162,0.091,0.261,0.02,0.031,0,0.001,0.001,0.006,0.281,0.047,0.073,0.08,0.038,2022
all,India,4,0.409,0.059,0.472,0.219,0.004,0.259,0.192,0.073,0.253,0.021,0.03,0.001,0.001,0.001,0.005,0.208,0.041,0.062,0.064,0.031,2022
all,India,5,0.35,0.045,0.337,0.11,0.005,0.259,0.213,0.045,0.216,0.02,0.025,0.002,0.001,0.001,0.003,0.099,0.021,0.03,0.036,0.015,2022
rural,India,99,0.458,0.062,0.555,0.313,0.004,0.217,0.158,0.094,0.272,0.02,0.033,0.001,0.001,0.001,0.006,0.299,0.045,0.077,0.085,0.038,2022
urban,India,99,0.325,0.028,0.322,0.152,0.003,0.253,0.168,0.055,0.18,0.016,0.02,0.001,0.001,0.001,0.003,0.143,0.029,0.037,0.035,0.014,2022
all,India,99,0.42,0.053,0.489,0.267,0.004,0.227,0.161,0.083,0.246,0.019,0.029,0.001,0.001,0.001,0.005,0.255,0.04,0.065,0.071,0.031,2022
1,India,1,0.557,0.832,NA,NA,NA,NA,NA,NA,NA,NA,NA,NA,NA,NA,NA,NA,NA,NA,NA,NA,2011
1,India,2,0.526,0.822,NA,NA,NA,NA,NA,NA,NA,NA,NA,NA,NA,NA,NA,NA,NA,NA,NA,NA,2011
1,India,3,0.523,0.82,NA,NA,NA,NA,NA,NA,NA,NA,NA,NA,NA,NA,NA,NA,NA,NA,NA,NA,2011
1,India,4,0.542,0.771,NA,NA,NA,NA,NA,NA,NA,NA,NA,NA,NA,NA,NA,NA,NA,NA,NA,NA,2011
1,India,5,0.479,0.644,NA,NA,NA,NA,NA,NA,NA,NA,NA,NA,NA,NA,NA,NA,NA,NA,NA,NA,2011
2,India,1,0.447,0.578,NA,NA,NA,NA,NA,NA,NA,NA,NA,NA,NA,NA,NA,NA,NA,NA,NA,NA,2011
2,India,2,0.408,0.461,NA,NA,NA,NA,NA,NA,NA,NA,NA,NA,NA,NA,NA,NA,NA,NA,NA,NA,2011
2,India,3,0.339,0.357,NA,NA,NA,NA,NA,NA,NA,NA,NA,NA,NA,NA,NA,NA,NA,NA,NA,NA,2011
2,India,4,0.286,0.244,NA,NA,NA,NA,NA,NA,NA,NA,NA,NA,NA,NA,NA,NA,NA,NA,NA,NA,2011
2,India,5,0.177,0.12,NA,NA,NA,NA,NA,NA,NA,NA,NA,NA,NA,NA,NA,NA,NA,NA,NA,NA,2011
99,India,1,0.534,0.788,NA,NA,NA,NA,NA,NA,NA,NA,NA,NA,NA,NA,NA,NA,NA,NA,NA,NA,2011
99,India,2,0.511,0.771,NA,NA,NA,NA,NA,NA,NA,NA,NA,NA,NA,NA,NA,NA,NA,NA,NA,NA,2011
99,India,3,0.498,0.72,NA,NA,NA,NA,NA,NA,NA,NA,NA,NA,NA,NA,NA,NA,NA,NA,NA,NA,2011
99,India,4,0.462,0.616,NA,NA,NA,NA,NA,NA,NA,NA,NA,NA,NA,NA,NA,NA,NA,NA,NA,NA,2011
99,India,5,0.346,0.384,NA,NA,NA,NA,NA,NA,NA,NA,NA,NA,NA,NA,NA,NA,NA,NA,NA,NA,2011
1,India,99,0.526,0.778,NA,NA,NA,NA,NA,NA,NA,NA,NA,NA,NA,NA,NA,NA,NA,NA,NA,NA,2011
2,India,99,0.331,0.352,NA,NA,NA,NA,NA,NA,NA,NA,NA,NA,NA,NA,NA,NA,NA,NA,NA,NA,2011
99,India,99,0.47,0.656,NA,NA,NA,NA,NA,NA,NA,NA,NA,NA,NA,NA,NA,NA,NA,NA,NA,NA,2011
1,Jammu & Kashmir,1,0.909,0.709,NA,NA,NA,NA,NA,NA,NA,NA,NA,NA,NA,NA,NA,NA,NA,NA,NA,NA,2011
1,Jammu & Kashmir,2,0.96,0.744,NA,NA,NA,NA,NA,NA,NA,NA,NA,NA,NA,NA,NA,NA,NA,NA,NA,NA,2011
1,Jammu & Kashmir,3,0.952,0.679,NA,NA,NA,NA,NA,NA,NA,NA,NA,NA,NA,NA,NA,NA,NA,NA,NA,NA,2011
1,Jammu & Kashmir,4,0.978,0.693,NA,NA,NA,NA,NA,NA,NA,NA,NA,NA,NA,NA,NA,NA,NA,NA,NA,NA,2011
1,Jammu & Kashmir,5,0.882,0.472,NA,NA,NA,NA,NA,NA,NA,NA,NA,NA,NA,NA,NA,NA,NA,NA,NA,NA,2011
2,Jammu & Kashmir,1,0.85,0.33,NA,NA,NA,NA,NA,NA,NA,NA,NA,NA,NA,NA,NA,NA,NA,NA,NA,NA,2011
2,Jammu & Kashmir,2,0.904,0.468,NA,NA,NA,NA,NA,NA,NA,NA,NA,NA,NA,NA,NA,NA,NA,NA,NA,NA,2011
2,Jammu & Kashmir,3,0.903,0.427,NA,NA,NA,NA,NA,NA,NA,NA,NA,NA,NA,NA,NA,NA,NA,NA,NA,NA,2011
2,Jammu & Kashmir,4,0.883,0.275,NA,NA,NA,NA,NA,NA,NA,NA,NA,NA,NA,NA,NA,NA,NA,NA,NA,NA,2011
2,Jammu & Kashmir,5,0.778,0.131,NA,NA,NA,NA,NA,NA,NA,NA,NA,NA,NA,NA,NA,NA,NA,NA,NA,NA,2011
99,Jammu & Kashmir,1,0.896,0.622,NA,NA,NA,NA,NA,NA,NA,NA,NA,NA,NA,NA,NA,NA,NA,NA,NA,NA,2011
99,Jammu & Kashmir,2,0.959,0.717,NA,NA,NA,NA,NA,NA,NA,NA,NA,NA,NA,NA,NA,NA,NA,NA,NA,NA,2011
99,Jammu & Kashmir,3,0.947,0.623,NA,NA,NA,NA,NA,NA,NA,NA,NA,NA,NA,NA,NA,NA,NA,NA,NA,NA,2011
99,Jammu & Kashmir,4,0.945,0.614,NA,NA,NA,NA,NA,NA,NA,NA,NA,NA,NA,NA,NA,NA,NA,NA,NA,NA,2011
99,Jammu & Kashmir,5,0.85,0.335,NA,NA,NA,NA,NA,NA,NA,NA,NA,NA,NA,NA,NA,NA,NA,NA,NA,NA,2011
99,Jammu & Kashmir,99,0.919,0.582,NA,NA,NA,NA,NA,NA,NA,NA,NA,NA,NA,NA,NA,NA,NA,NA,NA,NA,2011
1,Jammu & Kashmir,99,0.936,0.659,NA,NA,NA,NA,NA,NA,NA,NA,NA,NA,NA,NA,NA,NA,NA,NA,NA,NA,2011
2,Jammu & Kashmir,99,0.864,0.326,NA,NA,NA,NA,NA,NA,NA,NA,NA,NA,NA,NA,NA,NA,NA,NA,NA,NA,2011
rural,Jammu and Kashmir,1,0.705,0,0.584,0.468,0.003,0.197,0.004,0.086,0.655,0.067,0.058,0,0,0,0,0.453,0.067,0.024,0.146,0.008,2022
urban,Jammu and Kashmir,1,0.409,0.007,0.347,0.111,0.008,0.378,0.04,0.035,0.7,0.033,0.002,0,0,0,0,0.11,0.011,0.011,0.038,0.011,2022
rural,Jammu and Kashmir,2,0.597,0.008,0.532,0.344,0,0.281,0.016,0.108,0.787,0.051,0.013,0,0,0,0,0.333,0.025,0.014,0.095,0.003,2022
urban,Jammu and Kashmir,2,0.535,0.006,0.187,0.049,0,0.442,0.009,0.017,0.638,0.056,0.004,0,0,0,0,0.049,0.002,0,0.012,0.008,2022
rural,Jammu and Kashmir,3,0.566,0.004,0.434,0.163,0.003,0.29,0,0.059,0.778,0.031,0.009,0,0,0,0,0.156,0.004,0,0.061,0,2022
urban,Jammu and Kashmir,3,0.394,0,0.16,0.007,0,0.349,0.014,0.002,0.745,0.058,0.002,0,0,0,0,0.007,0,0,0,0,2022
rural,Jammu and Kashmir,4,0.544,0.005,0.373,0.105,0.007,0.394,0.024,0.016,0.715,0.065,0.008,0,0,0,0,0.097,0.007,0.004,0.038,0,2022
urban,Jammu and Kashmir,4,0.387,0,0.189,0.011,0,0.42,0.015,0,0.655,0.027,0,0,0,0,0,0.003,0,0,0,0,2022
rural,Jammu and Kashmir,5,0.553,0.018,0.291,0.062,0,0.615,0.018,0.021,0.757,0.154,0.035,0,0,0,0,0.046,0.01,0,0.032,0,2022
urban,Jammu and Kashmir,5,0.377,0,0.075,0.009,0,0.431,0.017,0.004,0.738,0.055,0.011,0,0.003,0,0,0,0,0,0,0,2022
all,Jammu and Kashmir,1,0.676,0,0.562,0.437,0.003,0.225,0.01,0.09,0.67,0.063,0.046,0,0,0,0,0.424,0.061,0.03,0.134,0.008,2022
all,Jammu and Kashmir,2,0.554,0.007,0.494,0.265,0.001,0.289,0.014,0.086,0.785,0.037,0.012,0,0,0,0,0.258,0.014,0.003,0.081,0.003,2022
all,Jammu and Kashmir,3,0.566,0.005,0.367,0.121,0.002,0.355,0.002,0.036,0.738,0.046,0.007,0,0,0,0,0.116,0.005,0.001,0.04,0.002,2022
all,Jammu and Kashmir,4,0.474,0.004,0.296,0.071,0.005,0.399,0.025,0.015,0.706,0.066,0.009,0,0,0,0,0.059,0.003,0.002,0.026,0,2022
all,Jammu and Kashmir,5,0.504,0.014,0.217,0.036,0,0.562,0.017,0.013,0.743,0.125,0.025,0,0.001,0,0,0.025,0.008,0,0.02,0,2022
all,Jammu and Kashmir,99,0.555,0.006,0.387,0.186,0.002,0.366,0.014,0.048,0.729,0.067,0.02,0,0,0,0,0.177,0.018,0.007,0.06,0.002,2022
rural,Jammu and Kashmir,99,0.593,0.007,0.443,0.228,0.003,0.355,0.012,0.058,0.738,0.074,0.024,0,0,0,0,0.217,0.023,0.008,0.074,0.002,2022
urban,Jammu and Kashmir,99,0.421,0.003,0.192,0.038,0.002,0.404,0.019,0.011,0.695,0.046,0.004,0,0.001,0,0,0.034,0.002,0.002,0.01,0.004,2022
rural,Jharkhand,1,0.726,0.295,0.177,0.444,0.007,0.021,0.199,0.121,0.051,0.001,0.046,0,0,0,0.003,0.42,0.129,0.263,0.154,0.064,2022
urban,Jharkhand,1,0.582,0.069,0.113,0.286,0,0.069,0.237,0.094,0.033,0.008,0.031,0,0,0,0,0.263,0.108,0.171,0.094,0.04,2022
rural,Jharkhand,2,0.732,0.244,0.212,0.521,0.003,0.026,0.255,0.153,0.049,0.006,0.083,0,0,0,0.002,0.458,0.184,0.354,0.187,0.095,2022
urban,Jharkhand,2,0.483,0.04,0.145,0.212,0.002,0.133,0.256,0.072,0.064,0.014,0.008,0,0,0,0,0.198,0.055,0.126,0.065,0.006,2022
rural,Jharkhand,3,0.724,0.198,0.262,0.51,0.013,0.088,0.216,0.122,0.074,0.012,0.071,0,0,0,0.005,0.486,0.193,0.354,0.204,0.073,2022
urban,Jharkhand,3,0.45,0.025,0.121,0.15,0.001,0.107,0.222,0.045,0.054,0.003,0.008,0,0,0,0,0.136,0.015,0.087,0.033,0.007,2022
rural,Jharkhand,4,0.716,0.188,0.235,0.447,0.021,0.101,0.182,0.122,0.098,0.016,0.07,0,0,0,0.003,0.417,0.141,0.291,0.163,0.039,2022
urban,Jharkhand,4,0.288,0.012,0.063,0.036,0.002,0.153,0.174,0.046,0.045,0.008,0.003,0,0,0,0.001,0.034,0.008,0.02,0.013,0.002,2022
rural,Jharkhand,5,0.745,0.161,0.149,0.376,0.014,0.169,0.115,0.078,0.079,0.012,0.102,0.004,0,0,0.001,0.322,0.15,0.246,0.195,0.08,2022
urban,Jharkhand,5,0.179,0.008,0.016,0.008,0,0.106,0.133,0.015,0.011,0.004,0,0,0,0,0,0.007,0,0.007,0,0,2022
all,Jharkhand,1,0.711,0.267,0.172,0.431,0.006,0.022,0.217,0.111,0.051,0.001,0.05,0,0,0,0.002,0.4,0.133,0.254,0.152,0.061,2022
all,Jharkhand,2,0.707,0.216,0.222,0.506,0.003,0.045,0.246,0.153,0.045,0.008,0.075,0,0,0,0.002,0.457,0.185,0.355,0.185,0.09,2022
all,Jharkhand,3,0.68,0.182,0.237,0.438,0.01,0.097,0.213,0.104,0.083,0.012,0.05,0,0,0,0.004,0.414,0.153,0.292,0.159,0.049,2022
all,Jharkhand,4,0.675,0.143,0.182,0.387,0.021,0.104,0.164,0.111,0.08,0.017,0.07,0,0,0,0.003,0.352,0.112,0.249,0.156,0.042,2022
all,Jharkhand,5,0.562,0.106,0.115,0.238,0.008,0.168,0.136,0.057,0.065,0.009,0.068,0.003,0,0,0.001,0.208,0.099,0.156,0.122,0.052,2022
all,Jharkhand,99,0.667,0.183,0.186,0.4,0.01,0.087,0.195,0.107,0.065,0.009,0.062,0.001,0,0,0.002,0.366,0.137,0.261,0.155,0.059,2022
rural,Jharkhand,99,0.729,0.217,0.207,0.459,0.012,0.081,0.193,0.119,0.07,0.01,0.074,0.001,0,0,0.003,0.42,0.159,0.302,0.18,0.07,2022
urban,Jharkhand,99,0.396,0.031,0.092,0.138,0.001,0.114,0.204,0.054,0.041,0.007,0.01,0,0,0,0,0.127,0.037,0.082,0.041,0.011,2022
1,Jharkhand,1,0.448,0.643,NA,NA,NA,NA,NA,NA,NA,NA,NA,NA,NA,NA,NA,NA,NA,NA,NA,NA,2011
1,Jharkhand,2,0.366,0.695,NA,NA,NA,NA,NA,NA,NA,NA,NA,NA,NA,NA,NA,NA,NA,NA,NA,NA,2011
1,Jharkhand,3,0.313,0.69,NA,NA,NA,NA,NA,NA,NA,NA,NA,NA,NA,NA,NA,NA,NA,NA,NA,NA,2011
1,Jharkhand,4,0.34,0.663,NA,NA,NA,NA,NA,NA,NA,NA,NA,NA,NA,NA,NA,NA,NA,NA,NA,NA,2011
1,Jharkhand,5,0.289,0.585,NA,NA,NA,NA,NA,NA,NA,NA,NA,NA,NA,NA,NA,NA,NA,NA,NA,NA,2011
2,Jharkhand,1,0.202,0.475,NA,NA,NA,NA,NA,NA,NA,NA,NA,NA,NA,NA,NA,NA,NA,NA,NA,NA,2011
2,Jharkhand,2,0.086,0.36,NA,NA,NA,NA,NA,NA,NA,NA,NA,NA,NA,NA,NA,NA,NA,NA,NA,NA,2011
2,Jharkhand,3,0.021,0.261,NA,NA,NA,NA,NA,NA,NA,NA,NA,NA,NA,NA,NA,NA,NA,NA,NA,NA,2011
2,Jharkhand,4,0.021,0.125,NA,NA,NA,NA,NA,NA,NA,NA,NA,NA,NA,NA,NA,NA,NA,NA,NA,NA,2011
2,Jharkhand,5,0.023,0.087,NA,NA,NA,NA,NA,NA,NA,NA,NA,NA,NA,NA,NA,NA,NA,NA,NA,NA,2011
99,Jharkhand,1,0.41,0.642,NA,NA,NA,NA,NA,NA,NA,NA,NA,NA,NA,NA,NA,NA,NA,NA,NA,NA,2011
99,Jharkhand,2,0.353,0.65,NA,NA,NA,NA,NA,NA,NA,NA,NA,NA,NA,NA,NA,NA,NA,NA,NA,NA,2011
99,Jharkhand,3,0.267,0.643,NA,NA,NA,NA,NA,NA,NA,NA,NA,NA,NA,NA,NA,NA,NA,NA,NA,NA,2011
99,Jharkhand,4,0.303,0.586,NA,NA,NA,NA,NA,NA,NA,NA,NA,NA,NA,NA,NA,NA,NA,NA,NA,NA,2011
99,Jharkhand,5,0.125,0.338,NA,NA,NA,NA,NA,NA,NA,NA,NA,NA,NA,NA,NA,NA,NA,NA,NA,NA,2011
99,Jharkhand,99,0.292,0.572,NA,NA,NA,NA,NA,NA,NA,NA,NA,NA,NA,NA,NA,NA,NA,NA,NA,NA,2011
1,Jharkhand,99,0.351,0.655,NA,NA,NA,NA,NA,NA,NA,NA,NA,NA,NA,NA,NA,NA,NA,NA,NA,NA,2011
2,Jharkhand,99,0.071,0.262,NA,NA,NA,NA,NA,NA,NA,NA,NA,NA,NA,NA,NA,NA,NA,NA,NA,NA,2011
rural,Karnataka,1,0.037,0.002,0.878,0.442,0.003,0.018,0.088,0.062,0.163,0.013,0.034,0,0,0,0.004,0.428,0.019,0.023,0.148,0.081,2022
urban,Karnataka,1,0.053,0.001,0.781,0.345,0.003,0.003,0.026,0.11,0.117,0.006,0.013,0,0.003,0,0,0.327,0.01,0.029,0.128,0.084,2022
rural,Karnataka,2,0.028,0.008,0.907,0.512,0.002,0.017,0.114,0.151,0.269,0.015,0.04,0.001,0,0,0.007,0.503,0.029,0.036,0.215,0.161,2022
urban,Karnataka,2,0.051,0.001,0.633,0.22,0,0.002,0.006,0.094,0.167,0.006,0.02,0,0.001,0,0,0.215,0.016,0.038,0.078,0.056,2022
rural,Karnataka,3,0.03,0.014,0.916,0.42,0.003,0.019,0.088,0.14,0.314,0.014,0.033,0,0.002,0,0,0.41,0.016,0.05,0.178,0.132,2022
urban,Karnataka,3,0.037,0.001,0.536,0.122,0.001,0.002,0.009,0.042,0.151,0.007,0.02,0,0,0,0,0.117,0.009,0.014,0.052,0.031,2022
rural,Karnataka,4,0.027,0.012,0.909,0.325,0.006,0.008,0.094,0.088,0.362,0.013,0.021,0,0.001,0,0.003,0.311,0.017,0.073,0.128,0.104,2022
urban,Karnataka,4,0.022,0.001,0.368,0.063,0.001,0.003,0.03,0.023,0.142,0.006,0.024,0,0,0,0,0.041,0.009,0.014,0.029,0.013,2022
rural,Karnataka,5,0.039,0.016,0.816,0.192,0.001,0.026,0.085,0.057,0.366,0.013,0.022,0.001,0.001,0,0.001,0.178,0.006,0.031,0.072,0.046,2022
urban,Karnataka,5,0.01,0,0.13,0.027,0,0.001,0.021,0.016,0.093,0.004,0.012,0,0,0,0,0.009,0,0.002,0.011,0,2022
all,Karnataka,1,0.039,0.001,0.867,0.432,0.003,0.012,0.077,0.081,0.155,0.01,0.03,0,0.001,0,0.002,0.418,0.018,0.026,0.152,0.09,2022
all,Karnataka,2,0.037,0.009,0.846,0.433,0.001,0.017,0.087,0.142,0.261,0.013,0.032,0.001,0.001,0,0.004,0.423,0.023,0.04,0.175,0.132,2022
all,Karnataka,3,0.035,0.01,0.82,0.328,0.005,0.012,0.068,0.111,0.277,0.012,0.027,0,0.001,0,0.001,0.321,0.013,0.045,0.143,0.104,2022
all,Karnataka,4,0.03,0.008,0.743,0.207,0.002,0.005,0.047,0.06,0.293,0.012,0.02,0.001,0.001,0,0.001,0.195,0.013,0.045,0.08,0.06,2022
all,Karnataka,5,0.025,0.005,0.435,0.087,0,0.014,0.054,0.027,0.198,0.007,0.019,0,0,0,0.001,0.068,0.004,0.015,0.031,0.014,2022
all,Karnataka,99,0.033,0.007,0.742,0.297,0.002,0.012,0.067,0.084,0.237,0.011,0.026,0,0.001,0,0.002,0.285,0.014,0.034,0.116,0.08,2022
rural,Karnataka,99,0.032,0.01,0.885,0.378,0.003,0.017,0.094,0.1,0.295,0.014,0.03,0,0.001,0,0.003,0.366,0.017,0.043,0.148,0.105,2022
urban,Karnataka,99,0.035,0.001,0.49,0.155,0.001,0.002,0.018,0.057,0.134,0.006,0.018,0,0.001,0,0,0.142,0.009,0.019,0.059,0.037,2022
1,Karnataka,1,0.825,0.854,NA,NA,NA,NA,NA,NA,NA,NA,NA,NA,NA,NA,NA,NA,NA,NA,NA,NA,2011
1,Karnataka,2,0.741,0.859,NA,NA,NA,NA,NA,NA,NA,NA,NA,NA,NA,NA,NA,NA,NA,NA,NA,NA,2011
1,Karnataka,3,0.832,0.872,NA,NA,NA,NA,NA,NA,NA,NA,NA,NA,NA,NA,NA,NA,NA,NA,NA,NA,2011
1,Karnataka,4,0.792,0.826,NA,NA,NA,NA,NA,NA,NA,NA,NA,NA,NA,NA,NA,NA,NA,NA,NA,NA,2011
1,Karnataka,5,0.677,0.664,NA,NA,NA,NA,NA,NA,NA,NA,NA,NA,NA,NA,NA,NA,NA,NA,NA,NA,2011
2,Karnataka,1,0.721,0.619,NA,NA,NA,NA,NA,NA,NA,NA,NA,NA,NA,NA,NA,NA,NA,NA,NA,NA,2011
2,Karnataka,2,0.601,0.474,NA,NA,NA,NA,NA,NA,NA,NA,NA,NA,NA,NA,NA,NA,NA,NA,NA,NA,2011
2,Karnataka,3,0.417,0.303,NA,NA,NA,NA,NA,NA,NA,NA,NA,NA,NA,NA,NA,NA,NA,NA,NA,NA,2011
2,Karnataka,4,0.243,0.203,NA,NA,NA,NA,NA,NA,NA,NA,NA,NA,NA,NA,NA,NA,NA,NA,NA,NA,2011
2,Karnataka,5,0.087,0.033,NA,NA,NA,NA,NA,NA,NA,NA,NA,NA,NA,NA,NA,NA,NA,NA,NA,NA,2011
99,Karnataka,1,0.794,0.786,NA,NA,NA,NA,NA,NA,NA,NA,NA,NA,NA,NA,NA,NA,NA,NA,NA,NA,2011
99,Karnataka,2,0.705,0.753,NA,NA,NA,NA,NA,NA,NA,NA,NA,NA,NA,NA,NA,NA,NA,NA,NA,NA,2011
99,Karnataka,3,0.759,0.765,NA,NA,NA,NA,NA,NA,NA,NA,NA,NA,NA,NA,NA,NA,NA,NA,NA,NA,2011
99,Karnataka,4,0.651,0.629,NA,NA,NA,NA,NA,NA,NA,NA,NA,NA,NA,NA,NA,NA,NA,NA,NA,NA,2011
99,Karnataka,5,0.337,0.298,NA,NA,NA,NA,NA,NA,NA,NA,NA,NA,NA,NA,NA,NA,NA,NA,NA,NA,2011
99,Karnataka,99,0.649,0.646,NA,NA,NA,NA,NA,NA,NA,NA,NA,NA,NA,NA,NA,NA,NA,NA,NA,NA,2011
1,Karnataka,99,0.773,0.815,NA,NA,NA,NA,NA,NA,NA,NA,NA,NA,NA,NA,NA,NA,NA,NA,NA,NA,2011
2,Karnataka,99,0.414,0.327,NA,NA,NA,NA,NA,NA,NA,NA,NA,NA,NA,NA,NA,NA,NA,NA,NA,NA,2011
rural,Kerala,1,0.912,0.296,0.282,0.469,0.001,0,0.001,0.044,0.449,0.069,0.028,0.002,0,0.003,0,0.459,0.007,0.016,0.138,0.002,2022
urban,Kerala,1,0.877,0.26,0.26,0.502,0.009,0,0.005,0.035,0.313,0.043,0.008,0,0.002,0.004,0,0.471,0.011,0.024,0.124,0.002,2022
rural,Kerala,2,0.884,0.238,0.227,0.391,0.001,0.002,0.013,0.029,0.437,0.044,0.02,0.001,0,0.002,0,0.37,0.001,0.011,0.125,0,2022
urban,Kerala,2,0.844,0.26,0.206,0.316,0.01,0,0.01,0.041,0.244,0.022,0.014,0,0,0.001,0,0.307,0.008,0.011,0.107,0,2022
rural,Kerala,3,0.862,0.299,0.222,0.273,0.001,0.002,0.001,0.021,0.322,0.033,0.005,0,0,0.002,0,0.249,0.013,0.009,0.084,0,2022
urban,Kerala,3,0.756,0.256,0.136,0.202,0,0,0.01,0.026,0.2,0.03,0.001,0,0,0,0,0.182,0.002,0.002,0.054,0,2022
rural,Kerala,4,0.838,0.327,0.191,0.185,0.001,0,0.011,0.018,0.357,0.033,0.005,0.002,0,0.002,0,0.166,0.015,0.016,0.065,0.001,2022
urban,Kerala,4,0.702,0.216,0.13,0.123,0,0,0.004,0.03,0.168,0.014,0.006,0.002,0,0,0,0.104,0.008,0.008,0.031,0,2022
rural,Kerala,5,0.812,0.324,0.152,0.091,0,0.002,0.004,0.008,0.263,0.052,0.007,0.001,0,0.002,0,0.083,0.004,0.001,0.028,0,2022
urban,Kerala,5,0.542,0.195,0.055,0.045,0.001,0,0.006,0.01,0.159,0.028,0.005,0.003,0,0,0,0.041,0.002,0.004,0.007,0,2022
all,Kerala,1,0.895,0.279,0.271,0.488,0.005,0,0.003,0.039,0.385,0.057,0.019,0.001,0.001,0.004,0,0.467,0.009,0.02,0.131,0.002,2022
all,Kerala,2,0.867,0.249,0.217,0.351,0.005,0.001,0.012,0.035,0.352,0.035,0.017,0.001,0,0.001,0,0.336,0.006,0.01,0.119,0,2022
all,Kerala,3,0.819,0.292,0.189,0.245,0.001,0.001,0.005,0.023,0.277,0.033,0.004,0.001,0,0.001,0,0.222,0.007,0.006,0.072,0,2022
all,Kerala,4,0.784,0.269,0.161,0.146,0.001,0.001,0.008,0.022,0.261,0.024,0.004,0.001,0,0.001,0,0.131,0.008,0.01,0.046,0.001,2022
all,Kerala,5,0.673,0.258,0.103,0.077,0,0,0.005,0.01,0.209,0.04,0.006,0.002,0,0.001,0,0.069,0.006,0.004,0.019,0,2022
all,Kerala,99,0.807,0.269,0.188,0.262,0.002,0.001,0.006,0.026,0.297,0.038,0.01,0.001,0,0.002,0,0.245,0.007,0.01,0.077,0.001,2022
rural,Kerala,99,0.862,0.297,0.215,0.282,0.001,0.001,0.006,0.024,0.365,0.046,0.013,0.001,0,0.002,0,0.265,0.008,0.01,0.088,0.001,2022
urban,Kerala,99,0.744,0.237,0.157,0.238,0.004,0,0.007,0.028,0.217,0.027,0.007,0.001,0,0.001,0,0.221,0.006,0.01,0.065,0,2022
1,Kerala,1,0.918,0.841,NA,NA,NA,NA,NA,NA,NA,NA,NA,NA,NA,NA,NA,NA,NA,NA,NA,NA,2011
1,Kerala,2,0.909,0.817,NA,NA,NA,NA,NA,NA,NA,NA,NA,NA,NA,NA,NA,NA,NA,NA,NA,NA,2011
1,Kerala,3,0.884,0.821,NA,NA,NA,NA,NA,NA,NA,NA,NA,NA,NA,NA,NA,NA,NA,NA,NA,NA,2011
1,Kerala,4,0.836,0.81,NA,NA,NA,NA,NA,NA,NA,NA,NA,NA,NA,NA,NA,NA,NA,NA,NA,NA,2011
1,Kerala,5,0.711,0.653,NA,NA,NA,NA,NA,NA,NA,NA,NA,NA,NA,NA,NA,NA,NA,NA,NA,NA,2011
2,Kerala,1,0.893,0.729,NA,NA,NA,NA,NA,NA,NA,NA,NA,NA,NA,NA,NA,NA,NA,NA,NA,NA,2011
2,Kerala,2,0.852,0.712,NA,NA,NA,NA,NA,NA,NA,NA,NA,NA,NA,NA,NA,NA,NA,NA,NA,NA,2011
2,Kerala,3,0.792,0.668,NA,NA,NA,NA,NA,NA,NA,NA,NA,NA,NA,NA,NA,NA,NA,NA,NA,NA,2011
2,Kerala,4,0.677,0.625,NA,NA,NA,NA,NA,NA,NA,NA,NA,NA,NA,NA,NA,NA,NA,NA,NA,NA,2011
2,Kerala,5,0.441,0.415,NA,NA,NA,NA,NA,NA,NA,NA,NA,NA,NA,NA,NA,NA,NA,NA,NA,NA,2011
99,Kerala,1,0.913,0.815,NA,NA,NA,NA,NA,NA,NA,NA,NA,NA,NA,NA,NA,NA,NA,NA,NA,NA,2011
99,Kerala,2,0.892,0.792,NA,NA,NA,NA,NA,NA,NA,NA,NA,NA,NA,NA,NA,NA,NA,NA,NA,NA,2011
99,Kerala,3,0.873,0.788,NA,NA,NA,NA,NA,NA,NA,NA,NA,NA,NA,NA,NA,NA,NA,NA,NA,NA,2011
99,Kerala,4,0.785,0.748,NA,NA,NA,NA,NA,NA,NA,NA,NA,NA,NA,NA,NA,NA,NA,NA,NA,NA,2011
99,Kerala,5,0.635,0.587,NA,NA,NA,NA,NA,NA,NA,NA,NA,NA,NA,NA,NA,NA,NA,NA,NA,NA,2011
99,Kerala,99,0.82,0.746,NA,NA,NA,NA,NA,NA,NA,NA,NA,NA,NA,NA,NA,NA,NA,NA,NA,NA,2011
1,Kerala,99,0.852,0.788,NA,NA,NA,NA,NA,NA,NA,NA,NA,NA,NA,NA,NA,NA,NA,NA,NA,NA,2011
2,Kerala,99,0.731,0.63,NA,NA,NA,NA,NA,NA,NA,NA,NA,NA,NA,NA,NA,NA,NA,NA,NA,NA,2011
rural,Ladakh,1,0.808,0.491,0.411,0.589,0,0.261,0,0.012,0.587,0.01,0,0,0,0,0,0.589,0,0,0,0,2022
urban,Ladakh,1,0.707,0.191,0.167,0.249,0,0.593,0,0,0.813,0.015,0,0,0,0,0,0.249,0,0,0,0,2022
rural,Ladakh,2,0.899,0.199,0.261,0.432,0.016,0.79,0.044,0,0.544,0,0.016,0,0,0,0,0.432,0.102,0.091,0.016,0.016,2022
urban,Ladakh,2,0.76,0.183,0.16,0.078,0,0.796,0,0.013,0.719,0.023,0.038,0,0,0,0,0.051,0.011,0.013,0.038,0,2022
rural,Ladakh,3,0.843,0.261,0.314,0.285,0,0.898,0.027,0,0.712,0.076,0.101,0,0,0,0,0.285,0.045,0.046,0.12,0,2022
urban,Ladakh,3,0.876,0.194,0.016,0.114,0,0.875,0.006,0,0.691,0,0,0,0,0,0,0.114,0,0,0,0,2022
rural,Ladakh,4,0.918,0.531,0.188,0.493,0,0.983,0,0,0.726,0.096,0.141,0,0,0,0,0.493,0.019,0.036,0.235,0,2022
urban,Ladakh,4,0.822,0.058,0.075,0.173,0,0.784,0.009,0,0.716,0.019,0,0,0,0,0,0.112,0.031,0.053,0.016,0,2022
rural,Ladakh,5,0.894,0.444,0.393,0.301,0,0.904,0,0.022,0.664,0.07,0.004,0,0,0,0,0.286,0.052,0.052,0.079,0,2022
urban,Ladakh,5,0.674,0.089,0.094,0.08,0,0.464,0,0.037,0.635,0.045,0.032,0,0,0,0.014,0.072,0.031,0.016,0,0,2022
all,Ladakh,1,0.804,0.453,0.415,0.58,0,0.31,0.038,0.01,0.613,0.009,0,0,0,0,0,0.58,0.038,0.038,0,0,2022
all,Ladakh,2,0.881,0.198,0.239,0.369,0.013,0.796,0,0,0.539,0.01,0.015,0,0,0,0,0.369,0.051,0.04,0.015,0.013,2022
all,Ladakh,3,0.851,0.285,0.261,0.288,0,0.885,0.024,0.002,0.752,0.06,0.092,0,0,0,0,0.285,0.051,0.053,0.108,0,2022
all,Ladakh,4,0.888,0.465,0.222,0.447,0,0.976,0,0,0.706,0.1,0.123,0,0,0,0,0.447,0.044,0.058,0.204,0,2022
all,Ladakh,5,0.869,0.373,0.295,0.234,0,0.822,0.001,0.024,0.668,0.053,0.008,0,0,0,0.002,0.211,0.014,0.015,0.071,0,2022
all,Ladakh,99,0.859,0.354,0.286,0.384,0.003,0.758,0.013,0.007,0.655,0.046,0.048,0,0,0,0,0.379,0.04,0.041,0.08,0.003,2022
rural,Ladakh,99,0.872,0.386,0.313,0.421,0.003,0.766,0.014,0.007,0.646,0.05,0.053,0,0,0,0,0.418,0.043,0.045,0.09,0.003,2022
urban,Ladakh,99,0.768,0.143,0.103,0.139,0,0.702,0.003,0.01,0.715,0.021,0.014,0,0,0,0.003,0.119,0.015,0.017,0.011,0,2022
1,Ladakh,1,1,0.75,NA,NA,NA,NA,NA,NA,NA,NA,NA,NA,NA,NA,NA,NA,NA,NA,NA,NA,2011
1,Ladakh,2,1,0.99,NA,NA,NA,NA,NA,NA,NA,NA,NA,NA,NA,NA,NA,NA,NA,NA,NA,NA,2011
1,Ladakh,3,1,1,NA,NA,NA,NA,NA,NA,NA,NA,NA,NA,NA,NA,NA,NA,NA,NA,NA,NA,2011
1,Ladakh,4,1,0.624,NA,NA,NA,NA,NA,NA,NA,NA,NA,NA,NA,NA,NA,NA,NA,NA,NA,NA,2011
1,Ladakh,5,0.95,0.807,NA,NA,NA,NA,NA,NA,NA,NA,NA,NA,NA,NA,NA,NA,NA,NA,NA,NA,2011
2,Ladakh,1,0.919,0.538,NA,NA,NA,NA,NA,NA,NA,NA,NA,NA,NA,NA,NA,NA,NA,NA,NA,NA,2011
2,Ladakh,2,0.958,0.834,NA,NA,NA,NA,NA,NA,NA,NA,NA,NA,NA,NA,NA,NA,NA,NA,NA,NA,2011
2,Ladakh,3,0.986,1,NA,NA,NA,NA,NA,NA,NA,NA,NA,NA,NA,NA,NA,NA,NA,NA,NA,NA,2011
2,Ladakh,4,0.851,0.526,NA,NA,NA,NA,NA,NA,NA,NA,NA,NA,NA,NA,NA,NA,NA,NA,NA,NA,2011
2,Ladakh,5,0.983,0.222,NA,NA,NA,NA,NA,NA,NA,NA,NA,NA,NA,NA,NA,NA,NA,NA,NA,NA,2011
99,Ladakh,1,1,0.732,NA,NA,NA,NA,NA,NA,NA,NA,NA,NA,NA,NA,NA,NA,NA,NA,NA,NA,2011
99,Ladakh,2,0.987,0.953,NA,NA,NA,NA,NA,NA,NA,NA,NA,NA,NA,NA,NA,NA,NA,NA,NA,NA,2011
99,Ladakh,3,0.995,0.947,NA,NA,NA,NA,NA,NA,NA,NA,NA,NA,NA,NA,NA,NA,NA,NA,NA,NA,2011
99,Ladakh,4,0.998,0.696,NA,NA,NA,NA,NA,NA,NA,NA,NA,NA,NA,NA,NA,NA,NA,NA,NA,NA,2011
99,Ladakh,5,0.935,0.727,NA,NA,NA,NA,NA,NA,NA,NA,NA,NA,NA,NA,NA,NA,NA,NA,NA,NA,2011
99,Ladakh,99,0.983,0.811,NA,NA,NA,NA,NA,NA,NA,NA,NA,NA,NA,NA,NA,NA,NA,NA,NA,NA,2011
1,Ladakh,99,0.99,0.84,NA,NA,NA,NA,NA,NA,NA,NA,NA,NA,NA,NA,NA,NA,NA,NA,NA,NA,2011
2,Ladakh,99,0.944,0.648,NA,NA,NA,NA,NA,NA,NA,NA,NA,NA,NA,NA,NA,NA,NA,NA,NA,NA,2011
rural,Lakshadweep,1,0.767,0.511,0.356,0.83,0.023,0,0,0.044,0,0,0.036,0,0,0,0.036,0.83,0.267,0.091,0.673,0.546,2022
urban,Lakshadweep,1,0.867,0,0.248,0.9,0.01,0,0,0,0.098,0,0,0,0,0,0,0.9,0.285,0.076,0.795,0.467,2022
rural,Lakshadweep,2,0.851,0.093,0.209,0.779,0,0,0,0.127,0,0,0,0,0,0,0,0.779,0.349,0.025,0.361,0.363,2022
urban,Lakshadweep,2,0.961,0,0.077,0.769,0,0,0,0,0.077,0,0.012,0,0,0,0.012,0.769,0.372,0.018,0.475,0.291,2022
rural,Lakshadweep,3,0.886,0.123,0.112,0.516,0,0,0,0.09,0.061,0,0.018,0,0,0,0,0.481,0.221,0.187,0.207,0.157,2022
urban,Lakshadweep,3,0.923,0,0.106,0.575,0,0,0,0.041,0.059,0,0.024,0,0,0,0.024,0.575,0.237,0.013,0.382,0.181,2022
rural,Lakshadweep,4,0.844,0.048,0.162,0.502,0.023,0,0,0.017,0.013,0,0,0,0,0,0,0.502,0.248,0.168,0.267,0.221,2022
urban,Lakshadweep,4,0.908,0,0.028,0.601,0,0,0,0.062,0.121,0.012,0.112,0,0.014,0,0.026,0.582,0.32,0.041,0.456,0.399,2022
rural,Lakshadweep,5,0.754,0.051,0.167,0.376,0.004,0,0,0.018,0.013,0,0,0,0,0,0,0.361,0.299,0.263,0.283,0.243,2022
urban,Lakshadweep,5,0.796,0,0.091,0.347,0,0,0.006,0.021,0.083,0.008,0.039,0,0,0,0,0.347,0.203,0,0.249,0.182,2022
all,Lakshadweep,1,0.84,0.118,0.263,0.873,0.013,0,0,0,0.075,0,0.009,0,0,0,0.009,0.873,0.258,0.094,0.766,0.459,2022
all,Lakshadweep,2,0.95,0.017,0.107,0.784,0,0,0,0.034,0.058,0,0.009,0,0,0,0.009,0.784,0.373,0.003,0.444,0.314,2022
all,Lakshadweep,3,0.908,0.043,0.113,0.574,0,0,0,0.06,0.059,0,0.022,0,0,0,0.018,0.566,0.241,0.06,0.364,0.202,2022
all,Lakshadweep,4,0.903,0.008,0.05,0.576,0.006,0,0,0.062,0.091,0.009,0.084,0,0.01,0,0.019,0.562,0.288,0.049,0.389,0.334,2022
all,Lakshadweep,5,0.766,0.016,0.129,0.341,0.001,0,0.005,0.009,0.07,0.006,0.029,0,0,0,0,0.337,0.248,0.085,0.261,0.216,2022
all,Lakshadweep,99,0.874,0.041,0.133,0.63,0.004,0,0.001,0.033,0.071,0.003,0.031,0,0.002,0,0.011,0.625,0.282,0.058,0.445,0.305,2022
rural,Lakshadweep,99,0.82,0.167,0.202,0.602,0.01,0,0,0.059,0.017,0,0.011,0,0,0,0.007,0.592,0.277,0.146,0.36,0.307,2022
urban,Lakshadweep,99,0.891,0,0.11,0.639,0.002,0,0.001,0.025,0.088,0.004,0.037,0,0.003,0,0.012,0.635,0.283,0.03,0.472,0.304,2022
1,Lakshadweep,1,1,1,NA,NA,NA,NA,NA,NA,NA,NA,NA,NA,NA,NA,NA,NA,NA,NA,NA,NA,2011
1,Lakshadweep,2,1,1,NA,NA,NA,NA,NA,NA,NA,NA,NA,NA,NA,NA,NA,NA,NA,NA,NA,NA,2011
1,Lakshadweep,3,1,1,NA,NA,NA,NA,NA,NA,NA,NA,NA,NA,NA,NA,NA,NA,NA,NA,NA,NA,2011
1,Lakshadweep,4,1,1,NA,NA,NA,NA,NA,NA,NA,NA,NA,NA,NA,NA,NA,NA,NA,NA,NA,NA,2011
1,Lakshadweep,5,0.938,0.931,NA,NA,NA,NA,NA,NA,NA,NA,NA,NA,NA,NA,NA,NA,NA,NA,NA,NA,2011
2,Lakshadweep,1,1,0.717,NA,NA,NA,NA,NA,NA,NA,NA,NA,NA,NA,NA,NA,NA,NA,NA,NA,NA,2011
2,Lakshadweep,2,0.997,0.763,NA,NA,NA,NA,NA,NA,NA,NA,NA,NA,NA,NA,NA,NA,NA,NA,NA,NA,2011
2,Lakshadweep,3,0.977,0.997,NA,NA,NA,NA,NA,NA,NA,NA,NA,NA,NA,NA,NA,NA,NA,NA,NA,NA,2011
2,Lakshadweep,4,0.99,0.891,NA,NA,NA,NA,NA,NA,NA,NA,NA,NA,NA,NA,NA,NA,NA,NA,NA,NA,2011
2,Lakshadweep,5,0.83,0.788,NA,NA,NA,NA,NA,NA,NA,NA,NA,NA,NA,NA,NA,NA,NA,NA,NA,NA,2011
99,Lakshadweep,1,1,0.84,NA,NA,NA,NA,NA,NA,NA,NA,NA,NA,NA,NA,NA,NA,NA,NA,NA,NA,2011
99,Lakshadweep,2,0.997,0.91,NA,NA,NA,NA,NA,NA,NA,NA,NA,NA,NA,NA,NA,NA,NA,NA,NA,NA,2011
99,Lakshadweep,3,0.987,0.996,NA,NA,NA,NA,NA,NA,NA,NA,NA,NA,NA,NA,NA,NA,NA,NA,NA,NA,2011
99,Lakshadweep,4,1,0.952,NA,NA,NA,NA,NA,NA,NA,NA,NA,NA,NA,NA,NA,NA,NA,NA,NA,NA,2011
99,Lakshadweep,5,0.89,0.867,NA,NA,NA,NA,NA,NA,NA,NA,NA,NA,NA,NA,NA,NA,NA,NA,NA,NA,2011
99,Lakshadweep,99,0.975,0.913,NA,NA,NA,NA,NA,NA,NA,NA,NA,NA,NA,NA,NA,NA,NA,NA,NA,NA,2011
1,Lakshadweep,99,0.988,0.987,NA,NA,NA,NA,NA,NA,NA,NA,NA,NA,NA,NA,NA,NA,NA,NA,NA,NA,2011
2,Lakshadweep,99,0.959,0.828,NA,NA,NA,NA,NA,NA,NA,NA,NA,NA,NA,NA,NA,NA,NA,NA,NA,NA,2011
rural,Madhya Pradesh,1,0.752,0.012,0.238,0.508,0.004,0.054,0.137,0.163,0.447,0.011,0.056,0,0,0.001,0.012,0.501,0.008,0.005,0.118,0.004,2022
urban,Madhya Pradesh,1,0.572,0.013,0.207,0.315,0.001,0.271,0.19,0.15,0.387,0.016,0.008,0,0,0,0.001,0.311,0.007,0.003,0.03,0.008,2022
rural,Madhya Pradesh,2,0.632,0.011,0.349,0.479,0.002,0.091,0.224,0.135,0.494,0.019,0.035,0,0,0,0.014,0.469,0.02,0.006,0.098,0.012,2022
urban,Madhya Pradesh,2,0.459,0.013,0.202,0.222,0.001,0.299,0.222,0.085,0.363,0.022,0.007,0,0,0,0,0.22,0.007,0.004,0.016,0.003,2022
rural,Madhya Pradesh,3,0.63,0.014,0.399,0.428,0.001,0.132,0.263,0.11,0.494,0.016,0.03,0,0,0.001,0.012,0.417,0.016,0.005,0.07,0.004,2022
urban,Madhya Pradesh,3,0.373,0.008,0.135,0.136,0.001,0.25,0.173,0.06,0.27,0.019,0.008,0.001,0,0,0.003,0.135,0.005,0.002,0.01,0.002,2022
rural,Madhya Pradesh,4,0.558,0.02,0.4,0.349,0,0.164,0.298,0.101,0.462,0.014,0.009,0,0,0,0.004,0.341,0.008,0.006,0.04,0.004,2022
urban,Madhya Pradesh,4,0.27,0.001,0.083,0.071,0.001,0.236,0.146,0.039,0.219,0.021,0.004,0,0,0,0.003,0.067,0.003,0.001,0.006,0.001,2022
rural,Madhya Pradesh,5,0.507,0.014,0.338,0.233,0.001,0.181,0.267,0.086,0.431,0.025,0.009,0,0,0.001,0.003,0.229,0.002,0.001,0.021,0.004,2022
urban,Madhya Pradesh,5,0.143,0.003,0.035,0.054,0,0.168,0.102,0.069,0.125,0.007,0.003,0,0,0,0,0.053,0.005,0.005,0.004,0.001,2022
all,Madhya Pradesh,1,0.714,0.013,0.238,0.469,0.003,0.098,0.145,0.164,0.44,0.012,0.046,0,0,0.001,0.009,0.463,0.007,0.004,0.099,0.004,2022
all,Madhya Pradesh,2,0.597,0.011,0.319,0.421,0.002,0.143,0.227,0.119,0.464,0.02,0.028,0,0,0,0.011,0.411,0.018,0.006,0.078,0.012,2022
all,Madhya Pradesh,3,0.581,0.014,0.348,0.366,0.001,0.16,0.257,0.103,0.446,0.015,0.025,0,0,0,0.01,0.358,0.013,0.004,0.055,0.003,2022
all,Madhya Pradesh,4,0.502,0.018,0.338,0.284,0.001,0.186,0.267,0.087,0.414,0.016,0.007,0,0,0,0.003,0.277,0.005,0.004,0.028,0.004,2022
all,Madhya Pradesh,5,0.368,0.008,0.213,0.157,0.001,0.186,0.204,0.074,0.322,0.022,0.007,0,0,0.001,0.002,0.154,0.003,0.002,0.015,0.003,2022
all,Madhya Pradesh,99,0.552,0.013,0.291,0.339,0.001,0.155,0.22,0.109,0.417,0.017,0.022,0,0,0,0.007,0.332,0.009,0.004,0.055,0.005,2022
rural,Madhya Pradesh,99,0.616,0.014,0.345,0.399,0.002,0.124,0.238,0.119,0.466,0.017,0.028,0,0,0.001,0.009,0.391,0.011,0.004,0.069,0.005,2022
urban,Madhya Pradesh,99,0.364,0.008,0.133,0.16,0.001,0.245,0.167,0.08,0.273,0.017,0.006,0,0,0,0.002,0.157,0.005,0.003,0.013,0.003,2022
1,Madhya Pradesh,1,0.615,0.839,NA,NA,NA,NA,NA,NA,NA,NA,NA,NA,NA,NA,NA,NA,NA,NA,NA,NA,2011
1,Madhya Pradesh,2,0.534,0.719,NA,NA,NA,NA,NA,NA,NA,NA,NA,NA,NA,NA,NA,NA,NA,NA,NA,NA,2011
1,Madhya Pradesh,3,0.429,0.717,NA,NA,NA,NA,NA,NA,NA,NA,NA,NA,NA,NA,NA,NA,NA,NA,NA,NA,2011
1,Madhya Pradesh,4,0.334,0.725,NA,NA,NA,NA,NA,NA,NA,NA,NA,NA,NA,NA,NA,NA,NA,NA,NA,NA,2011
1,Madhya Pradesh,5,0.198,0.678,NA,NA,NA,NA,NA,NA,NA,NA,NA,NA,NA,NA,NA,NA,NA,NA,NA,NA,2011
2,Madhya Pradesh,1,0.529,0.583,NA,NA,NA,NA,NA,NA,NA,NA,NA,NA,NA,NA,NA,NA,NA,NA,NA,NA,2011
2,Madhya Pradesh,2,0.399,0.468,NA,NA,NA,NA,NA,NA,NA,NA,NA,NA,NA,NA,NA,NA,NA,NA,NA,NA,2011
2,Madhya Pradesh,3,0.31,0.44,NA,NA,NA,NA,NA,NA,NA,NA,NA,NA,NA,NA,NA,NA,NA,NA,NA,NA,2011
2,Madhya Pradesh,4,0.203,0.278,NA,NA,NA,NA,NA,NA,NA,NA,NA,NA,NA,NA,NA,NA,NA,NA,NA,NA,2011
2,Madhya Pradesh,5,0.056,0.083,NA,NA,NA,NA,NA,NA,NA,NA,NA,NA,NA,NA,NA,NA,NA,NA,NA,NA,2011
99,Madhya Pradesh,1,0.565,0.774,NA,NA,NA,NA,NA,NA,NA,NA,NA,NA,NA,NA,NA,NA,NA,NA,NA,NA,2011
99,Madhya Pradesh,2,0.53,0.7,NA,NA,NA,NA,NA,NA,NA,NA,NA,NA,NA,NA,NA,NA,NA,NA,NA,NA,2011
99,Madhya Pradesh,3,0.403,0.654,NA,NA,NA,NA,NA,NA,NA,NA,NA,NA,NA,NA,NA,NA,NA,NA,NA,NA,2011
99,Madhya Pradesh,4,0.314,0.669,NA,NA,NA,NA,NA,NA,NA,NA,NA,NA,NA,NA,NA,NA,NA,NA,NA,NA,2011
99,Madhya Pradesh,5,0.142,0.416,NA,NA,NA,NA,NA,NA,NA,NA,NA,NA,NA,NA,NA,NA,NA,NA,NA,NA,2011
99,Madhya Pradesh,99,0.391,0.643,NA,NA,NA,NA,NA,NA,NA,NA,NA,NA,NA,NA,NA,NA,NA,NA,NA,NA,2011
1,Madhya Pradesh,99,0.422,0.736,NA,NA,NA,NA,NA,NA,NA,NA,NA,NA,NA,NA,NA,NA,NA,NA,NA,NA,2011
2,Madhya Pradesh,99,0.3,0.371,NA,NA,NA,NA,NA,NA,NA,NA,NA,NA,NA,NA,NA,NA,NA,NA,NA,NA,2011
rural,Maharashtra,1,0.634,0.001,0.392,0.491,0.003,0.295,0.027,0.147,0.073,0.008,0.007,0,0,0,0.002,0.481,0.014,0.01,0.13,0.004,2022
urban,Maharashtra,1,0.444,0,0.264,0.322,0.002,0.358,0.023,0.086,0.056,0.013,0.013,0,0,0,0,0.315,0.017,0.03,0.039,0.003,2022
rural,Maharashtra,2,0.613,0.001,0.434,0.397,0.001,0.382,0.015,0.122,0.102,0.009,0.013,0,0,0,0.002,0.378,0.016,0.015,0.102,0.005,2022
urban,Maharashtra,2,0.363,0,0.184,0.172,0.001,0.214,0.014,0.058,0.026,0.012,0.007,0.002,0.002,0,0,0.166,0.023,0.025,0.021,0.008,2022
rural,Maharashtra,3,0.558,0,0.45,0.344,0.001,0.343,0.02,0.109,0.098,0.009,0.015,0,0,0,0.003,0.333,0.015,0.008,0.08,0.007,2022
urban,Maharashtra,3,0.285,0,0.14,0.089,0,0.136,0.015,0.041,0.013,0.004,0.003,0.001,0.001,0,0,0.086,0.009,0.01,0.009,0,2022
rural,Maharashtra,4,0.485,0,0.434,0.257,0.002,0.231,0.01,0.093,0.077,0.013,0.011,0.001,0,0,0,0.245,0.018,0.016,0.054,0.007,2022
urban,Maharashtra,4,0.178,0,0.1,0.052,0,0.12,0.007,0.039,0.01,0.004,0.017,0.012,0,0,0,0.051,0.01,0.012,0.004,0.001,2022
rural,Maharashtra,5,0.339,0,0.295,0.126,0.002,0.202,0.008,0.067,0.064,0.016,0.021,0.016,0,0,0.001,0.12,0.007,0.006,0.018,0.003,2022
urban,Maharashtra,5,0.094,0,0.046,0.039,0,0.077,0.014,0.023,0.007,0.002,0.022,0.016,0,0,0,0.038,0.013,0.014,0.001,0,2022
all,Maharashtra,1,0.587,0.001,0.366,0.439,0.003,0.332,0.024,0.126,0.076,0.011,0.009,0,0,0,0.001,0.427,0.015,0.016,0.106,0.004,2022
all,Maharashtra,2,0.53,0.001,0.367,0.334,0,0.341,0.019,0.103,0.077,0.008,0.015,0,0.001,0,0.001,0.322,0.019,0.018,0.07,0.006,2022
all,Maharashtra,3,0.458,0,0.331,0.244,0.002,0.256,0.013,0.087,0.066,0.01,0.009,0.001,0,0,0.001,0.235,0.015,0.015,0.048,0.006,2022
all,Maharashtra,4,0.322,0,0.265,0.144,0.001,0.162,0.009,0.061,0.04,0.01,0.013,0.007,0,0,0,0.138,0.013,0.013,0.023,0.003,2022
all,Maharashtra,5,0.198,0,0.14,0.057,0.001,0.13,0.011,0.04,0.027,0.008,0.02,0.015,0,0,0,0.054,0.009,0.008,0.006,0.001,2022
all,Maharashtra,99,0.419,0,0.294,0.244,0.001,0.244,0.015,0.083,0.057,0.009,0.013,0.005,0,0,0.001,0.235,0.014,0.014,0.051,0.004,2022
rural,Maharashtra,99,0.526,0.001,0.401,0.323,0.002,0.291,0.016,0.108,0.083,0.011,0.014,0.003,0,0,0.002,0.312,0.014,0.011,0.077,0.005,2022
urban,Maharashtra,99,0.273,0,0.147,0.135,0.001,0.181,0.015,0.049,0.022,0.007,0.012,0.006,0.001,0,0,0.131,0.014,0.018,0.015,0.003,2022
1,Maharashtra,1,0.629,0.745,NA,NA,NA,NA,NA,NA,NA,NA,NA,NA,NA,NA,NA,NA,NA,NA,NA,NA,2011
1,Maharashtra,2,0.549,0.726,NA,NA,NA,NA,NA,NA,NA,NA,NA,NA,NA,NA,NA,NA,NA,NA,NA,NA,2011
1,Maharashtra,3,0.553,0.729,NA,NA,NA,NA,NA,NA,NA,NA,NA,NA,NA,NA,NA,NA,NA,NA,NA,NA,2011
1,Maharashtra,4,0.455,0.655,NA,NA,NA,NA,NA,NA,NA,NA,NA,NA,NA,NA,NA,NA,NA,NA,NA,NA,2011
1,Maharashtra,5,0.276,0.51,NA,NA,NA,NA,NA,NA,NA,NA,NA,NA,NA,NA,NA,NA,NA,NA,NA,NA,2011
2,Maharashtra,1,0.366,0.402,NA,NA,NA,NA,NA,NA,NA,NA,NA,NA,NA,NA,NA,NA,NA,NA,NA,NA,2011
2,Maharashtra,2,0.166,0.29,NA,NA,NA,NA,NA,NA,NA,NA,NA,NA,NA,NA,NA,NA,NA,NA,NA,NA,2011
2,Maharashtra,3,0.105,0.23,NA,NA,NA,NA,NA,NA,NA,NA,NA,NA,NA,NA,NA,NA,NA,NA,NA,NA,2011
2,Maharashtra,4,0.042,0.118,NA,NA,NA,NA,NA,NA,NA,NA,NA,NA,NA,NA,NA,NA,NA,NA,NA,NA,2011
2,Maharashtra,5,0.024,0.033,NA,NA,NA,NA,NA,NA,NA,NA,NA,NA,NA,NA,NA,NA,NA,NA,NA,NA,2011
99,Maharashtra,1,0.556,0.65,NA,NA,NA,NA,NA,NA,NA,NA,NA,NA,NA,NA,NA,NA,NA,NA,NA,NA,2011
99,Maharashtra,2,0.463,0.626,NA,NA,NA,NA,NA,NA,NA,NA,NA,NA,NA,NA,NA,NA,NA,NA,NA,NA,2011
99,Maharashtra,3,0.37,0.512,NA,NA,NA,NA,NA,NA,NA,NA,NA,NA,NA,NA,NA,NA,NA,NA,NA,NA,2011
99,Maharashtra,4,0.199,0.379,NA,NA,NA,NA,NA,NA,NA,NA,NA,NA,NA,NA,NA,NA,NA,NA,NA,NA,2011
99,Maharashtra,5,0.077,0.159,NA,NA,NA,NA,NA,NA,NA,NA,NA,NA,NA,NA,NA,NA,NA,NA,NA,NA,2011
99,Maharashtra,99,0.333,0.466,NA,NA,NA,NA,NA,NA,NA,NA,NA,NA,NA,NA,NA,NA,NA,NA,NA,NA,2011
1,Maharashtra,99,0.493,0.673,NA,NA,NA,NA,NA,NA,NA,NA,NA,NA,NA,NA,NA,NA,NA,NA,NA,NA,2011
2,Maharashtra,99,0.141,0.215,NA,NA,NA,NA,NA,NA,NA,NA,NA,NA,NA,NA,NA,NA,NA,NA,NA,NA,2011
rural,Manipur,1,0.883,0,0.12,0.252,0.002,0.081,0.037,0.091,0.163,0.006,0.003,0,0,0,0,0.245,0.045,0.052,0.034,0.002,2022
urban,Manipur,1,0.84,0.01,0.316,0.125,0,0.098,0.011,0.028,0.18,0.004,0.002,0,0,0,0,0.123,0.006,0.029,0.005,0,2022
rural,Manipur,2,0.878,0.003,0.114,0.169,0,0.118,0.02,0.035,0.191,0.013,0.004,0,0,0,0,0.165,0.032,0.04,0.029,0,2022
urban,Manipur,2,0.711,0,0.234,0.041,0,0.138,0.009,0.013,0.156,0.016,0,0,0,0,0,0.038,0.005,0.016,0.001,0,2022
rural,Manipur,3,0.784,0,0.105,0.092,0,0.186,0.024,0.015,0.17,0.004,0.005,0,0,0,0,0.087,0.011,0.028,0.024,0,2022
urban,Manipur,3,0.698,0.003,0.168,0.039,0.002,0.176,0.003,0.021,0.139,0.009,0.013,0,0,0,0,0.032,0,0.014,0.015,0.005,2022
rural,Manipur,4,0.772,0,0.072,0.048,0,0.267,0.022,0.009,0.209,0.018,0,0,0,0,0,0.046,0.002,0.013,0,0,2022
urban,Manipur,4,0.671,0,0.125,0.007,0,0.195,0.007,0.003,0.178,0.009,0,0,0,0,0,0.005,0,0,0.002,0,2022
rural,Manipur,5,0.666,0,0.055,0.031,0.002,0.246,0.01,0.02,0.142,0.02,0.002,0,0,0,0,0.027,0.008,0.019,0.004,0.003,2022
urban,Manipur,5,0.52,0,0.059,0.005,0,0.286,0.003,0.004,0.126,0.018,0,0,0,0,0,0.005,0,0,0,0,2022
all,Manipur,1,0.88,0,0.165,0.225,0.002,0.083,0.032,0.076,0.173,0.004,0.002,0,0,0,0,0.22,0.041,0.044,0.027,0.002,2022
all,Manipur,2,0.836,0.005,0.145,0.132,0,0.118,0.02,0.026,0.179,0.014,0.003,0,0,0,0,0.129,0.02,0.036,0.021,0,2022
all,Manipur,3,0.753,0.001,0.127,0.075,0,0.188,0.015,0.016,0.171,0.005,0.007,0,0,0,0,0.069,0.007,0.023,0.021,0.001,2022
all,Manipur,4,0.751,0,0.091,0.038,0.001,0.257,0.017,0.008,0.192,0.02,0,0,0,0,0,0.035,0.001,0.01,0.001,0.001,2022
all,Manipur,5,0.618,0,0.056,0.021,0.001,0.25,0.007,0.016,0.135,0.017,0.002,0,0,0,0,0.018,0.006,0.014,0.003,0.002,2022
all,Manipur,99,0.768,0.001,0.117,0.098,0.001,0.179,0.018,0.028,0.17,0.012,0.003,0,0,0,0,0.094,0.015,0.025,0.015,0.001,2022
rural,Manipur,99,0.797,0.001,0.093,0.119,0.001,0.18,0.022,0.034,0.175,0.012,0.003,0,0,0,0,0.114,0.02,0.03,0.018,0.001,2022
urban,Manipur,99,0.688,0.002,0.18,0.043,0,0.179,0.007,0.014,0.156,0.011,0.003,0,0,0,0,0.041,0.002,0.012,0.005,0.001,2022
1,Manipur,1,0.029,0.25,NA,NA,NA,NA,NA,NA,NA,NA,NA,NA,NA,NA,NA,NA,NA,NA,NA,NA,2011
1,Manipur,2,0.045,0.317,NA,NA,NA,NA,NA,NA,NA,NA,NA,NA,NA,NA,NA,NA,NA,NA,NA,NA,2011
1,Manipur,3,0.126,0.432,NA,NA,NA,NA,NA,NA,NA,NA,NA,NA,NA,NA,NA,NA,NA,NA,NA,NA,2011
1,Manipur,4,0.148,0.38,NA,NA,NA,NA,NA,NA,NA,NA,NA,NA,NA,NA,NA,NA,NA,NA,NA,NA,2011
1,Manipur,5,0.2,0.413,NA,NA,NA,NA,NA,NA,NA,NA,NA,NA,NA,NA,NA,NA,NA,NA,NA,NA,2011
2,Manipur,1,0.084,0.329,NA,NA,NA,NA,NA,NA,NA,NA,NA,NA,NA,NA,NA,NA,NA,NA,NA,NA,2011
2,Manipur,2,0.047,0.368,NA,NA,NA,NA,NA,NA,NA,NA,NA,NA,NA,NA,NA,NA,NA,NA,NA,NA,2011
2,Manipur,3,0.081,0.331,NA,NA,NA,NA,NA,NA,NA,NA,NA,NA,NA,NA,NA,NA,NA,NA,NA,NA,2011
2,Manipur,4,0.092,0.281,NA,NA,NA,NA,NA,NA,NA,NA,NA,NA,NA,NA,NA,NA,NA,NA,NA,NA,2011
2,Manipur,5,0.042,0.211,NA,NA,NA,NA,NA,NA,NA,NA,NA,NA,NA,NA,NA,NA,NA,NA,NA,NA,2011
99,Manipur,1,0.044,0.272,NA,NA,NA,NA,NA,NA,NA,NA,NA,NA,NA,NA,NA,NA,NA,NA,NA,NA,2011
99,Manipur,2,0.046,0.329,NA,NA,NA,NA,NA,NA,NA,NA,NA,NA,NA,NA,NA,NA,NA,NA,NA,NA,2011
99,Manipur,3,0.121,0.408,NA,NA,NA,NA,NA,NA,NA,NA,NA,NA,NA,NA,NA,NA,NA,NA,NA,NA,2011
99,Manipur,4,0.125,0.346,NA,NA,NA,NA,NA,NA,NA,NA,NA,NA,NA,NA,NA,NA,NA,NA,NA,NA,2011
99,Manipur,5,0.157,0.362,NA,NA,NA,NA,NA,NA,NA,NA,NA,NA,NA,NA,NA,NA,NA,NA,NA,NA,2011
99,Manipur,99,0.099,0.343,NA,NA,NA,NA,NA,NA,NA,NA,NA,NA,NA,NA,NA,NA,NA,NA,NA,NA,2011
1,Manipur,99,0.11,0.358,NA,NA,NA,NA,NA,NA,NA,NA,NA,NA,NA,NA,NA,NA,NA,NA,NA,NA,2011
2,Manipur,99,0.069,0.304,NA,NA,NA,NA,NA,NA,NA,NA,NA,NA,NA,NA,NA,NA,NA,NA,NA,NA,2011
rural,Meghalaya,1,0.813,0.114,0.253,0.505,0.003,0.005,0.054,0.037,0.29,0.024,0.019,0,0.005,0,0,0.496,0.103,0.041,0.134,0.08,2022
urban,Meghalaya,1,0.662,0.1,0.038,0.141,0,0.069,0.004,0.015,0.164,0.036,0.008,0,0,0,0,0.134,0.016,0.012,0.013,0.005,2022
rural,Meghalaya,2,0.781,0.069,0.165,0.427,0,0.022,0.028,0.055,0.259,0.021,0.014,0,0,0,0,0.421,0.03,0.03,0.099,0.016,2022
urban,Meghalaya,2,0.609,0.01,0.011,0.074,0,0.085,0.005,0.044,0.331,0.018,0.009,0,0,0,0,0.074,0.008,0,0.016,0,2022
rural,Meghalaya,3,0.737,0.074,0.092,0.367,0,0.029,0.026,0.045,0.233,0.014,0.044,0,0,0,0,0.356,0.068,0.034,0.107,0.008,2022
urban,Meghalaya,3,0.54,0.005,0.014,0.071,0,0.046,0.009,0.042,0.433,0.048,0.02,0,0.017,0,0,0.071,0,0.006,0.013,0,2022
rural,Meghalaya,4,0.726,0.054,0.09,0.272,0,0.029,0.017,0.033,0.308,0.024,0.094,0,0.01,0,0,0.264,0.093,0.008,0.141,0.005,2022
urban,Meghalaya,4,0.345,0.004,0.002,0.016,0,0.041,0.014,0.086,0.323,0.064,0.032,0,0.022,0,0,0.016,0.002,0,0,0,2022
rural,Meghalaya,5,0.624,0.026,0.08,0.097,0,0.026,0.003,0.034,0.382,0.012,0.03,0,0.015,0,0,0.095,0.015,0,0.046,0.001,2022
urban,Meghalaya,5,0.18,0.004,0.009,0.011,0.001,0.027,0.007,0.059,0.291,0.011,0.046,0.015,0.028,0.002,0,0.011,0,0,0.001,0.001,2022
all,Meghalaya,1,0.799,0.113,0.243,0.472,0.002,0.006,0.047,0.038,0.28,0.023,0.016,0,0.005,0,0,0.463,0.089,0.038,0.115,0.068,2022
all,Meghalaya,2,0.781,0.083,0.139,0.412,0,0.031,0.028,0.054,0.236,0.02,0.017,0,0,0,0,0.406,0.038,0.032,0.102,0.013,2022
all,Meghalaya,3,0.719,0.058,0.086,0.333,0,0.021,0.026,0.04,0.257,0.019,0.062,0,0,0,0,0.322,0.081,0.025,0.113,0.007,2022
all,Meghalaya,4,0.689,0.038,0.072,0.2,0,0.052,0.009,0.033,0.346,0.021,0.062,0,0.013,0,0,0.194,0.051,0.004,0.104,0.005,2022
all,Meghalaya,5,0.498,0.014,0.053,0.056,0,0.024,0.005,0.045,0.364,0.023,0.031,0.002,0.019,0,0,0.054,0.009,0,0.023,0,2022
all,Meghalaya,99,0.697,0.061,0.119,0.294,0,0.027,0.023,0.042,0.296,0.021,0.038,0,0.007,0,0,0.288,0.054,0.02,0.091,0.019,2022
rural,Meghalaya,99,0.736,0.067,0.136,0.334,0.001,0.022,0.026,0.041,0.294,0.019,0.04,0,0.006,0,0,0.326,0.062,0.023,0.106,0.022,2022
urban,Meghalaya,99,0.468,0.025,0.015,0.063,0,0.054,0.008,0.049,0.308,0.035,0.023,0.003,0.014,0,0,0.061,0.005,0.004,0.008,0.001,2022
1,Meghalaya,1,0.927,0.832,NA,NA,NA,NA,NA,NA,NA,NA,NA,NA,NA,NA,NA,NA,NA,NA,NA,NA,2011
1,Meghalaya,2,0.89,0.548,NA,NA,NA,NA,NA,NA,NA,NA,NA,NA,NA,NA,NA,NA,NA,NA,NA,NA,2011
1,Meghalaya,3,0.794,0.63,NA,NA,NA,NA,NA,NA,NA,NA,NA,NA,NA,NA,NA,NA,NA,NA,NA,NA,2011
1,Meghalaya,4,0.722,0.57,NA,NA,NA,NA,NA,NA,NA,NA,NA,NA,NA,NA,NA,NA,NA,NA,NA,NA,2011
1,Meghalaya,5,0.568,0.371,NA,NA,NA,NA,NA,NA,NA,NA,NA,NA,NA,NA,NA,NA,NA,NA,NA,NA,2011
2,Meghalaya,1,0.423,0.322,NA,NA,NA,NA,NA,NA,NA,NA,NA,NA,NA,NA,NA,NA,NA,NA,NA,NA,2011
2,Meghalaya,2,0.508,0.107,NA,NA,NA,NA,NA,NA,NA,NA,NA,NA,NA,NA,NA,NA,NA,NA,NA,NA,2011
2,Meghalaya,3,0.358,0.037,NA,NA,NA,NA,NA,NA,NA,NA,NA,NA,NA,NA,NA,NA,NA,NA,NA,NA,2011
2,Meghalaya,4,0.484,0.05,NA,NA,NA,NA,NA,NA,NA,NA,NA,NA,NA,NA,NA,NA,NA,NA,NA,NA,2011
2,Meghalaya,5,0.181,0.003,NA,NA,NA,NA,NA,NA,NA,NA,NA,NA,NA,NA,NA,NA,NA,NA,NA,NA,2011
99,Meghalaya,1,0.862,0.726,NA,NA,NA,NA,NA,NA,NA,NA,NA,NA,NA,NA,NA,NA,NA,NA,NA,NA,2011
99,Meghalaya,2,0.842,0.566,NA,NA,NA,NA,NA,NA,NA,NA,NA,NA,NA,NA,NA,NA,NA,NA,NA,NA,2011
99,Meghalaya,3,0.754,0.56,NA,NA,NA,NA,NA,NA,NA,NA,NA,NA,NA,NA,NA,NA,NA,NA,NA,NA,2011
99,Meghalaya,4,0.622,0.437,NA,NA,NA,NA,NA,NA,NA,NA,NA,NA,NA,NA,NA,NA,NA,NA,NA,NA,2011
99,Meghalaya,5,0.444,0.185,NA,NA,NA,NA,NA,NA,NA,NA,NA,NA,NA,NA,NA,NA,NA,NA,NA,NA,2011
99,Meghalaya,99,0.705,0.495,NA,NA,NA,NA,NA,NA,NA,NA,NA,NA,NA,NA,NA,NA,NA,NA,NA,NA,2011
1,Meghalaya,99,0.781,0.591,NA,NA,NA,NA,NA,NA,NA,NA,NA,NA,NA,NA,NA,NA,NA,NA,NA,NA,2011
2,Meghalaya,99,0.393,0.104,NA,NA,NA,NA,NA,NA,NA,NA,NA,NA,NA,NA,NA,NA,NA,NA,NA,NA,2011
rural,Mizoram,1,0.929,0.132,0.131,0.265,0,0.617,0.007,0.019,0.023,0.015,0,0,0,0,0,0.254,0.057,0.066,0,0,2022
urban,Mizoram,1,0.937,0.076,0.104,0.099,0,0.809,0.002,0.02,0.022,0.022,0.005,0,0,0,0,0.097,0.02,0.024,0.007,0.004,2022
rural,Mizoram,2,0.89,0.157,0.152,0.261,0,0.666,0.012,0.041,0.006,0.006,0.02,0,0,0,0,0.256,0.1,0.042,0.009,0,2022
urban,Mizoram,2,0.964,0.06,0.109,0.071,0,0.707,0.006,0.077,0.004,0.002,0,0,0,0,0,0.067,0.001,0.003,0,0,2022
rural,Mizoram,3,0.864,0.078,0.205,0.26,0,0.67,0.018,0.048,0.004,0.004,0.006,0,0,0,0,0.255,0.019,0.019,0.011,0,2022
urban,Mizoram,3,0.96,0.048,0.076,0.056,0,0.733,0.007,0.1,0.022,0.003,0,0,0,0,0,0.053,0,0,0.003,0.003,2022
rural,Mizoram,4,0.877,0.04,0.139,0.149,0,0.725,0.002,0.049,0.008,0.003,0,0,0,0,0,0.146,0.008,0.016,0,0,2022
urban,Mizoram,4,0.94,0.028,0.079,0.027,0,0.746,0.013,0.095,0.038,0.004,0,0,0,0,0,0.025,0,0,0,0,2022
rural,Mizoram,5,0.899,0.032,0.139,0.047,0,0.668,0.001,0.016,0,0,0.002,0,0,0,0,0.047,0,0.007,0,0,2022
urban,Mizoram,5,0.913,0.03,0.122,0.014,0,0.678,0.008,0.067,0.02,0.006,0.003,0,0,0,0,0.01,0,0,0,0,2022
all,Mizoram,1,0.919,0.123,0.128,0.23,0,0.661,0.007,0.026,0.017,0.013,0.01,0,0,0,0,0.223,0.06,0.051,0.003,0.002,2022
all,Mizoram,2,0.896,0.102,0.159,0.219,0,0.709,0.01,0.046,0.011,0.011,0.005,0,0,0,0,0.214,0.046,0.026,0.011,0,2022
all,Mizoram,3,0.919,0.058,0.14,0.126,0,0.696,0.007,0.058,0.01,0.003,0.002,0,0,0,0,0.122,0.006,0.012,0,0,2022
all,Mizoram,4,0.926,0.046,0.1,0.068,0,0.743,0.008,0.068,0.018,0.002,0,0,0,0,0,0.065,0.001,0.004,0.002,0.002,2022
all,Mizoram,5,0.912,0.024,0.119,0.024,0,0.681,0.005,0.057,0.014,0.004,0.002,0,0,0,0,0.023,0,0.003,0,0,2022
all,Mizoram,99,0.914,0.071,0.129,0.133,0,0.698,0.007,0.051,0.014,0.007,0.004,0,0,0,0,0.129,0.023,0.019,0.003,0.001,2022
rural,Mizoram,99,0.892,0.088,0.153,0.196,0,0.669,0.008,0.035,0.008,0.006,0.006,0,0,0,0,0.192,0.037,0.03,0.004,0,2022
urban,Mizoram,99,0.943,0.048,0.098,0.053,0,0.735,0.007,0.072,0.021,0.007,0.002,0,0,0,0,0.05,0.004,0.005,0.002,0.002,2022
1,Mizoram,1,0.975,0.544,NA,NA,NA,NA,NA,NA,NA,NA,NA,NA,NA,NA,NA,NA,NA,NA,NA,NA,2011
1,Mizoram,2,0.976,0.386,NA,NA,NA,NA,NA,NA,NA,NA,NA,NA,NA,NA,NA,NA,NA,NA,NA,NA,2011
1,Mizoram,3,1,0.59,NA,NA,NA,NA,NA,NA,NA,NA,NA,NA,NA,NA,NA,NA,NA,NA,NA,NA,2011
1,Mizoram,4,0.987,0.444,NA,NA,NA,NA,NA,NA,NA,NA,NA,NA,NA,NA,NA,NA,NA,NA,NA,NA,2011
1,Mizoram,5,0.983,0.418,NA,NA,NA,NA,NA,NA,NA,NA,NA,NA,NA,NA,NA,NA,NA,NA,NA,NA,2011
2,Mizoram,1,0.976,0.359,NA,NA,NA,NA,NA,NA,NA,NA,NA,NA,NA,NA,NA,NA,NA,NA,NA,NA,2011
2,Mizoram,2,0.94,0.368,NA,NA,NA,NA,NA,NA,NA,NA,NA,NA,NA,NA,NA,NA,NA,NA,NA,NA,2011
2,Mizoram,3,0.967,0.312,NA,NA,NA,NA,NA,NA,NA,NA,NA,NA,NA,NA,NA,NA,NA,NA,NA,NA,2011
2,Mizoram,4,0.949,0.518,NA,NA,NA,NA,NA,NA,NA,NA,NA,NA,NA,NA,NA,NA,NA,NA,NA,NA,2011
2,Mizoram,5,0.923,0.471,NA,NA,NA,NA,NA,NA,NA,NA,NA,NA,NA,NA,NA,NA,NA,NA,NA,NA,2011
99,Mizoram,1,0.979,0.444,NA,NA,NA,NA,NA,NA,NA,NA,NA,NA,NA,NA,NA,NA,NA,NA,NA,NA,2011
99,Mizoram,2,0.974,0.452,NA,NA,NA,NA,NA,NA,NA,NA,NA,NA,NA,NA,NA,NA,NA,NA,NA,NA,2011
99,Mizoram,3,0.972,0.458,NA,NA,NA,NA,NA,NA,NA,NA,NA,NA,NA,NA,NA,NA,NA,NA,NA,NA,2011
99,Mizoram,4,0.979,0.396,NA,NA,NA,NA,NA,NA,NA,NA,NA,NA,NA,NA,NA,NA,NA,NA,NA,NA,2011
99,Mizoram,5,0.937,0.466,NA,NA,NA,NA,NA,NA,NA,NA,NA,NA,NA,NA,NA,NA,NA,NA,NA,NA,2011
99,Mizoram,99,0.969,0.443,NA,NA,NA,NA,NA,NA,NA,NA,NA,NA,NA,NA,NA,NA,NA,NA,NA,NA,2011
1,Mizoram,99,0.984,0.477,NA,NA,NA,NA,NA,NA,NA,NA,NA,NA,NA,NA,NA,NA,NA,NA,NA,NA,2011
2,Mizoram,99,0.951,0.405,NA,NA,NA,NA,NA,NA,NA,NA,NA,NA,NA,NA,NA,NA,NA,NA,NA,NA,2011
rural,Nagaland,1,0.489,0,0.307,0.528,0,0.051,0,0,0.366,0.014,0.066,0,0,0,0,0.503,0.03,0.075,0.06,0,2022
urban,Nagaland,1,0.431,0,0.289,0.203,0,0.193,0.007,0.003,0.162,0.006,0.012,0,0,0,0,0.193,0.002,0.012,0.015,0.006,2022
rural,Nagaland,2,0.498,0,0.429,0.32,0.002,0.064,0.006,0.004,0.275,0.014,0.004,0,0,0,0,0.301,0.055,0.073,0.012,0,2022
urban,Nagaland,2,0.385,0.009,0.457,0.082,0,0.143,0.007,0.012,0.116,0,0,0,0,0,0,0.076,0,0.012,0,0,2022
rural,Nagaland,3,0.411,0,0.588,0.225,0,0.053,0,0,0.295,0.006,0,0,0,0,0,0.212,0.014,0.035,0.006,0,2022
urban,Nagaland,3,0.454,0,0.373,0.054,0,0.161,0.002,0,0.195,0.039,0,0,0,0,0,0.054,0,0.02,0,0,2022
rural,Nagaland,4,0.523,0,0.451,0.195,0,0.084,0,0,0.292,0.006,0,0,0,0,0,0.179,0.009,0.02,0.009,0,2022
urban,Nagaland,4,0.337,0.003,0.478,0.03,0,0.083,0.007,0.003,0.214,0.022,0.004,0,0,0,0,0.025,0,0.003,0.004,0.004,2022
rural,Nagaland,5,0.49,0,0.405,0.127,0,0.102,0,0,0.325,0.006,0,0,0,0,0,0.125,0.008,0.017,0.002,0,2022
urban,Nagaland,5,0.333,0.013,0.42,0.013,0,0.156,0.005,0.006,0.159,0,0,0,0,0,0,0.013,0,0,0,0,2022
all,Nagaland,1,0.492,0,0.326,0.483,0,0.056,0.002,0,0.34,0.014,0.052,0,0,0,0,0.459,0.032,0.07,0.049,0,2022
all,Nagaland,2,0.443,0,0.452,0.273,0.002,0.096,0.004,0.003,0.284,0.011,0.003,0,0,0,0,0.26,0.034,0.055,0.012,0.002,2022
all,Nagaland,3,0.446,0.002,0.511,0.161,0,0.08,0.002,0.003,0.198,0.002,0,0,0,0,0,0.149,0.013,0.026,0.003,0,2022
all,Nagaland,4,0.479,0.001,0.457,0.158,0,0.113,0,0,0.305,0.016,0,0,0,0,0,0.149,0.003,0.015,0.005,0,2022
all,Nagaland,5,0.429,0.004,0.392,0.054,0,0.11,0.003,0.002,0.241,0.01,0.001,0,0,0,0,0.053,0.005,0.009,0.003,0.001,2022
all,Nagaland,99,0.458,0.001,0.427,0.226,0,0.091,0.002,0.002,0.274,0.01,0.011,0,0,0,0,0.214,0.017,0.035,0.014,0.001,2022
rural,Nagaland,99,0.482,0,0.436,0.279,0,0.071,0.001,0.001,0.311,0.009,0.014,0,0,0,0,0.264,0.023,0.044,0.018,0,2022
urban,Nagaland,99,0.388,0.005,0.403,0.076,0,0.148,0.005,0.005,0.169,0.014,0.003,0,0,0,0,0.072,0,0.01,0.004,0.002,2022
1,Nagaland,1,0.201,0.124,NA,NA,NA,NA,NA,NA,NA,NA,NA,NA,NA,NA,NA,NA,NA,NA,NA,NA,2011
1,Nagaland,2,0.094,0.018,NA,NA,NA,NA,NA,NA,NA,NA,NA,NA,NA,NA,NA,NA,NA,NA,NA,NA,2011
1,Nagaland,3,0.212,0.081,NA,NA,NA,NA,NA,NA,NA,NA,NA,NA,NA,NA,NA,NA,NA,NA,NA,NA,2011
1,Nagaland,4,0.238,0.12,NA,NA,NA,NA,NA,NA,NA,NA,NA,NA,NA,NA,NA,NA,NA,NA,NA,NA,2011
1,Nagaland,5,0.096,0.03,NA,NA,NA,NA,NA,NA,NA,NA,NA,NA,NA,NA,NA,NA,NA,NA,NA,NA,2011
2,Nagaland,1,0.256,0.109,NA,NA,NA,NA,NA,NA,NA,NA,NA,NA,NA,NA,NA,NA,NA,NA,NA,NA,2011
2,Nagaland,2,0.109,0.029,NA,NA,NA,NA,NA,NA,NA,NA,NA,NA,NA,NA,NA,NA,NA,NA,NA,NA,2011
2,Nagaland,3,0.06,0.002,NA,NA,NA,NA,NA,NA,NA,NA,NA,NA,NA,NA,NA,NA,NA,NA,NA,NA,2011
2,Nagaland,4,0.09,0,NA,NA,NA,NA,NA,NA,NA,NA,NA,NA,NA,NA,NA,NA,NA,NA,NA,NA,2011
2,Nagaland,5,0.004,0,NA,NA,NA,NA,NA,NA,NA,NA,NA,NA,NA,NA,NA,NA,NA,NA,NA,NA,2011
99,Nagaland,1,0.225,0.067,NA,NA,NA,NA,NA,NA,NA,NA,NA,NA,NA,NA,NA,NA,NA,NA,NA,NA,2011
99,Nagaland,2,0.101,0.079,NA,NA,NA,NA,NA,NA,NA,NA,NA,NA,NA,NA,NA,NA,NA,NA,NA,NA,2011
99,Nagaland,3,0.163,0.063,NA,NA,NA,NA,NA,NA,NA,NA,NA,NA,NA,NA,NA,NA,NA,NA,NA,NA,2011
99,Nagaland,4,0.18,0.072,NA,NA,NA,NA,NA,NA,NA,NA,NA,NA,NA,NA,NA,NA,NA,NA,NA,NA,2011
99,Nagaland,5,0.059,0.01,NA,NA,NA,NA,NA,NA,NA,NA,NA,NA,NA,NA,NA,NA,NA,NA,NA,NA,2011
99,Nagaland,99,0.146,0.058,NA,NA,NA,NA,NA,NA,NA,NA,NA,NA,NA,NA,NA,NA,NA,NA,NA,NA,2011
1,Nagaland,99,0.168,0.075,NA,NA,NA,NA,NA,NA,NA,NA,NA,NA,NA,NA,NA,NA,NA,NA,NA,NA,2011
2,Nagaland,99,0.106,0.029,NA,NA,NA,NA,NA,NA,NA,NA,NA,NA,NA,NA,NA,NA,NA,NA,NA,NA,2011
rural,Odisha,1,0.762,0.084,0.355,0.524,0.014,0.038,0.033,0.03,0.604,0.013,0.031,0,0,0,0.006,0.507,0.005,0.023,0.148,0.125,2022
urban,Odisha,1,0.613,0.026,0.351,0.445,0,0.219,0.011,0.039,0.521,0.023,0.027,0,0,0,0.003,0.426,0.005,0.02,0.196,0.185,2022
rural,Odisha,2,0.726,0.068,0.366,0.519,0.003,0.113,0.018,0.058,0.65,0.018,0.052,0,0,0.001,0.018,0.489,0.009,0.014,0.25,0.24,2022
urban,Odisha,2,0.601,0.03,0.239,0.349,0,0.244,0.018,0.06,0.418,0.027,0.034,0,0,0,0.016,0.331,0.003,0.008,0.173,0.16,2022
rural,Odisha,3,0.622,0.096,0.427,0.467,0.005,0.164,0.016,0.051,0.663,0.026,0.067,0,0,0,0.028,0.446,0.006,0.013,0.28,0.27,2022
urban,Odisha,3,0.391,0.008,0.256,0.229,0.005,0.373,0.009,0.022,0.353,0.011,0.03,0,0,0,0.001,0.198,0,0.003,0.128,0.122,2022
rural,Odisha,4,0.529,0.088,0.465,0.422,0.008,0.238,0.032,0.057,0.62,0.02,0.067,0,0,0,0.03,0.403,0.011,0.006,0.281,0.27,2022
urban,Odisha,4,0.207,0.008,0.193,0.128,0,0.507,0.026,0.025,0.231,0.005,0.013,0,0,0,0,0.118,0,0.003,0.075,0.073,2022
rural,Odisha,5,0.445,0.065,0.352,0.272,0.003,0.37,0.026,0.052,0.494,0.025,0.053,0,0,0.001,0.018,0.254,0.003,0.003,0.172,0.162,2022
urban,Odisha,5,0.137,0.001,0.05,0.051,0,0.558,0.007,0.013,0.114,0.007,0.01,0,0,0,0,0.044,0,0,0.024,0.024,2022
all,Odisha,1,0.751,0.08,0.349,0.521,0.013,0.05,0.03,0.032,0.601,0.015,0.029,0,0,0,0.006,0.503,0.006,0.022,0.153,0.131,2022
all,Odisha,2,0.708,0.066,0.369,0.496,0.003,0.129,0.015,0.052,0.635,0.018,0.054,0,0,0.001,0.019,0.467,0.008,0.014,0.246,0.236,2022
all,Odisha,3,0.609,0.089,0.428,0.458,0.006,0.184,0.022,0.06,0.639,0.027,0.068,0,0,0,0.031,0.44,0.007,0.01,0.278,0.272,2022
all,Odisha,4,0.497,0.078,0.419,0.373,0.005,0.275,0.024,0.051,0.571,0.017,0.055,0,0,0,0.022,0.349,0.007,0.005,0.247,0.235,2022
all,Odisha,5,0.354,0.04,0.273,0.212,0.001,0.426,0.024,0.041,0.384,0.022,0.042,0,0,0,0.011,0.198,0.002,0.003,0.129,0.121,2022
all,Odisha,99,0.584,0.071,0.368,0.412,0.006,0.213,0.023,0.047,0.566,0.02,0.05,0,0,0,0.018,0.391,0.006,0.011,0.21,0.199,2022
rural,Odisha,99,0.617,0.08,0.393,0.441,0.007,0.184,0.025,0.05,0.606,0.021,0.054,0,0,0,0.02,0.42,0.007,0.012,0.226,0.213,2022
urban,Odisha,99,0.39,0.014,0.218,0.241,0.001,0.38,0.014,0.032,0.328,0.015,0.023,0,0,0,0.004,0.223,0.002,0.007,0.119,0.113,2022
1,Odisha,1,0.758,0.849,NA,NA,NA,NA,NA,NA,NA,NA,NA,NA,NA,NA,NA,NA,NA,NA,NA,NA,2011
1,Odisha,2,0.694,0.815,NA,NA,NA,NA,NA,NA,NA,NA,NA,NA,NA,NA,NA,NA,NA,NA,NA,NA,2011
1,Odisha,3,0.745,0.814,NA,NA,NA,NA,NA,NA,NA,NA,NA,NA,NA,NA,NA,NA,NA,NA,NA,NA,2011
1,Odisha,4,0.636,0.804,NA,NA,NA,NA,NA,NA,NA,NA,NA,NA,NA,NA,NA,NA,NA,NA,NA,NA,2011
1,Odisha,5,0.558,0.736,NA,NA,NA,NA,NA,NA,NA,NA,NA,NA,NA,NA,NA,NA,NA,NA,NA,NA,2011
2,Odisha,1,0.524,0.643,NA,NA,NA,NA,NA,NA,NA,NA,NA,NA,NA,NA,NA,NA,NA,NA,NA,NA,2011
2,Odisha,2,0.492,0.628,NA,NA,NA,NA,NA,NA,NA,NA,NA,NA,NA,NA,NA,NA,NA,NA,NA,NA,2011
2,Odisha,3,0.382,0.464,NA,NA,NA,NA,NA,NA,NA,NA,NA,NA,NA,NA,NA,NA,NA,NA,NA,NA,2011
2,Odisha,4,0.253,0.372,NA,NA,NA,NA,NA,NA,NA,NA,NA,NA,NA,NA,NA,NA,NA,NA,NA,NA,2011
2,Odisha,5,0.138,0.111,NA,NA,NA,NA,NA,NA,NA,NA,NA,NA,NA,NA,NA,NA,NA,NA,NA,NA,2011
99,Odisha,1,0.733,0.828,NA,NA,NA,NA,NA,NA,NA,NA,NA,NA,NA,NA,NA,NA,NA,NA,NA,NA,2011
99,Odisha,2,0.676,0.797,NA,NA,NA,NA,NA,NA,NA,NA,NA,NA,NA,NA,NA,NA,NA,NA,NA,NA,2011
99,Odisha,3,0.701,0.798,NA,NA,NA,NA,NA,NA,NA,NA,NA,NA,NA,NA,NA,NA,NA,NA,NA,NA,2011
99,Odisha,4,0.601,0.741,NA,NA,NA,NA,NA,NA,NA,NA,NA,NA,NA,NA,NA,NA,NA,NA,NA,NA,2011
99,Odisha,5,0.444,0.587,NA,NA,NA,NA,NA,NA,NA,NA,NA,NA,NA,NA,NA,NA,NA,NA,NA,NA,2011
99,Odisha,99,0.631,0.75,NA,NA,NA,NA,NA,NA,NA,NA,NA,NA,NA,NA,NA,NA,NA,NA,NA,NA,2011
1,Odisha,99,0.678,0.803,NA,NA,NA,NA,NA,NA,NA,NA,NA,NA,NA,NA,NA,NA,NA,NA,NA,NA,2011
2,Odisha,99,0.358,0.444,NA,NA,NA,NA,NA,NA,NA,NA,NA,NA,NA,NA,NA,NA,NA,NA,NA,NA,2011
rural,Puducherry,1,0.211,0,0.459,0.52,0,0.835,0.087,0.017,0.066,0,0.067,0,0,0,0.024,0.505,0.105,0.018,0.115,0.015,2022
urban,Puducherry,1,0.136,0,0.276,0.35,0,0.571,0.029,0.015,0.068,0,0.033,0,0,0,0,0.332,0.025,0.013,0.068,0,2022
rural,Puducherry,2,0.208,0,0.467,0.313,0,0.966,0.07,0.01,0.042,0,0,0,0,0,0,0.281,0.028,0,0.032,0,2022
urban,Puducherry,2,0.096,0,0.192,0.189,0,0.929,0.02,0.012,0.074,0,0.029,0.012,0,0,0.012,0.189,0.039,0,0.044,0.018,2022
rural,Puducherry,3,0.278,0,0.402,0.264,0,0.942,0.03,0.015,0.11,0,0,0,0,0,0,0.264,0,0,0,0,2022
urban,Puducherry,3,0.102,0,0.101,0.166,0,0.929,0.017,0.012,0.061,0.006,0.027,0.011,0,0,0.011,0.166,0.011,0.023,0.012,0,2022
rural,Puducherry,4,0.21,0,0.243,0.233,0,0.948,0.061,0,0.076,0,0.029,0,0,0,0.018,0.205,0.045,0,0.057,0.018,2022
urban,Puducherry,4,0.125,0,0.109,0.074,0,0.926,0.035,0.028,0.059,0.007,0,0,0,0,0,0.069,0,0,0,0,2022
rural,Puducherry,5,0.107,0,0.166,0.073,0,0.819,0.017,0,0.106,0,0,0,0,0,0,0.073,0,0,0,0,2022
urban,Puducherry,5,0.052,0,0.044,0.019,0,0.866,0.011,0.007,0.034,0,0,0,0,0,0,0.019,0,0,0,0,2022
all,Puducherry,1,0.182,0,0.38,0.401,0,0.655,0.045,0.016,0.067,0,0.044,0,0,0,0.008,0.384,0.052,0.014,0.084,0.005,2022
all,Puducherry,2,0.126,0,0.311,0.267,0,0.951,0.051,0.011,0.074,0,0.02,0.008,0,0,0.008,0.256,0.025,0,0.034,0.012,2022
all,Puducherry,3,0.194,0,0.166,0.227,0,0.941,0.015,0.005,0.069,0.004,0.028,0.008,0,0,0.014,0.218,0.024,0.016,0.033,0.006,2022
all,Puducherry,4,0.103,0,0.134,0.086,0,0.92,0.034,0.027,0.068,0,0,0,0,0,0,0.082,0.009,0,0,0,2022
all,Puducherry,5,0.074,0,0.07,0.021,0,0.851,0.018,0.005,0.051,0.005,0,0,0,0,0,0.021,0,0,0,0,2022
all,Puducherry,99,0.136,0,0.212,0.201,0,0.863,0.033,0.013,0.066,0.002,0.018,0.003,0,0,0.006,0.192,0.022,0.006,0.03,0.005,2022
rural,Puducherry,99,0.203,0,0.348,0.282,0,0.902,0.053,0.009,0.08,0,0.019,0,0,0,0.008,0.267,0.036,0.004,0.041,0.006,2022
urban,Puducherry,99,0.102,0,0.145,0.16,0,0.844,0.023,0.015,0.059,0.003,0.018,0.005,0,0,0.005,0.155,0.015,0.007,0.025,0.004,2022
1,Puducherry,1,0.795,0.161,NA,NA,NA,NA,NA,NA,NA,NA,NA,NA,NA,NA,NA,NA,NA,NA,NA,NA,2011
1,Puducherry,2,0.986,0.253,NA,NA,NA,NA,NA,NA,NA,NA,NA,NA,NA,NA,NA,NA,NA,NA,NA,NA,2011
1,Puducherry,3,0.691,0.448,NA,NA,NA,NA,NA,NA,NA,NA,NA,NA,NA,NA,NA,NA,NA,NA,NA,NA,2011
1,Puducherry,4,0.693,0.358,NA,NA,NA,NA,NA,NA,NA,NA,NA,NA,NA,NA,NA,NA,NA,NA,NA,NA,2011
1,Puducherry,5,0.828,0.366,NA,NA,NA,NA,NA,NA,NA,NA,NA,NA,NA,NA,NA,NA,NA,NA,NA,NA,2011
2,Puducherry,1,0.873,0.465,NA,NA,NA,NA,NA,NA,NA,NA,NA,NA,NA,NA,NA,NA,NA,NA,NA,NA,2011
2,Puducherry,2,0.773,0.339,NA,NA,NA,NA,NA,NA,NA,NA,NA,NA,NA,NA,NA,NA,NA,NA,NA,NA,2011
2,Puducherry,3,0.855,0.173,NA,NA,NA,NA,NA,NA,NA,NA,NA,NA,NA,NA,NA,NA,NA,NA,NA,NA,2011
2,Puducherry,4,0.859,0.129,NA,NA,NA,NA,NA,NA,NA,NA,NA,NA,NA,NA,NA,NA,NA,NA,NA,NA,2011
2,Puducherry,5,0.744,0.045,NA,NA,NA,NA,NA,NA,NA,NA,NA,NA,NA,NA,NA,NA,NA,NA,NA,NA,2011
99,Puducherry,1,0.866,0.243,NA,NA,NA,NA,NA,NA,NA,NA,NA,NA,NA,NA,NA,NA,NA,NA,NA,NA,2011
99,Puducherry,2,0.862,0.479,NA,NA,NA,NA,NA,NA,NA,NA,NA,NA,NA,NA,NA,NA,NA,NA,NA,NA,2011
99,Puducherry,3,0.683,0.288,NA,NA,NA,NA,NA,NA,NA,NA,NA,NA,NA,NA,NA,NA,NA,NA,NA,NA,2011
99,Puducherry,4,0.912,0.25,NA,NA,NA,NA,NA,NA,NA,NA,NA,NA,NA,NA,NA,NA,NA,NA,NA,NA,2011
99,Puducherry,5,0.741,0.052,NA,NA,NA,NA,NA,NA,NA,NA,NA,NA,NA,NA,NA,NA,NA,NA,NA,NA,2011
99,Puducherry,99,0.812,0.263,NA,NA,NA,NA,NA,NA,NA,NA,NA,NA,NA,NA,NA,NA,NA,NA,NA,NA,2011
1,Puducherry,99,0.798,0.318,NA,NA,NA,NA,NA,NA,NA,NA,NA,NA,NA,NA,NA,NA,NA,NA,NA,NA,2011
2,Puducherry,99,0.821,0.231,NA,NA,NA,NA,NA,NA,NA,NA,NA,NA,NA,NA,NA,NA,NA,NA,NA,NA,2011
rural,Punjab,1,0.428,0.008,0.261,0.406,0.001,0.34,0.792,0.105,0.12,0.013,0.023,0,0,0,0.002,0.35,0.035,0.096,0.102,0.059,2022
urban,Punjab,1,0.242,0,0.232,0.235,0.003,0.405,0.76,0.031,0.079,0.018,0.002,0,0,0,0,0.228,0.026,0.027,0.016,0.002,2022
rural,Punjab,2,0.456,0,0.203,0.29,0.001,0.406,0.814,0.099,0.163,0.011,0.012,0,0,0,0,0.26,0.034,0.092,0.087,0.071,2022
urban,Punjab,2,0.264,0,0.17,0.168,0.001,0.51,0.738,0.024,0.074,0.008,0.003,0,0,0,0,0.148,0.007,0.032,0.027,0.012,2022
rural,Punjab,3,0.454,0.001,0.221,0.209,0.002,0.433,0.8,0.106,0.12,0.015,0.005,0,0,0,0,0.178,0.015,0.078,0.05,0.042,2022
urban,Punjab,3,0.238,0,0.178,0.126,0,0.415,0.712,0.021,0.048,0.002,0,0,0,0,0,0.125,0.002,0.056,0.015,0.008,2022
rural,Punjab,4,0.366,0,0.174,0.198,0,0.509,0.77,0.059,0.14,0.006,0.009,0,0,0.002,0,0.188,0.01,0.103,0.034,0.029,2022
urban,Punjab,4,0.137,0,0.124,0.065,0,0.487,0.715,0.018,0.04,0.009,0.003,0,0,0,0,0.057,0,0.035,0.005,0.005,2022
rural,Punjab,5,0.29,0,0.129,0.099,0.001,0.513,0.74,0.036,0.084,0.016,0.003,0,0,0.002,0,0.089,0.007,0.048,0.023,0.013,2022
urban,Punjab,5,0.08,0,0.054,0.018,0,0.346,0.589,0.001,0.029,0.008,0,0,0,0,0,0.018,0,0.015,0,0.001,2022
all,Punjab,1,0.379,0.005,0.252,0.357,0.001,0.367,0.784,0.08,0.11,0.017,0.016,0,0,0,0.001,0.315,0.032,0.074,0.075,0.043,2022
all,Punjab,2,0.391,0,0.211,0.24,0.002,0.42,0.795,0.076,0.137,0.01,0.01,0,0,0,0,0.21,0.026,0.074,0.066,0.047,2022
all,Punjab,3,0.367,0.001,0.181,0.184,0.001,0.455,0.762,0.073,0.099,0.008,0.005,0,0,0,0,0.171,0.01,0.074,0.039,0.033,2022
all,Punjab,4,0.309,0,0.175,0.154,0,0.498,0.767,0.046,0.093,0.006,0.005,0,0,0.001,0,0.142,0.007,0.075,0.026,0.02,2022
all,Punjab,5,0.181,0,0.088,0.057,0,0.446,0.665,0.019,0.06,0.015,0.001,0,0,0.001,0,0.054,0.002,0.031,0.008,0.005,2022
all,Punjab,99,0.325,0.001,0.181,0.198,0.001,0.437,0.755,0.059,0.1,0.011,0.007,0,0,0.001,0,0.178,0.016,0.066,0.043,0.03,2022
rural,Punjab,99,0.399,0.002,0.198,0.24,0.001,0.44,0.783,0.081,0.125,0.012,0.011,0,0,0.001,0,0.213,0.02,0.083,0.059,0.043,2022
urban,Punjab,99,0.192,0,0.152,0.123,0.001,0.432,0.703,0.019,0.054,0.009,0.002,0,0,0,0,0.115,0.007,0.033,0.013,0.006,2022
1,Punjab,1,0.473,0.353,NA,NA,NA,NA,NA,NA,NA,NA,NA,NA,NA,NA,NA,NA,NA,NA,NA,NA,2011
1,Punjab,2,0.362,0.21,NA,NA,NA,NA,NA,NA,NA,NA,NA,NA,NA,NA,NA,NA,NA,NA,NA,NA,2011
1,Punjab,3,0.181,0.158,NA,NA,NA,NA,NA,NA,NA,NA,NA,NA,NA,NA,NA,NA,NA,NA,NA,NA,2011
1,Punjab,4,0.138,0.148,NA,NA,NA,NA,NA,NA,NA,NA,NA,NA,NA,NA,NA,NA,NA,NA,NA,NA,2011
1,Punjab,5,0.051,0.063,NA,NA,NA,NA,NA,NA,NA,NA,NA,NA,NA,NA,NA,NA,NA,NA,NA,NA,2011
2,Punjab,1,0.209,0.126,NA,NA,NA,NA,NA,NA,NA,NA,NA,NA,NA,NA,NA,NA,NA,NA,NA,NA,2011
2,Punjab,2,0.146,0.062,NA,NA,NA,NA,NA,NA,NA,NA,NA,NA,NA,NA,NA,NA,NA,NA,NA,NA,2011
2,Punjab,3,0.069,0.043,NA,NA,NA,NA,NA,NA,NA,NA,NA,NA,NA,NA,NA,NA,NA,NA,NA,NA,2011
2,Punjab,4,0.025,0.008,NA,NA,NA,NA,NA,NA,NA,NA,NA,NA,NA,NA,NA,NA,NA,NA,NA,NA,2011
2,Punjab,5,0.01,0,NA,NA,NA,NA,NA,NA,NA,NA,NA,NA,NA,NA,NA,NA,NA,NA,NA,NA,2011
99,Punjab,1,0.384,0.269,NA,NA,NA,NA,NA,NA,NA,NA,NA,NA,NA,NA,NA,NA,NA,NA,NA,NA,2011
99,Punjab,2,0.271,0.161,NA,NA,NA,NA,NA,NA,NA,NA,NA,NA,NA,NA,NA,NA,NA,NA,NA,NA,2011
99,Punjab,3,0.15,0.115,NA,NA,NA,NA,NA,NA,NA,NA,NA,NA,NA,NA,NA,NA,NA,NA,NA,NA,2011
99,Punjab,4,0.091,0.093,NA,NA,NA,NA,NA,NA,NA,NA,NA,NA,NA,NA,NA,NA,NA,NA,NA,NA,2011
99,Punjab,5,0.035,0.04,NA,NA,NA,NA,NA,NA,NA,NA,NA,NA,NA,NA,NA,NA,NA,NA,NA,NA,2011
99,Punjab,99,0.187,0.136,NA,NA,NA,NA,NA,NA,NA,NA,NA,NA,NA,NA,NA,NA,NA,NA,NA,NA,2011
1,Punjab,99,0.242,0.187,NA,NA,NA,NA,NA,NA,NA,NA,NA,NA,NA,NA,NA,NA,NA,NA,NA,NA,2011
2,Punjab,99,0.092,0.048,NA,NA,NA,NA,NA,NA,NA,NA,NA,NA,NA,NA,NA,NA,NA,NA,NA,NA,2011
rural,Rajasthan,1,0.407,0,0.598,0.53,0.002,0.07,0.778,0.105,0.479,0.063,0.009,0,0,0.001,0.008,0.514,0.004,0.003,0.087,0.004,2022
urban,Rajasthan,1,0.339,0,0.379,0.28,0.003,0.085,0.589,0.155,0.309,0.063,0.007,0,0,0,0.002,0.271,0.014,0.015,0.039,0.002,2022
rural,Rajasthan,2,0.429,0,0.527,0.49,0.002,0.069,0.785,0.142,0.372,0.069,0.013,0,0,0,0.012,0.472,0.01,0.001,0.117,0.005,2022
urban,Rajasthan,2,0.288,0,0.273,0.168,0,0.066,0.668,0.069,0.278,0.047,0.004,0,0,0,0.001,0.167,0,0,0.016,0,2022
rural,Rajasthan,3,0.42,0.001,0.471,0.453,0.002,0.067,0.758,0.196,0.341,0.067,0.008,0,0,0,0.007,0.445,0.009,0.002,0.106,0.001,2022
urban,Rajasthan,3,0.295,0,0.232,0.105,0,0.062,0.645,0.067,0.248,0.051,0.006,0,0,0,0.005,0.101,0.005,0.002,0.021,0,2022
rural,Rajasthan,4,0.395,0,0.45,0.353,0.001,0.056,0.753,0.193,0.332,0.073,0.01,0,0,0,0.005,0.339,0.009,0.002,0.057,0.003,2022
urban,Rajasthan,4,0.188,0,0.117,0.065,0,0.06,0.691,0.051,0.227,0.053,0.002,0,0,0,0.002,0.063,0.001,0,0.005,0,2022
rural,Rajasthan,5,0.381,0,0.315,0.234,0.001,0.051,0.724,0.128,0.283,0.063,0.008,0,0,0,0.007,0.231,0.005,0.001,0.035,0.001,2022
urban,Rajasthan,5,0.068,0,0.043,0.016,0,0.046,0.565,0.027,0.19,0.04,0.001,0,0,0,0,0.013,0,0.003,0,0,2022
all,Rajasthan,1,0.399,0,0.573,0.495,0.003,0.076,0.75,0.113,0.455,0.065,0.009,0,0,0,0.007,0.482,0.006,0.005,0.087,0.005,2022
all,Rajasthan,2,0.41,0,0.471,0.429,0.001,0.067,0.749,0.142,0.345,0.064,0.011,0,0,0,0.009,0.415,0.009,0.002,0.096,0.003,2022
all,Rajasthan,3,0.385,0.001,0.415,0.367,0.001,0.063,0.73,0.167,0.319,0.062,0.008,0,0,0,0.006,0.359,0.008,0.002,0.077,0,2022
all,Rajasthan,4,0.352,0,0.375,0.278,0.001,0.059,0.74,0.158,0.305,0.07,0.008,0,0,0,0.005,0.268,0.006,0.001,0.044,0.002,2022
all,Rajasthan,5,0.28,0,0.21,0.147,0.001,0.05,0.675,0.089,0.249,0.054,0.006,0,0,0,0.004,0.144,0.004,0.001,0.021,0,2022
all,Rajasthan,99,0.365,0,0.409,0.343,0.001,0.063,0.729,0.134,0.335,0.063,0.008,0,0,0,0.006,0.334,0.006,0.002,0.065,0.002,2022
rural,Rajasthan,99,0.406,0,0.472,0.412,0.002,0.063,0.76,0.153,0.361,0.067,0.01,0,0,0,0.008,0.4,0.007,0.002,0.08,0.003,2022
urban,Rajasthan,99,0.236,0,0.209,0.127,0.001,0.064,0.631,0.074,0.251,0.051,0.004,0,0,0,0.002,0.123,0.004,0.004,0.016,0,2022
1,Rajasthan,1,0.474,0.85,NA,NA,NA,NA,NA,NA,NA,NA,NA,NA,NA,NA,NA,NA,NA,NA,NA,NA,2011
1,Rajasthan,2,0.294,0.852,NA,NA,NA,NA,NA,NA,NA,NA,NA,NA,NA,NA,NA,NA,NA,NA,NA,NA,2011
1,Rajasthan,3,0.262,0.82,NA,NA,NA,NA,NA,NA,NA,NA,NA,NA,NA,NA,NA,NA,NA,NA,NA,NA,2011
1,Rajasthan,4,0.229,0.787,NA,NA,NA,NA,NA,NA,NA,NA,NA,NA,NA,NA,NA,NA,NA,NA,NA,NA,2011
1,Rajasthan,5,0.159,0.661,NA,NA,NA,NA,NA,NA,NA,NA,NA,NA,NA,NA,NA,NA,NA,NA,NA,NA,2011
2,Rajasthan,1,0.386,0.502,NA,NA,NA,NA,NA,NA,NA,NA,NA,NA,NA,NA,NA,NA,NA,NA,NA,NA,2011
2,Rajasthan,2,0.257,0.328,NA,NA,NA,NA,NA,NA,NA,NA,NA,NA,NA,NA,NA,NA,NA,NA,NA,NA,2011
2,Rajasthan,3,0.183,0.223,NA,NA,NA,NA,NA,NA,NA,NA,NA,NA,NA,NA,NA,NA,NA,NA,NA,NA,2011
2,Rajasthan,4,0.176,0.097,NA,NA,NA,NA,NA,NA,NA,NA,NA,NA,NA,NA,NA,NA,NA,NA,NA,NA,2011
2,Rajasthan,5,0.037,0.036,NA,NA,NA,NA,NA,NA,NA,NA,NA,NA,NA,NA,NA,NA,NA,NA,NA,NA,2011
99,Rajasthan,1,0.459,0.812,NA,NA,NA,NA,NA,NA,NA,NA,NA,NA,NA,NA,NA,NA,NA,NA,NA,NA,2011
99,Rajasthan,2,0.276,0.762,NA,NA,NA,NA,NA,NA,NA,NA,NA,NA,NA,NA,NA,NA,NA,NA,NA,NA,2011
99,Rajasthan,3,0.264,0.712,NA,NA,NA,NA,NA,NA,NA,NA,NA,NA,NA,NA,NA,NA,NA,NA,NA,NA,2011
99,Rajasthan,4,0.2,0.616,NA,NA,NA,NA,NA,NA,NA,NA,NA,NA,NA,NA,NA,NA,NA,NA,NA,NA,2011
99,Rajasthan,5,0.132,0.421,NA,NA,NA,NA,NA,NA,NA,NA,NA,NA,NA,NA,NA,NA,NA,NA,NA,NA,2011
99,Rajasthan,99,0.266,0.665,NA,NA,NA,NA,NA,NA,NA,NA,NA,NA,NA,NA,NA,NA,NA,NA,NA,NA,2011
1,Rajasthan,99,0.284,0.794,NA,NA,NA,NA,NA,NA,NA,NA,NA,NA,NA,NA,NA,NA,NA,NA,NA,NA,2011
2,Rajasthan,99,0.208,0.237,NA,NA,NA,NA,NA,NA,NA,NA,NA,NA,NA,NA,NA,NA,NA,NA,NA,NA,2011
rural,Sikkim,1,0.692,0.005,0.4,0.235,0.004,0.317,0.355,0,0.025,0.018,0.012,0.012,0,0,0,0.224,0,0.018,0.009,0.005,2022
urban,Sikkim,1,0.255,0,0.087,0.186,0,0.248,0.009,0,0,0,0.032,0,0,0,0,0.186,0,0,0,0,2022
rural,Sikkim,2,0.546,0,0.473,0.255,0,0.327,0.26,0,0.052,0.022,0.007,0.007,0,0,0,0.252,0.008,0,0.003,0,2022
urban,Sikkim,2,0.235,0,0.117,0.138,0,0.306,0.04,0.003,0,0,0,0,0,0,0,0.138,0,0,0,0,2022
rural,Sikkim,3,0.459,0,0.461,0.184,0,0.343,0.218,0,0.027,0.01,0,0,0,0,0,0.184,0,0.013,0,0,2022
urban,Sikkim,3,0.292,0,0.119,0.082,0,0.269,0.023,0,0.019,0.019,0,0,0,0,0,0.082,0,0.011,0,0,2022
rural,Sikkim,4,0.429,0,0.503,0.25,0,0.326,0.248,0,0.027,0.005,0,0,0,0,0,0.25,0,0.034,0,0,2022
urban,Sikkim,4,0.25,0,0.162,0.098,0,0.222,0.005,0,0,0,0,0,0,0,0,0.098,0,0.014,0,0,2022
rural,Sikkim,5,0.427,0,0.359,0.234,0.001,0.368,0.175,0,0.01,0,0,0,0,0,0,0.234,0,0.103,0.001,0,2022
urban,Sikkim,5,0.204,0,0.034,0.063,0,0.278,0.004,0,0.005,0.003,0,0,0,0,0,0.063,0,0.031,0,0,2022
all,Sikkim,1,0.61,0.003,0.353,0.222,0.003,0.294,0.288,0,0.025,0.017,0.02,0.011,0,0,0,0.213,0,0.013,0.008,0.003,2022
all,Sikkim,2,0.448,0,0.384,0.21,0,0.316,0.196,0.001,0.03,0.012,0.002,0.002,0,0,0,0.21,0.006,0,0,0,2022
all,Sikkim,3,0.425,0,0.392,0.19,0,0.339,0.186,0,0.034,0.012,0,0,0,0,0,0.19,0,0.022,0,0,2022
all,Sikkim,4,0.394,0,0.378,0.227,0,0.314,0.177,0,0.011,0.003,0,0,0,0,0,0.227,0,0.027,0,0,2022
all,Sikkim,5,0.316,0,0.231,0.148,0.001,0.321,0.089,0,0.007,0.001,0,0,0,0,0,0.148,0,0.074,0.001,0,2022
all,Sikkim,99,0.439,0.001,0.348,0.199,0.001,0.317,0.187,0,0.022,0.009,0.005,0.003,0,0,0,0.197,0.001,0.027,0.002,0.001,2022
rural,Sikkim,99,0.511,0.001,0.439,0.231,0.001,0.336,0.252,0,0.028,0.011,0.004,0.004,0,0,0,0.229,0.002,0.033,0.002,0.001,2022
urban,Sikkim,99,0.247,0,0.104,0.114,0,0.265,0.016,0.001,0.005,0.004,0.007,0,0,0,0,0.114,0,0.011,0,0,2022
1,Sikkim,1,0.883,0.792,NA,NA,NA,NA,NA,NA,NA,NA,NA,NA,NA,NA,NA,NA,NA,NA,NA,NA,2011
1,Sikkim,2,0.912,0.779,NA,NA,NA,NA,NA,NA,NA,NA,NA,NA,NA,NA,NA,NA,NA,NA,NA,NA,2011
1,Sikkim,3,0.768,0.605,NA,NA,NA,NA,NA,NA,NA,NA,NA,NA,NA,NA,NA,NA,NA,NA,NA,NA,2011
1,Sikkim,4,0.727,0.572,NA,NA,NA,NA,NA,NA,NA,NA,NA,NA,NA,NA,NA,NA,NA,NA,NA,NA,2011
1,Sikkim,5,0.647,0.427,NA,NA,NA,NA,NA,NA,NA,NA,NA,NA,NA,NA,NA,NA,NA,NA,NA,NA,2011
2,Sikkim,1,0.657,0.052,NA,NA,NA,NA,NA,NA,NA,NA,NA,NA,NA,NA,NA,NA,NA,NA,NA,NA,2011
2,Sikkim,2,0.612,0.118,NA,NA,NA,NA,NA,NA,NA,NA,NA,NA,NA,NA,NA,NA,NA,NA,NA,NA,2011
2,Sikkim,3,0.69,0.126,NA,NA,NA,NA,NA,NA,NA,NA,NA,NA,NA,NA,NA,NA,NA,NA,NA,NA,2011
2,Sikkim,4,0.602,0.011,NA,NA,NA,NA,NA,NA,NA,NA,NA,NA,NA,NA,NA,NA,NA,NA,NA,NA,2011
2,Sikkim,5,0.267,0,NA,NA,NA,NA,NA,NA,NA,NA,NA,NA,NA,NA,NA,NA,NA,NA,NA,NA,2011
99,Sikkim,1,0.847,0.673,NA,NA,NA,NA,NA,NA,NA,NA,NA,NA,NA,NA,NA,NA,NA,NA,NA,NA,2011
99,Sikkim,2,0.819,0.719,NA,NA,NA,NA,NA,NA,NA,NA,NA,NA,NA,NA,NA,NA,NA,NA,NA,NA,2011
99,Sikkim,3,0.805,0.566,NA,NA,NA,NA,NA,NA,NA,NA,NA,NA,NA,NA,NA,NA,NA,NA,NA,NA,2011
99,Sikkim,4,0.697,0.415,NA,NA,NA,NA,NA,NA,NA,NA,NA,NA,NA,NA,NA,NA,NA,NA,NA,NA,2011
99,Sikkim,5,0.565,0.26,NA,NA,NA,NA,NA,NA,NA,NA,NA,NA,NA,NA,NA,NA,NA,NA,NA,NA,2011
99,Sikkim,99,0.746,0.527,NA,NA,NA,NA,NA,NA,NA,NA,NA,NA,NA,NA,NA,NA,NA,NA,NA,NA,2011
1,Sikkim,99,0.789,0.637,NA,NA,NA,NA,NA,NA,NA,NA,NA,NA,NA,NA,NA,NA,NA,NA,NA,NA,2011
2,Sikkim,99,0.568,0.063,NA,NA,NA,NA,NA,NA,NA,NA,NA,NA,NA,NA,NA,NA,NA,NA,NA,NA,2011
rural,Tamil Nadu,1,0.963,0.509,0.645,0.507,0.019,0.257,0.75,0.019,0.178,0.02,0.139,0.01,0,0.001,0.026,0.49,0.308,0.372,0.208,0.138,2022
urban,Tamil Nadu,1,0.888,0.21,0.679,0.359,0.011,0.336,0.766,0.03,0.119,0.013,0.052,0.002,0,0,0.012,0.338,0.2,0.253,0.146,0.1,2022
rural,Tamil Nadu,2,0.967,0.448,0.732,0.448,0.037,0.313,0.808,0.037,0.204,0.026,0.122,0.003,0,0,0.013,0.419,0.252,0.294,0.238,0.132,2022
urban,Tamil Nadu,2,0.853,0.165,0.706,0.232,0.026,0.365,0.817,0.028,0.108,0.007,0.053,0.004,0,0.001,0.013,0.199,0.117,0.149,0.119,0.049,2022
rural,Tamil Nadu,3,0.968,0.409,0.762,0.366,0.048,0.34,0.858,0.036,0.219,0.025,0.119,0.003,0,0,0.017,0.343,0.202,0.237,0.22,0.106,2022
urban,Tamil Nadu,3,0.883,0.106,0.717,0.166,0.02,0.363,0.839,0.011,0.114,0.012,0.067,0.001,0,0,0.006,0.141,0.078,0.094,0.081,0.028,2022
rural,Tamil Nadu,4,0.942,0.345,0.765,0.268,0.049,0.338,0.854,0.031,0.193,0.022,0.116,0.004,0,0,0.008,0.237,0.129,0.148,0.177,0.07,2022
urban,Tamil Nadu,4,0.843,0.077,0.684,0.106,0.015,0.347,0.823,0.016,0.103,0.018,0.058,0.004,0,0.005,0.004,0.086,0.051,0.053,0.058,0.019,2022
rural,Tamil Nadu,5,0.893,0.265,0.77,0.159,0.048,0.325,0.881,0.02,0.173,0.026,0.087,0.003,0,0.001,0.01,0.131,0.073,0.075,0.132,0.028,2022
urban,Tamil Nadu,5,0.721,0.038,0.505,0.033,0.012,0.374,0.762,0.019,0.067,0.01,0.034,0.001,0,0.003,0.003,0.016,0.007,0.008,0.032,0.002,2022
all,Tamil Nadu,1,0.936,0.403,0.66,0.459,0.017,0.283,0.757,0.026,0.162,0.019,0.106,0.006,0,0.001,0.02,0.439,0.267,0.327,0.192,0.123,2022
all,Tamil Nadu,2,0.935,0.34,0.727,0.366,0.037,0.336,0.814,0.032,0.168,0.018,0.098,0.003,0,0.001,0.015,0.34,0.206,0.24,0.199,0.109,2022
all,Tamil Nadu,3,0.917,0.285,0.753,0.277,0.034,0.354,0.85,0.029,0.164,0.019,0.094,0.003,0,0,0.011,0.249,0.145,0.177,0.153,0.065,2022
all,Tamil Nadu,4,0.896,0.193,0.725,0.174,0.032,0.34,0.841,0.021,0.157,0.018,0.088,0.004,0,0.002,0.007,0.146,0.081,0.09,0.114,0.04,2022
all,Tamil Nadu,5,0.804,0.127,0.635,0.085,0.028,0.356,0.824,0.018,0.109,0.017,0.053,0.002,0,0.002,0.005,0.063,0.032,0.032,0.071,0.012,2022
all,Tamil Nadu,99,0.897,0.27,0.7,0.272,0.029,0.334,0.817,0.025,0.152,0.018,0.088,0.004,0,0.001,0.011,0.248,0.146,0.173,0.146,0.07,2022
rural,Tamil Nadu,99,0.947,0.395,0.735,0.35,0.04,0.315,0.83,0.029,0.193,0.024,0.117,0.005,0,0,0.015,0.324,0.193,0.225,0.195,0.095,2022
urban,Tamil Nadu,99,0.838,0.119,0.658,0.179,0.017,0.357,0.801,0.021,0.102,0.012,0.053,0.002,0,0.002,0.007,0.156,0.091,0.111,0.087,0.04,2022
1,Tamil Nadu,1,0.988,0.88,NA,NA,NA,NA,NA,NA,NA,NA,NA,NA,NA,NA,NA,NA,NA,NA,NA,NA,2011
1,Tamil Nadu,2,0.969,0.785,NA,NA,NA,NA,NA,NA,NA,NA,NA,NA,NA,NA,NA,NA,NA,NA,NA,NA,2011
1,Tamil Nadu,3,0.98,0.808,NA,NA,NA,NA,NA,NA,NA,NA,NA,NA,NA,NA,NA,NA,NA,NA,NA,NA,2011
1,Tamil Nadu,4,0.962,0.767,NA,NA,NA,NA,NA,NA,NA,NA,NA,NA,NA,NA,NA,NA,NA,NA,NA,NA,2011
1,Tamil Nadu,5,0.938,0.634,NA,NA,NA,NA,NA,NA,NA,NA,NA,NA,NA,NA,NA,NA,NA,NA,NA,NA,2011
2,Tamil Nadu,1,0.933,0.631,NA,NA,NA,NA,NA,NA,NA,NA,NA,NA,NA,NA,NA,NA,NA,NA,NA,NA,2011
2,Tamil Nadu,2,0.922,0.55,NA,NA,NA,NA,NA,NA,NA,NA,NA,NA,NA,NA,NA,NA,NA,NA,NA,NA,2011
2,Tamil Nadu,3,0.911,0.425,NA,NA,NA,NA,NA,NA,NA,NA,NA,NA,NA,NA,NA,NA,NA,NA,NA,NA,2011
2,Tamil Nadu,4,0.856,0.301,NA,NA,NA,NA,NA,NA,NA,NA,NA,NA,NA,NA,NA,NA,NA,NA,NA,NA,2011
2,Tamil Nadu,5,0.773,0.135,NA,NA,NA,NA,NA,NA,NA,NA,NA,NA,NA,NA,NA,NA,NA,NA,NA,NA,2011
99,Tamil Nadu,1,0.964,0.793,NA,NA,NA,NA,NA,NA,NA,NA,NA,NA,NA,NA,NA,NA,NA,NA,NA,NA,2011
99,Tamil Nadu,2,0.958,0.711,NA,NA,NA,NA,NA,NA,NA,NA,NA,NA,NA,NA,NA,NA,NA,NA,NA,NA,2011
99,Tamil Nadu,3,0.952,0.661,NA,NA,NA,NA,NA,NA,NA,NA,NA,NA,NA,NA,NA,NA,NA,NA,NA,NA,2011
99,Tamil Nadu,4,0.918,0.53,NA,NA,NA,NA,NA,NA,NA,NA,NA,NA,NA,NA,NA,NA,NA,NA,NA,NA,2011
99,Tamil Nadu,5,0.847,0.359,NA,NA,NA,NA,NA,NA,NA,NA,NA,NA,NA,NA,NA,NA,NA,NA,NA,NA,2011
99,Tamil Nadu,99,0.928,0.611,NA,NA,NA,NA,NA,NA,NA,NA,NA,NA,NA,NA,NA,NA,NA,NA,NA,NA,2011
1,Tamil Nadu,99,0.968,0.775,NA,NA,NA,NA,NA,NA,NA,NA,NA,NA,NA,NA,NA,NA,NA,NA,NA,NA,2011
2,Tamil Nadu,99,0.879,0.409,NA,NA,NA,NA,NA,NA,NA,NA,NA,NA,NA,NA,NA,NA,NA,NA,NA,NA,2011
rural,Telangana,1,0.26,0,0.729,0.385,0.008,0.528,0.051,0.096,0.272,0.012,0.053,0,0,0,0,0.374,0.015,0.019,0.068,0.013,2022
urban,Telangana,1,0.196,0,0.661,0.213,0.001,0.803,0.005,0.117,0.23,0.018,0.083,0,0,0,0,0.204,0.009,0.009,0.028,0.001,2022
rural,Telangana,2,0.238,0,0.729,0.361,0.004,0.681,0.038,0.134,0.284,0.009,0.078,0,0,0,0,0.356,0.041,0.044,0.093,0.031,2022
urban,Telangana,2,0.171,0,0.557,0.131,0.002,0.721,0.017,0.066,0.2,0.007,0.088,0,0,0.002,0,0.11,0.012,0.015,0.033,0.003,2022
rural,Telangana,3,0.233,0,0.732,0.28,0.002,0.742,0.039,0.163,0.255,0.015,0.088,0,0,0,0,0.272,0.03,0.027,0.073,0.016,2022
urban,Telangana,3,0.223,0,0.388,0.072,0.002,0.701,0.014,0.069,0.17,0.007,0.064,0,0,0,0,0.064,0.002,0.008,0.014,0.009,2022
rural,Telangana,4,0.268,0,0.688,0.211,0,0.761,0.043,0.142,0.212,0.024,0.129,0,0,0,0,0.199,0.04,0.032,0.072,0.025,2022
urban,Telangana,4,0.146,0,0.274,0.045,0.001,0.624,0.011,0.051,0.194,0.006,0.026,0,0.001,0,0,0.036,0.011,0.004,0.021,0.003,2022
rural,Telangana,5,0.264,0,0.629,0.141,0.001,0.768,0.024,0.107,0.21,0.019,0.109,0,0,0,0,0.129,0.034,0.018,0.041,0.01,2022
urban,Telangana,5,0.068,0,0.1,0.005,0,0.442,0.003,0.043,0.122,0.003,0.005,0,0,0,0,0.005,0.002,0.002,0,0,2022
all,Telangana,1,0.23,0,0.718,0.339,0.005,0.64,0.033,0.101,0.26,0.015,0.061,0,0,0,0,0.331,0.011,0.013,0.053,0.008,2022
all,Telangana,2,0.221,0,0.692,0.275,0.002,0.706,0.03,0.128,0.257,0.01,0.088,0,0,0.001,0,0.26,0.037,0.037,0.074,0.021,2022
all,Telangana,3,0.226,0,0.623,0.188,0.002,0.743,0.026,0.124,0.209,0.015,0.091,0,0,0,0,0.18,0.016,0.018,0.048,0.01,2022
all,Telangana,4,0.235,0,0.516,0.129,0.001,0.74,0.03,0.1,0.198,0.016,0.095,0,0,0,0,0.114,0.025,0.019,0.053,0.021,2022
all,Telangana,5,0.149,0,0.285,0.046,0.001,0.569,0.01,0.059,0.168,0.006,0.037,0,0.001,0,0,0.042,0.016,0.008,0.01,0.001,2022
all,Telangana,99,0.212,0,0.567,0.195,0.002,0.679,0.026,0.102,0.219,0.012,0.074,0,0,0,0,0.186,0.021,0.019,0.047,0.012,2022
rural,Telangana,99,0.253,0,0.702,0.276,0.003,0.696,0.039,0.128,0.246,0.016,0.091,0,0,0,0,0.266,0.032,0.028,0.07,0.019,2022
urban,Telangana,99,0.161,0,0.396,0.093,0.001,0.658,0.01,0.069,0.183,0.008,0.053,0,0,0,0,0.084,0.007,0.008,0.019,0.003,2022
1,Telangana,1,0.937,0.888,NA,NA,NA,NA,NA,NA,NA,NA,NA,NA,NA,NA,NA,NA,NA,NA,NA,NA,2011
1,Telangana,2,0.951,0.897,NA,NA,NA,NA,NA,NA,NA,NA,NA,NA,NA,NA,NA,NA,NA,NA,NA,NA,2011
1,Telangana,3,0.979,0.87,NA,NA,NA,NA,NA,NA,NA,NA,NA,NA,NA,NA,NA,NA,NA,NA,NA,NA,2011
1,Telangana,4,0.896,0.816,NA,NA,NA,NA,NA,NA,NA,NA,NA,NA,NA,NA,NA,NA,NA,NA,NA,NA,2011
1,Telangana,5,0.791,0.564,NA,NA,NA,NA,NA,NA,NA,NA,NA,NA,NA,NA,NA,NA,NA,NA,NA,NA,2011
2,Telangana,1,0.729,0.563,NA,NA,NA,NA,NA,NA,NA,NA,NA,NA,NA,NA,NA,NA,NA,NA,NA,NA,2011
2,Telangana,2,0.673,0.514,NA,NA,NA,NA,NA,NA,NA,NA,NA,NA,NA,NA,NA,NA,NA,NA,NA,NA,2011
2,Telangana,3,0.524,0.305,NA,NA,NA,NA,NA,NA,NA,NA,NA,NA,NA,NA,NA,NA,NA,NA,NA,NA,2011
2,Telangana,4,0.349,0.157,NA,NA,NA,NA,NA,NA,NA,NA,NA,NA,NA,NA,NA,NA,NA,NA,NA,NA,2011
2,Telangana,5,0.1,0.014,NA,NA,NA,NA,NA,NA,NA,NA,NA,NA,NA,NA,NA,NA,NA,NA,NA,NA,2011
99,Telangana,1,0.886,0.797,NA,NA,NA,NA,NA,NA,NA,NA,NA,NA,NA,NA,NA,NA,NA,NA,NA,NA,2011
99,Telangana,2,0.869,0.781,NA,NA,NA,NA,NA,NA,NA,NA,NA,NA,NA,NA,NA,NA,NA,NA,NA,NA,2011
99,Telangana,3,0.857,0.71,NA,NA,NA,NA,NA,NA,NA,NA,NA,NA,NA,NA,NA,NA,NA,NA,NA,NA,2011
99,Telangana,4,0.694,0.552,NA,NA,NA,NA,NA,NA,NA,NA,NA,NA,NA,NA,NA,NA,NA,NA,NA,NA,2011
99,Telangana,5,0.375,0.201,NA,NA,NA,NA,NA,NA,NA,NA,NA,NA,NA,NA,NA,NA,NA,NA,NA,NA,2011
99,Telangana,99,0.736,0.608,NA,NA,NA,NA,NA,NA,NA,NA,NA,NA,NA,NA,NA,NA,NA,NA,NA,NA,2011
1,Telangana,99,0.911,0.808,NA,NA,NA,NA,NA,NA,NA,NA,NA,NA,NA,NA,NA,NA,NA,NA,NA,NA,2011
2,Telangana,99,0.476,0.311,NA,NA,NA,NA,NA,NA,NA,NA,NA,NA,NA,NA,NA,NA,NA,NA,NA,NA,2011
rural,Tripura,1,0.96,0.705,0.68,0.518,0,0.047,0.008,0.047,0.46,0.029,0,0,0,0,0,0.518,0.016,0.025,0,0,2022
urban,Tripura,1,0.941,0.385,0.608,0.381,0,0.096,0.014,0.021,0.421,0.03,0.009,0,0,0,0.009,0.381,0.011,0.01,0,0,2022
rural,Tripura,2,0.978,0.593,0.681,0.428,0,0.048,0.011,0.058,0.457,0.03,0.008,0,0,0,0.008,0.428,0.016,0.035,0,0,2022
urban,Tripura,2,0.958,0.334,0.553,0.317,0,0.101,0.013,0.028,0.367,0.026,0.004,0,0,0,0,0.317,0.002,0.016,0,0,2022
rural,Tripura,3,0.978,0.495,0.618,0.391,0,0.064,0.006,0.051,0.417,0.038,0.005,0,0,0,0.004,0.389,0.019,0.04,0,0,2022
urban,Tripura,3,0.953,0.226,0.5,0.276,0,0.112,0.005,0.028,0.334,0.009,0.002,0,0,0,0.002,0.276,0.005,0.035,0.002,0,2022
rural,Tripura,4,0.98,0.476,0.648,0.396,0,0.089,0.009,0.054,0.399,0.044,0.005,0,0,0,0.004,0.394,0.02,0.04,0.004,0,2022
urban,Tripura,4,0.942,0.261,0.346,0.212,0,0.126,0.013,0.032,0.286,0.042,0.004,0,0,0,0.004,0.212,0,0.026,0,0,2022
rural,Tripura,5,0.969,0.422,0.469,0.267,0,0.134,0.008,0.041,0.308,0.041,0.002,0,0,0,0.002,0.267,0.008,0.031,0,0,2022
urban,Tripura,5,0.883,0.199,0.186,0.145,0,0.119,0,0.066,0.136,0.009,0.005,0,0,0,0.002,0.145,0,0.012,0,0,2022
all,Tripura,1,0.961,0.682,0.678,0.507,0,0.053,0.011,0.045,0.464,0.031,0,0,0,0,0,0.507,0.015,0.024,0,0,2022
all,Tripura,2,0.975,0.528,0.655,0.401,0,0.05,0.009,0.047,0.442,0.032,0.01,0,0,0,0.01,0.4,0.018,0.037,0,0,2022
all,Tripura,3,0.973,0.471,0.615,0.383,0,0.079,0.007,0.053,0.405,0.04,0.003,0,0,0,0.001,0.383,0.012,0.035,0.001,0,2022
all,Tripura,4,0.973,0.401,0.581,0.355,0,0.095,0.011,0.051,0.376,0.03,0.004,0,0,0,0.003,0.353,0.018,0.035,0.003,0,2022
all,Tripura,5,0.945,0.343,0.38,0.216,0,0.14,0.005,0.039,0.252,0.036,0.003,0,0,0,0.003,0.216,0.003,0.026,0,0,2022
all,Tripura,99,0.965,0.485,0.582,0.372,0,0.083,0.009,0.047,0.388,0.034,0.004,0,0,0,0.003,0.372,0.013,0.031,0.001,0,2022
rural,Tripura,99,0.973,0.538,0.619,0.4,0,0.076,0.009,0.05,0.408,0.036,0.004,0,0,0,0.003,0.399,0.016,0.034,0.001,0,2022
urban,Tripura,99,0.935,0.281,0.439,0.266,0,0.111,0.009,0.035,0.309,0.023,0.005,0,0,0,0.004,0.266,0.004,0.02,0,0,2022
1,Tripura,1,0.957,0.971,NA,NA,NA,NA,NA,NA,NA,NA,NA,NA,NA,NA,NA,NA,NA,NA,NA,NA,2011
1,Tripura,2,0.98,0.975,NA,NA,NA,NA,NA,NA,NA,NA,NA,NA,NA,NA,NA,NA,NA,NA,NA,NA,2011
1,Tripura,3,0.972,0.973,NA,NA,NA,NA,NA,NA,NA,NA,NA,NA,NA,NA,NA,NA,NA,NA,NA,NA,2011
1,Tripura,4,0.979,0.99,NA,NA,NA,NA,NA,NA,NA,NA,NA,NA,NA,NA,NA,NA,NA,NA,NA,NA,2011
1,Tripura,5,0.953,0.95,NA,NA,NA,NA,NA,NA,NA,NA,NA,NA,NA,NA,NA,NA,NA,NA,NA,NA,2011
2,Tripura,1,0.941,0.934,NA,NA,NA,NA,NA,NA,NA,NA,NA,NA,NA,NA,NA,NA,NA,NA,NA,NA,2011
2,Tripura,2,0.857,0.829,NA,NA,NA,NA,NA,NA,NA,NA,NA,NA,NA,NA,NA,NA,NA,NA,NA,NA,2011
2,Tripura,3,0.828,0.775,NA,NA,NA,NA,NA,NA,NA,NA,NA,NA,NA,NA,NA,NA,NA,NA,NA,NA,2011
2,Tripura,4,0.849,0.677,NA,NA,NA,NA,NA,NA,NA,NA,NA,NA,NA,NA,NA,NA,NA,NA,NA,NA,2011
2,Tripura,5,0.818,0.57,NA,NA,NA,NA,NA,NA,NA,NA,NA,NA,NA,NA,NA,NA,NA,NA,NA,NA,2011
99,Tripura,1,0.956,0.966,NA,NA,NA,NA,NA,NA,NA,NA,NA,NA,NA,NA,NA,NA,NA,NA,NA,NA,2011
99,Tripura,2,0.973,0.966,NA,NA,NA,NA,NA,NA,NA,NA,NA,NA,NA,NA,NA,NA,NA,NA,NA,NA,2011
99,Tripura,3,0.961,0.962,NA,NA,NA,NA,NA,NA,NA,NA,NA,NA,NA,NA,NA,NA,NA,NA,NA,NA,2011
99,Tripura,4,0.948,0.943,NA,NA,NA,NA,NA,NA,NA,NA,NA,NA,NA,NA,NA,NA,NA,NA,NA,NA,2011
99,Tripura,5,0.918,0.852,NA,NA,NA,NA,NA,NA,NA,NA,NA,NA,NA,NA,NA,NA,NA,NA,NA,NA,2011
99,Tripura,99,0.951,0.938,NA,NA,NA,NA,NA,NA,NA,NA,NA,NA,NA,NA,NA,NA,NA,NA,NA,NA,2011
1,Tripura,99,0.968,0.972,NA,NA,NA,NA,NA,NA,NA,NA,NA,NA,NA,NA,NA,NA,NA,NA,NA,NA,2011
2,Tripura,99,0.86,0.758,NA,NA,NA,NA,NA,NA,NA,NA,NA,NA,NA,NA,NA,NA,NA,NA,NA,NA,2011
rural,Uttar Pradesh,1,0.307,0,0.746,0.315,0.001,0.132,0.015,0.143,0.053,0.002,0.012,0,0,0.003,0,0.298,0.025,0.176,0.024,0.017,2022
urban,Uttar Pradesh,1,0.308,0,0.576,0.126,0.001,0.243,0.011,0.054,0.059,0.004,0.006,0.001,0.001,0.001,0,0.119,0.011,0.063,0.004,0.004,2022
rural,Uttar Pradesh,2,0.312,0.001,0.726,0.266,0.001,0.205,0.014,0.128,0.068,0.002,0.017,0,0.002,0.003,0,0.25,0.031,0.145,0.028,0.026,2022
urban,Uttar Pradesh,2,0.303,0,0.527,0.076,0,0.288,0.01,0.059,0.062,0.003,0.005,0,0,0.004,0,0.069,0.012,0.041,0.001,0,2022
rural,Uttar Pradesh,3,0.315,0.001,0.685,0.228,0.001,0.235,0.012,0.127,0.063,0.004,0.009,0,0.001,0.001,0,0.217,0.028,0.139,0.022,0.02,2022
urban,Uttar Pradesh,3,0.262,0,0.455,0.055,0,0.269,0.01,0.053,0.056,0.007,0.004,0,0,0.001,0.001,0.049,0.007,0.034,0.004,0.001,2022
rural,Uttar Pradesh,4,0.331,0,0.623,0.175,0.001,0.216,0.008,0.088,0.055,0.006,0.007,0,0.001,0.002,0,0.167,0.022,0.104,0.015,0.014,2022
urban,Uttar Pradesh,4,0.214,0,0.321,0.028,0,0.293,0.014,0.025,0.029,0.004,0.004,0.001,0.001,0.001,0,0.026,0.008,0.016,0.002,0,2022
rural,Uttar Pradesh,5,0.293,0,0.522,0.131,0,0.225,0.013,0.067,0.043,0.006,0.007,0,0.001,0.003,0,0.126,0.011,0.074,0.009,0.006,2022
urban,Uttar Pradesh,5,0.092,0,0.144,0.009,0,0.284,0.017,0.027,0.019,0.001,0.005,0,0.002,0.002,0,0.007,0.001,0.004,0.001,0,2022
all,Uttar Pradesh,1,0.311,0,0.721,0.289,0.001,0.149,0.014,0.134,0.053,0.002,0.011,0,0,0.003,0,0.274,0.024,0.162,0.022,0.016,2022
all,Uttar Pradesh,2,0.307,0.001,0.699,0.232,0,0.218,0.013,0.112,0.068,0.002,0.015,0,0.002,0.003,0,0.219,0.026,0.125,0.022,0.02,2022
all,Uttar Pradesh,3,0.317,0,0.647,0.196,0.001,0.244,0.012,0.113,0.061,0.004,0.008,0,0.001,0.001,0,0.186,0.025,0.12,0.02,0.018,2022
all,Uttar Pradesh,4,0.31,0,0.57,0.142,0.001,0.227,0.009,0.076,0.052,0.005,0.008,0,0.001,0.003,0,0.136,0.017,0.085,0.01,0.009,2022
all,Uttar Pradesh,5,0.236,0,0.408,0.089,0,0.249,0.014,0.05,0.036,0.005,0.005,0,0.001,0.002,0,0.085,0.009,0.048,0.006,0.003,2022
all,Uttar Pradesh,99,0.296,0,0.609,0.19,0.001,0.217,0.013,0.097,0.054,0.004,0.009,0,0.001,0.002,0,0.18,0.02,0.108,0.016,0.013,2022
rural,Uttar Pradesh,99,0.312,0,0.661,0.223,0.001,0.203,0.013,0.111,0.056,0.004,0.011,0,0.001,0.003,0,0.212,0.023,0.127,0.02,0.016,2022
urban,Uttar Pradesh,99,0.236,0,0.405,0.059,0,0.275,0.012,0.044,0.045,0.004,0.005,0,0.001,0.002,0,0.054,0.008,0.032,0.002,0.001,2022
1,Uttar Pradesh,1,0.414,0.847,NA,NA,NA,NA,NA,NA,NA,NA,NA,NA,NA,NA,NA,NA,NA,NA,NA,NA,2011
1,Uttar Pradesh,2,0.308,0.874,NA,NA,NA,NA,NA,NA,NA,NA,NA,NA,NA,NA,NA,NA,NA,NA,NA,NA,2011
1,Uttar Pradesh,3,0.263,0.885,NA,NA,NA,NA,NA,NA,NA,NA,NA,NA,NA,NA,NA,NA,NA,NA,NA,NA,2011
1,Uttar Pradesh,4,0.23,0.896,NA,NA,NA,NA,NA,NA,NA,NA,NA,NA,NA,NA,NA,NA,NA,NA,NA,NA,2011
1,Uttar Pradesh,5,0.201,0.87,NA,NA,NA,NA,NA,NA,NA,NA,NA,NA,NA,NA,NA,NA,NA,NA,NA,NA,2011
2,Uttar Pradesh,1,0.388,0.756,NA,NA,NA,NA,NA,NA,NA,NA,NA,NA,NA,NA,NA,NA,NA,NA,NA,NA,2011
2,Uttar Pradesh,2,0.31,0.638,NA,NA,NA,NA,NA,NA,NA,NA,NA,NA,NA,NA,NA,NA,NA,NA,NA,NA,2011
2,Uttar Pradesh,3,0.211,0.649,NA,NA,NA,NA,NA,NA,NA,NA,NA,NA,NA,NA,NA,NA,NA,NA,NA,NA,2011
2,Uttar Pradesh,4,0.074,0.486,NA,NA,NA,NA,NA,NA,NA,NA,NA,NA,NA,NA,NA,NA,NA,NA,NA,NA,2011
2,Uttar Pradesh,5,0.038,0.196,NA,NA,NA,NA,NA,NA,NA,NA,NA,NA,NA,NA,NA,NA,NA,NA,NA,NA,2011
99,Uttar Pradesh,1,0.406,0.825,NA,NA,NA,NA,NA,NA,NA,NA,NA,NA,NA,NA,NA,NA,NA,NA,NA,NA,2011
99,Uttar Pradesh,2,0.31,0.844,NA,NA,NA,NA,NA,NA,NA,NA,NA,NA,NA,NA,NA,NA,NA,NA,NA,NA,2011
99,Uttar Pradesh,3,0.267,0.849,NA,NA,NA,NA,NA,NA,NA,NA,NA,NA,NA,NA,NA,NA,NA,NA,NA,NA,2011
99,Uttar Pradesh,4,0.21,0.828,NA,NA,NA,NA,NA,NA,NA,NA,NA,NA,NA,NA,NA,NA,NA,NA,NA,NA,2011
99,Uttar Pradesh,5,0.137,0.672,NA,NA,NA,NA,NA,NA,NA,NA,NA,NA,NA,NA,NA,NA,NA,NA,NA,NA,2011
99,Uttar Pradesh,99,0.266,0.804,NA,NA,NA,NA,NA,NA,NA,NA,NA,NA,NA,NA,NA,NA,NA,NA,NA,NA,2011
1,Uttar Pradesh,99,0.283,0.874,NA,NA,NA,NA,NA,NA,NA,NA,NA,NA,NA,NA,NA,NA,NA,NA,NA,NA,2011
2,Uttar Pradesh,99,0.204,0.545,NA,NA,NA,NA,NA,NA,NA,NA,NA,NA,NA,NA,NA,NA,NA,NA,NA,NA,2011
rural,Uttrakhand,1,0.413,0,0.445,0.382,0.013,0.412,0.006,0.043,0.396,0.016,0.085,0,0.044,0,0,0.367,0,0.065,0.152,0.085,2022
urban,Uttrakhand,1,0.569,0,0.154,0.251,0,0.367,0.017,0,0.253,0.072,0.018,0,0.005,0,0,0.233,0,0.017,0.047,0.017,2022
rural,Uttrakhand,2,0.394,0,0.445,0.423,0.004,0.413,0.03,0.077,0.409,0.019,0.149,0.001,0.08,0,0,0.383,0.007,0.058,0.166,0.052,2022
urban,Uttrakhand,2,0.267,0,0.191,0.149,0,0.536,0,0.041,0.459,0.031,0.013,0,0.013,0,0.013,0.146,0,0,0.038,0.021,2022
rural,Uttrakhand,3,0.354,0,0.387,0.324,0,0.521,0.007,0.019,0.414,0.016,0.095,0.002,0.06,0,0.009,0.28,0.005,0.021,0.15,0.06,2022
urban,Uttrakhand,3,0.31,0,0.089,0.141,0,0.558,0.004,0.011,0.464,0.062,0.027,0,0.023,0,0,0.138,0.004,0.017,0.016,0.011,2022
rural,Uttrakhand,4,0.295,0,0.398,0.229,0,0.492,0.021,0.018,0.506,0.079,0.076,0,0.048,0,0,0.218,0,0.008,0.162,0.113,2022
urban,Uttrakhand,4,0.137,0,0.108,0.012,0.001,0.589,0.023,0.003,0.415,0.061,0.012,0.004,0.008,0,0,0.012,0,0,0.001,0,2022
rural,Uttrakhand,5,0.309,0,0.261,0.071,0,0.577,0.002,0,0.432,0.033,0.016,0,0.013,0,0,0.06,0.006,0.01,0.039,0.03,2022
urban,Uttrakhand,5,0.101,0,0.056,0.002,0,0.595,0.021,0,0.322,0.034,0.016,0,0.016,0,0,0.002,0,0.002,0,0,2022
all,Uttrakhand,1,0.425,0,0.412,0.374,0.011,0.397,0.008,0.04,0.382,0.03,0.092,0,0.05,0,0,0.355,0,0.059,0.147,0.073,2022
all,Uttrakhand,2,0.403,0,0.394,0.392,0.003,0.434,0.024,0.06,0.392,0.018,0.117,0.001,0.058,0,0.003,0.356,0.006,0.046,0.152,0.055,2022
all,Uttrakhand,3,0.32,0,0.36,0.277,0,0.515,0.01,0.026,0.435,0.039,0.067,0.001,0.047,0,0.007,0.249,0.004,0.015,0.13,0.063,2022
all,Uttrakhand,4,0.311,0,0.318,0.162,0,0.549,0.014,0.009,0.48,0.065,0.061,0.001,0.04,0,0,0.153,0.002,0.011,0.1,0.071,2022
all,Uttrakhand,5,0.226,0,0.172,0.041,0,0.569,0.01,0.001,0.416,0.032,0.013,0,0.011,0,0,0.032,0.004,0.004,0.021,0.017,2022
all,Uttrakhand,99,0.337,0,0.331,0.249,0.003,0.493,0.013,0.027,0.421,0.037,0.07,0.001,0.041,0,0.002,0.229,0.003,0.027,0.11,0.056,2022
rural,Uttrakhand,99,0.353,0,0.387,0.286,0.004,0.483,0.013,0.031,0.431,0.033,0.084,0.001,0.049,0,0.002,0.262,0.004,0.032,0.134,0.068,2022
urban,Uttrakhand,99,0.277,0,0.119,0.111,0,0.529,0.013,0.011,0.383,0.052,0.017,0.001,0.013,0,0.003,0.106,0.001,0.007,0.02,0.01,2022
1,Uttrakhand,1,0.943,0.882,NA,NA,NA,NA,NA,NA,NA,NA,NA,NA,NA,NA,NA,NA,NA,NA,NA,NA,2011
1,Uttrakhand,2,0.955,0.795,NA,NA,NA,NA,NA,NA,NA,NA,NA,NA,NA,NA,NA,NA,NA,NA,NA,NA,2011
1,Uttrakhand,3,0.942,0.872,NA,NA,NA,NA,NA,NA,NA,NA,NA,NA,NA,NA,NA,NA,NA,NA,NA,NA,2011
1,Uttrakhand,4,0.833,0.747,NA,NA,NA,NA,NA,NA,NA,NA,NA,NA,NA,NA,NA,NA,NA,NA,NA,NA,2011
1,Uttrakhand,5,0.829,0.623,NA,NA,NA,NA,NA,NA,NA,NA,NA,NA,NA,NA,NA,NA,NA,NA,NA,NA,2011
2,Uttrakhand,1,0.76,0.529,NA,NA,NA,NA,NA,NA,NA,NA,NA,NA,NA,NA,NA,NA,NA,NA,NA,NA,2011
2,Uttrakhand,2,0.729,0.555,NA,NA,NA,NA,NA,NA,NA,NA,NA,NA,NA,NA,NA,NA,NA,NA,NA,NA,2011
2,Uttrakhand,3,0.74,0.358,NA,NA,NA,NA,NA,NA,NA,NA,NA,NA,NA,NA,NA,NA,NA,NA,NA,NA,2011
2,Uttrakhand,4,0.672,0.298,NA,NA,NA,NA,NA,NA,NA,NA,NA,NA,NA,NA,NA,NA,NA,NA,NA,NA,2011
2,Uttrakhand,5,0.473,0.172,NA,NA,NA,NA,NA,NA,NA,NA,NA,NA,NA,NA,NA,NA,NA,NA,NA,NA,2011
99,Uttrakhand,1,0.886,0.769,NA,NA,NA,NA,NA,NA,NA,NA,NA,NA,NA,NA,NA,NA,NA,NA,NA,NA,2011
99,Uttrakhand,2,0.913,0.773,NA,NA,NA,NA,NA,NA,NA,NA,NA,NA,NA,NA,NA,NA,NA,NA,NA,NA,2011
99,Uttrakhand,3,0.874,0.727,NA,NA,NA,NA,NA,NA,NA,NA,NA,NA,NA,NA,NA,NA,NA,NA,NA,NA,2011
99,Uttrakhand,4,0.812,0.644,NA,NA,NA,NA,NA,NA,NA,NA,NA,NA,NA,NA,NA,NA,NA,NA,NA,NA,2011
99,Uttrakhand,5,0.715,0.47,NA,NA,NA,NA,NA,NA,NA,NA,NA,NA,NA,NA,NA,NA,NA,NA,NA,NA,2011
99,Uttrakhand,99,0.84,0.677,NA,NA,NA,NA,NA,NA,NA,NA,NA,NA,NA,NA,NA,NA,NA,NA,NA,NA,2011
1,Uttrakhand,99,0.9,0.784,NA,NA,NA,NA,NA,NA,NA,NA,NA,NA,NA,NA,NA,NA,NA,NA,NA,NA,2011
2,Uttrakhand,99,0.676,0.384,NA,NA,NA,NA,NA,NA,NA,NA,NA,NA,NA,NA,NA,NA,NA,NA,NA,NA,2011
rural,West Bengal,1,0.027,0.083,0.986,0.494,0.005,0.147,0.076,0.122,0.812,0.035,0.051,0,0,0.003,0.027,0.476,0.182,0.141,0.145,0.081,2022
urban,West Bengal,1,0.043,0.063,0.897,0.496,0.002,0.374,0.044,0.103,0.709,0.067,0.032,0,0.001,0.005,0.01,0.482,0.166,0.153,0.11,0.044,2022
rural,West Bengal,2,0.037,0.088,0.987,0.506,0.001,0.187,0.069,0.09,0.797,0.043,0.046,0,0.001,0.003,0.028,0.483,0.206,0.148,0.148,0.082,2022
urban,West Bengal,2,0.044,0.044,0.856,0.46,0.001,0.473,0.038,0.068,0.689,0.053,0.034,0,0.001,0.006,0.018,0.453,0.194,0.147,0.101,0.033,2022
rural,West Bengal,3,0.047,0.088,0.979,0.496,0.003,0.235,0.073,0.075,0.786,0.04,0.06,0,0,0.011,0.037,0.482,0.21,0.179,0.146,0.087,2022
urban,West Bengal,3,0.031,0.035,0.788,0.391,0.001,0.434,0.017,0.062,0.609,0.034,0.035,0,0.002,0.001,0.022,0.386,0.165,0.123,0.068,0.013,2022
rural,West Bengal,4,0.048,0.071,0.948,0.47,0.001,0.282,0.056,0.069,0.778,0.051,0.055,0,0,0.003,0.028,0.458,0.209,0.159,0.146,0.075,2022
urban,West Bengal,4,0.025,0.027,0.671,0.247,0.002,0.36,0.027,0.04,0.58,0.031,0.034,0,0,0.003,0.019,0.231,0.089,0.069,0.067,0.016,2022
rural,West Bengal,5,0.04,0.081,0.917,0.361,0.003,0.297,0.052,0.039,0.738,0.036,0.059,0,0,0.007,0.038,0.342,0.148,0.094,0.127,0.052,2022
urban,West Bengal,5,0.034,0.01,0.382,0.11,0.001,0.353,0.019,0.047,0.487,0.019,0.018,0.001,0,0.001,0.012,0.099,0.03,0.024,0.029,0.01,2022
all,West Bengal,1,0.031,0.077,0.964,0.495,0.004,0.199,0.069,0.121,0.793,0.045,0.045,0,0,0.003,0.023,0.478,0.178,0.14,0.137,0.073,2022
all,West Bengal,2,0.041,0.082,0.966,0.503,0.001,0.247,0.059,0.088,0.776,0.045,0.047,0,0.001,0.006,0.029,0.484,0.207,0.158,0.14,0.074,2022
all,West Bengal,3,0.046,0.076,0.941,0.479,0.002,0.293,0.067,0.066,0.749,0.041,0.057,0,0,0.008,0.034,0.467,0.208,0.17,0.131,0.072,2022
all,West Bengal,4,0.039,0.063,0.893,0.425,0.001,0.316,0.043,0.06,0.725,0.044,0.048,0,0,0.003,0.025,0.412,0.183,0.132,0.126,0.054,2022
all,West Bengal,5,0.035,0.049,0.713,0.252,0.002,0.328,0.037,0.04,0.637,0.029,0.042,0,0,0.005,0.026,0.236,0.094,0.065,0.085,0.032,2022
all,West Bengal,99,0.038,0.07,0.895,0.431,0.002,0.276,0.055,0.075,0.736,0.041,0.048,0,0,0.005,0.027,0.416,0.174,0.133,0.124,0.061,2022
rural,West Bengal,99,0.04,0.083,0.963,0.465,0.003,0.229,0.065,0.079,0.782,0.041,0.054,0,0,0.005,0.031,0.448,0.191,0.144,0.142,0.075,2022
urban,West Bengal,99,0.035,0.036,0.719,0.341,0.001,0.399,0.029,0.064,0.615,0.041,0.031,0,0.001,0.003,0.016,0.33,0.129,0.103,0.075,0.023,2022
1,West Bengal,1,0.568,0.911,NA,NA,NA,NA,NA,NA,NA,NA,NA,NA,NA,NA,NA,NA,NA,NA,NA,NA,2011
1,West Bengal,2,0.542,0.915,NA,NA,NA,NA,NA,NA,NA,NA,NA,NA,NA,NA,NA,NA,NA,NA,NA,NA,2011
1,West Bengal,3,0.568,0.924,NA,NA,NA,NA,NA,NA,NA,NA,NA,NA,NA,NA,NA,NA,NA,NA,NA,NA,2011
1,West Bengal,4,0.551,0.935,NA,NA,NA,NA,NA,NA,NA,NA,NA,NA,NA,NA,NA,NA,NA,NA,NA,NA,2011
1,West Bengal,5,0.399,0.882,NA,NA,NA,NA,NA,NA,NA,NA,NA,NA,NA,NA,NA,NA,NA,NA,NA,NA,2011
2,West Bengal,1,0.517,0.879,NA,NA,NA,NA,NA,NA,NA,NA,NA,NA,NA,NA,NA,NA,NA,NA,NA,NA,2011
2,West Bengal,2,0.411,0.79,NA,NA,NA,NA,NA,NA,NA,NA,NA,NA,NA,NA,NA,NA,NA,NA,NA,NA,2011
2,West Bengal,3,0.278,0.755,NA,NA,NA,NA,NA,NA,NA,NA,NA,NA,NA,NA,NA,NA,NA,NA,NA,NA,2011
2,West Bengal,4,0.132,0.599,NA,NA,NA,NA,NA,NA,NA,NA,NA,NA,NA,NA,NA,NA,NA,NA,NA,NA,2011
2,West Bengal,5,0.065,0.371,NA,NA,NA,NA,NA,NA,NA,NA,NA,NA,NA,NA,NA,NA,NA,NA,NA,NA,2011
99,West Bengal,1,0.553,0.901,NA,NA,NA,NA,NA,NA,NA,NA,NA,NA,NA,NA,NA,NA,NA,NA,NA,NA,2011
99,West Bengal,2,0.53,0.907,NA,NA,NA,NA,NA,NA,NA,NA,NA,NA,NA,NA,NA,NA,NA,NA,NA,NA,2011
99,West Bengal,3,0.539,0.905,NA,NA,NA,NA,NA,NA,NA,NA,NA,NA,NA,NA,NA,NA,NA,NA,NA,NA,2011
99,West Bengal,4,0.44,0.879,NA,NA,NA,NA,NA,NA,NA,NA,NA,NA,NA,NA,NA,NA,NA,NA,NA,NA,2011
99,West Bengal,5,0.234,0.657,NA,NA,NA,NA,NA,NA,NA,NA,NA,NA,NA,NA,NA,NA,NA,NA,NA,NA,2011
99,West Bengal,99,0.459,0.85,NA,NA,NA,NA,NA,NA,NA,NA,NA,NA,NA,NA,NA,NA,NA,NA,NA,NA,2011
1,West Bengal,99,0.526,0.914,NA,NA,NA,NA,NA,NA,NA,NA,NA,NA,NA,NA,NA,NA,NA,NA,NA,NA,2011
2,West Bengal,99,0.281,0.679,NA,NA,NA,NA,NA,NA,NA,NA,NA,NA,NA,NA,NA,NA,NA,NA,NA,NA,2011
