,state_n,State,sector,head_age_cat,edu_group,head_gender,hhsize_cat,own_house,round,m_poor_1_33,m_poor_1_50,wi_cat1,wi_cat2,wi_cat3,wi_cat4,wi_cat5,SourceSheet
3807,NA,NA,NA,NA,NA,NA,NA,NA,4,0.266854614,0.075443424,0.202781901,0.196917877,0.198383003,0.200876668,0.201040551,allindia
3810,NA,NA,NA,NA,NA,NA,NA,0,4,0.234747067,0.069243804,0.175768673,0.175463364,0.210067853,0.247857243,0.190842867,allindia
3811,NA,NA,NA,NA,NA,NA,NA,1,4,0.274814278,0.076980352,0.209591091,0.202325866,0.195437625,0.189034358,0.203611061,allindia
3833,NA,NA,NA,NA,NA,NA,1,NA,4,0.453329563,0.037748527,0.355270892,0.206483424,0.182287663,0.158424392,0.097533636,allindia
3834,NA,NA,NA,NA,NA,NA,2 to 3,NA,4,0.238842204,0.048690047,0.201317579,0.18716383,0.194486111,0.204063714,0.212968767,allindia
3835,NA,NA,NA,NA,NA,NA,4 to 6,NA,4,0.239204958,0.077858388,0.186404869,0.195678517,0.200411513,0.207081109,0.210424006,allindia
3845,NA,NA,NA,NA,NA,1,NA,NA,4,0.253748,0.071809016,0.191692516,0.195796743,0.199498534,0.203543633,0.209468573,allindia
3846,NA,NA,NA,NA,NA,2,NA,NA,4,0.342167884,0.095777616,0.267468125,0.203457594,0.19187592,0.185319841,0.151878536,allindia
3847,NA,NA,NA,NA,NA,NA,NA,NA,4,0.334745765,0.138437927,NA,NA,NA,NA,NA,allindia
3862,NA,NA,NA,65+,NA,NA,NA,NA,4,0.28398633,0.044479553,0.214108378,0.188347757,0.182160705,0.191652045,0.223731115,allindia
3863,NA,NA,NA,NA,NA,NA,NA,NA,4,0.459077865,0.120226383,0.606603384,0.049779449,0.314440221,0.02917693,0,allindia
3895,NA,NA,NA,15 to 29,NA,NA,NA,NA,4,0.42297861,0.164974481,0.281614125,0.242110744,0.213267371,0.167355135,0.095652618,allindia
3896,NA,NA,NA,30 to 45,NA,NA,NA,NA,4,0.275740415,0.097447544,0.213717073,0.205879211,0.207354695,0.204362303,0.168686718,allindia
3897,NA,NA,NA,46 to 64,NA,NA,NA,NA,4,0.219155475,0.047832496,0.171298847,0.18215926,0.192879885,0.208076939,0.245585084,allindia
3927,NA,NA,NA,NA,NA,NA,NA,NA,4,0.27064845,0.086463593,0.222265586,0.217518181,0.203386426,0.206445664,0.150384158,allindia
3932,NA,NA,NA,NA,NA,NA,7+,NA,4,0.354437232,0.118132196,0.223195374,0.214154646,0.201642379,0.185402349,0.175605252,allindia
3943,NA,NA,NA,NA,Secondary,NA,NA,NA,4,0.12988919,0.013505114,0.105117828,0.165167749,0.212912202,0.263519615,0.253282636,allindia
3944,NA,NA,NA,NA,Higher,NA,NA,NA,4,0.0338443,0.002007693,0.01810736,0.046765208,0.093818784,0.211103171,0.630205452,allindia
3945,NA,NA,NA,NA,No education / Preschool,NA,NA,NA,4,0.481133819,0.164141208,0.380254298,0.256708831,0.193992332,0.119593523,0.049451001,allindia
3950,NA,NA,NA,NA,Primary,NA,NA,NA,4,0.33566606,0.10288129,0.226227254,0.251061082,0.231756389,0.19159022,0.09936507,allindia
3808,NA,NA,0,NA,NA,NA,NA,NA,4,0.361959398,0.104371801,0.293807477,0.264053792,0.2201695,0.147468075,0.074501149,indiasector
3809,NA,NA,1,NA,NA,NA,NA,NA,4,0.082861185,0.019477462,0.032901026,0.071622178,0.157722905,0.300553054,0.437200844,indiasector
3812,NA,NA,0,NA,NA,NA,NA,0,4,0.380299091,0.117790304,0.315792352,0.267895311,0.22200264,0.144235671,0.050074,indiasector
3813,NA,NA,0,NA,NA,NA,NA,1,4,0.358639717,0.101942912,0.28978163,0.263350338,0.219833821,0.148059994,0.078974202,indiasector
3814,NA,NA,1,NA,NA,NA,NA,0,4,0.084091678,0.018995157,0.035420634,0.082817294,0.19810544,0.351718843,0.33193779,indiasector
3815,NA,NA,1,NA,NA,NA,NA,1,4,0.082367152,0.019671103,0.031880915,0.067089617,0.141373247,0.279837579,0.479818642,indiasector
3836,NA,NA,0,NA,NA,NA,2 to 3,NA,4,0.34705472,0.072088912,0.30747062,0.26051873,0.219002441,0.145831034,0.067177214,indiasector
3837,NA,NA,0,NA,NA,NA,4 to 6,NA,4,0.324565947,0.108190179,0.273396671,0.267102987,0.227267787,0.153635442,0.078597113,indiasector
3838,NA,NA,0,NA,NA,NA,7+,NA,4,0.431918144,0.145528778,0.291869342,0.264134556,0.215096146,0.146026939,0.082873009,indiasector
3839,NA,NA,1,NA,NA,NA,1,NA,4,0.142095774,0.008944361,0.100204296,0.147692919,0.235960722,0.29415679,0.221985266,indiasector
3840,NA,NA,1,NA,NA,NA,2 to 3,NA,4,0.061815076,0.010411345,0.033074323,0.070902757,0.155629873,0.296357423,0.444035619,indiasector
3841,NA,NA,1,NA,NA,NA,4 to 6,NA,4,0.075794511,0.019792855,0.026436821,0.06433697,0.151025862,0.305361629,0.452838719,indiasector
3842,NA,NA,1,NA,NA,NA,7+,NA,4,0.13886787,0.041908737,0.03802418,0.079389736,0.165365875,0.291573465,0.425646722,indiasector
3848,NA,NA,0,NA,NA,1,NA,NA,4,0.345805705,0.099365309,0.279570967,0.264978677,0.224505782,0.152485535,0.078459047,indiasector
3849,NA,NA,0,NA,NA,2,NA,NA,4,0.45252943,0.13165687,0.374880403,0.258786857,0.195475563,0.118895106,0.051962059,indiasector
3850,NA,NA,0,NA,NA,NA,NA,NA,4,0.440323114,0.186404929,NA,NA,NA,NA,NA,indiasector
3851,NA,NA,1,NA,NA,1,NA,NA,4,0.077603959,0.019082543,0.029340651,0.067985915,0.153298661,0.297871411,0.451503366,indiasector
3852,NA,NA,1,NA,NA,2,NA,NA,4,0.115309164,0.022024384,0.054645874,0.093830489,0.184743732,0.316931039,0.349848866,indiasector
3853,NA,NA,1,NA,NA,NA,NA,NA,4,0.042338934,0.005588613,NA,NA,NA,NA,NA,indiasector
3898,NA,NA,0,15 to 29,NA,NA,NA,NA,4,0.541739762,0.220063895,0.386461437,0.295701772,0.193019092,0.094341658,0.03047603,indiasector
3899,NA,NA,0,30 to 45,NA,NA,NA,NA,4,0.369665831,0.134172633,0.311576456,0.27510494,0.2222514,0.135476306,0.055590887,indiasector
3900,NA,NA,0,46 to 64,NA,NA,NA,NA,4,0.308870971,0.068453535,0.255429357,0.254700989,0.227787361,0.166508853,0.09557341,indiasector
3901,NA,NA,0,65+,NA,NA,NA,NA,4,0.375057012,0.059467748,0.293647617,0.243533626,0.211725339,0.158756644,0.092336752,indiasector
3902,NA,NA,0,NA,NA,NA,NA,NA,4,0.654015899,0.171995223,0.865015388,0.071416996,0.063567609,0,0,indiasector
3903,NA,NA,1,15 to 29,NA,NA,NA,NA,4,0.160799846,0.043358345,0.054238468,0.125891313,0.257178515,0.325694799,0.236996904,indiasector
3904,NA,NA,1,30 to 45,NA,NA,NA,NA,4,0.096874796,0.027510598,0.034861531,0.079356782,0.180128306,0.330263793,0.375389576,indiasector
3905,NA,NA,1,46 to 64,NA,NA,NA,NA,4,0.057833433,0.010752733,0.025256686,0.05623408,0.132283986,0.280234933,0.505990326,indiasector
3906,NA,NA,1,65+,NA,NA,NA,NA,4,0.076610759,0.010350185,0.038816046,0.066726521,0.11700476,0.264148474,0.513304174,indiasector
3907,NA,NA,1,NA,NA,NA,NA,NA,4,0.006359798,0,0.012099381,0,0.891599119,0.096301526,0,indiasector
3921,NA,NA,0,NA,Primary,NA,NA,NA,4,0.409001082,0.129174307,0.2973544,0.302645564,0.232167378,0.12451864,0.043314014,indiasector
3922,NA,NA,0,NA,Secondary,NA,NA,NA,4,0.195849225,0.020888511,0.168222457,0.246958479,0.259656191,0.211996496,0.113166377,indiasector
3923,NA,NA,0,NA,Higher,NA,NA,NA,4,0.088958949,0.00568057,0.052798808,0.128574014,0.213480964,0.302535594,0.302610636,indiasector
3928,NA,NA,0,NA,No education / Preschool,NA,NA,NA,4,0.537285864,0.186450407,0.448958635,0.278485477,0.175831705,0.074752033,0.021972153,indiasector
3930,NA,NA,0,NA,NA,NA,NA,NA,4,0.370327353,0.121263035,0.305545449,0.287046045,0.202692568,0.151576638,0.053139299,indiasector
3935,NA,NA,0,NA,NA,NA,1,NA,4,0.642726839,0.055276923,0.511674047,0.242532894,0.149376124,0.075195253,0.021221703,indiasector
3939,NA,NA,1,NA,No education / Preschool,NA,NA,NA,4,0.253891379,0.073857762,0.109965213,0.17103754,0.265437901,0.296004057,0.157555282,indiasector
3940,NA,NA,1,NA,Primary,NA,NA,NA,4,0.143105924,0.033842154,0.043720242,0.118699059,0.230701834,0.363690913,0.243187934,indiasector
3952,NA,NA,1,NA,Secondary,NA,NA,NA,4,0.031255025,0.002464257,0.013791722,0.046798777,0.145263508,0.338084728,0.456061274,indiasector
3961,NA,NA,1,NA,NA,NA,NA,NA,4,0.054789066,0.011103758,0.054339267,0.077321492,0.204785511,0.317084134,0.346469611,indiasector
3964,NA,NA,1,NA,Higher,NA,NA,NA,4,0.005562386,0.000122967,0.001124325,0.006716093,0.03523872,0.166342854,0.790578008,indiasector
5,1,Andaman and Nicobar Islands,NA,NA,NA,NA,2 to 3,NA,4,0.069429807,0.006995936,0.039318923,0.092509009,0.2110302,0.346278101,0.310863793,state
8,1,Andaman and Nicobar Islands,NA,NA,NA,2,NA,NA,4,0.115750715,0.012455933,0.059007484,0.095411293,0.206329837,0.344016224,0.295235187,state
17,1,Andaman and Nicobar Islands,NA,65+,NA,NA,NA,NA,4,0.11320211,0.011119483,0.074116275,0.090873212,0.215613693,0.282916486,0.336480349,state
22,1,Andaman and Nicobar Islands,NA,NA,NA,1,NA,NA,4,0.068825833,0.009456653,0.046963759,0.113549896,0.216265783,0.318180144,0.305040419,state
24,1,Andaman and Nicobar Islands,NA,30 to 45,NA,NA,NA,NA,4,0.063637197,0.009640282,0.049973063,0.110631883,0.215270594,0.325535923,0.298588514,state
28,1,Andaman and Nicobar Islands,NA,NA,NA,NA,7+,NA,4,0.062326133,0.008216546,0.037408426,0.068160839,0.230654791,0.363499969,0.300275952,state
47,1,Andaman and Nicobar Islands,NA,15 to 29,NA,NA,NA,NA,4,0.1195255,0.026899775,0.082045525,0.174934477,0.266718894,0.335261911,0.141039208,state
48,1,Andaman and Nicobar Islands,NA,NA,NA,NA,NA,NA,4,0.086196154,0,0.109253205,0.148832947,0.120845743,0.167288095,0.453780025,state
50,1,Andaman and Nicobar Islands,NA,NA,NA,NA,4 to 6,NA,4,0.072162293,0.011209202,0.048784565,0.120275892,0.2143417,0.304934353,0.311663479,state
52,1,Andaman and Nicobar Islands,NA,NA,NA,NA,1,NA,4,0.183032721,0.017114324,0.125310808,0.184736103,0.214234531,0.29488796,0.180830598,state
72,1,Andaman and Nicobar Islands,NA,NA,NA,NA,NA,1,4,0.094091989,0.011269507,0.063683912,0.121868595,0.197551906,0.314117193,0.302778393,state
73,1,Andaman and Nicobar Islands,NA,46 to 64,NA,NA,NA,NA,4,0.073274657,0.007471027,0.036091782,0.106413931,0.20602861,0.328177959,0.323287725,state
74,1,Andaman and Nicobar Islands,NA,NA,Secondary,NA,NA,NA,4,0.036888815,0.003359127,0.031967204,0.086238816,0.174543127,0.346212506,0.361038327,state
75,1,Andaman and Nicobar Islands,NA,NA,Higher,NA,NA,NA,4,0.001363469,0,0,0.006126776,0.043034468,0.303200245,0.6476385,state
76,1,Andaman and Nicobar Islands,NA,NA,No education / Preschool,NA,NA,NA,4,0.141698062,0.023056312,0.097841144,0.127168015,0.325205505,0.303601146,0.146184176,state
97,1,Andaman and Nicobar Islands,NA,NA,Primary,NA,NA,NA,4,0.143190756,0.017729206,0.063638255,0.20325911,0.286747009,0.295114219,0.151241392,state
98,1,Andaman and Nicobar Islands,NA,NA,NA,NA,NA,NA,4,0.076557755,0.009950852,0.04893963,0.110574104,0.2146357,0.322418749,0.303431809,state
99,1,Andaman and Nicobar Islands,NA,NA,NA,NA,NA,0,4,0.050241135,0.00797172,0.026777627,0.093597449,0.240314215,0.334896773,0.304413944,state
107,2,Andhra Pradesh,NA,15 to 29,NA,NA,NA,NA,4,0.269275665,0.077257037,0.065793775,0.191400766,0.402134329,0.26314044,0.077530682,state
108,2,Andhra Pradesh,NA,NA,NA,1,NA,NA,4,0.153266922,0.027292691,0.04569158,0.153237998,0.318346769,0.298707157,0.184016481,state
111,2,Andhra Pradesh,NA,NA,NA,2,NA,NA,4,0.298146367,0.032263033,0.133092239,0.234796196,0.319731176,0.223831236,0.088549145,state
114,2,Andhra Pradesh,NA,65+,NA,NA,NA,NA,4,0.273822278,0.018886399,0.128910348,0.222514287,0.273502678,0.232461244,0.142611429,state
115,2,Andhra Pradesh,NA,NA,NA,NA,NA,NA,4,0,0,1,0,0,0,0,state
117,2,Andhra Pradesh,NA,30 to 45,NA,NA,NA,NA,4,0.137512058,0.030821614,0.039307855,0.151351139,0.328801751,0.317953199,0.162586033,state
119,2,Andhra Pradesh,NA,46 to 64,NA,NA,NA,NA,4,0.155153841,0.019323735,0.048910182,0.151599094,0.309635311,0.282054186,0.207801238,state
120,2,Andhra Pradesh,NA,NA,Primary,NA,NA,NA,4,0.192565441,0.037240982,0.04099625,0.163686827,0.399106055,0.295283854,0.10092704,state
124,2,Andhra Pradesh,NA,NA,NA,NA,NA,NA,4,0,0,0,0.101369739,0.196867451,0.669895947,0.031866837,state
126,2,Andhra Pradesh,NA,NA,NA,NA,7+,NA,4,0.177228987,0.04165718,0.039555587,0.147310317,0.340584666,0.267452896,0.205096543,state
130,2,Andhra Pradesh,NA,NA,No education / Preschool,NA,NA,NA,4,0.297850072,0.049430575,0.108530797,0.262286514,0.373380542,0.216337115,0.039465014,state
132,2,Andhra Pradesh,NA,NA,Higher,NA,NA,NA,4,0.017491944,0,0.003004708,0.018306591,0.092768356,0.256430686,0.62948966,state
140,2,Andhra Pradesh,NA,NA,NA,NA,4 to 6,NA,4,0.136531308,0.032187525,0.038993672,0.143893957,0.324293196,0.318268806,0.174550369,state
144,2,Andhra Pradesh,NA,NA,Secondary,NA,NA,NA,4,0.045969073,0.002349362,0.020218346,0.084914044,0.273108393,0.384781122,0.236978114,state
157,2,Andhra Pradesh,NA,NA,NA,NA,NA,0,4,0.137427032,0.022859965,0.049073752,0.125894055,0.252626657,0.337200642,0.235204875,state
170,2,Andhra Pradesh,NA,NA,NA,NA,NA,1,4,0.184516922,0.029382225,0.061038621,0.175760731,0.33627668,0.274429172,0.152494773,state
175,2,Andhra Pradesh,NA,NA,NA,NA,1,NA,4,0.486573964,0.029499279,0.254345179,0.323853225,0.215849936,0.149723783,0.056227889,state
179,2,Andhra Pradesh,NA,NA,NA,NA,2 to 3,NA,4,0.181986079,0.017864725,0.064062029,0.179416895,0.3201617,0.264072865,0.17228651,state
206,2,Andhra Pradesh,NA,NA,NA,NA,NA,NA,4,0.174752519,0.028029792,0.058503043,0.165193051,0.318549693,0.287731618,0.170022577,state
215,3,Arunachal Pradesh,NA,30 to 45,NA,NA,NA,NA,4,0.233636513,0.078963526,0.177910849,0.2428855,0.239437193,0.234825939,0.104940519,state
217,3,Arunachal Pradesh,NA,NA,NA,NA,NA,NA,4,0.247057647,0,0.018331438,0.296895504,0.222070754,0.303538978,0.159163326,state
218,3,Arunachal Pradesh,NA,NA,Primary,NA,NA,NA,4,0.347140133,0.110956185,0.241809577,0.333870471,0.263348252,0.134976581,0.025995109,state
219,3,Arunachal Pradesh,NA,46 to 64,NA,NA,NA,NA,4,0.24046956,0.045717705,0.210054576,0.252117664,0.250822365,0.198570952,0.088434428,state
225,3,Arunachal Pradesh,NA,NA,NA,2,NA,NA,4,0.235958293,0.049112111,0.187489524,0.202911317,0.249563441,0.279984325,0.080051407,state
226,3,Arunachal Pradesh,NA,NA,No education / Preschool,NA,NA,NA,4,0.432152867,0.12457256,0.351433516,0.298170179,0.234419703,0.100903817,0.015072767,state
228,3,Arunachal Pradesh,NA,NA,Secondary,NA,NA,NA,4,0.094534509,0.009028209,0.090277031,0.213816389,0.291393369,0.299179643,0.105333582,state
233,3,Arunachal Pradesh,NA,65+,NA,NA,NA,NA,4,0.361162215,0.051505033,0.288578391,0.287357032,0.252019435,0.128027782,0.044017375,state
237,3,Arunachal Pradesh,NA,NA,NA,1,NA,NA,4,0.243177086,0.065454036,0.194783419,0.247336134,0.255827129,0.211893976,0.090159357,state
247,3,Arunachal Pradesh,NA,NA,NA,NA,NA,NA,4,0,0,0,0.429285675,0.570714295,0,0,state
248,3,Arunachal Pradesh,NA,NA,NA,NA,2 to 3,NA,4,0.249129936,0.040791448,0.199650049,0.225413904,0.249368876,0.236619741,0.088947438,state
262,3,Arunachal Pradesh,NA,NA,NA,NA,4 to 6,NA,4,0.221318066,0.075644381,0.190170258,0.261058956,0.259777635,0.2008553,0.088137873,state
263,3,Arunachal Pradesh,NA,NA,NA,NA,7+,NA,4,0.292654812,0.102399446,0.203865096,0.251006931,0.247344851,0.191836193,0.105946906,state
272,3,Arunachal Pradesh,NA,NA,Higher,NA,NA,NA,4,0.015664995,0,0.004248299,0.029230829,0.174803644,0.430536151,0.36118108,state
273,3,Arunachal Pradesh,NA,15 to 29,NA,NA,NA,NA,4,0.218279243,0.06738355,0.1567747,0.190298438,0.321298718,0.27245146,0.059176698,state
285,3,Arunachal Pradesh,NA,NA,NA,NA,NA,NA,4,0.242363572,0.063612387,0.193956137,0.242297426,0.255116701,0.219616845,0.089012899,state
289,3,Arunachal Pradesh,NA,NA,NA,NA,1,NA,4,0.272637069,0.01629707,0.180886209,0.173928529,0.259472311,0.316839069,0.06887386,state
292,3,Arunachal Pradesh,NA,NA,NA,NA,NA,1,4,0.265027225,0.070631191,0.212282136,0.278625906,0.251257002,0.178821474,0.079013497,state
307,3,Arunachal Pradesh,NA,NA,NA,NA,NA,0,4,0.200544015,0.050661102,0.160453409,0.175883442,0.262172788,0.294197023,0.107293338,state
324,4,Assam,NA,NA,NA,NA,7+,NA,4,0.40794763,0.131350324,0.246209025,0.391043067,0.189057738,0.115111575,0.058578603,state
327,4,Assam,NA,NA,NA,1,NA,NA,4,0.346823543,0.113921843,0.241897061,0.381684363,0.186607525,0.125381708,0.06442935,state
330,4,Assam,NA,NA,No education / Preschool,NA,NA,NA,4,0.597429454,0.243563563,0.459457666,0.424648225,0.08780878,0.025135813,0.002949488,state
332,4,Assam,NA,NA,NA,NA,4 to 6,NA,4,0.343963921,0.122419588,0.242662996,0.39274019,0.185958803,0.120075606,0.058562391,state
334,4,Assam,NA,NA,NA,NA,2 to 3,NA,4,0.32880637,0.095552675,0.241188809,0.350867271,0.180513665,0.149075985,0.078354269,state
343,4,Assam,NA,NA,NA,2,NA,NA,4,0.411964387,0.128057465,0.288681537,0.348853111,0.165657043,0.13865611,0.05815221,state
345,4,Assam,NA,46 to 64,NA,NA,NA,NA,4,0.304453492,0.08066453,0.221134111,0.353692502,0.187667087,0.146204755,0.091301546,state
347,4,Assam,NA,NA,NA,NA,1,NA,4,0.527226865,0.089450292,0.402213424,0.253606081,0.149131551,0.135226935,0.059821982,state
354,4,Assam,NA,NA,Primary,NA,NA,NA,4,0.458964884,0.1601841,0.283530802,0.456965625,0.174148321,0.070268877,0.015086351,state
361,4,Assam,NA,NA,NA,NA,NA,1,4,0.344642043,0.107831962,0.243141994,0.379223794,0.183929428,0.127678618,0.066026181,state
371,4,Assam,NA,30 to 45,NA,NA,NA,NA,4,0.383909732,0.14316842,0.270620108,0.393520981,0.185700327,0.11259079,0.037567776,state
373,4,Assam,NA,NA,NA,NA,NA,NA,4,0.251406372,0.139076039,0.379562974,0.227762684,0.263061494,0.073475279,0.056137562,state
381,4,Assam,NA,NA,Secondary,NA,NA,NA,4,0.171682715,0.016161753,0.113601737,0.347559303,0.263896227,0.202398881,0.072543859,state
383,4,Assam,NA,NA,Higher,NA,NA,NA,4,0.046924874,0.001867349,0.012916085,0.091811933,0.152157933,0.309687704,0.43342635,state
388,4,Assam,NA,65+,NA,NA,NA,NA,4,0.29017815,0.058942538,0.187836394,0.349572599,0.19176735,0.165379986,0.105443679,state
397,4,Assam,NA,NA,NA,NA,NA,0,4,0.430585533,0.170366421,0.282918155,0.363693357,0.182664201,0.123798169,0.046926111,state
401,4,Assam,NA,NA,NA,NA,NA,NA,4,0.355641365,0.115835324,0.248239607,0.377233446,0.183767289,0.127181306,0.063578367,state
408,4,Assam,NA,15 to 29,NA,NA,NA,NA,4,0.523571372,0.211608842,0.338185668,0.437550128,0.149072066,0.064499348,0.01069282,state
440,5,Bihar,NA,65+,NA,NA,NA,NA,4,0.453636557,0.114188299,0.478280902,0.212557822,0.150322929,0.113241337,0.045596991,state
443,5,Bihar,NA,NA,NA,NA,NA,1,4,0.515743196,0.208095074,0.517510355,0.22985898,0.132847235,0.085100576,0.034682825,state
446,5,Bihar,NA,NA,NA,NA,NA,NA,4,0.167462602,0.167462602,1,0,0,0,0,state
461,5,Bihar,NA,NA,NA,2,NA,NA,4,0.616459608,0.280153155,0.612946212,0.215290919,0.09970773,0.054425139,0.017630024,state
462,5,Bihar,NA,NA,NA,NA,7+,NA,4,0.549379289,0.22403498,0.490266562,0.247009829,0.141736105,0.090925746,0.030061761,state
470,5,Bihar,NA,30 to 45,NA,NA,NA,NA,4,0.536505163,0.251065522,0.555319488,0.222209647,0.117473684,0.078769013,0.026228193,state
472,5,Bihar,NA,NA,NA,NA,1,NA,4,0.642725348,0.05506641,0.607138991,0.163235188,0.130187362,0.076586001,0.022852458,state
483,5,Bihar,NA,NA,NA,NA,NA,0,4,0.51801753,0.215192035,0.567767739,0.202100798,0.116925977,0.085724831,0.02748064,state
487,5,Bihar,NA,NA,NA,1,NA,NA,4,0.483512282,0.18669942,0.501953959,0.226053298,0.138719976,0.095263228,0.038009562,state
502,5,Bihar,NA,NA,NA,NA,4 to 6,NA,4,0.504867017,0.236207977,0.53824985,0.222744241,0.122133911,0.083649807,0.033222217,state
504,5,Bihar,NA,NA,NA,NA,NA,NA,4,0.304390877,0.121753328,0.49985522,0.219551191,0.136953607,0.143639982,0,state
506,5,Bihar,NA,NA,NA,NA,NA,NA,4,0.516264677,0.209722325,0.529180646,0.223413259,0.129150167,0.085245535,0.033010405,state
509,5,Bihar,NA,46 to 64,NA,NA,NA,NA,4,0.45454663,0.142480895,0.485482723,0.235745624,0.142247632,0.092520215,0.044003814,state
512,5,Bihar,NA,15 to 29,NA,NA,NA,NA,4,0.712970316,0.396644056,0.636939406,0.205935031,0.101602904,0.048703402,0.006819227,state
513,5,Bihar,NA,NA,Higher,NA,NA,NA,4,0.090796493,0.004293839,0.076660044,0.155881315,0.236328647,0.302325785,0.228804216,state
515,5,Bihar,NA,NA,Secondary,NA,NA,NA,4,0.284568608,0.031378753,0.319686145,0.275113553,0.211518675,0.14720507,0.046476562,state
517,5,Bihar,NA,NA,NA,NA,2 to 3,NA,4,0.482019126,0.14405331,0.548857749,0.200876996,0.129641935,0.082696363,0.03792695,state
519,5,Bihar,NA,NA,No education / Preschool,NA,NA,NA,4,0.71263057,0.339349747,0.72266072,0.188048631,0.065095849,0.021033823,0.003160974,state
525,5,Bihar,NA,NA,Primary,NA,NA,NA,4,0.602176368,0.287480772,0.585009873,0.254541934,0.101600252,0.051251445,0.007596506,state
533,6,Chandigarh,NA,NA,NA,NA,NA,1,4,0.033945981,0.003394878,0.006855089,0.020621339,0.033084448,0.095185123,0.844254017,state
546,6,Chandigarh,NA,NA,NA,NA,7+,NA,4,0.072030485,0.028583342,0.011657828,0.024960166,0.044261612,0.099092506,0.820027888,state
551,6,Chandigarh,NA,NA,NA,NA,NA,0,4,0.089765631,0.037888397,0.013663745,0.047530614,0.131144628,0.249179527,0.558481514,state
572,6,Chandigarh,NA,NA,NA,NA,4 to 6,NA,4,0.042727616,0.007612092,0.004822017,0.019329451,0.053921133,0.114457764,0.807469606,state
574,6,Chandigarh,NA,NA,NA,NA,2 to 3,NA,4,0.034490708,0.013032675,0,0.036682546,0.056630876,0.114394926,0.792291641,state
582,6,Chandigarh,NA,65+,NA,NA,NA,NA,4,0,0,0,0,0.007692903,0.0502786,0.942028522,state
583,6,Chandigarh,NA,46 to 64,NA,NA,NA,NA,4,0.021798281,0,0,0.01663951,0.035829667,0.048750442,0.898780406,state
586,6,Chandigarh,NA,NA,NA,NA,1,NA,4,0.081111722,0,0.073542856,0.048857484,0.053450692,0.365714133,0.45843485,state
598,6,Chandigarh,NA,NA,NA,2,NA,NA,4,0.034698062,0.018681832,0,0.012864995,0.041453779,0.088692471,0.856988728,state
604,6,Chandigarh,NA,NA,Higher,NA,NA,NA,4,0,0,0,0,0.009239141,0.0149914,0.97576946,state
609,6,Chandigarh,NA,NA,NA,1,NA,NA,4,0.047656737,0.010018452,0.009348101,0.027971119,0.05512543,0.132340342,0.77521503,state
617,6,Chandigarh,NA,NA,NA,NA,NA,NA,4,0.046219543,0.010979274,0.008276669,0.026239732,0.053558454,0.127337649,0.784587502,state
619,6,Chandigarh,NA,NA,No education / Preschool,NA,NA,NA,4,0.158035427,0.021131214,0.031130811,0.080876909,0.137857825,0.193198383,0.556936085,state
622,6,Chandigarh,NA,NA,Secondary,NA,NA,NA,4,0.016133945,0.003395932,0.002937203,0.015047939,0.05829056,0.173124373,0.750599921,state
623,6,Chandigarh,NA,NA,Primary,NA,NA,NA,4,0.134775743,0.056907326,0.02687015,0.084821448,0.063207664,0.207155287,0.617945433,state
625,6,Chandigarh,NA,30 to 45,NA,NA,NA,NA,4,0.054548807,0.015292303,0.013747352,0.042958144,0.069757551,0.181789592,0.691747367,state
626,6,Chandigarh,NA,15 to 29,NA,NA,NA,NA,4,0.176751271,0.050436195,0.032819577,0.042185608,0.138148844,0.347428828,0.439417124,state
635,7,Chhattisgarh,NA,65+,NA,NA,NA,NA,4,0.445726961,0.051489808,0.407204628,0.223909676,0.128649458,0.095003992,0.145232245,state
639,7,Chhattisgarh,NA,NA,NA,NA,NA,1,4,0.392559022,0.088107698,0.35585773,0.252363801,0.153787002,0.111825764,0.126165688,state
649,7,Chhattisgarh,NA,NA,NA,NA,NA,0,4,0.310361862,0.080073684,0.278974414,0.186616659,0.162442118,0.175864547,0.196102262,state
666,7,Chhattisgarh,NA,NA,NA,NA,NA,NA,4,0.382700235,0.087144092,0.346575111,0.244425729,0.154831991,0.119557589,0.134609595,state
669,7,Chhattisgarh,NA,46 to 64,NA,NA,NA,NA,4,0.362304747,0.061099768,0.327490032,0.236297652,0.156036928,0.121196419,0.158978939,state
675,7,Chhattisgarh,NA,NA,NA,NA,4 to 6,NA,4,0.33926332,0.089028828,0.316427499,0.261271,0.162926108,0.120414138,0.138961241,state
680,7,Chhattisgarh,NA,15 to 29,NA,NA,NA,NA,4,0.532669067,0.182270214,0.4056651,0.270032704,0.158348158,0.112618893,0.05333513,state
682,7,Chhattisgarh,NA,NA,NA,NA,NA,NA,4,0.309582621,0.012371273,0.328897774,0.373191178,0.13891004,0.092750087,0.066250928,state
685,7,Chhattisgarh,NA,NA,Higher,NA,NA,NA,4,0.054010384,0.006676485,0.018047277,0.06734696,0.101818018,0.206597462,0.606190264,state
688,7,Chhattisgarh,NA,30 to 45,NA,NA,NA,NA,4,0.344826341,0.101632871,0.330421746,0.252985656,0.161553338,0.127900019,0.127139255,state
689,7,Chhattisgarh,NA,NA,NA,NA,7+,NA,4,0.382982522,0.090395845,0.240588591,0.25894019,0.193090871,0.152042359,0.155337989,state
696,7,Chhattisgarh,NA,NA,NA,NA,1,NA,4,0.692692101,0.059243742,0.64338553,0.133993044,0.08586888,0.075802647,0.060949877,state
697,7,Chhattisgarh,NA,NA,Primary,NA,NA,NA,4,0.462146521,0.121054649,0.37054947,0.297400922,0.176644892,0.100506701,0.054898024,state
698,7,Chhattisgarh,NA,NA,Secondary,NA,NA,NA,4,0.228147343,0.019100137,0.190392077,0.253133774,0.199921548,0.175405771,0.181146845,state
699,7,Chhattisgarh,NA,NA,NA,2,NA,NA,4,0.462016582,0.081614345,0.446540743,0.230942816,0.119289152,0.096697293,0.106530011,state
712,7,Chhattisgarh,NA,NA,NA,NA,2 to 3,NA,4,0.429434866,0.085255779,0.441163331,0.213909253,0.120743163,0.101944253,0.122239992,state
717,7,Chhattisgarh,NA,NA,No education / Preschool,NA,NA,NA,4,0.577737808,0.157783493,0.586750627,0.238893241,0.102464654,0.050021753,0.02186976,state
730,7,Chhattisgarh,NA,NA,NA,1,NA,NA,4,0.370642781,0.087984711,0.331433773,0.246467918,0.160215497,0.123020135,0.138862669,state
733,8,Dadra and Nagar Haveli,NA,NA,NA,NA,NA,1,4,0.436604947,0.102911919,0.290455878,0.255764008,0.123628378,0.134089068,0.196062684,state
735,8,Dadra and Nagar Haveli,NA,NA,NA,NA,NA,0,4,0.089428261,0.02479057,0.050782107,0.13701731,0.275355726,0.344838411,0.192006439,state
766,8,Dadra and Nagar Haveli,NA,65+,NA,NA,NA,NA,4,0.502420604,0.130149171,0.330348343,0.165719107,0.11285986,0.090143688,0.30092901,state
769,8,Dadra and Nagar Haveli,NA,NA,NA,NA,NA,NA,4,0.486460567,0.160343274,0.248154327,0.629613042,0.122232601,0,0,state
790,8,Dadra and Nagar Haveli,NA,NA,NA,NA,NA,NA,4,0.286744207,0.069190405,0.187764555,0.204885468,0.188637912,0.224387333,0.194324732,state
792,8,Dadra and Nagar Haveli,NA,46 to 64,NA,NA,NA,NA,4,0.310153604,0.06714768,0.239013448,0.181406587,0.090709738,0.203456372,0.285413861,state
801,8,Dadra and Nagar Haveli,NA,NA,NA,NA,7+,NA,4,0.51406312,0.1260304,0.289249271,0.349239349,0.108532935,0.146917254,0.106061183,state
804,8,Dadra and Nagar Haveli,NA,30 to 45,NA,NA,NA,NA,4,0.250590801,0.067764565,0.135795563,0.214024499,0.223154739,0.264969438,0.162055746,state
805,8,Dadra and Nagar Haveli,NA,15 to 29,NA,NA,NA,NA,4,0.239150941,0.05000985,0.16050671,0.243580073,0.320910454,0.219117016,0.055885736,state
808,8,Dadra and Nagar Haveli,NA,NA,Primary,NA,NA,NA,4,0.401663989,0.112938985,0.258860916,0.266885936,0.171794266,0.223563075,0.078895792,state
809,8,Dadra and Nagar Haveli,NA,NA,Higher,NA,NA,NA,4,0.02897696,0.010066533,0,0.022570729,0.121187963,0.249957114,0.606284201,state
814,8,Dadra and Nagar Haveli,NA,NA,NA,NA,4 to 6,NA,4,0.266407222,0.082699217,0.17598404,0.202859864,0.172158822,0.238511369,0.210485905,state
820,8,Dadra and Nagar Haveli,NA,NA,NA,NA,1,NA,4,0.183475778,0,0.074461095,0.212286383,0.358243316,0.18838723,0.166621968,state
825,8,Dadra and Nagar Haveli,NA,NA,NA,NA,2 to 3,NA,4,0.20206362,0.020119313,0.166557938,0.119926073,0.24089776,0.250647277,0.22197096,state
831,8,Dadra and Nagar Haveli,NA,NA,No education / Preschool,NA,NA,NA,4,0.616192818,0.156003416,0.468399495,0.296513259,0.149849772,0.061067488,0.024169998,state
834,8,Dadra and Nagar Haveli,NA,NA,NA,2,NA,NA,4,0.334339201,0.070986584,0.228744045,0.140213713,0.098892823,0.243674085,0.288475335,state
835,8,Dadra and Nagar Haveli,NA,NA,Secondary,NA,NA,NA,4,0.140142485,0.021497102,0.064958215,0.183653951,0.243843257,0.315543592,0.192000985,state
836,8,Dadra and Nagar Haveli,NA,NA,NA,1,NA,NA,4,0.281587005,0.068995781,0.183325678,0.211890653,0.198359042,0.222298205,0.184126407,state
845,9,Daman and Diu,NA,NA,NA,NA,NA,1,4,0.029466541,0.000928129,0.005048848,0.031520002,0.100943565,0.352094233,0.510393381,state
856,9,Daman and Diu,NA,NA,NA,NA,NA,NA,4,0,0,0,0.162776113,0.234676063,0.400056839,0.202490956,state
857,9,Daman and Diu,NA,NA,NA,NA,NA,0,4,0.073182695,0.016555231,0.001828959,0.253048778,0.324794024,0.30022946,0.120098792,state
862,9,Daman and Diu,NA,NA,NA,NA,NA,NA,4,0.054661945,0.009934666,0.003214682,0.157710835,0.228456914,0.322550178,0.2880674,state
890,9,Daman and Diu,NA,46 to 64,NA,NA,NA,NA,4,0.014813511,0.003403381,0.000418067,0.050717782,0.115973122,0.369969517,0.4629215,state
891,9,Daman and Diu,NA,65+,NA,NA,NA,NA,4,0.079836205,0.003338472,0.009377723,0.059402429,0.106015086,0.317161471,0.508043289,state
894,9,Daman and Diu,NA,NA,Secondary,NA,NA,NA,4,0.018591078,0.002198918,0.003468139,0.174369216,0.251541138,0.291791171,0.27883032,state
895,9,Daman and Diu,NA,NA,Higher,NA,NA,NA,4,0.023289923,0,0,0.043075588,0.088852227,0.305090904,0.562981248,state
897,9,Daman and Diu,NA,NA,NA,NA,7+,NA,4,0.067572728,0.027487315,0,0.083149716,0.07470157,0.456814706,0.385333985,state
913,9,Daman and Diu,NA,30 to 45,NA,NA,NA,NA,4,0.083015151,0.02113732,0.004871076,0.14323616,0.254524916,0.367703974,0.229663864,state
915,9,Daman and Diu,NA,NA,NA,NA,4 to 6,NA,4,0.062746488,0.010519705,0.00252728,0.097283691,0.192267463,0.347913712,0.360007852,state
919,9,Daman and Diu,NA,15 to 29,NA,NA,NA,NA,4,0.035657912,0,0,0.381433517,0.393409908,0.175453469,0.049703103,state
921,9,Daman and Diu,NA,NA,NA,1,NA,NA,4,0.052873202,0.010580832,0.003350266,0.175124243,0.242863908,0.295840859,0.282820731,state
929,9,Daman and Diu,NA,NA,NA,2,NA,NA,4,0.065068789,0.00617529,0.002454917,0.060131922,0.147724971,0.472220182,0.317468017,state
933,9,Daman and Diu,NA,NA,NA,NA,2 to 3,NA,4,0.045226328,0.008447126,0.00274831,0.208039016,0.281451762,0.281170547,0.22659038,state
937,9,Daman and Diu,NA,NA,NA,NA,1,NA,4,0.049725592,0,0.010617649,0.262625337,0.285999537,0.278091252,0.162666231,state
938,9,Daman and Diu,NA,NA,Primary,NA,NA,NA,4,0.084234752,0.023186343,0,0.136998892,0.191059738,0.379096717,0.292844653,state
941,9,Daman and Diu,NA,NA,No education / Preschool,NA,NA,NA,4,0.175644428,0.029992653,0.008483425,0.203359425,0.288262844,0.376127303,0.123766996,state
947,10,Goa,NA,NA,NA,NA,NA,NA,4,0,0,0.199108884,0.257164448,0,0,0.543726683,state
949,10,Goa,NA,NA,Secondary,NA,NA,NA,4,0.009965178,0.001193276,0.001548242,0.027909758,0.109943524,0.286765218,0.573833227,state
951,10,Goa,NA,NA,NA,NA,2 to 3,NA,4,0.04482739,0.006916815,0.005060171,0.062718026,0.120589316,0.263439,0.548193455,state
952,10,Goa,NA,NA,NA,NA,4 to 6,NA,4,0.048163597,0.004016488,0,0.037801854,0.122220829,0.281253278,0.558724046,state
954,10,Goa,NA,NA,Primary,NA,NA,NA,4,0.104110725,0.008259764,0.004727824,0.065092631,0.163229957,0.340406716,0.426542848,state
957,10,Goa,NA,NA,Higher,NA,NA,NA,4,0.006984738,0,0,0.006984738,0.014881936,0.062231179,0.915902138,state
961,10,Goa,NA,NA,NA,NA,NA,1,4,0.042794861,0.005467751,0.002018432,0.037883624,0.087148979,0.248938307,0.624010682,state
968,10,Goa,NA,NA,NA,NA,7+,NA,4,0.087011769,0,0.013200628,0.028024241,0.06834282,0.334619224,0.555813074,state
979,10,Goa,NA,NA,NA,NA,NA,NA,4,0.052408837,0.005264922,0.002730172,0.052998442,0.120833158,0.277995884,0.545442343,state
980,10,Goa,NA,NA,NA,NA,NA,0,4,0.072959132,0.004831365,0.004253401,0.085346371,0.192922235,0.340183407,0.3772946,state
982,10,Goa,NA,NA,No education / Preschool,NA,NA,NA,4,0.148526251,0.017451363,0.003558377,0.14290607,0.186313689,0.352292627,0.314929217,state
1005,10,Goa,NA,NA,NA,NA,1,NA,4,0.09120097,0.012660248,0,0.155130774,0.172527134,0.267983168,0.404358923,state
1012,10,Goa,NA,46 to 64,NA,NA,NA,NA,4,0.040285688,0,0.004712542,0.034302745,0.100261658,0.259146601,0.601576447,state
1014,10,Goa,NA,15 to 29,NA,NA,NA,NA,4,0.128958568,0.020426651,0,0.211607739,0.307022929,0.285271168,0.196098164,state
1015,10,Goa,NA,30 to 45,NA,NA,NA,NA,4,0.057178307,0.012330818,0,0.066765316,0.152544618,0.347047389,0.433642685,state
1017,10,Goa,NA,65+,NA,NA,NA,NA,4,0.054538734,0.003047826,0.002994453,0.037708722,0.077444553,0.217480853,0.664371431,state
1033,10,Goa,NA,NA,NA,2,NA,NA,4,0.048868351,0.006275373,0.002769866,0.053431977,0.111094944,0.296862364,0.535840869,state
1041,10,Goa,NA,NA,NA,1,NA,NA,4,0.053416502,0.004977335,0.002718752,0.052873708,0.123634964,0.272567779,0.54820478,state
1051,11,Gujarat,NA,NA,No education / Preschool,NA,NA,NA,4,0.421695709,0.116455287,0.212250993,0.284618646,0.259008497,0.173709303,0.070412554,state
1057,11,Gujarat,NA,NA,Higher,NA,NA,NA,4,0.017833441,0.000805121,0.005328212,0.021834385,0.050248362,0.175233781,0.747355282,state
1061,11,Gujarat,NA,46 to 64,NA,NA,NA,NA,4,0.180438221,0.034070659,0.08525341,0.146453813,0.181863576,0.25268364,0.333745599,state
1062,11,Gujarat,NA,NA,NA,NA,1,NA,4,0.344317287,0.022869805,0.234485894,0.210750327,0.183882669,0.205583051,0.16529806,state
1065,11,Gujarat,NA,NA,Primary,NA,NA,NA,4,0.266335696,0.065019347,0.0951254,0.203461647,0.263079494,0.261370093,0.176963359,state
1066,11,Gujarat,NA,30 to 45,NA,NA,NA,NA,4,0.209204793,0.059695166,0.085883096,0.176355302,0.219268396,0.251627386,0.26686582,state
1067,11,Gujarat,NA,NA,NA,NA,NA,NA,4,1,0.334212899,0.639525533,0,0.360474497,0,0,state
1068,11,Gujarat,NA,NA,Secondary,NA,NA,NA,4,0.101048149,0.01000768,0.042262822,0.112327129,0.181447208,0.295536131,0.36842671,state
1072,11,Gujarat,NA,15 to 29,NA,NA,NA,NA,4,0.323315561,0.089378327,0.102189742,0.232096359,0.303662419,0.194433033,0.167618439,state
1075,11,Gujarat,NA,65+,NA,NA,NA,NA,4,0.204626158,0.027878933,0.105432481,0.144239023,0.175169513,0.240978688,0.334180295,state
1076,11,Gujarat,NA,NA,NA,NA,NA,1,4,0.208902568,0.045890767,0.093284436,0.162696451,0.196984708,0.234801516,0.312232882,state
1079,11,Gujarat,NA,NA,NA,NA,4 to 6,NA,4,0.177710414,0.044723261,0.074505754,0.149654537,0.200950786,0.249280408,0.325608522,state
1080,11,Gujarat,NA,NA,NA,NA,NA,NA,4,0.165385395,0.014967899,0.089403726,0.202062517,0.169211552,0.313330621,0.225991592,state
1093,11,Gujarat,NA,NA,NA,NA,2 to 3,NA,4,0.176211625,0.028773492,0.093248092,0.154210314,0.179207698,0.266997039,0.30633685,state
1094,11,Gujarat,NA,NA,NA,NA,7+,NA,4,0.290468693,0.079873227,0.098979242,0.201846749,0.242038682,0.219107702,0.238027632,state
1102,11,Gujarat,NA,NA,NA,NA,NA,NA,4,0.203594491,0.045850396,0.089669466,0.162179202,0.201888323,0.246849656,0.299413353,state
1116,11,Gujarat,NA,NA,NA,NA,NA,0,4,0.181850344,0.045685019,0.074813142,0.160053492,0.222040564,0.296363562,0.24672924,state
1120,11,Gujarat,NA,NA,NA,1,NA,NA,4,0.195103303,0.045237042,0.083454423,0.158108845,0.201439381,0.249644265,0.307353079,state
1135,11,Gujarat,NA,NA,NA,2,NA,NA,4,0.262583077,0.050111394,0.132715449,0.190370902,0.204997748,0.227493897,0.244422004,state
1157,12,Haryana,NA,NA,NA,NA,7+,NA,4,0.156101197,0.041203003,0.022621747,0.076358691,0.166406497,0.272448719,0.462164342,state
1161,12,Haryana,NA,30 to 45,NA,NA,NA,NA,4,0.107181564,0.029465681,0.019794112,0.083288983,0.204707399,0.281838715,0.410370767,state
1169,12,Haryana,NA,NA,NA,NA,NA,NA,4,0.007345616,0,0,0.114293247,0.184416533,0.313306838,0.387983412,state
1174,12,Haryana,NA,NA,NA,NA,1,NA,4,0.135502532,0.001798019,0.055775031,0.193010285,0.352005601,0.246899202,0.15230988,state
1175,12,Haryana,NA,46 to 64,NA,NA,NA,NA,4,0.073064141,0.010864163,0.012254683,0.060878854,0.155298844,0.234412119,0.537155509,state
1176,12,Haryana,NA,NA,Higher,NA,NA,NA,4,0.013774998,0,0.000742103,0.008500723,0.043720286,0.115334742,0.831702173,state
1177,12,Haryana,NA,65+,NA,NA,NA,NA,4,0.095089003,0.010032198,0.027572816,0.08693298,0.140039563,0.25072366,0.494730979,state
1179,12,Haryana,NA,NA,NA,NA,4 to 6,NA,4,0.081432424,0.019494493,0.013184172,0.06421148,0.173311412,0.263601869,0.485691071,state
1183,12,Haryana,NA,NA,NA,NA,NA,NA,4,0.100788698,0.022059938,0.018506864,0.078130662,0.181964666,0.263498247,0.45789957,state
1186,12,Haryana,NA,15 to 29,NA,NA,NA,NA,4,0.192375451,0.051555086,0.026084032,0.113385312,0.246790916,0.318450719,0.29528904,state
1189,12,Haryana,NA,NA,Primary,NA,NA,NA,4,0.191740081,0.049775518,0.030517552,0.115381129,0.226984382,0.302473009,0.32464391,state
1190,12,Haryana,NA,NA,Secondary,NA,NA,NA,4,0.043857992,0.00425019,0.006013588,0.047682673,0.156272158,0.280235082,0.5097965,state
1198,12,Haryana,NA,NA,NA,NA,NA,0,4,0.13003704,0.035463911,0.027637593,0.104629777,0.231445223,0.307518929,0.328768492,state
1204,12,Haryana,NA,NA,No education / Preschool,NA,NA,NA,4,0.213397756,0.055167694,0.046779379,0.154128507,0.27684617,0.277601421,0.244644523,state
1213,12,Haryana,NA,NA,NA,NA,NA,1,4,0.092928216,0.018457621,0.016023904,0.07092464,0.168509185,0.251527488,0.493014753,state
1218,12,Haryana,NA,NA,NA,NA,2 to 3,NA,4,0.107343927,0.014281393,0.027997201,0.113360144,0.205952018,0.256230891,0.396459728,state
1243,12,Haryana,NA,NA,NA,2,NA,NA,4,0.118418761,0.022542404,0.031226085,0.095342413,0.188895315,0.267694682,0.416841507,state
1251,12,Haryana,NA,NA,NA,1,NA,NA,4,0.099123493,0.022014368,0.017308304,0.07650876,0.181311563,0.2631028,0.461768568,state
1264,13,Himachal Pradesh,NA,NA,Secondary,NA,NA,NA,4,0.045431212,0.00124413,0.007547758,0.066261083,0.217803791,0.35697031,0.351417065,state
1266,13,Himachal Pradesh,NA,NA,Primary,NA,NA,NA,4,0.129694402,0.009712107,0.026415583,0.136126414,0.301362276,0.33168453,0.204411194,state
1268,13,Himachal Pradesh,NA,NA,Higher,NA,NA,NA,4,0.002707129,0,0,0.002774519,0.058000352,0.230070621,0.709154487,state
1270,13,Himachal Pradesh,NA,NA,NA,NA,NA,NA,4,0.085103616,0.005414434,0.019670438,0.096733592,0.23436074,0.331633896,0.317601323,state
1274,13,Himachal Pradesh,NA,NA,NA,NA,4 to 6,NA,4,0.075780623,0.005761704,0.013912145,0.093247615,0.240941271,0.340313852,0.311585099,state
1278,13,Himachal Pradesh,NA,NA,NA,NA,7+,NA,4,0.08659263,0.005992351,0.014102083,0.094141737,0.224059924,0.330340058,0.33735621,state
1283,13,Himachal Pradesh,NA,NA,No education / Preschool,NA,NA,NA,4,0.170940161,0.012792621,0.049711503,0.172212556,0.294152349,0.318767756,0.165155843,state
1286,13,Himachal Pradesh,NA,NA,NA,NA,1,NA,4,0.198649198,0.001390629,0.060627196,0.130415112,0.280236185,0.407207161,0.121514328,state
1287,13,Himachal Pradesh,NA,NA,NA,NA,2 to 3,NA,4,0.080209792,0.005266318,0.025229082,0.098184429,0.219299629,0.303541511,0.353745341,state
1307,13,Himachal Pradesh,NA,NA,NA,NA,NA,NA,4,0.085894667,0.035532217,0,0.113278784,0.200081736,0.435378551,0.251260936,state
1311,13,Himachal Pradesh,NA,15 to 29,NA,NA,NA,NA,4,0.111830138,0.022592712,0.020079821,0.132631958,0.312463582,0.337310255,0.197514415,state
1336,13,Himachal Pradesh,NA,NA,NA,NA,NA,1,4,0.084831074,0.004639885,0.018451167,0.096026517,0.234855473,0.318130344,0.332536519,state
1337,13,Himachal Pradesh,NA,NA,NA,1,NA,NA,4,0.078337178,0.004438002,0.020423923,0.096226424,0.233807653,0.31700626,0.332535744,state
1338,13,Himachal Pradesh,NA,NA,NA,2,NA,NA,4,0.105128773,0.008304168,0.01740849,0.098256111,0.236021087,0.375545859,0.272768468,state
1340,13,Himachal Pradesh,NA,30 to 45,NA,NA,NA,NA,4,0.085979529,0.006446306,0.023441084,0.114570767,0.273477405,0.345716059,0.242794663,state
1350,13,Himachal Pradesh,NA,46 to 64,NA,NA,NA,NA,4,0.08225581,0.004734228,0.017172724,0.083403826,0.226648211,0.327750564,0.345024675,state
1355,13,Himachal Pradesh,NA,65+,NA,NA,NA,NA,4,0.085117616,0.003095092,0.019733526,0.094738699,0.19576475,0.322614253,0.367148787,state
1360,13,Himachal Pradesh,NA,NA,NA,NA,NA,0,4,0.085970372,0.007877714,0.023543244,0.09897951,0.232789308,0.374525666,0.270162284,state
1383,14,Jammu and Kashmir,NA,NA,NA,1,NA,NA,4,0.142216846,0.028693987,0.070948169,0.193623111,0.244082287,0.236787036,0.254559398,state
1389,14,Jammu and Kashmir,NA,NA,NA,NA,NA,NA,4,0.143346712,0.028536445,0.071438953,0.192801759,0.240694523,0.235687688,0.259377062,state
1391,14,Jammu and Kashmir,NA,NA,NA,NA,2 to 3,NA,4,0.130460978,0.014346927,0.070521198,0.187020168,0.225774407,0.223923519,0.2927607,state
1399,14,Jammu and Kashmir,NA,NA,NA,NA,NA,NA,4,0,0,0,1,0,0,0,state
1403,14,Jammu and Kashmir,NA,NA,NA,NA,NA,NA,4,0.094268873,0.033878546,0.050331522,0.213314235,0.360138357,0.149564847,0.226651043,state
1406,14,Jammu and Kashmir,NA,NA,NA,NA,NA,0,4,0.22275345,0.050132833,0.141821101,0.237703592,0.219947651,0.185126707,0.215400949,state
1407,14,Jammu and Kashmir,NA,NA,NA,NA,NA,1,4,0.136955142,0.02679812,0.065720089,0.189153299,0.242380306,0.239795998,0.262950331,state
1413,14,Jammu and Kashmir,NA,NA,NA,NA,1,NA,4,0.21117489,0.002722796,0.127742231,0.287873417,0.181272596,0.171299502,0.231812239,state
1420,14,Jammu and Kashmir,NA,NA,NA,2,NA,NA,4,0.154650345,0.0269603,0.076256707,0.184738964,0.207438365,0.224895895,0.30667007,state
1428,14,Jammu and Kashmir,NA,NA,NA,NA,4 to 6,NA,4,0.128549591,0.025192302,0.065621182,0.184762985,0.24213928,0.246343121,0.261133432,state
1439,14,Jammu and Kashmir,NA,46 to 64,NA,NA,NA,NA,4,0.101036824,0.01717063,0.053942241,0.16119048,0.22117573,0.251479059,0.312212497,state
1440,14,Jammu and Kashmir,NA,65+,NA,NA,NA,NA,4,0.131897584,0.018546185,0.065039821,0.158260018,0.206051245,0.220443696,0.350205213,state
1445,14,Jammu and Kashmir,NA,NA,Higher,NA,NA,NA,4,0.014898695,0.000530526,0.004248497,0.035922807,0.103803031,0.199653834,0.656371832,state
1453,14,Jammu and Kashmir,NA,15 to 29,NA,NA,NA,NA,4,0.261742651,0.057894632,0.13895385,0.291724175,0.278668702,0.17584689,0.114806384,state
1458,14,Jammu and Kashmir,NA,NA,No education / Preschool,NA,NA,NA,4,0.247782305,0.064014956,0.139495999,0.278042555,0.270848304,0.209459245,0.102153912,state
1462,14,Jammu and Kashmir,NA,NA,Primary,NA,NA,NA,4,0.237790912,0.057158802,0.083902553,0.288743228,0.25116533,0.20317404,0.173014879,state
1467,14,Jammu and Kashmir,NA,30 to 45,NA,NA,NA,NA,4,0.169409797,0.038562525,0.079618163,0.220229685,0.266756654,0.236099869,0.197295621,state
1470,14,Jammu and Kashmir,NA,NA,Secondary,NA,NA,NA,4,0.085466161,0.006173141,0.039283711,0.153138772,0.246839181,0.266554326,0.294183999,state
1471,14,Jammu and Kashmir,NA,NA,NA,NA,7+,NA,4,0.192344368,0.051963918,0.085231692,0.214555472,0.253403395,0.219327092,0.227482349,state
1476,15,Jharkhand,NA,NA,NA,2,NA,NA,4,0.549940169,0.204746872,0.561387241,0.180095434,0.120589457,0.079967402,0.057960454,state
1477,15,Jharkhand,NA,NA,NA,1,NA,NA,4,0.446906984,0.141032234,0.467624456,0.204197302,0.134523883,0.099382073,0.094272271,state
1498,15,Jharkhand,NA,NA,NA,NA,NA,NA,4,0.460082054,0.149179548,0.479635954,0.201109737,0.132738814,0.096894957,0.089620546,state
1504,15,Jharkhand,NA,NA,Higher,NA,NA,NA,4,0.084265016,0.003930362,0.069048867,0.099546805,0.12936756,0.198840857,0.503195882,state
1525,15,Jharkhand,NA,NA,NA,NA,NA,NA,4,0.494846314,0,1,0,0,0,0,state
1527,15,Jharkhand,NA,NA,Primary,NA,NA,NA,4,0.584069967,0.225090429,0.554781139,0.227800682,0.130201846,0.061090298,0.026126046,state
1531,15,Jharkhand,NA,NA,NA,NA,NA,1,4,0.463095427,0.149437979,0.479837924,0.203086749,0.131429806,0.095078796,0.090566717,state
1538,15,Jharkhand,NA,15 to 29,NA,NA,NA,NA,4,0.631191134,0.270375073,0.583577514,0.20875369,0.116227522,0.070553198,0.020888055,state
1545,15,Jharkhand,NA,NA,NA,NA,NA,NA,4,0.53987819,0.137690395,0.419814855,0.217129201,0.19923982,0.136334807,0.027481321,state
1550,15,Jharkhand,NA,NA,No education / Preschool,NA,NA,NA,4,0.663259208,0.268347859,0.693145573,0.18201305,0.085037358,0.030436257,0.009367734,state
1555,15,Jharkhand,NA,NA,NA,NA,4 to 6,NA,4,0.432825446,0.154412001,0.462593615,0.211657777,0.138603464,0.102041841,0.085103303,state
1557,15,Jharkhand,NA,NA,Secondary,NA,NA,NA,4,0.285883039,0.0308808,0.327575237,0.230907246,0.180721357,0.154473454,0.106322691,state
1559,15,Jharkhand,NA,NA,NA,NA,NA,0,4,0.441358596,0.147573844,0.478366107,0.188680872,0.140968189,0.108312592,0.083672248,state
1560,15,Jharkhand,NA,65+,NA,NA,NA,NA,4,0.469803214,0.108796351,0.491378605,0.172384113,0.116466731,0.092981704,0.12678884,state
1561,15,Jharkhand,NA,NA,NA,NA,1,NA,4,0.613965273,0.117762111,0.623187125,0.130493701,0.092124693,0.100892901,0.053301565,state
1563,15,Jharkhand,NA,NA,NA,NA,2 to 3,NA,4,0.459386796,0.136273786,0.532600105,0.167620778,0.106265932,0.085347407,0.108165756,state
1564,15,Jharkhand,NA,46 to 64,NA,NA,NA,NA,4,0.399083853,0.097842485,0.448974162,0.19541575,0.134310603,0.101555981,0.119743519,state
1572,15,Jharkhand,NA,30 to 45,NA,NA,NA,NA,4,0.466999412,0.176170349,0.476005793,0.21317485,0.14075473,0.100871392,0.069193229,state
1574,15,Jharkhand,NA,NA,NA,NA,7+,NA,4,0.506427944,0.155145079,0.44214204,0.222061679,0.153372318,0.095353082,0.087070897,state
1581,16,Karnataka,NA,NA,NA,NA,NA,NA,4,0.127173066,0,0.056046713,0.149515793,0.367868721,0.210876793,0.215691999,state
1584,16,Karnataka,NA,NA,Secondary,NA,NA,NA,4,0.076040119,0.003048853,0.026877699,0.129485667,0.237677693,0.349505305,0.256453633,state
1586,16,Karnataka,NA,NA,No education / Preschool,NA,NA,NA,4,0.33038196,0.064271025,0.161381632,0.32822004,0.293895394,0.168893009,0.04760991,state
1592,16,Karnataka,NA,NA,Higher,NA,NA,NA,4,0.01522753,0,0.004080007,0.024652502,0.09768936,0.222056866,0.651521266,state
1594,16,Karnataka,NA,NA,NA,NA,NA,1,4,0.186329007,0.030508097,0.079390585,0.220357165,0.267636806,0.23399201,0.198623404,state
1597,16,Karnataka,NA,NA,NA,2,NA,NA,4,0.251300275,0.031604633,0.130569071,0.235565215,0.251726538,0.224242106,0.15789707,state
1601,16,Karnataka,NA,NA,NA,NA,NA,0,4,0.138180345,0.023007704,0.063433565,0.150035352,0.226760119,0.325486779,0.234284207,state
1624,16,Karnataka,NA,NA,NA,1,NA,NA,4,0.15451175,0.027454091,0.062494092,0.190502241,0.255531758,0.27070722,0.220764697,state
1627,16,Karnataka,NA,NA,Primary,NA,NA,NA,4,0.193101272,0.036638077,0.066163845,0.228698611,0.324564368,0.269874841,0.110698357,state
1636,16,Karnataka,NA,65+,NA,NA,NA,NA,4,0.235455707,0.020287082,0.120611712,0.215577036,0.250736415,0.213884547,0.199190304,state
1650,16,Karnataka,NA,NA,NA,NA,2 to 3,NA,4,0.14554897,0.020944057,0.075307414,0.191524774,0.229204953,0.255742103,0.248220742,state
1659,16,Karnataka,NA,NA,NA,NA,1,NA,4,0.444814086,0.015987439,0.28296876,0.236892149,0.198123291,0.16890645,0.113109343,state
1660,16,Karnataka,NA,NA,NA,NA,NA,NA,4,0.171362653,0.028176701,0.074405231,0.198386937,0.254865944,0.262577176,0.209764689,state
1664,16,Karnataka,NA,15 to 29,NA,NA,NA,NA,4,0.217233792,0.04079821,0.076505579,0.217113465,0.244148016,0.306968182,0.155264765,state
1665,16,Karnataka,NA,NA,NA,NA,4 to 6,NA,4,0.148085192,0.028991759,0.060746692,0.197836146,0.261674136,0.272360235,0.207382783,state
1666,16,Karnataka,NA,NA,NA,NA,7+,NA,4,0.22722128,0.046262726,0.054725442,0.202802852,0.306636095,0.27085948,0.164976135,state
1667,16,Karnataka,NA,30 to 45,NA,NA,NA,NA,4,0.169128701,0.038756557,0.069262192,0.202391744,0.25549382,0.280170351,0.192681909,state
1676,16,Karnataka,NA,46 to 64,NA,NA,NA,NA,4,0.143183574,0.020230662,0.060720794,0.185882404,0.25712049,0.260657996,0.235618338,state
1686,17,Kerala,NA,NA,Secondary,NA,NA,NA,4,0.005195606,0.000147241,0.002081928,0.01644418,0.1051322,0.363196105,0.513145566,state
1695,17,Kerala,NA,NA,NA,NA,NA,NA,4,0.012105788,0.000395232,0.004523797,0.026918838,0.137055323,0.351283342,0.480218709,state
1697,17,Kerala,NA,NA,Primary,NA,NA,NA,4,0.021085793,0.000465526,0.004668286,0.046240196,0.243809715,0.445397019,0.259884775,state
1699,17,Kerala,NA,NA,Higher,NA,NA,NA,4,0,0,0,0.001111154,0.009882099,0.114890367,0.874116361,state
1714,17,Kerala,NA,NA,NA,NA,NA,NA,4,0,0,0,0.091883779,0.217138261,0.297844917,0.393133044,state
1719,17,Kerala,NA,NA,NA,1,NA,NA,4,0.009707843,0.000391404,0.00369798,0.021661224,0.126364097,0.343848854,0.50442785,state
1722,17,Kerala,NA,NA,NA,2,NA,NA,4,0.02147718,0.000410192,0.007725685,0.047303867,0.178507775,0.380108565,0.386354119,state
1723,17,Kerala,NA,NA,No education / Preschool,NA,NA,NA,4,0.082876638,0.003860977,0.042072155,0.117902212,0.339970231,0.356982857,0.143072531,state
1725,17,Kerala,NA,NA,NA,NA,NA,0,4,0.018984111,0.000698029,0.010264018,0.038644034,0.168956459,0.401107818,0.381027669,state
1726,17,Kerala,NA,NA,NA,NA,NA,1,4,0.010751499,0.000335613,0.00339222,0.024607435,0.1307666,0.34146136,0.49977237,state
1736,17,Kerala,NA,NA,NA,NA,7+,NA,4,0.025877759,0.004656355,0.005552781,0.024772264,0.140476063,0.407958925,0.421239972,state
1748,17,Kerala,NA,NA,NA,NA,4 to 6,NA,4,0.007788002,4.88E-05,0.002374383,0.017766438,0.127666011,0.35393101,0.498262167,state
1760,17,Kerala,NA,NA,NA,NA,2 to 3,NA,4,0.00969341,0.000119941,0.003610268,0.028811025,0.141568169,0.344878763,0.481131792,state
1762,17,Kerala,NA,65+,NA,NA,NA,NA,4,0.016188787,0,0.005853965,0.039388981,0.149582088,0.353512645,0.451662302,state
1766,17,Kerala,NA,46 to 64,NA,NA,NA,NA,4,0.010017139,0.00053515,0.003171082,0.02321443,0.13267979,0.347558796,0.493375897,state
1769,17,Kerala,NA,30 to 45,NA,NA,NA,NA,4,0.012775658,0.000488669,0.005935589,0.02281387,0.134708852,0.358117014,0.478424668,state
1776,17,Kerala,NA,15 to 29,NA,NA,NA,NA,4,0.015337436,0,0.011100898,0.03151723,0.139419615,0.350922108,0.467040151,state
1783,17,Kerala,NA,NA,NA,NA,1,NA,4,0.098242946,0.00203833,0.055317611,0.183049306,0.253534287,0.268832147,0.239266634,state
1794,18,Lakshadweep,NA,NA,Primary,NA,NA,NA,4,0.010254422,0,0,0.017783631,0.125760287,0.542340994,0.314115107,state
1800,18,Lakshadweep,NA,NA,Secondary,NA,NA,NA,4,0.014984567,0,0.002362085,0.009943285,0.10763365,0.498450756,0.381610245,state
1806,18,Lakshadweep,NA,NA,Higher,NA,NA,NA,4,0,0,0,0,0.033830658,0.320858002,0.645311356,state
1809,18,Lakshadweep,NA,NA,NA,NA,7+,NA,4,0.02529568,0,0,0.004052231,0.073406562,0.531048417,0.391492784,state
1812,18,Lakshadweep,NA,NA,NA,NA,NA,NA,4,0,0,0,0,0,0.495740056,0.504259944,state
1815,18,Lakshadweep,NA,NA,NA,2,NA,NA,4,0.003393431,0,0,0.016254479,0.122114055,0.523538232,0.338093251,state
1816,18,Lakshadweep,NA,NA,NA,1,NA,NA,4,0.014325352,0,0.001870226,0.007872787,0.099527746,0.495302051,0.395427197,state
1818,18,Lakshadweep,NA,65+,NA,NA,NA,NA,4,0.011328561,0,0,0.018735304,0.080281779,0.510839462,0.390143484,state
1819,18,Lakshadweep,NA,NA,No education / Preschool,NA,NA,NA,4,0,0,0,0.007739607,0.120348781,0.570417106,0.301494509,state
1822,18,Lakshadweep,NA,NA,NA,NA,NA,NA,4,0.010416754,0,0.001201275,0.010870788,0.107606523,0.505401671,0.374919742,state
1836,18,Lakshadweep,NA,NA,NA,NA,4 to 6,NA,4,0.006172921,0,0.002777396,0,0.090185247,0.549817324,0.357220024,state
1845,18,Lakshadweep,NA,15 to 29,NA,NA,NA,NA,4,0,0,0,0.046010625,0.102018721,0.330010414,0.521960258,state
1856,18,Lakshadweep,NA,30 to 45,NA,NA,NA,NA,4,0.007012504,0,0,0.01383698,0.183107823,0.544454336,0.258600891,state
1862,18,Lakshadweep,NA,NA,NA,NA,NA,0,4,0,0,0,0.018910751,0.239103734,0.529370666,0.212614834,state
1863,18,Lakshadweep,NA,NA,NA,NA,NA,1,4,0.011113953,0,0.001284293,0.010315162,0.098519012,0.503745258,0.386136293,state
1872,18,Lakshadweep,NA,NA,NA,NA,1,NA,4,0,0,0,0.25839898,0.235699669,0.135100231,0.370801121,state
1874,18,Lakshadweep,NA,46 to 64,NA,NA,NA,NA,4,0.011627315,0,0.002187793,0.004695723,0.095339462,0.498683512,0.399093509,state
1884,18,Lakshadweep,NA,NA,NA,NA,2 to 3,NA,4,0,0,0,0.010767436,0.168555081,0.434183121,0.386494368,state
1903,19,Madhya Pradesh,NA,NA,NA,2,NA,NA,4,0.448734164,0.119629003,0.394735187,0.185950845,0.135891303,0.141023323,0.142399341,state
1905,19,Madhya Pradesh,NA,NA,NA,1,NA,NA,4,0.400873065,0.120850593,0.321521819,0.222617775,0.15440686,0.141758621,0.159694925,state
1910,19,Madhya Pradesh,NA,NA,NA,NA,7+,NA,4,0.463117361,0.151635975,0.296764821,0.22731325,0.171664998,0.142234638,0.162022293,state
1911,19,Madhya Pradesh,NA,NA,No education / Preschool,NA,NA,NA,4,0.629729986,0.233972639,0.553551674,0.235702753,0.114364721,0.066237889,0.030142957,state
1915,19,Madhya Pradesh,NA,NA,Secondary,NA,NA,NA,4,0.248989776,0.030257585,0.193529516,0.217868015,0.187769204,0.199904487,0.200928777,state
1918,19,Madhya Pradesh,NA,46 to 64,NA,NA,NA,NA,4,0.357331783,0.08420556,0.284006983,0.207049638,0.156163454,0.14355132,0.20922859,state
1919,19,Madhya Pradesh,NA,NA,NA,NA,NA,NA,4,0.405376494,0.120735653,0.328408331,0.219168857,0.152665272,0.141689464,0.158068091,state
1924,19,Madhya Pradesh,NA,NA,Primary,NA,NA,NA,4,0.493167937,0.15918985,0.359067827,0.261439681,0.171310738,0.130797997,0.077383772,state
1926,19,Madhya Pradesh,NA,NA,NA,NA,NA,NA,4,0.366806835,0.085798912,0.363147825,0.222564906,0.155245587,0.130039945,0.129001722,state
1928,19,Madhya Pradesh,NA,65+,NA,NA,NA,NA,4,0.437233806,0.089362487,0.371979535,0.184569806,0.128795102,0.124999993,0.189655572,state
1930,19,Madhya Pradesh,NA,NA,NA,NA,NA,NA,4,0.461044133,0,0.70391953,0,0,0.2960805,0,state
1931,19,Madhya Pradesh,NA,30 to 45,NA,NA,NA,NA,4,0.397258282,0.139036193,0.334497422,0.230691835,0.158463329,0.147263512,0.129083917,state
1933,19,Madhya Pradesh,NA,NA,NA,NA,4 to 6,NA,4,0.367954284,0.119800419,0.306672513,0.229485154,0.157722548,0.144812852,0.161306947,state
1939,19,Madhya Pradesh,NA,NA,Higher,NA,NA,NA,4,0.057047311,0.00507164,0.026633848,0.067661136,0.098806456,0.193531722,0.613366842,state
1947,19,Madhya Pradesh,NA,NA,NA,NA,NA,1,4,0.413242042,0.121721648,0.336422294,0.222812399,0.149765283,0.131277695,0.159722328,state
1958,19,Madhya Pradesh,NA,NA,NA,NA,2 to 3,NA,4,0.411791265,0.096658319,0.378593177,0.199290112,0.127630562,0.135854781,0.158631369,state
1973,19,Madhya Pradesh,NA,NA,NA,NA,1,NA,4,0.598047793,0.102625318,0.539049387,0.134799182,0.11620912,0.125848502,0.084093794,state
1984,19,Madhya Pradesh,NA,15 to 29,NA,NA,NA,NA,4,0.554478884,0.209722772,0.398100406,0.257022351,0.148311123,0.134816378,0.061749741,state
1995,19,Madhya Pradesh,NA,NA,NA,NA,NA,0,4,0.36943391,0.116230011,0.29205063,0.20263885,0.16582194,0.188925475,0.150563091,state
2001,20,Maharashtra,NA,NA,NA,2,NA,NA,4,0.228658825,0.033448871,0.1494748,0.159122035,0.229079798,0.259858996,0.202464372,state
2008,20,Maharashtra,NA,NA,Secondary,NA,NA,NA,4,0.08371561,0.006185201,0.045537837,0.128506482,0.227107972,0.3063218,0.292525917,state
2009,20,Maharashtra,NA,NA,NA,NA,NA,NA,4,0.168934137,0.029449474,0.101801075,0.164072007,0.220352113,0.254093409,0.259681404,state
2010,20,Maharashtra,NA,NA,NA,1,NA,NA,4,0.159843966,0.028840762,0.094589546,0.16482079,0.219031885,0.253221273,0.268336505,state
2013,20,Maharashtra,NA,15 to 29,NA,NA,NA,NA,4,0.222246259,0.05927274,0.124165408,0.234594047,0.271116585,0.235093772,0.135030195,state
2023,20,Maharashtra,NA,NA,Primary,NA,NA,NA,4,0.243538365,0.043706458,0.131138995,0.238204166,0.272229493,0.249654979,0.108772352,state
2024,20,Maharashtra,NA,65+,NA,NA,NA,NA,4,0.248447642,0.030512834,0.158171102,0.17543152,0.202751487,0.227134764,0.236511111,state
2025,20,Maharashtra,NA,46 to 64,NA,NA,NA,NA,4,0.140121892,0.022411209,0.085606322,0.138012975,0.202718467,0.25576812,0.317894131,state
2027,20,Maharashtra,NA,30 to 45,NA,NA,NA,NA,4,0.150430903,0.031311147,0.087321565,0.17454581,0.239682466,0.269393742,0.229056418,state
2032,20,Maharashtra,NA,NA,NA,NA,7+,NA,4,0.213666126,0.050872378,0.093994699,0.157255828,0.230834797,0.278403461,0.239511207,state
2036,20,Maharashtra,NA,NA,No education / Preschool,NA,NA,NA,4,0.393775016,0.089253873,0.271256149,0.263780832,0.242859498,0.169422209,0.052681286,state
2037,20,Maharashtra,NA,NA,Higher,NA,NA,NA,4,0.016223995,0.000809816,0.006756647,0.024801077,0.073832639,0.191152796,0.703456819,state
2038,20,Maharashtra,NA,NA,NA,NA,NA,NA,4,0.081558421,0,0.184577316,0.215075895,0.232799649,0.192008123,0.175539032,state
2056,20,Maharashtra,NA,NA,NA,NA,1,NA,4,0.359693646,0.036347345,0.258459389,0.230878517,0.210814968,0.190430224,0.10941691,state
2057,20,Maharashtra,NA,NA,NA,NA,2 to 3,NA,4,0.154793814,0.018151248,0.118497148,0.163427174,0.205798179,0.230488941,0.281788558,state
2058,20,Maharashtra,NA,NA,NA,NA,4 to 6,NA,4,0.14597559,0.028168472,0.083078653,0.160721421,0.22510533,0.263775587,0.267319024,state
2093,20,Maharashtra,NA,NA,NA,NA,NA,1,4,0.177234694,0.030650506,0.105955578,0.164341331,0.214441732,0.246515065,0.268746287,state
2095,20,Maharashtra,NA,NA,NA,NA,NA,0,4,0.137667671,0.024925437,0.086253926,0.163064137,0.242470175,0.282453358,0.225758389,state
2111,21,Manipur,NA,46 to 64,NA,NA,NA,NA,4,0.164113671,0.021315858,0.083735935,0.301347584,0.290343702,0.212967187,0.1116056,state
2115,21,Manipur,NA,65+,NA,NA,NA,NA,4,0.172976226,0.018744623,0.079200827,0.258747905,0.306567639,0.222890213,0.132593423,state
2116,21,Manipur,NA,15 to 29,NA,NA,NA,NA,4,0.349732637,0.064145401,0.171858564,0.410327047,0.307220072,0.097915977,0.012678352,state
2117,21,Manipur,NA,NA,NA,NA,NA,NA,4,1,0,0,1,0,0,0,state
2119,21,Manipur,NA,NA,Higher,NA,NA,NA,4,0.072777808,0.00552325,0.011029804,0.113987155,0.260757804,0.327511609,0.28671363,state
2120,21,Manipur,NA,NA,No education / Preschool,NA,NA,NA,4,0.349196732,0.076713018,0.214330614,0.396451771,0.241599143,0.110008128,0.037610341,state
2122,21,Manipur,NA,NA,NA,NA,NA,NA,4,0.205793813,0.031896122,0.097812958,0.312812626,0.301633,0.192738593,0.095002823,state
2126,21,Manipur,NA,NA,NA,NA,2 to 3,NA,4,0.192105979,0.025789864,0.122526519,0.322883487,0.288598269,0.197678626,0.068313092,state
2127,21,Manipur,NA,NA,NA,NA,4 to 6,NA,4,0.186789319,0.028764647,0.082663991,0.311825901,0.312047213,0.194127858,0.09933506,state
2128,21,Manipur,NA,NA,NA,1,NA,NA,4,0.205821157,0.033584382,0.095204525,0.31822446,0.300737739,0.189813897,0.096019395,state
2130,21,Manipur,NA,NA,NA,2,NA,NA,4,0.205664366,0.023902945,0.110072255,0.287377656,0.305840731,0.206484273,0.090225093,state
2139,21,Manipur,NA,NA,NA,NA,1,NA,4,0.428017676,0.050423849,0.292079389,0.355685502,0.222962409,0.099376626,0.029896082,state
2148,21,Manipur,NA,NA,Primary,NA,NA,NA,4,0.344654351,0.086859576,0.169968978,0.427566588,0.272559524,0.103029273,0.026875626,state
2149,21,Manipur,NA,NA,Secondary,NA,NA,NA,4,0.164649114,0.010572697,0.069244906,0.32209608,0.343056828,0.19818759,0.067414604,state
2150,21,Manipur,NA,NA,NA,NA,NA,0,4,0.233170316,0.042542264,0.11474131,0.335295171,0.314952284,0.171868205,0.063143022,state
2151,21,Manipur,NA,NA,NA,NA,NA,1,4,0.196745768,0.028377527,0.092190556,0.305345505,0.297209293,0.19967024,0.10558439,state
2152,21,Manipur,NA,NA,NA,NA,NA,NA,4,0.212552518,0.035708886,0.111142136,0.236659274,0.364474505,0.260296673,0.027427426,state
2167,21,Manipur,NA,30 to 45,NA,NA,NA,NA,4,0.250151634,0.046796679,0.113221698,0.341796666,0.311523885,0.16669552,0.066762224,state
2170,21,Manipur,NA,NA,NA,NA,7+,NA,4,0.252603024,0.048172828,0.082934454,0.294728428,0.296829253,0.19700408,0.128503785,state
2219,22,Meghalaya,NA,65+,NA,NA,NA,NA,4,0.272958696,0.052684184,0.109294631,0.2933577,0.29441762,0.17944327,0.123486765,state
2223,22,Meghalaya,NA,NA,NA,NA,NA,1,4,0.343539774,0.113455728,0.126105651,0.382227242,0.307047963,0.121049106,0.06357003,state
2227,22,Meghalaya,NA,46 to 64,NA,NA,NA,NA,4,0.241207466,0.061009668,0.100718483,0.312349766,0.327105671,0.169996828,0.089829244,state
2229,22,Meghalaya,NA,NA,NA,2,NA,NA,4,0.309279114,0.090900689,0.107073128,0.303920627,0.33645615,0.173243627,0.079306476,state
2232,22,Meghalaya,NA,NA,NA,NA,NA,0,4,0.252562761,0.069758274,0.102683209,0.269070297,0.315815687,0.242951393,0.069479406,state
2236,22,Meghalaya,NA,NA,NA,NA,7+,NA,4,0.369051337,0.129161194,0.110202074,0.360603541,0.341915339,0.142914012,0.044365007,state
2238,22,Meghalaya,NA,NA,NA,NA,4 to 6,NA,4,0.302502602,0.10378518,0.1083223,0.354703009,0.304088056,0.157164335,0.075722322,state
2240,22,Meghalaya,NA,NA,NA,NA,NA,NA,4,0.318349779,0.10135664,0.119527884,0.350449175,0.309510201,0.155283153,0.065229572,state
2241,22,Meghalaya,NA,NA,NA,1,NA,NA,4,0.322214305,0.10581135,0.124787651,0.370098621,0.298130691,0.147698268,0.059284762,state
2251,22,Meghalaya,NA,NA,NA,NA,2 to 3,NA,4,0.292506874,0.077106528,0.14611657,0.33802709,0.280380517,0.166287631,0.069188192,state
2252,22,Meghalaya,NA,15 to 29,NA,NA,NA,NA,4,0.444491446,0.180731297,0.174725085,0.420410216,0.289757282,0.106331289,0.008776132,state
2264,22,Meghalaya,NA,NA,NA,NA,NA,NA,4,0.344279677,0,0.196546301,0.450105131,0.353348583,0,0,state
2277,22,Meghalaya,NA,NA,NA,NA,1,NA,4,0.380120158,0.013611656,0.208565697,0.284258127,0.351148576,0.143251091,0.012776498,state
2278,22,Meghalaya,NA,30 to 45,NA,NA,NA,NA,4,0.363727897,0.12734513,0.123065479,0.379525661,0.302762955,0.150179893,0.044466,state
2289,22,Meghalaya,NA,NA,No education / Preschool,NA,NA,NA,4,0.506169677,0.187850073,0.217586204,0.450081408,0.258922637,0.057396878,0.016012868,state
2290,22,Meghalaya,NA,NA,Higher,NA,NA,NA,4,0.026205678,0.003627138,0.006954346,0.049916029,0.23887822,0.377450615,0.326800793,state
2314,22,Meghalaya,NA,NA,Primary,NA,NA,NA,4,0.444252282,0.165091693,0.135519251,0.433788836,0.338010788,0.076034553,0.016646557,state
2317,22,Meghalaya,NA,NA,Secondary,NA,NA,NA,4,0.148146257,0.011298656,0.05454085,0.282910794,0.348081559,0.236693636,0.077773146,state
2328,23,Mizoram,NA,NA,NA,NA,1,NA,4,0.146630973,0.011162426,0.080199018,0.186170399,0.263356268,0.312588543,0.157685757,state
2331,23,Mizoram,NA,NA,NA,NA,2 to 3,NA,4,0.093148604,0.023529435,0.066642933,0.110316172,0.238181442,0.306244075,0.278615385,state
2335,23,Mizoram,NA,NA,NA,NA,NA,NA,4,0.100410603,0.031864464,0.06448295,0.106868327,0.211272523,0.29367581,0.323700398,state
2336,23,Mizoram,NA,46 to 64,NA,NA,NA,NA,4,0.07211595,0.018580327,0.051044263,0.091463298,0.195834756,0.290288091,0.3713696,state
2339,23,Mizoram,NA,NA,NA,NA,NA,1,4,0.127022713,0.042189315,0.087339699,0.123319104,0.205637679,0.264434934,0.319268584,state
2346,23,Mizoram,NA,NA,No education / Preschool,NA,NA,NA,4,0.368182003,0.16484639,0.303710788,0.20829162,0.223809421,0.183651313,0.080536857,state
2347,23,Mizoram,NA,NA,Primary,NA,NA,NA,4,0.136525035,0.038604155,0.06120649,0.153495461,0.281830847,0.301432341,0.202034861,state
2348,23,Mizoram,NA,NA,NA,NA,4 to 6,NA,4,0.102675542,0.037735607,0.067734756,0.104581207,0.199840605,0.286638767,0.341204643,state
2349,23,Mizoram,NA,30 to 45,NA,NA,NA,NA,4,0.128675506,0.047847874,0.082432054,0.126413777,0.237080768,0.291561514,0.262511879,state
2350,23,Mizoram,NA,65+,NA,NA,NA,NA,4,0.058659147,0.011084216,0.028624024,0.074934371,0.175548464,0.320795089,0.400098056,state
2352,23,Mizoram,NA,NA,NA,NA,NA,0,4,0.083169051,0.025175158,0.049616203,0.09616822,0.214937612,0.312694967,0.326582998,state
2353,23,Mizoram,NA,NA,NA,2,NA,NA,4,0.074001789,0.019760262,0.033412598,0.086024269,0.175512522,0.317143112,0.387907505,state
2361,23,Mizoram,NA,NA,Secondary,NA,NA,NA,4,0.039340384,0.004954783,0.025995687,0.077451788,0.198922127,0.324186713,0.373443693,state
2362,23,Mizoram,NA,NA,Higher,NA,NA,NA,4,0.002020987,0,0.0018837,0.009353289,0.05261324,0.23053591,0.705613852,state
2363,23,Mizoram,NA,NA,NA,NA,7+,NA,4,0.087809555,0.031858068,0.043051604,0.081322446,0.188908026,0.291479021,0.395238906,state
2365,23,Mizoram,NA,NA,NA,NA,NA,NA,4,0,0,1,0,0,0,0,state
2367,23,Mizoram,NA,NA,NA,1,NA,NA,4,0.106950738,0.034862064,0.072365068,0.112156175,0.22034435,0.287722468,0.307411939,state
2377,23,Mizoram,NA,15 to 29,NA,NA,NA,NA,4,0.237851813,0.0865357,0.148557425,0.185921311,0.271533042,0.251283348,0.142704874,state
2390,23,Mizoram,NA,NA,NA,NA,NA,NA,4,0.026592972,0,0.044847175,0.024072956,0.135229975,0.352374673,0.443475217,state
2440,24,Nagaland,NA,NA,NA,NA,NA,NA,4,0.234949708,0.048375141,0.120237395,0.309718668,0.265149802,0.200104654,0.104789488,state
2442,24,Nagaland,NA,NA,NA,NA,4 to 6,NA,4,0.206863672,0.057139352,0.108529493,0.301853329,0.259790897,0.211972609,0.117853679,state
2443,24,Nagaland,NA,65+,NA,NA,NA,NA,4,0.291015923,0.025186881,0.143637225,0.362654805,0.247798771,0.148613185,0.097296014,state
2446,24,Nagaland,NA,NA,NA,NA,NA,1,4,0.258877814,0.050901078,0.140533566,0.356941015,0.256522208,0.148348734,0.097654492,state
2448,24,Nagaland,NA,NA,NA,NA,NA,NA,4,0.520704091,0,1,0,0,0,0,state
2451,24,Nagaland,NA,NA,NA,1,NA,NA,4,0.234501615,0.052129667,0.121162884,0.314708561,0.269321799,0.189655215,0.105151549,state
2455,24,Nagaland,NA,46 to 64,NA,NA,NA,NA,4,0.191847011,0.035331197,0.111719161,0.29365766,0.261537641,0.204429671,0.128655866,state
2458,24,Nagaland,NA,NA,NA,2,NA,NA,4,0.237366036,0.028128594,0.115275286,0.282964915,0.242781222,0.256130308,0.102848254,state
2460,24,Nagaland,NA,30 to 45,NA,NA,NA,NA,4,0.238191262,0.066681631,0.111937977,0.300013065,0.274226189,0.213276714,0.100546047,state
2461,24,Nagaland,NA,NA,NA,NA,1,NA,4,0.398934871,0.005693528,0.193466023,0.335091561,0.225153044,0.201957956,0.044331428,state
2462,24,Nagaland,NA,NA,NA,NA,7+,NA,4,0.307741046,0.098477453,0.137300864,0.350515366,0.248531356,0.14745754,0.116194881,state
2472,24,Nagaland,NA,NA,NA,NA,2 to 3,NA,4,0.207999766,0.026033714,0.113604732,0.299174368,0.288395613,0.203401163,0.095424116,state
2474,24,Nagaland,NA,15 to 29,NA,NA,NA,NA,4,0.292801142,0.069525048,0.143361852,0.317589551,0.274908215,0.222505495,0.041634873,state
2486,24,Nagaland,NA,NA,Secondary,NA,NA,NA,4,0.105723187,0.00669456,0.052385345,0.268573135,0.316623181,0.253632456,0.108785905,state
2511,24,Nagaland,NA,NA,NA,NA,NA,NA,4,0.22812286,0.032679379,0.058796212,0.317905366,0.35408482,0.205137834,0.064075775,state
2512,24,Nagaland,NA,NA,No education / Preschool,NA,NA,NA,4,0.498710304,0.131274641,0.296294034,0.433021575,0.179163083,0.074184015,0.017337281,state
2513,24,Nagaland,NA,NA,Primary,NA,NA,NA,4,0.394773453,0.091292731,0.167164937,0.423346817,0.266996413,0.111703552,0.030788274,state
2515,24,Nagaland,NA,NA,NA,NA,NA,0,4,0.173656404,0.041904807,0.068544775,0.189447358,0.287123561,0.331922591,0.122961722,state
2521,24,Nagaland,NA,NA,Higher,NA,NA,NA,4,0.020056995,0.001117862,0.002654762,0.034187328,0.176684096,0.367460459,0.419013351,state
2544,25,Delhi,NA,NA,NA,NA,7+,NA,4,0.052665275,0.006656886,0,0.022383038,0.120779894,0.178336084,0.67850101,state
2550,25,Delhi,NA,65+,NA,NA,NA,NA,4,0.016408434,0,0.004239479,0.004086082,0.051639598,0.107038483,0.832996368,state
2551,25,Delhi,NA,30 to 45,NA,NA,NA,NA,4,0.047463171,0.012211925,0.001911243,0.027076397,0.171745583,0.276184559,0.523082197,state
2556,25,Delhi,NA,NA,NA,NA,4 to 6,NA,4,0.039441012,0.012383677,0.001304921,0.017359562,0.128059432,0.237162188,0.616113901,state
2559,25,Delhi,NA,46 to 64,NA,NA,NA,NA,4,0.02359115,0.00206358,0.001040474,0.01356807,0.106267512,0.162949443,0.716174483,state
2562,25,Delhi,NA,NA,NA,2,NA,NA,4,0.053494718,0.011334175,0.00359217,0.027068272,0.087528236,0.221034288,0.660777032,state
2563,25,Delhi,NA,NA,NA,1,NA,NA,4,0.037649933,0.008708864,0.001856359,0.020337513,0.154357061,0.218151331,0.605297744,state
2567,25,Delhi,NA,NA,NA,NA,1,NA,4,0.043908328,0.001670255,0.016061664,0.044632427,0.343137324,0.302113384,0.294055223,state
2568,25,Delhi,NA,NA,NA,NA,NA,NA,4,0.039314486,0.008984664,0.002036566,0.021036277,0.14741911,0.218450636,0.611057401,state
2569,25,Delhi,NA,NA,NA,NA,2 to 3,NA,4,0.03059911,0.004878492,0.001819751,0.023760691,0.165056214,0.178342223,0.631021142,state
2587,25,Delhi,NA,NA,NA,NA,NA,1,4,0.031707797,0.008893838,0.000798158,0.014302414,0.107710093,0.188224256,0.688965082,state
2588,25,Delhi,NA,15 to 29,NA,NA,NA,NA,4,0.087106884,0.030205429,0.003461655,0.044607386,0.32018736,0.317502558,0.314241022,state
2594,25,Delhi,NA,NA,Primary,NA,NA,NA,4,0.082919121,0.020932252,0.004888508,0.046045709,0.20985949,0.256231636,0.482974648,state
2602,25,Delhi,NA,NA,No education / Preschool,NA,NA,NA,4,0.125497028,0.03591064,0.007801816,0.046349619,0.263721198,0.298909187,0.383218169,state
2621,25,Delhi,NA,NA,Secondary,NA,NA,NA,4,0.013448102,0.000388737,0.000329679,0.014780575,0.146318465,0.236673802,0.601897478,state
2622,25,Delhi,NA,NA,Higher,NA,NA,NA,4,0.00240016,0,0,0.00163915,0.020311374,0.088193469,0.889855981,state
2632,25,Delhi,NA,NA,NA,NA,NA,NA,4,0.014360911,0,0,0.014085531,0.119493932,0.158465624,0.707954943,state
2636,25,Delhi,NA,NA,NA,NA,NA,0,4,0.054299559,0.009163587,0.004567652,0.034799106,0.228577331,0.280228019,0.451827884,state
2653,26,Odisha,NA,65+,NA,NA,NA,NA,4,0.368359566,0.05247068,0.363389522,0.24097845,0.176700175,0.122382618,0.096549228,state
2657,26,Odisha,NA,NA,NA,NA,NA,NA,4,1,1,1,0,0,0,0,state
2659,26,Odisha,NA,46 to 64,NA,NA,NA,NA,4,0.307653099,0.069751099,0.349897295,0.256433457,0.183628038,0.114602022,0.095439181,state
2663,26,Odisha,NA,NA,No education / Preschool,NA,NA,NA,4,0.599199831,0.215726584,0.628241777,0.229652926,0.103501722,0.033113401,0.005490146,state
2664,26,Odisha,NA,NA,NA,NA,4 to 6,NA,4,0.33672446,0.105230108,0.362813503,0.269749731,0.190243691,0.107489496,0.069703571,state
2666,26,Odisha,NA,NA,NA,NA,NA,NA,4,0.358008116,0.150159016,0.473486364,0.21393916,0.153976634,0.09331128,0.065286562,state
2667,26,Odisha,NA,NA,Higher,NA,NA,NA,4,0.03906852,0.00111703,0.042461902,0.075005181,0.155921355,0.263463676,0.463147879,state
2670,26,Odisha,NA,NA,NA,NA,2 to 3,NA,4,0.367921323,0.090135261,0.396944791,0.243487284,0.173202574,0.10700091,0.079364449,state
2671,26,Odisha,NA,30 to 45,NA,NA,NA,NA,4,0.388276488,0.134212896,0.404218227,0.2597211,0.184045598,0.102583326,0.049431752,state
2672,26,Odisha,NA,15 to 29,NA,NA,NA,NA,4,0.540518284,0.200597316,0.476694971,0.284195393,0.15955925,0.060450114,0.019100262,state
2673,26,Odisha,NA,NA,NA,NA,1,NA,4,0.637292385,0.072447293,0.594373703,0.170149848,0.123459734,0.072130315,0.03988643,state
2674,26,Odisha,NA,NA,NA,1,NA,NA,4,0.354613066,0.099583164,0.371555328,0.260871708,0.182623073,0.109059073,0.075890802,state
2681,26,Odisha,NA,NA,NA,NA,NA,NA,4,0.364525944,0.101179644,0.381822705,0.257337511,0.180966705,0.107279286,0.072593778,state
2684,26,Odisha,NA,NA,Secondary,NA,NA,NA,4,0.192396179,0.015110833,0.225322857,0.276127487,0.250455499,0.159904763,0.088189386,state
2686,26,Odisha,NA,NA,NA,NA,NA,1,4,0.377824426,0.104141377,0.397667378,0.263105452,0.177402005,0.098571211,0.063253962,state
2687,26,Odisha,NA,NA,NA,2,NA,NA,4,0.426265121,0.111122832,0.445661664,0.2353632,0.170667961,0.096213169,0.05209402,state
2689,26,Odisha,NA,NA,NA,NA,7+,NA,4,0.408401877,0.123331748,0.365378499,0.262610614,0.174347952,0.119029172,0.07863377,state
2696,26,Odisha,NA,NA,Primary,NA,NA,NA,4,0.425974935,0.117066346,0.410575956,0.316232175,0.178309217,0.074277729,0.020604946,state
2701,26,Odisha,NA,NA,NA,NA,NA,0,4,0.296132267,0.085947573,0.30073452,0.22781904,0.19920975,0.151844561,0.120392136,state
2707,27,Puducherry,NA,NA,Primary,NA,NA,NA,4,0.066981338,0.013434443,0.056989711,0.141367018,0.261533141,0.323612511,0.216497615,state
2708,27,Puducherry,NA,15 to 29,NA,NA,NA,NA,4,0.059035026,0.029191202,0.005410152,0.164749935,0.160380989,0.31857571,0.350883216,state
2709,27,Puducherry,NA,30 to 45,NA,NA,NA,NA,4,0.039716754,0.004159698,0.030815806,0.100374885,0.248429433,0.309759021,0.310620844,state
2712,27,Puducherry,NA,46 to 64,NA,NA,NA,NA,4,0.031043675,0,0.017442496,0.087772496,0.180270836,0.317604691,0.396909505,state
2714,27,Puducherry,NA,NA,NA,NA,NA,1,4,0.045511425,0.000968903,0.033836804,0.098916106,0.213138089,0.289041787,0.365067214,state
2716,27,Puducherry,NA,65+,NA,NA,NA,NA,4,0.091366976,0,0.090929925,0.090899758,0.184989989,0.302314907,0.330865413,state
2721,27,Puducherry,NA,NA,Secondary,NA,NA,NA,4,0.01989843,0,0.014777612,0.086021267,0.191423565,0.359731376,0.348046154,state
2731,27,Puducherry,NA,NA,No education / Preschool,NA,NA,NA,4,0.114605792,0.003927362,0.075809553,0.154482409,0.324171603,0.322126657,0.123409778,state
2737,27,Puducherry,NA,NA,NA,NA,NA,0,4,0.03539386,0.010174469,0.02260619,0.087342426,0.181215361,0.401391476,0.307444543,state
2740,27,Puducherry,NA,NA,NA,NA,2 to 3,NA,4,0.029431719,0.000909904,0.021168342,0.101903155,0.181318,0.348726213,0.34688428,state
2743,27,Puducherry,NA,NA,NA,NA,7+,NA,4,0.052063629,0,0.034513768,0.092938267,0.260601938,0.192991987,0.418954045,state
2744,27,Puducherry,NA,NA,NA,NA,NA,NA,4,0.043375656,0.002912151,0.031476654,0.096483856,0.206429437,0.312652439,0.352957636,state
2751,27,Puducherry,NA,NA,NA,NA,1,NA,4,0.389848441,0,0.308712721,0.172015756,0.258134574,0.194950938,0.066186026,state
2756,27,Puducherry,NA,NA,NA,NA,4 to 6,NA,4,0.02966539,0.00439065,0.020627208,0.089980058,0.209795028,0.314928532,0.364669174,state
2758,27,Puducherry,NA,NA,NA,2,NA,NA,4,0.089962557,0.000536694,0.060871307,0.129575953,0.245001525,0.287028939,0.277522266,state
2770,27,Puducherry,NA,NA,NA,1,NA,NA,4,0.032552525,0.00346402,0.024636239,0.088783011,0.197453335,0.318615258,0.370512158,state
2777,27,Puducherry,NA,NA,Higher,NA,NA,NA,4,0.002785645,0,0.001396283,0.012429883,0.052543111,0.142678455,0.790952265,state
2806,27,Puducherry,NA,NA,NA,NA,NA,NA,4,0,0,0,0,0.020939233,0.957247913,0.021812877,state
2811,28,Punjab,NA,NA,NA,NA,NA,NA,4,0.060937248,0.012456222,0.007926313,0.044338387,0.124472864,0.216352671,0.606909752,state
2815,28,Punjab,NA,NA,Secondary,NA,NA,NA,4,0.011583809,0.000285959,0.002011577,0.014272014,0.076951832,0.187671721,0.719092846,state
2816,28,Punjab,NA,46 to 64,NA,NA,NA,NA,4,0.039948594,0.008262546,0.004950537,0.032859571,0.089177154,0.182591975,0.690420747,state
2824,28,Punjab,NA,15 to 29,NA,NA,NA,NA,4,0.168721765,0.033865906,0.012780522,0.096586317,0.246487796,0.271555692,0.372589678,state
2825,28,Punjab,NA,65+,NA,NA,NA,NA,4,0.052565884,0.0036852,0.00706313,0.044818889,0.096552029,0.202705055,0.648860931,state
2834,28,Punjab,NA,NA,Higher,NA,NA,NA,4,0.004692051,0,0,0.002682352,0.006337615,0.032785065,0.958194971,state
2836,28,Punjab,NA,NA,No education / Preschool,NA,NA,NA,4,0.145951465,0.036221527,0.021329556,0.104630195,0.217670798,0.296879351,0.359490097,state
2837,28,Punjab,NA,30 to 45,NA,NA,NA,NA,4,0.076087981,0.019549001,0.011569161,0.050866384,0.167542353,0.259868562,0.510153532,state
2846,28,Punjab,NA,NA,Primary,NA,NA,NA,4,0.089018613,0.012589885,0.005563277,0.049236462,0.171020865,0.263680756,0.510498643,state
2851,28,Punjab,NA,NA,NA,NA,NA,NA,4,0,0,0,0.04747982,0,0.521512747,0.431007445,state
2852,28,Punjab,NA,NA,NA,NA,NA,0,4,0.127126113,0.030081935,0.044955779,0.088983186,0.198437735,0.237276495,0.430346787,state
2853,28,Punjab,NA,NA,NA,NA,NA,1,4,0.054360066,0.010704755,0.004264786,0.039923843,0.117159113,0.21428369,0.624368548,state
2854,28,Punjab,NA,NA,NA,NA,2 to 3,NA,4,0.061004255,0.005406646,0.010001388,0.067470171,0.137133718,0.200080812,0.585313916,state
2855,28,Punjab,NA,NA,NA,NA,4 to 6,NA,4,0.054211475,0.012638409,0.005874672,0.035634138,0.120193116,0.219326958,0.618971109,state
2866,28,Punjab,NA,NA,NA,NA,1,NA,4,0.144998044,0.013946954,0.053106554,0.187551439,0.234697983,0.234852597,0.289791405,state
2869,28,Punjab,NA,NA,NA,1,NA,NA,4,0.061091457,0.012910488,0.008168472,0.043603137,0.126731873,0.217158914,0.604337633,state
2883,28,Punjab,NA,NA,NA,NA,7+,NA,4,0.076532908,0.022401253,0.006189716,0.022879677,0.10501419,0.225143388,0.640772998,state
2884,28,Punjab,NA,NA,NA,2,NA,NA,4,0.059766278,0.009006707,0.006080404,0.049942967,0.107253134,0.210206881,0.62651664,state
2917,29,Rajasthan,NA,NA,NA,NA,NA,NA,4,0.316867769,0.101266652,0.181349546,0.236385718,0.210534677,0.179759428,0.191970631,state
2920,29,Rajasthan,NA,NA,Higher,NA,NA,NA,4,0.052787162,0.001903984,0.024889836,0.061343364,0.097675063,0.201870367,0.614221394,state
2924,29,Rajasthan,NA,NA,Secondary,NA,NA,NA,4,0.16317004,0.021205507,0.088883042,0.187845603,0.230501294,0.240896091,0.25187397,state
2931,29,Rajasthan,NA,NA,No education / Preschool,NA,NA,NA,4,0.503324986,0.185602784,0.309421271,0.315835238,0.210892975,0.113878116,0.049972422,state
2933,29,Rajasthan,NA,NA,NA,NA,NA,NA,4,0.516558409,0,0,0.516558409,0.483441561,0,0,state
2934,29,Rajasthan,NA,NA,NA,2,NA,NA,4,0.374723613,0.11979802,0.202038392,0.250124514,0.217315495,0.179823592,0.150698021,state
2938,29,Rajasthan,NA,NA,NA,NA,NA,0,4,0.313076913,0.100271665,0.165898755,0.234644979,0.233584911,0.208323464,0.157547891,state
2945,29,Rajasthan,NA,65+,NA,NA,NA,NA,4,0.328625411,0.068858981,0.201261088,0.219252422,0.198274955,0.166341841,0.214869678,state
2946,29,Rajasthan,NA,NA,Primary,NA,NA,NA,4,0.40084663,0.150036693,0.196215853,0.275741607,0.235906154,0.179778218,0.112358168,state
2948,29,Rajasthan,NA,NA,NA,NA,NA,1,4,0.317596585,0.101457946,0.184339479,0.236722574,0.206074134,0.174231887,0.198631927,state
2952,29,Rajasthan,NA,NA,NA,NA,1,NA,4,0.457018673,0.062689438,0.312496841,0.21860221,0.19691506,0.165948585,0.106037311,state
2963,29,Rajasthan,NA,NA,NA,NA,NA,NA,4,0.227644607,0.039704449,0.125619918,0.202463001,0.268366069,0.201146364,0.202404633,state
2964,29,Rajasthan,NA,NA,NA,1,NA,NA,4,0.309342176,0.098856188,0.178678453,0.234611928,0.209659219,0.179751143,0.197299242,state
2971,29,Rajasthan,NA,46 to 64,NA,NA,NA,NA,4,0.268727809,0.066850491,0.154327333,0.216896668,0.205302089,0.182376713,0.241097182,state
2986,29,Rajasthan,NA,30 to 45,NA,NA,NA,NA,4,0.329661399,0.130794227,0.18906863,0.255967557,0.216679066,0.178761631,0.1595231,state
2994,29,Rajasthan,NA,15 to 29,NA,NA,NA,NA,4,0.434805691,0.164914176,0.225829363,0.258957952,0.223948434,0.192810014,0.098454222,state
2995,29,Rajasthan,NA,NA,NA,NA,2 to 3,NA,4,0.331345707,0.066190735,0.206833422,0.248442248,0.196738765,0.161399975,0.186585605,state
2996,29,Rajasthan,NA,NA,NA,NA,7+,NA,4,0.352653176,0.135896549,0.173953727,0.218176916,0.212876216,0.199049786,0.195943341,state
3005,29,Rajasthan,NA,NA,NA,NA,4 to 6,NA,4,0.287216455,0.103024721,0.16628629,0.240341976,0.215833098,0.179788873,0.197749779,state
3025,30,Sikkim,NA,NA,NA,NA,NA,NA,4,0.06168142,0.06168142,0,0.141579956,0.329102963,0.461955518,0.067361556,state
3026,30,Sikkim,NA,NA,Higher,NA,NA,NA,4,0.002641484,0,0,0.002952896,0.052887402,0.456934601,0.487225085,state
3030,30,Sikkim,NA,NA,NA,NA,NA,NA,4,0.049198948,0.004471011,0.005804427,0.069837578,0.409668565,0.39831233,0.116377108,state
3044,30,Sikkim,NA,30 to 45,NA,NA,NA,NA,4,0.048187599,0.004223692,0.004407316,0.062694207,0.379635453,0.438040853,0.115222163,state
3046,30,Sikkim,NA,NA,Secondary,NA,NA,NA,4,0.011268562,0.000589408,0.003540159,0.037255455,0.332702965,0.49459213,0.131909266,state
3047,30,Sikkim,NA,65+,NA,NA,NA,NA,4,0.072404578,0.003756701,0.004381076,0.112943992,0.49907586,0.290983289,0.092615776,state
3048,30,Sikkim,NA,NA,NA,1,NA,NA,4,0.050469384,0.004913116,0.005640855,0.070056595,0.41596359,0.391341269,0.116997689,state
3056,30,Sikkim,NA,NA,NA,NA,NA,0,4,0.05731323,0.00550882,0.012051567,0.074610613,0.288437903,0.516123056,0.108776867,state
3059,30,Sikkim,NA,NA,NA,NA,NA,1,4,0.045306418,0.00397316,0.002787344,0.06753242,0.468217373,0.341415167,0.120047681,state
3068,30,Sikkim,NA,15 to 29,NA,NA,NA,NA,4,0.075949468,0.015282863,0.007841995,0.06658826,0.420725971,0.442160636,0.06268312,state
3074,30,Sikkim,NA,NA,Primary,NA,NA,NA,4,0.078170478,0.009751664,0.006307996,0.103130206,0.524129689,0.331313461,0.035118639,state
3078,30,Sikkim,NA,NA,NA,NA,1,NA,4,0.07979098,0,0.022102181,0.07775531,0.222074211,0.569215477,0.108852796,state
3079,30,Sikkim,NA,NA,NA,NA,2 to 3,NA,4,0.046134457,0.002881016,0.004301606,0.074418075,0.362558097,0.440236598,0.118485622,state
3085,30,Sikkim,NA,46 to 64,NA,NA,NA,NA,4,0.035156187,0.002174294,0.007250606,0.06294056,0.406766474,0.383260518,0.139781833,state
3089,30,Sikkim,NA,NA,NA,2,NA,NA,4,0.041326948,0.001731592,0.006817683,0.068480834,0.370673537,0.441495061,0.112532906,state
3099,30,Sikkim,NA,NA,No education / Preschool,NA,NA,NA,4,0.107154384,0.006986808,0.011728808,0.119464129,0.567170739,0.264150649,0.037485696,state
3114,30,Sikkim,NA,NA,NA,NA,7+,NA,4,0.049520124,0.007378346,0.014133828,0.058915369,0.438497305,0.345463097,0.142990381,state
3117,30,Sikkim,NA,NA,NA,NA,4 to 6,NA,4,0.048745204,0.005452628,0.004402238,0.067758121,0.450319737,0.365445077,0.112074845,state
3130,31,Tamil Nadu,NA,NA,Higher,NA,NA,NA,4,0.00784289,0,0.001654767,0.019261332,0.061867952,0.257771343,0.65944463,state
3132,31,Tamil Nadu,NA,NA,No education / Preschool,NA,NA,NA,4,0.19457069,0.015119112,0.114807673,0.263218999,0.33907479,0.220543653,0.062354878,state
3133,31,Tamil Nadu,NA,NA,NA,NA,NA,NA,4,0.112929024,0,0.030933136,0.284355074,0.246124506,0.260624707,0.177962586,state
3136,31,Tamil Nadu,NA,46 to 64,NA,NA,NA,NA,4,0.072920628,0.003309426,0.039309505,0.143314615,0.259884477,0.306953549,0.250537843,state
3137,31,Tamil Nadu,NA,65+,NA,NA,NA,NA,4,0.168786064,0.003723988,0.103206553,0.192447126,0.240113214,0.26272893,0.201504186,state
3138,31,Tamil Nadu,NA,NA,Secondary,NA,NA,NA,4,0.029845338,0.000795282,0.019214364,0.104943916,0.259392738,0.374147445,0.242301553,state
3141,31,Tamil Nadu,NA,NA,NA,NA,NA,1,4,0.096667342,0.00584237,0.051166944,0.169354349,0.284129351,0.290458262,0.204891101,state
3142,31,Tamil Nadu,NA,NA,NA,NA,NA,NA,4,0,0,0,0,1,0,0,state
3143,31,Tamil Nadu,NA,NA,Primary,NA,NA,NA,4,0.132916898,0.008965572,0.051360521,0.210126534,0.349841416,0.294106424,0.094565086,state
3147,31,Tamil Nadu,NA,NA,NA,NA,NA,NA,4,0.086029701,0.005652817,0.046376258,0.152817994,0.271815717,0.308601648,0.220388368,state
3148,31,Tamil Nadu,NA,NA,NA,1,NA,NA,4,0.071487725,0.004818103,0.035618965,0.14333193,0.269294769,0.316545188,0.235209137,state
3149,31,Tamil Nadu,NA,NA,NA,NA,1,NA,4,0.343280196,0.005904686,0.230967298,0.26760307,0.228308007,0.188824221,0.084297411,state
3153,31,Tamil Nadu,NA,NA,NA,NA,NA,0,4,0.053055178,0.005065241,0.031556301,0.101662956,0.23372364,0.364728034,0.268329054,state
3158,31,Tamil Nadu,NA,NA,NA,2,NA,NA,4,0.161765203,0.010000058,0.101940051,0.201815605,0.284837037,0.267571449,0.143835872,state
3167,31,Tamil Nadu,NA,30 to 45,NA,NA,NA,NA,4,0.066992581,0.007171914,0.035382986,0.149310067,0.28746289,0.331222147,0.196621895,state
3177,31,Tamil Nadu,NA,NA,NA,NA,2 to 3,NA,4,0.090756737,0.005424086,0.054917775,0.157109529,0.264212608,0.301781386,0.221978709,state
3178,31,Tamil Nadu,NA,NA,NA,NA,4 to 6,NA,4,0.059042186,0.005761295,0.025678415,0.138412356,0.281134456,0.323419154,0.231355637,state
3179,31,Tamil Nadu,NA,15 to 29,NA,NA,NA,NA,4,0.108352125,0.01643813,0.034905639,0.149730667,0.325154364,0.280082077,0.210127249,state
3214,31,Tamil Nadu,NA,NA,NA,NA,7+,NA,4,0.096025981,0.005843873,0.033725254,0.168353915,0.266328156,0.310916603,0.220676079,state
3234,32,Tripura,NA,NA,NA,2,NA,NA,4,0.311331213,0.049084354,0.181243524,0.398492247,0.226722702,0.143708244,0.049833287,state
3243,32,Tripura,NA,NA,No education / Preschool,NA,NA,NA,4,0.433161408,0.117623366,0.338002741,0.484783769,0.15813604,0.019077454,0,state
3245,32,Tripura,NA,NA,Secondary,NA,NA,NA,4,0.087395459,0.004929407,0.066227861,0.377266437,0.284170479,0.208709866,0.063625358,state
3248,32,Tripura,NA,NA,Primary,NA,NA,NA,4,0.320432514,0.086070128,0.150994897,0.576110423,0.204111606,0.059552774,0.009230283,state
3251,32,Tripura,NA,NA,Higher,NA,NA,NA,4,0.009584771,0,0.004730353,0.042590562,0.197384655,0.397453099,0.357841313,state
3255,32,Tripura,NA,NA,NA,NA,7+,NA,4,0.20217441,0.063003324,0.108059183,0.439452231,0.206196964,0.188607857,0.057683755,state
3259,32,Tripura,NA,30 to 45,NA,NA,NA,NA,4,0.20234099,0.058928248,0.128261939,0.456583709,0.247815669,0.13119103,0.03614765,state
3267,32,Tripura,NA,NA,NA,1,NA,NA,4,0.196815863,0.048949908,0.127288908,0.42683807,0.231621295,0.149287492,0.06496422,state
3274,32,Tripura,NA,15 to 29,NA,NA,NA,NA,4,0.346935391,0.118680961,0.221720085,0.473695189,0.189226255,0.100092486,0.015265994,state
3276,32,Tripura,NA,NA,NA,NA,4 to 6,NA,4,0.196879596,0.054676861,0.131732002,0.458320946,0.220660552,0.129091576,0.060194917,state
3280,32,Tripura,NA,NA,NA,NA,NA,NA,4,0.212366,0.048968166,0.134631455,0.422980577,0.230954662,0.148528233,0.062905088,state
3284,32,Tripura,NA,65+,NA,NA,NA,NA,4,0.251345575,0.032280456,0.148120686,0.353958577,0.218919218,0.180349439,0.098652102,state
3287,32,Tripura,NA,NA,NA,NA,NA,0,4,0.186303467,0.04333546,0.124278113,0.402790368,0.254695594,0.16054298,0.057692964,state
3288,32,Tripura,NA,NA,NA,NA,2 to 3,NA,4,0.210272595,0.041478816,0.132034019,0.377371848,0.253143787,0.170458794,0.066991568,state
3299,32,Tripura,NA,NA,NA,NA,NA,NA,4,0,0,0.063404754,0.181684881,0.509090364,0.245820016,0,state
3302,32,Tripura,NA,NA,NA,NA,1,NA,4,0.423046947,0.019930827,0.22913222,0.348831058,0.211854249,0.140305743,0.069876738,state
3306,32,Tripura,NA,NA,NA,NA,NA,1,4,0.22095865,0.050825231,0.13813962,0.429821879,0.222910196,0.144457102,0.064671189,state
3310,32,Tripura,NA,46 to 64,NA,NA,NA,NA,4,0.180814937,0.028352408,0.117244639,0.398492396,0.227220297,0.167326212,0.089716449,state
3347,33,Uttar Pradesh,NA,NA,NA,NA,1,NA,4,0.567640901,0.031115979,0.516373456,0.150675118,0.123222359,0.120235756,0.089493275,state
3348,33,Uttar Pradesh,NA,NA,NA,NA,2 to 3,NA,4,0.372653484,0.077193856,0.370271325,0.203182802,0.136281252,0.124061421,0.166203201,state
3351,33,Uttar Pradesh,NA,15 to 29,NA,NA,NA,NA,4,0.534743845,0.203271359,0.348706812,0.256155938,0.179873705,0.139812499,0.075451031,state
3374,33,Uttar Pradesh,NA,NA,NA,NA,NA,0,4,0.41010949,0.155297235,0.314640135,0.195784569,0.178368151,0.181040287,0.130166844,state
3375,33,Uttar Pradesh,NA,NA,NA,NA,NA,1,4,0.39550212,0.121377416,0.318445623,0.225910202,0.160932153,0.136720359,0.157991663,state
3385,33,Uttar Pradesh,NA,NA,Secondary,NA,NA,NA,4,0.245348066,0.03373009,0.214703947,0.230730966,0.190194488,0.183503091,0.180867493,state
3386,33,Uttar Pradesh,NA,NA,NA,NA,4 to 6,NA,4,0.368028551,0.132683143,0.310553998,0.227505207,0.160856947,0.140351966,0.160731882,state
3387,33,Uttar Pradesh,NA,65+,NA,NA,NA,NA,4,0.410179883,0.067519866,0.328272074,0.202989504,0.154519677,0.135987327,0.178231433,state
3389,33,Uttar Pradesh,NA,NA,NA,NA,NA,NA,4,0.39703992,0.124948345,0.31804508,0.222739339,0.16276738,0.141385257,0.155062973,state
3396,33,Uttar Pradesh,NA,NA,Primary,NA,NA,NA,4,0.497784972,0.184474096,0.36350444,0.252401412,0.17608127,0.130021229,0.077991642,state
3397,33,Uttar Pradesh,NA,30 to 45,NA,NA,NA,NA,4,0.426455766,0.17549473,0.351186186,0.228234828,0.160209686,0.135284171,0.12508513,state
3399,33,Uttar Pradesh,NA,46 to 64,NA,NA,NA,NA,4,0.329744905,0.077296622,0.272064298,0.217134684,0.164776757,0.150312051,0.195712209,state
3400,33,Uttar Pradesh,NA,NA,NA,NA,NA,NA,4,0.347377986,0.091096461,0.333549798,0.243374303,0.18366237,0.137869418,0.101544097,state
3401,33,Uttar Pradesh,NA,NA,NA,NA,NA,NA,4,1,0.345619202,1,0,0,0,0,state
3408,33,Uttar Pradesh,NA,NA,No education / Preschool,NA,NA,NA,4,0.605181873,0.229208589,0.486647487,0.240834311,0.140986979,0.089792334,0.041738879,state
3413,33,Uttar Pradesh,NA,NA,Higher,NA,NA,NA,4,0.07326249,0.005962859,0.041622162,0.083866611,0.115973853,0.183442757,0.57509464,state
3420,33,Uttar Pradesh,NA,NA,NA,1,NA,NA,4,0.386139899,0.122889474,0.30937472,0.221029624,0.164192155,0.144718245,0.160685256,state
3428,33,Uttar Pradesh,NA,NA,NA,NA,7+,NA,4,0.441582143,0.156102732,0.269742489,0.237034678,0.189409792,0.157803118,0.146009922,state
3431,33,Uttar Pradesh,NA,NA,NA,2,NA,NA,4,0.462820828,0.137373492,0.370716393,0.233125597,0.154112011,0.121137723,0.120908268,state
3456,34,Uttarakhand,NA,65+,NA,NA,NA,NA,4,0.194391504,0.016291549,0.072070837,0.199411333,0.241138846,0.186087221,0.301291764,state
3463,34,Uttarakhand,NA,NA,NA,NA,NA,NA,4,0.166124269,0.031394538,0.053751104,0.17691803,0.245290205,0.234252349,0.289788306,state
3466,34,Uttarakhand,NA,NA,NA,NA,7+,NA,4,0.213617563,0.061448481,0.048999861,0.182684138,0.26202178,0.224166527,0.282127678,state
3481,34,Uttarakhand,NA,30 to 45,NA,NA,NA,NA,4,0.166819781,0.045000304,0.053917058,0.184555769,0.250562847,0.255820155,0.255144149,state
3482,34,Uttarakhand,NA,46 to 64,NA,NA,NA,NA,4,0.133902714,0.017195811,0.047545843,0.155088216,0.226732105,0.214740768,0.355893075,state
3483,34,Uttarakhand,NA,NA,NA,NA,NA,1,4,0.159455925,0.025738712,0.051373418,0.184190631,0.240384653,0.213551551,0.310499758,state
3488,34,Uttarakhand,NA,NA,NA,NA,4 to 6,NA,4,0.150182679,0.031514667,0.04384755,0.169472054,0.249134123,0.231453836,0.306092441,state
3496,34,Uttarakhand,NA,NA,NA,NA,NA,0,4,0.187964395,0.049918473,0.061616272,0.15286094,0.261517346,0.302728802,0.221276626,state
3498,34,Uttarakhand,NA,NA,NA,NA,NA,NA,4,0.159134075,0.059565015,0.044747308,0.23937422,0.228806913,0.372715861,0.114355691,state
3500,34,Uttarakhand,NA,NA,NA,NA,2 to 3,NA,4,0.134121105,0.017344741,0.052784119,0.180844575,0.223550186,0.243126824,0.2996943,state
3501,34,Uttarakhand,NA,NA,NA,2,NA,NA,4,0.2193387,0.02589025,0.083371781,0.206439227,0.246775478,0.214567631,0.24884589,state
3507,34,Uttarakhand,NA,15 to 29,NA,NA,NA,NA,4,0.252970248,0.063471802,0.045139212,0.196160704,0.311753631,0.317682236,0.12926425,state
3512,34,Uttarakhand,NA,NA,NA,NA,1,NA,4,0.300722748,0.011569848,0.152323037,0.20947139,0.258068055,0.247384384,0.132753134,state
3526,34,Uttarakhand,NA,NA,Higher,NA,NA,NA,4,0.011941844,0.001262055,0.002708821,0.017835962,0.096432902,0.205748245,0.677274048,state
3531,34,Uttarakhand,NA,NA,Secondary,NA,NA,NA,4,0.076810203,0.005127631,0.023116339,0.143714443,0.249013498,0.269727588,0.314428121,state
3537,34,Uttarakhand,NA,NA,Primary,NA,NA,NA,4,0.260048866,0.057159971,0.067486681,0.23855485,0.290473074,0.24314782,0.160337597,state
3541,34,Uttarakhand,NA,NA,NA,1,NA,NA,4,0.153931662,0.032655694,0.046996985,0.170186594,0.244951531,0.238740876,0.299124002,state
3547,34,Uttarakhand,NA,NA,No education / Preschool,NA,NA,NA,4,0.355692595,0.079243869,0.131572157,0.288054168,0.294764578,0.175499514,0.110109575,state
3553,35,West Bengal,NA,NA,NA,NA,2 to 3,NA,4,0.262591094,0.056362551,0.246104255,0.265386194,0.189641476,0.189719081,0.109148987,state
3559,35,West Bengal,NA,15 to 29,NA,NA,NA,NA,4,0.459804028,0.166678071,0.328153074,0.396395564,0.178551644,0.077405989,0.019493725,state
3560,35,West Bengal,NA,30 to 45,NA,NA,NA,NA,4,0.284850568,0.08318162,0.266237855,0.309310406,0.21671249,0.153858855,0.053880405,state
3567,35,West Bengal,NA,NA,NA,NA,NA,NA,4,0.27052483,0.067928478,0.242106736,0.292948157,0.201338962,0.171950176,0.091655985,state
3571,35,West Bengal,NA,NA,NA,NA,4 to 6,NA,4,0.261107266,0.074915253,0.238229126,0.315547973,0.199678481,0.161885738,0.084658697,state
3572,35,West Bengal,NA,NA,NA,NA,7+,NA,4,0.263692081,0.070809945,0.185391635,0.287280738,0.25472945,0.185079038,0.087519139,state
3579,35,West Bengal,NA,46 to 64,NA,NA,NA,NA,4,0.221488625,0.043431927,0.207285523,0.270867139,0.205137253,0.197670981,0.119039118,state
3583,35,West Bengal,NA,NA,NA,NA,NA,1,4,0.268460155,0.069042355,0.241697237,0.293692708,0.197813183,0.169611782,0.097185083,state
3594,35,West Bengal,NA,NA,NA,NA,1,NA,4,0.525825799,0.049271587,0.48473835,0.194917336,0.140843824,0.122085802,0.057414681,state
3596,35,West Bengal,NA,NA,NA,2,NA,NA,4,0.359427929,0.085508563,0.319537282,0.241973609,0.174134567,0.18849048,0.075864047,state
3610,35,West Bengal,NA,NA,Primary,NA,NA,NA,4,0.341566503,0.088980272,0.261664778,0.381726265,0.206039086,0.129441679,0.021128189,state
3613,35,West Bengal,NA,NA,NA,NA,NA,NA,4,0.213627726,0.069787495,0.146681532,0.310001105,0.227586716,0.307078242,0.008652394,state
3623,35,West Bengal,NA,NA,No education / Preschool,NA,NA,NA,4,0.478160828,0.140419871,0.448470831,0.339564443,0.143445998,0.06093413,0.007584608,state
3624,35,West Bengal,NA,NA,NA,1,NA,NA,4,0.257736534,0.065399662,0.230841652,0.300364226,0.205296814,0.169543788,0.093953498,state
3633,35,West Bengal,NA,NA,NA,NA,NA,0,4,0.27731964,0.064262718,0.24344708,0.290511012,0.212879419,0.179604158,0.073558323,state
3648,35,West Bengal,NA,NA,Secondary,NA,NA,NA,4,0.104932018,0.00814066,0.115657389,0.251057446,0.26696232,0.25760442,0.10871844,state
3649,35,West Bengal,NA,NA,Higher,NA,NA,NA,4,0.017950285,0,0.013950456,0.048686925,0.105355345,0.30831486,0.523692429,state
3652,35,West Bengal,NA,65+,NA,NA,NA,NA,4,0.249570608,0.031443968,0.222166359,0.244093791,0.161784574,0.2084876,0.163467661,state
3669,36,Telangana ,NA,NA,Primary,NA,NA,NA,4,0.245928198,0.049214486,0.072931148,0.212830067,0.324378431,0.287544131,0.102316216,state
3676,36,Telangana ,NA,NA,NA,NA,NA,NA,4,0.19796811,0.033544537,0.078930013,0.181107,0.259961128,0.257640988,0.222360864,state
3686,36,Telangana ,NA,NA,NA,NA,7+,NA,4,0.17207858,0.036662802,0.044306897,0.165620297,0.227048233,0.318988621,0.244035944,state
3710,36,Telangana ,NA,NA,NA,NA,1,NA,4,0.51398015,0.0186373,0.320691615,0.271578282,0.220759794,0.125487179,0.061483156,state
3720,36,Telangana ,NA,15 to 29,NA,NA,NA,NA,4,0.247499093,0.071755849,0.064367764,0.193922192,0.327964008,0.281384498,0.132361546,state
3721,36,Telangana ,NA,30 to 45,NA,NA,NA,NA,4,0.164251149,0.040824611,0.062451053,0.163910344,0.262016743,0.273813993,0.23780784,state
3722,36,Telangana ,NA,46 to 64,NA,NA,NA,NA,4,0.158246845,0.020422079,0.063562594,0.171282947,0.238966927,0.27052322,0.255664289,state
3723,36,Telangana ,NA,65+,NA,NA,NA,NA,4,0.333323717,0.017641358,0.164244473,0.240071282,0.254530042,0.172063932,0.169090271,state
3724,36,Telangana ,NA,NA,NA,NA,NA,NA,4,1,0,1,0,0,0,0,state
3733,36,Telangana ,NA,NA,NA,1,NA,NA,4,0.175453052,0.031713475,0.066383399,0.171189845,0.257503182,0.264007807,0.24091576,state
3734,36,Telangana ,NA,NA,NA,2,NA,NA,4,0.320469826,0.043507136,0.148811907,0.236343399,0.273651361,0.222179219,0.119014129,state
3736,36,Telangana ,NA,NA,No education / Preschool,NA,NA,NA,4,0.35385105,0.063495539,0.157469332,0.297472864,0.316518068,0.176852435,0.051687293,state
3738,36,Telangana ,NA,NA,Secondary,NA,NA,NA,4,0.056740716,0.002884013,0.023180759,0.098524049,0.235478148,0.342128485,0.300688565,state
3739,36,Telangana ,NA,NA,Higher,NA,NA,NA,4,0.015604696,0.002515054,0.002216412,0.024507441,0.091735817,0.235504076,0.646036267,state
3740,36,Telangana ,NA,NA,NA,NA,NA,NA,4,0.312139481,0,0,0.232848495,0.26021868,0.45990783,0.047024995,state
3752,36,Telangana ,NA,NA,NA,NA,2 to 3,NA,4,0.219024107,0.029798843,0.094700031,0.197926477,0.260026813,0.223624304,0.223722383,state
3753,36,Telangana ,NA,NA,NA,NA,4 to 6,NA,4,0.156817362,0.036956593,0.052864749,0.165108666,0.267684579,0.281598926,0.23274307,state
3757,36,Telangana ,NA,NA,NA,NA,NA,0,4,0.188266888,0.02902613,0.073161863,0.169606864,0.251952738,0.28366375,0.221614793,state
3758,36,Telangana ,NA,NA,NA,NA,NA,1,4,0.20536764,0.036990926,0.083443612,0.1901059,0.266227722,0.237278074,0.222944677,state
3819,NA,NA,NA,NA,NA,NA,NA,NA,4,0.334745765,0.138437927,NA,NA,NA,NA,NA,state
3830,NA,NA,NA,NA,NA,NA,NA,NA,4,0.334745765,0.138437927,NA,NA,NA,NA,NA,state
3861,NA,NA,NA,NA,NA,NA,7+,NA,4,0.334745765,0.138437927,NA,NA,NA,NA,NA,state
3919,NA,NA,NA,NA,NA,NA,NA,NA,4,0.334745765,0.138437927,NA,NA,NA,NA,NA,state
3933,NA,NA,NA,65+,NA,NA,NA,NA,4,0.334745765,0.138437927,NA,NA,NA,NA,NA,state
3953,NA,NA,NA,NA,NA,NA,NA,1,4,0.334745765,0.138437927,NA,NA,NA,NA,NA,state
2,1,Andaman and Nicobar Islands,1,65+,NA,NA,NA,NA,4,0,0,0,0.015479681,0.074082658,0.318426549,0.592011094,statesector
4,1,Andaman and Nicobar Islands,0,NA,Higher,NA,NA,NA,4,0.002913099,0,0,0.013292218,0.093364529,0.432854325,0.460488945,statesector
6,1,Andaman and Nicobar Islands,1,NA,No education / Preschool,NA,NA,NA,4,0.023966651,0,0.012387354,0.028205598,0.288093626,0.414634019,0.256679416,statesector
7,1,Andaman and Nicobar Islands,1,NA,Primary,NA,NA,NA,4,0.03477627,0,0,0.049359061,0.252992868,0.427665263,0.269982785,statesector
9,1,Andaman and Nicobar Islands,0,NA,NA,NA,NA,NA,4,0.248146653,0,0.200016856,0.272478044,0.221240059,0.306265056,0,statesector
10,1,Andaman and Nicobar Islands,1,15 to 29,NA,NA,NA,NA,4,0,0,0,0.05648515,0.333211631,0.335642904,0.274660319,statesector
12,1,Andaman and Nicobar Islands,1,30 to 45,NA,NA,NA,NA,4,0.021332648,0,0.006917446,0.031262524,0.169777602,0.356452227,0.435590208,statesector
13,1,Andaman and Nicobar Islands,0,65+,NA,NA,NA,NA,4,0.17533268,0.017222371,0.113546379,0.130982816,0.290908694,0.264025003,0.2005371,statesector
18,1,Andaman and Nicobar Islands,0,NA,NA,1,NA,NA,4,0.116965987,0.016773289,0.079373412,0.182226047,0.269642562,0.296633899,0.172124088,statesector
19,1,Andaman and Nicobar Islands,0,46 to 64,NA,NA,NA,NA,4,0.125473499,0.012793181,0.0599638,0.176464289,0.283468544,0.303854704,0.17624867,statesector
20,1,Andaman and Nicobar Islands,0,NA,NA,2,NA,NA,4,0.17920205,0.021278949,0.1001295,0.155657277,0.271553367,0.306610465,0.166049391,statesector
30,1,Andaman and Nicobar Islands,1,NA,NA,1,NA,NA,4,0.006605324,0,0.005006438,0.024642212,0.147164553,0.346073747,0.477113038,statesector
33,1,Andaman and Nicobar Islands,0,NA,No education / Preschool,NA,NA,NA,4,0.209357768,0.036306668,0.146792009,0.183857083,0.346464485,0.23999773,0.082888715,statesector
34,1,Andaman and Nicobar Islands,1,NA,NA,2,NA,NA,4,0.026173035,0,0,0.008962129,0.112738214,0.397691071,0.480608582,statesector
35,1,Andaman and Nicobar Islands,0,NA,Secondary,NA,NA,NA,4,0.072336815,0.006759281,0.060616333,0.153949544,0.244845882,0.335574061,0.205014184,statesector
37,1,Andaman and Nicobar Islands,1,NA,Secondary,NA,NA,NA,4,0.001868539,0,0.003643572,0.01929738,0.10503912,0.356730103,0.515289843,statesector
38,1,Andaman and Nicobar Islands,0,NA,Primary,NA,NA,NA,4,0.184798822,0.024533443,0.087296292,0.260472715,0.299295396,0.245837301,0.107098319,statesector
42,1,Andaman and Nicobar Islands,1,46 to 64,NA,NA,NA,NA,4,0,0,0.002671856,0.008346048,0.097615607,0.362229586,0.529136896,statesector
58,1,Andaman and Nicobar Islands,0,15 to 29,NA,NA,NA,NA,4,0.204776868,0.046085995,0.137032554,0.2543194,0.222155377,0.335006565,0.051486135,statesector
64,1,Andaman and Nicobar Islands,1,NA,NA,NA,NA,NA,4,0.009695276,0,0.004225042,0.022194892,0.141791359,0.354130089,0.477658629,statesector
65,1,Andaman and Nicobar Islands,0,NA,NA,NA,4 to 6,NA,4,0.118658483,0.019630097,0.082276791,0.188316748,0.258251488,0.285137534,0.186017424,statesector
71,1,Andaman and Nicobar Islands,1,NA,NA,NA,NA,NA,4,0,0,0,0,0,0,1,statesector
77,1,Andaman and Nicobar Islands,0,NA,NA,NA,NA,NA,4,0.12754643,0.017539274,0.082904436,0.177706167,0.269967616,0.298331112,0.171090662,statesector
79,1,Andaman and Nicobar Islands,0,NA,NA,NA,2 to 3,NA,4,0.124041915,0.013603102,0.07067968,0.162315637,0.293444067,0.300722629,0.172838002,statesector
80,1,Andaman and Nicobar Islands,0,NA,NA,NA,NA,0,4,0.087517917,0.017048219,0.052406307,0.170338333,0.29704392,0.301250964,0.178960472,statesector
84,1,Andaman and Nicobar Islands,1,NA,NA,NA,7+,NA,4,0,0,0,0,0.052289687,0.380255848,0.567454457,statesector
86,1,Andaman and Nicobar Islands,0,30 to 45,NA,NA,NA,NA,4,0.101569295,0.018284177,0.088698402,0.182018727,0.256188184,0.297729045,0.175365657,statesector
90,1,Andaman and Nicobar Islands,1,NA,NA,NA,4 to 6,NA,4,0.010270396,0,0.003915928,0.029123388,0.155516937,0.331455618,0.479988128,statesector
92,1,Andaman and Nicobar Islands,0,NA,NA,NA,1,NA,4,0.264911562,0.024770336,0.180577487,0.26621151,0.187597111,0.315041006,0.050572872,statesector
93,1,Andaman and Nicobar Islands,1,NA,Higher,NA,NA,NA,4,0,0,0,0,0,0.19234018,0.807659805,statesector
94,1,Andaman and Nicobar Islands,1,NA,NA,NA,NA,1,4,0.002133301,0,0.00416583,0.018253587,0.094420396,0.344124526,0.539035678,statesector
100,1,Andaman and Nicobar Islands,0,NA,NA,NA,7+,NA,4,0.093593605,0.012338583,0.05664248,0.103206664,0.322363645,0.354884714,0.162902489,statesector
101,1,Andaman and Nicobar Islands,1,NA,NA,NA,2 to 3,NA,4,0.011604283,0,0.005915229,0.018154973,0.123247653,0.39480117,0.457880974,statesector
102,1,Andaman and Nicobar Islands,0,NA,NA,NA,NA,1,4,0.147222668,0.017780654,0.097828954,0.181311682,0.256717622,0.296902239,0.167239502,statesector
103,1,Andaman and Nicobar Islands,1,NA,NA,NA,NA,0,4,0.017501643,0,0.004285962,0.026249856,0.190528378,0.364424199,0.414511591,statesector
104,1,Andaman and Nicobar Islands,1,NA,NA,NA,1,NA,4,0,0,0,0,0.274631798,0.249193221,0.47617498,statesector
106,2,Andhra Pradesh,1,46 to 64,NA,NA,NA,NA,4,0.04079406,0.004670047,0.007852531,0.036666255,0.130602628,0.334182531,0.490696043,statesector
110,2,Andhra Pradesh,0,NA,NA,NA,NA,NA,4,0,0,1,0,0,0,0,statesector
112,2,Andhra Pradesh,0,65+,NA,NA,NA,NA,4,0.340843618,0.023872077,0.156949982,0.273795903,0.312097043,0.203590006,0.053567089,statesector
113,2,Andhra Pradesh,1,NA,NA,1,NA,NA,4,0.052848183,0.010429625,0.008964595,0.041058004,0.141240954,0.36220783,0.446528614,statesector
116,2,Andhra Pradesh,0,NA,NA,2,NA,NA,4,0.371966302,0.040863082,0.173968345,0.292960554,0.3385306,0.165152296,0.029388182,statesector
122,2,Andhra Pradesh,1,65+,NA,NA,NA,NA,4,0.058864176,0.002895784,0.039526995,0.059041332,0.150473535,0.324495554,0.426462591,statesector
123,2,Andhra Pradesh,0,15 to 29,NA,NA,NA,NA,4,0.313729256,0.093876541,0.092408493,0.231516078,0.451781154,0.210967913,0.013326349,statesector
129,2,Andhra Pradesh,1,NA,NA,2,NA,NA,4,0.103733316,0.009613841,0.031105105,0.089674339,0.272826016,0.370236993,0.236157551,statesector
133,2,Andhra Pradesh,1,NA,NA,NA,NA,NA,4,0.059875876,0.010316958,0.011984029,0.0476881,0.159185991,0.363302827,0.41783908,statesector
135,2,Andhra Pradesh,1,15 to 29,NA,NA,NA,NA,4,0.1615583,0.036985599,0.004399615,0.098863758,0.287610322,0.383490682,0.225635618,statesector
137,2,Andhra Pradesh,0,NA,NA,1,NA,NA,4,0.196109399,0.034487121,0.062285904,0.203924209,0.398368359,0.270015717,0.065405808,statesector
142,2,Andhra Pradesh,1,NA,NA,NA,7+,NA,4,0.063852504,0.016149774,0.009502599,0.02341507,0.119061433,0.302264065,0.545756817,statesector
145,2,Andhra Pradesh,0,NA,NA,NA,NA,NA,4,0.222940713,0.035459932,0.079162948,0.217379063,0.389325917,0.254169136,0.059962958,statesector
147,2,Andhra Pradesh,0,30 to 45,NA,NA,NA,NA,4,0.171270043,0.038527798,0.053370073,0.200702235,0.404930562,0.28067565,0.060321499,statesector
150,2,Andhra Pradesh,1,30 to 45,NA,NA,NA,NA,4,0.060664583,0.013279075,0.009303664,0.04605199,0.166367739,0.397491395,0.380785227,statesector
152,2,Andhra Pradesh,0,NA,Primary,NA,NA,NA,4,0.22042565,0.043735739,0.051977657,0.194916755,0.456397057,0.248372555,0.048335981,statesector
154,2,Andhra Pradesh,1,NA,NA,NA,NA,1,4,0.058067031,0.009595403,0.009334199,0.046169467,0.157730743,0.346145064,0.440620512,statesector
155,2,Andhra Pradesh,1,NA,NA,NA,4 to 6,NA,4,0.056240007,0.010282117,0.005694707,0.04071971,0.151783556,0.387714863,0.414087147,statesector
161,2,Andhra Pradesh,0,46 to 64,NA,NA,NA,NA,4,0.206590995,0.025914721,0.068620749,0.206774965,0.39558363,0.257028878,0.071991771,statesector
164,2,Andhra Pradesh,0,NA,No education / Preschool,NA,NA,NA,4,0.330324262,0.053918716,0.125639647,0.292532682,0.395870626,0.169483319,0.016473692,statesector
168,2,Andhra Pradesh,0,NA,Secondary,NA,NA,NA,4,0.066626884,0.003212156,0.029537959,0.131422415,0.36479345,0.375870645,0.098375529,statesector
169,2,Andhra Pradesh,1,NA,NA,NA,1,NA,4,0.180797502,0.021415647,0.092522815,0.154459521,0.275630295,0.294408649,0.182978719,statesector
173,2,Andhra Pradesh,1,NA,Primary,NA,NA,NA,4,0.106891781,0.017268773,0.008499666,0.071270064,0.229568392,0.434105456,0.256556422,statesector
177,2,Andhra Pradesh,0,NA,NA,NA,NA,1,4,0.222433433,0.035315387,0.077479772,0.216968596,0.393051356,0.251624703,0.060875565,statesector
180,2,Andhra Pradesh,1,NA,Higher,NA,NA,NA,4,0.006112665,0,0,0,0.030766526,0.177817583,0.79141587,statesector
182,2,Andhra Pradesh,0,NA,NA,NA,2 to 3,NA,4,0.241510734,0.02238458,0.088399202,0.240234792,0.393516749,0.226257056,0.051592194,statesector
183,2,Andhra Pradesh,1,NA,NA,NA,2 to 3,NA,4,0.047257733,0.007634468,0.012234855,0.049902253,0.16394861,0.344603419,0.429310858,statesector
186,2,Andhra Pradesh,1,NA,No education / Preschool,NA,NA,NA,4,0.150228992,0.029028418,0.034319229,0.131090418,0.275827318,0.419570625,0.139192417,statesector
192,2,Andhra Pradesh,1,NA,NA,NA,NA,0,4,0.062811501,0.011487991,0.016275629,0.050147645,0.161542863,0.391091079,0.380942762,statesector
193,2,Andhra Pradesh,1,NA,Secondary,NA,NA,NA,4,0.011459804,0.000908048,0.00544319,0.011180458,0.127752393,0.398907632,0.456716329,statesector
195,2,Andhra Pradesh,1,NA,NA,NA,NA,NA,4,0,0,0,0.132063225,0.122177899,0.634060144,0.111698762,statesector
197,2,Andhra Pradesh,0,NA,NA,NA,4 to 6,NA,4,0.170850009,0.041550495,0.054100227,0.190700457,0.402554661,0.286763608,0.065881044,statesector
201,2,Andhra Pradesh,0,NA,NA,NA,NA,NA,4,0,0,0,0.089117698,0.22668159,0.684200704,0,statesector
203,2,Andhra Pradesh,0,NA,NA,NA,1,NA,4,0.593355536,0.032322202,0.310672849,0.382816344,0.195041388,0.09936139,0.012108034,statesector
205,2,Andhra Pradesh,0,NA,NA,NA,NA,0,4,0.226207539,0.036390793,0.08981099,0.21997565,0.36575821,0.27026549,0.05418966,statesector
207,2,Andhra Pradesh,0,NA,NA,NA,7+,NA,4,0.214914769,0.050135709,0.050070722,0.190659583,0.418092638,0.255272955,0.085904121,statesector
209,2,Andhra Pradesh,0,NA,Higher,NA,NA,NA,4,0.038840491,0,0.008752437,0.053325411,0.211372137,0.406810284,0.319739729,statesector
211,3,Arunachal Pradesh,0,46 to 64,NA,NA,NA,NA,4,0.29489857,0.057784501,0.266642362,0.306194484,0.26170364,0.122236863,0.043222651,statesector
212,3,Arunachal Pradesh,1,30 to 45,NA,NA,NA,NA,4,0.076498337,0.018772082,0.023870736,0.069508612,0.20284903,0.468839526,0.234932095,statesector
213,3,Arunachal Pradesh,1,15 to 29,NA,NA,NA,NA,4,0.050130308,0.01183735,0.024603222,0.079754032,0.30913493,0.468206108,0.118301727,statesector
214,3,Arunachal Pradesh,1,46 to 64,NA,NA,NA,NA,4,0.046500646,0.002715204,0.01263039,0.063453749,0.212859675,0.464886308,0.24616988,statesector
221,3,Arunachal Pradesh,0,NA,NA,NA,NA,NA,4,0,0,0,1,0,0,0,statesector
223,3,Arunachal Pradesh,0,30 to 45,NA,NA,NA,NA,4,0.293911576,0.102051757,0.238665223,0.311266422,0.253867805,0.142529517,0.05367104,statesector
224,3,Arunachal Pradesh,1,65+,NA,NA,NA,NA,4,0.185041636,0,0.037115768,0.149722219,0.282356799,0.34469837,0.186106846,statesector
234,3,Arunachal Pradesh,0,65+,NA,NA,NA,NA,4,0.377473742,0.056275211,0.313124806,0.300792187,0.249058053,0.106877573,0.03014737,statesector
236,3,Arunachal Pradesh,0,NA,NA,1,NA,NA,4,0.302659929,0.083216526,0.253926754,0.305522919,0.265314996,0.130449653,0.044785667,statesector
239,3,Arunachal Pradesh,1,NA,NA,2,NA,NA,4,0.090150669,0.019541625,0.037428297,0.060011823,0.232397452,0.516290843,0.153871566,statesector
243,3,Arunachal Pradesh,1,NA,NA,NA,NA,NA,4,NA,NA,0,0,1,0,0,statesector
249,3,Arunachal Pradesh,0,NA,NA,NA,1,NA,4,0.402573943,0.024584634,0.279803336,0.233594611,0.278384358,0.174955651,0.033262063,statesector
250,3,Arunachal Pradesh,0,NA,NA,2,NA,NA,4,0.311750352,0.064483106,0.26621291,0.277877599,0.258568853,0.156015888,0.041324724,statesector
251,3,Arunachal Pradesh,0,NA,NA,NA,2 to 3,NA,4,0.32943812,0.05342982,0.271310359,0.285065532,0.269007355,0.133215591,0.041401159,statesector
252,3,Arunachal Pradesh,0,NA,NA,NA,4 to 6,NA,4,0.266866922,0.092688292,0.241353959,0.320925713,0.263674766,0.130824968,0.043220595,statesector
253,3,Arunachal Pradesh,1,NA,NA,1,NA,NA,4,0.05997742,0.010747801,0.017906267,0.073319726,0.227452204,0.455465555,0.225856245,statesector
255,3,Arunachal Pradesh,0,NA,NA,NA,7+,NA,4,0.347811252,0.126929671,0.263654053,0.300909132,0.251779139,0.121551134,0.062106535,statesector
256,3,Arunachal Pradesh,1,NA,NA,NA,1,NA,4,0.094652317,0.00494494,0.048332158,0.093972899,0.234129205,0.506970227,0.116595514,statesector
257,3,Arunachal Pradesh,1,NA,NA,NA,2 to 3,NA,4,0.046346772,0.008878779,0.023910927,0.079124734,0.201207638,0.490207195,0.205549523,statesector
258,3,Arunachal Pradesh,1,NA,NA,NA,4 to 6,NA,4,0.059998386,0.015280261,0.014279994,0.05532974,0.246385261,0.441511124,0.242493883,statesector
259,3,Arunachal Pradesh,1,NA,NA,NA,7+,NA,4,0.102915645,0.018014997,0.004639506,0.084725611,0.232569143,0.426036298,0.252029419,statesector
260,3,Arunachal Pradesh,0,15 to 29,NA,NA,NA,NA,4,0.31780085,0.100259453,0.237726301,0.25800401,0.328748703,0.152556822,0.022964153,statesector
265,3,Arunachal Pradesh,0,NA,NA,NA,NA,1,4,0.308047831,0.08433526,0.257050842,0.324920833,0.255306751,0.120151944,0.042569641,statesector
266,3,Arunachal Pradesh,1,NA,NA,NA,NA,1,4,0.079779707,0.011621278,0.022643592,0.082522236,0.234102398,0.427343428,0.233388335,statesector
268,3,Arunachal Pradesh,0,NA,NA,NA,NA,NA,4,0.303565949,0.081349395,0.255163908,0.302739203,0.264635712,0.133024022,0.04443717,statesector
276,3,Arunachal Pradesh,1,NA,Higher,NA,NA,NA,4,0.00475746,0,0.002760872,0.008143527,0.099301115,0.460425377,0.429369092,statesector
278,3,Arunachal Pradesh,1,NA,NA,NA,NA,NA,4,0.183527961,0,0,0.206509605,0.219376415,0.291167855,0.28294611,statesector
281,3,Arunachal Pradesh,1,NA,NA,NA,NA,0,4,0.050580233,0.012483121,0.019191654,0.061300427,0.222892672,0.497907192,0.198708043,statesector
293,3,Arunachal Pradesh,1,NA,No education / Preschool,NA,NA,NA,4,0.190975845,0.042468708,0.073819965,0.168606415,0.344013989,0.357389569,0.056170069,statesector
297,3,Arunachal Pradesh,0,NA,No education / Preschool,NA,NA,NA,4,0.464861095,0.135707408,0.390072912,0.316203386,0.219165936,0.06520509,0.009352678,statesector
300,3,Arunachal Pradesh,1,NA,Secondary,NA,NA,NA,4,0.030151226,0.002314853,0.007543668,0.058115788,0.229789302,0.508565426,0.195985794,statesector
301,3,Arunachal Pradesh,0,NA,NA,NA,NA,0,4,0.292728812,0.074129634,0.250592381,0.248998716,0.287237376,0.164209813,0.048961725,statesector
306,3,Arunachal Pradesh,0,NA,NA,NA,NA,NA,4,0.283244699,0,0.028585467,0.347454518,0.223577887,0.310458988,0.089923121,statesector
308,3,Arunachal Pradesh,1,NA,Primary,NA,NA,NA,4,0.163454622,0.03996443,0.046081044,0.123995885,0.342593163,0.437322766,0.050007135,statesector
313,3,Arunachal Pradesh,0,NA,Secondary,NA,NA,NA,4,0.125256717,0.012231668,0.130719528,0.289927393,0.321507245,0.196825728,0.061020125,statesector
315,3,Arunachal Pradesh,0,NA,Higher,NA,NA,NA,4,0.031133054,0,0.006455646,0.060524464,0.286849678,0.386180371,0.259989828,statesector
317,3,Arunachal Pradesh,0,NA,Primary,NA,NA,NA,4,0.384683788,0.125466257,0.281534255,0.376466215,0.247264847,0.073613003,0.021121675,statesector
318,3,Arunachal Pradesh,1,NA,NA,NA,NA,NA,4,0.064519905,0.012071681,0.020823266,0.071331248,0.228191122,0.464554131,0.215100229,statesector
320,4,Assam,1,NA,NA,2,NA,NA,4,0.152136296,0.028811553,0.065934405,0.142448276,0.187607884,0.368930519,0.235078916,statesector
321,4,Assam,0,46 to 64,NA,NA,NA,NA,4,0.348374695,0.094420128,0.258724451,0.406877369,0.192016408,0.102185592,0.040196192,statesector
322,4,Assam,0,30 to 45,NA,NA,NA,NA,4,0.424481094,0.16072078,0.306030095,0.432660073,0.179657623,0.066296443,0.015355781,statesector
325,4,Assam,0,15 to 29,NA,NA,NA,NA,4,0.565100312,0.232338727,0.368404418,0.471892357,0.130057931,0.025184156,0.004461158,statesector
328,4,Assam,1,NA,NA,1,NA,NA,4,0.102346621,0.022974469,0.043787923,0.118073292,0.19487299,0.374847621,0.268418193,statesector
329,4,Assam,0,NA,NA,1,NA,NA,4,0.389365047,0.129747629,0.277377576,0.42889598,0.185127214,0.080703422,0.027895821,statesector
333,4,Assam,1,NA,Higher,NA,NA,NA,4,0.010784238,0,0.001376837,0.011151595,0.050133079,0.29460296,0.642735541,statesector
335,4,Assam,1,NA,NA,NA,NA,NA,4,0,0,0,0.270853192,0,0.48090601,0.248240799,statesector
336,4,Assam,0,NA,NA,2,NA,NA,4,0.467893004,0.149420381,0.33792007,0.394479126,0.160804778,0.087753676,0.019042347,statesector
337,4,Assam,1,NA,NA,NA,7+,NA,4,0.105718702,0.021713648,0.033474956,0.101976946,0.198712811,0.37132138,0.294513911,statesector
341,4,Assam,0,NA,Higher,NA,NA,NA,4,0.077159733,0.003429554,0.023202993,0.163718298,0.243110165,0.323135316,0.246833235,statesector
344,4,Assam,1,NA,NA,NA,4 to 6,NA,4,0.112765603,0.025593448,0.043843713,0.124770194,0.19361563,0.376297712,0.261472732,statesector
346,4,Assam,1,46 to 64,NA,NA,NA,NA,4,0.083601154,0.011496208,0.038265478,0.094959982,0.16650866,0.360348165,0.33991769,statesector
349,4,Assam,0,NA,Secondary,NA,NA,NA,4,0.20180431,0.019251509,0.135468274,0.410814375,0.279968619,0.136906311,0.036842417,statesector
351,4,Assam,0,NA,Primary,NA,NA,NA,4,0.488029331,0.173100725,0.308980525,0.486181855,0.156735688,0.042131498,0.005970445,statesector
352,4,Assam,0,NA,NA,NA,NA,NA,4,0.300038278,0.165978834,0.426016599,0.22248897,0.295256823,0.02361102,0.032626607,statesector
353,4,Assam,1,NA,No education / Preschool,NA,NA,NA,4,0.397121221,0.109277375,0.18575722,0.323490858,0.265733421,0.194748446,0.030270061,statesector
356,4,Assam,0,NA,NA,NA,7+,NA,4,0.439926267,0.142950907,0.269708127,0.422973961,0.187991217,0.086810052,0.032516643,statesector
357,4,Assam,1,NA,NA,NA,2 to 3,NA,4,0.101667382,0.025042752,0.049260911,0.117352411,0.184124708,0.373347104,0.275914848,statesector
358,4,Assam,1,65+,NA,NA,NA,NA,4,0.070229761,0.013181732,0.016733404,0.079701319,0.150729612,0.37332499,0.379510671,statesector
364,4,Assam,0,NA,NA,NA,NA,0,4,0.4870179,0.19873859,0.330701113,0.407054752,0.174901322,0.069759548,0.017583285,statesector
367,4,Assam,1,NA,Primary,NA,NA,NA,4,0.222563446,0.05512419,0.078595601,0.221700385,0.314364582,0.296846718,0.088492706,statesector
368,4,Assam,0,65+,NA,NA,NA,NA,4,0.337619185,0.068812758,0.226942003,0.411251724,0.201146528,0.117854141,0.042805631,statesector
369,4,Assam,0,NA,NA,NA,1,NA,4,0.696640074,0.124598742,0.542998314,0.298903793,0.110589631,0.035545241,0.011963009,statesector
370,4,Assam,1,NA,NA,NA,1,NA,4,0.138881192,0.008879559,0.081380703,0.15037784,0.236964211,0.362390131,0.168887123,statesector
372,4,Assam,1,30 to 45,NA,NA,NA,NA,4,0.134087637,0.035088092,0.056471109,0.156819373,0.222244829,0.39256531,0.171899378,statesector
375,4,Assam,0,NA,No education / Preschool,NA,NA,NA,4,0.610627413,0.252411455,0.47767511,0.431381255,0.075966157,0.013846434,0.001131036,statesector
379,4,Assam,0,NA,NA,NA,NA,1,4,0.387239546,0.122871719,0.278890014,0.426831484,0.182927459,0.083318777,0.028032241,statesector
380,4,Assam,1,NA,NA,NA,NA,0,4,0.162503749,0.035584539,0.065173469,0.166097566,0.218039289,0.370049685,0.180640012,statesector
384,4,Assam,1,15 to 29,NA,NA,NA,NA,4,0.214458406,0.057309795,0.11329148,0.181968197,0.29057917,0.357091039,0.057070125,statesector
390,4,Assam,1,NA,Secondary,NA,NA,NA,4,0.045800164,0.003249208,0.024073288,0.088573195,0.198090941,0.470545858,0.218716711,statesector
391,4,Assam,0,NA,NA,NA,NA,NA,4,0.399681658,0.132332146,0.285340339,0.424369335,0.181928232,0.081630699,0.026731379,statesector
392,4,Assam,1,NA,NA,NA,NA,NA,4,0.110193729,0.023894424,0.04727561,0.121911928,0.193728864,0.373915762,0.263167828,statesector
402,4,Assam,0,NA,NA,NA,4 to 6,NA,4,0.379380763,0.137252212,0.274021715,0.435005665,0.184751138,0.079663061,0.026558425,statesector
403,4,Assam,1,NA,NA,NA,NA,1,4,0.101229668,0.021891156,0.044166949,0.114237368,0.189506412,0.374587268,0.277502,statesector
409,4,Assam,0,NA,NA,NA,2 to 3,NA,4,0.388229877,0.113999285,0.29277879,0.41363579,0.179543018,0.088792175,0.025250224,statesector
420,5,Bihar,1,NA,NA,2,NA,NA,4,0.276777476,0.098645627,0.206625268,0.160319135,0.211916715,0.279024661,0.142114222,statesector
424,5,Bihar,0,NA,NA,1,NA,NA,4,0.530650735,0.205959007,0.561574996,0.239769787,0.12654525,0.059025664,0.013084318,statesector
427,5,Bihar,1,NA,NA,NA,7+,NA,4,0.262466609,0.095676228,0.150745988,0.198267937,0.218635827,0.285562515,0.146787733,statesector
429,5,Bihar,1,NA,NA,NA,2 to 3,NA,4,0.1654149,0.039769936,0.142871454,0.115049183,0.215460673,0.301139325,0.225479349,statesector
432,5,Bihar,1,NA,NA,1,NA,NA,4,0.19972837,0.070752464,0.13980861,0.142737761,0.212670699,0.315374494,0.189408451,statesector
433,5,Bihar,1,NA,NA,NA,4 to 6,NA,4,0.210825756,0.085853316,0.156158864,0.130735397,0.201523513,0.326258719,0.185323492,statesector
434,5,Bihar,1,NA,Secondary,NA,NA,NA,4,0.089288682,0.005824732,0.064338103,0.11287351,0.241053715,0.397709548,0.184025124,statesector
437,5,Bihar,1,NA,NA,NA,1,NA,4,0.20120202,0.005240407,0.155654073,0.179179087,0.306769013,0.255866468,0.102531359,statesector
441,5,Bihar,0,NA,NA,2,NA,NA,4,0.653910398,0.300164789,0.657569587,0.22132808,0.087384611,0.029758949,0.003958797,statesector
444,5,Bihar,0,65+,NA,NA,NA,NA,4,0.487571418,0.123411156,0.524095953,0.223878786,0.146666244,0.083837181,0.021521822,statesector
445,5,Bihar,0,NA,NA,NA,NA,NA,4,0.167462602,0.167462602,1,0,0,0,0,statesector
451,5,Bihar,0,15 to 29,NA,NA,NA,NA,4,0.763877988,0.430695057,0.69249332,0.212224811,0.074290022,0.018665219,0.002326653,statesector
452,5,Bihar,0,30 to 45,NA,NA,NA,NA,4,0.586035252,0.276116103,0.618744373,0.233710855,0.100432225,0.040465027,0.006647553,statesector
454,5,Bihar,0,46 to 64,NA,NA,NA,NA,4,0.499566019,0.157941163,0.540384769,0.249880627,0.13564302,0.060727224,0.013364366,statesector
456,5,Bihar,1,NA,Primary,NA,NA,NA,4,0.357274771,0.135716885,0.223547935,0.21952033,0.258336544,0.253413022,0.045182161,statesector
468,5,Bihar,0,NA,NA,NA,NA,NA,4,0.383492798,0.161449462,0.576495409,0.254990399,0.107012391,0.061501812,0,statesector
474,5,Bihar,0,NA,NA,NA,NA,0,4,0.572332799,0.240033001,0.639359713,0.213504285,0.097572833,0.042296808,0.007266373,statesector
475,5,Bihar,0,NA,NA,NA,NA,1,4,0.559215486,0.227150723,0.570304215,0.241420418,0.122173131,0.054311063,0.011791151,statesector
476,5,Bihar,1,NA,NA,NA,NA,0,4,0.214628205,0.076437533,0.16179873,0.137436286,0.226669833,0.33198759,0.142107576,statesector
479,5,Bihar,1,NA,NA,NA,NA,NA,4,0.214028001,0.075929187,0.152193546,0.145996585,0.212530941,0.308636785,0.180642143,statesector
481,5,Bihar,0,NA,Primary,NA,NA,NA,4,0.631390572,0.30558461,0.627208829,0.258630544,0.083302028,0.027650032,0.003208558,statesector
486,5,Bihar,1,15 to 29,NA,NA,NA,NA,4,0.313498765,0.129446477,0.188882887,0.155206382,0.321888477,0.290969253,0.043053012,statesector
488,5,Bihar,0,NA,NA,NA,7+,NA,4,0.587884068,0.241261229,0.53559196,0.253516793,0.131470129,0.064942077,0.014479047,statesector
491,5,Bihar,1,65+,NA,NA,NA,NA,4,0.192731693,0.043279272,0.127302617,0.125830665,0.178335935,0.338499635,0.230031148,statesector
493,5,Bihar,0,NA,No education / Preschool,NA,NA,NA,4,0.732056558,0.350446135,0.753771901,0.183115706,0.051239558,0.010749673,0.001123192,statesector
494,5,Bihar,1,NA,NA,NA,NA,1,4,0.21381256,0.07574673,0.148715898,0.149095923,0.207411841,0.300182432,0.194593892,statesector
498,5,Bihar,0,NA,NA,NA,1,NA,4,0.744843125,0.066590421,0.711347997,0.159555122,0.08942987,0.03520558,0.004461462,statesector
499,5,Bihar,0,NA,NA,NA,2 to 3,NA,4,0.530429304,0.159998715,0.6102525,0.21385619,0.116664112,0.04966262,0.009564589,statesector
500,5,Bihar,1,NA,Higher,NA,NA,NA,4,0.011939917,0.001995589,0.00440012,0.028897405,0.098722301,0.387191951,0.480788231,statesector
501,5,Bihar,1,NA,NA,NA,NA,NA,4,0.061774794,0,0.25769788,0.1075752,0.231557831,0.403169066,0,statesector
503,5,Bihar,0,NA,NA,NA,NA,NA,4,0.562153757,0.230036333,0.585989892,0.235079393,0.116585284,0.051582079,0.010763369,statesector
505,5,Bihar,0,NA,Higher,NA,NA,NA,4,0.137375668,0.005651374,0.118810676,0.229953513,0.316597104,0.252821684,0.081817009,statesector
511,5,Bihar,1,46 to 64,NA,NA,NA,NA,4,0.158737168,0.040895943,0.122240447,0.142225713,0.185945004,0.302868634,0.24672021,statesector
514,5,Bihar,1,30 to 45,NA,NA,NA,NA,4,0.242200196,0.1022164,0.176000312,0.15342544,0.219391942,0.307850033,0.143332273,statesector
516,5,Bihar,0,NA,NA,NA,4 to 6,NA,4,0.551033556,0.259814709,0.597810209,0.237086594,0.109758645,0.045831893,0.009512648,statesector
518,5,Bihar,0,NA,Secondary,NA,NA,NA,4,0.324519336,0.03660664,0.371527702,0.308052033,0.205522388,0.096346848,0.018551016,statesector
520,5,Bihar,1,NA,No education / Preschool,NA,NA,NA,4,0.483201623,0.208296821,0.354437411,0.246433511,0.229095206,0.142754257,0.027279614,statesector
526,6,Chandigarh,1,NA,NA,NA,1,NA,4,0.057343125,0,0.051718365,0.051357828,0.056186099,0.384430021,0.456307709,statesector
527,6,Chandigarh,0,NA,NA,NA,7+,NA,4,0.200000003,0.200000003,0,0,0.166666672,0,0.833333313,statesector
531,6,Chandigarh,1,NA,No education / Preschool,NA,NA,NA,4,0.111273095,0.01089807,0.022697687,0.076912932,0.127783075,0.199325264,0.57328105,statesector
532,6,Chandigarh,1,NA,Secondary,NA,NA,NA,4,0.016636703,0.003501754,0.003016035,0.015451814,0.053145226,0.174415991,0.753970921,statesector
534,6,Chandigarh,1,NA,NA,2,NA,NA,4,0.035238314,0.01897271,0,0.013025402,0.041970648,0.089798331,0.855205595,statesector
535,6,Chandigarh,1,NA,NA,NA,2 to 3,NA,4,0.028441155,0.013114333,0,0.036879547,0.056935012,0.10963878,0.796546638,statesector
537,6,Chandigarh,1,15 to 29,NA,NA,NA,NA,4,0.164788783,0.052302688,0.033844817,0.04350343,0.111225799,0.35828203,0.453143924,statesector
538,6,Chandigarh,1,NA,Higher,NA,NA,NA,4,0,0,0,0,0.009239141,0.0149914,0.97576946,statesector
540,6,Chandigarh,1,NA,NA,NA,4 to 6,NA,4,0.034751233,0.007905025,0.004969977,0.014808516,0.047904596,0.115412794,0.816904128,statesector
541,6,Chandigarh,1,NA,NA,NA,7+,NA,4,0.061615802,0.014632752,0.012641404,0.027066065,0.03393425,0.107452974,0.818905294,statesector
543,6,Chandigarh,1,NA,NA,1,NA,NA,4,0.037546318,0.008411649,0.008009273,0.025598923,0.050354134,0.133405432,0.782632232,statesector
544,6,Chandigarh,0,NA,Secondary,NA,NA,NA,4,0,0,0,0,0.25,0.125,0.625,statesector
545,6,Chandigarh,1,NA,Primary,NA,NA,NA,4,0.129262298,0.06171773,0.028865403,0.076268822,0.067901172,0.222537667,0.60442692,statesector
555,6,Chandigarh,0,NA,NA,2,NA,NA,4,0,0,0,0,0,0,1,statesector
559,6,Chandigarh,0,65+,NA,NA,NA,NA,4,0,0,0,0,0,0,1,statesector
562,6,Chandigarh,1,30 to 45,NA,NA,NA,NA,4,0.039357614,0.011567288,0.010416145,0.036892951,0.064727388,0.184948429,0.703015089,statesector
563,6,Chandigarh,0,NA,NA,NA,2 to 3,NA,4,1,0,0,0,0,1,0,statesector
569,6,Chandigarh,0,NA,NA,1,NA,NA,4,0.315789461,0.052631579,0.050000001,0.100000001,0.200000003,0.100000001,0.550000012,statesector
570,6,Chandigarh,0,15 to 29,NA,NA,NA,NA,4,0.5,0,0,0,1,0,0,statesector
571,6,Chandigarh,0,46 to 64,NA,NA,NA,NA,4,0.142857149,0,0,0,0,0.125,0.875,statesector
575,6,Chandigarh,0,NA,NA,NA,1,NA,4,0.5,0,0.5,0,0,0,0.5,statesector
579,6,Chandigarh,1,46 to 64,NA,NA,NA,NA,4,0.017372698,0,0,0.017177196,0.036987461,0.046286527,0.899548829,statesector
581,6,Chandigarh,1,65+,NA,NA,NA,NA,4,0,0,0,0,0.007758677,0.050708484,0.94153285,statesector
585,6,Chandigarh,0,NA,NA,NA,NA,NA,4,0.300000012,0.050000001,0.047619049,0.095238097,0.190476194,0.095238097,0.571428597,statesector
587,6,Chandigarh,0,NA,NA,NA,NA,0,4,0.5,0.25,0,0.25,0.25,0.25,0.25,statesector
588,6,Chandigarh,0,NA,NA,NA,NA,1,4,0.25,0,0.05882353,0.05882353,0.176470593,0.05882353,0.647058845,statesector
595,6,Chandigarh,1,NA,NA,NA,NA,NA,4,0.037285395,0.009605579,0.0070749,0.024132079,0.049376104,0.128318176,0.791098773,statesector
597,6,Chandigarh,0,NA,Primary,NA,NA,NA,4,0.200000003,0,0,0.200000003,0,0,0.800000012,statesector
606,6,Chandigarh,0,NA,NA,NA,4 to 6,NA,4,0.25,0,0,0.166666672,0.25,0.083333336,0.5,statesector
607,6,Chandigarh,0,30 to 45,NA,NA,NA,NA,4,0.400000006,0.100000001,0.100000001,0.200000003,0.200000003,0.100000001,0.400000006,statesector
608,6,Chandigarh,1,NA,NA,NA,NA,1,4,0.026139148,0.003517548,0.005229745,0.019426541,0.028599959,0.09632235,0.850421429,statesector
610,6,Chandigarh,0,NA,No education / Preschool,NA,NA,NA,4,0.714285731,0.142857149,0.125,0.125,0.25,0.125,0.375,statesector
611,6,Chandigarh,1,NA,NA,NA,NA,0,4,0.076671004,0.031117819,0.014043495,0.041903466,0.127841339,0.249156713,0.567054987,statesector
627,7,Chhattisgarh,0,65+,NA,NA,NA,NA,4,0.515581131,0.06103345,0.487578899,0.247441903,0.129009664,0.077114925,0.058854606,statesector
629,7,Chhattisgarh,0,NA,NA,NA,2 to 3,NA,4,0.532065272,0.106091939,0.56806004,0.249101743,0.105133936,0.051045146,0.026659116,statesector
630,7,Chhattisgarh,1,NA,NA,NA,NA,NA,4,0.124508493,0.023540221,0.056841493,0.105389208,0.165436715,0.244966283,0.427366287,statesector
632,7,Chhattisgarh,0,46 to 64,NA,NA,NA,NA,4,0.446201652,0.07697513,0.414099693,0.286580265,0.163414553,0.088172726,0.047732767,statesector
634,7,Chhattisgarh,0,30 to 45,NA,NA,NA,NA,4,0.418858945,0.126044601,0.42796424,0.301617116,0.153032094,0.079844035,0.037542511,statesector
637,7,Chhattisgarh,0,15 to 29,NA,NA,NA,NA,4,0.635903299,0.221057653,0.50573355,0.303417951,0.129960522,0.05021802,0.010669955,statesector
648,7,Chhattisgarh,0,NA,NA,NA,NA,0,4,0.478298128,0.123320617,0.456320286,0.278752983,0.1476091,0.082464628,0.034853011,statesector
655,7,Chhattisgarh,0,NA,NA,1,NA,NA,4,0.449473143,0.107676595,0.419188321,0.292960793,0.159718096,0.084570974,0.043561786,statesector
656,7,Chhattisgarh,0,NA,NA,NA,NA,NA,4,0.463527799,0.107055441,0.438400626,0.288490683,0.151471034,0.0798117,0.041825958,statesector
660,7,Chhattisgarh,0,NA,NA,2,NA,NA,4,0.560032189,0.102790363,0.571108758,0.25761354,0.094504707,0.046937238,0.029835777,statesector
662,7,Chhattisgarh,0,NA,Secondary,NA,NA,NA,4,0.297918081,0.025183838,0.260415614,0.326111943,0.217411205,0.129892528,0.066168718,statesector
664,7,Chhattisgarh,0,NA,No education / Preschool,NA,NA,NA,4,0.614472091,0.171998978,0.64291352,0.241101876,0.082725488,0.026576495,0.006682601,statesector
665,7,Chhattisgarh,1,NA,NA,NA,NA,1,4,0.128285468,0.021913825,0.053044286,0.113627583,0.161098152,0.232659295,0.439570695,statesector
667,7,Chhattisgarh,1,NA,NA,NA,7+,NA,4,0.117579982,0.014298785,0.025847582,0.079204567,0.153900951,0.228412211,0.512634695,statesector
670,7,Chhattisgarh,1,65+,NA,NA,NA,NA,4,0.148003519,0.010814123,0.070884749,0.12544091,0.127142251,0.169859394,0.50667274,statesector
671,7,Chhattisgarh,1,NA,NA,1,NA,NA,4,0.112842701,0.023586031,0.047690704,0.096139133,0.161823764,0.247340545,0.447005838,statesector
674,7,Chhattisgarh,0,NA,Primary,NA,NA,NA,4,0.514644921,0.133245438,0.435954869,0.326322168,0.158234775,0.060215883,0.019272327,statesector
676,7,Chhattisgarh,0,NA,NA,NA,1,NA,4,0.847741723,0.074051537,0.799564958,0.130521432,0.041445982,0.0170484,0.011419249,statesector
679,7,Chhattisgarh,1,15 to 29,NA,NA,NA,NA,4,0.208908767,0.060626142,0.089840777,0.164666131,0.247941896,0.309561253,0.187989965,statesector
686,7,Chhattisgarh,1,NA,NA,2,NA,NA,4,0.191987321,0.023275236,0.109702565,0.158823848,0.186307549,0.231250972,0.313915074,statesector
687,7,Chhattisgarh,1,NA,NA,NA,NA,0,4,0.111905426,0.028967196,0.069550909,0.077815048,0.17995806,0.286158293,0.386517674,statesector
692,7,Chhattisgarh,1,NA,NA,NA,NA,NA,4,0,0,0,0.128693327,0.285630137,0.338139266,0.24753727,statesector
703,7,Chhattisgarh,0,NA,NA,NA,4 to 6,NA,4,0.412336886,0.109303348,0.405295491,0.3117432,0.162239701,0.078949839,0.041771743,statesector
704,7,Chhattisgarh,1,46 to 64,NA,NA,NA,NA,4,0.090841249,0.009732177,0.052131891,0.076434113,0.132581249,0.226188689,0.51266402,statesector
707,7,Chhattisgarh,1,30 to 45,NA,NA,NA,NA,4,0.12989001,0.030759141,0.0499948,0.113174044,0.186051279,0.266057134,0.384722739,statesector
709,7,Chhattisgarh,0,NA,NA,NA,NA,1,4,0.462150335,0.105538569,0.436712503,0.289408028,0.151834846,0.079561785,0.042482842,statesector
713,7,Chhattisgarh,0,NA,Higher,NA,NA,NA,4,0.109944627,0.017625146,0.047835067,0.157912493,0.203474656,0.285073996,0.305703789,statesector
714,7,Chhattisgarh,1,NA,Higher,NA,NA,NA,4,0.01990173,0,0,0.012476784,0.040228169,0.159051538,0.788243532,statesector
715,7,Chhattisgarh,1,NA,NA,NA,1,NA,4,0.268286169,0.018711463,0.217466891,0.143460497,0.207015097,0.236032054,0.196025461,statesector
721,7,Chhattisgarh,1,NA,NA,NA,2 to 3,NA,4,0.133375004,0.025149297,0.079113446,0.113501348,0.165277958,0.247164831,0.394942433,statesector
722,7,Chhattisgarh,1,NA,NA,NA,4 to 6,NA,4,0.110297307,0.025501404,0.041386038,0.10506238,0.165050477,0.248743832,0.439757288,statesector
723,7,Chhattisgarh,0,NA,NA,NA,7+,NA,4,0.446747005,0.108678594,0.292897642,0.302722245,0.202637196,0.133439317,0.0683036,statesector
725,7,Chhattisgarh,1,NA,No education / Preschool,NA,NA,NA,4,0.313845128,0.055661984,0.193405151,0.223424718,0.240710795,0.214224085,0.128235266,statesector
726,7,Chhattisgarh,1,NA,Primary,NA,NA,NA,4,0.228280231,0.066747978,0.079858676,0.168862015,0.258467644,0.279577106,0.213234544,statesector
728,7,Chhattisgarh,0,NA,NA,NA,NA,NA,4,0.36773029,0.014694921,0.395520091,0.422717243,0.109190069,0.043043461,0.029529126,statesector
731,7,Chhattisgarh,1,NA,Secondary,NA,NA,NA,4,0.060313676,0.004465782,0.023378992,0.079073578,0.158206969,0.283959359,0.455381095,statesector
736,8,Dadra and Nagar Haveli,1,NA,NA,NA,1,NA,4,0,0,0,0.177768335,0.314421505,0.269471765,0.238338411,statesector
743,8,Dadra and Nagar Haveli,1,46 to 64,NA,NA,NA,NA,4,0.049860515,0,0.009410208,0.052743919,0.057787348,0.35140118,0.528657377,statesector
744,8,Dadra and Nagar Haveli,0,NA,NA,NA,7+,NA,4,0.638155937,0.150012136,0.375277936,0.433375716,0.118758298,0.072588056,0,statesector
745,8,Dadra and Nagar Haveli,1,NA,Primary,NA,NA,NA,4,0.07269568,0,0,0.094445676,0.187333256,0.551599979,0.166621059,statesector
746,8,Dadra and Nagar Haveli,1,NA,NA,NA,2 to 3,NA,4,0.049709037,0,0.028053176,0.049479019,0.233219266,0.36409229,0.325156271,statesector
751,8,Dadra and Nagar Haveli,0,NA,NA,NA,NA,NA,4,0.532482028,0.133234486,0.37125358,0.336305469,0.189558059,0.075370997,0.027511897,statesector
754,8,Dadra and Nagar Haveli,0,30 to 45,NA,NA,NA,NA,4,0.468881726,0.124815248,0.284266144,0.374001265,0.219166338,0.103505448,0.019060824,statesector
755,8,Dadra and Nagar Haveli,1,NA,NA,1,NA,NA,4,0.035214555,0.006816082,0.009396036,0.084248297,0.200198963,0.366599828,0.339556873,statesector
758,8,Dadra and Nagar Haveli,0,65+,NA,NA,NA,NA,4,0.76684463,0.216795728,0.494233966,0.281961679,0.192024648,0.031779703,0,statesector
759,8,Dadra and Nagar Haveli,1,NA,NA,NA,NA,1,4,0.067034908,0,0.016068116,0.052923165,0.097107008,0.289621145,0.544280529,statesector
760,8,Dadra and Nagar Haveli,1,NA,NA,NA,4 to 6,NA,4,0.042408146,0.005685191,0.004676403,0.08716879,0.161680982,0.376301706,0.370172113,statesector
761,8,Dadra and Nagar Haveli,0,NA,NA,NA,4 to 6,NA,4,0.515428066,0.168316081,0.371375591,0.3348158,0.184109733,0.081349254,0.028349612,statesector
762,8,Dadra and Nagar Haveli,0,15 to 29,NA,NA,NA,NA,4,0.522303283,0.113945857,0.354104936,0.339767605,0.260235965,0.045891486,0,statesector
763,8,Dadra and Nagar Haveli,0,NA,Secondary,NA,NA,NA,4,0.349666804,0.058175322,0.170997187,0.331146747,0.275027841,0.171142712,0.051685523,statesector
764,8,Dadra and Nagar Haveli,0,NA,Higher,NA,NA,NA,4,0.199659511,0,0,0.132994175,0.403605282,0.270307511,0.193093017,statesector
765,8,Dadra and Nagar Haveli,1,NA,NA,NA,NA,NA,4,0.044699274,0.006108762,0.011684593,0.078772016,0.187754929,0.36738658,0.354401886,statesector
767,8,Dadra and Nagar Haveli,0,NA,NA,1,NA,NA,4,0.528383553,0.131282508,0.362128526,0.343109339,0.196467564,0.073953502,0.024341062,statesector
768,8,Dadra and Nagar Haveli,1,NA,Secondary,NA,NA,NA,4,0.017340293,0,0.005420413,0.100841038,0.22633402,0.396620482,0.27078405,statesector
770,8,Dadra and Nagar Haveli,1,NA,NA,NA,7+,NA,4,0.076400995,0.041449413,0,0.066352569,0.074152783,0.396830052,0.462664574,statesector
772,8,Dadra and Nagar Haveli,1,NA,NA,NA,NA,NA,4,0,0,0,1,0,0,0,statesector
774,8,Dadra and Nagar Haveli,0,NA,NA,NA,2 to 3,NA,4,0.434974164,0.050876513,0.381472886,0.229237303,0.252812296,0.074617028,0.061860468,statesector
779,8,Dadra and Nagar Haveli,0,NA,NA,NA,NA,NA,4,0.591138542,0.194846407,0.286799222,0.571932971,0.141267791,0,0,statesector
780,8,Dadra and Nagar Haveli,1,NA,No education / Preschool,NA,NA,NA,4,0.349820137,0.045128904,0.126763329,0.113128141,0.283571333,0.308802545,0.167734653,statesector
782,8,Dadra and Nagar Haveli,1,30 to 45,NA,NA,NA,NA,4,0.044307064,0.013851982,0,0.067705058,0.226802662,0.412649184,0.292843103,statesector
783,8,Dadra and Nagar Haveli,1,NA,NA,2,NA,NA,4,0.126614019,0,0.031457502,0.031457502,0.080239683,0.374183983,0.482661337,statesector
789,8,Dadra and Nagar Haveli,0,NA,Primary,NA,NA,NA,4,0.593838871,0.178915054,0.415284753,0.37108773,0.162404403,0.025337739,0.025885386,statesector
793,8,Dadra and Nagar Haveli,0,46 to 64,NA,NA,NA,NA,4,0.554851711,0.130272329,0.454562664,0.30219382,0.121616945,0.064567253,0.05705931,statesector
795,8,Dadra and Nagar Haveli,0,NA,NA,2,NA,NA,4,0.573096633,0.152577922,0.461879939,0.26873225,0.120935462,0.089448981,0.05900339,statesector
802,8,Dadra and Nagar Haveli,0,NA,NA,NA,1,NA,4,0.593342125,0,0.247459844,0.292483717,0.460056454,0,0,statesector
812,8,Dadra and Nagar Haveli,1,NA,NA,NA,NA,0,4,0.032470424,0.009453333,0.009222577,0.093290083,0.238667533,0.411063701,0.247756109,statesector
815,8,Dadra and Nagar Haveli,1,65+,NA,NA,NA,NA,4,0.105237275,0,0.096707717,0,0,0.173349261,0.729943037,statesector
817,8,Dadra and Nagar Haveli,0,NA,No education / Preschool,NA,NA,NA,4,0.658713996,0.173702389,0.52591604,0.327387273,0.127336919,0.019359754,0,statesector
818,8,Dadra and Nagar Haveli,1,15 to 29,NA,NA,NA,NA,4,0.017673122,0,0.015920965,0.171743974,0.366224229,0.348487735,0.097623102,statesector
822,8,Dadra and Nagar Haveli,1,NA,Higher,NA,NA,NA,4,0.01111972,0.01111972,0,0.010558018,0.090464436,0.247743234,0.651234329,statesector
823,8,Dadra and Nagar Haveli,0,NA,NA,NA,NA,1,4,0.605460346,0.149932057,0.420244843,0.351710379,0.136173338,0.060520355,0.031351075,statesector
833,8,Dadra and Nagar Haveli,0,NA,NA,NA,NA,0,4,0.264178276,0.071846128,0.184327245,0.277528018,0.393247604,0.132033661,0.012863502,statesector
837,9,Daman and Diu,1,NA,NA,NA,4 to 6,NA,4,0.062921979,0.007586839,0.00294404,0.104407474,0.160544366,0.316028506,0.416075617,statesector
838,9,Daman and Diu,1,NA,NA,NA,2 to 3,NA,4,0.048515178,0.009136511,0.003353059,0.220899358,0.286578327,0.241007879,0.248161376,statesector
839,9,Daman and Diu,1,NA,No education / Preschool,NA,NA,NA,4,0.206899464,0.045662776,0.013228957,0.267636865,0.222464636,0.328015506,0.16865404,statesector
842,9,Daman and Diu,0,NA,NA,NA,NA,NA,4,0,0,0,0,0,1,0,statesector
844,9,Daman and Diu,1,30 to 45,NA,NA,NA,NA,4,0.087585799,0.02044476,0.002841507,0.161590263,0.238180444,0.343726814,0.253660977,statesector
846,9,Daman and Diu,1,NA,NA,NA,NA,NA,4,0.055056848,0.009784848,0.002634406,0.174155995,0.21771118,0.282853872,0.322644532,statesector
849,9,Daman and Diu,0,NA,NA,NA,NA,1,4,0.037939064,0.002547119,0.006894567,0.036578383,0.197079614,0.520656645,0.23879078,statesector
850,9,Daman and Diu,1,NA,NA,NA,NA,0,4,0.071213424,0.014977068,0.001856941,0.254817814,0.311748534,0.295757651,0.135819092,statesector
852,9,Daman and Diu,0,65+,NA,NA,NA,NA,4,0.117721781,0.009764554,0,0.098305434,0.245764509,0.411966175,0.243963867,statesector
855,9,Daman and Diu,0,NA,NA,NA,NA,NA,4,0.053287908,0.010455942,0.005257806,0.099808253,0.266292065,0.462318748,0.16632314,statesector
858,9,Daman and Diu,1,NA,NA,1,NA,NA,4,0.056236904,0.009819202,0.002636691,0.193741575,0.237210885,0.260830492,0.305580348,statesector
859,9,Daman and Diu,1,NA,NA,2,NA,NA,4,0.046584141,0.009538192,0.002618772,0.040173233,0.084315866,0.433513284,0.439378828,statesector
860,9,Daman and Diu,1,NA,Higher,NA,NA,NA,4,0.02531185,0,0,0.031949375,0.095987692,0.303890228,0.568172693,statesector
863,9,Daman and Diu,1,NA,NA,NA,7+,NA,4,0.120332196,0.048948877,0,0.120423444,0.03038818,0.362082899,0.487105459,statesector
864,9,Daman and Diu,1,15 to 29,NA,NA,NA,NA,4,0.037468549,0,0,0.369839042,0.388886601,0.186611116,0.054663252,statesector
865,9,Daman and Diu,0,NA,NA,NA,2 to 3,NA,4,0.030390311,0.005337306,0,0.14959459,0.258153826,0.463691652,0.128559932,statesector
867,9,Daman and Diu,0,NA,NA,NA,4 to 6,NA,4,0.062181845,0.019956255,0.001159552,0.073904783,0.296376795,0.452555001,0.176003873,statesector
870,9,Daman and Diu,0,NA,NA,NA,7+,NA,4,0,0,0,0.03398934,0.133146584,0.581756651,0.251107395,statesector
871,9,Daman and Diu,1,NA,NA,NA,1,NA,4,0.018078344,0,0,0.281673074,0.261644781,0.281383842,0.175298303,statesector
879,9,Daman and Diu,0,NA,NA,NA,1,NA,4,0.207684547,0,0.063612871,0.167553514,0.407559872,0.261657178,0.099616557,statesector
880,9,Daman and Diu,0,46 to 64,NA,NA,NA,NA,4,0.019189589,0,0.001354722,0.035971068,0.18088685,0.578033864,0.203753516,statesector
881,9,Daman and Diu,0,NA,NA,NA,NA,0,4,0.087693788,0.028184315,0.001624933,0.240150198,0.419912636,0.33283475,0.005477467,statesector
883,9,Daman and Diu,1,46 to 64,NA,NA,NA,NA,4,0.012821817,0.004952369,0,0.057299834,0.086999506,0.277102053,0.578598619,statesector
884,9,Daman and Diu,1,65+,NA,NA,NA,NA,4,0.06015392,0,0.013923579,0.040544175,0.038271472,0.271204859,0.636055946,statesector
888,9,Daman and Diu,1,NA,Secondary,NA,NA,NA,4,0.021672238,0.002612345,0.001846968,0.191003323,0.24875395,0.270215333,0.288180441,statesector
892,9,Daman and Diu,0,30 to 45,NA,NA,NA,NA,4,0.064560309,0.023933658,0.013234982,0.067598432,0.321880937,0.466514468,0.130771175,statesector
893,9,Daman and Diu,0,NA,NA,2,NA,NA,4,0.099012099,0,0.002142563,0.098178878,0.268600792,0.54600656,0.085071236,statesector
899,9,Daman and Diu,0,NA,Higher,NA,NA,NA,4,0,0,0,0.181621462,0,0.320042014,0.498336524,statesector
900,9,Daman and Diu,1,NA,Primary,NA,NA,NA,4,0.098935753,0.019425072,0,0.15796259,0.193875894,0.274995357,0.373166174,statesector
903,9,Daman and Diu,1,NA,NA,NA,NA,NA,4,0,0,0,0.166567668,0.24014239,0.386082381,0.20720759,statesector
906,9,Daman and Diu,0,15 to 29,NA,NA,NA,NA,4,0.017303947,0,0,0.487801731,0.434906721,0.073092975,0.004198579,statesector
907,9,Daman and Diu,0,NA,No education / Preschool,NA,NA,NA,4,0.128680244,0.006446538,0.001758287,0.112268545,0.381508887,0.444309026,0.060155232,statesector
908,9,Daman and Diu,0,NA,Primary,NA,NA,NA,4,0.05889539,0.029669454,0,0.099330172,0.185999513,0.566151798,0.148518503,statesector
909,9,Daman and Diu,0,NA,Secondary,NA,NA,NA,4,0.002203125,0,0.012348468,0.083252199,0.266808718,0.409977704,0.227612913,statesector
911,9,Daman and Diu,0,NA,NA,1,NA,NA,4,0.039503183,0.013608152,0.006217774,0.100310348,0.265580624,0.436530203,0.19136104,statesector
912,9,Daman and Diu,1,NA,NA,NA,NA,1,4,0.024609439,0,0.004035969,0.028744102,0.048186738,0.259591818,0.659441411,statesector
942,10,Goa,1,NA,NA,1,NA,NA,4,0.041061021,0.004686094,0.001859207,0.038728442,0.109989494,0.252379149,0.597043693,statesector
943,10,Goa,0,NA,NA,NA,NA,NA,4,0.078030951,0.007985612,0.004950666,0.081697814,0.140771002,0.3166655,0.455915004,statesector
945,10,Goa,1,NA,NA,2,NA,NA,4,0.025953101,0,0,0.029456344,0.10810373,0.271181166,0.591258764,statesector
953,10,Goa,0,NA,NA,2,NA,NA,4,0.081414141,0.015188081,0.006667236,0.087167151,0.11530377,0.332997411,0.457864434,statesector
958,10,Goa,1,NA,NA,NA,NA,NA,4,0.037991535,0.003734017,0.001479627,0.036835428,0.109604493,0.256217808,0.595862627,statesector
963,10,Goa,1,NA,Primary,NA,NA,NA,4,0.073084235,0.006547127,0.008222513,0.030976852,0.159160078,0.359028161,0.44261238,statesector
964,10,Goa,1,NA,Secondary,NA,NA,NA,4,0.003400845,0,0,0.018192593,0.109103143,0.25655809,0.616146207,statesector
967,10,Goa,0,15 to 29,NA,NA,NA,NA,4,0.025781022,0,0,0.427639872,0.258872986,0.132784292,0.18070285,statesector
969,10,Goa,1,NA,Higher,NA,NA,NA,4,0.008475857,0,0,0.008475857,0.00460329,0.071692616,0.915228248,statesector
972,10,Goa,1,NA,NA,NA,1,NA,4,0.08144705,0,0,0.156849518,0.130634218,0.250381082,0.462135166,statesector
976,10,Goa,0,NA,NA,1,NA,NA,4,0.076877654,0.005530355,0.004354922,0.079799652,0.149609536,0.310997427,0.455238432,statesector
978,10,Goa,0,NA,NA,NA,4 to 6,NA,4,0.066113628,0.002263226,0,0.058075305,0.153046876,0.339313179,0.449564636,statesector
983,10,Goa,0,46 to 64,NA,NA,NA,NA,4,0.072120756,0,0.007047347,0.07127206,0.139189199,0.312049478,0.470441908,statesector
984,10,Goa,0,NA,NA,NA,7+,NA,4,0.085807949,0,0,0.036674291,0.06989225,0.386370301,0.50706315,statesector
985,10,Goa,0,NA,NA,NA,2 to 3,NA,4,0.089345776,0.013984063,0.014724349,0.119452775,0.120355375,0.264782816,0.480684668,statesector
986,10,Goa,0,30 to 45,NA,NA,NA,NA,4,0.105106957,0.025290916,0,0.107809611,0.166483119,0.388023347,0.337683946,statesector
988,10,Goa,1,NA,NA,NA,7+,NA,4,0.08793278,0,0.02330018,0.02140625,0.06715738,0.295025468,0.59311074,statesector
994,10,Goa,0,NA,NA,NA,NA,0,4,0.100264348,0.004872915,0.003382341,0.115169965,0.165780202,0.350333095,0.365334421,statesector
999,10,Goa,0,NA,No education / Preschool,NA,NA,NA,4,0.156026155,0.018291613,0.008125369,0.151512668,0.204189911,0.36282289,0.273349166,statesector
1001,10,Goa,1,NA,NA,NA,4 to 6,NA,4,0.037754167,0.005033225,0,0.026016584,0.104301177,0.247502148,0.622180104,statesector
1007,10,Goa,0,NA,NA,NA,NA,NA,4,0,0,0.199108884,0.257164448,0,0,0.543726683,statesector
1009,10,Goa,0,NA,NA,NA,NA,1,4,0.066961981,0.00953528,0.005739993,0.064851508,0.12818405,0.299720854,0.501503587,statesector
1013,10,Goa,1,NA,NA,NA,2 to 3,NA,4,0.021602057,0.003229818,0,0.033011671,0.120711803,0.262735397,0.583541155,statesector
1016,10,Goa,0,NA,Secondary,NA,NA,NA,4,0.021955548,0.003372907,0.004368889,0.04561286,0.111474559,0.341797769,0.496745914,statesector
1021,10,Goa,0,65+,NA,NA,NA,NA,4,0.067916155,0.006478506,0.006367889,0.043408245,0.108991191,0.276425958,0.5648067,statesector
1023,10,Goa,1,NA,NA,NA,NA,0,4,0.056540523,0.004806382,0.004784478,0.067163192,0.209470496,0.333995253,0.384586602,statesector
1025,10,Goa,0,NA,Higher,NA,NA,NA,4,0,0,0,0,0.063029453,0.017911673,0.919058859,statesector
1027,10,Goa,0,NA,Primary,NA,NA,NA,4,0.145319134,0.010534435,0,0.111246489,0.168735936,0.315214545,0.404803038,statesector
1029,10,Goa,1,30 to 45,NA,NA,NA,NA,4,0.036845218,0.00683267,0,0.04938858,0.146643549,0.329699576,0.474268287,statesector
1031,10,Goa,1,NA,No education / Preschool,NA,NA,NA,4,0.142704621,0.016799137,0,0.136200219,0.172385409,0.344087988,0.347326398,statesector
1034,10,Goa,1,46 to 64,NA,NA,NA,NA,4,0.021643881,0,0.003347741,0.012692465,0.077506706,0.228222415,0.678230643,statesector
1036,10,Goa,0,NA,NA,NA,1,NA,4,0.112658367,0.040511187,0,0.151269972,0.266629905,0.307522178,0.274577945,statesector
1038,10,Goa,1,15 to 29,NA,NA,NA,NA,4,0.152307123,0.025049098,0,0.159946412,0.318537354,0.321736485,0.199779749,statesector
1042,10,Goa,1,NA,NA,NA,NA,1,4,0.029617514,0.003249893,0,0.023257278,0.064893134,0.221395805,0.690453768,statesector
1046,10,Goa,1,65+,NA,NA,NA,NA,4,0.042654198,0,0,0.032649502,0.049441971,0.16515784,0.752750695,statesector
1048,11,Gujarat,1,NA,NA,1,NA,NA,4,0.059231162,0.014193232,0.013542508,0.042462192,0.109852888,0.261260271,0.572882116,statesector
1049,11,Gujarat,0,NA,NA,1,NA,NA,4,0.302926332,0.069872238,0.14119786,0.253626704,0.277084857,0.240050077,0.088040516,statesector
1050,11,Gujarat,1,NA,NA,2,NA,NA,4,0.084624693,0.011312713,0.023518937,0.053039078,0.148177743,0.291113675,0.484150559,statesector
1052,11,Gujarat,0,NA,NA,2,NA,NA,4,0.403300583,0.080790788,0.222534195,0.30333215,0.251734614,0.175163925,0.047235109,statesector
1053,11,Gujarat,1,15 to 29,NA,NA,NA,NA,4,0.152409196,0.038919948,0.023276595,0.105985209,0.307251543,0.251024991,0.312461644,statesector
1054,11,Gujarat,1,30 to 45,NA,NA,NA,NA,4,0.070977099,0.018648636,0.01708951,0.051310699,0.138955504,0.295443386,0.497200906,statesector
1056,11,Gujarat,0,NA,NA,NA,NA,NA,4,0.315574139,0.071248047,0.151476458,0.25990805,0.273881316,0.231850311,0.082883872,statesector
1060,11,Gujarat,1,46 to 64,NA,NA,NA,NA,4,0.044509381,0.007430471,0.011332734,0.029986583,0.07402131,0.256633073,0.628026307,statesector
1063,11,Gujarat,0,NA,NA,NA,7+,NA,4,0.389306098,0.108632326,0.141521722,0.284771323,0.304911554,0.19584012,0.072955295,statesector
1064,11,Gujarat,1,NA,NA,NA,1,NA,4,0.08275903,0.010327035,0.037954338,0.113017552,0.195210919,0.308275461,0.345541716,statesector
1070,11,Gujarat,1,65+,NA,NA,NA,NA,4,0.048801299,0.007786525,0.014916351,0.035131678,0.079067796,0.215871811,0.655012369,statesector
1074,11,Gujarat,0,NA,NA,NA,4 to 6,NA,4,0.280373275,0.070376128,0.130674705,0.251081169,0.287800699,0.243529469,0.086913943,statesector
1081,11,Gujarat,1,NA,NA,NA,NA,NA,4,0.062420942,0.013831399,0.014798703,0.043793995,0.114678606,0.265019327,0.561709404,statesector
1082,11,Gujarat,1,NA,Higher,NA,NA,NA,4,0.00392615,0,0,0.00258049,0.01722018,0.10022822,0.879971087,statesector
1085,11,Gujarat,0,NA,NA,NA,1,NA,4,0.545027852,0.032494687,0.387183964,0.286685228,0.175081015,0.125794664,0.025255105,statesector
1087,11,Gujarat,0,65+,NA,NA,NA,NA,4,0.310972124,0.041591424,0.171254843,0.223580733,0.245053649,0.259236127,0.100874662,statesector
1088,11,Gujarat,0,NA,No education / Preschool,NA,NA,NA,4,0.494783431,0.134036824,0.266026169,0.337985069,0.25576821,0.118369855,0.021850679,statesector
1089,11,Gujarat,1,NA,NA,NA,2 to 3,NA,4,0.051452991,0.007567192,0.015515287,0.047968637,0.120838732,0.279631853,0.536045492,statesector
1090,11,Gujarat,1,NA,NA,NA,4 to 6,NA,4,0.057884786,0.014781853,0.011729704,0.036297213,0.103884846,0.2557078,0.592380404,statesector
1097,11,Gujarat,0,15 to 29,NA,NA,NA,NA,4,0.481707782,0.13614203,0.175937355,0.349952489,0.300308257,0.141545475,0.032256436,statesector
1098,11,Gujarat,0,30 to 45,NA,NA,NA,NA,4,0.326734036,0.094595321,0.147645235,0.288618982,0.291372448,0.212289885,0.060073443,statesector
1099,11,Gujarat,0,NA,NA,NA,2 to 3,NA,4,0.288595855,0.04787641,0.165669799,0.253193021,0.233588606,0.255225509,0.092323057,statesector
1101,11,Gujarat,0,NA,NA,NA,NA,NA,4,1,0.334212899,0.639525533,0,0.360474497,0,0,statesector
1108,11,Gujarat,1,NA,Secondary,NA,NA,NA,4,0.022460613,0.00098653,0.006476745,0.026886111,0.088826768,0.280017823,0.597792566,statesector
1111,11,Gujarat,1,NA,NA,NA,NA,NA,4,0.034134727,0,0.016138781,0.089139827,0.107982203,0.390082628,0.396656573,statesector
1112,11,Gujarat,0,46 to 64,NA,NA,NA,NA,4,0.285232663,0.05460893,0.143664628,0.2384848,0.267079204,0.249562815,0.101208553,statesector
1130,11,Gujarat,1,NA,No education / Preschool,NA,NA,NA,4,0.214163676,0.066532627,0.063699424,0.137196273,0.267959595,0.326582104,0.204562604,statesector
1131,11,Gujarat,0,NA,Primary,NA,NA,NA,4,0.348377079,0.088180222,0.140211716,0.283286333,0.312620938,0.212670073,0.051210918,statesector
1139,11,Gujarat,1,NA,NA,NA,NA,1,4,0.054629188,0.011354439,0.011136254,0.036855176,0.089274995,0.237120733,0.625612855,statesector
1141,11,Gujarat,0,NA,Secondary,NA,NA,NA,4,0.182004392,0.019300738,0.080461822,0.203529134,0.280312717,0.312100798,0.123595543,statesector
1142,11,Gujarat,1,NA,NA,NA,7+,NA,4,0.097872682,0.023832815,0.019726401,0.047365699,0.12491215,0.262453139,0.545542598,statesector
1146,11,Gujarat,0,NA,NA,NA,NA,1,4,0.314542472,0.069539793,0.152069598,0.25274837,0.27406168,0.233141869,0.08797849,statesector
1148,11,Gujarat,1,NA,NA,NA,NA,0,4,0.084431894,0.020828573,0.025324693,0.063736379,0.187689364,0.345200688,0.378048867,statesector
1149,11,Gujarat,0,NA,NA,NA,NA,0,4,0.321683258,0.081363574,0.147955611,0.302407354,0.272810608,0.224183753,0.052642684,statesector
1151,11,Gujarat,0,NA,NA,NA,NA,NA,4,0.288392782,0.028995732,0.14529711,0.288210571,0.215923056,0.254776984,0.095792294,statesector
1152,11,Gujarat,1,NA,Primary,NA,NA,NA,4,0.119841248,0.023662912,0.0152786,0.062094007,0.175342768,0.347616673,0.399667948,statesector
1153,11,Gujarat,0,NA,Higher,NA,NA,NA,4,0.06006781,0.003250154,0.022801138,0.08497411,0.158558428,0.421201199,0.312465131,statesector
1154,12,Haryana,0,46 to 64,NA,NA,NA,NA,4,0.094542213,0.013486904,0.018183054,0.087599784,0.197456926,0.278072238,0.418687999,statesector
1158,12,Haryana,0,NA,NA,1,NA,NA,4,0.122168139,0.028375272,0.024566894,0.103292882,0.221065477,0.285734087,0.36534065,statesector
1159,12,Haryana,0,30 to 45,NA,NA,NA,NA,4,0.138253808,0.040754385,0.029024275,0.116964795,0.253887117,0.290160835,0.309962988,statesector
1160,12,Haryana,0,15 to 29,NA,NA,NA,NA,4,0.211264044,0.063600495,0.033300936,0.138934404,0.275095314,0.29609409,0.256575257,statesector
1163,12,Haryana,1,NA,NA,1,NA,NA,4,0.066481464,0.013004345,0.007137537,0.038978733,0.125608221,0.231391758,0.596883774,statesector
1164,12,Haryana,0,65+,NA,NA,NA,NA,4,0.124948107,0.01388255,0.03852918,0.105760261,0.176293612,0.290532619,0.388884336,statesector
1165,12,Haryana,0,NA,NA,NA,NA,NA,4,0.125526085,0.028227113,0.026490251,0.105802171,0.222698599,0.285995901,0.359013051,statesector
1166,12,Haryana,1,NA,NA,NA,4 to 6,NA,4,0.05793532,0.013608723,0.006664409,0.02593678,0.10015358,0.224461213,0.642783999,statesector
1167,12,Haryana,0,NA,NA,2,NA,NA,4,0.160289347,0.026693311,0.046484105,0.131886959,0.239675388,0.288717657,0.293235898,statesector
1168,12,Haryana,0,NA,Higher,NA,NA,NA,4,0.021700386,0,0.002369312,0.013872779,0.059245273,0.183546394,0.74096626,statesector
1170,12,Haryana,1,NA,NA,NA,NA,NA,4,0,0,0,0,0.189030036,0.429723144,0.381246805,statesector
1171,12,Haryana,1,NA,NA,NA,7+,NA,4,0.097775199,0.021347083,0.008342142,0.036040284,0.116630614,0.221489698,0.617497265,statesector
1173,12,Haryana,0,NA,NA,NA,NA,NA,4,0.011240073,0,0,0.205023542,0.18075414,0.220891163,0.39333117,statesector
1178,12,Haryana,1,65+,NA,NA,NA,NA,4,0.03619206,0.002437396,0.006107432,0.050047137,0.069011711,0.172731191,0.702102542,statesector
1185,12,Haryana,1,NA,Higher,NA,NA,NA,4,0.010119983,0,0,0.006050752,0.036639985,0.084226251,0.873082995,statesector
1188,12,Haryana,1,NA,NA,NA,NA,NA,4,0.065582775,0.013282894,0.007272142,0.039189581,0.124641307,0.231838122,0.597058833,statesector
1191,12,Haryana,1,NA,NA,NA,2 to 3,NA,4,0.071462497,0.009454551,0.007638076,0.066520356,0.160058707,0.247275501,0.518507361,statesector
1193,12,Haryana,1,NA,NA,NA,1,NA,4,0.040262852,0,0.011636356,0.119289659,0.37163499,0.307918966,0.189520046,statesector
1194,12,Haryana,0,NA,No education / Preschool,NA,NA,NA,4,0.218000501,0.054885373,0.054148048,0.169867903,0.294015646,0.268776357,0.213192031,statesector
1195,12,Haryana,0,NA,Primary,NA,NA,NA,4,0.210530192,0.063920341,0.040442225,0.14001143,0.260261714,0.300037175,0.259247482,statesector
1201,12,Haryana,1,NA,NA,2,NA,NA,4,0.055752277,0.016329862,0.00874358,0.041494466,0.114071511,0.236717567,0.598972857,statesector
1202,12,Haryana,1,30 to 45,NA,NA,NA,NA,4,0.06799446,0.015228808,0.008330139,0.041463219,0.143625602,0.271502584,0.535078466,statesector
1203,12,Haryana,1,46 to 64,NA,NA,NA,NA,4,0.039971534,0.006823143,0.003199835,0.020065969,0.090907633,0.16772674,0.718099833,statesector
1205,12,Haryana,0,NA,NA,NA,7+,NA,4,0.182399809,0.050155845,0.0290459,0.094497271,0.188799828,0.295374334,0.392282665,statesector
1209,12,Haryana,0,NA,Secondary,NA,NA,NA,4,0.06018367,0.006066594,0.009198698,0.06862925,0.190074727,0.305596411,0.426500916,statesector
1214,12,Haryana,1,15 to 29,NA,NA,NA,NA,4,0.170652047,0.03770189,0.017816026,0.08411514,0.214364156,0.344063431,0.339641243,statesector
1225,12,Haryana,1,NA,No education / Preschool,NA,NA,NA,4,0.201853916,0.055875763,0.028571969,0.115237683,0.2344217,0.299407423,0.322361201,statesector
1226,12,Haryana,1,NA,Secondary,NA,NA,NA,4,0.021740995,0.00178944,0.001745871,0.01961644,0.110980242,0.24625352,0.621403933,statesector
1239,12,Haryana,1,NA,Primary,NA,NA,NA,4,0.159225568,0.025299262,0.013336733,0.072743081,0.169377267,0.306689799,0.437853128,statesector
1244,12,Haryana,0,NA,NA,NA,4 to 6,NA,4,0.097870655,0.023612091,0.01782234,0.091440141,0.225355968,0.291446567,0.373934984,statesector
1246,12,Haryana,1,NA,NA,NA,NA,1,4,0.05380591,0.01193775,0.005474709,0.0234384,0.079066329,0.190512195,0.701508343,statesector
1247,12,Haryana,0,NA,NA,NA,NA,0,4,0.18621777,0.063885391,0.052048065,0.149626374,0.238279745,0.282084435,0.277961373,statesector
1252,12,Haryana,0,NA,NA,NA,1,NA,4,0.310616761,0.00510398,0.136578605,0.327968806,0.316070557,0.135191858,0.084190167,statesector
1255,12,Haryana,1,NA,NA,NA,NA,0,4,0.092201799,0.0163233,0.011304023,0.074521586,0.226872101,0.324537665,0.362764627,statesector
1258,12,Haryana,0,NA,NA,NA,NA,1,4,0.115221582,0.022172891,0.022099474,0.09827327,0.220021799,0.286667883,0.37293756,statesector
1260,12,Haryana,0,NA,NA,NA,2 to 3,NA,4,0.141583607,0.018887384,0.047638636,0.158548743,0.250227511,0.264870614,0.278714508,statesector
1267,13,Himachal Pradesh,0,NA,NA,2,NA,NA,4,0.112138547,0.008591792,0.019043399,0.103956729,0.249709472,0.378970087,0.248320326,statesector
1269,13,Himachal Pradesh,0,NA,NA,NA,NA,NA,4,0.097297139,0.040249098,0,0.1304629,0.230433643,0.413498759,0.225604713,statesector
1271,13,Himachal Pradesh,1,30 to 45,NA,NA,NA,NA,4,0.028291782,0.007588282,0.004008161,0.044704948,0.091891199,0.30984804,0.549547672,statesector
1272,13,Himachal Pradesh,0,NA,Secondary,NA,NA,NA,4,0.048716605,0.001046051,0.007467573,0.070831247,0.230930895,0.364938289,0.32583198,statesector
1273,13,Himachal Pradesh,1,NA,NA,1,NA,NA,4,0.015951121,0.003359978,0.0046765,0.036481373,0.082062751,0.249661788,0.627117574,statesector
1275,13,Himachal Pradesh,0,NA,NA,NA,1,NA,4,0.252341986,0.001780473,0.073943898,0.139553696,0.317375332,0.369190276,0.099936813,statesector
1276,13,Himachal Pradesh,1,NA,Higher,NA,NA,NA,4,0,0,0,0,0.016016738,0.196318388,0.78766489,statesector
1279,13,Himachal Pradesh,1,15 to 29,NA,NA,NA,NA,4,0.022625756,0.014450105,0.026668247,0.054091785,0.179918721,0.473010987,0.266310245,statesector
1280,13,Himachal Pradesh,0,46 to 64,NA,NA,NA,NA,4,0.090526335,0.005318716,0.019317348,0.090046868,0.247916445,0.340452611,0.302266717,statesector
1281,13,Himachal Pradesh,0,NA,Higher,NA,NA,NA,4,0.004208565,0,0,0.0043385,0.081666268,0.249096572,0.664898634,statesector
1285,13,Himachal Pradesh,1,NA,Secondary,NA,NA,NA,4,0.01664279,0.002979808,0.008217602,0.028083174,0.108143501,0.290407896,0.565147817,statesector
1288,13,Himachal Pradesh,1,NA,NA,NA,NA,NA,4,0.018044444,0.003688891,0.003792835,0.036684439,0.083613113,0.266559035,0.609350562,statesector
1295,13,Himachal Pradesh,1,65+,NA,NA,NA,NA,4,0.004341562,0,0,0.028137518,0.081165127,0.172649175,0.718048155,statesector
1296,13,Himachal Pradesh,0,NA,Primary,NA,NA,NA,4,0.138934404,0.009586993,0.028459566,0.13935028,0.316322565,0.334390998,0.181476578,statesector
1297,13,Himachal Pradesh,1,NA,NA,2,NA,NA,4,0.02702043,0.005099243,0,0.037556034,0.090267517,0.339084774,0.533091664,statesector
1300,13,Himachal Pradesh,0,15 to 29,NA,NA,NA,NA,4,0.147735238,0.025870143,0.017365532,0.164988816,0.367069185,0.281404465,0.169172004,statesector
1301,13,Himachal Pradesh,0,NA,NA,NA,NA,NA,4,0.093390435,0.005627668,0.021703862,0.104424015,0.253666788,0.339967966,0.280237377,statesector
1302,13,Himachal Pradesh,0,30 to 45,NA,NA,NA,NA,4,0.094070256,0.006286143,0.02637971,0.125135794,0.300936669,0.351139992,0.19640781,statesector
1309,13,Himachal Pradesh,1,NA,NA,NA,7+,NA,4,0.072156966,0,0,0.017426124,0.080453031,0.274296522,0.627824306,statesector
1310,13,Himachal Pradesh,1,NA,NA,NA,NA,NA,4,0,0,0,0,0,0.579611599,0.420388401,statesector
1312,13,Himachal Pradesh,1,NA,No education / Preschool,NA,NA,NA,4,0.087957762,0.009348001,0,0.122137517,0.154554084,0.322434098,0.400874287,statesector
1313,13,Himachal Pradesh,1,NA,Primary,NA,NA,NA,4,0.011315037,0.011315037,0,0.094462506,0.108021744,0.296707153,0.500808597,statesector
1318,13,Himachal Pradesh,0,65+,NA,NA,NA,NA,4,0.091434725,0.003337144,0.021323472,0.100104809,0.204998136,0.334697068,0.338876516,statesector
1320,13,Himachal Pradesh,0,NA,NA,NA,4 to 6,NA,4,0.081973746,0.005716317,0.015079122,0.099163942,0.259174466,0.348844528,0.277737945,statesector
1323,13,Himachal Pradesh,1,NA,NA,NA,4 to 6,NA,4,0.015208191,0.006205619,0.002878195,0.037307784,0.068543762,0.259655058,0.631615222,statesector
1327,13,Himachal Pradesh,0,NA,NA,1,NA,NA,4,0.086789608,0.004584059,0.022627372,0.104586221,0.255040467,0.326429397,0.291316539,statesector
1330,13,Himachal Pradesh,0,NA,NA,NA,NA,0,4,0.102553986,0.008319288,0.027576664,0.110292546,0.26509285,0.373104244,0.223933682,statesector
1333,13,Himachal Pradesh,1,NA,NA,NA,NA,0,4,0.01126325,0.005888481,0.006318649,0.050667536,0.094838001,0.380595714,0.46758011,statesector
1344,13,Himachal Pradesh,0,NA,NA,NA,NA,1,4,0.090806536,0.004868695,0.020058416,0.102779768,0.250465423,0.330683798,0.29601258,statesector
1345,13,Himachal Pradesh,0,NA,NA,NA,2 to 3,NA,4,0.091321662,0.005719561,0.029122684,0.111307591,0.243061572,0.321445018,0.295063138,statesector
1346,13,Himachal Pradesh,1,46 to 64,NA,NA,NA,NA,4,0.015266279,0,0,0.030210685,0.056346152,0.226040766,0.687402427,statesector
1347,13,Himachal Pradesh,1,NA,NA,NA,NA,1,4,0.022473898,0.002252126,0.002107741,0.027355632,0.076124437,0.190479547,0.703932643,statesector
1348,13,Himachal Pradesh,0,NA,NA,NA,7+,NA,4,0.087547034,0.006388532,0.015030514,0.099192426,0.233514503,0.334029764,0.318232805,statesector
1349,13,Himachal Pradesh,1,NA,NA,NA,2 to 3,NA,4,0.013561587,0.0025478,0.003247732,0.024097558,0.085151456,0.202467203,0.685036063,statesector
1351,13,Himachal Pradesh,0,NA,No education / Preschool,NA,NA,NA,4,0.17534703,0.012975551,0.052498929,0.175020367,0.301979899,0.31856218,0.151938617,statesector
1358,13,Himachal Pradesh,1,NA,NA,NA,1,NA,4,0.007119689,0,0.012782361,0.097581618,0.146801025,0.543796003,0.199038982,statesector
1366,14,Jammu and Kashmir,1,15 to 29,NA,NA,NA,NA,4,0.119563363,0.015354676,0.057103246,0.114006169,0.314357251,0.308141559,0.206391782,statesector
1367,14,Jammu and Kashmir,1,NA,Secondary,NA,NA,NA,4,0.01450675,0.000981729,0.011003141,0.034814954,0.162268832,0.313242316,0.478670776,statesector
1368,14,Jammu and Kashmir,1,NA,Primary,NA,NA,NA,4,0.087579429,0.004319147,0.018867033,0.153947279,0.190465868,0.327968746,0.308751076,statesector
1369,14,Jammu and Kashmir,0,NA,NA,1,NA,NA,4,0.189534947,0.038876966,0.098001853,0.258890867,0.277994961,0.203329608,0.161782712,statesector
1370,14,Jammu and Kashmir,0,65+,NA,NA,NA,NA,4,0.17842041,0.022497039,0.092687123,0.222214907,0.249374688,0.224009186,0.211714089,statesector
1372,14,Jammu and Kashmir,1,NA,NA,1,NA,NA,4,0.042033594,0.007134287,0.013845592,0.055861536,0.172502324,0.307406098,0.450384468,statesector
1374,14,Jammu and Kashmir,1,46 to 64,NA,NA,NA,NA,4,0.020826077,0.004418692,0.010921229,0.042932741,0.138342619,0.298744798,0.509058595,statesector
1375,14,Jammu and Kashmir,1,65+,NA,NA,NA,NA,4,0.04416059,0.011095305,0.013087365,0.038081445,0.124641508,0.213743761,0.610445917,statesector
1377,14,Jammu and Kashmir,0,NA,Higher,NA,NA,NA,4,0.034531839,0.001247425,0.009955643,0.077149801,0.188117072,0.261381477,0.463396013,statesector
1378,14,Jammu and Kashmir,1,NA,No education / Preschool,NA,NA,NA,4,0.110727347,0.024650916,0.027967485,0.102642775,0.272003502,0.37522915,0.222157061,statesector
1379,14,Jammu and Kashmir,1,NA,Higher,NA,NA,NA,4,0.000369592,0,0,0.005232729,0.04103823,0.153702721,0.800026298,statesector
1380,14,Jammu and Kashmir,0,NA,NA,NA,NA,NA,4,0,0,0,1,0,0,0,statesector
1382,14,Jammu and Kashmir,0,NA,Secondary,NA,NA,NA,4,0.117960155,0.008550412,0.05232941,0.207721025,0.285851091,0.245017365,0.209081098,statesector
1388,14,Jammu and Kashmir,0,NA,NA,NA,NA,NA,4,0.081324317,0.012149073,0.071671426,0.251693964,0.425570011,0.18776466,0.063299932,statesector
1396,14,Jammu and Kashmir,0,NA,No education / Preschool,NA,NA,NA,4,0.30022186,0.079076305,0.181980297,0.344857186,0.270408243,0.146312892,0.056441385,statesector
1397,14,Jammu and Kashmir,0,NA,NA,NA,NA,NA,4,0.190957293,0.038469363,0.098910794,0.258245647,0.273533762,0.204223931,0.165085852,statesector
1398,14,Jammu and Kashmir,0,NA,NA,2,NA,NA,4,0.205640882,0.034261491,0.108197778,0.251653254,0.227952123,0.213361591,0.198835239,statesector
1404,14,Jammu and Kashmir,0,46 to 64,NA,NA,NA,NA,4,0.142831713,0.0238152,0.076569572,0.223389313,0.264742643,0.226619154,0.208679318,statesector
1405,14,Jammu and Kashmir,0,30 to 45,NA,NA,NA,NA,4,0.219030142,0.051780283,0.109718919,0.286937863,0.291731924,0.189376071,0.122235194,statesector
1410,14,Jammu and Kashmir,1,30 to 45,NA,NA,NA,NA,4,0.057834141,0.008841258,0.012249034,0.070928693,0.210858971,0.340673357,0.365289927,statesector
1423,14,Jammu and Kashmir,1,NA,NA,NA,4 to 6,NA,4,0.043631423,0.005886862,0.013574277,0.04927887,0.166064769,0.319980264,0.45110181,statesector
1430,14,Jammu and Kashmir,1,NA,NA,NA,NA,1,4,0.037126172,0.007080806,0.013675446,0.050462306,0.170243323,0.305841506,0.459777415,statesector
1431,14,Jammu and Kashmir,1,NA,NA,NA,NA,NA,4,0.144706458,0.118545957,0,0.12279316,0.205813676,0.059468165,0.611925006,statesector
1433,14,Jammu and Kashmir,0,NA,NA,NA,1,NA,4,0.352667034,0.005509414,0.218661606,0.360936552,0.24363561,0.122666948,0.054099277,statesector
1435,14,Jammu and Kashmir,0,NA,Primary,NA,NA,NA,4,0.288174897,0.074882291,0.106113814,0.334779412,0.271895707,0.160553515,0.126657546,statesector
1437,14,Jammu and Kashmir,1,NA,NA,NA,7+,NA,4,0.061085377,0.022925869,0.016892316,0.068093203,0.193496242,0.30063653,0.420881748,statesector
1438,14,Jammu and Kashmir,1,NA,NA,NA,NA,NA,4,0.043421205,0.007689151,0.014102916,0.056214884,0.172156289,0.301355183,0.456170738,statesector
1442,14,Jammu and Kashmir,0,NA,NA,NA,NA,0,4,0.271024704,0.066777334,0.200455859,0.290689766,0.231553182,0.155923486,0.121377729,statesector
1446,14,Jammu and Kashmir,0,15 to 29,NA,NA,NA,NA,4,0.307320952,0.071531639,0.164907619,0.348076224,0.267352313,0.13389799,0.085765854,statesector
1449,14,Jammu and Kashmir,0,NA,NA,NA,2 to 3,NA,4,0.202353314,0.02200437,0.112898417,0.283956081,0.258639723,0.197597802,0.146908,statesector
1451,14,Jammu and Kashmir,1,NA,NA,NA,2 to 3,NA,4,0.028706653,0.003508808,0.011186295,0.051294364,0.179757699,0.260783732,0.496977895,statesector
1452,14,Jammu and Kashmir,0,NA,NA,NA,7+,NA,4,0.230373085,0.060376901,0.105124399,0.257188737,0.270841569,0.195658982,0.171186298,statesector
1456,14,Jammu and Kashmir,0,NA,NA,NA,NA,1,4,0.184515223,0.036191754,0.090657935,0.255608827,0.276945651,0.208149448,0.168638125,statesector
1457,14,Jammu and Kashmir,1,NA,NA,NA,NA,0,4,0.12156111,0.0152405,0.019366302,0.127045482,0.195710257,0.246115714,0.411762238,statesector
1461,14,Jammu and Kashmir,1,NA,NA,2,NA,NA,4,0.056451205,0.012899445,0.016435808,0.059418339,0.169019133,0.246497929,0.508628786,statesector
1465,14,Jammu and Kashmir,0,NA,NA,NA,4 to 6,NA,4,0.169536784,0.0345104,0.09079738,0.250299513,0.278938144,0.210723266,0.169241697,statesector
1469,14,Jammu and Kashmir,1,NA,NA,NA,1,NA,4,0.07292331,0,0.040295888,0.217601195,0.121291786,0.218074352,0.402736783,statesector
1475,15,Jharkhand,1,NA,NA,NA,NA,NA,4,0.563336372,0.019157751,0.138933614,0.20236291,0.283184588,0.272508562,0.103010349,statesector
1479,15,Jharkhand,0,30 to 45,NA,NA,NA,NA,4,0.562684536,0.220143229,0.612220585,0.230862036,0.109027699,0.038631875,0.009257783,statesector
1480,15,Jharkhand,1,65+,NA,NA,NA,NA,4,0.137181371,0.019043026,0.085249484,0.117508262,0.139134347,0.211506769,0.446601152,statesector
1481,15,Jharkhand,1,NA,Higher,NA,NA,NA,4,0.016850004,0.00067367,0.00339883,0.016114829,0.067360468,0.202311113,0.710814774,statesector
1482,15,Jharkhand,1,NA,Secondary,NA,NA,NA,4,0.088070519,0.006541925,0.043113951,0.119182877,0.21385406,0.328712881,0.295136213,statesector
1484,15,Jharkhand,0,NA,No education / Preschool,NA,NA,NA,4,0.70226872,0.291721463,0.765661597,0.167630017,0.054540642,0.010531098,0.00163663,statesector
1487,15,Jharkhand,0,NA,Primary,NA,NA,NA,4,0.640051484,0.256044775,0.652373731,0.222444579,0.096574172,0.023429992,0.005177512,statesector
1488,15,Jharkhand,0,NA,Secondary,NA,NA,NA,4,0.379080892,0.042347874,0.462925106,0.284066945,0.16495645,0.071568392,0.016483104,statesector
1489,15,Jharkhand,0,NA,Higher,NA,NA,NA,4,0.204695836,0.009748149,0.189564407,0.252705127,0.243195638,0.192470416,0.122064412,statesector
1490,15,Jharkhand,1,NA,No education / Preschool,NA,NA,NA,4,0.414300084,0.119177312,0.237239987,0.272438675,0.276769131,0.155579284,0.057972912,statesector
1493,15,Jharkhand,0,46 to 64,NA,NA,NA,NA,4,0.499572575,0.126440734,0.593644798,0.22561425,0.118122533,0.046715535,0.015902909,statesector
1494,15,Jharkhand,0,65+,NA,NA,NA,NA,4,0.578915417,0.138238758,0.628246605,0.190877602,0.108827606,0.053038027,0.01901013,statesector
1499,15,Jharkhand,1,15 to 29,NA,NA,NA,NA,4,0.303520054,0.086665489,0.114824019,0.219022915,0.297198921,0.27204898,0.096905194,statesector
1500,15,Jharkhand,1,30 to 45,NA,NA,NA,NA,4,0.188670352,0.048262004,0.087220564,0.162691996,0.231310219,0.278515816,0.240261391,statesector
1502,15,Jharkhand,1,46 to 64,NA,NA,NA,NA,4,0.132500172,0.021975046,0.072645247,0.116860949,0.176420301,0.244211391,0.38986212,statesector
1505,15,Jharkhand,1,NA,Primary,NA,NA,NA,4,0.338037878,0.089049771,0.12526156,0.251373708,0.278202206,0.226838887,0.118323646,statesector
1506,15,Jharkhand,0,15 to 29,NA,NA,NA,NA,4,0.708207607,0.313554555,0.694592893,0.206321612,0.073367879,0.022832749,0.002884837,statesector
1509,15,Jharkhand,1,NA,NA,NA,1,NA,4,0.27731362,0.044249702,0.216576576,0.172252774,0.180602953,0.279075652,0.151492044,statesector
1511,15,Jharkhand,1,NA,NA,2,NA,NA,4,0.24931848,0.067435689,0.148483574,0.163148731,0.214962229,0.246422186,0.226983279,statesector
1514,15,Jharkhand,0,NA,NA,NA,NA,1,4,0.557865083,0.185246125,0.6115219,0.223704293,0.109867796,0.042339426,0.012566607,statesector
1521,15,Jharkhand,0,NA,NA,NA,7+,NA,4,0.599366903,0.190379053,0.556134045,0.245390952,0.125688761,0.054380018,0.018406231,statesector
1522,15,Jharkhand,0,NA,NA,NA,2 to 3,NA,4,0.566112638,0.173398003,0.688926756,0.180108964,0.083895855,0.037094049,0.009974377,statesector
1523,15,Jharkhand,0,NA,NA,NA,4 to 6,NA,4,0.527731895,0.193898037,0.599895597,0.234878704,0.114569984,0.039781794,0.010873904,statesector
1526,15,Jharkhand,1,NA,NA,NA,7+,NA,4,0.195625439,0.037317041,0.062501378,0.144365534,0.245570019,0.231810361,0.315752715,statesector
1528,15,Jharkhand,0,NA,NA,1,NA,NA,4,0.547308743,0.178531289,0.606770158,0.226534545,0.11051143,0.043286145,0.012897743,statesector
1530,15,Jharkhand,0,NA,NA,NA,NA,NA,4,0.533316195,0.170847893,0.522013783,0.222501919,0.168696433,0.086787835,0,statesector
1533,15,Jharkhand,1,NA,NA,NA,NA,NA,4,0.169493675,0.037443664,0.083478026,0.143703684,0.20374009,0.256367624,0.312710583,statesector
1534,15,Jharkhand,0,NA,NA,NA,NA,NA,4,0.559163153,0.187277839,0.617292941,0.221057191,0.108067289,0.041481376,0.012101186,statesector
1537,15,Jharkhand,0,NA,NA,NA,1,NA,4,0.775158882,0.152960882,0.818850458,0.110398993,0.049548451,0.015150342,0.006051751,statesector
1539,15,Jharkhand,0,NA,NA,NA,NA,NA,4,0.494846314,0,1,0,0,0,0,statesector
1543,15,Jharkhand,1,NA,NA,NA,NA,1,4,0.17030254,0.038807914,0.081464648,0.140714079,0.196659684,0.254627168,0.32653445,statesector
1547,15,Jharkhand,1,NA,NA,NA,NA,0,4,0.16558978,0.030859333,0.093390718,0.158422753,0.238599792,0.264936626,0.244650111,statesector
1552,15,Jharkhand,0,NA,NA,2,NA,NA,4,0.63630259,0.244193524,0.686149359,0.18521601,0.092073984,0.029671792,0.006888889,statesector
1553,15,Jharkhand,0,NA,NA,NA,NA,0,4,0.568056166,0.201196447,0.657229245,0.202739075,0.095607631,0.035543613,0.008880436,statesector
1558,15,Jharkhand,1,NA,NA,1,NA,NA,4,0.159402296,0.033652104,0.075008288,0.141170144,0.202277929,0.257663429,0.323880225,statesector
1571,15,Jharkhand,1,NA,NA,NA,4 to 6,NA,4,0.156681329,0.039521579,0.073119879,0.145788804,0.206777334,0.278650016,0.295663983,statesector
1575,15,Jharkhand,1,NA,NA,NA,2 to 3,NA,4,0.157842919,0.031382829,0.099831946,0.133049011,0.168194324,0.218930006,0.37999472,statesector
1582,16,Karnataka,1,65+,NA,NA,NA,NA,4,0.080900945,0.005723209,0.029064503,0.06697771,0.128341988,0.292349726,0.483266085,statesector
1585,16,Karnataka,0,NA,No education / Preschool,NA,NA,NA,4,0.380115479,0.075886697,0.192625538,0.391083986,0.299745828,0.103498079,0.013046562,statesector
1587,16,Karnataka,0,NA,Primary,NA,NA,NA,4,0.254051685,0.047309615,0.09357287,0.309427977,0.387444288,0.175001383,0.034553491,statesector
1588,16,Karnataka,0,NA,Secondary,NA,NA,NA,4,0.130572364,0.005067926,0.050486706,0.234069005,0.377700895,0.280427694,0.057315685,statesector
1589,16,Karnataka,0,65+,NA,NA,NA,NA,4,0.313612968,0.027651928,0.168305889,0.292994171,0.314501345,0.173005834,0.051192772,statesector
1590,16,Karnataka,1,NA,NA,NA,7+,NA,4,0.089995652,0.012934986,0.011903457,0.057681557,0.147675321,0.402432382,0.380307287,statesector
1595,16,Karnataka,1,15 to 29,NA,NA,NA,NA,4,0.099442959,0.010494613,0.019214841,0.114371367,0.153705552,0.42338565,0.289322585,statesector
1596,16,Karnataka,1,30 to 45,NA,NA,NA,NA,4,0.060300026,0.012053939,0.015610667,0.056061573,0.153986275,0.406197697,0.368143797,statesector
1598,16,Karnataka,1,NA,NA,NA,NA,NA,4,0.065069892,0,0,0.029789574,0.160915628,0.174486995,0.634807825,statesector
1600,16,Karnataka,1,46 to 64,NA,NA,NA,NA,4,0.042288817,0.00472366,0.016305786,0.042961802,0.127340421,0.324700981,0.488691002,statesector
1603,16,Karnataka,0,46 to 64,NA,NA,NA,NA,4,0.217495665,0.031652048,0.093818963,0.292387187,0.353832901,0.212933004,0.047027972,statesector
1604,16,Karnataka,0,NA,NA,NA,NA,0,4,0.257576138,0.045321532,0.121767372,0.293413758,0.337931812,0.207243517,0.039643541,statesector
1611,16,Karnataka,1,NA,NA,2,NA,NA,4,0.096437067,0.011847332,0.035264958,0.082540818,0.184450537,0.349778235,0.347965449,statesector
1613,16,Karnataka,1,NA,Secondary,NA,NA,NA,4,0.027726362,0.001260022,0.006184954,0.037820801,0.114950635,0.410050184,0.430993408,statesector
1616,16,Karnataka,1,NA,NA,NA,2 to 3,NA,4,0.041128542,0.007257634,0.017446866,0.053181399,0.126381874,0.334979117,0.468010753,statesector
1618,16,Karnataka,0,NA,Higher,NA,NA,NA,4,0.053428974,0,0.015695145,0.092872456,0.320498705,0.35552156,0.21541214,statesector
1619,16,Karnataka,0,NA,NA,NA,NA,NA,4,0.163857996,0,0.084220894,0.209701091,0.471902192,0.229169607,0.005006223,statesector
1622,16,Karnataka,1,NA,NA,1,NA,NA,4,0.050038368,0.007463686,0.014219476,0.049800944,0.130768567,0.361683786,0.443527222,statesector
1625,16,Karnataka,0,30 to 45,NA,NA,NA,NA,4,0.267285228,0.062840618,0.118255883,0.336018026,0.348188818,0.165084273,0.032452993,statesector
1626,16,Karnataka,1,NA,NA,NA,4 to 6,NA,4,0.056093741,0.008383385,0.014690895,0.053731535,0.143003732,0.368752331,0.419821501,statesector
1634,16,Karnataka,1,NA,Higher,NA,NA,NA,4,0.003312465,0,0.000508752,0.00367721,0.029183149,0.18102105,0.785609841,statesector
1635,16,Karnataka,1,NA,Primary,NA,NA,NA,4,0.07527402,0.016008219,0.013807632,0.074490845,0.204452261,0.451100349,0.256148905,statesector
1637,16,Karnataka,0,NA,NA,NA,2 to 3,NA,4,0.244380414,0.033897929,0.130873516,0.324382186,0.327950627,0.179647207,0.03714646,statesector
1638,16,Karnataka,0,NA,NA,NA,4 to 6,NA,4,0.217996225,0.044653568,0.096206881,0.308788031,0.353043199,0.198144123,0.043817755,statesector
1639,16,Karnataka,0,15 to 29,NA,NA,NA,NA,4,0.346225798,0.073983483,0.138421908,0.328150839,0.341892689,0.181151301,0.010383244,statesector
1642,16,Karnataka,0,NA,NA,NA,NA,1,4,0.258395642,0.042893652,0.117197737,0.313960254,0.345742851,0.181347817,0.041751333,statesector
1645,16,Karnataka,1,NA,NA,NA,NA,1,4,0.062375162,0.009205073,0.015238832,0.061529987,0.135105297,0.323319495,0.464806378,statesector
1647,16,Karnataka,1,NA,No education / Preschool,NA,NA,NA,4,0.180788174,0.029332155,0.069123171,0.142592341,0.276620001,0.361994296,0.149670213,statesector
1648,16,Karnataka,0,NA,NA,2,NA,NA,4,0.361329019,0.045642,0.201076597,0.348775148,0.301498413,0.131368428,0.017281407,statesector
1652,16,Karnataka,0,NA,NA,NA,7+,NA,4,0.298932672,0.063679136,0.077398516,0.279640615,0.39080146,0.201195225,0.05096418,statesector
1653,16,Karnataka,1,NA,NA,NA,1,NA,4,0.138623029,0.001555694,0.080835126,0.092047304,0.194211841,0.333727717,0.299178004,statesector
1656,16,Karnataka,1,NA,NA,NA,NA,0,4,0.051314492,0.006773383,0.021410722,0.046747565,0.14667362,0.410667539,0.374500573,statesector
1662,16,Karnataka,0,NA,NA,NA,NA,NA,4,0.258206338,0.043454487,0.118258744,0.309189647,0.343929231,0.187360436,0.041261934,statesector
1663,16,Karnataka,0,NA,NA,1,NA,NA,4,0.235629797,0.042975578,0.100264825,0.300588876,0.353148222,0.199525863,0.046472207,statesector
1672,16,Karnataka,1,NA,NA,NA,NA,NA,4,0.057782169,0.008195302,0.01780623,0.055380758,0.139917508,0.359654754,0.427240759,statesector
1677,16,Karnataka,0,NA,NA,NA,1,NA,4,0.617201924,0.024112619,0.396352202,0.318140388,0.200317338,0.076452762,0.008737297,statesector
1684,17,Kerala,1,NA,NA,NA,4 to 6,NA,4,0.004336685,0,0.000737087,0.009481977,0.07141497,0.319773793,0.598592162,statesector
1685,17,Kerala,1,NA,NA,NA,2 to 3,NA,4,0.006116701,0,0.002769819,0.014336178,0.084039204,0.297661811,0.601193011,statesector
1687,17,Kerala,1,NA,NA,NA,NA,NA,4,0,0,0,0.117827684,0.1088164,0.195923939,0.577431977,statesector
1688,17,Kerala,1,NA,No education / Preschool,NA,NA,NA,4,0.047160905,0,0.030315394,0.083352625,0.226751059,0.42584908,0.233731851,statesector
1690,17,Kerala,1,NA,NA,NA,1,NA,4,0.058237713,0,0.02517936,0.165700838,0.19920522,0.268220812,0.341693759,statesector
1691,17,Kerala,0,NA,NA,NA,7+,NA,4,0.037725396,0.009607997,0.011460362,0.036879983,0.183052868,0.448358268,0.320248514,statesector
1692,17,Kerala,1,NA,Primary,NA,NA,NA,4,0.015336358,0,0.001505853,0.030326307,0.165556818,0.45069322,0.351917803,statesector
1693,17,Kerala,1,NA,Secondary,NA,NA,NA,4,0.003757223,0,0.001102942,0.009812411,0.062824838,0.319854468,0.606405318,statesector
1694,17,Kerala,1,NA,Higher,NA,NA,NA,4,0,0,0,0.000587231,0.005184531,0.072656423,0.921571791,statesector
1696,17,Kerala,0,NA,Higher,NA,NA,NA,4,0,0,0,0.001850205,0.016508548,0.174466103,0.807175159,statesector
1700,17,Kerala,1,NA,NA,NA,7+,NA,4,0.014736647,0,0,0.013391714,0.100456364,0.369985878,0.516166031,statesector
1701,17,Kerala,0,46 to 64,NA,NA,NA,NA,4,0.013503679,0.001001693,0.003911736,0.031582411,0.182225078,0.389552921,0.392727852,statesector
1703,17,Kerala,1,15 to 29,NA,NA,NA,NA,4,0.009340236,0,0,0.015025843,0.089761458,0.317920327,0.577292383,statesector
1705,17,Kerala,0,NA,No education / Preschool,NA,NA,NA,4,0.101210564,0.00584293,0.04798219,0.135270029,0.39688468,0.32236433,0.097498752,statesector
1707,17,Kerala,0,NA,NA,NA,4 to 6,NA,4,0.010705557,9.00E-05,0.003755463,0.024754481,0.175114453,0.382743031,0.413632601,statesector
1708,17,Kerala,0,NA,NA,NA,2 to 3,NA,4,0.012893028,0.000227237,0.004356951,0.041670971,0.192678854,0.386827916,0.374465317,statesector
1709,17,Kerala,1,NA,NA,1,NA,NA,4,0.005089943,0,0.001773483,0.012488534,0.071373157,0.301316589,0.613048196,statesector
1710,17,Kerala,0,NA,NA,NA,NA,NA,4,0,0,0,0.069875561,0.309027702,0.384304494,0.236792237,statesector
1716,17,Kerala,0,65+,NA,NA,NA,NA,4,0.021229351,0,0.010332178,0.049824588,0.196798161,0.378006101,0.365038991,statesector
1718,17,Kerala,1,30 to 45,NA,NA,NA,NA,4,0.006066554,0,0.003143006,0.009154601,0.077614151,0.333699077,0.576389194,statesector
1720,17,Kerala,1,NA,NA,2,NA,NA,4,0.015464386,0,0.003579904,0.029855186,0.121671848,0.360789329,0.484103709,statesector
1721,17,Kerala,0,NA,Secondary,NA,NA,NA,4,0.006451056,0.000275756,0.002935118,0.022223789,0.142003208,0.400968492,0.431869388,statesector
1724,17,Kerala,0,NA,NA,NA,1,NA,4,0.132846981,0.003801461,0.081720315,0.198247492,0.301129431,0.269367725,0.14953503,statesector
1729,17,Kerala,0,15 to 29,NA,NA,NA,NA,4,0.021052718,0,0.021734744,0.047314771,0.186988503,0.382535398,0.361426592,statesector
1730,17,Kerala,0,30 to 45,NA,NA,NA,NA,4,0.018330732,0.000893283,0.008246262,0.034115985,0.181950837,0.378321201,0.397365719,statesector
1732,17,Kerala,1,46 to 64,NA,NA,NA,NA,4,0.006017893,0,0.002319927,0.013597997,0.075742647,0.299299419,0.609040022,statesector
1733,17,Kerala,0,NA,Primary,NA,NA,NA,4,0.025512986,0.000823992,0.007098143,0.058467638,0.303935379,0.441327691,0.189171135,statesector
1738,17,Kerala,0,NA,NA,NA,NA,0,4,0.025399026,0.001466434,0.013020628,0.054452326,0.245397478,0.424172461,0.262957126,statesector
1747,17,Kerala,1,65+,NA,NA,NA,NA,4,0.010739664,0,0.000962452,0.027990259,0.098008409,0.326758683,0.546280205,statesector
1750,17,Kerala,0,NA,NA,2,NA,NA,4,0.026637636,0.000762238,0.011254095,0.062154166,0.226879939,0.396550834,0.303160995,statesector
1751,17,Kerala,0,NA,NA,1,NA,NA,4,0.013768016,0.000735536,0.005386686,0.029710064,0.174617469,0.381170034,0.409115762,statesector
1756,17,Kerala,0,NA,NA,NA,NA,NA,4,0.016413657,0.000741025,0.006603302,0.036437396,0.18545416,0.384359241,0.387145877,statesector
1757,17,Kerala,1,NA,NA,NA,NA,NA,4,0.007182017,0,0.002139061,0.016003137,0.081552431,0.313352495,0.586952865,statesector
1768,17,Kerala,1,NA,NA,NA,NA,0,4,0.01315672,0,0.0077509,0.024232099,0.099267513,0.380080521,0.488668978,statesector
1771,17,Kerala,1,NA,NA,NA,NA,1,4,0.0058283,0,0.000865865,0.014136177,0.077533297,0.298213452,0.609251201,statesector
1780,17,Kerala,0,NA,NA,NA,NA,1,4,0.014867486,0.000616199,0.0054973,0.03333259,0.17512317,0.377497613,0.408549339,statesector
1789,18,Lakshadweep,0,NA,NA,NA,4 to 6,NA,4,0.017939527,0,0,0,0.035879053,0.744732916,0.219388053,statesector
1790,18,Lakshadweep,1,NA,NA,NA,2 to 3,NA,4,0,0,0,0.014117738,0.167605758,0.410729736,0.407546759,statesector
1792,18,Lakshadweep,0,NA,NA,NA,7+,NA,4,0.022760253,0,0,0,0.0995242,0.733084559,0.167391226,statesector
1796,18,Lakshadweep,0,NA,NA,NA,1,NA,4,0,0,0,0.54564172,0.228216276,0,0.226142004,statesector
1798,18,Lakshadweep,1,NA,NA,NA,1,NA,4,0,0,0,0.170019165,0.238002181,0.176668331,0.415310323,statesector
1799,18,Lakshadweep,0,NA,No education / Preschool,NA,NA,NA,4,0,0,0,0,0,1,0,statesector
1801,18,Lakshadweep,1,NA,NA,NA,7+,NA,4,0.02598672,0,0,0.005151044,0.066324443,0.476263791,0.452260733,statesector
1802,18,Lakshadweep,0,NA,NA,NA,2 to 3,NA,4,0,0,0,0,0.171606034,0.509559214,0.318834722,statesector
1805,18,Lakshadweep,1,NA,No education / Preschool,NA,NA,NA,4,0,0,0,0.008580098,0.133418187,0.5237661,0.334235609,statesector
1808,18,Lakshadweep,1,NA,NA,2,NA,NA,4,0.004111619,0,0,0.00773579,0.121947005,0.49132818,0.378989011,statesector
1820,18,Lakshadweep,1,NA,Primary,NA,NA,NA,4,0.006676809,0,0,0.006434849,0.113201693,0.508464098,0.371899366,statesector
1821,18,Lakshadweep,1,NA,Secondary,NA,NA,NA,4,0.015382103,0,0.003005979,0.012653783,0.119398125,0.452663034,0.412279099,statesector
1824,18,Lakshadweep,1,30 to 45,NA,NA,NA,NA,4,0.008035615,0,0,0.015823267,0.190713406,0.516419888,0.277043432,statesector
1825,18,Lakshadweep,0,NA,NA,NA,NA,0,4,0,0,0,0,0.334346294,0.334346294,0.331307411,statesector
1828,18,Lakshadweep,1,NA,NA,NA,4 to 6,NA,4,0.003433673,0,0.003421718,0,0.102783628,0.504599273,0.389195383,statesector
1832,18,Lakshadweep,0,30 to 45,NA,NA,NA,NA,4,0,0,0,0,0.130125418,0.739749193,0.130125418,statesector
1833,18,Lakshadweep,0,NA,NA,2,NA,NA,4,0,0,0,0.05701277,0.122913316,0.677649558,0.14242436,statesector
1834,18,Lakshadweep,1,NA,NA,1,NA,NA,4,0.012627303,0,0.002424971,0.01020801,0.103073038,0.450803876,0.433490098,statesector
1839,18,Lakshadweep,1,65+,NA,NA,NA,NA,4,0.00680352,0,0,0.005564104,0.095603354,0.446165442,0.452667087,statesector
1840,18,Lakshadweep,0,NA,Primary,NA,NA,NA,4,0.019176722,0,0,0.046270128,0.157283515,0.627375126,0.169071242,statesector
1842,18,Lakshadweep,0,NA,Secondary,NA,NA,NA,4,0.013535188,0,0,0,0.064476445,0.666420043,0.269103557,statesector
1844,18,Lakshadweep,0,15 to 29,NA,NA,NA,NA,4,0,0,0,0,0.333333343,0,0.666666687,statesector
1847,18,Lakshadweep,0,46 to 64,NA,NA,NA,NA,4,0.011578994,0,0,0,0.114736728,0.627473414,0.25778988,statesector
1848,18,Lakshadweep,0,NA,NA,1,NA,NA,4,0.019978192,0,0,0,0.087575428,0.6453197,0.267104864,statesector
1850,18,Lakshadweep,1,NA,NA,NA,NA,NA,4,0,0,0,0,0,0.495740056,0.504259944,statesector
1851,18,Lakshadweep,1,15 to 29,NA,NA,NA,NA,4,0,0,0,0.055101402,0.056315579,0.395213872,0.493369132,statesector
1852,18,Lakshadweep,0,NA,Higher,NA,NA,NA,4,0,0,0,0,0.142483741,0.286274403,0.571241856,statesector
1861,18,Lakshadweep,0,65+,NA,NA,NA,NA,4,0.026814409,0,0,0.064698555,0.026814409,0.73653084,0.171956182,statesector
1875,18,Lakshadweep,1,NA,Higher,NA,NA,NA,4,0,0,0,0,0.01836,0.32578221,0.655857801,statesector
1876,18,Lakshadweep,1,46 to 64,NA,NA,NA,NA,4,0.011642034,0,0.002848382,0.006113564,0.089482591,0.459796309,0.441759139,statesector
1877,18,Lakshadweep,1,NA,NA,NA,NA,NA,4,0.009442985,0,0.001518243,0.009283614,0.110130265,0.46595645,0.413111418,statesector
1880,18,Lakshadweep,0,NA,NA,NA,NA,NA,4,0.01406106,0,0,0.016886016,0.098041788,0.654895127,0.230177045,statesector
1882,18,Lakshadweep,1,NA,NA,NA,NA,0,4,0,0,0,0.020295382,0.232130155,0.54365021,0.203924254,statesector
1885,18,Lakshadweep,0,NA,NA,NA,NA,1,4,0.014364491,0,0,0.017250407,0.092942446,0.661812425,0.22799471,statesector
1887,18,Lakshadweep,1,NA,NA,NA,NA,1,4,0.010195953,0,0.001643339,0.008376296,0.100078039,0.459554851,0.430347502,statesector
1894,19,Madhya Pradesh,1,NA,NA,NA,1,NA,4,0.245596454,0.014685142,0.18577227,0.125616401,0.195147544,0.287657768,0.205806002,statesector
1895,19,Madhya Pradesh,0,NA,NA,2,NA,NA,4,0.609850883,0.170846045,0.577200115,0.234367833,0.104787894,0.05804703,0.025597157,statesector
1897,19,Madhya Pradesh,1,NA,NA,NA,4 to 6,NA,4,0.123514004,0.03516902,0.048308548,0.090025753,0.152271286,0.280129671,0.429264754,statesector
1898,19,Madhya Pradesh,1,NA,NA,2,NA,NA,4,0.179755375,0.034123912,0.088425703,0.104671761,0.188105568,0.280318201,0.338478774,statesector
1902,19,Madhya Pradesh,0,NA,NA,NA,7+,NA,4,0.55793494,0.188668266,0.383036077,0.274181038,0.17291753,0.104438394,0.065426968,statesector
1906,19,Madhya Pradesh,1,NA,NA,NA,2 to 3,NA,4,0.12061812,0.024673976,0.07580363,0.08482033,0.141722783,0.272677422,0.424975812,statesector
1913,19,Madhya Pradesh,0,NA,NA,NA,4 to 6,NA,4,0.47689113,0.15751709,0.42185837,0.29166007,0.160152882,0.084484823,0.041843865,statesector
1914,19,Madhya Pradesh,0,NA,NA,NA,1,NA,4,0.804132223,0.154045463,0.746276915,0.140185684,0.069904916,0.030933425,0.012699081,statesector
1916,19,Madhya Pradesh,1,NA,NA,1,NA,NA,4,0.132864416,0.032781728,0.055804636,0.088288732,0.150024101,0.273517311,0.432365209,statesector
1917,19,Madhya Pradesh,0,NA,No education / Preschool,NA,NA,NA,4,0.687719405,0.262610853,0.63647145,0.24565132,0.085782237,0.025631296,0.006463728,statesector
1922,19,Madhya Pradesh,0,NA,NA,NA,2 to 3,NA,4,0.553788662,0.131763175,0.525827646,0.254952192,0.120778069,0.069323406,0.029118732,statesector
1923,19,Madhya Pradesh,1,NA,NA,NA,7+,NA,4,0.18178758,0.041758791,0.041584365,0.088683702,0.167960167,0.254031599,0.447740167,statesector
1932,19,Madhya Pradesh,0,NA,NA,1,NA,NA,4,0.513450265,0.157843992,0.433198541,0.279074132,0.156248868,0.086382538,0.045095928,statesector
1936,19,Madhya Pradesh,0,NA,Higher,NA,NA,NA,4,0.160341591,0.01555644,0.076098941,0.191942126,0.232248202,0.245510861,0.254199862,statesector
1949,19,Madhya Pradesh,0,NA,Secondary,NA,NA,NA,4,0.350613147,0.043560032,0.286173314,0.301434398,0.211352751,0.132681549,0.068357974,statesector
1951,19,Madhya Pradesh,1,NA,Primary,NA,NA,NA,4,0.239547133,0.065887205,0.092185512,0.141212955,0.221261546,0.306066036,0.239273936,statesector
1956,19,Madhya Pradesh,1,NA,NA,NA,NA,NA,4,0,0,0,0,0,1,0,statesector
1960,19,Madhya Pradesh,0,NA,Primary,NA,NA,NA,4,0.57001543,0.187460691,0.440741062,0.298232317,0.156024426,0.077161215,0.027840981,statesector
1963,19,Madhya Pradesh,0,NA,NA,NA,NA,NA,4,0.467861742,0.103277273,0.453654587,0.27809453,0.139448866,0.072232224,0.056569796,statesector
1964,19,Madhya Pradesh,1,NA,No education / Preschool,NA,NA,NA,4,0.362010419,0.101758577,0.169551134,0.189631075,0.246729925,0.254286647,0.139801234,statesector
1965,19,Madhya Pradesh,1,NA,NA,NA,NA,1,4,0.135080531,0.03125779,0.056276467,0.087070495,0.138665378,0.253160328,0.464827329,statesector
1968,19,Madhya Pradesh,1,65+,NA,NA,NA,NA,4,0.128697664,0.019541062,0.070000455,0.076217607,0.123507261,0.226121679,0.504153013,statesector
1970,19,Madhya Pradesh,1,46 to 64,NA,NA,NA,NA,4,0.108421862,0.022804633,0.053219393,0.068785928,0.124962181,0.233984441,0.519048035,statesector
1971,19,Madhya Pradesh,1,NA,NA,NA,NA,NA,4,0.094432376,0.038689271,0.109002829,0.066636436,0.19960317,0.292365372,0.332392216,statesector
1976,19,Madhya Pradesh,0,NA,NA,NA,NA,0,4,0.543585479,0.177845865,0.466605872,0.283726573,0.139885515,0.075409457,0.034372583,statesector
1977,19,Madhya Pradesh,0,NA,NA,NA,NA,1,4,0.517880261,0.155752167,0.441768408,0.273856819,0.153939292,0.085444912,0.044990566,statesector
1978,19,Madhya Pradesh,1,NA,NA,NA,NA,0,4,0.147505283,0.037710339,0.068921044,0.098986469,0.198975816,0.334030181,0.299086511,statesector
1979,19,Madhya Pradesh,1,NA,Secondary,NA,NA,NA,4,0.066114098,0.00631925,0.02623805,0.066968121,0.145183265,0.321292222,0.440318346,statesector
1980,19,Madhya Pradesh,1,NA,NA,NA,NA,NA,4,0.138315395,0.032937754,0.059582576,0.090186097,0.154434428,0.274304926,0.421491981,statesector
1982,19,Madhya Pradesh,0,NA,NA,NA,NA,NA,4,0.654967129,0,1,0,0,0,0,statesector
1985,19,Madhya Pradesh,1,30 to 45,NA,NA,NA,NA,4,0.154752776,0.042813294,0.058829136,0.103450306,0.176851302,0.307861835,0.353007406,statesector
1988,19,Madhya Pradesh,1,15 to 29,NA,NA,NA,NA,4,0.202933401,0.050091825,0.074953273,0.140712142,0.222150415,0.361996651,0.200187534,statesector
1992,19,Madhya Pradesh,0,NA,NA,NA,NA,NA,4,0.521591604,0.158942044,0.445380479,0.275292158,0.151895478,0.08398547,0.04344641,statesector
1993,19,Madhya Pradesh,1,NA,Higher,NA,NA,NA,4,0.009113739,0.000206182,0.003682378,0.009995603,0.036890395,0.169413745,0.780017853,statesector
1994,19,Madhya Pradesh,0,46 to 64,NA,NA,NA,NA,4,0.476815462,0.113679707,0.395984471,0.274134785,0.171302214,0.099673435,0.058905091,statesector
1996,19,Madhya Pradesh,0,65+,NA,NA,NA,NA,4,0.565105557,0.118299738,0.497782737,0.229708865,0.130997986,0.082873128,0.058637269,statesector
1997,19,Madhya Pradesh,0,15 to 29,NA,NA,NA,NA,4,0.678465426,0.26602301,0.509648621,0.297171861,0.1228223,0.056395262,0.013961939,statesector
2000,19,Madhya Pradesh,0,30 to 45,NA,NA,NA,NA,4,0.500854552,0.180141807,0.451580197,0.284734279,0.150653526,0.079053625,0.03397835,statesector
2002,20,Maharashtra,1,65+,NA,NA,NA,NA,4,0.071828015,0.012623684,0.037415776,0.043721315,0.106630638,0.294064552,0.518167734,statesector
2011,20,Maharashtra,1,NA,NA,1,NA,NA,4,0.046013448,0.007363841,0.017480366,0.067395419,0.158753872,0.300230056,0.45614028,statesector
2012,20,Maharashtra,1,46 to 64,NA,NA,NA,NA,4,0.03564138,0.004691479,0.010964246,0.041733567,0.138537392,0.288286477,0.520478308,statesector
2014,20,Maharashtra,1,NA,NA,2,NA,NA,4,0.075375721,0.006843942,0.029083539,0.07501407,0.215600237,0.339806467,0.340495706,statesector
2015,20,Maharashtra,1,NA,NA,NA,NA,NA,4,0,0,0.180288643,0.101530328,0.255917579,0.205753654,0.256509781,statesector
2017,20,Maharashtra,1,NA,Higher,NA,NA,NA,4,0.004118338,0,0.001268455,0.007259652,0.039891407,0.136904955,0.81467551,statesector
2018,20,Maharashtra,0,NA,NA,2,NA,NA,4,0.399140328,0.063038878,0.289650857,0.257052064,0.244774565,0.16677317,0.041749343,statesector
2026,20,Maharashtra,0,NA,NA,NA,1,NA,4,0.637949526,0.067267396,0.457888424,0.27934742,0.170535535,0.077447757,0.014780866,statesector
2028,20,Maharashtra,0,NA,NA,1,NA,NA,4,0.261824071,0.048081808,0.166917905,0.256205708,0.275572628,0.209127024,0.092176735,statesector
2031,20,Maharashtra,0,NA,NA,NA,7+,NA,4,0.310071945,0.077541947,0.149582595,0.229965284,0.262925267,0.230848581,0.126678273,statesector
2033,20,Maharashtra,1,NA,NA,NA,1,NA,4,0.09113992,0.006505407,0.06612473,0.184133813,0.24966152,0.299393505,0.200686425,statesector
2034,20,Maharashtra,1,NA,NA,NA,4 to 6,NA,4,0.046720132,0.008204644,0.011232086,0.057610713,0.160084352,0.316017121,0.455055714,statesector
2035,20,Maharashtra,1,NA,NA,NA,7+,NA,4,0.075959355,0.012777374,0.016865088,0.056369636,0.186308473,0.344387054,0.396069765,statesector
2039,20,Maharashtra,0,46 to 64,NA,NA,NA,NA,4,0.242761195,0.039818671,0.162293777,0.236930698,0.26865828,0.222358629,0.109758623,statesector
2040,20,Maharashtra,0,NA,NA,NA,2 to 3,NA,4,0.282805532,0.034566704,0.222456425,0.263736486,0.261177838,0.185612395,0.067016833,statesector
2041,20,Maharashtra,1,NA,Primary,NA,NA,NA,4,0.093424164,0.019235499,0.023852432,0.119400062,0.236811444,0.407792985,0.212143093,statesector
2042,20,Maharashtra,1,NA,Secondary,NA,NA,NA,4,0.020684136,0.000427537,0.010471221,0.051306054,0.155885369,0.334081739,0.448255599,statesector
2043,20,Maharashtra,1,30 to 45,NA,NA,NA,NA,4,0.047532085,0.005827449,0.014713373,0.08286088,0.197298631,0.334154993,0.370972127,statesector
2047,20,Maharashtra,1,NA,NA,NA,2 to 3,NA,4,0.037602443,0.003123328,0.027706698,0.075824335,0.157433614,0.269680858,0.46935451,statesector
2052,20,Maharashtra,0,30 to 45,NA,NA,NA,NA,4,0.257739156,0.05788688,0.167661354,0.275993705,0.28657949,0.197736442,0.072028995,statesector
2053,20,Maharashtra,1,NA,No education / Preschool,NA,NA,NA,4,0.184323087,0.03113848,0.071967825,0.166713253,0.312348336,0.317498863,0.131471738,statesector
2054,20,Maharashtra,0,65+,NA,NA,NA,NA,4,0.345465004,0.040339366,0.226348609,0.249794051,0.257020563,0.189346746,0.077490032,statesector
2055,20,Maharashtra,0,NA,NA,NA,4 to 6,NA,4,0.23614794,0.046305366,0.1519669,0.259586483,0.287449032,0.21368511,0.087312482,statesector
2066,20,Maharashtra,0,NA,Higher,NA,NA,NA,4,0.050897807,0.003129344,0.023118746,0.077097818,0.175022587,0.352883399,0.371877462,statesector
2068,20,Maharashtra,1,15 to 29,NA,NA,NA,NA,4,0.103846505,0.018891538,0.053887676,0.184640691,0.273876041,0.281278968,0.20631662,statesector
2074,20,Maharashtra,0,NA,NA,NA,NA,0,4,0.286367744,0.060602196,0.206029072,0.243969426,0.271609783,0.211348325,0.067043416,statesector
2079,20,Maharashtra,0,NA,Secondary,NA,NA,NA,4,0.153928652,0.01259887,0.0864143,0.2184975,0.310130745,0.273962557,0.110994898,statesector
2081,20,Maharashtra,0,NA,NA,NA,NA,NA,4,0.257892728,0,0.193874821,0.461234838,0.182681605,0.162208736,0,statesector
2084,20,Maharashtra,1,NA,NA,NA,NA,NA,4,0.050271157,0.007288452,0.019150447,0.068491995,0.166935951,0.305926412,0.439495176,statesector
2086,20,Maharashtra,1,NA,NA,NA,NA,1,4,0.043269403,0.007011479,0.014248652,0.044700161,0.141118854,0.30203104,0.497901291,statesector
2089,20,Maharashtra,0,15 to 29,NA,NA,NA,NA,4,0.376529276,0.111892216,0.216295779,0.30008024,0.267499089,0.174547434,0.041577462,statesector
2090,20,Maharashtra,0,NA,No education / Preschool,NA,NA,NA,4,0.491950721,0.116494104,0.368181378,0.310990304,0.209063143,0.097404137,0.014361011,statesector
2094,20,Maharashtra,1,NA,NA,NA,NA,0,4,0.066898488,0.007946191,0.030936638,0.125698611,0.229012266,0.315292716,0.299059749,statesector
2099,20,Maharashtra,0,NA,NA,NA,NA,NA,4,0.278328687,0.049879562,0.181558892,0.256306678,0.271898687,0.204074576,0.086161181,statesector
2103,20,Maharashtra,0,NA,Primary,NA,NA,NA,4,0.330888122,0.057945833,0.195789844,0.309795469,0.293572426,0.154361084,0.046481177,statesector
2104,20,Maharashtra,0,NA,NA,NA,NA,1,4,0.277127355,0.048277203,0.177872971,0.258165032,0.271942198,0.202978939,0.089040868,statesector
2108,21,Manipur,0,NA,Secondary,NA,NA,NA,4,0.199369371,0.014703929,0.084643498,0.401542246,0.333945632,0.137424484,0.04244414,statesector
2110,21,Manipur,0,NA,No education / Preschool,NA,NA,NA,4,0.389975518,0.095302165,0.247232765,0.450157762,0.212534323,0.07101588,0.019059263,statesector
2112,21,Manipur,0,NA,Higher,NA,NA,NA,4,0.102263518,0.009319657,0.011951883,0.184335187,0.358622521,0.247557133,0.197533265,statesector
2118,21,Manipur,1,NA,NA,2,NA,NA,4,0.144742787,0.013985545,0.072191522,0.196847051,0.299955219,0.283310264,0.147695944,statesector
2129,21,Manipur,1,65+,NA,NA,NA,NA,4,0.113244504,0.005476163,0.045475271,0.136324361,0.307843029,0.310039043,0.200318322,statesector
2131,21,Manipur,1,30 to 45,NA,NA,NA,NA,4,0.157199085,0.020638227,0.065761372,0.213404506,0.344437897,0.261161149,0.11523509,statesector
2132,21,Manipur,1,46 to 64,NA,NA,NA,NA,4,0.102058657,0.008114033,0.045851346,0.178199068,0.272175133,0.318184257,0.185590222,statesector
2136,21,Manipur,0,NA,Primary,NA,NA,NA,4,0.387080044,0.099880762,0.189842328,0.478745252,0.247399762,0.066966072,0.017046582,statesector
2137,21,Manipur,1,NA,Higher,NA,NA,NA,4,0.050869387,0.002702449,0.010364851,0.063255936,0.190182999,0.38517049,0.35102573,statesector
2138,21,Manipur,1,NA,NA,NA,NA,NA,4,0.322547048,0.072827049,0.133751795,0.02547471,0.492163718,0.291265219,0.057344556,statesector
2140,21,Manipur,0,15 to 29,NA,NA,NA,NA,4,0.381634027,0.069289163,0.173193529,0.473735094,0.295039088,0.054160804,0.003871485,statesector
2141,21,Manipur,0,NA,NA,NA,NA,NA,4,0.106734186,0,0.090414055,0.430269033,0.247411609,0.231905296,0,statesector
2142,21,Manipur,1,NA,No education / Preschool,NA,NA,NA,4,0.263067752,0.037450861,0.144954845,0.283210129,0.302883685,0.192225158,0.076726176,statesector
2143,21,Manipur,1,NA,Primary,NA,NA,NA,4,0.235639781,0.053401083,0.119140126,0.29667002,0.336909145,0.195265919,0.052014768,statesector
2144,21,Manipur,0,NA,NA,NA,NA,NA,4,1,0,0,1,0,0,0,statesector
2146,21,Manipur,0,NA,NA,NA,4 to 6,NA,4,0.2333166,0.041221727,0.10709697,0.395115167,0.315529287,0.130226806,0.052031778,statesector
2147,21,Manipur,0,NA,NA,NA,7+,NA,4,0.289773792,0.060442485,0.101311833,0.368379742,0.303861141,0.137478843,0.088968419,statesector
2155,21,Manipur,1,NA,NA,1,NA,NA,4,0.126751035,0.01358508,0.054054681,0.181921497,0.306994379,0.294991672,0.16203776,statesector
2156,21,Manipur,1,15 to 29,NA,NA,NA,NA,4,0.280277044,0.052946426,0.168894365,0.269533455,0.33426711,0.195071608,0.032233451,statesector
2157,21,Manipur,0,NA,NA,NA,2 to 3,NA,4,0.25053075,0.032879431,0.157001957,0.430345595,0.263515353,0.118546717,0.030590365,statesector
2158,21,Manipur,0,65+,NA,NA,NA,NA,4,0.215062022,0.028093318,0.103121281,0.345578998,0.305663049,0.161078349,0.084558316,statesector
2162,21,Manipur,1,NA,Secondary,NA,NA,NA,4,0.11135713,0.004231685,0.045466464,0.199415579,0.357126325,0.292017728,0.105973899,statesector
2164,21,Manipur,1,NA,NA,NA,4 to 6,NA,4,0.118318632,0.010432503,0.046854362,0.189754963,0.306943774,0.287782907,0.168663993,statesector
2166,21,Manipur,1,NA,NA,NA,7+,NA,4,0.181986004,0.024862928,0.048398018,0.156316265,0.283614278,0.308869243,0.202802196,statesector
2168,21,Manipur,0,NA,NA,1,NA,NA,4,0.255495042,0.046148453,0.121068858,0.403896332,0.296805173,0.123705432,0.054524191,statesector
2169,21,Manipur,0,NA,NA,2,NA,NA,4,0.255659789,0.032041684,0.141904071,0.363452077,0.310786396,0.14192608,0.041931376,statesector
2173,21,Manipur,1,NA,NA,NA,NA,NA,4,0.130311817,0.013664337,0.057702068,0.184923083,0.305578768,0.292642504,0.159153566,statesector
2174,21,Manipur,1,NA,NA,NA,1,NA,4,0.288760364,0.005382304,0.190204412,0.333887309,0.232732415,0.17772539,0.06545046,statesector
2175,21,Manipur,1,NA,NA,NA,2 to 3,NA,4,0.110327825,0.015866481,0.074455351,0.173042715,0.323572844,0.308016956,0.120912135,statesector
2182,21,Manipur,0,NA,NA,NA,1,NA,4,0.517259955,0.07928849,0.357003063,0.369577229,0.216736093,0.049445905,0.007237704,statesector
2184,21,Manipur,0,46 to 64,NA,NA,NA,NA,4,0.208429813,0.030743847,0.110858493,0.389512777,0.303351074,0.137639567,0.058638092,statesector
2186,21,Manipur,0,NA,NA,NA,NA,0,4,0.281584442,0.054098517,0.14040038,0.424977243,0.302825898,0.099741809,0.03205467,statesector
2191,21,Manipur,0,30 to 45,NA,NA,NA,NA,4,0.306773007,0.062730916,0.142415434,0.420773089,0.291277856,0.10858795,0.036945663,statesector
2196,21,Manipur,0,NA,NA,NA,NA,1,4,0.247309312,0.040696144,0.119326502,0.388838559,0.29782322,0.135040879,0.058970839,statesector
2199,21,Manipur,1,NA,NA,NA,NA,1,4,0.117686287,0.009116545,0.049808968,0.174944013,0.296250463,0.300609976,0.178386584,statesector
2205,21,Manipur,0,NA,NA,NA,NA,NA,4,0.255521208,0.043907188,0.12437024,0.397487849,0.299020529,0.126592532,0.052528832,statesector
2207,21,Manipur,1,NA,NA,NA,NA,0,4,0.165914118,0.026488494,0.079661362,0.212685734,0.331530988,0.270476252,0.105645657,statesector
2217,22,Meghalaya,1,30 to 45,NA,NA,NA,NA,4,0.113958716,0.017280614,0.019791938,0.103586398,0.329600453,0.40307349,0.143947721,statesector
2220,22,Meghalaya,1,15 to 29,NA,NA,NA,NA,4,0.107224874,0.009996756,0.020398671,0.183754295,0.475008696,0.295131683,0.025706656,statesector
2221,22,Meghalaya,0,30 to 45,NA,NA,NA,NA,4,0.428930968,0.156077832,0.15012373,0.451823294,0.295731395,0.08392036,0.018401228,statesector
2225,22,Meghalaya,1,NA,NA,2,NA,NA,4,0.086367913,0.002475876,0.011370127,0.086138114,0.322299987,0.355292022,0.224899754,statesector
2226,22,Meghalaya,0,46 to 64,NA,NA,NA,NA,4,0.291001707,0.07657823,0.126818374,0.382490218,0.351612806,0.106890902,0.032187708,statesector
2231,22,Meghalaya,0,65+,NA,NA,NA,NA,4,0.344601989,0.070020437,0.141092464,0.368441701,0.335944206,0.123663589,0.030858051,statesector
2233,22,Meghalaya,1,46 to 64,NA,NA,NA,NA,4,0.063580848,0.005473294,0.008666093,0.064969525,0.240670875,0.3925668,0.293126732,statesector
2234,22,Meghalaya,0,NA,NA,NA,1,NA,4,0.567368448,0.023050981,0.334666282,0.377445191,0.25770998,0.030178541,0,statesector
2239,22,Meghalaya,0,NA,NA,1,NA,NA,4,0.377845407,0.127495885,0.150582269,0.434481531,0.30196628,0.088943817,0.024026114,statesector
2242,22,Meghalaya,1,NA,NA,NA,7+,NA,4,0.133040622,0.018269073,0.021388443,0.08436203,0.310578495,0.381927669,0.201743364,statesector
2244,22,Meghalaya,1,NA,Secondary,NA,NA,NA,4,0.045422141,0,0.007744569,0.07609237,0.292299002,0.440667957,0.183196083,statesector
2247,22,Meghalaya,1,NA,NA,NA,NA,1,4,0.095827579,0.014887573,0.018634869,0.104670785,0.232151881,0.309378266,0.335164219,statesector
2248,22,Meghalaya,0,NA,No education / Preschool,NA,NA,NA,4,0.526238263,0.200679943,0.232429788,0.468732357,0.24874483,0.041787751,0.00830528,statesector
2253,22,Meghalaya,0,NA,NA,NA,NA,NA,4,0.387309462,0,0.209856585,0.480586618,0.309556812,0,0,statesector
2254,22,Meghalaya,0,NA,NA,2,NA,NA,4,0.399631232,0.126741737,0.145821676,0.392097116,0.342187732,0.099535272,0.020358186,statesector
2255,22,Meghalaya,0,15 to 29,NA,NA,NA,NA,4,0.557451606,0.237915128,0.225192845,0.497801363,0.229176432,0.044589847,0.003239518,statesector
2256,22,Meghalaya,1,NA,NA,1,NA,NA,4,0.088405974,0.014674838,0.017665574,0.102723964,0.282201946,0.391698688,0.20570983,statesector
2257,22,Meghalaya,1,NA,NA,NA,2 to 3,NA,4,0.043262456,0.001230929,0.013046297,0.086656652,0.305095345,0.393428713,0.201772973,statesector
2265,22,Meghalaya,0,NA,Higher,NA,NA,NA,4,0.049771015,0.008059031,0.01575123,0.085915096,0.338867426,0.367596835,0.191869423,statesector
2269,22,Meghalaya,1,NA,Primary,NA,NA,NA,4,0.201257631,0.034458648,0.037456397,0.165793359,0.445590347,0.259166598,0.091993295,statesector
2272,22,Meghalaya,1,NA,Higher,NA,NA,NA,4,0.006919401,0,0,0.021457087,0.15983209,0.385240465,0.433470368,statesector
2280,22,Meghalaya,0,NA,NA,NA,4 to 6,NA,4,0.358362228,0.128040284,0.133782178,0.423075795,0.31376943,0.09854237,0.030830232,statesector
2281,22,Meghalaya,1,NA,No education / Preschool,NA,NA,NA,4,0.275386125,0.040309984,0.048362661,0.237452537,0.374954134,0.235347867,0.103882805,statesector
2282,22,Meghalaya,1,NA,NA,NA,1,NA,4,0.110105135,0,0.026726654,0.149880886,0.485888541,0.306303531,0.031200409,statesector
2284,22,Meghalaya,0,NA,NA,NA,NA,1,4,0.383243293,0.129254311,0.14376089,0.42782405,0.319351822,0.090110511,0.018952712,statesector
2285,22,Meghalaya,1,NA,NA,NA,4 to 6,NA,4,0.093132772,0.012873648,0.01307458,0.098914132,0.267869145,0.37647444,0.243667707,statesector
2286,22,Meghalaya,0,NA,NA,NA,NA,0,4,0.385978758,0.119434141,0.17059207,0.404251784,0.288002551,0.098412946,0.038740627,statesector
2291,22,Meghalaya,0,NA,Secondary,NA,NA,NA,4,0.19476755,0.016426546,0.075730599,0.376559913,0.373340368,0.144332349,0.03003676,statesector
2293,22,Meghalaya,0,NA,Primary,NA,NA,NA,4,0.485660404,0.187352553,0.152103275,0.479111195,0.319817364,0.045063965,0.003904205,statesector
2295,22,Meghalaya,0,NA,NA,NA,7+,NA,4,0.41282925,0.149730712,0.126999468,0.412849337,0.347842127,0.097709171,0.014599908,statesector
2298,22,Meghalaya,1,NA,NA,NA,NA,0,4,0.080831356,0.005816108,0.012380516,0.089310937,0.352800578,0.435153306,0.110354692,statesector
2302,22,Meghalaya,0,NA,NA,NA,2 to 3,NA,4,0.395585805,0.108486056,0.201461822,0.442574561,0.270101368,0.071817383,0.014044858,statesector
2313,22,Meghalaya,1,NA,NA,NA,NA,NA,4,0.087611139,0.00991731,0.015239132,0.096331313,0.297656864,0.377666533,0.21310617,statesector
2315,22,Meghalaya,1,NA,NA,NA,NA,NA,4,0,0,0,0,1,0,0,statesector
2316,22,Meghalaya,1,65+,NA,NA,NA,NA,4,0.055237602,0,0.015794978,0.072577648,0.172311112,0.343460172,0.395856082,statesector
2322,22,Meghalaya,0,NA,NA,NA,NA,NA,4,0.383790433,0.127290085,0.149289012,0.422967374,0.312892824,0.091821089,0.023029685,statesector
2325,23,Mizoram,0,NA,NA,NA,NA,NA,4,0,0,1,0,0,0,0,statesector
2326,23,Mizoram,1,NA,NA,NA,2 to 3,NA,4,0.015339153,0.001704754,0.002651411,0.034973249,0.168142647,0.354137987,0.440094709,statesector
2329,23,Mizoram,1,NA,NA,NA,1,NA,4,0.073328555,0,0.027780121,0.069211937,0.236693218,0.423485637,0.242829084,statesector
2338,23,Mizoram,0,NA,NA,NA,7+,NA,4,0.182675734,0.069317117,0.094134316,0.1715516,0.337969393,0.269141108,0.127203599,statesector
2342,23,Mizoram,1,NA,NA,1,NA,NA,4,0.017806362,0.002035007,0.006952307,0.028287943,0.12294092,0.335082591,0.506736219,statesector
2344,23,Mizoram,1,NA,NA,NA,4 to 6,NA,4,0.016124425,0.002041944,0.005315249,0.021992689,0.096510418,0.331075311,0.545106351,statesector
2345,23,Mizoram,0,65+,NA,NA,NA,NA,4,0.128026485,0.027107654,0.068265773,0.161895931,0.331858158,0.31802389,0.119956248,statesector
2351,23,Mizoram,1,NA,NA,2,NA,NA,4,0.020326216,0.001179536,0.001157662,0.020009063,0.10676723,0.349668056,0.522397995,statesector
2354,23,Mizoram,1,NA,NA,NA,NA,1,4,0.016586091,0.002006283,0.006170541,0.018774174,0.098363958,0.301122606,0.575568736,statesector
2358,23,Mizoram,1,NA,NA,NA,7+,NA,4,0.01195172,0.001904689,0.003128754,0.010805345,0.072411597,0.308936864,0.604717433,statesector
2364,23,Mizoram,0,NA,NA,NA,4 to 6,NA,4,0.213328719,0.083368957,0.149223164,0.212400168,0.334737718,0.228627086,0.075011857,statesector
2368,23,Mizoram,0,NA,NA,2,NA,NA,4,0.197738633,0.062593907,0.109041825,0.240812317,0.33670187,0.240880817,0.072563156,statesector
2369,23,Mizoram,1,NA,NA,NA,NA,0,4,0.019313697,0.001737147,0.00518394,0.029863911,0.128946662,0.357086897,0.478918582,statesector
2372,23,Mizoram,0,46 to 64,NA,NA,NA,NA,4,0.149688214,0.043437798,0.118090577,0.192197353,0.340061158,0.258124918,0.091526017,statesector
2379,23,Mizoram,0,NA,NA,1,NA,NA,4,0.207523748,0.071897671,0.147789627,0.208860904,0.332655936,0.233113617,0.077579923,statesector
2381,23,Mizoram,0,NA,No education / Preschool,NA,NA,NA,4,0.487022817,0.227469161,0.421519995,0.256459743,0.217123494,0.087613598,0.017283145,statesector
2391,23,Mizoram,1,15 to 29,NA,NA,NA,NA,4,0.056402173,0.00922848,0.01285241,0.067452766,0.289441049,0.368953407,0.261300385,statesector
2392,23,Mizoram,0,NA,Primary,NA,NA,NA,4,0.212074921,0.066064626,0.100301802,0.241041452,0.363533109,0.23768203,0.057441592,statesector
2394,23,Mizoram,0,NA,NA,NA,NA,1,4,0.223596334,0.077328213,0.160455674,0.217491627,0.302268237,0.231387243,0.088397197,statesector
2395,23,Mizoram,0,NA,NA,NA,NA,0,4,0.19007808,0.064415954,0.125564769,0.209502921,0.36192292,0.236815333,0.066194072,statesector
2396,23,Mizoram,1,NA,No education / Preschool,NA,NA,NA,4,0.074557029,0.010121677,0.017488776,0.091265284,0.240053132,0.416978627,0.234214172,statesector
2397,23,Mizoram,0,NA,Secondary,NA,NA,NA,4,0.09831389,0.013772558,0.069370404,0.186636046,0.369176477,0.279825568,0.094991513,statesector
2398,23,Mizoram,0,15 to 29,NA,NA,NA,NA,4,0.432071269,0.169283539,0.301845849,0.319739908,0.251304686,0.118366696,0.008742829,statesector
2399,23,Mizoram,0,30 to 45,NA,NA,NA,NA,4,0.25653109,0.099932693,0.169939965,0.238776684,0.344877601,0.191934586,0.054471157,statesector
2401,23,Mizoram,1,46 to 64,NA,NA,NA,NA,4,0.016041111,0.000611551,0.003845711,0.020549603,0.094303772,0.312930018,0.568370879,statesector
2402,23,Mizoram,1,30 to 45,NA,NA,NA,NA,4,0.018621268,0.003014833,0.008621484,0.031638704,0.146157041,0.375594169,0.437988609,statesector
2403,23,Mizoram,0,NA,Higher,NA,NA,NA,4,0.01088463,0,0.010615276,0.052708894,0.188765556,0.407798678,0.340111583,statesector
2406,23,Mizoram,1,NA,NA,NA,NA,NA,4,0.018425616,0.001824775,0.005507757,0.026224097,0.118908972,0.338718593,0.510640562,statesector
2407,23,Mizoram,1,65+,NA,NA,NA,NA,4,0.010674276,0,0.001458639,0.015342035,0.068433776,0.322694153,0.592071414,statesector
2410,23,Mizoram,0,NA,NA,NA,2 to 3,NA,4,0.19618994,0.052431375,0.153902784,0.21305497,0.333687454,0.240935162,0.058419637,statesector
2411,23,Mizoram,0,NA,NA,NA,NA,NA,4,0.206178024,0.070618145,0.142350301,0.213346168,0.333223879,0.23420395,0.076875687,statesector
2413,23,Mizoram,1,NA,Secondary,NA,NA,NA,4,0.00620267,0,0.002211013,0.017580224,0.105562575,0.348512292,0.526133895,statesector
2415,23,Mizoram,0,NA,NA,NA,1,NA,4,0.246544972,0.026377242,0.153032154,0.348677665,0.300403118,0.158503234,0.039383862,statesector
2418,23,Mizoram,1,NA,Primary,NA,NA,NA,4,0.044991214,0.005333936,0.014150508,0.048123155,0.183492184,0.378163606,0.376070559,statesector
2420,23,Mizoram,1,NA,NA,NA,NA,NA,4,0.010612054,0,0,0.005561933,0.034169983,0.406466663,0.553801417,statesector
2424,23,Mizoram,0,NA,NA,NA,NA,NA,4,0.073766135,0,0.17721419,0.078708477,0.433509856,0.192721412,0.117846072,statesector
2428,23,Mizoram,1,NA,Higher,NA,NA,NA,4,0,0,0,0,0.023240522,0.192294255,0.784465194,statesector
2435,24,Nagaland,1,NA,NA,2,NA,NA,4,0.076893345,0.00761719,0.021851365,0.110311918,0.26472351,0.411505401,0.191607788,statesector
2436,24,Nagaland,0,NA,NA,NA,7+,NA,4,0.375937194,0.127759382,0.187189326,0.455471575,0.230724812,0.070527501,0.056086786,statesector
2437,24,Nagaland,0,NA,NA,NA,2 to 3,NA,4,0.266872197,0.030674899,0.152711585,0.383564651,0.298283875,0.126856059,0.038583834,statesector
2438,24,Nagaland,0,NA,NA,NA,1,NA,4,0.53186059,0.00854176,0.273678869,0.424605459,0.165901199,0.116834842,0.018979635,statesector
2441,24,Nagaland,0,NA,NA,NA,4 to 6,NA,4,0.273453295,0.079480171,0.15859051,0.407682121,0.254794538,0.12105523,0.057877593,statesector
2444,24,Nagaland,1,NA,NA,1,NA,NA,4,0.105405204,0.020734577,0.028525352,0.127848178,0.278281569,0.34826225,0.217082664,statesector
2449,24,Nagaland,1,NA,NA,NA,1,NA,4,0.133220479,0,0.033840306,0.156956434,0.343065858,0.371355236,0.094782174,statesector
2452,24,Nagaland,1,NA,Higher,NA,NA,NA,4,0.011005221,0,0,0.018531291,0.128977165,0.387060255,0.465431273,statesector
2454,24,Nagaland,1,NA,NA,NA,NA,0,4,0.119433612,0.023352128,0.032529719,0.140215039,0.288329899,0.38441816,0.154507205,statesector
2463,24,Nagaland,0,NA,NA,1,NA,NA,4,0.298556954,0.067707345,0.16741693,0.408008218,0.264848173,0.110462502,0.049264193,statesector
2464,24,Nagaland,1,NA,Secondary,NA,NA,NA,4,0.059101976,0.003611434,0.017340653,0.110824384,0.288300514,0.385809392,0.197725043,statesector
2468,24,Nagaland,1,NA,NA,NA,NA,NA,4,0.266038775,0.077177688,0,0.31677404,0.142714262,0.419087529,0.121424183,statesector
2473,24,Nagaland,1,NA,NA,NA,7+,NA,4,0.148798838,0.030231141,0.023246821,0.110566474,0.28924033,0.323333532,0.253612846,statesector
2476,24,Nagaland,0,NA,NA,NA,NA,1,4,0.310130358,0.061777897,0.174819767,0.42890048,0.255165756,0.095572658,0.04554135,statesector
2479,24,Nagaland,0,65+,NA,NA,NA,NA,4,0.341659874,0.028281886,0.174481809,0.431669652,0.258237004,0.094392821,0.041218732,statesector
2480,24,Nagaland,0,NA,NA,2,NA,NA,4,0.346517503,0.042080186,0.180205569,0.402959973,0.22753118,0.14814353,0.041159749,statesector
2490,24,Nagaland,0,NA,NA,NA,NA,0,4,0.277546227,0.077451371,0.137105539,0.283169419,0.284827083,0.2319884,0.062909558,statesector
2491,24,Nagaland,0,46 to 64,NA,NA,NA,NA,4,0.251979202,0.045352157,0.160773173,0.390512645,0.272136152,0.118939757,0.057638299,statesector
2492,24,Nagaland,1,NA,No education / Preschool,NA,NA,NA,4,0.322584659,0.074068166,0.102583796,0.258462012,0.340713531,0.270314544,0.027926106,statesector
2493,24,Nagaland,1,NA,NA,NA,NA,1,4,0.077701606,0.012451847,0.021223981,0.106535628,0.26124239,0.33199957,0.278998435,statesector
2499,24,Nagaland,1,NA,NA,NA,2 to 3,NA,4,0.08244922,0.016135991,0.03097013,0.120853744,0.267501265,0.365144551,0.215530291,statesector
2500,24,Nagaland,1,NA,NA,NA,4 to 6,NA,4,0.095076732,0.019634841,0.025027869,0.125331178,0.268124849,0.363622516,0.217893615,statesector
2502,24,Nagaland,0,30 to 45,NA,NA,NA,NA,4,0.319426745,0.09680213,0.165633708,0.409151018,0.25636819,0.118652888,0.050194222,statesector
2504,24,Nagaland,0,NA,NA,NA,NA,NA,4,0.200277567,0,0.087018669,0.318448395,0.455543667,0.102440968,0.036548272,statesector
2506,24,Nagaland,1,NA,Primary,NA,NA,NA,4,0.232304767,0.0647927,0.052847177,0.225793004,0.382181764,0.274432212,0.064745843,statesector
2507,24,Nagaland,1,NA,NA,NA,NA,NA,4,0.100142337,0.018313302,0.027278954,0.124573193,0.275749534,0.360073209,0.212325111,statesector
2516,24,Nagaland,0,NA,Higher,NA,NA,NA,4,0.037663385,0.003292189,0.007722998,0.064076439,0.267761946,0.330042243,0.330396384,statesector
2518,24,Nagaland,0,NA,No education / Preschool,NA,NA,NA,4,0.533663452,0.142627597,0.335098505,0.467989713,0.146800965,0.034894738,0.015216107,statesector
2520,24,Nagaland,0,NA,NA,NA,NA,NA,4,0.305354297,0.064075261,0.169227988,0.40729332,0.259563565,0.11579866,0.04811649,statesector
2523,24,Nagaland,1,30 to 45,NA,NA,NA,NA,4,0.108700007,0.018668843,0.027476119,0.128342211,0.302316338,0.36211729,0.179748043,statesector
2527,24,Nagaland,0,15 to 29,NA,NA,NA,NA,4,0.399197847,0.10080038,0.209212571,0.416223139,0.219379142,0.141675413,0.013509708,statesector
2531,24,Nagaland,0,NA,Secondary,NA,NA,NA,4,0.136322379,0.008718127,0.075794294,0.373945206,0.335541964,0.16534166,0.049376853,statesector
2532,24,Nagaland,1,15 to 29,NA,NA,NA,NA,4,0.153101534,0.028460314,0.056976818,0.188198939,0.347752988,0.328540921,0.078530341,statesector
2535,24,Nagaland,1,46 to 64,NA,NA,NA,NA,4,0.0760924,0.016040817,0.017029457,0.106697045,0.241079152,0.369452178,0.265742153,statesector
2539,24,Nagaland,0,NA,Primary,NA,NA,NA,4,0.444758385,0.099445701,0.202605665,0.484592348,0.231286719,0.061254505,0.02026077,statesector
2541,24,Nagaland,1,65+,NA,NA,NA,NA,4,0.088311441,0.012798998,0.025538802,0.09840934,0.207832709,0.356213272,0.312005877,statesector
2542,24,Nagaland,1,NA,NA,NA,NA,NA,4,0.520704091,0,1,0,0,0,0,statesector
2543,25,Delhi,1,NA,NA,NA,4 to 6,NA,4,0.039399084,0.012496889,0.001317139,0.016724207,0.129185513,0.236821517,0.615951598,statesector
2545,25,Delhi,1,NA,NA,2,NA,NA,4,0.054023717,0.011446256,0.00362952,0.026061242,0.08843831,0.222044021,0.659826934,statesector
2546,25,Delhi,1,NA,NA,1,NA,NA,4,0.037659019,0.008781381,0.001872237,0.020107104,0.155630887,0.217653409,0.604736388,statesector
2548,25,Delhi,1,NA,NA,NA,1,NA,4,0.044024739,0.001674683,0.016101703,0.044743691,0.34399271,0.300373614,0.294788271,statesector
2553,25,Delhi,1,NA,NA,NA,2 to 3,NA,4,0.030687055,0.004926655,0.001838251,0.023829235,0.166734204,0.177963942,0.62963438,statesector
2554,25,Delhi,1,NA,NA,NA,NA,1,4,0.031610142,0.008974569,0.000805466,0.013943087,0.108696267,0.187873185,0.68868202,statesector
2555,25,Delhi,0,NA,NA,2,NA,NA,4,0,0,0,0.123921491,0,0.123921491,0.752157032,statesector
2561,25,Delhi,0,NA,NA,NA,7+,NA,4,0,0,0,0,0,0.159868136,0.840131879,statesector
2565,25,Delhi,0,NA,Higher,NA,NA,NA,4,0,0,0,0,0,0,1,statesector
2566,25,Delhi,1,NA,NA,NA,7+,NA,4,0.052991051,0.006698064,0,0.022519872,0.121518254,0.178448975,0.677512884,statesector
2574,25,Delhi,0,NA,NA,NA,2 to 3,NA,4,0.021691157,0,0,0.017018231,0,0.215551257,0.767430544,statesector
2575,25,Delhi,0,NA,Secondary,NA,NA,NA,4,0.037997108,0,0,0.025755625,0,0.261776805,0.712467551,statesector
2576,25,Delhi,0,NA,Primary,NA,NA,NA,4,0,0,0,0,0,0.286363482,0.713636518,statesector
2577,25,Delhi,0,NA,NA,1,NA,NA,4,0.036558457,0,0,0.047276806,0.005422068,0.276368588,0.670932531,statesector
2589,25,Delhi,0,NA,NA,NA,4 to 6,NA,4,0.044027276,0,0,0.085215174,0.007794984,0.273545027,0.633444846,statesector
2595,25,Delhi,0,NA,NA,NA,NA,NA,4,0,0,0,0,0,0,1,statesector
2598,25,Delhi,1,NA,Higher,NA,NA,NA,4,0.002405709,0,0,0.001641826,0.02034454,0.088337474,0.889676154,statesector
2599,25,Delhi,1,65+,NA,NA,NA,NA,4,0.01653919,0,0.004296569,0.004036563,0.05233499,0.102661878,0.836669981,statesector
2607,25,Delhi,1,NA,Secondary,NA,NA,NA,4,0.013169238,0.000393153,0.000333932,0.014638997,0.148205981,0.23634997,0.600471139,statesector
2608,25,Delhi,0,15 to 29,NA,NA,NA,NA,4,0.787402213,0,0,0.787402213,0,0.212597787,0,statesector
2609,25,Delhi,0,30 to 45,NA,NA,NA,NA,4,0,0,0,0.047237676,0.012754125,0.293106198,0.646901965,statesector
2610,25,Delhi,1,NA,No education / Preschool,NA,NA,NA,4,0.126173422,0.03619431,0.007857298,0.044689558,0.265345275,0.29863885,0.383468986,statesector
2611,25,Delhi,1,NA,NA,NA,NA,0,4,0.054647695,0.009230821,0.004603753,0.034566496,0.230257511,0.279827416,0.450744808,statesector
2613,25,Delhi,1,NA,NA,NA,NA,NA,4,0.014790687,0,0,0.014440244,0.122503117,0.162456229,0.700600386,statesector
2614,25,Delhi,0,NA,NA,NA,NA,0,4,0.006850909,0,0,0.064229697,0.01599499,0.330914587,0.58886075,statesector
2619,25,Delhi,0,46 to 64,NA,NA,NA,NA,4,0.0151766,0,0,0.0483821,0,0.147521764,0.804096162,statesector
2624,25,Delhi,0,NA,NA,NA,1,NA,4,0,0,0,0,0,1,0,statesector
2625,25,Delhi,1,46 to 64,NA,NA,NA,NA,4,0.023676423,0.002084492,0.001050995,0.013216035,0.107342072,0.163105443,0.71528548,statesector
2626,25,Delhi,0,NA,NA,NA,NA,NA,4,0.032091625,0,0,0.056722887,0.004753825,0.257580221,0.680943072,statesector
2634,25,Delhi,1,30 to 45,NA,NA,NA,NA,4,0.047761835,0.01228877,0.001925991,0.026920829,0.172972396,0.276053995,0.522126794,statesector
2635,25,Delhi,0,NA,No education / Preschool,NA,NA,NA,4,0.039869506,0,0,0.279786736,0.035342496,0.336923778,0.347946972,statesector
2639,25,Delhi,1,NA,Primary,NA,NA,NA,4,0.083381601,0.021049002,0.004911282,0.046260223,0.210837156,0.256091267,0.481900066,statesector
2642,25,Delhi,0,NA,NA,NA,NA,1,4,0.042466026,0,0,0.053548303,0,0.226567537,0.719884157,statesector
2643,25,Delhi,1,15 to 29,NA,NA,NA,NA,4,0.085370854,0.030280307,0.00346873,0.043089278,0.320841759,0.317716956,0.314883262,statesector
2645,25,Delhi,0,65+,NA,NA,NA,NA,4,0.008509954,0,0,0.007763367,0,0.432043999,0.560192645,statesector
2646,25,Delhi,1,NA,NA,NA,NA,NA,4,0.039375816,0.009060949,0.002054374,0.020724231,0.14866659,0.218108475,0.610446334,statesector
2648,26,Odisha,0,NA,NA,NA,2 to 3,NA,4,0.419613242,0.1037907,0.457267344,0.267821223,0.175403744,0.077498592,0.022009101,statesector
2649,26,Odisha,0,NA,NA,NA,NA,1,4,0.413515508,0.114684321,0.442057937,0.280503094,0.174837247,0.078517206,0.024084507,statesector
2650,26,Odisha,1,NA,NA,2,NA,NA,4,0.198150843,0.049300794,0.164261073,0.1896808,0.208329737,0.220420629,0.217307761,statesector
2651,26,Odisha,1,NA,NA,NA,NA,0,4,0.119965397,0.042465709,0.102413513,0.114811391,0.199348882,0.279391319,0.304034889,statesector
2652,26,Odisha,0,NA,NA,NA,4 to 6,NA,4,0.375387669,0.116532654,0.412774384,0.295749784,0.18635197,0.080078565,0.025045311,statesector
2654,26,Odisha,0,NA,No education / Preschool,NA,NA,NA,4,0.620866835,0.224391162,0.659889579,0.226538837,0.088316269,0.022099558,0.00315573,statesector
2655,26,Odisha,0,NA,NA,NA,1,NA,4,0.72567147,0.082403287,0.678696632,0.16446647,0.10454651,0.04584913,0.006441244,statesector
2656,26,Odisha,1,NA,NA,1,NA,NA,4,0.124911003,0.035280488,0.101740852,0.131651297,0.193400413,0.247543141,0.325664282,statesector
2658,26,Odisha,0,NA,NA,NA,NA,NA,4,1,1,1,0,0,0,0,statesector
2660,26,Odisha,1,NA,Higher,NA,NA,NA,4,0.004303284,0,0.001422041,0.015150715,0.050356049,0.195228249,0.737842977,statesector
2661,26,Odisha,0,NA,NA,NA,7+,NA,4,0.453973591,0.139642254,0.421304286,0.281189471,0.165566787,0.095944136,0.035995308,statesector
2662,26,Odisha,1,NA,Secondary,NA,NA,NA,4,0.059380066,0.004876464,0.050799701,0.118625306,0.219451293,0.31270957,0.298414141,statesector
2665,26,Odisha,1,NA,NA,NA,NA,NA,4,0.156967223,0.092139497,0.188271299,0.164778501,0.207594737,0.123135112,0.316220343,statesector
2668,26,Odisha,0,NA,NA,2,NA,NA,4,0.474127501,0.124094181,0.505891085,0.245140806,0.162607044,0.069628492,0.016732583,statesector
2669,26,Odisha,1,65+,NA,NA,NA,NA,4,0.101620652,0.01746325,0.100230902,0.11695078,0.150308996,0.216312379,0.416196942,statesector
2675,26,Odisha,1,NA,Primary,NA,NA,NA,4,0.211641625,0.06136873,0.163137227,0.226620838,0.261159778,0.238338739,0.110743418,statesector
2676,26,Odisha,0,65+,NA,NA,NA,NA,4,0.415050298,0.058598477,0.411508828,0.263657242,0.181525886,0.105207294,0.038100734,statesector
2677,26,Odisha,0,NA,NA,1,NA,NA,4,0.399248987,0.112078525,0.425652385,0.28678003,0.180462256,0.081293412,0.025811929,statesector
2678,26,Odisha,1,46 to 64,NA,NA,NA,NA,4,0.096453734,0.01990792,0.087255746,0.1206268,0.164415121,0.239756435,0.38794589,statesector
2679,26,Odisha,1,30 to 45,NA,NA,NA,NA,4,0.158477247,0.051716927,0.120324567,0.150926575,0.236530423,0.269439727,0.222778708,statesector
2680,26,Odisha,1,NA,No education / Preschool,NA,NA,NA,4,0.398269087,0.135375053,0.337986141,0.258213669,0.24277404,0.134126082,0.026900087,statesector
2682,26,Odisha,1,NA,NA,NA,2 to 3,NA,4,0.122698434,0.025354777,0.117997512,0.130960777,0.163023785,0.243427351,0.344590575,statesector
2683,26,Odisha,0,NA,Secondary,NA,NA,NA,4,0.224905074,0.017612094,0.269012988,0.315556616,0.258217096,0.12165159,0.035561714,statesector
2685,26,Odisha,0,NA,NA,NA,NA,0,4,0.382717133,0.107318632,0.400758952,0.284815162,0.199139565,0.087515548,0.027770745,statesector
2688,26,Odisha,0,15 to 29,NA,NA,NA,NA,4,0.577717602,0.216728136,0.519136727,0.289364934,0.142273158,0.04010297,0.009122217,statesector
2690,26,Odisha,0,NA,NA,NA,NA,NA,4,0.39262712,0.160149902,0.522814035,0.22244145,0.144703433,0.08815328,0.021887803,statesector
2691,26,Odisha,1,15 to 29,NA,NA,NA,NA,4,0.324239433,0.106811881,0.232577458,0.254461259,0.258985758,0.177483305,0.07649222,statesector
2692,26,Odisha,1,NA,NA,NA,7+,NA,4,0.181975514,0.042291827,0.100219883,0.174523324,0.215981707,0.228481308,0.280793786,statesector
2693,26,Odisha,1,NA,NA,NA,NA,1,4,0.14320755,0.03483681,0.114871405,0.152271405,0.193741202,0.226327881,0.312788099,statesector
2694,26,Odisha,0,NA,Higher,NA,NA,NA,4,0.071332201,0.002153683,0.082848676,0.133907154,0.259806752,0.330613256,0.192824155,statesector
2695,26,Odisha,0,NA,Primary,NA,NA,NA,4,0.452764452,0.12402799,0.442117989,0.327655286,0.167747915,0.053364191,0.009114622,statesector
2697,26,Odisha,1,NA,NA,NA,NA,NA,4,0.135613844,0.037329335,0.110814795,0.140073478,0.195567206,0.243606687,0.309937835,statesector
2698,26,Odisha,1,NA,NA,NA,4 to 6,NA,4,0.130208194,0.044858549,0.104000211,0.13506116,0.210404098,0.249486893,0.301047623,statesector
2699,26,Odisha,1,NA,NA,NA,1,NA,4,0.1991072,0.023085242,0.178180173,0.198201314,0.216809884,0.201846555,0.20496206,statesector
2700,26,Odisha,0,46 to 64,NA,NA,NA,NA,4,0.351887643,0.080190487,0.407160819,0.286043257,0.187817022,0.08731471,0.031664196,statesector
2702,26,Odisha,0,NA,NA,NA,NA,NA,4,0.409493715,0.113722481,0.436662436,0.281066447,0.178012222,0.079692796,0.024566095,statesector
2703,26,Odisha,0,30 to 45,NA,NA,NA,NA,4,0.433452785,0.150430799,0.46095556,0.28146413,0.173556298,0.069236375,0.014787638,statesector
2704,27,Puducherry,0,NA,NA,2,NA,NA,4,0.164474204,0,0.118808337,0.251133919,0.341069549,0.183450878,0.105537318,statesector
2705,27,Puducherry,0,NA,NA,1,NA,NA,4,0.066744901,0.004667534,0.060962304,0.172597706,0.259672731,0.356691867,0.150075406,statesector
2706,27,Puducherry,0,30 to 45,NA,NA,NA,NA,4,0.070312843,0,0.082356736,0.167653009,0.295185715,0.332999021,0.121805504,statesector
2710,27,Puducherry,0,15 to 29,NA,NA,NA,NA,4,0.196378767,0.101095006,0.02112888,0.439319402,0.152713418,0.25713411,0.129704192,statesector
2713,27,Puducherry,1,NA,NA,NA,NA,NA,4,0,0,0,0,0.024226254,0.950536728,0.025237041,statesector
2717,27,Puducherry,1,NA,NA,1,NA,NA,4,0.017503504,0.00293432,0.008697482,0.052007712,0.170153379,0.301908433,0.467233002,statesector
2724,27,Puducherry,1,NA,NA,NA,7+,NA,4,0.010594258,0,0.031960569,0.059814975,0.260297179,0.157778651,0.490148634,statesector
2734,27,Puducherry,1,NA,NA,NA,NA,1,4,0.025241796,0.000228982,0.016624089,0.05655526,0.18389678,0.269726247,0.473197609,statesector
2735,27,Puducherry,1,NA,NA,2,NA,NA,4,0.056406133,0.000778395,0.034222309,0.073663555,0.200813621,0.334671199,0.356629312,statesector
2736,27,Puducherry,1,NA,Primary,NA,NA,NA,4,0.036402687,0.013267359,0.025405712,0.105526932,0.250675201,0.339229852,0.279162288,statesector
2748,27,Puducherry,1,NA,NA,NA,4 to 6,NA,4,0.017583579,0.003584507,0.006440591,0.046620037,0.183504328,0.295502841,0.467932194,statesector
2749,27,Puducherry,0,46 to 64,NA,NA,NA,NA,4,0.056060176,0,0.03844437,0.181757182,0.273425668,0.350754201,0.155618578,statesector
2750,27,Puducherry,0,65+,NA,NA,NA,NA,4,0.166873351,0,0.143030271,0.193379849,0.262142211,0.246932745,0.154514924,statesector
2753,27,Puducherry,0,NA,NA,NA,1,NA,4,0.497212648,0,0.423735857,0.184712559,0.194505304,0.103863627,0.093182646,statesector
2754,27,Puducherry,0,NA,NA,NA,2 to 3,NA,4,0.059495915,0,0.060782243,0.198678806,0.311236411,0.29866001,0.130642533,statesector
2755,27,Puducherry,0,NA,NA,NA,4 to 6,NA,4,0.056346808,0.006170934,0.052009296,0.185896367,0.267952442,0.357899874,0.136242017,statesector
2760,27,Puducherry,1,NA,NA,NA,2 to 3,NA,4,0.017906185,0.001258729,0.005840454,0.064457558,0.131048381,0.368098438,0.430555165,statesector
2762,27,Puducherry,1,NA,No education / Preschool,NA,NA,NA,4,0.082883969,0.002215761,0.039321579,0.089540787,0.293145388,0.409337431,0.168654829,statesector
2763,27,Puducherry,0,NA,NA,NA,NA,NA,4,0,0,0,0,0,1,0,statesector
2764,27,Puducherry,1,46 to 64,NA,NA,NA,NA,4,0.021096038,0,0.00901066,0.0500395,0.142871007,0.304295808,0.493783027,statesector
2765,27,Puducherry,1,65+,NA,NA,NA,NA,4,0.040655311,0,0.056039128,0.022270428,0.133322328,0.33940351,0.448964596,statesector
2771,27,Puducherry,0,NA,NA,NA,NA,0,4,0.089080013,0.013338517,0.106508344,0.234242573,0.314078242,0.299080282,0.046090573,statesector
2772,27,Puducherry,0,NA,NA,NA,NA,1,4,0.084881738,0.002406073,0.06726373,0.181180447,0.269924432,0.326552331,0.155079067,statesector
2773,27,Puducherry,1,NA,NA,NA,NA,0,4,0.023449706,0.009470529,0.003851985,0.054506611,0.151517227,0.424260557,0.365863621,statesector
2774,27,Puducherry,0,NA,Primary,NA,NA,NA,4,0.140501142,0.01383616,0.133198038,0.22784479,0.287732065,0.285929739,0.065295376,statesector
2776,27,Puducherry,0,NA,Higher,NA,NA,NA,4,0.021098999,0,0.010575712,0.035531759,0.22653538,0.288730085,0.438627064,statesector
2779,27,Puducherry,1,30 to 45,NA,NA,NA,NA,4,0.02623049,0.005993226,0.008216489,0.070875235,0.227928057,0.299568921,0.393411309,statesector
2780,27,Puducherry,1,NA,Higher,NA,NA,NA,4,0,0,0,0.008915856,0.026077138,0.120462529,0.84454447,statesector
2787,27,Puducherry,1,15 to 29,NA,NA,NA,NA,4,0.011763361,0.004442987,0,0.070247225,0.163020045,0.339722991,0.427009732,statesector
2789,27,Puducherry,0,NA,Secondary,NA,NA,NA,4,0.040045537,0,0.033444162,0.163907856,0.231483787,0.403791428,0.167372748,statesector
2793,27,Puducherry,1,NA,NA,NA,NA,NA,4,0.024795551,0.002530206,0.013459126,0.0560476,0.175873041,0.308020294,0.446599931,statesector
2795,27,Puducherry,1,NA,NA,NA,1,NA,4,0.300476909,0,0.212965757,0.16144675,0.311100513,0.270773351,0.043713648,statesector
2798,27,Puducherry,0,NA,NA,NA,7+,NA,4,0.14211075,0,0.040057823,0.164862603,0.261263639,0.269454688,0.264361233,statesector
2800,27,Puducherry,1,NA,Secondary,NA,NA,NA,4,0.009765266,0,0.005385565,0.046832748,0.171267331,0.337562621,0.438951731,statesector
2801,27,Puducherry,0,NA,NA,NA,NA,NA,4,0.08540789,0.003776193,0.072173707,0.187819168,0.27544862,0.32311523,0.141443267,statesector
2809,27,Puducherry,0,NA,No education / Preschool,NA,NA,NA,4,0.163729176,0.006577892,0.132147506,0.254753172,0.372076541,0.187471986,0.053550791,statesector
2812,28,Punjab,0,NA,NA,NA,NA,1,4,0.070926137,0.012733459,0.006458656,0.057072621,0.15979977,0.273100793,0.503568113,statesector
2813,28,Punjab,1,NA,NA,NA,NA,0,4,0.102131531,0.031370793,0.037106235,0.062108722,0.171898246,0.232134625,0.496752173,statesector
2814,28,Punjab,0,NA,NA,NA,NA,0,4,0.157440975,0.02851874,0.054573305,0.121910676,0.230954811,0.243576497,0.348984718,statesector
2818,28,Punjab,0,NA,NA,NA,1,NA,4,0.227264419,0,0.097127713,0.260518909,0.230547562,0.187015206,0.224790603,statesector
2823,28,Punjab,0,NA,NA,2,NA,NA,4,0.074229285,0.008798768,0.008699146,0.070335977,0.156652108,0.254154831,0.510157943,statesector
2830,28,Punjab,0,NA,NA,NA,2 to 3,NA,4,0.082306579,0.004812413,0.010917627,0.098171078,0.177379236,0.252199858,0.461332202,statesector
2831,28,Punjab,1,NA,NA,NA,NA,1,4,0.028723711,0.007565293,0.000893896,0.01357468,0.051641572,0.123910971,0.809978902,statesector
2835,28,Punjab,1,NA,NA,NA,7+,NA,4,0.074358724,0.031309519,0.00804961,0.010885356,0.038295425,0.140268728,0.802500904,statesector
2839,28,Punjab,1,NA,Secondary,NA,NA,NA,4,0.004340189,0,0.002083774,0.004941328,0.043792102,0.107249491,0.84193331,statesector
2840,28,Punjab,1,NA,Higher,NA,NA,NA,4,0.00432796,0,0,0.003450204,0.003048905,0.019092744,0.97440815,statesector
2856,28,Punjab,0,NA,NA,1,NA,NA,4,0.077234633,0.014488844,0.009885672,0.060334831,0.165723071,0.273323685,0.490732729,statesector
2858,28,Punjab,0,NA,NA,NA,4 to 6,NA,4,0.070532188,0.016289333,0.007964646,0.051373024,0.164096296,0.279578209,0.49698782,statesector
2860,28,Punjab,1,NA,NA,NA,2 to 3,NA,4,0.032959282,0.006188967,0.008791555,0.026931649,0.083992146,0.131261051,0.749023616,statesector
2861,28,Punjab,1,NA,NA,NA,4 to 6,NA,4,0.030179156,0.007262408,0.002827196,0.012684655,0.056176174,0.13147223,0.796839714,statesector
2868,28,Punjab,1,15 to 29,NA,NA,NA,NA,4,0.121675245,0.02182178,0.016162064,0.081918657,0.219160616,0.253061771,0.429696888,statesector
2872,28,Punjab,0,NA,NA,NA,7+,NA,4,0.077710107,0.017577942,0.005169703,0.029457662,0.141604424,0.271690786,0.552077413,statesector
2878,28,Punjab,1,NA,Primary,NA,NA,NA,4,0.075247824,0.015465045,0.003433245,0.043993354,0.125986859,0.227319598,0.599266946,statesector
2882,28,Punjab,1,NA,NA,NA,1,NA,4,0.07879813,0.025170095,0.017866682,0.129139438,0.238020495,0.273147464,0.341825932,statesector
2885,28,Punjab,1,65+,NA,NA,NA,NA,4,0.016893802,0.001429136,0.001822995,0.016041521,0.028213961,0.096722819,0.857198715,statesector
2887,28,Punjab,0,NA,NA,NA,NA,NA,4,0.076881386,0.013820038,0.009746977,0.06150388,0.164662749,0.271082997,0.493003368,statesector
2889,28,Punjab,0,15 to 29,NA,NA,NA,NA,4,0.206797257,0.043613408,0.010071803,0.108335555,0.268377692,0.28636989,0.32684505,statesector
2892,28,Punjab,0,46 to 64,NA,NA,NA,NA,4,0.054114692,0.010528614,0.006510342,0.050293308,0.128719226,0.241901189,0.572575927,statesector
2893,28,Punjab,0,65+,NA,NA,NA,NA,4,0.07391005,0.005035101,0.010218455,0.062147055,0.137701496,0.266521811,0.523411214,statesector
2894,28,Punjab,0,NA,Higher,NA,NA,NA,4,0.005972065,0,0,0,0.017826132,0.080616735,0.901557148,statesector
2896,28,Punjab,1,30 to 45,NA,NA,NA,NA,4,0.057456326,0.020295091,0.008579238,0.025507893,0.103472367,0.188983142,0.673457325,statesector
2897,28,Punjab,1,NA,NA,NA,NA,NA,4,0.037667952,0.010465831,0.005287993,0.019463925,0.066233829,0.137043104,0.771971166,statesector
2899,28,Punjab,0,30 to 45,NA,NA,NA,NA,4,0.089198627,0.019023996,0.013690048,0.068854302,0.212990075,0.310150802,0.394314766,statesector
2902,28,Punjab,0,NA,Secondary,NA,NA,NA,4,0.017528098,0.000520623,0.001952274,0.021936249,0.104189262,0.253730595,0.6181916,statesector
2903,28,Punjab,1,46 to 64,NA,NA,NA,NA,4,0.01962664,0.005011762,0.002733249,0.00807723,0.032967474,0.098282948,0.857939124,statesector
2904,28,Punjab,1,NA,No education / Preschool,NA,NA,NA,4,0.144085914,0.04847835,0.021176241,0.061561637,0.153495088,0.275787711,0.487979323,statesector
2905,28,Punjab,1,NA,NA,1,NA,NA,4,0.037608463,0.010614499,0.005686405,0.019418901,0.070373401,0.135977536,0.76854378,statesector
2906,28,Punjab,1,NA,NA,2,NA,NA,4,0.038127344,0.009317816,0.002211129,0.019811638,0.034264557,0.145272359,0.798440337,statesector
2912,28,Punjab,0,NA,NA,NA,NA,NA,4,0,0,0,0.069378734,0,0.459507942,0.471113324,statesector
2913,28,Punjab,0,NA,No education / Preschool,NA,NA,NA,4,0.146564916,0.032191135,0.021380842,0.119037233,0.239138484,0.303934783,0.316508651,statesector
2914,28,Punjab,1,NA,NA,NA,NA,NA,4,0,0,0,0,0,0.655947506,0.344052523,statesector
2915,28,Punjab,0,NA,Primary,NA,NA,NA,4,0.09647049,0.01103403,0.006723514,0.052092399,0.195551068,0.283486843,0.462146193,statesector
2916,29,Rajasthan,0,NA,NA,NA,NA,0,4,0.415487289,0.13723889,0.235714793,0.307110876,0.249554023,0.145433977,0.062186342,statesector
2943,29,Rajasthan,0,NA,NA,NA,4 to 6,NA,4,0.354433596,0.129432559,0.219616219,0.300916582,0.243684903,0.155333921,0.080448374,statesector
2944,29,Rajasthan,1,NA,No education / Preschool,NA,NA,NA,4,0.272803724,0.090414859,0.059904009,0.181233585,0.264815688,0.298578024,0.195468694,statesector
2949,29,Rajasthan,1,NA,NA,NA,7+,NA,4,0.145827159,0.046285603,0.022227162,0.065065704,0.132810935,0.256080925,0.523815274,statesector
2955,29,Rajasthan,0,NA,Secondary,NA,NA,NA,4,0.213867232,0.028203163,0.124150328,0.251304686,0.272313088,0.227611348,0.124620534,statesector
2957,29,Rajasthan,1,NA,NA,NA,NA,0,4,0.118740119,0.030121656,0.03384342,0.097577512,0.203379735,0.327277392,0.337921947,statesector
2958,29,Rajasthan,1,NA,Primary,NA,NA,NA,4,0.202636376,0.047143448,0.031234868,0.118102632,0.19111608,0.332432657,0.327113748,statesector
2961,29,Rajasthan,1,NA,NA,2,NA,NA,4,0.132035047,0.038192406,0.025787193,0.104623549,0.17572701,0.28229478,0.411567479,statesector
2966,29,Rajasthan,0,15 to 29,NA,NA,NA,NA,4,0.519671023,0.202432051,0.286919475,0.308775336,0.223363087,0.138760865,0.042181253,statesector
2967,29,Rajasthan,0,30 to 45,NA,NA,NA,NA,4,0.395128876,0.160604641,0.245635793,0.311956823,0.229837552,0.144958988,0.067610845,statesector
2969,29,Rajasthan,0,NA,NA,NA,NA,1,4,0.385533959,0.124973014,0.236942723,0.290271103,0.230885684,0.157033771,0.084866703,statesector
2970,29,Rajasthan,0,NA,Higher,NA,NA,NA,4,0.118133374,0.004564522,0.059536267,0.134054631,0.195358485,0.30113399,0.309916615,statesector
2972,29,Rajasthan,0,NA,NA,NA,1,NA,4,0.635430217,0.091094904,0.451500714,0.274689376,0.164250255,0.083823688,0.025735963,statesector
2973,29,Rajasthan,0,NA,NA,NA,7+,NA,4,0.407901943,0.159834027,0.21457383,0.259167731,0.234311223,0.183781475,0.108165748,statesector
2974,29,Rajasthan,1,NA,NA,NA,1,NA,4,0.093174994,0.004760727,0.032305904,0.105546981,0.262757689,0.331488192,0.267901212,statesector
2975,29,Rajasthan,1,NA,NA,NA,2 to 3,NA,4,0.087810993,0.01241237,0.025862712,0.07999371,0.145079568,0.235764846,0.513299167,statesector
2977,29,Rajasthan,1,NA,NA,NA,NA,NA,4,0.104379781,0.0417707,0.013423762,0.071796738,0.320568442,0.197148919,0.397062153,statesector
2981,29,Rajasthan,0,NA,No education / Preschool,NA,NA,NA,4,0.538995206,0.200331897,0.348052979,0.336675018,0.202544346,0.085281812,0.027445845,statesector
2982,29,Rajasthan,0,NA,Primary,NA,NA,NA,4,0.452846467,0.177030414,0.239776284,0.31736353,0.247732222,0.139472395,0.055655584,statesector
2984,29,Rajasthan,0,NA,NA,NA,NA,NA,4,0.277078092,0.038875811,0.175378963,0.260413557,0.245214313,0.20291923,0.116073936,statesector
2985,29,Rajasthan,1,NA,NA,NA,NA,1,4,0.097661346,0.025332078,0.015379118,0.064725928,0.126379997,0.229471818,0.564043105,statesector
2987,29,Rajasthan,1,NA,NA,1,NA,NA,4,0.098487601,0.024874849,0.018637178,0.067820549,0.139215589,0.247021571,0.527305126,statesector
2989,29,Rajasthan,1,NA,NA,NA,4 to 6,NA,4,0.094175935,0.027184237,0.014802179,0.068279326,0.136719793,0.249253377,0.530945301,statesector
2991,29,Rajasthan,1,NA,NA,NA,NA,NA,4,0,0,0,0,1,0,0,statesector
3002,29,Rajasthan,0,NA,NA,NA,NA,NA,4,0.389771849,0.126708433,0.236767903,0.292668521,0.233543441,0.15538235,0.08163777,statesector
3006,29,Rajasthan,1,NA,Secondary,NA,NA,NA,4,0.046199799,0.005060288,0.008104471,0.042494595,0.134732693,0.271324396,0.543343842,statesector
3007,29,Rajasthan,1,NA,NA,NA,NA,NA,4,0.102287054,0.026383145,0.019439448,0.071950048,0.143312365,0.250979424,0.514318705,statesector
3009,29,Rajasthan,0,NA,NA,1,NA,NA,4,0.381180733,0.124061778,0.233634919,0.29188633,0.233848825,0.156651199,0.083978742,statesector
3010,29,Rajasthan,0,NA,NA,NA,NA,NA,4,1,0,0,1,0,0,0,statesector
3011,29,Rajasthan,1,NA,Higher,NA,NA,NA,4,0.006022882,0,0.000349812,0.009842058,0.028486013,0.131562054,0.829760075,statesector
3013,29,Rajasthan,1,30 to 45,NA,NA,NA,NA,4,0.130433217,0.040076301,0.018980106,0.087616742,0.177113593,0.280400842,0.435888737,statesector
3014,29,Rajasthan,0,65+,NA,NA,NA,NA,4,0.404059947,0.087091185,0.256781846,0.268839657,0.224262252,0.15768443,0.092431813,statesector
3017,29,Rajasthan,1,65+,NA,NA,NA,NA,4,0.095668212,0.012554217,0.030081298,0.066366762,0.118151806,0.193034083,0.59236604,statesector
3018,29,Rajasthan,0,NA,NA,NA,2 to 3,NA,4,0.42380771,0.086608581,0.275737435,0.312578499,0.216407835,0.133085772,0.062190447,statesector
3019,29,Rajasthan,0,NA,NA,2,NA,NA,4,0.455414742,0.146930933,0.260859996,0.298683614,0.231195122,0.145625129,0.063636124,statesector
3020,29,Rajasthan,0,46 to 64,NA,NA,NA,NA,4,0.343821377,0.086395152,0.206150115,0.277318716,0.243783355,0.16989772,0.102850094,statesector
3021,29,Rajasthan,1,15 to 29,NA,NA,NA,NA,4,0.17207472,0.048764221,0.035572611,0.103808641,0.225771472,0.361138642,0.273708642,statesector
3022,29,Rajasthan,1,46 to 64,NA,NA,NA,NA,4,0.061267845,0.012854712,0.012359856,0.051371697,0.09988346,0.216562688,0.619822323,statesector
3024,30,Sikkim,0,NA,NA,NA,NA,NA,4,0,0,0,0.065081194,0.303536087,0.631382704,0,statesector
3028,30,Sikkim,1,NA,NA,NA,1,NA,4,0.021840446,0,0.010529875,0.02529493,0.130103335,0.715212822,0.11885906,statesector
3029,30,Sikkim,0,NA,NA,NA,7+,NA,4,0.049815055,0.009915104,0.019038789,0.073370449,0.554853678,0.291016787,0.061720297,statesector
3032,30,Sikkim,0,NA,NA,NA,4 to 6,NA,4,0.056261726,0.006917356,0.004924118,0.085575499,0.575629234,0.281317502,0.052553624,statesector
3036,30,Sikkim,0,NA,NA,NA,2 to 3,NA,4,0.061387274,0.004754974,0.005782981,0.117076486,0.511192083,0.326925963,0.039022472,statesector
3038,30,Sikkim,0,NA,NA,NA,NA,1,4,0.053683851,0.005167847,0.003094093,0.084595121,0.576339543,0.28514868,0.050822567,statesector
3043,30,Sikkim,1,NA,NA,NA,NA,NA,4,0.111773834,0.111773834,0,0.212867707,0.352928281,0.304069489,0.130134523,statesector
3049,30,Sikkim,1,NA,No education / Preschool,NA,NA,NA,4,0.11994496,0,0.011655252,0.062027063,0.272209972,0.529196143,0.124911584,statesector
3054,30,Sikkim,1,NA,NA,2,NA,NA,4,0.012459344,0,0.00867191,0.010759122,0.126698524,0.624280572,0.229589865,statesector
3055,30,Sikkim,0,NA,NA,NA,NA,0,4,0.08282201,0.010312386,0.021307951,0.137048677,0.455321729,0.339359611,0.046962045,statesector
3057,30,Sikkim,0,NA,No education / Preschool,NA,NA,NA,4,0.103962675,0.008730269,0.011747391,0.133975133,0.641690135,0.197189078,0.015398257,statesector
3058,30,Sikkim,0,NA,Primary,NA,NA,NA,4,0.090680674,0.012818769,0.008312019,0.128969267,0.62848866,0.214310125,0.019919943,statesector
3060,30,Sikkim,0,NA,Higher,NA,NA,NA,4,0.008637564,0,0,0.009568617,0.135175139,0.473421723,0.381834537,statesector
3061,30,Sikkim,1,15 to 29,NA,NA,NA,NA,4,0.022912551,0,0.003729394,0.020219276,0.204890698,0.671008468,0.100152142,statesector
3063,30,Sikkim,0,NA,Secondary,NA,NA,NA,4,0.014941648,0.000951917,0.004009541,0.057320215,0.47473222,0.401574016,0.062364023,statesector
3065,30,Sikkim,1,NA,NA,NA,4 to 6,NA,4,0.029193031,0.001642541,0.00305021,0.021598889,0.125682041,0.583393216,0.266275674,statesector
3066,30,Sikkim,1,NA,NA,NA,7+,NA,4,0.04866229,0,0,0.017262515,0.103212111,0.502352238,0.377173126,statesector
3069,30,Sikkim,0,NA,NA,1,NA,NA,4,0.0603288,0.006832559,0.007391687,0.095159955,0.553247213,0.292757094,0.05144405,statesector
3075,30,Sikkim,1,30 to 45,NA,NA,NA,NA,4,0.027790392,0.001699653,0,0.012236513,0.111110918,0.650089324,0.226563245,statesector
3076,30,Sikkim,1,46 to 64,NA,NA,NA,NA,4,0.02680428,0,0.007489402,0.013259166,0.115305223,0.534185469,0.32976076,statesector
3077,30,Sikkim,1,NA,NA,NA,2 to 3,NA,4,0.022684829,0,0.002023962,0.008829956,0.134030521,0.614453793,0.24066174,statesector
3083,30,Sikkim,0,15 to 29,NA,NA,NA,NA,4,0.13222149,0.031497937,0.012214166,0.115883872,0.650183916,0.198868826,0.022849197,statesector
3084,30,Sikkim,0,NA,NA,2,NA,NA,4,0.05922772,0.002805351,0.005666589,0.104314148,0.52213186,0.328022808,0.039864607,statesector
3086,30,Sikkim,0,65+,NA,NA,NA,NA,4,0.082184255,0.004653689,0.005416261,0.128612712,0.585757494,0.24519065,0.035022877,statesector
3087,30,Sikkim,0,46 to 64,NA,NA,NA,NA,4,0.038622651,0.003076735,0.007151537,0.083551973,0.527685523,0.320646048,0.060964927,statesector
3090,30,Sikkim,1,65+,NA,NA,NA,NA,4,0.031446047,0,0,0.046631314,0.132224202,0.484785646,0.336358845,statesector
3092,30,Sikkim,0,NA,NA,NA,NA,NA,4,0.060187604,0.006316129,0.007170381,0.096334301,0.54925555,0.297281176,0.049958576,statesector
3100,30,Sikkim,0,NA,NA,NA,1,NA,4,0.17750147,0,0.041768692,0.16690889,0.378373742,0.32110098,0.091847688,statesector
3102,30,Sikkim,1,NA,Higher,NA,NA,NA,4,0,0,0,0,0.016158661,0.449575663,0.534265697,statesector
3105,30,Sikkim,1,NA,Secondary,NA,NA,NA,4,0.005296432,0,0.002770529,0.00435594,0.099822432,0.64711082,0.245940253,statesector
3108,30,Sikkim,1,NA,NA,1,NA,NA,4,0.029785214,0.000886299,0.001974584,0.017489744,0.128489345,0.597778201,0.25426811,statesector
3111,30,Sikkim,1,NA,NA,NA,NA,1,4,0.017445678,0,0.001763486,0.010580939,0.107329875,0.529220104,0.351105571,statesector
3112,30,Sikkim,1,NA,NA,NA,NA,NA,4,0.027002253,0.000743938,0.00305008,0.0164089,0.128201768,0.602034152,0.250305116,statesector
3115,30,Sikkim,1,NA,Primary,NA,NA,NA,4,0.038395111,0,0,0.021797409,0.195642292,0.699601233,0.082959093,statesector
3116,30,Sikkim,0,30 to 45,NA,NA,NA,NA,4,0.060075533,0.005694757,0.006998728,0.092362307,0.537522495,0.313360631,0.049755868,statesector
3126,30,Sikkim,1,NA,NA,NA,NA,0,4,0.035538804,0.001408472,0.00418608,0.021554708,0.146630645,0.66632539,0.161303177,statesector
3129,31,Tamil Nadu,0,15 to 29,NA,NA,NA,NA,4,0.173927546,0.024497455,0.057273466,0.229021847,0.431225896,0.212184727,0.070294067,statesector
3145,31,Tamil Nadu,0,30 to 45,NA,NA,NA,NA,4,0.105157845,0.012400317,0.05585862,0.238742441,0.388816148,0.258350432,0.058232367,statesector
3156,31,Tamil Nadu,1,NA,NA,NA,NA,0,4,0.028403681,0.002459798,0.017303115,0.066488892,0.199403659,0.391593784,0.325210541,statesector
3162,31,Tamil Nadu,0,NA,NA,NA,2 to 3,NA,4,0.157958046,0.010174651,0.09236908,0.258825004,0.350624114,0.233897105,0.06428472,statesector
3163,31,Tamil Nadu,1,NA,NA,NA,NA,NA,4,0.026502917,0,0.024119591,0.057077814,0.205096021,0.278711468,0.434995085,statesector
3165,31,Tamil Nadu,0,NA,NA,NA,NA,NA,4,0.163630396,0,0.034298252,0.396604121,0.26638791,0.251691908,0.051017798,statesector
3166,31,Tamil Nadu,1,NA,No education / Preschool,NA,NA,NA,4,0.101633288,0.006318998,0.069744602,0.167261019,0.302503347,0.3325665,0.127924547,statesector
3169,31,Tamil Nadu,1,NA,NA,2,NA,NA,4,0.067015409,0.001995943,0.049856469,0.106620267,0.232690379,0.35538131,0.25545156,statesector
3172,31,Tamil Nadu,1,NA,NA,1,NA,NA,4,0.02837589,0.002057644,0.015564756,0.060306542,0.175626129,0.365625679,0.382876903,statesector
3174,31,Tamil Nadu,0,NA,NA,NA,NA,NA,4,0.139884531,0.009389669,0.073097073,0.241831243,0.362986535,0.250895679,0.071189493,statesector
3183,31,Tamil Nadu,1,NA,Secondary,NA,NA,NA,4,0.012139944,0.000167595,0.009232856,0.046115488,0.170181051,0.411198437,0.36327216,statesector
3184,31,Tamil Nadu,1,NA,NA,NA,2 to 3,NA,4,0.030949565,0.001196223,0.021559525,0.066510566,0.187245026,0.362246603,0.362438291,statesector
3185,31,Tamil Nadu,1,NA,Higher,NA,NA,NA,4,0.002232983,0,0,0.002709892,0.027797412,0.213244468,0.756248236,statesector
3188,31,Tamil Nadu,0,NA,NA,NA,1,NA,4,0.492586136,0.009729727,0.314796358,0.32619831,0.227710173,0.104318604,0.026976548,statesector
3189,31,Tamil Nadu,0,NA,No education / Preschool,NA,NA,NA,4,0.242803663,0.019686226,0.138435543,0.313532561,0.35825026,0.161806822,0.027974803,statesector
3192,31,Tamil Nadu,0,NA,NA,NA,NA,0,4,0.145890191,0.014877072,0.085745126,0.235390306,0.36420393,0.262587816,0.052072834,statesector
3193,31,Tamil Nadu,0,NA,NA,NA,NA,1,4,0.139185652,0.008751093,0.071632557,0.242577031,0.36284557,0.249541849,0.073403001,statesector
3194,31,Tamil Nadu,1,NA,NA,NA,4 to 6,NA,4,0.02396342,0.002396371,0.011805382,0.05750728,0.178487584,0.371614009,0.38058576,statesector
3195,31,Tamil Nadu,1,NA,Primary,NA,NA,NA,4,0.071233042,0.006140239,0.029126782,0.103398219,0.283473879,0.417906642,0.166094482,statesector
3196,31,Tamil Nadu,0,NA,NA,2,NA,NA,4,0.24476181,0.017011305,0.147883132,0.285787702,0.33083576,0.190114051,0.045379322,statesector
3199,31,Tamil Nadu,0,NA,Primary,NA,NA,NA,4,0.181143671,0.011174526,0.068714418,0.293430209,0.40164268,0.197477803,0.038734902,statesector
3201,31,Tamil Nadu,0,46 to 64,NA,NA,NA,NA,4,0.124895282,0.005727687,0.064216599,0.237620234,0.355725884,0.263152987,0.079284325,statesector
3203,31,Tamil Nadu,0,NA,NA,1,NA,NA,4,0.117654771,0.007774188,0.057146251,0.232455939,0.369843811,0.26385954,0.076694444,statesector
3206,31,Tamil Nadu,1,NA,NA,NA,7+,NA,4,0.060622368,0.005747424,0.017540654,0.067701623,0.184516802,0.357088685,0.373152226,statesector
3209,31,Tamil Nadu,1,NA,NA,NA,NA,1,4,0.037547469,0.001797916,0.022742478,0.067656137,0.17480126,0.347286642,0.387513489,statesector
3210,31,Tamil Nadu,0,NA,Secondary,NA,NA,NA,4,0.052384932,0.00159435,0.031926189,0.179864123,0.373007178,0.326961577,0.088240936,statesector
3211,31,Tamil Nadu,0,NA,Higher,NA,NA,NA,4,0.026808737,0,0.00731488,0.075875342,0.178405836,0.410074949,0.328328967,statesector
3212,31,Tamil Nadu,1,NA,NA,NA,NA,NA,4,0,0,0,0,1,0,0,statesector
3213,31,Tamil Nadu,1,NA,NA,NA,NA,NA,4,0.034085322,0.002048527,0.020678639,0.067213252,0.184136048,0.364097923,0.363874108,statesector
3215,31,Tamil Nadu,1,NA,NA,NA,1,NA,4,0.162193641,0.001265463,0.129459947,0.196650982,0.229031891,0.291150779,0.153706387,statesector
3219,31,Tamil Nadu,1,15 to 29,NA,NA,NA,NA,4,0.046597607,0.008848403,0.013968538,0.075511247,0.225867569,0.343636483,0.341016173,statesector
3220,31,Tamil Nadu,1,30 to 45,NA,NA,NA,NA,4,0.030424954,0.002162378,0.015817843,0.063854486,0.190616548,0.400853455,0.32885766,statesector
3222,31,Tamil Nadu,1,46 to 64,NA,NA,NA,NA,4,0.025652677,0.001110156,0.016750827,0.05790079,0.173079655,0.346624315,0.405644387,statesector
3226,31,Tamil Nadu,1,65+,NA,NA,NA,NA,4,0.068251885,0.00158493,0.052642219,0.105701767,0.180045307,0.319476962,0.342133731,statesector
3227,31,Tamil Nadu,0,65+,NA,NA,NA,NA,4,0.253609985,0.00552878,0.145807192,0.265530437,0.290720671,0.214918464,0.08302325,statesector
3230,31,Tamil Nadu,0,NA,NA,NA,7+,NA,4,0.122215435,0.00591522,0.045702823,0.242842615,0.326873422,0.276746482,0.107834637,statesector
3232,31,Tamil Nadu,0,NA,NA,NA,4 to 6,NA,4,0.09540008,0.00924892,0.040134963,0.222720355,0.388098717,0.273197174,0.075848781,statesector
3236,32,Tripura,1,NA,NA,NA,7+,NA,4,0.024885695,0,0.037313502,0.202896267,0.189100593,0.39971298,0.170976654,statesector
3237,32,Tripura,1,NA,NA,NA,4 to 6,NA,4,0.084712774,0.012644243,0.021691183,0.177811921,0.282263249,0.32138297,0.196850672,statesector
3239,32,Tripura,0,NA,Secondary,NA,NA,NA,4,0.113235019,0.0074497,0.095796801,0.49429372,0.287117541,0.106882803,0.015909152,statesector
3240,32,Tripura,1,NA,NA,2,NA,NA,4,0.193023533,0.007152852,0.038844153,0.229536027,0.313731134,0.293847412,0.124041274,statesector
3242,32,Tripura,1,NA,NA,NA,NA,1,4,0.088323012,0.011172609,0.025729274,0.17249018,0.261833787,0.338344514,0.201602265,statesector
3244,32,Tripura,0,NA,Higher,NA,NA,NA,4,0.022991685,0,0.015198819,0.102908641,0.407543808,0.383093953,0.091254786,statesector
3246,32,Tripura,0,NA,Primary,NA,NA,NA,4,0.345462233,0.096698724,0.173536956,0.638741314,0.160751194,0.024421418,0.002549133,statesector
3249,32,Tripura,1,NA,NA,1,NA,NA,4,0.077123679,0.013169298,0.028741565,0.170600846,0.266842693,0.339085788,0.194729105,statesector
3252,32,Tripura,1,NA,NA,NA,2 to 3,NA,4,0.100048728,0.012828261,0.033346757,0.165299058,0.277653068,0.346984804,0.176716313,statesector
3256,32,Tripura,0,NA,NA,NA,7+,NA,4,0.26784277,0.08633998,0.134471774,0.527769327,0.212579817,0.109792724,0.015386362,statesector
3262,32,Tripura,0,NA,NA,2,NA,NA,4,0.375538677,0.071841247,0.26245895,0.494854003,0.177098706,0.05807852,0.007509828,statesector
3263,32,Tripura,1,NA,NA,NA,NA,0,4,0.114517912,0.014761392,0.041840892,0.199331433,0.305656612,0.315295219,0.13787584,statesector
3264,32,Tripura,0,NA,NA,NA,NA,1,4,0.272852182,0.066339269,0.183265284,0.533124328,0.207284838,0.066623539,0.009701998,statesector
3265,32,Tripura,0,65+,NA,NA,NA,NA,4,0.337709516,0.049309764,0.207606211,0.48517251,0.216195971,0.075750194,0.015275104,statesector
3266,32,Tripura,1,NA,NA,NA,1,NA,4,0.208889544,0.016726375,0.064172268,0.267134637,0.281053513,0.245825961,0.141813636,statesector
3270,32,Tripura,0,NA,NA,NA,NA,NA,4,0,0,0.114126571,0.327027082,0.350942403,0.207903937,0,statesector
3271,32,Tripura,1,NA,No education / Preschool,NA,NA,NA,4,0.321529984,0.032276988,0.13744612,0.377087981,0.406237453,0.079228424,0,statesector
3272,32,Tripura,1,NA,Primary,NA,NA,NA,4,0.223128617,0.044751108,0.063457377,0.332896233,0.372492939,0.195978269,0.035175171,statesector
3273,32,Tripura,1,NA,Higher,NA,NA,NA,4,0.003504639,0,0,0.015334823,0.102420688,0.403941542,0.478302956,statesector
3275,32,Tripura,0,NA,NA,1,NA,NA,4,0.245107621,0.06338618,0.167837381,0.532269955,0.217129037,0.071192719,0.011570916,statesector
3281,32,Tripura,0,NA,No education / Preschool,NA,NA,NA,4,0.454235286,0.13373512,0.376420528,0.505413532,0.110610738,0.007555178,0,statesector
3285,32,Tripura,1,NA,NA,NA,NA,NA,4,0.095814906,0.012199023,0.030398991,0.180269733,0.274535179,0.331663996,0.183132082,statesector
3289,32,Tripura,0,NA,NA,NA,NA,0,4,0.223561347,0.058165874,0.167701945,0.50996244,0.227851838,0.079027183,0.0154566,statesector
3290,32,Tripura,0,46 to 64,NA,NA,NA,NA,4,0.229079321,0.03712802,0.163054243,0.521873772,0.216339022,0.082179017,0.01655395,statesector
3300,32,Tripura,1,NA,Secondary,NA,NA,NA,4,0.036856193,0,0.009332432,0.152087063,0.278499842,0.404641628,0.155439049,statesector
3301,32,Tripura,0,30 to 45,NA,NA,NA,NA,4,0.235474378,0.074396335,0.164171413,0.539415538,0.226949409,0.06276501,0.006698604,statesector
3309,32,Tripura,1,30 to 45,NA,NA,NA,NA,4,0.110098183,0.015865345,0.029820353,0.229509935,0.305018067,0.318772882,0.116878733,statesector
3311,32,Tripura,0,NA,NA,NA,NA,NA,4,0.26142022,0.064443626,0.179573014,0.527629375,0.212164193,0.069566205,0.011067231,statesector
3314,32,Tripura,1,NA,NA,NA,NA,NA,4,0,0,0,0,0.706783056,0.293216974,0,statesector
3315,32,Tripura,0,15 to 29,NA,NA,NA,NA,4,0.425550312,0.152966931,0.284766525,0.548727095,0.12357112,0.040128101,0.002807181,statesector
3322,32,Tripura,0,NA,NA,NA,4 to 6,NA,4,0.23518306,0.069030434,0.170383275,0.556848288,0.199022919,0.061550211,0.012195289,statesector
3324,32,Tripura,1,46 to 64,NA,NA,NA,NA,4,0.076974817,0.009471809,0.021324283,0.140145153,0.2500045,0.345615238,0.242910832,statesector
3331,32,Tripura,1,15 to 29,NA,NA,NA,NA,4,0.144485623,0.030387461,0.063635744,0.285558134,0.353851736,0.250448823,0.046505563,statesector
3334,32,Tripura,0,NA,NA,NA,1,NA,4,0.595712066,0.022514427,0.367292076,0.417254716,0.15389739,0.051928792,0.009627018,statesector
3335,32,Tripura,1,65+,NA,NA,NA,NA,4,0.087635607,0,0.039406341,0.114154994,0.223896146,0.371512562,0.251029968,statesector
3337,32,Tripura,0,NA,NA,NA,2 to 3,NA,4,0.268032402,0.056492355,0.184707776,0.490564495,0.240062088,0.076239027,0.008426609,statesector
3339,33,Uttar Pradesh,0,NA,NA,NA,NA,NA,4,0.423424244,0.112257227,0.42078346,0.296601206,0.166822389,0.08966843,0.026124513,statesector
3340,33,Uttar Pradesh,0,NA,NA,NA,4 to 6,NA,4,0.451375574,0.163644597,0.412135214,0.285847694,0.166090012,0.090124644,0.045802448,statesector
3344,33,Uttar Pradesh,0,NA,NA,NA,7+,NA,4,0.502215207,0.175093278,0.332629919,0.278967083,0.197386205,0.121941037,0.069075756,statesector
3349,33,Uttar Pradesh,1,NA,No education / Preschool,NA,NA,NA,4,0.393483788,0.147688419,0.127106503,0.168737173,0.239530116,0.294674456,0.169951722,statesector
3356,33,Uttar Pradesh,0,NA,NA,NA,NA,NA,4,0.481529444,0.151118368,0.414728522,0.274149835,0.166549757,0.095149525,0.049422372,statesector
3357,33,Uttar Pradesh,1,NA,NA,NA,1,NA,4,0.191525131,0.008714828,0.116890661,0.128794625,0.215956584,0.28071484,0.257643312,statesector
3358,33,Uttar Pradesh,0,NA,Higher,NA,NA,NA,4,0.163286716,0.013885613,0.098338805,0.190002829,0.229665592,0.24646616,0.235526621,statesector
3360,33,Uttar Pradesh,1,NA,NA,NA,7+,NA,4,0.228823766,0.089465886,0.050448399,0.090812758,0.161595315,0.282857388,0.414286137,statesector
3361,33,Uttar Pradesh,0,NA,Secondary,NA,NA,NA,4,0.312555104,0.042767953,0.28771317,0.298136026,0.208785728,0.135726228,0.069638841,statesector
3362,33,Uttar Pradesh,1,NA,NA,NA,NA,1,4,0.150952399,0.046857353,0.046334028,0.077051632,0.13775298,0.256873488,0.481987864,statesector
3365,33,Uttar Pradesh,0,NA,NA,NA,2 to 3,NA,4,0.479854107,0.099865697,0.501309156,0.25648573,0.134089962,0.074168973,0.033946194,statesector
3366,33,Uttar Pradesh,1,NA,NA,NA,NA,NA,4,0.158039123,0.050919551,0.047062159,0.078646824,0.152166218,0.27097404,0.451150775,statesector
3371,33,Uttar Pradesh,0,NA,Primary,NA,NA,NA,4,0.566771626,0.213838488,0.450253576,0.290791065,0.162355915,0.071402222,0.025197212,statesector
3372,33,Uttar Pradesh,0,NA,No education / Preschool,NA,NA,NA,4,0.651466131,0.247031614,0.565585017,0.256663293,0.119351752,0.044810306,0.013589647,statesector
3373,33,Uttar Pradesh,1,NA,NA,NA,4 to 6,NA,4,0.141575217,0.048561063,0.038373191,0.071180023,0.146835268,0.27493307,0.468678445,statesector
3376,33,Uttar Pradesh,1,NA,Primary,NA,NA,NA,4,0.254010737,0.080710776,0.060161415,0.118161075,0.224075913,0.334999233,0.262602359,statesector
3377,33,Uttar Pradesh,0,NA,NA,1,NA,NA,4,0.470460236,0.148954362,0.406377763,0.273853123,0.168516427,0.098839805,0.052412894,statesector
3378,33,Uttar Pradesh,0,NA,NA,2,NA,NA,4,0.545531213,0.16363059,0.463426173,0.275880098,0.155081049,0.073629603,0.031983081,statesector
3390,33,Uttar Pradesh,0,NA,NA,NA,1,NA,4,0.733317912,0.040983565,0.691899717,0.160289064,0.082476459,0.049723867,0.015610881,statesector
3392,33,Uttar Pradesh,1,NA,NA,1,NA,NA,4,0.153165564,0.050873019,0.043460872,0.076224953,0.152338073,0.270484537,0.457491577,statesector
3393,33,Uttar Pradesh,1,NA,NA,2,NA,NA,4,0.19149527,0.051238969,0.071765639,0.095259942,0.150987282,0.274331808,0.407655329,statesector
3394,33,Uttar Pradesh,1,NA,NA,NA,NA,NA,4,0.121826336,0.02833407,0.059537515,0.07618168,0.236558959,0.289274991,0.338446856,statesector
3402,33,Uttar Pradesh,1,NA,NA,NA,NA,0,4,0.194973096,0.072090514,0.050919794,0.087098144,0.228527471,0.345678598,0.287775993,statesector
3406,33,Uttar Pradesh,1,NA,Higher,NA,NA,NA,4,0.00767935,0.00019109,0.000792798,0.007460925,0.034129076,0.138073251,0.819543958,statesector
3407,33,Uttar Pradesh,0,15 to 29,NA,NA,NA,NA,4,0.630152404,0.24386394,0.439275563,0.302080899,0.159356743,0.07296446,0.026322318,statesector
3410,33,Uttar Pradesh,1,NA,NA,NA,2 to 3,NA,4,0.110551953,0.02176204,0.050357062,0.073049597,0.141631067,0.245868281,0.489093989,statesector
3411,33,Uttar Pradesh,0,30 to 45,NA,NA,NA,NA,4,0.511833608,0.211459801,0.459860325,0.279641151,0.152876794,0.075478986,0.032142743,statesector
3415,33,Uttar Pradesh,0,NA,NA,NA,NA,1,4,0.474824309,0.145548746,0.407816321,0.27480045,0.168544993,0.097257972,0.051580265,statesector
3417,33,Uttar Pradesh,0,NA,NA,NA,NA,0,4,0.553172767,0.210628748,0.488043755,0.267248988,0.145386979,0.072785929,0.02653436,statesector
3418,33,Uttar Pradesh,1,NA,Secondary,NA,NA,NA,4,0.064193577,0.00936882,0.019247845,0.050278045,0.140423104,0.31140855,0.478642464,statesector
3422,33,Uttar Pradesh,0,65+,NA,NA,NA,NA,4,0.490125477,0.080879435,0.409332961,0.242064536,0.169330955,0.111311421,0.067960128,statesector
3425,33,Uttar Pradesh,0,46 to 64,NA,NA,NA,NA,4,0.409734786,0.094499692,0.362659216,0.275152266,0.18177098,0.114748918,0.065668613,statesector
3430,33,Uttar Pradesh,0,NA,NA,NA,NA,NA,4,1,0.345619202,1,0,0,0,0,statesector
3433,33,Uttar Pradesh,1,65+,NA,NA,NA,NA,4,0.137513384,0.021955064,0.056764603,0.072110571,0.104910448,0.218637437,0.547576964,statesector
3434,33,Uttar Pradesh,1,15 to 29,NA,NA,NA,NA,4,0.227614582,0.072599992,0.053309102,0.106367752,0.246791556,0.357843071,0.235688522,statesector
3435,33,Uttar Pradesh,1,30 to 45,NA,NA,NA,NA,4,0.187124178,0.074677244,0.050054587,0.085790046,0.180528834,0.301001847,0.382624686,statesector
3442,33,Uttar Pradesh,1,46 to 64,NA,NA,NA,NA,4,0.122607037,0.032748394,0.039693628,0.068322964,0.121187545,0.241529435,0.529266417,statesector
3446,34,Uttarakhand,0,NA,NA,1,NA,NA,4,0.200254038,0.039550226,0.067225203,0.250602007,0.316027701,0.210193306,0.155951798,statesector
3447,34,Uttarakhand,1,NA,NA,NA,NA,0,4,0.118132167,0.038927559,0.020954868,0.053644061,0.200649887,0.390145987,0.334605187,statesector
3448,34,Uttarakhand,0,NA,Primary,NA,NA,NA,4,0.299223185,0.068384074,0.09011025,0.307854831,0.316992253,0.191692263,0.093350418,statesector
3450,34,Uttarakhand,1,NA,NA,NA,NA,NA,4,0.072137706,0.019189227,0.012634118,0.034504022,0.124007702,0.283234447,0.545619726,statesector
3452,34,Uttarakhand,0,NA,NA,NA,2 to 3,NA,4,0.190513238,0.024154281,0.08052364,0.266569108,0.297655195,0.217540145,0.137711942,statesector
3458,34,Uttarakhand,0,NA,NA,NA,NA,NA,4,0.21815367,0.038151197,0.076798812,0.256746769,0.313273877,0.206795931,0.146384597,statesector
3459,34,Uttarakhand,0,NA,NA,NA,1,NA,4,0.458522946,0.018190721,0.224296197,0.302949548,0.269233674,0.162398055,0.04112253,statesector
3460,34,Uttarakhand,1,46 to 64,NA,NA,NA,NA,4,0.03815233,0.009401261,0.011159524,0.028041994,0.066871621,0.227874085,0.666052759,statesector
3461,34,Uttarakhand,0,NA,NA,NA,NA,1,4,0.21160619,0.032953821,0.072409131,0.262845099,0.314003438,0.200315803,0.150426552,statesector
3468,34,Uttarakhand,0,NA,NA,NA,7+,NA,4,0.247627228,0.066887408,0.064999074,0.246762827,0.320210218,0.212666765,0.155361131,statesector
3469,34,Uttarakhand,1,NA,NA,NA,1,NA,4,0.024970016,0,0.026203886,0.045668919,0.238502458,0.396306604,0.293318152,statesector
3474,34,Uttarakhand,0,NA,No education / Preschool,NA,NA,NA,4,0.388361037,0.077294692,0.158729225,0.358066738,0.307585925,0.122467794,0.053150315,statesector
3480,34,Uttarakhand,0,NA,NA,NA,4 to 6,NA,4,0.191710547,0.037968941,0.061143175,0.249757633,0.323674351,0.20522441,0.160200447,statesector
3484,34,Uttarakhand,0,NA,NA,NA,NA,0,4,0.244109988,0.058755249,0.094253451,0.232498109,0.310373068,0.232562765,0.130312607,statesector
3490,34,Uttarakhand,0,NA,Secondary,NA,NA,NA,4,0.112823762,0.006883443,0.033944122,0.211692214,0.336334556,0.242396653,0.175632447,statesector
3491,34,Uttarakhand,0,NA,Higher,NA,NA,NA,4,0.026981931,0.003383367,0.007259634,0.04147942,0.203340039,0.321831912,0.426088989,statesector
3492,34,Uttarakhand,0,NA,NA,NA,NA,NA,4,0.198154241,0.083655238,0.057956945,0.304539144,0.246319562,0.303739488,0.087444857,statesector
3497,34,Uttarakhand,1,NA,NA,NA,NA,NA,4,0.062653549,0,0,0.018629745,0.16948323,0.606371582,0.205515444,statesector
3499,34,Uttarakhand,1,30 to 45,NA,NA,NA,NA,4,0.103324138,0.031285822,0.012134371,0.041255243,0.159048498,0.32457,0.462991893,statesector
3509,34,Uttarakhand,1,NA,Secondary,NA,NA,NA,4,0.012126284,0.001974018,0.003790667,0.022386206,0.093160883,0.318508476,0.562153757,statesector
3510,34,Uttarakhand,1,NA,Higher,NA,NA,NA,4,0.002993885,0,0,0.003762455,0.032797612,0.136650726,0.8267892,statesector
3511,34,Uttarakhand,1,NA,NA,NA,2 to 3,NA,4,0.038806554,0.005835186,0.005736979,0.035452936,0.097865649,0.286522686,0.574421763,statesector
3514,34,Uttarakhand,1,NA,NA,NA,4 to 6,NA,4,0.076115265,0.020003095,0.013563361,0.028894087,0.118616164,0.277380884,0.561545491,statesector
3515,34,Uttarakhand,1,NA,NA,NA,7+,NA,4,0.141057193,0.04984441,0.015629368,0.049031522,0.140654773,0.248152271,0.546532035,statesector
3516,34,Uttarakhand,1,65+,NA,NA,NA,NA,4,0.036573287,0.004593724,0.015031907,0.016231654,0.057319965,0.167725191,0.743691266,statesector
3518,34,Uttarakhand,1,NA,NA,NA,NA,1,4,0.053116672,0.011026431,0.009272489,0.026771341,0.093043834,0.240041599,0.630870759,statesector
3520,34,Uttarakhand,1,NA,No education / Preschool,NA,NA,NA,4,0.26221016,0.08482153,0.05693581,0.095637172,0.259527415,0.321247697,0.266651899,statesector
3522,34,Uttarakhand,1,NA,Primary,NA,NA,NA,4,0.155039474,0.027072988,0.006462436,0.051626869,0.218940899,0.381942689,0.341027081,statesector
3523,34,Uttarakhand,1,NA,NA,1,NA,NA,4,0.076104626,0.021072073,0.013375837,0.036528878,0.126816481,0.286189526,0.537089288,statesector
3524,34,Uttarakhand,1,NA,NA,2,NA,NA,4,0.049314242,0.008356384,0.008377453,0.022883538,0.107888319,0.266275525,0.594575167,statesector
3534,34,Uttarakhand,0,15 to 29,NA,NA,NA,NA,4,0.368220419,0.095666498,0.068128608,0.312573969,0.344030768,0.203361467,0.071905211,statesector
3536,34,Uttarakhand,0,NA,NA,2,NA,NA,4,0.286461294,0.032812305,0.113567755,0.280346721,0.30269751,0.193747789,0.109640233,statesector
3539,34,Uttarakhand,1,15 to 29,NA,NA,NA,NA,4,0.115915537,0.025186084,0.016921794,0.053273905,0.272136331,0.45800066,0.199667305,statesector
3543,34,Uttarakhand,0,30 to 45,NA,NA,NA,NA,4,0.204924002,0.053230468,0.079313457,0.271656841,0.306187212,0.214032575,0.128809929,statesector
3544,34,Uttarakhand,0,65+,NA,NA,NA,NA,4,0.250363141,0.020440288,0.093080215,0.266882598,0.30884558,0.19285059,0.138341025,statesector
3548,34,Uttarakhand,0,46 to 64,NA,NA,NA,NA,4,0.186834008,0.02150468,0.067945369,0.226315036,0.316355824,0.207377747,0.182006016,statesector
3550,35,West Bengal,1,NA,NA,NA,1,NA,4,0.199908108,0.026383463,0.247481376,0.17852138,0.185745806,0.252542943,0.135708496,statesector
3557,35,West Bengal,0,NA,NA,NA,NA,NA,4,0.369971782,0.120861672,0.244266152,0.466586828,0.19462131,0.094525695,0,statesector
3558,35,West Bengal,1,NA,NA,NA,2 to 3,NA,4,0.090872891,0.019676998,0.058481064,0.125761926,0.191691101,0.364759654,0.259306252,statesector
3561,35,West Bengal,1,NA,Higher,NA,NA,NA,4,0.003674229,0,0.004295966,0.004996845,0.040908635,0.267843604,0.68195492,statesector
3565,35,West Bengal,1,NA,NA,NA,NA,1,4,0.126163006,0.031254988,0.070456095,0.135216385,0.199762434,0.33825925,0.256305814,statesector
3573,35,West Bengal,0,NA,NA,NA,7+,NA,4,0.305520475,0.073273391,0.23176226,0.352939308,0.252766132,0.130463123,0.032069191,statesector
3574,35,West Bengal,1,NA,NA,NA,NA,0,4,0.131384566,0.027473791,0.090790749,0.161214516,0.230169222,0.339668393,0.178157121,statesector
3575,35,West Bengal,1,65+,NA,NA,NA,NA,4,0.074072294,0.01627679,0.04646023,0.115346976,0.117125601,0.337443233,0.383623987,statesector
3577,35,West Bengal,1,NA,NA,NA,4 to 6,NA,4,0.136110723,0.02967268,0.071143575,0.14768815,0.206616282,0.335728079,0.238823891,statesector
3578,35,West Bengal,0,NA,No education / Preschool,NA,NA,NA,4,0.513240278,0.149539262,0.510763109,0.347873777,0.113822348,0.02631627,0.001224474,statesector
3582,35,West Bengal,0,15 to 29,NA,NA,NA,NA,4,0.497813642,0.186553851,0.367675424,0.4315238,0.156386286,0.035546638,0.008867864,statesector
3584,35,West Bengal,0,NA,NA,NA,4 to 6,NA,4,0.313553154,0.093898073,0.311406821,0.389064789,0.196639955,0.085748777,0.01713966,statesector
3585,35,West Bengal,0,NA,NA,NA,NA,NA,4,0.336576492,0.08525914,0.323442966,0.366860747,0.19866325,0.09075398,0.020279044,statesector
3586,35,West Bengal,0,NA,NA,NA,NA,1,4,0.334031194,0.086454913,0.325392783,0.371149361,0.196860462,0.0871839,0.019413479,statesector
3592,35,West Bengal,0,NA,Primary,NA,NA,NA,4,0.39402172,0.107045092,0.325410843,0.435854703,0.178610846,0.054501869,0.005621719,statesector
3595,35,West Bengal,0,NA,NA,NA,2 to 3,NA,4,0.354129791,0.075918704,0.354195744,0.345825046,0.188460678,0.088876553,0.022641974,statesector
3597,35,West Bengal,1,NA,No education / Preschool,NA,NA,NA,4,0.347166777,0.10636615,0.222345144,0.309400886,0.250982046,0.186599553,0.03067237,statesector
3598,35,West Bengal,1,NA,NA,NA,NA,NA,4,0,0,0,0.074633777,0.277137727,0.626570523,0.021657992,statesector
3599,35,West Bengal,1,NA,NA,NA,NA,NA,4,0.127383679,0.030371035,0.075182721,0.141259432,0.206830233,0.338586807,0.238140821,statesector
3606,35,West Bengal,0,NA,Secondary,NA,NA,NA,4,0.140020967,0.010437866,0.165689945,0.35674119,0.297234029,0.149638698,0.030696133,statesector
3607,35,West Bengal,0,NA,NA,NA,1,NA,4,0.72765702,0.063445531,0.634944797,0.205297559,0.112416565,0.039493904,0.007847182,statesector
3608,35,West Bengal,1,NA,Secondary,NA,NA,NA,4,0.045344118,0.004239554,0.03456312,0.079762056,0.217897028,0.432598472,0.235179335,statesector
3612,35,West Bengal,0,NA,NA,NA,NA,0,4,0.344968736,0.081316456,0.317088157,0.352883369,0.204538852,0.102389514,0.023100087,statesector
3614,35,West Bengal,0,46 to 64,NA,NA,NA,NA,4,0.298620284,0.059034351,0.297122359,0.358778656,0.203889579,0.110875994,0.029333413,statesector
3616,35,West Bengal,1,30 to 45,NA,NA,NA,NA,4,0.182131588,0.047344938,0.101074554,0.161568537,0.237374008,0.345150441,0.154832482,statesector
3617,35,West Bengal,1,46 to 64,NA,NA,NA,NA,4,0.081148118,0.015043429,0.05323999,0.120122947,0.207276672,0.346500576,0.272859812,statesector
3625,35,West Bengal,1,NA,Primary,NA,NA,NA,4,0.185976788,0.035397451,0.081953056,0.229128316,0.283364296,0.34071058,0.064843744,statesector
3629,35,West Bengal,1,NA,NA,NA,7+,NA,4,0.169527024,0.065264173,0.086351193,0.147044256,0.258922815,0.301730126,0.205951586,statesector
3632,35,West Bengal,1,NA,NA,1,NA,NA,4,0.119036764,0.028541805,0.067898862,0.136966199,0.212626547,0.333298743,0.249209657,statesector
3634,35,West Bengal,0,NA,Higher,NA,NA,NA,4,0.045873191,0,0.033987861,0.139363468,0.239111215,0.392310917,0.195226535,statesector
3637,35,West Bengal,0,65+,NA,NA,NA,NA,4,0.350828171,0.040195003,0.329048693,0.322410703,0.188950717,0.130043685,0.029546207,statesector
3639,35,West Bengal,0,30 to 45,NA,NA,NA,NA,4,0.325533777,0.097375207,0.33528161,0.371071398,0.208075285,0.073892608,0.011679078,statesector
3642,35,West Bengal,1,15 to 29,NA,NA,NA,NA,4,0.31007129,0.088380605,0.175747722,0.260934561,0.26402539,0.238823339,0.060468994,statesector
3650,35,West Bengal,1,NA,NA,2,NA,NA,4,0.174559519,0.040709633,0.115255274,0.164878905,0.174941525,0.367679328,0.177244961,statesector
3651,35,West Bengal,0,NA,NA,2,NA,NA,4,0.471514821,0.112670429,0.453896493,0.292679906,0.173603833,0.070635393,0.009184371,statesector
3653,35,West Bengal,0,NA,NA,1,NA,NA,4,0.319142878,0.081717685,0.306666225,0.37640065,0.201885968,0.093341291,0.021705857,statesector
3658,36,Telangana ,1,NA,NA,NA,NA,0,4,0.067899846,0.008377404,0.012888668,0.052167501,0.17483516,0.3770805,0.383028179,statesector
3659,36,Telangana ,1,NA,NA,NA,7+,NA,4,0.05982146,0.011365176,0.003855674,0.036922254,0.110147305,0.433324724,0.415750057,statesector
3660,36,Telangana ,0,NA,Primary,NA,NA,NA,4,0.307357967,0.066437468,0.108452171,0.282531589,0.379639924,0.19603844,0.033337906,statesector
3662,36,Telangana ,1,NA,NA,NA,4 to 6,NA,4,0.055382408,0.010599005,0.008353187,0.03596558,0.157164365,0.347352237,0.451164633,statesector
3664,36,Telangana ,1,15 to 29,NA,NA,NA,NA,4,0.12498264,0.02906961,0.018970784,0.056398276,0.286974281,0.37573567,0.261921018,statesector
3665,36,Telangana ,1,30 to 45,NA,NA,NA,NA,4,0.065804921,0.011427824,0.012863216,0.048746713,0.162256658,0.340058267,0.436075151,statesector
3667,36,Telangana ,0,NA,NA,NA,7+,NA,4,0.26947704,0.05861197,0.085143372,0.295544058,0.345062524,0.203563601,0.070686437,statesector
3670,36,Telangana ,0,NA,NA,NA,NA,1,4,0.282576084,0.050321225,0.125760049,0.279794216,0.344653547,0.203443632,0.046348561,statesector
3671,36,Telangana ,0,NA,NA,NA,NA,NA,4,1,0,1,0,0,0,0,statesector
3672,36,Telangana ,1,NA,NA,NA,NA,1,4,0.059501924,0.011806715,0.014837399,0.044697225,0.139078543,0.292132765,0.509254098,statesector
3673,36,Telangana ,0,30 to 45,NA,NA,NA,NA,4,0.246685386,0.065440089,0.11076726,0.276120722,0.359218597,0.209268525,0.044624887,statesector
3674,36,Telangana ,1,NA,NA,NA,2 to 3,NA,4,0.066144399,0.009807361,0.017796207,0.060407538,0.159360588,0.300332636,0.462103009,statesector
3679,36,Telangana ,0,NA,No education / Preschool,NA,NA,NA,4,0.406680197,0.072402425,0.194775671,0.360996366,0.323026329,0.107616022,0.013585606,statesector
3684,36,Telangana ,0,NA,NA,NA,NA,0,4,0.316592276,0.051040094,0.146091893,0.311707437,0.345264316,0.170630306,0.026306055,statesector
3685,36,Telangana ,0,NA,NA,NA,4 to 6,NA,4,0.233942747,0.056997407,0.092204817,0.279247493,0.365364254,0.223485023,0.0396984,statesector
3687,36,Telangana ,1,NA,NA,NA,1,NA,4,0.174740389,0,0.09189567,0.179246783,0.273396343,0.283768028,0.171693206,statesector
3692,36,Telangana ,1,46 to 64,NA,NA,NA,NA,4,0.036223911,0.004476937,0.009720403,0.038920902,0.119956858,0.330236167,0.501165688,statesector
3693,36,Telangana ,1,65+,NA,NA,NA,NA,4,0.081799589,0.003244849,0.025163094,0.070097506,0.135344654,0.309550941,0.459843785,statesector
3699,36,Telangana ,0,15 to 29,NA,NA,NA,NA,4,0.340817243,0.104269043,0.103481658,0.312412351,0.363280624,0.200091824,0.020733526,statesector
3701,36,Telangana ,0,46 to 64,NA,NA,NA,NA,4,0.24943307,0.032337688,0.110226318,0.285997927,0.342110097,0.218771473,0.042894173,statesector
3702,36,Telangana ,0,65+,NA,NA,NA,NA,4,0.442643791,0.02389852,0.230419576,0.320945024,0.311238617,0.106647432,0.030749371,statesector
3708,36,Telangana ,0,NA,NA,NA,NA,NA,4,0.294850767,0.050580628,0.133162007,0.291412473,0.344875902,0.191497684,0.039051928,statesector
3709,36,Telangana ,1,NA,NA,NA,NA,NA,4,0.063970327,0.009982032,0.013806571,0.048648808,0.15799287,0.337067902,0.442483842,statesector
3711,36,Telangana ,0,NA,NA,NA,1,NA,4,0.666216016,0.0270009,0.426752299,0.314379483,0.19635959,0.052114476,0.01039416,statesector
3712,36,Telangana ,0,NA,NA,NA,2 to 3,NA,4,0.324327439,0.043568946,0.154951245,0.305667311,0.338894933,0.163526252,0.036960274,statesector
3715,36,Telangana ,0,NA,NA,1,NA,NA,4,0.268879235,0.048278902,0.115318649,0.285026103,0.354182512,0.203058571,0.0424142,statesector
3717,36,Telangana ,1,NA,NA,1,NA,NA,4,0.051205344,0.009683069,0.010444654,0.041061595,0.146987334,0.333679974,0.467826456,statesector
3718,36,Telangana ,1,NA,NA,2,NA,NA,4,0.145084098,0.011881759,0.036429144,0.099703692,0.232049897,0.359865546,0.271951735,statesector
3725,36,Telangana ,0,NA,Secondary,NA,NA,NA,4,0.105668157,0.005355063,0.050112627,0.195666879,0.378725529,0.314046293,0.061448686,statesector
3726,36,Telangana ,0,NA,Higher,NA,NA,NA,4,0.05463108,0.010395234,0.006474975,0.089471519,0.282923251,0.406653464,0.214476779,statesector
3727,36,Telangana ,0,NA,NA,NA,NA,NA,4,0.348869413,0,0,0.336991817,0.376603574,0.28640461,0,statesector
3728,36,Telangana ,1,NA,No education / Preschool,NA,NA,NA,4,0.183498144,0.034774374,0.049980614,0.114446051,0.297766238,0.376339525,0.161467597,statesector
3729,36,Telangana ,1,NA,Primary,NA,NA,NA,4,0.124244183,0.015098116,0.007239317,0.08392556,0.222179025,0.456772834,0.229883254,statesector
3730,36,Telangana ,1,NA,Secondary,NA,NA,NA,4,0.017778115,0.000916232,0.004025066,0.02942976,0.133591324,0.36210236,0.470851511,statesector
3731,36,Telangana ,1,NA,Higher,NA,NA,NA,4,0.003148958,0,0.001127657,0.00789857,0.042856384,0.191747621,0.75636977,statesector
3732,36,Telangana ,1,NA,NA,NA,NA,NA,4,0,0,0,0,0,0.847834349,0.152165651,statesector
3756,36,Telangana ,0,NA,NA,2,NA,NA,4,0.422373742,0.061882347,0.219529226,0.322324485,0.299829215,0.135539532,0.022777522,statesector
3831,NA,NA,0,NA,NA,NA,NA,NA,4,0.440323114,0.186404929,NA,NA,NA,NA,NA,statesector
3832,NA,NA,1,NA,NA,NA,NA,NA,4,0.042338934,0.005588613,NA,NA,NA,NA,NA,statesector
3843,NA,NA,0,NA,NA,NA,NA,NA,4,0.440323114,0.186404929,NA,NA,NA,NA,NA,statesector
3844,NA,NA,1,NA,NA,NA,NA,NA,4,0.042338934,0.005588613,NA,NA,NA,NA,NA,statesector
3854,NA,NA,0,NA,NA,NA,NA,1,4,0.440323114,0.186404929,NA,NA,NA,NA,NA,statesector
3855,NA,NA,1,NA,NA,NA,NA,1,4,0.042338934,0.005588613,NA,NA,NA,NA,NA,statesector
3859,NA,NA,0,65+,NA,NA,NA,NA,4,0.440323114,0.186404929,NA,NA,NA,NA,NA,statesector
3860,NA,NA,1,65+,NA,NA,NA,NA,4,0.042338934,0.005588613,NA,NA,NA,NA,NA,statesector
3893,NA,NA,0,NA,NA,NA,NA,NA,4,0.440323114,0.186404929,NA,NA,NA,NA,NA,statesector
3894,NA,NA,1,NA,NA,NA,NA,NA,4,0.042338934,0.005588613,NA,NA,NA,NA,NA,statesector
3954,NA,NA,0,NA,NA,NA,7+,NA,4,0.440323114,0.186404929,NA,NA,NA,NA,NA,statesector
3962,NA,NA,1,NA,NA,NA,7+,NA,4,0.042338934,0.005588613,NA,NA,NA,NA,NA,statesector
3820,NA,NA,NA,NA,NA,2,NA,NA,5,0.213461459,0.045592446,0.253377646,0.216717184,0.200045213,0.175855562,0.154004395,allindia
3821,NA,NA,NA,NA,NA,NA,NA,NA,5,0.22133401,0.077039398,NA,NA,NA,NA,NA,allindia
3856,NA,NA,NA,NA,NA,NA,NA,NA,5,0.161018878,0.035527941,0.207783088,0.199831307,0.199636474,0.196268991,0.19648014,allindia
3866,NA,NA,NA,NA,No education / Preschool,NA,NA,NA,5,0.321055263,0.082724959,0.377732992,0.258023709,0.188743502,0.118528083,0.056971718,allindia
3867,NA,NA,NA,NA,Primary,NA,NA,NA,5,0.206097677,0.048447646,0.249221131,0.242431059,0.227430969,0.182249695,0.098667145,allindia
3868,NA,NA,NA,NA,Secondary,NA,NA,NA,5,0.066806085,0.005944174,0.12197499,0.178428084,0.21663475,0.248407468,0.234554708,allindia
3869,NA,NA,NA,NA,Higher,NA,NA,NA,5,0.019192027,0.001051796,0.023112506,0.057327032,0.115551062,0.222650707,0.581358671,allindia
3870,NA,NA,NA,NA,NA,NA,NA,NA,5,0.191043809,0.066327572,0.233207166,0.212468281,0.161633968,0.191423178,0.201267406,allindia
3883,NA,NA,NA,15 to 29,NA,NA,NA,NA,5,0.307848305,0.098432377,0.313844055,0.249114245,0.200902298,0.149417192,0.08672221,allindia
3884,NA,NA,NA,30 to 45,NA,NA,NA,NA,5,0.169988602,0.050203588,0.22377947,0.212982833,0.207823485,0.194814295,0.160599917,allindia
3885,NA,NA,NA,46 to 64,NA,NA,NA,NA,5,0.128003687,0.020538513,0.180155084,0.187023714,0.197794616,0.206198424,0.228828162,allindia
3886,NA,NA,NA,65+,NA,NA,NA,NA,5,0.163981438,0.016955873,0.199712604,0.184350401,0.186863706,0.19382976,0.235243529,allindia
3887,NA,NA,NA,NA,NA,NA,NA,NA,5,0.167185262,0.167185262,0.319342107,0.36012283,0.150988579,0.169546485,0,allindia
3912,NA,NA,NA,NA,NA,1,NA,NA,5,0.149761766,0.033304855,0.198156014,0.196269199,0.19954361,0.200584218,0.205446944,allindia
3948,NA,NA,NA,NA,NA,NA,1,NA,5,0.304935694,0.010371967,0.337162763,0.233457044,0.191659436,0.134120241,0.103600517,allindia
3955,NA,NA,NA,NA,NA,NA,NA,1,5,0.161018878,0.035527941,0.207783088,0.199831307,0.199636474,0.196268991,0.19648014,allindia
3959,NA,NA,NA,NA,NA,NA,2 to 3,NA,5,0.143609643,0.020711126,0.209845513,0.195287868,0.200671256,0.195131063,0.199064285,allindia
3963,NA,NA,NA,NA,NA,NA,7+,NA,5,0.211518094,0.061376546,0.202546313,0.208989918,0.199957117,0.199279159,0.189227492,allindia
3966,NA,NA,NA,NA,NA,NA,4 to 6,NA,5,0.14477773,0.040427126,0.195857435,0.197119623,0.199696705,0.20196256,0.205363676,allindia
3816,NA,NA,1,NA,NA,NA,7+,NA,5,0.091492735,0.020654576,0.036868334,0.077798881,0.14849025,0.284164846,0.452677697,indiasector
3822,NA,NA,0,NA,NA,1,NA,NA,5,0.199865475,0.045419,0.281733632,0.259139687,0.222649261,0.158638492,0.077838928,indiasector
3825,NA,NA,1,NA,NA,NA,NA,NA,5,0.075185753,0.02519561,NA,NA,NA,NA,NA,indiasector
3857,NA,NA,0,NA,NA,NA,NA,NA,5,0.214074761,0.048405088,0.293672055,0.26194492,0.219229251,0.151650697,0.073503077,indiasector
3858,NA,NA,1,NA,NA,NA,NA,NA,5,0.049620278,0.008490486,0.034930356,0.074826814,0.160205767,0.28606391,0.443973154,indiasector
3871,NA,NA,0,NA,No education / Preschool,NA,NA,NA,5,0.358734727,0.094205119,0.442883223,0.280204862,0.172516271,0.079115771,0.025279881,indiasector
3872,NA,NA,0,NA,Primary,NA,NA,NA,5,0.247625694,0.060708739,0.319046676,0.286732107,0.223828629,0.1300475,0.04034508,indiasector
3873,NA,NA,0,NA,Secondary,NA,NA,NA,5,0.09604916,0.008755323,0.185998857,0.25186044,0.255505174,0.204181969,0.102453537,indiasector
3874,NA,NA,0,NA,Higher,NA,NA,NA,5,0.044489633,0.002642727,0.059670877,0.139522985,0.233838707,0.295372963,0.271594495,indiasector
3875,NA,NA,0,NA,NA,NA,NA,NA,5,0.236687824,0.084569648,0.338475645,0.283224523,0.174130037,0.141470298,0.062699504,indiasector
3876,NA,NA,1,NA,No education / Preschool,NA,NA,NA,5,0.161811367,0.034206618,0.110803917,0.167144582,0.255228639,0.280005544,0.186817348,indiasector
3877,NA,NA,1,NA,Primary,NA,NA,NA,5,0.0892369,0.013944659,0.05719395,0.120598808,0.237337753,0.325810879,0.259058595,indiasector
3878,NA,NA,1,NA,Secondary,NA,NA,NA,5,0.016273502,0.001086457,0.015508742,0.056316331,0.151996508,0.321950704,0.454227716,indiasector
3879,NA,NA,1,NA,Higher,NA,NA,NA,5,0.003382134,5.75E-05,0.001654887,0.009082832,0.046123162,0.179967001,0.76317209,indiasector
3880,NA,NA,1,NA,NA,NA,NA,NA,5,0.062516108,0.014960236,0.040175352,0.082721874,0.138719797,0.283022255,0.455360711,indiasector
3888,NA,NA,0,15 to 29,NA,NA,NA,NA,5,0.377715468,0.123805523,0.402874708,0.291636258,0.181225911,0.093816005,0.030447109,indiasector
3889,NA,NA,0,30 to 45,NA,NA,NA,NA,5,0.220302165,0.067388982,0.314291209,0.27310589,0.217857942,0.138348818,0.056396153,indiasector
3890,NA,NA,0,46 to 64,NA,NA,NA,NA,5,0.175235227,0.02865671,0.261311889,0.252979159,0.228197113,0.168954298,0.088557541,indiasector
3891,NA,NA,0,65+,NA,NA,NA,NA,5,0.221976697,0.02341174,0.279798299,0.247060344,0.217449903,0.16352728,0.092164159,indiasector
3892,NA,NA,0,NA,NA,NA,NA,NA,5,0.196917579,0.196917579,0.376134068,0.424167246,0,0.199698702,0,indiasector
3908,NA,NA,1,NA,NA,NA,4 to 6,NA,5,0.04621733,0.009747676,0.028481094,0.06868875,0.153413326,0.288074225,0.461342603,indiasector
3909,NA,NA,1,NA,NA,NA,NA,1,5,0.049620278,0.008490486,0.034930356,0.074826814,0.160205767,0.28606391,0.443973154,indiasector
3913,NA,NA,1,15 to 29,NA,NA,NA,NA,5,0.11009115,0.026614364,0.068166584,0.13177599,0.255198687,0.302847028,0.242011696,indiasector
3915,NA,NA,0,NA,NA,2,NA,NA,5,0.279602379,0.061804183,0.349542826,0.275085688,0.203198418,0.118967101,0.053205967,indiasector
3916,NA,NA,0,NA,NA,NA,NA,NA,5,0.264075577,0.092201293,NA,NA,NA,NA,NA,indiasector
3917,NA,NA,1,NA,NA,1,NA,NA,5,0.04537046,0.008064982,0.030996151,0.070524782,0.153331041,0.284478009,0.460670024,indiasector
3918,NA,NA,1,NA,NA,2,NA,NA,5,0.070019402,0.010433502,0.054008476,0.09570796,0.193507999,0.29379642,0.362979144,indiasector
3920,NA,NA,1,NA,NA,NA,1,NA,5,0.092865497,0.002556001,0.104382746,0.153878808,0.226598129,0.258705974,0.256434351,indiasector
3929,NA,NA,0,NA,NA,NA,7+,NA,5,0.251970261,0.075101085,0.261193901,0.255429626,0.21817565,0.169230849,0.095969982,indiasector
3936,NA,NA,0,NA,NA,NA,NA,1,5,0.214074761,0.048405088,0.293672055,0.26194492,0.219229251,0.151650697,0.073503077,indiasector
3937,NA,NA,1,NA,NA,NA,2 to 3,NA,5,0.035385661,0.003850571,0.034057457,0.071670368,0.164538398,0.287605882,0.442127883,indiasector
3938,NA,NA,0,NA,NA,NA,4 to 6,NA,5,0.191672772,0.055024408,0.279524565,0.261318922,0.222832575,0.158917546,0.077406384,indiasector
3941,NA,NA,1,30 to 45,NA,NA,NA,NA,5,0.061112482,0.013015229,0.03595965,0.088222206,0.187001124,0.311985105,0.376831919,indiasector
3949,NA,NA,1,NA,NA,NA,NA,NA,5,0,0,0,0,1,0,0,indiasector
3956,NA,NA,1,65+,NA,NA,NA,NA,5,0.043732483,0.003570097,0.041012943,0.060082953,0.126253411,0.253877848,0.51877284,indiasector
3958,NA,NA,0,NA,NA,NA,2 to 3,NA,5,0.201686308,0.029759075,0.307677537,0.264085203,0.220780417,0.143665686,0.063791141,indiasector
3960,NA,NA,1,46 to 64,NA,NA,NA,NA,5,0.035148397,0.004578463,0.02747752,0.06294398,0.1405994,0.276264548,0.492714554,indiasector
3965,NA,NA,0,NA,NA,NA,1,NA,5,0.414578855,0.014412927,0.45844835,0.274919748,0.173455298,0.069207221,0.023969373,indiasector
1,1,Andaman and Nicobar Islands,NA,NA,NA,NA,7+,NA,5,0.091921814,0.014981586,0.123880506,0.206725255,0.215878755,0.244554788,0.208960682,state
3,1,Andaman and Nicobar Islands,NA,NA,NA,NA,4 to 6,NA,5,0.052788738,0.008389139,0.095278762,0.154198959,0.20641908,0.282117844,0.261985362,state
11,1,Andaman and Nicobar Islands,NA,NA,NA,NA,2 to 3,NA,5,0.071287103,0.00883166,0.102244683,0.148778543,0.198501527,0.262362152,0.288113087,state
25,1,Andaman and Nicobar Islands,NA,NA,NA,NA,1,NA,5,0.204573631,0,0.249833763,0.274150878,0.214698464,0.188267171,0.073049724,state
27,1,Andaman and Nicobar Islands,NA,NA,Primary,NA,NA,NA,5,0.137628958,0.036048647,0.166634753,0.222947761,0.205686942,0.27303794,0.131692633,state
29,1,Andaman and Nicobar Islands,NA,NA,No education / Preschool,NA,NA,NA,5,0.126937449,0.022824464,0.186055183,0.232779354,0.246534362,0.225189805,0.10944128,state
36,1,Andaman and Nicobar Islands,NA,NA,NA,1,NA,NA,5,0.060279924,0.009169509,0.099775225,0.158897236,0.206929475,0.275506943,0.258891135,state
41,1,Andaman and Nicobar Islands,NA,NA,NA,2,NA,NA,5,0.067110822,0.008598015,0.108998202,0.17613472,0.196511358,0.258383662,0.259972095,state
45,1,Andaman and Nicobar Islands,NA,15 to 29,NA,NA,NA,NA,5,0.120620281,0.02836878,0.169487461,0.215437144,0.195355162,0.218931764,0.200788483,state
46,1,Andaman and Nicobar Islands,NA,NA,NA,NA,NA,1,5,0.060662489,0.009137502,0.100290574,0.159860402,0.206347346,0.27455017,0.258951515,state
54,1,Andaman and Nicobar Islands,NA,NA,Higher,NA,NA,NA,5,0.006560255,0.000220857,0.012475207,0.040744219,0.112012766,0.272820473,0.561947346,state
59,1,Andaman and Nicobar Islands,NA,30 to 45,NA,NA,NA,NA,5,0.075851776,0.012672402,0.116822518,0.17541495,0.21557647,0.266939938,0.225246146,state
67,1,Andaman and Nicobar Islands,NA,NA,NA,NA,NA,NA,5,0.060662489,0.009137502,0.100290574,0.159860402,0.206347346,0.27455017,0.258951515,state
68,1,Andaman and Nicobar Islands,NA,NA,Secondary,NA,NA,NA,5,0.028932668,0.000641309,0.068133876,0.144393116,0.210231349,0.303576559,0.273665071,state
87,1,Andaman and Nicobar Islands,NA,46 to 64,NA,NA,NA,NA,5,0.040074311,0.004829818,0.078201093,0.145422533,0.202828392,0.281723559,0.29182443,state
88,1,Andaman and Nicobar Islands,NA,65+,NA,NA,NA,NA,5,0.05767148,0.004309578,0.09310431,0.136916578,0.19650422,0.299096823,0.274378091,state
89,1,Andaman and Nicobar Islands,NA,NA,NA,NA,NA,NA,5,0,0,1,0,0,0,0,state
109,2,Andhra Pradesh,NA,NA,NA,NA,2 to 3,NA,5,0.04518953,0.002570532,0.048988406,0.146099523,0.236111283,0.277811229,0.290989548,state
118,2,Andhra Pradesh,NA,NA,NA,1,NA,NA,5,0.051432934,0.005492745,0.041781537,0.139924839,0.253394455,0.286178768,0.278720409,state
121,2,Andhra Pradesh,NA,NA,Primary,NA,NA,NA,5,0.086733811,0.008686365,0.064019814,0.212849393,0.292679161,0.280513972,0.149937674,state
125,2,Andhra Pradesh,NA,NA,NA,2,NA,NA,5,0.062144805,0.00407853,0.052105665,0.132812455,0.23954244,0.299833626,0.275705814,state
127,2,Andhra Pradesh,NA,NA,NA,NA,NA,NA,5,0,0,0,0.175088033,0.057955202,0.584683955,0.182272837,state
131,2,Andhra Pradesh,NA,NA,NA,NA,1,NA,5,0.117971741,0.003597377,0.104584746,0.151884675,0.312556475,0.283418715,0.147555396,state
134,2,Andhra Pradesh,NA,NA,NA,NA,7+,NA,5,0.082482554,0.005658628,0.042632177,0.138706878,0.250097692,0.283085763,0.285477489,state
136,2,Andhra Pradesh,NA,NA,Higher,NA,NA,NA,5,0.001282295,0,0.000866008,0.013398871,0.122779049,0.247485623,0.615470469,state
141,2,Andhra Pradesh,NA,NA,NA,NA,NA,1,5,0.053856734,0.005172747,0.04411272,0.138318866,0.250266671,0.289262027,0.278039694,state
148,2,Andhra Pradesh,NA,NA,NA,NA,4 to 6,NA,5,0.042904876,0.007414109,0.029043196,0.129781827,0.248973355,0.300024688,0.292176932,state
149,2,Andhra Pradesh,NA,NA,Secondary,NA,NA,NA,5,0.024241103,0.001317488,0.018461777,0.114595734,0.253056079,0.324120969,0.289765477,state
162,2,Andhra Pradesh,NA,NA,No education / Preschool,NA,NA,NA,5,0.147247016,0.016830744,0.132567674,0.228027076,0.297555476,0.227352262,0.11449752,state
187,2,Andhra Pradesh,NA,46 to 64,NA,NA,NA,NA,5,0.039817404,0.002178499,0.032615818,0.116308331,0.231220633,0.303585112,0.316270113,state
189,2,Andhra Pradesh,NA,NA,NA,NA,NA,NA,5,0.053856734,0.005172747,0.04411272,0.138318866,0.250266671,0.289262027,0.278039694,state
200,2,Andhra Pradesh,NA,30 to 45,NA,NA,NA,NA,5,0.051821515,0.008608097,0.047719482,0.167160168,0.271646142,0.289057881,0.224416301,state
208,2,Andhra Pradesh,NA,15 to 29,NA,NA,NA,NA,5,0.108997628,0.02425254,0.069502518,0.1773559,0.401644856,0.252869099,0.098627634,state
210,2,Andhra Pradesh,NA,65+,NA,NA,NA,NA,5,0.072098933,0.003085236,0.05715834,0.139598399,0.232681066,0.268938035,0.301624149,state
220,3,Arunachal Pradesh,NA,NA,No education / Preschool,NA,NA,NA,5,0.104120374,0.015156079,0.037363302,0.116535634,0.196372032,0.28617233,0.363556713,state
222,3,Arunachal Pradesh,NA,NA,Secondary,NA,NA,NA,5,0.010879022,0,0.005272353,0.025456579,0.081969298,0.189905331,0.697396457,state
227,3,Arunachal Pradesh,NA,NA,Higher,NA,NA,NA,5,0.001361186,0,0,0.003621085,0.009962095,0.041344091,0.945072711,state
231,3,Arunachal Pradesh,NA,NA,NA,1,NA,NA,5,0.045626525,0.006019055,0.014929943,0.056972153,0.121609822,0.213058501,0.593429565,state
235,3,Arunachal Pradesh,NA,NA,Primary,NA,NA,NA,5,0.068146311,0.009848533,0.014862547,0.070401773,0.143337086,0.269891024,0.50150758,state
238,3,Arunachal Pradesh,NA,NA,NA,NA,NA,NA,5,0,0,0,0,0.107126318,0.190114558,0.702759147,state
245,3,Arunachal Pradesh,NA,NA,NA,NA,1,NA,5,0.139351368,0.002422855,0.115800127,0.171836659,0.171619549,0.213424847,0.327318817,state
246,3,Arunachal Pradesh,NA,NA,NA,NA,2 to 3,NA,5,0.035521828,0.002765418,0.022076625,0.07151787,0.117078647,0.192081705,0.597245157,state
264,3,Arunachal Pradesh,NA,NA,NA,NA,4 to 6,NA,5,0.042111818,0.006651038,0.009545256,0.049370937,0.119643606,0.227972835,0.593467355,state
270,3,Arunachal Pradesh,NA,NA,NA,NA,NA,NA,5,0.046221707,0.005958685,0.01555181,0.056703798,0.117973268,0.216572955,0.59319818,state
275,3,Arunachal Pradesh,NA,NA,NA,NA,NA,1,5,0.046221707,0.005958685,0.01555181,0.056703798,0.117973268,0.216572955,0.59319818,state
277,3,Arunachal Pradesh,NA,NA,NA,NA,7+,NA,5,0.06273634,0.010001495,0.008173347,0.036186706,0.10042952,0.212790594,0.642419815,state
304,3,Arunachal Pradesh,NA,15 to 29,NA,NA,NA,NA,5,0.17403774,0.025858214,0.040030424,0.159756631,0.221941397,0.283512086,0.294759452,state
305,3,Arunachal Pradesh,NA,30 to 45,NA,NA,NA,NA,5,0.058052037,0.010318186,0.018925689,0.071839347,0.168030351,0.262109071,0.479095548,state
310,3,Arunachal Pradesh,NA,46 to 64,NA,NA,NA,NA,5,0.027750026,0.002061969,0.010051855,0.039474897,0.093334571,0.202473596,0.654665053,state
311,3,Arunachal Pradesh,NA,NA,NA,2,NA,NA,5,0.049408302,0.005647007,0.018850084,0.055342037,0.09888836,0.235000908,0.591918588,state
316,3,Arunachal Pradesh,NA,65+,NA,NA,NA,NA,5,0.042855617,0.004020915,0.017369462,0.052197572,0.082143098,0.173138678,0.675151169,state
323,4,Assam,NA,NA,Higher,NA,NA,NA,5,0,0,0,0,0,0.006223514,0.9937765,state
331,4,Assam,NA,NA,Secondary,NA,NA,NA,5,0.015124642,0,0.011781693,0.014789763,0.032321654,0.155614659,0.785492241,state
338,4,Assam,NA,NA,No education / Preschool,NA,NA,NA,5,0.093218967,0.02822027,0.016447728,0.070457466,0.14846988,0.184323981,0.580300927,state
350,4,Assam,NA,NA,NA,NA,4 to 6,NA,5,0.031065041,0.003131085,0.002343161,0.018538373,0.05382029,0.132193148,0.793105066,state
355,4,Assam,NA,NA,Primary,NA,NA,NA,5,0.106894329,0.019773852,0.034260906,0.068928331,0.088316418,0.254363954,0.554130375,state
362,4,Assam,NA,NA,NA,NA,7+,NA,5,0.071975827,0.047717474,0.037754472,0.025770575,0.09524703,0.057024755,0.784203172,state
365,4,Assam,NA,NA,NA,1,NA,NA,5,0.03618712,0.008261465,0.01307695,0.02825666,0.049670685,0.121363319,0.787632406,state
366,4,Assam,NA,NA,NA,NA,NA,NA,5,0.034547728,0.007141045,0.011143235,0.024524964,0.047600977,0.127227873,0.789502919,state
374,4,Assam,NA,NA,NA,NA,1,NA,5,0,0,0.069047041,0.069439217,0.033434153,0.230769724,0.597309887,state
376,4,Assam,NA,NA,NA,NA,2 to 3,NA,5,0.032101385,0,0.011061355,0.030992985,0.014168274,0.129706442,0.81407094,state
382,4,Assam,NA,NA,NA,NA,NA,1,5,0.034547728,0.007141045,0.011143235,0.024524964,0.047600977,0.127227873,0.789502919,state
396,4,Assam,NA,NA,NA,2,NA,NA,5,0.024098985,0,0,0.003020669,0.035674069,0.161023036,0.80028224,state
412,4,Assam,NA,46 to 64,NA,NA,NA,NA,5,0.017454755,0.009381265,0.007348721,0.01593917,0.034979586,0.103641883,0.838090658,state
413,4,Assam,NA,15 to 29,NA,NA,NA,NA,5,0.200026378,0.038808286,0.10150221,0.144716665,0.021715013,0.256464511,0.475601584,state
414,4,Assam,NA,30 to 45,NA,NA,NA,NA,5,0.048009183,0.004575294,0.007268958,0.032726228,0.080049708,0.190481231,0.689473867,state
415,4,Assam,NA,65+,NA,NA,NA,NA,5,0,0,0.007103298,0,0.014206596,0.022662187,0.956027925,state
421,5,Bihar,NA,NA,Secondary,NA,NA,NA,5,0.04455141,0.002835409,0.043159861,0.170738071,0.218108267,0.230603352,0.337390453,state
428,5,Bihar,NA,NA,No education / Preschool,NA,NA,NA,5,0.220406607,0.029834801,0.146035895,0.262686938,0.242102355,0.212067068,0.13710773,state
430,5,Bihar,NA,NA,Primary,NA,NA,NA,5,0.155959427,0.026736472,0.088410825,0.265176475,0.23316057,0.208554715,0.204697415,state
431,5,Bihar,NA,NA,NA,NA,NA,NA,5,0.099588349,0.012847351,0.068719879,0.188703448,0.207884744,0.212258652,0.322433293,state
447,5,Bihar,NA,NA,NA,NA,7+,NA,5,0.12895529,0.026168359,0.042589922,0.158744618,0.216773003,0.249513954,0.332378507,state
450,5,Bihar,NA,NA,Higher,NA,NA,NA,5,0.007135729,0.000201015,0.003041799,0.042215817,0.09324085,0.159338087,0.702163458,state
453,5,Bihar,NA,NA,NA,NA,NA,1,5,0.099588349,0.012847351,0.068719879,0.188703448,0.207884744,0.212258652,0.322433293,state
464,5,Bihar,NA,NA,NA,NA,NA,NA,5,0.099535257,0,0,0.062483922,0.267422706,0.31226027,0.357833087,state
465,5,Bihar,NA,30 to 45,NA,NA,NA,NA,5,0.112843923,0.022672065,0.069383591,0.191089213,0.217841506,0.244658425,0.277027279,state
466,5,Bihar,NA,46 to 64,NA,NA,NA,NA,5,0.070901148,0.005466056,0.057612393,0.18087405,0.192820132,0.192608163,0.376085252,state
467,5,Bihar,NA,65+,NA,NA,NA,NA,5,0.110653549,0.005252709,0.090067923,0.199371234,0.198188707,0.176567927,0.335804224,state
478,5,Bihar,NA,15 to 29,NA,NA,NA,NA,5,0.188880965,0.033268958,0.070831373,0.193851128,0.291863501,0.283206254,0.160247773,state
490,5,Bihar,NA,NA,NA,1,NA,NA,5,0.094612725,0.013136677,0.059342954,0.181010157,0.204839766,0.218961358,0.335845768,state
510,5,Bihar,NA,NA,NA,2,NA,NA,5,0.118375264,0.011754916,0.10491284,0.21839793,0.219637737,0.186387599,0.270663887,state
522,5,Bihar,NA,NA,NA,NA,1,NA,5,0.245365888,0.012154193,0.189520627,0.274278283,0.240264505,0.144153252,0.151783317,state
523,5,Bihar,NA,NA,NA,NA,2 to 3,NA,5,0.082982123,0.00710601,0.077617526,0.218733862,0.207714871,0.17680341,0.319130331,state
524,5,Bihar,NA,NA,NA,NA,4 to 6,NA,5,0.086002655,0.01287063,0.058425505,0.171778858,0.202768564,0.228604674,0.338422388,state
539,6,Chandigarh,NA,NA,NA,NA,NA,NA,5,0,0,0,0.141918093,0.154660895,0.312858164,0.390562862,state
547,6,Chandigarh,NA,NA,NA,NA,NA,1,5,0.069017157,0.013851186,0.02373136,0.093171813,0.167661846,0.254564226,0.460870773,state
554,6,Chandigarh,NA,NA,Higher,NA,NA,NA,5,0.008741023,0.00036143,0.001720981,0.018033119,0.034489106,0.118467681,0.827289104,state
558,6,Chandigarh,NA,NA,NA,NA,7+,NA,5,0.093995877,0.023595791,0.019373648,0.077343628,0.138619348,0.275812656,0.488850743,state
561,6,Chandigarh,NA,30 to 45,NA,NA,NA,NA,5,0.081769198,0.021945581,0.025841048,0.10624139,0.206319079,0.26737538,0.394223094,state
564,6,Chandigarh,NA,NA,No education / Preschool,NA,NA,NA,5,0.151369259,0.030925976,0.059591487,0.16775848,0.230495229,0.279028207,0.263126612,state
565,6,Chandigarh,NA,NA,Primary,NA,NA,NA,5,0.128801733,0.031961385,0.031682208,0.140304118,0.224582851,0.308769345,0.294661462,state
573,6,Chandigarh,NA,15 to 29,NA,NA,NA,NA,5,0.178363726,0.05346838,0.032433826,0.19335781,0.270032495,0.257444143,0.246731713,state
576,6,Chandigarh,NA,46 to 64,NA,NA,NA,NA,5,0.046452377,0.004681306,0.017740503,0.074246414,0.140472114,0.248725742,0.518815219,state
577,6,Chandigarh,NA,65+,NA,NA,NA,NA,5,0.062342275,0.006756405,0.031330504,0.079948515,0.121042453,0.241470307,0.526208222,state
580,6,Chandigarh,NA,NA,Secondary,NA,NA,NA,5,0.02583421,0.003408688,0.009519949,0.06126041,0.152411014,0.259031862,0.517776787,state
584,6,Chandigarh,NA,NA,NA,NA,4 to 6,NA,5,0.060746133,0.013969375,0.018327612,0.080104254,0.164466947,0.263407737,0.47369346,state
612,6,Chandigarh,NA,NA,NA,NA,2 to 3,NA,5,0.062476333,0.007326083,0.030561367,0.12047635,0.186926678,0.222187907,0.439847678,state
615,6,Chandigarh,NA,NA,NA,2,NA,NA,5,0.076543972,0.013883155,0.034009952,0.108365998,0.175448105,0.258750498,0.423425436,state
618,6,Chandigarh,NA,NA,NA,1,NA,NA,5,0.067735411,0.013845742,0.02199319,0.090557776,0.166352227,0.253867894,0.467228919,state
620,6,Chandigarh,NA,NA,NA,NA,NA,NA,5,0.069017157,0.013851186,0.02373136,0.093171813,0.167661846,0.254564226,0.460870773,state
624,6,Chandigarh,NA,NA,NA,NA,1,NA,5,0.136093616,0.004172104,0.109439723,0.250348032,0.258925736,0.190923229,0.190363273,state
638,7,Chhattisgarh,NA,15 to 29,NA,NA,NA,NA,5,0.064682618,0.004119691,0.006714566,0.081383362,0.237698466,0.362581283,0.311622322,state
647,7,Chhattisgarh,NA,NA,NA,NA,NA,1,5,0.029659968,0.004048035,0.002559194,0.031854834,0.10083361,0.208568305,0.656184077,state
652,7,Chhattisgarh,NA,46 to 64,NA,NA,NA,NA,5,0.016206985,0.001937403,0.002642445,0.019446144,0.063222572,0.165138736,0.749550104,state
653,7,Chhattisgarh,NA,65+,NA,NA,NA,NA,5,0.009855827,0,0.000781246,0.015696431,0.052329239,0.123997569,0.807195485,state
658,7,Chhattisgarh,NA,30 to 45,NA,NA,NA,NA,5,0.043621387,0.007616525,0.002332892,0.041456386,0.132271707,0.256032348,0.567906678,state
661,7,Chhattisgarh,NA,NA,NA,NA,7+,NA,5,0.046353016,0.006723091,0.000662893,0.016155075,0.072986625,0.203941032,0.706254363,state
673,7,Chhattisgarh,NA,NA,Higher,NA,NA,NA,5,0.002136957,0,0.000485122,0.004604017,0.020769339,0.081120901,0.89302063,state
677,7,Chhattisgarh,NA,NA,NA,2,NA,NA,5,0.028111996,0.005984073,0.001926075,0.024759294,0.097397819,0.214822412,0.661094427,state
681,7,Chhattisgarh,NA,NA,NA,NA,1,NA,5,0.026171314,0,0.007642116,0.137337446,0.210421458,0.292840689,0.351758301,state
683,7,Chhattisgarh,NA,NA,NA,NA,2 to 3,NA,5,0.017545909,0.001726699,0.003187501,0.043612514,0.121776544,0.218610242,0.612813175,state
684,7,Chhattisgarh,NA,NA,NA,NA,4 to 6,NA,5,0.031618025,0.004744805,0.002372985,0.023930497,0.091406234,0.20045656,0.681833744,state
695,7,Chhattisgarh,NA,NA,NA,NA,NA,NA,5,0,0,0,0.069074489,0.207801059,0.416398644,0.3067258,state
706,7,Chhattisgarh,NA,NA,Secondary,NA,NA,NA,5,0.011565262,0.000228038,0.000513745,0.026990267,0.089182951,0.217999697,0.665313303,state
710,7,Chhattisgarh,NA,NA,NA,1,NA,NA,5,0.029959114,0.003680389,0.002680406,0.03321375,0.101503842,0.20740439,0.65519762,state
719,7,Chhattisgarh,NA,NA,Primary,NA,NA,NA,5,0.067276455,0.009092825,0.007145035,0.046307784,0.166438833,0.2810103,0.499098063,state
724,7,Chhattisgarh,NA,NA,NA,NA,NA,NA,5,0.029659968,0.004048035,0.002559194,0.031854834,0.10083361,0.208568305,0.656184077,state
727,7,Chhattisgarh,NA,NA,No education / Preschool,NA,NA,NA,5,0.092238933,0.017343041,0.007966935,0.070989303,0.188533664,0.286517113,0.445992976,state
734,8,Dadra and Nagar Haveli,NA,65+,NA,NA,NA,NA,5,0.171551585,0.016643515,0.140443593,0.199099287,0.201185301,0.216919258,0.242352575,state
737,8,Dadra and Nagar Haveli,NA,30 to 45,NA,NA,NA,NA,5,0.172493577,0.046111096,0.161716849,0.229853019,0.236033753,0.199538648,0.172857732,state
739,8,Dadra and Nagar Haveli,NA,15 to 29,NA,NA,NA,NA,5,0.293535531,0.078515433,0.194406003,0.274866492,0.243707344,0.173683822,0.113336332,state
752,8,Dadra and Nagar Haveli,NA,NA,NA,NA,NA,1,5,0.166645899,0.033126593,0.145043597,0.211311147,0.221869662,0.210611761,0.211163819,state
753,8,Dadra and Nagar Haveli,NA,NA,NA,2,NA,NA,5,0.195651978,0.034803398,0.165872291,0.22588101,0.224857181,0.210793182,0.172596321,state
756,8,Dadra and Nagar Haveli,NA,46 to 64,NA,NA,NA,NA,5,0.137909502,0.020234508,0.123355076,0.188550889,0.213564619,0.224422678,0.250106752,state
777,8,Dadra and Nagar Haveli,NA,NA,No education / Preschool,NA,NA,NA,5,0.280990362,0.062908292,0.250815928,0.281007439,0.229405463,0.158210412,0.080560759,state
781,8,Dadra and Nagar Haveli,NA,NA,NA,NA,NA,NA,5,0.222700179,0,0.048249397,0.256138742,0.280864537,0.194444686,0.220302641,state
785,8,Dadra and Nagar Haveli,NA,NA,NA,NA,NA,NA,5,0.166645899,0.033126593,0.145043597,0.211311147,0.221869662,0.210611761,0.211163819,state
786,8,Dadra and Nagar Haveli,NA,NA,NA,1,NA,NA,5,0.162431657,0.032883946,0.142031267,0.209208414,0.22144568,0.210593939,0.2167207,state
791,8,Dadra and Nagar Haveli,NA,NA,Primary,NA,NA,NA,5,0.233675584,0.059544455,0.168790549,0.247978628,0.237530321,0.203754947,0.141945556,state
794,8,Dadra and Nagar Haveli,NA,NA,NA,NA,4 to 6,NA,5,0.148257107,0.034915395,0.137083635,0.210496217,0.22122319,0.214460179,0.216736779,state
803,8,Dadra and Nagar Haveli,NA,NA,Higher,NA,NA,NA,5,0.034105178,0.001663012,0.022599209,0.067259073,0.111555241,0.219857872,0.578728616,state
806,8,Dadra and Nagar Haveli,NA,NA,NA,NA,2 to 3,NA,5,0.176242158,0.020502357,0.17879279,0.22225754,0.21277447,0.181258768,0.204916432,state
811,8,Dadra and Nagar Haveli,NA,NA,Secondary,NA,NA,NA,5,0.076813169,0.005289439,0.078703649,0.174916133,0.237222061,0.254673392,0.254484773,state
819,8,Dadra and Nagar Haveli,NA,NA,NA,NA,7+,NA,5,0.18546927,0.043158658,0.116808295,0.198831499,0.236091182,0.234716132,0.213552877,state
824,8,Dadra and Nagar Haveli,NA,NA,NA,NA,1,NA,5,0.341952533,0.010104321,0.291162401,0.246521711,0.190433592,0.156394839,0.115487456,state
840,9,Daman and Diu,NA,65+,NA,NA,NA,NA,5,0.210377589,0.028492438,0.250561684,0.209305033,0.164465562,0.15687184,0.218795881,state
843,9,Daman and Diu,NA,46 to 64,NA,NA,NA,NA,5,0.177802071,0.033309933,0.221348196,0.226293683,0.17710501,0.168824345,0.206428781,state
854,9,Daman and Diu,NA,NA,NA,2,NA,NA,5,0.284458995,0.071509279,0.305575579,0.258144855,0.16815567,0.139023945,0.129099965,state
866,9,Daman and Diu,NA,NA,NA,1,NA,NA,5,0.217548698,0.056743816,0.250012994,0.231282294,0.177954718,0.15891929,0.181830704,state
874,9,Daman and Diu,NA,NA,No education / Preschool,NA,NA,NA,5,0.377303392,0.113853499,0.3974154,0.266987979,0.164372012,0.108306102,0.062918514,state
875,9,Daman and Diu,NA,NA,Primary,NA,NA,NA,5,0.317448676,0.093863241,0.320411414,0.267530203,0.169699639,0.143424362,0.098934397,state
876,9,Daman and Diu,NA,30 to 45,NA,NA,NA,NA,5,0.258438319,0.088076882,0.293945998,0.246083096,0.177344069,0.146199703,0.136427149,state
877,9,Daman and Diu,NA,15 to 29,NA,NA,NA,NA,5,0.390701324,0.120244078,0.310828418,0.292469382,0.192238361,0.128334492,0.076129347,state
878,9,Daman and Diu,NA,NA,NA,NA,NA,NA,5,0.228815496,0.059230041,0.259359688,0.235800117,0.176304355,0.155570298,0.172965541,state
887,9,Daman and Diu,NA,NA,NA,NA,NA,1,5,0.228815496,0.059230041,0.259359688,0.235800117,0.176304355,0.155570298,0.172965541,state
889,9,Daman and Diu,NA,NA,Secondary,NA,NA,NA,5,0.120978341,0.015480733,0.180700839,0.234762639,0.199197754,0.186424196,0.198914573,state
914,9,Daman and Diu,NA,NA,NA,NA,2 to 3,NA,5,0.219190657,0.033591699,0.305581659,0.228549242,0.161961228,0.140454784,0.163453102,state
924,9,Daman and Diu,NA,NA,NA,NA,1,NA,5,0.417493105,0.01038058,0.456166834,0.200882971,0.143245712,0.108110957,0.091593519,state
925,9,Daman and Diu,NA,NA,NA,NA,7+,NA,5,0.248899654,0.076719612,0.216364339,0.233600736,0.19623208,0.177040458,0.176762387,state
930,9,Daman and Diu,NA,NA,NA,NA,4 to 6,NA,5,0.213301569,0.064498752,0.249421448,0.241325676,0.175141081,0.15481621,0.179295585,state
931,9,Daman and Diu,NA,NA,Higher,NA,NA,NA,5,0.041256815,0.003288966,0.042789109,0.098096013,0.137037545,0.201589033,0.520488322,state
934,9,Daman and Diu,NA,NA,NA,NA,NA,NA,5,0.184038803,0.044055596,0.25874868,0.198664755,0.104676776,0.201480255,0.236429527,state
950,10,Goa,NA,30 to 45,NA,NA,NA,NA,5,0.357479244,0.149658367,0.461306155,0.26831609,0.144980505,0.086807571,0.038589679,state
956,10,Goa,NA,15 to 29,NA,NA,NA,NA,5,0.552561343,0.249236673,0.552753747,0.270926774,0.108396813,0.05371077,0.014211873,state
971,10,Goa,NA,NA,NA,NA,NA,1,5,0.349073917,0.118144207,0.44562754,0.254742026,0.148625404,0.097916745,0.053088289,state
973,10,Goa,NA,46 to 64,NA,NA,NA,NA,5,0.281729639,0.071133345,0.407999486,0.249914527,0.160588026,0.115823992,0.06567397,state
977,10,Goa,NA,NA,NA,NA,7+,NA,5,0.355860591,0.141329691,0.394211292,0.26500231,0.172262877,0.115424715,0.053098816,state
987,10,Goa,NA,NA,NA,NA,NA,NA,5,0.349073917,0.118144207,0.44562754,0.254742026,0.148625404,0.097916745,0.053088289,state
989,10,Goa,NA,NA,No education / Preschool,NA,NA,NA,5,0.540138364,0.206541121,0.641690075,0.233518749,0.084864318,0.032990534,0.006936303,state
990,10,Goa,NA,NA,Primary,NA,NA,NA,5,0.438197553,0.164807349,0.501272261,0.291492641,0.135375455,0.056946263,0.014913384,state
991,10,Goa,NA,NA,Secondary,NA,NA,NA,5,0.143707678,0.014929211,0.265489072,0.295138568,0.214467466,0.156813994,0.068090908,state
996,10,Goa,NA,NA,NA,NA,NA,NA,5,0.138079539,0.054556847,0.408781856,0.384693921,0.095427983,0.051938545,0.059157699,state
997,10,Goa,NA,NA,NA,2,NA,NA,5,0.445065737,0.166183487,0.518696785,0.264981866,0.130099818,0.059408914,0.026812624,state
998,10,Goa,NA,NA,NA,NA,NA,NA,5,0,0,0,0,0,1,0,state
1006,10,Goa,NA,NA,NA,NA,4 to 6,NA,5,0.34102127,0.139243871,0.446433127,0.264061362,0.14343375,0.094780259,0.051291499,state
1010,10,Goa,NA,65+,NA,NA,NA,NA,5,0.33210811,0.055775508,0.416248709,0.223219678,0.159295991,0.115280643,0.085954972,state
1024,10,Goa,NA,NA,Higher,NA,NA,NA,5,0.045520455,0.002638672,0.068244107,0.12869978,0.233197987,0.267407417,0.302450716,state
1032,10,Goa,NA,NA,NA,NA,2 to 3,NA,5,0.335754752,0.076257184,0.467538029,0.23861967,0.144294038,0.092416115,0.05713214,state
1039,10,Goa,NA,NA,NA,1,NA,NA,5,0.320242435,0.103715442,0.423801661,0.251683354,0.154159024,0.109419093,0.060936872,state
1040,10,Goa,NA,NA,NA,NA,1,NA,5,0.496431768,0.014235149,0.542546391,0.190033957,0.128627926,0.088682309,0.050109435,state
1059,11,Gujarat,NA,NA,NA,NA,NA,1,5,0.035513114,0.003727689,0.026060725,0.18305704,0.348062247,0.326596588,0.116223395,state
1069,11,Gujarat,NA,NA,NA,NA,2 to 3,NA,5,0.036052477,0.002607227,0.025939025,0.171993211,0.345859587,0.326703101,0.129505068,state
1073,11,Gujarat,NA,NA,NA,NA,1,NA,5,0.037678495,0,0.028193312,0.156205997,0.356523007,0.407289356,0.051788334,state
1077,11,Gujarat,NA,NA,NA,NA,7+,NA,5,0.061534442,0,0.049330831,0.158606455,0.340277523,0.234934062,0.216851115,state
1078,11,Gujarat,NA,NA,Primary,NA,NA,NA,5,0.074488178,0.009402899,0.041213129,0.300110668,0.382061988,0.231485233,0.045128971,state
1092,11,Gujarat,NA,15 to 29,NA,NA,NA,NA,5,0.029517999,0.003179871,0.018012594,0.118939079,0.438335061,0.384316325,0.040396966,state
1095,11,Gujarat,NA,46 to 64,NA,NA,NA,NA,5,0.034717407,0.003198221,0.031037657,0.198060244,0.290627182,0.309430063,0.170844853,state
1096,11,Gujarat,NA,65+,NA,NA,NA,NA,5,0.061612006,0.001515149,0.042499531,0.240318477,0.371215224,0.226665944,0.119300835,state
1103,11,Gujarat,NA,NA,NA,NA,4 to 6,NA,5,0.031927221,0.00669899,0.023564769,0.206772521,0.348729372,0.309113681,0.111819655,state
1105,11,Gujarat,NA,NA,NA,2,NA,NA,5,0.02875088,0,0.020894406,0.147147223,0.344120026,0.393825799,0.094012529,state
1106,11,Gujarat,NA,30 to 45,NA,NA,NA,NA,5,0.029786972,0.005150734,0.018873973,0.172398657,0.365305275,0.354819983,0.088602103,state
1125,11,Gujarat,NA,NA,NA,NA,NA,NA,5,0.035513114,0.003727689,0.026060725,0.18305704,0.348062247,0.326596588,0.116223395,state
1126,11,Gujarat,NA,NA,NA,1,NA,NA,5,0.037022423,0.004559698,0.027206289,0.19101958,0.348936379,0.311689377,0.121148363,state
1133,11,Gujarat,NA,NA,Secondary,NA,NA,NA,5,0.00526994,0,0.012746604,0.128874376,0.351721525,0.3889952,0.117662288,state
1137,11,Gujarat,NA,NA,NA,NA,NA,NA,5,NA,NA,0,0,0,1,0,state
1145,11,Gujarat,NA,NA,Higher,NA,NA,NA,5,0.001078599,0,0,0.011352727,0.279837996,0.429459125,0.279350162,state
1150,11,Gujarat,NA,NA,No education / Preschool,NA,NA,NA,5,0.095855601,0.009396394,0.06937401,0.347645193,0.365106642,0.172750205,0.045123976,state
1162,12,Haryana,NA,46 to 64,NA,NA,NA,NA,5,0.141463876,0.014040581,0.257411182,0.319979876,0.229300573,0.142969266,0.050339095,state
1180,12,Haryana,NA,30 to 45,NA,NA,NA,NA,5,0.119243503,0.028555231,0.204454258,0.299527794,0.26176402,0.180352136,0.053901773,state
1182,12,Haryana,NA,65+,NA,NA,NA,NA,5,0.246802688,0.021553501,0.357461721,0.323803395,0.209535897,0.085390143,0.023808863,state
1187,12,Haryana,NA,NA,NA,NA,7+,NA,5,0.173578694,0.046034072,0.266786844,0.339129061,0.223108858,0.122035891,0.048939358,state
1192,12,Haryana,NA,NA,Higher,NA,NA,NA,5,0.014199056,0.002005481,0.027917339,0.113745958,0.282275707,0.362072557,0.213988423,state
1196,12,Haryana,NA,NA,NA,NA,NA,NA,5,0,0,0,0,1,0,0,state
1199,12,Haryana,NA,NA,NA,2,NA,NA,5,0.161670342,0.019178927,0.224477425,0.302853674,0.256703138,0.162393406,0.053572338,state
1207,12,Haryana,NA,NA,NA,NA,NA,NA,5,0.145543575,0,0.212288231,0.135709077,0.362138927,0.206382483,0.083481267,state
1208,12,Haryana,NA,NA,NA,1,NA,NA,5,0.137788594,0.023383321,0.241376266,0.311947435,0.246807531,0.15405345,0.045815315,state
1215,12,Haryana,NA,15 to 29,NA,NA,NA,NA,5,0.132157311,0.035237718,0.193971917,0.306237161,0.304652154,0.168197021,0.026941761,state
1217,12,Haryana,NA,NA,Secondary,NA,NA,NA,5,0.040558793,0.003764713,0.153063685,0.326768607,0.288622707,0.192571968,0.038973011,state
1227,12,Haryana,NA,NA,NA,NA,NA,1,5,0.141288146,0.022767222,0.238889009,0.310608983,0.248264015,0.155280963,0.046957035,state
1238,12,Haryana,NA,NA,NA,NA,NA,NA,5,0.141288146,0.022767222,0.238889009,0.310608983,0.248264015,0.155280963,0.046957035,state
1240,12,Haryana,NA,NA,NA,NA,4 to 6,NA,5,0.109633259,0.026854856,0.216165543,0.319054663,0.254202753,0.160234824,0.050342206,state
1241,12,Haryana,NA,NA,NA,NA,2 to 3,NA,5,0.154507071,0.015500422,0.253432035,0.302688926,0.245978147,0.154260829,0.043640081,state
1250,12,Haryana,NA,NA,NA,NA,1,NA,5,0.304309845,0.003428887,0.316144168,0.247010082,0.241598263,0.160068512,0.035178982,state
1253,12,Haryana,NA,NA,No education / Preschool,NA,NA,NA,5,0.285482615,0.045799587,0.392324269,0.332940638,0.197467864,0.064331293,0.012935912,state
1254,12,Haryana,NA,NA,Primary,NA,NA,NA,5,0.21052216,0.041550241,0.312977344,0.367198259,0.218557268,0.087715499,0.013551632,state
1262,13,Himachal Pradesh,NA,NA,NA,2,NA,NA,5,0.190094084,0.006507985,0.287904948,0.266321093,0.23487851,0.157253116,0.053642329,state
1265,13,Himachal Pradesh,NA,30 to 45,NA,NA,NA,NA,5,0.157054394,0.029953221,0.250495404,0.270006597,0.232843727,0.171165794,0.075488463,state
1277,13,Himachal Pradesh,NA,15 to 29,NA,NA,NA,NA,5,0.202985957,0.043259379,0.2800515,0.31176582,0.25476253,0.122096397,0.031323753,state
1282,13,Himachal Pradesh,NA,NA,NA,NA,NA,1,5,0.174502924,0.020421732,0.286297768,0.287848562,0.209724888,0.150201231,0.065927543,state
1314,13,Himachal Pradesh,NA,NA,NA,1,NA,NA,5,0.171727255,0.022898773,0.286010355,0.291698068,0.205226958,0.148940235,0.068124369,state
1315,13,Himachal Pradesh,NA,NA,Secondary,NA,NA,NA,5,0.077363633,0.006002038,0.212624148,0.303274125,0.251814842,0.171995088,0.060291816,state
1316,13,Himachal Pradesh,NA,NA,NA,NA,7+,NA,5,0.297498912,0.079494469,0.364330143,0.29164204,0.151748806,0.124326177,0.067952812,state
1317,13,Himachal Pradesh,NA,NA,Higher,NA,NA,NA,5,0.019154724,0.001664437,0.018006705,0.113120489,0.290017188,0.337599099,0.24125652,state
1329,13,Himachal Pradesh,NA,NA,Primary,NA,NA,NA,5,0.325864822,0.04776518,0.436420232,0.346578479,0.139177233,0.058383789,0.019440278,state
1331,13,Himachal Pradesh,NA,NA,NA,NA,NA,NA,5,0.174502924,0.020421732,0.286297768,0.287848562,0.209724888,0.150201231,0.065927543,state
1332,13,Himachal Pradesh,NA,NA,NA,NA,NA,NA,5,0,0,0.16747722,0.518868029,0.313654721,0,0,state
1341,13,Himachal Pradesh,NA,NA,No education / Preschool,NA,NA,NA,5,0.425977737,0.049224861,0.549133956,0.304613769,0.096860632,0.044955328,0.004436289,state
1352,13,Himachal Pradesh,NA,NA,NA,NA,1,NA,5,0.357472032,0.000302258,0.423308313,0.271520048,0.187395036,0.103532225,0.014244375,state
1356,13,Himachal Pradesh,NA,NA,NA,NA,4 to 6,NA,5,0.148435324,0.030021232,0.249727845,0.272402614,0.220052332,0.169953987,0.087863237,state
1357,13,Himachal Pradesh,NA,65+,NA,NA,NA,NA,5,0.271669388,0.008477744,0.388545632,0.289454639,0.161702603,0.103928827,0.056368288,state
1359,13,Himachal Pradesh,NA,46 to 64,NA,NA,NA,NA,5,0.146450117,0.013123788,0.277412772,0.297911048,0.201320067,0.155643642,0.067712471,state
1361,13,Himachal Pradesh,NA,NA,NA,NA,2 to 3,NA,5,0.1530402,0.008453627,0.288544267,0.305655599,0.209853098,0.142192453,0.053754568,state
1371,14,Jammu and Kashmir,NA,NA,No education / Preschool,NA,NA,NA,5,0.241638228,0.030899405,0.374108136,0.361601472,0.169119582,0.076737642,0.018433195,state
1373,14,Jammu and Kashmir,NA,NA,Secondary,NA,NA,NA,5,0.06244209,0.00314711,0.172605395,0.35327062,0.265767276,0.161105245,0.047251478,state
1376,14,Jammu and Kashmir,NA,NA,NA,NA,NA,1,5,0.104360484,0.012812642,0.201390579,0.325824499,0.240734771,0.163370475,0.068679661,state
1381,14,Jammu and Kashmir,NA,NA,Primary,NA,NA,NA,5,0.221982896,0.044965699,0.327214122,0.368858039,0.214995652,0.069460057,0.019472122,state
1385,14,Jammu and Kashmir,NA,NA,NA,NA,NA,NA,5,0.104360484,0.012812642,0.201390579,0.325824499,0.240734771,0.163370475,0.068679661,state
1414,14,Jammu and Kashmir,NA,NA,NA,NA,7+,NA,5,0.112316035,0.016897639,0.172643572,0.302520424,0.211072356,0.193567067,0.120196588,state
1418,14,Jammu and Kashmir,NA,15 to 29,NA,NA,NA,NA,5,0.223419473,0.032122988,0.249832958,0.463090777,0.203158334,0.07077641,0.013141531,state
1419,14,Jammu and Kashmir,NA,30 to 45,NA,NA,NA,NA,5,0.114138447,0.021823987,0.206768245,0.34582752,0.262698829,0.13676025,0.047945149,state
1421,14,Jammu and Kashmir,NA,46 to 64,NA,NA,NA,NA,5,0.082337357,0.007054258,0.196630821,0.307943791,0.245034739,0.17831108,0.072079562,state
1422,14,Jammu and Kashmir,NA,65+,NA,NA,NA,NA,5,0.102401018,0.005223848,0.190147832,0.295402408,0.207716793,0.198446214,0.108286738,state
1426,14,Jammu and Kashmir,NA,NA,NA,1,NA,NA,5,0.095986575,0.011947769,0.199155167,0.329609066,0.238247126,0.164537162,0.068451472,state
1432,14,Jammu and Kashmir,NA,NA,NA,NA,NA,NA,5,0,0,0,0.331916422,0.668083549,0,0,state
1443,14,Jammu and Kashmir,NA,NA,NA,2,NA,NA,5,0.140663773,0.016562119,0.211169556,0.309268683,0.251617134,0.158266738,0.069677912,state
1444,14,Jammu and Kashmir,NA,NA,Higher,NA,NA,NA,5,0.017825145,0.000439243,0.036488067,0.169573739,0.243644074,0.326717734,0.223576367,state
1454,14,Jammu and Kashmir,NA,NA,NA,NA,2 to 3,NA,5,0.098347962,0.011663645,0.222987294,0.331881016,0.233264968,0.1522668,0.059599929,state
1455,14,Jammu and Kashmir,NA,NA,NA,NA,4 to 6,NA,5,0.086730093,0.013238167,0.173191518,0.333500832,0.256465137,0.169870213,0.066972308,state
1466,14,Jammu and Kashmir,NA,NA,NA,NA,1,NA,5,0.358810812,0.004926748,0.489034027,0.240523189,0.171025664,0.079646185,0.019770944,state
1473,15,Jharkhand,NA,15 to 29,NA,NA,NA,NA,5,0.144475982,0.034522269,0.157631561,0.204194158,0.296926618,0.246777236,0.094470412,state
1485,15,Jharkhand,NA,NA,NA,NA,NA,1,5,0.057263087,0.014424928,0.064462222,0.143924206,0.264578193,0.301190406,0.225844964,state
1491,15,Jharkhand,NA,46 to 64,NA,NA,NA,NA,5,0.041386299,0.008342511,0.053898193,0.131910071,0.251890361,0.292331427,0.26996994,state
1492,15,Jharkhand,NA,NA,NA,NA,NA,NA,5,0.057263087,0.014424928,0.064462222,0.143924206,0.264578193,0.301190406,0.225844964,state
1503,15,Jharkhand,NA,30 to 45,NA,NA,NA,NA,5,0.071880527,0.024193658,0.080581501,0.160288468,0.274145991,0.31113553,0.17384851,state
1508,15,Jharkhand,NA,65+,NA,NA,NA,NA,5,0.0383473,0.004613071,0.028950542,0.122744314,0.266118228,0.323522627,0.25866428,state
1519,15,Jharkhand,NA,NA,NA,1,NA,NA,5,0.062119178,0.016506772,0.071732767,0.147665963,0.266307265,0.290284693,0.22400929,state
1529,15,Jharkhand,NA,NA,NA,2,NA,NA,5,0.040431961,0.007209293,0.039304625,0.130976975,0.258595258,0.338926405,0.232196748,state
1532,15,Jharkhand,NA,NA,NA,NA,NA,NA,5,0.021884896,0,0.095144182,0.123412065,0.331383139,0.255463302,0.194597319,state
1554,15,Jharkhand,NA,NA,Higher,NA,NA,NA,5,0.00318651,0,0.004246116,0.020250307,0.115277156,0.300502807,0.559723616,state
1565,15,Jharkhand,NA,NA,Primary,NA,NA,NA,5,0.092878833,0.023507411,0.086688079,0.214852318,0.342700958,0.259281009,0.09647765,state
1566,15,Jharkhand,NA,NA,NA,NA,1,NA,5,0.078956038,0.005306897,0.068972468,0.236435175,0.297723591,0.28667295,0.110195823,state
1568,15,Jharkhand,NA,NA,Secondary,NA,NA,NA,5,0.015663,0.000869426,0.029145047,0.115324818,0.26330024,0.35589689,0.236333013,state
1569,15,Jharkhand,NA,NA,No education / Preschool,NA,NA,NA,5,0.288970113,0.093116224,0.313217342,0.300033927,0.259296983,0.089904204,0.037547521,state
1573,15,Jharkhand,NA,NA,NA,NA,2 to 3,NA,5,0.053382017,0.00878722,0.058675881,0.158301219,0.291647643,0.286120057,0.205255195,state
1576,15,Jharkhand,NA,NA,NA,NA,7+,NA,5,0.072919972,0.026012057,0.07282766,0.116554134,0.195387989,0.279075503,0.336154729,state
1578,15,Jharkhand,NA,NA,NA,NA,4 to 6,NA,5,0.054017987,0.017497988,0.066241309,0.126819715,0.254793823,0.317893296,0.234251827,state
1606,16,Karnataka,NA,NA,NA,NA,NA,1,5,0.169416949,0.025360635,0.327630073,0.321444988,0.221975014,0.103930861,0.02501907,state
1608,16,Karnataka,NA,NA,NA,NA,NA,NA,5,0.169416949,0.025360635,0.327630073,0.321444988,0.221975014,0.103930861,0.02501907,state
1612,16,Karnataka,NA,NA,NA,1,NA,NA,5,0.155806303,0.023466397,0.312285841,0.327175468,0.225030512,0.109135829,0.026372345,state
1620,16,Karnataka,NA,NA,Secondary,NA,NA,NA,5,0.064072661,0.003221795,0.211315826,0.335696876,0.284859329,0.143339396,0.024788598,state
1628,16,Karnataka,NA,NA,Primary,NA,NA,NA,5,0.245639354,0.03867767,0.418804377,0.370654315,0.171648234,0.036212347,0.00268072,state
1632,16,Karnataka,NA,46 to 64,NA,NA,NA,NA,5,0.14112927,0.016831668,0.297247857,0.313052058,0.23393254,0.118029021,0.037738506,state
1633,16,Karnataka,NA,65+,NA,NA,NA,NA,5,0.213788509,0.013787617,0.339125037,0.287367374,0.217045531,0.125751302,0.030710772,state
1640,16,Karnataka,NA,NA,No education / Preschool,NA,NA,NA,5,0.368643731,0.068141833,0.582327485,0.280578583,0.116547294,0.018380016,0.002166627,state
1643,16,Karnataka,NA,NA,Higher,NA,NA,NA,5,0.007065404,0,0.025326876,0.140117586,0.307569087,0.351607829,0.175378621,state
1644,16,Karnataka,NA,NA,NA,NA,NA,NA,5,0.144099846,0,0.436226726,0.505008578,0.058764681,0,0,state
1646,16,Karnataka,NA,15 to 29,NA,NA,NA,NA,5,0.30471769,0.060563769,0.42478618,0.314519346,0.194907963,0.056980874,0.008805647,state
1649,16,Karnataka,NA,NA,NA,NA,1,NA,5,0.418220848,0.01751205,0.523879111,0.210562035,0.158797607,0.089228868,0.017532367,state
1657,16,Karnataka,NA,NA,NA,NA,4 to 6,NA,5,0.152035624,0.031418875,0.32521981,0.338477939,0.215067074,0.098786868,0.022448327,state
1661,16,Karnataka,NA,30 to 45,NA,NA,NA,NA,5,0.156962469,0.032681435,0.338009864,0.345749617,0.215937003,0.088505201,0.011798306,state
1670,16,Karnataka,NA,NA,NA,NA,2 to 3,NA,5,0.153080896,0.018310953,0.309059113,0.317111552,0.237462088,0.107940584,0.028426666,state
1680,16,Karnataka,NA,NA,NA,NA,7+,NA,5,0.179978013,0.041790634,0.274213016,0.327235788,0.2273684,0.141891912,0.0292909,state
1682,16,Karnataka,NA,NA,NA,2,NA,NA,5,0.238121286,0.034922425,0.405637354,0.292312235,0.206441417,0.077469714,0.018139264,state
1689,17,Kerala,NA,NA,No education / Preschool,NA,NA,NA,5,0.425563931,0.176832244,0.459448159,0.36126411,0.137022346,0.03439964,0.007865751,state
1698,17,Kerala,NA,NA,NA,NA,NA,1,5,0.247928977,0.085965984,0.302105844,0.336690724,0.213751346,0.103146791,0.044305272,state
1717,17,Kerala,NA,15 to 29,NA,NA,NA,NA,5,0.412561774,0.140256703,0.435051948,0.319800138,0.179195479,0.05974305,0.006209366,state
1734,17,Kerala,NA,NA,NA,NA,NA,NA,5,0.247928977,0.085965984,0.302105844,0.336690724,0.213751346,0.103146791,0.044305272,state
1742,17,Kerala,NA,NA,Secondary,NA,NA,NA,5,0.120687433,0.014136224,0.21235013,0.334956169,0.283434331,0.131728321,0.037531067,state
1743,17,Kerala,NA,NA,Higher,NA,NA,NA,5,0.027186329,0,0.03339735,0.122380123,0.249151036,0.31054005,0.284531444,state
1744,17,Kerala,NA,NA,NA,NA,NA,NA,5,0.061222378,0,0.092810445,0.311846346,0.451135516,0.110353872,0.033853821,state
1753,17,Kerala,NA,NA,NA,1,NA,NA,5,0.199447066,0.060287599,0.284202218,0.322653681,0.229078054,0.112887174,0.051178876,state
1754,17,Kerala,NA,NA,Primary,NA,NA,NA,5,0.365241677,0.150184229,0.391259104,0.383669972,0.151678741,0.055398252,0.017993938,state
1758,17,Kerala,NA,30 to 45,NA,NA,NA,NA,5,0.277117223,0.117100611,0.329305619,0.347579867,0.210429072,0.083947517,0.028737916,state
1763,17,Kerala,NA,46 to 64,NA,NA,NA,NA,5,0.153428495,0.034503892,0.229106322,0.335031688,0.236738116,0.13303116,0.066092715,state
1778,17,Kerala,NA,65+,NA,NA,NA,NA,5,0.206581846,0.047001418,0.239488885,0.316848546,0.193528771,0.151305124,0.098828666,state
1782,17,Kerala,NA,NA,NA,NA,2 to 3,NA,5,0.19764629,0.046426617,0.278640419,0.29532963,0.24240604,0.127969876,0.055654045,state
1784,17,Kerala,NA,NA,NA,NA,1,NA,5,0.339692146,0.013667606,0.34438318,0.306944072,0.212687179,0.116174035,0.019811526,state
1785,17,Kerala,NA,NA,NA,2,NA,NA,5,0.31995216,0.124112956,0.328404784,0.357309967,0.191237703,0.088838995,0.034208529,state
1786,17,Kerala,NA,NA,NA,NA,4 to 6,NA,5,0.229072586,0.080637015,0.29469499,0.340506017,0.219541788,0.099863172,0.045394026,state
1788,17,Kerala,NA,NA,NA,NA,7+,NA,5,0.363479853,0.163628936,0.352015346,0.381491959,0.157303423,0.080184318,0.029004972,state
1791,18,Lakshadweep,NA,NA,NA,NA,NA,1,5,0.212345138,0.049201254,0.380141586,0.312005132,0.163700566,0.098999813,0.045152914,state
1793,18,Lakshadweep,NA,NA,Primary,NA,NA,NA,5,0.289079398,0.071893454,0.46361208,0.340962023,0.13686572,0.049199037,0.009361155,state
1797,18,Lakshadweep,NA,NA,No education / Preschool,NA,NA,NA,5,0.391161799,0.112649597,0.61165303,0.290029019,0.078957185,0.016239991,0.003120799,state
1807,18,Lakshadweep,NA,NA,NA,NA,NA,NA,5,0.212345138,0.049201254,0.380141586,0.312005132,0.163700566,0.098999813,0.045152914,state
1826,18,Lakshadweep,NA,NA,Secondary,NA,NA,NA,5,0.091370642,0.005629318,0.244812489,0.337019235,0.224599838,0.145701036,0.047867395,state
1838,18,Lakshadweep,NA,NA,NA,1,NA,NA,5,0.203420877,0.04744618,0.375040919,0.317905277,0.163890541,0.098827489,0.044335775,state
1846,18,Lakshadweep,NA,30 to 45,NA,NA,NA,NA,5,0.237942979,0.06622795,0.413844168,0.326600701,0.160045519,0.073917367,0.025592254,state
1857,18,Lakshadweep,NA,NA,NA,NA,NA,NA,5,0,0,0,0.517887056,0.331354678,0.150758266,0,state
1858,18,Lakshadweep,NA,15 to 29,NA,NA,NA,NA,5,0.34813571,0.095649287,0.501336157,0.338746905,0.112073362,0.034028262,0.013815325,state
1860,18,Lakshadweep,NA,NA,NA,NA,4 to 6,NA,5,0.204810485,0.053845443,0.378897458,0.32743609,0.162770197,0.092599951,0.03829629,state
1867,18,Lakshadweep,NA,NA,Higher,NA,NA,NA,5,0.016931117,0.000137875,0.04103661,0.132613644,0.195719972,0.300444692,0.330185086,state
1870,18,Lakshadweep,NA,NA,NA,2,NA,NA,5,0.261947662,0.058959167,0.408572763,0.279404461,0.162327841,0.099993266,0.049701653,state
1881,18,Lakshadweep,NA,NA,NA,NA,1,NA,5,0.403290391,0.029305482,0.484746784,0.20229505,0.158990175,0.097078249,0.056889735,state
1883,18,Lakshadweep,NA,46 to 64,NA,NA,NA,NA,5,0.17067717,0.031823225,0.343056351,0.301500738,0.175523654,0.12141864,0.058500629,state
1886,18,Lakshadweep,NA,NA,NA,NA,7+,NA,5,0.252510399,0.068171248,0.390215874,0.332752317,0.148143783,0.094869018,0.034019034,state
1889,18,Lakshadweep,NA,65+,NA,NA,NA,NA,5,0.179778486,0.023358721,0.319279045,0.284828335,0.170673177,0.144265622,0.080953822,state
1890,18,Lakshadweep,NA,NA,NA,NA,2 to 3,NA,5,0.189960733,0.035465591,0.366573483,0.286561966,0.17163673,0.113658197,0.061569627,state
1901,19,Madhya Pradesh,NA,NA,NA,NA,NA,1,5,0.162808672,0.026247632,0.336659968,0.25474295,0.185215607,0.143454358,0.079927102,state
1925,19,Madhya Pradesh,NA,NA,Primary,NA,NA,NA,5,0.205787152,0.03428841,0.405222178,0.306637228,0.18479681,0.09042871,0.012915059,state
1937,19,Madhya Pradesh,NA,NA,No education / Preschool,NA,NA,NA,5,0.331312567,0.062315553,0.552135825,0.265832216,0.132550359,0.042361043,0.007120544,state
1941,19,Madhya Pradesh,NA,15 to 29,NA,NA,NA,NA,5,0.290661514,0.070655212,0.440697134,0.318998903,0.169840828,0.054020897,0.016442239,state
1943,19,Madhya Pradesh,NA,30 to 45,NA,NA,NA,NA,5,0.160623297,0.032011505,0.367595613,0.273555458,0.178679764,0.126077518,0.054091636,state
1944,19,Madhya Pradesh,NA,46 to 64,NA,NA,NA,NA,5,0.13924171,0.015575697,0.306925386,0.245203421,0.197818339,0.154459849,0.095593005,state
1946,19,Madhya Pradesh,NA,NA,NA,NA,7+,NA,5,0.159145623,0.03307588,0.285205871,0.269221514,0.218102559,0.162094921,0.065375142,state
1954,19,Madhya Pradesh,NA,NA,Higher,NA,NA,NA,5,0.011874897,0.000763282,0.03712992,0.084329464,0.134733692,0.311679333,0.432127595,state
1955,19,Madhya Pradesh,NA,NA,NA,NA,NA,NA,5,0.264936864,0.188620061,0.587794006,0.253914773,0.10797143,0.050319806,0,state
1961,19,Madhya Pradesh,NA,NA,NA,NA,4 to 6,NA,5,0.147307917,0.031264581,0.339952797,0.267766058,0.192223385,0.128731161,0.071326591,state
1966,19,Madhya Pradesh,NA,NA,Secondary,NA,NA,NA,5,0.055871751,0.002254136,0.216386631,0.25240463,0.2323419,0.207163185,0.091703638,state
1974,19,Madhya Pradesh,NA,NA,NA,NA,2 to 3,NA,5,0.154012397,0.019437233,0.322041422,0.240837172,0.178143144,0.163817957,0.09516032,state
1986,19,Madhya Pradesh,NA,NA,NA,NA,NA,NA,5,0.162808672,0.026247632,0.336659968,0.25474295,0.185215607,0.143454358,0.079927102,state
1987,19,Madhya Pradesh,NA,NA,NA,NA,1,NA,5,0.435465902,0.014380106,0.516347647,0.194776952,0.106103554,0.109205887,0.07356596,state
1990,19,Madhya Pradesh,NA,65+,NA,NA,NA,NA,5,0.157616571,0.014923925,0.280220985,0.194874823,0.174605399,0.210952744,0.139346063,state
1991,19,Madhya Pradesh,NA,NA,NA,2,NA,NA,5,0.239252552,0.033910543,0.388372123,0.24255465,0.175220624,0.137059987,0.056792628,state
1998,19,Madhya Pradesh,NA,NA,NA,1,NA,NA,5,0.148462027,0.024809493,0.326998621,0.257020086,0.187082961,0.144649029,0.084249303,state
2046,20,Maharashtra,NA,65+,NA,NA,NA,NA,5,0.296360016,0.042139787,0.449741751,0.190449685,0.117961079,0.111794613,0.130052865,state
2049,20,Maharashtra,NA,NA,Primary,NA,NA,NA,5,0.391633123,0.131636754,0.539081514,0.233224109,0.143975109,0.065325513,0.018393788,state
2050,20,Maharashtra,NA,NA,Secondary,NA,NA,NA,5,0.166090637,0.019528946,0.361263096,0.233846262,0.180405244,0.145289809,0.079195596,state
2059,20,Maharashtra,NA,NA,NA,NA,NA,NA,5,0.181535736,0.104006693,0.234691769,0.23711668,0.311541945,0.185471654,0.031177929,state
2061,20,Maharashtra,NA,NA,NA,NA,NA,1,5,0.304445237,0.083553061,0.473764896,0.210098684,0.136778951,0.10188432,0.077473149,state
2062,20,Maharashtra,NA,NA,No education / Preschool,NA,NA,NA,5,0.489307046,0.155224487,0.674025595,0.202999398,0.084334441,0.031360291,0.007280271,state
2065,20,Maharashtra,NA,NA,Higher,NA,NA,NA,5,0.042931806,0.002591423,0.07663399,0.102944374,0.143293723,0.247028038,0.430099875,state
2067,20,Maharashtra,NA,NA,NA,NA,1,NA,5,0.450727463,0.02474175,0.572926104,0.139281139,0.113523059,0.105531141,0.06873858,state
2071,20,Maharashtra,NA,46 to 64,NA,NA,NA,NA,5,0.254585832,0.049399532,0.442447573,0.206301644,0.146150053,0.1107217,0.09437906,state
2073,20,Maharashtra,NA,30 to 45,NA,NA,NA,NA,5,0.317399442,0.108854502,0.485640645,0.220152482,0.138817623,0.098479092,0.056910168,state
2080,20,Maharashtra,NA,NA,NA,NA,7+,NA,5,0.348205954,0.107445382,0.434708178,0.223742023,0.153320238,0.115552634,0.072676919,state
2082,20,Maharashtra,NA,NA,NA,NA,2 to 3,NA,5,0.301491231,0.063473381,0.500607431,0.193422094,0.118132748,0.094474994,0.093362734,state
2083,20,Maharashtra,NA,NA,NA,NA,4 to 6,NA,5,0.284581304,0.092687219,0.462349057,0.220497668,0.144231737,0.102173217,0.070748322,state
2087,20,Maharashtra,NA,15 to 29,NA,NA,NA,NA,5,0.452067196,0.166676268,0.573991716,0.210399032,0.116264746,0.070219606,0.029124876,state
2092,20,Maharashtra,NA,NA,NA,NA,NA,NA,5,0.304445237,0.083553061,0.473764896,0.210098684,0.136778951,0.10188432,0.077473149,state
2096,20,Maharashtra,NA,NA,NA,NA,NA,NA,5,0,0,1,0,0,0,0,state
2102,20,Maharashtra,NA,NA,NA,1,NA,NA,5,0.282562762,0.074144639,0.457885951,0.207398102,0.14205499,0.107565179,0.085095763,state
2105,20,Maharashtra,NA,NA,NA,2,NA,NA,5,0.403316289,0.126062855,0.545604289,0.222316653,0.112909116,0.076183006,0.042986911,state
2124,21,Manipur,NA,NA,NA,NA,1,NA,5,0.463419348,0.024964912,0.556127489,0.184736952,0.13918972,0.074872233,0.04507364,state
2125,21,Manipur,NA,NA,NA,NA,2 to 3,NA,5,0.219610497,0.035911802,0.383303761,0.260740727,0.160920307,0.114849247,0.08018595,state
2159,21,Manipur,NA,65+,NA,NA,NA,NA,5,0.234043211,0.022125371,0.366330445,0.213843212,0.179974407,0.135385633,0.104466319,state
2176,21,Manipur,NA,NA,NA,NA,NA,NA,5,0.222010642,0.046526399,0.370832205,0.252127916,0.176890612,0.119844206,0.080305077,state
2180,21,Manipur,NA,NA,NA,NA,4 to 6,NA,5,0.198159814,0.052730747,0.353141725,0.257543802,0.190939292,0.121890947,0.076484255,state
2181,21,Manipur,NA,NA,NA,NA,7+,NA,5,0.222179249,0.067561083,0.309662312,0.223930642,0.181811884,0.157299861,0.1272953,state
2185,21,Manipur,NA,NA,NA,2,NA,NA,5,0.278416663,0.049476407,0.414339632,0.252815545,0.168550283,0.101615615,0.062678933,state
2187,21,Manipur,NA,NA,NA,NA,NA,NA,5,0,0,0,1,0,0,0,state
2190,21,Manipur,NA,NA,NA,1,NA,NA,5,0.210005254,0.045898519,0.361633539,0.25198254,0.178653985,0.123698235,0.084031723,state
2192,21,Manipur,NA,NA,NA,NA,NA,1,5,0.222010642,0.046526399,0.370832205,0.252127916,0.176890612,0.119844206,0.080305077,state
2195,21,Manipur,NA,NA,NA,NA,NA,NA,5,0.151304528,0.038870566,0.394612044,0.116521865,0.220147148,0.084245935,0.184472993,state
2197,21,Manipur,NA,46 to 64,NA,NA,NA,NA,5,0.188687444,0.028242335,0.343114465,0.254584461,0.17679663,0.129419103,0.096085317,state
2202,21,Manipur,NA,30 to 45,NA,NA,NA,NA,5,0.22792244,0.06471464,0.382355183,0.266229928,0.176987052,0.112257689,0.062170144,state
2210,21,Manipur,NA,NA,Secondary,NA,NA,NA,5,0.093103379,0.004682259,0.235916972,0.266401887,0.235675946,0.170413598,0.091591604,state
2213,21,Manipur,NA,NA,Primary,NA,NA,NA,5,0.266652346,0.058098901,0.420469493,0.290493518,0.177809268,0.082882918,0.028344816,state
2214,21,Manipur,NA,NA,Higher,NA,NA,NA,5,0.015716208,0,0.041791935,0.088255212,0.15542689,0.263965219,0.450560749,state
2215,21,Manipur,NA,15 to 29,NA,NA,NA,NA,5,0.364816636,0.121601723,0.491631478,0.255304277,0.169673637,0.063243538,0.020147083,state
2216,21,Manipur,NA,NA,No education / Preschool,NA,NA,NA,5,0.426745325,0.110249422,0.61753571,0.240313292,0.09294387,0.039381888,0.009825263,state
2235,22,Meghalaya,NA,NA,NA,NA,NA,NA,5,0.200760111,0.035195727,0.332629859,0.237545192,0.176228017,0.145289898,0.108307011,state
2266,22,Meghalaya,NA,NA,NA,NA,7+,NA,5,0.179412439,0.036268927,0.23993209,0.237293139,0.200441241,0.193736374,0.128597155,state
2270,22,Meghalaya,NA,NA,NA,NA,NA,NA,5,0,0,1,0,0,0,0,state
2273,22,Meghalaya,NA,46 to 64,NA,NA,NA,NA,5,0.178544492,0.022361403,0.307429194,0.236676633,0.177711785,0.154825553,0.123356819,state
2276,22,Meghalaya,NA,NA,NA,NA,NA,1,5,0.200760111,0.035195727,0.332629859,0.237545192,0.176228017,0.145289898,0.108307011,state
2283,22,Meghalaya,NA,65+,NA,NA,NA,NA,5,0.257900804,0.018463323,0.369143903,0.222351521,0.148402497,0.137640908,0.122461185,state
2292,22,Meghalaya,NA,NA,NA,NA,4 to 6,NA,5,0.159889787,0.039471775,0.294056833,0.24422121,0.191605404,0.153781205,0.116335332,state
2299,22,Meghalaya,NA,NA,Higher,NA,NA,NA,5,0.026942013,0.000853804,0.039435178,0.100814208,0.149937347,0.252906412,0.456906855,state
2300,22,Meghalaya,NA,NA,NA,1,NA,NA,5,0.18781504,0.03558683,0.320888221,0.240390629,0.18035911,0.14722836,0.11113368,state
2301,22,Meghalaya,NA,15 to 29,NA,NA,NA,NA,5,0.292314321,0.076696217,0.402376413,0.253258497,0.181257844,0.113523394,0.04958386,state
2303,22,Meghalaya,NA,NA,NA,NA,1,NA,5,0.519687712,0.014545057,0.598946154,0.178109363,0.113756254,0.066931114,0.042257097,state
2304,22,Meghalaya,NA,NA,NA,NA,2 to 3,NA,5,0.231149524,0.030294033,0.400561541,0.235119417,0.147152528,0.121606164,0.09556035,state
2306,22,Meghalaya,NA,NA,Secondary,NA,NA,NA,5,0.093354143,0.009359446,0.217588559,0.238026872,0.216421202,0.192316994,0.135646358,state
2309,22,Meghalaya,NA,NA,Primary,NA,NA,NA,5,0.237345278,0.045750458,0.363561749,0.277195036,0.182840645,0.128094077,0.048308492,state
2310,22,Meghalaya,NA,NA,NA,NA,NA,NA,5,0.118980162,0,0.334869415,0.122731701,0.172409698,0.227763012,0.14222616,state
2311,22,Meghalaya,NA,30 to 45,NA,NA,NA,NA,5,0.183271602,0.048584003,0.331410468,0.241861552,0.18537122,0.144192681,0.097164109,state
2319,22,Meghalaya,NA,NA,No education / Preschool,NA,NA,NA,5,0.350005656,0.067751981,0.528814077,0.24392055,0.129378319,0.071763828,0.026123205,state
2321,22,Meghalaya,NA,NA,NA,2,NA,NA,5,0.267630368,0.033175413,0.393506885,0.222792432,0.154809549,0.135239556,0.09365157,state
2334,23,Mizoram,NA,NA,NA,NA,2 to 3,NA,5,0.285837799,0.027990017,0.405456781,0.198957056,0.139987171,0.123690665,0.131908312,state
2337,23,Mizoram,NA,NA,NA,NA,1,NA,5,0.497514069,0.026362957,0.557082176,0.184730276,0.112088896,0.08531902,0.060779653,state
2357,23,Mizoram,NA,NA,NA,NA,NA,NA,5,0.424185395,0.424185395,0.424185395,0.575814605,0,0,0,state
2371,23,Mizoram,NA,NA,NA,NA,NA,1,5,0.252263218,0.047978245,0.34275946,0.211197004,0.159451962,0.144310206,0.142281368,state
2375,23,Mizoram,NA,NA,NA,NA,4 to 6,NA,5,0.212598875,0.052976508,0.315478355,0.219177857,0.164225489,0.152774289,0.148344025,state
2376,23,Mizoram,NA,NA,NA,NA,7+,NA,5,0.267603278,0.072966672,0.274785221,0.210547686,0.189506531,0.165619269,0.159541309,state
2382,23,Mizoram,NA,30 to 45,NA,NA,NA,NA,5,0.234034568,0.060950447,0.347775936,0.22614418,0.167145163,0.141541064,0.117393658,state
2383,23,Mizoram,NA,65+,NA,NA,NA,NA,5,0.29263109,0.026672121,0.359708875,0.178405732,0.143496901,0.144724861,0.173663616,state
2388,23,Mizoram,NA,NA,NA,NA,NA,NA,5,0.252263218,0.047978245,0.34275946,0.211197004,0.159451962,0.144310206,0.142281368,state
2405,23,Mizoram,NA,46 to 64,NA,NA,NA,NA,5,0.225474477,0.034334909,0.316208899,0.20461309,0.158058003,0.151922315,0.169197679,state
2414,23,Mizoram,NA,15 to 29,NA,NA,NA,NA,5,0.395456016,0.09986347,0.423468024,0.237336814,0.161153644,0.117487825,0.060553681,state
2417,23,Mizoram,NA,NA,Secondary,NA,NA,NA,5,0.126456425,0.011793598,0.23090522,0.218464985,0.190200448,0.193156138,0.167273223,state
2419,23,Mizoram,NA,NA,Higher,NA,NA,NA,5,0.042119704,0.002061665,0.045145761,0.078541331,0.125586465,0.212764144,0.537962317,state
2422,23,Mizoram,NA,NA,NA,1,NA,NA,5,0.244956911,0.047371849,0.335485697,0.213439554,0.161085799,0.145637989,0.144350946,state
2423,23,Mizoram,NA,NA,NA,2,NA,NA,5,0.309087515,0.052703299,0.400226772,0.193575338,0.146456778,0.133882537,0.125858575,state
2425,23,Mizoram,NA,NA,Primary,NA,NA,NA,5,0.306916505,0.06164578,0.381680995,0.245905936,0.17055802,0.124593489,0.077261567,state
2426,23,Mizoram,NA,NA,No education / Preschool,NA,NA,NA,5,0.440877974,0.099096395,0.554445386,0.218954518,0.122176662,0.072243281,0.032180157,state
2427,23,Mizoram,NA,NA,NA,NA,NA,NA,5,0.074217871,0.034485068,0.234360397,0.161430761,0.147408143,0.286058575,0.170742109,state
2445,24,Nagaland,NA,NA,NA,NA,NA,1,5,0.137507364,0.024745513,0.128652468,0.160429776,0.189394668,0.245652944,0.275870144,state
2447,24,Nagaland,NA,NA,NA,NA,1,NA,5,0.266959846,0.012983224,0.298205078,0.195243895,0.198180199,0.171150327,0.137220517,state
2465,24,Nagaland,NA,NA,NA,NA,NA,NA,5,0.096490532,0,0.02880368,0.359195918,0.198315889,0.146020845,0.267663628,state
2466,24,Nagaland,NA,65+,NA,NA,NA,NA,5,0.132738009,0.010181241,0.133727387,0.151532382,0.173999712,0.224701449,0.316039085,state
2477,24,Nagaland,NA,NA,NA,NA,7+,NA,5,0.203206569,0.046420526,0.140971974,0.19050625,0.199093431,0.232846916,0.23658143,state
2489,24,Nagaland,NA,NA,NA,NA,4 to 6,NA,5,0.116270997,0.025548235,0.104876429,0.157206878,0.192822322,0.255723089,0.289371312,state
2494,24,Nagaland,NA,46 to 64,NA,NA,NA,NA,5,0.117536977,0.01762902,0.114971295,0.143147275,0.174386129,0.251546204,0.315949082,state
2495,24,Nagaland,NA,NA,NA,NA,NA,NA,5,0,0,0,0.251263291,0.74873668,0,0,state
2505,24,Nagaland,NA,NA,Secondary,NA,NA,NA,5,0.059198521,0.00414777,0.068877123,0.123332232,0.189682543,0.294602126,0.323505968,state
2508,24,Nagaland,NA,30 to 45,NA,NA,NA,NA,5,0.147518769,0.034693144,0.134153545,0.177025229,0.206326798,0.252862841,0.229631573,state
2514,24,Nagaland,NA,NA,NA,NA,2 to 3,NA,5,0.119067453,0.014168236,0.136223927,0.144655228,0.176497608,0.246851146,0.295772076,state
2517,24,Nagaland,NA,NA,Primary,NA,NA,NA,5,0.181210712,0.034461897,0.144444332,0.205267489,0.231711522,0.257816911,0.160759747,state
2519,24,Nagaland,NA,NA,Higher,NA,NA,NA,5,0.015336258,0.000549995,0.01114731,0.02476426,0.072410442,0.189441875,0.702236116,state
2522,24,Nagaland,NA,15 to 29,NA,NA,NA,NA,5,0.244105682,0.062868066,0.183768839,0.217877746,0.246721327,0.221141636,0.130490437,state
2528,24,Nagaland,NA,NA,NA,1,NA,NA,5,0.129703328,0.024588516,0.119302146,0.158668801,0.19085142,0.24957186,0.28160578,state
2530,24,Nagaland,NA,NA,NA,NA,NA,NA,5,0.137507364,0.024745513,0.128652468,0.160429776,0.189394668,0.245652944,0.275870144,state
2534,24,Nagaland,NA,NA,NA,2,NA,NA,5,0.190732464,0.025816262,0.192874238,0.172524795,0.179389164,0.218736231,0.236475572,state
2537,24,Nagaland,NA,NA,No education / Preschool,NA,NA,NA,5,0.320453942,0.070673175,0.295103729,0.263458043,0.209017053,0.160908073,0.071513101,state
2547,25,Delhi,NA,NA,NA,NA,NA,1,5,0.119865999,0.018776543,0.1044202,0.237868026,0.246199578,0.23752363,0.173988551,state
2564,25,Delhi,NA,65+,NA,NA,NA,NA,5,0.251338631,0.009437319,0.200041205,0.20268248,0.129987285,0.219796374,0.247492656,state
2571,25,Delhi,NA,NA,NA,NA,1,NA,5,0.087972365,0,0.071270034,0.326239467,0.317203224,0.188985899,0.096301347,state
2586,25,Delhi,NA,NA,NA,NA,2 to 3,NA,5,0.085709281,0.007906162,0.091713704,0.209471151,0.279882938,0.229688585,0.189243615,state
2590,25,Delhi,NA,NA,NA,NA,NA,NA,5,0,0,0.098393291,0.108233087,0.481719375,0.31165424,0,state
2591,25,Delhi,NA,46 to 64,NA,NA,NA,NA,5,0.128562063,0.018785188,0.109975554,0.185430989,0.193640545,0.246942386,0.264010519,state
2600,25,Delhi,NA,NA,NA,NA,4 to 6,NA,5,0.12750788,0.026079712,0.095547289,0.229244396,0.222701639,0.26566267,0.186844021,state
2615,25,Delhi,NA,15 to 29,NA,NA,NA,NA,5,0.075990833,0.011998393,0.076602936,0.376122206,0.33257404,0.179497868,0.035202976,state
2616,25,Delhi,NA,NA,Higher,NA,NA,NA,5,0.005664551,0,0.004951587,0.085253529,0.195108071,0.306489587,0.408197224,state
2627,25,Delhi,NA,NA,NA,NA,7+,NA,5,0.232469916,0.036967378,0.22945264,0.304400593,0.184317946,0.1596082,0.122220606,state
2628,25,Delhi,NA,NA,Primary,NA,NA,NA,5,0.186756775,0.042319547,0.126846045,0.304988325,0.250208735,0.190432131,0.127524763,state
2631,25,Delhi,NA,NA,NA,1,NA,NA,5,0.114237912,0.018326398,0.105407231,0.240395024,0.25835833,0.23201786,0.163821533,state
2633,25,Delhi,NA,NA,NA,NA,NA,NA,5,0.119865999,0.018776543,0.1044202,0.237868026,0.246199578,0.23752363,0.173988551,state
2637,25,Delhi,NA,NA,No education / Preschool,NA,NA,NA,5,0.333414078,0.040038913,0.283955097,0.338797301,0.198849142,0.135296583,0.043101881,state
2638,25,Delhi,NA,NA,NA,2,NA,NA,5,0.159563929,0.021951668,0.097696021,0.220652759,0.163367525,0.275031894,0.243251815,state
2640,25,Delhi,NA,30 to 45,NA,NA,NA,NA,5,0.10763257,0.023599319,0.0937858,0.218034297,0.264980316,0.260177851,0.163021713,state
2644,25,Delhi,NA,NA,Secondary,NA,NA,NA,5,0.037601229,0.006320091,0.04698801,0.210523009,0.27483651,0.279143631,0.188508824,state
2725,27,Puducherry,NA,NA,Secondary,NA,NA,NA,5,0.038162895,0.002167337,0.047946747,0.141369104,0.226678446,0.304439306,0.279566407,state
2726,27,Puducherry,NA,NA,Higher,NA,NA,NA,5,0.008145661,0.000213407,0.006689001,0.025663432,0.091068171,0.185601041,0.690978348,state
2728,27,Puducherry,NA,30 to 45,NA,NA,NA,NA,5,0.094714336,0.018708425,0.095809616,0.179167122,0.234177515,0.254114568,0.236731172,state
2729,27,Puducherry,NA,NA,NA,NA,NA,NA,5,0.058587566,0,0.061607067,0.161382258,0.060804043,0.333912313,0.382294327,state
2732,27,Puducherry,NA,NA,NA,NA,NA,NA,5,0.095136531,0.012461736,0.099186473,0.157613814,0.21508503,0.245377526,0.282737166,state
2738,27,Puducherry,NA,NA,Primary,NA,NA,NA,5,0.144280866,0.019704793,0.143151462,0.218101457,0.282105267,0.225950271,0.130691543,state
2739,27,Puducherry,NA,15 to 29,NA,NA,NA,NA,5,0.116574548,0.026725853,0.110568397,0.168370724,0.260201037,0.2726354,0.18822442,state
2741,27,Puducherry,NA,NA,NA,NA,NA,1,5,0.095136531,0.012461736,0.099186473,0.157613814,0.21508503,0.245377526,0.282737166,state
2759,27,Puducherry,NA,NA,NA,1,NA,NA,5,0.085400864,0.012531349,0.089054957,0.155933619,0.214418992,0.252813876,0.287778556,state
2766,27,Puducherry,NA,NA,No education / Preschool,NA,NA,NA,5,0.268652201,0.042627614,0.278685182,0.260920107,0.228814736,0.160616726,0.070963241,state
2769,27,Puducherry,NA,46 to 64,NA,NA,NA,NA,5,0.074922539,0.008021518,0.080518499,0.140474916,0.206746578,0.250142485,0.322117507,state
2792,27,Puducherry,NA,NA,NA,2,NA,NA,5,0.15308933,0.012048904,0.15865311,0.167508751,0.219023809,0.201685384,0.253128946,state
2797,27,Puducherry,NA,65+,NA,NA,NA,NA,5,0.130611554,0.00815594,0.138701037,0.155244231,0.190888688,0.215712711,0.299453318,state
2799,27,Puducherry,NA,NA,NA,NA,NA,NA,5,1,1,1,0,0,0,0,state
2803,27,Puducherry,NA,NA,NA,NA,4 to 6,NA,5,0.073470332,0.012844824,0.075972594,0.15072237,0.225058407,0.265399426,0.282847196,state
2804,27,Puducherry,NA,NA,NA,NA,1,NA,5,0.26940462,0.010431869,0.291610569,0.218163431,0.198931068,0.136737376,0.154557526,state
2808,27,Puducherry,NA,NA,NA,NA,7+,NA,5,0.121381402,0.020143386,0.091254674,0.155484512,0.216684252,0.28579542,0.250781149,state
2810,27,Puducherry,NA,NA,NA,NA,2 to 3,NA,5,0.090748794,0.009448113,0.109215654,0.159933418,0.200211972,0.215073332,0.315565616,state
2817,28,Punjab,NA,NA,NA,NA,NA,NA,5,0.080509447,0.008531894,0.06525939,0.203595638,0.308740765,0.27175203,0.150652185,state
2819,28,Punjab,NA,NA,NA,1,NA,NA,5,0.068682931,0.008220135,0.051679432,0.188837886,0.306235284,0.286559582,0.166687801,state
2826,28,Punjab,NA,30 to 45,NA,NA,NA,NA,5,0.068035379,0.01087347,0.046113294,0.18780154,0.326086998,0.30197221,0.138025969,state
2827,28,Punjab,NA,46 to 64,NA,NA,NA,NA,5,0.073786013,0.007357737,0.064178176,0.195913956,0.2935507,0.266790837,0.179566324,state
2829,28,Punjab,NA,15 to 29,NA,NA,NA,NA,5,0.123989187,0.014062691,0.066651165,0.22272478,0.364032269,0.254415661,0.092176132,state
2832,28,Punjab,NA,65+,NA,NA,NA,NA,5,0.111584187,0.004050898,0.112454608,0.253515869,0.287286103,0.219665378,0.127078041,state
2833,28,Punjab,NA,NA,NA,NA,NA,NA,5,0,0,0,0.153530389,0.371298432,0.34226051,0.132910669,state
2841,28,Punjab,NA,NA,Primary,NA,NA,NA,5,0.079980493,0.008246727,0.050586432,0.212946773,0.379899412,0.279823482,0.076743878,state
2842,28,Punjab,NA,NA,Secondary,NA,NA,NA,5,0.019628346,0.000555469,0.020446589,0.111132622,0.294557095,0.368194908,0.205668807,state
2864,28,Punjab,NA,NA,NA,NA,NA,1,5,0.080509447,0.008531894,0.06525939,0.203595638,0.308740765,0.27175203,0.150652185,state
2865,28,Punjab,NA,NA,NA,NA,7+,NA,5,0.105265394,0.02000921,0.049908999,0.220957607,0.296199054,0.301766336,0.131167993,state
2870,28,Punjab,NA,NA,Higher,NA,NA,NA,5,0.008699615,0,0.005031014,0.030881016,0.122560196,0.288665116,0.552862644,state
2880,28,Punjab,NA,NA,No education / Preschool,NA,NA,NA,5,0.149162799,0.017425744,0.125767797,0.320494324,0.331212997,0.18121919,0.041305698,state
2881,28,Punjab,NA,NA,NA,NA,4 to 6,NA,5,0.063215107,0.009162677,0.039088342,0.176773071,0.315519691,0.30583775,0.162781164,state
2891,28,Punjab,NA,NA,NA,NA,1,NA,5,0.205339104,0.009238102,0.220113084,0.335282981,0.269557565,0.113074429,0.061971921,state
2898,28,Punjab,NA,NA,NA,NA,2 to 3,NA,5,0.072969899,0.006612283,0.066560119,0.206548363,0.309844017,0.261383474,0.155664027,state
2910,28,Punjab,NA,NA,NA,2,NA,NA,5,0.132593498,0.009909122,0.125580415,0.269232422,0.319423974,0.206195503,0.079567693,state
2918,29,Rajasthan,NA,30 to 45,NA,NA,NA,NA,5,0.082006291,0.014457977,0.080293961,0.177900374,0.277512759,0.271048516,0.193244398,state
2927,29,Rajasthan,NA,15 to 29,NA,NA,NA,NA,5,0.101740845,0.037192903,0.102194823,0.202940166,0.215439335,0.262722641,0.216703027,state
2928,29,Rajasthan,NA,46 to 64,NA,NA,NA,NA,5,0.070823543,0.006567949,0.07475844,0.169456303,0.280987799,0.271764368,0.20303309,state
2936,29,Rajasthan,NA,NA,NA,NA,NA,NA,5,0.08377631,0.010551396,0.083056539,0.177909747,0.277610928,0.264127612,0.197295174,state
2937,29,Rajasthan,NA,NA,No education / Preschool,NA,NA,NA,5,0.172252581,0.024533747,0.169246316,0.276490748,0.317409098,0.185355663,0.051498182,state
2947,29,Rajasthan,NA,NA,NA,NA,1,NA,5,0.285927832,0.00407218,0.289845049,0.250853539,0.222163349,0.157987401,0.079150662,state
2965,29,Rajasthan,NA,NA,NA,NA,7+,NA,5,0.132011101,0.018861039,0.072202682,0.21633321,0.313262135,0.265733033,0.132468939,state
2968,29,Rajasthan,NA,NA,Primary,NA,NA,NA,5,0.100954466,0.013444833,0.087091766,0.213041008,0.343603969,0.2579467,0.098316573,state
2979,29,Rajasthan,NA,NA,NA,1,NA,NA,5,0.074707069,0.011410414,0.073479585,0.176356956,0.277854025,0.270215452,0.202093959,state
2983,29,Rajasthan,NA,65+,NA,NA,NA,NA,5,0.110106707,0.007089864,0.101138055,0.190579146,0.283012986,0.237016872,0.188252941,state
2988,29,Rajasthan,NA,NA,NA,NA,2 to 3,NA,5,0.067102164,0.006284951,0.080061078,0.164979592,0.276730835,0.254033387,0.224195093,state
2990,29,Rajasthan,NA,NA,NA,NA,4 to 6,NA,5,0.06396544,0.01224598,0.067481458,0.171124607,0.275860369,0.280595988,0.204937577,state
2997,29,Rajasthan,NA,NA,Higher,NA,NA,NA,5,0.010464763,0.000182083,0.007446311,0.031883612,0.12061765,0.280318886,0.55973357,state
3004,29,Rajasthan,NA,NA,NA,NA,NA,NA,5,0.085548081,0,0.243248791,0.203243628,0.344679058,0.107106134,0.101722375,state
3012,29,Rajasthan,NA,NA,Secondary,NA,NA,NA,5,0.026694184,0.00111717,0.035217673,0.127582595,0.263596743,0.324459702,0.249143288,state
3015,29,Rajasthan,NA,NA,NA,2,NA,NA,5,0.113900326,0.007698115,0.114837326,0.183062613,0.276804179,0.243925303,0.181370586,state
3016,29,Rajasthan,NA,NA,NA,NA,NA,1,5,0.08377631,0.010551396,0.083056539,0.177909747,0.277610928,0.264127612,0.197295174,state
3040,30,Sikkim,NA,65+,NA,NA,NA,NA,5,0.0100335,0,0.004635445,0.022486802,0.066433571,0.255015373,0.651428819,state
3041,30,Sikkim,NA,NA,NA,NA,4 to 6,NA,5,0.010688581,0,0.002089833,0.027656641,0.088306509,0.24777247,0.634174526,state
3045,30,Sikkim,NA,NA,NA,NA,NA,NA,5,0.015539325,0.000751613,0.007080945,0.0313363,0.102540553,0.25157246,0.607469738,state
3070,30,Sikkim,NA,NA,NA,NA,NA,NA,5,0,0,0,0,0.371258885,0,0.628741086,state
3071,30,Sikkim,NA,NA,NA,NA,1,NA,5,0.074147761,0,0.044836622,0.078211762,0.135162339,0.314884186,0.426905096,state
3073,30,Sikkim,NA,NA,NA,NA,2 to 3,NA,5,0.013612449,0,0.008572056,0.035962768,0.120312274,0.233400896,0.601751983,state
3080,30,Sikkim,NA,46 to 64,NA,NA,NA,NA,5,0.008053822,0,0.004991462,0.013401942,0.083552383,0.240746051,0.657308161,state
3081,30,Sikkim,NA,NA,Primary,NA,NA,NA,5,0.049231958,0.004784,0.023268778,0.049318831,0.153288707,0.338526189,0.435597509,state
3082,30,Sikkim,NA,NA,NA,NA,NA,1,5,0.015539325,0.000751613,0.007080945,0.0313363,0.102540553,0.25157246,0.607469738,state
3091,30,Sikkim,NA,NA,NA,2,NA,NA,5,0.019767655,0,0.008969896,0.031869996,0.126160294,0.310912102,0.522087693,state
3101,30,Sikkim,NA,NA,NA,1,NA,NA,5,0.014227332,0.000984829,0.006486969,0.031168479,0.095113382,0.232913241,0.634317935,state
3103,30,Sikkim,NA,NA,NA,NA,7+,NA,5,0.020940352,0.011795274,0.01153577,0,0.094601125,0.33941257,0.554450512,state
3104,30,Sikkim,NA,NA,No education / Preschool,NA,NA,NA,5,0.031318907,0,0.017107412,0.064767875,0.158656567,0.388195753,0.371272415,state
3106,30,Sikkim,NA,NA,Higher,NA,NA,NA,5,0.003167277,0,0.002638933,0,0.028531188,0.072186142,0.896643758,state
3107,30,Sikkim,NA,30 to 45,NA,NA,NA,NA,5,0.028366521,0.003019021,0.014455443,0.045331944,0.152699709,0.259279072,0.528233826,state
3109,30,Sikkim,NA,NA,Secondary,NA,NA,NA,5,0.005351248,0,0.001017575,0.027251195,0.095755592,0.247869119,0.628106534,state
3125,30,Sikkim,NA,15 to 29,NA,NA,NA,NA,5,0.060992297,0,0,0.226764172,0.238062561,0.319850355,0.215322912,state
3134,31,Tamil Nadu,NA,NA,NA,2,NA,NA,5,0.005125743,0,0,0.025443466,0.1514851,0.45101583,0.37205559,state
3140,31,Tamil Nadu,NA,NA,NA,NA,1,NA,5,0,0,0,0.037886601,0.328576386,0.328801244,0.30473578,state
3150,31,Tamil Nadu,NA,NA,NA,NA,2 to 3,NA,5,0.004019695,0,0,0.04543988,0.153741151,0.464494646,0.336324304,state
3154,31,Tamil Nadu,NA,65+,NA,NA,NA,NA,5,0.004749866,0,0,0.013846086,0.122798033,0.532403171,0.330952734,state
3155,31,Tamil Nadu,NA,NA,Higher,NA,NA,NA,5,0,0,0,0,0.043942362,0.313452393,0.642605245,state
3157,31,Tamil Nadu,NA,NA,NA,NA,NA,NA,5,0.006957948,0,0.001145586,0.025742939,0.16336827,0.456305832,0.353437364,state
3161,31,Tamil Nadu,NA,NA,NA,NA,4 to 6,NA,5,0.009930624,0,0.002381996,0.019181304,0.155619994,0.460089684,0.362727016,state
3168,31,Tamil Nadu,NA,NA,Secondary,NA,NA,NA,5,0.007092203,0,0.002171389,0.017060956,0.166831821,0.437792838,0.376142979,state
3175,31,Tamil Nadu,NA,NA,NA,NA,7+,NA,5,0.005948398,0,0,0.009068229,0.142208099,0.477303803,0.371419877,state
3191,31,Tamil Nadu,NA,NA,Primary,NA,NA,NA,5,0.007695738,0,0,0.04948074,0.201000914,0.493252456,0.256265908,state
3208,31,Tamil Nadu,NA,NA,NA,1,NA,NA,5,0.008312616,0,0.00199335,0.025964556,0.17216213,0.460220575,0.339659393,state
3216,31,Tamil Nadu,NA,46 to 64,NA,NA,NA,NA,5,0.007502316,0,0,0.026659558,0.155538365,0.461591721,0.356210381,state
3218,31,Tamil Nadu,NA,NA,NA,NA,NA,1,5,0.006957948,0,0.001145586,0.025742939,0.16336827,0.456305832,0.353437364,state
3221,31,Tamil Nadu,NA,NA,No education / Preschool,NA,NA,NA,5,0.011573553,0,0,0.031118514,0.158318773,0.603110969,0.207451716,state
3228,31,Tamil Nadu,NA,30 to 45,NA,NA,NA,NA,5,0.004589305,0,0.004772303,0.037851948,0.208059072,0.388740391,0.360576272,state
3231,31,Tamil Nadu,NA,15 to 29,NA,NA,NA,NA,5,0.035911813,0,0,0,0.250644118,0.324762136,0.424593747,state
3233,32,Tripura,NA,NA,NA,NA,1,NA,5,0.056288783,0,0.061380867,0.148447126,0.260011762,0.267121196,0.263039023,state
3238,32,Tripura,NA,NA,NA,NA,2 to 3,NA,5,0.00999744,0.000877649,0.011272949,0.064076267,0.199625716,0.341185033,0.383840024,state
3241,32,Tripura,NA,NA,NA,2,NA,NA,5,0.022663385,0.000306825,0.021247389,0.080272093,0.208819658,0.365466595,0.324194282,state
3250,32,Tripura,NA,NA,NA,NA,NA,NA,5,0.011200809,0.000397713,0.011889722,0.056342945,0.187623844,0.352007806,0.39213571,state
3258,32,Tripura,NA,NA,NA,NA,7+,NA,5,0.014394286,0,0.008859672,0.029490221,0.181771189,0.412288666,0.367590278,state
3260,32,Tripura,NA,NA,NA,NA,NA,NA,5,0,0,0,0.087579153,0.177697107,0.278835922,0.455887824,state
3261,32,Tripura,NA,NA,NA,NA,4 to 6,NA,5,0.005598303,9.04E-05,0.006122825,0.040489059,0.168487042,0.365788966,0.419112086,state
3277,32,Tripura,NA,NA,NA,1,NA,NA,5,0.007687584,0.00042557,0.009003622,0.04896269,0.1810866,0.34785682,0.413090259,state
3278,32,Tripura,NA,NA,Secondary,NA,NA,NA,5,0.004323283,6.97E-05,0.006034877,0.038169369,0.174793169,0.373736441,0.40726614,state
3296,32,Tripura,NA,NA,Higher,NA,NA,NA,5,0,0,0.000401369,0.005993161,0.03158753,0.163050652,0.798967302,state
3303,32,Tripura,NA,NA,Primary,NA,NA,NA,5,0.020695293,0.000875118,0.018032089,0.098199993,0.276137173,0.404895157,0.202735603,state
3304,32,Tripura,NA,NA,NA,NA,NA,1,5,0.011200809,0.000397713,0.011889722,0.056342945,0.187623844,0.352007806,0.39213571,state
3316,32,Tripura,NA,NA,No education / Preschool,NA,NA,NA,5,0.08147376,0.003328085,0.084361054,0.216780454,0.32901141,0.297805041,0.072042055,state
3319,32,Tripura,NA,30 to 45,NA,NA,NA,NA,5,0.011139204,0.000574398,0.012542946,0.056765258,0.190570414,0.367105663,0.373015732,state
3329,32,Tripura,NA,46 to 64,NA,NA,NA,NA,5,0.007273186,0.000317857,0.007703635,0.053800602,0.189215943,0.351012468,0.398267329,state
3330,32,Tripura,NA,65+,NA,NA,NA,NA,5,0.017769866,0.000430524,0.019047292,0.059637744,0.181191802,0.342225075,0.397898078,state
3332,32,Tripura,NA,15 to 29,NA,NA,NA,NA,5,0.037387639,0,0.024281383,0.084692225,0.204151303,0.335818112,0.351056963,state
3343,33,Uttar Pradesh,NA,NA,Secondary,NA,NA,NA,5,0.013645086,0.000323147,0.024241246,0.122885041,0.267111063,0.324023306,0.261739343,state
3346,33,Uttar Pradesh,NA,NA,NA,NA,NA,NA,5,0.054504417,0.002190548,0.067010455,0.171025366,0.261817336,0.271886021,0.22826083,state
3369,33,Uttar Pradesh,NA,NA,Primary,NA,NA,NA,5,0.069946684,0.005090177,0.078382276,0.216116369,0.326859057,0.277067333,0.101574972,state
3370,33,Uttar Pradesh,NA,NA,NA,NA,7+,NA,5,0.040557425,0.004122367,0.032726984,0.143698692,0.254793048,0.318982631,0.249798656,state
3379,33,Uttar Pradesh,NA,NA,No education / Preschool,NA,NA,NA,5,0.153798729,0.004010236,0.186418757,0.313098639,0.281470865,0.16732344,0.051688302,state
3380,33,Uttar Pradesh,NA,NA,Higher,NA,NA,NA,5,0.003112324,0.000320907,0.002978871,0.027114732,0.092306249,0.247729614,0.629870534,state
3381,33,Uttar Pradesh,NA,NA,NA,NA,1,NA,5,0.191671222,0.002560457,0.212785661,0.305873215,0.244576246,0.142887294,0.093877584,state
3382,33,Uttar Pradesh,NA,NA,NA,NA,2 to 3,NA,5,0.049952142,0.0020957,0.069179103,0.17655389,0.258675754,0.269574314,0.226016939,state
3383,33,Uttar Pradesh,NA,NA,NA,NA,4 to 6,NA,5,0.025801385,0.002061109,0.032662041,0.135560781,0.269408911,0.301526964,0.26084131,state
3384,33,Uttar Pradesh,NA,NA,NA,1,NA,NA,5,0.039123788,0.002097649,0.049416877,0.151765272,0.256896734,0.283699453,0.258221656,state
3388,33,Uttar Pradesh,NA,NA,NA,2,NA,NA,5,0.103492737,0.002486685,0.124129519,0.233604997,0.277737886,0.233550921,0.130976677,state
3395,33,Uttar Pradesh,NA,NA,NA,NA,NA,NA,5,0.031591821,0.031591821,0,0.199079439,0.163249493,0.232931346,0.404739708,state
3405,33,Uttar Pradesh,NA,65+,NA,NA,NA,NA,5,0.10924723,0.00066483,0.131217211,0.210057899,0.231617019,0.211846188,0.215261683,state
3419,33,Uttar Pradesh,NA,46 to 64,NA,NA,NA,NA,5,0.044934046,0.001875983,0.058526665,0.163320705,0.25259617,0.273111671,0.252444774,state
3421,33,Uttar Pradesh,NA,30 to 45,NA,NA,NA,NA,5,0.034904584,0.00325848,0.042356875,0.159067586,0.285300732,0.303075731,0.210199073,state
3439,33,Uttar Pradesh,NA,NA,NA,NA,NA,1,5,0.054504417,0.002190548,0.067010455,0.171025366,0.261817336,0.271886021,0.22826083,state
3443,33,Uttar Pradesh,NA,15 to 29,NA,NA,NA,NA,5,0.047217477,0.004727804,0.044355784,0.161260232,0.325576812,0.302285701,0.166521475,state
3453,34,Uttarakhand,NA,NA,No education / Preschool,NA,NA,NA,5,0.071534559,0.007761126,0.084644549,0.196541086,0.25000605,0.36530894,0.103499383,state
3454,34,Uttarakhand,NA,NA,NA,NA,NA,NA,5,0.020381363,0.001186179,0.032072812,0.0862092,0.147908613,0.285611778,0.448197603,state
3457,34,Uttarakhand,NA,NA,NA,NA,7+,NA,5,0.08266259,0,0.028347736,0.048281305,0.111425757,0.466305584,0.345639616,state
3465,34,Uttarakhand,NA,NA,NA,NA,1,NA,5,0.148040205,0.014651728,0.141126573,0.278184414,0.259247154,0.158867285,0.162574574,state
3470,34,Uttarakhand,NA,NA,NA,NA,2 to 3,NA,5,0.014738373,0.000434391,0.034054622,0.091760591,0.115375042,0.287327766,0.471481979,state
3476,34,Uttarakhand,NA,NA,Primary,NA,NA,NA,5,0.04502346,0,0.047274094,0.137433797,0.220147684,0.34428978,0.250854641,state
3479,34,Uttarakhand,NA,NA,NA,1,NA,NA,5,0.010194729,0.000274044,0.020218635,0.065739028,0.132805333,0.272446156,0.508790851,state
3494,34,Uttarakhand,NA,NA,NA,NA,4 to 6,NA,5,0.004074409,9.30E-05,0.017322535,0.060711179,0.16086109,0.288414419,0.472690791,state
3502,34,Uttarakhand,NA,65+,NA,NA,NA,NA,5,0.0498676,0.005023856,0.069459304,0.120415047,0.15252544,0.223213241,0.434386969,state
3506,34,Uttarakhand,NA,NA,NA,NA,NA,NA,5,0,0,0,0,0.178834349,0.821165681,0,state
3517,34,Uttarakhand,NA,46 to 64,NA,NA,NA,NA,5,0.014249662,0.000360194,0.022888785,0.075736433,0.132345289,0.302151501,0.466877967,state
3519,34,Uttarakhand,NA,NA,Higher,NA,NA,NA,5,0.001776576,0,0.001719065,0.010891546,0.04072452,0.137658045,0.80900681,state
3521,34,Uttarakhand,NA,NA,NA,NA,NA,1,5,0.020381363,0.001186179,0.032072812,0.0862092,0.147908613,0.285611778,0.448197603,state
3525,34,Uttarakhand,NA,NA,NA,2,NA,NA,5,0.056994978,0.004464648,0.075809926,0.161735848,0.203633606,0.334187627,0.224633008,state
3530,34,Uttarakhand,NA,30 to 45,NA,NA,NA,NA,5,0.010151477,0,0.023900336,0.081271939,0.159777209,0.298178166,0.436872333,state
3532,34,Uttarakhand,NA,NA,Secondary,NA,NA,NA,5,0.0030938,0,0.023711836,0.067042962,0.137917012,0.304737031,0.466591179,state
3535,34,Uttarakhand,NA,15 to 29,NA,NA,NA,NA,5,0.030721948,0.001509413,0.025087776,0.085001782,0.230081126,0.290224075,0.369605243,state
3549,35,West Bengal,NA,NA,NA,NA,NA,NA,5,0.041198108,0.004679826,0.083950765,0.161337003,0.270148098,0.32201907,0.162545055,state
3552,35,West Bengal,NA,NA,NA,NA,2 to 3,NA,5,0.03501201,0.003674203,0.077598736,0.172889441,0.289214581,0.300367326,0.159929886,state
3568,35,West Bengal,NA,NA,NA,NA,1,NA,5,0.116972946,0.005214362,0.133804396,0.250600576,0.340494037,0.260093063,0.015007921,state
3569,35,West Bengal,NA,NA,NA,NA,NA,NA,5,0,0,0.017313251,0.339388192,0.334910899,0.23697418,0.071413457,state
3570,35,West Bengal,NA,46 to 64,NA,NA,NA,NA,5,0.042492498,0.006532321,0.081036508,0.159733668,0.239743456,0.332330585,0.187155783,state
3576,35,West Bengal,NA,NA,Secondary,NA,NA,NA,5,0.017567646,0.001450534,0.055055171,0.124752663,0.274152368,0.37236622,0.17367357,state
3588,35,West Bengal,NA,NA,No education / Preschool,NA,NA,NA,5,0.087927639,0.014844445,0.155392334,0.226490304,0.300397456,0.253702372,0.064017542,state
3589,35,West Bengal,NA,NA,Primary,NA,NA,NA,5,0.071685776,0.003884533,0.120008685,0.24878566,0.295199335,0.265711784,0.070294514,state
3600,35,West Bengal,NA,NA,NA,NA,NA,1,5,0.041198108,0.004679826,0.083950765,0.161337003,0.270148098,0.32201907,0.162545055,state
3611,35,West Bengal,NA,65+,NA,NA,NA,NA,5,0.058383986,0.006323802,0.094753303,0.189509705,0.296860725,0.270989954,0.147886291,state
3615,35,West Bengal,NA,NA,NA,1,NA,NA,5,0.040924706,0.00580768,0.090067834,0.163921237,0.266707629,0.30544129,0.173861995,state
3619,35,West Bengal,NA,NA,NA,NA,4 to 6,NA,5,0.037210267,0.005913679,0.085468031,0.144093439,0.250848949,0.346103698,0.173485875,state
3620,35,West Bengal,NA,NA,NA,NA,7+,NA,5,0.02620534,0,0.050500523,0.086415276,0.16873078,0.379926294,0.314427137,state
3638,35,West Bengal,NA,15 to 29,NA,NA,NA,NA,5,0.073883973,0,0.084738299,0.246874914,0.242256895,0.382866293,0.043263596,state
3640,35,West Bengal,NA,30 to 45,NA,NA,NA,NA,5,0.027133318,0.002325784,0.082792886,0.138500765,0.300726742,0.322294205,0.15568541,state
3641,35,West Bengal,NA,NA,Higher,NA,NA,NA,5,0,0,0.002542475,0.019211734,0.113384672,0.319222271,0.545638859,state
3647,35,West Bengal,NA,NA,NA,2,NA,NA,5,0.042332537,0,0.058525871,0.150595933,0.284447968,0.390922755,0.115507498,state
3661,36,Telangana ,NA,NA,NA,NA,2 to 3,NA,5,0.071173944,0.005379576,0.071514979,0.217671931,0.288473159,0.24939774,0.172942191,state
3675,36,Telangana ,NA,NA,NA,NA,1,NA,5,0.23348704,0.006447184,0.243529662,0.345520854,0.220591798,0.115924917,0.074432768,state
3683,36,Telangana ,NA,NA,NA,NA,NA,1,5,0.078834131,0.007391884,0.068048872,0.194705248,0.281842202,0.259231865,0.196171805,state
3691,36,Telangana ,NA,NA,NA,2,NA,NA,5,0.13270238,0.008766186,0.124851204,0.267123938,0.290184915,0.195287824,0.122552142,state
3696,36,Telangana ,NA,30 to 45,NA,NA,NA,NA,5,0.071572423,0.01134008,0.050833371,0.186236799,0.292715013,0.286521256,0.183693543,state
3697,36,Telangana ,NA,46 to 64,NA,NA,NA,NA,5,0.063329503,0.004011047,0.058455322,0.176915079,0.278847635,0.256201684,0.229580283,state
3698,36,Telangana ,NA,65+,NA,NA,NA,NA,5,0.119660646,0.002973525,0.128783986,0.245457917,0.242184415,0.197415203,0.186158493,state
3700,36,Telangana ,NA,NA,NA,NA,NA,NA,5,0.078834131,0.007391884,0.068048872,0.194705248,0.281842202,0.259231865,0.196171805,state
3703,36,Telangana ,NA,NA,Secondary,NA,NA,NA,5,0.014832143,0.000480098,0.021992566,0.107653916,0.256009072,0.35060513,0.263739318,state
3704,36,Telangana ,NA,NA,Higher,NA,NA,NA,5,0.004559849,0,0.003850839,0.03585095,0.112061188,0.261798352,0.586438656,state
3705,36,Telangana ,NA,NA,NA,NA,NA,NA,5,0.299033612,0,0,0.376452923,0.439097911,0.087762356,0.09668681,state
3707,36,Telangana ,NA,NA,NA,NA,7+,NA,5,0.078666352,0.011091955,0.035530109,0.121163599,0.229524925,0.281785309,0.331996053,state
3719,36,Telangana ,NA,NA,NA,NA,4 to 6,NA,5,0.058384921,0.009068066,0.039832961,0.157368869,0.291548043,0.289037734,0.222212389,state
3735,36,Telangana ,NA,15 to 29,NA,NA,NA,NA,5,0.10617353,0.016645486,0.067512393,0.219005272,0.344613492,0.278993875,0.08987496,state
3737,36,Telangana ,NA,NA,NA,1,NA,NA,5,0.066086046,0.00706665,0.054733951,0.177729741,0.279886603,0.274220854,0.213428855,state
3741,36,Telangana ,NA,NA,No education / Preschool,NA,NA,NA,5,0.141901687,0.013569275,0.124779508,0.295877218,0.331593364,0.183112994,0.064636931,state
3742,36,Telangana ,NA,NA,Primary,NA,NA,NA,5,0.090996332,0.010555518,0.056782193,0.23113957,0.338018686,0.268481523,0.105578043,state
3764,37,NA,NA,15 to 29,NA,NA,NA,NA,5,0.039274465,0,0.085276581,0.266593814,0.372341067,0.179115057,0.096673466,state
3765,37,NA,NA,30 to 45,NA,NA,NA,NA,5,0.091555938,0.018067269,0.138175264,0.288723052,0.284068704,0.236065835,0.052967142,state
3766,37,NA,NA,46 to 64,NA,NA,NA,NA,5,0.035224788,0,0.125656024,0.302952796,0.260338217,0.237484083,0.073568888,state
3767,37,NA,NA,65+,NA,NA,NA,NA,5,0.111536145,0.006354586,0.168828338,0.338886797,0.239980757,0.202215001,0.050089102,state
3768,37,NA,NA,NA,No education / Preschool,NA,NA,NA,5,0.103129052,0.011088271,0.179747358,0.358194321,0.240243703,0.188651949,0.033162657,state
3769,37,NA,NA,NA,Primary,NA,NA,NA,5,0.131241441,0.040718801,0.144415095,0.277839899,0.370248944,0.173390791,0.034105275,state
3770,37,NA,NA,NA,NA,NA,1,NA,5,0.507671118,0,0.507671118,0,0.492328882,0,0,state
3771,37,NA,NA,NA,NA,NA,2 to 3,NA,5,0.074801169,0.00356036,0.146589532,0.284187317,0.24147974,0.208175436,0.119567983,state
3772,37,NA,NA,NA,NA,NA,4 to 6,NA,5,0.063309282,0.009054363,0.131282613,0.29944253,0.28144154,0.236134768,0.051698554,state
3773,37,NA,NA,NA,NA,NA,7+,NA,5,0.070439145,0,0.130294517,0.345341861,0.230110362,0.209558651,0.084694616,state
3784,37,NA,NA,NA,NA,NA,NA,NA,5,0.065970108,0.007585876,0.133825481,0.300316155,0.272035897,0.229850993,0.063971475,state
3785,37,NA,NA,NA,Secondary,NA,NA,NA,5,0.038979579,0.002234838,0.115122922,0.281856328,0.29133743,0.248732015,0.062951297,state
3789,37,NA,NA,NA,NA,NA,NA,1,5,0.065970108,0.007585876,0.133825481,0.300316155,0.272035897,0.229850993,0.063971475,state
3792,37,NA,NA,NA,NA,2,NA,NA,5,0.058128819,0,0.071348764,0.371131003,0.261373162,0.238070577,0.058076479,state
3793,37,NA,NA,NA,Higher,NA,NA,NA,5,0.027644901,0.004686423,0.052067026,0.190596819,0.257879317,0.313872814,0.185584038,state
3801,37,NA,NA,NA,NA,1,NA,NA,5,0.066500977,0.00809945,0.138042673,0.29553616,0.272755623,0.229296178,0.064369388,state
3823,NA,NA,NA,65+,NA,NA,NA,NA,5,0.22133401,0.077039398,NA,NA,NA,NA,NA,state
3824,NA,NA,NA,NA,NA,NA,NA,NA,5,0.22133401,0.077039398,NA,NA,NA,NA,NA,state
3826,NA,NA,NA,NA,NA,NA,1,NA,5,0.162124172,0.013098462,NA,NA,NA,NA,NA,state
3827,NA,NA,NA,NA,NA,NA,2 to 3,NA,5,0.186286271,0.066792056,NA,NA,NA,NA,NA,state
3828,NA,NA,NA,NA,NA,NA,4 to 6,NA,5,0.297832847,0.124573484,NA,NA,NA,NA,NA,state
3829,NA,NA,NA,NA,NA,NA,7+,NA,5,0.18400985,0.030649915,NA,NA,NA,NA,NA,state
3914,NA,NA,NA,NA,NA,NA,NA,NA,5,0.22133401,0.077039398,NA,NA,NA,NA,NA,state
3926,NA,NA,NA,NA,NA,NA,NA,NA,5,0.22133401,0.077039398,NA,NA,NA,NA,NA,state
3951,NA,NA,NA,NA,NA,NA,NA,1,5,0.22133401,0.077039398,NA,NA,NA,NA,NA,state
14,1,Andaman and Nicobar Islands,0,15 to 29,NA,NA,NA,NA,5,0.144550771,0.034896456,0.209779501,0.256089807,0.204727754,0.199768737,0.129634202,statesector
15,1,Andaman and Nicobar Islands,0,30 to 45,NA,NA,NA,NA,5,0.093861595,0.016314786,0.151248738,0.218068525,0.238897428,0.24551475,0.146270558,statesector
16,1,Andaman and Nicobar Islands,0,46 to 64,NA,NA,NA,NA,5,0.055297643,0.006818996,0.109205462,0.186591998,0.232386529,0.271120936,0.200695083,statesector
21,1,Andaman and Nicobar Islands,0,65+,NA,NA,NA,NA,5,0.07487528,0.006207613,0.127211809,0.180868372,0.225061074,0.272406101,0.194452643,statesector
23,1,Andaman and Nicobar Islands,0,NA,NA,NA,NA,NA,5,0,0,1,0,0,0,0,statesector
26,1,Andaman and Nicobar Islands,1,NA,NA,NA,NA,1,5,0.015235518,0.001259169,0.012829159,0.050006166,0.139608338,0.320300907,0.477255404,statesector
31,1,Andaman and Nicobar Islands,0,NA,NA,NA,2 to 3,NA,5,0.104149304,0.012308985,0.153939739,0.204871729,0.236187637,0.235507518,0.169493377,statesector
32,1,Andaman and Nicobar Islands,1,NA,No education / Preschool,NA,NA,NA,5,0.038822442,0.003762102,0.033064269,0.104416043,0.268620253,0.385309845,0.208589599,statesector
39,1,Andaman and Nicobar Islands,1,15 to 29,NA,NA,NA,NA,5,0.046188354,0.008065499,0.045630511,0.090471618,0.166543975,0.277838528,0.419515371,statesector
40,1,Andaman and Nicobar Islands,1,30 to 45,NA,NA,NA,NA,5,0.024901697,0.002368036,0.019300902,0.05458713,0.149513498,0.327632546,0.448965907,statesector
43,1,Andaman and Nicobar Islands,0,NA,NA,NA,1,NA,5,0.325562775,0,0.330232918,0.340498358,0.160513073,0.110833913,0.05792173,statesector
44,1,Andaman and Nicobar Islands,0,NA,Higher,NA,NA,NA,5,0.01135661,0.000422898,0.020997297,0.071704641,0.176551878,0.33585462,0.39489153,statesector
49,1,Andaman and Nicobar Islands,0,NA,NA,NA,NA,1,5,0.078244813,0.012186778,0.134183049,0.202430397,0.232209608,0.256821126,0.17435585,statesector
51,1,Andaman and Nicobar Islands,0,NA,NA,NA,7+,NA,5,0.105108507,0.017970817,0.1447386,0.231860831,0.222025886,0.240090907,0.161283791,statesector
53,1,Andaman and Nicobar Islands,1,NA,NA,NA,2 to 3,NA,5,0.014368823,0.002808834,0.012847093,0.051775172,0.133329973,0.308802575,0.493245184,statesector
55,1,Andaman and Nicobar Islands,1,NA,NA,1,NA,NA,5,0.015857808,0.001333539,0.013020348,0.04914527,0.139804214,0.319103122,0.478927046,statesector
56,1,Andaman and Nicobar Islands,0,NA,NA,1,NA,NA,5,0.077479288,0.012203441,0.133367777,0.201394543,0.232921198,0.258625984,0.173690498,statesector
57,1,Andaman and Nicobar Islands,0,NA,Secondary,NA,NA,NA,5,0.037242386,0.000879508,0.090913795,0.182085767,0.24125576,0.287225068,0.198519617,statesector
60,1,Andaman and Nicobar Islands,1,NA,Primary,NA,NA,NA,5,0.074843958,0.010362064,0.036180746,0.103318669,0.186672822,0.338634491,0.335193247,statesector
61,1,Andaman and Nicobar Islands,0,NA,NA,NA,4 to 6,NA,5,0.067608573,0.011234971,0.127776876,0.196103781,0.233689055,0.264290661,0.178139612,statesector
62,1,Andaman and Nicobar Islands,0,NA,NA,NA,NA,NA,5,0.078244813,0.012186778,0.134183049,0.202430397,0.232209608,0.256821126,0.17435585,statesector
63,1,Andaman and Nicobar Islands,1,NA,NA,NA,NA,NA,5,0.015235518,0.001259169,0.012829159,0.050006166,0.139608338,0.320300907,0.477255404,statesector
66,1,Andaman and Nicobar Islands,1,NA,NA,NA,1,NA,5,0.043362349,0,0.142706394,0.185746551,0.28689748,0.291442662,0.09320692,statesector
69,1,Andaman and Nicobar Islands,0,NA,Primary,NA,NA,NA,5,0.152280867,0.042043038,0.197542503,0.251290828,0.210191846,0.257496506,0.083478339,statesector
70,1,Andaman and Nicobar Islands,0,NA,No education / Preschool,NA,NA,NA,5,0.150944054,0.028017934,0.227689162,0.267711341,0.240524054,0.18161577,0.082459688,statesector
78,1,Andaman and Nicobar Islands,1,NA,Higher,NA,NA,NA,5,0.00131722,0,0.003279923,0.007338116,0.042375449,0.204806983,0.74219954,statesector
81,1,Andaman and Nicobar Islands,1,65+,NA,NA,NA,NA,5,0.018609447,0,0.015524263,0.036944918,0.131549522,0.359806836,0.456174463,statesector
82,1,Andaman and Nicobar Islands,0,NA,NA,2,NA,NA,5,0.091125794,0.011906406,0.148011863,0.220000938,0.220139071,0.226206481,0.185641646,statesector
83,1,Andaman and Nicobar Islands,1,NA,NA,NA,7+,NA,5,0.025832035,0,0.019149991,0.080517076,0.185013428,0.266968429,0.448351055,statesector
85,1,Andaman and Nicobar Islands,1,NA,NA,2,NA,NA,5,0.004699461,0,0.00963082,0.064407885,0.136331797,0.340338528,0.449290961,statesector
91,1,Andaman and Nicobar Islands,1,NA,Secondary,NA,NA,NA,5,0.006560169,0,0.006486386,0.042388521,0.12627247,0.347827345,0.47702527,statesector
95,1,Andaman and Nicobar Islands,1,46 to 64,NA,NA,NA,NA,5,0.003111334,0,0.003137836,0.045749012,0.131266564,0.307393104,0.512453496,statesector
96,1,Andaman and Nicobar Islands,1,NA,NA,NA,4 to 6,NA,5,0.014191956,0.000977451,0.010822686,0.045296706,0.135549858,0.328447104,0.479883641,statesector
105,2,Andhra Pradesh,0,NA,NA,NA,NA,NA,5,0.059456024,0.004603369,0.048812807,0.158121958,0.275538951,0.29273501,0.224791259,statesector
128,2,Andhra Pradesh,1,15 to 29,NA,NA,NA,NA,5,0.063285902,0.023455583,0.010679931,0.1160338,0.347226828,0.361483186,0.164576247,statesector
138,2,Andhra Pradesh,0,46 to 64,NA,NA,NA,NA,5,0.044397056,0.002510997,0.035413533,0.133067727,0.258852601,0.31400606,0.258660078,statesector
139,2,Andhra Pradesh,1,NA,NA,1,NA,NA,5,0.022962507,0.008676084,0.018474501,0.023352921,0.10725417,0.262899041,0.588019371,statesector
143,2,Andhra Pradesh,1,NA,NA,NA,1,NA,5,0.018017771,0.005747372,0.016213035,0.021574205,0.241081104,0.396094799,0.325036854,statesector
146,2,Andhra Pradesh,1,NA,NA,NA,4 to 6,NA,5,0.025550004,0.012436832,0.022753065,0.014704052,0.078006901,0.251207143,0.633328855,statesector
151,2,Andhra Pradesh,0,NA,NA,1,NA,NA,5,0.056323286,0.004945944,0.045769431,0.159870595,0.278399408,0.290161997,0.225798562,statesector
153,2,Andhra Pradesh,0,65+,NA,NA,NA,NA,5,0.080694564,0.003470988,0.064030237,0.157186702,0.256057322,0.284534663,0.238191053,statesector
156,2,Andhra Pradesh,0,NA,NA,NA,7+,NA,5,0.089025997,0.006191999,0.04551176,0.15149191,0.267569363,0.294329643,0.241097316,statesector
158,2,Andhra Pradesh,1,NA,NA,NA,2 to 3,NA,5,0.018163778,0.006476616,0.010298671,0.031674173,0.077809334,0.251496494,0.628721356,statesector
159,2,Andhra Pradesh,0,NA,No education / Preschool,NA,NA,NA,5,0.143355265,0.010941514,0.129093304,0.238746792,0.303213686,0.226208359,0.102737859,statesector
160,2,Andhra Pradesh,1,NA,NA,NA,7+,NA,5,0.013062037,0,0.011391145,0,0.060544603,0.16109921,0.766965032,statesector
163,2,Andhra Pradesh,0,30 to 45,NA,NA,NA,NA,5,0.055810817,0.006334007,0.051588356,0.195915103,0.301201552,0.275591195,0.175703794,statesector
165,2,Andhra Pradesh,0,NA,NA,2,NA,NA,5,0.070102327,0.003439161,0.059194714,0.15215686,0.265781075,0.301512361,0.221355021,statesector
166,2,Andhra Pradesh,1,NA,NA,2,NA,NA,5,0.013787182,0.007963959,0.009183373,0.015687298,0.080674589,0.289669424,0.604785323,statesector
167,2,Andhra Pradesh,0,NA,NA,NA,1,NA,5,0.148718864,0.002936011,0.13196376,0.192257002,0.334700704,0.248509809,0.09256871,statesector
171,2,Andhra Pradesh,1,65+,NA,NA,NA,NA,5,0.003351302,0,0.002616079,0,0.047143649,0.145147637,0.805092633,statesector
172,2,Andhra Pradesh,1,NA,NA,NA,NA,1,5,0.020944791,0.008519483,0.016425313,0.021662243,0.101391956,0.268803328,0.591717124,statesector
174,2,Andhra Pradesh,1,NA,NA,NA,NA,NA,5,0.020944791,0.008519483,0.016425313,0.021662243,0.101391956,0.268803328,0.591717124,statesector
176,2,Andhra Pradesh,0,15 to 29,NA,NA,NA,NA,5,0.128338978,0.024589745,0.094320387,0.203228354,0.424604386,0.207043648,0.070803218,statesector
178,2,Andhra Pradesh,1,NA,No education / Preschool,NA,NA,NA,5,0.209046677,0.110349663,0.187775761,0.057689659,0.207646146,0.245528802,0.301359624,statesector
181,2,Andhra Pradesh,0,NA,NA,NA,4 to 6,NA,5,0.045446321,0.006678582,0.029964561,0.14663817,0.274016142,0.307175368,0.242205769,statesector
184,2,Andhra Pradesh,0,NA,NA,NA,2 to 3,NA,5,0.050243869,0.001840019,0.056247521,0.167568445,0.265812486,0.282748491,0.227623031,statesector
185,2,Andhra Pradesh,1,46 to 64,NA,NA,NA,NA,5,0.009811924,0,0.014327955,0.006756813,0.050598107,0.235466331,0.692850769,statesector
188,2,Andhra Pradesh,0,NA,Secondary,NA,NA,NA,5,0.027133619,0.001513972,0.020536868,0.127616644,0.277206212,0.321130127,0.253510118,statesector
190,2,Andhra Pradesh,1,NA,Primary,NA,NA,NA,5,0.04549107,0.007568586,0.01204651,0.061842192,0.213727862,0.251360089,0.461023331,statesector
191,2,Andhra Pradesh,0,NA,NA,NA,NA,NA,5,0,0,0,0.175088033,0.057955202,0.584683955,0.182272837,statesector
194,2,Andhra Pradesh,1,NA,Secondary,NA,NA,NA,5,0.004845819,0,0.004542922,0.027256785,0.091066644,0.344182163,0.532951474,statesector
196,2,Andhra Pradesh,1,NA,Higher,NA,NA,NA,5,0,0,0,0,0.070382513,0.188016564,0.741600931,statesector
198,2,Andhra Pradesh,1,30 to 45,NA,NA,NA,NA,5,0.032348048,0.019708889,0.028687697,0.025708716,0.126256973,0.355303407,0.4640432,statesector
199,2,Andhra Pradesh,0,NA,NA,NA,NA,1,5,0.059456024,0.004603369,0.048812807,0.158121958,0.275538951,0.29273501,0.224791259,statesector
202,2,Andhra Pradesh,0,NA,Primary,NA,NA,NA,5,0.089740627,0.008767857,0.067738689,0.223654509,0.2983284,0.282600015,0.127678379,statesector
204,2,Andhra Pradesh,0,NA,Higher,NA,NA,NA,5,0.002219111,0,0.001491258,0.023072729,0.160608843,0.290421724,0.52440542,statesector
216,3,Arunachal Pradesh,1,NA,NA,NA,NA,NA,5,0.037749507,0.005222919,0.008086518,0.028023919,0.066335,0.143658757,0.753895819,statesector
229,3,Arunachal Pradesh,1,NA,Higher,NA,NA,NA,5,0.00177305,0,0,0.002857745,0.001271026,0.024132961,0.971738279,statesector
230,3,Arunachal Pradesh,1,NA,NA,NA,NA,NA,5,0,0,0,0,0,0,1,statesector
232,3,Arunachal Pradesh,0,NA,NA,1,NA,NA,5,0.050821234,0.006195024,0.019790633,0.074863844,0.154954433,0.259979278,0.490411818,statesector
240,3,Arunachal Pradesh,1,NA,Primary,NA,NA,NA,5,0.060311746,0.006442438,0.013801591,0.050412364,0.095884994,0.201186791,0.638714254,statesector
241,3,Arunachal Pradesh,1,NA,Secondary,NA,NA,NA,5,0.008219057,0,0.002348239,0.010417623,0.046494201,0.120582044,0.820157886,statesector
242,3,Arunachal Pradesh,0,NA,NA,NA,NA,NA,5,0.051390018,0.006407526,0.020386104,0.07527601,0.151412621,0.263789952,0.489135295,statesector
244,3,Arunachal Pradesh,1,NA,NA,NA,1,NA,5,0.045785423,0,0.019219438,0.119357191,0.121748514,0.24181214,0.497862726,statesector
254,3,Arunachal Pradesh,0,NA,NA,NA,NA,NA,5,0,0,0,0,0.125371248,0.222493395,0.652135372,statesector
261,3,Arunachal Pradesh,1,NA,NA,NA,2 to 3,NA,5,0.022224501,0.001605986,0.011546831,0.034806322,0.080028541,0.137806982,0.735811293,statesector
267,3,Arunachal Pradesh,1,NA,NA,NA,NA,1,5,0.037749507,0.005222919,0.008086518,0.028023919,0.066335,0.143658757,0.753895819,statesector
269,3,Arunachal Pradesh,1,NA,No education / Preschool,NA,NA,NA,5,0.11919596,0.020643175,0.024645573,0.075805135,0.149505317,0.263062686,0.486981273,statesector
271,3,Arunachal Pradesh,0,NA,NA,NA,2 to 3,NA,5,0.045728203,0.003655341,0.030422945,0.100616843,0.146445975,0.235101923,0.487412304,statesector
274,3,Arunachal Pradesh,1,46 to 64,NA,NA,NA,NA,5,0.024112359,0.002063888,0.005666758,0.015911795,0.045706473,0.124333821,0.80838114,statesector
279,3,Arunachal Pradesh,0,15 to 29,NA,NA,NA,NA,5,0.187127411,0.025664166,0.039368629,0.155492514,0.226048023,0.307127267,0.271963567,statesector
280,3,Arunachal Pradesh,0,NA,Secondary,NA,NA,NA,5,0.012556437,0,0.007222093,0.035484251,0.105623379,0.236128688,0.615541577,statesector
282,3,Arunachal Pradesh,0,30 to 45,NA,NA,NA,NA,5,0.057754014,0.01042822,0.022709377,0.089957893,0.201088026,0.290467381,0.395777345,statesector
283,3,Arunachal Pradesh,0,NA,NA,NA,1,NA,5,0.211522102,0.004291689,0.190974459,0.212684467,0.210437059,0.19132939,0.194574624,statesector
284,3,Arunachal Pradesh,0,46 to 64,NA,NA,NA,NA,5,0.030151011,0.002060702,0.013166232,0.056209847,0.127160937,0.257969916,0.545493066,statesector
286,3,Arunachal Pradesh,0,NA,NA,NA,4 to 6,NA,5,0.044704564,0.007002929,0.011310807,0.067628562,0.155850142,0.278732181,0.486478299,statesector
287,3,Arunachal Pradesh,0,NA,NA,NA,7+,NA,5,0.056028206,0.008862884,0.010617854,0.04080544,0.129596964,0.260583043,0.558396697,statesector
288,3,Arunachal Pradesh,1,NA,NA,1,NA,NA,5,0.037090141,0.005729889,0.007400606,0.02925745,0.069958143,0.140376955,0.753006876,statesector
290,3,Arunachal Pradesh,0,NA,Primary,NA,NA,NA,5,0.072426893,0.011709526,0.015466903,0.081788413,0.170367405,0.309027314,0.423349947,statesector
291,3,Arunachal Pradesh,1,NA,NA,NA,7+,NA,5,0.076700449,0.012371708,0.003498787,0.027354438,0.044653464,0.121398471,0.803094864,statesector
294,3,Arunachal Pradesh,0,NA,Higher,NA,NA,NA,5,0,0,0,0.006363022,0.041180648,0.103166923,0.849289417,statesector
295,3,Arunachal Pradesh,0,NA,NA,NA,NA,1,5,0.051390018,0.006407526,0.020386104,0.07527601,0.151412621,0.263789952,0.489135295,statesector
296,3,Arunachal Pradesh,1,30 to 45,NA,NA,NA,NA,5,0.058592644,0.01011859,0.012401666,0.040598445,0.111030653,0.213212267,0.622756958,statesector
298,3,Arunachal Pradesh,0,65+,NA,NA,NA,NA,5,0.057586268,0.005447892,0.026883209,0.076043174,0.115769379,0.231372774,0.549931467,statesector
299,3,Arunachal Pradesh,1,15 to 29,NA,NA,NA,NA,5,0.152837828,0.026172496,0.041125033,0.166809469,0.215149045,0.244452596,0.332463861,statesector
302,3,Arunachal Pradesh,1,NA,NA,2,NA,NA,5,0.041272677,0.002584769,0.011682815,0.021632105,0.04753248,0.160202399,0.758950174,statesector
303,3,Arunachal Pradesh,1,NA,NA,NA,4 to 6,NA,5,0.037574258,0.006035194,0.006677326,0.019713566,0.060830303,0.145520225,0.767258584,statesector
309,3,Arunachal Pradesh,0,NA,NA,2,NA,NA,5,0.054427732,0.007536313,0.023561373,0.077500716,0.132646307,0.284168512,0.482123107,statesector
312,3,Arunachal Pradesh,1,65+,NA,NA,NA,NA,5,0.018246302,0.001636979,0.002360997,0.014579808,0.02909578,0.081271172,0.872692227,statesector
314,3,Arunachal Pradesh,0,NA,No education / Preschool,NA,NA,NA,5,0.098556004,0.013130804,0.042232815,0.13213101,0.214316905,0.295020819,0.316298455,statesector
319,4,Assam,1,NA,NA,NA,NA,NA,5,0.034388781,0.007227879,0.01124875,0.024306288,0.044895396,0.127079889,0.79246968,statesector
326,4,Assam,1,NA,NA,NA,7+,NA,5,0.073473096,0.048710108,0.038374376,0.02619371,0.092706092,0.053856224,0.788869619,statesector
339,4,Assam,1,NA,NA,NA,NA,1,5,0.034388781,0.007227879,0.01124875,0.024306288,0.044895396,0.127079889,0.79246968,statesector
340,4,Assam,0,NA,No education / Preschool,NA,NA,NA,5,0,0,0,0.166666672,0.333333343,0.166666672,0.333333343,statesector
342,4,Assam,0,NA,NA,NA,NA,NA,5,0.047619049,0,0,0.047619049,0.333333343,0.142857149,0.476190478,statesector
348,4,Assam,1,NA,NA,NA,4 to 6,NA,5,0.030396219,0.003166078,0.002362592,0.018692106,0.050497182,0.132535502,0.795912623,statesector
359,4,Assam,1,NA,NA,NA,1,NA,5,0,0,0.069047041,0.069439217,0.033434153,0.230769724,0.597309887,statesector
360,4,Assam,1,NA,NA,NA,2 to 3,NA,5,0.032509472,0,0.011180415,0.029532656,0.012526852,0.129308611,0.817451477,statesector
363,4,Assam,1,65+,NA,NA,NA,NA,5,0,0,0.007135645,0,0.01427129,0.022765387,0.955827653,statesector
377,4,Assam,1,NA,NA,2,NA,NA,5,0.024407865,0,0,0,0.036000304,0.159447283,0.804552436,statesector
378,4,Assam,0,15 to 29,NA,NA,NA,NA,5,0.333333343,0,0,0,0.666666687,0,0.333333343,statesector
385,4,Assam,1,NA,Higher,NA,NA,NA,5,0,0,0,0,0,0.006223514,0.9937765,statesector
386,4,Assam,1,46 to 64,NA,NA,NA,NA,5,0.017586742,0.009452203,0.007392304,0.014847588,0.035187032,0.101884313,0.840688765,statesector
387,4,Assam,1,15 to 29,NA,NA,NA,NA,5,0.194852561,0.040314484,0.104919709,0.149589166,0,0.265099466,0.480391651,statesector
389,4,Assam,0,NA,NA,NA,NA,1,5,0.047619049,0,0,0.047619049,0.333333343,0.142857149,0.476190478,statesector
393,4,Assam,1,NA,Secondary,NA,NA,NA,5,0.014128109,0,0.011916664,0.014959196,0.027918572,0.156442717,0.788762867,statesector
394,4,Assam,0,NA,NA,2,NA,NA,5,0,0,0,0.333333343,0,0.333333343,0.333333343,statesector
395,4,Assam,1,NA,NA,1,NA,NA,5,0.035953596,0.008361071,0.01320151,0.028525811,0.046439566,0.121460974,0.790372133,statesector
398,4,Assam,0,NA,NA,NA,4 to 6,NA,5,0.090909094,0,0,0,0.454545468,0.090909094,0.454545468,statesector
399,4,Assam,0,NA,NA,NA,2 to 3,NA,5,0,0,0,0.166666672,0.166666672,0.166666672,0.5,statesector
400,4,Assam,0,46 to 64,NA,NA,NA,NA,5,0,0,0,0.200000003,0,0.400000006,0.400000006,statesector
404,4,Assam,0,30 to 45,NA,NA,NA,NA,5,0,0,0,0,0.454545468,0.090909094,0.454545468,statesector
405,4,Assam,0,65+,NA,NA,NA,NA,5,0,0,0,0,0,0,1,statesector
406,4,Assam,0,NA,NA,NA,7+,NA,5,0,0,0,0,0.25,0.25,0.5,statesector
407,4,Assam,0,NA,NA,1,NA,NA,5,0.055555556,0,0,0,0.388888896,0.111111112,0.5,statesector
410,4,Assam,1,NA,Primary,NA,NA,NA,5,0.10896872,0.020157585,0.034835402,0.07008414,0.089797333,0.253039777,0.552243352,statesector
411,4,Assam,1,30 to 45,NA,NA,NA,NA,5,0.048797287,0.004650401,0.007363427,0.033151548,0.075182661,0.191775292,0.692527056,statesector
416,4,Assam,0,NA,Secondary,NA,NA,NA,5,0.083333336,0,0,0,0.416666657,0.083333336,0.5,statesector
417,4,Assam,1,NA,No education / Preschool,NA,NA,NA,5,0.094935186,0.028739823,0.016712358,0.068909533,0.145495579,0.184608072,0.584274471,statesector
418,4,Assam,0,NA,Primary,NA,NA,NA,5,0,0,0,0,0,0.333333343,0.666666687,statesector
419,5,Bihar,1,NA,NA,NA,NA,NA,5,0.057112433,0.010454924,0.012327685,0.038988866,0.096844278,0.23481901,0.61702019,statesector
422,5,Bihar,0,NA,NA,NA,NA,NA,5,0.1185911,0.013917669,0.096018828,0.261178941,0.261638433,0.201337382,0.179826409,statesector
423,5,Bihar,1,NA,NA,NA,NA,NA,5,0,0,0,0.055822149,0.331596911,0.314024359,0.298556566,statesector
425,5,Bihar,1,NA,NA,NA,NA,1,5,0.057112433,0.010454924,0.012327685,0.038988866,0.096844278,0.23481901,0.61702019,statesector
426,5,Bihar,1,NA,Higher,NA,NA,NA,5,0.004065464,0,0,0.002555566,0.024416957,0.097092964,0.875934541,statesector
435,5,Bihar,1,NA,Primary,NA,NA,NA,5,0.070110343,0.013029166,0.01555961,0.074425347,0.114728026,0.302052945,0.493234068,statesector
436,5,Bihar,1,NA,NA,NA,7+,NA,5,0.097045235,0.036615446,0.037653979,0.042989045,0.101373516,0.217647135,0.600336313,statesector
438,5,Bihar,1,15 to 29,NA,NA,NA,NA,5,0.167831734,0.012181506,0.017146476,0.104438297,0.243062094,0.349818617,0.285534501,statesector
439,5,Bihar,1,NA,NA,NA,4 to 6,NA,5,0.064708732,0.010437065,0.008862738,0.030962473,0.092016988,0.253710896,0.614446878,statesector
442,5,Bihar,0,NA,NA,NA,NA,NA,5,0.156449854,0,0,0.073049977,0.165637806,0.309462309,0.451849908,statesector
448,5,Bihar,1,30 to 45,NA,NA,NA,NA,5,0.084699877,0.020991769,0.015412869,0.047182217,0.125196084,0.312077254,0.500131607,statesector
449,5,Bihar,1,NA,NA,NA,2 to 3,NA,5,0.030494826,0,0.008435544,0.047301594,0.093170673,0.194285646,0.656806529,statesector
455,5,Bihar,1,NA,No education / Preschool,NA,NA,NA,5,0.192197159,0.046116587,0.045675136,0.093666106,0.187971517,0.345510125,0.327177107,statesector
457,5,Bihar,0,NA,NA,NA,NA,1,5,0.1185911,0.013917669,0.096018828,0.261178941,0.261638433,0.201337382,0.179826409,statesector
458,5,Bihar,0,30 to 45,NA,NA,NA,NA,5,0.126254976,0.023472749,0.096914649,0.264497757,0.265100956,0.210267335,0.163219318,statesector
459,5,Bihar,0,46 to 64,NA,NA,NA,NA,5,0.09149719,0.006376367,0.08177761,0.257634968,0.25363782,0.193347082,0.213602513,statesector
460,5,Bihar,0,65+,NA,NA,NA,NA,5,0.13897641,0.005629492,0.120082147,0.265357465,0.256930113,0.192861289,0.164768979,statesector
463,5,Bihar,1,NA,NA,NA,1,NA,5,0.043136589,0.017208325,0.021632517,0.079127461,0.171462059,0.292906076,0.434871912,statesector
469,5,Bihar,0,NA,No education / Preschool,NA,NA,NA,5,0.229628339,0.02451225,0.181058556,0.321669728,0.260992259,0.165499777,0.070779689,statesector
471,5,Bihar,0,NA,Higher,NA,NA,NA,5,0.010738369,0.000436886,0.007002859,0.093861774,0.182863981,0.240394279,0.475877106,statesector
473,5,Bihar,1,NA,Secondary,NA,NA,NA,5,0.024171695,0,0.004338754,0.02609692,0.092795312,0.248281255,0.628487766,statesector
477,5,Bihar,0,NA,NA,NA,7+,NA,5,0.139927641,0.022576103,0.044442497,0.202190399,0.260085136,0.261474311,0.231807649,statesector
480,5,Bihar,0,NA,NA,1,NA,NA,5,0.109486178,0.013832542,0.084411107,0.252557665,0.257673413,0.210086107,0.195271686,statesector
482,5,Bihar,1,NA,NA,1,NA,NA,5,0.063255705,0.011669619,0.010779333,0.042403787,0.102487065,0.236155033,0.608174801,statesector
484,5,Bihar,0,15 to 29,NA,NA,NA,NA,5,0.202325091,0.0467375,0.104620926,0.250128031,0.322579354,0.241280049,0.081391625,statesector
485,5,Bihar,1,NA,NA,2,NA,NA,5,0.028564984,0.004810304,0.019832233,0.022437422,0.069494843,0.228343546,0.659891963,statesector
489,5,Bihar,0,NA,NA,NA,4 to 6,NA,5,0.096198156,0.014035817,0.084150106,0.244866878,0.260252029,0.215573773,0.195157215,statesector
492,5,Bihar,0,NA,NA,NA,2 to 3,NA,5,0.106982164,0.010355264,0.111658253,0.30308643,0.264075875,0.168201327,0.152978092,statesector
495,5,Bihar,1,65+,NA,NA,NA,NA,5,0.029558973,0.004173895,0.013066971,0.030084768,0.047488682,0.134767592,0.774591982,statesector
496,5,Bihar,0,NA,Primary,NA,NA,NA,5,0.185253903,0.031413846,0.113181539,0.330035239,0.273429751,0.176763654,0.106589817,statesector
497,5,Bihar,0,NA,Secondary,NA,NA,NA,5,0.052913643,0.003998838,0.060425382,0.235066593,0.273840666,0.222741187,0.207926184,statesector
507,5,Bihar,0,NA,NA,2,NA,NA,5,0.150162086,0.014212843,0.136560559,0.291290015,0.275486887,0.170781106,0.125881433,statesector
508,5,Bihar,1,46 to 64,NA,NA,NA,NA,5,0.025299339,0.003450532,0.00861329,0.025228197,0.06950184,0.191109881,0.705546796,statesector
521,5,Bihar,0,NA,NA,NA,1,NA,5,0.318138927,0.010335443,0.253047764,0.348121345,0.266298622,0.087866731,0.04466553,statesector
528,6,Chandigarh,1,NA,Primary,NA,NA,NA,5,0.089388885,0.018458217,0.009554028,0.066037215,0.14436166,0.329987675,0.450059414,statesector
529,6,Chandigarh,1,NA,Secondary,NA,NA,NA,5,0.012600823,0.002450649,0.002289702,0.031632941,0.100692339,0.178346559,0.687038481,statesector
530,6,Chandigarh,1,NA,NA,NA,NA,1,5,0.037289761,0.007305303,0.007293817,0.040180724,0.100269839,0.18961367,0.662641943,statesector
536,6,Chandigarh,1,NA,No education / Preschool,NA,NA,NA,5,0.117503323,0.023017578,0.030243222,0.093033873,0.178437427,0.293923676,0.404361814,statesector
542,6,Chandigarh,1,NA,Higher,NA,NA,NA,5,0.002666364,0,0.000620346,0.00594334,0.015660558,0.057514198,0.920261562,statesector
548,6,Chandigarh,0,NA,NA,NA,7+,NA,5,0.107961871,0.029094279,0.02448592,0.09635143,0.160345942,0.295051277,0.423765421,statesector
549,6,Chandigarh,1,NA,NA,NA,1,NA,5,0.025297727,0,0.02944679,0.199772224,0.276031494,0.232729971,0.262019515,statesector
550,6,Chandigarh,1,NA,NA,NA,2 to 3,NA,5,0.027050911,0.003911674,0.007864275,0.052094094,0.12773262,0.158636883,0.653672099,statesector
552,6,Chandigarh,0,NA,NA,2,NA,NA,5,0.096462898,0.01890808,0.047432113,0.150911227,0.215865806,0.274188638,0.311602235,statesector
553,6,Chandigarh,0,NA,NA,NA,NA,1,5,0.085993245,0.017353633,0.032670882,0.121990897,0.204312831,0.289887428,0.351137966,statesector
556,6,Chandigarh,1,NA,NA,NA,NA,NA,5,0.037289761,0.007305303,0.007293817,0.040180724,0.100269839,0.18961367,0.662641943,statesector
557,6,Chandigarh,0,NA,NA,NA,NA,NA,5,0.085993245,0.017353633,0.032670882,0.121990897,0.204312831,0.289887428,0.351137966,statesector
560,6,Chandigarh,0,NA,NA,NA,4 to 6,NA,5,0.071912818,0.016389553,0.024879707,0.108155109,0.209093273,0.300708294,0.357163638,statesector
566,6,Chandigarh,1,NA,NA,NA,NA,NA,5,0,0,0,0,0,0,1,statesector
567,6,Chandigarh,1,NA,NA,2,NA,NA,5,0.039279345,0.004482447,0.009085829,0.029362142,0.100394972,0.230082884,0.63107419,statesector
568,6,Chandigarh,1,NA,NA,NA,7+,NA,5,0.051984202,0.007055572,0.004087987,0.020510437,0.073656939,0.218289256,0.683455408,statesector
578,6,Chandigarh,1,30 to 45,NA,NA,NA,NA,5,0.045682419,0.012843021,0.008633076,0.042212266,0.139282465,0.227296576,0.582575619,statesector
589,6,Chandigarh,0,NA,NA,1,NA,NA,5,0.084209651,0.017088819,0.030165264,0.117012955,0.202364862,0.292575955,0.35788098,statesector
590,6,Chandigarh,1,15 to 29,NA,NA,NA,NA,5,0.146918491,0.032900631,0.020362152,0.180937722,0.255994976,0.262392789,0.280312389,statesector
591,6,Chandigarh,0,NA,Higher,NA,NA,NA,5,0.019165201,0.000981647,0.003645252,0.039170031,0.067407601,0.225034416,0.664742708,statesector
592,6,Chandigarh,0,NA,NA,NA,NA,NA,5,0,0,0,0.17071335,0.186041668,0.37633723,0.266907722,statesector
593,6,Chandigarh,1,46 to 64,NA,NA,NA,NA,5,0.018627476,0.001551668,0.00466525,0.026300246,0.063083276,0.172989622,0.732961595,statesector
594,6,Chandigarh,1,NA,NA,NA,4 to 6,NA,5,0.03964702,0.009396523,0.00618741,0.02812957,0.081780046,0.194294557,0.689608395,statesector
596,6,Chandigarh,0,NA,No education / Preschool,NA,NA,NA,5,0.162134305,0.033439841,0.068754397,0.191088483,0.246748358,0.274377614,0.219031125,statesector
599,6,Chandigarh,0,NA,Secondary,NA,NA,NA,5,0.033038978,0.003930282,0.013541183,0.07773827,0.181175292,0.303906471,0.423638761,statesector
600,6,Chandigarh,0,65+,NA,NA,NA,NA,5,0.080537573,0.009568023,0.043786172,0.111701176,0.152953029,0.298619092,0.392940521,statesector
601,6,Chandigarh,1,65+,NA,NA,NA,NA,5,0.025294645,0.001031643,0.006346275,0.016257355,0.057034556,0.126838282,0.79352355,statesector
602,6,Chandigarh,0,NA,Primary,NA,NA,NA,5,0.144878179,0.037469305,0.04080952,0.17093733,0.257672042,0.300017327,0.230563775,statesector
603,6,Chandigarh,0,NA,NA,NA,2 to 3,NA,5,0.087295614,0.009718239,0.0468334,0.169501066,0.229364172,0.267749012,0.28655234,statesector
605,6,Chandigarh,1,NA,NA,1,NA,NA,5,0.036951214,0.00778564,0.00699285,0.041997697,0.100248821,0.182816893,0.667943716,statesector
613,6,Chandigarh,0,46 to 64,NA,NA,NA,NA,5,0.062450476,0.006480711,0.025343454,0.102125987,0.185471907,0.292764515,0.394294143,statesector
614,6,Chandigarh,0,NA,NA,NA,1,NA,5,0.243435755,0.008214155,0.187193274,0.299507976,0.242298856,0.150286868,0.120713018,statesector
616,6,Chandigarh,0,15 to 29,NA,NA,NA,NA,5,0.200866446,0.068186998,0.040978346,0.202148944,0.2799685,0.253941447,0.222962782,statesector
621,6,Chandigarh,0,30 to 45,NA,NA,NA,NA,5,0.099305771,0.026369018,0.034449894,0.138274029,0.239856318,0.287426114,0.299993634,statesector
628,7,Chhattisgarh,1,NA,NA,2,NA,NA,5,0.027908733,0.005361303,0.001961833,0.023740174,0.097294301,0.217209935,0.659793735,statesector
631,7,Chhattisgarh,0,NA,Higher,NA,NA,NA,5,0,0,0,0,0.055392511,0.006561891,0.938045621,statesector
633,7,Chhattisgarh,0,NA,Secondary,NA,NA,NA,5,0.010484241,0,0,0.012493471,0.081170298,0.159516841,0.746819377,statesector
636,7,Chhattisgarh,1,NA,NA,NA,NA,1,5,0.029742301,0.003945248,0.002546164,0.03199755,0.100535914,0.209738508,0.655181885,statesector
640,7,Chhattisgarh,0,NA,NA,NA,2 to 3,NA,5,0,0,0,0.132212818,0.211476713,0.121840186,0.53447026,statesector
641,7,Chhattisgarh,0,NA,NA,NA,NA,1,5,0.025878564,0.008768841,0.003188762,0.024959069,0.115217872,0.15202564,0.704608679,statesector
642,7,Chhattisgarh,0,NA,No education / Preschool,NA,NA,NA,5,0.028231332,0.024608538,0,0,0.168514252,0.149025962,0.682459772,statesector
643,7,Chhattisgarh,0,NA,NA,NA,1,NA,5,0.188867196,0,0.188867196,0,0.751963556,0.031364765,0.027804462,statesector
644,7,Chhattisgarh,1,NA,Secondary,NA,NA,NA,5,0.011592587,0.000233802,0.00052603,0.02733692,0.089374557,0.219398171,0.663364351,statesector
645,7,Chhattisgarh,1,NA,Higher,NA,NA,NA,5,0.002173418,0,0.000492772,0.004676621,0.020223344,0.082296677,0.892310619,statesector
646,7,Chhattisgarh,1,NA,NA,NA,NA,NA,5,0,0,0,0.072403967,0.217817351,0.436469615,0.273309082,statesector
650,7,Chhattisgarh,0,NA,Primary,NA,NA,NA,5,0.138731182,0.04725479,0.027871655,0.155524358,0.304995,0.327931702,0.183677286,statesector
651,7,Chhattisgarh,1,NA,NA,1,NA,NA,5,0.030097043,0.003675626,0.002658349,0.033582281,0.101170883,0.208339483,0.654249012,statesector
654,7,Chhattisgarh,1,NA,NA,NA,NA,NA,5,0.029742301,0.003945248,0.002546164,0.03199755,0.100535914,0.209738508,0.655181885,statesector
657,7,Chhattisgarh,0,NA,NA,NA,NA,NA,5,0.025878564,0.008768841,0.003188762,0.024959069,0.115217872,0.15202564,0.704608679,statesector
659,7,Chhattisgarh,0,NA,NA,2,NA,NA,5,0.038833559,0.038833559,0,0.079653211,0.102973767,0.08622025,0.731152773,statesector
663,7,Chhattisgarh,0,NA,NA,NA,4 to 6,NA,5,0.028932264,0.013526182,0,0.009068758,0.10722056,0.165607914,0.718102753,statesector
668,7,Chhattisgarh,1,NA,NA,NA,7+,NA,5,0.047312513,0.006967964,0.000686247,0.016724238,0.074999504,0.206182897,0.701407135,statesector
672,7,Chhattisgarh,0,NA,NA,1,NA,NA,5,0.023777908,0.00389384,0.003725459,0.015753552,0.117278673,0.163101286,0.700141013,statesector
678,7,Chhattisgarh,1,NA,Primary,NA,NA,NA,5,0.065909982,0.00836303,0.006770656,0.044335037,0.163936138,0.280162752,0.504795432,statesector
690,7,Chhattisgarh,0,NA,NA,NA,NA,NA,5,0,0,0,0,0,0,1,statesector
691,7,Chhattisgarh,1,NA,No education / Preschool,NA,NA,NA,5,0.093432449,0.017207565,0.008119471,0.072348475,0.188916966,0.289149553,0.441465557,statesector
693,7,Chhattisgarh,1,NA,NA,NA,2 to 3,NA,5,0.017772188,0.001748968,0.003227272,0.042507041,0.120657347,0.219817653,0.613790691,statesector
694,7,Chhattisgarh,1,NA,NA,NA,4 to 6,NA,5,0.031681042,0.004538767,0.002424869,0.024255434,0.091060475,0.201218486,0.681040764,statesector
700,7,Chhattisgarh,0,NA,NA,NA,7+,NA,5,0.02000952,0,0,0,0.015853165,0.140308082,0.843838751,statesector
701,7,Chhattisgarh,1,NA,NA,NA,1,NA,5,0.02460417,0,0.005929733,0.138635129,0.205304474,0.295311362,0.354819298,statesector
702,7,Chhattisgarh,0,46 to 64,NA,NA,NA,NA,5,0,0,0,0.007807755,0.060061187,0.135010302,0.79712075,statesector
705,7,Chhattisgarh,1,15 to 29,NA,NA,NA,NA,5,0.064527728,0.004180043,0.005903319,0.081596494,0.238278762,0.362737834,0.311483592,statesector
708,7,Chhattisgarh,1,46 to 64,NA,NA,NA,NA,5,0.016587641,0.001982907,0.002699667,0.019698175,0.063291028,0.165791169,0.748519957,statesector
711,7,Chhattisgarh,1,30 to 45,NA,NA,NA,NA,5,0.043264255,0.007274262,0.002377151,0.041248538,0.130625114,0.257326335,0.568422854,statesector
716,7,Chhattisgarh,0,65+,NA,NA,NA,NA,5,0.002911475,0,0,0,0.018059079,0.066535458,0.915405452,statesector
718,7,Chhattisgarh,1,65+,NA,NA,NA,NA,5,0.010047075,0,0.000801805,0.016109478,0.053231049,0.125509664,0.804347992,statesector
720,7,Chhattisgarh,0,30 to 45,NA,NA,NA,NA,5,0.062014766,0.025244184,0,0.052412234,0.219064221,0.187825173,0.540698409,statesector
729,7,Chhattisgarh,0,15 to 29,NA,NA,NA,NA,5,0.075255588,0,0.065598391,0.065913245,0.195577741,0.351216614,0.321694016,statesector
732,8,Dadra and Nagar Haveli,0,NA,NA,2,NA,NA,5,0.237643316,0.044425234,0.210671678,0.270924687,0.243347108,0.187771022,0.087285504,statesector
738,8,Dadra and Nagar Haveli,0,NA,Primary,NA,NA,NA,5,0.271221459,0.07032112,0.206921905,0.286639065,0.252214313,0.177739114,0.076485604,statesector
740,8,Dadra and Nagar Haveli,0,NA,Secondary,NA,NA,NA,5,0.102368422,0.006865926,0.108645611,0.229633465,0.279998988,0.251745462,0.129976466,statesector
741,8,Dadra and Nagar Haveli,0,NA,NA,NA,4 to 6,NA,5,0.186759248,0.044048261,0.180496767,0.263451368,0.255192071,0.203366578,0.097493231,statesector
742,8,Dadra and Nagar Haveli,1,NA,NA,NA,NA,1,5,0.038521118,0.006631007,0.012209158,0.055893596,0.131933466,0.249554202,0.550409555,statesector
747,8,Dadra and Nagar Haveli,0,NA,NA,NA,NA,NA,5,0.298048675,0,0.061700203,0.327544242,0.359163046,0.206133902,0.045458619,statesector
748,8,Dadra and Nagar Haveli,0,NA,NA,NA,7+,NA,5,0.217630208,0.051399495,0.145576924,0.239989638,0.263436377,0.224003449,0.126993611,statesector
749,8,Dadra and Nagar Haveli,0,NA,NA,NA,2 to 3,NA,5,0.228530139,0.027308451,0.235230953,0.280254543,0.236465394,0.16421403,0.083835088,statesector
750,8,Dadra and Nagar Haveli,0,NA,Higher,NA,NA,NA,5,0.072221778,0.003642906,0.049653083,0.136747658,0.195531473,0.300563216,0.317504555,statesector
757,8,Dadra and Nagar Haveli,0,NA,NA,NA,NA,1,5,0.208191648,0.041718051,0.188528538,0.262188941,0.251311362,0.197863489,0.100107677,statesector
771,8,Dadra and Nagar Haveli,1,NA,NA,NA,7+,NA,5,0.060380802,0.01110631,0.006217734,0.040614001,0.13097252,0.275897175,0.546298563,statesector
773,8,Dadra and Nagar Haveli,1,NA,NA,2,NA,NA,5,0.066128172,0.005124499,0.027420307,0.08667402,0.167714283,0.281942904,0.436248481,statesector
775,8,Dadra and Nagar Haveli,0,NA,NA,NA,1,NA,5,0.462137192,0.014701396,0.400217175,0.290863514,0.166247413,0.098095879,0.044575997,statesector
776,8,Dadra and Nagar Haveli,1,NA,NA,NA,NA,NA,5,0,0,0,0,0,0.152514309,0.847485721,statesector
778,8,Dadra and Nagar Haveli,0,NA,No education / Preschool,NA,NA,NA,5,0.305410415,0.069138654,0.281858295,0.303315818,0.231287017,0.137144044,0.04639481,statesector
784,8,Dadra and Nagar Haveli,1,NA,No education / Preschool,NA,NA,NA,5,0.120289065,0.021908002,0.048674665,0.135740072,0.217153102,0.295390069,0.303042084,statesector
787,8,Dadra and Nagar Haveli,1,NA,Secondary,NA,NA,NA,5,0.012233399,0.001305555,0.00373478,0.037914548,0.130116925,0.262004286,0.566229463,statesector
788,8,Dadra and Nagar Haveli,1,NA,Higher,NA,NA,NA,5,0.002089121,0,0,0.009212411,0.041406456,0.152441382,0.796939731,statesector
796,8,Dadra and Nagar Haveli,1,NA,NA,NA,1,NA,5,0.077787966,0,0.048647359,0.147914752,0.244218603,0.286039561,0.27317974,statesector
797,8,Dadra and Nagar Haveli,1,NA,NA,NA,2 to 3,NA,5,0.029178448,0.001359727,0.022054713,0.061190311,0.146980867,0.22859484,0.54117924,statesector
798,8,Dadra and Nagar Haveli,1,46 to 64,NA,NA,NA,NA,5,0.028394258,0.00340957,0.007197878,0.037436619,0.104159266,0.237402022,0.613804221,statesector
799,8,Dadra and Nagar Haveli,1,NA,NA,NA,4 to 6,NA,5,0.03311542,0.007603319,0.008388928,0.053514998,0.120525196,0.247346237,0.570224643,statesector
800,8,Dadra and Nagar Haveli,1,NA,Primary,NA,NA,NA,5,0.080802053,0.015665682,0.013287677,0.090318084,0.177647829,0.309849679,0.408896714,statesector
807,8,Dadra and Nagar Haveli,1,NA,NA,1,NA,NA,5,0.034510233,0.006851358,0.01002875,0.051486526,0.126821354,0.244947925,0.566715419,statesector
810,8,Dadra and Nagar Haveli,1,30 to 45,NA,NA,NA,NA,5,0.04794113,0.010292739,0.015240613,0.067749679,0.154980615,0.274086773,0.487942308,statesector
813,8,Dadra and Nagar Haveli,1,65+,NA,NA,NA,NA,5,0.032001864,0.001839717,0.017580729,0.052355275,0.108630046,0.218304157,0.603129804,statesector
816,8,Dadra and Nagar Haveli,1,NA,NA,NA,NA,NA,5,0.038521118,0.006631007,0.012209158,0.055893596,0.131933466,0.249554202,0.550409555,statesector
821,8,Dadra and Nagar Haveli,0,15 to 29,NA,NA,NA,NA,5,0.351126403,0.093548544,0.242361933,0.314564437,0.240522012,0.147062838,0.055488784,statesector
826,8,Dadra and Nagar Haveli,0,NA,NA,1,NA,NA,5,0.203905597,0.041324079,0.1853095,0.260919005,0.252469152,0.199330673,0.101971693,statesector
827,8,Dadra and Nagar Haveli,0,46 to 64,NA,NA,NA,NA,5,0.175823882,0.026059333,0.164065257,0.241512656,0.251908451,0.219873756,0.122639894,statesector
828,8,Dadra and Nagar Haveli,1,15 to 29,NA,NA,NA,NA,5,0.072381288,0.020786909,0.015468499,0.126742005,0.255592734,0.273014396,0.329182357,statesector
829,8,Dadra and Nagar Haveli,0,NA,NA,NA,NA,NA,5,0.208191648,0.041718051,0.188528538,0.262188941,0.251311362,0.197863489,0.100107677,statesector
830,8,Dadra and Nagar Haveli,0,65+,NA,NA,NA,NA,5,0.21615082,0.021374717,0.180001512,0.246346176,0.230985135,0.216473356,0.126193807,statesector
832,8,Dadra and Nagar Haveli,0,30 to 45,NA,NA,NA,NA,5,0.211742833,0.05739826,0.208069503,0.281150877,0.261683166,0.175947756,0.07314869,statesector
841,9,Daman and Diu,0,NA,NA,NA,NA,1,5,0.268693089,0.070524178,0.335312784,0.291187197,0.187690496,0.115299515,0.070510015,statesector
847,9,Daman and Diu,1,30 to 45,NA,NA,NA,NA,5,0.139482006,0.039905399,0.0413194,0.087863289,0.172793671,0.302909136,0.395114481,statesector
848,9,Daman and Diu,0,NA,No education / Preschool,NA,NA,NA,5,0.404206276,0.123255879,0.468265086,0.293884009,0.147893369,0.064172693,0.025784869,statesector
851,9,Daman and Diu,1,NA,NA,NA,NA,1,5,0.103713982,0.023798764,0.038083911,0.074439734,0.143132865,0.272892058,0.471451432,statesector
853,9,Daman and Diu,0,NA,Primary,NA,NA,NA,5,0.353575379,0.110169202,0.394320309,0.314452499,0.161737472,0.09335424,0.036135495,statesector
861,9,Daman and Diu,1,15 to 29,NA,NA,NA,NA,5,0.17054382,0.038792931,0.060977425,0.122793406,0.231577784,0.310315222,0.274336159,statesector
868,9,Daman and Diu,0,NA,NA,2,NA,NA,5,0.322454244,0.081851326,0.382269502,0.308104694,0.170305789,0.091002777,0.048317242,statesector
869,9,Daman and Diu,1,NA,NA,2,NA,NA,5,0.149666518,0.034819722,0.05520422,0.095048361,0.161136478,0.295791566,0.392819375,statesector
872,9,Daman and Diu,1,46 to 64,NA,NA,NA,NA,5,0.075161867,0.012658066,0.031253699,0.060263589,0.121304862,0.26039508,0.526782751,statesector
873,9,Daman and Diu,1,65+,NA,NA,NA,NA,5,0.072169811,0.010419988,0.041052435,0.064702138,0.102401815,0.22378394,0.568059683,statesector
882,9,Daman and Diu,0,NA,NA,1,NA,NA,5,0.257426113,0.068150289,0.325488806,0.287647843,0.191327602,0.120382719,0.075153038,statesector
885,9,Daman and Diu,1,NA,NA,NA,1,NA,5,0.132086799,0.005378473,0.114520624,0.142545342,0.191702932,0.272343963,0.278887123,statesector
886,9,Daman and Diu,1,NA,NA,NA,2 to 3,NA,5,0.068424381,0.007911636,0.040065411,0.072978936,0.148311749,0.280095756,0.458548158,statesector
896,9,Daman and Diu,0,65+,NA,NA,NA,NA,5,0.253176004,0.03408888,0.320463091,0.257550836,0.185172722,0.13454704,0.102266319,statesector
898,9,Daman and Diu,0,NA,NA,NA,7+,NA,5,0.274682134,0.086521909,0.265254617,0.275621146,0.211221382,0.151139572,0.09676329,statesector
901,9,Daman and Diu,0,NA,Secondary,NA,NA,NA,5,0.149701968,0.019299379,0.238489226,0.299041688,0.225236669,0.145440355,0.091792062,statesector
902,9,Daman and Diu,0,NA,Higher,NA,NA,NA,5,0.07192672,0.00592907,0.08083716,0.184449643,0.23628597,0.248632044,0.249795169,statesector
904,9,Daman and Diu,1,NA,No education / Preschool,NA,NA,NA,5,0.254811734,0.071043476,0.090042435,0.150302768,0.235862717,0.299773663,0.22401841,statesector
905,9,Daman and Diu,1,NA,Primary,NA,NA,NA,5,0.182545081,0.032973859,0.057399433,0.100552671,0.198033765,0.321603775,0.322410375,statesector
910,9,Daman and Diu,0,NA,NA,NA,4 to 6,NA,5,0.250839084,0.077254213,0.327653706,0.303537637,0.188180223,0.112933703,0.067694731,statesector
916,9,Daman and Diu,1,NA,NA,NA,4 to 6,NA,5,0.100804277,0.026271516,0.033836354,0.069887727,0.139209017,0.270232111,0.486834794,statesector
917,9,Daman and Diu,1,NA,NA,1,NA,NA,5,0.095403828,0.021805659,0.034959279,0.070679627,0.139851272,0.268721789,0.485788047,statesector
918,9,Daman and Diu,0,46 to 64,NA,NA,NA,NA,5,0.212960199,0.040383976,0.292202443,0.288178355,0.197903484,0.134693027,0.087022699,statesector
920,9,Daman and Diu,1,NA,NA,NA,NA,NA,5,0.175429478,0,0.053302657,0.092944682,0.054370448,0.226253912,0.573128283,statesector
922,9,Daman and Diu,0,NA,NA,NA,NA,NA,5,0.189024776,0.069569871,0.379042685,0.260566622,0.13413243,0.186974645,0.03928363,statesector
923,9,Daman and Diu,0,NA,NA,NA,1,NA,5,0.524548352,0.012256858,0.586026728,0.223057136,0.124827102,0.045685899,0.020403121,statesector
926,9,Daman and Diu,0,30 to 45,NA,NA,NA,NA,5,0.296566755,0.103517033,0.380599499,0.300354093,0.178904906,0.092446752,0.047694746,statesector
927,9,Daman and Diu,0,NA,NA,NA,NA,NA,5,0.268693089,0.070524178,0.335312784,0.291187197,0.187690496,0.115299515,0.070510015,statesector
928,9,Daman and Diu,0,NA,NA,NA,2 to 3,NA,5,0.271490216,0.042499896,0.404415816,0.286457777,0.167042017,0.088475682,0.053608712,statesector
932,9,Daman and Diu,1,NA,NA,NA,7+,NA,5,0.147810012,0.038286082,0.035976104,0.078559868,0.140926734,0.272605777,0.471931517,statesector
935,9,Daman and Diu,1,NA,NA,NA,NA,NA,5,0.103713982,0.023798764,0.038083911,0.074439734,0.143132865,0.272892058,0.471451432,statesector
936,9,Daman and Diu,1,NA,Higher,NA,NA,NA,5,0.00482918,0.00015323,0.002780784,0.007293364,0.032675736,0.152122319,0.8051278,statesector
939,9,Daman and Diu,1,NA,Secondary,NA,NA,NA,5,0.034372918,0.003967026,0.018993257,0.054892417,0.126333773,0.301108122,0.498672426,statesector
940,9,Daman and Diu,0,15 to 29,NA,NA,NA,NA,5,0.438407809,0.13789393,0.3668814,0.330535471,0.183412731,0.087507904,0.031662516,statesector
944,10,Goa,0,NA,NA,NA,NA,NA,5,0.152046114,0.060075205,0.465849191,0.425400764,0.108750053,0,0,statesector
946,10,Goa,0,46 to 64,NA,NA,NA,NA,5,0.31516844,0.079953402,0.466908932,0.27365464,0.153085098,0.079574317,0.026776999,statesector
948,10,Goa,0,15 to 29,NA,NA,NA,NA,5,0.590477467,0.267598152,0.601216733,0.284508467,0.083521917,0.02633634,0.004416545,statesector
955,10,Goa,1,NA,NA,2,NA,NA,5,0.209934771,0.0663734,0.160206139,0.16425468,0.250953734,0.250397205,0.174188256,statesector
959,10,Goa,0,30 to 45,NA,NA,NA,NA,5,0.39191556,0.167243451,0.521760941,0.288504541,0.130004808,0.04933475,0.010394952,statesector
960,10,Goa,0,65+,NA,NA,NA,NA,5,0.370926231,0.063080251,0.472497493,0.245556667,0.161948949,0.083537154,0.036459737,statesector
962,10,Goa,0,NA,NA,2,NA,NA,5,0.473455429,0.178234547,0.562630355,0.277326137,0.11528898,0.036002997,0.008751504,statesector
965,10,Goa,0,NA,NA,NA,NA,NA,5,0,0,0,0,0,1,0,statesector
966,10,Goa,1,NA,NA,NA,NA,1,5,0.152352929,0.043967992,0.130080998,0.140713498,0.207578883,0.287898809,0.233727798,statesector
970,10,Goa,1,15 to 29,NA,NA,NA,NA,5,0.286930919,0.120600961,0.207432017,0.174150839,0.285642296,0.248766601,0.084008247,statesector
974,10,Goa,1,NA,Primary,NA,NA,NA,5,0.293898344,0.080932543,0.189732686,0.199797124,0.307476282,0.239809021,0.063184872,statesector
975,10,Goa,0,NA,Higher,NA,NA,NA,5,0.073758282,0.004516669,0.112866886,0.205406457,0.309242278,0.252973497,0.119510874,statesector
981,10,Goa,0,NA,NA,NA,NA,1,5,0.385336012,0.131817311,0.504083097,0.275865972,0.137704179,0.062722243,0.019624516,statesector
992,10,Goa,1,NA,NA,NA,7+,NA,5,0.191587135,0.057295665,0.145084783,0.161265701,0.221862301,0.289537668,0.182249561,statesector
993,10,Goa,1,NA,No education / Preschool,NA,NA,NA,5,0.376061857,0.126258746,0.322162002,0.259770483,0.204989821,0.170684814,0.042392876,statesector
995,10,Goa,1,NA,NA,NA,4 to 6,NA,5,0.158346862,0.05247796,0.132022083,0.139580607,0.209013104,0.286425918,0.232958287,statesector
1000,10,Goa,1,30 to 45,NA,NA,NA,NA,5,0.172110945,0.05499902,0.133671507,0.15890488,0.226141289,0.289891422,0.191390932,statesector
1002,10,Goa,0,NA,Primary,NA,NA,NA,5,0.458556503,0.176641136,0.544585347,0.304241002,0.111448422,0.031523004,0.008202238,statesector
1003,10,Goa,0,NA,Secondary,NA,NA,NA,5,0.165547222,0.017263297,0.313241363,0.337165922,0.212078005,0.106634542,0.030880159,statesector
1004,10,Goa,1,NA,NA,1,NA,NA,5,0.141394913,0.039704163,0.124314971,0.136207655,0.199276835,0.295076728,0.245123819,statesector
1008,10,Goa,0,NA,NA,NA,2 to 3,NA,5,0.375249714,0.08559569,0.530483842,0.258882761,0.135105148,0.056875516,0.018652713,statesector
1011,10,Goa,1,NA,Secondary,NA,NA,NA,5,0.048253529,0.004727622,0.056909911,0.11156562,0.224904522,0.375994742,0.230625197,statesector
1018,10,Goa,1,65+,NA,NA,NA,NA,5,0.128659785,0.017490864,0.12891604,0.109116741,0.145743966,0.277434289,0.338788956,statesector
1019,10,Goa,0,NA,NA,1,NA,NA,5,0.356882334,0.116829216,0.485304803,0.275397658,0.144893542,0.071292087,0.023111891,statesector
1020,10,Goa,1,NA,NA,NA,2 to 3,NA,5,0.109196067,0.022687815,0.109299742,0.123298183,0.196589977,0.294685304,0.276126802,statesector
1022,10,Goa,0,NA,NA,NA,4 to 6,NA,5,0.374554724,0.155171454,0.503894925,0.286811501,0.131448463,0.059755087,0.018090062,statesector
1026,10,Goa,1,46 to 64,NA,NA,NA,NA,5,0.109349765,0.025665244,0.10816621,0.129083723,0.198775887,0.300325096,0.263649076,statesector
1028,10,Goa,1,NA,NA,NA,NA,NA,5,0.152352929,0.043967992,0.130080998,0.140713498,0.207578883,0.287898809,0.233727798,statesector
1030,10,Goa,0,NA,NA,NA,1,NA,5,0.5730986,0.015547761,0.627170205,0.197758347,0.115991063,0.051350445,0.007729937,statesector
1035,10,Goa,0,NA,NA,NA,NA,NA,5,0.385336012,0.131817311,0.504083097,0.275865972,0.137704179,0.062722243,0.019624516,statesector
1037,10,Goa,0,NA,No education / Preschool,NA,NA,NA,5,0.557103097,0.214841932,0.675195873,0.230765983,0.072267935,0.018551879,0.003218318,statesector
1043,10,Goa,0,NA,NA,NA,7+,NA,5,0.387481719,0.157505453,0.443606198,0.285570443,0.162428677,0.080902919,0.027491786,statesector
1044,10,Goa,1,NA,NA,NA,NA,NA,5,0,0,0,0.093104504,0,0.423982233,0.482913285,statesector
1045,10,Goa,1,NA,NA,NA,1,NA,5,0.14654097,0.008244674,0.152661145,0.154445529,0.18684946,0.260680437,0.245363414,statesector
1047,10,Goa,1,NA,Higher,NA,NA,NA,5,0.005845011,0,0.005802913,0.021363217,0.126788303,0.287604988,0.558440566,statesector
1055,11,Gujarat,0,46 to 64,NA,NA,NA,NA,5,0.051869128,0.004778264,0.04734052,0.298237771,0.359313101,0.235415965,0.059692629,statesector
1058,11,Gujarat,1,NA,NA,2,NA,NA,5,0.003219764,0,0.001149094,0.056740429,0.277840078,0.517735064,0.146535307,statesector
1071,11,Gujarat,0,15 to 29,NA,NA,NA,NA,5,0.076924503,0.0100797,0.058022659,0.229136154,0.503977001,0.193117246,0.015746946,statesector
1083,11,Gujarat,0,NA,NA,2,NA,NA,5,0.055266131,0,0.044569295,0.255546153,0.423590571,0.24525696,0.031037031,statesector
1084,11,Gujarat,0,NA,NA,NA,4 to 6,NA,5,0.045858201,0.009868911,0.035980944,0.287957132,0.407953054,0.224695355,0.043413531,statesector
1086,11,Gujarat,0,30 to 45,NA,NA,NA,NA,5,0.047827579,0.00858166,0.03328494,0.266923934,0.442981064,0.226724118,0.030085921,statesector
1091,11,Gujarat,1,NA,NA,NA,4 to 6,NA,5,0.00248689,0,0.00109104,0.059825417,0.24153237,0.461913943,0.235637248,statesector
1100,11,Gujarat,0,NA,NA,NA,2 to 3,NA,5,0.058538456,0.004532119,0.046728075,0.281764776,0.420255393,0.209730908,0.04152083,statesector
1104,11,Gujarat,1,NA,NA,NA,NA,NA,5,NA,NA,0,0,0,1,0,statesector
1107,11,Gujarat,1,46 to 64,NA,NA,NA,NA,5,0,0,0.002560567,0.023074755,0.170649812,0.438714445,0.365000427,statesector
1109,11,Gujarat,0,NA,NA,NA,NA,NA,5,0.056352749,0.006159569,0.044412427,0.28119728,0.411429524,0.219649658,0.043311119,statesector
1110,11,Gujarat,1,NA,NA,NA,NA,NA,5,0.00356923,0,0.000812334,0.0480351,0.260881126,0.473734885,0.216536567,statesector
1113,11,Gujarat,1,NA,No education / Preschool,NA,NA,NA,5,0.00875085,0,0.007311878,0.099191844,0.408666015,0.310160547,0.174669698,statesector
1114,11,Gujarat,0,NA,NA,NA,7+,NA,5,0.07559292,0,0.06495744,0.208848491,0.448067784,0.186517611,0.091608658,statesector
1115,11,Gujarat,1,NA,NA,NA,1,NA,5,0,0,0.001157173,0.060790095,0.348159671,0.520263433,0.069629624,statesector
1117,11,Gujarat,1,NA,NA,1,NA,NA,5,0.003676854,0,0.000708822,0.045359306,0.255668372,0.460210353,0.238053143,statesector
1118,11,Gujarat,0,65+,NA,NA,NA,NA,5,0.079668775,0.002038403,0.057970259,0.295071244,0.429315895,0.172468513,0.045174107,statesector
1119,11,Gujarat,1,30 to 45,NA,NA,NA,NA,5,0.002703217,0,0,0.04859937,0.263573676,0.522586524,0.165240452,statesector
1121,11,Gujarat,0,NA,NA,NA,NA,1,5,0.056352749,0.006159569,0.044412427,0.28119728,0.411429524,0.219649658,0.043311119,statesector
1122,11,Gujarat,1,NA,NA,NA,NA,1,5,0.00356923,0,0.000812334,0.0480351,0.260881126,0.473734885,0.216536567,statesector
1123,11,Gujarat,1,65+,NA,NA,NA,NA,5,0.009326364,0,0,0.08990752,0.211607307,0.375551313,0.322933853,statesector
1124,11,Gujarat,0,NA,Primary,NA,NA,NA,5,0.091761015,0.012371727,0.05588498,0.358699262,0.407859921,0.166925445,0.010630402,statesector
1127,11,Gujarat,1,NA,Primary,NA,NA,NA,5,0.019781491,0,0.001394022,0.141102418,0.312046915,0.40669924,0.138757408,statesector
1128,11,Gujarat,1,NA,Secondary,NA,NA,NA,5,0,0,0,0.037266072,0.234267935,0.545836747,0.182629272,statesector
1129,11,Gujarat,1,NA,NA,NA,2 to 3,NA,5,0.005595676,0,0.000546722,0.037915237,0.254990548,0.469576091,0.236971408,statesector
1132,11,Gujarat,1,15 to 29,NA,NA,NA,NA,5,0.007670125,0,0,0.069328189,0.408782929,0.470394433,0.051494442,statesector
1134,11,Gujarat,0,NA,Higher,NA,NA,NA,5,0.003945408,0,0,0.031521041,0.391170681,0.429085642,0.148222655,statesector
1136,11,Gujarat,0,NA,No education / Preschool,NA,NA,NA,5,0.11903315,0.011896663,0.087226838,0.419115454,0.352576315,0.13322264,0.007858765,statesector
1138,11,Gujarat,1,NA,Higher,NA,NA,NA,5,0,0,0,0.00421593,0.240441591,0.429591298,0.325751185,statesector
1140,11,Gujarat,0,NA,NA,NA,1,NA,5,0.084435523,0,0.063484699,0.280756295,0.367440015,0.259819627,0.028499359,statesector
1143,11,Gujarat,0,NA,Secondary,NA,NA,NA,5,0.009125106,0,0.023068154,0.203054115,0.446829468,0.261992931,0.065055333,statesector
1144,11,Gujarat,1,NA,NA,NA,7+,NA,5,0,0,0,0,0,0.387777448,0.612222552,statesector
1147,11,Gujarat,0,NA,NA,1,NA,NA,5,0.056541365,0.007228732,0.044386353,0.2854608,0.409408212,0.215393394,0.045351226,statesector
1155,12,Haryana,1,NA,NA,2,NA,NA,5,0.043825138,0.006473009,0.027729288,0.122019738,0.369594425,0.371888161,0.108768381,statesector
1156,12,Haryana,0,NA,NA,2,NA,NA,5,0.189393744,0.022168029,0.271425128,0.34600395,0.229765221,0.112404138,0.040401556,statesector
1172,12,Haryana,0,NA,NA,NA,NA,NA,5,0.196958676,0,0.210032806,0.196958676,0.47184965,0,0.121158868,statesector
1181,12,Haryana,1,46 to 64,NA,NA,NA,NA,5,0.031223299,0.004613675,0.03026168,0.106018588,0.328198135,0.397682905,0.137838706,statesector
1184,12,Haryana,0,NA,Higher,NA,NA,NA,5,0.016846914,0.002356339,0.039110757,0.156347454,0.316084236,0.31486541,0.173592135,statesector
1197,12,Haryana,0,NA,Secondary,NA,NA,NA,5,0.046394188,0.004528147,0.184238493,0.375893474,0.26868251,0.142698213,0.028487325,statesector
1200,12,Haryana,1,NA,No education / Preschool,NA,NA,NA,5,0.10632392,0.028922418,0.089885652,0.225492939,0.419770569,0.223258376,0.041592464,statesector
1206,12,Haryana,1,NA,NA,NA,NA,NA,5,0,0,0.217285514,0,0.119055822,0.663658679,0,statesector
1210,12,Haryana,0,NA,NA,1,NA,NA,5,0.15518637,0.02614978,0.278985918,0.345653296,0.230720192,0.113243476,0.03139713,statesector
1211,12,Haryana,1,NA,NA,1,NA,NA,5,0.039765298,0.00779642,0.031300895,0.12367738,0.336666256,0.382004827,0.126350656,statesector
1212,12,Haryana,0,NA,Primary,NA,NA,NA,5,0.222470164,0.04428358,0.34659484,0.385448188,0.19899264,0.059311792,0.009652546,statesector
1216,12,Haryana,1,NA,Secondary,NA,NA,NA,5,0.01489891,0.000407678,0.017253857,0.112761237,0.375490218,0.409841865,0.084652826,statesector
1219,12,Haryana,0,46 to 64,NA,NA,NA,NA,5,0.159485862,0.01558168,0.294867933,0.355261892,0.21299246,0.100967221,0.035910491,statesector
1220,12,Haryana,1,NA,NA,NA,1,NA,5,0.057687778,0.002686749,0.04426568,0.158307076,0.34780848,0.372639716,0.076979049,statesector
1221,12,Haryana,1,NA,NA,NA,2 to 3,NA,5,0.031649567,0.004092818,0.027377469,0.1081504,0.364408582,0.385376096,0.114687465,statesector
1222,12,Haryana,1,30 to 45,NA,NA,NA,NA,5,0.041940294,0.009780274,0.02392689,0.120779209,0.341464102,0.38094452,0.132885262,statesector
1223,12,Haryana,1,65+,NA,NA,NA,NA,5,0.04071115,0.012754289,0.077175312,0.18147178,0.264849871,0.36044383,0.116059192,statesector
1224,12,Haryana,0,NA,No education / Preschool,NA,NA,NA,5,0.300941646,0.047255863,0.418729872,0.342321783,0.178058863,0.050455537,0.010433938,statesector
1228,12,Haryana,1,NA,Primary,NA,NA,NA,5,0.119654357,0.020762457,0.056986935,0.228228673,0.367538035,0.304003984,0.04324238,statesector
1229,12,Haryana,1,NA,NA,NA,NA,1,5,0.040489025,0.007560503,0.030659318,0.12337961,0.342581213,0.380187541,0.12319231,statesector
1230,12,Haryana,0,15 to 29,NA,NA,NA,NA,5,0.154888421,0.044052124,0.242467225,0.352955699,0.275335401,0.113298483,0.015943179,statesector
1231,12,Haryana,0,30 to 45,NA,NA,NA,NA,5,0.135423213,0.032484867,0.242550269,0.337248445,0.244945213,0.138021886,0.037234183,statesector
1232,12,Haryana,0,NA,NA,NA,7+,NA,5,0.187468886,0.049972933,0.295758098,0.365941226,0.210805923,0.088854834,0.038639903,statesector
1233,12,Haryana,0,NA,NA,NA,4 to 6,NA,5,0.121894769,0.029894082,0.249943316,0.353431374,0.240932941,0.120871119,0.034821238,statesector
1234,12,Haryana,0,65+,NA,NA,NA,NA,5,0.261677921,0.022188608,0.378339678,0.334405363,0.205415666,0.064901963,0.016937325,statesector
1235,12,Haryana,1,NA,NA,NA,4 to 6,NA,5,0.041006502,0.009844543,0.028054059,0.127607524,0.328103662,0.379454881,0.136779889,statesector
1236,12,Haryana,1,NA,NA,NA,7+,NA,5,0.073659018,0.017699722,0.058642376,0.146496564,0.311499447,0.360425681,0.122935943,statesector
1237,12,Haryana,1,NA,NA,NA,NA,NA,5,0,0,0,0,1,0,0,statesector
1242,12,Haryana,0,NA,NA,NA,NA,1,5,0.159997568,0.025589755,0.277919054,0.345702767,0.230585441,0.113125041,0.032667685,statesector
1245,12,Haryana,1,NA,Higher,NA,NA,NA,5,0.008535837,0.001255071,0.004323169,0.023947911,0.211012065,0.461578697,0.299138159,statesector
1248,12,Haryana,1,15 to 29,NA,NA,NA,NA,5,0.058335204,0.00661184,0.039082415,0.157022551,0.398287058,0.343537778,0.062070202,statesector
1249,12,Haryana,1,NA,NA,NA,NA,NA,5,0.040489025,0.007560503,0.030659318,0.12337961,0.342581213,0.380187541,0.12319231,statesector
1256,12,Haryana,0,NA,NA,NA,1,NA,5,0.371503204,0.003631086,0.390218735,0.271177649,0.212660789,0.102152474,0.023790354,statesector
1257,12,Haryana,0,NA,NA,NA,NA,NA,5,0.159997568,0.025589755,0.277919054,0.345702767,0.230585441,0.113125041,0.032667685,statesector
1259,12,Haryana,0,NA,NA,NA,2 to 3,NA,5,0.178190053,0.017699443,0.29789114,0.340949625,0.222685918,0.108806409,0.029666891,statesector
1261,13,Himachal Pradesh,0,NA,NA,2,NA,NA,5,0.260705084,0.009158551,0.41499424,0.319571018,0.153299153,0.088520743,0.023614852,statesector
1263,13,Himachal Pradesh,0,46 to 64,NA,NA,NA,NA,5,0.197798297,0.017912544,0.381887883,0.35445708,0.15680255,0.08055602,0.026296487,statesector
1284,13,Himachal Pradesh,1,NA,NA,2,NA,NA,5,0.067224734,0.001895768,0.065830983,0.173272893,0.377429128,0.277355075,0.106111921,statesector
1289,13,Himachal Pradesh,0,NA,NA,NA,1,NA,5,0.467366815,0.00044594,0.55859071,0.260709077,0.112503044,0.059047014,0.009150138,statesector
1290,13,Himachal Pradesh,0,NA,Secondary,NA,NA,NA,5,0.101385251,0.008984645,0.303689927,0.36969471,0.199116662,0.099489056,0.028009644,statesector
1291,13,Himachal Pradesh,0,15 to 29,NA,NA,NA,NA,5,0.249180421,0.055215236,0.424816817,0.324151486,0.149618968,0.08820729,0.013205438,statesector
1292,13,Himachal Pradesh,0,30 to 45,NA,NA,NA,NA,5,0.207727209,0.043341186,0.365250647,0.325168341,0.174840197,0.097497478,0.037243355,statesector
1293,13,Himachal Pradesh,0,NA,NA,1,NA,NA,5,0.222062171,0.03023285,0.391527176,0.33856526,0.158558875,0.083334871,0.028013812,statesector
1294,13,Himachal Pradesh,1,NA,NA,NA,4 to 6,NA,5,0.059464581,0.008301067,0.04518266,0.171875089,0.296263069,0.303870887,0.182808295,statesector
1298,13,Himachal Pradesh,0,NA,NA,NA,NA,1,5,0.22754015,0.027245386,0.394869655,0.335859865,0.157809719,0.084073514,0.027387256,statesector
1299,13,Himachal Pradesh,0,NA,No education / Preschool,NA,NA,NA,5,0.46393916,0.05220126,0.620463371,0.289825588,0.071988836,0.016861303,0.000860916,statesector
1303,13,Himachal Pradesh,1,NA,NA,NA,NA,NA,5,0.063337065,0.006119377,0.058350824,0.187048733,0.318720937,0.289036542,0.146842957,statesector
1304,13,Himachal Pradesh,0,NA,NA,NA,2 to 3,NA,5,0.197795272,0.010944172,0.389786154,0.360588789,0.150680318,0.076931521,0.022013227,statesector
1305,13,Himachal Pradesh,0,NA,NA,NA,4 to 6,NA,5,0.196355745,0.041719902,0.359843582,0.326521039,0.179024696,0.097860575,0.036750101,statesector
1306,13,Himachal Pradesh,0,NA,NA,NA,7+,NA,5,0.355582386,0.094702244,0.460683703,0.31390518,0.121895738,0.07549154,0.028023848,statesector
1308,13,Himachal Pradesh,1,NA,NA,NA,7+,NA,5,0.11256016,0.031072648,0.056833904,0.22059305,0.247019887,0.280173719,0.195379421,statesector
1319,13,Himachal Pradesh,0,NA,NA,NA,NA,NA,5,NA,NA,0.428243458,0.571756542,0,0,0,statesector
1321,13,Himachal Pradesh,1,NA,NA,NA,1,NA,5,0.126291364,0,0.138447776,0.294284433,0.345093071,0.197203547,0.024971172,statesector
1322,13,Himachal Pradesh,1,NA,Primary,NA,NA,NA,5,0.189051405,0.024650874,0.162762493,0.33119759,0.322083741,0.119749531,0.064206623,statesector
1324,13,Himachal Pradesh,1,NA,NA,NA,NA,NA,5,0,0,0,0.484900415,0.515099585,0,0,statesector
1325,13,Himachal Pradesh,1,NA,Higher,NA,NA,NA,5,0.010880882,0,0.004982963,0.072831534,0.272940576,0.360042542,0.289202392,statesector
1326,13,Himachal Pradesh,1,NA,NA,NA,NA,1,5,0.063337065,0.006119377,0.058350824,0.187048733,0.318720937,0.289036542,0.146842957,statesector
1328,13,Himachal Pradesh,0,NA,Primary,NA,NA,NA,5,0.361692071,0.053818114,0.507948697,0.350598723,0.091369241,0.042344049,0.007739278,statesector
1334,13,Himachal Pradesh,1,NA,No education / Preschool,NA,NA,NA,5,0.240615547,0.03469136,0.201618642,0.37666145,0.218035564,0.181828901,0.021855444,statesector
1335,13,Himachal Pradesh,1,NA,NA,NA,2 to 3,NA,5,0.051247708,0.002789046,0.057623506,0.180359483,0.344819218,0.29104495,0.126152828,statesector
1339,13,Himachal Pradesh,1,15 to 29,NA,NA,NA,NA,5,0.133157998,0.025186807,0.060909692,0.293016672,0.413926035,0.173396811,0.058750771,statesector
1342,13,Himachal Pradesh,0,NA,NA,NA,NA,NA,5,0.22754015,0.027245386,0.394869655,0.335859865,0.157809719,0.084073514,0.027387256,statesector
1343,13,Himachal Pradesh,1,65+,NA,NA,NA,NA,5,0.085802414,0,0.098471716,0.183241129,0.269393235,0.244076326,0.204817593,statesector
1353,13,Himachal Pradesh,0,65+,NA,NA,NA,NA,5,0.320194662,0.010691073,0.463992119,0.31708014,0.13369292,0.067477308,0.017757516,statesector
1354,13,Himachal Pradesh,0,NA,Higher,NA,NA,NA,5,0.032773718,0.004404152,0.039444182,0.179437354,0.318125784,0.300656497,0.162336171,statesector
1362,13,Himachal Pradesh,1,NA,Secondary,NA,NA,NA,5,0.030916993,0.000235061,0.036230195,0.174617767,0.353890926,0.312438875,0.122822218,statesector
1363,13,Himachal Pradesh,1,30 to 45,NA,NA,NA,NA,5,0.069233723,0.006750638,0.05157626,0.174388081,0.333388269,0.298864037,0.141783342,statesector
1364,13,Himachal Pradesh,1,46 to 64,NA,NA,NA,NA,5,0.036865931,0.002903912,0.054161161,0.177078545,0.296449006,0.316097498,0.15621379,statesector
1365,13,Himachal Pradesh,1,NA,NA,1,NA,NA,5,0.062536545,0.006989078,0.056806408,0.189893022,0.306599528,0.291448414,0.155252635,statesector
1384,14,Jammu and Kashmir,0,NA,NA,NA,NA,NA,5,0.139333978,0.018018041,0.275813401,0.396675527,0.198495373,0.09907648,0.029939221,statesector
1386,14,Jammu and Kashmir,1,NA,NA,NA,NA,NA,5,0,0,0,1,0,0,0,statesector
1387,14,Jammu and Kashmir,0,15 to 29,NA,NA,NA,NA,5,0.270883918,0.039030168,0.306460381,0.483526111,0.154756099,0.036706362,0.018551063,statesector
1390,14,Jammu and Kashmir,0,NA,NA,NA,1,NA,5,0.45426181,0.007344678,0.59617573,0.258471102,0.105844654,0.036216572,0.003291973,statesector
1392,14,Jammu and Kashmir,0,NA,NA,NA,4 to 6,NA,5,0.115591116,0.019120181,0.241149351,0.413506895,0.209093779,0.106225803,0.030024176,statesector
1393,14,Jammu and Kashmir,0,NA,NA,NA,7+,NA,5,0.143823966,0.02204535,0.231853068,0.361871302,0.208002478,0.133235663,0.065037489,statesector
1394,14,Jammu and Kashmir,1,NA,No education / Preschool,NA,NA,NA,5,0.115070388,0.006359594,0.194254547,0.311561525,0.283482194,0.153585777,0.057115957,statesector
1395,14,Jammu and Kashmir,1,NA,Primary,NA,NA,NA,5,0.131417215,0.023566509,0.127867579,0.340266496,0.352732152,0.135038197,0.044095587,statesector
1400,14,Jammu and Kashmir,1,NA,NA,NA,NA,NA,5,0.047125444,0.004293873,0.079886109,0.210151434,0.30969584,0.268338382,0.131928235,statesector
1401,14,Jammu and Kashmir,1,30 to 45,NA,NA,NA,NA,5,0.064175628,0.009810125,0.095624499,0.226719886,0.344293237,0.2300248,0.103337586,statesector
1402,14,Jammu and Kashmir,1,NA,NA,2,NA,NA,5,0.089362033,0.009429983,0.095260061,0.23530148,0.302006155,0.23520276,0.132229537,statesector
1408,14,Jammu and Kashmir,0,NA,NA,NA,NA,NA,5,0,0,0,0,1,0,0,statesector
1409,14,Jammu and Kashmir,0,NA,Higher,NA,NA,NA,5,0.036604639,0.001044175,0.062041767,0.29576242,0.246934921,0.273449481,0.121811427,statesector
1411,14,Jammu and Kashmir,1,NA,Secondary,NA,NA,NA,5,0.03768884,0.002099563,0.078438424,0.22803618,0.339344263,0.270014316,0.084166802,statesector
1412,14,Jammu and Kashmir,1,NA,Higher,NA,NA,NA,5,0.004189298,0,0.018093523,0.078738242,0.241275191,0.365062296,0.296830744,statesector
1415,14,Jammu and Kashmir,1,46 to 64,NA,NA,NA,NA,5,0.036012121,0.000641165,0.057745792,0.197343662,0.317115128,0.294453651,0.133341759,statesector
1416,14,Jammu and Kashmir,1,65+,NA,NA,NA,NA,5,0.03347348,0.001718438,0.095621042,0.175431579,0.246782795,0.29036504,0.191799536,statesector
1417,14,Jammu and Kashmir,0,NA,NA,NA,2 to 3,NA,5,0.133217737,0.016183216,0.306260467,0.399991035,0.189888567,0.083189309,0.020670621,statesector
1424,14,Jammu and Kashmir,0,30 to 45,NA,NA,NA,NA,5,0.141659349,0.028441554,0.268111467,0.411566198,0.217664704,0.085285045,0.017372584,statesector
1425,14,Jammu and Kashmir,0,46 to 64,NA,NA,NA,NA,5,0.112493113,0.011228909,0.287264705,0.380119473,0.197996363,0.102518521,0.032100953,statesector
1427,14,Jammu and Kashmir,0,65+,NA,NA,NA,NA,5,0.150039747,0.007646586,0.255806267,0.37873432,0.180581495,0.134599298,0.050278652,statesector
1429,14,Jammu and Kashmir,0,NA,NA,2,NA,NA,5,0.178248227,0.021787234,0.29532221,0.362970382,0.21503368,0.102409601,0.02426414,statesector
1434,14,Jammu and Kashmir,1,NA,NA,NA,1,NA,5,0.164320797,0,0.272084087,0.204180732,0.303009897,0.167586282,0.053139016,statesector
1436,14,Jammu and Kashmir,0,NA,Secondary,NA,NA,NA,5,0.07727024,0.00377463,0.229242191,0.42859298,0.221514329,0.095601775,0.025048723,statesector
1441,14,Jammu and Kashmir,1,15 to 29,NA,NA,NA,NA,5,0.110532187,0.015695255,0.112266362,0.413446635,0.320743263,0.153543741,0,statesector
1447,14,Jammu and Kashmir,0,NA,No education / Preschool,NA,NA,NA,5,0.287585765,0.03980802,0.438836336,0.379610538,0.127961174,0.049080469,0.004511505,statesector
1448,14,Jammu and Kashmir,0,NA,Primary,NA,NA,NA,5,0.257281482,0.053306185,0.403813392,0.379844397,0.16207014,0.044261534,0.010010511,statesector
1450,14,Jammu and Kashmir,1,NA,NA,NA,NA,1,5,0.047125444,0.004293873,0.079886109,0.210151434,0.30969584,0.268338382,0.131928235,statesector
1459,14,Jammu and Kashmir,0,NA,NA,1,NA,NA,5,0.131120533,0.017222496,0.271708786,0.403767049,0.195015728,0.098375201,0.031133249,statesector
1460,14,Jammu and Kashmir,1,NA,NA,1,NA,NA,5,0.035968777,0.002937185,0.075896449,0.203624815,0.311691374,0.276937336,0.131850034,statesector
1463,14,Jammu and Kashmir,1,NA,NA,NA,2 to 3,NA,5,0.041580148,0.004305806,0.087607525,0.22115241,0.303783327,0.264568239,0.122888513,statesector
1464,14,Jammu and Kashmir,0,NA,NA,NA,NA,1,5,0.139333978,0.018018041,0.275813401,0.396675527,0.198495373,0.09907648,0.029939221,statesector
1468,14,Jammu and Kashmir,1,NA,NA,NA,7+,NA,5,0.056123007,0.007716921,0.06849163,0.198119774,0.216472402,0.299692482,0.217223704,statesector
1472,14,Jammu and Kashmir,1,NA,NA,NA,4 to 6,NA,5,0.040932529,0.003904407,0.065348223,0.206538051,0.331639409,0.27086845,0.125605851,statesector
1474,15,Jharkhand,0,46 to 64,NA,NA,NA,NA,5,0.085862815,0.017893823,0.11647588,0.258137405,0.335886121,0.223945111,0.065555468,statesector
1478,15,Jharkhand,1,15 to 29,NA,NA,NA,NA,5,0.023832457,0,0.017789381,0.128019154,0.285401106,0.389686316,0.17910406,statesector
1483,15,Jharkhand,0,30 to 45,NA,NA,NA,NA,5,0.141809851,0.05016014,0.170312673,0.302977353,0.326326311,0.162445813,0.037937827,statesector
1486,15,Jharkhand,1,NA,NA,2,NA,NA,5,0.007280298,0,0.003059872,0.037257917,0.211161867,0.407992929,0.340527415,statesector
1495,15,Jharkhand,0,NA,Primary,NA,NA,NA,5,0.14093256,0.038456652,0.142968222,0.319756716,0.350053459,0.165111333,0.022110272,statesector
1496,15,Jharkhand,1,NA,NA,NA,NA,NA,5,0.00770333,0.000517924,0.004427758,0.040209118,0.203912735,0.387682796,0.363767594,statesector
1497,15,Jharkhand,0,15 to 29,NA,NA,NA,NA,5,0.258826494,0.067243785,0.301529914,0.282578647,0.308786452,0.099723056,0.007381957,statesector
1501,15,Jharkhand,1,NA,No education / Preschool,NA,NA,NA,5,0.028284587,0.00260859,0.064038984,0.184633419,0.394175559,0.240074784,0.117077269,statesector
1507,15,Jharkhand,0,NA,No education / Preschool,NA,NA,NA,5,0.357537895,0.116922326,0.384399801,0.333000243,0.220766395,0.047005173,0.014828365,statesector
1510,15,Jharkhand,0,NA,Secondary,NA,NA,NA,5,0.033215687,0.001857064,0.072558299,0.243677542,0.370822847,0.237921312,0.075020015,statesector
1512,15,Jharkhand,0,NA,NA,2,NA,NA,5,0.095389552,0.019160589,0.102894679,0.29540354,0.341815382,0.217751756,0.042134628,statesector
1513,15,Jharkhand,0,65+,NA,NA,NA,NA,5,0.075150609,0.010065774,0.065616928,0.237545446,0.37844336,0.226189896,0.092204362,statesector
1515,15,Jharkhand,1,30 to 45,NA,NA,NA,NA,5,0.009748002,0.00112232,0.004270404,0.03893996,0.229769677,0.43758738,0.289432555,statesector
1516,15,Jharkhand,1,NA,Primary,NA,NA,NA,5,0.022450978,0.001597711,0.007462909,0.067179091,0.33235088,0.391843021,0.201164111,statesector
1517,15,Jharkhand,1,NA,NA,NA,NA,NA,5,0,0,0,0.016319206,0.373952985,0.290600657,0.319127142,statesector
1518,15,Jharkhand,1,NA,Higher,NA,NA,NA,5,0.000807139,0,0,0.007699224,0.057291195,0.276891142,0.658118427,statesector
1520,15,Jharkhand,0,NA,NA,NA,NA,NA,5,0.11444249,0.030470088,0.137804732,0.270630211,0.338691592,0.195524931,0.057348534,statesector
1524,15,Jharkhand,0,NA,Higher,NA,NA,NA,5,0.011109361,0,0.019115599,0.064202972,0.318338275,0.383188576,0.215154588,statesector
1535,15,Jharkhand,0,NA,NA,NA,1,NA,5,0.164015099,0.012496735,0.14574635,0.374770492,0.293790966,0.168627441,0.017064741,statesector
1536,15,Jharkhand,0,NA,NA,NA,2 to 3,NA,5,0.105221562,0.018023372,0.119134635,0.282004654,0.353150278,0.192329496,0.053380929,statesector
1540,15,Jharkhand,0,NA,NA,NA,NA,NA,5,0.058021456,0,0.24382183,0.290761381,0.264861077,0.200555697,0,statesector
1541,15,Jharkhand,0,NA,NA,1,NA,NA,5,0.11866606,0.032977127,0.145511448,0.265161276,0.338001996,0.190618157,0.060707137,statesector
1542,15,Jharkhand,1,NA,NA,1,NA,NA,5,0.007852519,0.000700578,0.004907625,0.041244429,0.201369673,0.380557805,0.371920437,statesector
1544,15,Jharkhand,1,NA,Secondary,NA,NA,NA,5,0.003740497,0.000198582,0.001453582,0.033454072,0.194716141,0.431148499,0.339227706,statesector
1546,15,Jharkhand,1,NA,NA,NA,NA,1,5,0.00770333,0.000517924,0.004427758,0.040209118,0.203912735,0.387682796,0.363767594,statesector
1548,15,Jharkhand,1,46 to 64,NA,NA,NA,NA,5,0.004267928,0.000371359,0.004633013,0.032535791,0.185763478,0.346169561,0.43089816,statesector
1549,15,Jharkhand,1,65+,NA,NA,NA,NA,5,0.007211134,0,0,0.03210121,0.177430093,0.40037328,0.390095413,statesector
1551,15,Jharkhand,0,NA,NA,NA,NA,1,5,0.11444249,0.030470088,0.137804732,0.270630211,0.338691592,0.195524931,0.057348534,statesector
1556,15,Jharkhand,1,NA,NA,NA,7+,NA,5,0.012897816,0,0.00155477,0.030820332,0.100174658,0.358655602,0.508794606,statesector
1562,15,Jharkhand,1,NA,NA,NA,2 to 3,NA,5,0.005472691,0.000251308,0.004634467,0.047728166,0.236673146,0.369955331,0.341008902,statesector
1567,15,Jharkhand,1,NA,NA,NA,1,NA,5,0.016173018,0,0.013029002,0.135633245,0.300589204,0.372690141,0.178058416,statesector
1570,15,Jharkhand,1,NA,NA,NA,4 to 6,NA,5,0.006984011,0.000873602,0.003654524,0.023821659,0.189224809,0.407044977,0.376254022,statesector
1577,15,Jharkhand,0,NA,NA,NA,4 to 6,NA,5,0.109452203,0.037091482,0.145583063,0.257391155,0.337916195,0.204875052,0.054234527,statesector
1579,15,Jharkhand,0,NA,NA,NA,7+,NA,5,0.142884091,0.056332711,0.163938165,0.226150498,0.317102373,0.177345574,0.115463376,statesector
1580,16,Karnataka,1,NA,Secondary,NA,NA,NA,5,0.021068463,0,0.061929546,0.217226803,0.385734499,0.279557884,0.055551298,statesector
1583,16,Karnataka,1,NA,Higher,NA,NA,NA,5,0,0,0,0.07669501,0.254189283,0.414044857,0.255070835,statesector
1591,16,Karnataka,1,NA,NA,NA,7+,NA,5,0.099192493,0.047255941,0.114617325,0.223120883,0.269991368,0.325631589,0.06663882,statesector
1593,16,Karnataka,1,NA,No education / Preschool,NA,NA,NA,5,0.222828269,0.034454215,0.277382404,0.379692227,0.279734612,0.063190788,0,statesector
1599,16,Karnataka,1,NA,Primary,NA,NA,NA,5,0.121826917,0.014257045,0.169105306,0.389623433,0.336173624,0.09534511,0.009752525,statesector
1602,16,Karnataka,0,NA,Secondary,NA,NA,NA,5,0.087515682,0.004978103,0.292179257,0.399825215,0.230255157,0.069603756,0.008136617,statesector
1605,16,Karnataka,1,NA,NA,2,NA,NA,5,0.088876218,0.01220771,0.148611248,0.260724217,0.375616163,0.178633347,0.036415026,statesector
1607,16,Karnataka,0,NA,Higher,NA,NA,NA,5,0.019289482,0,0.070247799,0.252606839,0.402245998,0.240866587,0.034032792,statesector
1609,16,Karnataka,1,NA,NA,NA,4 to 6,NA,5,0.052644875,0.00515102,0.07878755,0.267389148,0.331724644,0.250390112,0.071708545,statesector
1610,16,Karnataka,0,NA,NA,1,NA,NA,5,0.199568197,0.031230584,0.40879181,0.361930817,0.176512539,0.048355922,0.004408911,statesector
1614,16,Karnataka,0,NA,Primary,NA,NA,NA,5,0.280984879,0.045649182,0.489349186,0.365295172,0.12516664,0.019506199,0.000682799,statesector
1615,16,Karnataka,0,NA,NA,NA,NA,1,5,0.216144726,0.033387333,0.425634533,0.352461785,0.170068949,0.046372313,0.005462416,statesector
1617,16,Karnataka,0,NA,No education / Preschool,NA,NA,NA,5,0.396821499,0.074651718,0.641498446,0.261346757,0.084882721,0.009685014,0.002587035,statesector
1621,16,Karnataka,0,NA,NA,NA,NA,NA,5,0.216144726,0.033387333,0.425634533,0.352461785,0.170068949,0.046372313,0.005462416,statesector
1623,16,Karnataka,0,NA,NA,2,NA,NA,5,0.298072338,0.044046819,0.509843946,0.305119038,0.137852579,0.036454748,0.010729685,statesector
1629,16,Karnataka,0,30 to 45,NA,NA,NA,NA,5,0.193255544,0.040910944,0.42035234,0.366843909,0.163988873,0.045396928,0.003417936,statesector
1630,16,Karnataka,1,NA,NA,NA,NA,1,5,0.059873641,0.006543744,0.097098567,0.248485535,0.344071329,0.239323258,0.071021318,statesector
1631,16,Karnataka,0,NA,NA,NA,NA,NA,5,0.144099846,0,0.436226726,0.505008578,0.058764681,0,0,statesector
1641,16,Karnataka,0,15 to 29,NA,NA,NA,NA,5,0.374998242,0.07546325,0.527177215,0.32444486,0.127547503,0.019061856,0.001768585,statesector
1651,16,Karnataka,1,NA,NA,1,NA,NA,5,0.054412119,0.005477154,0.08736296,0.246172488,0.338109523,0.250793308,0.077561706,statesector
1654,16,Karnataka,1,NA,NA,NA,2 to 3,NA,5,0.04611088,0.005505259,0.081964239,0.237608761,0.373935699,0.230060771,0.076430514,statesector
1655,16,Karnataka,1,NA,NA,NA,1,NA,5,0.154837146,0,0.269584149,0.228431448,0.26725769,0.196655795,0.038070932,statesector
1658,16,Karnataka,1,46 to 64,NA,NA,NA,NA,5,0.052859694,0.003772271,0.082541279,0.223889709,0.347229064,0.249885425,0.096454538,statesector
1668,16,Karnataka,0,NA,NA,NA,7+,NA,5,0.212189287,0.039611474,0.336593568,0.36793077,0.210708529,0.070074283,0.014692863,statesector
1669,16,Karnataka,1,65+,NA,NA,NA,NA,5,0.070154145,0.003436054,0.107822135,0.228384346,0.281191915,0.295571953,0.087029651,statesector
1671,16,Karnataka,0,65+,NA,NA,NA,NA,5,0.283097267,0.018782618,0.449161112,0.315426946,0.186529636,0.044963717,0.003918595,statesector
1673,16,Karnataka,1,NA,NA,NA,NA,NA,5,0.059873641,0.006543744,0.097098567,0.248485535,0.344071329,0.239323258,0.071021318,statesector
1674,16,Karnataka,0,NA,NA,NA,4 to 6,NA,5,0.18677026,0.040598847,0.411340982,0.363321483,0.17429851,0.045805767,0.005233259,statesector
1675,16,Karnataka,1,30 to 45,NA,NA,NA,NA,5,0.053662427,0.009257996,0.102490053,0.285414755,0.364521474,0.211805493,0.035768233,statesector
1678,16,Karnataka,0,46 to 64,NA,NA,NA,NA,5,0.184577778,0.023259833,0.403119117,0.357017785,0.178066328,0.053010974,0.008785785,statesector
1679,16,Karnataka,0,NA,NA,NA,1,NA,5,0.60819602,0.030143259,0.707298696,0.197673067,0.080566794,0.011743254,0.002718175,statesector
1681,16,Karnataka,0,NA,NA,NA,2 to 3,NA,5,0.20511207,0.024539758,0.419290006,0.355701864,0.171218365,0.048663955,0.005125798,statesector
1683,16,Karnataka,1,15 to 29,NA,NA,NA,NA,5,0.114659406,0.020271417,0.146147639,0.287508816,0.37821722,0.1601706,0.027955731,statesector
1702,17,Kerala,0,NA,NA,NA,2 to 3,NA,5,0.249527723,0.059742097,0.361112833,0.359373778,0.218559206,0.052033033,0.008921145,statesector
1704,17,Kerala,0,NA,NA,1,NA,NA,5,0.243725017,0.073885523,0.350972325,0.375864744,0.21059671,0.054355189,0.008211021,statesector
1706,17,Kerala,1,NA,NA,NA,1,NA,5,0.019266404,0,0.02140902,0.132719904,0.518912971,0.263552845,0.063405253,statesector
1711,17,Kerala,1,NA,Secondary,NA,NA,NA,5,0.048484452,0.009518319,0.062225658,0.168559372,0.330472946,0.31540677,0.123335242,statesector
1712,17,Kerala,0,NA,NA,NA,4 to 6,NA,5,0.272391289,0.09744785,0.357009292,0.383481532,0.202103972,0.049424522,0.007980705,statesector
1713,17,Kerala,0,NA,NA,NA,7+,NA,5,0.399614275,0.180487052,0.392473131,0.430196613,0.137132049,0.031912901,0.008285325,statesector
1715,17,Kerala,0,NA,No education / Preschool,NA,NA,NA,5,0.445191294,0.186526775,0.484876335,0.374649227,0.118945532,0.018624399,0.002904523,statesector
1727,17,Kerala,0,NA,NA,NA,NA,NA,5,0.295182943,0.103482589,0.366819799,0.386983246,0.191244617,0.046843585,0.008108764,statesector
1728,17,Kerala,1,NA,NA,NA,NA,NA,5,0.067412123,0.019050058,0.068890795,0.155447394,0.29486075,0.306051403,0.174749672,statesector
1731,17,Kerala,1,NA,NA,NA,2 to 3,NA,5,0.053773172,0.009501274,0.060342699,0.125810072,0.305526644,0.328968406,0.179352179,statesector
1735,17,Kerala,1,NA,No education / Preschool,NA,NA,NA,5,0.190857783,0.060904082,0.165238291,0.206395224,0.346175283,0.216922879,0.065268315,statesector
1737,17,Kerala,1,NA,Primary,NA,NA,NA,5,0.156531364,0.064576954,0.146339774,0.229310796,0.211058646,0.292377502,0.120913282,statesector
1739,17,Kerala,1,NA,Higher,NA,NA,NA,5,0.012017291,0,0.004427046,0.062427983,0.224345997,0.331148684,0.377650291,statesector
1740,17,Kerala,1,65+,NA,NA,NA,NA,5,0.031021921,0.004630043,0.033969801,0.081941769,0.162763983,0.425941467,0.295382977,statesector
1741,17,Kerala,1,NA,NA,NA,NA,1,5,0.067412123,0.019050058,0.068890795,0.155447394,0.29486075,0.306051403,0.174749672,statesector
1745,17,Kerala,1,NA,NA,1,NA,NA,5,0.040297907,0.011412285,0.054825317,0.139856547,0.292567402,0.313963413,0.198787317,statesector
1746,17,Kerala,1,NA,NA,NA,7+,NA,5,0.167061329,0.071991943,0.150549904,0.138960004,0.257749736,0.320558876,0.132181481,statesector
1749,17,Kerala,0,NA,Higher,NA,NA,NA,5,0.053592872,0,0.086295061,0.231848449,0.29444325,0.272910178,0.114503041,statesector
1752,17,Kerala,0,65+,NA,NA,NA,NA,5,0.272259623,0.062852748,0.325213134,0.414830744,0.2063611,0.036751308,0.016843718,statesector
1755,17,Kerala,1,30 to 45,NA,NA,NA,NA,5,0.076496996,0.034175985,0.104501516,0.187102526,0.328561366,0.255966038,0.123868577,statesector
1759,17,Kerala,0,NA,Primary,NA,NA,NA,5,0.391213745,0.160837263,0.423493415,0.4039855,0.143863648,0.024208946,0.004448521,statesector
1761,17,Kerala,0,NA,Secondary,NA,NA,NA,5,0.14629674,0.015774125,0.269016832,0.3977651,0.265678883,0.062396184,0.00514301,statesector
1764,17,Kerala,0,NA,NA,NA,NA,NA,5,0,0,0.189515397,0.516017973,0,0.225338414,0.069128215,statesector
1765,17,Kerala,0,NA,NA,NA,1,NA,5,0.466711164,0.01908554,0.478916258,0.379516184,0.085130535,0.05478422,0.001652805,statesector
1767,17,Kerala,1,46 to 64,NA,NA,NA,NA,5,0.026761418,0.003111153,0.030801151,0.080208533,0.274631321,0.368666977,0.245692,statesector
1770,17,Kerala,1,NA,NA,NA,NA,NA,5,0.115897156,0,0,0.115897156,0.884102821,0,0,statesector
1772,17,Kerala,1,NA,NA,NA,4 to 6,NA,5,0.053559236,0.012524985,0.056087777,0.175948888,0.286312819,0.29299742,0.188653082,statesector
1773,17,Kerala,0,NA,NA,NA,NA,1,5,0.295182943,0.103482589,0.366819799,0.386983246,0.191244617,0.046843585,0.008108764,statesector
1774,17,Kerala,1,NA,NA,2,NA,NA,5,0.113000795,0.031891882,0.091603741,0.180623502,0.298564017,0.293275088,0.135933653,statesector
1775,17,Kerala,0,NA,NA,2,NA,NA,5,0.369228333,0.14607127,0.38950187,0.402896911,0.163546413,0.036092401,0.007962405,statesector
1777,17,Kerala,0,15 to 29,NA,NA,NA,NA,5,0.474309772,0.168557465,0.521389961,0.315834284,0.13070704,0.029882984,0.002185748,statesector
1779,17,Kerala,0,46 to 64,NA,NA,NA,NA,5,0.189678863,0.043488063,0.289568335,0.412725687,0.225184709,0.06118726,0.011334013,statesector
1781,17,Kerala,1,15 to 29,NA,NA,NA,NA,5,0.175740615,0.031715196,0.10393282,0.335009813,0.365155935,0.174260899,0.021640547,statesector
1787,17,Kerala,0,30 to 45,NA,NA,NA,NA,5,0.322032124,0.135665789,0.382838219,0.385794312,0.182298243,0.042984769,0.00608446,statesector
1795,18,Lakshadweep,0,30 to 45,NA,NA,NA,NA,5,0.260906965,0.075569808,0.473243415,0.346420348,0.131271765,0.041060902,0.008003565,statesector
1803,18,Lakshadweep,1,NA,NA,NA,1,NA,5,0.177125886,0,0.153458059,0.203329012,0.265017867,0.232021689,0.146173373,statesector
1804,18,Lakshadweep,1,NA,NA,1,NA,NA,5,0.073844373,0.009573852,0.056243543,0.170420453,0.274336338,0.29955256,0.19944711,statesector
1810,18,Lakshadweep,0,46 to 64,NA,NA,NA,NA,5,0.195458233,0.037735246,0.408007979,0.336683542,0.15592359,0.077732012,0.021652868,statesector
1811,18,Lakshadweep,0,NA,NA,NA,NA,1,5,0.237422481,0.056750741,0.441895962,0.339448035,0.141568869,0.060629759,0.016457373,statesector
1813,18,Lakshadweep,0,NA,NA,1,NA,NA,5,0.22720629,0.054398123,0.434374809,0.345354825,0.143334612,0.061468977,0.015466794,statesector
1814,18,Lakshadweep,0,NA,NA,NA,2 to 3,NA,5,0.222202554,0.043654498,0.44877103,0.324326783,0.14424561,0.063330099,0.019326488,statesector
1817,18,Lakshadweep,1,NA,NA,NA,2 to 3,NA,5,0.069391228,0.004842855,0.06456808,0.14780876,0.272275567,0.298570722,0.216776878,statesector
1823,18,Lakshadweep,1,NA,NA,NA,7+,NA,5,0.089144066,0.031146476,0.072114527,0.189219475,0.252304316,0.328889489,0.157472208,statesector
1827,18,Lakshadweep,0,NA,NA,NA,1,NA,5,0.521672368,0.044644941,0.659235477,0.201750457,0.103145748,0.026003987,0.009864345,statesector
1829,18,Lakshadweep,0,NA,NA,NA,4 to 6,NA,5,0.225037187,0.060334701,0.431561381,0.350561559,0.143133327,0.05980463,0.014939106,statesector
1830,18,Lakshadweep,1,65+,NA,NA,NA,NA,5,0.055961415,0.00042996,0.065121368,0.085832343,0.18827115,0.369823217,0.290951908,statesector
1831,18,Lakshadweep,1,46 to 64,NA,NA,NA,NA,5,0.057749547,0.004882063,0.051613182,0.14363274,0.26347068,0.317443967,0.223839447,statesector
1835,18,Lakshadweep,0,15 to 29,NA,NA,NA,NA,5,0.369919568,0.100938313,0.555500627,0.33823505,0.085258789,0.018684305,0.002321211,statesector
1837,18,Lakshadweep,1,NA,NA,NA,NA,1,5,0.081726082,0.009878646,0.06313993,0.171133369,0.277308494,0.295963466,0.192454726,statesector
1841,18,Lakshadweep,1,15 to 29,NA,NA,NA,NA,5,0.196592391,0.058855198,0.123684168,0.342315763,0.299032986,0.141011164,0.093955919,statesector
1843,18,Lakshadweep,0,NA,NA,NA,7+,NA,5,0.271635145,0.072505608,0.427965552,0.349785626,0.135782853,0.067097366,0.019368615,statesector
1849,18,Lakshadweep,1,NA,NA,NA,4 to 6,NA,5,0.075558715,0.012378066,0.047391251,0.181867123,0.286379427,0.299038291,0.185323924,statesector
1853,18,Lakshadweep,0,NA,NA,NA,NA,NA,5,0.237422481,0.056750741,0.441895962,0.339448035,0.141568869,0.060629759,0.016457373,statesector
1854,18,Lakshadweep,0,65+,NA,NA,NA,NA,5,0.205732748,0.028164998,0.37398386,0.327660143,0.166885391,0.095716685,0.035753906,statesector
1855,18,Lakshadweep,1,NA,NA,NA,NA,NA,5,0.081726082,0.009878646,0.06313993,0.171133369,0.277308494,0.295963466,0.192454726,statesector
1859,18,Lakshadweep,1,NA,NA,2,NA,NA,5,0.116876617,0.011251506,0.093766481,0.174618766,0.289052755,0.280662537,0.161899447,statesector
1864,18,Lakshadweep,1,NA,No education / Preschool,NA,NA,NA,5,0.277204901,0.04348598,0.232184231,0.33151415,0.32324186,0.092232563,0.020827167,statesector
1865,18,Lakshadweep,1,30 to 45,NA,NA,NA,NA,5,0.10202013,0.010933921,0.066283338,0.210630536,0.32840845,0.26616931,0.128508374,statesector
1866,18,Lakshadweep,0,NA,No education / Preschool,NA,NA,NA,5,0.401207954,0.118746892,0.645380676,0.286341757,0.057244845,0.009485673,0.001547034,statesector
1868,18,Lakshadweep,1,NA,Secondary,NA,NA,NA,5,0.02350246,0,0.022605745,0.126802236,0.311967969,0.380519062,0.158104986,statesector
1869,18,Lakshadweep,0,NA,NA,2,NA,NA,5,0.296838135,0.070433147,0.485672742,0.305067807,0.13129133,0.055745114,0.022223018,statesector
1871,18,Lakshadweep,1,NA,Primary,NA,NA,NA,5,0.178683951,0.022113424,0.112736173,0.31775859,0.343668729,0.190784901,0.035051599,statesector
1873,18,Lakshadweep,0,NA,Higher,NA,NA,NA,5,0.030047432,0.000248965,0.074470818,0.217578843,0.293910861,0.290967673,0.12307182,statesector
1878,18,Lakshadweep,0,NA,NA,NA,NA,NA,5,0,0,0,0.519825876,0.480174124,0,0,statesector
1879,18,Lakshadweep,0,NA,Secondary,NA,NA,NA,5,0.106913291,0.006918502,0.296326101,0.385753304,0.204345509,0.091263786,0.022311302,statesector
1888,18,Lakshadweep,0,NA,Primary,NA,NA,NA,5,0.305406272,0.079255655,0.5161075,0.344433546,0.105925396,0.028016014,0.005517543,statesector
1891,18,Lakshadweep,1,NA,NA,NA,NA,NA,5,0,0,0,0.51357013,0,0.48642987,0,statesector
1892,18,Lakshadweep,1,NA,Higher,NA,NA,NA,5,0.000652303,0,0.000318822,0.029138939,0.076138355,0.311986268,0.582417607,statesector
1893,19,Madhya Pradesh,1,NA,Secondary,NA,NA,NA,5,0.014654521,0.001316184,0.029803613,0.101969421,0.253768712,0.398000479,0.216457784,statesector
1896,19,Madhya Pradesh,1,NA,NA,NA,NA,NA,5,0,0,0.231115609,0.166946948,0.410585254,0.191352203,0,statesector
1899,19,Madhya Pradesh,1,15 to 29,NA,NA,NA,NA,5,0.141673431,0.030026399,0.13974607,0.225657567,0.408798963,0.152045235,0.073752157,statesector
1900,19,Madhya Pradesh,1,NA,Higher,NA,NA,NA,5,0.001180039,0,0.004632598,0.009090248,0.071529113,0.31823805,0.596509993,statesector
1904,19,Madhya Pradesh,1,NA,Primary,NA,NA,NA,5,0.099874355,0.014265437,0.124941953,0.233802751,0.333455324,0.261959463,0.045840509,statesector
1907,19,Madhya Pradesh,0,NA,NA,NA,1,NA,5,0.587534308,0.019038884,0.702738404,0.193139613,0.075356558,0.022222247,0.006543174,statesector
1908,19,Madhya Pradesh,0,NA,NA,1,NA,NA,5,0.196699977,0.033423759,0.455576658,0.316004872,0.156436518,0.061783217,0.010198728,statesector
1909,19,Madhya Pradesh,0,NA,NA,NA,2 to 3,NA,5,0.21448341,0.027645683,0.472098082,0.311171442,0.147125766,0.059754692,0.00985004,statesector
1912,19,Madhya Pradesh,0,15 to 29,NA,NA,NA,NA,5,0.326776415,0.080503695,0.51326108,0.341504961,0.112224303,0.030385707,0.002623929,statesector
1920,19,Madhya Pradesh,1,46 to 64,NA,NA,NA,NA,5,0.041905396,0.004263187,0.055138674,0.130724058,0.242271975,0.316773146,0.255092144,statesector
1921,19,Madhya Pradesh,1,NA,NA,NA,1,NA,5,0.127781972,0.004953878,0.141473651,0.198070019,0.167942718,0.284149677,0.208363935,statesector
1927,19,Madhya Pradesh,0,NA,NA,NA,NA,NA,5,0.215603188,0.034807939,0.468483388,0.311327547,0.153011069,0.058088027,0.009089996,statesector
1929,19,Madhya Pradesh,0,65+,NA,NA,NA,NA,5,0.236121923,0.020746656,0.436310619,0.278073788,0.175750077,0.091746815,0.018118721,statesector
1934,19,Madhya Pradesh,0,NA,NA,NA,4 to 6,NA,5,0.19064793,0.040538441,0.460672855,0.322154313,0.15561223,0.053891368,0.007669213,statesector
1935,19,Madhya Pradesh,1,NA,NA,1,NA,NA,5,0.049697075,0.007172187,0.063001715,0.135912344,0.250006348,0.314789385,0.236290202,statesector
1938,19,Madhya Pradesh,1,NA,NA,NA,NA,NA,5,0.055615947,0.008866993,0.069272771,0.139968231,0.250538468,0.316609263,0.223611265,statesector
1940,19,Madhya Pradesh,0,46 to 64,NA,NA,NA,NA,5,0.191669613,0.021668913,0.442728013,0.306948543,0.173842013,0.066915207,0.009566206,statesector
1942,19,Madhya Pradesh,0,NA,NA,NA,NA,NA,5,0.414051443,0.294781178,0.715055466,0.284944564,0,0,0,statesector
1945,19,Madhya Pradesh,1,30 to 45,NA,NA,NA,NA,5,0.064540014,0.012698408,0.081383586,0.171866134,0.278273791,0.3087973,0.159679204,statesector
1948,19,Madhya Pradesh,0,NA,NA,NA,7+,NA,5,0.187291309,0.037442286,0.374910593,0.300957948,0.206710041,0.100377791,0.017043635,statesector
1950,19,Madhya Pradesh,1,65+,NA,NA,NA,NA,5,0.047248624,0.006737949,0.060905464,0.077975161,0.172997043,0.378444403,0.309677929,statesector
1952,19,Madhya Pradesh,1,NA,NA,NA,2 to 3,NA,5,0.047833323,0.005024282,0.057635982,0.116905555,0.232796907,0.34718132,0.245480224,statesector
1953,19,Madhya Pradesh,0,30 to 45,NA,NA,NA,NA,5,0.203107238,0.040550932,0.494110256,0.318505287,0.134656116,0.045309685,0.007418649,statesector
1957,19,Madhya Pradesh,1,NA,No education / Preschool,NA,NA,NA,5,0.176441491,0.033194792,0.184654668,0.281784683,0.345963955,0.155997649,0.031599067,statesector
1959,19,Madhya Pradesh,0,NA,Higher,NA,NA,NA,5,0.035267726,0.002432808,0.108917721,0.250535697,0.274354964,0.297190815,0.069000788,statesector
1962,19,Madhya Pradesh,1,NA,NA,NA,NA,1,5,0.055615947,0.008866993,0.069272771,0.139968231,0.250538468,0.316609263,0.223611265,statesector
1967,19,Madhya Pradesh,1,NA,NA,NA,4 to 6,NA,5,0.050400496,0.010528399,0.0704991,0.146368518,0.273941457,0.295777619,0.213413298,statesector
1969,19,Madhya Pradesh,1,NA,NA,2,NA,NA,5,0.086067773,0.017586548,0.101176731,0.160602599,0.253245652,0.325867832,0.159107178,statesector
1972,19,Madhya Pradesh,0,NA,Secondary,NA,NA,NA,5,0.081199512,0.002830502,0.330830663,0.344676793,0.219199374,0.090109713,0.015183453,statesector
1975,19,Madhya Pradesh,0,NA,NA,NA,NA,1,5,0.215603188,0.034807939,0.468483388,0.311327547,0.153011069,0.058088027,0.009089996,statesector
1981,19,Madhya Pradesh,1,NA,NA,NA,7+,NA,5,0.095648162,0.023225151,0.086711586,0.198996633,0.243311375,0.298659623,0.172320768,statesector
1983,19,Madhya Pradesh,0,NA,NA,2,NA,NA,5,0.318111479,0.042314075,0.539364159,0.285640687,0.134199232,0.037794866,0.003001083,statesector
1989,19,Madhya Pradesh,0,NA,Primary,NA,NA,NA,5,0.242184415,0.041169368,0.501576006,0.331676036,0.133691475,0.031460434,0.001596056,statesector
1999,19,Madhya Pradesh,0,NA,No education / Preschool,NA,NA,NA,5,0.371544927,0.06988053,0.646971107,0.261715382,0.077475071,0.013035036,0.000803412,statesector
2003,20,Maharashtra,0,NA,Higher,NA,NA,NA,5,0.099596947,0.006514929,0.183590755,0.222924933,0.259730756,0.215736926,0.11801663,statesector
2004,20,Maharashtra,0,NA,NA,NA,NA,NA,5,0.350602329,0.232427582,0.429535538,0.393211186,0.060525578,0.116727702,0,statesector
2005,20,Maharashtra,0,NA,NA,1,NA,NA,5,0.352965474,0.09483102,0.585799396,0.227890313,0.121653967,0.048815764,0.015840551,statesector
2006,20,Maharashtra,0,NA,Primary,NA,NA,NA,5,0.440882623,0.151904494,0.626993716,0.233595446,0.10889709,0.027095988,0.003417797,statesector
2007,20,Maharashtra,1,NA,Higher,NA,NA,NA,5,0.005505228,0,0.005591456,0.023251219,0.065954231,0.267812133,0.637390971,statesector
2016,20,Maharashtra,1,NA,NA,1,NA,NA,5,0.071796767,0.012215393,0.074668296,0.146005198,0.203174695,0.283573359,0.292578429,statesector
2019,20,Maharashtra,1,NA,No education / Preschool,NA,NA,NA,5,0.251203001,0.06043369,0.247343704,0.300073802,0.247782364,0.162327111,0.042473003,statesector
2020,20,Maharashtra,1,NA,Primary,NA,NA,NA,5,0.158105463,0.035532661,0.115508847,0.231434956,0.312985629,0.249520466,0.090550102,statesector
2021,20,Maharashtra,1,NA,Secondary,NA,NA,NA,5,0.035071243,0.002532303,0.055128254,0.135472402,0.232499227,0.344026119,0.232873991,statesector
2022,20,Maharashtra,1,NA,NA,NA,NA,NA,5,0.044610515,0,0,0.049098924,0.613894343,0.268274605,0.068732135,statesector
2029,20,Maharashtra,0,NA,Secondary,NA,NA,NA,5,0.21728009,0.026169557,0.48145771,0.272469819,0.159952119,0.067261957,0.018858396,statesector
2030,20,Maharashtra,0,15 to 29,NA,NA,NA,NA,5,0.520029545,0.192990154,0.664905965,0.20964779,0.094257444,0.02867783,0.002510967,statesector
2044,20,Maharashtra,0,NA,No education / Preschool,NA,NA,NA,5,0.523892641,0.16899325,0.736733973,0.188732609,0.060312901,0.012112423,0.002108082,statesector
2045,20,Maharashtra,0,30 to 45,NA,NA,NA,NA,5,0.382862329,0.133775249,0.601714194,0.231902465,0.111914083,0.042493891,0.011975356,statesector
2048,20,Maharashtra,1,30 to 45,NA,NA,NA,NA,5,0.093018748,0.023436135,0.092106447,0.18031548,0.230031013,0.28829053,0.209256515,statesector
2051,20,Maharashtra,0,NA,NA,NA,7+,NA,5,0.409118563,0.129038572,0.531918764,0.240372613,0.139160752,0.070169039,0.018378815,statesector
2060,20,Maharashtra,0,NA,NA,NA,NA,NA,5,0.374722183,0.104777254,0.59627074,0.228953302,0.115134969,0.045298245,0.014342729,statesector
2063,20,Maharashtra,1,65+,NA,NA,NA,NA,5,0.07284338,0.011432921,0.063950606,0.102840394,0.139237836,0.256344438,0.437626719,statesector
2064,20,Maharashtra,0,NA,NA,NA,2 to 3,NA,5,0.380387425,0.081326135,0.645741701,0.210164443,0.094021663,0.037259884,0.012812281,statesector
2069,20,Maharashtra,1,NA,NA,NA,4 to 6,NA,5,0.07363221,0.018236835,0.084266603,0.152911484,0.219819129,0.290113658,0.252889127,statesector
2070,20,Maharashtra,1,NA,NA,NA,7+,NA,5,0.111865774,0.0236641,0.056902073,0.159107685,0.208350673,0.291934639,0.283704907,statesector
2072,20,Maharashtra,1,46 to 64,NA,NA,NA,NA,5,0.065163672,0.006591816,0.075449325,0.128327534,0.202482685,0.285765082,0.307975352,statesector
2075,20,Maharashtra,1,15 to 29,NA,NA,NA,NA,5,0.143584222,0.047236852,0.161257178,0.21380949,0.216174021,0.25881198,0.149947345,statesector
2076,20,Maharashtra,1,NA,NA,NA,2 to 3,NA,5,0.078486107,0.013011447,0.091570094,0.146236509,0.18608591,0.255726457,0.320381045,statesector
2077,20,Maharashtra,0,NA,NA,NA,1,NA,5,0.550667942,0.032838862,0.704107165,0.143305078,0.102139309,0.035204362,0.015244102,statesector
2078,20,Maharashtra,0,NA,NA,NA,4 to 6,NA,5,0.350274533,0.115872361,0.580108643,0.241548434,0.120688885,0.043636285,0.01401778,statesector
2085,20,Maharashtra,0,65+,NA,NA,NA,NA,5,0.376978189,0.053215165,0.587977171,0.221841544,0.110337257,0.060000006,0.019844025,statesector
2088,20,Maharashtra,1,NA,NA,NA,1,NA,5,0.145346791,0,0.172659144,0.127003059,0.148257792,0.320116103,0.231963903,statesector
2091,20,Maharashtra,0,NA,NA,NA,NA,NA,5,0,0,1,0,0,0,0,statesector
2097,20,Maharashtra,1,NA,NA,NA,NA,NA,5,0.082377881,0.016486933,0.086775422,0.150537938,0.205151156,0.280636728,0.276898772,statesector
2098,20,Maharashtra,1,NA,NA,NA,NA,1,5,0.082377881,0.016486933,0.086775422,0.150537938,0.205151156,0.280636728,0.276898772,statesector
2100,20,Maharashtra,0,NA,NA,2,NA,NA,5,0.466283202,0.146634996,0.640451729,0.233438313,0.087629847,0.030457044,0.008023088,statesector
2101,20,Maharashtra,1,NA,NA,2,NA,NA,5,0.143704519,0.041244186,0.156690687,0.176713243,0.216564596,0.263678402,0.186353073,statesector
2106,20,Maharashtra,0,46 to 64,NA,NA,NA,NA,5,0.322191596,0.064677835,0.572618246,0.233958289,0.126169413,0.048635524,0.018618539,statesector
2107,20,Maharashtra,0,NA,NA,NA,NA,1,5,0.374722183,0.104777254,0.59627074,0.228953302,0.115134969,0.045298245,0.014342729,statesector
2109,21,Manipur,0,NA,NA,1,NA,NA,5,0.237106636,0.052036706,0.415115774,0.276333183,0.181205779,0.094878197,0.032467078,statesector
2113,21,Manipur,0,NA,NA,NA,NA,NA,5,0.22600095,0.058060285,0.508609176,0.175106555,0.222404286,0.058110863,0.035769138,statesector
2114,21,Manipur,1,NA,No education / Preschool,NA,NA,NA,5,0.264946997,0.055662416,0.309061766,0.288312048,0.186886907,0.162691295,0.053047985,statesector
2121,21,Manipur,1,NA,Primary,NA,NA,NA,5,0.123632289,0.034320757,0.184009746,0.195387378,0.230775893,0.241510928,0.148316056,statesector
2123,21,Manipur,0,NA,Higher,NA,NA,NA,5,0.026868979,0,0.073394254,0.154601187,0.238878563,0.306571692,0.226554304,statesector
2133,21,Manipur,0,NA,Primary,NA,NA,NA,5,0.285739064,0.061272208,0.453032941,0.303590834,0.170515105,0.061037857,0.011823276,statesector
2134,21,Manipur,0,NA,Secondary,NA,NA,NA,5,0.108489096,0.005650634,0.278756171,0.301823229,0.244831145,0.136202618,0.03838684,statesector
2135,21,Manipur,1,NA,Secondary,NA,NA,NA,5,0.026360858,0.000481489,0.056685895,0.118205652,0.197372347,0.313545883,0.314190239,statesector
2145,21,Manipur,0,15 to 29,NA,NA,NA,NA,5,0.392593116,0.129852161,0.531242132,0.261378139,0.156058952,0.044720806,0.006599936,statesector
2153,21,Manipur,1,46 to 64,NA,NA,NA,NA,5,0.066490166,0.009916309,0.094343551,0.121234253,0.16019398,0.260100633,0.364127576,statesector
2154,21,Manipur,1,NA,NA,1,NA,NA,5,0.070654474,0.014336997,0.098689958,0.132263422,0.166108191,0.265390933,0.337547511,statesector
2160,21,Manipur,0,30 to 45,NA,NA,NA,NA,5,0.256335974,0.07351134,0.437564045,0.287356049,0.171690896,0.080370948,0.023018064,statesector
2161,21,Manipur,0,NA,No education / Preschool,NA,NA,NA,5,0.444593817,0.116271093,0.652548432,0.234865278,0.082281046,0.025385886,0.00491935,statesector
2163,21,Manipur,0,NA,NA,NA,NA,NA,5,0,0,0,1,0,0,0,statesector
2165,21,Manipur,1,NA,NA,NA,NA,1,5,0.078336284,0.015611818,0.110271327,0.137351498,0.17382963,0.255705744,0.322841793,statesector
2171,21,Manipur,1,NA,NA,NA,NA,NA,5,0.078336284,0.015611818,0.110271327,0.137351498,0.17382963,0.255705744,0.322841793,statesector
2172,21,Manipur,0,NA,NA,NA,4 to 6,NA,5,0.222521409,0.059691802,0.404548079,0.279916584,0.193381712,0.092163265,0.029990384,statesector
2177,21,Manipur,1,NA,NA,2,NA,NA,5,0.11301861,0.02136746,0.163438797,0.160709694,0.209276974,0.211243302,0.255331218,statesector
2178,21,Manipur,0,NA,NA,NA,NA,1,5,0.250191301,0.052590065,0.424167126,0.275621831,0.177517176,0.092034325,0.030659541,statesector
2179,21,Manipur,0,NA,NA,NA,NA,NA,5,0.250191301,0.052590065,0.424167126,0.275621831,0.177517176,0.092034325,0.030659541,statesector
2183,21,Manipur,0,46 to 64,NA,NA,NA,NA,5,0.214805961,0.032159351,0.399071783,0.284579605,0.180531144,0.100024246,0.0357932,statesector
2188,21,Manipur,0,65+,NA,NA,NA,NA,5,0.263272017,0.02481932,0.411653191,0.234178588,0.19185178,0.117608152,0.0447083,statesector
2189,21,Manipur,0,NA,NA,2,NA,NA,5,0.312158138,0.05521068,0.467243165,0.272236437,0.159962878,0.078500137,0.02205736,statesector
2193,21,Manipur,1,30 to 45,NA,NA,NA,NA,5,0.078984454,0.018604133,0.104493529,0.159903929,0.203642175,0.27274105,0.259219319,statesector
2194,21,Manipur,1,NA,NA,NA,NA,NA,5,0,0,0.167877764,0,0.21565783,0.13622722,0.480237186,statesector
2198,21,Manipur,1,NA,NA,NA,4 to 6,NA,5,0.073163673,0.017014481,0.098773122,0.146838889,0.17885372,0.268989295,0.30654496,statesector
2200,21,Manipur,1,NA,Higher,NA,NA,NA,5,0.001441383,0,0.003893572,0.008691307,0.055349361,0.212870345,0.719195426,statesector
2201,21,Manipur,1,NA,NA,NA,7+,NA,5,0.045365658,0.011400376,0.073505096,0.130126894,0.130740896,0.227734029,0.437893093,statesector
2203,21,Manipur,1,15 to 29,NA,NA,NA,NA,5,0.179493099,0.066555195,0.228094459,0.214893714,0.260254592,0.186478585,0.110278681,statesector
2204,21,Manipur,0,NA,NA,NA,2 to 3,NA,5,0.246731892,0.039893292,0.438583344,0.288581908,0.157271877,0.087416887,0.028145976,statesector
2206,21,Manipur,1,NA,NA,NA,1,NA,5,0.181158826,0.01353448,0.286524594,0.155668616,0.164502084,0.20782268,0.18548201,statesector
2208,21,Manipur,1,NA,NA,NA,2 to 3,NA,5,0.077035755,0.014981469,0.108872943,0.122525424,0.179032609,0.251034915,0.338534117,statesector
2209,21,Manipur,0,NA,NA,NA,7+,NA,5,0.260494471,0.079731017,0.36362499,0.245365083,0.193481758,0.14120543,0.056322742,statesector
2211,21,Manipur,0,NA,NA,NA,1,NA,5,0.524476171,0.027437469,0.614350498,0.191014498,0.133723304,0.046160448,0.014751251,statesector
2212,21,Manipur,1,65+,NA,NA,NA,NA,5,0.075561754,0.007518507,0.129565984,0.107611895,0.117927462,0.228254572,0.416640103,statesector
2218,22,Meghalaya,1,NA,NA,NA,7+,NA,5,0.059738372,0.007723725,0.032187551,0.078374103,0.155472741,0.338219792,0.395745814,statesector
2222,22,Meghalaya,1,NA,NA,NA,4 to 6,NA,5,0.042810142,0.008717361,0.053152744,0.096480019,0.176537022,0.302973598,0.370856643,statesector
2224,22,Meghalaya,1,NA,NA,NA,NA,1,5,0.060391635,0.006870055,0.069231033,0.104426444,0.17267853,0.299978107,0.353685886,statesector
2228,22,Meghalaya,0,NA,Higher,NA,NA,NA,5,0.04607974,0.00080969,0.076466739,0.189575091,0.251916856,0.278223187,0.203818113,statesector
2230,22,Meghalaya,1,NA,Primary,NA,NA,NA,5,0.092297837,0.012804037,0.103915498,0.160333768,0.219522908,0.342029124,0.174198717,statesector
2237,22,Meghalaya,1,NA,NA,1,NA,NA,5,0.044368759,0.007412827,0.059207518,0.100804895,0.165682569,0.297142953,0.377162069,statesector
2243,22,Meghalaya,0,NA,NA,2,NA,NA,5,0.326006919,0.044548668,0.50777328,0.264559418,0.136770204,0.064857572,0.02603953,statesector
2245,22,Meghalaya,1,NA,Secondary,NA,NA,NA,5,0.020893367,0.000285148,0.034468539,0.081246771,0.174592555,0.323703557,0.385988563,statesector
2246,22,Meghalaya,0,NA,NA,NA,NA,1,5,0.2413982,0.043396302,0.409471601,0.276380122,0.177263513,0.100162476,0.036722269,statesector
2249,22,Meghalaya,0,NA,Primary,NA,NA,NA,5,0.269147843,0.052974164,0.420582503,0.302858859,0.174784884,0.081111945,0.020661816,statesector
2250,22,Meghalaya,0,NA,Secondary,NA,NA,NA,5,0.118080355,0.012455921,0.28056553,0.291945249,0.23080653,0.147131726,0.049550965,statesector
2258,22,Meghalaya,1,NA,NA,2,NA,NA,5,0.121913508,0.004786013,0.108169757,0.118495189,0.199855983,0.310991973,0.262487084,statesector
2259,22,Meghalaya,1,NA,NA,NA,2 to 3,NA,5,0.059601393,0.003607943,0.083119757,0.12419869,0.156883389,0.29920432,0.336593837,statesector
2260,22,Meghalaya,1,NA,NA,NA,1,NA,5,0.269479245,0.003102946,0.261961907,0.138502806,0.261628866,0.181931302,0.155975133,statesector
2261,22,Meghalaya,1,NA,Higher,NA,NA,NA,5,0.008566034,0.000896162,0.00412032,0.016168082,0.052685384,0.228763267,0.69826293,statesector
2262,22,Meghalaya,0,NA,No education / Preschool,NA,NA,NA,5,0.381815761,0.075731218,0.58963573,0.253847092,0.110696845,0.036819816,0.00900051,statesector
2263,22,Meghalaya,0,NA,NA,1,NA,NA,5,0.226546615,0.043194022,0.392241716,0.278452009,0.184361011,0.106350571,0.038594693,statesector
2267,22,Meghalaya,0,NA,NA,NA,NA,NA,5,0.234314799,0,0.615275979,0.232665986,0.15205805,0,0,statesector
2268,22,Meghalaya,1,NA,No education / Preschool,NA,NA,NA,5,0.163126111,0.020875158,0.173026443,0.185853407,0.238659114,0.27617541,0.126285642,statesector
2271,22,Meghalaya,0,NA,NA,NA,7+,NA,5,0.208262607,0.043150399,0.290095627,0.275666922,0.211299658,0.15884833,0.064089447,statesector
2274,22,Meghalaya,0,NA,NA,NA,2 to 3,NA,5,0.281060189,0.038058154,0.493284553,0.267518759,0.144310191,0.069730721,0.025155792,statesector
2275,22,Meghalaya,1,NA,NA,NA,NA,NA,5,0,0,0.021820832,0,0.195130497,0.482039839,0.301008821,statesector
2279,22,Meghalaya,1,NA,NA,NA,NA,NA,5,0.060391635,0.006870055,0.069231033,0.104426444,0.17267853,0.299978107,0.353685886,statesector
2287,22,Meghalaya,0,NA,NA,NA,4 to 6,NA,5,0.195213392,0.048750561,0.367535502,0.28928408,0.196201459,0.108275719,0.038703244,statesector
2288,22,Meghalaya,0,NA,NA,NA,1,NA,5,0.588694274,0.017700749,0.691746593,0.189016417,0.073034361,0.035261795,0.010940863,statesector
2294,22,Meghalaya,0,NA,NA,NA,NA,NA,5,0,0,1,0,0,0,0,statesector
2296,22,Meghalaya,1,30 to 45,NA,NA,NA,NA,5,0.052287333,0.009106228,0.059841014,0.115539774,0.198842928,0.305566013,0.320210278,statesector
2297,22,Meghalaya,1,65+,NA,NA,NA,NA,5,0.090919875,0.001893757,0.126768336,0.081159897,0.12915118,0.262435704,0.40048489,statesector
2305,22,Meghalaya,0,NA,NA,NA,NA,NA,5,0.2413982,0.043396302,0.409471601,0.276380122,0.177263513,0.100162476,0.036722269,statesector
2307,22,Meghalaya,0,65+,NA,NA,NA,NA,5,0.300474912,0.022687964,0.431424767,0.258632123,0.15334931,0.105573624,0.051020179,statesector
2308,22,Meghalaya,1,15 to 29,NA,NA,NA,NA,5,0.163451478,0.035620365,0.136414975,0.147017911,0.252970666,0.281018883,0.18257755,statesector
2312,22,Meghalaya,0,30 to 45,NA,NA,NA,NA,5,0.222037166,0.060267683,0.41282171,0.27973035,0.181332663,0.095816076,0.030299192,statesector
2318,22,Meghalaya,0,15 to 29,NA,NA,NA,NA,5,0.325218201,0.087184541,0.468145818,0.279530674,0.163524017,0.072103553,0.016695941,statesector
2320,22,Meghalaya,1,46 to 64,NA,NA,NA,NA,5,0.041574311,0.002179061,0.048395231,0.095934361,0.15194428,0.310326278,0.393399864,statesector
2323,22,Meghalaya,0,46 to 64,NA,NA,NA,NA,5,0.220138967,0.028490284,0.386817396,0.279811054,0.185608953,0.107168011,0.04059457,statesector
2324,23,Mizoram,0,NA,NA,1,NA,NA,5,0.304418564,0.059287455,0.435960978,0.25815779,0.162195221,0.098029353,0.045656644,statesector
2327,23,Mizoram,1,46 to 64,NA,NA,NA,NA,5,0.056785751,0.00916477,0.050386798,0.08073061,0.137263715,0.26880157,0.462817311,statesector
2330,23,Mizoram,0,NA,NA,NA,4 to 6,NA,5,0.26713407,0.06793832,0.419101238,0.271747679,0.166350394,0.098705016,0.044095658,statesector
2332,23,Mizoram,1,NA,NA,1,NA,NA,5,0.072462387,0.012805418,0.058416408,0.090125121,0.158026487,0.276922911,0.416509062,statesector
2333,23,Mizoram,0,NA,NA,NA,1,NA,5,0.630171001,0.035507463,0.706655145,0.169407994,0.082900688,0.031101892,0.009934293,statesector
2340,23,Mizoram,0,NA,NA,NA,2 to 3,NA,5,0.361290485,0.034974836,0.529367208,0.2365399,0.133042768,0.072056778,0.02899335,statesector
2341,23,Mizoram,1,NA,NA,NA,NA,1,5,0.07392709,0.011943678,0.0607448,0.094719216,0.161771342,0.275457144,0.407307506,statesector
2343,23,Mizoram,0,NA,NA,NA,NA,1,5,0.315378308,0.060731266,0.447859526,0.254605472,0.158587575,0.095434904,0.043512523,statesector
2355,23,Mizoram,0,NA,NA,2,NA,NA,5,0.405940175,0.072665952,0.548302114,0.224699929,0.128195271,0.073574208,0.025228461,statesector
2356,23,Mizoram,0,NA,No education / Preschool,NA,NA,NA,5,0.48202619,0.108686686,0.620623767,0.226138249,0.102649957,0.039846119,0.010741916,statesector
2359,23,Mizoram,1,NA,NA,NA,2 to 3,NA,5,0.07577204,0.008543774,0.075689144,0.098936357,0.158468574,0.261105955,0.405799985,statesector
2360,23,Mizoram,1,NA,NA,NA,4 to 6,NA,5,0.066625424,0.012928467,0.053338032,0.086189233,0.158849999,0.289556146,0.412066579,statesector
2366,23,Mizoram,1,NA,NA,2,NA,NA,5,0.08367189,0.006242063,0.076350875,0.125498474,0.186398998,0.265791148,0.345960498,statesector
2370,23,Mizoram,0,NA,Primary,NA,NA,NA,5,0.349913806,0.071832955,0.459035814,0.274422705,0.155645445,0.081588939,0.029307086,statesector
2373,23,Mizoram,0,NA,NA,NA,NA,NA,5,0.315378308,0.060731266,0.447859526,0.254605472,0.158587575,0.095434904,0.043512523,statesector
2374,23,Mizoram,1,NA,NA,NA,7+,NA,5,0.089802258,0.019019945,0.037927113,0.085578129,0.173436925,0.252924621,0.450133234,statesector
2378,23,Mizoram,1,30 to 45,NA,NA,NA,NA,5,0.078824557,0.014818781,0.061461344,0.104966387,0.189771771,0.296406895,0.347393632,statesector
2380,23,Mizoram,1,15 to 29,NA,NA,NA,NA,5,0.151359484,0.034858141,0.098848186,0.176934451,0.229397163,0.294891179,0.199929014,statesector
2384,23,Mizoram,0,NA,NA,NA,7+,NA,5,0.317232639,0.08802475,0.343890637,0.247008637,0.194194987,0.140147164,0.074758574,statesector
2385,23,Mizoram,1,NA,NA,NA,1,NA,5,0.115073629,0,0.141915902,0.227260008,0.193105921,0.235808238,0.20190993,statesector
2386,23,Mizoram,1,65+,NA,NA,NA,NA,5,0.077161513,0.003746665,0.070968404,0.074063636,0.134848356,0.236907721,0.483211875,statesector
2387,23,Mizoram,1,NA,NA,NA,NA,NA,5,0.07392709,0.011943678,0.0607448,0.094719216,0.161771342,0.275457144,0.407307506,statesector
2389,23,Mizoram,0,NA,Higher,NA,NA,NA,5,0.091177754,0.004987073,0.118158557,0.183294162,0.234800443,0.241083294,0.222663537,statesector
2393,23,Mizoram,1,NA,NA,NA,NA,NA,5,0,0,0,0.032229371,0.034796454,0.532380581,0.400593579,statesector
2400,23,Mizoram,0,65+,NA,NA,NA,NA,5,0.375312239,0.0354692,0.474354357,0.219835147,0.146930844,0.108123325,0.050756332,statesector
2404,23,Mizoram,0,NA,Secondary,NA,NA,NA,5,0.166817829,0.015966214,0.321305901,0.27852124,0.202951044,0.137246042,0.059975773,statesector
2408,23,Mizoram,0,NA,NA,NA,NA,NA,5,0.424185395,0.424185395,0.424185395,0.575814605,0,0,0,statesector
2409,23,Mizoram,0,NA,NA,NA,NA,NA,5,0.115486562,0.053660419,0.37465167,0.238772452,0.214819029,0.138606906,0.033149935,statesector
2412,23,Mizoram,0,46 to 64,NA,NA,NA,NA,5,0.287718505,0.043622371,0.419756353,0.252869844,0.166158155,0.106393568,0.05482208,statesector
2416,23,Mizoram,1,NA,Secondary,NA,NA,NA,5,0.032022338,0.00203087,0.030281143,0.085183553,0.161903352,0.317236066,0.405395865,statesector
2421,23,Mizoram,1,NA,Higher,NA,NA,NA,5,0.011096446,0.000211699,0.001416956,0.015802784,0.060176052,0.19580324,0.726800978,statesector
2429,23,Mizoram,1,NA,No education / Preschool,NA,NA,NA,5,0.204677761,0.044045925,0.190351829,0.179431811,0.229606733,0.250482738,0.150126919,statesector
2430,23,Mizoram,1,NA,Primary,NA,NA,NA,5,0.135235935,0.020970173,0.088574104,0.13785243,0.227063596,0.287542939,0.258966923,statesector
2431,23,Mizoram,0,30 to 45,NA,NA,NA,NA,5,0.287605405,0.076872818,0.452108651,0.270301223,0.158900052,0.085108131,0.033581935,statesector
2432,23,Mizoram,0,15 to 29,NA,NA,NA,NA,5,0.460790575,0.117262706,0.51674974,0.254693836,0.141543403,0.066509768,0.020503232,statesector
2433,24,Nagaland,1,NA,NA,NA,NA,NA,5,0.036373347,0.005437875,0.017141894,0.035102393,0.099641331,0.287025213,0.561089158,statesector
2434,24,Nagaland,0,NA,NA,NA,NA,NA,5,0.213086486,0.039174426,0.212954998,0.255177855,0.25724861,0.214375317,0.060243204,statesector
2439,24,Nagaland,1,NA,Primary,NA,NA,NA,5,0.074459217,0.01270203,0.02720619,0.057477865,0.144821107,0.380081356,0.390413463,statesector
2450,24,Nagaland,1,NA,Higher,NA,NA,NA,5,0.005516743,0,0.001241211,0.002830251,0.019572532,0.115789451,0.860566556,statesector
2453,24,Nagaland,1,NA,Secondary,NA,NA,NA,5,0.013302001,0.000544942,0.009173602,0.023542194,0.08540424,0.301570028,0.580309927,statesector
2456,24,Nagaland,1,NA,NA,NA,NA,NA,5,0.101429954,0,0,0.294214904,0.220337331,0.084234454,0.401213318,statesector
2457,24,Nagaland,1,NA,No education / Preschool,NA,NA,NA,5,0.132904291,0.02541719,0.062438816,0.101389214,0.22123839,0.364731967,0.250201613,statesector
2459,24,Nagaland,0,30 to 45,NA,NA,NA,NA,5,0.219348937,0.054419342,0.217690468,0.275556415,0.267009705,0.193153501,0.0465899,statesector
2467,24,Nagaland,0,15 to 29,NA,NA,NA,NA,5,0.328347474,0.090681843,0.276563197,0.310843825,0.25153923,0.138471887,0.022581864,statesector
2469,24,Nagaland,0,NA,NA,NA,1,NA,5,0.436619043,0.022867773,0.46611467,0.251701474,0.178985417,0.090392545,0.01280591,statesector
2470,24,Nagaland,0,NA,NA,1,NA,NA,5,0.200899303,0.03903326,0.197579175,0.253311127,0.263240039,0.222249344,0.063620344,statesector
2471,24,Nagaland,1,NA,NA,1,NA,NA,5,0.03432731,0.005237955,0.015809724,0.033539344,0.095144249,0.285695791,0.569810867,statesector
2475,24,Nagaland,0,NA,NA,NA,NA,NA,5,0.090873949,0,0.086532742,0.489432573,0.15417999,0.269854695,0,statesector
2478,24,Nagaland,1,NA,NA,NA,NA,NA,5,0,0,0,0,1,0,0,statesector
2481,24,Nagaland,0,NA,NA,NA,NA,1,5,0.213086486,0.039174426,0.212954998,0.255177855,0.25724861,0.214375317,0.060243204,statesector
2482,24,Nagaland,1,NA,NA,2,NA,NA,5,0.050257821,0.006794536,0.026310809,0.045860358,0.130593374,0.296175092,0.501060367,statesector
2483,24,Nagaland,0,NA,NA,NA,2 to 3,NA,5,0.199530751,0.024446242,0.23754926,0.237684235,0.241460547,0.226941958,0.056364,statesector
2484,24,Nagaland,0,NA,NA,NA,4 to 6,NA,5,0.180217519,0.040362004,0.177242056,0.259386897,0.27013427,0.227208972,0.066027783,statesector
2485,24,Nagaland,0,NA,NA,NA,7+,NA,5,0.268442184,0.06418319,0.208843693,0.271287411,0.265957534,0.191251382,0.062659971,statesector
2487,24,Nagaland,1,NA,NA,NA,4 to 6,NA,5,0.032502998,0.006142649,0.011097411,0.024791209,0.092633322,0.292674661,0.57880336,statesector
2488,24,Nagaland,1,NA,NA,NA,7+,NA,5,0.081947051,0.013403403,0.016674105,0.042566463,0.076640889,0.309023499,0.555095077,statesector
2496,24,Nagaland,0,46 to 64,NA,NA,NA,NA,5,0.190050736,0.02803006,0.194571584,0.236817464,0.255462587,0.23718366,0.075964689,statesector
2497,24,Nagaland,0,65+,NA,NA,NA,NA,5,0.216837361,0.017155465,0.22645013,0.239052936,0.243736863,0.228310525,0.062449545,statesector
2498,24,Nagaland,0,NA,NA,NA,NA,NA,5,0,0,0,1,0,0,0,statesector
2501,24,Nagaland,0,NA,Higher,NA,NA,NA,5,0.042685118,0.002081816,0.038974531,0.086379081,0.220837399,0.39633888,0.257470101,statesector
2503,24,Nagaland,1,65+,NA,NA,NA,NA,5,0.025553573,0.001292608,0.017079704,0.041429203,0.086268522,0.22016114,0.635061443,statesector
2509,24,Nagaland,1,NA,NA,NA,NA,1,5,0.036373347,0.005437875,0.017141894,0.035102393,0.099641331,0.287025213,0.561089158,statesector
2510,24,Nagaland,0,NA,NA,2,NA,NA,5,0.296519071,0.040140864,0.318396688,0.267979324,0.216161728,0.160378203,0.037084047,statesector
2524,24,Nagaland,1,46 to 64,NA,NA,NA,NA,5,0.023280665,0.00410933,0.012525371,0.022593334,0.070040397,0.270030856,0.62481004,statesector
2525,24,Nagaland,1,15 to 29,NA,NA,NA,NA,5,0.107537091,0.017777769,0.035349917,0.069184162,0.239015386,0.353366882,0.303083658,statesector
2526,24,Nagaland,1,NA,NA,NA,1,NA,5,0.044114713,0,0.078687854,0.121433876,0.223274559,0.276729316,0.299874395,statesector
2529,24,Nagaland,0,NA,Secondary,NA,NA,NA,5,0.102013581,0.007508707,0.125278279,0.217602611,0.288192928,0.288019657,0.080906525,statesector
2533,24,Nagaland,0,NA,Primary,NA,NA,NA,5,0.238818318,0.046204437,0.207977399,0.285356849,0.278798699,0.191560015,0.036307033,statesector
2536,24,Nagaland,1,NA,NA,NA,2 to 3,NA,5,0.023721041,0.001989134,0.017656313,0.035795681,0.10048008,0.270148247,0.575919688,statesector
2538,24,Nagaland,0,NA,No education / Preschool,NA,NA,NA,5,0.377694577,0.084485427,0.36689502,0.313466161,0.205246031,0.098015979,0.016376803,statesector
2540,24,Nagaland,1,30 to 45,NA,NA,NA,NA,5,0.048451249,0.007486944,0.020416813,0.042873587,0.123706162,0.334158003,0.478845447,statesector
2549,25,Delhi,1,NA,NA,NA,7+,NA,5,0.075725012,0.039781723,0,0.087593213,0.109830745,0.358529657,0.444046378,statesector
2552,25,Delhi,1,NA,NA,NA,4 to 6,NA,5,0.061499968,0.017583251,0.001653631,0.104798421,0.208809838,0.354669482,0.330068648,statesector
2557,25,Delhi,0,NA,NA,NA,2 to 3,NA,5,0.192729816,0.021626873,0.200690612,0.338620305,0.271294981,0.150096491,0.039297614,statesector
2558,25,Delhi,0,NA,NA,NA,4 to 6,NA,5,0.189855948,0.034105085,0.185919538,0.349023134,0.236072436,0.179993972,0.048990916,statesector
2560,25,Delhi,1,NA,NA,NA,NA,NA,5,0,0,0.135582209,0.149141073,0.437768519,0.277508199,0,statesector
2570,25,Delhi,1,NA,No education / Preschool,NA,NA,NA,5,0.165637016,0.017725091,0.052495211,0.216253355,0.267858118,0.327321976,0.136071309,statesector
2572,25,Delhi,1,NA,Higher,NA,NA,NA,5,0.00264026,0,0.006041956,0.074565053,0.169405967,0.291488171,0.458498865,statesector
2573,25,Delhi,1,NA,Secondary,NA,NA,NA,5,0.021310374,0.007730975,0.010095838,0.144818321,0.255103588,0.3182697,0.271712571,statesector
2578,25,Delhi,1,65+,NA,NA,NA,NA,5,0.030695355,0,0.018873252,0.026454272,0.108054772,0.294271648,0.552346051,statesector
2579,25,Delhi,0,NA,NA,NA,NA,NA,5,0.203961447,0.029146882,0.205828175,0.353387326,0.246840194,0.154337525,0.039606772,statesector
2580,25,Delhi,1,NA,NA,NA,NA,NA,5,0.044753898,0.009513997,0.015647709,0.136742502,0.245638788,0.310344696,0.291626304,statesector
2581,25,Delhi,0,NA,NA,1,NA,NA,5,0.194824472,0.027572382,0.207499459,0.352298111,0.252056837,0.147824377,0.040321227,statesector
2582,25,Delhi,1,NA,NA,1,NA,NA,5,0.043882687,0.010254289,0.017781032,0.14434813,0.263766944,0.304281503,0.269822389,statesector
2583,25,Delhi,0,NA,NA,NA,NA,NA,5,0,0,0,0,0.598003268,0.401996732,0,statesector
2584,25,Delhi,0,NA,NA,NA,1,NA,5,0.187685758,0,0.166421041,0.40630734,0.336446255,0.085147455,0.005677891,statesector
2585,25,Delhi,1,NA,Primary,NA,NA,NA,5,0.119193763,0.024739733,0.020904474,0.130851671,0.28581503,0.292419851,0.270008951,statesector
2592,25,Delhi,1,NA,NA,2,NA,NA,5,0.051474761,0.0038031,0,0.080955945,0.112670593,0.354817688,0.451555759,statesector
2593,25,Delhi,0,NA,No education / Preschool,NA,NA,NA,5,0.388935387,0.047423072,0.363465667,0.38089332,0.175143331,0.069332443,0.011165227,statesector
2596,25,Delhi,0,NA,Primary,NA,NA,NA,5,0.232201815,0.054144289,0.200867027,0.426656961,0.225330725,0.119173691,0.027971596,statesector
2597,25,Delhi,0,NA,Higher,NA,NA,NA,5,0.019027321,0,0,0.133792087,0.311826646,0.374614209,0.179767057,statesector
2601,25,Delhi,0,NA,NA,NA,7+,NA,5,0.279810637,0.036117379,0.302583337,0.373501033,0.208058372,0.096208327,0.019648915,statesector
2603,25,Delhi,1,30 to 45,NA,NA,NA,NA,5,0.058129255,0.019648336,0.019963471,0.098733932,0.274249136,0.345345289,0.26170817,statesector
2604,25,Delhi,1,46 to 64,NA,NA,NA,NA,5,0.0290561,0.00184173,0.005168529,0.055292767,0.131775409,0.309548199,0.498215079,statesector
2605,25,Delhi,1,NA,NA,NA,1,NA,5,0.039985832,0,0.025975,0.288124532,0.308042914,0.238416448,0.139441118,statesector
2606,25,Delhi,1,NA,NA,NA,2 to 3,NA,5,0.024041789,0,0.030416582,0.136827573,0.284713507,0.274457395,0.273584962,statesector
2612,25,Delhi,0,15 to 29,NA,NA,NA,NA,5,0.138469234,0.031960268,0.175429136,0.438278019,0.297416538,0.07252185,0.016354462,statesector
2617,25,Delhi,1,NA,NA,NA,NA,1,5,0.044753898,0.009513997,0.015647709,0.136742502,0.245638788,0.310344696,0.291626304,statesector
2618,25,Delhi,0,NA,NA,2,NA,NA,5,0.262650698,0.039260313,0.195314854,0.360239178,0.214024395,0.195309132,0.035112441,statesector
2620,25,Delhi,0,NA,Secondary,NA,NA,NA,5,0.063737758,0.004056515,0.107107699,0.31759569,0.306993425,0.215383619,0.052919552,statesector
2623,25,Delhi,0,46 to 64,NA,NA,NA,NA,5,0.214587346,0.033433214,0.203226373,0.30121994,0.248684317,0.191239581,0.055629797,statesector
2629,25,Delhi,1,15 to 29,NA,NA,NA,NA,5,0.038437221,0,0.017128566,0.338716358,0.353732079,0.24387686,0.046546157,statesector
2630,25,Delhi,0,NA,NA,NA,NA,1,5,0.203961447,0.029146882,0.205828175,0.353387326,0.246840194,0.154337525,0.039606772,statesector
2641,25,Delhi,0,30 to 45,NA,NA,NA,NA,5,0.167920589,0.028411057,0.185966939,0.367003411,0.253406465,0.1538302,0.039792981,statesector
2647,25,Delhi,0,65+,NA,NA,NA,NA,5,0.404579937,0.015991732,0.331755757,0.330805689,0.145932883,0.165650606,0.025855057,statesector
2711,27,Puducherry,1,15 to 29,NA,NA,NA,NA,5,0.036079019,0,0.029922182,0.084668681,0.240981191,0.347431004,0.296996921,statesector
2715,27,Puducherry,1,65+,NA,NA,NA,NA,5,0.032868758,0.001867572,0.027258761,0.033098638,0.094958514,0.221748635,0.622935474,statesector
2718,27,Puducherry,1,46 to 64,NA,NA,NA,NA,5,0.021314258,0.002924035,0.011469244,0.04301941,0.121448822,0.254954159,0.569108367,statesector
2719,27,Puducherry,0,65+,NA,NA,NA,NA,5,0.194481671,0.01226508,0.219869748,0.244208664,0.260759175,0.211316466,0.06384594,statesector
2720,27,Puducherry,0,NA,NA,NA,NA,NA,5,1,1,1,0,0,0,0,statesector
2722,27,Puducherry,1,NA,NA,NA,7+,NA,5,0.055762522,0.008836769,0.015727062,0.051300269,0.149479046,0.302410215,0.481083393,statesector
2723,27,Puducherry,1,NA,Higher,NA,NA,NA,5,0.002569922,0,0.000473447,0.006347163,0.034591917,0.134096473,0.824491024,statesector
2727,27,Puducherry,0,NA,NA,2,NA,NA,5,0.249017745,0.020803072,0.288237423,0.27144298,0.247878313,0.150593668,0.04184762,statesector
2730,27,Puducherry,1,30 to 45,NA,NA,NA,NA,5,0.041211106,0.002601156,0.017997721,0.086477578,0.19564271,0.285686165,0.414195836,statesector
2733,27,Puducherry,1,NA,NA,1,NA,NA,5,0.028064257,0.002491128,0.0149434,0.056451712,0.139817894,0.266300291,0.522486687,statesector
2742,27,Puducherry,0,NA,NA,NA,NA,NA,5,0.210633606,0,0.185215741,0.485180289,0.18280153,0.146802455,0,statesector
2745,27,Puducherry,0,NA,NA,1,NA,NA,5,0.131497443,0.020603329,0.154652432,0.24398686,0.280449748,0.240876794,0.080034152,statesector
2746,27,Puducherry,1,NA,NA,NA,1,NA,5,0.078421757,0.00397008,0.096841611,0.127400354,0.201945335,0.232907116,0.340905607,statesector
2747,27,Puducherry,1,NA,NA,NA,NA,NA,5,0,0,0,0,0,0.427168608,0.572831392,statesector
2752,27,Puducherry,1,NA,NA,NA,NA,1,5,0.030818436,0.002462172,0.01756553,0.057903718,0.147708327,0.264035344,0.512787104,statesector
2757,27,Puducherry,1,NA,Secondary,NA,NA,NA,5,0.013325844,0.000496548,0.008981111,0.052269593,0.150786519,0.310252666,0.477710098,statesector
2761,27,Puducherry,1,NA,NA,NA,2 to 3,NA,5,0.025656411,0.001086392,0.019903874,0.049642079,0.133203775,0.233797312,0.563452959,statesector
2767,27,Puducherry,0,NA,Secondary,NA,NA,NA,5,0.060676828,0.003681851,0.086834565,0.230290681,0.302418798,0.298637539,0.081818409,statesector
2768,27,Puducherry,1,NA,NA,2,NA,NA,5,0.046258841,0.00229984,0.031884424,0.065832809,0.190796256,0.251666963,0.459819555,statesector
2775,27,Puducherry,1,NA,NA,NA,4 to 6,NA,5,0.024778536,0.002038102,0.009400954,0.057962291,0.151480958,0.278604507,0.502551317,statesector
2778,27,Puducherry,0,NA,NA,NA,NA,1,5,0.147676826,0.020630199,0.172959879,0.247737199,0.275983721,0.228513584,0.07480561,statesector
2781,27,Puducherry,0,NA,Higher,NA,NA,NA,5,0.022058628,0.000745913,0.02390779,0.079174787,0.247522876,0.328282803,0.321111739,statesector
2782,27,Puducherry,0,46 to 64,NA,NA,NA,NA,5,0.121632867,0.012463092,0.146998569,0.234304294,0.288870573,0.245509863,0.084316701,statesector
2783,27,Puducherry,0,NA,NA,NA,2 to 3,NA,5,0.150612831,0.017138205,0.199075907,0.270902067,0.26763168,0.19623436,0.066155992,statesector
2784,27,Puducherry,1,NA,No education / Preschool,NA,NA,NA,5,0.132837385,0.015037496,0.076139972,0.152452409,0.255854875,0.306049317,0.209503412,statesector
2785,27,Puducherry,1,NA,Primary,NA,NA,NA,5,0.062186345,0.00392425,0.034366734,0.099290989,0.260257423,0.300290316,0.305794537,statesector
2786,27,Puducherry,0,NA,NA,NA,4 to 6,NA,5,0.113229223,0.021668965,0.137000024,0.235757232,0.292508215,0.25329408,0.081440456,statesector
2788,27,Puducherry,0,NA,NA,NA,7+,NA,5,0.161441475,0.027046032,0.142362997,0.22598432,0.262160927,0.274552464,0.094939277,statesector
2790,27,Puducherry,1,NA,NA,NA,NA,NA,5,0.030818436,0.002462172,0.01756553,0.057903718,0.147708327,0.264035344,0.512787104,statesector
2791,27,Puducherry,0,NA,Primary,NA,NA,NA,5,0.185986146,0.027721552,0.202440456,0.282854617,0.294012606,0.185434029,0.035258278,statesector
2794,27,Puducherry,0,NA,No education / Preschool,NA,NA,NA,5,0.320299417,0.053119492,0.362681836,0.305902272,0.217601031,0.100305021,0.013509849,statesector
2796,27,Puducherry,0,30 to 45,NA,NA,NA,NA,5,0.139761701,0.032270033,0.168495551,0.265750617,0.270173788,0.224622801,0.070957236,statesector
2802,27,Puducherry,0,NA,NA,NA,1,NA,5,0.411302626,0.015232901,0.439119309,0.286903083,0.196648225,0.063903004,0.013426381,statesector
2805,27,Puducherry,0,15 to 29,NA,NA,NA,NA,5,0.196244881,0.053177726,0.195570424,0.256593645,0.280458987,0.193799987,0.073576957,statesector
2807,27,Puducherry,0,NA,NA,NA,NA,NA,5,0.147676826,0.020630199,0.172959879,0.247737199,0.275983721,0.228513584,0.07480561,statesector
2820,28,Punjab,0,NA,NA,1,NA,NA,5,0.08893165,0.011080228,0.070576817,0.247548074,0.363255441,0.251371771,0.067247905,statesector
2821,28,Punjab,0,NA,NA,NA,1,NA,5,0.240319774,0.010536884,0.260922492,0.394271195,0.24543348,0.081915401,0.017457427,statesector
2822,28,Punjab,1,NA,NA,NA,4 to 6,NA,5,0.023561521,0,0.003165704,0.051730484,0.183046982,0.394140005,0.367916822,statesector
2828,28,Punjab,0,NA,NA,NA,NA,1,5,0.103727236,0.01162155,0.088182591,0.263307035,0.356952369,0.231910542,0.059647445,statesector
2838,28,Punjab,1,65+,NA,NA,NA,NA,5,0.02121122,0,0.027847223,0.089805529,0.20135881,0.327351898,0.353636563,statesector
2843,28,Punjab,1,NA,NA,1,NA,NA,5,0.022251187,0.001661741,0.009352712,0.057337657,0.178520456,0.365373939,0.389415205,statesector
2844,28,Punjab,0,NA,NA,NA,2 to 3,NA,5,0.098216549,0.008837326,0.092751488,0.269567609,0.361450046,0.221987769,0.054243099,statesector
2845,28,Punjab,0,15 to 29,NA,NA,NA,NA,5,0.148529708,0.020076334,0.088750802,0.263201535,0.394967288,0.209471211,0.043609153,statesector
2847,28,Punjab,0,NA,NA,NA,7+,NA,5,0.124540493,0.023917034,0.056907233,0.265072733,0.336662114,0.259783894,0.081574023,statesector
2848,28,Punjab,1,NA,NA,NA,1,NA,5,0.10390123,0.005471859,0.101355478,0.163624093,0.339760005,0.203748897,0.191511512,statesector
2849,28,Punjab,1,NA,NA,NA,7+,NA,5,0.046361931,0.008067154,0.028579256,0.086500138,0.172872692,0.429723591,0.282324314,statesector
2850,28,Punjab,1,46 to 64,NA,NA,NA,NA,5,0.024540827,0.000890136,0.013139596,0.063994639,0.172957659,0.329264432,0.420643657,statesector
2857,28,Punjab,0,NA,Primary,NA,NA,NA,5,0.090109766,0.01051213,0.059123147,0.250210792,0.412324399,0.237990856,0.040350799,statesector
2859,28,Punjab,0,30 to 45,NA,NA,NA,NA,5,0.087148584,0.014564748,0.063469365,0.247564539,0.37678495,0.25231716,0.059864003,statesector
2862,28,Punjab,1,NA,NA,NA,2 to 3,NA,5,0.016391292,0.001625885,0.009842536,0.070079736,0.198090851,0.346695125,0.375291735,statesector
2863,28,Punjab,1,NA,NA,NA,NA,1,5,0.02665079,0.001364771,0.013290864,0.068225622,0.199441582,0.362075508,0.356966406,statesector
2867,28,Punjab,1,NA,NA,NA,NA,NA,5,0,0,0,0,0,0.366237849,0.633762121,statesector
2871,28,Punjab,0,NA,No education / Preschool,NA,NA,NA,5,0.169857487,0.020486314,0.149322927,0.360583484,0.328723401,0.141581893,0.019788278,statesector
2873,28,Punjab,0,NA,NA,NA,4 to 6,NA,5,0.080809757,0.013228239,0.055285893,0.233154878,0.37525174,0.266022176,0.070285313,statesector
2874,28,Punjab,0,NA,NA,NA,NA,NA,5,0,0,0,0.194272652,0.469829679,0.335897654,0,statesector
2875,28,Punjab,0,NA,NA,2,NA,NA,5,0.167727754,0.013970422,0.1648812,0.332125872,0.3289437,0.147424921,0.026624288,statesector
2876,28,Punjab,1,NA,Primary,NA,NA,NA,5,0.043106962,0,0.020204712,0.080326058,0.264500618,0.428703636,0.206264973,statesector
2877,28,Punjab,1,NA,Secondary,NA,NA,NA,5,0.00715442,0,0.004985494,0.03644596,0.163164347,0.415359765,0.38004443,statesector
2879,28,Punjab,1,NA,Higher,NA,NA,NA,5,0.001969264,0,0.000586948,0.004237751,0.04467313,0.231199473,0.719302714,statesector
2886,28,Punjab,1,NA,NA,2,NA,NA,5,0.046869814,0,0.03159051,0.118819371,0.296656996,0.346748471,0.206184655,statesector
2888,28,Punjab,1,NA,No education / Preschool,NA,NA,NA,5,0.066975787,0.005270971,0.032782655,0.162240237,0.34104076,0.337689489,0.126246855,statesector
2890,28,Punjab,0,NA,NA,NA,NA,NA,5,0.103727236,0.01162155,0.088182591,0.263307035,0.356952369,0.231910542,0.059647445,statesector
2895,28,Punjab,0,NA,Secondary,NA,NA,NA,5,0.027409468,0.000901965,0.030265367,0.158563405,0.377999812,0.338242203,0.094929196,statesector
2900,28,Punjab,0,NA,Higher,NA,NA,NA,5,0.019245785,0,0.012243848,0.07412371,0.248972908,0.381933331,0.282726198,statesector
2901,28,Punjab,1,30 to 45,NA,NA,NA,NA,5,0.025094885,0.002580498,0.00805608,0.056757327,0.21491994,0.410852462,0.309414208,statesector
2907,28,Punjab,0,46 to 64,NA,NA,NA,NA,5,0.095794059,0.010248157,0.087741546,0.256818146,0.349225789,0.237948194,0.068266355,statesector
2908,28,Punjab,1,NA,NA,NA,NA,NA,5,0.02665079,0.001364771,0.013290864,0.068225622,0.199441582,0.362075508,0.356966406,statesector
2909,28,Punjab,0,65+,NA,NA,NA,NA,5,0.144408152,0.005522208,0.143463627,0.313516498,0.318778872,0.180197746,0.044043262,statesector
2911,28,Punjab,1,15 to 29,NA,NA,NA,NA,5,0.066602074,0,0.013913963,0.126133546,0.290210813,0.361668319,0.208073348,statesector
2919,29,Rajasthan,1,NA,NA,NA,1,NA,5,0.097899675,0,0.132463917,0.127456516,0.209545106,0.333569318,0.196965143,statesector
2921,29,Rajasthan,1,NA,NA,NA,7+,NA,5,0.05341268,0.002535741,0.022780709,0.080677204,0.222883791,0.370494574,0.303163707,statesector
2922,29,Rajasthan,1,NA,NA,NA,2 to 3,NA,5,0.022935117,0.003779202,0.028475702,0.043840837,0.168222383,0.325509548,0.433951527,statesector
2923,29,Rajasthan,0,NA,NA,NA,7+,NA,5,0.164628327,0.025635807,0.093340635,0.274353772,0.351917267,0.220926166,0.059462182,statesector
2925,29,Rajasthan,0,NA,NA,NA,4 to 6,NA,5,0.089890972,0.01784862,0.103162006,0.255259097,0.363277018,0.223245054,0.055056825,statesector
2926,29,Rajasthan,1,NA,NA,1,NA,NA,5,0.028880959,0.004440485,0.023965679,0.053400114,0.15930444,0.348638445,0.414691329,statesector
2929,29,Rajasthan,1,65+,NA,NA,NA,NA,5,0.036662228,0.000929451,0.037571933,0.064082794,0.152913079,0.317754805,0.427677393,statesector
2930,29,Rajasthan,1,30 to 45,NA,NA,NA,NA,5,0.033648524,0.005367083,0.022394752,0.056626961,0.188632891,0.364806652,0.36753875,statesector
2932,29,Rajasthan,1,NA,Higher,NA,NA,NA,5,0.005255328,0.000256084,0.00121323,0.008210158,0.057834238,0.242823988,0.689918399,statesector
2935,29,Rajasthan,0,65+,NA,NA,NA,NA,5,0.150663868,0.010491739,0.1369721,0.261888742,0.356354028,0.191502586,0.053282551,statesector
2939,29,Rajasthan,0,NA,NA,NA,NA,NA,5,0.091772914,0,0.274621934,0.100481585,0.389134198,0.120920204,0.114842065,statesector
2940,29,Rajasthan,1,15 to 29,NA,NA,NA,NA,5,0.04641743,0.025948573,0.080839984,0.081524603,0.163062155,0.321253359,0.353319913,statesector
2941,29,Rajasthan,1,NA,Secondary,NA,NA,NA,5,0.00830864,0.000600252,0.008927003,0.037541814,0.140932545,0.3789832,0.433615446,statesector
2942,29,Rajasthan,0,NA,NA,1,NA,NA,5,0.105300993,0.016063601,0.107501678,0.260843307,0.359312057,0.216329306,0.056013644,statesector
2950,29,Rajasthan,1,46 to 64,NA,NA,NA,NA,5,0.023420133,0.00063563,0.020305011,0.049664099,0.155978054,0.34659183,0.427460998,statesector
2951,29,Rajasthan,0,NA,Higher,NA,NA,NA,5,0.023282669,0,0.02345816,0.092697166,0.281898826,0.376637608,0.225308225,statesector
2953,29,Rajasthan,1,NA,NA,NA,4 to 6,NA,5,0.02695757,0.004248393,0.018522408,0.055679526,0.155911669,0.359290034,0.410596371,statesector
2954,29,Rajasthan,1,NA,Primary,NA,NA,NA,5,0.053892504,0.00876057,0.039482638,0.082451835,0.250325412,0.390213132,0.237526968,statesector
2956,29,Rajasthan,1,NA,NA,NA,NA,NA,5,0,0,0,1,0,0,0,statesector
2959,29,Rajasthan,0,NA,NA,NA,1,NA,5,0.390063137,0.006327469,0.37820825,0.32013604,0.229247987,0.059405182,0.013002544,statesector
2960,29,Rajasthan,0,NA,NA,NA,2 to 3,NA,5,0.1018176,0.008254478,0.121572107,0.262460589,0.364048183,0.196516126,0.055402968,statesector
2962,29,Rajasthan,0,46 to 64,NA,NA,NA,NA,5,0.100459896,0.010276803,0.109977111,0.246933937,0.36183995,0.223368451,0.057880554,statesector
2976,29,Rajasthan,0,NA,Secondary,NA,NA,NA,5,0.043360706,0.001585758,0.059617206,0.211146593,0.377437472,0.27385816,0.077940546,statesector
2978,29,Rajasthan,1,NA,NA,NA,NA,1,5,0.030760573,0.003751456,0.027282557,0.056452792,0.167919546,0.346936762,0.401408345,statesector
2980,29,Rajasthan,1,NA,No education / Preschool,NA,NA,NA,5,0.091193415,0.011050998,0.086708061,0.129970238,0.285778046,0.350623161,0.146920457,statesector
2992,29,Rajasthan,1,NA,NA,NA,NA,NA,5,0.030760573,0.003751456,0.027282557,0.056452792,0.167919546,0.346936762,0.401408345,statesector
2993,29,Rajasthan,0,NA,NA,NA,NA,NA,5,0.119948737,0.015190968,0.122349501,0.26347658,0.354888886,0.205788285,0.053496756,statesector
2998,29,Rajasthan,0,NA,Primary,NA,NA,NA,5,0.121459581,0.015485789,0.108476073,0.271696955,0.385501325,0.198537365,0.035788268,statesector
2999,29,Rajasthan,0,NA,NA,2,NA,NA,5,0.170509681,0.012178819,0.173891202,0.272617519,0.339534521,0.169196948,0.04475981,statesector
3000,29,Rajasthan,1,NA,NA,2,NA,NA,5,0.036669873,0.001585225,0.037626565,0.065972872,0.194786564,0.341629893,0.35998413,statesector
3001,29,Rajasthan,0,NA,No education / Preschool,NA,NA,NA,5,0.201529741,0.02940348,0.199840367,0.330800802,0.32913363,0.124096744,0.016128462,statesector
3003,29,Rajasthan,0,30 to 45,NA,NA,NA,NA,5,0.121160351,0.021818645,0.128819942,0.279540956,0.352003932,0.192468807,0.047166355,statesector
3008,29,Rajasthan,0,NA,NA,NA,NA,1,5,0.119948737,0.015190968,0.122349501,0.26347658,0.354888886,0.205788285,0.053496756,statesector
3023,29,Rajasthan,0,15 to 29,NA,NA,NA,NA,5,0.162987098,0.049641035,0.127160788,0.344887257,0.276673555,0.194294319,0.056984071,statesector
3027,30,Sikkim,0,30 to 45,NA,NA,NA,NA,5,0.062544681,0.009360235,0.015457359,0.066453777,0.223740622,0.358639538,0.335708678,statesector
3031,30,Sikkim,0,NA,NA,1,NA,NA,5,0.027457641,0.002617326,0.009047423,0.050373312,0.125922039,0.312903285,0.501753926,statesector
3033,30,Sikkim,1,NA,NA,NA,NA,NA,5,NA,NA,0,0,0,0,1,statesector
3034,30,Sikkim,0,65+,NA,NA,NA,NA,5,0.021624792,0,0.009985421,0.043327589,0.113935791,0.357007235,0.475743949,statesector
3035,30,Sikkim,1,NA,Secondary,NA,NA,NA,5,0.003293926,0,0,0.015575375,0.078929946,0.180221796,0.725272894,statesector
3037,30,Sikkim,0,46 to 64,NA,NA,NA,NA,5,0.018553717,0,0.011590003,0.024930494,0.117782764,0.317500144,0.528196573,statesector
3039,30,Sikkim,0,NA,NA,NA,1,NA,5,0.106088459,0,0.071375288,0.112557933,0.132962227,0.384536862,0.298567712,statesector
3042,30,Sikkim,1,NA,Higher,NA,NA,NA,5,0,0,0.003353996,0,0.034160066,0.062544085,0.899941862,statesector
3050,30,Sikkim,1,NA,NA,1,NA,NA,5,0.006245947,0,0.004930198,0.019491833,0.076381542,0.184278831,0.7149176,statesector
3051,30,Sikkim,0,15 to 29,NA,NA,NA,NA,5,0.144454896,0,0,0.516372204,0.125039399,0.311219662,0.04736875,statesector
3052,30,Sikkim,1,15 to 29,NA,NA,NA,NA,5,0.033271052,0,0,0.122814514,0.278630227,0.322948188,0.275607079,statesector
3053,30,Sikkim,1,30 to 45,NA,NA,NA,NA,5,0.012094467,0,0.013964101,0.034973748,0.117861085,0.210552454,0.622648597,statesector
3062,30,Sikkim,0,NA,NA,NA,2 to 3,NA,5,0.029397896,0,0.010076508,0.07617119,0.179349273,0.314532787,0.419870257,statesector
3064,30,Sikkim,0,NA,No education / Preschool,NA,NA,NA,5,0.050179135,0,0.036061272,0.107277237,0.184923694,0.456660658,0.215077132,statesector
3067,30,Sikkim,0,NA,NA,NA,4 to 6,NA,5,0.018663984,0,0.002463224,0.031334642,0.114224277,0.337126702,0.514851153,statesector
3072,30,Sikkim,0,NA,NA,NA,NA,NA,5,0.030935356,0.001850329,0.011668674,0.049922518,0.138275921,0.33600989,0.464122981,statesector
3088,30,Sikkim,1,NA,NA,NA,NA,NA,5,0.005007149,0,0.00393306,0.018583305,0.078020617,0.193635419,0.705827594,statesector
3093,30,Sikkim,0,NA,Primary,NA,NA,NA,5,0.095488168,0.010579852,0.024633458,0.046208374,0.22143583,0.34359473,0.364127606,statesector
3094,30,Sikkim,1,46 to 64,NA,NA,NA,NA,5,0,0,0,0.004681178,0.057658833,0.182685465,0.754974544,statesector
3095,30,Sikkim,1,65+,NA,NA,NA,NA,5,0,0,0,0.004429467,0.025275642,0.166645333,0.803649545,statesector
3096,30,Sikkim,1,NA,NA,NA,4 to 6,NA,5,0.005117943,0,0.001826234,0.025060121,0.070009619,0.18469198,0.718412042,statesector
3097,30,Sikkim,1,NA,No education / Preschool,NA,NA,NA,5,0.014000514,0,0,0.026399689,0.134948328,0.326400518,0.512251437,statesector
3098,30,Sikkim,1,NA,NA,NA,7+,NA,5,0,0,0,0,0.064723291,0.310801715,0.624475002,statesector
3110,30,Sikkim,1,NA,NA,NA,NA,1,5,0.005007149,0,0.00393306,0.018583305,0.078020617,0.193635419,0.705827594,statesector
3113,30,Sikkim,0,NA,NA,NA,NA,1,5,0.030935356,0.001850329,0.011668674,0.049922518,0.138275921,0.33600989,0.464122981,statesector
3118,30,Sikkim,0,NA,NA,NA,7+,NA,5,0.050126068,0.028234994,0.027733011,0,0.136552244,0.379584789,0.456129968,statesector
3119,30,Sikkim,1,NA,NA,NA,2 to 3,NA,5,0.004459534,0,0.00770312,0.012739318,0.086213879,0.186541021,0.706802666,statesector
3120,30,Sikkim,0,NA,NA,2,NA,NA,5,0.039325111,0,0.017990356,0.048835333,0.168069825,0.391736239,0.373368233,statesector
3121,30,Sikkim,1,NA,Primary,NA,NA,NA,5,0.011051253,0,0.02210767,0.051965293,0.095307313,0.334213734,0.496405989,statesector
3122,30,Sikkim,0,NA,Higher,NA,NA,NA,5,0.014658186,0,0,0,0.007757874,0.107770033,0.884472072,statesector
3123,30,Sikkim,1,NA,NA,NA,1,NA,5,0.020184496,0,0,0.020184496,0.138879403,0.197207153,0.643728971,statesector
3124,30,Sikkim,0,NA,Secondary,NA,NA,NA,5,0.008038729,0,0.002332807,0.042342391,0.117503025,0.335304469,0.502517283,statesector
3127,30,Sikkim,1,NA,NA,2,NA,NA,5,0,0,0,0.014999758,0.084485687,0.230541021,0.669973552,statesector
3128,30,Sikkim,0,NA,NA,NA,NA,NA,5,0,0,0,0,1,0,0,statesector
3131,31,Tamil Nadu,1,NA,NA,1,NA,NA,5,0.004687534,0,0.002587413,0.009725139,0.128198847,0.444320679,0.415167928,statesector
3135,31,Tamil Nadu,0,NA,NA,1,NA,NA,5,0.020824872,0,0,0.080455154,0.319678843,0.513571858,0.086294129,statesector
3139,31,Tamil Nadu,1,NA,NA,NA,4 to 6,NA,5,0.005642283,0,0.003093573,0.008714118,0.105361819,0.43613261,0.446697861,statesector
3144,31,Tamil Nadu,0,NA,No education / Preschool,NA,NA,NA,5,0,0,0,0.098332226,0.501726389,0.399941415,0,statesector
3146,31,Tamil Nadu,1,15 to 29,NA,NA,NA,NA,5,0,0,0,0,0.194731846,0.300724119,0.50454402,statesector
3151,31,Tamil Nadu,1,NA,No education / Preschool,NA,NA,NA,5,0.012660996,0,0,0.024954492,0.126825616,0.621743262,0.226476654,statesector
3152,31,Tamil Nadu,1,NA,Primary,NA,NA,NA,5,0.010261711,0,0,0.020922197,0.145245403,0.519746661,0.314085752,statesector
3159,31,Tamil Nadu,0,NA,NA,NA,NA,NA,5,0.01314604,0,0,0.082460664,0.319315046,0.477263004,0.120961279,statesector
3160,31,Tamil Nadu,1,NA,NA,NA,NA,NA,5,0.005366297,0,0.001445066,0.010915746,0.122600548,0.450827181,0.414211452,statesector
3164,31,Tamil Nadu,0,NA,Secondary,NA,NA,NA,5,0.022943154,0,0,0.057221007,0.304319173,0.525081277,0.11337854,statesector
3170,31,Tamil Nadu,0,NA,Primary,NA,NA,NA,5,0,0,0,0.136038497,0.369989663,0.41295144,0.081020392,statesector
3171,31,Tamil Nadu,1,65+,NA,NA,NA,NA,5,0.005319324,0,0,0,0.112593763,0.522250831,0.365155369,statesector
3173,31,Tamil Nadu,1,NA,NA,NA,2 to 3,NA,5,0.004788346,0,0,0.023586644,0.114185862,0.476483047,0.385744452,statesector
3176,31,Tamil Nadu,1,NA,NA,NA,7+,NA,5,0.007512495,0,0,0,0.116245136,0.484537929,0.39921692,statesector
3180,31,Tamil Nadu,0,46 to 64,NA,NA,NA,NA,5,0.015267197,0,0,0.079956822,0.274954826,0.497553378,0.147534981,statesector
3181,31,Tamil Nadu,0,65+,NA,NA,NA,NA,5,0,0,0,0.131192148,0.209279597,0.618444204,0.041084033,statesector
3182,31,Tamil Nadu,0,NA,NA,NA,2 to 3,NA,5,0,0,0,0.155601427,0.353138238,0.404061586,0.087198742,statesector
3186,31,Tamil Nadu,0,NA,NA,NA,7+,NA,5,0,0,0,0.041991729,0.236470357,0.451039225,0.270498693,statesector
3187,31,Tamil Nadu,0,NA,Higher,NA,NA,NA,5,0,0,0,0,0,0.408481717,0.591518283,statesector
3190,31,Tamil Nadu,0,15 to 29,NA,NA,NA,NA,5,0.17205146,0,0,0,0.462604403,0.415888876,0.121506706,statesector
3197,31,Tamil Nadu,1,30 to 45,NA,NA,NA,NA,5,0.006206542,0,0.006454027,0.024386538,0.129903257,0.387635529,0.451620668,statesector
3198,31,Tamil Nadu,1,46 to 64,NA,NA,NA,NA,5,0.005303096,0,0,0.011011894,0.120478615,0.451033652,0.417475849,statesector
3200,31,Tamil Nadu,1,NA,NA,NA,1,NA,5,0,0,0,0,0.306783259,0.345838428,0.347378314,statesector
3202,31,Tamil Nadu,0,30 to 45,NA,NA,NA,NA,5,0,0,0,0.07606332,0.429845244,0.391875774,0.102215655,statesector
3204,31,Tamil Nadu,0,NA,NA,2,NA,NA,5,0,0,0,0.085975334,0.318677485,0.413631648,0.181715533,statesector
3205,31,Tamil Nadu,1,NA,NA,2,NA,NA,5,0.006231686,0,0,0.012421863,0.115518712,0.459057927,0.413001508,statesector
3207,31,Tamil Nadu,0,NA,NA,NA,4 to 6,NA,5,0.024250153,0,0,0.054220054,0.323858529,0.540285647,0.081635766,statesector
3217,31,Tamil Nadu,1,NA,NA,NA,NA,1,5,0.005366297,0,0.001445066,0.010915746,0.122600548,0.450827181,0.414211452,statesector
3223,31,Tamil Nadu,0,NA,NA,NA,1,NA,5,0,0,0,0.198863804,0.421173722,0.256411523,0.123550959,statesector
3224,31,Tamil Nadu,0,NA,NA,NA,NA,1,5,0.01314604,0,0,0.082460664,0.319315046,0.477263004,0.120961279,statesector
3225,31,Tamil Nadu,1,NA,Secondary,NA,NA,NA,5,0.002583208,0,0.002811803,0.005216434,0.126282275,0.412048608,0.453640878,statesector
3229,31,Tamil Nadu,1,NA,Higher,NA,NA,NA,5,0,0,0,0,0.048760254,0.303033262,0.648206472,statesector
3235,32,Tripura,1,15 to 29,NA,NA,NA,NA,5,0.013902522,0,0.013701096,0.022568516,0.190678641,0.334300905,0.438750833,statesector
3247,32,Tripura,1,NA,NA,NA,NA,NA,5,0,0,0,0,0,0,1,statesector
3253,32,Tripura,1,NA,Higher,NA,NA,NA,5,0,0,0,0.002765035,0.018250797,0.116103865,0.86288029,statesector
3254,32,Tripura,0,NA,NA,NA,1,NA,5,0.069181316,0,0.083767198,0.203257099,0.317728221,0.217386425,0.177861035,statesector
3257,32,Tripura,0,65+,NA,NA,NA,NA,5,0.025754698,0.000840029,0.028320985,0.091115966,0.24923183,0.359394938,0.271936268,statesector
3268,32,Tripura,0,NA,NA,NA,2 to 3,NA,5,0.015745042,0.0016104,0.016198855,0.095138006,0.259387821,0.348311037,0.280964255,statesector
3269,32,Tripura,1,30 to 45,NA,NA,NA,NA,5,0.006673089,0,0.004590346,0.034288436,0.121996425,0.334358454,0.504766345,statesector
3279,32,Tripura,1,NA,NA,1,NA,NA,5,0.002864026,0,0.004289119,0.023719573,0.108480342,0.318254501,0.545256436,statesector
3282,32,Tripura,1,NA,NA,NA,NA,NA,5,0.005754241,0,0.005414717,0.027930124,0.116794072,0.330895841,0.518965244,statesector
3283,32,Tripura,1,46 to 64,NA,NA,NA,NA,5,0.003283876,0,0.00335458,0.02569519,0.115635999,0.332695633,0.522618592,statesector
3286,32,Tripura,0,NA,NA,2,NA,NA,5,0.029394433,0.000581063,0.032421712,0.11577893,0.268575579,0.360007077,0.223216712,statesector
3291,32,Tripura,0,NA,NA,NA,NA,1,5,0.016030446,0.000750377,0.017716054,0.081909329,0.251357794,0.37100473,0.278012097,statesector
3292,32,Tripura,1,NA,No education / Preschool,NA,NA,NA,5,0.032674544,0,0.034903888,0.105970822,0.249816164,0.430284202,0.179024935,statesector
3293,32,Tripura,1,NA,Primary,NA,NA,NA,5,0.015561613,0,0.011863004,0.052429836,0.189756334,0.436313987,0.309636831,statesector
3294,32,Tripura,0,46 to 64,NA,NA,NA,NA,5,0.010762881,0.000595905,0.011537636,0.078577518,0.254081905,0.367160052,0.288642883,statesector
3295,32,Tripura,0,30 to 45,NA,NA,NA,NA,5,0.014913999,0.001059883,0.019379659,0.07608819,0.249522299,0.395257831,0.259752005,statesector
3297,32,Tripura,0,NA,NA,NA,4 to 6,NA,5,0.008007672,0.000173496,0.010248041,0.057992179,0.238132,0.401786029,0.291841745,statesector
3298,32,Tripura,1,65+,NA,NA,NA,NA,5,0.009375195,0,0.009559625,0.027433217,0.111581884,0.32465905,0.526766241,statesector
3305,32,Tripura,1,NA,NA,NA,NA,1,5,0.005754241,0,0.005414717,0.027930124,0.116794072,0.330895841,0.518965244,statesector
3307,32,Tripura,1,NA,Secondary,NA,NA,NA,5,0.002764313,0,0.003282323,0.022407055,0.110139534,0.341631204,0.522539914,statesector
3308,32,Tripura,0,NA,NA,NA,NA,NA,5,0.016030446,0.000750377,0.017716054,0.081909329,0.251357794,0.37100473,0.278012097,statesector
3312,32,Tripura,0,NA,NA,NA,7+,NA,5,0.024491346,0,0.017302893,0.045614973,0.226452172,0.460032851,0.250597119,statesector
3313,32,Tripura,1,NA,NA,2,NA,NA,5,0.015132518,0,0.009024661,0.041433923,0.143457294,0.371438324,0.434645802,statesector
3317,32,Tripura,0,NA,Primary,NA,NA,NA,5,0.024594501,0.001539801,0.02273437,0.133087516,0.341979474,0.380946666,0.121251971,statesector
3318,32,Tripura,0,NA,NA,NA,NA,NA,5,0,0,0,0.099303059,0.201484784,0.316162705,0.383049458,statesector
3320,32,Tripura,0,NA,NA,1,NA,NA,5,0.011954387,0.000802019,0.013225079,0.071565859,0.246099651,0.374363303,0.294746101,statesector
3321,32,Tripura,0,15 to 29,NA,NA,NA,NA,5,0.056864567,0,0.033007003,0.135925993,0.215262279,0.337069362,0.27873534,statesector
3323,32,Tripura,1,NA,NA,NA,4 to 6,NA,5,0.002977301,0,0.001707805,0.021756314,0.09394937,0.327263057,0.555323422,statesector
3325,32,Tripura,0,NA,No education / Preschool,NA,NA,NA,5,0.09915892,0.004534204,0.102964401,0.258461565,0.358800739,0.247972921,0.031800393,statesector
3326,32,Tripura,1,NA,NA,NA,1,NA,5,0.042371847,0,0.037357811,0.089629866,0.198075503,0.320492208,0.354444623,statesector
3327,32,Tripura,0,NA,Secondary,NA,NA,NA,5,0.005777853,0.000134656,0.00863958,0.053085018,0.235973984,0.404117197,0.298184216,statesector
3328,32,Tripura,1,NA,NA,NA,7+,NA,5,0.00387539,0,0,0.012570138,0.134886384,0.362189531,0.490353942,statesector
3333,32,Tripura,1,NA,NA,NA,2 to 3,NA,5,0.003113273,0,0.00547144,0.02749316,0.129240617,0.332792312,0.505002439,statesector
3336,32,Tripura,0,NA,Higher,NA,NA,NA,5,0,0,0.000941649,0.010338521,0.049540021,0.226245403,0.712934434,statesector
3338,33,Uttar Pradesh,1,NA,No education / Preschool,NA,NA,NA,5,0.089913331,0.001216687,0.117524028,0.184834048,0.288608104,0.277452946,0.131580874,statesector
3341,33,Uttar Pradesh,1,NA,Secondary,NA,NA,NA,5,0.008867085,0,0.010865163,0.057737563,0.166775525,0.349025965,0.41559577,statesector
3342,33,Uttar Pradesh,0,NA,Higher,NA,NA,NA,5,0.009356521,0.001095877,0.009890203,0.075214528,0.222206831,0.409855217,0.282833248,statesector
3345,33,Uttar Pradesh,1,NA,Primary,NA,NA,NA,5,0.04584885,0.003400625,0.039837305,0.119155951,0.263828218,0.383550167,0.193628341,statesector
3350,33,Uttar Pradesh,0,NA,Secondary,NA,NA,NA,5,0.018663058,0.000662523,0.0387761,0.193676248,0.376138657,0.296854645,0.09455432,statesector
3352,33,Uttar Pradesh,0,NA,NA,1,NA,NA,5,0.058694873,0.003273823,0.078526773,0.238436922,0.347864598,0.252966583,0.082205132,statesector
3353,33,Uttar Pradesh,1,NA,NA,1,NA,NA,5,0.018270418,0.000844413,0.019756561,0.063454807,0.164208815,0.315013438,0.4375664,statesector
3354,33,Uttar Pradesh,1,NA,Higher,NA,NA,NA,5,0.000526662,0,0.000359656,0.008886159,0.043077301,0.186288238,0.761388659,statesector
3355,33,Uttar Pradesh,1,NA,NA,NA,NA,NA,5,0,0,0,0,0,0,1,statesector
3359,33,Uttar Pradesh,0,NA,NA,NA,NA,1,5,0.079699799,0.003383207,0.102000333,0.256869555,0.33820954,0.231996402,0.07092417,statesector
3363,33,Uttar Pradesh,0,NA,NA,NA,NA,NA,5,0.039736141,0.039736141,0,0.325829983,0.267187744,0.381234854,0.025747415,statesector
3364,33,Uttar Pradesh,1,NA,NA,NA,7+,NA,5,0.037454803,0,0.019902593,0.058352381,0.126016706,0.330105364,0.465622962,statesector
3367,33,Uttar Pradesh,0,NA,NA,2,NA,NA,5,0.139188126,0.003692996,0.168916032,0.309415191,0.310685992,0.172217071,0.038765728,statesector
3368,33,Uttar Pradesh,1,NA,NA,2,NA,NA,5,0.054186173,0.000820389,0.063528746,0.131025985,0.233155727,0.31654194,0.255747616,statesector
3391,33,Uttar Pradesh,0,NA,Primary,NA,NA,NA,5,0.086363532,0.006241198,0.104901873,0.282826781,0.37022534,0.203805313,0.03824069,statesector
3398,33,Uttar Pradesh,0,46 to 64,NA,NA,NA,NA,5,0.066448279,0.003046002,0.090201132,0.250949442,0.3354716,0.243660688,0.079717122,statesector
3403,33,Uttar Pradesh,1,NA,NA,NA,2 to 3,NA,5,0.019920833,0.00088584,0.027600387,0.074141443,0.180954784,0.321783692,0.395519704,statesector
3404,33,Uttar Pradesh,1,NA,NA,NA,4 to 6,NA,5,0.017753037,0.000837106,0.01506017,0.061087389,0.160325885,0.32361123,0.439915329,statesector
3409,33,Uttar Pradesh,0,15 to 29,NA,NA,NA,NA,5,0.060700763,0.007694591,0.064184234,0.228979573,0.407550454,0.247232944,0.052052792,statesector
3412,33,Uttar Pradesh,0,NA,NA,NA,1,NA,5,0.270414203,0.003833806,0.293253124,0.400614351,0.224479362,0.06969665,0.011956529,statesector
3414,33,Uttar Pradesh,1,65+,NA,NA,NA,NA,5,0.046201129,0.000441514,0.056914952,0.093368828,0.19140777,0.259907097,0.39840135,statesector
3416,33,Uttar Pradesh,1,46 to 64,NA,NA,NA,NA,5,0.021385502,0.000595331,0.025294589,0.071382754,0.165645272,0.304010928,0.433666438,statesector
3423,33,Uttar Pradesh,0,65+,NA,NA,NA,NA,5,0.1619609,0.000851549,0.19487977,0.310037702,0.266068518,0.17066735,0.058346678,statesector
3424,33,Uttar Pradesh,1,NA,NA,NA,NA,1,5,0.025956955,0.000839213,0.028917994,0.077569276,0.178651348,0.315312684,0.39954868,statesector
3426,33,Uttar Pradesh,0,NA,NA,NA,7+,NA,5,0.042595588,0.006830418,0.041834671,0.204310343,0.34624806,0.311083406,0.096523523,statesector
3427,33,Uttar Pradesh,1,15 to 29,NA,NA,NA,NA,5,0.030515835,0.001052867,0.02089338,0.081129991,0.228579864,0.367427975,0.301968783,statesector
3429,33,Uttar Pradesh,0,NA,NA,NA,4 to 6,NA,5,0.033202808,0.003186727,0.049652915,0.207449034,0.374705464,0.280209273,0.087983333,statesector
3432,33,Uttar Pradesh,0,30 to 45,NA,NA,NA,NA,5,0.048228543,0.004896606,0.064276904,0.234916002,0.378679663,0.252867728,0.069259688,statesector
3436,33,Uttar Pradesh,0,NA,NA,NA,2 to 3,NA,5,0.076989517,0.003184945,0.108048066,0.272291929,0.331331521,0.220767528,0.067560948,statesector
3437,33,Uttar Pradesh,1,30 to 45,NA,NA,NA,NA,5,0.019749846,0.001395267,0.018521063,0.076590098,0.183760583,0.357671857,0.363456398,statesector
3438,33,Uttar Pradesh,0,NA,NA,NA,NA,NA,5,0.079699799,0.003383207,0.102000333,0.256869555,0.33820954,0.231996402,0.07092417,statesector
3440,33,Uttar Pradesh,0,NA,No education / Preschool,NA,NA,NA,5,0.18283847,0.005280071,0.218411818,0.37266162,0.278156519,0.11618194,0.014588109,statesector
3441,33,Uttar Pradesh,1,NA,NA,NA,NA,NA,5,0.025956955,0.000839213,0.028917994,0.077569276,0.178651348,0.315312684,0.39954868,statesector
3444,33,Uttar Pradesh,1,NA,NA,NA,1,NA,5,0.086309597,0.00085666,0.104715452,0.178633064,0.271566957,0.241184503,0.203900024,statesector
3445,34,Uttarakhand,1,NA,No education / Preschool,NA,NA,NA,5,0.054626048,0.000606579,0.048330456,0.119874813,0.228154287,0.454973549,0.148666888,statesector
3449,34,Uttarakhand,0,NA,Higher,NA,NA,NA,5,0,0,0.005111458,0.006972449,0.113076009,0.143458933,0.731381118,statesector
3451,34,Uttarakhand,1,NA,Primary,NA,NA,NA,5,0.042378943,0,0.021826839,0.078667492,0.190353081,0.384452552,0.324700028,statesector
3455,34,Uttarakhand,1,NA,NA,NA,NA,NA,5,0,0,0,0,0.178834349,0.821165681,0,statesector
3462,34,Uttarakhand,0,NA,Secondary,NA,NA,NA,5,0.003736265,0,0.050324589,0.154045492,0.224946901,0.281987876,0.288695127,statesector
3464,34,Uttarakhand,1,NA,NA,NA,7+,NA,5,0.097812004,0,0.031162309,0.009696702,0.099856585,0.475103766,0.384180635,statesector
3467,34,Uttarakhand,1,30 to 45,NA,NA,NA,NA,5,0.013547518,0,0.015361498,0.039083879,0.12021932,0.322251916,0.503083408,statesector
3471,34,Uttarakhand,0,NA,NA,2,NA,NA,5,0.090572909,0.012473393,0.137104198,0.233953312,0.299971521,0.238141015,0.090829968,statesector
3472,34,Uttarakhand,1,15 to 29,NA,NA,NA,NA,5,0.026702069,0.002114457,0.019663038,0.019878071,0.237160549,0.29104957,0.432248771,statesector
3473,34,Uttarakhand,1,NA,Higher,NA,NA,NA,5,0.002075076,0,0.001166306,0.011530126,0.028935511,0.136712849,0.821655214,statesector
3475,34,Uttarakhand,0,NA,NA,NA,4 to 6,NA,5,0.002348521,0,0.037453111,0.154586673,0.270593733,0.26555106,0.271815419,statesector
3477,34,Uttarakhand,0,NA,No education / Preschool,NA,NA,NA,5,0.089722894,0.015457208,0.123822294,0.279253125,0.273580998,0.268573552,0.054770049,statesector
3478,34,Uttarakhand,0,NA,Primary,NA,NA,NA,5,0.050272372,0,0.096516557,0.251151294,0.277802646,0.266571641,0.107957885,statesector
3485,34,Uttarakhand,1,NA,Secondary,NA,NA,NA,5,0.00279642,0,0.011587291,0.027405344,0.098266922,0.315101326,0.547639132,statesector
3486,34,Uttarakhand,0,NA,NA,1,NA,NA,5,0.012776799,0.000717437,0.049964055,0.17167981,0.21379143,0.270732939,0.293831766,statesector
3487,34,Uttarakhand,0,65+,NA,NA,NA,NA,5,0.10656672,0.016488856,0.164974034,0.20017834,0.264289141,0.212184682,0.158373803,statesector
3489,34,Uttarakhand,0,NA,NA,NA,7+,NA,5,0.040910855,0,0.020684168,0.153340146,0.142926514,0.442349762,0.240699396,statesector
3493,34,Uttarakhand,1,NA,NA,2,NA,NA,5,0.038276233,0,0.041423161,0.121221058,0.14958699,0.388070822,0.299697995,statesector
3495,34,Uttarakhand,1,NA,NA,NA,NA,1,5,0.01501315,6.96E-05,0.014568343,0.041671317,0.109362677,0.295766443,0.538631201,statesector
3503,34,Uttarakhand,1,46 to 64,NA,NA,NA,NA,5,0.010890693,0,0.008352682,0.027084116,0.094794951,0.305498421,0.564269841,statesector
3504,34,Uttarakhand,1,65+,NA,NA,NA,NA,5,0.025022574,0,0.027333668,0.085236385,0.10323339,0.228077263,0.556119263,statesector
3505,34,Uttarakhand,1,NA,NA,NA,4 to 6,NA,5,0.004862821,0.00013546,0.008191677,0.018130992,0.111088388,0.298784792,0.56380415,statesector
3508,34,Uttarakhand,0,NA,NA,NA,NA,1,5,0.032342445,0.003674048,0.071797051,0.187282458,0.235383883,0.262567014,0.242969573,statesector
3513,34,Uttarakhand,0,46 to 64,NA,NA,NA,NA,5,0.021288924,0.001115038,0.053894334,0.179511964,0.212440282,0.295012563,0.259140849,statesector
3527,34,Uttarakhand,1,NA,NA,NA,NA,NA,5,0.01501315,6.96E-05,0.014568343,0.041671317,0.109362677,0.295766443,0.538631201,statesector
3528,34,Uttarakhand,0,NA,NA,NA,1,NA,5,0.238907441,0.042360108,0.283355057,0.315340608,0.195074901,0.161475584,0.044753827,statesector
3529,34,Uttarakhand,1,NA,NA,1,NA,NA,5,0.009107112,8.73E-05,0.007988529,0.022180494,0.099507146,0.273150563,0.597173274,statesector
3533,34,Uttarakhand,1,NA,NA,NA,2 to 3,NA,5,0.006950396,0,0.013525959,0.041919999,0.079831839,0.297088414,0.567633808,statesector
3538,34,Uttarakhand,0,NA,NA,NA,2 to 3,NA,5,0.032715153,0.001437086,0.083300047,0.211321279,0.200638294,0.263913333,0.240827054,statesector
3540,34,Uttarakhand,0,NA,NA,NA,NA,NA,5,0.032342445,0.003674048,0.071797051,0.187282458,0.235383883,0.262567014,0.242969573,statesector
3542,34,Uttarakhand,0,15 to 29,NA,NA,NA,NA,5,0.040750403,0,0.039606199,0.259294689,0.211134225,0.288014799,0.201950103,statesector
3545,34,Uttarakhand,1,NA,NA,NA,1,NA,5,0.099991143,0,0.06591852,0.258536845,0.293180346,0.157488063,0.224876225,statesector
3546,34,Uttarakhand,0,30 to 45,NA,NA,NA,NA,5,0.002065281,0,0.044859331,0.184824586,0.256873995,0.239087999,0.2743541,statesector
3551,35,West Bengal,0,65+,NA,NA,NA,NA,5,0.080703467,0.008741315,0.131427944,0.24604325,0.347313046,0.206299797,0.068915978,statesector
3554,35,West Bengal,1,NA,NA,NA,NA,NA,5,0,0,0,0.300151855,0.569825172,0,0.130022988,statesector
3555,35,West Bengal,0,NA,NA,NA,2 to 3,NA,5,0.046640743,0.005663772,0.117790416,0.230595395,0.312022835,0.259476453,0.080114916,statesector
3556,35,West Bengal,1,15 to 29,NA,NA,NA,NA,5,0.069496922,0,0.031247592,0.254423201,0.179425478,0.47105062,0.0638531,statesector
3562,35,West Bengal,1,30 to 45,NA,NA,NA,NA,5,0.009069195,0,0.011595056,0.058899581,0.257662475,0.397983611,0.273859262,statesector
3563,35,West Bengal,0,46 to 64,NA,NA,NA,NA,5,0.057967123,0.009679993,0.117569178,0.215397656,0.264432847,0.297637612,0.104962699,statesector
3564,35,West Bengal,0,NA,NA,NA,1,NA,5,0.144387692,0.006436444,0.152260661,0.27403897,0.356676817,0.198538184,0.018485373,statesector
3566,35,West Bengal,0,NA,Secondary,NA,NA,NA,5,0.02123471,0.00231932,0.078112841,0.183780879,0.298348248,0.331543148,0.1082149,statesector
3580,35,West Bengal,0,NA,Primary,NA,NA,NA,5,0.086157866,0.005195404,0.161232382,0.291548014,0.309969574,0.205294371,0.031955659,statesector
3581,35,West Bengal,1,NA,Higher,NA,NA,NA,5,0,0,0,0.020171395,0.017096933,0.280288726,0.682442963,statesector
3587,35,West Bengal,0,NA,Higher,NA,NA,NA,5,0,0,0.006199955,0.017831214,0.251899451,0.375230163,0.348839194,statesector
3590,35,West Bengal,0,NA,NA,NA,4 to 6,NA,5,0.05122298,0.009419516,0.130078092,0.194290936,0.289093137,0.289609343,0.096928507,statesector
3591,35,West Bengal,0,NA,NA,NA,7+,NA,5,0.046622667,0,0.090892829,0.155533627,0.186546102,0.425400496,0.141626954,statesector
3593,35,West Bengal,0,NA,No education / Preschool,NA,NA,NA,5,0.119118482,0.021073038,0.221177593,0.256799936,0.314325988,0.185644984,0.022051487,statesector
3601,35,West Bengal,0,30 to 45,NA,NA,NA,NA,5,0.039746322,0.003949728,0.133340836,0.195014805,0.331300855,0.2685574,0.071786113,statesector
3602,35,West Bengal,0,NA,NA,2,NA,NA,5,0.062043507,0,0.09451542,0.193964615,0.321507722,0.322644562,0.06736768,statesector
3603,35,West Bengal,1,NA,NA,2,NA,NA,5,0.009751557,0,0,0.080070153,0.224181712,0.501956105,0.193792015,statesector
3604,35,West Bengal,1,NA,Secondary,NA,NA,NA,5,0.011445072,0,0.016569553,0.026228499,0.233767018,0.440504104,0.282930821,statesector
3605,35,West Bengal,1,NA,NA,NA,1,NA,5,0,0,0.05415123,0.149445668,0.270652592,0.525750518,0,statesector
3609,35,West Bengal,1,NA,NA,NA,4 to 6,NA,5,0.013573495,0,0.010342121,0.059558,0.186443523,0.4412435,0.302412868,statesector
3618,35,West Bengal,1,NA,NA,NA,NA,1,5,0.012426673,0,0.008913567,0.063507855,0.213825509,0.409934431,0.303818643,statesector
3621,35,West Bengal,1,NA,NA,NA,7+,NA,5,0,0,0,0,0.146457151,0.323072135,0.530470729,statesector
3622,35,West Bengal,1,NA,NA,NA,NA,NA,5,0.012426673,0,0.008913567,0.063507855,0.213825509,0.409934431,0.303818643,statesector
3626,35,West Bengal,1,NA,NA,1,NA,NA,5,0.01312532,0,0.011250294,0.059165984,0.211110577,0.385810584,0.332662553,statesector
3627,35,West Bengal,0,NA,NA,1,NA,NA,5,0.055752061,0.008905321,0.132408038,0.220194981,0.296573967,0.2622675,0.088555515,statesector
3628,35,West Bengal,0,NA,NA,NA,NA,NA,5,0,0,0.038408782,0.387196153,0.048676968,0.525718093,0,statesector
3630,35,West Bengal,1,NA,Primary,NA,NA,NA,5,0.028800312,0,0,0.124297716,0.252200842,0.441596448,0.181904987,statesector
3631,35,West Bengal,0,NA,NA,NA,NA,1,5,0.056929551,0.007238629,0.125347197,0.215307266,0.301220089,0.273518056,0.084607415,statesector
3635,35,West Bengal,1,NA,NA,NA,2 to 3,NA,5,0.013536843,0,0.004587034,0.068061545,0.247781426,0.374649227,0.304920763,statesector
3636,35,West Bengal,0,NA,NA,NA,NA,NA,5,0.056929551,0.007238629,0.125347197,0.215307266,0.301220089,0.273518056,0.084607415,statesector
3643,35,West Bengal,0,15 to 29,NA,NA,NA,NA,5,0.077204086,0,0.125220016,0.24116239,0.289807647,0.316128463,0.027681479,statesector
3644,35,West Bengal,1,NA,No education / Preschool,NA,NA,NA,5,0.013591316,0,0,0.154895455,0.267496705,0.414461672,0.163146168,statesector
3645,35,West Bengal,1,46 to 64,NA,NA,NA,NA,5,0.010378208,0,0.005351126,0.044413559,0.188593984,0.404204667,0.357436687,statesector
3646,35,West Bengal,1,65+,NA,NA,NA,NA,5,0,0,0,0.043448534,0.166511148,0.438124746,0.351915568,statesector
3654,36,Telangana ,0,46 to 64,NA,NA,NA,NA,5,0.085332006,0.00539623,0.08421082,0.252047479,0.355956614,0.24138011,0.066404976,statesector
3655,36,Telangana ,0,30 to 45,NA,NA,NA,NA,5,0.091088235,0.014466597,0.072645709,0.261209905,0.367821753,0.248885855,0.049436782,statesector
3656,36,Telangana ,1,NA,Higher,NA,NA,NA,5,0.003594078,0,0.000797108,0.009623345,0.039495569,0.187969133,0.762114823,statesector
3657,36,Telangana ,1,15 to 29,NA,NA,NA,NA,5,0.059486091,0.001751789,0.01613945,0.104000874,0.270552367,0.401506096,0.207801193,statesector
3663,36,Telangana ,0,65+,NA,NA,NA,NA,5,0.154318169,0.003754789,0.175501853,0.332861185,0.283500254,0.166759044,0.041377667,statesector
3666,36,Telangana ,1,30 to 45,NA,NA,NA,NA,5,0.033038668,0.005166808,0.012481889,0.054415561,0.160658807,0.352693617,0.419750124,statesector
3668,36,Telangana ,1,NA,NA,1,NA,NA,5,0.025596408,0.002815967,0.010366742,0.043356143,0.142735571,0.31605345,0.487488091,statesector
3677,36,Telangana ,0,NA,Secondary,NA,NA,NA,5,0.01937674,0.00047326,0.03463969,0.169996351,0.35837388,0.348096609,0.088893458,statesector
3678,36,Telangana ,0,NA,Higher,NA,NA,NA,5,0.006451667,0,0.010673551,0.094449237,0.274188906,0.426749259,0.193939045,statesector
3680,36,Telangana ,0,NA,NA,1,NA,NA,5,0.086242333,0.009182698,0.079522841,0.252807081,0.356515765,0.250848114,0.060306225,statesector
3681,36,Telangana ,1,46 to 64,NA,NA,NA,NA,5,0.018605039,0.001195388,0.012484993,0.042813182,0.141217813,0.282656312,0.520827711,statesector
3682,36,Telangana ,1,65+,NA,NA,NA,NA,5,0.036982842,0.00110977,0.027952777,0.056815445,0.15301241,0.263580382,0.498638958,statesector
3688,36,Telangana ,0,NA,No education / Preschool,NA,NA,NA,5,0.15874511,0.014629192,0.147451729,0.3461155,0.345740527,0.140277103,0.020415148,statesector
3689,36,Telangana ,1,NA,NA,NA,NA,NA,5,0.029603487,0.002785955,0.015066032,0.053042784,0.158082634,0.314329177,0.459479392,statesector
3690,36,Telangana ,0,NA,NA,NA,NA,NA,5,0.102606006,0.009615936,0.096805625,0.271593422,0.349013448,0.22932747,0.053260043,statesector
3694,36,Telangana ,1,NA,Primary,NA,NA,NA,5,0.050888103,0,0.009989902,0.094033808,0.241994336,0.371492207,0.282489747,statesector
3695,36,Telangana ,1,NA,Secondary,NA,NA,NA,5,0.008366507,0.000489828,0.006048187,0.029058073,0.126956537,0.353767633,0.484169573,statesector
3706,36,Telangana ,1,NA,No education / Preschool,NA,NA,NA,5,0.075723842,0.009404858,0.043210432,0.115132265,0.280695379,0.337225944,0.223735988,statesector
3713,36,Telangana ,0,NA,NA,2,NA,NA,5,0.168292597,0.01135503,0.166724905,0.347595453,0.318662137,0.142263517,0.024754001,statesector
3714,36,Telangana ,1,NA,NA,2,NA,NA,5,0.04853921,0.002644132,0.037280168,0.098832756,0.2306301,0.306178272,0.3270787,statesector
3716,36,Telangana ,0,NA,Primary,NA,NA,NA,5,0.103807904,0.013927217,0.07270205,0.277786225,0.370688438,0.233434841,0.045388445,statesector
3743,36,Telangana ,0,15 to 29,NA,NA,NA,NA,5,0.128099725,0.02364013,0.09350767,0.277198792,0.382089227,0.217001349,0.030202987,statesector
3744,36,Telangana ,0,NA,NA,NA,1,NA,5,0.281474799,0.008520541,0.299556166,0.393326908,0.2077353,0.083977379,0.01540423,statesector
3745,36,Telangana ,0,NA,NA,NA,2 to 3,NA,5,0.092576206,0.00739903,0.099271044,0.294937223,0.342954904,0.216224432,0.046612397,statesector
3746,36,Telangana ,0,NA,NA,NA,4 to 6,NA,5,0.075756431,0.011585407,0.058129545,0.231560662,0.383397043,0.265430391,0.061482366,statesector
3747,36,Telangana ,0,NA,NA,NA,7+,NA,5,0.098670267,0.014488595,0.054058753,0.196927339,0.347428501,0.288786381,0.112799011,statesector
3748,36,Telangana ,1,NA,NA,NA,1,NA,5,0.084267192,0,0.072524309,0.19960621,0.25983268,0.213435873,0.254600942,statesector
3749,36,Telangana ,1,NA,NA,NA,2 to 3,NA,5,0.023062032,0.000839878,0.013629436,0.056534428,0.174850911,0.318581015,0.436404228,statesector
3750,36,Telangana ,1,NA,NA,NA,4 to 6,NA,5,0.026250117,0.004411347,0.010562775,0.038679607,0.144611478,0.326803893,0.479342252,statesector
3751,36,Telangana ,1,NA,NA,NA,7+,NA,5,0.046607394,0.005648383,0.011698384,0.023715526,0.077876173,0.272780448,0.613929451,statesector
3754,36,Telangana ,0,NA,NA,NA,NA,1,5,0.102606006,0.009615936,0.096805625,0.271593422,0.349013448,0.22932747,0.053260043,statesector
3755,36,Telangana ,1,NA,NA,NA,NA,1,5,0.029603487,0.002785955,0.015066032,0.053042784,0.158082634,0.314329177,0.459479392,statesector
3759,36,Telangana ,0,NA,NA,NA,NA,NA,5,0.299033612,0,0,0.376452923,0.439097911,0.087762356,0.09668681,statesector
3760,37,NA,1,NA,No education / Preschool,NA,NA,NA,5,0.039378874,0,0.026453957,0.203558043,0.30614391,0.370977283,0.092866786,statesector
3761,37,NA,1,NA,Primary,NA,NA,NA,5,0.044946585,0.044946585,0.042698324,0.219198838,0.360059351,0.309955865,0.068087608,statesector
3762,37,NA,1,NA,Secondary,NA,NA,NA,5,0,0,0.026106076,0.054905996,0.321469158,0.429823041,0.167695731,statesector
3763,37,NA,1,NA,Higher,NA,NA,NA,5,0,0,0,0.047505051,0.131948933,0.49153477,0.329011232,statesector
3774,37,NA,1,30 to 45,NA,NA,NA,NA,5,0.019330947,0.007520687,0.019353053,0.093458302,0.287303418,0.449516326,0.150368914,statesector
3775,37,NA,1,46 to 64,NA,NA,NA,NA,5,0.018614439,0,0.015280293,0.110784188,0.283399522,0.42338419,0.167151824,statesector
3776,37,NA,0,NA,NA,1,NA,NA,5,0.077902034,0.009261637,0.165106222,0.34040913,0.269458354,0.182843372,0.042182911,statesector
3777,37,NA,1,NA,NA,1,NA,NA,5,0.017756466,0.003130593,0.022133738,0.103352137,0.286877245,0.42824626,0.159390613,statesector
3778,37,NA,0,15 to 29,NA,NA,NA,NA,5,0.046582099,0,0.100712933,0.298308581,0.394946575,0.146279648,0.059752274,statesector
3779,37,NA,0,30 to 45,NA,NA,NA,NA,5,0.109172732,0.020639744,0.16700691,0.336103112,0.28328383,0.184273094,0.029333068,statesector
3780,37,NA,0,46 to 64,NA,NA,NA,NA,5,0.039479643,0,0.154175639,0.352606565,0.254379481,0.189450011,0.049388312,statesector
3781,37,NA,0,65+,NA,NA,NA,NA,5,0.131187037,0.007474163,0.183042943,0.355151296,0.22833766,0.198791549,0.034676552,statesector
3782,37,NA,1,65+,NA,NA,NA,NA,5,0,0,0.085072979,0.243053064,0.308584303,0.222386718,0.140902951,statesector
3783,37,NA,1,NA,NA,NA,NA,NA,5,0.016405907,0.00289248,0.022805432,0.11576926,0.28591001,0.412268758,0.163246557,statesector
3786,37,NA,0,NA,NA,NA,7+,NA,5,0.090383992,0,0.166892618,0.412283629,0.217078283,0.141417205,0.062328245,statesector
3787,37,NA,1,NA,NA,NA,2 to 3,NA,5,0.012554411,0,0.058122814,0.15312764,0.189588577,0.374682128,0.224478826,statesector
3788,37,NA,0,NA,Higher,NA,NA,NA,5,0.039198585,0.006645028,0.074418858,0.252024621,0.311939895,0.237604365,0.124012239,statesector
3790,37,NA,1,NA,NA,NA,4 to 6,NA,5,0.01920772,0.003927996,0.016958514,0.10781762,0.310085177,0.416697085,0.148441628,statesector
3791,37,NA,1,NA,NA,NA,7+,NA,5,0,0,0,0.107019491,0.276506454,0.452151924,0.164322108,statesector
3794,37,NA,0,NA,NA,NA,1,NA,5,0.507671118,0,0.507671118,0,0.492328882,0,0,statesector
3795,37,NA,0,NA,NA,NA,2 to 3,NA,5,0.094186723,0.004669166,0.173464194,0.324000984,0.257243365,0.157593563,0.087697871,statesector
3796,37,NA,0,NA,NA,NA,4 to 6,NA,5,0.073074996,0.01018953,0.156640306,0.341945976,0.275088221,0.196085066,0.030240418,statesector
3797,37,NA,0,NA,No education / Preschool,NA,NA,NA,5,0.11673817,0.013455348,0.212351218,0.391083807,0.226227432,0.149873316,0.020464232,statesector
3798,37,NA,0,NA,NA,NA,NA,1,5,0.077759385,0.008702241,0.1601457,0.344067842,0.268746674,0.186604097,0.04043572,statesector
3799,37,NA,1,NA,NA,NA,NA,1,5,0.016405907,0.00289248,0.022805432,0.11576926,0.28591001,0.412268758,0.163246557,statesector
3800,37,NA,0,NA,NA,NA,NA,NA,5,0.077759385,0.008702241,0.1601457,0.344067842,0.268746674,0.186604097,0.04043572,statesector
3802,37,NA,0,NA,Secondary,NA,NA,NA,5,0.047129218,0.002702086,0.133430332,0.328531474,0.285140455,0.211488426,0.041409321,statesector
3803,37,NA,0,NA,NA,2,NA,NA,5,0.075540312,0,0.083125301,0.400875181,0.257696331,0.244995549,0.013307636,statesector
3804,37,NA,0,NA,Primary,NA,NA,NA,5,0.163271487,0.039149575,0.183397666,0.30031389,0.374154061,0.121052727,0.021081671,statesector
3805,37,NA,1,NA,NA,2,NA,NA,5,0,0,0.031123145,0.269532472,0.273932368,0.214416653,0.210995361,statesector
3806,37,NA,1,15 to 29,NA,NA,NA,NA,5,0,0,0,0.091388941,0.247459263,0.360510945,0.300640851,statesector
3817,NA,NA,0,NA,NA,NA,NA,NA,5,0.264075577,0.092201293,NA,NA,NA,NA,NA,statesector
3818,NA,NA,1,NA,NA,NA,NA,NA,5,0.075185753,0.02519561,NA,NA,NA,NA,NA,statesector
3864,NA,NA,0,65+,NA,NA,NA,NA,5,0.264075577,0.092201293,NA,NA,NA,NA,NA,statesector
3865,NA,NA,1,65+,NA,NA,NA,NA,5,0.075185753,0.02519561,NA,NA,NA,NA,NA,statesector
3881,NA,NA,0,NA,NA,NA,NA,NA,5,0.264075577,0.092201293,NA,NA,NA,NA,NA,statesector
3882,NA,NA,1,NA,NA,NA,NA,NA,5,0.075185753,0.02519561,NA,NA,NA,NA,NA,statesector
3910,NA,NA,0,NA,NA,NA,1,NA,5,0.214049518,0.010486881,NA,NA,NA,NA,NA,statesector
3911,NA,NA,0,NA,NA,NA,2 to 3,NA,5,0.23176904,0.08084923,NA,NA,NA,NA,NA,statesector
3924,NA,NA,0,NA,NA,NA,4 to 6,NA,5,0.330515623,0.143682912,NA,NA,NA,NA,NA,statesector
3925,NA,NA,0,NA,NA,NA,7+,NA,5,0.201239645,0.038281593,NA,NA,NA,NA,NA,statesector
3931,NA,NA,1,NA,NA,NA,1,NA,5,0.020234775,0.020234775,NA,NA,NA,NA,NA,statesector
3934,NA,NA,1,NA,NA,NA,7+,NA,5,0.114812516,0,NA,NA,NA,NA,NA,statesector
3942,NA,NA,0,NA,NA,NA,NA,1,5,0.264075577,0.092201293,NA,NA,NA,NA,NA,statesector
3946,NA,NA,1,NA,NA,NA,2 to 3,NA,5,0.058228936,0.027213873,NA,NA,NA,NA,NA,statesector
3947,NA,NA,1,NA,NA,NA,NA,1,5,0.075185753,0.02519561,NA,NA,NA,NA,NA,statesector
3957,NA,NA,1,NA,NA,NA,4 to 6,NA,5,0.135811269,0.02984041,NA,NA,NA,NA,NA,statesector
