,2017ppp_poor_215,2017ppp_poor_365,2017ppp_poor_685,2021ppp_poor_300,2021ppp_poor_420,2021ppp_poor_830,year,level,area,dem,SourceSheet,sector2,state,age_cat1,age_cat2,age_cat3,age_cat4,edu_cat1,edu_cat2,edu_cat3,edu_cat4,edu_cat5,edu_cat6,gender_cat1,gender_cat2,hhsize_cat1,hhsize_cat2,hhsize_cat3,hhsize_cat4,owns_dwelling,owns_land
1,0.162156022,0.617501943,0.924317419,0.271246924,0.576781813,0.92484827,2011,National,All,All Households,allindia,99,India,NA,NA,NA,NA,NA,NA,NA,NA,NA,NA,NA,NA,NA,NA,NA,NA,NA,NA
2,0.184267718,0.690477449,0.960324831,0.310051726,0.648617163,0.960643036,2011,National,urban/rural,All Households,sect_allindia,0,India,NA,NA,NA,NA,NA,NA,NA,NA,NA,NA,NA,NA,NA,NA,NA,NA,NA,NA
3,0.106859374,0.435005718,0.834270539,0.174204367,0.397136876,0.83533317,2011,National,urban/rural,All Households,sect_allindia,1,India,NA,NA,NA,NA,NA,NA,NA,NA,NA,NA,NA,NA,NA,NA,NA,NA,NA,NA
4,0.03207096,0.358048596,0.88791201,0.069937355,0.301764432,0.88834953,2011,State,All,All Households,state,99,Jammu & Kashmir,NA,NA,NA,NA,NA,NA,NA,NA,NA,NA,NA,NA,NA,NA,NA,NA,NA,NA
5,0.026069305,0.316177382,0.857131412,0.048511022,0.277480419,0.858667553,2011,State,All,All Households,state,99,Himachal Pradesh,NA,NA,NA,NA,NA,NA,NA,NA,NA,NA,NA,NA,NA,NA,NA,NA,NA,NA
6,0.049949273,0.382391088,0.854319078,0.092050642,0.340404697,0.854691575,2011,State,All,All Households,state,99,Punjab,NA,NA,NA,NA,NA,NA,NA,NA,NA,NA,NA,NA,NA,NA,NA,NA,NA,NA
7,0.0824944,0.383019596,0.810484777,0.153028647,0.376293816,0.810484777,2011,State,All,All Households,state,99,Chandigarh,NA,NA,NA,NA,NA,NA,NA,NA,NA,NA,NA,NA,NA,NA,NA,NA,NA,NA
8,0.044329668,0.473874553,0.906820387,0.084229798,0.434462006,0.907884746,2011,State,All,All Households,state,99,Uttrakhand,NA,NA,NA,NA,NA,NA,NA,NA,NA,NA,NA,NA,NA,NA,NA,NA,NA,NA
9,0.06166813,0.377637416,0.842128717,0.107689938,0.331710374,0.842171941,2011,State,All,All Households,state,99,Haryana,NA,NA,NA,NA,NA,NA,NA,NA,NA,NA,NA,NA,NA,NA,NA,NA,NA,NA
10,0.04347252,0.331348336,0.772300498,0.102848146,0.29173369,0.774653726,2011,State,All,All Households,state,99,Delhi,NA,NA,NA,NA,NA,NA,NA,NA,NA,NA,NA,NA,NA,NA,NA,NA,NA,NA
11,0.105916931,0.582184676,0.93608691,0.203972831,0.53625708,0.936768614,2011,State,All,All Households,state,99,Rajasthan,NA,NA,NA,NA,NA,NA,NA,NA,NA,NA,NA,NA,NA,NA,NA,NA,NA,NA
12,0.274566374,0.767129148,0.959514313,0.420639217,0.736556305,0.959592036,2011,State,All,All Households,state,99,Uttar Pradesh,NA,NA,NA,NA,NA,NA,NA,NA,NA,NA,NA,NA,NA,NA,NA,NA,NA,NA
13,0.23914445,0.818501829,0.989025969,0.406514396,0.780126808,0.989060863,2011,State,All,All Households,state,99,Bihar,NA,NA,NA,NA,NA,NA,NA,NA,NA,NA,NA,NA,NA,NA,NA,NA,NA,NA
14,0.027472354,0.638160379,0.970826315,0.108240421,0.574141914,0.970826315,2011,State,All,All Households,state,99,Sikkim,NA,NA,NA,NA,NA,NA,NA,NA,NA,NA,NA,NA,NA,NA,NA,NA,NA,NA
15,0.266152519,0.58952411,0.859415122,0.359822156,0.572615404,0.859843456,2011,State,All,All Households,state,99,Arunachal Pradesh,NA,NA,NA,NA,NA,NA,NA,NA,NA,NA,NA,NA,NA,NA,NA,NA,NA,NA
16,0.078882948,0.535184071,0.949024582,0.165775443,0.483413054,0.949236173,2011,State,All,All Households,state,99,Nagaland,NA,NA,NA,NA,NA,NA,NA,NA,NA,NA,NA,NA,NA,NA,NA,NA,NA,NA
17,0.360215478,0.842251648,0.990252161,0.534243858,0.815251717,0.990560777,2011,State,All,All Households,state,99,Manipur,NA,NA,NA,NA,NA,NA,NA,NA,NA,NA,NA,NA,NA,NA,NA,NA,NA,NA
18,0.055704407,0.45463314,0.904519899,0.126730372,0.400343718,0.904848096,2011,State,All,All Households,state,99,Mizoram,NA,NA,NA,NA,NA,NA,NA,NA,NA,NA,NA,NA,NA,NA,NA,NA,NA,NA
19,0.07435555,0.608565589,0.950960381,0.168750351,0.548927927,0.951320586,2011,State,All,All Households,state,99,Tripura,NA,NA,NA,NA,NA,NA,NA,NA,NA,NA,NA,NA,NA,NA,NA,NA,NA,NA
20,0.08137378,0.640843635,0.966725879,0.179895558,0.604490578,0.967387308,2011,State,All,All Households,state,99,Meghalaya,NA,NA,NA,NA,NA,NA,NA,NA,NA,NA,NA,NA,NA,NA,NA,NA,NA,NA
21,0.223850604,0.755079531,0.97168728,0.371644152,0.718536676,0.972298868,2011,State,All,All Households,state,99,Assam,NA,NA,NA,NA,NA,NA,NA,NA,NA,NA,NA,NA,NA,NA,NA,NA,NA,NA
22,0.178784332,0.664850076,0.923353847,0.300874025,0.624878905,0.923435698,2011,State,All,All Households,state,99,West Bengal,NA,NA,NA,NA,NA,NA,NA,NA,NA,NA,NA,NA,NA,NA,NA,NA,NA,NA
23,0.278583139,0.800915244,0.972612781,0.457242918,0.772662431,0.972724277,2011,State,All,All Households,state,99,Jharkhand,NA,NA,NA,NA,NA,NA,NA,NA,NA,NA,NA,NA,NA,NA,NA,NA,NA,NA
24,0.267758997,0.791378603,0.971808675,0.438324136,0.756774586,0.971821756,2011,State,All,All Households,state,99,Odisha,NA,NA,NA,NA,NA,NA,NA,NA,NA,NA,NA,NA,NA,NA,NA,NA,NA,NA
25,0.246221796,0.775440655,0.960599786,0.375117811,0.741729995,0.961960665,2011,State,All,All Households,state,99,Chhattisgarh,NA,NA,NA,NA,NA,NA,NA,NA,NA,NA,NA,NA,NA,NA,NA,NA,NA,NA
26,0.292311915,0.750886684,0.952436826,0.43251314,0.717815348,0.952707237,2011,State,All,All Households,state,99,Madhya Pradesh,NA,NA,NA,NA,NA,NA,NA,NA,NA,NA,NA,NA,NA,NA,NA,NA,NA,NA
27,0.164327962,0.608365312,0.950871556,0.279320202,0.576804122,0.950872868,2011,State,All,All Households,state,99,Gujarat,NA,NA,NA,NA,NA,NA,NA,NA,NA,NA,NA,NA,NA,NA,NA,NA,NA,NA
28,0.227094282,0.62364281,0.90753834,0.278806321,0.554600408,0.90753834,2011,State,All,All Households,state,99,Daman & Diu & D & N Haveli,NA,NA,NA,NA,NA,NA,NA,NA,NA,NA,NA,NA,NA,NA,NA,NA,NA,NA
29,0.093473268,0.548339412,0.900638578,0.175192739,0.500447074,0.900974785,2011,State,All,All Households,state,99,Maharashtra,NA,NA,NA,NA,NA,NA,NA,NA,NA,NA,NA,NA,NA,NA,NA,NA,NA,NA
30,0.049945643,0.461261031,0.906061439,0.126432979,0.395372007,0.907633447,2011,State,All,All Households,state,99,Andhra Pradesh,NA,NA,NA,NA,NA,NA,NA,NA,NA,NA,NA,NA,NA,NA,NA,NA,NA,NA
31,0.057048222,0.504880519,0.886684991,0.131874578,0.455650532,0.888251837,2011,State,All,All Households,state,99,Karnataka,NA,NA,NA,NA,NA,NA,NA,NA,NA,NA,NA,NA,NA,NA,NA,NA,NA,NA
32,0.037430782,0.280950333,0.822192115,0.049780487,0.25977654,0.824103235,2011,State,All,All Households,state,99,Goa,NA,NA,NA,NA,NA,NA,NA,NA,NA,NA,NA,NA,NA,NA,NA,NA,NA,NA
33,0,0.100526015,0.678847166,0,0.076047522,0.678847166,2011,State,All,All Households,state,99,Lakshadweep,NA,NA,NA,NA,NA,NA,NA,NA,NA,NA,NA,NA,NA,NA,NA,NA,NA,NA
34,0.028060356,0.294259696,0.789551322,0.061822736,0.253491864,0.790313672,2011,State,All,All Households,state,99,Kerala,NA,NA,NA,NA,NA,NA,NA,NA,NA,NA,NA,NA,NA,NA,NA,NA,NA,NA
35,0.050365589,0.391129694,0.865924863,0.102800237,0.344231093,0.867609582,2011,State,All,All Households,state,99,Tamil Nadu,NA,NA,NA,NA,NA,NA,NA,NA,NA,NA,NA,NA,NA,NA,NA,NA,NA,NA
36,0.005138706,0.205908425,0.789262889,0.028127043,0.151364429,0.789262889,2011,State,All,All Households,state,99,Puducherry,NA,NA,NA,NA,NA,NA,NA,NA,NA,NA,NA,NA,NA,NA,NA,NA,NA,NA
37,0,0.062556733,0.628870699,0.003092386,0.034734141,0.63019796,2011,State,All,All Households,state,99,A & N Island,NA,NA,NA,NA,NA,NA,NA,NA,NA,NA,NA,NA,NA,NA,NA,NA,NA,NA
38,0.035148506,0.430260411,0.89239952,0.08355053,0.372575799,0.893625125,2011,State,All,All Households,state,99,Telangana,NA,NA,NA,NA,NA,NA,NA,NA,NA,NA,NA,NA,NA,NA,NA,NA,NA,NA
39,0,0.291278021,0.895106352,0.002866527,0.172543204,0.895106352,2011,State,All,All Households,state,99,Ladakh,NA,NA,NA,NA,NA,NA,NA,NA,NA,NA,NA,NA,NA,NA,NA,NA,NA,NA
40,0.034451965,0.385059773,0.919030257,0.071541443,0.319981782,0.919280224,2011,State,urban/rural,All Households,sector_state,0,Jammu & Kashmir,NA,NA,NA,NA,NA,NA,NA,NA,NA,NA,NA,NA,NA,NA,NA,NA,NA,NA
41,0.027128841,0.331756475,0.87707276,0.049615299,0.292361241,0.878682827,2011,State,urban/rural,All Households,sector_state,0,Himachal Pradesh,NA,NA,NA,NA,NA,NA,NA,NA,NA,NA,NA,NA,NA,NA,NA,NA,NA,NA
42,0.037326324,0.3895319,0.874445671,0.085512025,0.347615206,0.875034558,2011,State,urban/rural,All Households,sector_state,0,Punjab,NA,NA,NA,NA,NA,NA,NA,NA,NA,NA,NA,NA,NA,NA,NA,NA,NA,NA
43,0,0.372783376,0.810783715,0.064623137,0.372783376,0.810783715,2011,State,urban/rural,All Households,sector_state,0,Chandigarh,NA,NA,NA,NA,NA,NA,NA,NA,NA,NA,NA,NA,NA,NA,NA,NA,NA,NA
44,0.0314175,0.483701255,0.923580154,0.061904847,0.447994108,0.924375801,2011,State,urban/rural,All Households,sector_state,0,Uttrakhand,NA,NA,NA,NA,NA,NA,NA,NA,NA,NA,NA,NA,NA,NA,NA,NA,NA,NA
45,0.060560291,0.416906593,0.885914269,0.113641805,0.365885835,0.885914269,2011,State,urban/rural,All Households,sector_state,0,Haryana,NA,NA,NA,NA,NA,NA,NA,NA,NA,NA,NA,NA,NA,NA,NA,NA,NA,NA
46,0.045242795,0.317655865,0.846167412,0.045590657,0.317035456,0.846167412,2011,State,urban/rural,All Households,sector_state,0,Delhi,NA,NA,NA,NA,NA,NA,NA,NA,NA,NA,NA,NA,NA,NA,NA,NA,NA,NA
47,0.114020957,0.626456377,0.961718736,0.223323428,0.579015669,0.962407837,2011,State,urban/rural,All Households,sector_state,0,Rajasthan,NA,NA,NA,NA,NA,NA,NA,NA,NA,NA,NA,NA,NA,NA,NA,NA,NA,NA
48,0.288654913,0.807009022,0.980298858,0.443020362,0.777689475,0.980379659,2011,State,urban/rural,All Households,sector_state,0,Uttar Pradesh,NA,NA,NA,NA,NA,NA,NA,NA,NA,NA,NA,NA,NA,NA,NA,NA,NA,NA
49,0.238225002,0.832450552,0.992459504,0.410612103,0.792589767,0.992493676,2011,State,urban/rural,All Households,sector_state,0,Bihar,NA,NA,NA,NA,NA,NA,NA,NA,NA,NA,NA,NA,NA,NA,NA,NA,NA,NA
50,0.022823152,0.694049069,0.979816467,0.113395476,0.630829355,0.979816467,2011,State,urban/rural,All Households,sector_state,0,Sikkim,NA,NA,NA,NA,NA,NA,NA,NA,NA,NA,NA,NA,NA,NA,NA,NA,NA,NA
51,0.286724837,0.627243373,0.877156441,0.389822828,0.611340342,0.877156441,2011,State,urban/rural,All Households,sector_state,0,Arunachal Pradesh,NA,NA,NA,NA,NA,NA,NA,NA,NA,NA,NA,NA,NA,NA,NA,NA,NA,NA
52,0.044690196,0.572316233,0.954328834,0.122042042,0.507740398,0.954660235,2011,State,urban/rural,All Households,sector_state,0,Nagaland,NA,NA,NA,NA,NA,NA,NA,NA,NA,NA,NA,NA,NA,NA,NA,NA,NA,NA
53,0.355429685,0.834025718,0.989097283,0.519140946,0.807852098,0.989520311,2011,State,urban/rural,All Households,sector_state,0,Manipur,NA,NA,NA,NA,NA,NA,NA,NA,NA,NA,NA,NA,NA,NA,NA,NA,NA,NA
54,0.078854256,0.585212481,0.953156449,0.160942915,0.518122954,0.953156449,2011,State,urban/rural,All Households,sector_state,0,Mizoram,NA,NA,NA,NA,NA,NA,NA,NA,NA,NA,NA,NA,NA,NA,NA,NA,NA,NA
55,0.08135193,0.638818899,0.968569935,0.180697466,0.5732457,0.968997958,2011,State,urban/rural,All Households,sector_state,0,Tripura,NA,NA,NA,NA,NA,NA,NA,NA,NA,NA,NA,NA,NA,NA,NA,NA,NA,NA
56,0.081106461,0.711523555,0.981094489,0.194160038,0.676371984,0.981917358,2011,State,urban/rural,All Households,sector_state,0,Meghalaya,NA,NA,NA,NA,NA,NA,NA,NA,NA,NA,NA,NA,NA,NA,NA,NA,NA,NA
57,0.231779761,0.789104761,0.983605054,0.387419559,0.750356303,0.984277255,2011,State,urban/rural,All Households,sector_state,0,Assam,NA,NA,NA,NA,NA,NA,NA,NA,NA,NA,NA,NA,NA,NA,NA,NA,NA,NA
58,0.194780735,0.752932162,0.972369514,0.336893623,0.706713781,0.972453482,2011,State,urban/rural,All Households,sector_state,0,West Bengal,NA,NA,NA,NA,NA,NA,NA,NA,NA,NA,NA,NA,NA,NA,NA,NA,NA,NA
59,0.30552589,0.880501746,0.988225623,0.506915977,0.85501281,0.988367107,2011,State,urban/rural,All Households,sector_state,0,Jharkhand,NA,NA,NA,NA,NA,NA,NA,NA,NA,NA,NA,NA,NA,NA,NA,NA,NA,NA
60,0.282041478,0.826105635,0.989392581,0.470627588,0.793498052,0.989392581,2011,State,urban/rural,All Households,sector_state,0,Odisha,NA,NA,NA,NA,NA,NA,NA,NA,NA,NA,NA,NA,NA,NA,NA,NA,NA,NA
61,0.259315943,0.832759607,0.984188961,0.394810243,0.793491114,0.98594903,2011,State,urban/rural,All Households,sector_state,0,Chhattisgarh,NA,NA,NA,NA,NA,NA,NA,NA,NA,NA,NA,NA,NA,NA,NA,NA,NA,NA
62,0.320655643,0.810558338,0.978514516,0.481777245,0.779451756,0.978573651,2011,State,urban/rural,All Households,sector_state,0,Madhya Pradesh,NA,NA,NA,NA,NA,NA,NA,NA,NA,NA,NA,NA,NA,NA,NA,NA,NA,NA
63,0.210136276,0.722703082,0.984853994,0.345531116,0.70168944,0.984856177,2011,State,urban/rural,All Households,sector_state,0,Gujarat,NA,NA,NA,NA,NA,NA,NA,NA,NA,NA,NA,NA,NA,NA,NA,NA,NA,NA
64,0.328857982,0.775439723,0.933669149,0.403704661,0.712845062,0.933669149,2011,State,urban/rural,All Households,sector_state,0,Daman & Diu & D & N Haveli,NA,NA,NA,NA,NA,NA,NA,NA,NA,NA,NA,NA,NA,NA,NA,NA,NA,NA
65,0.120117044,0.682126349,0.964999459,0.227731501,0.631727541,0.965066317,2011,State,urban/rural,All Households,sector_state,0,Maharashtra,NA,NA,NA,NA,NA,NA,NA,NA,NA,NA,NA,NA,NA,NA,NA,NA,NA,NA
66,0.053521998,0.49295642,0.943590072,0.134086153,0.419396544,0.944056309,2011,State,urban/rural,All Households,sector_state,0,Andhra Pradesh,NA,NA,NA,NA,NA,NA,NA,NA,NA,NA,NA,NA,NA,NA,NA,NA,NA,NA
67,0.045303501,0.561721583,0.940184868,0.124110976,0.499904449,0.941013118,2011,State,urban/rural,All Households,sector_state,0,Karnataka,NA,NA,NA,NA,NA,NA,NA,NA,NA,NA,NA,NA,NA,NA,NA,NA,NA,NA
68,0.044194387,0.324685112,0.895406489,0.053188155,0.322509963,0.899152722,2011,State,urban/rural,All Households,sector_state,0,Goa,NA,NA,NA,NA,NA,NA,NA,NA,NA,NA,NA,NA,NA,NA,NA,NA,NA,NA
69,0,0.042902555,0.678779713,0,0.038484354,0.678779713,2011,State,urban/rural,All Households,sector_state,0,Lakshadweep,NA,NA,NA,NA,NA,NA,NA,NA,NA,NA,NA,NA,NA,NA,NA,NA,NA,NA
70,0.02557409,0.297126942,0.806253418,0.059413342,0.255823597,0.806693776,2011,State,urban/rural,All Households,sector_state,0,Kerala,NA,NA,NA,NA,NA,NA,NA,NA,NA,NA,NA,NA,NA,NA,NA,NA,NA,NA
71,0.067014946,0.451301476,0.905277797,0.134566006,0.397340978,0.906616252,2011,State,urban/rural,All Households,sector_state,0,Tamil Nadu,NA,NA,NA,NA,NA,NA,NA,NA,NA,NA,NA,NA,NA,NA,NA,NA,NA,NA
72,0.002638753,0.323577191,0.922463346,0.039797057,0.214790803,0.922463346,2011,State,urban/rural,All Households,sector_state,0,Puducherry,NA,NA,NA,NA,NA,NA,NA,NA,NA,NA,NA,NA,NA,NA,NA,NA,NA,NA
73,0,0.083062514,0.722522364,0.004800545,0.049372864,0.722522364,2011,State,urban/rural,All Households,sector_state,0,A & N Island,NA,NA,NA,NA,NA,NA,NA,NA,NA,NA,NA,NA,NA,NA,NA,NA,NA,NA
74,0.029947507,0.516066582,0.958753752,0.087897592,0.45395473,0.958838226,2011,State,urban/rural,All Households,sector_state,0,Telangana,NA,NA,NA,NA,NA,NA,NA,NA,NA,NA,NA,NA,NA,NA,NA,NA,NA,NA
75,0,0.310094492,0.915471323,0,0.184260333,0.915471323,2011,State,urban/rural,All Households,sector_state,0,Ladakh,NA,NA,NA,NA,NA,NA,NA,NA,NA,NA,NA,NA,NA,NA,NA,NA,NA,NA
76,0.024159635,0.268298976,0.784515895,0.064607477,0.241233926,0.785576593,2011,State,urban/rural,All Households,sector_state,1,Jammu & Kashmir,NA,NA,NA,NA,NA,NA,NA,NA,NA,NA,NA,NA,NA,NA,NA,NA,NA,NA
77,0.017519535,0.190464181,0.696217641,0.039600222,0.157401817,0.697157246,2011,State,urban/rural,All Households,sector_state,1,Himachal Pradesh,NA,NA,NA,NA,NA,NA,NA,NA,NA,NA,NA,NA,NA,NA,NA,NA,NA,NA
78,0.071678672,0.370098751,0.819672756,0.103306349,0.327992383,0.819672756,2011,State,urban/rural,All Households,sector_state,1,Punjab,NA,NA,NA,NA,NA,NA,NA,NA,NA,NA,NA,NA,NA,NA,NA,NA,NA,NA
79,0.089677173,0.383910862,0.810458749,0.160726099,0.376599469,0.810458749,2011,State,urban/rural,All Households,sector_state,1,Chandigarh,NA,NA,NA,NA,NA,NA,NA,NA,NA,NA,NA,NA,NA,NA,NA,NA,NA,NA
80,0.079589557,0.447040297,0.86105367,0.145193636,0.397509231,0.862851815,2011,State,urban/rural,All Households,sector_state,1,Uttrakhand,NA,NA,NA,NA,NA,NA,NA,NA,NA,NA,NA,NA,NA,NA,NA,NA,NA,NA
81,0.064252555,0.286028259,0.73998353,0.093805115,0.251984101,0.740127589,2011,State,urban/rural,All Households,sector_state,1,Haryana,NA,NA,NA,NA,NA,NA,NA,NA,NA,NA,NA,NA,NA,NA,NA,NA,NA,NA
82,0.043307699,0.332623168,0.765423146,0.108179083,0.289377979,0.767995472,2011,State,urban/rural,All Households,sector_state,1,Delhi,NA,NA,NA,NA,NA,NA,NA,NA,NA,NA,NA,NA,NA,NA,NA,NA,NA,NA
83,0.079143666,0.435924282,0.851407063,0.140044274,0.394995556,0.852064331,2011,State,urban/rural,All Households,sector_state,1,Rajasthan,NA,NA,NA,NA,NA,NA,NA,NA,NA,NA,NA,NA,NA,NA,NA,NA,NA,NA
84,0.22303991,0.621275205,0.88349833,0.338783938,0.586118645,0.883564792,2011,State,urban/rural,All Households,sector_state,1,Uttar Pradesh,NA,NA,NA,NA,NA,NA,NA,NA,NA,NA,NA,NA,NA,NA,NA,NA,NA,NA
85,0.247512068,0.691558652,0.957778382,0.369222382,0.666705122,0.957819849,2011,State,urban/rural,All Households,sector_state,1,Bihar,NA,NA,NA,NA,NA,NA,NA,NA,NA,NA,NA,NA,NA,NA,NA,NA,NA,NA
86,0.047033445,0.403013833,0.933001076,0.086551,0.335634698,0.933001076,2011,State,urban/rural,All Households,sector_state,1,Sikkim,NA,NA,NA,NA,NA,NA,NA,NA,NA,NA,NA,NA,NA,NA,NA,NA,NA,NA
87,0.177807607,0.427544071,0.783227536,0.230988516,0.406316636,0.785495291,2011,State,urban/rural,All Households,sector_state,1,Arunachal Pradesh,NA,NA,NA,NA,NA,NA,NA,NA,NA,NA,NA,NA,NA,NA,NA,NA,NA,NA
88,0.13926935,0.469606497,0.939656962,0.243011189,0.440449541,0.939656962,2011,State,urban/rural,All Households,sector_state,1,Nagaland,NA,NA,NA,NA,NA,NA,NA,NA,NA,NA,NA,NA,NA,NA,NA,NA,NA,NA
89,0.37312472,0.864440348,0.99336734,0.574982593,0.835211519,0.99336734,2011,State,urban/rural,All Households,sector_state,1,Manipur,NA,NA,NA,NA,NA,NA,NA,NA,NA,NA,NA,NA,NA,NA,NA,NA,NA,NA
90,0.029877346,0.308952675,0.850258673,0.088561246,0.268943653,0.850953021,2011,State,urban/rural,All Households,sector_state,1,Mizoram,NA,NA,NA,NA,NA,NA,NA,NA,NA,NA,NA,NA,NA,NA,NA,NA,NA,NA
91,0.037194965,0.447878107,0.857428963,0.105294422,0.419766468,0.857428963,2011,State,urban/rural,All Households,sector_state,1,Tripura,NA,NA,NA,NA,NA,NA,NA,NA,NA,NA,NA,NA,NA,NA,NA,NA,NA,NA
92,0.082469001,0.351264563,0.907856984,0.121453292,0.30998896,0.907856984,2011,State,urban/rural,All Households,sector_state,1,Meghalaya,NA,NA,NA,NA,NA,NA,NA,NA,NA,NA,NA,NA,NA,NA,NA,NA,NA,NA
93,0.160195155,0.481924205,0.876011118,0.244998826,0.463087985,0.876136099,2011,State,urban/rural,All Households,sector_state,1,Assam,NA,NA,NA,NA,NA,NA,NA,NA,NA,NA,NA,NA,NA,NA,NA,NA,NA,NA
94,0.135890272,0.428659573,0.791919232,0.204288135,0.405440184,0.79199541,2011,State,urban/rural,All Households,sector_state,1,West Bengal,NA,NA,NA,NA,NA,NA,NA,NA,NA,NA,NA,NA,NA,NA,NA,NA,NA,NA
95,0.178411857,0.505018141,0.914565316,0.272561923,0.466489422,0.914565316,2011,State,urban/rural,All Households,sector_state,1,Jharkhand,NA,NA,NA,NA,NA,NA,NA,NA,NA,NA,NA,NA,NA,NA,NA,NA,NA,NA
96,0.185618704,0.591659212,0.870681489,0.252543051,0.54557346,0.870769798,2011,State,urban/rural,All Households,sector_state,1,Odisha,NA,NA,NA,NA,NA,NA,NA,NA,NA,NA,NA,NA,NA,NA,NA,NA,NA,NA
97,0.201582576,0.580034769,0.880181994,0.307984397,0.565271302,0.880181994,2011,State,urban/rural,All Households,sector_state,1,Chhattisgarh,NA,NA,NA,NA,NA,NA,NA,NA,NA,NA,NA,NA,NA,NA,NA,NA,NA,NA
98,0.209228872,0.57597312,0.875996147,0.288106885,0.537142563,0.876885862,2011,State,urban/rural,All Households,sector_state,1,Madhya Pradesh,NA,NA,NA,NA,NA,NA,NA,NA,NA,NA,NA,NA,NA,NA,NA,NA,NA,NA
99,0.095286311,0.436037021,0.899653699,0.179528037,0.388578715,0.899653699,2011,State,urban/rural,All Households,sector_state,1,Gujarat,NA,NA,NA,NA,NA,NA,NA,NA,NA,NA,NA,NA,NA,NA,NA,NA,NA,NA
100,0.086195236,0.413469241,0.871358386,0.105875729,0.335499484,0.871358386,2011,State,urban/rural,All Households,sector_state,1,Daman & Diu & D & N Haveli,NA,NA,NA,NA,NA,NA,NA,NA,NA,NA,NA,NA,NA,NA,NA,NA,NA,NA
101,0.061177357,0.386171295,0.822624362,0.111508553,0.341317141,0.823287057,2011,State,urban/rural,All Households,sector_state,1,Maharashtra,NA,NA,NA,NA,NA,NA,NA,NA,NA,NA,NA,NA,NA,NA,NA,NA,NA,NA
102,0.040186025,0.374766562,0.803648456,0.105548008,0.329810746,0.808238035,2011,State,urban/rural,All Households,sector_state,1,Andhra Pradesh,NA,NA,NA,NA,NA,NA,NA,NA,NA,NA,NA,NA,NA,NA,NA,NA,NA,NA
103,0.079292844,0.397222965,0.785355678,0.146578919,0.371833163,0.788321431,2011,State,urban/rural,All Households,sector_state,1,Karnataka,NA,NA,NA,NA,NA,NA,NA,NA,NA,NA,NA,NA,NA,NA,NA,NA,NA,NA
104,0.030387046,0.235404169,0.745945385,0.046231682,0.194444856,0.745945385,2011,State,urban/rural,All Households,sector_state,1,Goa,NA,NA,NA,NA,NA,NA,NA,NA,NA,NA,NA,NA,NA,NA,NA,NA,NA,NA
105,0,0.167778895,0.678925891,0,0.119887845,0.678925891,2011,State,urban/rural,All Households,sector_state,1,Lakshadweep,NA,NA,NA,NA,NA,NA,NA,NA,NA,NA,NA,NA,NA,NA,NA,NA,NA,NA
106,0.034968866,0.286292569,0.743141721,0.068517646,0.247012747,0.74479878,2011,State,urban/rural,All Households,sector_state,1,Kerala,NA,NA,NA,NA,NA,NA,NA,NA,NA,NA,NA,NA,NA,NA,NA,NA,NA,NA
107,0.029793987,0.316782682,0.817301189,0.063551109,0.278609616,0.819413745,2011,State,urban/rural,All Households,sector_state,1,Tamil Nadu,NA,NA,NA,NA,NA,NA,NA,NA,NA,NA,NA,NA,NA,NA,NA,NA,NA,NA
108,0.006587546,0.137713886,0.712067011,0.021363726,0.114605887,0.712067011,2011,State,urban/rural,All Households,sector_state,1,Puducherry,NA,NA,NA,NA,NA,NA,NA,NA,NA,NA,NA,NA,NA,NA,NA,NA,NA,NA
109,0,0.025433838,0.45932725,0,0.008232746,0.463057334,2011,State,urban/rural,All Households,sector_state,1,A & N Island,NA,NA,NA,NA,NA,NA,NA,NA,NA,NA,NA,NA,NA,NA,NA,NA,NA,NA
110,0.042912364,0.30217216,0.793348397,0.077061398,0.251096367,0.796277441,2011,State,urban/rural,All Households,sector_state,1,Telangana,NA,NA,NA,NA,NA,NA,NA,NA,NA,NA,NA,NA,NA,NA,NA,NA,NA,NA
111,0,0.184042881,0.779046306,0.019202872,0.105767243,0.779046306,2011,State,urban/rural,All Households,sector_state,1,Ladakh,NA,NA,NA,NA,NA,NA,NA,NA,NA,NA,NA,NA,NA,NA,NA,NA,NA,NA
112,0.148021656,0.600776366,0.920416631,0.24810369,0.560616738,0.920727704,2011,National,All,Age,allindia,99,India,0,0,0,1,NA,NA,NA,NA,NA,NA,NA,NA,NA,NA,NA,NA,NA,NA
113,0.155106111,0.600133592,0.915433073,0.261643945,0.55976143,0.915878962,2011,National,All,Age,allindia,99,India,0,0,1,0,NA,NA,NA,NA,NA,NA,NA,NA,NA,NA,NA,NA,NA,NA
114,0.170263648,0.637526621,0.936779662,0.283318707,0.595860496,0.937417945,2011,National,All,Age,allindia,99,India,0,1,0,0,NA,NA,NA,NA,NA,NA,NA,NA,NA,NA,NA,NA,NA,NA
115,0.17053384,0.61041331,0.899482124,0.283657453,0.572210499,0.900143897,2011,National,All,Age,allindia,99,India,1,0,0,0,NA,NA,NA,NA,NA,NA,NA,NA,NA,NA,NA,NA,NA,NA
116,0.161757032,0.551957642,0.905428156,0.217360202,0.541361397,0.905428156,2011,National,All,Age,allindia,99,India,NA,NA,NA,NA,NA,NA,NA,NA,NA,NA,NA,NA,NA,NA,NA,NA,NA,NA
117,0.160768956,0.66947672,0.95591708,0.274887354,0.628296825,0.956058749,2011,National,urban/rural,Age,sect_allindia,0,India,0,0,0,1,NA,NA,NA,NA,NA,NA,NA,NA,NA,NA,NA,NA,NA,NA
118,0.179331283,0.675633711,0.953429111,0.304487663,0.633501318,0.953660247,2011,National,urban/rural,Age,sect_allindia,0,India,0,0,1,0,NA,NA,NA,NA,NA,NA,NA,NA,NA,NA,NA,NA,NA,NA
119,0.190793662,0.704920732,0.967988878,0.318875932,0.662905038,0.96837383,2011,National,urban/rural,Age,sect_allindia,0,India,0,1,0,0,NA,NA,NA,NA,NA,NA,NA,NA,NA,NA,NA,NA,NA,NA
120,0.208538763,0.7131513,0.955188874,0.344086826,0.671916416,0.955837538,2011,National,urban/rural,Age,sect_allindia,0,India,1,0,0,0,NA,NA,NA,NA,NA,NA,NA,NA,NA,NA,NA,NA,NA,NA
121,0.144881649,0.572919189,0.946187934,0.174880503,0.570600064,0.946187934,2011,National,urban/rural,Age,sect_allindia,0,India,NA,NA,NA,NA,NA,NA,NA,NA,NA,NA,NA,NA,NA,NA,NA,NA,NA,NA
122,0.114367042,0.419398045,0.826690596,0.177391159,0.381932062,0.827448917,2011,National,urban/rural,Age,sect_allindia,1,India,0,0,0,1,NA,NA,NA,NA,NA,NA,NA,NA,NA,NA,NA,NA,NA,NA
123,0.094488363,0.411212452,0.820357001,0.154437701,0.375244848,0.821340257,2011,National,urban/rural,Age,sect_allindia,1,India,0,0,1,0,NA,NA,NA,NA,NA,NA,NA,NA,NA,NA,NA,NA,NA,NA
124,0.118413363,0.467317102,0.85795815,0.193515933,0.426533843,0.859236244,2011,National,urban/rural,Age,sect_allindia,1,India,0,1,0,0,NA,NA,NA,NA,NA,NA,NA,NA,NA,NA,NA,NA,NA,NA
125,0.086892551,0.384307388,0.776882625,0.150664398,0.352777565,0.77757325,2011,National,urban/rural,Age,sect_allindia,1,India,1,0,0,0,NA,NA,NA,NA,NA,NA,NA,NA,NA,NA,NA,NA,NA,NA
126,0.182010122,0.52680052,0.85651007,0.268342462,0.50627044,0.85651007,2011,National,urban/rural,Age,sect_allindia,1,India,NA,NA,NA,NA,NA,NA,NA,NA,NA,NA,NA,NA,NA,NA,NA,NA,NA,NA
127,0.033206589,0.324327908,0.912383317,0.072254926,0.287851411,0.913766673,2011,State,All,Age,state,99,Jammu & Kashmir,0,0,0,1,NA,NA,NA,NA,NA,NA,NA,NA,NA,NA,NA,NA,NA,NA
128,0.037363646,0.369369038,0.881356725,0.073402713,0.316829428,0.881356725,2011,State,All,Age,state,99,Jammu & Kashmir,0,0,1,0,NA,NA,NA,NA,NA,NA,NA,NA,NA,NA,NA,NA,NA,NA
129,0.022566838,0.350317815,0.898046361,0.057048154,0.280991627,0.898325915,2011,State,All,Age,state,99,Jammu & Kashmir,0,1,0,0,NA,NA,NA,NA,NA,NA,NA,NA,NA,NA,NA,NA,NA,NA
130,0.060215755,0.42135025,0.763131237,0.147269875,0.390757246,0.766764959,2011,State,All,Age,state,99,Jammu & Kashmir,1,0,0,0,NA,NA,NA,NA,NA,NA,NA,NA,NA,NA,NA,NA,NA,NA
131,0.302646819,0.873373519,0.933570671,0.462314133,0.659465668,0.933570671,2011,State,All,Age,state,99,Jammu & Kashmir,NA,NA,NA,NA,NA,NA,NA,NA,NA,NA,NA,NA,NA,NA,NA,NA,NA,NA
132,0.026808078,0.376937845,0.86624817,0.079286856,0.353040261,0.866923174,2011,State,All,Age,state,99,Himachal Pradesh,0,0,0,1,NA,NA,NA,NA,NA,NA,NA,NA,NA,NA,NA,NA,NA,NA
133,0.022432409,0.305529364,0.838342808,0.037388769,0.271687131,0.841421949,2011,State,All,Age,state,99,Himachal Pradesh,0,0,1,0,NA,NA,NA,NA,NA,NA,NA,NA,NA,NA,NA,NA,NA,NA
134,0.024917159,0.289286818,0.883373952,0.033108118,0.236293262,0.884073879,2011,State,All,Age,state,99,Himachal Pradesh,0,1,0,0,NA,NA,NA,NA,NA,NA,NA,NA,NA,NA,NA,NA,NA,NA
135,0.06347408,0.369384519,0.738523835,0.139385225,0.350488963,0.738523835,2011,State,All,Age,state,99,Himachal Pradesh,1,0,0,0,NA,NA,NA,NA,NA,NA,NA,NA,NA,NA,NA,NA,NA,NA
136,0.032608445,0.377454524,0.860351924,0.058243336,0.336261007,0.860995295,2011,State,All,Age,state,99,Punjab,0,0,0,1,NA,NA,NA,NA,NA,NA,NA,NA,NA,NA,NA,NA,NA,NA
137,0.046281929,0.314151369,0.83030826,0.076955528,0.280779029,0.830388987,2011,State,All,Age,state,99,Punjab,0,0,1,0,NA,NA,NA,NA,NA,NA,NA,NA,NA,NA,NA,NA,NA,NA
138,0.057884828,0.442537959,0.874506433,0.118622813,0.402901461,0.875106098,2011,State,All,Age,state,99,Punjab,0,1,0,0,NA,NA,NA,NA,NA,NA,NA,NA,NA,NA,NA,NA,NA,NA
139,0.073554855,0.442878403,0.859810057,0.120286549,0.336168396,0.859810057,2011,State,All,Age,state,99,Punjab,1,0,0,0,NA,NA,NA,NA,NA,NA,NA,NA,NA,NA,NA,NA,NA,NA
140,0,1,1,0,1,1,2011,State,All,Age,state,99,Punjab,NA,NA,NA,NA,NA,NA,NA,NA,NA,NA,NA,NA,NA,NA,NA,NA,NA,NA
141,0.029695074,0.349957121,0.866430725,0.210313908,0.334248883,0.866430725,2011,State,All,Age,state,99,Chandigarh,0,0,0,1,NA,NA,NA,NA,NA,NA,NA,NA,NA,NA,NA,NA,NA,NA
142,0.042058583,0.305152339,0.772625629,0.065660042,0.290759016,0.772625629,2011,State,All,Age,state,99,Chandigarh,0,0,1,0,NA,NA,NA,NA,NA,NA,NA,NA,NA,NA,NA,NA,NA,NA
143,0.149565371,0.417302155,0.823679994,0.231822604,0.417302155,0.823679994,2011,State,All,Age,state,99,Chandigarh,0,1,0,0,NA,NA,NA,NA,NA,NA,NA,NA,NA,NA,NA,NA,NA,NA
144,0,0.52791817,0.825089534,0.067468068,0.52791817,0.825089534,2011,State,All,Age,state,99,Chandigarh,1,0,0,0,NA,NA,NA,NA,NA,NA,NA,NA,NA,NA,NA,NA,NA,NA
145,0.043596337,0.464615107,0.935508216,0.068386344,0.449293594,0.935508216,2011,State,All,Age,state,99,Uttrakhand,0,0,0,1,NA,NA,NA,NA,NA,NA,NA,NA,NA,NA,NA,NA,NA,NA
146,0.030291272,0.465664499,0.89950338,0.063904828,0.42528351,0.902369311,2011,State,All,Age,state,99,Uttrakhand,0,0,1,0,NA,NA,NA,NA,NA,NA,NA,NA,NA,NA,NA,NA,NA,NA
147,0.05374404,0.480865318,0.90882448,0.095817492,0.434127797,0.90882448,2011,State,All,Age,state,99,Uttrakhand,0,1,0,0,NA,NA,NA,NA,NA,NA,NA,NA,NA,NA,NA,NA,NA,NA
148,0.061193512,0.48171052,0.883206737,0.148690685,0.46303363,0.883206737,2011,State,All,Age,state,99,Uttrakhand,1,0,0,0,NA,NA,NA,NA,NA,NA,NA,NA,NA,NA,NA,NA,NA,NA
149,0,0.794507105,1,0.247511629,0.794507105,1,2011,State,All,Age,state,99,Uttrakhand,NA,NA,NA,NA,NA,NA,NA,NA,NA,NA,NA,NA,NA,NA,NA,NA,NA,NA
150,0.063817687,0.388950641,0.863283176,0.109662048,0.345040153,0.863283176,2011,State,All,Age,state,99,Haryana,0,0,0,1,NA,NA,NA,NA,NA,NA,NA,NA,NA,NA,NA,NA,NA,NA
151,0.064343825,0.301698552,0.849533083,0.095100099,0.25535886,0.849533083,2011,State,All,Age,state,99,Haryana,0,0,1,0,NA,NA,NA,NA,NA,NA,NA,NA,NA,NA,NA,NA,NA,NA
152,0.064691008,0.42863493,0.852866748,0.121722146,0.384996178,0.852963398,2011,State,All,Age,state,99,Haryana,0,1,0,0,NA,NA,NA,NA,NA,NA,NA,NA,NA,NA,NA,NA,NA,NA
153,0.033087995,0.411413138,0.727416433,0.086180746,0.352220701,0.727416433,2011,State,All,Age,state,99,Haryana,1,0,0,0,NA,NA,NA,NA,NA,NA,NA,NA,NA,NA,NA,NA,NA,NA
154,0,0.575396219,1,0,0.575396219,1,2011,State,All,Age,state,99,Haryana,NA,NA,NA,NA,NA,NA,NA,NA,NA,NA,NA,NA,NA,NA,NA,NA,NA,NA
155,0.022915402,0.142454692,0.589563127,0.063838858,0.142454692,0.589563127,2011,State,All,Age,state,99,Delhi,0,0,0,1,NA,NA,NA,NA,NA,NA,NA,NA,NA,NA,NA,NA,NA,NA
156,0.027547497,0.374578181,0.77455978,0.08446626,0.312830348,0.77455978,2011,State,All,Age,state,99,Delhi,0,0,1,0,NA,NA,NA,NA,NA,NA,NA,NA,NA,NA,NA,NA,NA,NA
157,0.053471523,0.322653969,0.784752559,0.118217371,0.292889298,0.789938687,2011,State,All,Age,state,99,Delhi,0,1,0,0,NA,NA,NA,NA,NA,NA,NA,NA,NA,NA,NA,NA,NA,NA
158,0.075296235,0.385815299,0.875252882,0.135709214,0.346001766,0.875252882,2011,State,All,Age,state,99,Delhi,1,0,0,0,NA,NA,NA,NA,NA,NA,NA,NA,NA,NA,NA,NA,NA,NA
159,0.063878829,0.45048281,0.94125067,0.139561804,0.423379237,0.942046598,2011,State,All,Age,state,99,Rajasthan,0,0,0,1,NA,NA,NA,NA,NA,NA,NA,NA,NA,NA,NA,NA,NA,NA
160,0.082190933,0.58463505,0.930941506,0.164089374,0.532200978,0.930941506,2011,State,All,Age,state,99,Rajasthan,0,0,1,0,NA,NA,NA,NA,NA,NA,NA,NA,NA,NA,NA,NA,NA,NA
161,0.124282562,0.608104518,0.945906828,0.238248089,0.559882172,0.946970067,2011,State,All,Age,state,99,Rajasthan,0,1,0,0,NA,NA,NA,NA,NA,NA,NA,NA,NA,NA,NA,NA,NA,NA
162,0.159265023,0.612212684,0.904056944,0.266002407,0.58029131,0.905264793,2011,State,All,Age,state,99,Rajasthan,1,0,0,0,NA,NA,NA,NA,NA,NA,NA,NA,NA,NA,NA,NA,NA,NA
163,0,0.038091025,0.363913443,0,0.038091025,0.363913443,2011,State,All,Age,state,99,Rajasthan,NA,NA,NA,NA,NA,NA,NA,NA,NA,NA,NA,NA,NA,NA,NA,NA,NA,NA
164,0.26127754,0.758257999,0.956665051,0.389616624,0.719558844,0.956665051,2011,State,All,Age,state,99,Uttar Pradesh,0,0,0,1,NA,NA,NA,NA,NA,NA,NA,NA,NA,NA,NA,NA,NA,NA
165,0.273443409,0.758106341,0.95625077,0.421886731,0.735147302,0.956291036,2011,State,All,Age,state,99,Uttar Pradesh,0,0,1,0,NA,NA,NA,NA,NA,NA,NA,NA,NA,NA,NA,NA,NA,NA
166,0.279953446,0.777895438,0.96440973,0.430362055,0.744274184,0.964554566,2011,State,All,Age,state,99,Uttar Pradesh,0,1,0,0,NA,NA,NA,NA,NA,NA,NA,NA,NA,NA,NA,NA,NA,NA
167,0.271688972,0.76369401,0.951633908,0.411996758,0.728956166,0.951633908,2011,State,All,Age,state,99,Uttar Pradesh,1,0,0,0,NA,NA,NA,NA,NA,NA,NA,NA,NA,NA,NA,NA,NA,NA
168,0,0,1,0,0,1,2011,State,All,Age,state,99,Uttar Pradesh,NA,NA,NA,NA,NA,NA,NA,NA,NA,NA,NA,NA,NA,NA,NA,NA,NA,NA
169,0.2578149,0.835890612,0.985654445,0.410643586,0.805871222,0.985654445,2011,State,All,Age,state,99,Bihar,0,0,0,1,NA,NA,NA,NA,NA,NA,NA,NA,NA,NA,NA,NA,NA,NA
170,0.225660098,0.807042797,0.986759478,0.3985082,0.757107369,0.986759478,2011,State,All,Age,state,99,Bihar,0,0,1,0,NA,NA,NA,NA,NA,NA,NA,NA,NA,NA,NA,NA,NA,NA
171,0.241891684,0.826121159,0.993048674,0.416289133,0.794694741,0.993113306,2011,State,All,Age,state,99,Bihar,0,1,0,0,NA,NA,NA,NA,NA,NA,NA,NA,NA,NA,NA,NA,NA,NA
172,0.258597606,0.800792225,0.978526965,0.375671704,0.758575078,0.978584769,2011,State,All,Age,state,99,Bihar,1,0,0,0,NA,NA,NA,NA,NA,NA,NA,NA,NA,NA,NA,NA,NA,NA
173,0,0.027612895,0.930307523,0.009446012,0.027612895,0.930307523,2011,State,All,Age,state,99,Bihar,NA,NA,NA,NA,NA,NA,NA,NA,NA,NA,NA,NA,NA,NA,NA,NA,NA,NA
174,0.007845849,0.653516199,0.984552001,0.018313312,0.641697273,0.984552001,2011,State,All,Age,state,99,Sikkim,0,0,0,1,NA,NA,NA,NA,NA,NA,NA,NA,NA,NA,NA,NA,NA,NA
175,0.027294817,0.634689063,0.967841818,0.115424066,0.558182663,0.967841818,2011,State,All,Age,state,99,Sikkim,0,0,1,0,NA,NA,NA,NA,NA,NA,NA,NA,NA,NA,NA,NA,NA,NA
176,0.035508725,0.650420746,0.966906542,0.145205916,0.572447607,0.966906542,2011,State,All,Age,state,99,Sikkim,0,1,0,0,NA,NA,NA,NA,NA,NA,NA,NA,NA,NA,NA,NA,NA,NA
177,0.016208495,0.600654984,0.981292859,0.026934366,0.579643467,0.981292859,2011,State,All,Age,state,99,Sikkim,1,0,0,0,NA,NA,NA,NA,NA,NA,NA,NA,NA,NA,NA,NA,NA,NA
178,0.026323047,0.148929945,1,0.026323047,0.148929945,1,2011,State,All,Age,state,99,Sikkim,NA,NA,NA,NA,NA,NA,NA,NA,NA,NA,NA,NA,NA,NA,NA,NA,NA,NA
179,0.277994631,0.62818472,0.909553114,0.362292855,0.543659128,0.909553114,2011,State,All,Age,state,99,Arunachal Pradesh,0,0,0,1,NA,NA,NA,NA,NA,NA,NA,NA,NA,NA,NA,NA,NA,NA
180,0.294477358,0.634143005,0.889932238,0.402644758,0.620221697,0.889932238,2011,State,All,Age,state,99,Arunachal Pradesh,0,0,1,0,NA,NA,NA,NA,NA,NA,NA,NA,NA,NA,NA,NA,NA,NA
181,0.257166698,0.571964731,0.850852806,0.344273682,0.555826848,0.851331252,2011,State,All,Age,state,99,Arunachal Pradesh,0,1,0,0,NA,NA,NA,NA,NA,NA,NA,NA,NA,NA,NA,NA,NA,NA
182,0.195156863,0.489172852,0.757150125,0.270334376,0.472942147,0.759635621,2011,State,All,Age,state,99,Arunachal Pradesh,1,0,0,0,NA,NA,NA,NA,NA,NA,NA,NA,NA,NA,NA,NA,NA,NA
183,0,0.30473848,0.65236924,0,0.30473848,0.65236924,2011,State,All,Age,state,99,Arunachal Pradesh,NA,NA,NA,NA,NA,NA,NA,NA,NA,NA,NA,NA,NA,NA,NA,NA,NA,NA
184,0.038882168,0.766645366,0.975015699,0.230615104,0.747432808,0.975015699,2011,State,All,Age,state,99,Nagaland,0,0,0,1,NA,NA,NA,NA,NA,NA,NA,NA,NA,NA,NA,NA,NA,NA
185,0.075787959,0.568407512,0.951440239,0.17331265,0.508750731,0.951803156,2011,State,All,Age,state,99,Nagaland,0,0,1,0,NA,NA,NA,NA,NA,NA,NA,NA,NA,NA,NA,NA,NA,NA
186,0.096151066,0.41475205,0.938429415,0.137976516,0.369231178,0.938429415,2011,State,All,Age,state,99,Nagaland,0,1,0,0,NA,NA,NA,NA,NA,NA,NA,NA,NA,NA,NA,NA,NA,NA
187,0,0.563061967,0.915974303,0,0.46833094,0.915974303,2011,State,All,Age,state,99,Nagaland,1,0,0,0,NA,NA,NA,NA,NA,NA,NA,NA,NA,NA,NA,NA,NA,NA
188,0.333647117,0.850809535,0.995155884,0.479010007,0.822890505,0.997474627,2011,State,All,Age,state,99,Manipur,0,0,0,1,NA,NA,NA,NA,NA,NA,NA,NA,NA,NA,NA,NA,NA,NA
189,0.365525444,0.833857076,0.991605695,0.515441483,0.798150905,0.991605695,2011,State,All,Age,state,99,Manipur,0,0,1,0,NA,NA,NA,NA,NA,NA,NA,NA,NA,NA,NA,NA,NA,NA
190,0.359070189,0.855442126,0.988165235,0.582121111,0.839727114,0.988165235,2011,State,All,Age,state,99,Manipur,0,1,0,0,NA,NA,NA,NA,NA,NA,NA,NA,NA,NA,NA,NA,NA,NA
191,0.45590006,0.83089233,0.958106137,0.586767,0.83089233,0.958106137,2011,State,All,Age,state,99,Manipur,1,0,0,0,NA,NA,NA,NA,NA,NA,NA,NA,NA,NA,NA,NA,NA,NA
192,0,0.028015293,1,0,0.028015293,1,2011,State,All,Age,state,99,Manipur,NA,NA,NA,NA,NA,NA,NA,NA,NA,NA,NA,NA,NA,NA,NA,NA,NA,NA
193,0.096053705,0.528828712,0.929939736,0.138702907,0.486063566,0.929939736,2011,State,All,Age,state,99,Mizoram,0,0,0,1,NA,NA,NA,NA,NA,NA,NA,NA,NA,NA,NA,NA,NA,NA
194,0.023918007,0.406004645,0.891764384,0.097478954,0.355613811,0.891764384,2011,State,All,Age,state,99,Mizoram,0,0,1,0,NA,NA,NA,NA,NA,NA,NA,NA,NA,NA,NA,NA,NA,NA
195,0.073000717,0.45879277,0.90093071,0.132953234,0.406976799,0.901805613,2011,State,All,Age,state,99,Mizoram,0,1,0,0,NA,NA,NA,NA,NA,NA,NA,NA,NA,NA,NA,NA,NA,NA
196,0.119827674,0.652738476,0.973377312,0.266682015,0.546645612,0.973377312,2011,State,All,Age,state,99,Mizoram,1,0,0,0,NA,NA,NA,NA,NA,NA,NA,NA,NA,NA,NA,NA,NA,NA
197,0.087225758,0.686094251,0.980015406,0.18274443,0.64115939,0.980015406,2011,State,All,Age,state,99,Tripura,0,0,0,1,NA,NA,NA,NA,NA,NA,NA,NA,NA,NA,NA,NA,NA,NA
198,0.081901384,0.579681182,0.921495918,0.163199941,0.519427606,0.921495918,2011,State,All,Age,state,99,Tripura,0,0,1,0,NA,NA,NA,NA,NA,NA,NA,NA,NA,NA,NA,NA,NA,NA
199,0.061904155,0.602012821,0.960875228,0.160793742,0.537407729,0.961677225,2011,State,All,Age,state,99,Tripura,0,1,0,0,NA,NA,NA,NA,NA,NA,NA,NA,NA,NA,NA,NA,NA,NA
200,0.097005889,0.662209617,0.981918337,0.234957911,0.607062085,0.981918337,2011,State,All,Age,state,99,Tripura,1,0,0,0,NA,NA,NA,NA,NA,NA,NA,NA,NA,NA,NA,NA,NA,NA
201,0,0.125424246,1,0.125424246,0.125424246,1,2011,State,All,Age,state,99,Tripura,NA,NA,NA,NA,NA,NA,NA,NA,NA,NA,NA,NA,NA,NA,NA,NA,NA,NA
202,0.013623804,0.61148027,0.947704747,0.061336237,0.54699317,0.947704747,2011,State,All,Age,state,99,Meghalaya,0,0,0,1,NA,NA,NA,NA,NA,NA,NA,NA,NA,NA,NA,NA,NA,NA
203,0.106676545,0.633855495,0.977446855,0.188570037,0.599810081,0.977446855,2011,State,All,Age,state,99,Meghalaya,0,0,1,0,NA,NA,NA,NA,NA,NA,NA,NA,NA,NA,NA,NA,NA,NA
204,0.066956453,0.645484831,0.961859353,0.175905424,0.606368615,0.963331154,2011,State,All,Age,state,99,Meghalaya,0,1,0,0,NA,NA,NA,NA,NA,NA,NA,NA,NA,NA,NA,NA,NA,NA
205,0.044676688,0.66641585,0.942989695,0.219827814,0.652260736,0.942989695,2011,State,All,Age,state,99,Meghalaya,1,0,0,0,NA,NA,NA,NA,NA,NA,NA,NA,NA,NA,NA,NA,NA,NA
206,0.582998307,0.874497461,1,0.582998307,0.874497461,1,2011,State,All,Age,state,99,Meghalaya,NA,NA,NA,NA,NA,NA,NA,NA,NA,NA,NA,NA,NA,NA,NA,NA,NA,NA
207,0.250103865,0.715771384,0.97509628,0.370670385,0.667299445,0.97509628,2011,State,All,Age,state,99,Assam,0,0,0,1,NA,NA,NA,NA,NA,NA,NA,NA,NA,NA,NA,NA,NA,NA
208,0.22733428,0.760102773,0.971533412,0.38843646,0.731722613,0.971565511,2011,State,All,Age,state,99,Assam,0,0,1,0,NA,NA,NA,NA,NA,NA,NA,NA,NA,NA,NA,NA,NA,NA
209,0.213440576,0.767277254,0.969379969,0.36014279,0.721921576,0.970876538,2011,State,All,Age,state,99,Assam,0,1,0,0,NA,NA,NA,NA,NA,NA,NA,NA,NA,NA,NA,NA,NA,NA
210,0.220448596,0.719145101,0.982576618,0.331683235,0.709334436,0.982576618,2011,State,All,Age,state,99,Assam,1,0,0,0,NA,NA,NA,NA,NA,NA,NA,NA,NA,NA,NA,NA,NA,NA
211,0.086073716,0.425291801,0.995036517,0.086073716,0.425291801,0.995036517,2011,State,All,Age,state,99,Assam,NA,NA,NA,NA,NA,NA,NA,NA,NA,NA,NA,NA,NA,NA,NA,NA,NA,NA
212,0.14359066,0.551201911,0.880849446,0.245088274,0.514681779,0.880849446,2011,State,All,Age,state,99,West Bengal,0,0,0,1,NA,NA,NA,NA,NA,NA,NA,NA,NA,NA,NA,NA,NA,NA
213,0.159166981,0.650769932,0.915253818,0.278133937,0.605957977,0.915253818,2011,State,All,Age,state,99,West Bengal,0,0,1,0,NA,NA,NA,NA,NA,NA,NA,NA,NA,NA,NA,NA,NA,NA
214,0.202961856,0.705945825,0.941281291,0.327041043,0.671669519,0.941476966,2011,State,All,Age,state,99,West Bengal,0,1,0,0,NA,NA,NA,NA,NA,NA,NA,NA,NA,NA,NA,NA,NA,NA
215,0.210382332,0.732765686,0.948528319,0.37961934,0.676843881,0.948528319,2011,State,All,Age,state,99,West Bengal,1,0,0,0,NA,NA,NA,NA,NA,NA,NA,NA,NA,NA,NA,NA,NA,NA
216,0,0.004595048,0.647643365,0,0,0.647643365,2011,State,All,Age,state,99,West Bengal,NA,NA,NA,NA,NA,NA,NA,NA,NA,NA,NA,NA,NA,NA,NA,NA,NA,NA
217,0.261116841,0.817739443,0.98516678,0.474888176,0.804345074,0.98516678,2011,State,All,Age,state,99,Jharkhand,0,0,0,1,NA,NA,NA,NA,NA,NA,NA,NA,NA,NA,NA,NA,NA,NA
218,0.332793647,0.810795431,0.962092547,0.498510953,0.782321404,0.962431572,2011,State,All,Age,state,99,Jharkhand,0,0,1,0,NA,NA,NA,NA,NA,NA,NA,NA,NA,NA,NA,NA,NA,NA
219,0.257070649,0.799211093,0.976007599,0.433287811,0.769993164,0.976007599,2011,State,All,Age,state,99,Jharkhand,0,1,0,0,NA,NA,NA,NA,NA,NA,NA,NA,NA,NA,NA,NA,NA,NA
220,0.211751592,0.747693091,0.979827102,0.411426913,0.703684946,0.979827102,2011,State,All,Age,state,99,Jharkhand,1,0,0,0,NA,NA,NA,NA,NA,NA,NA,NA,NA,NA,NA,NA,NA,NA
221,0.145502886,0.73338115,0.922681449,0.258982433,0.73338115,0.922681449,2011,State,All,Age,state,99,Jharkhand,NA,NA,NA,NA,NA,NA,NA,NA,NA,NA,NA,NA,NA,NA,NA,NA,NA,NA
222,0.200896911,0.758374951,0.965973158,0.336212681,0.702454769,0.965973158,2011,State,All,Age,state,99,Odisha,0,0,0,1,NA,NA,NA,NA,NA,NA,NA,NA,NA,NA,NA,NA,NA,NA
223,0.252929684,0.774085841,0.97483648,0.426870749,0.732422246,0.97483648,2011,State,All,Age,state,99,Odisha,0,0,1,0,NA,NA,NA,NA,NA,NA,NA,NA,NA,NA,NA,NA,NA,NA
224,0.282137522,0.809913061,0.970389636,0.463763442,0.783581321,0.970418973,2011,State,All,Age,state,99,Odisha,0,1,0,0,NA,NA,NA,NA,NA,NA,NA,NA,NA,NA,NA,NA,NA,NA
225,0.372212433,0.832984374,0.974215855,0.508632883,0.820244421,0.974215855,2011,State,All,Age,state,99,Odisha,1,0,0,0,NA,NA,NA,NA,NA,NA,NA,NA,NA,NA,NA,NA,NA,NA
226,0.493934948,0.533413349,0.963745542,0.533413349,0.533413349,0.963745542,2011,State,All,Age,state,99,Odisha,NA,NA,NA,NA,NA,NA,NA,NA,NA,NA,NA,NA,NA,NA,NA,NA,NA,NA
227,0.170194157,0.714601673,0.94704316,0.286849343,0.685720449,0.94704316,2011,State,All,Age,state,99,Chhattisgarh,0,0,0,1,NA,NA,NA,NA,NA,NA,NA,NA,NA,NA,NA,NA,NA,NA
228,0.252096033,0.798458218,0.953112984,0.385887556,0.767580126,0.953112984,2011,State,All,Age,state,99,Chhattisgarh,0,0,1,0,NA,NA,NA,NA,NA,NA,NA,NA,NA,NA,NA,NA,NA,NA
229,0.257184126,0.769391652,0.972184946,0.379655113,0.729328728,0.975388444,2011,State,All,Age,state,99,Chhattisgarh,0,1,0,0,NA,NA,NA,NA,NA,NA,NA,NA,NA,NA,NA,NA,NA,NA
230,0.236588922,0.753718947,0.949936938,0.386331162,0.734135392,0.949936938,2011,State,All,Age,state,99,Chhattisgarh,1,0,0,0,NA,NA,NA,NA,NA,NA,NA,NA,NA,NA,NA,NA,NA,NA
231,0.251120935,0.666599135,1,0.460867934,0.666599135,1,2011,State,All,Age,state,99,Chhattisgarh,NA,NA,NA,NA,NA,NA,NA,NA,NA,NA,NA,NA,NA,NA,NA,NA,NA,NA
232,0.204798383,0.77011937,0.956449074,0.380755006,0.7306991,0.956449074,2011,State,All,Age,state,99,Madhya Pradesh,0,0,0,1,NA,NA,NA,NA,NA,NA,NA,NA,NA,NA,NA,NA,NA,NA
233,0.278777484,0.691954158,0.942782268,0.408616741,0.659291242,0.942915167,2011,State,All,Age,state,99,Madhya Pradesh,0,0,1,0,NA,NA,NA,NA,NA,NA,NA,NA,NA,NA,NA,NA,NA,NA
234,0.316698963,0.783910598,0.958756129,0.455299082,0.749204604,0.959193518,2011,State,All,Age,state,99,Madhya Pradesh,0,1,0,0,NA,NA,NA,NA,NA,NA,NA,NA,NA,NA,NA,NA,NA,NA
235,0.266183518,0.763870353,0.947706352,0.429691193,0.746028123,0.947706352,2011,State,All,Age,state,99,Madhya Pradesh,1,0,0,0,NA,NA,NA,NA,NA,NA,NA,NA,NA,NA,NA,NA,NA,NA
236,0.549036454,0.792943081,0.943384384,0.585376962,0.792943081,0.943384384,2011,State,All,Age,state,99,Madhya Pradesh,NA,NA,NA,NA,NA,NA,NA,NA,NA,NA,NA,NA,NA,NA,NA,NA,NA,NA
237,0.145259255,0.649555898,0.92688738,0.256284849,0.618504219,0.92688738,2011,State,All,Age,state,99,Gujarat,0,0,0,1,NA,NA,NA,NA,NA,NA,NA,NA,NA,NA,NA,NA,NA,NA
238,0.161020547,0.585578463,0.942898926,0.2749478,0.551616104,0.942898926,2011,State,All,Age,state,99,Gujarat,0,0,1,0,NA,NA,NA,NA,NA,NA,NA,NA,NA,NA,NA,NA,NA,NA
239,0.164310825,0.62096702,0.96174358,0.287088433,0.594237721,0.96174358,2011,State,All,Age,state,99,Gujarat,0,1,0,0,NA,NA,NA,NA,NA,NA,NA,NA,NA,NA,NA,NA,NA,NA
240,0.20371401,0.578906223,0.952712966,0.279643444,0.526156268,0.952732425,2011,State,All,Age,state,99,Gujarat,1,0,0,0,NA,NA,NA,NA,NA,NA,NA,NA,NA,NA,NA,NA,NA,NA
241,0.399428464,0.874505607,1,0.399428464,0.850550811,1,2011,State,All,Age,state,99,Gujarat,NA,NA,NA,NA,NA,NA,NA,NA,NA,NA,NA,NA,NA,NA,NA,NA,NA,NA
242,0.044578289,0.229147164,0.94407355,0.229147164,0.229147164,0.94407355,2011,State,All,Age,state,99,Daman & Diu & D & N Haveli,0,0,0,1,NA,NA,NA,NA,NA,NA,NA,NA,NA,NA,NA,NA,NA,NA
243,0.261080812,0.682860985,0.930993725,0.30769629,0.56007515,0.930993725,2011,State,All,Age,state,99,Daman & Diu & D & N Haveli,0,0,1,0,NA,NA,NA,NA,NA,NA,NA,NA,NA,NA,NA,NA,NA,NA
244,0.20666294,0.655114472,0.942934538,0.228551458,0.585811265,0.942934538,2011,State,All,Age,state,99,Daman & Diu & D & N Haveli,0,1,0,0,NA,NA,NA,NA,NA,NA,NA,NA,NA,NA,NA,NA,NA,NA
245,0.245398144,0.53447339,0.791258846,0.348671356,0.52504393,0.791258846,2011,State,All,Age,state,99,Daman & Diu & D & N Haveli,1,0,0,0,NA,NA,NA,NA,NA,NA,NA,NA,NA,NA,NA,NA,NA,NA
246,1,1,1,1,1,1,2011,State,All,Age,state,99,Daman & Diu & D & N Haveli,NA,NA,NA,NA,NA,NA,NA,NA,NA,NA,NA,NA,NA,NA,NA,NA,NA,NA
247,0.113213334,0.564804795,0.918225671,0.216252255,0.507228655,0.918225671,2011,State,All,Age,state,99,Maharashtra,0,0,0,1,NA,NA,NA,NA,NA,NA,NA,NA,NA,NA,NA,NA,NA,NA
248,0.078512935,0.516927241,0.895185088,0.163003508,0.477879699,0.895578628,2011,State,All,Age,state,99,Maharashtra,0,0,1,0,NA,NA,NA,NA,NA,NA,NA,NA,NA,NA,NA,NA,NA,NA
249,0.100137314,0.578209432,0.912704655,0.17586104,0.523049883,0.91288673,2011,State,All,Age,state,99,Maharashtra,0,1,0,0,NA,NA,NA,NA,NA,NA,NA,NA,NA,NA,NA,NA,NA,NA
250,0.098365745,0.48502593,0.824772227,0.173858475,0.449293905,0.826268233,2011,State,All,Age,state,99,Maharashtra,1,0,0,0,NA,NA,NA,NA,NA,NA,NA,NA,NA,NA,NA,NA,NA,NA
251,0.086485593,0.874915747,0.990905839,0.095378321,0.874915747,0.990905839,2011,State,All,Age,state,99,Maharashtra,NA,NA,NA,NA,NA,NA,NA,NA,NA,NA,NA,NA,NA,NA,NA,NA,NA,NA
252,0.050841482,0.538379933,0.903177797,0.113828103,0.434319307,0.903177797,2011,State,All,Age,state,99,Andhra Pradesh,0,0,0,1,NA,NA,NA,NA,NA,NA,NA,NA,NA,NA,NA,NA,NA,NA
253,0.064270696,0.449782476,0.888082411,0.145098131,0.391386356,0.888082411,2011,State,All,Age,state,99,Andhra Pradesh,0,0,1,0,NA,NA,NA,NA,NA,NA,NA,NA,NA,NA,NA,NA,NA,NA
254,0.04013754,0.463107131,0.923767744,0.107661598,0.393948238,0.92674315,2011,State,All,Age,state,99,Andhra Pradesh,0,1,0,0,NA,NA,NA,NA,NA,NA,NA,NA,NA,NA,NA,NA,NA,NA
255,0.048448695,0.432531803,0.882040722,0.165171533,0.386203668,0.883289733,2011,State,All,Age,state,99,Andhra Pradesh,1,0,0,0,NA,NA,NA,NA,NA,NA,NA,NA,NA,NA,NA,NA,NA,NA
256,0.09437675,0.381561929,0.92674616,0.097287599,0.349612125,0.92674616,2011,State,All,Age,state,99,Andhra Pradesh,NA,NA,NA,NA,NA,NA,NA,NA,NA,NA,NA,NA,NA,NA,NA,NA,NA,NA
257,0.076718703,0.598115398,0.921032132,0.119447899,0.57608145,0.921032132,2011,State,All,Age,state,99,Karnataka,0,0,0,1,NA,NA,NA,NA,NA,NA,NA,NA,NA,NA,NA,NA,NA,NA
258,0.060674283,0.505529126,0.885357714,0.138352586,0.45686385,0.888120777,2011,State,All,Age,state,99,Karnataka,0,0,1,0,NA,NA,NA,NA,NA,NA,NA,NA,NA,NA,NA,NA,NA,NA
259,0.050581205,0.484841491,0.896422228,0.134883331,0.424704244,0.897510757,2011,State,All,Age,state,99,Karnataka,0,1,0,0,NA,NA,NA,NA,NA,NA,NA,NA,NA,NA,NA,NA,NA,NA
260,0.036175865,0.45993077,0.784034279,0.092269764,0.421878376,0.784034279,2011,State,All,Age,state,99,Karnataka,1,0,0,0,NA,NA,NA,NA,NA,NA,NA,NA,NA,NA,NA,NA,NA,NA
261,0.165272164,0.46948353,0.843797451,0.312369463,0.46948353,0.843797451,2011,State,All,Age,state,99,Karnataka,NA,NA,NA,NA,NA,NA,NA,NA,NA,NA,NA,NA,NA,NA,NA,NA,NA,NA
262,0.035758486,0.280929273,0.75696652,0.070881981,0.270217776,0.75696652,2011,State,All,Age,state,99,Goa,0,0,0,1,NA,NA,NA,NA,NA,NA,NA,NA,NA,NA,NA,NA,NA,NA
263,0.014662107,0.273902243,0.846568245,0.024715739,0.237978764,0.846568245,2011,State,All,Age,state,99,Goa,0,0,1,0,NA,NA,NA,NA,NA,NA,NA,NA,NA,NA,NA,NA,NA,NA
264,0.062091457,0.299632314,0.83225229,0.071438391,0.287242125,0.836606384,2011,State,All,Age,state,99,Goa,0,1,0,0,NA,NA,NA,NA,NA,NA,NA,NA,NA,NA,NA,NA,NA,NA
265,0,0.143776762,0.657934088,0,0.143776762,0.657934088,2011,State,All,Age,state,99,Goa,1,0,0,0,NA,NA,NA,NA,NA,NA,NA,NA,NA,NA,NA,NA,NA,NA
266,0,0.131650942,0.852576299,0,0.106839495,0.852576299,2011,State,All,Age,state,99,Lakshadweep,0,0,0,1,NA,NA,NA,NA,NA,NA,NA,NA,NA,NA,NA,NA,NA,NA
267,0,0.11036187,0.574460013,0,0.078248037,0.574460013,2011,State,All,Age,state,99,Lakshadweep,0,0,1,0,NA,NA,NA,NA,NA,NA,NA,NA,NA,NA,NA,NA,NA,NA
268,0,0.019732611,0.69498133,0,0.009198332,0.69498133,2011,State,All,Age,state,99,Lakshadweep,0,1,0,0,NA,NA,NA,NA,NA,NA,NA,NA,NA,NA,NA,NA,NA,NA
269,0,0.334821503,0.381241054,0,0.334821503,0.381241054,2011,State,All,Age,state,99,Lakshadweep,1,0,0,0,NA,NA,NA,NA,NA,NA,NA,NA,NA,NA,NA,NA,NA,NA
270,0.043160484,0.37964477,0.862657216,0.098609434,0.334521105,0.863372401,2011,State,All,Age,state,99,Kerala,0,0,0,1,NA,NA,NA,NA,NA,NA,NA,NA,NA,NA,NA,NA,NA,NA
271,0.023155799,0.279614299,0.75332459,0.049309013,0.240655022,0.754380458,2011,State,All,Age,state,99,Kerala,0,0,1,0,NA,NA,NA,NA,NA,NA,NA,NA,NA,NA,NA,NA,NA,NA
272,0.023813732,0.246739208,0.793509447,0.048825232,0.206201569,0.793874867,2011,State,All,Age,state,99,Kerala,0,1,0,0,NA,NA,NA,NA,NA,NA,NA,NA,NA,NA,NA,NA,NA,NA
273,0.004284978,0.181522781,0.628018476,0.053498976,0.15106638,0.628018476,2011,State,All,Age,state,99,Kerala,1,0,0,0,NA,NA,NA,NA,NA,NA,NA,NA,NA,NA,NA,NA,NA,NA
274,0,0,0.681772563,0,0,0.681772563,2011,State,All,Age,state,99,Kerala,NA,NA,NA,NA,NA,NA,NA,NA,NA,NA,NA,NA,NA,NA,NA,NA,NA,NA
275,0.054121613,0.375998806,0.85108327,0.105212173,0.325766183,0.851754406,2011,State,All,Age,state,99,Tamil Nadu,0,0,0,1,NA,NA,NA,NA,NA,NA,NA,NA,NA,NA,NA,NA,NA,NA
276,0.058963107,0.400043165,0.858069826,0.112759923,0.351519411,0.859974823,2011,State,All,Age,state,99,Tamil Nadu,0,0,1,0,NA,NA,NA,NA,NA,NA,NA,NA,NA,NA,NA,NA,NA,NA
277,0.045012168,0.396120674,0.885890703,0.092236375,0.349260657,0.886959636,2011,State,All,Age,state,99,Tamil Nadu,0,1,0,0,NA,NA,NA,NA,NA,NA,NA,NA,NA,NA,NA,NA,NA,NA
278,0.032089014,0.32714468,0.798662598,0.112514593,0.294575464,0.804755704,2011,State,All,Age,state,99,Tamil Nadu,1,0,0,0,NA,NA,NA,NA,NA,NA,NA,NA,NA,NA,NA,NA,NA,NA
279,0.058365612,0.535593447,0.824708382,0.191284046,0.457252566,0.824708382,2011,State,All,Age,state,99,Tamil Nadu,NA,NA,NA,NA,NA,NA,NA,NA,NA,NA,NA,NA,NA,NA,NA,NA,NA,NA
280,0.005737121,0.238755896,0.783630733,0.016631686,0.075593706,0.783630733,2011,State,All,Age,state,99,Puducherry,0,0,0,1,NA,NA,NA,NA,NA,NA,NA,NA,NA,NA,NA,NA,NA,NA
281,0,0.210123395,0.765319456,0.014213759,0.135898238,0.765319456,2011,State,All,Age,state,99,Puducherry,0,0,1,0,NA,NA,NA,NA,NA,NA,NA,NA,NA,NA,NA,NA,NA,NA
282,0.00658879,0.199958426,0.824162516,0.045581498,0.188709701,0.824162516,2011,State,All,Age,state,99,Puducherry,0,1,0,0,NA,NA,NA,NA,NA,NA,NA,NA,NA,NA,NA,NA,NA,NA
283,0.031143997,0.180547606,0.695484069,0.031143997,0.171093649,0.695484069,2011,State,All,Age,state,99,Puducherry,1,0,0,0,NA,NA,NA,NA,NA,NA,NA,NA,NA,NA,NA,NA,NA,NA
284,0,0,1,0,0,1,2011,State,All,Age,state,99,Puducherry,NA,NA,NA,NA,NA,NA,NA,NA,NA,NA,NA,NA,NA,NA,NA,NA,NA,NA
285,0,0.032810179,0.785352222,0.017536375,0.028070332,0.785352222,2011,State,All,Age,state,99,A & N Island,0,0,0,1,NA,NA,NA,NA,NA,NA,NA,NA,NA,NA,NA,NA,NA,NA
286,0,0.074823908,0.637232612,0,0.020689458,0.640932962,2011,State,All,Age,state,99,A & N Island,0,0,1,0,NA,NA,NA,NA,NA,NA,NA,NA,NA,NA,NA,NA,NA,NA
287,0,0.066346883,0.568962335,0,0.048644613,0.568962335,2011,State,All,Age,state,99,A & N Island,0,1,0,0,NA,NA,NA,NA,NA,NA,NA,NA,NA,NA,NA,NA,NA,NA
288,0,0.049479697,0.520907643,0,0.044796584,0.520907643,2011,State,All,Age,state,99,A & N Island,1,0,0,0,NA,NA,NA,NA,NA,NA,NA,NA,NA,NA,NA,NA,NA,NA
289,0,0,0.288679619,0,0,0.288679619,2011,State,All,Age,state,99,A & N Island,NA,NA,NA,NA,NA,NA,NA,NA,NA,NA,NA,NA,NA,NA,NA,NA,NA,NA
290,0.038938704,0.349051271,0.870657386,0.087426203,0.31874786,0.878746099,2011,State,All,Age,state,99,Telangana,0,0,0,1,NA,NA,NA,NA,NA,NA,NA,NA,NA,NA,NA,NA,NA,NA
291,0.0256809,0.444327936,0.86671234,0.062019068,0.378911436,0.867545263,2011,State,All,Age,state,99,Telangana,0,0,1,0,NA,NA,NA,NA,NA,NA,NA,NA,NA,NA,NA,NA,NA,NA
292,0.03693173,0.445769677,0.924193941,0.08673714,0.385409494,0.925031285,2011,State,All,Age,state,99,Telangana,0,1,0,0,NA,NA,NA,NA,NA,NA,NA,NA,NA,NA,NA,NA,NA,NA
293,0.051803393,0.346553976,0.820813645,0.131275397,0.311674239,0.820813645,2011,State,All,Age,state,99,Telangana,1,0,0,0,NA,NA,NA,NA,NA,NA,NA,NA,NA,NA,NA,NA,NA,NA
294,0.211186912,0.452613451,0.967352023,0.442455145,0.447742851,0.967352023,2011,State,All,Age,state,99,Telangana,NA,NA,NA,NA,NA,NA,NA,NA,NA,NA,NA,NA,NA,NA,NA,NA,NA,NA
295,0,0.094530592,0.89240263,0,0.094530592,0.89240263,2011,State,All,Age,state,99,Ladakh,0,0,0,1,NA,NA,NA,NA,NA,NA,NA,NA,NA,NA,NA,NA,NA,NA
296,0,0.310675664,0.914238413,0,0.072809552,0.914238413,2011,State,All,Age,state,99,Ladakh,0,0,1,0,NA,NA,NA,NA,NA,NA,NA,NA,NA,NA,NA,NA,NA,NA
297,0,0.347809724,0.883700801,0,0.306702411,0.883700801,2011,State,All,Age,state,99,Ladakh,0,1,0,0,NA,NA,NA,NA,NA,NA,NA,NA,NA,NA,NA,NA,NA,NA
298,0,0.067072458,0.852403894,0.042276725,0.042276725,0.852403894,2011,State,All,Age,state,99,Ladakh,1,0,0,0,NA,NA,NA,NA,NA,NA,NA,NA,NA,NA,NA,NA,NA,NA
299,0.036837411,0.372549446,0.940783662,0.076709038,0.335982733,0.942658605,2011,State,urban/rural,Age,sector_state,0,Jammu & Kashmir,0,0,0,1,NA,NA,NA,NA,NA,NA,NA,NA,NA,NA,NA,NA,NA,NA
300,0.04666361,0.403022729,0.923334333,0.08473158,0.340042859,0.923334333,2011,State,urban/rural,Age,sector_state,0,Jammu & Kashmir,0,0,1,0,NA,NA,NA,NA,NA,NA,NA,NA,NA,NA,NA,NA,NA,NA
301,0.02358858,0.366956698,0.920978713,0.05252256,0.288451243,0.920978713,2011,State,urban/rural,Age,sector_state,0,Jammu & Kashmir,0,1,0,0,NA,NA,NA,NA,NA,NA,NA,NA,NA,NA,NA,NA,NA,NA
302,0,0.416583945,0.748762025,0.114521782,0.382114825,0.748762025,2011,State,urban/rural,Age,sector_state,0,Jammu & Kashmir,1,0,0,0,NA,NA,NA,NA,NA,NA,NA,NA,NA,NA,NA,NA,NA,NA
303,0,1,1,0,0.376188484,1,2011,State,urban/rural,Age,sector_state,0,Jammu & Kashmir,NA,NA,NA,NA,NA,NA,NA,NA,NA,NA,NA,NA,NA,NA,NA,NA,NA,NA
304,0.028726778,0.397104594,0.8825813,0.079465952,0.371496619,0.883304616,2011,State,urban/rural,Age,sector_state,0,Himachal Pradesh,0,0,0,1,NA,NA,NA,NA,NA,NA,NA,NA,NA,NA,NA,NA,NA,NA
305,0.023905917,0.314323796,0.851870143,0.037531689,0.281243908,0.854949669,2011,State,urban/rural,Age,sector_state,0,Himachal Pradesh,0,0,1,0,NA,NA,NA,NA,NA,NA,NA,NA,NA,NA,NA,NA,NA,NA
306,0.024525997,0.303262528,0.902450756,0.032522501,0.24811689,0.903251004,2011,State,urban/rural,Age,sector_state,0,Himachal Pradesh,0,1,0,0,NA,NA,NA,NA,NA,NA,NA,NA,NA,NA,NA,NA,NA,NA
307,0.083671031,0.447579516,0.832466998,0.196380233,0.432781657,0.832466998,2011,State,urban/rural,Age,sector_state,0,Himachal Pradesh,1,0,0,0,NA,NA,NA,NA,NA,NA,NA,NA,NA,NA,NA,NA,NA,NA
308,0.027627601,0.410102059,0.893630552,0.050426415,0.363908147,0.894562709,2011,State,urban/rural,Age,sector_state,0,Punjab,0,0,0,1,NA,NA,NA,NA,NA,NA,NA,NA,NA,NA,NA,NA,NA,NA
309,0.038015829,0.313829236,0.849471385,0.073389017,0.286905415,0.849602098,2011,State,urban/rural,Age,sector_state,0,Punjab,0,0,1,0,NA,NA,NA,NA,NA,NA,NA,NA,NA,NA,NA,NA,NA,NA
310,0.042240887,0.431481709,0.88260354,0.113257787,0.396340641,0.883549053,2011,State,urban/rural,Age,sector_state,0,Punjab,0,1,0,0,NA,NA,NA,NA,NA,NA,NA,NA,NA,NA,NA,NA,NA,NA
311,0.034209647,0.528394958,0.914652924,0.102536735,0.360810802,0.914652924,2011,State,urban/rural,Age,sector_state,0,Punjab,1,0,0,0,NA,NA,NA,NA,NA,NA,NA,NA,NA,NA,NA,NA,NA,NA
312,0,0.344819147,0.755961488,0.293653081,0.344819147,0.755961488,2011,State,urban/rural,Age,sector_state,0,Chandigarh,0,0,0,1,NA,NA,NA,NA,NA,NA,NA,NA,NA,NA,NA,NA,NA,NA
313,0,0.097880712,0.506642791,0.040142038,0.097880712,0.506642791,2011,State,urban/rural,Age,sector_state,0,Chandigarh,0,0,1,0,NA,NA,NA,NA,NA,NA,NA,NA,NA,NA,NA,NA,NA,NA
314,0,0.523329875,0.920555607,0,0.523329875,0.920555607,2011,State,urban/rural,Age,sector_state,0,Chandigarh,0,1,0,0,NA,NA,NA,NA,NA,NA,NA,NA,NA,NA,NA,NA,NA,NA
315,0,0,0.952484215,0,0,0.952484215,2011,State,urban/rural,Age,sector_state,0,Chandigarh,1,0,0,0,NA,NA,NA,NA,NA,NA,NA,NA,NA,NA,NA,NA,NA,NA
316,0.037821436,0.477383598,0.953480269,0.06569384,0.461170085,0.953480269,2011,State,urban/rural,Age,sector_state,0,Uttrakhand,0,0,0,1,NA,NA,NA,NA,NA,NA,NA,NA,NA,NA,NA,NA,NA,NA
317,0.020309279,0.493170595,0.91116358,0.048172425,0.468227933,0.913223083,2011,State,urban/rural,Age,sector_state,0,Uttrakhand,0,0,1,0,NA,NA,NA,NA,NA,NA,NA,NA,NA,NA,NA,NA,NA,NA
318,0.041432131,0.478477133,0.924476304,0.066476312,0.426857824,0.924476304,2011,State,urban/rural,Age,sector_state,0,Uttrakhand,0,1,0,0,NA,NA,NA,NA,NA,NA,NA,NA,NA,NA,NA,NA,NA,NA
319,0.015064687,0.469105746,0.947177924,0.10683807,0.453008002,0.947177924,2011,State,urban/rural,Age,sector_state,0,Uttrakhand,1,0,0,0,NA,NA,NA,NA,NA,NA,NA,NA,NA,NA,NA,NA,NA,NA
320,0,1,1,1,1,1,2011,State,urban/rural,Age,sector_state,0,Uttrakhand,NA,NA,NA,NA,NA,NA,NA,NA,NA,NA,NA,NA,NA,NA,NA,NA,NA,NA
321,0.064723116,0.437671189,0.89476079,0.127248357,0.392317846,0.89476079,2011,State,urban/rural,Age,sector_state,0,Haryana,0,0,0,1,NA,NA,NA,NA,NA,NA,NA,NA,NA,NA,NA,NA,NA,NA
322,0.069535723,0.348245847,0.889162396,0.105060897,0.291701356,0.889162396,2011,State,urban/rural,Age,sector_state,0,Haryana,0,0,1,0,NA,NA,NA,NA,NA,NA,NA,NA,NA,NA,NA,NA,NA,NA
323,0.05730115,0.464739336,0.903253538,0.11978273,0.418279638,0.903253538,2011,State,urban/rural,Age,sector_state,0,Haryana,0,1,0,0,NA,NA,NA,NA,NA,NA,NA,NA,NA,NA,NA,NA,NA,NA
324,0.034338525,0.419022975,0.757847694,0.100155071,0.357650086,0.757847694,2011,State,urban/rural,Age,sector_state,0,Haryana,1,0,0,0,NA,NA,NA,NA,NA,NA,NA,NA,NA,NA,NA,NA,NA,NA
325,0,0.575396219,1,0,0.575396219,1,2011,State,urban/rural,Age,sector_state,0,Haryana,NA,NA,NA,NA,NA,NA,NA,NA,NA,NA,NA,NA,NA,NA,NA,NA,NA,NA
326,0,0.352716178,1,0,0.352716178,1,2011,State,urban/rural,Age,sector_state,0,Delhi,0,0,0,1,NA,NA,NA,NA,NA,NA,NA,NA,NA,NA,NA,NA,NA,NA
327,0.082613458,0.783247201,0.8875081,0.082613458,0.783247201,0.8875081,2011,State,urban/rural,Age,sector_state,0,Delhi,0,0,1,0,NA,NA,NA,NA,NA,NA,NA,NA,NA,NA,NA,NA,NA,NA
328,0.031437113,0.039932425,0.807991363,0.031437113,0.039932425,0.807991363,2011,State,urban/rural,Age,sector_state,0,Delhi,0,1,0,0,NA,NA,NA,NA,NA,NA,NA,NA,NA,NA,NA,NA,NA,NA
329,0,0.018341627,0.75734606,0.00644914,0.006839666,0.75734606,2011,State,urban/rural,Age,sector_state,0,Delhi,1,0,0,0,NA,NA,NA,NA,NA,NA,NA,NA,NA,NA,NA,NA,NA,NA
330,0.071995408,0.492480418,0.949176736,0.164768314,0.473356847,0.949176736,2011,State,urban/rural,Age,sector_state,0,Rajasthan,0,0,0,1,NA,NA,NA,NA,NA,NA,NA,NA,NA,NA,NA,NA,NA,NA
331,0.082360341,0.618014264,0.956763064,0.176132004,0.562383238,0.956763064,2011,State,urban/rural,Age,sector_state,0,Rajasthan,0,0,1,0,NA,NA,NA,NA,NA,NA,NA,NA,NA,NA,NA,NA,NA,NA
332,0.135097922,0.653167217,0.969200111,0.25767596,0.60199489,0.970558231,2011,State,urban/rural,Age,sector_state,0,Rajasthan,0,1,0,0,NA,NA,NA,NA,NA,NA,NA,NA,NA,NA,NA,NA,NA,NA
333,0.17879049,0.68753911,0.955802646,0.296897515,0.657455982,0.95634547,2011,State,urban/rural,Age,sector_state,0,Rajasthan,1,0,0,0,NA,NA,NA,NA,NA,NA,NA,NA,NA,NA,NA,NA,NA,NA
334,0,0,0,0,0,0,2011,State,urban/rural,Age,sector_state,0,Rajasthan,NA,NA,NA,NA,NA,NA,NA,NA,NA,NA,NA,NA,NA,NA,NA,NA,NA,NA
335,0.272358869,0.818158972,0.982128512,0.411727016,0.780821183,0.982128512,2011,State,urban/rural,Age,sector_state,0,Uttar Pradesh,0,0,0,1,NA,NA,NA,NA,NA,NA,NA,NA,NA,NA,NA,NA,NA,NA
336,0.291205881,0.801191867,0.97532952,0.449538514,0.779358571,0.97532952,2011,State,urban/rural,Age,sector_state,0,Uttar Pradesh,0,0,1,0,NA,NA,NA,NA,NA,NA,NA,NA,NA,NA,NA,NA,NA,NA
337,0.287751551,0.807535887,0.983946605,0.443969121,0.775478317,0.98413461,2011,State,urban/rural,Age,sector_state,0,Uttar Pradesh,0,1,0,0,NA,NA,NA,NA,NA,NA,NA,NA,NA,NA,NA,NA,NA,NA
338,0.309603136,0.813828025,0.979907809,0.461292438,0.778798321,0.979907809,2011,State,urban/rural,Age,sector_state,0,Uttar Pradesh,1,0,0,0,NA,NA,NA,NA,NA,NA,NA,NA,NA,NA,NA,NA,NA,NA
339,0,0,1,0,0,1,2011,State,urban/rural,Age,sector_state,0,Uttar Pradesh,NA,NA,NA,NA,NA,NA,NA,NA,NA,NA,NA,NA,NA,NA,NA,NA,NA,NA
340,0.246525052,0.86113021,0.988107027,0.397222095,0.828683245,0.988107027,2011,State,urban/rural,Age,sector_state,0,Bihar,0,0,0,1,NA,NA,NA,NA,NA,NA,NA,NA,NA,NA,NA,NA,NA,NA
341,0.222370116,0.817169349,0.990890031,0.406464523,0.764928239,0.990890031,2011,State,urban/rural,Age,sector_state,0,Bihar,0,0,1,0,NA,NA,NA,NA,NA,NA,NA,NA,NA,NA,NA,NA,NA,NA
342,0.243102487,0.838378467,0.995532358,0.419753821,0.806241775,0.995603622,2011,State,urban/rural,Age,sector_state,0,Bihar,0,1,0,0,NA,NA,NA,NA,NA,NA,NA,NA,NA,NA,NA,NA,NA,NA
343,0.269656003,0.825482397,0.986093379,0.389920865,0.782211422,0.986093379,2011,State,urban/rural,Age,sector_state,0,Bihar,1,0,0,0,NA,NA,NA,NA,NA,NA,NA,NA,NA,NA,NA,NA,NA,NA
344,0,0,0.868808792,0,0,0.868808792,2011,State,urban/rural,Age,sector_state,0,Bihar,NA,NA,NA,NA,NA,NA,NA,NA,NA,NA,NA,NA,NA,NA,NA,NA,NA,NA
345,0.008823556,0.700539433,0.982626957,0.020595417,0.687247697,0.982626957,2011,State,urban/rural,Age,sector_state,0,Sikkim,0,0,0,1,NA,NA,NA,NA,NA,NA,NA,NA,NA,NA,NA,NA,NA,NA
346,0.023270757,0.691336722,0.976925933,0.127102033,0.626841487,0.976925933,2011,State,urban/rural,Age,sector_state,0,Sikkim,0,0,1,0,NA,NA,NA,NA,NA,NA,NA,NA,NA,NA,NA,NA,NA,NA
347,0.03131162,0.716416355,0.979649243,0.153205918,0.628193577,0.979649243,2011,State,urban/rural,Age,sector_state,0,Sikkim,0,1,0,0,NA,NA,NA,NA,NA,NA,NA,NA,NA,NA,NA,NA,NA,NA
348,0,0.586227097,0.988717017,0,0.574608021,0.988717017,2011,State,urban/rural,Age,sector_state,0,Sikkim,1,0,0,0,NA,NA,NA,NA,NA,NA,NA,NA,NA,NA,NA,NA,NA,NA
349,0,0.315683023,1,0,0.315683023,1,2011,State,urban/rural,Age,sector_state,0,Sikkim,NA,NA,NA,NA,NA,NA,NA,NA,NA,NA,NA,NA,NA,NA,NA,NA,NA,NA
350,0.290774058,0.619520195,0.913823108,0.378947476,0.531108958,0.913823108,2011,State,urban/rural,Age,sector_state,0,Arunachal Pradesh,0,0,0,1,NA,NA,NA,NA,NA,NA,NA,NA,NA,NA,NA,NA,NA,NA
351,0.308249254,0.667505685,0.912324127,0.424869635,0.654574203,0.912324127,2011,State,urban/rural,Age,sector_state,0,Arunachal Pradesh,0,0,1,0,NA,NA,NA,NA,NA,NA,NA,NA,NA,NA,NA,NA,NA,NA
352,0.284536355,0.617319857,0.866808929,0.381682624,0.602515347,0.866808929,2011,State,urban/rural,Age,sector_state,0,Arunachal Pradesh,0,1,0,0,NA,NA,NA,NA,NA,NA,NA,NA,NA,NA,NA,NA,NA,NA
353,0.190047802,0.481514333,0.739652631,0.268953207,0.469217171,0.739652631,2011,State,urban/rural,Age,sector_state,0,Arunachal Pradesh,1,0,0,0,NA,NA,NA,NA,NA,NA,NA,NA,NA,NA,NA,NA,NA,NA
354,0,0.30473848,0.65236924,0,0.30473848,0.65236924,2011,State,urban/rural,Age,sector_state,0,Arunachal Pradesh,NA,NA,NA,NA,NA,NA,NA,NA,NA,NA,NA,NA,NA,NA,NA,NA,NA,NA
355,0,0.767106472,0.993298869,0.099075927,0.737366699,0.993298869,2011,State,urban/rural,Age,sector_state,0,Nagaland,0,0,0,1,NA,NA,NA,NA,NA,NA,NA,NA,NA,NA,NA,NA,NA,NA
356,0.06138791,0.620315867,0.961364664,0.150174769,0.545999423,0.961913108,2011,State,urban/rural,Age,sector_state,0,Nagaland,0,0,1,0,NA,NA,NA,NA,NA,NA,NA,NA,NA,NA,NA,NA,NA,NA
357,0.02504857,0.417316994,0.930555626,0.074956166,0.363488163,0.930555626,2011,State,urban/rural,Age,sector_state,0,Nagaland,0,1,0,0,NA,NA,NA,NA,NA,NA,NA,NA,NA,NA,NA,NA,NA,NA
358,0,0.764558406,0.885905004,0,0.635927088,0.885905004,2011,State,urban/rural,Age,sector_state,0,Nagaland,1,0,0,0,NA,NA,NA,NA,NA,NA,NA,NA,NA,NA,NA,NA,NA,NA
359,0.286533309,0.836244227,0.993322342,0.409227872,0.808323926,0.9966208,2011,State,urban/rural,Age,sector_state,0,Manipur,0,0,0,1,NA,NA,NA,NA,NA,NA,NA,NA,NA,NA,NA,NA,NA,NA
360,0.374309162,0.829525631,0.99126882,0.51161542,0.793275474,0.99126882,2011,State,urban/rural,Age,sector_state,0,Manipur,0,0,1,0,NA,NA,NA,NA,NA,NA,NA,NA,NA,NA,NA,NA,NA,NA
361,0.351909837,0.845628258,0.985530062,0.572381352,0.833768865,0.985530062,2011,State,urban/rural,Age,sector_state,0,Manipur,0,1,0,0,NA,NA,NA,NA,NA,NA,NA,NA,NA,NA,NA,NA,NA,NA
362,0.422490752,0.823420319,0.962086323,0.574037268,0.823420319,0.962086323,2011,State,urban/rural,Age,sector_state,0,Manipur,1,0,0,0,NA,NA,NA,NA,NA,NA,NA,NA,NA,NA,NA,NA,NA,NA
363,0,0.028015293,1,0,0.028015293,1,2011,State,urban/rural,Age,sector_state,0,Manipur,NA,NA,NA,NA,NA,NA,NA,NA,NA,NA,NA,NA,NA,NA,NA,NA,NA,NA
364,0.091486324,0.637543572,0.953505994,0.100577285,0.592599872,0.953505994,2011,State,urban/rural,Age,sector_state,0,Mizoram,0,0,0,1,NA,NA,NA,NA,NA,NA,NA,NA,NA,NA,NA,NA,NA,NA
365,0.038655735,0.514567563,0.938995289,0.125997179,0.456754326,0.938995289,2011,State,urban/rural,Age,sector_state,0,Mizoram,0,0,1,0,NA,NA,NA,NA,NA,NA,NA,NA,NA,NA,NA,NA,NA,NA
366,0.108006513,0.62745958,0.961286882,0.177540305,0.555741681,0.961286882,2011,State,urban/rural,Age,sector_state,0,Mizoram,0,1,0,0,NA,NA,NA,NA,NA,NA,NA,NA,NA,NA,NA,NA,NA,NA
367,0.144127415,0.70761707,0.987225727,0.307708069,0.597352927,0.987225727,2011,State,urban/rural,Age,sector_state,0,Mizoram,1,0,0,0,NA,NA,NA,NA,NA,NA,NA,NA,NA,NA,NA,NA,NA,NA
368,0.092394122,0.696207501,0.9888733,0.189578914,0.65381693,0.9888733,2011,State,urban/rural,Age,sector_state,0,Tripura,0,0,0,1,NA,NA,NA,NA,NA,NA,NA,NA,NA,NA,NA,NA,NA,NA
369,0.091096234,0.625575497,0.947640338,0.182992114,0.555060437,0.947640338,2011,State,urban/rural,Age,sector_state,0,Tripura,0,0,1,0,NA,NA,NA,NA,NA,NA,NA,NA,NA,NA,NA,NA,NA,NA
370,0.066751455,0.628844703,0.974745437,0.166566116,0.557732677,0.975671042,2011,State,urban/rural,Age,sector_state,0,Tripura,0,1,0,0,NA,NA,NA,NA,NA,NA,NA,NA,NA,NA,NA,NA,NA,NA
371,0.119579837,0.678294122,0.993029061,0.272373498,0.627827301,0.993029061,2011,State,urban/rural,Age,sector_state,0,Tripura,1,0,0,0,NA,NA,NA,NA,NA,NA,NA,NA,NA,NA,NA,NA,NA,NA
372,0,0,1,0,0,1,2011,State,urban/rural,Age,sector_state,0,Tripura,NA,NA,NA,NA,NA,NA,NA,NA,NA,NA,NA,NA,NA,NA,NA,NA,NA,NA
373,0,0.748904645,0.958886932,0.061575915,0.665679962,0.958886932,2011,State,urban/rural,Age,sector_state,0,Meghalaya,0,0,0,1,NA,NA,NA,NA,NA,NA,NA,NA,NA,NA,NA,NA,NA,NA
374,0.110744858,0.714686918,0.991705719,0.201915414,0.680011316,0.991705719,2011,State,urban/rural,Age,sector_state,0,Meghalaya,0,0,1,0,NA,NA,NA,NA,NA,NA,NA,NA,NA,NA,NA,NA,NA,NA
375,0.063712619,0.704589436,0.976232681,0.189531775,0.670493977,0.978069172,2011,State,urban/rural,Age,sector_state,0,Meghalaya,0,1,0,0,NA,NA,NA,NA,NA,NA,NA,NA,NA,NA,NA,NA,NA,NA
376,0.043766108,0.700703489,0.962552382,0.242066945,0.685101161,0.962552382,2011,State,urban/rural,Age,sector_state,0,Meghalaya,1,0,0,0,NA,NA,NA,NA,NA,NA,NA,NA,NA,NA,NA,NA,NA,NA
377,0.666666667,1,1,0.666666667,1,1,2011,State,urban/rural,Age,sector_state,0,Meghalaya,NA,NA,NA,NA,NA,NA,NA,NA,NA,NA,NA,NA,NA,NA,NA,NA,NA,NA
378,0.282931214,0.751979281,0.97915945,0.402086568,0.696772933,0.97915945,2011,State,urban/rural,Age,sector_state,0,Assam,0,0,0,1,NA,NA,NA,NA,NA,NA,NA,NA,NA,NA,NA,NA,NA,NA
379,0.230738147,0.797007657,0.98913347,0.404503166,0.766915521,0.98913347,2011,State,urban/rural,Age,sector_state,0,Assam,0,0,1,0,NA,NA,NA,NA,NA,NA,NA,NA,NA,NA,NA,NA,NA,NA
380,0.220119297,0.796934844,0.97797323,0.37270989,0.749860241,0.979638722,2011,State,urban/rural,Age,sector_state,0,Assam,0,1,0,0,NA,NA,NA,NA,NA,NA,NA,NA,NA,NA,NA,NA,NA,NA
381,0.227281335,0.756322068,0.990727162,0.338805851,0.745473163,0.990727162,2011,State,urban/rural,Age,sector_state,0,Assam,1,0,0,0,NA,NA,NA,NA,NA,NA,NA,NA,NA,NA,NA,NA,NA,NA
382,0,0.333333333,1,0,0.333333333,1,2011,State,urban/rural,Age,sector_state,0,Assam,NA,NA,NA,NA,NA,NA,NA,NA,NA,NA,NA,NA,NA,NA,NA,NA,NA,NA
383,0.163836628,0.651774887,0.954540176,0.282728111,0.604233156,0.954540176,2011,State,urban/rural,Age,sector_state,0,West Bengal,0,0,0,1,NA,NA,NA,NA,NA,NA,NA,NA,NA,NA,NA,NA,NA,NA
384,0.175369405,0.75035177,0.972262893,0.321774059,0.696661405,0.972262893,2011,State,urban/rural,Age,sector_state,0,West Bengal,0,0,1,0,NA,NA,NA,NA,NA,NA,NA,NA,NA,NA,NA,NA,NA,NA
385,0.210086429,0.776041779,0.972758786,0.348137728,0.739004158,0.972946145,2011,State,urban/rural,Age,sector_state,0,West Bengal,0,1,0,0,NA,NA,NA,NA,NA,NA,NA,NA,NA,NA,NA,NA,NA,NA
386,0.240827888,0.791486081,0.996730331,0.422085052,0.728460903,0.996730331,2011,State,urban/rural,Age,sector_state,0,West Bengal,1,0,0,0,NA,NA,NA,NA,NA,NA,NA,NA,NA,NA,NA,NA,NA,NA
387,0,0,1,0,0,1,2011,State,urban/rural,Age,sector_state,0,West Bengal,NA,NA,NA,NA,NA,NA,NA,NA,NA,NA,NA,NA,NA,NA,NA,NA,NA,NA
388,0.290471803,0.914515751,0.992276935,0.518161835,0.898187098,0.992276935,2011,State,urban/rural,Age,sector_state,0,Jharkhand,0,0,0,1,NA,NA,NA,NA,NA,NA,NA,NA,NA,NA,NA,NA,NA,NA
389,0.378036188,0.899661108,0.977204159,0.568017377,0.875195108,0.977642201,2011,State,urban/rural,Age,sector_state,0,Jharkhand,0,0,1,0,NA,NA,NA,NA,NA,NA,NA,NA,NA,NA,NA,NA,NA,NA
390,0.276052021,0.869670014,0.993146809,0.474177813,0.843577233,0.993146809,2011,State,urban/rural,Age,sector_state,0,Jharkhand,0,1,0,0,NA,NA,NA,NA,NA,NA,NA,NA,NA,NA,NA,NA,NA,NA
391,0.216921363,0.817537091,0.997618525,0.452995085,0.777849009,0.997618525,2011,State,urban/rural,Age,sector_state,0,Jharkhand,1,0,0,0,NA,NA,NA,NA,NA,NA,NA,NA,NA,NA,NA,NA,NA,NA
392,0,0.980543637,0.980543637,0,0.980543637,0.980543637,2011,State,urban/rural,Age,sector_state,0,Jharkhand,NA,NA,NA,NA,NA,NA,NA,NA,NA,NA,NA,NA,NA,NA,NA,NA,NA,NA
393,0.222624785,0.782633329,0.98623295,0.363237755,0.730488681,0.98623295,2011,State,urban/rural,Age,sector_state,0,Odisha,0,0,0,1,NA,NA,NA,NA,NA,NA,NA,NA,NA,NA,NA,NA,NA,NA
394,0.258339099,0.802776477,0.987664622,0.452110614,0.764736087,0.987664622,2011,State,urban/rural,Age,sector_state,0,Odisha,0,0,1,0,NA,NA,NA,NA,NA,NA,NA,NA,NA,NA,NA,NA,NA,NA
395,0.297601847,0.849895842,0.990678724,0.499637307,0.823806529,0.990678724,2011,State,urban/rural,Age,sector_state,0,Odisha,0,1,0,0,NA,NA,NA,NA,NA,NA,NA,NA,NA,NA,NA,NA,NA,NA
396,0.42382729,0.880336324,0.99814487,0.571744765,0.870854403,0.99814487,2011,State,urban/rural,Age,sector_state,0,Odisha,1,0,0,0,NA,NA,NA,NA,NA,NA,NA,NA,NA,NA,NA,NA,NA,NA
397,0.81246036,0.910221954,0.910221954,0.910221954,0.910221954,0.910221954,2011,State,urban/rural,Age,sector_state,0,Odisha,NA,NA,NA,NA,NA,NA,NA,NA,NA,NA,NA,NA,NA,NA,NA,NA,NA,NA
398,0.209482395,0.855019781,0.988453144,0.369567006,0.825386285,0.988453144,2011,State,urban/rural,Age,sector_state,0,Chhattisgarh,0,0,0,1,NA,NA,NA,NA,NA,NA,NA,NA,NA,NA,NA,NA,NA,NA
399,0.277350963,0.843693494,0.981978369,0.407110917,0.809161825,0.981978369,2011,State,urban/rural,Age,sector_state,0,Chhattisgarh,0,0,1,0,NA,NA,NA,NA,NA,NA,NA,NA,NA,NA,NA,NA,NA,NA
400,0.252304485,0.826671249,0.987432811,0.385182623,0.77764297,0.991702935,2011,State,urban/rural,Age,sector_state,0,Chhattisgarh,0,1,0,0,NA,NA,NA,NA,NA,NA,NA,NA,NA,NA,NA,NA,NA,NA
401,0.245857228,0.783052944,0.974105099,0.396991779,0.759276308,0.974105099,2011,State,urban/rural,Age,sector_state,0,Chhattisgarh,1,0,0,0,NA,NA,NA,NA,NA,NA,NA,NA,NA,NA,NA,NA,NA,NA
402,0.246154141,0.649984761,1,0.649984761,0.649984761,1,2011,State,urban/rural,Age,sector_state,0,Chhattisgarh,NA,NA,NA,NA,NA,NA,NA,NA,NA,NA,NA,NA,NA,NA,NA,NA,NA,NA
403,0.176899396,0.819767457,0.967770381,0.41032471,0.78811353,0.967770381,2011,State,urban/rural,Age,sector_state,0,Madhya Pradesh,0,0,0,1,NA,NA,NA,NA,NA,NA,NA,NA,NA,NA,NA,NA,NA,NA
404,0.317849777,0.764061937,0.975493804,0.467421006,0.730038083,0.97567418,2011,State,urban/rural,Age,sector_state,0,Madhya Pradesh,0,0,1,0,NA,NA,NA,NA,NA,NA,NA,NA,NA,NA,NA,NA,NA,NA
405,0.343914333,0.835330956,0.981039839,0.501442351,0.803626109,0.981039839,2011,State,urban/rural,Age,sector_state,0,Madhya Pradesh,0,1,0,0,NA,NA,NA,NA,NA,NA,NA,NA,NA,NA,NA,NA,NA,NA
406,0.293058722,0.828742217,0.983059836,0.467127257,0.813987983,0.983059836,2011,State,urban/rural,Age,sector_state,0,Madhya Pradesh,1,0,0,0,NA,NA,NA,NA,NA,NA,NA,NA,NA,NA,NA,NA,NA,NA
407,0.767773075,1,1,0.767773075,1,1,2011,State,urban/rural,Age,sector_state,0,Madhya Pradesh,NA,NA,NA,NA,NA,NA,NA,NA,NA,NA,NA,NA,NA,NA,NA,NA,NA,NA
408,0.169325419,0.73705498,0.951850616,0.296599625,0.704385114,0.951850616,2011,State,urban/rural,Age,sector_state,0,Gujarat,0,0,0,1,NA,NA,NA,NA,NA,NA,NA,NA,NA,NA,NA,NA,NA,NA
409,0.222914599,0.705387676,0.985435944,0.367383607,0.683410954,0.985435944,2011,State,urban/rural,Age,sector_state,0,Gujarat,0,0,1,0,NA,NA,NA,NA,NA,NA,NA,NA,NA,NA,NA,NA,NA,NA
410,0.199064972,0.726834447,0.991029732,0.336267032,0.711049669,0.991029732,2011,State,urban/rural,Age,sector_state,0,Gujarat,0,1,0,0,NA,NA,NA,NA,NA,NA,NA,NA,NA,NA,NA,NA,NA,NA
411,0.282824371,0.768129785,0.987665318,0.36544319,0.730073782,0.987703227,2011,State,urban/rural,Age,sector_state,0,Gujarat,1,0,0,0,NA,NA,NA,NA,NA,NA,NA,NA,NA,NA,NA,NA,NA,NA
412,0.355563509,0.881598827,1,0.355563509,0.881598827,1,2011,State,urban/rural,Age,sector_state,0,Gujarat,NA,NA,NA,NA,NA,NA,NA,NA,NA,NA,NA,NA,NA,NA,NA,NA,NA,NA
413,0,0.113516656,0.778946234,0.113516656,0.113516656,0.778946234,2011,State,urban/rural,Age,sector_state,0,Daman & Diu & D & N Haveli,0,0,0,1,NA,NA,NA,NA,NA,NA,NA,NA,NA,NA,NA,NA,NA,NA
414,0.363410987,0.809488306,0.967814492,0.43728481,0.685976502,0.967814492,2011,State,urban/rural,Age,sector_state,0,Daman & Diu & D & N Haveli,0,0,1,0,NA,NA,NA,NA,NA,NA,NA,NA,NA,NA,NA,NA,NA,NA
415,0.312442447,0.921035714,0.991352025,0.342064017,0.863265015,0.991352025,2011,State,urban/rural,Age,sector_state,0,Daman & Diu & D & N Haveli,0,1,0,0,NA,NA,NA,NA,NA,NA,NA,NA,NA,NA,NA,NA,NA,NA
416,0.319960202,0.513689881,0.797993121,0.474466803,0.513689881,0.797993121,2011,State,urban/rural,Age,sector_state,0,Daman & Diu & D & N Haveli,1,0,0,0,NA,NA,NA,NA,NA,NA,NA,NA,NA,NA,NA,NA,NA,NA
417,1,1,1,1,1,1,2011,State,urban/rural,Age,sector_state,0,Daman & Diu & D & N Haveli,NA,NA,NA,NA,NA,NA,NA,NA,NA,NA,NA,NA,NA,NA,NA,NA,NA,NA
418,0.111670583,0.656388257,0.970604413,0.254593776,0.596518047,0.970604413,2011,State,urban/rural,Age,sector_state,0,Maharashtra,0,0,0,1,NA,NA,NA,NA,NA,NA,NA,NA,NA,NA,NA,NA,NA,NA
419,0.098510025,0.657111007,0.964200578,0.211083422,0.61597804,0.96438152,2011,State,urban/rural,Age,sector_state,0,Maharashtra,0,0,1,0,NA,NA,NA,NA,NA,NA,NA,NA,NA,NA,NA,NA,NA,NA
420,0.136155678,0.714422737,0.973187249,0.23038492,0.656633691,0.973187249,2011,State,urban/rural,Age,sector_state,0,Maharashtra,0,1,0,0,NA,NA,NA,NA,NA,NA,NA,NA,NA,NA,NA,NA,NA,NA
421,0.15180313,0.649325173,0.906527191,0.257514074,0.609647237,0.906527191,2011,State,urban/rural,Age,sector_state,0,Maharashtra,1,0,0,0,NA,NA,NA,NA,NA,NA,NA,NA,NA,NA,NA,NA,NA,NA
422,0.102649662,0.894946064,1,0.116062327,0.894946064,1,2011,State,urban/rural,Age,sector_state,0,Maharashtra,NA,NA,NA,NA,NA,NA,NA,NA,NA,NA,NA,NA,NA,NA,NA,NA,NA,NA
423,0.052046903,0.588888552,0.937770002,0.130164685,0.484925755,0.937770002,2011,State,urban/rural,Age,sector_state,0,Andhra Pradesh,0,0,0,1,NA,NA,NA,NA,NA,NA,NA,NA,NA,NA,NA,NA,NA,NA
424,0.076561289,0.489593594,0.921946963,0.161943855,0.41898026,0.921946963,2011,State,urban/rural,Age,sector_state,0,Andhra Pradesh,0,0,1,0,NA,NA,NA,NA,NA,NA,NA,NA,NA,NA,NA,NA,NA,NA
425,0.039835992,0.485167146,0.960484635,0.109820789,0.409555131,0.961064343,2011,State,urban/rural,Age,sector_state,0,Andhra Pradesh,0,1,0,0,NA,NA,NA,NA,NA,NA,NA,NA,NA,NA,NA,NA,NA,NA
426,0.0479543,0.462797718,0.93454078,0.16690985,0.412254248,0.936289856,2011,State,urban/rural,Age,sector_state,0,Andhra Pradesh,1,0,0,0,NA,NA,NA,NA,NA,NA,NA,NA,NA,NA,NA,NA,NA,NA
427,0.04956545,0.473817484,0.999220013,0.04956545,0.473817484,0.999220013,2011,State,urban/rural,Age,sector_state,0,Andhra Pradesh,NA,NA,NA,NA,NA,NA,NA,NA,NA,NA,NA,NA,NA,NA,NA,NA,NA,NA
428,0.062865539,0.629720629,0.966837564,0.104034922,0.609720294,0.966837564,2011,State,urban/rural,Age,sector_state,0,Karnataka,0,0,0,1,NA,NA,NA,NA,NA,NA,NA,NA,NA,NA,NA,NA,NA,NA
429,0.04586194,0.554883304,0.9322621,0.131071976,0.491824606,0.934229865,2011,State,urban/rural,Age,sector_state,0,Karnataka,0,0,1,0,NA,NA,NA,NA,NA,NA,NA,NA,NA,NA,NA,NA,NA,NA
430,0.042573468,0.531562591,0.943584086,0.126202769,0.456988576,0.943584086,2011,State,urban/rural,Age,sector_state,0,Karnataka,0,1,0,0,NA,NA,NA,NA,NA,NA,NA,NA,NA,NA,NA,NA,NA,NA
431,0.019341546,0.681669791,0.920230399,0.108827813,0.61643119,0.920230399,2011,State,urban/rural,Age,sector_state,0,Karnataka,1,0,0,0,NA,NA,NA,NA,NA,NA,NA,NA,NA,NA,NA,NA,NA,NA
432,0,0.064602333,0.712179779,0,0.064602333,0.712179779,2011,State,urban/rural,Age,sector_state,0,Karnataka,NA,NA,NA,NA,NA,NA,NA,NA,NA,NA,NA,NA,NA,NA,NA,NA,NA,NA
433,0.005323222,0.311889277,0.75598318,0.077497674,0.311889277,0.75598318,2011,State,urban/rural,Age,sector_state,0,Goa,0,0,0,1,NA,NA,NA,NA,NA,NA,NA,NA,NA,NA,NA,NA,NA,NA
434,0.000865209,0.308384499,0.927831109,0.002719228,0.303056619,0.927831109,2011,State,urban/rural,Age,sector_state,0,Goa,0,0,1,0,NA,NA,NA,NA,NA,NA,NA,NA,NA,NA,NA,NA,NA,NA
435,0.099704347,0.376346002,0.917382497,0.099704347,0.376346002,0.926021964,2011,State,urban/rural,Age,sector_state,0,Goa,0,1,0,0,NA,NA,NA,NA,NA,NA,NA,NA,NA,NA,NA,NA,NA,NA
436,0,0,0.739603432,0,0,0.739603432,2011,State,urban/rural,Age,sector_state,0,Goa,1,0,0,0,NA,NA,NA,NA,NA,NA,NA,NA,NA,NA,NA,NA,NA,NA
437,0,0.082566064,0.845044606,0,0.082566064,0.845044606,2011,State,urban/rural,Age,sector_state,0,Lakshadweep,0,0,0,1,NA,NA,NA,NA,NA,NA,NA,NA,NA,NA,NA,NA,NA,NA
438,0,0.024133298,0.532938203,0,0.024133298,0.532938203,2011,State,urban/rural,Age,sector_state,0,Lakshadweep,0,0,1,0,NA,NA,NA,NA,NA,NA,NA,NA,NA,NA,NA,NA,NA,NA
439,0,0.020848454,0.758463692,0,0,0.758463692,2011,State,urban/rural,Age,sector_state,0,Lakshadweep,0,1,0,0,NA,NA,NA,NA,NA,NA,NA,NA,NA,NA,NA,NA,NA,NA
440,0,0,0,0,0,0,2011,State,urban/rural,Age,sector_state,0,Lakshadweep,1,0,0,0,NA,NA,NA,NA,NA,NA,NA,NA,NA,NA,NA,NA,NA,NA
441,0.040816339,0.388007344,0.872913013,0.096077083,0.343078023,0.873853763,2011,State,urban/rural,Age,sector_state,0,Kerala,0,0,0,1,NA,NA,NA,NA,NA,NA,NA,NA,NA,NA,NA,NA,NA,NA
442,0.022988401,0.283225696,0.767903937,0.048013922,0.24294008,0.768034123,2011,State,urban/rural,Age,sector_state,0,Kerala,0,0,1,0,NA,NA,NA,NA,NA,NA,NA,NA,NA,NA,NA,NA,NA,NA
443,0.016145798,0.235040563,0.812465898,0.042242871,0.19571431,0.812962285,2011,State,urban/rural,Age,sector_state,0,Kerala,0,1,0,0,NA,NA,NA,NA,NA,NA,NA,NA,NA,NA,NA,NA,NA,NA
444,0.006902516,0.24765324,0.690075611,0.066180339,0.202315884,0.690075611,2011,State,urban/rural,Age,sector_state,0,Kerala,1,0,0,0,NA,NA,NA,NA,NA,NA,NA,NA,NA,NA,NA,NA,NA,NA
445,0,0,0.681772563,0,0,0.681772563,2011,State,urban/rural,Age,sector_state,0,Kerala,NA,NA,NA,NA,NA,NA,NA,NA,NA,NA,NA,NA,NA,NA,NA,NA,NA,NA
446,0.070561454,0.4239881,0.899772068,0.127860644,0.364592818,0.899772068,2011,State,urban/rural,Age,sector_state,0,Tamil Nadu,0,0,0,1,NA,NA,NA,NA,NA,NA,NA,NA,NA,NA,NA,NA,NA,NA
447,0.086474564,0.470333627,0.899706546,0.151237828,0.414873214,0.900534796,2011,State,urban/rural,Age,sector_state,0,Tamil Nadu,0,0,1,0,NA,NA,NA,NA,NA,NA,NA,NA,NA,NA,NA,NA,NA,NA
448,0.057773736,0.447834366,0.916924279,0.119952718,0.393901422,0.917531379,2011,State,urban/rural,Age,sector_state,0,Tamil Nadu,0,1,0,0,NA,NA,NA,NA,NA,NA,NA,NA,NA,NA,NA,NA,NA,NA
449,0.001495852,0.399104789,0.865497438,0.147905592,0.364592143,0.878626154,2011,State,urban/rural,Age,sector_state,0,Tamil Nadu,1,0,0,0,NA,NA,NA,NA,NA,NA,NA,NA,NA,NA,NA,NA,NA,NA
450,0,0.284011083,0.284011083,0.284011083,0.284011083,0.284011083,2011,State,urban/rural,Age,sector_state,0,Tamil Nadu,NA,NA,NA,NA,NA,NA,NA,NA,NA,NA,NA,NA,NA,NA,NA,NA,NA,NA
451,0,0.422061829,0.958681638,0,0.032828212,0.958681638,2011,State,urban/rural,Age,sector_state,0,Puducherry,0,0,0,1,NA,NA,NA,NA,NA,NA,NA,NA,NA,NA,NA,NA,NA,NA
452,0,0.347062479,0.920062329,0,0.208666215,0.920062329,2011,State,urban/rural,Age,sector_state,0,Puducherry,0,0,1,0,NA,NA,NA,NA,NA,NA,NA,NA,NA,NA,NA,NA,NA,NA
453,0,0.289678212,0.943390737,0.08767494,0.272687522,0.943390737,2011,State,urban/rural,Age,sector_state,0,Puducherry,0,1,0,0,NA,NA,NA,NA,NA,NA,NA,NA,NA,NA,NA,NA,NA,NA
454,0.064443367,0.166574263,0.633797552,0.064443367,0.166574263,0.633797552,2011,State,urban/rural,Age,sector_state,0,Puducherry,1,0,0,0,NA,NA,NA,NA,NA,NA,NA,NA,NA,NA,NA,NA,NA,NA
455,0,0.04102044,0.823781917,0.021924593,0.035094516,0.823781917,2011,State,urban/rural,Age,sector_state,0,A & N Island,0,0,0,1,NA,NA,NA,NA,NA,NA,NA,NA,NA,NA,NA,NA,NA,NA
456,0,0.09364531,0.79347345,0,0.028570244,0.79347345,2011,State,urban/rural,Age,sector_state,0,A & N Island,0,0,1,0,NA,NA,NA,NA,NA,NA,NA,NA,NA,NA,NA,NA,NA,NA
457,0,0.098584949,0.632594626,0,0.071383576,0.632594626,2011,State,urban/rural,Age,sector_state,0,A & N Island,0,1,0,0,NA,NA,NA,NA,NA,NA,NA,NA,NA,NA,NA,NA,NA,NA
458,0,0.071028196,0.526359426,0,0.071028196,0.526359426,2011,State,urban/rural,Age,sector_state,0,A & N Island,1,0,0,0,NA,NA,NA,NA,NA,NA,NA,NA,NA,NA,NA,NA,NA,NA
459,0,0,1,0,0,1,2011,State,urban/rural,Age,sector_state,0,A & N Island,NA,NA,NA,NA,NA,NA,NA,NA,NA,NA,NA,NA,NA,NA,NA,NA,NA,NA
460,0.033267971,0.378436057,0.929718298,0.054459177,0.353666429,0.930409705,2011,State,urban/rural,Age,sector_state,0,Telangana,0,0,0,1,NA,NA,NA,NA,NA,NA,NA,NA,NA,NA,NA,NA,NA,NA
461,0.025301809,0.533820329,0.953955218,0.076671781,0.461672719,0.953955218,2011,State,urban/rural,Age,sector_state,0,Telangana,0,0,1,0,NA,NA,NA,NA,NA,NA,NA,NA,NA,NA,NA,NA,NA,NA
462,0.033601524,0.534209107,0.968482392,0.093733362,0.475371452,0.968551833,2011,State,urban/rural,Age,sector_state,0,Telangana,0,1,0,0,NA,NA,NA,NA,NA,NA,NA,NA,NA,NA,NA,NA,NA,NA
463,0.024834237,0.449096733,0.940107706,0.146321705,0.373207243,0.940107706,2011,State,urban/rural,Age,sector_state,0,Telangana,1,0,0,0,NA,NA,NA,NA,NA,NA,NA,NA,NA,NA,NA,NA,NA,NA
464,0,0,1,0,0,1,2011,State,urban/rural,Age,sector_state,0,Telangana,NA,NA,NA,NA,NA,NA,NA,NA,NA,NA,NA,NA,NA,NA,NA,NA,NA,NA
465,0,0,0.865243219,0,0,0.865243219,2011,State,urban/rural,Age,sector_state,0,Ladakh,0,0,0,1,NA,NA,NA,NA,NA,NA,NA,NA,NA,NA,NA,NA,NA,NA
466,0,0.321110356,0.91292911,0,0.072107816,0.91292911,2011,State,urban/rural,Age,sector_state,0,Ladakh,0,0,1,0,NA,NA,NA,NA,NA,NA,NA,NA,NA,NA,NA,NA,NA,NA
467,0,0.404730811,0.935845378,0,0.356836436,0.935845378,2011,State,urban/rural,Age,sector_state,0,Ladakh,0,1,0,0,NA,NA,NA,NA,NA,NA,NA,NA,NA,NA,NA,NA,NA,NA
468,0,0,0.86030971,0,0,0.86030971,2011,State,urban/rural,Age,sector_state,0,Ladakh,1,0,0,0,NA,NA,NA,NA,NA,NA,NA,NA,NA,NA,NA,NA,NA,NA
469,0.022989229,0.188629489,0.83246297,0.059720775,0.152406864,0.83246297,2011,State,urban/rural,Age,sector_state,1,Jammu & Kashmir,0,0,0,1,NA,NA,NA,NA,NA,NA,NA,NA,NA,NA,NA,NA,NA,NA
470,0.006502275,0.257691286,0.742056554,0.035808547,0.239797054,0.742056554,2011,State,urban/rural,Age,sector_state,1,Jammu & Kashmir,0,0,1,0,NA,NA,NA,NA,NA,NA,NA,NA,NA,NA,NA,NA,NA,NA
471,0.018733302,0.28788935,0.81200504,0.074028011,0.253003429,0.813333472,2011,State,urban/rural,Age,sector_state,1,Jammu & Kashmir,0,1,0,0,NA,NA,NA,NA,NA,NA,NA,NA,NA,NA,NA,NA,NA,NA
472,0.186159455,0.43131917,0.793185029,0.215763844,0.408833221,0.804418827,2011,State,urban/rural,Age,sector_state,1,Jammu & Kashmir,1,0,0,0,NA,NA,NA,NA,NA,NA,NA,NA,NA,NA,NA,NA,NA,NA
473,0.460582783,0.807293606,0.898904587,0.703572338,0.807293606,0.898904587,2011,State,urban/rural,Age,sector_state,1,Jammu & Kashmir,NA,NA,NA,NA,NA,NA,NA,NA,NA,NA,NA,NA,NA,NA,NA,NA,NA,NA
474,0,0.095168077,0.638041708,0.076784531,0.095168077,0.638041708,2011,State,urban/rural,Age,sector_state,1,Himachal Pradesh,0,0,0,1,NA,NA,NA,NA,NA,NA,NA,NA,NA,NA,NA,NA,NA,NA
475,0.007878847,0.218668394,0.704735823,0.035977181,0.177296611,0.70781117,2011,State,urban/rural,Age,sector_state,1,Himachal Pradesh,0,0,1,0,NA,NA,NA,NA,NA,NA,NA,NA,NA,NA,NA,NA,NA,NA
476,0.027646244,0.191780047,0.750277487,0.037193894,0.153801297,0.750277487,2011,State,urban/rural,Age,sector_state,1,Himachal Pradesh,0,1,0,0,NA,NA,NA,NA,NA,NA,NA,NA,NA,NA,NA,NA,NA,NA
477,0.021809553,0.208075143,0.544727381,0.021809553,0.180726397,0.544727381,2011,State,urban/rural,Age,sector_state,1,Himachal Pradesh,1,0,0,0,NA,NA,NA,NA,NA,NA,NA,NA,NA,NA,NA,NA,NA,NA
478,0.04370498,0.30472097,0.786212396,0.075658203,0.274667544,0.786212396,2011,State,urban/rural,Age,sector_state,1,Punjab,0,0,0,1,NA,NA,NA,NA,NA,NA,NA,NA,NA,NA,NA,NA,NA,NA
479,0.059631414,0.314671604,0.799360434,0.082715328,0.270885112,0.799360434,2011,State,urban/rural,Age,sector_state,1,Punjab,0,0,1,0,NA,NA,NA,NA,NA,NA,NA,NA,NA,NA,NA,NA,NA,NA
480,0.08500984,0.461708377,0.860466869,0.127925227,0.414277259,0.860466869,2011,State,urban/rural,Age,sector_state,1,Punjab,0,1,0,0,NA,NA,NA,NA,NA,NA,NA,NA,NA,NA,NA,NA,NA,NA
481,0.121661917,0.338318017,0.792754136,0.141989099,0.30603833,0.792754136,2011,State,urban/rural,Age,sector_state,1,Punjab,1,0,0,0,NA,NA,NA,NA,NA,NA,NA,NA,NA,NA,NA,NA,NA,NA
482,0,1,1,0,1,1,2011,State,urban/rural,Age,sector_state,1,Punjab,NA,NA,NA,NA,NA,NA,NA,NA,NA,NA,NA,NA,NA,NA,NA,NA,NA,NA
483,0.034746836,0.3508312,0.885223885,0.196136147,0.332450657,0.885223885,2011,State,urban/rural,Age,sector_state,1,Chandigarh,0,0,0,1,NA,NA,NA,NA,NA,NA,NA,NA,NA,NA,NA,NA,NA,NA
484,0.043998964,0.314714856,0.7848968,0.06683732,0.299657494,0.7848968,2011,State,urban/rural,Age,sector_state,1,Chandigarh,0,0,1,0,NA,NA,NA,NA,NA,NA,NA,NA,NA,NA,NA,NA,NA,NA
485,0.166513154,0.405287778,0.812702674,0.258091246,0.405287778,0.812702674,2011,State,urban/rural,Age,sector_state,1,Chandigarh,0,1,0,0,NA,NA,NA,NA,NA,NA,NA,NA,NA,NA,NA,NA,NA,NA
486,0,0.553778364,0.818849076,0.070773007,0.553778364,0.818849076,2011,State,urban/rural,Age,sector_state,1,Chandigarh,1,0,0,0,NA,NA,NA,NA,NA,NA,NA,NA,NA,NA,NA,NA,NA,NA
487,0.057406816,0.434079693,0.892528659,0.074825376,0.420891367,0.892528659,2011,State,urban/rural,Age,sector_state,1,Uttrakhand,0,0,0,1,NA,NA,NA,NA,NA,NA,NA,NA,NA,NA,NA,NA,NA,NA
488,0.062147579,0.377882156,0.862291276,0.114112864,0.288231638,0.867730824,2011,State,urban/rural,Age,sector_state,1,Uttrakhand,0,0,1,0,NA,NA,NA,NA,NA,NA,NA,NA,NA,NA,NA,NA,NA,NA
489,0.08497218,0.486922754,0.869124918,0.170238976,0.452567484,0.869124918,2011,State,urban/rural,Age,sector_state,1,Uttrakhand,0,1,0,0,NA,NA,NA,NA,NA,NA,NA,NA,NA,NA,NA,NA,NA,NA
490,0.179026841,0.513908661,0.71979616,0.255600689,0.4886435,0.71979616,2011,State,urban/rural,Age,sector_state,1,Uttrakhand,1,0,0,0,NA,NA,NA,NA,NA,NA,NA,NA,NA,NA,NA,NA,NA,NA
491,0,0.726915521,1,0,0.726915521,1,2011,State,urban/rural,Age,sector_state,1,Uttrakhand,NA,NA,NA,NA,NA,NA,NA,NA,NA,NA,NA,NA,NA,NA,NA,NA,NA,NA
492,0.061329281,0.255051088,0.776772685,0.061329281,0.215106021,0.776772685,2011,State,urban/rural,Age,sector_state,1,Haryana,0,0,0,1,NA,NA,NA,NA,NA,NA,NA,NA,NA,NA,NA,NA,NA,NA
493,0.052554589,0.196003677,0.759546859,0.07248213,0.172836009,0.759546859,2011,State,urban/rural,Age,sector_state,1,Haryana,0,0,1,0,NA,NA,NA,NA,NA,NA,NA,NA,NA,NA,NA,NA,NA,NA
494,0.082495227,0.341649388,0.731470975,0.126394736,0.304807079,0.731800484,2011,State,urban/rural,Age,sector_state,1,Haryana,0,1,0,0,NA,NA,NA,NA,NA,NA,NA,NA,NA,NA,NA,NA,NA,NA
495,0.030832334,0.397686786,0.672525615,0.06097436,0.342427372,0.672525615,2011,State,urban/rural,Age,sector_state,1,Haryana,1,0,0,0,NA,NA,NA,NA,NA,NA,NA,NA,NA,NA,NA,NA,NA,NA
496,0.024549444,0.127461457,0.560295873,0.068391052,0.127461457,0.560295873,2011,State,urban/rural,Age,sector_state,1,Delhi,0,0,0,1,NA,NA,NA,NA,NA,NA,NA,NA,NA,NA,NA,NA,NA,NA
497,0.02265614,0.338277245,0.764526894,0.084630839,0.271044523,0.764526894,2011,State,urban/rural,Age,sector_state,1,Delhi,0,0,1,0,NA,NA,NA,NA,NA,NA,NA,NA,NA,NA,NA,NA,NA,NA
498,0.055907934,0.353915339,0.782182975,0.127812924,0.3208595,0.787942549,2011,State,urban/rural,Age,sector_state,1,Delhi,0,1,0,0,NA,NA,NA,NA,NA,NA,NA,NA,NA,NA,NA,NA,NA,NA
499,0.079087749,0.4043193,0.881190037,0.142218057,0.363080149,0.881190037,2011,State,urban/rural,Age,sector_state,1,Delhi,1,0,0,0,NA,NA,NA,NA,NA,NA,NA,NA,NA,NA,NA,NA,NA,NA
500,0.03780316,0.315559497,0.915787049,0.05858229,0.262819026,0.919140011,2011,State,urban/rural,Age,sector_state,1,Rajasthan,0,0,0,1,NA,NA,NA,NA,NA,NA,NA,NA,NA,NA,NA,NA,NA,NA
501,0.081673275,0.482638802,0.852039048,0.12729093,0.439973603,0.852039048,2011,State,urban/rural,Age,sector_state,1,Rajasthan,0,0,1,0,NA,NA,NA,NA,NA,NA,NA,NA,NA,NA,NA,NA,NA,NA
502,0.085286131,0.445624086,0.861919345,0.168197937,0.408038342,0.861919345,2011,State,urban/rural,Age,sector_state,1,Rajasthan,0,1,0,0,NA,NA,NA,NA,NA,NA,NA,NA,NA,NA,NA,NA,NA,NA
503,0.097634228,0.374449988,0.740725187,0.16848412,0.336726316,0.74403214,2011,State,urban/rural,Age,sector_state,1,Rajasthan,1,0,0,0,NA,NA,NA,NA,NA,NA,NA,NA,NA,NA,NA,NA,NA,NA
504,0,0.039075687,0.373320696,0,0.039075687,0.373320696,2011,State,urban/rural,Age,sector_state,1,Rajasthan,NA,NA,NA,NA,NA,NA,NA,NA,NA,NA,NA,NA,NA,NA,NA,NA,NA,NA
505,0.213133746,0.498013037,0.846036841,0.293556109,0.453399306,0.846036841,2011,State,urban/rural,Age,sector_state,1,Uttar Pradesh,0,0,0,1,NA,NA,NA,NA,NA,NA,NA,NA,NA,NA,NA,NA,NA,NA
506,0.204894476,0.591830678,0.882622055,0.315172969,0.564527172,0.882817718,2011,State,urban/rural,Age,sector_state,1,Uttar Pradesh,0,0,1,0,NA,NA,NA,NA,NA,NA,NA,NA,NA,NA,NA,NA,NA,NA
507,0.253789432,0.678446517,0.898860077,0.384707956,0.63957883,0.898860077,2011,State,urban/rural,Age,sector_state,1,Uttar Pradesh,0,1,0,0,NA,NA,NA,NA,NA,NA,NA,NA,NA,NA,NA,NA,NA,NA
508,0.134840694,0.582739111,0.849581419,0.234067765,0.549054715,0.849581419,2011,State,urban/rural,Age,sector_state,1,Uttar Pradesh,1,0,0,0,NA,NA,NA,NA,NA,NA,NA,NA,NA,NA,NA,NA,NA,NA
509,0.333712426,0.666214014,0.969166632,0.500871365,0.652514324,0.969166632,2011,State,urban/rural,Age,sector_state,1,Bihar,0,0,0,1,NA,NA,NA,NA,NA,NA,NA,NA,NA,NA,NA,NA,NA,NA
510,0.255564374,0.714997547,0.949214845,0.326189238,0.686019607,0.949214845,2011,State,urban/rural,Age,sector_state,1,Bihar,0,0,1,0,NA,NA,NA,NA,NA,NA,NA,NA,NA,NA,NA,NA,NA,NA
511,0.230091406,0.706663626,0.968843127,0.382522899,0.682159407,0.968843127,2011,State,urban/rural,Age,sector_state,1,Bihar,0,1,0,0,NA,NA,NA,NA,NA,NA,NA,NA,NA,NA,NA,NA,NA,NA
512,0.143918872,0.544748092,0.900061095,0.227903841,0.513459442,0.900718339,2011,State,urban/rural,Age,sector_state,1,Bihar,1,0,0,0,NA,NA,NA,NA,NA,NA,NA,NA,NA,NA,NA,NA,NA,NA
513,0,0.04027888,0.95851688,0.013778881,0.04027888,0.95851688,2011,State,urban/rural,Age,sector_state,1,Bihar,NA,NA,NA,NA,NA,NA,NA,NA,NA,NA,NA,NA,NA,NA,NA,NA,NA,NA
514,0,0.276166572,1,0,0.276166572,1,2011,State,urban/rural,Age,sector_state,1,Sikkim,0,0,0,1,NA,NA,NA,NA,NA,NA,NA,NA,NA,NA,NA,NA,NA,NA
515,0.04609225,0.370073098,0.925407554,0.060873241,0.237459419,0.925407554,2011,State,urban/rural,Age,sector_state,1,Sikkim,0,0,1,0,NA,NA,NA,NA,NA,NA,NA,NA,NA,NA,NA,NA,NA,NA
516,0.051282404,0.402394168,0.919016558,0.115140083,0.362941512,0.919016558,2011,State,urban/rural,Age,sector_state,1,Sikkim,0,1,0,0,NA,NA,NA,NA,NA,NA,NA,NA,NA,NA,NA,NA,NA,NA
517,0.0627646,0.642096597,0.959968247,0.104298683,0.594106917,0.959968247,2011,State,urban/rural,Age,sector_state,1,Sikkim,1,0,0,0,NA,NA,NA,NA,NA,NA,NA,NA,NA,NA,NA,NA,NA,NA
518,0.043038666,0.043038666,1,0.043038666,0.043038666,1,2011,State,urban/rural,Age,sector_state,1,Sikkim,NA,NA,NA,NA,NA,NA,NA,NA,NA,NA,NA,NA,NA,NA,NA,NA,NA,NA
519,0,0.816666667,0.816666667,0,0.816666667,0.816666667,2011,State,urban/rural,Age,sector_state,1,Arunachal Pradesh,0,0,0,1,NA,NA,NA,NA,NA,NA,NA,NA,NA,NA,NA,NA,NA,NA
520,0.18885095,0.37826104,0.718193015,0.232186468,0.356748046,0.718193015,2011,State,urban/rural,Age,sector_state,1,Arunachal Pradesh,0,0,1,0,NA,NA,NA,NA,NA,NA,NA,NA,NA,NA,NA,NA,NA,NA
521,0.171213204,0.429528471,0.800743134,0.226792148,0.409203175,0.802724121,2011,State,urban/rural,Age,sector_state,1,Arunachal Pradesh,0,1,0,0,NA,NA,NA,NA,NA,NA,NA,NA,NA,NA,NA,NA,NA,NA
522,0.211431182,0.513568171,0.812886357,0.274733932,0.484807622,0.823289109,2011,State,urban/rural,Age,sector_state,1,Arunachal Pradesh,1,0,0,0,NA,NA,NA,NA,NA,NA,NA,NA,NA,NA,NA,NA,NA,NA
523,0.109843569,0.765803831,0.941648234,0.470678992,0.765803831,0.941648234,2011,State,urban/rural,Age,sector_state,1,Nagaland,0,0,0,1,NA,NA,NA,NA,NA,NA,NA,NA,NA,NA,NA,NA,NA,NA
524,0.103956326,0.466868025,0.932026777,0.218573351,0.435887452,0.932026777,2011,State,urban/rural,Age,sector_state,1,Nagaland,0,0,1,0,NA,NA,NA,NA,NA,NA,NA,NA,NA,NA,NA,NA,NA,NA
525,0.199917795,0.411008781,0.949920394,0.22994819,0.377612514,0.949920394,2011,State,urban/rural,Age,sector_state,1,Nagaland,0,1,0,0,NA,NA,NA,NA,NA,NA,NA,NA,NA,NA,NA,NA,NA,NA
526,0,0,1,0,0,1,2011,State,urban/rural,Age,sector_state,1,Nagaland,1,0,0,0,NA,NA,NA,NA,NA,NA,NA,NA,NA,NA,NA,NA,NA,NA
527,0.445153934,0.885282042,0.999495426,0.644167189,0.857366021,0.999495426,2011,State,urban/rural,Age,sector_state,1,Manipur,0,0,0,1,NA,NA,NA,NA,NA,NA,NA,NA,NA,NA,NA,NA,NA,NA
528,0.339564862,0.846658812,0.992601339,0.526749543,0.81256041,0.992601339,2011,State,urban/rural,Age,sector_state,1,Manipur,0,0,1,0,NA,NA,NA,NA,NA,NA,NA,NA,NA,NA,NA,NA,NA,NA
529,0.377282489,0.880403619,0.994867777,0.606894108,0.854881871,0.994867777,2011,State,urban/rural,Age,sector_state,1,Manipur,0,1,0,0,NA,NA,NA,NA,NA,NA,NA,NA,NA,NA,NA,NA,NA,NA
530,0.516467492,0.844438272,0.950890493,0.609844615,0.844438272,0.950890493,2011,State,urban/rural,Age,sector_state,1,Manipur,1,0,0,0,NA,NA,NA,NA,NA,NA,NA,NA,NA,NA,NA,NA,NA,NA
531,0.10044218,0.424372223,0.90729657,0.175335145,0.383700298,0.90729657,2011,State,urban/rural,Age,sector_state,1,Mizoram,0,0,0,1,NA,NA,NA,NA,NA,NA,NA,NA,NA,NA,NA,NA,NA,NA
532,0.008224231,0.290399172,0.841469577,0.067110731,0.247912236,0.841469577,2011,State,urban/rural,Age,sector_state,1,Mizoram,0,0,1,0,NA,NA,NA,NA,NA,NA,NA,NA,NA,NA,NA,NA,NA,NA
533,0.036441148,0.282639489,0.83789556,0.086387113,0.251608815,0.839684199,2011,State,urban/rural,Age,sector_state,1,Mizoram,0,1,0,0,NA,NA,NA,NA,NA,NA,NA,NA,NA,NA,NA,NA,NA,NA
534,0.053302504,0.502497871,0.935464639,0.154365376,0.407824678,0.935464639,2011,State,urban/rural,Age,sector_state,1,Mizoram,1,0,0,0,NA,NA,NA,NA,NA,NA,NA,NA,NA,NA,NA,NA,NA,NA
535,0.058735028,0.630344717,0.931186053,0.145069171,0.571384392,0.931186053,2011,State,urban/rural,Age,sector_state,1,Tripura,0,0,0,1,NA,NA,NA,NA,NA,NA,NA,NA,NA,NA,NA,NA,NA,NA
536,0.042100935,0.381024942,0.808328255,0.077528358,0.3651888,0.808328255,2011,State,urban/rural,Age,sector_state,1,Tripura,0,0,1,0,NA,NA,NA,NA,NA,NA,NA,NA,NA,NA,NA,NA,NA,NA
537,0.030453631,0.427920688,0.87088175,0.123341097,0.405534248,0.87088175,2011,State,urban/rural,Age,sector_state,1,Tripura,0,1,0,0,NA,NA,NA,NA,NA,NA,NA,NA,NA,NA,NA,NA,NA,NA
538,0,0.593090484,0.93417278,0.074173795,0.517828769,0.93417278,2011,State,urban/rural,Age,sector_state,1,Tripura,1,0,0,0,NA,NA,NA,NA,NA,NA,NA,NA,NA,NA,NA,NA,NA,NA
539,0,1,1,1,1,1,2011,State,urban/rural,Age,sector_state,1,Tripura,NA,NA,NA,NA,NA,NA,NA,NA,NA,NA,NA,NA,NA,NA,NA,NA,NA,NA
540,0.060511363,0.138521776,0.909220241,0.060511363,0.138521776,0.909220241,2011,State,urban/rural,Age,sector_state,1,Meghalaya,0,0,0,1,NA,NA,NA,NA,NA,NA,NA,NA,NA,NA,NA,NA,NA,NA
541,0.090742888,0.317277012,0.921601625,0.136302506,0.285699746,0.921601625,2011,State,urban/rural,Age,sector_state,1,Meghalaya,0,0,1,0,NA,NA,NA,NA,NA,NA,NA,NA,NA,NA,NA,NA,NA,NA
542,0.080047771,0.406953146,0.903852129,0.120912815,0.347574383,0.903852129,2011,State,urban/rural,Age,sector_state,1,Meghalaya,0,1,0,0,NA,NA,NA,NA,NA,NA,NA,NA,NA,NA,NA,NA,NA,NA
543,0.051566159,0.406994974,0.794978061,0.051566159,0.40378951,0.794978061,2011,State,urban/rural,Age,sector_state,1,Meghalaya,1,0,0,0,NA,NA,NA,NA,NA,NA,NA,NA,NA,NA,NA,NA,NA,NA
544,0,0,1,0,0,1,2011,State,urban/rural,Age,sector_state,1,Meghalaya,NA,NA,NA,NA,NA,NA,NA,NA,NA,NA,NA,NA,NA,NA,NA,NA,NA,NA
545,0.062443036,0.50878531,0.951868766,0.191076631,0.4988113,0.951868766,2011,State,urban/rural,Age,sector_state,1,Assam,0,0,0,1,NA,NA,NA,NA,NA,NA,NA,NA,NA,NA,NA,NA,NA,NA
546,0.199840017,0.462008663,0.829371368,0.258659857,0.447456749,0.829662742,2011,State,urban/rural,Age,sector_state,1,Assam,0,0,1,0,NA,NA,NA,NA,NA,NA,NA,NA,NA,NA,NA,NA,NA,NA
547,0.15427088,0.504527757,0.893248532,0.248805383,0.474400787,0.893248532,2011,State,urban/rural,Age,sector_state,1,Assam,0,1,0,0,NA,NA,NA,NA,NA,NA,NA,NA,NA,NA,NA,NA,NA,NA
548,0.155883785,0.36784767,0.90555943,0.264379287,0.36784767,0.90555943,2011,State,urban/rural,Age,sector_state,1,Assam,1,0,0,0,NA,NA,NA,NA,NA,NA,NA,NA,NA,NA,NA,NA,NA,NA
549,0.347306557,0.704384803,0.979972395,0.347306557,0.704384803,0.979972395,2011,State,urban/rural,Age,sector_state,1,Assam,NA,NA,NA,NA,NA,NA,NA,NA,NA,NA,NA,NA,NA,NA,NA,NA,NA,NA
550,0.112651579,0.397510301,0.768238212,0.187568577,0.377832935,0.768238212,2011,State,urban/rural,Age,sector_state,1,West Bengal,0,0,0,1,NA,NA,NA,NA,NA,NA,NA,NA,NA,NA,NA,NA,NA,NA
551,0.121717121,0.420599058,0.783484525,0.177265294,0.396308429,0.783484525,2011,State,urban/rural,Age,sector_state,1,West Bengal,0,0,1,0,NA,NA,NA,NA,NA,NA,NA,NA,NA,NA,NA,NA,NA,NA
552,0.177648311,0.456895543,0.829442042,0.252084713,0.432430168,0.829667264,2011,State,urban/rural,Age,sector_state,1,West Bengal,0,1,0,0,NA,NA,NA,NA,NA,NA,NA,NA,NA,NA,NA,NA,NA,NA
553,0.060765639,0.44419972,0.711652181,0.170932747,0.423185574,0.711652181,2011,State,urban/rural,Age,sector_state,1,West Bengal,1,0,0,0,NA,NA,NA,NA,NA,NA,NA,NA,NA,NA,NA,NA,NA,NA
554,0,0.012100472,0.072113892,0,0,0.072113892,2011,State,urban/rural,Age,sector_state,1,West Bengal,NA,NA,NA,NA,NA,NA,NA,NA,NA,NA,NA,NA,NA,NA,NA,NA,NA,NA
555,0.159020698,0.481152807,0.96043776,0.324383003,0.477963837,0.96043776,2011,State,urban/rural,Age,sector_state,1,Jharkhand,0,0,0,1,NA,NA,NA,NA,NA,NA,NA,NA,NA,NA,NA,NA,NA,NA
556,0.177888292,0.506529379,0.910352092,0.2605288,0.464332317,0.910352092,2011,State,urban/rural,Age,sector_state,1,Jharkhand,0,0,1,0,NA,NA,NA,NA,NA,NA,NA,NA,NA,NA,NA,NA,NA,NA
557,0.179848742,0.512563089,0.906280157,0.266935031,0.470631128,0.906280157,2011,State,urban/rural,Age,sector_state,1,Jharkhand,0,1,0,0,NA,NA,NA,NA,NA,NA,NA,NA,NA,NA,NA,NA,NA,NA
558,0.192836,0.492141971,0.914730343,0.259333776,0.432327213,0.914730343,2011,State,urban/rural,Age,sector_state,1,Jharkhand,1,0,0,0,NA,NA,NA,NA,NA,NA,NA,NA,NA,NA,NA,NA,NA,NA
559,0.281879604,0.501721081,0.868448468,0.501721081,0.501721081,0.868448468,2011,State,urban/rural,Age,sector_state,1,Jharkhand,NA,NA,NA,NA,NA,NA,NA,NA,NA,NA,NA,NA,NA,NA,NA,NA,NA,NA
560,0.056136767,0.596755535,0.830993989,0.15616038,0.515681179,0.830993989,2011,State,urban/rural,Age,sector_state,1,Odisha,0,0,0,1,NA,NA,NA,NA,NA,NA,NA,NA,NA,NA,NA,NA,NA,NA
561,0.22114274,0.605493193,0.899455424,0.27855561,0.542538832,0.899455424,2011,State,urban/rural,Age,sector_state,1,Odisha,0,0,1,0,NA,NA,NA,NA,NA,NA,NA,NA,NA,NA,NA,NA,NA,NA
562,0.195930782,0.587026822,0.857286986,0.263782591,0.559343664,0.857479864,2011,State,urban/rural,Age,sector_state,1,Odisha,0,1,0,0,NA,NA,NA,NA,NA,NA,NA,NA,NA,NA,NA,NA,NA,NA
563,0.089011621,0.57317332,0.842921944,0.162350104,0.542557169,0.842921944,2011,State,urban/rural,Age,sector_state,1,Odisha,1,0,0,0,NA,NA,NA,NA,NA,NA,NA,NA,NA,NA,NA,NA,NA,NA
564,0.278180238,0.278180238,1,0.278180238,0.278180238,1,2011,State,urban/rural,Age,sector_state,1,Odisha,NA,NA,NA,NA,NA,NA,NA,NA,NA,NA,NA,NA,NA,NA,NA,NA,NA,NA
565,0.068791917,0.352185045,0.84016473,0.073356531,0.325245422,0.84016473,2011,State,urban/rural,Age,sector_state,1,Chhattisgarh,0,0,0,1,NA,NA,NA,NA,NA,NA,NA,NA,NA,NA,NA,NA,NA,NA
566,0.146654708,0.609597373,0.832597724,0.29727835,0.593973255,0.832597724,2011,State,urban/rural,Age,sector_state,1,Chhattisgarh,0,0,1,0,NA,NA,NA,NA,NA,NA,NA,NA,NA,NA,NA,NA,NA,NA
567,0.271839603,0.597358534,0.926389621,0.36305383,0.584222093,0.926389621,2011,State,urban/rural,Age,sector_state,1,Chhattisgarh,0,1,0,0,NA,NA,NA,NA,NA,NA,NA,NA,NA,NA,NA,NA,NA,NA
568,0.202513571,0.645871164,0.861081585,0.347136914,0.641703662,0.861081585,2011,State,urban/rural,Age,sector_state,1,Chhattisgarh,1,0,0,0,NA,NA,NA,NA,NA,NA,NA,NA,NA,NA,NA,NA,NA,NA
569,0.256340612,0.684059421,1,0.262122313,0.684059421,1,2011,State,urban/rural,Age,sector_state,1,Chhattisgarh,NA,NA,NA,NA,NA,NA,NA,NA,NA,NA,NA,NA,NA,NA,NA,NA,NA,NA
570,0.259835375,0.672177411,0.934115262,0.32242215,0.617436294,0.934115262,2011,State,urban/rural,Age,sector_state,1,Madhya Pradesh,0,0,0,1,NA,NA,NA,NA,NA,NA,NA,NA,NA,NA,NA,NA,NA,NA
571,0.169403756,0.490105321,0.851213984,0.244007976,0.461252034,0.851213984,2011,State,urban/rural,Age,sector_state,1,Madhya Pradesh,0,0,1,0,NA,NA,NA,NA,NA,NA,NA,NA,NA,NA,NA,NA,NA,NA
572,0.23111813,0.622215308,0.888683279,0.310198009,0.578071976,0.890496074,2011,State,urban/rural,Age,sector_state,1,Madhya Pradesh,0,1,0,0,NA,NA,NA,NA,NA,NA,NA,NA,NA,NA,NA,NA,NA,NA
573,0.170092421,0.531923888,0.821301545,0.295840213,0.50304067,0.821301545,2011,State,urban/rural,Age,sector_state,1,Madhya Pradesh,1,0,0,0,NA,NA,NA,NA,NA,NA,NA,NA,NA,NA,NA,NA,NA,NA
574,0.360317435,0.614300938,0.894538226,0.42801138,0.614300938,0.894538226,2011,State,urban/rural,Age,sector_state,1,Madhya Pradesh,NA,NA,NA,NA,NA,NA,NA,NA,NA,NA,NA,NA,NA,NA,NA,NA,NA,NA
575,0.106191034,0.507512753,0.886362881,0.190839161,0.479087987,0.886362881,2011,State,urban/rural,Age,sector_state,1,Gujarat,0,0,0,1,NA,NA,NA,NA,NA,NA,NA,NA,NA,NA,NA,NA,NA,NA
576,0.066263808,0.402156468,0.87777685,0.133433138,0.34984469,0.87777685,2011,State,urban/rural,Age,sector_state,1,Gujarat,0,0,1,0,NA,NA,NA,NA,NA,NA,NA,NA,NA,NA,NA,NA,NA,NA
577,0.110810555,0.457995506,0.9166607,0.211383272,0.414418294,0.9166607,2011,State,urban/rural,Age,sector_state,1,Gujarat,0,1,0,0,NA,NA,NA,NA,NA,NA,NA,NA,NA,NA,NA,NA,NA,NA
578,0.120281002,0.379343347,0.915850792,0.189155536,0.311096552,0.915850792,2011,State,urban/rural,Age,sector_state,1,Gujarat,1,0,0,0,NA,NA,NA,NA,NA,NA,NA,NA,NA,NA,NA,NA,NA,NA
579,0.663581139,0.831790569,1,0.663581139,0.663581139,1,2011,State,urban/rural,Age,sector_state,1,Gujarat,NA,NA,NA,NA,NA,NA,NA,NA,NA,NA,NA,NA,NA,NA,NA,NA,NA,NA
580,0.059676369,0.268309696,1,0.268309696,0.268309696,1,2011,State,urban/rural,Age,sector_state,1,Daman & Diu & D & N Haveli,0,0,0,1,NA,NA,NA,NA,NA,NA,NA,NA,NA,NA,NA,NA,NA,NA
581,0.086082292,0.466311042,0.868025207,0.086082292,0.344766714,0.868025207,2011,State,urban/rural,Age,sector_state,1,Daman & Diu & D & N Haveli,0,0,1,0,NA,NA,NA,NA,NA,NA,NA,NA,NA,NA,NA,NA,NA,NA
582,0.086506343,0.353050371,0.887936356,0.099610767,0.270647207,0.887936356,2011,State,urban/rural,Age,sector_state,1,Daman & Diu & D & N Haveli,0,1,0,0,NA,NA,NA,NA,NA,NA,NA,NA,NA,NA,NA,NA,NA,NA
583,0.095100386,0.57636755,0.777684296,0.095100386,0.547930746,0.777684296,2011,State,urban/rural,Age,sector_state,1,Daman & Diu & D & N Haveli,1,0,0,0,NA,NA,NA,NA,NA,NA,NA,NA,NA,NA,NA,NA,NA,NA
584,0.115775383,0.412711947,0.831240183,0.152578409,0.358945576,0.831240183,2011,State,urban/rural,Age,sector_state,1,Maharashtra,0,0,0,1,NA,NA,NA,NA,NA,NA,NA,NA,NA,NA,NA,NA,NA,NA
585,0.053884708,0.344278244,0.810186265,0.10378874,0.30779909,0.810841639,2011,State,urban/rural,Age,sector_state,1,Maharashtra,0,0,1,0,NA,NA,NA,NA,NA,NA,NA,NA,NA,NA,NA,NA,NA,NA
586,0.059492063,0.424498289,0.844452524,0.114333072,0.372306022,0.844840062,2011,State,urban/rural,Age,sector_state,1,Maharashtra,0,1,0,0,NA,NA,NA,NA,NA,NA,NA,NA,NA,NA,NA,NA,NA,NA
587,0.041341253,0.309697719,0.737529273,0.0845873,0.278176485,0.740621706,2011,State,urban/rural,Age,sector_state,1,Maharashtra,1,0,0,0,NA,NA,NA,NA,NA,NA,NA,NA,NA,NA,NA,NA,NA,NA
588,0.054683678,0.835507201,0.973013578,0.054683678,0.835507201,0.973013578,2011,State,urban/rural,Age,sector_state,1,Maharashtra,NA,NA,NA,NA,NA,NA,NA,NA,NA,NA,NA,NA,NA,NA,NA,NA,NA,NA
589,0.047004349,0.377599197,0.793062727,0.061824946,0.273227159,0.793062727,2011,State,urban/rural,Age,sector_state,1,Andhra Pradesh,0,0,0,1,NA,NA,NA,NA,NA,NA,NA,NA,NA,NA,NA,NA,NA,NA
590,0.031902028,0.344935391,0.79889628,0.10073301,0.318714686,0.79889628,2011,State,urban/rural,Age,sector_state,1,Andhra Pradesh,0,0,1,0,NA,NA,NA,NA,NA,NA,NA,NA,NA,NA,NA,NA,NA,NA
591,0.040986545,0.400997498,0.8203919,0.101582428,0.35000727,0.830112357,2011,State,urban/rural,Age,sector_state,1,Andhra Pradesh,0,1,0,0,NA,NA,NA,NA,NA,NA,NA,NA,NA,NA,NA,NA,NA,NA
592,0.049683542,0.356936841,0.750911701,0.160829751,0.32113732,0.750911701,2011,State,urban/rural,Age,sector_state,1,Andhra Pradesh,1,0,0,0,NA,NA,NA,NA,NA,NA,NA,NA,NA,NA,NA,NA,NA,NA
593,0.134098692,0.299784122,0.862503386,0.139589797,0.239513152,0.862503386,2011,State,urban/rural,Age,sector_state,1,Andhra Pradesh,NA,NA,NA,NA,NA,NA,NA,NA,NA,NA,NA,NA,NA,NA,NA,NA,NA,NA
594,0.115656255,0.509281521,0.792285274,0.162769671,0.481531628,0.792285274,2011,State,urban/rural,Age,sector_state,1,Karnataka,0,0,0,1,NA,NA,NA,NA,NA,NA,NA,NA,NA,NA,NA,NA,NA,NA
595,0.091003174,0.404474376,0.789319015,0.15325994,0.385280234,0.793710483,2011,State,urban/rural,Age,sector_state,1,Karnataka,0,0,1,0,NA,NA,NA,NA,NA,NA,NA,NA,NA,NA,NA,NA,NA,NA
596,0.064786689,0.401959666,0.812758514,0.150282386,0.36743281,0.81577806,2011,State,urban/rural,Age,sector_state,1,Karnataka,0,1,0,0,NA,NA,NA,NA,NA,NA,NA,NA,NA,NA,NA,NA,NA,NA
597,0.053247332,0.235068064,0.645919536,0.075478459,0.224584856,0.645919536,2011,State,urban/rural,Age,sector_state,1,Karnataka,1,0,0,0,NA,NA,NA,NA,NA,NA,NA,NA,NA,NA,NA,NA,NA,NA
598,0.361415531,0.949992528,1,0.68308645,0.949992528,1,2011,State,urban/rural,Age,sector_state,1,Karnataka,NA,NA,NA,NA,NA,NA,NA,NA,NA,NA,NA,NA,NA,NA,NA,NA,NA,NA
599,0.06461045,0.251579868,0.757898704,0.06461045,0.230714108,0.757898704,2011,State,urban/rural,Age,sector_state,1,Goa,0,0,0,1,NA,NA,NA,NA,NA,NA,NA,NA,NA,NA,NA,NA,NA,NA
600,0.029467487,0.236899512,0.759365485,0.048320083,0.168144053,0.759365485,2011,State,urban/rural,Age,sector_state,1,Goa,0,0,1,0,NA,NA,NA,NA,NA,NA,NA,NA,NA,NA,NA,NA,NA,NA
601,0.023875394,0.22168842,0.745756906,0.042719152,0.196709347,0.745756906,2011,State,urban/rural,Age,sector_state,1,Goa,0,1,0,0,NA,NA,NA,NA,NA,NA,NA,NA,NA,NA,NA,NA,NA,NA
602,0,0.337715084,0.547771533,0,0.337715084,0.547771533,2011,State,urban/rural,Age,sector_state,1,Goa,1,0,0,0,NA,NA,NA,NA,NA,NA,NA,NA,NA,NA,NA,NA,NA,NA
603,0,0.214275057,0.865254326,0,0.147698734,0.865254326,2011,State,urban/rural,Age,sector_state,1,Lakshadweep,0,0,0,1,NA,NA,NA,NA,NA,NA,NA,NA,NA,NA,NA,NA,NA,NA
604,0,0.198302967,0.616806458,0,0.133437511,0.616806458,2011,State,urban/rural,Age,sector_state,1,Lakshadweep,0,0,1,0,NA,NA,NA,NA,NA,NA,NA,NA,NA,NA,NA,NA,NA,NA
605,0,0.018592956,0.630144253,0,0.018592956,0.630144253,2011,State,urban/rural,Age,sector_state,1,Lakshadweep,0,1,0,0,NA,NA,NA,NA,NA,NA,NA,NA,NA,NA,NA,NA,NA,NA
606,0,0.557486123,0.634775828,0,0.557486123,0.634775828,2011,State,urban/rural,Age,sector_state,1,Lakshadweep,1,0,0,0,NA,NA,NA,NA,NA,NA,NA,NA,NA,NA,NA,NA,NA,NA
607,0.050592881,0.353130209,0.830139965,0.10663856,0.307390355,0.830139965,2011,State,urban/rural,Age,sector_state,1,Kerala,0,0,0,1,NA,NA,NA,NA,NA,NA,NA,NA,NA,NA,NA,NA,NA,NA
608,0.023598211,0.270069886,0.714793443,0.052731754,0.234615939,0.718295756,2011,State,urban/rural,Age,sector_state,1,Kerala,0,0,1,0,NA,NA,NA,NA,NA,NA,NA,NA,NA,NA,NA,NA,NA,NA
609,0.04520835,0.279380078,0.740618273,0.067190947,0.235462502,0.740618273,2011,State,urban/rural,Age,sector_state,1,Kerala,0,1,0,0,NA,NA,NA,NA,NA,NA,NA,NA,NA,NA,NA,NA,NA,NA
610,0,0.073265462,0.526429297,0.032739248,0.06716958,0.526429297,2011,State,urban/rural,Age,sector_state,1,Kerala,1,0,0,0,NA,NA,NA,NA,NA,NA,NA,NA,NA,NA,NA,NA,NA,NA
611,0.032266069,0.312200613,0.786355137,0.075102715,0.274149061,0.7879185,2011,State,urban/rural,Age,sector_state,1,Tamil Nadu,0,0,0,1,NA,NA,NA,NA,NA,NA,NA,NA,NA,NA,NA,NA,NA,NA
612,0.023370055,0.309104614,0.804202162,0.062978989,0.269555189,0.807500204,2011,State,urban/rural,Age,sector_state,1,Tamil Nadu,0,0,1,0,NA,NA,NA,NA,NA,NA,NA,NA,NA,NA,NA,NA,NA,NA
613,0.029216578,0.332112217,0.847478993,0.05793056,0.294006692,0.849119559,2011,State,urban/rural,Age,sector_state,1,Tamil Nadu,0,1,0,0,NA,NA,NA,NA,NA,NA,NA,NA,NA,NA,NA,NA,NA,NA
614,0.058583857,0.264824485,0.740781082,0.08186464,0.233938353,0.740781082,2011,State,urban/rural,Age,sector_state,1,Tamil Nadu,1,0,0,0,NA,NA,NA,NA,NA,NA,NA,NA,NA,NA,NA,NA,NA,NA
615,0.077287479,0.617155311,1,0.16122236,0.513416671,1,2011,State,urban/rural,Age,sector_state,1,Tamil Nadu,NA,NA,NA,NA,NA,NA,NA,NA,NA,NA,NA,NA,NA,NA,NA,NA,NA,NA
616,0.00879836,0.140946691,0.690226284,0.025506096,0.098412711,0.690226284,2011,State,urban/rural,Age,sector_state,1,Puducherry,0,0,0,1,NA,NA,NA,NA,NA,NA,NA,NA,NA,NA,NA,NA,NA,NA
617,0,0.126412744,0.670725376,0.022902609,0.091415286,0.670725376,2011,State,urban/rural,Age,sector_state,1,Puducherry,0,0,1,0,NA,NA,NA,NA,NA,NA,NA,NA,NA,NA,NA,NA,NA,NA
618,0.010659178,0.144531796,0.750506315,0.019577226,0.136830312,0.750506315,2011,State,urban/rural,Age,sector_state,1,Puducherry,0,1,0,0,NA,NA,NA,NA,NA,NA,NA,NA,NA,NA,NA,NA,NA,NA
619,0.019377966,0.18548496,0.717280441,0.019377966,0.172690534,0.717280441,2011,State,urban/rural,Age,sector_state,1,Puducherry,1,0,0,0,NA,NA,NA,NA,NA,NA,NA,NA,NA,NA,NA,NA,NA,NA
620,0,0,1,0,0,1,2011,State,urban/rural,Age,sector_state,1,Puducherry,NA,NA,NA,NA,NA,NA,NA,NA,NA,NA,NA,NA,NA,NA,NA,NA,NA,NA
621,0,0,0.631777896,0,0,0.631777896,2011,State,urban/rural,Age,sector_state,1,A & N Island,0,0,0,1,NA,NA,NA,NA,NA,NA,NA,NA,NA,NA,NA,NA,NA,NA
622,0,0.048020112,0.414728061,0,0.00946633,0.423698126,2011,State,urban/rural,Age,sector_state,1,A & N Island,0,0,1,0,NA,NA,NA,NA,NA,NA,NA,NA,NA,NA,NA,NA,NA,NA
623,0,0.010447882,0.458627507,0,0.009216524,0.458627507,2011,State,urban/rural,Age,sector_state,1,A & N Island,0,1,0,0,NA,NA,NA,NA,NA,NA,NA,NA,NA,NA,NA,NA,NA,NA
624,0,0.018078237,0.512963054,0,0.006570676,0.512963054,2011,State,urban/rural,Age,sector_state,1,A & N Island,1,0,0,0,NA,NA,NA,NA,NA,NA,NA,NA,NA,NA,NA,NA,NA,NA
625,0,0,0,0,0,0,2011,State,urban/rural,Age,sector_state,1,A & N Island,NA,NA,NA,NA,NA,NA,NA,NA,NA,NA,NA,NA,NA,NA,NA,NA,NA,NA
626,0.050301471,0.290171324,0.752313715,0.153484088,0.24877956,0.775224828,2011,State,urban/rural,Age,sector_state,1,Telangana,0,0,0,1,NA,NA,NA,NA,NA,NA,NA,NA,NA,NA,NA,NA,NA,NA
627,0.026358312,0.284410345,0.710814498,0.035835539,0.231021939,0.713135805,2011,State,urban/rural,Age,sector_state,1,Telangana,0,0,1,0,NA,NA,NA,NA,NA,NA,NA,NA,NA,NA,NA,NA,NA,NA
628,0.04177063,0.317264262,0.859841357,0.076571397,0.254691795,0.86179449,2011,State,urban/rural,Age,sector_state,1,Telangana,0,1,0,0,NA,NA,NA,NA,NA,NA,NA,NA,NA,NA,NA,NA,NA,NA
629,0.072146844,0.26920363,0.730827408,0.119925623,0.265258487,0.730827408,2011,State,urban/rural,Age,sector_state,1,Telangana,1,0,0,0,NA,NA,NA,NA,NA,NA,NA,NA,NA,NA,NA,NA,NA,NA
630,0.426637963,0.914365755,0.93404484,0.893844035,0.904526212,0.93404484,2011,State,urban/rural,Age,sector_state,1,Telangana,NA,NA,NA,NA,NA,NA,NA,NA,NA,NA,NA,NA,NA,NA,NA,NA,NA,NA
631,0,0.375274761,0.973062722,0,0.375274761,0.973062722,2011,State,urban/rural,Age,sector_state,1,Ladakh,0,0,0,1,NA,NA,NA,NA,NA,NA,NA,NA,NA,NA,NA,NA,NA,NA
632,0,0.246985611,0.922229985,0,0.077092726,0.922229985,2011,State,urban/rural,Age,sector_state,1,Ladakh,0,0,1,0,NA,NA,NA,NA,NA,NA,NA,NA,NA,NA,NA,NA,NA,NA
633,0,0.003054854,0.567875894,0,0.003054854,0.567875894,2011,State,urban/rural,Age,sector_state,1,Ladakh,0,1,0,0,NA,NA,NA,NA,NA,NA,NA,NA,NA,NA,NA,NA,NA,NA
634,0,0.567642888,0.79340177,0.357793392,0.357793392,0.79340177,2011,State,urban/rural,Age,sector_state,1,Ladakh,1,0,0,0,NA,NA,NA,NA,NA,NA,NA,NA,NA,NA,NA,NA,NA,NA
635,0.010711305,0.152728482,0.526172774,0.027439071,0.132047997,0.530098948,2011,National,All,Education,allindia,99,India,NA,NA,NA,NA,0,0,0,0,0,1,NA,NA,NA,NA,NA,NA,NA,NA
636,0.02411914,0.226336575,0.673031735,0.050595373,0.197029602,0.674536189,2011,National,All,Education,allindia,99,India,NA,NA,NA,NA,0,0,0,0,1,0,NA,NA,NA,NA,NA,NA,NA,NA
637,0.082033422,0.456636349,0.882590962,0.149550038,0.41105216,0.883511437,2011,National,All,Education,allindia,99,India,NA,NA,NA,NA,0,0,0,1,0,0,NA,NA,NA,NA,NA,NA,NA,NA
638,0.124846406,0.586067271,0.946076718,0.223242111,0.541242375,0.946449369,2011,National,All,Education,allindia,99,India,NA,NA,NA,NA,0,0,1,0,0,0,NA,NA,NA,NA,NA,NA,NA,NA
639,0.156316367,0.674294154,0.960005734,0.284911573,0.63005462,0.960283323,2011,National,All,Education,allindia,99,India,NA,NA,NA,NA,0,1,0,0,0,0,NA,NA,NA,NA,NA,NA,NA,NA
640,0.236165511,0.757215857,0.980244,0.376782073,0.718177805,0.980432523,2011,National,All,Education,allindia,99,India,NA,NA,NA,NA,1,0,0,0,0,0,NA,NA,NA,NA,NA,NA,NA,NA
641,0.015164656,0.188871787,0.623926025,0.091860644,0.188871787,0.623926025,2011,National,All,Education,allindia,99,India,NA,NA,NA,NA,NA,NA,NA,NA,NA,NA,NA,NA,NA,NA,NA,NA,NA,NA
642,0.027460606,0.293905884,0.786505732,0.06194566,0.266898482,0.786505732,2011,National,urban/rural,Education,sect_allindia,0,India,NA,NA,NA,NA,0,0,0,0,0,1,NA,NA,NA,NA,NA,NA,NA,NA
643,0.045659773,0.374119814,0.823622201,0.089687804,0.32597552,0.824560615,2011,National,urban/rural,Education,sect_allindia,0,India,NA,NA,NA,NA,0,0,0,0,1,0,NA,NA,NA,NA,NA,NA,NA,NA
644,0.104114921,0.552850527,0.923902687,0.19195194,0.506935598,0.924607386,2011,National,urban/rural,Education,sect_allindia,0,India,NA,NA,NA,NA,0,0,0,1,0,0,NA,NA,NA,NA,NA,NA,NA,NA
645,0.133086498,0.618525901,0.952125589,0.240451511,0.575187182,0.952379302,2011,National,urban/rural,Education,sect_allindia,0,India,NA,NA,NA,NA,0,0,1,0,0,0,NA,NA,NA,NA,NA,NA,NA,NA
646,0.16551157,0.712511671,0.967631857,0.303610716,0.666562895,0.967891061,2011,National,urban/rural,Education,sect_allindia,0,India,NA,NA,NA,NA,0,1,0,0,0,0,NA,NA,NA,NA,NA,NA,NA,NA
647,0.236646868,0.769048998,0.982123253,0.381496119,0.729946145,0.982330495,2011,National,urban/rural,Education,sect_allindia,0,India,NA,NA,NA,NA,1,0,0,0,0,0,NA,NA,NA,NA,NA,NA,NA,NA
648,0.025817259,0.305936903,1,0.140779063,0.305936903,1,2011,National,urban/rural,Education,sect_allindia,0,India,NA,NA,NA,NA,NA,NA,NA,NA,NA,NA,NA,NA,NA,NA,NA,NA,NA,NA
649,0.004630571,0.101474868,0.431660445,0.01491166,0.083091331,0.437011992,2011,National,urban/rural,Education,sect_allindia,1,India,NA,NA,NA,NA,0,0,0,0,0,1,NA,NA,NA,NA,NA,NA,NA,NA
650,0.012323636,0.145411477,0.59056942,0.029188624,0.126419695,0.592383832,2011,National,urban/rural,Education,sect_allindia,1,India,NA,NA,NA,NA,0,0,0,0,1,0,NA,NA,NA,NA,NA,NA,NA,NA
651,0.052123515,0.326311998,0.826633265,0.092115672,0.281175804,0.827846014,2011,National,urban/rural,Education,sect_allindia,1,India,NA,NA,NA,NA,0,0,0,1,0,0,NA,NA,NA,NA,NA,NA,NA,NA
652,0.104622022,0.506401209,0.931230444,0.181003572,0.457928655,0.931895014,2011,National,urban/rural,Education,sect_allindia,1,India,NA,NA,NA,NA,0,0,1,0,0,0,NA,NA,NA,NA,NA,NA,NA,NA
653,0.128109477,0.557059402,0.936612098,0.227550723,0.518063082,0.936946086,2011,National,urban/rural,Education,sect_allindia,1,India,NA,NA,NA,NA,0,1,0,0,0,0,NA,NA,NA,NA,NA,NA,NA,NA
654,0.23371581,0.696995146,0.970680186,0.352791554,0.658286879,0.970773446,2011,National,urban/rural,Education,sect_allindia,1,India,NA,NA,NA,NA,1,0,0,0,0,0,NA,NA,NA,NA,NA,NA,NA,NA
655,0,0.022222172,0.088560878,0.022222172,0.022222172,0.088560878,2011,National,urban/rural,Education,sect_allindia,1,India,NA,NA,NA,NA,NA,NA,NA,NA,NA,NA,NA,NA,NA,NA,NA,NA,NA,NA
656,0,0.001809039,0.589329151,0,0,0.589329151,2011,State,All,Education,state,99,Jammu & Kashmir,NA,NA,NA,NA,0,0,0,0,0,1,NA,NA,NA,NA,NA,NA,NA,NA
657,0,0.056966429,0.66665752,0,0.053770187,0.66665752,2011,State,All,Education,state,99,Jammu & Kashmir,NA,NA,NA,NA,0,0,0,0,1,0,NA,NA,NA,NA,NA,NA,NA,NA
658,0.003564731,0.150264428,0.798084396,0.014200159,0.108346959,0.798678695,2011,State,All,Education,state,99,Jammu & Kashmir,NA,NA,NA,NA,0,0,0,1,0,0,NA,NA,NA,NA,NA,NA,NA,NA
659,0.013266723,0.313555869,0.88416746,0.043445317,0.245166437,0.88416746,2011,State,All,Education,state,99,Jammu & Kashmir,NA,NA,NA,NA,0,0,1,0,0,0,NA,NA,NA,NA,NA,NA,NA,NA
660,0.019710976,0.497302147,0.962303789,0.042437892,0.415675466,0.964033517,2011,State,All,Education,state,99,Jammu & Kashmir,NA,NA,NA,NA,0,1,0,0,0,0,NA,NA,NA,NA,NA,NA,NA,NA
661,0.055424424,0.473226359,0.946131083,0.113799817,0.411751447,0.946515602,2011,State,All,Education,state,99,Jammu & Kashmir,NA,NA,NA,NA,1,0,0,0,0,0,NA,NA,NA,NA,NA,NA,NA,NA
662,0,0.87511701,1,0,0.87511701,1,2011,State,All,Education,state,99,Jammu & Kashmir,NA,NA,NA,NA,NA,NA,NA,NA,NA,NA,NA,NA,NA,NA,NA,NA,NA,NA
663,0,0.024190089,0.654079412,0.006074516,0.018108034,0.654079412,2011,State,All,Education,state,99,Himachal Pradesh,NA,NA,NA,NA,0,0,0,0,0,1,NA,NA,NA,NA,NA,NA,NA,NA
664,0,0.06341235,0.603333125,0,0.037430181,0.610763372,2011,State,All,Education,state,99,Himachal Pradesh,NA,NA,NA,NA,0,0,0,0,1,0,NA,NA,NA,NA,NA,NA,NA,NA
665,0.02024911,0.181633802,0.792330369,0.02927491,0.135094987,0.795853268,2011,State,All,Education,state,99,Himachal Pradesh,NA,NA,NA,NA,0,0,0,1,0,0,NA,NA,NA,NA,NA,NA,NA,NA
666,0.011219434,0.258158887,0.875770221,0.031542691,0.223040235,0.875770221,2011,State,All,Education,state,99,Himachal Pradesh,NA,NA,NA,NA,0,0,1,0,0,0,NA,NA,NA,NA,NA,NA,NA,NA
667,0.030735417,0.367967439,0.907486854,0.042479585,0.3269371,0.907486854,2011,State,All,Education,state,99,Himachal Pradesh,NA,NA,NA,NA,0,1,0,0,0,0,NA,NA,NA,NA,NA,NA,NA,NA
668,0.04058953,0.487331126,0.936948425,0.085696528,0.450447784,0.937257011,2011,State,All,Education,state,99,Himachal Pradesh,NA,NA,NA,NA,1,0,0,0,0,0,NA,NA,NA,NA,NA,NA,NA,NA
669,0,0,0.41434922,0,0,0.41434922,2011,State,All,Education,state,99,Punjab,NA,NA,NA,NA,0,0,0,0,0,1,NA,NA,NA,NA,NA,NA,NA,NA
670,0.002355084,0.114895264,0.520665363,0.009765888,0.102731968,0.520665363,2011,State,All,Education,state,99,Punjab,NA,NA,NA,NA,0,0,0,0,1,0,NA,NA,NA,NA,NA,NA,NA,NA
671,0.012225312,0.216829102,0.803919988,0.026810819,0.178087642,0.803919988,2011,State,All,Education,state,99,Punjab,NA,NA,NA,NA,0,0,0,1,0,0,NA,NA,NA,NA,NA,NA,NA,NA
672,0.029771628,0.357803697,0.881216993,0.076403809,0.324928825,0.881216993,2011,State,All,Education,state,99,Punjab,NA,NA,NA,NA,0,0,1,0,0,0,NA,NA,NA,NA,NA,NA,NA,NA
673,0.062616428,0.453964207,0.872823364,0.11492575,0.370862624,0.875472886,2011,State,All,Education,state,99,Punjab,NA,NA,NA,NA,0,1,0,0,0,0,NA,NA,NA,NA,NA,NA,NA,NA
674,0.082434987,0.512460386,0.924254145,0.142539907,0.475028042,0.924254145,2011,State,All,Education,state,99,Punjab,NA,NA,NA,NA,1,0,0,0,0,0,NA,NA,NA,NA,NA,NA,NA,NA
675,0,0,0,0,0,0,2011,State,All,Education,state,99,Punjab,NA,NA,NA,NA,NA,NA,NA,NA,NA,NA,NA,NA,NA,NA,NA,NA,NA,NA
676,0,0,0.515584251,0,0,0.515584251,2011,State,All,Education,state,99,Chandigarh,NA,NA,NA,NA,0,0,0,0,0,1,NA,NA,NA,NA,NA,NA,NA,NA
677,0,0.057402033,0.493226517,0,0.057402033,0.493226517,2011,State,All,Education,state,99,Chandigarh,NA,NA,NA,NA,0,0,0,0,1,0,NA,NA,NA,NA,NA,NA,NA,NA
678,0.04425175,0.26367876,0.801070057,0.044690249,0.26367876,0.801070057,2011,State,All,Education,state,99,Chandigarh,NA,NA,NA,NA,0,0,0,1,0,0,NA,NA,NA,NA,NA,NA,NA,NA
679,0.228941072,0.545418516,0.916447299,0.301075316,0.518831027,0.916447299,2011,State,All,Education,state,99,Chandigarh,NA,NA,NA,NA,0,0,1,0,0,0,NA,NA,NA,NA,NA,NA,NA,NA
680,0,0.600176508,0.991075367,0.193317566,0.58062335,0.991075367,2011,State,All,Education,state,99,Chandigarh,NA,NA,NA,NA,0,1,0,0,0,0,NA,NA,NA,NA,NA,NA,NA,NA
681,0.15976637,0.635099399,0.971765211,0.313995284,0.629001438,0.971765211,2011,State,All,Education,state,99,Chandigarh,NA,NA,NA,NA,1,0,0,0,0,0,NA,NA,NA,NA,NA,NA,NA,NA
682,0,0.186406306,0.499588595,0,0.17750274,0.499588595,2011,State,All,Education,state,99,Uttrakhand,NA,NA,NA,NA,0,0,0,0,0,1,NA,NA,NA,NA,NA,NA,NA,NA
683,0,0.071864761,0.618144465,0,0.06919733,0.624873305,2011,State,All,Education,state,99,Uttrakhand,NA,NA,NA,NA,0,0,0,0,1,0,NA,NA,NA,NA,NA,NA,NA,NA
684,0.050190637,0.393777105,0.910540428,0.085519927,0.316633178,0.913095991,2011,State,All,Education,state,99,Uttrakhand,NA,NA,NA,NA,0,0,0,1,0,0,NA,NA,NA,NA,NA,NA,NA,NA
685,0.028513595,0.5423869,0.970101732,0.083954176,0.493143618,0.970101732,2011,State,All,Education,state,99,Uttrakhand,NA,NA,NA,NA,0,0,1,0,0,0,NA,NA,NA,NA,NA,NA,NA,NA
686,0.025701921,0.517947549,0.917289354,0.058995401,0.477452604,0.91746136,2011,State,All,Education,state,99,Uttrakhand,NA,NA,NA,NA,0,1,0,0,0,0,NA,NA,NA,NA,NA,NA,NA,NA
687,0.077997861,0.597877625,0.982450659,0.131304066,0.581706505,0.982450659,2011,State,All,Education,state,99,Uttrakhand,NA,NA,NA,NA,1,0,0,0,0,0,NA,NA,NA,NA,NA,NA,NA,NA
688,0,0.00155294,0.310374304,0.001123733,0.00155294,0.311635146,2011,State,All,Education,state,99,Haryana,NA,NA,NA,NA,0,0,0,0,0,1,NA,NA,NA,NA,NA,NA,NA,NA
689,0.011916657,0.128033829,0.53798037,0.041732856,0.104504547,0.53798037,2011,State,All,Education,state,99,Haryana,NA,NA,NA,NA,0,0,0,0,1,0,NA,NA,NA,NA,NA,NA,NA,NA
690,0.020098552,0.256062907,0.804535903,0.047813331,0.228642177,0.804535903,2011,State,All,Education,state,99,Haryana,NA,NA,NA,NA,0,0,0,1,0,0,NA,NA,NA,NA,NA,NA,NA,NA
691,0.05792647,0.305196172,0.901413863,0.123024834,0.291611984,0.901413863,2011,State,All,Education,state,99,Haryana,NA,NA,NA,NA,0,0,1,0,0,0,NA,NA,NA,NA,NA,NA,NA,NA
692,0.078755366,0.512506327,0.935135546,0.129242237,0.426654089,0.935135546,2011,State,All,Education,state,99,Haryana,NA,NA,NA,NA,0,1,0,0,0,0,NA,NA,NA,NA,NA,NA,NA,NA
693,0.108655139,0.555946255,0.944667222,0.168645718,0.485754033,0.944667222,2011,State,All,Education,state,99,Haryana,NA,NA,NA,NA,1,0,0,0,0,0,NA,NA,NA,NA,NA,NA,NA,NA
694,0,0.073711261,0.350089618,0,0.073711261,0.350089618,2011,State,All,Education,state,99,Delhi,NA,NA,NA,NA,0,0,0,0,0,1,NA,NA,NA,NA,NA,NA,NA,NA
695,0,0.073505243,0.495578124,0.011691913,0.065381284,0.495804371,2011,State,All,Education,state,99,Delhi,NA,NA,NA,NA,0,0,0,0,1,0,NA,NA,NA,NA,NA,NA,NA,NA
696,0.017719685,0.248879292,0.819471973,0.043099388,0.199027297,0.826315187,2011,State,All,Education,state,99,Delhi,NA,NA,NA,NA,0,0,0,1,0,0,NA,NA,NA,NA,NA,NA,NA,NA
697,0.040524825,0.419337567,0.967963131,0.091737384,0.380357536,0.967963131,2011,State,All,Education,state,99,Delhi,NA,NA,NA,NA,0,0,1,0,0,0,NA,NA,NA,NA,NA,NA,NA,NA
698,0.006843386,0.579719128,0.92348477,0.164479675,0.503514518,0.92348477,2011,State,All,Education,state,99,Delhi,NA,NA,NA,NA,0,1,0,0,0,0,NA,NA,NA,NA,NA,NA,NA,NA
699,0.164185213,0.689600435,0.954556552,0.321587145,0.633750348,0.954556552,2011,State,All,Education,state,99,Delhi,NA,NA,NA,NA,1,0,0,0,0,0,NA,NA,NA,NA,NA,NA,NA,NA
700,0.00284545,0.132488041,0.599167239,0.024817151,0.108251111,0.602174315,2011,State,All,Education,state,99,Rajasthan,NA,NA,NA,NA,0,0,0,0,0,1,NA,NA,NA,NA,NA,NA,NA,NA
701,0.012436041,0.296962113,0.773601492,0.020786536,0.269042166,0.775603218,2011,State,All,Education,state,99,Rajasthan,NA,NA,NA,NA,0,0,0,0,1,0,NA,NA,NA,NA,NA,NA,NA,NA
702,0.032242493,0.350053584,0.872094314,0.084686671,0.301594903,0.872094314,2011,State,All,Education,state,99,Rajasthan,NA,NA,NA,NA,0,0,0,1,0,0,NA,NA,NA,NA,NA,NA,NA,NA
703,0.090314605,0.553418609,0.950964002,0.191494932,0.526536682,0.953353186,2011,State,All,Education,state,99,Rajasthan,NA,NA,NA,NA,0,0,1,0,0,0,NA,NA,NA,NA,NA,NA,NA,NA
704,0.11195095,0.628463544,0.940352579,0.249120372,0.578884261,0.940352579,2011,State,All,Education,state,99,Rajasthan,NA,NA,NA,NA,0,1,0,0,0,0,NA,NA,NA,NA,NA,NA,NA,NA
705,0.141058762,0.688988924,0.98011603,0.255097626,0.636866362,0.9804237,2011,State,All,Education,state,99,Rajasthan,NA,NA,NA,NA,1,0,0,0,0,0,NA,NA,NA,NA,NA,NA,NA,NA
706,0.033691372,0.345482242,0.62962739,0.073247238,0.309171603,0.62962739,2011,State,All,Education,state,99,Uttar Pradesh,NA,NA,NA,NA,0,0,0,0,0,1,NA,NA,NA,NA,NA,NA,NA,NA
707,0.073511543,0.35431675,0.733191426,0.13162331,0.33169122,0.734540463,2011,State,All,Education,state,99,Uttar Pradesh,NA,NA,NA,NA,0,0,0,0,1,0,NA,NA,NA,NA,NA,NA,NA,NA
708,0.162810439,0.639276374,0.940111283,0.267900933,0.5940593,0.940180861,2011,State,All,Education,state,99,Uttar Pradesh,NA,NA,NA,NA,0,0,0,1,0,0,NA,NA,NA,NA,NA,NA,NA,NA
709,0.188851878,0.735927602,0.976530218,0.327304733,0.696673234,0.976545138,2011,State,All,Education,state,99,Uttar Pradesh,NA,NA,NA,NA,0,0,1,0,0,0,NA,NA,NA,NA,NA,NA,NA,NA
710,0.301763064,0.856592699,0.990607579,0.49018627,0.820581207,0.990607579,2011,State,All,Education,state,99,Uttar Pradesh,NA,NA,NA,NA,0,1,0,0,0,0,NA,NA,NA,NA,NA,NA,NA,NA
711,0.360068226,0.857281189,0.990545314,0.5258706,0.834910502,0.990545314,2011,State,All,Education,state,99,Uttar Pradesh,NA,NA,NA,NA,1,0,0,0,0,0,NA,NA,NA,NA,NA,NA,NA,NA
712,0.01220287,0.421706295,0.907789991,0.051516937,0.384636738,0.907789991,2011,State,All,Education,state,99,Bihar,NA,NA,NA,NA,0,0,0,0,0,1,NA,NA,NA,NA,NA,NA,NA,NA
713,0.065885606,0.5143841,0.945820244,0.141767084,0.465564104,0.946447398,2011,State,All,Education,state,99,Bihar,NA,NA,NA,NA,0,0,0,0,1,0,NA,NA,NA,NA,NA,NA,NA,NA
714,0.145612944,0.718886815,0.98087188,0.285840317,0.669313682,0.98087188,2011,State,All,Education,state,99,Bihar,NA,NA,NA,NA,0,0,0,1,0,0,NA,NA,NA,NA,NA,NA,NA,NA
715,0.156697599,0.795821868,0.995846649,0.298689358,0.76313942,0.995846649,2011,State,All,Education,state,99,Bihar,NA,NA,NA,NA,0,0,1,0,0,0,NA,NA,NA,NA,NA,NA,NA,NA
716,0.272423029,0.879897384,0.991702991,0.475580161,0.856745083,0.991702991,2011,State,All,Education,state,99,Bihar,NA,NA,NA,NA,0,1,0,0,0,0,NA,NA,NA,NA,NA,NA,NA,NA
717,0.30838024,0.88898176,0.995865399,0.497382952,0.852292932,0.995865399,2011,State,All,Education,state,99,Bihar,NA,NA,NA,NA,1,0,0,0,0,0,NA,NA,NA,NA,NA,NA,NA,NA
718,0,0.06719092,1,0,0.06719092,1,2011,State,All,Education,state,99,Bihar,NA,NA,NA,NA,NA,NA,NA,NA,NA,NA,NA,NA,NA,NA,NA,NA,NA,NA
719,0,0.082514858,0.873171123,0.066100362,0.082514858,0.873171123,2011,State,All,Education,state,99,Sikkim,NA,NA,NA,NA,0,0,0,0,0,1,NA,NA,NA,NA,NA,NA,NA,NA
720,0,0.248043119,0.732117919,0.001180032,0.117722933,0.732117919,2011,State,All,Education,state,99,Sikkim,NA,NA,NA,NA,0,0,0,0,1,0,NA,NA,NA,NA,NA,NA,NA,NA
721,0.013329274,0.345336043,0.942929666,0.01383028,0.274080169,0.942929666,2011,State,All,Education,state,99,Sikkim,NA,NA,NA,NA,0,0,0,1,0,0,NA,NA,NA,NA,NA,NA,NA,NA
722,0.02596362,0.487162024,0.986853598,0.084752941,0.384740409,0.986853598,2011,State,All,Education,state,99,Sikkim,NA,NA,NA,NA,0,0,1,0,0,0,NA,NA,NA,NA,NA,NA,NA,NA
723,0.029232327,0.778196236,0.993281025,0.148203689,0.708872027,0.993281025,2011,State,All,Education,state,99,Sikkim,NA,NA,NA,NA,0,1,0,0,0,0,NA,NA,NA,NA,NA,NA,NA,NA
724,0.035702465,0.766086203,0.997612927,0.141158087,0.721615055,0.997612927,2011,State,All,Education,state,99,Sikkim,NA,NA,NA,NA,1,0,0,0,0,0,NA,NA,NA,NA,NA,NA,NA,NA
725,0,0.053905688,0.306500927,0,0.053905688,0.306500927,2011,State,All,Education,state,99,Arunachal Pradesh,NA,NA,NA,NA,0,0,0,0,0,1,NA,NA,NA,NA,NA,NA,NA,NA
726,0.054979509,0.212299582,0.646679842,0.074946617,0.196231778,0.649454636,2011,State,All,Education,state,99,Arunachal Pradesh,NA,NA,NA,NA,0,0,0,0,1,0,NA,NA,NA,NA,NA,NA,NA,NA
727,0.151350815,0.384435818,0.80475005,0.182691296,0.369524501,0.805629463,2011,State,All,Education,state,99,Arunachal Pradesh,NA,NA,NA,NA,0,0,0,1,0,0,NA,NA,NA,NA,NA,NA,NA,NA
728,0.331235297,0.708290303,0.888139446,0.427804764,0.674358188,0.888139446,2011,State,All,Education,state,99,Arunachal Pradesh,NA,NA,NA,NA,0,0,1,0,0,0,NA,NA,NA,NA,NA,NA,NA,NA
729,0.277203606,0.763612306,0.933636094,0.429976377,0.756419206,0.933636094,2011,State,All,Education,state,99,Arunachal Pradesh,NA,NA,NA,NA,0,1,0,0,0,0,NA,NA,NA,NA,NA,NA,NA,NA
730,0.353234885,0.702445858,0.93157392,0.483449795,0.689582507,0.93157392,2011,State,All,Education,state,99,Arunachal Pradesh,NA,NA,NA,NA,1,0,0,0,0,0,NA,NA,NA,NA,NA,NA,NA,NA
731,0,0.010035219,0.664466374,0,0.010035219,0.664466374,2011,State,All,Education,state,99,Nagaland,NA,NA,NA,NA,0,0,0,0,0,1,NA,NA,NA,NA,NA,NA,NA,NA
732,0,0.167452488,0.833894117,0.026011297,0.131670358,0.8352726,2011,State,All,Education,state,99,Nagaland,NA,NA,NA,NA,0,0,0,0,1,0,NA,NA,NA,NA,NA,NA,NA,NA
733,0.097077517,0.495925228,0.947494912,0.162401655,0.418242048,0.947494912,2011,State,All,Education,state,99,Nagaland,NA,NA,NA,NA,0,0,0,1,0,0,NA,NA,NA,NA,NA,NA,NA,NA
734,0.136994977,0.7293094,0.999052765,0.24334463,0.681303784,0.999052765,2011,State,All,Education,state,99,Nagaland,NA,NA,NA,NA,0,0,1,0,0,0,NA,NA,NA,NA,NA,NA,NA,NA
735,0.057741476,0.650626279,1,0.234517549,0.616021483,1,2011,State,All,Education,state,99,Nagaland,NA,NA,NA,NA,0,1,0,0,0,0,NA,NA,NA,NA,NA,NA,NA,NA
736,0.057519237,0.706555052,0.997972581,0.164419459,0.671884838,0.997972581,2011,State,All,Education,state,99,Nagaland,NA,NA,NA,NA,1,0,0,0,0,0,NA,NA,NA,NA,NA,NA,NA,NA
737,0.02129336,0.35198209,0.90179787,0.065631976,0.329207452,0.90179787,2011,State,All,Education,state,99,Manipur,NA,NA,NA,NA,0,0,0,0,0,1,NA,NA,NA,NA,NA,NA,NA,NA
738,0.183257581,0.658630912,0.973580346,0.332303508,0.613989024,0.973580346,2011,State,All,Education,state,99,Manipur,NA,NA,NA,NA,0,0,0,0,1,0,NA,NA,NA,NA,NA,NA,NA,NA
739,0.337585091,0.861103348,0.99263339,0.558769113,0.835443302,0.99263339,2011,State,All,Education,state,99,Manipur,NA,NA,NA,NA,0,0,0,1,0,0,NA,NA,NA,NA,NA,NA,NA,NA
740,0.351101604,0.843443684,0.991570026,0.521997282,0.813222955,0.991570026,2011,State,All,Education,state,99,Manipur,NA,NA,NA,NA,0,0,1,0,0,0,NA,NA,NA,NA,NA,NA,NA,NA
741,0.554535359,0.926139341,0.997926612,0.698785022,0.917556958,0.997926612,2011,State,All,Education,state,99,Manipur,NA,NA,NA,NA,0,1,0,0,0,0,NA,NA,NA,NA,NA,NA,NA,NA
742,0.442394279,0.924371364,0.99862207,0.5952471,0.900846558,0.999868655,2011,State,All,Education,state,99,Manipur,NA,NA,NA,NA,1,0,0,0,0,0,NA,NA,NA,NA,NA,NA,NA,NA
743,0,0.059782578,0.544348805,0,0,0.544348805,2011,State,All,Education,state,99,Mizoram,NA,NA,NA,NA,0,0,0,0,0,1,NA,NA,NA,NA,NA,NA,NA,NA
744,0.004373445,0.093280863,0.695514046,0.020282965,0.07228461,0.695514046,2011,State,All,Education,state,99,Mizoram,NA,NA,NA,NA,0,0,0,0,1,0,NA,NA,NA,NA,NA,NA,NA,NA
745,0.014546817,0.226524188,0.849492204,0.033340544,0.203176383,0.851179952,2011,State,All,Education,state,99,Mizoram,NA,NA,NA,NA,0,0,0,1,0,0,NA,NA,NA,NA,NA,NA,NA,NA
746,0.062312136,0.440473333,0.929081584,0.140729456,0.383015386,0.929081584,2011,State,All,Education,state,99,Mizoram,NA,NA,NA,NA,0,0,1,0,0,0,NA,NA,NA,NA,NA,NA,NA,NA
747,0.09158989,0.595748082,0.974150685,0.16927098,0.492065189,0.974150685,2011,State,All,Education,state,99,Mizoram,NA,NA,NA,NA,0,1,0,0,0,0,NA,NA,NA,NA,NA,NA,NA,NA
748,0.078767134,0.816388671,0.990389679,0.231550238,0.781954273,0.990389679,2011,State,All,Education,state,99,Mizoram,NA,NA,NA,NA,1,0,0,0,0,0,NA,NA,NA,NA,NA,NA,NA,NA
749,0,0.001826314,0.573743485,0,0.001826314,0.573743485,2011,State,All,Education,state,99,Tripura,NA,NA,NA,NA,0,0,0,0,0,1,NA,NA,NA,NA,NA,NA,NA,NA
750,0,0.282444398,0.709249318,0,0.133307133,0.709249318,2011,State,All,Education,state,99,Tripura,NA,NA,NA,NA,0,0,0,0,1,0,NA,NA,NA,NA,NA,NA,NA,NA
751,8.13E-05,0.1926169,0.817007886,0.034950016,0.138953499,0.817007886,2011,State,All,Education,state,99,Tripura,NA,NA,NA,NA,0,0,0,1,0,0,NA,NA,NA,NA,NA,NA,NA,NA
752,0.049758668,0.548693969,0.954567364,0.099669301,0.469514855,0.954567364,2011,State,All,Education,state,99,Tripura,NA,NA,NA,NA,0,0,1,0,0,0,NA,NA,NA,NA,NA,NA,NA,NA
753,0.063646135,0.572142615,0.976189556,0.159985872,0.530214854,0.978063002,2011,State,All,Education,state,99,Tripura,NA,NA,NA,NA,0,1,0,0,0,0,NA,NA,NA,NA,NA,NA,NA,NA
754,0.107198628,0.751375105,0.985944457,0.235655143,0.696231859,0.985944457,2011,State,All,Education,state,99,Tripura,NA,NA,NA,NA,1,0,0,0,0,0,NA,NA,NA,NA,NA,NA,NA,NA
755,0,0,1,0,0,1,2011,State,All,Education,state,99,Tripura,NA,NA,NA,NA,NA,NA,NA,NA,NA,NA,NA,NA,NA,NA,NA,NA,NA,NA
756,0,0.113243414,0.523624248,0,0.113243414,0.523624248,2011,State,All,Education,state,99,Meghalaya,NA,NA,NA,NA,0,0,0,0,0,1,NA,NA,NA,NA,NA,NA,NA,NA
757,0.001712381,0.173764386,0.816489428,0.006507125,0.138786263,0.816489428,2011,State,All,Education,state,99,Meghalaya,NA,NA,NA,NA,0,0,0,0,1,0,NA,NA,NA,NA,NA,NA,NA,NA
758,0.064318856,0.429578492,0.953566395,0.084818599,0.369145126,0.953566395,2011,State,All,Education,state,99,Meghalaya,NA,NA,NA,NA,0,0,0,1,0,0,NA,NA,NA,NA,NA,NA,NA,NA
759,0.11254932,0.717134293,0.989893613,0.200723128,0.689659068,0.992426011,2011,State,All,Education,state,99,Meghalaya,NA,NA,NA,NA,0,0,1,0,0,0,NA,NA,NA,NA,NA,NA,NA,NA
760,0.105309989,0.75518988,0.996897432,0.219986483,0.721650806,0.996897432,2011,State,All,Education,state,99,Meghalaya,NA,NA,NA,NA,0,1,0,0,0,0,NA,NA,NA,NA,NA,NA,NA,NA
761,0.068732708,0.772728834,0.987846535,0.249271639,0.740508578,0.988101889,2011,State,All,Education,state,99,Meghalaya,NA,NA,NA,NA,1,0,0,0,0,0,NA,NA,NA,NA,NA,NA,NA,NA
762,0,0,1,0,0,1,2011,State,All,Education,state,99,Meghalaya,NA,NA,NA,NA,NA,NA,NA,NA,NA,NA,NA,NA,NA,NA,NA,NA,NA,NA
763,0,0.108217571,0.679571247,0,0.108217571,0.679571247,2011,State,All,Education,state,99,Assam,NA,NA,NA,NA,0,0,0,0,0,1,NA,NA,NA,NA,NA,NA,NA,NA
764,0.02192612,0.310314736,0.807749622,0.029410347,0.284570063,0.808127616,2011,State,All,Education,state,99,Assam,NA,NA,NA,NA,0,0,0,0,1,0,NA,NA,NA,NA,NA,NA,NA,NA
765,0.044149852,0.491429783,0.910326979,0.115345445,0.460501776,0.910326979,2011,State,All,Education,state,99,Assam,NA,NA,NA,NA,0,0,0,1,0,0,NA,NA,NA,NA,NA,NA,NA,NA
766,0.249842222,0.748564365,0.97808929,0.36227073,0.708691234,0.97808929,2011,State,All,Education,state,99,Assam,NA,NA,NA,NA,0,0,1,0,0,0,NA,NA,NA,NA,NA,NA,NA,NA
767,0.253609761,0.874452893,0.997687046,0.441096123,0.849790228,0.997687046,2011,State,All,Education,state,99,Assam,NA,NA,NA,NA,0,1,0,0,0,0,NA,NA,NA,NA,NA,NA,NA,NA
768,0.280211019,0.843172106,0.995716318,0.468627748,0.799547885,0.997154586,2011,State,All,Education,state,99,Assam,NA,NA,NA,NA,1,0,0,0,0,0,NA,NA,NA,NA,NA,NA,NA,NA
769,0,0,1,0,0,1,2011,State,All,Education,state,99,Assam,NA,NA,NA,NA,NA,NA,NA,NA,NA,NA,NA,NA,NA,NA,NA,NA,NA,NA
770,0,0.046793468,0.290293005,0.002088394,0.041093641,0.290293005,2011,State,All,Education,state,99,West Bengal,NA,NA,NA,NA,0,0,0,0,0,1,NA,NA,NA,NA,NA,NA,NA,NA
771,0.015672224,0.125501206,0.578425453,0.036683212,0.10549224,0.578425453,2011,State,All,Education,state,99,West Bengal,NA,NA,NA,NA,0,0,0,0,1,0,NA,NA,NA,NA,NA,NA,NA,NA
772,0.076351512,0.382390798,0.80847937,0.1095562,0.351962486,0.808891667,2011,State,All,Education,state,99,West Bengal,NA,NA,NA,NA,0,0,0,1,0,0,NA,NA,NA,NA,NA,NA,NA,NA
773,0.129557619,0.612594019,0.940419231,0.235127659,0.561874548,0.940557763,2011,State,All,Education,state,99,West Bengal,NA,NA,NA,NA,0,0,1,0,0,0,NA,NA,NA,NA,NA,NA,NA,NA
774,0.132497299,0.7180265,0.973143734,0.253014623,0.666833921,0.973191076,2011,State,All,Education,state,99,West Bengal,NA,NA,NA,NA,0,1,0,0,0,0,NA,NA,NA,NA,NA,NA,NA,NA
775,0.266430032,0.81952632,0.987308568,0.43431714,0.781699553,0.987308568,2011,State,All,Education,state,99,West Bengal,NA,NA,NA,NA,1,0,0,0,0,0,NA,NA,NA,NA,NA,NA,NA,NA
776,0,0,0,0,0,0,2011,State,All,Education,state,99,West Bengal,NA,NA,NA,NA,NA,NA,NA,NA,NA,NA,NA,NA,NA,NA,NA,NA,NA,NA
777,0.004121263,0.03230558,0.615605188,0.004388936,0.029407505,0.615605188,2011,State,All,Education,state,99,Jharkhand,NA,NA,NA,NA,0,0,0,0,0,1,NA,NA,NA,NA,NA,NA,NA,NA
778,0.02918445,0.302321535,0.787944688,0.093617952,0.224215431,0.787944688,2011,State,All,Education,state,99,Jharkhand,NA,NA,NA,NA,0,0,0,0,1,0,NA,NA,NA,NA,NA,NA,NA,NA
779,0.118773603,0.629347704,0.961505723,0.213599019,0.600026283,0.961505723,2011,State,All,Education,state,99,Jharkhand,NA,NA,NA,NA,0,0,0,1,0,0,NA,NA,NA,NA,NA,NA,NA,NA
780,0.263451328,0.796741951,0.984247601,0.458945445,0.770226767,0.984247601,2011,State,All,Education,state,99,Jharkhand,NA,NA,NA,NA,0,0,1,0,0,0,NA,NA,NA,NA,NA,NA,NA,NA
781,0.242113225,0.881809049,0.985370894,0.442184589,0.831636532,0.985370894,2011,State,All,Education,state,99,Jharkhand,NA,NA,NA,NA,0,1,0,0,0,0,NA,NA,NA,NA,NA,NA,NA,NA
782,0.364547374,0.904338268,0.996176701,0.575382071,0.884398042,0.996375625,2011,State,All,Education,state,99,Jharkhand,NA,NA,NA,NA,1,0,0,0,0,0,NA,NA,NA,NA,NA,NA,NA,NA
783,0,0.243479133,0.56724497,0.007616673,0.150349342,0.56724497,2011,State,All,Education,state,99,Odisha,NA,NA,NA,NA,0,0,0,0,0,1,NA,NA,NA,NA,NA,NA,NA,NA
784,0.031094912,0.307200507,0.780967479,0.062069696,0.268096093,0.781242288,2011,State,All,Education,state,99,Odisha,NA,NA,NA,NA,0,0,0,0,1,0,NA,NA,NA,NA,NA,NA,NA,NA
785,0.096790115,0.598520468,0.94722099,0.176193823,0.532417398,0.94722099,2011,State,All,Education,state,99,Odisha,NA,NA,NA,NA,0,0,0,1,0,0,NA,NA,NA,NA,NA,NA,NA,NA
786,0.166507114,0.726449772,0.974081088,0.345022132,0.697418391,0.974081088,2011,State,All,Education,state,99,Odisha,NA,NA,NA,NA,0,0,1,0,0,0,NA,NA,NA,NA,NA,NA,NA,NA
787,0.305750521,0.824607536,0.991013677,0.434772047,0.790533787,0.991013677,2011,State,All,Education,state,99,Odisha,NA,NA,NA,NA,0,1,0,0,0,0,NA,NA,NA,NA,NA,NA,NA,NA
788,0.356763529,0.903504232,0.997141561,0.572881472,0.876246903,0.997141561,2011,State,All,Education,state,99,Odisha,NA,NA,NA,NA,1,0,0,0,0,0,NA,NA,NA,NA,NA,NA,NA,NA
789,0,0.144143332,0.668294448,0.059818837,0.097039077,0.668294448,2011,State,All,Education,state,99,Chhattisgarh,NA,NA,NA,NA,0,0,0,0,0,1,NA,NA,NA,NA,NA,NA,NA,NA
790,0.006786356,0.252125283,0.701540007,0.015001378,0.234036401,0.704501673,2011,State,All,Education,state,99,Chhattisgarh,NA,NA,NA,NA,0,0,0,0,1,0,NA,NA,NA,NA,NA,NA,NA,NA
791,0.13401154,0.559026656,0.903222479,0.248402492,0.541218966,0.912031432,2011,State,All,Education,state,99,Chhattisgarh,NA,NA,NA,NA,0,0,0,1,0,0,NA,NA,NA,NA,NA,NA,NA,NA
792,0.208326883,0.717768253,0.975168767,0.337781293,0.660189012,0.975168767,2011,State,All,Education,state,99,Chhattisgarh,NA,NA,NA,NA,0,0,1,0,0,0,NA,NA,NA,NA,NA,NA,NA,NA
793,0.254793442,0.835083132,0.990641764,0.436448728,0.798989381,0.990641764,2011,State,All,Education,state,99,Chhattisgarh,NA,NA,NA,NA,0,1,0,0,0,0,NA,NA,NA,NA,NA,NA,NA,NA
794,0.314217555,0.901776451,0.997868152,0.442993136,0.870060359,0.997969028,2011,State,All,Education,state,99,Chhattisgarh,NA,NA,NA,NA,1,0,0,0,0,0,NA,NA,NA,NA,NA,NA,NA,NA
795,0.048276584,0.22083311,0.603521614,0.065592102,0.163958285,0.603521614,2011,State,All,Education,state,99,Madhya Pradesh,NA,NA,NA,NA,0,0,0,0,0,1,NA,NA,NA,NA,NA,NA,NA,NA
796,0.064369941,0.402323171,0.772698158,0.11030244,0.359403165,0.772698158,2011,State,All,Education,state,99,Madhya Pradesh,NA,NA,NA,NA,0,0,0,0,1,0,NA,NA,NA,NA,NA,NA,NA,NA
797,0.200477924,0.652746323,0.931696011,0.320508939,0.620321502,0.931714886,2011,State,All,Education,state,99,Madhya Pradesh,NA,NA,NA,NA,0,0,0,1,0,0,NA,NA,NA,NA,NA,NA,NA,NA
798,0.276427859,0.754987919,0.964988045,0.42443685,0.726089181,0.966583148,2011,State,All,Education,state,99,Madhya Pradesh,NA,NA,NA,NA,0,0,1,0,0,0,NA,NA,NA,NA,NA,NA,NA,NA
799,0.212086457,0.738773794,0.986857092,0.377155347,0.690305406,0.986857092,2011,State,All,Education,state,99,Madhya Pradesh,NA,NA,NA,NA,0,1,0,0,0,0,NA,NA,NA,NA,NA,NA,NA,NA
800,0.393241595,0.859363186,0.98772837,0.549276807,0.83173001,0.987821203,2011,State,All,Education,state,99,Madhya Pradesh,NA,NA,NA,NA,1,0,0,0,0,0,NA,NA,NA,NA,NA,NA,NA,NA
801,0.062650878,0.379510761,0.379510761,0.379510761,0.379510761,0.379510761,2011,State,All,Education,state,99,Madhya Pradesh,NA,NA,NA,NA,NA,NA,NA,NA,NA,NA,NA,NA,NA,NA,NA,NA,NA,NA
802,0,0.08955871,0.698463883,0,0.080525268,0.698463883,2011,State,All,Education,state,99,Gujarat,NA,NA,NA,NA,0,0,0,0,0,1,NA,NA,NA,NA,NA,NA,NA,NA
803,0.00592879,0.140763389,0.703064787,0.009122424,0.111961295,0.703085369,2011,State,All,Education,state,99,Gujarat,NA,NA,NA,NA,0,0,0,0,1,0,NA,NA,NA,NA,NA,NA,NA,NA
804,0.067293203,0.43379941,0.924397793,0.151531155,0.398619167,0.924397793,2011,State,All,Education,state,99,Gujarat,NA,NA,NA,NA,0,0,0,1,0,0,NA,NA,NA,NA,NA,NA,NA,NA
805,0.116368633,0.577439879,0.964581399,0.22733132,0.518056762,0.964581399,2011,State,All,Education,state,99,Gujarat,NA,NA,NA,NA,0,0,1,0,0,0,NA,NA,NA,NA,NA,NA,NA,NA
806,0.14310321,0.688741254,0.989745207,0.282521517,0.658650013,0.989745207,2011,State,All,Education,state,99,Gujarat,NA,NA,NA,NA,0,1,0,0,0,0,NA,NA,NA,NA,NA,NA,NA,NA
807,0.268029683,0.765523671,0.991055175,0.411619467,0.744012394,0.991055175,2011,State,All,Education,state,99,Gujarat,NA,NA,NA,NA,1,0,0,0,0,0,NA,NA,NA,NA,NA,NA,NA,NA
808,0,0.149924074,0.441818265,0,0,0.441818265,2011,State,All,Education,state,99,Daman & Diu & D & N Haveli,NA,NA,NA,NA,0,0,0,0,0,1,NA,NA,NA,NA,NA,NA,NA,NA
809,0,0.208052669,0.57039436,0,0.023877792,0.57039436,2011,State,All,Education,state,99,Daman & Diu & D & N Haveli,NA,NA,NA,NA,0,0,0,0,1,0,NA,NA,NA,NA,NA,NA,NA,NA
810,0.034981106,0.522598387,0.977924937,0.10077273,0.394479528,0.977924937,2011,State,All,Education,state,99,Daman & Diu & D & N Haveli,NA,NA,NA,NA,0,0,0,1,0,0,NA,NA,NA,NA,NA,NA,NA,NA
811,0.136483086,0.465183011,0.827718033,0.213234473,0.455120382,0.827718033,2011,State,All,Education,state,99,Daman & Diu & D & N Haveli,NA,NA,NA,NA,0,0,1,0,0,0,NA,NA,NA,NA,NA,NA,NA,NA
812,0.086642226,0.719019671,0.929867689,0.144450717,0.67492452,0.929867689,2011,State,All,Education,state,99,Daman & Diu & D & N Haveli,NA,NA,NA,NA,0,1,0,0,0,0,NA,NA,NA,NA,NA,NA,NA,NA
813,0.454637957,0.792202851,0.975747751,0.501940606,0.75245071,0.975747751,2011,State,All,Education,state,99,Daman & Diu & D & N Haveli,NA,NA,NA,NA,1,0,0,0,0,0,NA,NA,NA,NA,NA,NA,NA,NA
814,0.001934461,0.10124605,0.520229575,0.004192661,0.093602276,0.520229575,2011,State,All,Education,state,99,Maharashtra,NA,NA,NA,NA,0,0,0,0,0,1,NA,NA,NA,NA,NA,NA,NA,NA
815,0.014512574,0.204411961,0.656065723,0.023665919,0.170738835,0.656913236,2011,State,All,Education,state,99,Maharashtra,NA,NA,NA,NA,0,0,0,0,1,0,NA,NA,NA,NA,NA,NA,NA,NA
816,0.065445487,0.456418386,0.870638901,0.117940824,0.394849116,0.871048092,2011,State,All,Education,state,99,Maharashtra,NA,NA,NA,NA,0,0,0,1,0,0,NA,NA,NA,NA,NA,NA,NA,NA
817,0.096404192,0.569288634,0.956696813,0.171034824,0.519681398,0.956948275,2011,State,All,Education,state,99,Maharashtra,NA,NA,NA,NA,0,0,1,0,0,0,NA,NA,NA,NA,NA,NA,NA,NA
818,0.104731208,0.64537941,0.970743653,0.225661247,0.604253174,0.971031117,2011,State,All,Education,state,99,Maharashtra,NA,NA,NA,NA,0,1,0,0,0,0,NA,NA,NA,NA,NA,NA,NA,NA
819,0.145584886,0.729807601,0.981826391,0.271266542,0.683146434,0.982044404,2011,State,All,Education,state,99,Maharashtra,NA,NA,NA,NA,1,0,0,0,0,0,NA,NA,NA,NA,NA,NA,NA,NA
820,0.00213978,0.073867356,0.521282066,0.011300311,0.056278504,0.57693858,2011,State,All,Education,state,99,Andhra Pradesh,NA,NA,NA,NA,0,0,0,0,0,1,NA,NA,NA,NA,NA,NA,NA,NA
821,0.00192631,0.119968307,0.601991381,0.003543653,0.109569832,0.601991381,2011,State,All,Education,state,99,Andhra Pradesh,NA,NA,NA,NA,0,0,0,0,1,0,NA,NA,NA,NA,NA,NA,NA,NA
822,0.01608551,0.300370015,0.845849604,0.050901386,0.238553156,0.847062517,2011,State,All,Education,state,99,Andhra Pradesh,NA,NA,NA,NA,0,0,0,1,0,0,NA,NA,NA,NA,NA,NA,NA,NA
823,0.019567883,0.38171169,0.904528817,0.061336349,0.288778658,0.904528817,2011,State,All,Education,state,99,Andhra Pradesh,NA,NA,NA,NA,0,0,1,0,0,0,NA,NA,NA,NA,NA,NA,NA,NA
824,0.056195178,0.455748628,0.944210248,0.124910147,0.414198074,0.946243733,2011,State,All,Education,state,99,Andhra Pradesh,NA,NA,NA,NA,0,1,0,0,0,0,NA,NA,NA,NA,NA,NA,NA,NA
825,0.06973319,0.566013769,0.959270101,0.174582259,0.492850622,0.95928315,2011,State,All,Education,state,99,Andhra Pradesh,NA,NA,NA,NA,1,0,0,0,0,0,NA,NA,NA,NA,NA,NA,NA,NA
826,0.002822759,0.110063007,0.309495054,0.03831863,0.100195418,0.309495054,2011,State,All,Education,state,99,Karnataka,NA,NA,NA,NA,0,0,0,0,0,1,NA,NA,NA,NA,NA,NA,NA,NA
827,0.000696002,0.183651456,0.580913697,0.035471906,0.126877739,0.585129163,2011,State,All,Education,state,99,Karnataka,NA,NA,NA,NA,0,0,0,0,1,0,NA,NA,NA,NA,NA,NA,NA,NA
828,0.029039582,0.368759361,0.848608541,0.054598474,0.333857113,0.851765293,2011,State,All,Education,state,99,Karnataka,NA,NA,NA,NA,0,0,0,1,0,0,NA,NA,NA,NA,NA,NA,NA,NA
829,0.031477886,0.439438041,0.916172383,0.067560371,0.365615014,0.916700863,2011,State,All,Education,state,99,Karnataka,NA,NA,NA,NA,0,0,1,0,0,0,NA,NA,NA,NA,NA,NA,NA,NA
830,0.051162631,0.521934242,0.92070801,0.127977684,0.472597246,0.920810869,2011,State,All,Education,state,99,Karnataka,NA,NA,NA,NA,0,1,0,0,0,0,NA,NA,NA,NA,NA,NA,NA,NA
831,0.087646466,0.643719281,0.966495203,0.198900075,0.594385061,0.967593153,2011,State,All,Education,state,99,Karnataka,NA,NA,NA,NA,1,0,0,0,0,0,NA,NA,NA,NA,NA,NA,NA,NA
832,0,0,0.224725365,0,0,0.224725365,2011,State,All,Education,state,99,Goa,NA,NA,NA,NA,0,0,0,0,0,1,NA,NA,NA,NA,NA,NA,NA,NA
833,0,0.067783969,0.543452387,0,0.058739176,0.543452387,2011,State,All,Education,state,99,Goa,NA,NA,NA,NA,0,0,0,0,1,0,NA,NA,NA,NA,NA,NA,NA,NA
834,0.065223351,0.204281938,0.807829595,0.078539548,0.188925789,0.807829595,2011,State,All,Education,state,99,Goa,NA,NA,NA,NA,0,0,0,1,0,0,NA,NA,NA,NA,NA,NA,NA,NA
835,0.030678619,0.361308451,0.9397024,0.047445913,0.304099066,0.949953984,2011,State,All,Education,state,99,Goa,NA,NA,NA,NA,0,0,1,0,0,0,NA,NA,NA,NA,NA,NA,NA,NA
836,0.058672453,0.325747314,0.850578933,0.059960391,0.325558235,0.850578933,2011,State,All,Education,state,99,Goa,NA,NA,NA,NA,0,1,0,0,0,0,NA,NA,NA,NA,NA,NA,NA,NA
837,0.005871111,0.447693529,0.911599159,0.027609369,0.427755443,0.911599159,2011,State,All,Education,state,99,Goa,NA,NA,NA,NA,1,0,0,0,0,0,NA,NA,NA,NA,NA,NA,NA,NA
838,0,0,0.207677169,0,0,0.207677169,2011,State,All,Education,state,99,Lakshadweep,NA,NA,NA,NA,0,0,0,0,0,1,NA,NA,NA,NA,NA,NA,NA,NA
839,0,0,0.110003682,0,0,0.110003682,2011,State,All,Education,state,99,Lakshadweep,NA,NA,NA,NA,0,0,0,0,1,0,NA,NA,NA,NA,NA,NA,NA,NA
840,0,0.062644633,0.655766728,0,0.04607647,0.655766728,2011,State,All,Education,state,99,Lakshadweep,NA,NA,NA,NA,0,0,0,1,0,0,NA,NA,NA,NA,NA,NA,NA,NA
841,0,0.276785549,0.670260276,0,0.276785549,0.670260276,2011,State,All,Education,state,99,Lakshadweep,NA,NA,NA,NA,0,0,1,0,0,0,NA,NA,NA,NA,NA,NA,NA,NA
842,0,0.057013178,0.471879733,0,0.057013178,0.471879733,2011,State,All,Education,state,99,Lakshadweep,NA,NA,NA,NA,0,1,0,0,0,0,NA,NA,NA,NA,NA,NA,NA,NA
843,0,0.103384686,0.812673694,0,0.063294383,0.812673694,2011,State,All,Education,state,99,Lakshadweep,NA,NA,NA,NA,1,0,0,0,0,0,NA,NA,NA,NA,NA,NA,NA,NA
844,0,0.048835772,0.293711024,0,0.048835772,0.293711024,2011,State,All,Education,state,99,Kerala,NA,NA,NA,NA,0,0,0,0,0,1,NA,NA,NA,NA,NA,NA,NA,NA
845,0.003361891,0.084996124,0.458965006,0.006848444,0.062023272,0.459741646,2011,State,All,Education,state,99,Kerala,NA,NA,NA,NA,0,0,0,0,1,0,NA,NA,NA,NA,NA,NA,NA,NA
846,0.006064446,0.121263793,0.663348311,0.010082901,0.092147275,0.665483704,2011,State,All,Education,state,99,Kerala,NA,NA,NA,NA,0,0,0,1,0,0,NA,NA,NA,NA,NA,NA,NA,NA
847,0.01285824,0.232238509,0.79565741,0.038629135,0.191010688,0.796835583,2011,State,All,Education,state,99,Kerala,NA,NA,NA,NA,0,0,1,0,0,0,NA,NA,NA,NA,NA,NA,NA,NA
848,0.036126421,0.388149263,0.873712093,0.058489746,0.340567507,0.873927762,2011,State,All,Education,state,99,Kerala,NA,NA,NA,NA,0,1,0,0,0,0,NA,NA,NA,NA,NA,NA,NA,NA
849,0.057084334,0.450868292,0.903996747,0.132821083,0.402121429,0.903996747,2011,State,All,Education,state,99,Kerala,NA,NA,NA,NA,1,0,0,0,0,0,NA,NA,NA,NA,NA,NA,NA,NA
850,0.001878868,0.058923445,0.433692652,0.015108158,0.043455102,0.443929888,2011,State,All,Education,state,99,Tamil Nadu,NA,NA,NA,NA,0,0,0,0,0,1,NA,NA,NA,NA,NA,NA,NA,NA
851,0.002255388,0.121935467,0.602642691,0.01340957,0.108197182,0.609273047,2011,State,All,Education,state,99,Tamil Nadu,NA,NA,NA,NA,0,0,0,0,1,0,NA,NA,NA,NA,NA,NA,NA,NA
852,0.00803959,0.248735759,0.810028173,0.040791276,0.203398858,0.812291602,2011,State,All,Education,state,99,Tamil Nadu,NA,NA,NA,NA,0,0,0,1,0,0,NA,NA,NA,NA,NA,NA,NA,NA
853,0.0425815,0.359295321,0.913447279,0.08803958,0.307764843,0.913522644,2011,State,All,Education,state,99,Tamil Nadu,NA,NA,NA,NA,0,0,1,0,0,0,NA,NA,NA,NA,NA,NA,NA,NA
854,0.035335356,0.453268472,0.923127379,0.111972422,0.391859737,0.923224638,2011,State,All,Education,state,99,Tamil Nadu,NA,NA,NA,NA,0,1,0,0,0,0,NA,NA,NA,NA,NA,NA,NA,NA
855,0.099291052,0.551088817,0.95546094,0.168646791,0.500436817,0.95619639,2011,State,All,Education,state,99,Tamil Nadu,NA,NA,NA,NA,1,0,0,0,0,0,NA,NA,NA,NA,NA,NA,NA,NA
856,0,0,0.438293834,0,0,0.438293834,2011,State,All,Education,state,99,Puducherry,NA,NA,NA,NA,0,0,0,0,0,1,NA,NA,NA,NA,NA,NA,NA,NA
857,0.006134831,0.028736838,0.493881254,0.006134831,0.028736838,0.493881254,2011,State,All,Education,state,99,Puducherry,NA,NA,NA,NA,0,0,0,0,1,0,NA,NA,NA,NA,NA,NA,NA,NA
858,0,0.048569015,0.757586544,0,0.039081747,0.757586544,2011,State,All,Education,state,99,Puducherry,NA,NA,NA,NA,0,0,0,1,0,0,NA,NA,NA,NA,NA,NA,NA,NA
859,0.004426186,0.32041224,0.789550697,0.085601778,0.221433517,0.789550697,2011,State,All,Education,state,99,Puducherry,NA,NA,NA,NA,0,0,1,0,0,0,NA,NA,NA,NA,NA,NA,NA,NA
860,0.008589988,0.389184394,0.933469178,0.040397531,0.193166883,0.933469178,2011,State,All,Education,state,99,Puducherry,NA,NA,NA,NA,0,1,0,0,0,0,NA,NA,NA,NA,NA,NA,NA,NA
861,0.009618134,0.310374931,0.940909836,0.025005912,0.268994155,0.940909836,2011,State,All,Education,state,99,Puducherry,NA,NA,NA,NA,1,0,0,0,0,0,NA,NA,NA,NA,NA,NA,NA,NA
862,0,0,0,0,0,0,2011,State,All,Education,state,99,A & N Island,NA,NA,NA,NA,0,0,0,0,0,1,NA,NA,NA,NA,NA,NA,NA,NA
863,0,0,0.132087002,0,0,0.132087002,2011,State,All,Education,state,99,A & N Island,NA,NA,NA,NA,0,0,0,0,1,0,NA,NA,NA,NA,NA,NA,NA,NA
864,0,0.015476076,0.407807454,0,0.000860951,0.407807454,2011,State,All,Education,state,99,A & N Island,NA,NA,NA,NA,0,0,0,1,0,0,NA,NA,NA,NA,NA,NA,NA,NA
865,0,0.077681504,0.596672994,0.01786219,0.024250861,0.596672994,2011,State,All,Education,state,99,A & N Island,NA,NA,NA,NA,0,0,1,0,0,0,NA,NA,NA,NA,NA,NA,NA,NA
866,0,0.060436142,0.690962594,0,0.060436142,0.69932323,2011,State,All,Education,state,99,A & N Island,NA,NA,NA,NA,0,1,0,0,0,0,NA,NA,NA,NA,NA,NA,NA,NA
867,0,0.088351414,0.816046445,0,0.04947725,0.816046445,2011,State,All,Education,state,99,A & N Island,NA,NA,NA,NA,1,0,0,0,0,0,NA,NA,NA,NA,NA,NA,NA,NA
868,0,0.081356577,0.437111716,0.00448261,0.081356577,0.444294787,2011,State,All,Education,state,99,Telangana,NA,NA,NA,NA,0,0,0,0,0,1,NA,NA,NA,NA,NA,NA,NA,NA
869,0.002374718,0.116729971,0.64415711,0.014643795,0.099744183,0.645547467,2011,State,All,Education,state,99,Telangana,NA,NA,NA,NA,0,0,0,0,1,0,NA,NA,NA,NA,NA,NA,NA,NA
870,0.023553881,0.303947338,0.880732012,0.064420127,0.227729503,0.883059816,2011,State,All,Education,state,99,Telangana,NA,NA,NA,NA,0,0,0,1,0,0,NA,NA,NA,NA,NA,NA,NA,NA
871,0.049316231,0.5198427,0.977643584,0.0746667,0.456274742,0.977643584,2011,State,All,Education,state,99,Telangana,NA,NA,NA,NA,0,0,1,0,0,0,NA,NA,NA,NA,NA,NA,NA,NA
872,0.01361207,0.406361121,0.825692314,0.146759003,0.375809712,0.829319912,2011,State,All,Education,state,99,Telangana,NA,NA,NA,NA,0,1,0,0,0,0,NA,NA,NA,NA,NA,NA,NA,NA
873,0.050613477,0.565773921,0.979221696,0.104371379,0.499948782,0.979327575,2011,State,All,Education,state,99,Telangana,NA,NA,NA,NA,1,0,0,0,0,0,NA,NA,NA,NA,NA,NA,NA,NA
874,0,0,0,0,0,0,2011,State,All,Education,state,99,Ladakh,NA,NA,NA,NA,0,0,0,0,0,1,NA,NA,NA,NA,NA,NA,NA,NA
875,0,0.125056666,0.831238088,0,0,0.831238088,2011,State,All,Education,state,99,Ladakh,NA,NA,NA,NA,0,0,0,0,1,0,NA,NA,NA,NA,NA,NA,NA,NA
876,0,0.050443027,0.73819942,0,0.050443027,0.73819942,2011,State,All,Education,state,99,Ladakh,NA,NA,NA,NA,0,0,0,1,0,0,NA,NA,NA,NA,NA,NA,NA,NA
877,0,0.052778923,0.824436595,0,0.052778923,0.824436595,2011,State,All,Education,state,99,Ladakh,NA,NA,NA,NA,0,0,1,0,0,0,NA,NA,NA,NA,NA,NA,NA,NA
878,0,0.180871771,0.970471842,0.028228172,0.133904511,0.970471842,2011,State,All,Education,state,99,Ladakh,NA,NA,NA,NA,0,1,0,0,0,0,NA,NA,NA,NA,NA,NA,NA,NA
879,0,0.473382547,0.979571426,0,0.273013997,0.979571426,2011,State,All,Education,state,99,Ladakh,NA,NA,NA,NA,1,0,0,0,0,0,NA,NA,NA,NA,NA,NA,NA,NA
880,0,0.00363602,0.681937147,0,0,0.681937147,2011,State,urban/rural,Education,sector_state,0,Jammu & Kashmir,NA,NA,NA,NA,0,0,0,0,0,1,NA,NA,NA,NA,NA,NA,NA,NA
881,0,0.072459114,0.807666298,0,0.067190628,0.807666298,2011,State,urban/rural,Education,sector_state,0,Jammu & Kashmir,NA,NA,NA,NA,0,0,0,0,1,0,NA,NA,NA,NA,NA,NA,NA,NA
882,0.004001314,0.169534879,0.850810825,0.019502361,0.117448429,0.850810825,2011,State,urban/rural,Education,sector_state,0,Jammu & Kashmir,NA,NA,NA,NA,0,0,0,1,0,0,NA,NA,NA,NA,NA,NA,NA,NA
883,0.014487636,0.316584306,0.90296353,0.044142607,0.243582213,0.90296353,2011,State,urban/rural,Education,sector_state,0,Jammu & Kashmir,NA,NA,NA,NA,0,0,1,0,0,0,NA,NA,NA,NA,NA,NA,NA,NA
884,0.024424713,0.538464498,0.968671047,0.04793621,0.450235345,0.968671047,2011,State,urban/rural,Education,sector_state,0,Jammu & Kashmir,NA,NA,NA,NA,0,1,0,0,0,0,NA,NA,NA,NA,NA,NA,NA,NA
885,0.054926862,0.480258302,0.951432153,0.106565468,0.411454771,0.951899547,2011,State,urban/rural,Education,sector_state,0,Jammu & Kashmir,NA,NA,NA,NA,1,0,0,0,0,0,NA,NA,NA,NA,NA,NA,NA,NA
886,0,1,1,0,1,1,2011,State,urban/rural,Education,sector_state,0,Jammu & Kashmir,NA,NA,NA,NA,NA,NA,NA,NA,NA,NA,NA,NA,NA,NA,NA,NA,NA,NA
887,0,0.031809385,0.710235677,0,0.021129819,0.710235677,2011,State,urban/rural,Education,sector_state,0,Himachal Pradesh,NA,NA,NA,NA,0,0,0,0,0,1,NA,NA,NA,NA,NA,NA,NA,NA
888,0,0.066076343,0.571744497,0,0.05782203,0.583222719,2011,State,urban/rural,Education,sector_state,0,Himachal Pradesh,NA,NA,NA,NA,0,0,0,0,1,0,NA,NA,NA,NA,NA,NA,NA,NA
889,0.024147356,0.193327411,0.82995092,0.032238953,0.142995503,0.834152027,2011,State,urban/rural,Education,sector_state,0,Himachal Pradesh,NA,NA,NA,NA,0,0,0,1,0,0,NA,NA,NA,NA,NA,NA,NA,NA
890,0.002767286,0.239206078,0.881254985,0.025144867,0.209300144,0.881254985,2011,State,urban/rural,Education,sector_state,0,Himachal Pradesh,NA,NA,NA,NA,0,0,1,0,0,0,NA,NA,NA,NA,NA,NA,NA,NA
891,0.032009232,0.369592086,0.910536259,0.044146537,0.326861263,0.910536259,2011,State,urban/rural,Education,sector_state,0,Himachal Pradesh,NA,NA,NA,NA,0,1,0,0,0,0,NA,NA,NA,NA,NA,NA,NA,NA
892,0.040025896,0.490368416,0.936734861,0.082124316,0.452144615,0.936734861,2011,State,urban/rural,Education,sector_state,0,Himachal Pradesh,NA,NA,NA,NA,1,0,0,0,0,0,NA,NA,NA,NA,NA,NA,NA,NA
893,0,0,0.351982519,0,0,0.351982519,2011,State,urban/rural,Education,sector_state,0,Punjab,NA,NA,NA,NA,0,0,0,0,0,1,NA,NA,NA,NA,NA,NA,NA,NA
894,0,0.073730134,0.64049957,0,0.073730134,0.64049957,2011,State,urban/rural,Education,sector_state,0,Punjab,NA,NA,NA,NA,0,0,0,0,1,0,NA,NA,NA,NA,NA,NA,NA,NA
895,0.004765868,0.1988936,0.821425279,0.022177597,0.155767779,0.821425279,2011,State,urban/rural,Education,sector_state,0,Punjab,NA,NA,NA,NA,0,0,0,1,0,0,NA,NA,NA,NA,NA,NA,NA,NA
896,0.02367115,0.355815731,0.892667293,0.056942579,0.337205849,0.892667293,2011,State,urban/rural,Education,sector_state,0,Punjab,NA,NA,NA,NA,0,0,1,0,0,0,NA,NA,NA,NA,NA,NA,NA,NA
897,0.063063605,0.458517697,0.84791309,0.137883441,0.372815808,0.851977986,2011,State,urban/rural,Education,sector_state,0,Punjab,NA,NA,NA,NA,0,1,0,0,0,0,NA,NA,NA,NA,NA,NA,NA,NA
898,0.048878322,0.474310225,0.9124844,0.108372762,0.438097947,0.9124844,2011,State,urban/rural,Education,sector_state,0,Punjab,NA,NA,NA,NA,1,0,0,0,0,0,NA,NA,NA,NA,NA,NA,NA,NA
899,0,0,0,0,0,0,2011,State,urban/rural,Education,sector_state,0,Chandigarh,NA,NA,NA,NA,0,0,0,0,0,1,NA,NA,NA,NA,NA,NA,NA,NA
900,0,0,0.835050605,0,0,0.835050605,2011,State,urban/rural,Education,sector_state,0,Chandigarh,NA,NA,NA,NA,0,0,0,0,1,0,NA,NA,NA,NA,NA,NA,NA,NA
901,0,0.088814135,0.647071017,0,0.088814135,0.647071017,2011,State,urban/rural,Education,sector_state,0,Chandigarh,NA,NA,NA,NA,0,0,0,1,0,0,NA,NA,NA,NA,NA,NA,NA,NA
902,0,0.776703981,0.776703981,0,0.776703981,0.776703981,2011,State,urban/rural,Education,sector_state,0,Chandigarh,NA,NA,NA,NA,0,0,1,0,0,0,NA,NA,NA,NA,NA,NA,NA,NA
903,0,0.976791262,0.994356302,0,0.976791262,0.994356302,2011,State,urban/rural,Education,sector_state,0,Chandigarh,NA,NA,NA,NA,0,1,0,0,0,0,NA,NA,NA,NA,NA,NA,NA,NA
904,0,0.371851734,0.947605734,0.305002723,0.371851734,0.947605734,2011,State,urban/rural,Education,sector_state,0,Chandigarh,NA,NA,NA,NA,1,0,0,0,0,0,NA,NA,NA,NA,NA,NA,NA,NA
905,0,0.268983015,0.581734456,0,0.263061343,0.581734456,2011,State,urban/rural,Education,sector_state,0,Uttrakhand,NA,NA,NA,NA,0,0,0,0,0,1,NA,NA,NA,NA,NA,NA,NA,NA
906,0,0.083134414,0.606870696,0,0.083134414,0.606870696,2011,State,urban/rural,Education,sector_state,0,Uttrakhand,NA,NA,NA,NA,0,0,0,0,1,0,NA,NA,NA,NA,NA,NA,NA,NA
907,0.039328792,0.409604628,0.923544573,0.070899064,0.358422534,0.927486448,2011,State,urban/rural,Education,sector_state,0,Uttrakhand,NA,NA,NA,NA,0,0,0,1,0,0,NA,NA,NA,NA,NA,NA,NA,NA
908,0.02147045,0.543441903,0.972214741,0.062274961,0.492334379,0.972214741,2011,State,urban/rural,Education,sector_state,0,Uttrakhand,NA,NA,NA,NA,0,0,1,0,0,0,NA,NA,NA,NA,NA,NA,NA,NA
909,0.024738416,0.533977307,0.905312173,0.061848518,0.487463487,0.905312173,2011,State,urban/rural,Education,sector_state,0,Uttrakhand,NA,NA,NA,NA,0,1,0,0,0,0,NA,NA,NA,NA,NA,NA,NA,NA
910,0.044357797,0.528639317,0.978371822,0.069389439,0.513531318,0.978371822,2011,State,urban/rural,Education,sector_state,0,Uttrakhand,NA,NA,NA,NA,1,0,0,0,0,0,NA,NA,NA,NA,NA,NA,NA,NA
911,0,0.00525944,0.669823361,0.003805819,0.00525944,0.669823361,2011,State,urban/rural,Education,sector_state,0,Haryana,NA,NA,NA,NA,0,0,0,0,0,1,NA,NA,NA,NA,NA,NA,NA,NA
912,0,0.276348437,0.665246325,0.042794702,0.191000331,0.665246325,2011,State,urban/rural,Education,sector_state,0,Haryana,NA,NA,NA,NA,0,0,0,0,1,0,NA,NA,NA,NA,NA,NA,NA,NA
913,0.027133863,0.287245882,0.799736204,0.064355258,0.268518663,0.799736204,2011,State,urban/rural,Education,sector_state,0,Haryana,NA,NA,NA,NA,0,0,0,1,0,0,NA,NA,NA,NA,NA,NA,NA,NA
914,0.031145009,0.296599296,0.890348801,0.099429628,0.279241007,0.890348801,2011,State,urban/rural,Education,sector_state,0,Haryana,NA,NA,NA,NA,0,0,1,0,0,0,NA,NA,NA,NA,NA,NA,NA,NA
915,0.039227254,0.500422146,0.930900879,0.083091822,0.404091751,0.930900879,2011,State,urban/rural,Education,sector_state,0,Haryana,NA,NA,NA,NA,0,1,0,0,0,0,NA,NA,NA,NA,NA,NA,NA,NA
916,0.104883217,0.538046683,0.945918191,0.167423994,0.469965522,0.945918191,2011,State,urban/rural,Education,sector_state,0,Haryana,NA,NA,NA,NA,1,0,0,0,0,0,NA,NA,NA,NA,NA,NA,NA,NA
917,0,0,0.761057593,0,0,0.761057593,2011,State,urban/rural,Education,sector_state,0,Delhi,NA,NA,NA,NA,0,0,0,0,0,1,NA,NA,NA,NA,NA,NA,NA,NA
918,0,0,0.61413914,0,0,0.61413914,2011,State,urban/rural,Education,sector_state,0,Delhi,NA,NA,NA,NA,0,0,0,0,1,0,NA,NA,NA,NA,NA,NA,NA,NA
919,0.03760685,0.364709872,0.954144977,0.038393384,0.364709872,0.954144977,2011,State,urban/rural,Education,sector_state,0,Delhi,NA,NA,NA,NA,0,0,0,1,0,0,NA,NA,NA,NA,NA,NA,NA,NA
920,0.002402719,0.020258059,1,0.002402719,0.020258059,1,2011,State,urban/rural,Education,sector_state,0,Delhi,NA,NA,NA,NA,0,0,1,0,0,0,NA,NA,NA,NA,NA,NA,NA,NA
921,0,0.084224674,1,0,0.059000934,1,2011,State,urban/rural,Education,sector_state,0,Delhi,NA,NA,NA,NA,0,1,0,0,0,0,NA,NA,NA,NA,NA,NA,NA,NA
922,0.185594709,1,1,0.185594709,1,1,2011,State,urban/rural,Education,sector_state,0,Delhi,NA,NA,NA,NA,1,0,0,0,0,0,NA,NA,NA,NA,NA,NA,NA,NA
923,0,0.168659887,0.772439078,0.061793603,0.168659887,0.772439078,2011,State,urban/rural,Education,sector_state,0,Rajasthan,NA,NA,NA,NA,0,0,0,0,0,1,NA,NA,NA,NA,NA,NA,NA,NA
924,0.022028151,0.474987865,0.91533629,0.027936138,0.428090291,0.916764682,2011,State,urban/rural,Education,sector_state,0,Rajasthan,NA,NA,NA,NA,0,0,0,0,1,0,NA,NA,NA,NA,NA,NA,NA,NA
925,0.036751174,0.39813616,0.912527181,0.093049731,0.33101087,0.912527181,2011,State,urban/rural,Education,sector_state,0,Rajasthan,NA,NA,NA,NA,0,0,0,1,0,0,NA,NA,NA,NA,NA,NA,NA,NA
926,0.105394785,0.561447492,0.959664064,0.21016482,0.538206475,0.962908645,2011,State,urban/rural,Education,sector_state,0,Rajasthan,NA,NA,NA,NA,0,0,1,0,0,0,NA,NA,NA,NA,NA,NA,NA,NA
927,0.11653777,0.635465504,0.943485224,0.261157762,0.59422661,0.943485224,2011,State,urban/rural,Education,sector_state,0,Rajasthan,NA,NA,NA,NA,0,1,0,0,0,0,NA,NA,NA,NA,NA,NA,NA,NA
928,0.136042226,0.696296545,0.979943465,0.256360026,0.645239714,0.980299341,2011,State,urban/rural,Education,sector_state,0,Rajasthan,NA,NA,NA,NA,1,0,0,0,0,0,NA,NA,NA,NA,NA,NA,NA,NA
929,0.06274569,0.538978175,0.874992624,0.147085441,0.498360086,0.874992624,2011,State,urban/rural,Education,sector_state,0,Uttar Pradesh,NA,NA,NA,NA,0,0,0,0,0,1,NA,NA,NA,NA,NA,NA,NA,NA
930,0.145624246,0.529360837,0.865861107,0.21941575,0.499580801,0.86866979,2011,State,urban/rural,Education,sector_state,0,Uttar Pradesh,NA,NA,NA,NA,0,0,0,0,1,0,NA,NA,NA,NA,NA,NA,NA,NA
931,0.187255149,0.711253697,0.965047182,0.30525395,0.669726711,0.965047182,2011,State,urban/rural,Education,sector_state,0,Uttar Pradesh,NA,NA,NA,NA,0,0,0,1,0,0,NA,NA,NA,NA,NA,NA,NA,NA
932,0.188889856,0.742303606,0.979939511,0.3254977,0.701408323,0.979939511,2011,State,urban/rural,Education,sector_state,0,Uttar Pradesh,NA,NA,NA,NA,0,0,1,0,0,0,NA,NA,NA,NA,NA,NA,NA,NA
933,0.300041478,0.87161345,0.989222077,0.499081867,0.831055334,0.989222077,2011,State,urban/rural,Education,sector_state,0,Uttar Pradesh,NA,NA,NA,NA,0,1,0,0,0,0,NA,NA,NA,NA,NA,NA,NA,NA
934,0.353255677,0.857528723,0.991193585,0.518687061,0.837385494,0.991193585,2011,State,urban/rural,Education,sector_state,0,Uttar Pradesh,NA,NA,NA,NA,1,0,0,0,0,0,NA,NA,NA,NA,NA,NA,NA,NA
935,0.019760018,0.494882684,0.959682447,0.019760018,0.494882684,0.959682447,2011,State,urban/rural,Education,sector_state,0,Bihar,NA,NA,NA,NA,0,0,0,0,0,1,NA,NA,NA,NA,NA,NA,NA,NA
936,0.038980116,0.556465713,0.958559765,0.114926958,0.49765941,0.959363394,2011,State,urban/rural,Education,sector_state,0,Bihar,NA,NA,NA,NA,0,0,0,0,1,0,NA,NA,NA,NA,NA,NA,NA,NA
937,0.145706165,0.741355601,0.989321592,0.293060878,0.687507692,0.989321592,2011,State,urban/rural,Education,sector_state,0,Bihar,NA,NA,NA,NA,0,0,0,1,0,0,NA,NA,NA,NA,NA,NA,NA,NA
938,0.139235216,0.790003207,0.995767003,0.26763904,0.758646787,0.995767003,2011,State,urban/rural,Education,sector_state,0,Bihar,NA,NA,NA,NA,0,0,1,0,0,0,NA,NA,NA,NA,NA,NA,NA,NA
939,0.271052281,0.88670008,0.991485716,0.482559814,0.863184309,0.991485716,2011,State,urban/rural,Education,sector_state,0,Bihar,NA,NA,NA,NA,0,1,0,0,0,0,NA,NA,NA,NA,NA,NA,NA,NA
940,0.301926633,0.887974197,0.995852891,0.494833823,0.849682819,0.995852891,2011,State,urban/rural,Education,sector_state,0,Bihar,NA,NA,NA,NA,1,0,0,0,0,0,NA,NA,NA,NA,NA,NA,NA,NA
941,0,0.06719092,1,0,0.06719092,1,2011,State,urban/rural,Education,sector_state,0,Bihar,NA,NA,NA,NA,NA,NA,NA,NA,NA,NA,NA,NA,NA,NA,NA,NA,NA,NA
942,0,0.152860905,0.706700896,0.152860905,0.152860905,0.706700896,2011,State,urban/rural,Education,sector_state,0,Sikkim,NA,NA,NA,NA,0,0,0,0,0,1,NA,NA,NA,NA,NA,NA,NA,NA
943,0,0.523805483,0.850024492,0,0.247286101,0.850024492,2011,State,urban/rural,Education,sector_state,0,Sikkim,NA,NA,NA,NA,0,0,0,0,1,0,NA,NA,NA,NA,NA,NA,NA,NA
944,0.001193655,0.358162763,0.931056969,0.001193655,0.273319462,0.931056969,2011,State,urban/rural,Education,sector_state,0,Sikkim,NA,NA,NA,NA,0,0,0,1,0,0,NA,NA,NA,NA,NA,NA,NA,NA
945,0.038610894,0.62146218,0.97972245,0.119453039,0.456368241,0.97972245,2011,State,urban/rural,Education,sector_state,0,Sikkim,NA,NA,NA,NA,0,0,1,0,0,0,NA,NA,NA,NA,NA,NA,NA,NA
946,0.029729791,0.800590386,0.99205863,0.144998252,0.732704032,0.99205863,2011,State,urban/rural,Education,sector_state,0,Sikkim,NA,NA,NA,NA,0,1,0,0,0,0,NA,NA,NA,NA,NA,NA,NA,NA
947,0.024845938,0.761705591,0.997935647,0.134493307,0.732827101,0.997935647,2011,State,urban/rural,Education,sector_state,0,Sikkim,NA,NA,NA,NA,1,0,0,0,0,0,NA,NA,NA,NA,NA,NA,NA,NA
948,0,0.072913,0.245348313,0,0.072913,0.245348313,2011,State,urban/rural,Education,sector_state,0,Arunachal Pradesh,NA,NA,NA,NA,0,0,0,0,0,1,NA,NA,NA,NA,NA,NA,NA,NA
949,0.088737157,0.235330754,0.654413475,0.110420089,0.215539997,0.654413475,2011,State,urban/rural,Education,sector_state,0,Arunachal Pradesh,NA,NA,NA,NA,0,0,0,0,1,0,NA,NA,NA,NA,NA,NA,NA,NA
950,0.166586724,0.416054163,0.818814742,0.205950506,0.410085095,0.818814742,2011,State,urban/rural,Education,sector_state,0,Arunachal Pradesh,NA,NA,NA,NA,0,0,0,1,0,0,NA,NA,NA,NA,NA,NA,NA,NA
951,0.33195586,0.716935019,0.893237731,0.425829812,0.683454836,0.893237731,2011,State,urban/rural,Education,sector_state,0,Arunachal Pradesh,NA,NA,NA,NA,0,0,1,0,0,0,NA,NA,NA,NA,NA,NA,NA,NA
952,0.29318869,0.777546038,0.931573039,0.450697846,0.76948843,0.931573039,2011,State,urban/rural,Education,sector_state,0,Arunachal Pradesh,NA,NA,NA,NA,0,1,0,0,0,0,NA,NA,NA,NA,NA,NA,NA,NA
953,0.347705197,0.699888226,0.934146188,0.480086026,0.686572504,0.934146188,2011,State,urban/rural,Education,sector_state,0,Arunachal Pradesh,NA,NA,NA,NA,1,0,0,0,0,0,NA,NA,NA,NA,NA,NA,NA,NA
954,0,0.02538084,0.555253466,0,0.02538084,0.555253466,2011,State,urban/rural,Education,sector_state,0,Nagaland,NA,NA,NA,NA,0,0,0,0,0,1,NA,NA,NA,NA,NA,NA,NA,NA
955,0,0.157179122,0.759051174,0,0.152777184,0.762323341,2011,State,urban/rural,Education,sector_state,0,Nagaland,NA,NA,NA,NA,0,0,0,0,1,0,NA,NA,NA,NA,NA,NA,NA,NA
956,0.067742499,0.497194149,0.954496449,0.130841731,0.384233925,0.954496449,2011,State,urban/rural,Education,sector_state,0,Nagaland,NA,NA,NA,NA,0,0,0,1,0,0,NA,NA,NA,NA,NA,NA,NA,NA
957,0.062507264,0.730402734,0.998525402,0.135835268,0.662767633,0.998525402,2011,State,urban/rural,Education,sector_state,0,Nagaland,NA,NA,NA,NA,0,0,1,0,0,0,NA,NA,NA,NA,NA,NA,NA,NA
958,0,0.677269206,1,0.157832968,0.636108669,1,2011,State,urban/rural,Education,sector_state,0,Nagaland,NA,NA,NA,NA,0,1,0,0,0,0,NA,NA,NA,NA,NA,NA,NA,NA
959,0.046453987,0.690056424,0.997770549,0.136148483,0.656987559,0.997770549,2011,State,urban/rural,Education,sector_state,0,Nagaland,NA,NA,NA,NA,1,0,0,0,0,0,NA,NA,NA,NA,NA,NA,NA,NA
960,0,0.288252584,0.858903686,0,0.288252584,0.858903686,2011,State,urban/rural,Education,sector_state,0,Manipur,NA,NA,NA,NA,0,0,0,0,0,1,NA,NA,NA,NA,NA,NA,NA,NA
961,0.157824461,0.567295371,0.966147318,0.270025482,0.524760152,0.966147318,2011,State,urban/rural,Education,sector_state,0,Manipur,NA,NA,NA,NA,0,0,0,0,1,0,NA,NA,NA,NA,NA,NA,NA,NA
962,0.312495395,0.852936847,0.991113823,0.54573522,0.823913784,0.991113823,2011,State,urban/rural,Education,sector_state,0,Manipur,NA,NA,NA,NA,0,0,0,1,0,0,NA,NA,NA,NA,NA,NA,NA,NA
963,0.305187506,0.817049387,0.988499137,0.456009285,0.781307558,0.988499137,2011,State,urban/rural,Education,sector_state,0,Manipur,NA,NA,NA,NA,0,0,1,0,0,0,NA,NA,NA,NA,NA,NA,NA,NA
964,0.572597617,0.923955934,0.997584069,0.703965141,0.917947194,0.997584069,2011,State,urban/rural,Education,sector_state,0,Manipur,NA,NA,NA,NA,0,1,0,0,0,0,NA,NA,NA,NA,NA,NA,NA,NA
965,0.437133636,0.919582057,0.998397775,0.575698158,0.899747334,0.999937296,2011,State,urban/rural,Education,sector_state,0,Manipur,NA,NA,NA,NA,1,0,0,0,0,0,NA,NA,NA,NA,NA,NA,NA,NA
966,0,0.31731231,0.961384858,0,0,0.961384858,2011,State,urban/rural,Education,sector_state,0,Mizoram,NA,NA,NA,NA,0,0,0,0,0,1,NA,NA,NA,NA,NA,NA,NA,NA
967,0,0.089790086,0.697765074,0,0.082565314,0.697765074,2011,State,urban/rural,Education,sector_state,0,Mizoram,NA,NA,NA,NA,0,0,0,0,1,0,NA,NA,NA,NA,NA,NA,NA,NA
968,0.022994606,0.325679366,0.870277841,0.057709387,0.290509617,0.870277841,2011,State,urban/rural,Education,sector_state,0,Mizoram,NA,NA,NA,NA,0,0,0,1,0,0,NA,NA,NA,NA,NA,NA,NA,NA
969,0.075301482,0.501839612,0.95734126,0.18258354,0.432774278,0.95734126,2011,State,urban/rural,Education,sector_state,0,Mizoram,NA,NA,NA,NA,0,0,1,0,0,0,NA,NA,NA,NA,NA,NA,NA,NA
970,0.119837776,0.647700465,0.992363269,0.164200635,0.534967271,0.992363269,2011,State,urban/rural,Education,sector_state,0,Mizoram,NA,NA,NA,NA,0,1,0,0,0,0,NA,NA,NA,NA,NA,NA,NA,NA
971,0.078617231,0.83826631,0.999429942,0.229139513,0.806053683,0.999429942,2011,State,urban/rural,Education,sector_state,0,Mizoram,NA,NA,NA,NA,1,0,0,0,0,0,NA,NA,NA,NA,NA,NA,NA,NA
972,0,0.007480892,0.617618173,0,0.007480892,0.617618173,2011,State,urban/rural,Education,sector_state,0,Tripura,NA,NA,NA,NA,0,0,0,0,0,1,NA,NA,NA,NA,NA,NA,NA,NA
973,0,0.420951001,0.797490314,0,0.066008772,0.797490314,2011,State,urban/rural,Education,sector_state,0,Tripura,NA,NA,NA,NA,0,0,0,0,1,0,NA,NA,NA,NA,NA,NA,NA,NA
974,0.000131661,0.224609778,0.88525945,0.037840278,0.137662295,0.88525945,2011,State,urban/rural,Education,sector_state,0,Tripura,NA,NA,NA,NA,0,0,0,1,0,0,NA,NA,NA,NA,NA,NA,NA,NA
975,0.059777045,0.582193607,0.953884723,0.119571358,0.499842252,0.953884723,2011,State,urban/rural,Education,sector_state,0,Tripura,NA,NA,NA,NA,0,0,1,0,0,0,NA,NA,NA,NA,NA,NA,NA,NA
976,0.0604862,0.560641059,0.977393107,0.156544304,0.518247922,0.979457122,2011,State,urban/rural,Education,sector_state,0,Tripura,NA,NA,NA,NA,0,1,0,0,0,0,NA,NA,NA,NA,NA,NA,NA,NA
977,0.108327834,0.744866064,0.985978712,0.231478866,0.686317564,0.985978712,2011,State,urban/rural,Education,sector_state,0,Tripura,NA,NA,NA,NA,1,0,0,0,0,0,NA,NA,NA,NA,NA,NA,NA,NA
978,0,0,1,0,0,1,2011,State,urban/rural,Education,sector_state,0,Tripura,NA,NA,NA,NA,NA,NA,NA,NA,NA,NA,NA,NA,NA,NA,NA,NA,NA,NA
979,0,0.439059086,0.439059086,0,0.439059086,0.439059086,2011,State,urban/rural,Education,sector_state,0,Meghalaya,NA,NA,NA,NA,0,0,0,0,0,1,NA,NA,NA,NA,NA,NA,NA,NA
980,0.00516537,0.283840633,0.89257652,0.00516537,0.259534126,0.89257652,2011,State,urban/rural,Education,sector_state,0,Meghalaya,NA,NA,NA,NA,0,0,0,0,1,0,NA,NA,NA,NA,NA,NA,NA,NA
981,0.065149351,0.478091375,0.946004807,0.082758988,0.406662493,0.946004807,2011,State,urban/rural,Education,sector_state,0,Meghalaya,NA,NA,NA,NA,0,0,0,1,0,0,NA,NA,NA,NA,NA,NA,NA,NA
982,0.102617974,0.763742848,0.994069306,0.195574158,0.7396811,0.997147842,2011,State,urban/rural,Education,sector_state,0,Meghalaya,NA,NA,NA,NA,0,0,1,0,0,0,NA,NA,NA,NA,NA,NA,NA,NA
983,0.097832876,0.771038933,0.996767324,0.218887135,0.742675755,0.996767324,2011,State,urban/rural,Education,sector_state,0,Meghalaya,NA,NA,NA,NA,0,1,0,0,0,0,NA,NA,NA,NA,NA,NA,NA,NA
984,0.06478364,0.778245663,0.98826678,0.247644632,0.744145693,0.988537031,2011,State,urban/rural,Education,sector_state,0,Meghalaya,NA,NA,NA,NA,1,0,0,0,0,0,NA,NA,NA,NA,NA,NA,NA,NA
985,0,0,0.642134868,0,0,0.642134868,2011,State,urban/rural,Education,sector_state,0,Assam,NA,NA,NA,NA,0,0,0,0,0,1,NA,NA,NA,NA,NA,NA,NA,NA
986,0.006428696,0.437729882,0.909821032,0.00843258,0.390637667,0.909821032,2011,State,urban/rural,Education,sector_state,0,Assam,NA,NA,NA,NA,0,0,0,0,1,0,NA,NA,NA,NA,NA,NA,NA,NA
987,0.046013985,0.537175279,0.937295052,0.125827016,0.506412502,0.937295052,2011,State,urban/rural,Education,sector_state,0,Assam,NA,NA,NA,NA,0,0,0,1,0,0,NA,NA,NA,NA,NA,NA,NA,NA
988,0.259797099,0.770852489,0.982011864,0.369096249,0.728529515,0.982011864,2011,State,urban/rural,Education,sector_state,0,Assam,NA,NA,NA,NA,0,0,1,0,0,0,NA,NA,NA,NA,NA,NA,NA,NA
989,0.245615279,0.87933304,0.997793303,0.43362673,0.854092158,0.997793303,2011,State,urban/rural,Education,sector_state,0,Assam,NA,NA,NA,NA,0,1,0,0,0,0,NA,NA,NA,NA,NA,NA,NA,NA
990,0.275134162,0.847690795,0.995989821,0.467182251,0.802307966,0.99751672,2011,State,urban/rural,Education,sector_state,0,Assam,NA,NA,NA,NA,1,0,0,0,0,0,NA,NA,NA,NA,NA,NA,NA,NA
991,0,0,1,0,0,1,2011,State,urban/rural,Education,sector_state,0,Assam,NA,NA,NA,NA,NA,NA,NA,NA,NA,NA,NA,NA,NA,NA,NA,NA,NA,NA
992,0,0.215444785,0.685802403,0.016181625,0.215444785,0.685802403,2011,State,urban/rural,Education,sector_state,0,West Bengal,NA,NA,NA,NA,0,0,0,0,0,1,NA,NA,NA,NA,NA,NA,NA,NA
993,0.028233998,0.22460821,0.818294194,0.088669512,0.209555496,0.818294194,2011,State,urban/rural,Education,sector_state,0,West Bengal,NA,NA,NA,NA,0,0,0,0,1,0,NA,NA,NA,NA,NA,NA,NA,NA
994,0.105017147,0.50300995,0.899451047,0.151652253,0.463342772,0.900257421,2011,State,urban/rural,Education,sector_state,0,West Bengal,NA,NA,NA,NA,0,0,0,1,0,0,NA,NA,NA,NA,NA,NA,NA,NA
995,0.129425529,0.679430606,0.957159916,0.243248843,0.622305109,0.957159916,2011,State,urban/rural,Education,sector_state,0,West Bengal,NA,NA,NA,NA,0,0,1,0,0,0,NA,NA,NA,NA,NA,NA,NA,NA
996,0.130416056,0.766908955,0.982950685,0.267543739,0.707654785,0.983010022,2011,State,urban/rural,Education,sector_state,0,West Bengal,NA,NA,NA,NA,0,1,0,0,0,0,NA,NA,NA,NA,NA,NA,NA,NA
997,0.262085002,0.837377615,0.993194376,0.43441117,0.796507426,0.993194376,2011,State,urban/rural,Education,sector_state,0,West Bengal,NA,NA,NA,NA,1,0,0,0,0,0,NA,NA,NA,NA,NA,NA,NA,NA
998,0.036764664,0.224211069,0.81022706,0.036764664,0.198358134,0.81022706,2011,State,urban/rural,Education,sector_state,0,Jharkhand,NA,NA,NA,NA,0,0,0,0,0,1,NA,NA,NA,NA,NA,NA,NA,NA
999,0.039683135,0.578670625,0.859884839,0.186034603,0.420759432,0.859884839,2011,State,urban/rural,Education,sector_state,0,Jharkhand,NA,NA,NA,NA,0,0,0,0,1,0,NA,NA,NA,NA,NA,NA,NA,NA
1000,0.112179688,0.746581972,0.980804511,0.247653519,0.725646432,0.980804511,2011,State,urban/rural,Education,sector_state,0,Jharkhand,NA,NA,NA,NA,0,0,0,1,0,0,NA,NA,NA,NA,NA,NA,NA,NA
1001,0.297135695,0.83879403,0.982815074,0.490114839,0.808940517,0.982815074,2011,State,urban/rural,Education,sector_state,0,Jharkhand,NA,NA,NA,NA,0,0,1,0,0,0,NA,NA,NA,NA,NA,NA,NA,NA
1002,0.226431167,0.914617206,0.986979584,0.432791462,0.857607187,0.986979584,2011,State,urban/rural,Education,sector_state,0,Jharkhand,NA,NA,NA,NA,0,1,0,0,0,0,NA,NA,NA,NA,NA,NA,NA,NA
1003,0.367029564,0.923047721,0.996265523,0.584783298,0.907117792,0.996487082,2011,State,urban/rural,Education,sector_state,0,Jharkhand,NA,NA,NA,NA,1,0,0,0,0,0,NA,NA,NA,NA,NA,NA,NA,NA
1004,0,0.519639455,0.986894985,0.038544476,0.176944471,0.986894985,2011,State,urban/rural,Education,sector_state,0,Odisha,NA,NA,NA,NA,0,0,0,0,0,1,NA,NA,NA,NA,NA,NA,NA,NA
1005,0.030979632,0.418306552,0.92328989,0.071832572,0.375458192,0.92328989,2011,State,urban/rural,Education,sector_state,0,Odisha,NA,NA,NA,NA,0,0,0,0,1,0,NA,NA,NA,NA,NA,NA,NA,NA
1006,0.08584064,0.61028187,0.971046824,0.180532767,0.555265553,0.971046824,2011,State,urban/rural,Education,sector_state,0,Odisha,NA,NA,NA,NA,0,0,0,1,0,0,NA,NA,NA,NA,NA,NA,NA,NA
1007,0.16994816,0.749197424,0.977963815,0.370717622,0.717519268,0.977963815,2011,State,urban/rural,Education,sector_state,0,Odisha,NA,NA,NA,NA,0,0,1,0,0,0,NA,NA,NA,NA,NA,NA,NA,NA
1008,0.303102772,0.84389534,0.993855712,0.446466663,0.816062462,0.993855712,2011,State,urban/rural,Education,sector_state,0,Odisha,NA,NA,NA,NA,0,1,0,0,0,0,NA,NA,NA,NA,NA,NA,NA,NA
1009,0.360586957,0.905911368,0.998113197,0.581889883,0.878129982,0.998113197,2011,State,urban/rural,Education,sector_state,0,Odisha,NA,NA,NA,NA,1,0,0,0,0,0,NA,NA,NA,NA,NA,NA,NA,NA
1010,0,0.172684585,0.870454215,0,0.095366864,0.870454215,2011,State,urban/rural,Education,sector_state,0,Chhattisgarh,NA,NA,NA,NA,0,0,0,0,0,1,NA,NA,NA,NA,NA,NA,NA,NA
1011,0.007976805,0.318148384,0.804705423,0.017236492,0.300452871,0.817250271,2011,State,urban/rural,Education,sector_state,0,Chhattisgarh,NA,NA,NA,NA,0,0,0,0,1,0,NA,NA,NA,NA,NA,NA,NA,NA
1012,0.110252758,0.639739125,0.932487844,0.280417719,0.622372676,0.946945897,2011,State,urban/rural,Education,sector_state,0,Chhattisgarh,NA,NA,NA,NA,0,0,0,1,0,0,NA,NA,NA,NA,NA,NA,NA,NA
1013,0.217527943,0.750446346,0.986441159,0.35318362,0.677955091,0.986441159,2011,State,urban/rural,Education,sector_state,0,Chhattisgarh,NA,NA,NA,NA,0,0,1,0,0,0,NA,NA,NA,NA,NA,NA,NA,NA
1014,0.234268351,0.835028891,0.988486275,0.410013296,0.788119975,0.988486275,2011,State,urban/rural,Education,sector_state,0,Chhattisgarh,NA,NA,NA,NA,0,1,0,0,0,0,NA,NA,NA,NA,NA,NA,NA,NA
1015,0.314180587,0.911697995,0.99837257,0.437751924,0.878286204,0.998487261,2011,State,urban/rural,Education,sector_state,0,Chhattisgarh,NA,NA,NA,NA,1,0,0,0,0,0,NA,NA,NA,NA,NA,NA,NA,NA
1016,0.137542428,0.394947953,0.850473748,0.189417432,0.329290719,0.850473748,2011,State,urban/rural,Education,sector_state,0,Madhya Pradesh,NA,NA,NA,NA,0,0,0,0,0,1,NA,NA,NA,NA,NA,NA,NA,NA
1017,0.120667278,0.610298223,0.924062993,0.180410456,0.539894443,0.924062993,2011,State,urban/rural,Education,sector_state,0,Madhya Pradesh,NA,NA,NA,NA,0,0,0,0,1,0,NA,NA,NA,NA,NA,NA,NA,NA
1018,0.253673113,0.748990846,0.963120278,0.393303302,0.728861473,0.963120278,2011,State,urban/rural,Education,sector_state,0,Madhya Pradesh,NA,NA,NA,NA,0,0,0,1,0,0,NA,NA,NA,NA,NA,NA,NA,NA
1019,0.299926187,0.772615634,0.966836445,0.463517368,0.741873148,0.966836445,2011,State,urban/rural,Education,sector_state,0,Madhya Pradesh,NA,NA,NA,NA,0,0,1,0,0,0,NA,NA,NA,NA,NA,NA,NA,NA
1020,0.211587553,0.762719404,0.991689982,0.398142511,0.719725335,0.991689982,2011,State,urban/rural,Education,sector_state,0,Madhya Pradesh,NA,NA,NA,NA,0,1,0,0,0,0,NA,NA,NA,NA,NA,NA,NA,NA
1021,0.382906635,0.863625191,0.986591685,0.548945639,0.834969413,0.986699486,2011,State,urban/rural,Education,sector_state,0,Madhya Pradesh,NA,NA,NA,NA,1,0,0,0,0,0,NA,NA,NA,NA,NA,NA,NA,NA
1022,0.183388481,1,1,1,1,1,2011,State,urban/rural,Education,sector_state,0,Madhya Pradesh,NA,NA,NA,NA,NA,NA,NA,NA,NA,NA,NA,NA,NA,NA,NA,NA,NA,NA
1023,0,0.144613254,0.976191631,0,0.099628066,0.976191631,2011,State,urban/rural,Education,sector_state,0,Gujarat,NA,NA,NA,NA,0,0,0,0,0,1,NA,NA,NA,NA,NA,NA,NA,NA
1024,0.003065782,0.083047237,0.844454005,0.003704279,0.051912152,0.844541282,2011,State,urban/rural,Education,sector_state,0,Gujarat,NA,NA,NA,NA,0,0,0,0,1,0,NA,NA,NA,NA,NA,NA,NA,NA
1025,0.107235746,0.601927752,0.976479036,0.225962484,0.574852539,0.976479036,2011,State,urban/rural,Education,sector_state,0,Gujarat,NA,NA,NA,NA,0,0,0,1,0,0,NA,NA,NA,NA,NA,NA,NA,NA
1026,0.128266979,0.677635493,0.98873762,0.287846164,0.661663272,0.98873762,2011,State,urban/rural,Education,sector_state,0,Gujarat,NA,NA,NA,NA,0,0,1,0,0,0,NA,NA,NA,NA,NA,NA,NA,NA
1027,0.174970065,0.770639411,0.992010876,0.30028207,0.760124575,0.992010876,2011,State,urban/rural,Education,sector_state,0,Gujarat,NA,NA,NA,NA,0,1,0,0,0,0,NA,NA,NA,NA,NA,NA,NA,NA
1028,0.277619206,0.784076534,0.990431714,0.421643161,0.760903151,0.990431714,2011,State,urban/rural,Education,sector_state,0,Gujarat,NA,NA,NA,NA,1,0,0,0,0,0,NA,NA,NA,NA,NA,NA,NA,NA
1029,0,0.981666406,1,0,0,1,2011,State,urban/rural,Education,sector_state,0,Daman & Diu & D & N Haveli,NA,NA,NA,NA,0,0,0,0,0,1,NA,NA,NA,NA,NA,NA,NA,NA
1030,0,0,0.851796733,0,0,0.851796733,2011,State,urban/rural,Education,sector_state,0,Daman & Diu & D & N Haveli,NA,NA,NA,NA,0,0,0,0,1,0,NA,NA,NA,NA,NA,NA,NA,NA
1031,0,0.634493505,0.970204487,0.231032189,0.456600292,0.970204487,2011,State,urban/rural,Education,sector_state,0,Daman & Diu & D & N Haveli,NA,NA,NA,NA,0,0,0,1,0,0,NA,NA,NA,NA,NA,NA,NA,NA
1032,0.146684454,0.442590125,0.715347548,0.271523703,0.439044292,0.715347548,2011,State,urban/rural,Education,sector_state,0,Daman & Diu & D & N Haveli,NA,NA,NA,NA,0,0,1,0,0,0,NA,NA,NA,NA,NA,NA,NA,NA
1033,0.089512364,0.805171994,0.922068175,0.101226531,0.755010999,0.922068175,2011,State,urban/rural,Education,sector_state,0,Daman & Diu & D & N Haveli,NA,NA,NA,NA,0,1,0,0,0,0,NA,NA,NA,NA,NA,NA,NA,NA
1034,0.525104458,0.870865595,0.982244974,0.58291854,0.820907411,0.982244974,2011,State,urban/rural,Education,sector_state,0,Daman & Diu & D & N Haveli,NA,NA,NA,NA,1,0,0,0,0,0,NA,NA,NA,NA,NA,NA,NA,NA
1035,0.001150015,0.143022702,0.837470893,0.015183175,0.135300069,0.837470893,2011,State,urban/rural,Education,sector_state,0,Maharashtra,NA,NA,NA,NA,0,0,0,0,0,1,NA,NA,NA,NA,NA,NA,NA,NA
1036,0.04229572,0.372763837,0.864579921,0.058125967,0.320436408,0.864579921,2011,State,urban/rural,Education,sector_state,0,Maharashtra,NA,NA,NA,NA,0,0,0,0,1,0,NA,NA,NA,NA,NA,NA,NA,NA
1037,0.101047583,0.631061002,0.927809351,0.175958968,0.565272054,0.927809351,2011,State,urban/rural,Education,sector_state,0,Maharashtra,NA,NA,NA,NA,0,0,0,1,0,0,NA,NA,NA,NA,NA,NA,NA,NA
1038,0.106243825,0.612813701,0.96071985,0.199931663,0.568398801,0.96071985,2011,State,urban/rural,Education,sector_state,0,Maharashtra,NA,NA,NA,NA,0,0,1,0,0,0,NA,NA,NA,NA,NA,NA,NA,NA
1039,0.124922869,0.729884734,0.986401661,0.264798196,0.67448737,0.986858384,2011,State,urban/rural,Education,sector_state,0,Maharashtra,NA,NA,NA,NA,0,1,0,0,0,0,NA,NA,NA,NA,NA,NA,NA,NA
1040,0.146666918,0.772657276,0.993058259,0.278869057,0.728433739,0.993058259,2011,State,urban/rural,Education,sector_state,0,Maharashtra,NA,NA,NA,NA,1,0,0,0,0,0,NA,NA,NA,NA,NA,NA,NA,NA
1041,0,0.07697767,0.710128022,0,0.07697767,0.710128022,2011,State,urban/rural,Education,sector_state,0,Andhra Pradesh,NA,NA,NA,NA,0,0,0,0,0,1,NA,NA,NA,NA,NA,NA,NA,NA
1042,0.004831461,0.189849213,0.804335136,0.008749189,0.179220726,0.804335136,2011,State,urban/rural,Education,sector_state,0,Andhra Pradesh,NA,NA,NA,NA,0,0,0,0,1,0,NA,NA,NA,NA,NA,NA,NA,NA
1043,0.009339656,0.32055429,0.928242606,0.05086195,0.230364044,0.929870962,2011,State,urban/rural,Education,sector_state,0,Andhra Pradesh,NA,NA,NA,NA,0,0,0,1,0,0,NA,NA,NA,NA,NA,NA,NA,NA
1044,0.015171082,0.384816706,0.885629597,0.052263378,0.275561512,0.885629597,2011,State,urban/rural,Education,sector_state,0,Andhra Pradesh,NA,NA,NA,NA,0,0,1,0,0,0,NA,NA,NA,NA,NA,NA,NA,NA
1045,0.061133737,0.452193676,0.96134037,0.114291831,0.423727347,0.964177357,2011,State,urban/rural,Education,sector_state,0,Andhra Pradesh,NA,NA,NA,NA,0,1,0,0,0,0,NA,NA,NA,NA,NA,NA,NA,NA
1046,0.068493699,0.561831338,0.9606388,0.170456222,0.486860693,0.960654329,2011,State,urban/rural,Education,sector_state,0,Andhra Pradesh,NA,NA,NA,NA,1,0,0,0,0,0,NA,NA,NA,NA,NA,NA,NA,NA
1047,0,0.327513969,0.557278654,0,0.327513969,0.557278654,2011,State,urban/rural,Education,sector_state,0,Karnataka,NA,NA,NA,NA,0,0,0,0,0,1,NA,NA,NA,NA,NA,NA,NA,NA
1048,0,0.318214009,0.708282566,0.075540371,0.165286879,0.708282566,2011,State,urban/rural,Education,sector_state,0,Karnataka,NA,NA,NA,NA,0,0,0,0,1,0,NA,NA,NA,NA,NA,NA,NA,NA
1049,0.011779094,0.456998683,0.912371518,0.026825288,0.411423938,0.912371518,2011,State,urban/rural,Education,sector_state,0,Karnataka,NA,NA,NA,NA,0,0,0,1,0,0,NA,NA,NA,NA,NA,NA,NA,NA
1050,0.024125139,0.424569538,0.936357703,0.044777618,0.333400633,0.936357703,2011,State,urban/rural,Education,sector_state,0,Karnataka,NA,NA,NA,NA,0,0,1,0,0,0,NA,NA,NA,NA,NA,NA,NA,NA
1051,0.031254478,0.519540678,0.938838986,0.079568255,0.453515713,0.938979961,2011,State,urban/rural,Education,sector_state,0,Karnataka,NA,NA,NA,NA,0,1,0,0,0,0,NA,NA,NA,NA,NA,NA,NA,NA
1052,0.062579816,0.635334319,0.965675478,0.17204075,0.582244889,0.967030634,2011,State,urban/rural,Education,sector_state,0,Karnataka,NA,NA,NA,NA,1,0,0,0,0,0,NA,NA,NA,NA,NA,NA,NA,NA
1053,0,0,0,0,0,0,2011,State,urban/rural,Education,sector_state,0,Goa,NA,NA,NA,NA,0,0,0,0,0,1,NA,NA,NA,NA,NA,NA,NA,NA
1054,0,0,0.774857667,0,0,0.774857667,2011,State,urban/rural,Education,sector_state,0,Goa,NA,NA,NA,NA,0,0,0,0,1,0,NA,NA,NA,NA,NA,NA,NA,NA
1055,0.130632746,0.256095163,0.896583778,0.130632746,0.249576098,0.896583778,2011,State,urban/rural,Education,sector_state,0,Goa,NA,NA,NA,NA,0,0,0,1,0,0,NA,NA,NA,NA,NA,NA,NA,NA
1056,0,0.329391915,0.938408852,0,0.329391915,0.954975178,2011,State,urban/rural,Education,sector_state,0,Goa,NA,NA,NA,NA,0,0,1,0,0,0,NA,NA,NA,NA,NA,NA,NA,NA
1057,0,0.394882286,0.827710763,0.002423797,0.394882286,0.827710763,2011,State,urban/rural,Education,sector_state,0,Goa,NA,NA,NA,NA,0,1,0,0,0,0,NA,NA,NA,NA,NA,NA,NA,NA
1058,0.002390629,0.432792595,0.915539607,0.036459481,0.432792595,0.915539607,2011,State,urban/rural,Education,sector_state,0,Goa,NA,NA,NA,NA,1,0,0,0,0,0,NA,NA,NA,NA,NA,NA,NA,NA
1059,0,0,0,0,0,0,2011,State,urban/rural,Education,sector_state,0,Lakshadweep,NA,NA,NA,NA,0,0,0,0,0,1,NA,NA,NA,NA,NA,NA,NA,NA
1060,0,0,0,0,0,0,2011,State,urban/rural,Education,sector_state,0,Lakshadweep,NA,NA,NA,NA,0,0,0,0,1,0,NA,NA,NA,NA,NA,NA,NA,NA
1061,0,0.028584857,0.738165728,0,0,0.738165728,2011,State,urban/rural,Education,sector_state,0,Lakshadweep,NA,NA,NA,NA,0,0,0,1,0,0,NA,NA,NA,NA,NA,NA,NA,NA
1062,0,0.474117548,0.512152361,0,0.474117548,0.512152361,2011,State,urban/rural,Education,sector_state,0,Lakshadweep,NA,NA,NA,NA,0,0,1,0,0,0,NA,NA,NA,NA,NA,NA,NA,NA
1063,0,0.045140942,0.480253298,0,0.045140942,0.480253298,2011,State,urban/rural,Education,sector_state,0,Lakshadweep,NA,NA,NA,NA,0,1,0,0,0,0,NA,NA,NA,NA,NA,NA,NA,NA
1064,0,0.007671488,0.825687707,0,0.007671488,0.825687707,2011,State,urban/rural,Education,sector_state,0,Lakshadweep,NA,NA,NA,NA,1,0,0,0,0,0,NA,NA,NA,NA,NA,NA,NA,NA
1065,0,0.123643183,0.548698117,0,0.123643183,0.548698117,2011,State,urban/rural,Education,sector_state,0,Kerala,NA,NA,NA,NA,0,0,0,0,0,1,NA,NA,NA,NA,NA,NA,NA,NA
1066,0,0.11252287,0.513016907,0,0.081181408,0.51446816,2011,State,urban/rural,Education,sector_state,0,Kerala,NA,NA,NA,NA,0,0,0,0,1,0,NA,NA,NA,NA,NA,NA,NA,NA
1067,0,0.099932411,0.658216446,0.005928241,0.071391016,0.658927411,2011,State,urban/rural,Education,sector_state,0,Kerala,NA,NA,NA,NA,0,0,0,1,0,0,NA,NA,NA,NA,NA,NA,NA,NA
1068,0.008899991,0.211297053,0.790857978,0.035117527,0.176076167,0.791600117,2011,State,urban/rural,Education,sector_state,0,Kerala,NA,NA,NA,NA,0,0,1,0,0,0,NA,NA,NA,NA,NA,NA,NA,NA
1069,0.028582647,0.37962644,0.870016928,0.050029456,0.332388482,0.870293661,2011,State,urban/rural,Education,sector_state,0,Kerala,NA,NA,NA,NA,0,1,0,0,0,0,NA,NA,NA,NA,NA,NA,NA,NA
1070,0.055664993,0.447506566,0.902809229,0.124860111,0.395921734,0.902809229,2011,State,urban/rural,Education,sector_state,0,Kerala,NA,NA,NA,NA,1,0,0,0,0,0,NA,NA,NA,NA,NA,NA,NA,NA
1071,0.007430207,0.096469241,0.576367163,0.007430207,0.059643116,0.576367163,2011,State,urban/rural,Education,sector_state,0,Tamil Nadu,NA,NA,NA,NA,0,0,0,0,0,1,NA,NA,NA,NA,NA,NA,NA,NA
1072,0.002882404,0.24967118,0.720934512,0.04119278,0.2278754,0.720934512,2011,State,urban/rural,Education,sector_state,0,Tamil Nadu,NA,NA,NA,NA,0,0,0,0,1,0,NA,NA,NA,NA,NA,NA,NA,NA
1073,0.004517592,0.284023896,0.794982883,0.061688253,0.22603961,0.800496073,2011,State,urban/rural,Education,sector_state,0,Tamil Nadu,NA,NA,NA,NA,0,0,0,1,0,0,NA,NA,NA,NA,NA,NA,NA,NA
1074,0.028250875,0.349039315,0.910329836,0.081443498,0.29204748,0.910329836,2011,State,urban/rural,Education,sector_state,0,Tamil Nadu,NA,NA,NA,NA,0,0,1,0,0,0,NA,NA,NA,NA,NA,NA,NA,NA
1075,0.051834919,0.468325004,0.920564325,0.145138844,0.403353443,0.92072564,2011,State,urban/rural,Education,sector_state,0,Tamil Nadu,NA,NA,NA,NA,0,1,0,0,0,0,NA,NA,NA,NA,NA,NA,NA,NA
1076,0.111023929,0.554951107,0.956319677,0.181111494,0.503931084,0.957344358,2011,State,urban/rural,Education,sector_state,0,Tamil Nadu,NA,NA,NA,NA,1,0,0,0,0,0,NA,NA,NA,NA,NA,NA,NA,NA
1077,0,0,0,0,0,0,2011,State,urban/rural,Education,sector_state,0,Puducherry,NA,NA,NA,NA,0,0,0,0,0,1,NA,NA,NA,NA,NA,NA,NA,NA
1078,0,0,0.630652744,0,0,0.630652744,2011,State,urban/rural,Education,sector_state,0,Puducherry,NA,NA,NA,NA,0,0,0,0,1,0,NA,NA,NA,NA,NA,NA,NA,NA
1079,0,0.010731198,0.907088348,0,0.010731198,0.907088348,2011,State,urban/rural,Education,sector_state,0,Puducherry,NA,NA,NA,NA,0,0,0,1,0,0,NA,NA,NA,NA,NA,NA,NA,NA
1080,0,0.630756178,0.917775362,0.209430963,0.408526285,0.917775362,2011,State,urban/rural,Education,sector_state,0,Puducherry,NA,NA,NA,NA,0,0,1,0,0,0,NA,NA,NA,NA,NA,NA,NA,NA
1081,0.017538847,0.515408192,0.99679209,0.017538847,0.190424054,0.99679209,2011,State,urban/rural,Education,sector_state,0,Puducherry,NA,NA,NA,NA,0,1,0,0,0,0,NA,NA,NA,NA,NA,NA,NA,NA
1082,0,0.337614477,0.983880181,0,0.285184,0.983880181,2011,State,urban/rural,Education,sector_state,0,Puducherry,NA,NA,NA,NA,1,0,0,0,0,0,NA,NA,NA,NA,NA,NA,NA,NA
1083,0,0,0,0,0,0,2011,State,urban/rural,Education,sector_state,0,A & N Island,NA,NA,NA,NA,0,0,0,0,0,1,NA,NA,NA,NA,NA,NA,NA,NA
1084,0,0,0.09441938,0,0,0.09441938,2011,State,urban/rural,Education,sector_state,0,A & N Island,NA,NA,NA,NA,0,0,0,0,1,0,NA,NA,NA,NA,NA,NA,NA,NA
1085,0,0.028650789,0.434535747,0,0,0.434535747,2011,State,urban/rural,Education,sector_state,0,A & N Island,NA,NA,NA,NA,0,0,0,1,0,0,NA,NA,NA,NA,NA,NA,NA,NA
1086,0,0.075795894,0.663837453,0.030267507,0.041093118,0.663837453,2011,State,urban/rural,Education,sector_state,0,A & N Island,NA,NA,NA,NA,0,0,1,0,0,0,NA,NA,NA,NA,NA,NA,NA,NA
1087,0,0.086909959,0.711814759,0,0.086909959,0.711814759,2011,State,urban/rural,Education,sector_state,0,A & N Island,NA,NA,NA,NA,0,1,0,0,0,0,NA,NA,NA,NA,NA,NA,NA,NA
1088,0,0.10509455,0.875265191,0,0.055762565,0.875265191,2011,State,urban/rural,Education,sector_state,0,A & N Island,NA,NA,NA,NA,1,0,0,0,0,0,NA,NA,NA,NA,NA,NA,NA,NA
1089,0,0.301003028,0.712442724,0,0.301003028,0.712442724,2011,State,urban/rural,Education,sector_state,0,Telangana,NA,NA,NA,NA,0,0,0,0,0,1,NA,NA,NA,NA,NA,NA,NA,NA
1090,0,0.210320086,0.698536379,0,0.180485061,0.698536379,2011,State,urban/rural,Education,sector_state,0,Telangana,NA,NA,NA,NA,0,0,0,0,1,0,NA,NA,NA,NA,NA,NA,NA,NA
1091,0.015139781,0.352777112,0.948026522,0.076150207,0.304779395,0.948026522,2011,State,urban/rural,Education,sector_state,0,Telangana,NA,NA,NA,NA,0,0,0,1,0,0,NA,NA,NA,NA,NA,NA,NA,NA
1092,0.03602956,0.491922146,0.975097732,0.048660536,0.440650135,0.975097732,2011,State,urban/rural,Education,sector_state,0,Telangana,NA,NA,NA,NA,0,0,1,0,0,0,NA,NA,NA,NA,NA,NA,NA,NA
1093,0.002796679,0.49834997,0.970473979,0.148254743,0.452490759,0.970473979,2011,State,urban/rural,Education,sector_state,0,Telangana,NA,NA,NA,NA,0,1,0,0,0,0,NA,NA,NA,NA,NA,NA,NA,NA
1094,0.038682856,0.582830991,0.977008376,0.094258633,0.510787729,0.977141955,2011,State,urban/rural,Education,sector_state,0,Telangana,NA,NA,NA,NA,1,0,0,0,0,0,NA,NA,NA,NA,NA,NA,NA,NA
1095,0,0,0,0,0,0,2011,State,urban/rural,Education,sector_state,0,Ladakh,NA,NA,NA,NA,0,0,0,0,0,1,NA,NA,NA,NA,NA,NA,NA,NA
1096,0,0.158334036,0.937032165,0,0,0.937032165,2011,State,urban/rural,Education,sector_state,0,Ladakh,NA,NA,NA,NA,0,0,0,0,1,0,NA,NA,NA,NA,NA,NA,NA,NA
1097,0,0.079028491,0.74037964,0,0.079028491,0.74037964,2011,State,urban/rural,Education,sector_state,0,Ladakh,NA,NA,NA,NA,0,0,0,1,0,0,NA,NA,NA,NA,NA,NA,NA,NA
1098,0,0.066462217,0.794309096,0,0.066462217,0.794309096,2011,State,urban/rural,Education,sector_state,0,Ladakh,NA,NA,NA,NA,0,0,1,0,0,0,NA,NA,NA,NA,NA,NA,NA,NA
1099,0,0.162000133,1,0,0.112153939,1,2011,State,urban/rural,Education,sector_state,0,Ladakh,NA,NA,NA,NA,0,1,0,0,0,0,NA,NA,NA,NA,NA,NA,NA,NA
1100,0,0.462554139,0.980668777,0,0.269377142,0.980668777,2011,State,urban/rural,Education,sector_state,0,Ladakh,NA,NA,NA,NA,1,0,0,0,0,0,NA,NA,NA,NA,NA,NA,NA,NA
1101,0,0,0.497630608,0,0,0.497630608,2011,State,urban/rural,Education,sector_state,1,Jammu & Kashmir,NA,NA,NA,NA,0,0,0,0,0,1,NA,NA,NA,NA,NA,NA,NA,NA
1102,0,0.03815674,0.49545858,0,0.037476412,0.49545858,2011,State,urban/rural,Education,sector_state,1,Jammu & Kashmir,NA,NA,NA,NA,0,0,0,0,1,0,NA,NA,NA,NA,NA,NA,NA,NA
1103,0.002630254,0.109017321,0.685227015,0.002851151,0.088865874,0.68709337,2011,State,urban/rural,Education,sector_state,1,Jammu & Kashmir,NA,NA,NA,NA,0,0,0,1,0,0,NA,NA,NA,NA,NA,NA,NA,NA
1104,0.008491968,0.301712245,0.810659699,0.040718348,0.251362027,0.810659699,2011,State,urban/rural,Education,sector_state,1,Jammu & Kashmir,NA,NA,NA,NA,0,0,1,0,0,0,NA,NA,NA,NA,NA,NA,NA,NA
1105,0.002112885,0.343628163,0.938532507,0.021910677,0.286650905,0.946719934,2011,State,urban/rural,Education,sector_state,1,Jammu & Kashmir,NA,NA,NA,NA,0,1,0,0,0,0,NA,NA,NA,NA,NA,NA,NA,NA
1106,0.057733007,0.440599639,0.921535243,0.147365655,0.41312796,0.921535243,2011,State,urban/rural,Education,sector_state,1,Jammu & Kashmir,NA,NA,NA,NA,1,0,0,0,0,0,NA,NA,NA,NA,NA,NA,NA,NA
1107,0,0,1,0,0,1,2011,State,urban/rural,Education,sector_state,1,Jammu & Kashmir,NA,NA,NA,NA,NA,NA,NA,NA,NA,NA,NA,NA,NA,NA,NA,NA,NA,NA
1108,0,0.014110507,0.579790166,0.014110507,0.014110507,0.579790166,2011,State,urban/rural,Education,sector_state,1,Himachal Pradesh,NA,NA,NA,NA,0,0,0,0,0,1,NA,NA,NA,NA,NA,NA,NA,NA
1109,0,0.058522466,0.661315511,0,0,0.661315511,2011,State,urban/rural,Education,sector_state,1,Himachal Pradesh,NA,NA,NA,NA,0,0,0,0,1,0,NA,NA,NA,NA,NA,NA,NA,NA
1110,0,0.120892332,0.596913587,0.013878439,0.094056426,0.596913587,2011,State,urban/rural,Education,sector_state,1,Himachal Pradesh,NA,NA,NA,NA,0,0,0,1,0,0,NA,NA,NA,NA,NA,NA,NA,NA
1111,0.094835844,0.445657486,0.821509897,0.094835844,0.358969842,0.821509897,2011,State,urban/rural,Education,sector_state,1,Himachal Pradesh,NA,NA,NA,NA,0,0,1,0,0,0,NA,NA,NA,NA,NA,NA,NA,NA
1112,0,0.328766933,0.833908894,0.00225833,0.328766933,0.833908894,2011,State,urban/rural,Education,sector_state,1,Himachal Pradesh,NA,NA,NA,NA,0,1,0,0,0,0,NA,NA,NA,NA,NA,NA,NA,NA
1113,0.052118793,0.425202663,0.941316938,0.15876695,0.415738719,0.947937722,2011,State,urban/rural,Education,sector_state,1,Himachal Pradesh,NA,NA,NA,NA,1,0,0,0,0,0,NA,NA,NA,NA,NA,NA,NA,NA
1114,0,0,0.427500719,0,0,0.427500719,2011,State,urban/rural,Education,sector_state,1,Punjab,NA,NA,NA,NA,0,0,0,0,0,1,NA,NA,NA,NA,NA,NA,NA,NA
1115,0.003086335,0.127676988,0.483456984,0.012798184,0.111737003,0.483456984,2011,State,urban/rural,Education,sector_state,1,Punjab,NA,NA,NA,NA,0,0,0,0,1,0,NA,NA,NA,NA,NA,NA,NA,NA
1116,0.020113052,0.235794399,0.785409602,0.031710065,0.201689037,0.785409602,2011,State,urban/rural,Education,sector_state,1,Punjab,NA,NA,NA,NA,0,0,0,1,0,0,NA,NA,NA,NA,NA,NA,NA,NA
1117,0.041185421,0.361523116,0.859793855,0.112815133,0.301958917,0.859793855,2011,State,urban/rural,Education,sector_state,1,Punjab,NA,NA,NA,NA,0,0,1,0,0,0,NA,NA,NA,NA,NA,NA,NA,NA
1118,0.061779333,0.445440268,0.919454335,0.071949931,0.367206345,0.919454335,2011,State,urban/rural,Education,sector_state,1,Punjab,NA,NA,NA,NA,0,1,0,0,0,0,NA,NA,NA,NA,NA,NA,NA,NA
1119,0.186235126,0.630469493,0.960661254,0.248228434,0.589263145,0.960661254,2011,State,urban/rural,Education,sector_state,1,Punjab,NA,NA,NA,NA,1,0,0,0,0,0,NA,NA,NA,NA,NA,NA,NA,NA
1120,0,0,0,0,0,0,2011,State,urban/rural,Education,sector_state,1,Punjab,NA,NA,NA,NA,NA,NA,NA,NA,NA,NA,NA,NA,NA,NA,NA,NA,NA,NA
1121,0,0,0.523289697,0,0,0.523289697,2011,State,urban/rural,Education,sector_state,1,Chandigarh,NA,NA,NA,NA,0,0,0,0,0,1,NA,NA,NA,NA,NA,NA,NA,NA
1122,0,0.059285982,0.482007767,0,0.059285982,0.482007767,2011,State,urban/rural,Education,sector_state,1,Chandigarh,NA,NA,NA,NA,0,0,0,0,1,0,NA,NA,NA,NA,NA,NA,NA,NA
1123,0.050703142,0.289171993,0.82352133,0.051205569,0.289171993,0.82352133,2011,State,urban/rural,Education,sector_state,1,Chandigarh,NA,NA,NA,NA,0,0,0,1,0,0,NA,NA,NA,NA,NA,NA,NA,NA
1124,0.230239412,0.544106881,0.917239792,0.302782733,0.517368614,0.917239792,2011,State,urban/rural,Education,sector_state,1,Chandigarh,NA,NA,NA,NA,0,0,1,0,0,0,NA,NA,NA,NA,NA,NA,NA,NA
1125,0,0.506295762,0.990257511,0.241506855,0.481868485,0.990257511,2011,State,urban/rural,Education,sector_state,1,Chandigarh,NA,NA,NA,NA,0,1,0,0,0,0,NA,NA,NA,NA,NA,NA,NA,NA
1126,0.170281077,0.652424522,0.97335522,0.314587112,0.645925236,0.97335522,2011,State,urban/rural,Education,sector_state,1,Chandigarh,NA,NA,NA,NA,1,0,0,0,0,0,NA,NA,NA,NA,NA,NA,NA,NA
1127,0,0.110385794,0.423964722,0,0.098737081,0.423964722,2011,State,urban/rural,Education,sector_state,1,Uttrakhand,NA,NA,NA,NA,0,0,0,0,0,1,NA,NA,NA,NA,NA,NA,NA,NA
1128,0,0.062925965,0.627086524,0,0.058142799,0.639152505,2011,State,urban/rural,Education,sector_state,1,Uttrakhand,NA,NA,NA,NA,0,0,0,0,1,0,NA,NA,NA,NA,NA,NA,NA,NA
1129,0.070213619,0.36460027,0.886568279,0.112472374,0.239597683,0.886568279,2011,State,urban/rural,Education,sector_state,1,Uttrakhand,NA,NA,NA,NA,0,0,0,1,0,0,NA,NA,NA,NA,NA,NA,NA,NA
1130,0.058271149,0.537929473,0.961174188,0.175549673,0.49656268,0.961174188,2011,State,urban/rural,Education,sector_state,1,Uttrakhand,NA,NA,NA,NA,0,0,1,0,0,0,NA,NA,NA,NA,NA,NA,NA,NA
1131,0.031587783,0.42002489,0.990455612,0.04156627,0.416298078,0.99167837,2011,State,urban/rural,Education,sector_state,1,Uttrakhand,NA,NA,NA,NA,0,1,0,0,0,0,NA,NA,NA,NA,NA,NA,NA,NA
1132,0.189224557,0.8268055,0.995936827,0.336017096,0.807119302,0.995936827,2011,State,urban/rural,Education,sector_state,1,Uttrakhand,NA,NA,NA,NA,1,0,0,0,0,0,NA,NA,NA,NA,NA,NA,NA,NA
1133,0,0,0.159773238,0,0,0.161562344,2011,State,urban/rural,Education,sector_state,1,Haryana,NA,NA,NA,NA,0,0,0,0,0,1,NA,NA,NA,NA,NA,NA,NA,NA
1134,0.015753842,0.080276271,0.497000514,0.041390939,0.076652757,0.497000514,2011,State,urban/rural,Education,sector_state,1,Haryana,NA,NA,NA,NA,0,0,0,0,1,0,NA,NA,NA,NA,NA,NA,NA,NA
1135,0.007620735,0.20075683,0.813048642,0.018474595,0.157917303,0.813048642,2011,State,urban/rural,Education,sector_state,1,Haryana,NA,NA,NA,NA,0,0,0,1,0,0,NA,NA,NA,NA,NA,NA,NA,NA
1136,0.154321436,0.336139052,0.94124053,0.207951458,0.336139052,0.94124053,2011,State,urban/rural,Education,sector_state,1,Haryana,NA,NA,NA,NA,0,0,1,0,0,0,NA,NA,NA,NA,NA,NA,NA,NA
1137,0.248508645,0.564401779,0.953321301,0.327434961,0.523547936,0.953321301,2011,State,urban/rural,Education,sector_state,1,Haryana,NA,NA,NA,NA,0,1,0,0,0,0,NA,NA,NA,NA,NA,NA,NA,NA
1138,0.127116181,0.643552701,0.938544564,0.17462524,0.563028251,0.938544564,2011,State,urban/rural,Education,sector_state,1,Haryana,NA,NA,NA,NA,1,0,0,0,0,0,NA,NA,NA,NA,NA,NA,NA,NA
1139,0,0.077727372,0.327698292,0,0.077727372,0.327698292,2011,State,urban/rural,Education,sector_state,1,Delhi,NA,NA,NA,NA,0,0,0,0,0,1,NA,NA,NA,NA,NA,NA,NA,NA
1140,0,0.084635292,0.4776258,0.013462285,0.075281216,0.477886305,2011,State,urban/rural,Education,sector_state,1,Delhi,NA,NA,NA,NA,0,0,0,0,1,0,NA,NA,NA,NA,NA,NA,NA,NA
1141,0.015216969,0.234302498,0.802523938,0.043691619,0.178176838,0.810228342,2011,State,urban/rural,Education,sector_state,1,Delhi,NA,NA,NA,NA,0,0,0,1,0,0,NA,NA,NA,NA,NA,NA,NA,NA
1142,0.041007881,0.424394416,0.967557183,0.092869369,0.384920458,0.967557183,2011,State,urban/rural,Education,sector_state,1,Delhi,NA,NA,NA,NA,0,0,1,0,0,0,NA,NA,NA,NA,NA,NA,NA,NA
1143,0.007046768,0.594444961,0.921210778,0.169367924,0.516725226,0.921210778,2011,State,urban/rural,Education,sector_state,1,Delhi,NA,NA,NA,NA,0,1,0,0,0,0,NA,NA,NA,NA,NA,NA,NA,NA
1144,0.162649772,0.667339286,0.951297451,0.331340213,0.607483758,0.951297451,2011,State,urban/rural,Education,sector_state,1,Delhi,NA,NA,NA,NA,1,0,0,0,0,0,NA,NA,NA,NA,NA,NA,NA,NA
1145,0.004371803,0.113084772,0.506220914,0.004982276,0.075846689,0.510841044,2011,State,urban/rural,Education,sector_state,1,Rajasthan,NA,NA,NA,NA,0,0,0,0,0,1,NA,NA,NA,NA,NA,NA,NA,NA
1146,0.003642691,0.133761016,0.643669309,0.014232299,0.12323838,0.646196625,2011,State,urban/rural,Education,sector_state,1,Rajasthan,NA,NA,NA,NA,0,0,0,0,1,0,NA,NA,NA,NA,NA,NA,NA,NA
1147,0.025322133,0.276251789,0.810034032,0.071850237,0.256444426,0.810034032,2011,State,urban/rural,Education,sector_state,1,Rajasthan,NA,NA,NA,NA,0,0,0,1,0,0,NA,NA,NA,NA,NA,NA,NA,NA
1148,0.048194626,0.530993386,0.926664134,0.139348652,0.493942149,0.926664134,2011,State,urban/rural,Education,sector_state,1,Rajasthan,NA,NA,NA,NA,0,0,1,0,0,0,NA,NA,NA,NA,NA,NA,NA,NA
1149,0.097004165,0.605646699,0.930144424,0.209894885,0.528889109,0.930144424,2011,State,urban/rural,Education,sector_state,1,Rajasthan,NA,NA,NA,NA,0,1,0,0,0,0,NA,NA,NA,NA,NA,NA,NA,NA
1150,0.173076977,0.64234778,0.981217428,0.247040313,0.583423148,0.981217428,2011,State,urban/rural,Education,sector_state,1,Rajasthan,NA,NA,NA,NA,1,0,0,0,0,0,NA,NA,NA,NA,NA,NA,NA,NA
1151,0.013064712,0.208112818,0.455434164,0.020826956,0.174860187,0.455434164,2011,State,urban/rural,Education,sector_state,1,Uttar Pradesh,NA,NA,NA,NA,0,0,0,0,0,1,NA,NA,NA,NA,NA,NA,NA,NA
1152,0.006863336,0.192537003,0.610575074,0.05048353,0.176523832,0.610575074,2011,State,urban/rural,Education,sector_state,1,Uttar Pradesh,NA,NA,NA,NA,0,0,0,0,1,0,NA,NA,NA,NA,NA,NA,NA,NA
1153,0.105408747,0.470257386,0.88155617,0.180187625,0.416375154,0.881789132,2011,State,urban/rural,Education,sector_state,1,Uttar Pradesh,NA,NA,NA,NA,0,0,0,1,0,0,NA,NA,NA,NA,NA,NA,NA,NA
1154,0.18869983,0.710400961,0.962880946,0.334539274,0.677716074,0.962955602,2011,State,urban/rural,Education,sector_state,1,Uttar Pradesh,NA,NA,NA,NA,0,0,1,0,0,0,NA,NA,NA,NA,NA,NA,NA,NA
1155,0.309287041,0.790946365,0.996662742,0.451309161,0.774805329,0.996662742,2011,State,urban/rural,Education,sector_state,1,Uttar Pradesh,NA,NA,NA,NA,0,1,0,0,0,0,NA,NA,NA,NA,NA,NA,NA,NA
1156,0.398418509,0.855887731,0.986895965,0.566309324,0.820977881,0.986895965,2011,State,urban/rural,Education,sector_state,1,Uttar Pradesh,NA,NA,NA,NA,1,0,0,0,0,0,NA,NA,NA,NA,NA,NA,NA,NA
1157,0.000941173,0.312658502,0.830459613,0.098841244,0.220347722,0.830459613,2011,State,urban/rural,Education,sector_state,1,Bihar,NA,NA,NA,NA,0,0,0,0,0,1,NA,NA,NA,NA,NA,NA,NA,NA
1158,0.125378097,0.421334688,0.917651054,0.201115044,0.394596071,0.917887993,2011,State,urban/rural,Education,sector_state,1,Bihar,NA,NA,NA,NA,0,0,0,0,1,0,NA,NA,NA,NA,NA,NA,NA,NA
1159,0.145084081,0.591416379,0.932934782,0.244876465,0.566095009,0.932934782,2011,State,urban/rural,Education,sector_state,1,Bihar,NA,NA,NA,NA,0,0,0,1,0,0,NA,NA,NA,NA,NA,NA,NA,NA
1160,0.298832325,0.843182745,0.996494923,0.551422821,0.799707121,0.996494923,2011,State,urban/rural,Education,sector_state,1,Bihar,NA,NA,NA,NA,0,0,1,0,0,0,NA,NA,NA,NA,NA,NA,NA,NA
1161,0.290141944,0.791962599,0.994511594,0.385357956,0.773508693,0.994511594,2011,State,urban/rural,Education,sector_state,1,Bihar,NA,NA,NA,NA,0,1,0,0,0,0,NA,NA,NA,NA,NA,NA,NA,NA
1162,0.418425515,0.90616246,0.996078684,0.54085005,0.896799914,0.996078684,2011,State,urban/rural,Education,sector_state,1,Bihar,NA,NA,NA,NA,1,0,0,0,0,0,NA,NA,NA,NA,NA,NA,NA,NA
1163,0,0.028920229,1,0,0.028920229,1,2011,State,urban/rural,Education,sector_state,1,Sikkim,NA,NA,NA,NA,0,0,0,0,0,1,NA,NA,NA,NA,NA,NA,NA,NA
1164,0,0.002231899,0.627017434,0.002231899,0.002231899,0.627017434,2011,State,urban/rural,Education,sector_state,1,Sikkim,NA,NA,NA,NA,0,0,0,0,1,0,NA,NA,NA,NA,NA,NA,NA,NA
1165,0.040044638,0.317099288,0.969066234,0.041648562,0.275754791,0.969066234,2011,State,urban/rural,Education,sector_state,1,Sikkim,NA,NA,NA,NA,0,0,0,1,0,0,NA,NA,NA,NA,NA,NA,NA,NA
1166,0.005659115,0.271550474,0.998302266,0.029043834,0.269745846,0.998302266,2011,State,urban/rural,Education,sector_state,1,Sikkim,NA,NA,NA,NA,0,0,1,0,0,0,NA,NA,NA,NA,NA,NA,NA,NA
1167,0.026497981,0.655105205,1,0.165822599,0.577877728,1,2011,State,urban/rural,Education,sector_state,1,Sikkim,NA,NA,NA,NA,0,1,0,0,0,0,NA,NA,NA,NA,NA,NA,NA,NA
1168,0.162761226,0.817354451,0.993835991,0.219158971,0.590395496,0.993835991,2011,State,urban/rural,Education,sector_state,1,Sikkim,NA,NA,NA,NA,1,0,0,0,0,0,NA,NA,NA,NA,NA,NA,NA,NA
1169,0,0,0.479932801,0,0,0.479932801,2011,State,urban/rural,Education,sector_state,1,Arunachal Pradesh,NA,NA,NA,NA,0,0,0,0,0,1,NA,NA,NA,NA,NA,NA,NA,NA
1170,0.016082917,0.185762363,0.637768915,0.034073002,0.17398426,0.643740911,2011,State,urban/rural,Education,sector_state,1,Arunachal Pradesh,NA,NA,NA,NA,0,0,0,0,1,0,NA,NA,NA,NA,NA,NA,NA,NA
1171,0.12148041,0.322447211,0.777175848,0.137090994,0.290004375,0.779779372,2011,State,urban/rural,Education,sector_state,1,Arunachal Pradesh,NA,NA,NA,NA,0,0,0,1,0,0,NA,NA,NA,NA,NA,NA,NA,NA
1172,0.327108812,0.658784212,0.858942864,0.439114813,0.622263998,0.858942864,2011,State,urban/rural,Education,sector_state,1,Arunachal Pradesh,NA,NA,NA,NA,0,0,1,0,0,0,NA,NA,NA,NA,NA,NA,NA,NA
1173,0.169924593,0.670100316,0.947481653,0.290910567,0.668709102,0.947481653,2011,State,urban/rural,Education,sector_state,1,Arunachal Pradesh,NA,NA,NA,NA,0,1,0,0,0,0,NA,NA,NA,NA,NA,NA,NA,NA
1174,0.417301332,0.73207835,0.901771861,0.522422112,0.724456127,0.901771861,2011,State,urban/rural,Education,sector_state,1,Arunachal Pradesh,NA,NA,NA,NA,1,0,0,0,0,0,NA,NA,NA,NA,NA,NA,NA,NA
1175,0,0,0.735885799,0,0,0.735885799,2011,State,urban/rural,Education,sector_state,1,Nagaland,NA,NA,NA,NA,0,0,0,0,0,1,NA,NA,NA,NA,NA,NA,NA,NA
1176,0,0.17493085,0.888375054,0.04494588,0.116305922,0.888375054,2011,State,urban/rural,Education,sector_state,1,Nagaland,NA,NA,NA,NA,0,0,0,0,1,0,NA,NA,NA,NA,NA,NA,NA,NA
1177,0.141937658,0.49398475,0.936787916,0.210664199,0.470248465,0.936787916,2011,State,urban/rural,Education,sector_state,1,Nagaland,NA,NA,NA,NA,0,0,0,1,0,0,NA,NA,NA,NA,NA,NA,NA,NA
1178,0.270787984,0.727345581,1,0.436450315,0.714597965,1,2011,State,urban/rural,Education,sector_state,1,Nagaland,NA,NA,NA,NA,0,0,1,0,0,0,NA,NA,NA,NA,NA,NA,NA,NA
1179,0.226627106,0.572699492,1,0.458809076,0.557269313,1,2011,State,urban/rural,Education,sector_state,1,Nagaland,NA,NA,NA,NA,0,1,0,0,0,0,NA,NA,NA,NA,NA,NA,NA,NA
1180,0.168560482,0.872120977,1,0.448122461,0.821381014,1,2011,State,urban/rural,Education,sector_state,1,Nagaland,NA,NA,NA,NA,1,0,0,0,0,0,NA,NA,NA,NA,NA,NA,NA,NA
1181,0.045095686,0.423220749,0.949746212,0.138997271,0.374987972,0.949746212,2011,State,urban/rural,Education,sector_state,1,Manipur,NA,NA,NA,NA,0,0,0,0,0,1,NA,NA,NA,NA,NA,NA,NA,NA
1182,0.216382355,0.777588757,0.98326132,0.413416071,0.730203088,0.98326132,2011,State,urban/rural,Education,sector_state,1,Manipur,NA,NA,NA,NA,0,0,0,0,1,0,NA,NA,NA,NA,NA,NA,NA,NA
1183,0.399076542,0.881118337,0.996357642,0.590713425,0.863700592,0.996357642,2011,State,urban/rural,Education,sector_state,1,Manipur,NA,NA,NA,NA,0,0,0,1,0,0,NA,NA,NA,NA,NA,NA,NA,NA
1184,0.477141556,0.915899337,1,0.703142602,0.900834718,1,2011,State,urban/rural,Education,sector_state,1,Manipur,NA,NA,NA,NA,0,0,1,0,0,0,NA,NA,NA,NA,NA,NA,NA,NA
1185,0.445205955,0.939355331,1,0.667430175,0.91519489,1,2011,State,urban/rural,Education,sector_state,1,Manipur,NA,NA,NA,NA,0,1,0,0,0,0,NA,NA,NA,NA,NA,NA,NA,NA
1186,0.46478089,0.944752204,0.999576556,0.678437401,0.905524291,0.999576556,2011,State,urban/rural,Education,sector_state,1,Manipur,NA,NA,NA,NA,1,0,0,0,0,0,NA,NA,NA,NA,NA,NA,NA,NA
1187,0,0,0.447538661,0,0,0.447538661,2011,State,urban/rural,Education,sector_state,1,Mizoram,NA,NA,NA,NA,0,0,0,0,0,1,NA,NA,NA,NA,NA,NA,NA,NA
1188,0.006093286,0.094653598,0.694628838,0.028259167,0.068241761,0.694628838,2011,State,urban/rural,Education,sector_state,1,Mizoram,NA,NA,NA,NA,0,0,0,0,1,0,NA,NA,NA,NA,NA,NA,NA,NA
1189,0.009882966,0.171782647,0.83801688,0.019887006,0.154961495,0.840636399,2011,State,urban/rural,Education,sector_state,1,Mizoram,NA,NA,NA,NA,0,0,0,1,0,0,NA,NA,NA,NA,NA,NA,NA,NA
1190,0.052227557,0.392830204,0.90714153,0.108235071,0.34438392,0.90714153,2011,State,urban/rural,Education,sector_state,1,Mizoram,NA,NA,NA,NA,0,0,1,0,0,0,NA,NA,NA,NA,NA,NA,NA,NA
1191,0.022702841,0.469053771,0.929736345,0.181635837,0.387441503,0.929736345,2011,State,urban/rural,Education,sector_state,1,Mizoram,NA,NA,NA,NA,0,1,0,0,0,0,NA,NA,NA,NA,NA,NA,NA,NA
1192,0.079444983,0.717459803,0.949510361,0.242451336,0.672978741,0.949510361,2011,State,urban/rural,Education,sector_state,1,Mizoram,NA,NA,NA,NA,1,0,0,0,0,0,NA,NA,NA,NA,NA,NA,NA,NA
1193,0,0,0.559572854,0,0,0.559572854,2011,State,urban/rural,Education,sector_state,1,Tripura,NA,NA,NA,NA,0,0,0,0,0,1,NA,NA,NA,NA,NA,NA,NA,NA
1194,0,0.192054321,0.651662817,0,0.177226368,0.651662817,2011,State,urban/rural,Education,sector_state,1,Tripura,NA,NA,NA,NA,0,0,0,0,1,0,NA,NA,NA,NA,NA,NA,NA,NA
1195,0,0.141035288,0.706966963,0.030290093,0.141035288,0.706966963,2011,State,urban/rural,Education,sector_state,1,Tripura,NA,NA,NA,NA,0,0,0,1,0,0,NA,NA,NA,NA,NA,NA,NA,NA
1196,0.018638683,0.444634375,0.956687844,0.037847738,0.37530916,0.956687844,2011,State,urban/rural,Education,sector_state,1,Tripura,NA,NA,NA,NA,0,0,1,0,0,0,NA,NA,NA,NA,NA,NA,NA,NA
1197,0.094710831,0.685212113,0.964357688,0.193819247,0.647859373,0.964357688,2011,State,urban/rural,Education,sector_state,1,Tripura,NA,NA,NA,NA,0,1,0,0,0,0,NA,NA,NA,NA,NA,NA,NA,NA
1198,0.09299199,0.833265923,0.985513484,0.28819725,0.820964475,0.985513484,2011,State,urban/rural,Education,sector_state,1,Tripura,NA,NA,NA,NA,1,0,0,0,0,0,NA,NA,NA,NA,NA,NA,NA,NA
1199,0,0,0.553016474,0,0,0.553016474,2011,State,urban/rural,Education,sector_state,1,Meghalaya,NA,NA,NA,NA,0,0,0,0,0,1,NA,NA,NA,NA,NA,NA,NA,NA
1200,0,0.119176165,0.778756865,0.007172518,0.078905853,0.778756865,2011,State,urban/rural,Education,sector_state,1,Meghalaya,NA,NA,NA,NA,0,0,0,0,1,0,NA,NA,NA,NA,NA,NA,NA,NA
1201,0.062669347,0.333223412,0.968585033,0.088909346,0.294629066,0.968585033,2011,State,urban/rural,Education,sector_state,1,Meghalaya,NA,NA,NA,NA,0,0,0,1,0,0,NA,NA,NA,NA,NA,NA,NA,NA
1202,0.158600096,0.501014521,0.970531292,0.224598452,0.457711305,0.970531292,2011,State,urban/rural,Education,sector_state,1,Meghalaya,NA,NA,NA,NA,0,0,1,0,0,0,NA,NA,NA,NA,NA,NA,NA,NA
1203,0.184747841,0.586807418,0.998279718,0.231666096,0.498278932,0.998279718,2011,State,urban/rural,Education,sector_state,1,Meghalaya,NA,NA,NA,NA,0,1,0,0,0,0,NA,NA,NA,NA,NA,NA,NA,NA
1204,0.13642382,0.678164652,0.980643104,0.27716023,0.678164652,0.980643104,2011,State,urban/rural,Education,sector_state,1,Meghalaya,NA,NA,NA,NA,1,0,0,0,0,0,NA,NA,NA,NA,NA,NA,NA,NA
1205,0,0,1,0,0,1,2011,State,urban/rural,Education,sector_state,1,Meghalaya,NA,NA,NA,NA,NA,NA,NA,NA,NA,NA,NA,NA,NA,NA,NA,NA,NA,NA
1206,0,0.21304689,0.715835507,0,0.21304689,0.715835507,2011,State,urban/rural,Education,sector_state,1,Assam,NA,NA,NA,NA,0,0,0,0,0,1,NA,NA,NA,NA,NA,NA,NA,NA
1207,0.034834404,0.204186718,0.722731187,0.046883377,0.196223074,0.723424023,2011,State,urban/rural,Education,sector_state,1,Assam,NA,NA,NA,NA,0,0,0,0,1,0,NA,NA,NA,NA,NA,NA,NA,NA
1208,0.038260649,0.346909824,0.825128979,0.082231887,0.315459822,0.825128979,2011,State,urban/rural,Education,sector_state,1,Assam,NA,NA,NA,NA,0,0,0,1,0,0,NA,NA,NA,NA,NA,NA,NA,NA
1209,0.157841483,0.542582536,0.941837745,0.299190812,0.525350306,0.941837745,2011,State,urban/rural,Education,sector_state,1,Assam,NA,NA,NA,NA,0,0,1,0,0,0,NA,NA,NA,NA,NA,NA,NA,NA
1210,0.411365309,0.778152668,0.995590274,0.588490077,0.764900001,0.995590274,2011,State,urban/rural,Education,sector_state,1,Assam,NA,NA,NA,NA,0,1,0,0,0,0,NA,NA,NA,NA,NA,NA,NA,NA
1211,0.362596609,0.769844278,0.991277995,0.492084823,0.754758164,0.991277995,2011,State,urban/rural,Education,sector_state,1,Assam,NA,NA,NA,NA,1,0,0,0,0,0,NA,NA,NA,NA,NA,NA,NA,NA
1212,0,0.021802006,0.231684758,0,0.015257555,0.231684758,2011,State,urban/rural,Education,sector_state,1,West Bengal,NA,NA,NA,NA,0,0,0,0,0,1,NA,NA,NA,NA,NA,NA,NA,NA
1213,0.009679195,0.078218781,0.463987772,0.011881349,0.055845263,0.463987772,2011,State,urban/rural,Education,sector_state,1,West Bengal,NA,NA,NA,NA,0,0,0,0,1,0,NA,NA,NA,NA,NA,NA,NA,NA
1214,0.046360498,0.256194723,0.713301545,0.065513802,0.235432444,0.713301545,2011,State,urban/rural,Education,sector_state,1,West Bengal,NA,NA,NA,NA,0,0,0,1,0,0,NA,NA,NA,NA,NA,NA,NA,NA
1215,0.129878008,0.450478828,0.899813937,0.215429358,0.415297466,0.900288485,2011,State,urban/rural,Education,sector_state,1,West Bengal,NA,NA,NA,NA,0,0,1,0,0,0,NA,NA,NA,NA,NA,NA,NA,NA
1216,0.140711266,0.525103823,0.934438985,0.195673066,0.505727644,0.934438985,2011,State,urban/rural,Education,sector_state,1,West Bengal,NA,NA,NA,NA,0,1,0,0,0,0,NA,NA,NA,NA,NA,NA,NA,NA
1217,0.287779212,0.731814494,0.958388823,0.433855124,0.708941495,0.958388823,2011,State,urban/rural,Education,sector_state,1,West Bengal,NA,NA,NA,NA,1,0,0,0,0,0,NA,NA,NA,NA,NA,NA,NA,NA
1218,0,0,0,0,0,0,2011,State,urban/rural,Education,sector_state,1,West Bengal,NA,NA,NA,NA,NA,NA,NA,NA,NA,NA,NA,NA,NA,NA,NA,NA,NA,NA
1219,0,0.008077314,0.591033977,0.000301467,0.008077314,0.591033977,2011,State,urban/rural,Education,sector_state,1,Jharkhand,NA,NA,NA,NA,0,0,0,0,0,1,NA,NA,NA,NA,NA,NA,NA,NA
1220,0.024169509,0.170316962,0.753580801,0.049472988,0.130331617,0.753580801,2011,State,urban/rural,Education,sector_state,1,Jharkhand,NA,NA,NA,NA,0,0,0,0,1,0,NA,NA,NA,NA,NA,NA,NA,NA
1221,0.129063489,0.44640217,0.931389724,0.160456549,0.403994479,0.931389724,2011,State,urban/rural,Education,sector_state,1,Jharkhand,NA,NA,NA,NA,0,0,0,1,0,0,NA,NA,NA,NA,NA,NA,NA,NA
1222,0.159290304,0.666705733,0.988677354,0.362561386,0.650513555,0.988677354,2011,State,urban/rural,Education,sector_state,1,Jharkhand,NA,NA,NA,NA,0,0,1,0,0,0,NA,NA,NA,NA,NA,NA,NA,NA
1223,0.330554333,0.696782966,0.976298467,0.495158413,0.685171476,0.976298467,2011,State,urban/rural,Education,sector_state,1,Jharkhand,NA,NA,NA,NA,0,1,0,0,0,0,NA,NA,NA,NA,NA,NA,NA,NA
1224,0.342732715,0.739910702,0.995396092,0.492759618,0.684726075,0.995396092,2011,State,urban/rural,Education,sector_state,1,Jharkhand,NA,NA,NA,NA,1,0,0,0,0,0,NA,NA,NA,NA,NA,NA,NA,NA
1225,0,0.175468385,0.463896627,0,0.143799687,0.463896627,2011,State,urban/rural,Education,sector_state,1,Odisha,NA,NA,NA,NA,0,0,0,0,0,1,NA,NA,NA,NA,NA,NA,NA,NA
1226,0.031179251,0.22591516,0.676844193,0.054927162,0.189549823,0.677320052,2011,State,urban/rural,Education,sector_state,1,Odisha,NA,NA,NA,NA,0,0,0,0,1,0,NA,NA,NA,NA,NA,NA,NA,NA
1227,0.131546015,0.561187343,0.871592859,0.162421117,0.459892627,0.871592859,2011,State,urban/rural,Education,sector_state,1,Odisha,NA,NA,NA,NA,0,0,0,1,0,0,NA,NA,NA,NA,NA,NA,NA,NA
1228,0.142564898,0.568175456,0.947065733,0.166237249,0.557559889,0.947065733,2011,State,urban/rural,Education,sector_state,1,Odisha,NA,NA,NA,NA,0,0,1,0,0,0,NA,NA,NA,NA,NA,NA,NA,NA
1229,0.322965701,0.699201719,0.972535284,0.358735765,0.624550952,0.972535284,2011,State,urban/rural,Education,sector_state,1,Odisha,NA,NA,NA,NA,0,1,0,0,0,0,NA,NA,NA,NA,NA,NA,NA,NA
1230,0.315796511,0.8777124,0.986730737,0.476358722,0.856070205,0.986730737,2011,State,urban/rural,Education,sector_state,1,Odisha,NA,NA,NA,NA,1,0,0,0,0,0,NA,NA,NA,NA,NA,NA,NA,NA
1231,0,0.125873788,0.538889947,0.098109477,0.098109477,0.538889947,2011,State,urban/rural,Education,sector_state,1,Chhattisgarh,NA,NA,NA,NA,0,0,0,0,0,1,NA,NA,NA,NA,NA,NA,NA,NA
1232,0.006418449,0.231720955,0.669656908,0.01431062,0.213510503,0.669656908,2011,State,urban/rural,Education,sector_state,1,Chhattisgarh,NA,NA,NA,NA,0,0,0,0,1,0,NA,NA,NA,NA,NA,NA,NA,NA
1233,0.171059924,0.433167236,0.857587374,0.198479378,0.414671494,0.857587374,2011,State,urban/rural,Education,sector_state,1,Chhattisgarh,NA,NA,NA,NA,0,0,0,1,0,0,NA,NA,NA,NA,NA,NA,NA,NA
1234,0.17687481,0.606064411,0.936636242,0.285131369,0.599459052,0.936636242,2011,State,urban/rural,Education,sector_state,1,Chhattisgarh,NA,NA,NA,NA,0,0,1,0,0,0,NA,NA,NA,NA,NA,NA,NA,NA
1235,0.323292407,0.835264153,0.997835339,0.524672441,0.835264153,0.997835339,2011,State,urban/rural,Education,sector_state,1,Chhattisgarh,NA,NA,NA,NA,0,1,0,0,0,0,NA,NA,NA,NA,NA,NA,NA,NA
1236,0.314487503,0.829327559,0.9941848,0.481265409,0.809993763,0.9941848,2011,State,urban/rural,Education,sector_state,1,Chhattisgarh,NA,NA,NA,NA,1,0,0,0,0,0,NA,NA,NA,NA,NA,NA,NA,NA
1237,0.022917617,0.171369928,0.533366548,0.030415349,0.116990042,0.533366548,2011,State,urban/rural,Education,sector_state,1,Madhya Pradesh,NA,NA,NA,NA,0,0,0,0,0,1,NA,NA,NA,NA,NA,NA,NA,NA
1238,0.034762318,0.292945938,0.693093096,0.073431572,0.264480065,0.693093096,2011,State,urban/rural,Education,sector_state,1,Madhya Pradesh,NA,NA,NA,NA,0,0,0,0,1,0,NA,NA,NA,NA,NA,NA,NA,NA
1239,0.105801694,0.48145135,0.875767436,0.19095031,0.427143222,0.875819904,2011,State,urban/rural,Education,sector_state,1,Madhya Pradesh,NA,NA,NA,NA,0,0,0,1,0,0,NA,NA,NA,NA,NA,NA,NA,NA
1240,0.212345527,0.706915347,0.95994727,0.3178603,0.683044697,0.965892383,2011,State,urban/rural,Education,sector_state,1,Madhya Pradesh,NA,NA,NA,NA,0,0,1,0,0,0,NA,NA,NA,NA,NA,NA,NA,NA
1241,0.213645484,0.663946048,0.971754772,0.311572459,0.598370933,0.971754772,2011,State,urban/rural,Education,sector_state,1,Madhya Pradesh,NA,NA,NA,NA,0,1,0,0,0,0,NA,NA,NA,NA,NA,NA,NA,NA
1242,0.457343738,0.832928283,0.994778608,0.551330858,0.811637755,0.994778608,2011,State,urban/rural,Education,sector_state,1,Madhya Pradesh,NA,NA,NA,NA,1,0,0,0,0,0,NA,NA,NA,NA,NA,NA,NA,NA
1243,0,0.057538196,0.057538196,0.057538196,0.057538196,0.057538196,2011,State,urban/rural,Education,sector_state,1,Madhya Pradesh,NA,NA,NA,NA,NA,NA,NA,NA,NA,NA,NA,NA,NA,NA,NA,NA,NA,NA
1244,0,0.075725389,0.628680417,0,0.075725389,0.628680417,2011,State,urban/rural,Education,sector_state,1,Gujarat,NA,NA,NA,NA,0,0,0,0,0,1,NA,NA,NA,NA,NA,NA,NA,NA
1245,0.006812324,0.158574787,0.6594316,0.010794481,0.130492662,0.6594316,2011,State,urban/rural,Education,sector_state,1,Gujarat,NA,NA,NA,NA,0,0,0,0,1,0,NA,NA,NA,NA,NA,NA,NA,NA
1246,0.041077564,0.323451104,0.890215115,0.102679361,0.282951257,0.890215115,2011,State,urban/rural,Education,sector_state,1,Gujarat,NA,NA,NA,NA,0,0,0,1,0,0,NA,NA,NA,NA,NA,NA,NA,NA
1247,0.102542004,0.46100625,0.936510345,0.157009251,0.35117693,0.936510345,2011,State,urban/rural,Education,sector_state,1,Gujarat,NA,NA,NA,NA,0,0,1,0,0,0,NA,NA,NA,NA,NA,NA,NA,NA
1248,0.092062885,0.557567076,0.986116344,0.254074896,0.49612081,0.986116344,2011,State,urban/rural,Education,sector_state,1,Gujarat,NA,NA,NA,NA,0,1,0,0,0,0,NA,NA,NA,NA,NA,NA,NA,NA
1249,0.231831832,0.695491641,0.993408575,0.373782738,0.680254362,0.993408575,2011,State,urban/rural,Education,sector_state,1,Gujarat,NA,NA,NA,NA,1,0,0,0,0,0,NA,NA,NA,NA,NA,NA,NA,NA
1250,0,0,0.341204317,0,0,0.341204317,2011,State,urban/rural,Education,sector_state,1,Daman & Diu & D & N Haveli,NA,NA,NA,NA,0,0,0,0,0,1,NA,NA,NA,NA,NA,NA,NA,NA
1251,0,0.211936223,0.565141646,0,0.0243235,0.565141646,2011,State,urban/rural,Education,sector_state,1,Daman & Diu & D & N Haveli,NA,NA,NA,NA,0,0,0,0,1,0,NA,NA,NA,NA,NA,NA,NA,NA
1252,0.048909065,0.478046606,0.980998885,0.048909065,0.369745736,0.980998885,2011,State,urban/rural,Education,sector_state,1,Daman & Diu & D & N Haveli,NA,NA,NA,NA,0,0,0,1,0,0,NA,NA,NA,NA,NA,NA,NA,NA
1253,0.120842753,0.499821527,1,0.123867738,0.479767604,1,2011,State,urban/rural,Education,sector_state,1,Daman & Diu & D & N Haveli,NA,NA,NA,NA,0,0,1,0,0,0,NA,NA,NA,NA,NA,NA,NA,NA
1254,0.074452388,0.353119824,0.962993214,0.328029321,0.334787082,0.962993214,2011,State,urban/rural,Education,sector_state,1,Daman & Diu & D & N Haveli,NA,NA,NA,NA,0,1,0,0,0,0,NA,NA,NA,NA,NA,NA,NA,NA
1255,0.216647595,0.526530872,0.953804326,0.228449409,0.521248155,0.953804326,2011,State,urban/rural,Education,sector_state,1,Daman & Diu & D & N Haveli,NA,NA,NA,NA,1,0,0,0,0,0,NA,NA,NA,NA,NA,NA,NA,NA
1256,0.002084902,0.093234129,0.459389081,0.002084902,0.085605479,0.459389081,2011,State,urban/rural,Education,sector_state,1,Maharashtra,NA,NA,NA,NA,0,0,0,0,0,1,NA,NA,NA,NA,NA,NA,NA,NA
1257,0.004739644,0.145192927,0.582719292,0.011544338,0.118081592,0.583864924,2011,State,urban/rural,Education,sector_state,1,Maharashtra,NA,NA,NA,NA,0,0,0,0,1,0,NA,NA,NA,NA,NA,NA,NA,NA
1258,0.038312971,0.323322467,0.827069045,0.073724937,0.264969032,0.827790083,2011,State,urban/rural,Education,sector_state,1,Maharashtra,NA,NA,NA,NA,0,0,0,1,0,0,NA,NA,NA,NA,NA,NA,NA,NA
1259,0.081621901,0.50389999,0.950652918,0.127622482,0.446492195,0.951282157,2011,State,urban/rural,Education,sector_state,1,Maharashtra,NA,NA,NA,NA,0,0,1,0,0,0,NA,NA,NA,NA,NA,NA,NA,NA
1260,0.070438163,0.501857541,0.944150457,0.159191966,0.484969055,0.944150457,2011,State,urban/rural,Education,sector_state,1,Maharashtra,NA,NA,NA,NA,0,1,0,0,0,0,NA,NA,NA,NA,NA,NA,NA,NA
1261,0.142880844,0.622724501,0.953757492,0.252267545,0.569971597,0.954520326,2011,State,urban/rural,Education,sector_state,1,Maharashtra,NA,NA,NA,NA,1,0,0,0,0,0,NA,NA,NA,NA,NA,NA,NA,NA
1262,0.002792685,0.072918314,0.46366,0.014748345,0.049962622,0.536298839,2011,State,urban/rural,Education,sector_state,1,Andhra Pradesh,NA,NA,NA,NA,0,0,0,0,0,1,NA,NA,NA,NA,NA,NA,NA,NA
1263,0.000442103,0.084266972,0.498616331,0.000884205,0.073986007,0.498616331,2011,State,urban/rural,Education,sector_state,1,Andhra Pradesh,NA,NA,NA,NA,0,0,0,0,1,0,NA,NA,NA,NA,NA,NA,NA,NA
1264,0.025213406,0.273058428,0.734362635,0.050954748,0.249633942,0.735013408,2011,State,urban/rural,Education,sector_state,1,Andhra Pradesh,NA,NA,NA,NA,0,0,0,1,0,0,NA,NA,NA,NA,NA,NA,NA,NA
1265,0.029107935,0.374974514,0.945535799,0.081022621,0.317456841,0.945535799,2011,State,urban/rural,Education,sector_state,1,Andhra Pradesh,NA,NA,NA,NA,0,0,1,0,0,0,NA,NA,NA,NA,NA,NA,NA,NA
1266,0.043696788,0.464745415,0.900857739,0.151782733,0.390081616,0.900857739,2011,State,urban/rural,Education,sector_state,1,Andhra Pradesh,NA,NA,NA,NA,0,1,0,0,0,0,NA,NA,NA,NA,NA,NA,NA,NA
1267,0.076254786,0.588019674,0.95206868,0.196291446,0.524366697,0.95206868,2011,State,urban/rural,Education,sector_state,1,Andhra Pradesh,NA,NA,NA,NA,1,0,0,0,0,0,NA,NA,NA,NA,NA,NA,NA,NA
1268,0.003100867,0.088638977,0.285082546,0.042093916,0.077799197,0.285082546,2011,State,urban/rural,Education,sector_state,1,Karnataka,NA,NA,NA,NA,0,0,0,0,0,1,NA,NA,NA,NA,NA,NA,NA,NA
1269,0.001021933,0.120637134,0.521268107,0.016708237,0.108891116,0.527457635,2011,State,urban/rural,Education,sector_state,1,Karnataka,NA,NA,NA,NA,0,0,0,0,1,0,NA,NA,NA,NA,NA,NA,NA,NA
1270,0.043321292,0.295748195,0.795849643,0.077578623,0.269676607,0.801618363,2011,State,urban/rural,Education,sector_state,1,Karnataka,NA,NA,NA,NA,0,0,0,1,0,0,NA,NA,NA,NA,NA,NA,NA,NA
1271,0.0429469,0.462630336,0.88468677,0.10309753,0.415863882,0.886039588,2011,State,urban/rural,Education,sector_state,1,Karnataka,NA,NA,NA,NA,0,0,1,0,0,0,NA,NA,NA,NA,NA,NA,NA,NA
1272,0.104885303,0.528393338,0.871781098,0.258611793,0.524089258,0.871781098,2011,State,urban/rural,Education,sector_state,1,Karnataka,NA,NA,NA,NA,0,1,0,0,0,0,NA,NA,NA,NA,NA,NA,NA,NA
1273,0.194650198,0.679512743,0.969994418,0.313556321,0.646208649,0.969994418,2011,State,urban/rural,Education,sector_state,1,Karnataka,NA,NA,NA,NA,1,0,0,0,0,0,NA,NA,NA,NA,NA,NA,NA,NA
1274,0,0,0.226915725,0,0,0.226915725,2011,State,urban/rural,Education,sector_state,1,Goa,NA,NA,NA,NA,0,0,0,0,0,1,NA,NA,NA,NA,NA,NA,NA,NA
1275,0,0.084783113,0.485419613,0,0.073470029,0.485419613,2011,State,urban/rural,Education,sector_state,1,Goa,NA,NA,NA,NA,0,0,0,0,1,0,NA,NA,NA,NA,NA,NA,NA,NA
1276,0.002645845,0.154711958,0.722918009,0.028701716,0.130901326,0.722918009,2011,State,urban/rural,Education,sector_state,1,Goa,NA,NA,NA,NA,0,0,0,1,0,0,NA,NA,NA,NA,NA,NA,NA,NA
1277,0.080483415,0.413122927,0.941802394,0.124471347,0.263037728,0.941802394,2011,State,urban/rural,Education,sector_state,1,Goa,NA,NA,NA,NA,0,0,1,0,0,0,NA,NA,NA,NA,NA,NA,NA,NA
1278,0.125200422,0.247356025,0.876508868,0.125200422,0.246952551,0.876508868,2011,State,urban/rural,Education,sector_state,1,Goa,NA,NA,NA,NA,0,1,0,0,0,0,NA,NA,NA,NA,NA,NA,NA,NA
1279,0.012007038,0.473963174,0.904652334,0.012007038,0.418875181,0.904652334,2011,State,urban/rural,Education,sector_state,1,Goa,NA,NA,NA,NA,1,0,0,0,0,0,NA,NA,NA,NA,NA,NA,NA,NA
1280,0,0,0.473684211,0,0,0.473684211,2011,State,urban/rural,Education,sector_state,1,Lakshadweep,NA,NA,NA,NA,0,0,0,0,0,1,NA,NA,NA,NA,NA,NA,NA,NA
1281,0,0,0.24375527,0,0,0.24375527,2011,State,urban/rural,Education,sector_state,1,Lakshadweep,NA,NA,NA,NA,0,0,0,0,1,0,NA,NA,NA,NA,NA,NA,NA,NA
1282,0,0.109604963,0.542158105,0,0.109604963,0.542158105,2011,State,urban/rural,Education,sector_state,1,Lakshadweep,NA,NA,NA,NA,0,0,0,1,0,0,NA,NA,NA,NA,NA,NA,NA,NA
1283,0,0.183144776,0.745287881,0,0.183144776,0.745287881,2011,State,urban/rural,Education,sector_state,1,Lakshadweep,NA,NA,NA,NA,0,0,1,0,0,0,NA,NA,NA,NA,NA,NA,NA,NA
1284,0,0.073382277,0.460334502,0,0.073382277,0.460334502,2011,State,urban/rural,Education,sector_state,1,Lakshadweep,NA,NA,NA,NA,0,1,0,0,0,0,NA,NA,NA,NA,NA,NA,NA,NA
1285,0,0.222923345,0.796420162,0,0.132763237,0.796420162,2011,State,urban/rural,Education,sector_state,1,Lakshadweep,NA,NA,NA,NA,1,0,0,0,0,0,NA,NA,NA,NA,NA,NA,NA,NA
1286,0,0,0.127250357,0,0,0.127250357,2011,State,urban/rural,Education,sector_state,1,Kerala,NA,NA,NA,NA,0,0,0,0,0,1,NA,NA,NA,NA,NA,NA,NA,NA
1287,0.007232227,0.053306284,0.396738395,0.014732635,0.039967694,0.396738395,2011,State,urban/rural,Education,sector_state,1,Kerala,NA,NA,NA,NA,0,0,0,0,1,0,NA,NA,NA,NA,NA,NA,NA,NA
1288,0.018824882,0.166147982,0.674146468,0.018824882,0.135821326,0.679279055,2011,State,urban/rural,Education,sector_state,1,Kerala,NA,NA,NA,NA,0,0,0,1,0,0,NA,NA,NA,NA,NA,NA,NA,NA
1289,0.024230189,0.292402785,0.809446057,0.048717896,0.233917191,0.811876944,2011,State,urban/rural,Education,sector_state,1,Kerala,NA,NA,NA,NA,0,0,1,0,0,0,NA,NA,NA,NA,NA,NA,NA,NA
1290,0.062770077,0.418250795,0.88676295,0.088370423,0.369454787,0.88676295,2011,State,urban/rural,Education,sector_state,1,Kerala,NA,NA,NA,NA,0,1,0,0,0,0,NA,NA,NA,NA,NA,NA,NA,NA
1291,0.062701726,0.464173153,0.908696642,0.164328594,0.426658253,0.908696642,2011,State,urban/rural,Education,sector_state,1,Kerala,NA,NA,NA,NA,1,0,0,0,0,0,NA,NA,NA,NA,NA,NA,NA,NA
1292,0.000559009,0.049996741,0.399771062,0.016933629,0.03960632,0.412442253,2011,State,urban/rural,Education,sector_state,1,Tamil Nadu,NA,NA,NA,NA,0,0,0,0,0,1,NA,NA,NA,NA,NA,NA,NA,NA
1293,0.002044981,0.079071182,0.562947493,0.004086356,0.068036752,0.571802799,2011,State,urban/rural,Education,sector_state,1,Tamil Nadu,NA,NA,NA,NA,0,0,0,0,1,0,NA,NA,NA,NA,NA,NA,NA,NA
1294,0.01049263,0.224157896,0.820507079,0.026236723,0.187629782,0.820507079,2011,State,urban/rural,Education,sector_state,1,Tamil Nadu,NA,NA,NA,NA,0,0,0,1,0,0,NA,NA,NA,NA,NA,NA,NA,NA
1295,0.059840307,0.37164694,0.917201711,0.095983443,0.326693742,0.917367841,2011,State,urban/rural,Education,sector_state,1,Tamil Nadu,NA,NA,NA,NA,0,0,1,0,0,0,NA,NA,NA,NA,NA,NA,NA,NA
1296,0.010283695,0.430407798,0.927018922,0.061615089,0.374408582,0.927018922,2011,State,urban/rural,Education,sector_state,1,Tamil Nadu,NA,NA,NA,NA,0,1,0,0,0,0,NA,NA,NA,NA,NA,NA,NA,NA
1297,0.06945688,0.541267847,0.953277356,0.136951744,0.491551653,0.953277356,2011,State,urban/rural,Education,sector_state,1,Tamil Nadu,NA,NA,NA,NA,1,0,0,0,0,0,NA,NA,NA,NA,NA,NA,NA,NA
1298,0,0,0.510727231,0,0,0.510727231,2011,State,urban/rural,Education,sector_state,1,Puducherry,NA,NA,NA,NA,0,0,0,0,0,1,NA,NA,NA,NA,NA,NA,NA,NA
1299,0.007156431,0.033522229,0.471105435,0.007156431,0.033522229,0.471105435,2011,State,urban/rural,Education,sector_state,1,Puducherry,NA,NA,NA,NA,0,0,0,0,1,0,NA,NA,NA,NA,NA,NA,NA,NA
1300,0,0.065394685,0.691106283,0,0.051688631,0.691106283,2011,State,urban/rural,Education,sector_state,1,Puducherry,NA,NA,NA,NA,0,0,0,1,0,0,NA,NA,NA,NA,NA,NA,NA,NA
1301,0.006806497,0.153515778,0.720594161,0.019009039,0.120818949,0.720594161,2011,State,urban/rural,Education,sector_state,1,Puducherry,NA,NA,NA,NA,0,0,1,0,0,0,NA,NA,NA,NA,NA,NA,NA,NA
1302,0,0.268022477,0.872685669,0.062339526,0.195799718,0.872685669,2011,State,urban/rural,Education,sector_state,1,Puducherry,NA,NA,NA,NA,0,1,0,0,0,0,NA,NA,NA,NA,NA,NA,NA,NA
1303,0.019763173,0.281643134,0.895585467,0.05138171,0.25191739,0.895585467,2011,State,urban/rural,Education,sector_state,1,Puducherry,NA,NA,NA,NA,1,0,0,0,0,0,NA,NA,NA,NA,NA,NA,NA,NA
1304,0,0,0,0,0,0,2011,State,urban/rural,Education,sector_state,1,A & N Island,NA,NA,NA,NA,0,0,0,0,0,1,NA,NA,NA,NA,NA,NA,NA,NA
1305,0,0,0.151737366,0,0,0.151737366,2011,State,urban/rural,Education,sector_state,1,A & N Island,NA,NA,NA,NA,0,0,0,0,1,0,NA,NA,NA,NA,NA,NA,NA,NA
1306,0,0.001757446,0.379975684,0,0.001757446,0.379975684,2011,State,urban/rural,Education,sector_state,1,A & N Island,NA,NA,NA,NA,0,0,0,1,0,0,NA,NA,NA,NA,NA,NA,NA,NA
1307,0,0.080396559,0.499964108,0,0,0.499964108,2011,State,urban/rural,Education,sector_state,1,A & N Island,NA,NA,NA,NA,0,0,1,0,0,0,NA,NA,NA,NA,NA,NA,NA,NA
1308,0,0,0.64335992,0,0,0.670806758,2011,State,urban/rural,Education,sector_state,1,A & N Island,NA,NA,NA,NA,0,1,0,0,0,0,NA,NA,NA,NA,NA,NA,NA,NA
1309,0,0.032936935,0.620051141,0,0.028674849,0.620051141,2011,State,urban/rural,Education,sector_state,1,A & N Island,NA,NA,NA,NA,1,0,0,0,0,0,NA,NA,NA,NA,NA,NA,NA,NA
1310,0,0.035794233,0.37999845,0.00541246,0.035794233,0.388671542,2011,State,urban/rural,Education,sector_state,1,Telangana,NA,NA,NA,NA,0,0,0,0,0,1,NA,NA,NA,NA,NA,NA,NA,NA
1311,0.003031097,0.090861354,0.6291265,0.018691389,0.077427137,0.630901156,2011,State,urban/rural,Education,sector_state,1,Telangana,NA,NA,NA,NA,0,0,0,0,1,0,NA,NA,NA,NA,NA,NA,NA,NA
1312,0.030116206,0.265864014,0.828247669,0.055271602,0.16763674,0.832390974,2011,State,urban/rural,Education,sector_state,1,Telangana,NA,NA,NA,NA,0,0,0,1,0,0,NA,NA,NA,NA,NA,NA,NA,NA
1313,0.062972775,0.548540508,0.980260307,0.101396825,0.472334307,0.980260307,2011,State,urban/rural,Education,sector_state,1,Telangana,NA,NA,NA,NA,0,0,1,0,0,0,NA,NA,NA,NA,NA,NA,NA,NA
1314,0.034679972,0.227170917,0.543664042,0.143845367,0.226438427,0.554358039,2011,State,urban/rural,Education,sector_state,1,Telangana,NA,NA,NA,NA,0,1,0,0,0,0,NA,NA,NA,NA,NA,NA,NA,NA
1315,0.096216617,0.500575644,0.987681803,0.143025943,0.458518417,0.987681803,2011,State,urban/rural,Education,sector_state,1,Telangana,NA,NA,NA,NA,1,0,0,0,0,0,NA,NA,NA,NA,NA,NA,NA,NA
1316,0,0,0,0,0,0,2011,State,urban/rural,Education,sector_state,1,Ladakh,NA,NA,NA,NA,0,0,0,0,0,1,NA,NA,NA,NA,NA,NA,NA,NA
1317,0,0,0.433662967,0,0,0.433662967,2011,State,urban/rural,Education,sector_state,1,Ladakh,NA,NA,NA,NA,0,0,0,0,1,0,NA,NA,NA,NA,NA,NA,NA,NA
1318,0,0,0.73435212,0,0,0.73435212,2011,State,urban/rural,Education,sector_state,1,Ladakh,NA,NA,NA,NA,0,0,0,1,0,0,NA,NA,NA,NA,NA,NA,NA,NA
1319,0,0,0.940643775,0,0,0.940643775,2011,State,urban/rural,Education,sector_state,1,Ladakh,NA,NA,NA,NA,0,0,1,0,0,0,NA,NA,NA,NA,NA,NA,NA,NA
1320,0,0.488745941,0.488745941,0.488745941,0.488745941,0.488745941,2011,State,urban/rural,Education,sector_state,1,Ladakh,NA,NA,NA,NA,0,1,0,0,0,0,NA,NA,NA,NA,NA,NA,NA,NA
1321,0,0.602403803,0.966496414,0,0.316347387,0.966496414,2011,State,urban/rural,Education,sector_state,1,Ladakh,NA,NA,NA,NA,1,0,0,0,0,0,NA,NA,NA,NA,NA,NA,NA,NA
1322,0.154891648,0.57807461,0.906060842,0.267291943,0.537370455,0.906192984,2011,National,All,Gender,allindia,99,India,NA,NA,NA,NA,NA,NA,NA,NA,NA,NA,0,1,NA,NA,NA,NA,NA,NA
1323,0.162844491,0.621238602,0.926047655,0.271621751,0.580516958,0.926616293,2011,National,All,Gender,allindia,99,India,NA,NA,NA,NA,NA,NA,NA,NA,NA,NA,1,0,NA,NA,NA,NA,NA,NA
1324,0.175274666,0.634483497,0.941937739,0.303431539,0.591789817,0.942111364,2011,National,urban/rural,Gender,sect_allindia,0,India,NA,NA,NA,NA,NA,NA,NA,NA,NA,NA,0,1,NA,NA,NA,NA,NA,NA
1325,0.185103651,0.695682265,0.962033969,0.310667093,0.653899445,0.962365613,2011,National,urban/rural,Gender,sect_allindia,0,India,NA,NA,NA,NA,NA,NA,NA,NA,NA,NA,1,0,NA,NA,NA,NA,NA,NA
1326,0.106921724,0.445320471,0.821627221,0.182240079,0.409298515,0.821661734,2011,National,urban/rural,Gender,sect_allindia,1,India,NA,NA,NA,NA,NA,NA,NA,NA,NA,NA,0,1,NA,NA,NA,NA,NA,NA
1327,0.106853179,0.433980929,0.835526675,0.173406005,0.395928596,0.836691451,2011,National,urban/rural,Gender,sect_allindia,1,India,NA,NA,NA,NA,NA,NA,NA,NA,NA,NA,1,0,NA,NA,NA,NA,NA,NA
1328,0.012715743,0.247741626,0.778217079,0.049147301,0.184474371,0.778217079,2011,State,All,Gender,state,99,Jammu & Kashmir,NA,NA,NA,NA,NA,NA,NA,NA,NA,NA,0,1,NA,NA,NA,NA,NA,NA
1329,0.033630164,0.366934623,0.896748734,0.071612145,0.311212999,0.897221499,2011,State,All,Gender,state,99,Jammu & Kashmir,NA,NA,NA,NA,NA,NA,NA,NA,NA,NA,1,0,NA,NA,NA,NA,NA,NA
1330,0.016652865,0.276316081,0.796362644,0.046174858,0.256237213,0.796992309,2011,State,All,Gender,state,99,Himachal Pradesh,NA,NA,NA,NA,NA,NA,NA,NA,NA,NA,0,1,NA,NA,NA,NA,NA,NA
1331,0.027923766,0.324027615,0.869099135,0.048971103,0.281664028,0.870813797,2011,State,All,Gender,state,99,Himachal Pradesh,NA,NA,NA,NA,NA,NA,NA,NA,NA,NA,1,0,NA,NA,NA,NA,NA,NA
1332,0.04752793,0.288634066,0.773289634,0.089231661,0.254588594,0.773289634,2011,State,All,Gender,state,99,Punjab,NA,NA,NA,NA,NA,NA,NA,NA,NA,NA,0,1,NA,NA,NA,NA,NA,NA
1333,0.05018486,0.39151326,0.862202909,0.092324917,0.348754251,0.862611649,2011,State,All,Gender,state,99,Punjab,NA,NA,NA,NA,NA,NA,NA,NA,NA,NA,1,0,NA,NA,NA,NA,NA,NA
1334,0,0.316415136,0.937870074,0.170193778,0.316415136,0.937870074,2011,State,All,Gender,state,99,Chandigarh,NA,NA,NA,NA,NA,NA,NA,NA,NA,NA,0,1,NA,NA,NA,NA,NA,NA
1335,0.090302019,0.389323324,0.798428494,0.151404066,0.381960987,0.798428494,2011,State,All,Gender,state,99,Chandigarh,NA,NA,NA,NA,NA,NA,NA,NA,NA,NA,1,0,NA,NA,NA,NA,NA,NA
1336,0.018449483,0.403772918,0.897099829,0.044940271,0.380239967,0.897384327,2011,State,All,Gender,state,99,Uttrakhand,NA,NA,NA,NA,NA,NA,NA,NA,NA,NA,0,1,NA,NA,NA,NA,NA,NA
1337,0.04780348,0.483284066,0.908125146,0.089503503,0.441740053,0.909294183,2011,State,All,Gender,state,99,Uttrakhand,NA,NA,NA,NA,NA,NA,NA,NA,NA,NA,1,0,NA,NA,NA,NA,NA,NA
1338,0.039162001,0.372613948,0.848123436,0.148797673,0.344410051,0.848123436,2011,State,All,Gender,state,99,Haryana,NA,NA,NA,NA,NA,NA,NA,NA,NA,NA,0,1,NA,NA,NA,NA,NA,NA
1339,0.063358585,0.378014733,0.841678449,0.104602301,0.330756491,0.841724919,2011,State,All,Gender,state,99,Haryana,NA,NA,NA,NA,NA,NA,NA,NA,NA,NA,1,0,NA,NA,NA,NA,NA,NA
1340,0.056950114,0.350533296,0.690393912,0.073681791,0.227888565,0.690393912,2011,State,All,Gender,state,99,Delhi,NA,NA,NA,NA,NA,NA,NA,NA,NA,NA,0,1,NA,NA,NA,NA,NA,NA
1341,0.042478085,0.329932787,0.778343917,0.105000165,0.296444457,0.780870777,2011,State,All,Gender,state,99,Delhi,NA,NA,NA,NA,NA,NA,NA,NA,NA,NA,1,0,NA,NA,NA,NA,NA,NA
1342,0.133615365,0.544450705,0.926342391,0.276754475,0.502205939,0.926342391,2011,State,All,Gender,state,99,Rajasthan,NA,NA,NA,NA,NA,NA,NA,NA,NA,NA,0,1,NA,NA,NA,NA,NA,NA
1343,0.10383893,0.585015566,0.936817967,0.198512583,0.538811676,0.937550814,2011,State,All,Gender,state,99,Rajasthan,NA,NA,NA,NA,NA,NA,NA,NA,NA,NA,1,0,NA,NA,NA,NA,NA,NA
1344,0.308250629,0.721025104,0.950189167,0.458805826,0.693561713,0.950189167,2011,State,All,Gender,state,99,Uttar Pradesh,NA,NA,NA,NA,NA,NA,NA,NA,NA,NA,0,1,NA,NA,NA,NA,NA,NA
1345,0.271455021,0.771387695,0.960375659,0.417113837,0.740527638,0.960460561,2011,State,All,Gender,state,99,Uttar Pradesh,NA,NA,NA,NA,NA,NA,NA,NA,NA,NA,1,0,NA,NA,NA,NA,NA,NA
1346,0.27213045,0.876566892,0.977048044,0.511752607,0.825579425,0.977048044,2011,State,All,Gender,state,99,Bihar,NA,NA,NA,NA,NA,NA,NA,NA,NA,NA,0,1,NA,NA,NA,NA,NA,NA
1347,0.236822155,0.814413906,0.989869244,0.399105368,0.776926833,0.989906595,2011,State,All,Gender,state,99,Bihar,NA,NA,NA,NA,NA,NA,NA,NA,NA,NA,1,0,NA,NA,NA,NA,NA,NA
1348,0.009790382,0.558636327,0.974569821,0.019857772,0.53586621,0.974569821,2011,State,All,Gender,state,99,Sikkim,NA,NA,NA,NA,NA,NA,NA,NA,NA,NA,0,1,NA,NA,NA,NA,NA,NA
1349,0.029537934,0.647450252,0.970389005,0.118565141,0.578613221,0.970389005,2011,State,All,Gender,state,99,Sikkim,NA,NA,NA,NA,NA,NA,NA,NA,NA,NA,1,0,NA,NA,NA,NA,NA,NA
1350,0.23742355,0.624213885,0.862281818,0.330591137,0.614157718,0.862281818,2011,State,All,Gender,state,99,Arunachal Pradesh,NA,NA,NA,NA,NA,NA,NA,NA,NA,NA,0,1,NA,NA,NA,NA,NA,NA
1351,0.268295924,0.586935982,0.859201244,0.362003018,0.569516023,0.859661535,2011,State,All,Gender,state,99,Arunachal Pradesh,NA,NA,NA,NA,NA,NA,NA,NA,NA,NA,1,0,NA,NA,NA,NA,NA,NA
1352,0,0.469829639,0.869872306,0.051188138,0.270058277,0.869872306,2011,State,All,Gender,state,99,Nagaland,NA,NA,NA,NA,NA,NA,NA,NA,NA,NA,0,1,NA,NA,NA,NA,NA,NA
1353,0.079845352,0.535981422,0.949990272,0.167173455,0.48601607,0.950204445,2011,State,All,Gender,state,99,Nagaland,NA,NA,NA,NA,NA,NA,NA,NA,NA,NA,1,0,NA,NA,NA,NA,NA,NA
1354,0.374102618,0.884034564,0.994851549,0.519979172,0.832481073,0.994851549,2011,State,All,Gender,state,99,Manipur,NA,NA,NA,NA,NA,NA,NA,NA,NA,NA,0,1,NA,NA,NA,NA,NA,NA
1355,0.358678199,0.837626363,0.989743018,0.53582293,0.813344462,0.990085798,2011,State,All,Gender,state,99,Manipur,NA,NA,NA,NA,NA,NA,NA,NA,NA,NA,1,0,NA,NA,NA,NA,NA,NA
1356,0.014310755,0.333068639,0.863157124,0.043352674,0.295944688,0.863157124,2011,State,All,Gender,state,99,Mizoram,NA,NA,NA,NA,NA,NA,NA,NA,NA,NA,0,1,NA,NA,NA,NA,NA,NA
1357,0.060530597,0.468806651,0.90934249,0.136451587,0.412515863,0.909708951,2011,State,All,Gender,state,99,Mizoram,NA,NA,NA,NA,NA,NA,NA,NA,NA,NA,1,0,NA,NA,NA,NA,NA,NA
1358,0.086499525,0.485453856,0.883642902,0.212396069,0.45256187,0.883642902,2011,State,All,Gender,state,99,Tripura,NA,NA,NA,NA,NA,NA,NA,NA,NA,NA,0,1,NA,NA,NA,NA,NA,NA
1359,0.072995753,0.622350778,0.95849812,0.16386321,0.559718322,0.958898658,2011,State,All,Gender,state,99,Tripura,NA,NA,NA,NA,NA,NA,NA,NA,NA,NA,1,0,NA,NA,NA,NA,NA,NA
1360,0.071319413,0.551851158,0.965045361,0.153046074,0.522207411,0.965045361,2011,State,All,Gender,state,99,Meghalaya,NA,NA,NA,NA,NA,NA,NA,NA,NA,NA,0,1,NA,NA,NA,NA,NA,NA
1361,0.082689158,0.65248621,0.966945736,0.183408183,0.615255398,0.967693697,2011,State,All,Gender,state,99,Meghalaya,NA,NA,NA,NA,NA,NA,NA,NA,NA,NA,1,0,NA,NA,NA,NA,NA,NA
1362,0.192817667,0.741378937,0.975807225,0.346882432,0.680370329,0.975807225,2011,State,All,Gender,state,99,Assam,NA,NA,NA,NA,NA,NA,NA,NA,NA,NA,0,1,NA,NA,NA,NA,NA,NA
1363,0.227032981,0.756484504,0.971264787,0.374183426,0.722450572,0.971939092,2011,State,All,Gender,state,99,Assam,NA,NA,NA,NA,NA,NA,NA,NA,NA,NA,1,0,NA,NA,NA,NA,NA,NA
1364,0.164791073,0.658167944,0.931666628,0.285973556,0.618067068,0.931666628,2011,State,All,Gender,state,99,West Bengal,NA,NA,NA,NA,NA,NA,NA,NA,NA,NA,0,1,NA,NA,NA,NA,NA,NA
1365,0.18024609,0.665548102,0.92248548,0.302430552,0.625590481,0.922575883,2011,State,All,Gender,state,99,West Bengal,NA,NA,NA,NA,NA,NA,NA,NA,NA,NA,1,0,NA,NA,NA,NA,NA,NA
1366,0.400597621,0.783745033,0.987238434,0.559935884,0.756583655,0.987238434,2011,State,All,Gender,state,99,Jharkhand,NA,NA,NA,NA,NA,NA,NA,NA,NA,NA,0,1,NA,NA,NA,NA,NA,NA
1367,0.266536412,0.802610493,0.971168762,0.447103842,0.77424992,0.971291266,2011,State,All,Gender,state,99,Jharkhand,NA,NA,NA,NA,NA,NA,NA,NA,NA,NA,1,0,NA,NA,NA,NA,NA,NA
1368,0.16148693,0.690967631,0.976763486,0.324644325,0.627513523,0.976763486,2011,State,All,Gender,state,99,Odisha,NA,NA,NA,NA,NA,NA,NA,NA,NA,NA,0,1,NA,NA,NA,NA,NA,NA
1369,0.274906173,0.7981316,0.971475446,0.44596951,0.765467855,0.971489407,2011,State,All,Gender,state,99,Odisha,NA,NA,NA,NA,NA,NA,NA,NA,NA,NA,1,0,NA,NA,NA,NA,NA,NA
1370,0.239205651,0.761396362,0.943589323,0.409053746,0.752841389,0.944352565,2011,State,All,Gender,state,99,Chhattisgarh,NA,NA,NA,NA,NA,NA,NA,NA,NA,NA,0,1,NA,NA,NA,NA,NA,NA
1371,0.246727487,0.776452902,0.961825821,0.372671868,0.740929138,0.963229775,2011,State,All,Gender,state,99,Chhattisgarh,NA,NA,NA,NA,NA,NA,NA,NA,NA,NA,1,0,NA,NA,NA,NA,NA,NA
1372,0.235668202,0.696943304,0.9602027,0.382530022,0.646495343,0.961202676,2011,State,All,Gender,state,99,Madhya Pradesh,NA,NA,NA,NA,NA,NA,NA,NA,NA,NA,0,1,NA,NA,NA,NA,NA,NA
1373,0.294924774,0.753374983,0.952078602,0.43481876,0.721105195,0.952315359,2011,State,All,Gender,state,99,Madhya Pradesh,NA,NA,NA,NA,NA,NA,NA,NA,NA,NA,1,0,NA,NA,NA,NA,NA,NA
1374,0.159302484,0.585621743,0.95262864,0.209342084,0.562764508,0.95262864,2011,State,All,Gender,state,99,Gujarat,NA,NA,NA,NA,NA,NA,NA,NA,NA,NA,0,1,NA,NA,NA,NA,NA,NA
1375,0.164623654,0.609703508,0.950768172,0.283437606,0.577630191,0.950769561,2011,State,All,Gender,state,99,Gujarat,NA,NA,NA,NA,NA,NA,NA,NA,NA,NA,1,0,NA,NA,NA,NA,NA,NA
1376,0.300545987,0.369564684,0.939071301,0.300545987,0.369564684,0.939071301,2011,State,All,Gender,state,99,Daman & Diu & D & N Haveli,NA,NA,NA,NA,NA,NA,NA,NA,NA,NA,0,1,NA,NA,NA,NA,NA,NA
1377,0.224304891,0.633291643,0.906340849,0.277980738,0.561627297,0.906340849,2011,State,All,Gender,state,99,Daman & Diu & D & N Haveli,NA,NA,NA,NA,NA,NA,NA,NA,NA,NA,1,0,NA,NA,NA,NA,NA,NA
1378,0.090306836,0.537262542,0.886699737,0.163972702,0.496650989,0.886699737,2011,State,All,Gender,state,99,Maharashtra,NA,NA,NA,NA,NA,NA,NA,NA,NA,NA,0,1,NA,NA,NA,NA,NA,NA
1379,0.093704923,0.549149792,0.901658337,0.176013592,0.500724794,0.902019141,2011,State,All,Gender,state,99,Maharashtra,NA,NA,NA,NA,NA,NA,NA,NA,NA,NA,1,0,NA,NA,NA,NA,NA,NA
1380,0.090327005,0.532176574,0.917154153,0.195757319,0.470848618,0.917154153,2011,State,All,Gender,state,99,Andhra Pradesh,NA,NA,NA,NA,NA,NA,NA,NA,NA,NA,0,1,NA,NA,NA,NA,NA,NA
1381,0.044718362,0.452081166,0.904625511,0.11745909,0.38560172,0.906401012,2011,State,All,Gender,state,99,Andhra Pradesh,NA,NA,NA,NA,NA,NA,NA,NA,NA,NA,1,0,NA,NA,NA,NA,NA,NA
1382,0.067808058,0.534743967,0.870749335,0.177813552,0.500082987,0.870749335,2011,State,All,Gender,state,99,Karnataka,NA,NA,NA,NA,NA,NA,NA,NA,NA,NA,0,1,NA,NA,NA,NA,NA,NA
1383,0.055631232,0.500947724,0.888783599,0.125824756,0.449799107,0.890556787,2011,State,All,Gender,state,99,Karnataka,NA,NA,NA,NA,NA,NA,NA,NA,NA,NA,1,0,NA,NA,NA,NA,NA,NA
1384,0.019202546,0.318681652,0.854203839,0.041263362,0.304848566,0.854203839,2011,State,All,Gender,state,99,Goa,NA,NA,NA,NA,NA,NA,NA,NA,NA,NA,0,1,NA,NA,NA,NA,NA,NA
1385,0.041993605,0.271505573,0.814179063,0.051912461,0.248494282,0.816568566,2011,State,All,Gender,state,99,Goa,NA,NA,NA,NA,NA,NA,NA,NA,NA,NA,1,0,NA,NA,NA,NA,NA,NA
1386,0,0.110435683,0.762592396,0,0.080261227,0.762592396,2011,State,All,Gender,state,99,Lakshadweep,NA,NA,NA,NA,NA,NA,NA,NA,NA,NA,0,1,NA,NA,NA,NA,NA,NA
1387,0,0.090892094,0.597432231,0,0.071951067,0.597432231,2011,State,All,Gender,state,99,Lakshadweep,NA,NA,NA,NA,NA,NA,NA,NA,NA,NA,1,0,NA,NA,NA,NA,NA,NA
1388,0.037317072,0.336290763,0.773291384,0.099665557,0.305711483,0.773464438,2011,State,All,Gender,state,99,Kerala,NA,NA,NA,NA,NA,NA,NA,NA,NA,NA,0,1,NA,NA,NA,NA,NA,NA
1389,0.02499214,0.28032815,0.794940814,0.049279419,0.236183236,0.795898491,2011,State,All,Gender,state,99,Kerala,NA,NA,NA,NA,NA,NA,NA,NA,NA,NA,1,0,NA,NA,NA,NA,NA,NA
1390,0.079142503,0.385403586,0.874424931,0.121015747,0.317414816,0.875269213,2011,State,All,Gender,state,99,Tamil Nadu,NA,NA,NA,NA,NA,NA,NA,NA,NA,NA,0,1,NA,NA,NA,NA,NA,NA
1391,0.046813444,0.391836509,0.864875637,0.100551764,0.347541222,0.866664097,2011,State,All,Gender,state,99,Tamil Nadu,NA,NA,NA,NA,NA,NA,NA,NA,NA,NA,1,0,NA,NA,NA,NA,NA,NA
1392,0,0.245419889,0.81303841,0.009370467,0.163011199,0.81303841,2011,State,All,Gender,state,99,Puducherry,NA,NA,NA,NA,NA,NA,NA,NA,NA,NA,0,1,NA,NA,NA,NA,NA,NA
1393,0.00604618,0.198930873,0.785064236,0.031439373,0.149307661,0.785064236,2011,State,All,Gender,state,99,Puducherry,NA,NA,NA,NA,NA,NA,NA,NA,NA,NA,1,0,NA,NA,NA,NA,NA,NA
1394,0,0.056373658,0.712127173,0,0.056373658,0.712127173,2011,State,All,Gender,state,99,A & N Island,NA,NA,NA,NA,NA,NA,NA,NA,NA,NA,0,1,NA,NA,NA,NA,NA,NA
1395,0,0.063813231,0.611951677,0.003720808,0.030336651,0.613548658,2011,State,All,Gender,state,99,A & N Island,NA,NA,NA,NA,NA,NA,NA,NA,NA,NA,1,0,NA,NA,NA,NA,NA,NA
1396,0.055837792,0.547750148,0.938872603,0.131043803,0.522718492,0.938872603,2011,State,All,Gender,state,99,Telangana,NA,NA,NA,NA,NA,NA,NA,NA,NA,NA,0,1,NA,NA,NA,NA,NA,NA
1397,0.033186009,0.419115837,0.887991282,0.079045521,0.358333905,0.889333143,2011,State,All,Gender,state,99,Telangana,NA,NA,NA,NA,NA,NA,NA,NA,NA,NA,1,0,NA,NA,NA,NA,NA,NA
1398,0,0.584709198,0.840546701,0,0.507089181,0.840546701,2011,State,All,Gender,state,99,Ladakh,NA,NA,NA,NA,NA,NA,NA,NA,NA,NA,0,1,NA,NA,NA,NA,NA,NA
1399,0,0.273090116,0.898488152,0.003044204,0.151806858,0.898488152,2011,State,All,Gender,state,99,Ladakh,NA,NA,NA,NA,NA,NA,NA,NA,NA,NA,1,0,NA,NA,NA,NA,NA,NA
1400,0.016691333,0.290934614,0.819437462,0.058339284,0.210619773,0.819437462,2011,State,urban/rural,Gender,sector_state,0,Jammu & Kashmir,NA,NA,NA,NA,NA,NA,NA,NA,NA,NA,0,1,NA,NA,NA,NA,NA,NA
1401,0.035868955,0.392569327,0.926976033,0.072594746,0.328706972,0.927245943,2011,State,urban/rural,Gender,sector_state,0,Jammu & Kashmir,NA,NA,NA,NA,NA,NA,NA,NA,NA,NA,1,0,NA,NA,NA,NA,NA,NA
1402,0.017878776,0.285175684,0.83278029,0.048916311,0.263320678,0.83278029,2011,State,urban/rural,Gender,sector_state,0,Himachal Pradesh,NA,NA,NA,NA,NA,NA,NA,NA,NA,NA,0,1,NA,NA,NA,NA,NA,NA
1403,0.028976378,0.34106017,0.885919403,0.049754909,0.298161583,0.887851052,2011,State,urban/rural,Gender,sector_state,0,Himachal Pradesh,NA,NA,NA,NA,NA,NA,NA,NA,NA,NA,1,0,NA,NA,NA,NA,NA,NA
1404,0.025460303,0.248773867,0.790133281,0.071334656,0.231589469,0.790133281,2011,State,urban/rural,Gender,sector_state,0,Punjab,NA,NA,NA,NA,NA,NA,NA,NA,NA,NA,0,1,NA,NA,NA,NA,NA,NA
1405,0.038481729,0.403237636,0.882655244,0.086892488,0.358912737,0.883301472,2011,State,urban/rural,Gender,sector_state,0,Punjab,NA,NA,NA,NA,NA,NA,NA,NA,NA,NA,1,0,NA,NA,NA,NA,NA,NA
1406,0,0.489533544,0.900744307,0,0.489533544,0.900744307,2011,State,urban/rural,Gender,sector_state,0,Chandigarh,NA,NA,NA,NA,NA,NA,NA,NA,NA,NA,0,1,NA,NA,NA,NA,NA,NA
1407,0,0.370620641,0.809117243,0.065820246,0.370620641,0.809117243,2011,State,urban/rural,Gender,sector_state,0,Chandigarh,NA,NA,NA,NA,NA,NA,NA,NA,NA,NA,1,0,NA,NA,NA,NA,NA,NA
1408,0.01681954,0.428174882,0.922025366,0.024102386,0.399486964,0.922025366,2011,State,urban/rural,Gender,sector_state,0,Uttrakhand,NA,NA,NA,NA,NA,NA,NA,NA,NA,NA,0,1,NA,NA,NA,NA,NA,NA
1409,0.033649616,0.492191573,0.923817891,0.067685072,0.455411144,0.924735197,2011,State,urban/rural,Gender,sector_state,0,Uttrakhand,NA,NA,NA,NA,NA,NA,NA,NA,NA,NA,1,0,NA,NA,NA,NA,NA,NA
1410,0.028718775,0.372340771,0.887296956,0.164037529,0.341125737,0.887296956,2011,State,urban/rural,Gender,sector_state,0,Haryana,NA,NA,NA,NA,NA,NA,NA,NA,NA,NA,0,1,NA,NA,NA,NA,NA,NA
1411,0.062934376,0.420229396,0.885811176,0.109884329,0.367731934,0.885811176,2011,State,urban/rural,Gender,sector_state,0,Haryana,NA,NA,NA,NA,NA,NA,NA,NA,NA,NA,1,0,NA,NA,NA,NA,NA,NA
1412,0,0.101213038,1,0,0.101213038,1,2011,State,urban/rural,Gender,sector_state,0,Delhi,NA,NA,NA,NA,NA,NA,NA,NA,NA,NA,0,1,NA,NA,NA,NA,NA,NA
1413,0.046576501,0.324036354,0.841632602,0.046934618,0.323397657,0.841632602,2011,State,urban/rural,Gender,sector_state,0,Delhi,NA,NA,NA,NA,NA,NA,NA,NA,NA,NA,1,0,NA,NA,NA,NA,NA,NA
1414,0.154243063,0.568066504,0.941639319,0.298970345,0.517877013,0.941639319,2011,State,urban/rural,Gender,sector_state,0,Rajasthan,NA,NA,NA,NA,NA,NA,NA,NA,NA,NA,0,1,NA,NA,NA,NA,NA,NA
1415,0.110890657,0.63100059,0.963281423,0.21743618,0.583773807,0.964024154,2011,State,urban/rural,Gender,sector_state,0,Rajasthan,NA,NA,NA,NA,NA,NA,NA,NA,NA,NA,1,0,NA,NA,NA,NA,NA,NA
1416,0.340716316,0.779521078,0.978127155,0.500422446,0.75804645,0.978127155,2011,State,urban/rural,Gender,sector_state,0,Uttar Pradesh,NA,NA,NA,NA,NA,NA,NA,NA,NA,NA,0,1,NA,NA,NA,NA,NA,NA
1417,0.283965084,0.809485208,0.98049449,0.437849431,0.77945897,0.980582571,2011,State,urban/rural,Gender,sector_state,0,Uttar Pradesh,NA,NA,NA,NA,NA,NA,NA,NA,NA,NA,1,0,NA,NA,NA,NA,NA,NA
1418,0.268188609,0.896576988,0.977438824,0.526815929,0.841118229,0.977438824,2011,State,urban/rural,Gender,sector_state,0,Bihar,NA,NA,NA,NA,NA,NA,NA,NA,NA,NA,0,1,NA,NA,NA,NA,NA,NA
1419,0.236166082,0.828044166,0.993491636,0.40262727,0.789255181,0.993528156,2011,State,urban/rural,Gender,sector_state,0,Bihar,NA,NA,NA,NA,NA,NA,NA,NA,NA,NA,1,0,NA,NA,NA,NA,NA,NA
1420,0,0.599476882,0.974131827,0.012009467,0.572314233,0.974131827,2011,State,urban/rural,Gender,sector_state,0,Sikkim,NA,NA,NA,NA,NA,NA,NA,NA,NA,NA,0,1,NA,NA,NA,NA,NA,NA
1421,0.025601554,0.705561922,0.980508493,0.125737817,0.63795276,0.980508493,2011,State,urban/rural,Gender,sector_state,0,Sikkim,NA,NA,NA,NA,NA,NA,NA,NA,NA,NA,1,0,NA,NA,NA,NA,NA,NA
1422,0.248918088,0.676873849,0.895139967,0.364486186,0.664130866,0.895139967,2011,State,urban/rural,Gender,sector_state,0,Arunachal Pradesh,NA,NA,NA,NA,NA,NA,NA,NA,NA,NA,0,1,NA,NA,NA,NA,NA,NA
1423,0.289463594,0.623648094,0.875853697,0.391658238,0.607516146,0.875853697,2011,State,urban/rural,Gender,sector_state,0,Arunachal Pradesh,NA,NA,NA,NA,NA,NA,NA,NA,NA,NA,1,0,NA,NA,NA,NA,NA,NA
1424,0,0.748157919,1,0.147619981,0.442530979,1,2011,State,urban/rural,Gender,sector_state,0,Nagaland,NA,NA,NA,NA,NA,NA,NA,NA,NA,NA,0,1,NA,NA,NA,NA,NA,NA
1425,0.044984674,0.571157556,0.954027892,0.121873501,0.508170084,0.954361477,2011,State,urban/rural,Gender,sector_state,0,Nagaland,NA,NA,NA,NA,NA,NA,NA,NA,NA,NA,1,0,NA,NA,NA,NA,NA,NA
1426,0.38176778,0.895664989,0.995883483,0.504563965,0.828949063,0.995883483,2011,State,urban/rural,Gender,sector_state,0,Manipur,NA,NA,NA,NA,NA,NA,NA,NA,NA,NA,0,1,NA,NA,NA,NA,NA,NA
1427,0.352666474,0.827558952,0.988385321,0.520670262,0.80563875,0.988852731,2011,State,urban/rural,Gender,sector_state,0,Manipur,NA,NA,NA,NA,NA,NA,NA,NA,NA,NA,1,0,NA,NA,NA,NA,NA,NA
1428,0,0.462480195,0.900503476,0.006757031,0.428483475,0.900503476,2011,State,urban/rural,Gender,sector_state,0,Mizoram,NA,NA,NA,NA,NA,NA,NA,NA,NA,NA,0,1,NA,NA,NA,NA,NA,NA
1429,0.086724855,0.597462633,0.958411847,0.176332514,0.527070048,0.958411847,2011,State,urban/rural,Gender,sector_state,0,Mizoram,NA,NA,NA,NA,NA,NA,NA,NA,NA,NA,1,0,NA,NA,NA,NA,NA,NA
1430,0.106055349,0.507664017,0.914118737,0.240864373,0.481549471,0.914118737,2011,State,urban/rural,Gender,sector_state,0,Tripura,NA,NA,NA,NA,NA,NA,NA,NA,NA,NA,0,1,NA,NA,NA,NA,NA,NA
1431,0.078920282,0.651728953,0.973929766,0.174775017,0.582271695,0.97439992,2011,State,urban/rural,Gender,sector_state,0,Tripura,NA,NA,NA,NA,NA,NA,NA,NA,NA,NA,1,0,NA,NA,NA,NA,NA,NA
1432,0.082602083,0.621801845,0.991561251,0.17093001,0.586454616,0.991561251,2011,State,urban/rural,Gender,sector_state,0,Meghalaya,NA,NA,NA,NA,NA,NA,NA,NA,NA,NA,0,1,NA,NA,NA,NA,NA,NA
1433,0.080939469,0.721541341,0.979925834,0.196753763,0.686411616,0.980840579,2011,State,urban/rural,Gender,sector_state,0,Meghalaya,NA,NA,NA,NA,NA,NA,NA,NA,NA,NA,1,0,NA,NA,NA,NA,NA,NA
1434,0.190452822,0.75963317,0.984324266,0.35054827,0.693173029,0.984324266,2011,State,urban/rural,Gender,sector_state,0,Assam,NA,NA,NA,NA,NA,NA,NA,NA,NA,NA,0,1,NA,NA,NA,NA,NA,NA
1435,0.236089463,0.792178151,0.983530053,0.391264613,0.756319553,0.984272353,2011,State,urban/rural,Gender,sector_state,0,Assam,NA,NA,NA,NA,NA,NA,NA,NA,NA,NA,1,0,NA,NA,NA,NA,NA,NA
1436,0.171858683,0.763266691,0.979549161,0.3158342,0.714668581,0.979549161,2011,State,urban/rural,Gender,sector_state,0,West Bengal,NA,NA,NA,NA,NA,NA,NA,NA,NA,NA,0,1,NA,NA,NA,NA,NA,NA
1437,0.196840463,0.752003523,0.971724366,0.338785979,0.705998979,0.971815879,2011,State,urban/rural,Gender,sector_state,0,West Bengal,NA,NA,NA,NA,NA,NA,NA,NA,NA,NA,1,0,NA,NA,NA,NA,NA,NA
1438,0.492245888,0.931751101,0.995862628,0.684476988,0.895796723,0.995862628,2011,State,urban/rural,Gender,sector_state,0,Jharkhand,NA,NA,NA,NA,NA,NA,NA,NA,NA,NA,0,1,NA,NA,NA,NA,NA,NA
1439,0.288718814,0.875888679,0.987538199,0.490933323,0.851341761,0.987692419,2011,State,urban/rural,Gender,sector_state,0,Jharkhand,NA,NA,NA,NA,NA,NA,NA,NA,NA,NA,1,0,NA,NA,NA,NA,NA,NA
1440,0.163680236,0.726404469,0.986352375,0.322604795,0.668393189,0.986352375,2011,State,urban/rural,Gender,sector_state,0,Odisha,NA,NA,NA,NA,NA,NA,NA,NA,NA,NA,0,1,NA,NA,NA,NA,NA,NA
1441,0.289689237,0.832547697,0.989589021,0.480191889,0.801581541,0.989589021,2011,State,urban/rural,Gender,sector_state,0,Odisha,NA,NA,NA,NA,NA,NA,NA,NA,NA,NA,1,0,NA,NA,NA,NA,NA,NA
1442,0.260446203,0.808486213,0.96464372,0.454856777,0.800197871,0.965621172,2011,State,urban/rural,Gender,sector_state,0,Chhattisgarh,NA,NA,NA,NA,NA,NA,NA,NA,NA,NA,0,1,NA,NA,NA,NA,NA,NA
1443,0.259233614,0.834527699,0.985612651,0.390436407,0.793002589,0.987429727,2011,State,urban/rural,Gender,sector_state,0,Chhattisgarh,NA,NA,NA,NA,NA,NA,NA,NA,NA,NA,1,0,NA,NA,NA,NA,NA,NA
1444,0.271686998,0.706540215,0.990377108,0.451805849,0.636101648,0.99189249,2011,State,urban/rural,Gender,sector_state,0,Madhya Pradesh,NA,NA,NA,NA,NA,NA,NA,NA,NA,NA,0,1,NA,NA,NA,NA,NA,NA
1445,0.32264416,0.814782303,0.9780328,0.482994322,0.785272914,0.9780328,2011,State,urban/rural,Gender,sector_state,0,Madhya Pradesh,NA,NA,NA,NA,NA,NA,NA,NA,NA,NA,1,0,NA,NA,NA,NA,NA,NA
1446,0.186783241,0.673778078,0.99694694,0.247890174,0.647790219,0.99694694,2011,State,urban/rural,Gender,sector_state,0,Gujarat,NA,NA,NA,NA,NA,NA,NA,NA,NA,NA,0,1,NA,NA,NA,NA,NA,NA
1447,0.211621067,0.725813744,0.984085122,0.351739148,0.705116364,0.984087444,2011,State,urban/rural,Gender,sector_state,0,Gujarat,NA,NA,NA,NA,NA,NA,NA,NA,NA,NA,1,0,NA,NA,NA,NA,NA,NA
1448,0.429214923,0.429214923,0.994726364,0.429214923,0.429214923,0.994726364,2011,State,urban/rural,Gender,sector_state,0,Daman & Diu & D & N Haveli,NA,NA,NA,NA,NA,NA,NA,NA,NA,NA,0,1,NA,NA,NA,NA,NA,NA
1449,0.326212034,0.784568068,0.932059353,0.403032073,0.720323076,0.932059353,2011,State,urban/rural,Gender,sector_state,0,Daman & Diu & D & N Haveli,NA,NA,NA,NA,NA,NA,NA,NA,NA,NA,1,0,NA,NA,NA,NA,NA,NA
1450,0.107302072,0.686664621,0.97804605,0.210354078,0.638549734,0.97804605,2011,State,urban/rural,Gender,sector_state,0,Maharashtra,NA,NA,NA,NA,NA,NA,NA,NA,NA,NA,0,1,NA,NA,NA,NA,NA,NA
1451,0.120924952,0.681840237,0.964176949,0.228827044,0.631297442,0.964248022,2011,State,urban/rural,Gender,sector_state,0,Maharashtra,NA,NA,NA,NA,NA,NA,NA,NA,NA,NA,1,0,NA,NA,NA,NA,NA,NA
1452,0.093142605,0.567010825,0.954529708,0.192161472,0.511881197,0.954529708,2011,State,urban/rural,Gender,sector_state,0,Andhra Pradesh,NA,NA,NA,NA,NA,NA,NA,NA,NA,NA,0,1,NA,NA,NA,NA,NA,NA
1453,0.048428882,0.483436937,0.942183813,0.126620736,0.407507905,0.942709984,2011,State,urban/rural,Gender,sector_state,0,Andhra Pradesh,NA,NA,NA,NA,NA,NA,NA,NA,NA,NA,1,0,NA,NA,NA,NA,NA,NA
1454,0.049843983,0.554238398,0.94053577,0.188092787,0.508931787,0.94053577,2011,State,urban/rural,Gender,sector_state,0,Karnataka,NA,NA,NA,NA,NA,NA,NA,NA,NA,NA,0,1,NA,NA,NA,NA,NA,NA
1455,0.044694651,0.562725031,0.940137815,0.115531417,0.49869394,0.941077128,2011,State,urban/rural,Gender,sector_state,0,Karnataka,NA,NA,NA,NA,NA,NA,NA,NA,NA,NA,1,0,NA,NA,NA,NA,NA,NA
1456,0,0.332481047,0.869962744,0.036677304,0.332481047,0.869962744,2011,State,urban/rural,Gender,sector_state,0,Goa,NA,NA,NA,NA,NA,NA,NA,NA,NA,NA,0,1,NA,NA,NA,NA,NA,NA
1457,0.057849686,0.322276303,0.903268165,0.058289721,0.31942907,0.908171919,2011,State,urban/rural,Gender,sector_state,0,Goa,NA,NA,NA,NA,NA,NA,NA,NA,NA,NA,1,0,NA,NA,NA,NA,NA,NA
1458,0,0.009186837,0.721244778,0,0.009186837,0.721244778,2011,State,urban/rural,Gender,sector_state,0,Lakshadweep,NA,NA,NA,NA,NA,NA,NA,NA,NA,NA,0,1,NA,NA,NA,NA,NA,NA
1459,0,0.07336514,0.640411979,0,0.064955038,0.640411979,2011,State,urban/rural,Gender,sector_state,0,Lakshadweep,NA,NA,NA,NA,NA,NA,NA,NA,NA,NA,1,0,NA,NA,NA,NA,NA,NA
1460,0.032159564,0.339360035,0.773385456,0.095937118,0.305864666,0.773614323,2011,State,urban/rural,Gender,sector_state,0,Kerala,NA,NA,NA,NA,NA,NA,NA,NA,NA,NA,0,1,NA,NA,NA,NA,NA,NA
1461,0.023308388,0.282596844,0.817561486,0.046847508,0.238607202,0.818074608,2011,State,urban/rural,Gender,sector_state,0,Kerala,NA,NA,NA,NA,NA,NA,NA,NA,NA,NA,1,0,NA,NA,NA,NA,NA,NA
1462,0.119761773,0.405768158,0.919491516,0.145182468,0.329166132,0.920889162,2011,State,urban/rural,Gender,sector_state,0,Tamil Nadu,NA,NA,NA,NA,NA,NA,NA,NA,NA,NA,0,1,NA,NA,NA,NA,NA,NA
1463,0.059816053,0.457515868,0.903337907,0.133117071,0.406645488,0.904668284,2011,State,urban/rural,Gender,sector_state,0,Tamil Nadu,NA,NA,NA,NA,NA,NA,NA,NA,NA,NA,1,0,NA,NA,NA,NA,NA,NA
1464,0,0.288607956,0.955272684,0,0.136648947,0.955272684,2011,State,urban/rural,Gender,sector_state,0,Puducherry,NA,NA,NA,NA,NA,NA,NA,NA,NA,NA,0,1,NA,NA,NA,NA,NA,NA
1465,0.003349031,0.332989927,0.913631993,0.050509307,0.235824396,0.913631993,2011,State,urban/rural,Gender,sector_state,0,Puducherry,NA,NA,NA,NA,NA,NA,NA,NA,NA,NA,1,0,NA,NA,NA,NA,NA,NA
1466,0,0.080094216,0.851453648,0,0.080094216,0.851453648,2011,State,urban/rural,Gender,sector_state,0,A & N Island,NA,NA,NA,NA,NA,NA,NA,NA,NA,NA,0,1,NA,NA,NA,NA,NA,NA
1467,0,0.083722949,0.693835679,0.005868647,0.042537488,0.693835679,2011,State,urban/rural,Gender,sector_state,0,A & N Island,NA,NA,NA,NA,NA,NA,NA,NA,NA,NA,1,0,NA,NA,NA,NA,NA,NA
1468,0.053449722,0.591233158,0.987528508,0.136605327,0.561934934,0.987528508,2011,State,urban/rural,Gender,sector_state,0,Telangana,NA,NA,NA,NA,NA,NA,NA,NA,NA,NA,0,1,NA,NA,NA,NA,NA,NA
1469,0.027486262,0.508194843,0.955740347,0.082796727,0.442646619,0.955833667,2011,State,urban/rural,Gender,sector_state,0,Telangana,NA,NA,NA,NA,NA,NA,NA,NA,NA,NA,1,0,NA,NA,NA,NA,NA,NA
1470,0,0.590712052,0.839319397,0,0.511867895,0.839319397,2011,State,urban/rural,Gender,sector_state,0,Ladakh,NA,NA,NA,NA,NA,NA,NA,NA,NA,NA,0,1,NA,NA,NA,NA,NA,NA
1471,0,0.289768129,0.920987342,0,0.160530277,0.920987342,2011,State,urban/rural,Gender,sector_state,0,Ladakh,NA,NA,NA,NA,NA,NA,NA,NA,NA,NA,1,0,NA,NA,NA,NA,NA,NA
1472,0,0.109590834,0.646375572,0.019747164,0.100849499,0.646375572,2011,State,urban/rural,Gender,sector_state,1,Jammu & Kashmir,NA,NA,NA,NA,NA,NA,NA,NA,NA,NA,0,1,NA,NA,NA,NA,NA,NA
1473,0.026168245,0.281493826,0.796000755,0.068337123,0.252905359,0.797149639,2011,State,urban/rural,Gender,sector_state,1,Jammu & Kashmir,NA,NA,NA,NA,NA,NA,NA,NA,NA,NA,1,0,NA,NA,NA,NA,NA,NA
1474,0.005587853,0.196349706,0.467658632,0.021430624,0.192302185,0.473971626,2011,State,urban/rural,Gender,sector_state,1,Himachal Pradesh,NA,NA,NA,NA,NA,NA,NA,NA,NA,NA,0,1,NA,NA,NA,NA,NA,NA
1475,0.019605939,0.189435024,0.736184054,0.042777404,0.151299049,0.736184054,2011,State,urban/rural,Gender,sector_state,1,Himachal Pradesh,NA,NA,NA,NA,NA,NA,NA,NA,NA,NA,1,0,NA,NA,NA,NA,NA,NA
1476,0.085588312,0.357381576,0.744239134,0.120098907,0.294255544,0.744239134,2011,State,urban/rural,Gender,sector_state,1,Punjab,NA,NA,NA,NA,NA,NA,NA,NA,NA,NA,0,1,NA,NA,NA,NA,NA,NA
1477,0.070327117,0.371334438,0.827002397,0.10167467,0.331270482,0.827002397,2011,State,urban/rural,Gender,sector_state,1,Punjab,NA,NA,NA,NA,NA,NA,NA,NA,NA,NA,1,0,NA,NA,NA,NA,NA,NA
1478,0,0.313448349,0.938506311,0.173110445,0.313448349,0.938506311,2011,State,urban/rural,Gender,sector_state,1,Chandigarh,NA,NA,NA,NA,NA,NA,NA,NA,NA,NA,0,1,NA,NA,NA,NA,NA,NA
1479,0.09880756,0.391084928,0.797421721,0.1594652,0.383029133,0.797421721,2011,State,urban/rural,Gender,sector_state,1,Chandigarh,NA,NA,NA,NA,NA,NA,NA,NA,NA,NA,1,0,NA,NA,NA,NA,NA,NA
1480,0.025890338,0.292375473,0.78331222,0.140067335,0.292375473,0.784895479,2011,State,urban/rural,Gender,sector_state,1,Uttrakhand,NA,NA,NA,NA,NA,NA,NA,NA,NA,NA,0,1,NA,NA,NA,NA,NA,NA
1481,0.084216862,0.460367891,0.867752714,0.145635373,0.406568693,0.869569376,2011,State,urban/rural,Gender,sector_state,1,Uttrakhand,NA,NA,NA,NA,NA,NA,NA,NA,NA,NA,1,0,NA,NA,NA,NA,NA,NA
1482,0.062978466,0.373236947,0.758785642,0.114042175,0.351900147,0.758785642,2011,State,urban/rural,Gender,sector_state,1,Haryana,NA,NA,NA,NA,NA,NA,NA,NA,NA,NA,0,1,NA,NA,NA,NA,NA,NA
1483,0.064349895,0.279365566,0.73854706,0.092259015,0.244350573,0.738702124,2011,State,urban/rural,Gender,sector_state,1,Haryana,NA,NA,NA,NA,NA,NA,NA,NA,NA,NA,1,0,NA,NA,NA,NA,NA,NA
1484,0.059045894,0.359708351,0.679000321,0.076393302,0.23255026,0.679000321,2011,State,urban/rural,Gender,sector_state,1,Delhi,NA,NA,NA,NA,NA,NA,NA,NA,NA,NA,0,1,NA,NA,NA,NA,NA,NA
1485,0.04207848,0.330507702,0.772173129,0.110661685,0.29381646,0.774946363,2011,State,urban/rural,Gender,sector_state,1,Delhi,NA,NA,NA,NA,NA,NA,NA,NA,NA,NA,1,0,NA,NA,NA,NA,NA,NA
1486,0.053985976,0.45328631,0.867291444,0.190994243,0.441710671,0.867291444,2011,State,urban/rural,Gender,sector_state,1,Rajasthan,NA,NA,NA,NA,NA,NA,NA,NA,NA,NA,0,1,NA,NA,NA,NA,NA,NA
1487,0.08080067,0.434780737,0.850360843,0.13668847,0.391918679,0.851061402,2011,State,urban/rural,Gender,sector_state,1,Rajasthan,NA,NA,NA,NA,NA,NA,NA,NA,NA,NA,1,0,NA,NA,NA,NA,NA,NA
1488,0.201103208,0.527969193,0.857984638,0.321457323,0.480740922,0.857984638,2011,State,urban/rural,Gender,sector_state,1,Uttar Pradesh,NA,NA,NA,NA,NA,NA,NA,NA,NA,NA,0,1,NA,NA,NA,NA,NA,NA
1489,0.225251336,0.63068133,0.88607035,0.340530624,0.596741713,0.886143513,2011,State,urban/rural,Gender,sector_state,1,Uttar Pradesh,NA,NA,NA,NA,NA,NA,NA,NA,NA,NA,1,0,NA,NA,NA,NA,NA,NA
1490,0.301251693,0.728737768,0.974161067,0.400468894,0.710782983,0.974161067,2011,State,urban/rural,Gender,sector_state,1,Bihar,NA,NA,NA,NA,NA,NA,NA,NA,NA,NA,0,1,NA,NA,NA,NA,NA,NA
1491,0.242889544,0.688360613,0.956369192,0.366534648,0.662913674,0.956414225,2011,State,urban/rural,Gender,sector_state,1,Bihar,NA,NA,NA,NA,NA,NA,NA,NA,NA,NA,1,0,NA,NA,NA,NA,NA,NA
1492,0.060542011,0.34692604,0.976840301,0.060542011,0.34692604,0.976840301,2011,State,urban/rural,Gender,sector_state,1,Sikkim,NA,NA,NA,NA,NA,NA,NA,NA,NA,NA,0,1,NA,NA,NA,NA,NA,NA
1493,0.045728635,0.408431425,0.928766589,0.089063242,0.334544053,0.928766589,2011,State,urban/rural,Gender,sector_state,1,Sikkim,NA,NA,NA,NA,NA,NA,NA,NA,NA,NA,1,0,NA,NA,NA,NA,NA,NA
1494,0.194401989,0.427119075,0.7393009,0.203729327,0.427119075,0.7393009,2011,State,urban/rural,Gender,sector_state,1,Arunachal Pradesh,NA,NA,NA,NA,NA,NA,NA,NA,NA,NA,0,1,NA,NA,NA,NA,NA,NA
1495,0.176413455,0.427579776,0.786917966,0.233278656,0.40456895,0.789376243,2011,State,urban/rural,Gender,sector_state,1,Arunachal Pradesh,NA,NA,NA,NA,NA,NA,NA,NA,NA,NA,1,0,NA,NA,NA,NA,NA,NA
1496,0,0.322086882,0.800797672,0,0.178505983,0.800797672,2011,State,urban/rural,Gender,sector_state,1,Nagaland,NA,NA,NA,NA,NA,NA,NA,NA,NA,NA,0,1,NA,NA,NA,NA,NA,NA
1497,0.142370075,0.472890908,0.942748558,0.248421647,0.446281514,0.942748558,2011,State,urban/rural,Gender,sector_state,1,Nagaland,NA,NA,NA,NA,NA,NA,NA,NA,NA,NA,1,0,NA,NA,NA,NA,NA,NA
1498,0.356633165,0.857527992,0.992499697,0.555111533,0.840530777,0.992499697,2011,State,urban/rural,Gender,sector_state,1,Manipur,NA,NA,NA,NA,NA,NA,NA,NA,NA,NA,0,1,NA,NA,NA,NA,NA,NA
1499,0.375212694,0.865315513,0.993477191,0.577498442,0.834538055,0.993477191,2011,State,urban/rural,Gender,sector_state,1,Manipur,NA,NA,NA,NA,NA,NA,NA,NA,NA,NA,1,0,NA,NA,NA,NA,NA,NA
1500,0.026419364,0.223571,0.831557648,0.07431696,0.183801039,0.831557648,2011,State,urban/rural,Gender,sector_state,1,Mizoram,NA,NA,NA,NA,NA,NA,NA,NA,NA,NA,0,1,NA,NA,NA,NA,NA,NA
1501,0.030347384,0.320558474,0.852800674,0.09049745,0.280516956,0.853589404,2011,State,urban/rural,Gender,sector_state,1,Mizoram,NA,NA,NA,NA,NA,NA,NA,NA,NA,NA,1,0,NA,NA,NA,NA,NA,NA
1502,0.028169236,0.419206322,0.792740863,0.12748201,0.366098873,0.792740863,2011,State,urban/rural,Gender,sector_state,1,Tripura,NA,NA,NA,NA,NA,NA,NA,NA,NA,NA,0,1,NA,NA,NA,NA,NA,NA
1503,0.038908699,0.45332208,0.86971143,0.101081617,0.429956448,0.86971143,2011,State,urban/rural,Gender,sector_state,1,Tripura,NA,NA,NA,NA,NA,NA,NA,NA,NA,NA,1,0,NA,NA,NA,NA,NA,NA
1504,0.045261764,0.390298062,0.90380616,0.111742615,0.373826667,0.90380616,2011,State,urban/rural,Gender,sector_state,1,Meghalaya,NA,NA,NA,NA,NA,NA,NA,NA,NA,NA,0,1,NA,NA,NA,NA,NA,NA
1505,0.090535809,0.342801807,0.908735233,0.12355864,0.296148466,0.908735233,2011,State,urban/rural,Gender,sector_state,1,Meghalaya,NA,NA,NA,NA,NA,NA,NA,NA,NA,NA,1,0,NA,NA,NA,NA,NA,NA
1506,0.214796544,0.571724059,0.896649832,0.312812131,0.561382013,0.896649832,2011,State,urban/rural,Gender,sector_state,1,Assam,NA,NA,NA,NA,NA,NA,NA,NA,NA,NA,0,1,NA,NA,NA,NA,NA,NA
1507,0.155345645,0.473948487,0.874178058,0.238975879,0.454357843,0.874314138,2011,State,urban/rural,Gender,sector_state,1,Assam,NA,NA,NA,NA,NA,NA,NA,NA,NA,NA,1,0,NA,NA,NA,NA,NA,NA
1508,0.152498545,0.475372176,0.84838567,0.234037644,0.45005034,0.84838567,2011,State,urban/rural,Gender,sector_state,1,West Bengal,NA,NA,NA,NA,NA,NA,NA,NA,NA,NA,0,1,NA,NA,NA,NA,NA,NA
1509,0.133471697,0.421857063,0.783696322,0.199955871,0.398943843,0.783783594,2011,State,urban/rural,Gender,sector_state,1,West Bengal,NA,NA,NA,NA,NA,NA,NA,NA,NA,NA,1,0,NA,NA,NA,NA,NA,NA
1510,0.159955729,0.395123823,0.96459379,0.232926892,0.391050322,0.96459379,2011,State,urban/rural,Gender,sector_state,1,Jharkhand,NA,NA,NA,NA,NA,NA,NA,NA,NA,NA,0,1,NA,NA,NA,NA,NA,NA
1511,0.180855679,0.51956952,0.907940922,0.277810096,0.4764785,0.907940922,2011,State,urban/rural,Gender,sector_state,1,Jharkhand,NA,NA,NA,NA,NA,NA,NA,NA,NA,NA,1,0,NA,NA,NA,NA,NA,NA
1512,0.151463465,0.529020319,0.932942004,0.33396503,0.440692336,0.932942004,2011,State,urban/rural,Gender,sector_state,1,Odisha,NA,NA,NA,NA,NA,NA,NA,NA,NA,NA,0,1,NA,NA,NA,NA,NA,NA
1513,0.188443124,0.596839048,0.865532942,0.245809973,0.55424646,0.865628554,2011,State,urban/rural,Gender,sector_state,1,Odisha,NA,NA,NA,NA,NA,NA,NA,NA,NA,NA,1,0,NA,NA,NA,NA,NA,NA
1514,0.163523773,0.593611251,0.868570728,0.245853685,0.584106246,0.868570728,2011,State,urban/rural,Gender,sector_state,1,Chhattisgarh,NA,NA,NA,NA,NA,NA,NA,NA,NA,NA,0,1,NA,NA,NA,NA,NA,NA
1515,0.204226676,0.579091556,0.880988676,0.312300871,0.563962762,0.880988676,2011,State,urban/rural,Gender,sector_state,1,Chhattisgarh,NA,NA,NA,NA,NA,NA,NA,NA,NA,NA,1,0,NA,NA,NA,NA,NA,NA
1516,0.165785525,0.678323643,0.901659144,0.24812297,0.666660903,0.901659144,2011,State,urban/rural,Gender,sector_state,1,Madhya Pradesh,NA,NA,NA,NA,NA,NA,NA,NA,NA,NA,0,1,NA,NA,NA,NA,NA,NA
1517,0.211950654,0.569560727,0.874388328,0.290611929,0.529028072,0.875333784,2011,State,urban/rural,Gender,sector_state,1,Madhya Pradesh,NA,NA,NA,NA,NA,NA,NA,NA,NA,NA,1,0,NA,NA,NA,NA,NA,NA
1518,0.109000938,0.424257927,0.871507188,0.138782586,0.407131072,0.871507188,2011,State,urban/rural,Gender,sector_state,1,Gujarat,NA,NA,NA,NA,NA,NA,NA,NA,NA,NA,0,1,NA,NA,NA,NA,NA,NA
1519,0.09457629,0.436646837,0.901110874,0.181637473,0.38761824,0.901110874,2011,State,urban/rural,Gender,sector_state,1,Gujarat,NA,NA,NA,NA,NA,NA,NA,NA,NA,NA,1,0,NA,NA,NA,NA,NA,NA
1520,0.211987153,0.328509276,0.900765649,0.211987153,0.328509276,0.900765649,2011,State,urban/rural,Gender,sector_state,1,Daman & Diu & D & N Haveli,NA,NA,NA,NA,NA,NA,NA,NA,NA,NA,0,1,NA,NA,NA,NA,NA,NA
1521,0.079340593,0.418098873,0.869755928,0.100093514,0.335880394,0.869755928,2011,State,urban/rural,Gender,sector_state,1,Daman & Diu & D & N Haveli,NA,NA,NA,NA,NA,NA,NA,NA,NA,NA,1,0,NA,NA,NA,NA,NA,NA
1522,0.074826352,0.401176377,0.803494941,0.121725207,0.367399401,0.803494941,2011,State,urban/rural,Gender,sector_state,1,Maharashtra,NA,NA,NA,NA,NA,NA,NA,NA,NA,NA,0,1,NA,NA,NA,NA,NA,NA
1523,0.060007883,0.384885628,0.82426341,0.110633169,0.339082358,0.824982886,2011,State,urban/rural,Gender,sector_state,1,Maharashtra,NA,NA,NA,NA,NA,NA,NA,NA,NA,NA,1,0,NA,NA,NA,NA,NA,NA
1524,0.082817163,0.439265731,0.817465074,0.205348259,0.361405429,0.817465074,2011,State,urban/rural,Gender,sector_state,1,Andhra Pradesh,NA,NA,NA,NA,NA,NA,NA,NA,NA,NA,0,1,NA,NA,NA,NA,NA,NA
1525,0.034562416,0.366258271,0.801825862,0.092383039,0.325642991,0.807020867,2011,State,urban/rural,Gender,sector_state,1,Andhra Pradesh,NA,NA,NA,NA,NA,NA,NA,NA,NA,NA,1,0,NA,NA,NA,NA,NA,NA
1526,0.103464963,0.496049458,0.732230192,0.15741029,0.482518998,0.732230192,2011,State,urban/rural,Gender,sector_state,1,Karnataka,NA,NA,NA,NA,NA,NA,NA,NA,NA,NA,0,1,NA,NA,NA,NA,NA,NA
1527,0.076218814,0.384654946,0.792111783,0.145201466,0.357756961,0.795454699,2011,State,urban/rural,Gender,sector_state,1,Karnataka,NA,NA,NA,NA,NA,NA,NA,NA,NA,NA,1,0,NA,NA,NA,NA,NA,NA
1528,0.048185148,0.29785408,0.830418758,0.048185148,0.263142574,0.830418758,2011,State,urban/rural,Gender,sector_state,1,Goa,NA,NA,NA,NA,NA,NA,NA,NA,NA,NA,0,1,NA,NA,NA,NA,NA,NA
1529,0.026924239,0.223253883,0.729510203,0.045851614,0.181078993,0.729510203,2011,State,urban/rural,Gender,sector_state,1,Goa,NA,NA,NA,NA,NA,NA,NA,NA,NA,NA,1,0,NA,NA,NA,NA,NA,NA
1530,0,0.219497,0.807130439,0,0.156819793,0.807130439,2011,State,urban/rural,Gender,sector_state,1,Lakshadweep,NA,NA,NA,NA,NA,NA,NA,NA,NA,NA,0,1,NA,NA,NA,NA,NA,NA
1531,0,0.113017261,0.543176707,0,0.080782511,0.543176707,2011,State,urban/rural,Gender,sector_state,1,Lakshadweep,NA,NA,NA,NA,NA,NA,NA,NA,NA,NA,1,0,NA,NA,NA,NA,NA,NA
1532,0.053308447,0.326774175,0.772999706,0.11122596,0.305236524,0.772999706,2011,State,urban/rural,Gender,sector_state,1,Kerala,NA,NA,NA,NA,NA,NA,NA,NA,NA,NA,0,1,NA,NA,NA,NA,NA,NA
1533,0.029509366,0.274241621,0.734253313,0.05580383,0.229680141,0.736403661,2011,State,urban/rural,Gender,sector_state,1,Kerala,NA,NA,NA,NA,NA,NA,NA,NA,NA,NA,1,0,NA,NA,NA,NA,NA,NA
1534,0.017168583,0.354332807,0.805665621,0.084143925,0.299485514,0.805665621,2011,State,urban/rural,Gender,sector_state,1,Tamil Nadu,NA,NA,NA,NA,NA,NA,NA,NA,NA,NA,0,1,NA,NA,NA,NA,NA,NA
1535,0.031154117,0.312737422,0.818554685,0.061332653,0.276360663,0.820894825,2011,State,urban/rural,Gender,sector_state,1,Tamil Nadu,NA,NA,NA,NA,NA,NA,NA,NA,NA,NA,1,0,NA,NA,NA,NA,NA,NA
1536,0,0.198921176,0.659900952,0.019459242,0.191394291,0.659900952,2011,State,urban/rural,Gender,sector_state,1,Puducherry,NA,NA,NA,NA,NA,NA,NA,NA,NA,NA,0,1,NA,NA,NA,NA,NA,NA
1537,0.007436511,0.129825844,0.718789872,0.021609165,0.104709841,0.718789872,2011,State,urban/rural,Gender,sector_state,1,Puducherry,NA,NA,NA,NA,NA,NA,NA,NA,NA,NA,1,0,NA,NA,NA,NA,NA,NA
1538,0,0.002533676,0.395889474,0,0.002533676,0.395889474,2011,State,urban/rural,Gender,sector_state,1,A & N Island,NA,NA,NA,NA,NA,NA,NA,NA,NA,NA,0,1,NA,NA,NA,NA,NA,NA
1539,0,0.029322643,0.470099974,0,0.009200537,0.474463484,2011,State,urban/rural,Gender,sector_state,1,A & N Island,NA,NA,NA,NA,NA,NA,NA,NA,NA,NA,1,0,NA,NA,NA,NA,NA,NA
1540,0.060376329,0.465110514,0.846401861,0.120474105,0.448187487,0.846401861,2011,State,urban/rural,Gender,sector_state,1,Telangana,NA,NA,NA,NA,NA,NA,NA,NA,NA,NA,0,1,NA,NA,NA,NA,NA,NA
1541,0.041507413,0.289064006,0.789080323,0.073568909,0.235240672,0.792245004,2011,State,urban/rural,Gender,sector_state,1,Telangana,NA,NA,NA,NA,NA,NA,NA,NA,NA,NA,1,0,NA,NA,NA,NA,NA,NA
1542,0,0.204081633,0.918367347,0,0.204081633,0.918367347,2011,State,urban/rural,Gender,sector_state,1,Ladakh,NA,NA,NA,NA,NA,NA,NA,NA,NA,NA,0,1,NA,NA,NA,NA,NA,NA
1543,0,0.183920491,0.77819538,0.019320157,0.105166772,0.77819538,2011,State,urban/rural,Gender,sector_state,1,Ladakh,NA,NA,NA,NA,NA,NA,NA,NA,NA,NA,1,0,NA,NA,NA,NA,NA,NA
1544,0.276117721,0.791150776,0.977760115,0.426172289,0.758242983,0.977947945,2011,National,All,HH Size,allindia,99,India,NA,NA,NA,NA,NA,NA,NA,NA,NA,NA,NA,NA,0,0,0,1,NA,NA
1545,0.143790672,0.615924696,0.936580064,0.251644872,0.571670154,0.937161398,2011,National,All,HH Size,allindia,99,India,NA,NA,NA,NA,NA,NA,NA,NA,NA,NA,NA,NA,0,0,1,0,NA,NA
1546,0.048293063,0.366412435,0.820219972,0.100499738,0.324907809,0.821072207,2011,National,All,HH Size,allindia,99,India,NA,NA,NA,NA,NA,NA,NA,NA,NA,NA,NA,NA,0,1,0,0,NA,NA
1547,0.033718861,0.207157475,0.603079633,0.054693775,0.173249171,0.604340278,2011,National,All,HH Size,allindia,99,India,NA,NA,NA,NA,NA,NA,NA,NA,NA,NA,NA,NA,1,0,0,0,NA,NA
1548,0.289456023,0.826018535,0.985982696,0.449307914,0.795209361,0.986161672,2011,National,urban/rural,HH Size,sect_allindia,0,India,NA,NA,NA,NA,NA,NA,NA,NA,NA,NA,NA,NA,0,0,0,1,NA,NA
1549,0.165636274,0.691213176,0.968740203,0.290763451,0.645272609,0.969013156,2011,National,urban/rural,HH Size,sect_allindia,0,India,NA,NA,NA,NA,NA,NA,NA,NA,NA,NA,NA,NA,0,0,1,0,NA,NA
1550,0.061705092,0.446731509,0.892618049,0.129753546,0.399889265,0.893368678,2011,National,urban/rural,HH Size,sect_allindia,0,India,NA,NA,NA,NA,NA,NA,NA,NA,NA,NA,NA,NA,0,1,0,0,NA,NA
1551,0.045239025,0.310044366,0.73194555,0.074642376,0.264213041,0.732670722,2011,National,urban/rural,HH Size,sect_allindia,0,India,NA,NA,NA,NA,NA,NA,NA,NA,NA,NA,NA,NA,1,0,0,0,NA,NA
1552,0.233022599,0.678495486,0.95119353,0.351422701,0.638807203,0.951409967,2011,National,urban/rural,HH Size,sect_allindia,1,India,NA,NA,NA,NA,NA,NA,NA,NA,NA,NA,NA,NA,0,0,0,1,NA,NA
1553,0.090052298,0.430721267,0.857468786,0.155416408,0.390614207,0.85880871,2011,National,urban/rural,HH Size,sect_allindia,1,India,NA,NA,NA,NA,NA,NA,NA,NA,NA,NA,NA,NA,0,0,1,0,NA,NA
1554,0.021022447,0.203100034,0.673013298,0.041018108,0.172448362,0.674072129,2011,National,urban/rural,HH Size,sect_allindia,1,India,NA,NA,NA,NA,NA,NA,NA,NA,NA,NA,NA,NA,0,1,0,0,NA,NA
1555,0.023847858,0.118999281,0.492661421,0.0376009,0.095307166,0.494380883,2011,National,urban/rural,HH Size,sect_allindia,1,India,NA,NA,NA,NA,NA,NA,NA,NA,NA,NA,NA,NA,1,0,0,0,NA,NA
1556,0.071446982,0.51898264,0.970337692,0.116290887,0.433190382,0.970337692,2011,State,All,HH Size,state,99,Jammu & Kashmir,NA,NA,NA,NA,NA,NA,NA,NA,NA,NA,NA,NA,0,0,0,1,NA,NA
1557,0.014534095,0.311270427,0.887878635,0.054549289,0.2655749,0.887878635,2011,State,All,HH Size,state,99,Jammu & Kashmir,NA,NA,NA,NA,NA,NA,NA,NA,NA,NA,NA,NA,0,0,1,0,NA,NA
1558,9.24E-05,0.089644042,0.612245774,9.24E-05,0.071084486,0.617105715,2011,State,All,HH Size,state,99,Jammu & Kashmir,NA,NA,NA,NA,NA,NA,NA,NA,NA,NA,NA,NA,0,1,0,0,NA,NA
1559,0.042877037,0.138379582,0.594200512,0.065497666,0.105524212,0.594200512,2011,State,All,HH Size,state,99,Jammu & Kashmir,NA,NA,NA,NA,NA,NA,NA,NA,NA,NA,NA,NA,1,0,0,0,NA,NA
1560,0.066264614,0.577143836,0.955380509,0.122999641,0.537985321,0.955380509,2011,State,All,HH Size,state,99,Himachal Pradesh,NA,NA,NA,NA,NA,NA,NA,NA,NA,NA,NA,NA,0,0,0,1,NA,NA
1561,0.019578616,0.298522043,0.901444781,0.034859491,0.254809488,0.902786534,2011,State,All,HH Size,state,99,Himachal Pradesh,NA,NA,NA,NA,NA,NA,NA,NA,NA,NA,NA,NA,0,0,1,0,NA,NA
1562,0.001971196,0.091158184,0.662711774,0.009618563,0.06577045,0.667073088,2011,State,All,HH Size,state,99,Himachal Pradesh,NA,NA,NA,NA,NA,NA,NA,NA,NA,NA,NA,NA,0,1,0,0,NA,NA
1563,0,0.012885824,0.218270081,0,0.011443926,0.218270081,2011,State,All,HH Size,state,99,Himachal Pradesh,NA,NA,NA,NA,NA,NA,NA,NA,NA,NA,NA,NA,1,0,0,0,NA,NA
1564,0.089607082,0.458181858,0.890498628,0.136601042,0.424793665,0.890498628,2011,State,All,HH Size,state,99,Punjab,NA,NA,NA,NA,NA,NA,NA,NA,NA,NA,NA,NA,0,0,0,1,NA,NA
1565,0.042781977,0.401585147,0.873702397,0.090706646,0.353401926,0.874073875,2011,State,All,HH Size,state,99,Punjab,NA,NA,NA,NA,NA,NA,NA,NA,NA,NA,NA,NA,0,0,1,0,NA,NA
1566,0.014752866,0.198543781,0.737371084,0.026158432,0.164065277,0.738548902,2011,State,All,HH Size,state,99,Punjab,NA,NA,NA,NA,NA,NA,NA,NA,NA,NA,NA,NA,0,1,0,0,NA,NA
1567,0.000510576,0.039591236,0.572550166,0.000880399,0.029604909,0.572550166,2011,State,All,HH Size,state,99,Punjab,NA,NA,NA,NA,NA,NA,NA,NA,NA,NA,NA,NA,1,0,0,0,NA,NA
1568,0.026040186,0.660939213,0.995014595,0.1879997,0.644526172,0.995014595,2011,State,All,HH Size,state,99,Chandigarh,NA,NA,NA,NA,NA,NA,NA,NA,NA,NA,NA,NA,0,0,0,1,NA,NA
1569,0.108610665,0.399920101,0.833876998,0.178037957,0.393445448,0.833876998,2011,State,All,HH Size,state,99,Chandigarh,NA,NA,NA,NA,NA,NA,NA,NA,NA,NA,NA,NA,0,0,1,0,NA,NA
1570,0,0.081166942,0.600309107,0.000996275,0.081166942,0.600309107,2011,State,All,HH Size,state,99,Chandigarh,NA,NA,NA,NA,NA,NA,NA,NA,NA,NA,NA,NA,0,1,0,0,NA,NA
1571,0,0.02296713,0.271451451,0,0.02296713,0.271451451,2011,State,All,HH Size,state,99,Chandigarh,NA,NA,NA,NA,NA,NA,NA,NA,NA,NA,NA,NA,1,0,0,0,NA,NA
1572,0.10242793,0.73349774,0.993539072,0.17613864,0.664724277,0.993539072,2011,State,All,HH Size,state,99,Uttrakhand,NA,NA,NA,NA,NA,NA,NA,NA,NA,NA,NA,NA,0,0,0,1,NA,NA
1573,0.033450183,0.463642955,0.9163283,0.068679114,0.428433589,0.917070064,2011,State,All,HH Size,state,99,Uttrakhand,NA,NA,NA,NA,NA,NA,NA,NA,NA,NA,NA,NA,0,0,1,0,NA,NA
1574,0.002162271,0.158231756,0.771863671,0.01178038,0.142562359,0.775727494,2011,State,All,HH Size,state,99,Uttrakhand,NA,NA,NA,NA,NA,NA,NA,NA,NA,NA,NA,NA,0,1,0,0,NA,NA
1575,0.01918333,0.103017967,0.567110517,0.035599083,0.103017967,0.569272281,2011,State,All,HH Size,state,99,Uttrakhand,NA,NA,NA,NA,NA,NA,NA,NA,NA,NA,NA,NA,1,0,0,0,NA,NA
1576,0.118061842,0.505247459,0.974032963,0.183074166,0.458351693,0.974032963,2011,State,All,HH Size,state,99,Haryana,NA,NA,NA,NA,NA,NA,NA,NA,NA,NA,NA,NA,0,0,0,1,NA,NA
1577,0.043100448,0.363746121,0.83789174,0.085388175,0.311264058,0.83789174,2011,State,All,HH Size,state,99,Haryana,NA,NA,NA,NA,NA,NA,NA,NA,NA,NA,NA,NA,0,0,1,0,NA,NA
1578,0.027929795,0.188675041,0.624053267,0.05300928,0.172957509,0.624421722,2011,State,All,HH Size,state,99,Haryana,NA,NA,NA,NA,NA,NA,NA,NA,NA,NA,NA,NA,0,1,0,0,NA,NA
1579,0.001724863,0.023205668,0.259514757,0.004068815,0.015501483,0.259514757,2011,State,All,HH Size,state,99,Haryana,NA,NA,NA,NA,NA,NA,NA,NA,NA,NA,NA,NA,1,0,0,0,NA,NA
1580,0.105422379,0.554032699,0.939927704,0.209257344,0.488191236,0.939927704,2011,State,All,HH Size,state,99,Delhi,NA,NA,NA,NA,NA,NA,NA,NA,NA,NA,NA,NA,0,0,0,1,NA,NA
1581,0.032348219,0.304455608,0.757538599,0.090884543,0.269137082,0.76127513,2011,State,All,HH Size,state,99,Delhi,NA,NA,NA,NA,NA,NA,NA,NA,NA,NA,NA,NA,0,0,1,0,NA,NA
1582,0,0.156405773,0.575113515,0.001020936,0.131659626,0.575113515,2011,State,All,HH Size,state,99,Delhi,NA,NA,NA,NA,NA,NA,NA,NA,NA,NA,NA,NA,0,1,0,0,NA,NA
1583,0.001077885,0.008720813,0.675508548,0.001077885,0.007973554,0.676908123,2011,State,All,HH Size,state,99,Delhi,NA,NA,NA,NA,NA,NA,NA,NA,NA,NA,NA,NA,1,0,0,0,NA,NA
1584,0.145756642,0.695283312,0.977379823,0.258130275,0.646092643,0.977379823,2011,State,All,HH Size,state,99,Rajasthan,NA,NA,NA,NA,NA,NA,NA,NA,NA,NA,NA,NA,0,0,0,1,NA,NA
1585,0.09519198,0.569302181,0.942602817,0.194571543,0.521041747,0.943534868,2011,State,All,HH Size,state,99,Rajasthan,NA,NA,NA,NA,NA,NA,NA,NA,NA,NA,NA,NA,0,0,1,0,NA,NA
1586,0.043627444,0.34521734,0.821903513,0.099358937,0.317627465,0.822698331,2011,State,All,HH Size,state,99,Rajasthan,NA,NA,NA,NA,NA,NA,NA,NA,NA,NA,NA,NA,0,1,0,0,NA,NA
1587,0.018665751,0.125947152,0.543012593,0.043059437,0.105847167,0.55067646,2011,State,All,HH Size,state,99,Rajasthan,NA,NA,NA,NA,NA,NA,NA,NA,NA,NA,NA,NA,1,0,0,0,NA,NA
1588,0.364463516,0.865645321,0.9889143,0.534779853,0.842463019,0.9889143,2011,State,All,HH Size,state,99,Uttar Pradesh,NA,NA,NA,NA,NA,NA,NA,NA,NA,NA,NA,NA,0,0,0,1,NA,NA
1589,0.22965244,0.732699026,0.952250256,0.366648861,0.698716021,0.952387281,2011,State,All,HH Size,state,99,Uttar Pradesh,NA,NA,NA,NA,NA,NA,NA,NA,NA,NA,NA,NA,0,0,1,0,NA,NA
1590,0.068272686,0.486162209,0.877607337,0.147328872,0.438371493,0.87775351,2011,State,All,HH Size,state,99,Uttar Pradesh,NA,NA,NA,NA,NA,NA,NA,NA,NA,NA,NA,NA,0,1,0,0,NA,NA
1591,0.050734287,0.256557561,0.623689601,0.083124011,0.194729744,0.623928565,2011,State,All,HH Size,state,99,Uttar Pradesh,NA,NA,NA,NA,NA,NA,NA,NA,NA,NA,NA,NA,1,0,0,0,NA,NA
1592,0.349297898,0.905814186,0.996060245,0.531459232,0.880691803,0.996060245,2011,State,All,HH Size,state,99,Bihar,NA,NA,NA,NA,NA,NA,NA,NA,NA,NA,NA,NA,0,0,0,1,NA,NA
1593,0.201864694,0.817594477,0.993112487,0.378207582,0.775621715,0.993168789,2011,State,All,HH Size,state,99,Bihar,NA,NA,NA,NA,NA,NA,NA,NA,NA,NA,NA,NA,0,0,1,0,NA,NA
1594,0.066012193,0.547477933,0.964574833,0.139524355,0.481239563,0.964574833,2011,State,All,HH Size,state,99,Bihar,NA,NA,NA,NA,NA,NA,NA,NA,NA,NA,NA,NA,0,1,0,0,NA,NA
1595,0.030678735,0.178684916,0.556451601,0.037046171,0.15414195,0.557226932,2011,State,All,HH Size,state,99,Bihar,NA,NA,NA,NA,NA,NA,NA,NA,NA,NA,NA,NA,1,0,0,0,NA,NA
1596,0.041818375,0.842686573,1,0.257289102,0.743052475,1,2011,State,All,HH Size,state,99,Sikkim,NA,NA,NA,NA,NA,NA,NA,NA,NA,NA,NA,NA,0,0,0,1,NA,NA
1597,0.021652797,0.684409712,0.982568277,0.094059143,0.630271968,0.982568277,2011,State,All,HH Size,state,99,Sikkim,NA,NA,NA,NA,NA,NA,NA,NA,NA,NA,NA,NA,0,0,1,0,NA,NA
1598,0.040191635,0.41566937,0.932190114,0.059133324,0.338305626,0.932190114,2011,State,All,HH Size,state,99,Sikkim,NA,NA,NA,NA,NA,NA,NA,NA,NA,NA,NA,NA,0,1,0,0,NA,NA
1599,0.004139309,0.165587337,0.850612474,0.004139309,0.144067398,0.850612474,2011,State,All,HH Size,state,99,Sikkim,NA,NA,NA,NA,NA,NA,NA,NA,NA,NA,NA,NA,1,0,0,0,NA,NA
1600,0.351622434,0.716071339,0.927235069,0.474237138,0.714747204,0.928213802,2011,State,All,HH Size,state,99,Arunachal Pradesh,NA,NA,NA,NA,NA,NA,NA,NA,NA,NA,NA,NA,0,0,0,1,NA,NA
1601,0.266847063,0.589353496,0.859605881,0.359547011,0.565638026,0.859605881,2011,State,All,HH Size,state,99,Arunachal Pradesh,NA,NA,NA,NA,NA,NA,NA,NA,NA,NA,NA,NA,0,0,1,0,NA,NA
1602,0.099142159,0.365800189,0.763513485,0.144658939,0.352460106,0.765047617,2011,State,All,HH Size,state,99,Arunachal Pradesh,NA,NA,NA,NA,NA,NA,NA,NA,NA,NA,NA,NA,0,1,0,0,NA,NA
1603,0.049125453,0.153517489,0.454738372,0.056351984,0.118744152,0.454738372,2011,State,All,HH Size,state,99,Arunachal Pradesh,NA,NA,NA,NA,NA,NA,NA,NA,NA,NA,NA,NA,1,0,0,0,NA,NA
1604,0.088692523,0.732249449,0.988604825,0.373184304,0.701499649,0.988604825,2011,State,All,HH Size,state,99,Nagaland,NA,NA,NA,NA,NA,NA,NA,NA,NA,NA,NA,NA,0,0,0,1,NA,NA
1605,0.082081948,0.509908287,0.946832713,0.134838248,0.452195947,0.947100849,2011,State,All,HH Size,state,99,Nagaland,NA,NA,NA,NA,NA,NA,NA,NA,NA,NA,NA,NA,0,0,1,0,NA,NA
1606,0,0.322904346,0.858563587,0,0.296431432,0.858563587,2011,State,All,HH Size,state,99,Nagaland,NA,NA,NA,NA,NA,NA,NA,NA,NA,NA,NA,NA,0,1,0,0,NA,NA
1607,0,0,0.950067418,0,0,0.950067418,2011,State,All,HH Size,state,99,Nagaland,NA,NA,NA,NA,NA,NA,NA,NA,NA,NA,NA,NA,1,0,0,0,NA,NA
1608,0.483156147,0.900712957,0.996086873,0.633554412,0.881279242,0.996086873,2011,State,All,HH Size,state,99,Manipur,NA,NA,NA,NA,NA,NA,NA,NA,NA,NA,NA,NA,0,0,0,1,NA,NA
1609,0.326531313,0.836063183,0.990486803,0.511380264,0.807543482,0.990965659,2011,State,All,HH Size,state,99,Manipur,NA,NA,NA,NA,NA,NA,NA,NA,NA,NA,NA,NA,0,0,1,0,NA,NA
1610,0.175077274,0.684734096,0.968818939,0.347894873,0.638727403,0.968818939,2011,State,All,HH Size,state,99,Manipur,NA,NA,NA,NA,NA,NA,NA,NA,NA,NA,NA,NA,0,1,0,0,NA,NA
1611,0.004553305,0.20049619,0.879785453,0.143659732,0.189428155,0.879785453,2011,State,All,HH Size,state,99,Manipur,NA,NA,NA,NA,NA,NA,NA,NA,NA,NA,NA,NA,1,0,0,0,NA,NA
1612,0.089581775,0.482266718,0.945219942,0.153513214,0.440448725,0.945219942,2011,State,All,HH Size,state,99,Mizoram,NA,NA,NA,NA,NA,NA,NA,NA,NA,NA,NA,NA,0,0,0,1,NA,NA
1613,0.053577225,0.471867448,0.90177076,0.132136404,0.410581695,0.90177076,2011,State,All,HH Size,state,99,Mizoram,NA,NA,NA,NA,NA,NA,NA,NA,NA,NA,NA,NA,0,0,1,0,NA,NA
1614,0.003993286,0.289692757,0.857427995,0.037100343,0.256150968,0.860720994,2011,State,All,HH Size,state,99,Mizoram,NA,NA,NA,NA,NA,NA,NA,NA,NA,NA,NA,NA,0,1,0,0,NA,NA
1615,0,0.209336179,0.53656771,0.071355142,0.209336179,0.53656771,2011,State,All,HH Size,state,99,Mizoram,NA,NA,NA,NA,NA,NA,NA,NA,NA,NA,NA,NA,1,0,0,0,NA,NA
1616,0.137769998,0.824249696,0.996856689,0.259448242,0.742969112,0.996856689,2011,State,All,HH Size,state,99,Tripura,NA,NA,NA,NA,NA,NA,NA,NA,NA,NA,NA,NA,0,0,0,1,NA,NA
1617,0.079254624,0.65913421,0.971414163,0.190869152,0.593629143,0.971414163,2011,State,All,HH Size,state,99,Tripura,NA,NA,NA,NA,NA,NA,NA,NA,NA,NA,NA,NA,0,0,1,0,NA,NA
1618,0.026735334,0.360838485,0.875094767,0.057986561,0.32754866,0.876703709,2011,State,All,HH Size,state,99,Tripura,NA,NA,NA,NA,NA,NA,NA,NA,NA,NA,NA,NA,0,1,0,0,NA,NA
1619,0.009036696,0.193043362,0.78115222,0.073780513,0.189488407,0.78115222,2011,State,All,HH Size,state,99,Tripura,NA,NA,NA,NA,NA,NA,NA,NA,NA,NA,NA,NA,1,0,0,0,NA,NA
1620,0.18166452,0.809042532,0.995384462,0.348436694,0.784177266,0.995384462,2011,State,All,HH Size,state,99,Meghalaya,NA,NA,NA,NA,NA,NA,NA,NA,NA,NA,NA,NA,0,0,0,1,NA,NA
1621,0.028205956,0.592530674,0.967762627,0.097310889,0.549588741,0.967762627,2011,State,All,HH Size,state,99,Meghalaya,NA,NA,NA,NA,NA,NA,NA,NA,NA,NA,NA,NA,0,0,1,0,NA,NA
1622,0.001338319,0.198269975,0.843150762,0.005035703,0.154055875,0.853727166,2011,State,All,HH Size,state,99,Meghalaya,NA,NA,NA,NA,NA,NA,NA,NA,NA,NA,NA,NA,0,1,0,0,NA,NA
1623,0.182320782,0.282826018,0.623426933,0.182320782,0.282826018,0.623426933,2011,State,All,HH Size,state,99,Meghalaya,NA,NA,NA,NA,NA,NA,NA,NA,NA,NA,NA,NA,1,0,0,0,NA,NA
1624,0.359582722,0.864784078,0.994730681,0.540272092,0.856204118,0.994730681,2011,State,All,HH Size,state,99,Assam,NA,NA,NA,NA,NA,NA,NA,NA,NA,NA,NA,NA,0,0,0,1,NA,NA
1625,0.202573223,0.774057941,0.973939175,0.361884846,0.729882205,0.974911571,2011,State,All,HH Size,state,99,Assam,NA,NA,NA,NA,NA,NA,NA,NA,NA,NA,NA,NA,0,0,1,0,NA,NA
1626,0.051226935,0.444213736,0.924121479,0.070615035,0.385663277,0.924121479,2011,State,All,HH Size,state,99,Assam,NA,NA,NA,NA,NA,NA,NA,NA,NA,NA,NA,NA,0,1,0,0,NA,NA
1627,0.066624137,0.202199842,0.748781044,0.081482016,0.196040879,0.748781044,2011,State,All,HH Size,state,99,Assam,NA,NA,NA,NA,NA,NA,NA,NA,NA,NA,NA,NA,1,0,0,0,NA,NA
1628,0.244585713,0.780814881,0.956203382,0.389640414,0.735371377,0.956203382,2011,State,All,HH Size,state,99,West Bengal,NA,NA,NA,NA,NA,NA,NA,NA,NA,NA,NA,NA,0,0,0,1,NA,NA
1629,0.199693322,0.70449423,0.949463973,0.327761164,0.668585887,0.949479072,2011,State,All,HH Size,state,99,West Bengal,NA,NA,NA,NA,NA,NA,NA,NA,NA,NA,NA,NA,0,0,1,0,NA,NA
1630,0.087951134,0.5116405,0.854996192,0.184210399,0.463010798,0.855228453,2011,State,All,HH Size,state,99,West Bengal,NA,NA,NA,NA,NA,NA,NA,NA,NA,NA,NA,NA,0,1,0,0,NA,NA
1631,0.029335965,0.218646878,0.609070716,0.069232363,0.200578123,0.61024757,2011,State,All,HH Size,state,99,West Bengal,NA,NA,NA,NA,NA,NA,NA,NA,NA,NA,NA,NA,1,0,0,0,NA,NA
1632,0.400714875,0.880976128,0.995706926,0.596562275,0.865379184,0.995706926,2011,State,All,HH Size,state,99,Jharkhand,NA,NA,NA,NA,NA,NA,NA,NA,NA,NA,NA,NA,0,0,0,1,NA,NA
1633,0.253199888,0.809306983,0.975170426,0.429523218,0.778162562,0.975170426,2011,State,All,HH Size,state,99,Jharkhand,NA,NA,NA,NA,NA,NA,NA,NA,NA,NA,NA,NA,0,0,1,0,NA,NA
1634,0.091560166,0.59996443,0.926418665,0.249250913,0.552705652,0.926418665,2011,State,All,HH Size,state,99,Jharkhand,NA,NA,NA,NA,NA,NA,NA,NA,NA,NA,NA,NA,0,1,0,0,NA,NA
1635,0.040361472,0.376030304,0.731146899,0.083494867,0.330166539,0.739695677,2011,State,All,HH Size,state,99,Jharkhand,NA,NA,NA,NA,NA,NA,NA,NA,NA,NA,NA,NA,1,0,0,0,NA,NA
1636,0.459449952,0.909723554,0.993016969,0.621206766,0.876035264,0.993016969,2011,State,All,HH Size,state,99,Odisha,NA,NA,NA,NA,NA,NA,NA,NA,NA,NA,NA,NA,0,0,0,1,NA,NA
1637,0.260216759,0.827152827,0.982127967,0.455518023,0.798409325,0.982127967,2011,State,All,HH Size,state,99,Odisha,NA,NA,NA,NA,NA,NA,NA,NA,NA,NA,NA,NA,0,0,1,0,NA,NA
1638,0.12319769,0.582295217,0.930593649,0.223217057,0.525926398,0.930667297,2011,State,All,HH Size,state,99,Odisha,NA,NA,NA,NA,NA,NA,NA,NA,NA,NA,NA,NA,0,1,0,0,NA,NA
1639,0.122794761,0.370411438,0.763078698,0.163338609,0.3332352,0.763078698,2011,State,All,HH Size,state,99,Odisha,NA,NA,NA,NA,NA,NA,NA,NA,NA,NA,NA,NA,1,0,0,0,NA,NA
1640,0.334500508,0.83698162,0.977715422,0.484532389,0.807831704,0.977715422,2011,State,All,HH Size,state,99,Chhattisgarh,NA,NA,NA,NA,NA,NA,NA,NA,NA,NA,NA,NA,0,0,0,1,NA,NA
1641,0.244390509,0.781884026,0.961299736,0.373078222,0.743390328,0.963493939,2011,State,All,HH Size,state,99,Chhattisgarh,NA,NA,NA,NA,NA,NA,NA,NA,NA,NA,NA,NA,0,0,1,0,NA,NA
1642,0.073374825,0.642850056,0.932340873,0.161124297,0.619077751,0.932340873,2011,State,All,HH Size,state,99,Chhattisgarh,NA,NA,NA,NA,NA,NA,NA,NA,NA,NA,NA,NA,0,1,0,0,NA,NA
1643,0.099040214,0.422495467,0.831493813,0.179494105,0.422495467,0.835576142,2011,State,All,HH Size,state,99,Chhattisgarh,NA,NA,NA,NA,NA,NA,NA,NA,NA,NA,NA,NA,1,0,0,0,NA,NA
1644,0.364146588,0.820295821,0.974379181,0.531872637,0.794226688,0.974379181,2011,State,All,HH Size,state,99,Madhya Pradesh,NA,NA,NA,NA,NA,NA,NA,NA,NA,NA,NA,NA,0,0,0,1,NA,NA
1645,0.305419107,0.768681865,0.964116811,0.447213619,0.733285896,0.964189541,2011,State,All,HH Size,state,99,Madhya Pradesh,NA,NA,NA,NA,NA,NA,NA,NA,NA,NA,NA,NA,0,0,1,0,NA,NA
1646,0.100616427,0.567307827,0.883784181,0.188597189,0.530624589,0.885609478,2011,State,All,HH Size,state,99,Madhya Pradesh,NA,NA,NA,NA,NA,NA,NA,NA,NA,NA,NA,NA,0,1,0,0,NA,NA
1647,0.09391844,0.30731557,0.633310059,0.116028273,0.278837092,0.633310059,2011,State,All,HH Size,state,99,Madhya Pradesh,NA,NA,NA,NA,NA,NA,NA,NA,NA,NA,NA,NA,1,0,0,0,NA,NA
1648,0.299840455,0.802625328,0.9888456,0.466463407,0.777941451,0.9888456,2011,State,All,HH Size,state,99,Gujarat,NA,NA,NA,NA,NA,NA,NA,NA,NA,NA,NA,NA,0,0,0,1,NA,NA
1649,0.13154515,0.59640659,0.953870369,0.24708901,0.562197161,0.953870369,2011,State,All,HH Size,state,99,Gujarat,NA,NA,NA,NA,NA,NA,NA,NA,NA,NA,NA,NA,0,0,1,0,NA,NA
1650,0.059939242,0.354130335,0.877921781,0.093529553,0.328229691,0.877931004,2011,State,All,HH Size,state,99,Gujarat,NA,NA,NA,NA,NA,NA,NA,NA,NA,NA,NA,NA,0,1,0,0,NA,NA
1651,0.033847202,0.200211623,0.883645729,0.033847202,0.117592763,0.883645729,2011,State,All,HH Size,state,99,Gujarat,NA,NA,NA,NA,NA,NA,NA,NA,NA,NA,NA,NA,1,0,0,0,NA,NA
1652,0.521746004,0.77258096,0.989669662,0.591540017,0.748684195,0.989669662,2011,State,All,HH Size,state,99,Daman & Diu & D & N Haveli,NA,NA,NA,NA,NA,NA,NA,NA,NA,NA,NA,NA,0,0,0,1,NA,NA
1653,0.153652347,0.661890154,0.926216141,0.209354688,0.567419681,0.926216141,2011,State,All,HH Size,state,99,Daman & Diu & D & N Haveli,NA,NA,NA,NA,NA,NA,NA,NA,NA,NA,NA,NA,0,0,1,0,NA,NA
1654,0.004809034,0.44517967,0.916938913,0.045735795,0.355854349,0.916938913,2011,State,All,HH Size,state,99,Daman & Diu & D & N Haveli,NA,NA,NA,NA,NA,NA,NA,NA,NA,NA,NA,NA,0,1,0,0,NA,NA
1655,0.130876246,0.245082261,0.621048259,0.130876246,0.222228237,0.621048259,2011,State,All,HH Size,state,99,Daman & Diu & D & N Haveli,NA,NA,NA,NA,NA,NA,NA,NA,NA,NA,NA,NA,1,0,0,0,NA,NA
1656,0.171384422,0.731987457,0.968474869,0.290098909,0.680643907,0.968474869,2011,State,All,HH Size,state,99,Maharashtra,NA,NA,NA,NA,NA,NA,NA,NA,NA,NA,NA,NA,0,0,0,1,NA,NA
1657,0.086089297,0.549360162,0.918651325,0.167814501,0.501404207,0.919038863,2011,State,All,HH Size,state,99,Maharashtra,NA,NA,NA,NA,NA,NA,NA,NA,NA,NA,NA,NA,0,0,1,0,NA,NA
1658,0.029141893,0.344526368,0.790769099,0.072192405,0.2995634,0.790769099,2011,State,All,HH Size,state,99,Maharashtra,NA,NA,NA,NA,NA,NA,NA,NA,NA,NA,NA,NA,0,1,0,0,NA,NA
1659,0.018112999,0.233394472,0.558187977,0.026638704,0.198083992,0.562150299,2011,State,All,HH Size,state,99,Maharashtra,NA,NA,NA,NA,NA,NA,NA,NA,NA,NA,NA,NA,1,0,0,0,NA,NA
1660,0.106686766,0.704906003,0.991470904,0.312940278,0.647541111,0.993875714,2011,State,All,HH Size,state,99,Andhra Pradesh,NA,NA,NA,NA,NA,NA,NA,NA,NA,NA,NA,NA,0,0,0,1,NA,NA
1661,0.05372638,0.508156936,0.937016344,0.132957665,0.440000202,0.938912368,2011,State,All,HH Size,state,99,Andhra Pradesh,NA,NA,NA,NA,NA,NA,NA,NA,NA,NA,NA,NA,0,0,1,0,NA,NA
1662,0.022801219,0.275069308,0.821500832,0.055862238,0.214676088,0.822111907,2011,State,All,HH Size,state,99,Andhra Pradesh,NA,NA,NA,NA,NA,NA,NA,NA,NA,NA,NA,NA,0,1,0,0,NA,NA
1663,0.026179588,0.254756948,0.69507728,0.034213099,0.174529384,0.69507728,2011,State,All,HH Size,state,99,Andhra Pradesh,NA,NA,NA,NA,NA,NA,NA,NA,NA,NA,NA,NA,1,0,0,0,NA,NA
1664,0.136186383,0.730793883,0.959371579,0.271207408,0.708445128,0.961647894,2011,State,All,HH Size,state,99,Karnataka,NA,NA,NA,NA,NA,NA,NA,NA,NA,NA,NA,NA,0,0,0,1,NA,NA
1665,0.040871869,0.512374958,0.911245631,0.109610824,0.450876969,0.912966097,2011,State,All,HH Size,state,99,Karnataka,NA,NA,NA,NA,NA,NA,NA,NA,NA,NA,NA,NA,0,0,1,0,NA,NA
1666,0.007038232,0.214801193,0.763207696,0.025924827,0.16403284,0.763473026,2011,State,All,HH Size,state,99,Karnataka,NA,NA,NA,NA,NA,NA,NA,NA,NA,NA,NA,NA,0,1,0,0,NA,NA
1667,0.02436462,0.13886911,0.433487278,0.048833098,0.135804385,0.433487278,2011,State,All,HH Size,state,99,Karnataka,NA,NA,NA,NA,NA,NA,NA,NA,NA,NA,NA,NA,1,0,0,0,NA,NA
1668,0.161401621,0.639691722,0.949487011,0.183939193,0.625453669,0.949487011,2011,State,All,HH Size,state,99,Goa,NA,NA,NA,NA,NA,NA,NA,NA,NA,NA,NA,NA,0,0,0,1,NA,NA
1669,0.017753099,0.254408058,0.890724059,0.031813799,0.223318111,0.893878298,2011,State,All,HH Size,state,99,Goa,NA,NA,NA,NA,NA,NA,NA,NA,NA,NA,NA,NA,0,0,1,0,NA,NA
1670,0.002270653,0.107803414,0.590649514,0.00309786,0.107803414,0.590649514,2011,State,All,HH Size,state,99,Goa,NA,NA,NA,NA,NA,NA,NA,NA,NA,NA,NA,NA,0,1,0,0,NA,NA
1671,0,0.024694591,0.241830704,0,0.023664652,0.241830704,2011,State,All,HH Size,state,99,Goa,NA,NA,NA,NA,NA,NA,NA,NA,NA,NA,NA,NA,1,0,0,0,NA,NA
1672,0,0.116426631,0.876794875,0,0.078133956,0.876794875,2011,State,All,HH Size,state,99,Lakshadweep,NA,NA,NA,NA,NA,NA,NA,NA,NA,NA,NA,NA,0,0,0,1,NA,NA
1673,0,0.105746984,0.563222023,0,0.092670607,0.563222023,2011,State,All,HH Size,state,99,Lakshadweep,NA,NA,NA,NA,NA,NA,NA,NA,NA,NA,NA,NA,0,0,1,0,NA,NA
1674,0,0.022567316,0.210625395,0,0.022567316,0.210625395,2011,State,All,HH Size,state,99,Lakshadweep,NA,NA,NA,NA,NA,NA,NA,NA,NA,NA,NA,NA,0,1,0,0,NA,NA
1675,0,0,0.075474461,0,0,0.075474461,2011,State,All,HH Size,state,99,Lakshadweep,NA,NA,NA,NA,NA,NA,NA,NA,NA,NA,NA,NA,1,0,0,0,NA,NA
1676,0.070258669,0.599252997,0.954334251,0.163288249,0.528285672,0.954334251,2011,State,All,HH Size,state,99,Kerala,NA,NA,NA,NA,NA,NA,NA,NA,NA,NA,NA,NA,0,0,0,1,NA,NA
1677,0.023111254,0.286482552,0.844674609,0.049409241,0.243783709,0.845309059,2011,State,All,HH Size,state,99,Kerala,NA,NA,NA,NA,NA,NA,NA,NA,NA,NA,NA,NA,0,0,1,0,NA,NA
1678,0.011210372,0.096957319,0.534362366,0.023020468,0.083200383,0.53616175,2011,State,All,HH Size,state,99,Kerala,NA,NA,NA,NA,NA,NA,NA,NA,NA,NA,NA,NA,0,1,0,0,NA,NA
1679,0.011369453,0.084721882,0.350706944,0.019385911,0.071028558,0.350706944,2011,State,All,HH Size,state,99,Kerala,NA,NA,NA,NA,NA,NA,NA,NA,NA,NA,NA,NA,1,0,0,0,NA,NA
1680,0.121905062,0.675376464,0.954558606,0.284723103,0.617921417,0.957577098,2011,State,All,HH Size,state,99,Tamil Nadu,NA,NA,NA,NA,NA,NA,NA,NA,NA,NA,NA,NA,0,0,0,1,NA,NA
1681,0.055463388,0.447331812,0.909671186,0.11263548,0.394864358,0.910728757,2011,State,All,HH Size,state,99,Tamil Nadu,NA,NA,NA,NA,NA,NA,NA,NA,NA,NA,NA,NA,0,0,1,0,NA,NA
1682,0.019624424,0.19067135,0.764724685,0.032686352,0.159219338,0.767837281,2011,State,All,HH Size,state,99,Tamil Nadu,NA,NA,NA,NA,NA,NA,NA,NA,NA,NA,NA,NA,0,1,0,0,NA,NA
1683,0.032393802,0.219422374,0.594185465,0.056034171,0.185335402,0.594185465,2011,State,All,HH Size,state,99,Tamil Nadu,NA,NA,NA,NA,NA,NA,NA,NA,NA,NA,NA,NA,1,0,0,0,NA,NA
1684,0,0.195126878,0.959646909,0.054985187,0.146833031,0.959646909,2011,State,All,HH Size,state,99,Puducherry,NA,NA,NA,NA,NA,NA,NA,NA,NA,NA,NA,NA,0,0,0,1,NA,NA
1685,0.005833017,0.26863221,0.853080735,0.034575719,0.19291136,0.853080735,2011,State,All,HH Size,state,99,Puducherry,NA,NA,NA,NA,NA,NA,NA,NA,NA,NA,NA,NA,0,0,1,0,NA,NA
1686,0.006028431,0.104403151,0.643994283,0.011025283,0.087163497,0.643994283,2011,State,All,HH Size,state,99,Puducherry,NA,NA,NA,NA,NA,NA,NA,NA,NA,NA,NA,NA,0,1,0,0,NA,NA
1687,0,0.01530339,0.535761254,0.000389589,0.004257021,0.535761254,2011,State,All,HH Size,state,99,Puducherry,NA,NA,NA,NA,NA,NA,NA,NA,NA,NA,NA,NA,1,0,0,0,NA,NA
1688,0,0.123729309,0.936070895,0,0.031207097,0.936070895,2011,State,All,HH Size,state,99,A & N Island,NA,NA,NA,NA,NA,NA,NA,NA,NA,NA,NA,NA,0,0,0,1,NA,NA
1689,0,0.06309226,0.639934043,0.00524176,0.046574845,0.642183822,2011,State,All,HH Size,state,99,A & N Island,NA,NA,NA,NA,NA,NA,NA,NA,NA,NA,NA,NA,0,0,1,0,NA,NA
1690,0,0.00693861,0.340738418,0,0.005747546,0.340738418,2011,State,All,HH Size,state,99,A & N Island,NA,NA,NA,NA,NA,NA,NA,NA,NA,NA,NA,NA,0,1,0,0,NA,NA
1691,0,0.005299153,0.210065299,0,0.005299153,0.210065299,2011,State,All,HH Size,state,99,A & N Island,NA,NA,NA,NA,NA,NA,NA,NA,NA,NA,NA,NA,1,0,0,0,NA,NA
1692,0.06668644,0.633713453,0.86718278,0.175960243,0.607021866,0.86718278,2011,State,All,HH Size,state,99,Telangana,NA,NA,NA,NA,NA,NA,NA,NA,NA,NA,NA,NA,0,0,0,1,NA,NA
1693,0.039013878,0.474570067,0.938188388,0.085125224,0.399862854,0.939395197,2011,State,All,HH Size,state,99,Telangana,NA,NA,NA,NA,NA,NA,NA,NA,NA,NA,NA,NA,0,0,1,0,NA,NA
1694,0.011754323,0.246158432,0.817291046,0.039105758,0.215748268,0.819242839,2011,State,All,HH Size,state,99,Telangana,NA,NA,NA,NA,NA,NA,NA,NA,NA,NA,NA,NA,0,1,0,0,NA,NA
1695,0.026782857,0.201331891,0.544767036,0.083220811,0.197424484,0.544767036,2011,State,All,HH Size,state,99,Telangana,NA,NA,NA,NA,NA,NA,NA,NA,NA,NA,NA,NA,1,0,0,0,NA,NA
1696,0,0.455706515,0.994812468,0,0.21346131,0.994812468,2011,State,All,HH Size,state,99,Ladakh,NA,NA,NA,NA,NA,NA,NA,NA,NA,NA,NA,NA,0,0,0,1,NA,NA
1697,0,0.207079137,0.884352576,0.006123215,0.178653152,0.884352576,2011,State,All,HH Size,state,99,Ladakh,NA,NA,NA,NA,NA,NA,NA,NA,NA,NA,NA,NA,0,0,1,0,NA,NA
1698,0,0.046256387,0.675820302,0,0,0.675820302,2011,State,All,HH Size,state,99,Ladakh,NA,NA,NA,NA,NA,NA,NA,NA,NA,NA,NA,NA,0,1,0,0,NA,NA
1699,0,0,0.032589285,0,0,0.032589285,2011,State,All,HH Size,state,99,Ladakh,NA,NA,NA,NA,NA,NA,NA,NA,NA,NA,NA,NA,1,0,0,0,NA,NA
1700,0.081058233,0.561158706,0.979303379,0.12605065,0.461351952,0.979303379,2011,State,urban/rural,HH Size,sector_state,0,Jammu & Kashmir,NA,NA,NA,NA,NA,NA,NA,NA,NA,NA,NA,NA,0,0,0,1,NA,NA
1701,0.011434349,0.323045211,0.924214891,0.049535637,0.272878523,0.924214891,2011,State,urban/rural,HH Size,sector_state,0,Jammu & Kashmir,NA,NA,NA,NA,NA,NA,NA,NA,NA,NA,NA,NA,0,0,1,0,NA,NA
1702,0,0.095830681,0.647392958,0,0.072623845,0.65036577,2011,State,urban/rural,HH Size,sector_state,0,Jammu & Kashmir,NA,NA,NA,NA,NA,NA,NA,NA,NA,NA,NA,NA,0,1,0,0,NA,NA
1703,0,0.102895731,0.735631817,0,0.044227608,0.735631817,2011,State,urban/rural,HH Size,sector_state,0,Jammu & Kashmir,NA,NA,NA,NA,NA,NA,NA,NA,NA,NA,NA,NA,1,0,0,0,NA,NA
1704,0.066487202,0.585934174,0.966499638,0.123569625,0.545674523,0.966499638,2011,State,urban/rural,HH Size,sector_state,0,Himachal Pradesh,NA,NA,NA,NA,NA,NA,NA,NA,NA,NA,NA,NA,0,0,0,1,NA,NA
1705,0.020323206,0.308750916,0.910687935,0.034331509,0.265800582,0.911974408,2011,State,urban/rural,HH Size,sector_state,0,Himachal Pradesh,NA,NA,NA,NA,NA,NA,NA,NA,NA,NA,NA,NA,0,0,1,0,NA,NA
1706,0.000632068,0.092144849,0.682020225,0.009458037,0.064028666,0.687334831,2011,State,urban/rural,HH Size,sector_state,0,Himachal Pradesh,NA,NA,NA,NA,NA,NA,NA,NA,NA,NA,NA,NA,0,1,0,0,NA,NA
1707,0,0.019154035,0.231173231,0,0.019154035,0.231173231,2011,State,urban/rural,HH Size,sector_state,0,Himachal Pradesh,NA,NA,NA,NA,NA,NA,NA,NA,NA,NA,NA,NA,1,0,0,0,NA,NA
1708,0.078600758,0.450663419,0.8949598,0.138893409,0.420489583,0.8949598,2011,State,urban/rural,HH Size,sector_state,0,Punjab,NA,NA,NA,NA,NA,NA,NA,NA,NA,NA,NA,NA,0,0,0,1,NA,NA
1709,0.025125207,0.405820154,0.884952828,0.075284362,0.358477526,0.885535257,2011,State,urban/rural,HH Size,sector_state,0,Punjab,NA,NA,NA,NA,NA,NA,NA,NA,NA,NA,NA,NA,0,0,1,0,NA,NA
1710,0.012589821,0.205272249,0.806777979,0.028082824,0.161675966,0.80877106,2011,State,urban/rural,HH Size,sector_state,0,Punjab,NA,NA,NA,NA,NA,NA,NA,NA,NA,NA,NA,NA,0,1,0,0,NA,NA
1711,0,0.002010263,0.531024456,0,0,0.531024456,2011,State,urban/rural,HH Size,sector_state,0,Punjab,NA,NA,NA,NA,NA,NA,NA,NA,NA,NA,NA,NA,1,0,0,0,NA,NA
1712,0,0.773819394,0.993910456,0.274072137,0.773819394,0.993910456,2011,State,urban/rural,HH Size,sector_state,0,Chandigarh,NA,NA,NA,NA,NA,NA,NA,NA,NA,NA,NA,NA,0,0,0,1,NA,NA
1713,0,0.292907984,0.797367165,0,0.292907984,0.797367165,2011,State,urban/rural,HH Size,sector_state,0,Chandigarh,NA,NA,NA,NA,NA,NA,NA,NA,NA,NA,NA,NA,0,0,1,0,NA,NA
1714,0,0.141433725,0.723870809,0,0.141433725,0.723870809,2011,State,urban/rural,HH Size,sector_state,0,Chandigarh,NA,NA,NA,NA,NA,NA,NA,NA,NA,NA,NA,NA,0,1,0,0,NA,NA
1715,0,0,0,0,0,0,2011,State,urban/rural,HH Size,sector_state,0,Chandigarh,NA,NA,NA,NA,NA,NA,NA,NA,NA,NA,NA,NA,1,0,0,0,NA,NA
1716,0.086985441,0.757503221,0.991031448,0.1563039,0.700455622,0.991031448,2011,State,urban/rural,HH Size,sector_state,0,Uttrakhand,NA,NA,NA,NA,NA,NA,NA,NA,NA,NA,NA,NA,0,0,0,1,NA,NA
1717,0.018245907,0.473632192,0.926572801,0.041094848,0.44111424,0.926572801,2011,State,urban/rural,HH Size,sector_state,0,Uttrakhand,NA,NA,NA,NA,NA,NA,NA,NA,NA,NA,NA,NA,0,0,1,0,NA,NA
1718,0.002394427,0.166785638,0.842883598,0.006955051,0.146279773,0.847940016,2011,State,urban/rural,HH Size,sector_state,0,Uttrakhand,NA,NA,NA,NA,NA,NA,NA,NA,NA,NA,NA,NA,0,1,0,0,NA,NA
1719,0.029054872,0.066815334,0.615386399,0.053918,0.066815334,0.615386399,2011,State,urban/rural,HH Size,sector_state,0,Uttrakhand,NA,NA,NA,NA,NA,NA,NA,NA,NA,NA,NA,NA,1,0,0,0,NA,NA
1720,0.102146202,0.531717725,0.976255915,0.17599781,0.479543706,0.976255915,2011,State,urban/rural,HH Size,sector_state,0,Haryana,NA,NA,NA,NA,NA,NA,NA,NA,NA,NA,NA,NA,0,0,0,1,NA,NA
1721,0.042046566,0.393353232,0.881857031,0.091309667,0.334790188,0.881857031,2011,State,urban/rural,HH Size,sector_state,0,Haryana,NA,NA,NA,NA,NA,NA,NA,NA,NA,NA,NA,NA,0,0,1,0,NA,NA
1722,0.040055232,0.222224427,0.688814128,0.053331206,0.214352814,0.688814128,2011,State,urban/rural,HH Size,sector_state,0,Haryana,NA,NA,NA,NA,NA,NA,NA,NA,NA,NA,NA,NA,0,1,0,0,NA,NA
1723,0,0.03388911,0.200476284,0.002737138,0.026611633,0.200476284,2011,State,urban/rural,HH Size,sector_state,0,Haryana,NA,NA,NA,NA,NA,NA,NA,NA,NA,NA,NA,NA,1,0,0,0,NA,NA
1724,0.079261011,0.422338561,1,0.079261011,0.422338561,1,2011,State,urban/rural,HH Size,sector_state,0,Delhi,NA,NA,NA,NA,NA,NA,NA,NA,NA,NA,NA,NA,0,0,0,1,NA,NA
1725,0.0286944,0.283578035,0.777933026,0.029293016,0.283578035,0.777933026,2011,State,urban/rural,HH Size,sector_state,0,Delhi,NA,NA,NA,NA,NA,NA,NA,NA,NA,NA,NA,NA,0,0,1,0,NA,NA
1726,0,0.021069517,0.239450453,0,0.000691881,0.239450453,2011,State,urban/rural,HH Size,sector_state,0,Delhi,NA,NA,NA,NA,NA,NA,NA,NA,NA,NA,NA,NA,0,1,0,0,NA,NA
1727,0,0,0.941749047,0,0,0.941749047,2011,State,urban/rural,HH Size,sector_state,0,Delhi,NA,NA,NA,NA,NA,NA,NA,NA,NA,NA,NA,NA,1,0,0,0,NA,NA
1728,0.143653974,0.722171862,0.983984929,0.266500537,0.670389959,0.983984929,2011,State,urban/rural,HH Size,sector_state,0,Rajasthan,NA,NA,NA,NA,NA,NA,NA,NA,NA,NA,NA,NA,0,0,0,1,NA,NA
1729,0.108875363,0.62010922,0.969672295,0.218292983,0.570833842,0.970879654,2011,State,urban/rural,HH Size,sector_state,0,Rajasthan,NA,NA,NA,NA,NA,NA,NA,NA,NA,NA,NA,NA,0,0,1,0,NA,NA
1730,0.0510707,0.383135999,0.868655018,0.121253278,0.357956979,0.868655018,2011,State,urban/rural,HH Size,sector_state,0,Rajasthan,NA,NA,NA,NA,NA,NA,NA,NA,NA,NA,NA,NA,0,1,0,0,NA,NA
1731,0.034593278,0.23098667,0.738771875,0.084597084,0.18894814,0.744285775,2011,State,urban/rural,HH Size,sector_state,0,Rajasthan,NA,NA,NA,NA,NA,NA,NA,NA,NA,NA,NA,NA,1,0,0,0,NA,NA
1732,0.366912646,0.889517641,0.992191872,0.538758433,0.866871568,0.992191872,2011,State,urban/rural,HH Size,sector_state,0,Uttar Pradesh,NA,NA,NA,NA,NA,NA,NA,NA,NA,NA,NA,NA,0,0,0,1,NA,NA
1733,0.250124034,0.776282873,0.979077388,0.398664824,0.744314547,0.979255881,2011,State,urban/rural,HH Size,sector_state,0,Uttar Pradesh,NA,NA,NA,NA,NA,NA,NA,NA,NA,NA,NA,NA,0,0,1,0,NA,NA
1734,0.07196947,0.540205682,0.939065961,0.1670297,0.493029058,0.939065961,2011,State,urban/rural,HH Size,sector_state,0,Uttar Pradesh,NA,NA,NA,NA,NA,NA,NA,NA,NA,NA,NA,NA,0,1,0,0,NA,NA
1735,0.074660374,0.365731221,0.731228755,0.1221205,0.267298536,0.731228755,2011,State,urban/rural,HH Size,sector_state,0,Uttar Pradesh,NA,NA,NA,NA,NA,NA,NA,NA,NA,NA,NA,NA,1,0,0,0,NA,NA
1736,0.343495624,0.910199529,0.995866856,0.528945895,0.883921171,0.995866856,2011,State,urban/rural,HH Size,sector_state,0,Bihar,NA,NA,NA,NA,NA,NA,NA,NA,NA,NA,NA,NA,0,0,0,1,NA,NA
1737,0.205266248,0.837689351,0.997189445,0.387907829,0.794511638,0.997251295,2011,State,urban/rural,HH Size,sector_state,0,Bihar,NA,NA,NA,NA,NA,NA,NA,NA,NA,NA,NA,NA,0,0,1,0,NA,NA
1738,0.066694908,0.559688814,0.972039528,0.144116275,0.491484012,0.972039528,2011,State,urban/rural,HH Size,sector_state,0,Bihar,NA,NA,NA,NA,NA,NA,NA,NA,NA,NA,NA,NA,0,1,0,0,NA,NA
1739,0.043944781,0.244038034,0.536791523,0.051376097,0.206969575,0.536791523,2011,State,urban/rural,HH Size,sector_state,0,Bihar,NA,NA,NA,NA,NA,NA,NA,NA,NA,NA,NA,NA,1,0,0,0,NA,NA
1740,0.029373701,0.8809152,1,0.273017806,0.811226336,1,2011,State,urban/rural,HH Size,sector_state,0,Sikkim,NA,NA,NA,NA,NA,NA,NA,NA,NA,NA,NA,NA,0,0,0,1,NA,NA
1741,0.018430627,0.736866171,0.989735252,0.094937987,0.676054055,0.989735252,2011,State,urban/rural,HH Size,sector_state,0,Sikkim,NA,NA,NA,NA,NA,NA,NA,NA,NA,NA,NA,NA,0,0,1,0,NA,NA
1742,0.037131018,0.445399634,0.944442122,0.058165949,0.374381139,0.944442122,2011,State,urban/rural,HH Size,sector_state,0,Sikkim,NA,NA,NA,NA,NA,NA,NA,NA,NA,NA,NA,NA,0,1,0,0,NA,NA
1743,0,0.162654229,0.846312239,0,0.128545222,0.846312239,2011,State,urban/rural,HH Size,sector_state,0,Sikkim,NA,NA,NA,NA,NA,NA,NA,NA,NA,NA,NA,NA,1,0,0,0,NA,NA
1744,0.361201509,0.747179501,0.941230749,0.488111551,0.746007988,0.941230749,2011,State,urban/rural,HH Size,sector_state,0,Arunachal Pradesh,NA,NA,NA,NA,NA,NA,NA,NA,NA,NA,NA,NA,0,0,0,1,NA,NA
1745,0.289485257,0.624282098,0.870235908,0.39294086,0.601516177,0.870235908,2011,State,urban/rural,HH Size,sector_state,0,Arunachal Pradesh,NA,NA,NA,NA,NA,NA,NA,NA,NA,NA,NA,NA,0,0,1,0,NA,NA
1746,0.094576039,0.38503089,0.815948908,0.142202416,0.372162104,0.815948908,2011,State,urban/rural,HH Size,sector_state,0,Arunachal Pradesh,NA,NA,NA,NA,NA,NA,NA,NA,NA,NA,NA,NA,0,1,0,0,NA,NA
1747,0.045636959,0.114276478,0.390633054,0.055369518,0.088624111,0.390633054,2011,State,urban/rural,HH Size,sector_state,0,Arunachal Pradesh,NA,NA,NA,NA,NA,NA,NA,NA,NA,NA,NA,NA,1,0,0,0,NA,NA
1748,0.027772639,0.681343316,0.981950863,0.252245486,0.645491567,0.981950863,2011,State,urban/rural,HH Size,sector_state,0,Nagaland,NA,NA,NA,NA,NA,NA,NA,NA,NA,NA,NA,NA,0,0,0,1,NA,NA
1749,0.050573597,0.559954451,0.95259459,0.103300779,0.486438668,0.953010258,2011,State,urban/rural,HH Size,sector_state,0,Nagaland,NA,NA,NA,NA,NA,NA,NA,NA,NA,NA,NA,NA,0,0,1,0,NA,NA
1750,0,0.412539058,0.891044471,0,0.405400456,0.891044471,2011,State,urban/rural,HH Size,sector_state,0,Nagaland,NA,NA,NA,NA,NA,NA,NA,NA,NA,NA,NA,NA,0,1,0,0,NA,NA
1751,0,0,0,0,0,0,2011,State,urban/rural,HH Size,sector_state,0,Nagaland,NA,NA,NA,NA,NA,NA,NA,NA,NA,NA,NA,NA,1,0,0,0,NA,NA
1752,0.482307558,0.890840071,0.994859596,0.612632099,0.870378123,0.994859596,2011,State,urban/rural,HH Size,sector_state,0,Manipur,NA,NA,NA,NA,NA,NA,NA,NA,NA,NA,NA,NA,0,0,0,1,NA,NA
1753,0.316051848,0.824317627,0.989316265,0.494613341,0.798582401,0.989980672,2011,State,urban/rural,HH Size,sector_state,0,Manipur,NA,NA,NA,NA,NA,NA,NA,NA,NA,NA,NA,NA,0,0,1,0,NA,NA
1754,0.166160091,0.691812882,0.960202514,0.3358752,0.631707804,0.960202514,2011,State,urban/rural,HH Size,sector_state,0,Manipur,NA,NA,NA,NA,NA,NA,NA,NA,NA,NA,NA,NA,0,1,0,0,NA,NA
1755,0,0.235599877,0.962571699,0.206169205,0.235599877,0.962571699,2011,State,urban/rural,HH Size,sector_state,0,Manipur,NA,NA,NA,NA,NA,NA,NA,NA,NA,NA,NA,NA,1,0,0,0,NA,NA
1756,0.16139887,0.664299599,0.991739099,0.198872951,0.611818546,0.991739099,2011,State,urban/rural,HH Size,sector_state,0,Mizoram,NA,NA,NA,NA,NA,NA,NA,NA,NA,NA,NA,NA,0,0,0,1,NA,NA
1757,0.071372085,0.600790668,0.953340849,0.170920431,0.526108559,0.953340849,2011,State,urban/rural,HH Size,sector_state,0,Mizoram,NA,NA,NA,NA,NA,NA,NA,NA,NA,NA,NA,NA,0,0,1,0,NA,NA
1758,0.003543363,0.367110181,0.901651409,0.034941724,0.325844004,0.901651409,2011,State,urban/rural,HH Size,sector_state,0,Mizoram,NA,NA,NA,NA,NA,NA,NA,NA,NA,NA,NA,NA,0,1,0,0,NA,NA
1759,0,0.316250935,0.69466799,0.148982138,0.316250935,0.69466799,2011,State,urban/rural,HH Size,sector_state,0,Mizoram,NA,NA,NA,NA,NA,NA,NA,NA,NA,NA,NA,NA,1,0,0,0,NA,NA
1760,0.146887964,0.838838116,0.9979142,0.269838468,0.753597103,0.9979142,2011,State,urban/rural,HH Size,sector_state,0,Tripura,NA,NA,NA,NA,NA,NA,NA,NA,NA,NA,NA,NA,0,0,0,1,NA,NA
1761,0.084222391,0.674519846,0.980130338,0.198654955,0.603581384,0.980130338,2011,State,urban/rural,HH Size,sector_state,0,Tripura,NA,NA,NA,NA,NA,NA,NA,NA,NA,NA,NA,NA,0,0,1,0,NA,NA
1762,0.031728359,0.410074513,0.918235118,0.068656673,0.372075087,0.920346711,2011,State,urban/rural,HH Size,sector_state,0,Tripura,NA,NA,NA,NA,NA,NA,NA,NA,NA,NA,NA,NA,0,1,0,0,NA,NA
1763,0.011621395,0.221355658,0.829910578,0.070154203,0.216091853,0.829910578,2011,State,urban/rural,HH Size,sector_state,0,Tripura,NA,NA,NA,NA,NA,NA,NA,NA,NA,NA,NA,NA,1,0,0,0,NA,NA
1764,0.175124365,0.852214439,0.994564297,0.355615184,0.824420834,0.994564297,2011,State,urban/rural,HH Size,sector_state,0,Meghalaya,NA,NA,NA,NA,NA,NA,NA,NA,NA,NA,NA,NA,0,0,0,1,NA,NA
1765,0.025698258,0.669600008,0.981279227,0.106819823,0.630730282,0.981279227,2011,State,urban/rural,HH Size,sector_state,0,Meghalaya,NA,NA,NA,NA,NA,NA,NA,NA,NA,NA,NA,NA,0,0,1,0,NA,NA
1766,0,0.232178926,0.898202574,0.005160767,0.182726183,0.912965004,2011,State,urban/rural,HH Size,sector_state,0,Meghalaya,NA,NA,NA,NA,NA,NA,NA,NA,NA,NA,NA,NA,0,1,0,0,NA,NA
1767,0.328776962,0.493165442,0.903077987,0.328776962,0.493165442,0.903077987,2011,State,urban/rural,HH Size,sector_state,0,Meghalaya,NA,NA,NA,NA,NA,NA,NA,NA,NA,NA,NA,NA,1,0,0,0,NA,NA
1768,0.374557903,0.884977355,0.998963853,0.562252626,0.875558928,0.998963853,2011,State,urban/rural,HH Size,sector_state,0,Assam,NA,NA,NA,NA,NA,NA,NA,NA,NA,NA,NA,NA,0,0,0,1,NA,NA
1769,0.20704961,0.809700794,0.98526787,0.374087493,0.763323223,0.986336431,2011,State,urban/rural,HH Size,sector_state,0,Assam,NA,NA,NA,NA,NA,NA,NA,NA,NA,NA,NA,NA,0,0,1,0,NA,NA
1770,0.046778301,0.47279308,0.948867298,0.067226269,0.407278842,0.948867298,2011,State,urban/rural,HH Size,sector_state,0,Assam,NA,NA,NA,NA,NA,NA,NA,NA,NA,NA,NA,NA,0,1,0,0,NA,NA
1771,0.04590258,0.214788229,0.770949825,0.070146573,0.204738486,0.770949825,2011,State,urban/rural,HH Size,sector_state,0,Assam,NA,NA,NA,NA,NA,NA,NA,NA,NA,NA,NA,NA,1,0,0,0,NA,NA
1772,0.224687091,0.814918298,0.974115988,0.395557472,0.749977148,0.974115988,2011,State,urban/rural,HH Size,sector_state,0,West Bengal,NA,NA,NA,NA,NA,NA,NA,NA,NA,NA,NA,NA,0,0,0,1,NA,NA
1773,0.219029801,0.781598357,0.981359772,0.360276677,0.74369825,0.981379649,2011,State,urban/rural,HH Size,sector_state,0,West Bengal,NA,NA,NA,NA,NA,NA,NA,NA,NA,NA,NA,NA,0,0,1,0,NA,NA
1774,0.111757951,0.64415345,0.948128966,0.239301371,0.585668176,0.94845921,2011,State,urban/rural,HH Size,sector_state,0,West Bengal,NA,NA,NA,NA,NA,NA,NA,NA,NA,NA,NA,NA,0,1,0,0,NA,NA
1775,0.037627337,0.403617431,0.91164637,0.121971852,0.38264937,0.91164637,2011,State,urban/rural,HH Size,sector_state,0,West Bengal,NA,NA,NA,NA,NA,NA,NA,NA,NA,NA,NA,NA,1,0,0,0,NA,NA
1776,0.434776669,0.940699135,0.999862973,0.647282458,0.92527719,0.999862973,2011,State,urban/rural,HH Size,sector_state,0,Jharkhand,NA,NA,NA,NA,NA,NA,NA,NA,NA,NA,NA,NA,0,0,0,1,NA,NA
1777,0.274714414,0.891817576,0.992301117,0.475531493,0.862169409,0.992301117,2011,State,urban/rural,HH Size,sector_state,0,Jharkhand,NA,NA,NA,NA,NA,NA,NA,NA,NA,NA,NA,NA,0,0,1,0,NA,NA
1778,0.105234846,0.686982548,0.948116381,0.291756756,0.656589861,0.948116381,2011,State,urban/rural,HH Size,sector_state,0,Jharkhand,NA,NA,NA,NA,NA,NA,NA,NA,NA,NA,NA,NA,0,1,0,0,NA,NA
1779,0.056307236,0.545424801,0.844595388,0.078050548,0.464198035,0.860530184,2011,State,urban/rural,HH Size,sector_state,0,Jharkhand,NA,NA,NA,NA,NA,NA,NA,NA,NA,NA,NA,NA,1,0,0,0,NA,NA
1780,0.455373803,0.917197885,0.996536392,0.635568468,0.885765469,0.996536392,2011,State,urban/rural,HH Size,sector_state,0,Odisha,NA,NA,NA,NA,NA,NA,NA,NA,NA,NA,NA,NA,0,0,0,1,NA,NA
1781,0.275131134,0.856157559,0.993042147,0.487644805,0.830310888,0.993042147,2011,State,urban/rural,HH Size,sector_state,0,Odisha,NA,NA,NA,NA,NA,NA,NA,NA,NA,NA,NA,NA,0,0,1,0,NA,NA
1782,0.137916576,0.63868359,0.974732733,0.252820887,0.579606512,0.974732733,2011,State,urban/rural,HH Size,sector_state,0,Odisha,NA,NA,NA,NA,NA,NA,NA,NA,NA,NA,NA,NA,0,1,0,0,NA,NA
1783,0.163144287,0.500991089,0.866821193,0.222524477,0.473252879,0.866821193,2011,State,urban/rural,HH Size,sector_state,0,Odisha,NA,NA,NA,NA,NA,NA,NA,NA,NA,NA,NA,NA,1,0,0,0,NA,NA
1784,0.338751988,0.86896999,0.991878963,0.498676406,0.838197027,0.991878963,2011,State,urban/rural,HH Size,sector_state,0,Chhattisgarh,NA,NA,NA,NA,NA,NA,NA,NA,NA,NA,NA,NA,0,0,0,1,NA,NA
1785,0.262744478,0.849100715,0.985285772,0.395554772,0.803193549,0.988099629,2011,State,urban/rural,HH Size,sector_state,0,Chhattisgarh,NA,NA,NA,NA,NA,NA,NA,NA,NA,NA,NA,NA,0,0,1,0,NA,NA
1786,0.08674626,0.704121368,0.964650687,0.183768196,0.67587314,0.964650687,2011,State,urban/rural,HH Size,sector_state,0,Chhattisgarh,NA,NA,NA,NA,NA,NA,NA,NA,NA,NA,NA,NA,0,1,0,0,NA,NA
1787,0.083210961,0.475778474,0.955920387,0.209813514,0.475778474,0.962691846,2011,State,urban/rural,HH Size,sector_state,0,Chhattisgarh,NA,NA,NA,NA,NA,NA,NA,NA,NA,NA,NA,NA,1,0,0,0,NA,NA
1788,0.373732749,0.840983614,0.975924202,0.565721176,0.820784657,0.975924202,2011,State,urban/rural,HH Size,sector_state,0,Madhya Pradesh,NA,NA,NA,NA,NA,NA,NA,NA,NA,NA,NA,NA,0,0,0,1,NA,NA
1789,0.343185755,0.836265738,0.989448961,0.506006775,0.802779058,0.989543983,2011,State,urban/rural,HH Size,sector_state,0,Madhya Pradesh,NA,NA,NA,NA,NA,NA,NA,NA,NA,NA,NA,NA,0,0,1,0,NA,NA
1790,0.115816017,0.657940439,0.949861432,0.2182767,0.617488513,0.949861432,2011,State,urban/rural,HH Size,sector_state,0,Madhya Pradesh,NA,NA,NA,NA,NA,NA,NA,NA,NA,NA,NA,NA,0,1,0,0,NA,NA
1791,0.112611974,0.34594031,0.726592032,0.13074319,0.308679333,0.726592032,2011,State,urban/rural,HH Size,sector_state,0,Madhya Pradesh,NA,NA,NA,NA,NA,NA,NA,NA,NA,NA,NA,NA,1,0,0,0,NA,NA
1792,0.351347055,0.851176429,0.992266806,0.527263615,0.839768012,0.992266806,2011,State,urban/rural,HH Size,sector_state,0,Gujarat,NA,NA,NA,NA,NA,NA,NA,NA,NA,NA,NA,NA,0,0,0,1,NA,NA
1793,0.151292772,0.712696145,0.985099144,0.281477825,0.686639947,0.985099144,2011,State,urban/rural,HH Size,sector_state,0,Gujarat,NA,NA,NA,NA,NA,NA,NA,NA,NA,NA,NA,NA,0,0,1,0,NA,NA
1794,0.10153354,0.430380748,0.965511534,0.155580056,0.404620127,0.965531004,2011,State,urban/rural,HH Size,sector_state,0,Gujarat,NA,NA,NA,NA,NA,NA,NA,NA,NA,NA,NA,NA,0,1,0,0,NA,NA
1795,0.061206481,0.322161655,0.941958795,0.061206481,0.322161655,0.941958795,2011,State,urban/rural,HH Size,sector_state,0,Gujarat,NA,NA,NA,NA,NA,NA,NA,NA,NA,NA,NA,NA,1,0,0,0,NA,NA
1796,0.729393131,0.934431615,0.984418444,0.800332819,0.898387416,0.984418444,2011,State,urban/rural,HH Size,sector_state,0,Daman & Diu & D & N Haveli,NA,NA,NA,NA,NA,NA,NA,NA,NA,NA,NA,NA,0,0,0,1,NA,NA
1797,0.206428156,0.882809412,0.977006707,0.305214003,0.806302944,0.977006707,2011,State,urban/rural,HH Size,sector_state,0,Daman & Diu & D & N Haveli,NA,NA,NA,NA,NA,NA,NA,NA,NA,NA,NA,NA,0,0,1,0,NA,NA
1798,0,0.466116404,0.981457446,0.072983062,0.306826121,0.981457446,2011,State,urban/rural,HH Size,sector_state,0,Daman & Diu & D & N Haveli,NA,NA,NA,NA,NA,NA,NA,NA,NA,NA,NA,NA,0,1,0,0,NA,NA
1799,0.174054077,0.280112712,0.652582359,0.174054077,0.274182596,0.652582359,2011,State,urban/rural,HH Size,sector_state,0,Daman & Diu & D & N Haveli,NA,NA,NA,NA,NA,NA,NA,NA,NA,NA,NA,NA,1,0,0,0,NA,NA
1800,0.209490562,0.803914479,0.976102447,0.337944367,0.763363111,0.976102447,2011,State,urban/rural,HH Size,sector_state,0,Maharashtra,NA,NA,NA,NA,NA,NA,NA,NA,NA,NA,NA,NA,0,0,0,1,NA,NA
1801,0.107650116,0.690813461,0.977704514,0.221242398,0.638313976,0.977815662,2011,State,urban/rural,HH Size,sector_state,0,Maharashtra,NA,NA,NA,NA,NA,NA,NA,NA,NA,NA,NA,NA,0,0,1,0,NA,NA
1802,0.043850478,0.496278496,0.925084713,0.107505693,0.439519463,0.925084713,2011,State,urban/rural,HH Size,sector_state,0,Maharashtra,NA,NA,NA,NA,NA,NA,NA,NA,NA,NA,NA,NA,0,1,0,0,NA,NA
1803,0.033725746,0.393773776,0.736726217,0.044417224,0.340946783,0.736726217,2011,State,urban/rural,HH Size,sector_state,0,Maharashtra,NA,NA,NA,NA,NA,NA,NA,NA,NA,NA,NA,NA,1,0,0,0,NA,NA
1804,0.125592401,0.709377908,0.996773774,0.338954381,0.663246808,1,2011,State,urban/rural,HH Size,sector_state,0,Andhra Pradesh,NA,NA,NA,NA,NA,NA,NA,NA,NA,NA,NA,NA,0,0,0,1,NA,NA
1805,0.054229478,0.537601465,0.963808645,0.13604787,0.459980005,0.963808645,2011,State,urban/rural,HH Size,sector_state,0,Andhra Pradesh,NA,NA,NA,NA,NA,NA,NA,NA,NA,NA,NA,NA,0,0,1,0,NA,NA
1806,0.029323158,0.308305948,0.882098566,0.068049651,0.240883764,0.88293501,2011,State,urban/rural,HH Size,sector_state,0,Andhra Pradesh,NA,NA,NA,NA,NA,NA,NA,NA,NA,NA,NA,NA,0,1,0,0,NA,NA
1807,0.023059999,0.342646166,0.831233564,0.027638222,0.23352677,0.831233564,2011,State,urban/rural,HH Size,sector_state,0,Andhra Pradesh,NA,NA,NA,NA,NA,NA,NA,NA,NA,NA,NA,NA,1,0,0,0,NA,NA
1808,0.101692964,0.73287403,0.973565883,0.235098578,0.708376299,0.976673527,2011,State,urban/rural,HH Size,sector_state,0,Karnataka,NA,NA,NA,NA,NA,NA,NA,NA,NA,NA,NA,NA,0,0,0,1,NA,NA
1809,0.031957792,0.566723183,0.947496493,0.100809571,0.490190067,0.947496493,2011,State,urban/rural,HH Size,sector_state,0,Karnataka,NA,NA,NA,NA,NA,NA,NA,NA,NA,NA,NA,NA,0,0,1,0,NA,NA
1810,0.000959629,0.269068252,0.871757288,0.027673725,0.194676569,0.871877372,2011,State,urban/rural,HH Size,sector_state,0,Karnataka,NA,NA,NA,NA,NA,NA,NA,NA,NA,NA,NA,NA,0,1,0,0,NA,NA
1811,0.000907175,0.113965641,0.675573943,0.001980434,0.109177932,0.675573943,2011,State,urban/rural,HH Size,sector_state,0,Karnataka,NA,NA,NA,NA,NA,NA,NA,NA,NA,NA,NA,NA,1,0,0,0,NA,NA
1812,0.210630436,0.745567022,1,0.210630436,0.745567022,1,2011,State,urban/rural,HH Size,sector_state,0,Goa,NA,NA,NA,NA,NA,NA,NA,NA,NA,NA,NA,NA,0,0,0,1,NA,NA
1813,0.001004858,0.247338573,0.960584342,0.015325098,0.243740734,0.966780856,2011,State,urban/rural,HH Size,sector_state,0,Goa,NA,NA,NA,NA,NA,NA,NA,NA,NA,NA,NA,NA,0,0,1,0,NA,NA
1814,0,0.123540424,0.611137553,0.001990206,0.123540424,0.611137553,2011,State,urban/rural,HH Size,sector_state,0,Goa,NA,NA,NA,NA,NA,NA,NA,NA,NA,NA,NA,NA,0,1,0,0,NA,NA
1815,0,0,0.229907754,0,0,0.229907754,2011,State,urban/rural,HH Size,sector_state,0,Goa,NA,NA,NA,NA,NA,NA,NA,NA,NA,NA,NA,NA,1,0,0,0,NA,NA
1816,0,0.010064668,0.863909433,0,0.010064668,0.863909433,2011,State,urban/rural,HH Size,sector_state,0,Lakshadweep,NA,NA,NA,NA,NA,NA,NA,NA,NA,NA,NA,NA,0,0,0,1,NA,NA
1817,0,0.118664475,0.517981609,0,0.102494263,0.517981609,2011,State,urban/rural,HH Size,sector_state,0,Lakshadweep,NA,NA,NA,NA,NA,NA,NA,NA,NA,NA,NA,NA,0,0,1,0,NA,NA
1818,0,0.044739626,0.123183901,0,0.044739626,0.123183901,2011,State,urban/rural,HH Size,sector_state,0,Lakshadweep,NA,NA,NA,NA,NA,NA,NA,NA,NA,NA,NA,NA,0,1,0,0,NA,NA
1819,0,0,0,0,0,0,2011,State,urban/rural,HH Size,sector_state,0,Lakshadweep,NA,NA,NA,NA,NA,NA,NA,NA,NA,NA,NA,NA,1,0,0,0,NA,NA
1820,0.069203858,0.615100075,0.959285653,0.161754063,0.541995807,0.959285653,2011,State,urban/rural,HH Size,sector_state,0,Kerala,NA,NA,NA,NA,NA,NA,NA,NA,NA,NA,NA,NA,0,0,0,1,NA,NA
1821,0.018755466,0.28384184,0.859734397,0.044428361,0.241235634,0.860214984,2011,State,urban/rural,HH Size,sector_state,0,Kerala,NA,NA,NA,NA,NA,NA,NA,NA,NA,NA,NA,NA,0,0,1,0,NA,NA
1822,0.01227222,0.094016022,0.546890431,0.02514192,0.080187796,0.547591666,2011,State,urban/rural,HH Size,sector_state,0,Kerala,NA,NA,NA,NA,NA,NA,NA,NA,NA,NA,NA,NA,0,1,0,0,NA,NA
1823,0.011094813,0.110012659,0.386730915,0.025097372,0.101017921,0.386730915,2011,State,urban/rural,HH Size,sector_state,0,Kerala,NA,NA,NA,NA,NA,NA,NA,NA,NA,NA,NA,NA,1,0,0,0,NA,NA
1824,0.145026346,0.708852037,0.982842933,0.335375684,0.669768375,0.982842933,2011,State,urban/rural,HH Size,sector_state,0,Tamil Nadu,NA,NA,NA,NA,NA,NA,NA,NA,NA,NA,NA,NA,0,0,0,1,NA,NA
1825,0.072063552,0.51210744,0.942951762,0.147881197,0.446745313,0.943073414,2011,State,urban/rural,HH Size,sector_state,0,Tamil Nadu,NA,NA,NA,NA,NA,NA,NA,NA,NA,NA,NA,NA,0,0,1,0,NA,NA
1826,0.033257778,0.228894983,0.804208999,0.045894718,0.199243417,0.809280853,2011,State,urban/rural,HH Size,sector_state,0,Tamil Nadu,NA,NA,NA,NA,NA,NA,NA,NA,NA,NA,NA,NA,0,1,0,0,NA,NA
1827,0.040512783,0.319741403,0.710224649,0.075111756,0.276209659,0.710224649,2011,State,urban/rural,HH Size,sector_state,0,Tamil Nadu,NA,NA,NA,NA,NA,NA,NA,NA,NA,NA,NA,NA,1,0,0,0,NA,NA
1828,0,0.077302691,1,0,0.077302691,1,2011,State,urban/rural,HH Size,sector_state,0,Puducherry,NA,NA,NA,NA,NA,NA,NA,NA,NA,NA,NA,NA,0,0,0,1,NA,NA
1829,0,0.405373502,0.953565923,0.054622517,0.246756674,0.953565923,2011,State,urban/rural,HH Size,sector_state,0,Puducherry,NA,NA,NA,NA,NA,NA,NA,NA,NA,NA,NA,NA,0,0,1,0,NA,NA
1830,0.010710408,0.265729588,0.901055701,0.024098418,0.223266851,0.901055701,2011,State,urban/rural,HH Size,sector_state,0,Puducherry,NA,NA,NA,NA,NA,NA,NA,NA,NA,NA,NA,NA,0,1,0,0,NA,NA
1831,0,0,0.46408581,0,0,0.46408581,2011,State,urban/rural,HH Size,sector_state,0,Puducherry,NA,NA,NA,NA,NA,NA,NA,NA,NA,NA,NA,NA,1,0,0,0,NA,NA
1832,0,0.111995647,0.959316436,0,0.03711886,0.959316436,2011,State,urban/rural,HH Size,sector_state,0,A & N Island,NA,NA,NA,NA,NA,NA,NA,NA,NA,NA,NA,NA,0,0,0,1,NA,NA
1833,0,0.096296028,0.735438602,0.008697972,0.069412973,0.735438602,2011,State,urban/rural,HH Size,sector_state,0,A & N Island,NA,NA,NA,NA,NA,NA,NA,NA,NA,NA,NA,NA,0,0,1,0,NA,NA
1834,0,0.009453324,0.397620065,0,0.009453324,0.397620065,2011,State,urban/rural,HH Size,sector_state,0,A & N Island,NA,NA,NA,NA,NA,NA,NA,NA,NA,NA,NA,NA,0,1,0,0,NA,NA
1835,0,0,0.195338506,0,0,0.195338506,2011,State,urban/rural,HH Size,sector_state,0,A & N Island,NA,NA,NA,NA,NA,NA,NA,NA,NA,NA,NA,NA,1,0,0,0,NA,NA
1836,0.060779998,0.786950637,0.990614728,0.227596442,0.784069241,0.990614728,2011,State,urban/rural,HH Size,sector_state,0,Telangana,NA,NA,NA,NA,NA,NA,NA,NA,NA,NA,NA,NA,0,0,0,1,NA,NA
1837,0.032519786,0.569694653,0.986028414,0.086635169,0.486483018,0.986028414,2011,State,urban/rural,HH Size,sector_state,0,Telangana,NA,NA,NA,NA,NA,NA,NA,NA,NA,NA,NA,NA,0,0,1,0,NA,NA
1838,0.014331612,0.298846903,0.887248464,0.044942419,0.267525276,0.88758407,2011,State,urban/rural,HH Size,sector_state,0,Telangana,NA,NA,NA,NA,NA,NA,NA,NA,NA,NA,NA,NA,0,1,0,0,NA,NA
1839,0.00710663,0.316189685,0.799891547,0.076389904,0.316189685,0.799891547,2011,State,urban/rural,HH Size,sector_state,0,Telangana,NA,NA,NA,NA,NA,NA,NA,NA,NA,NA,NA,NA,1,0,0,0,NA,NA
1840,0,0.498240782,0.995311163,0,0.227167043,0.995311163,2011,State,urban/rural,HH Size,sector_state,0,Ladakh,NA,NA,NA,NA,NA,NA,NA,NA,NA,NA,NA,NA,0,0,0,1,NA,NA
1841,0,0.221327933,0.921310722,0,0.19342208,0.921310722,2011,State,urban/rural,HH Size,sector_state,0,Ladakh,NA,NA,NA,NA,NA,NA,NA,NA,NA,NA,NA,NA,0,0,1,0,NA,NA
1842,0,0.052704186,0.712440656,0,0,0.712440656,2011,State,urban/rural,HH Size,sector_state,0,Ladakh,NA,NA,NA,NA,NA,NA,NA,NA,NA,NA,NA,NA,0,1,0,0,NA,NA
1843,0,0,0,0,0,0,2011,State,urban/rural,HH Size,sector_state,0,Ladakh,NA,NA,NA,NA,NA,NA,NA,NA,NA,NA,NA,NA,1,0,0,0,NA,NA
1844,0.030304319,0.338440527,0.931958483,0.074512494,0.3126398,0.931958483,2011,State,urban/rural,HH Size,sector_state,1,Jammu & Kashmir,NA,NA,NA,NA,NA,NA,NA,NA,NA,NA,NA,NA,0,0,0,1,NA,NA
1845,0.024134181,0.27480328,0.775343271,0.070076841,0.242955182,0.775343271,2011,State,urban/rural,HH Size,sector_state,1,Jammu & Kashmir,NA,NA,NA,NA,NA,NA,NA,NA,NA,NA,NA,NA,0,0,1,0,NA,NA
1846,0.000327406,0.073897406,0.522786871,0.000327406,0.067166409,0.532450057,2011,State,urban/rural,HH Size,sector_state,1,Jammu & Kashmir,NA,NA,NA,NA,NA,NA,NA,NA,NA,NA,NA,NA,0,1,0,0,NA,NA
1847,0.088689882,0.176293026,0.443085351,0.135479983,0.171017819,0.443085351,2011,State,urban/rural,HH Size,sector_state,1,Jammu & Kashmir,NA,NA,NA,NA,NA,NA,NA,NA,NA,NA,NA,NA,1,0,0,0,NA,NA
1848,0.063531318,0.469201594,0.818841531,0.116000428,0.443564634,0.818841531,2011,State,urban/rural,HH Size,sector_state,1,Himachal Pradesh,NA,NA,NA,NA,NA,NA,NA,NA,NA,NA,NA,NA,0,0,0,1,NA,NA
1849,0.012233855,0.19762274,0.81026878,0.040067587,0.146391512,0.812155816,2011,State,urban/rural,HH Size,sector_state,1,Himachal Pradesh,NA,NA,NA,NA,NA,NA,NA,NA,NA,NA,NA,NA,0,0,1,0,NA,NA
1850,0.008097714,0.086644189,0.574375526,0.010352969,0.07373912,0.574375526,2011,State,urban/rural,HH Size,sector_state,1,Himachal Pradesh,NA,NA,NA,NA,NA,NA,NA,NA,NA,NA,NA,NA,0,1,0,0,NA,NA
1851,0,0.00358207,0.199118248,0,0,0.199118248,2011,State,urban/rural,HH Size,sector_state,1,Himachal Pradesh,NA,NA,NA,NA,NA,NA,NA,NA,NA,NA,NA,NA,1,0,0,0,NA,NA
1852,0.111647888,0.473237971,0.881564872,0.132010444,0.433412838,0.881564872,2011,State,urban/rural,HH Size,sector_state,1,Punjab,NA,NA,NA,NA,NA,NA,NA,NA,NA,NA,NA,NA,0,0,0,1,NA,NA
1853,0.07387503,0.394127424,0.853890719,0.117864834,0.344463945,0.853890719,2011,State,urban/rural,HH Size,sector_state,1,Punjab,NA,NA,NA,NA,NA,NA,NA,NA,NA,NA,NA,NA,0,0,1,0,NA,NA
1854,0.017877832,0.188823113,0.637098413,0.023378249,0.167517131,0.637098413,2011,State,urban/rural,HH Size,sector_state,1,Punjab,NA,NA,NA,NA,NA,NA,NA,NA,NA,NA,NA,NA,0,1,0,0,NA,NA
1855,0.000762629,0.058143585,0.593049887,0.00131502,0.044219767,0.593049887,2011,State,urban/rural,HH Size,sector_state,1,Punjab,NA,NA,NA,NA,NA,NA,NA,NA,NA,NA,NA,NA,1,0,0,0,NA,NA
1856,0.030825132,0.640197208,0.995217483,0.172183682,0.620768231,0.995217483,2011,State,urban/rural,HH Size,sector_state,1,Chandigarh,NA,NA,NA,NA,NA,NA,NA,NA,NA,NA,NA,NA,0,0,0,1,NA,NA
1857,0.115807428,0.40701094,0.836296214,0.189835113,0.400107265,0.836296214,2011,State,urban/rural,HH Size,sector_state,1,Chandigarh,NA,NA,NA,NA,NA,NA,NA,NA,NA,NA,NA,NA,0,0,1,0,NA,NA
1858,0,0.073511645,0.58461387,0.001122826,0.073511645,0.58461387,2011,State,urban/rural,HH Size,sector_state,1,Chandigarh,NA,NA,NA,NA,NA,NA,NA,NA,NA,NA,NA,NA,0,1,0,0,NA,NA
1859,0,0.024947716,0.294860257,0,0.024947716,0.294860257,2011,State,urban/rural,HH Size,sector_state,1,Chandigarh,NA,NA,NA,NA,NA,NA,NA,NA,NA,NA,NA,NA,1,0,0,0,NA,NA
1860,0.142215712,0.67164729,1,0.227243116,0.572661982,1,2011,State,urban/rural,HH Size,sector_state,1,Uttrakhand,NA,NA,NA,NA,NA,NA,NA,NA,NA,NA,NA,NA,0,0,0,1,NA,NA
1861,0.074592368,0.436612465,0.888607076,0.143321071,0.39412024,0.891356027,2011,State,urban/rural,HH Size,sector_state,1,Uttrakhand,NA,NA,NA,NA,NA,NA,NA,NA,NA,NA,NA,NA,0,0,1,0,NA,NA
1862,0.001410122,0.130518518,0.541770202,0.027413692,0.130518518,0.541770202,2011,State,urban/rural,HH Size,sector_state,1,Uttrakhand,NA,NA,NA,NA,NA,NA,NA,NA,NA,NA,NA,NA,0,1,0,0,NA,NA
1863,0,0.173370412,0.473296173,0,0.173370412,0.479658885,2011,State,urban/rural,HH Size,sector_state,1,Uttrakhand,NA,NA,NA,NA,NA,NA,NA,NA,NA,NA,NA,NA,1,0,0,0,NA,NA
1864,0.180508964,0.401387867,0.965310914,0.210839182,0.375202029,0.965310914,2011,State,urban/rural,HH Size,sector_state,1,Haryana,NA,NA,NA,NA,NA,NA,NA,NA,NA,NA,NA,NA,0,0,0,1,NA,NA
1865,0.045364197,0.300149733,0.743453829,0.072668749,0.260729682,0.743453829,2011,State,urban/rural,HH Size,sector_state,1,Haryana,NA,NA,NA,NA,NA,NA,NA,NA,NA,NA,NA,NA,0,0,1,0,NA,NA
1866,0.010796682,0.141270118,0.532546865,0.052554402,0.114466386,0.533435941,2011,State,urban/rural,HH Size,sector_state,1,Haryana,NA,NA,NA,NA,NA,NA,NA,NA,NA,NA,NA,NA,0,1,0,0,NA,NA
1867,0.003309822,0.013388763,0.313764606,0.005292479,0.005292479,0.313764606,2011,State,urban/rural,HH Size,sector_state,1,Haryana,NA,NA,NA,NA,NA,NA,NA,NA,NA,NA,NA,NA,1,0,0,0,NA,NA
1868,0.109606818,0.575096814,0.930319306,0.2300499,0.49872419,0.930319306,2011,State,urban/rural,HH Size,sector_state,1,Delhi,NA,NA,NA,NA,NA,NA,NA,NA,NA,NA,NA,NA,0,0,0,1,NA,NA
1869,0.032666776,0.306275812,0.755760518,0.09625438,0.267878053,0.759822817,2011,State,urban/rural,HH Size,sector_state,1,Delhi,NA,NA,NA,NA,NA,NA,NA,NA,NA,NA,NA,NA,0,0,1,0,NA,NA
1870,0,0.159236634,0.58213466,0.001042291,0.13439911,0.58213466,2011,State,urban/rural,HH Size,sector_state,1,Delhi,NA,NA,NA,NA,NA,NA,NA,NA,NA,NA,NA,NA,0,1,0,0,NA,NA
1871,0.001160302,0.009387622,0.655151328,0.001160302,0.008583226,0.656657917,2011,State,urban/rural,HH Size,sector_state,1,Delhi,NA,NA,NA,NA,NA,NA,NA,NA,NA,NA,NA,NA,1,0,0,0,NA,NA
1872,0.152963635,0.603121576,0.954740521,0.229440821,0.562812481,0.954740521,2011,State,urban/rural,HH Size,sector_state,1,Rajasthan,NA,NA,NA,NA,NA,NA,NA,NA,NA,NA,NA,NA,0,0,0,1,NA,NA
1873,0.048867085,0.397295696,0.850959495,0.114262955,0.352471335,0.850959495,2011,State,urban/rural,HH Size,sector_state,1,Rajasthan,NA,NA,NA,NA,NA,NA,NA,NA,NA,NA,NA,NA,0,0,1,0,NA,NA
1874,0.019994674,0.224823396,0.673464772,0.029843134,0.189578918,0.676783181,2011,State,urban/rural,HH Size,sector_state,1,Rajasthan,NA,NA,NA,NA,NA,NA,NA,NA,NA,NA,NA,NA,0,1,0,0,NA,NA
1875,0.004291837,0.031153468,0.366348192,0.005573483,0.030852083,0.375952313,2011,State,urban/rural,HH Size,sector_state,1,Rajasthan,NA,NA,NA,NA,NA,NA,NA,NA,NA,NA,NA,NA,1,0,0,0,NA,NA
1876,0.353717114,0.760897291,0.974532821,0.517322463,0.735362097,0.974532821,2011,State,urban/rural,HH Size,sector_state,1,Uttar Pradesh,NA,NA,NA,NA,NA,NA,NA,NA,NA,NA,NA,NA,0,0,0,1,NA,NA
1877,0.162009204,0.588687155,0.863606742,0.260860156,0.548047151,0.863606742,2011,State,urban/rural,HH Size,sector_state,1,Uttar Pradesh,NA,NA,NA,NA,NA,NA,NA,NA,NA,NA,NA,NA,0,0,1,0,NA,NA
1878,0.057448562,0.327923817,0.697657501,0.089645176,0.27833505,0.698231667,2011,State,urban/rural,HH Size,sector_state,1,Uttar Pradesh,NA,NA,NA,NA,NA,NA,NA,NA,NA,NA,NA,NA,0,1,0,0,NA,NA
1879,0.012614482,0.082618603,0.452354789,0.020993561,0.079110829,0.452974478,2011,State,urban/rural,HH Size,sector_state,1,Uttar Pradesh,NA,NA,NA,NA,NA,NA,NA,NA,NA,NA,NA,NA,1,0,0,0,NA,NA
1880,0.393999466,0.872028858,0.997550148,0.550822351,0.855812274,0.997550148,2011,State,urban/rural,HH Size,sector_state,1,Bihar,NA,NA,NA,NA,NA,NA,NA,NA,NA,NA,NA,NA,0,0,0,1,NA,NA
1881,0.167339189,0.613633077,0.951731683,0.279750839,0.583890479,0.951731683,2011,State,urban/rural,HH Size,sector_state,1,Bihar,NA,NA,NA,NA,NA,NA,NA,NA,NA,NA,NA,NA,0,0,1,0,NA,NA
1882,0.058236948,0.408411791,0.879561612,0.087228322,0.364568541,0.879561612,2011,State,urban/rural,HH Size,sector_state,1,Bihar,NA,NA,NA,NA,NA,NA,NA,NA,NA,NA,NA,NA,0,1,0,0,NA,NA
1883,0.00624063,0.058294384,0.5926685,0.010648236,0.056825309,0.594872112,2011,State,urban/rural,HH Size,sector_state,1,Bihar,NA,NA,NA,NA,NA,NA,NA,NA,NA,NA,NA,NA,1,0,0,0,NA,NA
1884,0.10643517,0.644191108,1,0.175620556,0.389071615,1,2011,State,urban/rural,HH Size,sector_state,1,Sikkim,NA,NA,NA,NA,NA,NA,NA,NA,NA,NA,NA,NA,0,0,0,1,NA,NA
1885,0.038122005,0.416293414,0.945936321,0.089567178,0.396269829,0.945936321,2011,State,urban/rural,HH Size,sector_state,1,Sikkim,NA,NA,NA,NA,NA,NA,NA,NA,NA,NA,NA,NA,0,0,1,0,NA,NA
1886,0.048657835,0.333430273,0.898298923,0.061809251,0.238514463,0.898298923,2011,State,urban/rural,HH Size,sector_state,1,Sikkim,NA,NA,NA,NA,NA,NA,NA,NA,NA,NA,NA,NA,0,1,0,0,NA,NA
1887,0.009754067,0.169565947,0.856445519,0.009754067,0.165122427,0.856445519,2011,State,urban/rural,HH Size,sector_state,1,Sikkim,NA,NA,NA,NA,NA,NA,NA,NA,NA,NA,NA,NA,1,0,0,0,NA,NA
1888,0.292248219,0.523252864,0.840485312,0.388239025,0.520982732,0.847530547,2011,State,urban/rural,HH Size,sector_state,1,Arunachal Pradesh,NA,NA,NA,NA,NA,NA,NA,NA,NA,NA,NA,NA,0,0,0,1,NA,NA
1889,0.167336558,0.435818156,0.812879564,0.212757972,0.407928765,0.812879564,2011,State,urban/rural,HH Size,sector_state,1,Arunachal Pradesh,NA,NA,NA,NA,NA,NA,NA,NA,NA,NA,NA,NA,0,0,1,0,NA,NA
1890,0.109207608,0.32340848,0.647926052,0.150074042,0.309029478,0.65284199,2011,State,urban/rural,HH Size,sector_state,1,Arunachal Pradesh,NA,NA,NA,NA,NA,NA,NA,NA,NA,NA,NA,NA,0,1,0,0,NA,NA
1891,0.059185082,0.266675235,0.639596331,0.059185082,0.205600118,0.639596331,2011,State,urban/rural,HH Size,sector_state,1,Arunachal Pradesh,NA,NA,NA,NA,NA,NA,NA,NA,NA,NA,NA,NA,1,0,0,0,NA,NA
1892,0.193020253,0.819428232,1,0.580296852,0.797415723,1,2011,State,urban/rural,HH Size,sector_state,1,Nagaland,NA,NA,NA,NA,NA,NA,NA,NA,NA,NA,NA,NA,0,0,0,1,NA,NA
1893,0.13934816,0.418949728,0.93636054,0.192157381,0.389960038,0.93636054,2011,State,urban/rural,HH Size,sector_state,1,Nagaland,NA,NA,NA,NA,NA,NA,NA,NA,NA,NA,NA,NA,0,0,1,0,NA,NA
1894,0,0.202743059,0.815020804,0,0.150351216,0.815020804,2011,State,urban/rural,HH Size,sector_state,1,Nagaland,NA,NA,NA,NA,NA,NA,NA,NA,NA,NA,NA,NA,0,1,0,0,NA,NA
1895,0,0,1,0,0,1,2011,State,urban/rural,HH Size,sector_state,1,Nagaland,NA,NA,NA,NA,NA,NA,NA,NA,NA,NA,NA,NA,1,0,0,0,NA,NA
1896,0.48586184,0.932192277,1,0.700264403,0.916037043,1,2011,State,urban/rural,HH Size,sector_state,1,Manipur,NA,NA,NA,NA,NA,NA,NA,NA,NA,NA,NA,NA,0,0,0,1,NA,NA
1897,0.353576005,0.866375315,0.993507648,0.554651197,0.83066963,0.993507648,2011,State,urban/rural,HH Size,sector_state,1,Manipur,NA,NA,NA,NA,NA,NA,NA,NA,NA,NA,NA,NA,0,0,1,0,NA,NA
1898,0.194104839,0.66962932,0.987204744,0.373542559,0.653705886,0.987204744,2011,State,urban/rural,HH Size,sector_state,1,Manipur,NA,NA,NA,NA,NA,NA,NA,NA,NA,NA,NA,NA,0,1,0,0,NA,NA
1899,0.013998098,0.127681603,0.708064282,0.013998098,0.093655457,0.708064282,2011,State,urban/rural,HH Size,sector_state,1,Manipur,NA,NA,NA,NA,NA,NA,NA,NA,NA,NA,NA,NA,1,0,0,0,NA,NA
1900,0.034578195,0.342850607,0.909591653,0.118772907,0.309199282,0.909591653,2011,State,urban/rural,HH Size,sector_state,1,Mizoram,NA,NA,NA,NA,NA,NA,NA,NA,NA,NA,NA,NA,0,0,0,1,NA,NA
1901,0.03187407,0.314628744,0.8388743,0.084834217,0.269681597,0.8388743,2011,State,urban/rural,HH Size,sector_state,1,Mizoram,NA,NA,NA,NA,NA,NA,NA,NA,NA,NA,NA,NA,0,0,1,0,NA,NA
1902,0.004580975,0.188570313,0.799663484,0.039919927,0.165118099,0.807257789,2011,State,urban/rural,HH Size,sector_state,1,Mizoram,NA,NA,NA,NA,NA,NA,NA,NA,NA,NA,NA,NA,0,1,0,0,NA,NA
1903,0,0.111059574,0.391241102,0,0.111059574,0.391241102,2011,State,urban/rural,HH Size,sector_state,1,Mizoram,NA,NA,NA,NA,NA,NA,NA,NA,NA,NA,NA,NA,1,0,0,0,NA,NA
1904,0.079489429,0.731002864,0.990097248,0.193035593,0.675036713,0.990097248,2011,State,urban/rural,HH Size,sector_state,1,Tripura,NA,NA,NA,NA,NA,NA,NA,NA,NA,NA,NA,NA,0,0,0,1,NA,NA
1905,0.046593869,0.557980823,0.914109378,0.139681126,0.528197796,0.914109378,2011,State,urban/rural,HH Size,sector_state,1,Tripura,NA,NA,NA,NA,NA,NA,NA,NA,NA,NA,NA,NA,0,0,1,0,NA,NA
1906,0.010753095,0.203238229,0.737006246,0.023832457,0.185023432,0.737006246,2011,State,urban/rural,HH Size,sector_state,1,Tripura,NA,NA,NA,NA,NA,NA,NA,NA,NA,NA,NA,NA,0,1,0,0,NA,NA
1907,0.003659692,0.134144703,0.679719193,0.081324401,0.134144703,0.679719193,2011,State,urban/rural,HH Size,sector_state,1,Tripura,NA,NA,NA,NA,NA,NA,NA,NA,NA,NA,NA,NA,1,0,0,0,NA,NA
1908,0.218469692,0.566089657,1,0.308039249,0.557703823,1,2011,State,urban/rural,HH Size,sector_state,1,Meghalaya,NA,NA,NA,NA,NA,NA,NA,NA,NA,NA,NA,NA,0,0,0,1,NA,NA
1909,0.037615119,0.30335787,0.917046822,0.061632299,0.245136558,0.917046822,2011,State,urban/rural,HH Size,sector_state,1,Meghalaya,NA,NA,NA,NA,NA,NA,NA,NA,NA,NA,NA,NA,0,0,1,0,NA,NA
1910,0.004719715,0.112595678,0.704056949,0.004719715,0.081617526,0.704056949,2011,State,urban/rural,HH Size,sector_state,1,Meghalaya,NA,NA,NA,NA,NA,NA,NA,NA,NA,NA,NA,NA,0,1,0,0,NA,NA
1911,0,0.020978082,0.275294138,0,0.020978082,0.275294138,2011,State,urban/rural,HH Size,sector_state,1,Meghalaya,NA,NA,NA,NA,NA,NA,NA,NA,NA,NA,NA,NA,1,0,0,0,NA,NA
1912,0.206343019,0.658148054,0.951413014,0.315347228,0.658148054,0.951413014,2011,State,urban/rural,HH Size,sector_state,1,Assam,NA,NA,NA,NA,NA,NA,NA,NA,NA,NA,NA,NA,0,0,0,1,NA,NA
1913,0.166573388,0.487412281,0.88283195,0.263749162,0.460944062,0.883030974,2011,State,urban/rural,HH Size,sector_state,1,Assam,NA,NA,NA,NA,NA,NA,NA,NA,NA,NA,NA,NA,0,0,1,0,NA,NA
1914,0.078613103,0.268276855,0.771784106,0.091476572,0.252596014,0.771784106,2011,State,urban/rural,HH Size,sector_state,1,Assam,NA,NA,NA,NA,NA,NA,NA,NA,NA,NA,NA,NA,0,1,0,0,NA,NA
1915,0.09942561,0.182272882,0.713688668,0.09942561,0.182272882,0.713688668,2011,State,urban/rural,HH Size,sector_state,1,Assam,NA,NA,NA,NA,NA,NA,NA,NA,NA,NA,NA,NA,1,0,0,0,NA,NA
1916,0.286918578,0.708262352,0.91809562,0.377052306,0.704298665,0.91809562,2011,State,urban/rural,HH Size,sector_state,1,West Bengal,NA,NA,NA,NA,NA,NA,NA,NA,NA,NA,NA,NA,0,0,0,1,NA,NA
1917,0.138590495,0.460846966,0.848673987,0.225012891,0.431232554,0.848673987,2011,State,urban/rural,HH Size,sector_state,1,West Bengal,NA,NA,NA,NA,NA,NA,NA,NA,NA,NA,NA,NA,0,0,1,0,NA,NA
1918,0.03151991,0.197534345,0.634236051,0.053623816,0.172266098,0.634236051,2011,State,urban/rural,HH Size,sector_state,1,West Bengal,NA,NA,NA,NA,NA,NA,NA,NA,NA,NA,NA,NA,0,1,0,0,NA,NA
1919,0.023288672,0.083739032,0.38838786,0.030766939,0.067784878,0.390423051,2011,State,urban/rural,HH Size,sector_state,1,West Bengal,NA,NA,NA,NA,NA,NA,NA,NA,NA,NA,NA,NA,1,0,0,0,NA,NA
1920,0.269696376,0.651251919,0.979720716,0.401467379,0.634981843,0.979720716,2011,State,urban/rural,HH Size,sector_state,1,Jharkhand,NA,NA,NA,NA,NA,NA,NA,NA,NA,NA,NA,NA,0,0,0,1,NA,NA
1921,0.167060218,0.478951799,0.906582717,0.24531569,0.441816687,0.906582717,2011,State,urban/rural,HH Size,sector_state,1,Jharkhand,NA,NA,NA,NA,NA,NA,NA,NA,NA,NA,NA,NA,0,0,1,0,NA,NA
1922,0.050957623,0.341592266,0.861994313,0.123043555,0.244255085,0.861994313,2011,State,urban/rural,HH Size,sector_state,1,Jharkhand,NA,NA,NA,NA,NA,NA,NA,NA,NA,NA,NA,NA,0,1,0,0,NA,NA
1923,0.02190541,0.179968504,0.599838531,0.089796269,0.175034838,0.599838531,2011,State,urban/rural,HH Size,sector_state,1,Jharkhand,NA,NA,NA,NA,NA,NA,NA,NA,NA,NA,NA,NA,1,0,0,0,NA,NA
1924,0.490276355,0.853197955,0.966400875,0.512594523,0.802449327,0.966400875,2011,State,urban/rural,HH Size,sector_state,1,Odisha,NA,NA,NA,NA,NA,NA,NA,NA,NA,NA,NA,NA,0,0,0,1,NA,NA
1925,0.17157764,0.654771887,0.917262807,0.26458212,0.608811942,0.917262807,2011,State,urban/rural,HH Size,sector_state,1,Odisha,NA,NA,NA,NA,NA,NA,NA,NA,NA,NA,NA,NA,0,0,1,0,NA,NA
1926,0.050396143,0.30339092,0.71227594,0.076792627,0.260417506,0.712713866,2011,State,urban/rural,HH Size,sector_state,1,Odisha,NA,NA,NA,NA,NA,NA,NA,NA,NA,NA,NA,NA,0,1,0,0,NA,NA
1927,0.076529386,0.220686843,0.64412599,0.095475202,0.172688821,0.64412599,2011,State,urban/rural,HH Size,sector_state,1,Odisha,NA,NA,NA,NA,NA,NA,NA,NA,NA,NA,NA,NA,1,0,0,0,NA,NA
1928,0.321177044,0.736735145,0.933329137,0.440207283,0.712671605,0.933329137,2011,State,urban/rural,HH Size,sector_state,1,Chhattisgarh,NA,NA,NA,NA,NA,NA,NA,NA,NA,NA,NA,NA,0,0,0,1,NA,NA
1929,0.179398879,0.543868892,0.876364883,0.293488476,0.531626377,0.876364883,2011,State,urban/rural,HH Size,sector_state,1,Chhattisgarh,NA,NA,NA,NA,NA,NA,NA,NA,NA,NA,NA,NA,0,0,1,0,NA,NA
1930,0.022429022,0.409403432,0.809238941,0.074849963,0.402684611,0.809238941,2011,State,urban/rural,HH Size,sector_state,1,Chhattisgarh,NA,NA,NA,NA,NA,NA,NA,NA,NA,NA,NA,NA,0,1,0,0,NA,NA
1931,0.123070372,0.341607312,0.642603647,0.133466651,0.341607312,0.642603647,2011,State,urban/rural,HH Size,sector_state,1,Chhattisgarh,NA,NA,NA,NA,NA,NA,NA,NA,NA,NA,NA,NA,1,0,0,0,NA,NA
1932,0.340211549,0.768641866,0.970521524,0.447358504,0.727915887,0.970521524,2011,State,urban/rural,HH Size,sector_state,1,Madhya Pradesh,NA,NA,NA,NA,NA,NA,NA,NA,NA,NA,NA,NA,0,0,0,1,NA,NA
1933,0.182206032,0.548190578,0.881471086,0.2554019,0.506565585,0.881471086,2011,State,urban/rural,HH Size,sector_state,1,Madhya Pradesh,NA,NA,NA,NA,NA,NA,NA,NA,NA,NA,NA,NA,0,0,1,0,NA,NA
1934,0.05968637,0.323248751,0.70584875,0.108675031,0.296713985,0.712589278,2011,State,urban/rural,HH Size,sector_state,1,Madhya Pradesh,NA,NA,NA,NA,NA,NA,NA,NA,NA,NA,NA,NA,0,1,0,0,NA,NA
1935,0.06517241,0.247920274,0.489865463,0.093400369,0.232947108,0.489865463,2011,State,urban/rural,HH Size,sector_state,1,Madhya Pradesh,NA,NA,NA,NA,NA,NA,NA,NA,NA,NA,NA,NA,1,0,0,0,NA,NA
1936,0.160380679,0.671167888,0.979582309,0.301840167,0.610539248,0.979582309,2011,State,urban/rural,HH Size,sector_state,1,Gujarat,NA,NA,NA,NA,NA,NA,NA,NA,NA,NA,NA,NA,0,0,0,1,NA,NA
1937,0.103550024,0.431549237,0.90959904,0.198337865,0.385781418,0.90959904,2011,State,urban/rural,HH Size,sector_state,1,Gujarat,NA,NA,NA,NA,NA,NA,NA,NA,NA,NA,NA,NA,0,0,1,0,NA,NA
1938,0.022504964,0.285506046,0.799092248,0.037684981,0.259479382,0.799092248,2011,State,urban/rural,HH Size,sector_state,1,Gujarat,NA,NA,NA,NA,NA,NA,NA,NA,NA,NA,NA,NA,0,1,0,0,NA,NA
1939,0.025248367,0.161883557,0.865318329,0.025248367,0.053298151,0.865318329,2011,State,urban/rural,HH Size,sector_state,1,Gujarat,NA,NA,NA,NA,NA,NA,NA,NA,NA,NA,NA,NA,1,0,0,0,NA,NA
1940,0.113256914,0.454183937,1,0.180797124,0.454183937,1,2011,State,urban/rural,HH Size,sector_state,1,Daman & Diu & D & N Haveli,NA,NA,NA,NA,NA,NA,NA,NA,NA,NA,NA,NA,0,0,0,1,NA,NA
1941,0.097741674,0.427848367,0.872408633,0.107801362,0.314346833,0.872408633,2011,State,urban/rural,HH Size,sector_state,1,Daman & Diu & D & N Haveli,NA,NA,NA,NA,NA,NA,NA,NA,NA,NA,NA,NA,0,0,1,0,NA,NA
1942,0.010948799,0.418449426,0.83456713,0.010948799,0.418449426,0.83456713,2011,State,urban/rural,HH Size,sector_state,1,Daman & Diu & D & N Haveli,NA,NA,NA,NA,NA,NA,NA,NA,NA,NA,NA,NA,0,1,0,0,NA,NA
1943,0,0.138901524,0.525465306,0,0.064749475,0.525465306,2011,State,urban/rural,HH Size,sector_state,1,Daman & Diu & D & N Haveli,NA,NA,NA,NA,NA,NA,NA,NA,NA,NA,NA,NA,1,0,0,0,NA,NA
1944,0.112813224,0.621431735,0.95675087,0.216557852,0.553500018,0.95675087,2011,State,urban/rural,HH Size,sector_state,1,Maharashtra,NA,NA,NA,NA,NA,NA,NA,NA,NA,NA,NA,NA,0,0,0,1,NA,NA
1945,0.061201264,0.386078136,0.850485193,0.106141742,0.343366857,0.851191772,2011,State,urban/rural,HH Size,sector_state,1,Maharashtra,NA,NA,NA,NA,NA,NA,NA,NA,NA,NA,NA,NA,0,0,1,0,NA,NA
1946,0.011836097,0.165978166,0.632736315,0.030643569,0.134894187,0.632736315,2011,State,urban/rural,HH Size,sector_state,1,Maharashtra,NA,NA,NA,NA,NA,NA,NA,NA,NA,NA,NA,NA,0,1,0,0,NA,NA
1947,0.007341742,0.12274855,0.435014179,0.014373277,0.099522739,0.441710112,2011,State,urban/rural,HH Size,sector_state,1,Maharashtra,NA,NA,NA,NA,NA,NA,NA,NA,NA,NA,NA,NA,1,0,0,0,NA,NA
1948,0.05133789,0.691813877,0.975946017,0.236780375,0.601560498,0.975946017,2011,State,urban/rural,HH Size,sector_state,1,Andhra Pradesh,NA,NA,NA,NA,NA,NA,NA,NA,NA,NA,NA,NA,0,0,0,1,NA,NA
1949,0.052321443,0.425931127,0.862197058,0.124328063,0.384205271,0.869387856,2011,State,urban/rural,HH Size,sector_state,1,Andhra Pradesh,NA,NA,NA,NA,NA,NA,NA,NA,NA,NA,NA,NA,0,0,1,0,NA,NA
1950,0.005117434,0.184950471,0.657194294,0.022816916,0.143615795,0.657194294,2011,State,urban/rural,HH Size,sector_state,1,Andhra Pradesh,NA,NA,NA,NA,NA,NA,NA,NA,NA,NA,NA,NA,0,1,0,0,NA,NA
1951,0.031414276,0.107278293,0.466606188,0.045245783,0.075531402,0.466606188,2011,State,urban/rural,HH Size,sector_state,1,Andhra Pradesh,NA,NA,NA,NA,NA,NA,NA,NA,NA,NA,NA,NA,1,0,0,0,NA,NA
1952,0.230634967,0.7250981,0.920505272,0.370079247,0.708633595,0.920505272,2011,State,urban/rural,HH Size,sector_state,1,Karnataka,NA,NA,NA,NA,NA,NA,NA,NA,NA,NA,NA,NA,0,0,0,1,NA,NA
1953,0.058291562,0.406168847,0.840404991,0.126810041,0.374052173,0.845487553,2011,State,urban/rural,HH Size,sector_state,1,Karnataka,NA,NA,NA,NA,NA,NA,NA,NA,NA,NA,NA,NA,0,0,1,0,NA,NA
1954,0.014978678,0.143912429,0.621409955,0.023640252,0.124003103,0.621865019,2011,State,urban/rural,HH Size,sector_state,1,Karnataka,NA,NA,NA,NA,NA,NA,NA,NA,NA,NA,NA,NA,0,1,0,0,NA,NA
1955,0.035832069,0.151043466,0.315140347,0.071737577,0.148821042,0.315140347,2011,State,urban/rural,HH Size,sector_state,1,Karnataka,NA,NA,NA,NA,NA,NA,NA,NA,NA,NA,NA,NA,1,0,0,0,NA,NA
1956,0.069879901,0.442858027,0.855577871,0.134317272,0.402149887,0.855577871,2011,State,urban/rural,HH Size,sector_state,1,Goa,NA,NA,NA,NA,NA,NA,NA,NA,NA,NA,NA,NA,0,0,0,1,NA,NA
1957,0.035117723,0.261737721,0.818292714,0.048909332,0.202143877,0.818292714,2011,State,urban/rural,HH Size,sector_state,1,Goa,NA,NA,NA,NA,NA,NA,NA,NA,NA,NA,NA,NA,0,0,1,0,NA,NA
1958,0.003885703,0.09661014,0.576076971,0.003885703,0.09661014,0.576076971,2011,State,urban/rural,HH Size,sector_state,1,Goa,NA,NA,NA,NA,NA,NA,NA,NA,NA,NA,NA,NA,0,1,0,0,NA,NA
1959,0,0.04176304,0.25007163,0,0.040021226,0.25007163,2011,State,urban/rural,HH Size,sector_state,1,Goa,NA,NA,NA,NA,NA,NA,NA,NA,NA,NA,NA,NA,1,0,0,0,NA,NA
1960,0,0.300793355,0.899130367,0,0.196124553,0.899130367,2011,State,urban/rural,HH Size,sector_state,1,Lakshadweep,NA,NA,NA,NA,NA,NA,NA,NA,NA,NA,NA,NA,0,0,0,1,NA,NA
1961,0,0.09681424,0.594506814,0,0.085877322,0.594506814,2011,State,urban/rural,HH Size,sector_state,1,Lakshadweep,NA,NA,NA,NA,NA,NA,NA,NA,NA,NA,NA,NA,0,0,1,0,NA,NA
1962,0,0,0.299624683,0,0,0.299624683,2011,State,urban/rural,HH Size,sector_state,1,Lakshadweep,NA,NA,NA,NA,NA,NA,NA,NA,NA,NA,NA,NA,0,1,0,0,NA,NA
1963,0,0,0.181368508,0,0,0.181368508,2011,State,urban/rural,HH Size,sector_state,1,Lakshadweep,NA,NA,NA,NA,NA,NA,NA,NA,NA,NA,NA,NA,1,0,0,0,NA,NA
1964,0.073306193,0.553468199,0.940028843,0.167720761,0.488674854,0.940028843,2011,State,urban/rural,HH Size,sector_state,1,Kerala,NA,NA,NA,NA,NA,NA,NA,NA,NA,NA,NA,NA,0,0,0,1,NA,NA
1965,0.035741181,0.294139491,0.801007644,0.063851671,0.251172039,0.802088231,2011,State,urban/rural,HH Size,sector_state,1,Kerala,NA,NA,NA,NA,NA,NA,NA,NA,NA,NA,NA,NA,0,0,1,0,NA,NA
1966,0.008496425,0.104474898,0.50234223,0.017598308,0.090900169,0.506948342,2011,State,urban/rural,HH Size,sector_state,1,Kerala,NA,NA,NA,NA,NA,NA,NA,NA,NA,NA,NA,NA,0,1,0,0,NA,NA
1967,0.011737245,0.050853019,0.302464419,0.011737245,0.030867451,0.302464419,2011,State,urban/rural,HH Size,sector_state,1,Kerala,NA,NA,NA,NA,NA,NA,NA,NA,NA,NA,NA,NA,1,0,0,0,NA,NA
1968,0.090462184,0.629852678,0.916094451,0.215840122,0.547414189,0.923217821,2011,State,urban/rural,HH Size,sector_state,1,Tamil Nadu,NA,NA,NA,NA,NA,NA,NA,NA,NA,NA,NA,NA,0,0,0,1,NA,NA
1969,0.034371341,0.365028376,0.867385131,0.067852531,0.328944798,0.869631875,2011,State,urban/rural,HH Size,sector_state,1,Tamil Nadu,NA,NA,NA,NA,NA,NA,NA,NA,NA,NA,NA,NA,0,0,1,0,NA,NA
1970,0.003563617,0.145641905,0.718210091,0.017126204,0.112068873,0.719014578,2011,State,urban/rural,HH Size,sector_state,1,Tamil Nadu,NA,NA,NA,NA,NA,NA,NA,NA,NA,NA,NA,NA,0,1,0,0,NA,NA
1971,0.025587224,0.135319535,0.496903572,0.040040405,0.109150622,0.496903572,2011,State,urban/rural,HH Size,sector_state,1,Tamil Nadu,NA,NA,NA,NA,NA,NA,NA,NA,NA,NA,NA,NA,1,0,0,0,NA,NA
1972,0,0.277229147,0.931528062,0.093299974,0.195283175,0.931528062,2011,State,urban/rural,HH Size,sector_state,1,Puducherry,NA,NA,NA,NA,NA,NA,NA,NA,NA,NA,NA,NA,0,0,0,1,NA,NA
1973,0.009382261,0.18542855,0.791938008,0.022377743,0.160147831,0.791938008,2011,State,urban/rural,HH Size,sector_state,1,Puducherry,NA,NA,NA,NA,NA,NA,NA,NA,NA,NA,NA,NA,0,0,1,0,NA,NA
1974,0.003680728,0.023508588,0.515094944,0.004469968,0.018916647,0.515094944,2011,State,urban/rural,HH Size,sector_state,1,Puducherry,NA,NA,NA,NA,NA,NA,NA,NA,NA,NA,NA,NA,0,1,0,0,NA,NA
1975,0,0.023147262,0.572499065,0.000589275,0.006438991,0.572499065,2011,State,urban/rural,HH Size,sector_state,1,Puducherry,NA,NA,NA,NA,NA,NA,NA,NA,NA,NA,NA,NA,1,0,0,0,NA,NA
1976,0,0.185669127,0.813362003,0,0,0.813362003,2011,State,urban/rural,HH Size,sector_state,1,A & N Island,NA,NA,NA,NA,NA,NA,NA,NA,NA,NA,NA,NA,0,0,0,1,NA,NA
1977,0,0.012734758,0.495089907,0,0.011938081,0.500751744,2011,State,urban/rural,HH Size,sector_state,1,A & N Island,NA,NA,NA,NA,NA,NA,NA,NA,NA,NA,NA,NA,0,0,1,0,NA,NA
1978,0,0.003038367,0.252516779,0,0,0.252516779,2011,State,urban/rural,HH Size,sector_state,1,A & N Island,NA,NA,NA,NA,NA,NA,NA,NA,NA,NA,NA,NA,0,1,0,0,NA,NA
1979,0,0.008586105,0.219200016,0,0.008586105,0.219200016,2011,State,urban/rural,HH Size,sector_state,1,A & N Island,NA,NA,NA,NA,NA,NA,NA,NA,NA,NA,NA,NA,1,0,0,0,NA,NA
1980,0.07264049,0.479241128,0.742755931,0.12390784,0.428547431,0.742755931,2011,State,urban/rural,HH Size,sector_state,1,Telangana,NA,NA,NA,NA,NA,NA,NA,NA,NA,NA,NA,NA,0,0,0,1,NA,NA
1981,0.049035299,0.327777641,0.864363589,0.082795137,0.26619411,0.867432696,2011,State,urban/rural,HH Size,sector_state,1,Telangana,NA,NA,NA,NA,NA,NA,NA,NA,NA,NA,NA,NA,0,0,1,0,NA,NA
1982,0.006977661,0.148507386,0.687634309,0.028288287,0.119786494,0.69258149,2011,State,urban/rural,HH Size,sector_state,1,Telangana,NA,NA,NA,NA,NA,NA,NA,NA,NA,NA,NA,NA,0,1,0,0,NA,NA
1983,0.036692075,0.143487931,0.416282835,0.086660949,0.1376127,0.416282835,2011,State,urban/rural,HH Size,sector_state,1,Telangana,NA,NA,NA,NA,NA,NA,NA,NA,NA,NA,NA,NA,1,0,0,0,NA,NA
1984,0,0.280060633,0.992753097,0,0.156863284,0.992753097,2011,State,urban/rural,HH Size,sector_state,1,Ladakh,NA,NA,NA,NA,NA,NA,NA,NA,NA,NA,NA,NA,0,0,0,1,NA,NA
1985,0,0.091858898,0.585497409,0.05563745,0.059226963,0.585497409,2011,State,urban/rural,HH Size,sector_state,1,Ladakh,NA,NA,NA,NA,NA,NA,NA,NA,NA,NA,NA,NA,0,0,1,0,NA,NA
1986,0,0,0.413106556,0,0,0.413106556,2011,State,urban/rural,HH Size,sector_state,1,Ladakh,NA,NA,NA,NA,NA,NA,NA,NA,NA,NA,NA,NA,0,1,0,0,NA,NA
1987,0,0,0.124048025,0,0,0.124048025,2011,State,urban/rural,HH Size,sector_state,1,Ladakh,NA,NA,NA,NA,NA,NA,NA,NA,NA,NA,NA,NA,1,0,0,0,NA,NA
1988,0.091120978,0.406070888,0.825905271,0.15592104,0.366955802,0.827000964,2011,National,All,Owns Dwelling,allindia,99,India,NA,NA,NA,NA,NA,NA,NA,NA,NA,NA,NA,NA,NA,NA,NA,NA,0,NA
1989,0.17134944,0.644865534,0.937054005,0.286172501,0.603937678,0.937511753,2011,National,All,Owns Dwelling,allindia,99,India,NA,NA,NA,NA,NA,NA,NA,NA,NA,NA,NA,NA,NA,NA,NA,NA,1,NA
1990,0.122545171,0.486359041,0.867990788,0.192720563,0.443535641,0.868209181,2011,National,urban/rural,Owns Dwelling,sect_allindia,0,India,NA,NA,NA,NA,NA,NA,NA,NA,NA,NA,NA,NA,NA,NA,NA,NA,0,NA
1991,0.186781671,0.698791173,0.964085587,0.314830613,0.656970114,0.964407858,2011,National,urban/rural,Owns Dwelling,sect_allindia,0,India,NA,NA,NA,NA,NA,NA,NA,NA,NA,NA,NA,NA,NA,NA,NA,NA,1,NA
1992,0.080980383,0.38016188,0.812324264,0.144045824,0.342243468,0.813703062,2011,National,urban/rural,Owns Dwelling,sect_allindia,1,India,NA,NA,NA,NA,NA,NA,NA,NA,NA,NA,NA,NA,NA,NA,NA,NA,0,NA
1993,0.118124752,0.458879778,0.843823968,0.187332676,0.421032515,0.844748969,2011,National,urban/rural,Owns Dwelling,sect_allindia,1,India,NA,NA,NA,NA,NA,NA,NA,NA,NA,NA,NA,NA,NA,NA,NA,NA,1,NA
1994,0.015532542,0.306202861,0.711996765,0.055580196,0.288478673,0.711996765,2011,State,All,Owns Dwelling,state,99,Jammu & Kashmir,NA,NA,NA,NA,NA,NA,NA,NA,NA,NA,NA,NA,NA,NA,NA,NA,0,NA
1995,0.032972679,0.360875364,0.89750338,0.070720146,0.302488807,0.897964754,2011,State,All,Owns Dwelling,state,99,Jammu & Kashmir,NA,NA,NA,NA,NA,NA,NA,NA,NA,NA,NA,NA,NA,NA,NA,NA,1,NA
1996,0.011345235,0.140981358,0.714663683,0.01864425,0.10727144,0.715382662,2011,State,All,Owns Dwelling,state,99,Himachal Pradesh,NA,NA,NA,NA,NA,NA,NA,NA,NA,NA,NA,NA,NA,NA,NA,NA,0,NA
1997,0.028548186,0.34567264,0.881116674,0.053539265,0.306136079,0.882790388,2011,State,All,Owns Dwelling,state,99,Himachal Pradesh,NA,NA,NA,NA,NA,NA,NA,NA,NA,NA,NA,NA,NA,NA,NA,NA,1,NA
1998,0.146756132,0.503348382,0.866137687,0.201448387,0.471693283,0.866137687,2011,State,All,Owns Dwelling,state,99,Punjab,NA,NA,NA,NA,NA,NA,NA,NA,NA,NA,NA,NA,NA,NA,NA,NA,0,NA
1999,0.038617503,0.368232378,0.852935645,0.07924504,0.325036653,0.853351746,2011,State,All,Owns Dwelling,state,99,Punjab,NA,NA,NA,NA,NA,NA,NA,NA,NA,NA,NA,NA,NA,NA,NA,NA,1,NA
2000,0.099104612,0.435194591,0.824881334,0.176994934,0.430886468,0.824881334,2011,State,All,Owns Dwelling,state,99,Chandigarh,NA,NA,NA,NA,NA,NA,NA,NA,NA,NA,NA,NA,NA,NA,NA,NA,0,NA
2001,0.042090872,0.256106477,0.775465858,0.094731826,0.243499862,0.775465858,2011,State,All,Owns Dwelling,state,99,Chandigarh,NA,NA,NA,NA,NA,NA,NA,NA,NA,NA,NA,NA,NA,NA,NA,NA,1,NA
2002,0.116290288,0.374879159,0.781027461,0.158722052,0.340062861,0.784977915,2011,State,All,Owns Dwelling,state,99,Uttrakhand,NA,NA,NA,NA,NA,NA,NA,NA,NA,NA,NA,NA,NA,NA,NA,NA,0,NA
2003,0.031886828,0.490992024,0.928571468,0.071349209,0.450784731,0.929136787,2011,State,All,Owns Dwelling,state,99,Uttrakhand,NA,NA,NA,NA,NA,NA,NA,NA,NA,NA,NA,NA,NA,NA,NA,NA,1,NA
2004,0.072410818,0.366347743,0.688954033,0.104820554,0.309539857,0.689336695,2011,State,All,Owns Dwelling,state,99,Haryana,NA,NA,NA,NA,NA,NA,NA,NA,NA,NA,NA,NA,NA,NA,NA,NA,0,NA
2005,0.06030016,0.379075039,0.86163392,0.108055324,0.334533559,0.86163392,2011,State,All,Owns Dwelling,state,99,Haryana,NA,NA,NA,NA,NA,NA,NA,NA,NA,NA,NA,NA,NA,NA,NA,NA,1,NA
2006,0.067743003,0.369208291,0.873080464,0.175891826,0.325288197,0.880901648,2011,State,All,Owns Dwelling,state,99,Delhi,NA,NA,NA,NA,NA,NA,NA,NA,NA,NA,NA,NA,NA,NA,NA,NA,0,NA
2007,0.0330273,0.315054652,0.728928105,0.071412542,0.277292931,0.728928105,2011,State,All,Owns Dwelling,state,99,Delhi,NA,NA,NA,NA,NA,NA,NA,NA,NA,NA,NA,NA,NA,NA,NA,NA,1,NA
2008,0.066943838,0.392942519,0.800676302,0.121997463,0.358500178,0.801768467,2011,State,All,Owns Dwelling,state,99,Rajasthan,NA,NA,NA,NA,NA,NA,NA,NA,NA,NA,NA,NA,NA,NA,NA,NA,0,NA
2009,0.108364508,0.594069406,0.944590928,0.209121024,0.547420517,0.945246854,2011,State,All,Owns Dwelling,state,99,Rajasthan,NA,NA,NA,NA,NA,NA,NA,NA,NA,NA,NA,NA,NA,NA,NA,NA,1,NA
2010,0.180500214,0.580039927,0.80444412,0.307248304,0.53132964,0.804482377,2011,State,All,Owns Dwelling,state,99,Uttar Pradesh,NA,NA,NA,NA,NA,NA,NA,NA,NA,NA,NA,NA,NA,NA,NA,NA,0,NA
2011,0.27983158,0.777601174,0.968194124,0.426986096,0.748043546,0.968274056,2011,State,All,Owns Dwelling,state,99,Uttar Pradesh,NA,NA,NA,NA,NA,NA,NA,NA,NA,NA,NA,NA,NA,NA,NA,NA,1,NA
2012,0.206757781,0.641654238,0.930079588,0.302841647,0.564913132,0.930249241,2011,State,All,Owns Dwelling,state,99,Bihar,NA,NA,NA,NA,NA,NA,NA,NA,NA,NA,NA,NA,NA,NA,NA,NA,0,NA
2013,0.239947596,0.822887414,0.99048776,0.409085342,0.78546382,0.990519313,2011,State,All,Owns Dwelling,state,99,Bihar,NA,NA,NA,NA,NA,NA,NA,NA,NA,NA,NA,NA,NA,NA,NA,NA,1,NA
2014,0.059696961,0.603238838,0.968746884,0.141485649,0.545372049,0.968746884,2011,State,All,Owns Dwelling,state,99,Sikkim,NA,NA,NA,NA,NA,NA,NA,NA,NA,NA,NA,NA,NA,NA,NA,NA,0,NA
2015,0.02053161,0.645682006,0.971274197,0.10107985,0.580338553,0.971274197,2011,State,All,Owns Dwelling,state,99,Sikkim,NA,NA,NA,NA,NA,NA,NA,NA,NA,NA,NA,NA,NA,NA,NA,NA,1,NA
2016,0.205036344,0.474680021,0.790317394,0.30857346,0.458419609,0.791156344,2011,State,All,Owns Dwelling,state,99,Arunachal Pradesh,NA,NA,NA,NA,NA,NA,NA,NA,NA,NA,NA,NA,NA,NA,NA,NA,0,NA
2017,0.292727595,0.639461632,0.889460807,0.382106568,0.622271029,0.889710593,2011,State,All,Owns Dwelling,state,99,Arunachal Pradesh,NA,NA,NA,NA,NA,NA,NA,NA,NA,NA,NA,NA,NA,NA,NA,NA,1,NA
2018,0.27509546,0.4532678,0.988215902,0.27509546,0.435394784,0.988215902,2011,State,All,Owns Dwelling,state,99,Nagaland,NA,NA,NA,NA,NA,NA,NA,NA,NA,NA,NA,NA,NA,NA,NA,NA,0,NA
2019,0.06488347,0.541028677,0.946228338,0.157975619,0.486839088,0.946455026,2011,State,All,Owns Dwelling,state,99,Nagaland,NA,NA,NA,NA,NA,NA,NA,NA,NA,NA,NA,NA,NA,NA,NA,NA,1,NA
2020,0.346907631,0.64083512,0.979241492,0.542508761,0.605814396,0.979241492,2011,State,All,Owns Dwelling,state,99,Manipur,NA,NA,NA,NA,NA,NA,NA,NA,NA,NA,NA,NA,NA,NA,NA,NA,0,NA
2021,0.36043349,0.845551306,0.99043254,0.53410846,0.818682774,0.990746213,2011,State,All,Owns Dwelling,state,99,Manipur,NA,NA,NA,NA,NA,NA,NA,NA,NA,NA,NA,NA,NA,NA,NA,NA,1,NA
2022,0.047635531,0.366860747,0.900837441,0.122592478,0.29378778,0.900837441,2011,State,All,Owns Dwelling,state,99,Mizoram,NA,NA,NA,NA,NA,NA,NA,NA,NA,NA,NA,NA,NA,NA,NA,NA,0,NA
2023,0.05688701,0.467497371,0.905059614,0.127336836,0.415960931,0.905435912,2011,State,All,Owns Dwelling,state,99,Mizoram,NA,NA,NA,NA,NA,NA,NA,NA,NA,NA,NA,NA,NA,NA,NA,NA,1,NA
2024,0.111755966,0.461623953,0.924845231,0.211664603,0.441795074,0.924845231,2011,State,All,Owns Dwelling,state,99,Tripura,NA,NA,NA,NA,NA,NA,NA,NA,NA,NA,NA,NA,NA,NA,NA,NA,0,NA
2025,0.072200696,0.617031745,0.952465026,0.166277813,0.555100469,0.952845984,2011,State,All,Owns Dwelling,state,99,Tripura,NA,NA,NA,NA,NA,NA,NA,NA,NA,NA,NA,NA,NA,NA,NA,NA,1,NA
2026,0.058623299,0.411905581,0.90234663,0.090934039,0.341022246,0.90234663,2011,State,All,Owns Dwelling,state,99,Meghalaya,NA,NA,NA,NA,NA,NA,NA,NA,NA,NA,NA,NA,NA,NA,NA,NA,0,NA
2027,0.083711126,0.664364341,0.973340094,0.189035313,0.631558866,0.974069476,2011,State,All,Owns Dwelling,state,99,Meghalaya,NA,NA,NA,NA,NA,NA,NA,NA,NA,NA,NA,NA,NA,NA,NA,NA,1,NA
2028,0.24955472,0.698419016,0.919973486,0.427854365,0.692861954,0.919973486,2011,State,All,Owns Dwelling,state,99,Assam,NA,NA,NA,NA,NA,NA,NA,NA,NA,NA,NA,NA,NA,NA,NA,NA,0,NA
2029,0.221521282,0.760214141,0.976373615,0.366550349,0.720863335,0.977040625,2011,State,All,Owns Dwelling,state,99,Assam,NA,NA,NA,NA,NA,NA,NA,NA,NA,NA,NA,NA,NA,NA,NA,NA,1,NA
2030,0.13332652,0.456860516,0.833081626,0.205849437,0.417443823,0.833081626,2011,State,All,Owns Dwelling,state,99,West Bengal,NA,NA,NA,NA,NA,NA,NA,NA,NA,NA,NA,NA,NA,NA,NA,NA,0,NA
2031,0.184088911,0.689120865,0.933887923,0.311962667,0.649084991,0.933979327,2011,State,All,Owns Dwelling,state,99,West Bengal,NA,NA,NA,NA,NA,NA,NA,NA,NA,NA,NA,NA,NA,NA,NA,NA,1,NA
2032,0.153913484,0.47203842,0.87649106,0.215208297,0.428768467,0.87649106,2011,State,All,Owns Dwelling,state,99,Jharkhand,NA,NA,NA,NA,NA,NA,NA,NA,NA,NA,NA,NA,NA,NA,NA,NA,0,NA
2033,0.291684635,0.835476809,0.982714183,0.482678263,0.808802143,0.982837396,2011,State,All,Owns Dwelling,state,99,Jharkhand,NA,NA,NA,NA,NA,NA,NA,NA,NA,NA,NA,NA,NA,NA,NA,NA,1,NA
2034,0.127441081,0.402237816,0.823518696,0.189468731,0.365936934,0.823518696,2011,State,All,Owns Dwelling,state,99,Odisha,NA,NA,NA,NA,NA,NA,NA,NA,NA,NA,NA,NA,NA,NA,NA,NA,0,NA
2035,0.277309076,0.817863641,0.981901335,0.455261309,0.783375113,0.981915306,2011,State,All,Owns Dwelling,state,99,Odisha,NA,NA,NA,NA,NA,NA,NA,NA,NA,NA,NA,NA,NA,NA,NA,NA,1,NA
2036,0.109363004,0.535636315,0.864934432,0.227457052,0.498306715,0.865627392,2011,State,All,Owns Dwelling,state,99,Chhattisgarh,NA,NA,NA,NA,NA,NA,NA,NA,NA,NA,NA,NA,NA,NA,NA,NA,0,NA
2037,0.257166412,0.794617841,0.968250158,0.386926263,0.761196588,0.96966445,2011,State,All,Owns Dwelling,state,99,Chhattisgarh,NA,NA,NA,NA,NA,NA,NA,NA,NA,NA,NA,NA,NA,NA,NA,NA,1,NA
2038,0.238159374,0.520524235,0.806516228,0.330048613,0.493400475,0.806516228,2011,State,All,Owns Dwelling,state,99,Madhya Pradesh,NA,NA,NA,NA,NA,NA,NA,NA,NA,NA,NA,NA,NA,NA,NA,NA,0,NA
2039,0.296314229,0.767912349,0.963221549,0.440086105,0.734401438,0.963511945,2011,State,All,Owns Dwelling,state,99,Madhya Pradesh,NA,NA,NA,NA,NA,NA,NA,NA,NA,NA,NA,NA,NA,NA,NA,NA,1,NA
2040,0.119107128,0.482700362,0.933565649,0.220857247,0.453962219,0.933565649,2011,State,All,Owns Dwelling,state,99,Gujarat,NA,NA,NA,NA,NA,NA,NA,NA,NA,NA,NA,NA,NA,NA,NA,NA,0,NA
2041,0.170903728,0.626638821,0.953388086,0.287821565,0.594667119,0.953389589,2011,State,All,Owns Dwelling,state,99,Gujarat,NA,NA,NA,NA,NA,NA,NA,NA,NA,NA,NA,NA,NA,NA,NA,NA,1,NA
2042,0.113732014,0.494917014,0.867726192,0.128673642,0.367412472,0.867726192,2011,State,All,Owns Dwelling,state,99,Daman & Diu & D & N Haveli,NA,NA,NA,NA,NA,NA,NA,NA,NA,NA,NA,NA,NA,NA,NA,NA,0,NA
2043,0.285659505,0.690145141,0.928106095,0.356367877,0.651305454,0.928106095,2011,State,All,Owns Dwelling,state,99,Daman & Diu & D & N Haveli,NA,NA,NA,NA,NA,NA,NA,NA,NA,NA,NA,NA,NA,NA,NA,NA,1,NA
2044,0.080058716,0.421154629,0.832148223,0.137231072,0.38468212,0.832705875,2011,State,All,Owns Dwelling,state,99,Maharashtra,NA,NA,NA,NA,NA,NA,NA,NA,NA,NA,NA,NA,NA,NA,NA,NA,0,NA
2045,0.096326888,0.575394878,0.915208233,0.18326816,0.525073249,0.915497333,2011,State,All,Owns Dwelling,state,99,Maharashtra,NA,NA,NA,NA,NA,NA,NA,NA,NA,NA,NA,NA,NA,NA,NA,NA,1,NA
2046,0.037861189,0.33517918,0.833357476,0.091416078,0.275920185,0.833357476,2011,State,All,Owns Dwelling,state,99,Andhra Pradesh,NA,NA,NA,NA,NA,NA,NA,NA,NA,NA,NA,NA,NA,NA,NA,NA,0,NA
2047,0.053606105,0.499452067,0.928083955,0.137039832,0.431554762,0.930132135,2011,State,All,Owns Dwelling,state,99,Andhra Pradesh,NA,NA,NA,NA,NA,NA,NA,NA,NA,NA,NA,NA,NA,NA,NA,NA,1,NA
2048,0.044551045,0.332122488,0.778867804,0.093563095,0.313176379,0.782480078,2011,State,All,Owns Dwelling,state,99,Karnataka,NA,NA,NA,NA,NA,NA,NA,NA,NA,NA,NA,NA,NA,NA,NA,NA,0,NA
2049,0.05995744,0.545096861,0.911783754,0.140793108,0.48881709,0.912874444,2011,State,All,Owns Dwelling,state,99,Karnataka,NA,NA,NA,NA,NA,NA,NA,NA,NA,NA,NA,NA,NA,NA,NA,NA,1,NA
2050,0.12843169,0.346543769,0.862718551,0.147547766,0.340942898,0.862718551,2011,State,All,Owns Dwelling,state,99,Goa,NA,NA,NA,NA,NA,NA,NA,NA,NA,NA,NA,NA,NA,NA,NA,NA,0,NA
2051,0.01256377,0.263026196,0.811117816,0.023064489,0.237596929,0.81355117,2011,State,All,Owns Dwelling,state,99,Goa,NA,NA,NA,NA,NA,NA,NA,NA,NA,NA,NA,NA,NA,NA,NA,NA,1,NA
2052,0,0.044177174,0.452312229,0,0.044177174,0.452312229,2011,State,All,Owns Dwelling,state,99,Lakshadweep,NA,NA,NA,NA,NA,NA,NA,NA,NA,NA,NA,NA,NA,NA,NA,NA,0,NA
2053,0,0.11045356,0.718758113,0,0.081662443,0.718758113,2011,State,All,Owns Dwelling,state,99,Lakshadweep,NA,NA,NA,NA,NA,NA,NA,NA,NA,NA,NA,NA,NA,NA,NA,NA,1,NA
2054,0.019511428,0.205650082,0.666775501,0.046748008,0.153064388,0.666775501,2011,State,All,Owns Dwelling,state,99,Kerala,NA,NA,NA,NA,NA,NA,NA,NA,NA,NA,NA,NA,NA,NA,NA,NA,0,NA
2055,0.028990319,0.30389876,0.802907029,0.063462584,0.26441649,0.803752309,2011,State,All,Owns Dwelling,state,99,Kerala,NA,NA,NA,NA,NA,NA,NA,NA,NA,NA,NA,NA,NA,NA,NA,NA,1,NA
2056,0.02268809,0.305275718,0.832775807,0.054247167,0.259546525,0.834100252,2011,State,All,Owns Dwelling,state,99,Tamil Nadu,NA,NA,NA,NA,NA,NA,NA,NA,NA,NA,NA,NA,NA,NA,NA,NA,0,NA
2057,0.059191213,0.418506262,0.876495222,0.118282531,0.371234768,0.878294823,2011,State,All,Owns Dwelling,state,99,Tamil Nadu,NA,NA,NA,NA,NA,NA,NA,NA,NA,NA,NA,NA,NA,NA,NA,NA,1,NA
2058,0.010899417,0.129439167,0.736920181,0.060656047,0.115447406,0.736920181,2011,State,All,Owns Dwelling,state,99,Puducherry,NA,NA,NA,NA,NA,NA,NA,NA,NA,NA,NA,NA,NA,NA,NA,NA,0,NA
2059,0.002405811,0.242185633,0.814094402,0.012695202,0.168403556,0.814094402,2011,State,All,Owns Dwelling,state,99,Puducherry,NA,NA,NA,NA,NA,NA,NA,NA,NA,NA,NA,NA,NA,NA,NA,NA,1,NA
2060,0,0.052078239,0.543346792,0.00810257,0.044689066,0.546824438,2011,State,All,Owns Dwelling,state,99,A & N Island,NA,NA,NA,NA,NA,NA,NA,NA,NA,NA,NA,NA,NA,NA,NA,NA,0,NA
2061,0,0.069024271,0.681657778,0,0.02858976,0.681657778,2011,State,All,Owns Dwelling,state,99,A & N Island,NA,NA,NA,NA,NA,NA,NA,NA,NA,NA,NA,NA,NA,NA,NA,NA,1,NA
2062,0.057080209,0.301075909,0.813239484,0.0828057,0.27050195,0.816432272,2011,State,All,Owns Dwelling,state,99,Telangana,NA,NA,NA,NA,NA,NA,NA,NA,NA,NA,NA,NA,NA,NA,NA,NA,0,NA
2063,0.029168806,0.465482689,0.913982579,0.083753609,0.400406331,0.91467183,2011,State,All,Owns Dwelling,state,99,Telangana,NA,NA,NA,NA,NA,NA,NA,NA,NA,NA,NA,NA,NA,NA,NA,NA,1,NA
2064,0,0,0.441052774,0,0,0.441052774,2011,State,All,Owns Dwelling,state,99,Ladakh,NA,NA,NA,NA,NA,NA,NA,NA,NA,NA,NA,NA,NA,NA,NA,NA,0,NA
2065,0,0.300409562,0.909340894,0.002956392,0.177952419,0.909340894,2011,State,All,Owns Dwelling,state,99,Ladakh,NA,NA,NA,NA,NA,NA,NA,NA,NA,NA,NA,NA,NA,NA,NA,NA,1,NA
2066,0,0.308672788,0.637094221,0,0.297238759,0.637094221,2011,State,urban/rural,Owns Dwelling,sector_state,0,Jammu & Kashmir,NA,NA,NA,NA,NA,NA,NA,NA,NA,NA,NA,NA,NA,NA,NA,NA,0,NA
2067,0.035342002,0.387033165,0.926313833,0.073389655,0.320569329,0.926570258,2011,State,urban/rural,Owns Dwelling,sector_state,0,Jammu & Kashmir,NA,NA,NA,NA,NA,NA,NA,NA,NA,NA,NA,NA,NA,NA,NA,NA,1,NA
2068,0,0.102866268,0.733840153,0.012574999,0.082708724,0.733840153,2011,State,urban/rural,Owns Dwelling,sector_state,0,Himachal Pradesh,NA,NA,NA,NA,NA,NA,NA,NA,NA,NA,NA,NA,NA,NA,NA,NA,0,NA
2069,0.029943668,0.355505606,0.891934252,0.053458516,0.314114312,0.893711376,2011,State,urban/rural,Owns Dwelling,sector_state,0,Himachal Pradesh,NA,NA,NA,NA,NA,NA,NA,NA,NA,NA,NA,NA,NA,NA,NA,NA,1,NA
2070,0.188580633,0.486477367,0.851023203,0.214703163,0.486477367,0.851023203,2011,State,urban/rural,Owns Dwelling,sector_state,0,Punjab,NA,NA,NA,NA,NA,NA,NA,NA,NA,NA,NA,NA,NA,NA,NA,NA,0,NA
2071,0.030575293,0.385204871,0.875491101,0.079745754,0.341417283,0.876106273,2011,State,urban/rural,Owns Dwelling,sector_state,0,Punjab,NA,NA,NA,NA,NA,NA,NA,NA,NA,NA,NA,NA,NA,NA,NA,NA,1,NA
2072,0,0.534516482,0.931805996,0.125442738,0.534516482,0.931805996,2011,State,urban/rural,Owns Dwelling,sector_state,0,Chandigarh,NA,NA,NA,NA,NA,NA,NA,NA,NA,NA,NA,NA,NA,NA,NA,NA,0,NA
2073,0,0.238657787,0.710419694,0.014185319,0.238657787,0.710419694,2011,State,urban/rural,Owns Dwelling,sector_state,0,Chandigarh,NA,NA,NA,NA,NA,NA,NA,NA,NA,NA,NA,NA,NA,NA,NA,NA,1,NA
2074,0.11458832,0.358382423,0.814225923,0.166693398,0.33391642,0.823638798,2011,State,urban/rural,Owns Dwelling,sector_state,0,Uttrakhand,NA,NA,NA,NA,NA,NA,NA,NA,NA,NA,NA,NA,NA,NA,NA,NA,0,NA
2075,0.02373816,0.495272211,0.933677065,0.052229495,0.458527145,0.933677065,2011,State,urban/rural,Owns Dwelling,sector_state,0,Uttrakhand,NA,NA,NA,NA,NA,NA,NA,NA,NA,NA,NA,NA,NA,NA,NA,NA,1,NA
2076,0.007180064,0.33265583,0.555352746,0.010194646,0.212734185,0.555352746,2011,State,urban/rural,Owns Dwelling,sector_state,0,Haryana,NA,NA,NA,NA,NA,NA,NA,NA,NA,NA,NA,NA,NA,NA,NA,NA,0,NA
2077,0.062582999,0.420099062,0.898440059,0.117561673,0.371689128,0.898440059,2011,State,urban/rural,Owns Dwelling,sector_state,0,Haryana,NA,NA,NA,NA,NA,NA,NA,NA,NA,NA,NA,NA,NA,NA,NA,NA,1,NA
2078,0.108603382,0.123027822,0.989345445,0.110874782,0.118976809,0.989345445,2011,State,urban/rural,Owns Dwelling,sector_state,0,Delhi,NA,NA,NA,NA,NA,NA,NA,NA,NA,NA,NA,NA,NA,NA,NA,NA,0,NA
2079,0.033784336,0.352853413,0.820274351,0.033784336,0.352853413,0.820274351,2011,State,urban/rural,Owns Dwelling,sector_state,0,Delhi,NA,NA,NA,NA,NA,NA,NA,NA,NA,NA,NA,NA,NA,NA,NA,NA,1,NA
2080,0.110175574,0.574867274,0.857931949,0.175611632,0.555704624,0.857931949,2011,State,urban/rural,Owns Dwelling,sector_state,0,Rajasthan,NA,NA,NA,NA,NA,NA,NA,NA,NA,NA,NA,NA,NA,NA,NA,NA,0,NA
2081,0.11408162,0.627270226,0.963356034,0.22407611,0.579383415,0.964056006,2011,State,urban/rural,Owns Dwelling,sector_state,0,Rajasthan,NA,NA,NA,NA,NA,NA,NA,NA,NA,NA,NA,NA,NA,NA,NA,NA,1,NA
2082,0.277030689,0.58442752,0.892396957,0.307061591,0.544809872,0.892396957,2011,State,urban/rural,Owns Dwelling,sector_state,0,Uttar Pradesh,NA,NA,NA,NA,NA,NA,NA,NA,NA,NA,NA,NA,NA,NA,NA,NA,0,NA
2083,0.288838704,0.810528278,0.981688682,0.445170019,0.781371555,0.981770762,2011,State,urban/rural,Owns Dwelling,sector_state,0,Uttar Pradesh,NA,NA,NA,NA,NA,NA,NA,NA,NA,NA,NA,NA,NA,NA,NA,NA,1,NA
2084,0.179350344,0.853825041,0.989249696,0.361520929,0.640593158,0.989249696,2011,State,urban/rural,Owns Dwelling,sector_state,0,Bihar,NA,NA,NA,NA,NA,NA,NA,NA,NA,NA,NA,NA,NA,NA,NA,NA,0,NA
2085,0.238715867,0.832272343,0.992486266,0.411021398,0.793857032,0.992520723,2011,State,urban/rural,Owns Dwelling,sector_state,0,Bihar,NA,NA,NA,NA,NA,NA,NA,NA,NA,NA,NA,NA,NA,NA,NA,NA,1,NA
2086,0.027137466,0.661847294,0.957204688,0.116415269,0.588665195,0.957204688,2011,State,urban/rural,Owns Dwelling,sector_state,0,Sikkim,NA,NA,NA,NA,NA,NA,NA,NA,NA,NA,NA,NA,NA,NA,NA,NA,0,NA
2087,0.022366402,0.697458226,0.982210345,0.113075775,0.635293216,0.982210345,2011,State,urban/rural,Owns Dwelling,sector_state,0,Sikkim,NA,NA,NA,NA,NA,NA,NA,NA,NA,NA,NA,NA,NA,NA,NA,NA,1,NA
2088,0.23085915,0.508476269,0.774627058,0.377899227,0.502272505,0.774627058,2011,State,urban/rural,Owns Dwelling,sector_state,0,Arunachal Pradesh,NA,NA,NA,NA,NA,NA,NA,NA,NA,NA,NA,NA,NA,NA,NA,NA,0,NA
2089,0.300928294,0.657439071,0.903223813,0.392854319,0.639070069,0.903223813,2011,State,urban/rural,Owns Dwelling,sector_state,0,Arunachal Pradesh,NA,NA,NA,NA,NA,NA,NA,NA,NA,NA,NA,NA,NA,NA,NA,NA,1,NA
2090,0,0.096915422,0.96369886,0,0.058130332,0.96369886,2011,State,urban/rural,Owns Dwelling,sector_state,0,Nagaland,NA,NA,NA,NA,NA,NA,NA,NA,NA,NA,NA,NA,NA,NA,NA,NA,0,NA
2091,0.045593487,0.581925173,0.954139444,0.124508792,0.516828047,0.954477544,2011,State,urban/rural,Owns Dwelling,sector_state,0,Nagaland,NA,NA,NA,NA,NA,NA,NA,NA,NA,NA,NA,NA,NA,NA,NA,NA,1,NA
2092,0.099180981,0.166057757,0.981154209,0.099180981,0.142079276,0.981154209,2011,State,urban/rural,Owns Dwelling,sector_state,0,Manipur,NA,NA,NA,NA,NA,NA,NA,NA,NA,NA,NA,NA,NA,NA,NA,NA,0,NA
2093,0.357214861,0.838679167,0.989152619,0.522066629,0.812490255,0.989578594,2011,State,urban/rural,Owns Dwelling,sector_state,0,Manipur,NA,NA,NA,NA,NA,NA,NA,NA,NA,NA,NA,NA,NA,NA,NA,NA,1,NA
2094,0,0.36607868,0.929209334,0.027639514,0.171428486,0.929209334,2011,State,urban/rural,Owns Dwelling,sector_state,0,Mizoram,NA,NA,NA,NA,NA,NA,NA,NA,NA,NA,NA,NA,NA,NA,NA,NA,0,NA
2095,0.081057226,0.591334475,0.953825466,0.164667045,0.527808642,0.953825466,2011,State,urban/rural,Owns Dwelling,sector_state,0,Mizoram,NA,NA,NA,NA,NA,NA,NA,NA,NA,NA,NA,NA,NA,NA,NA,NA,1,NA
2096,0.300579246,0.610019328,0.974697616,0.477952568,0.610019328,0.974697616,2011,State,urban/rural,Owns Dwelling,sector_state,0,Tripura,NA,NA,NA,NA,NA,NA,NA,NA,NA,NA,NA,NA,NA,NA,NA,NA,0,NA
2097,0.076352506,0.639475666,0.968430195,0.173918638,0.572407086,0.968867978,2011,State,urban/rural,Owns Dwelling,sector_state,0,Tripura,NA,NA,NA,NA,NA,NA,NA,NA,NA,NA,NA,NA,NA,NA,NA,NA,1,NA
2098,0.076256821,0.533799957,0.987987261,0.172456584,0.533799957,0.987987261,2011,State,urban/rural,Owns Dwelling,sector_state,0,Meghalaya,NA,NA,NA,NA,NA,NA,NA,NA,NA,NA,NA,NA,NA,NA,NA,NA,0,NA
2099,0.081167628,0.713765119,0.981007553,0.194433776,0.678170194,0.981840801,2011,State,urban/rural,Owns Dwelling,sector_state,0,Meghalaya,NA,NA,NA,NA,NA,NA,NA,NA,NA,NA,NA,NA,NA,NA,NA,NA,1,NA
2100,0.281629531,0.863393997,0.98268049,0.523837675,0.858869964,0.98268049,2011,State,urban/rural,Owns Dwelling,sector_state,0,Assam,NA,NA,NA,NA,NA,NA,NA,NA,NA,NA,NA,NA,NA,NA,NA,NA,0,NA
2101,0.228705353,0.784523087,0.983662075,0.379006182,0.743663889,0.984375733,2011,State,urban/rural,Owns Dwelling,sector_state,0,Assam,NA,NA,NA,NA,NA,NA,NA,NA,NA,NA,NA,NA,NA,NA,NA,NA,1,NA
2102,0.162538409,0.682570215,0.95185979,0.295472787,0.608572387,0.95185979,2011,State,urban/rural,Owns Dwelling,sector_state,0,West Bengal,NA,NA,NA,NA,NA,NA,NA,NA,NA,NA,NA,NA,NA,NA,NA,NA,0,NA
2103,0.196250281,0.756139131,0.97330431,0.338781508,0.711186886,0.973392104,2011,State,urban/rural,Owns Dwelling,sector_state,0,West Bengal,NA,NA,NA,NA,NA,NA,NA,NA,NA,NA,NA,NA,NA,NA,NA,NA,1,NA
2104,0.212473788,0.515818324,0.764686355,0.220321464,0.45217064,0.764686355,2011,State,urban/rural,Owns Dwelling,sector_state,0,Jharkhand,NA,NA,NA,NA,NA,NA,NA,NA,NA,NA,NA,NA,NA,NA,NA,NA,0,NA
2105,0.307549045,0.888430758,0.993085854,0.513147167,0.863771477,0.993230414,2011,State,urban/rural,Owns Dwelling,sector_state,0,Jharkhand,NA,NA,NA,NA,NA,NA,NA,NA,NA,NA,NA,NA,NA,NA,NA,NA,1,NA
2106,0.218595466,0.532157293,0.943415011,0.26398363,0.521044951,0.943415011,2011,State,urban/rural,Owns Dwelling,sector_state,0,Odisha,NA,NA,NA,NA,NA,NA,NA,NA,NA,NA,NA,NA,NA,NA,NA,NA,0,NA
2107,0.283390852,0.832357345,0.990370435,0.475022503,0.7992926,0.990370435,2011,State,urban/rural,Owns Dwelling,sector_state,0,Odisha,NA,NA,NA,NA,NA,NA,NA,NA,NA,NA,NA,NA,NA,NA,NA,NA,1,NA
2108,0.226138769,0.746958754,0.838373531,0.275791469,0.640947223,0.841225377,2011,State,urban/rural,Owns Dwelling,sector_state,0,Chhattisgarh,NA,NA,NA,NA,NA,NA,NA,NA,NA,NA,NA,NA,NA,NA,NA,NA,0,NA
2109,0.260106391,0.834803817,0.987663022,0.397645872,0.797125482,0.98939708,2011,State,urban/rural,Owns Dwelling,sector_state,0,Chhattisgarh,NA,NA,NA,NA,NA,NA,NA,NA,NA,NA,NA,NA,NA,NA,NA,NA,1,NA
2110,0.342762316,0.680992656,0.883366375,0.506797126,0.662931173,0.883366375,2011,State,urban/rural,Owns Dwelling,sector_state,0,Madhya Pradesh,NA,NA,NA,NA,NA,NA,NA,NA,NA,NA,NA,NA,NA,NA,NA,NA,0,NA
2111,0.320241488,0.812985673,0.980297059,0.481308512,0.781634699,0.980357302,2011,State,urban/rural,Owns Dwelling,sector_state,0,Madhya Pradesh,NA,NA,NA,NA,NA,NA,NA,NA,NA,NA,NA,NA,NA,NA,NA,NA,1,NA
2112,0.115625576,0.461837425,0.978036044,0.125352617,0.459689606,0.978036044,2011,State,urban/rural,Owns Dwelling,sector_state,0,Gujarat,NA,NA,NA,NA,NA,NA,NA,NA,NA,NA,NA,NA,NA,NA,NA,NA,0,NA
2113,0.214018231,0.733417939,0.985134036,0.354574779,0.711629398,0.985136308,2011,State,urban/rural,Owns Dwelling,sector_state,0,Gujarat,NA,NA,NA,NA,NA,NA,NA,NA,NA,NA,NA,NA,NA,NA,NA,NA,1,NA
2114,0.103812707,0.458722001,0.792786436,0.140858095,0.380584239,0.792786436,2011,State,urban/rural,Owns Dwelling,sector_state,0,Daman & Diu & D & N Haveli,NA,NA,NA,NA,NA,NA,NA,NA,NA,NA,NA,NA,NA,NA,NA,NA,0,NA
2115,0.398614211,0.873611232,0.977337904,0.485177979,0.815834393,0.977337904,2011,State,urban/rural,Owns Dwelling,sector_state,0,Daman & Diu & D & N Haveli,NA,NA,NA,NA,NA,NA,NA,NA,NA,NA,NA,NA,NA,NA,NA,NA,1,NA
2116,0.17224424,0.666489888,0.863293112,0.270755,0.632537179,0.863293112,2011,State,urban/rural,Owns Dwelling,sector_state,0,Maharashtra,NA,NA,NA,NA,NA,NA,NA,NA,NA,NA,NA,NA,NA,NA,NA,NA,0,NA
2117,0.116694466,0.683153011,0.971677316,0.224906655,0.631674382,0.971748563,2011,State,urban/rural,Owns Dwelling,sector_state,0,Maharashtra,NA,NA,NA,NA,NA,NA,NA,NA,NA,NA,NA,NA,NA,NA,NA,NA,1,NA
2118,0.048877848,0.289809261,0.891027591,0.074516197,0.222854553,0.891027591,2011,State,urban/rural,Owns Dwelling,sector_state,0,Andhra Pradesh,NA,NA,NA,NA,NA,NA,NA,NA,NA,NA,NA,NA,NA,NA,NA,NA,0,NA
2119,0.054176249,0.521575053,0.950994884,0.142478152,0.447084665,0.951526803,2011,State,urban/rural,Owns Dwelling,sector_state,0,Andhra Pradesh,NA,NA,NA,NA,NA,NA,NA,NA,NA,NA,NA,NA,NA,NA,NA,NA,1,NA
2120,0.050324383,0.477082459,0.896663714,0.151013098,0.472490206,0.896663714,2011,State,urban/rural,Owns Dwelling,sector_state,0,Karnataka,NA,NA,NA,NA,NA,NA,NA,NA,NA,NA,NA,NA,NA,NA,NA,NA,0,NA
2121,0.044988819,0.567026306,0.94291254,0.122424897,0.501622626,0.9437927,2011,State,urban/rural,Owns Dwelling,sector_state,0,Karnataka,NA,NA,NA,NA,NA,NA,NA,NA,NA,NA,NA,NA,NA,NA,NA,NA,1,NA
2122,0.224977144,0.471788394,0.928496405,0.224977144,0.471788394,0.928496405,2011,State,urban/rural,Owns Dwelling,sector_state,0,Goa,NA,NA,NA,NA,NA,NA,NA,NA,NA,NA,NA,NA,NA,NA,NA,NA,0,NA
2123,0.000438722,0.289081042,0.887397588,0.011609292,0.286379432,0.892050538,2011,State,urban/rural,Owns Dwelling,sector_state,0,Goa,NA,NA,NA,NA,NA,NA,NA,NA,NA,NA,NA,NA,NA,NA,NA,NA,1,NA
2124,0,0,0.635279348,0,0,0.635279348,2011,State,urban/rural,Owns Dwelling,sector_state,0,Lakshadweep,NA,NA,NA,NA,NA,NA,NA,NA,NA,NA,NA,NA,NA,NA,NA,NA,0,NA
2125,0,0.047252175,0.683189941,0,0.042386041,0.683189941,2011,State,urban/rural,Owns Dwelling,sector_state,0,Lakshadweep,NA,NA,NA,NA,NA,NA,NA,NA,NA,NA,NA,NA,NA,NA,NA,NA,1,NA
2126,0.011088137,0.202656523,0.695015578,0.032431322,0.140912158,0.695015578,2011,State,urban/rural,Owns Dwelling,sector_state,0,Kerala,NA,NA,NA,NA,NA,NA,NA,NA,NA,NA,NA,NA,NA,NA,NA,NA,0,NA
2127,0.026668037,0.304261139,0.814653854,0.061450965,0.264501455,0.815127467,2011,State,urban/rural,Owns Dwelling,sector_state,0,Kerala,NA,NA,NA,NA,NA,NA,NA,NA,NA,NA,NA,NA,NA,NA,NA,NA,1,NA
2128,0.006693876,0.317430747,0.834166183,0.053617352,0.275672116,0.834166183,2011,State,urban/rural,Owns Dwelling,sector_state,0,Tamil Nadu,NA,NA,NA,NA,NA,NA,NA,NA,NA,NA,NA,NA,NA,NA,NA,NA,0,NA
2129,0.072412439,0.463280149,0.911640822,0.141809244,0.408227835,0.913099041,2011,State,urban/rural,Owns Dwelling,sector_state,0,Tamil Nadu,NA,NA,NA,NA,NA,NA,NA,NA,NA,NA,NA,NA,NA,NA,NA,NA,1,NA
2130,0,0.171085124,0.915066012,0.149821756,0.171085124,0.915066012,2011,State,urban/rural,Owns Dwelling,sector_state,0,Puducherry,NA,NA,NA,NA,NA,NA,NA,NA,NA,NA,NA,NA,NA,NA,NA,NA,0,NA
2131,0.003272863,0.360222037,0.924240974,0.013357398,0.225293565,0.924240974,2011,State,urban/rural,Owns Dwelling,sector_state,0,Puducherry,NA,NA,NA,NA,NA,NA,NA,NA,NA,NA,NA,NA,NA,NA,NA,NA,1,NA
2132,0,0.09509286,0.608561529,0.015807104,0.082803748,0.608561529,2011,State,urban/rural,Owns Dwelling,sector_state,0,A & N Island,NA,NA,NA,NA,NA,NA,NA,NA,NA,NA,NA,NA,NA,NA,NA,NA,0,NA
2133,0,0.077815442,0.772226737,0,0.03479188,0.772226737,2011,State,urban/rural,Owns Dwelling,sector_state,0,A & N Island,NA,NA,NA,NA,NA,NA,NA,NA,NA,NA,NA,NA,NA,NA,NA,NA,1,NA
2134,0.032944887,0.343179961,0.798747638,0.067332137,0.335384269,0.798747638,2011,State,urban/rural,Owns Dwelling,sector_state,0,Telangana,NA,NA,NA,NA,NA,NA,NA,NA,NA,NA,NA,NA,NA,NA,NA,NA,0,NA
2135,0.029762865,0.52671655,0.96861027,0.089164442,0.461258775,0.968699947,2011,State,urban/rural,Owns Dwelling,sector_state,0,Telangana,NA,NA,NA,NA,NA,NA,NA,NA,NA,NA,NA,NA,NA,NA,NA,NA,1,NA
2136,0,0,0.231704575,0,0,0.231704575,2011,State,urban/rural,Owns Dwelling,sector_state,0,Ladakh,NA,NA,NA,NA,NA,NA,NA,NA,NA,NA,NA,NA,NA,NA,NA,NA,0,NA
2137,0,0.314194088,0.924511042,0,0.186696341,0.924511042,2011,State,urban/rural,Owns Dwelling,sector_state,0,Ladakh,NA,NA,NA,NA,NA,NA,NA,NA,NA,NA,NA,NA,NA,NA,NA,NA,1,NA
2138,0.024828075,0.30472472,0.756822592,0.08884246,0.283236152,0.756822592,2011,State,urban/rural,Owns Dwelling,sector_state,1,Jammu & Kashmir,NA,NA,NA,NA,NA,NA,NA,NA,NA,NA,NA,NA,NA,NA,NA,NA,0,NA
2139,0.02405098,0.262377988,0.789017428,0.060668092,0.234406484,0.790250542,2011,State,urban/rural,Owns Dwelling,sector_state,1,Jammu & Kashmir,NA,NA,NA,NA,NA,NA,NA,NA,NA,NA,NA,NA,NA,NA,NA,NA,1,NA
2140,0.027040703,0.193711355,0.688134159,0.027040703,0.141252522,0.689847803,2011,State,urban/rural,Owns Dwelling,sector_state,1,Himachal Pradesh,NA,NA,NA,NA,NA,NA,NA,NA,NA,NA,NA,NA,NA,NA,NA,NA,0,NA
2141,0.005961803,0.186522442,0.706030167,0.054846202,0.17700542,0.706030167,2011,State,urban/rural,Owns Dwelling,sector_state,1,Himachal Pradesh,NA,NA,NA,NA,NA,NA,NA,NA,NA,NA,NA,NA,NA,NA,NA,NA,1,NA
2142,0.132220014,0.509211908,0.87139073,0.196841686,0.46655507,0.87139073,2011,State,urban/rural,Owns Dwelling,sector_state,1,Punjab,NA,NA,NA,NA,NA,NA,NA,NA,NA,NA,NA,NA,NA,NA,NA,NA,0,NA
2143,0.055427419,0.332756283,0.80578998,0.078198442,0.290797679,0.80578998,2011,State,urban/rural,Owns Dwelling,sector_state,1,Punjab,NA,NA,NA,NA,NA,NA,NA,NA,NA,NA,NA,NA,NA,NA,NA,NA,1,NA
2144,0.104456841,0.429830628,0.819106776,0.179779055,0.425289841,0.819106776,2011,State,urban/rural,Owns Dwelling,sector_state,1,Chandigarh,NA,NA,NA,NA,NA,NA,NA,NA,NA,NA,NA,NA,NA,NA,NA,NA,0,NA
2145,0.049535555,0.259192656,0.786970682,0.108978222,0.244356288,0.786970682,2011,State,urban/rural,Owns Dwelling,sector_state,1,Chandigarh,NA,NA,NA,NA,NA,NA,NA,NA,NA,NA,NA,NA,NA,NA,NA,NA,1,NA
2146,0.11752116,0.38680969,0.757018149,0.15295713,0.344508,0.757018149,2011,State,urban/rural,Owns Dwelling,sector_state,1,Uttrakhand,NA,NA,NA,NA,NA,NA,NA,NA,NA,NA,NA,NA,NA,NA,NA,NA,0,NA
2147,0.061807626,0.475275762,0.909824412,0.141554192,0.422355643,0.912465507,2011,State,urban/rural,Owns Dwelling,sector_state,1,Uttrakhand,NA,NA,NA,NA,NA,NA,NA,NA,NA,NA,NA,NA,NA,NA,NA,NA,1,NA
2148,0.091483295,0.376198744,0.728017011,0.132487725,0.337844358,0.728511557,2011,State,urban/rural,Owns Dwelling,sector_state,1,Haryana,NA,NA,NA,NA,NA,NA,NA,NA,NA,NA,NA,NA,NA,NA,NA,NA,0,NA
2149,0.053060065,0.248966016,0.744902058,0.07790563,0.216693465,0.744902058,2011,State,urban/rural,Owns Dwelling,sector_state,1,Haryana,NA,NA,NA,NA,NA,NA,NA,NA,NA,NA,NA,NA,NA,NA,NA,NA,1,NA
2150,0.065891249,0.380364956,0.867811446,0.178838337,0.334638033,0.875987079,2011,State,urban/rural,Owns Dwelling,sector_state,1,Delhi,NA,NA,NA,NA,NA,NA,NA,NA,NA,NA,NA,NA,NA,NA,NA,NA,0,NA
2151,0.032940209,0.31070622,0.71841948,0.075741353,0.268600327,0.71841948,2011,State,urban/rural,Owns Dwelling,sector_state,1,Delhi,NA,NA,NA,NA,NA,NA,NA,NA,NA,NA,NA,NA,NA,NA,NA,NA,1,NA
2152,0.056016997,0.346960951,0.78620491,0.108446457,0.308656661,0.78757312,2011,State,urban/rural,Owns Dwelling,sector_state,1,Rajasthan,NA,NA,NA,NA,NA,NA,NA,NA,NA,NA,NA,NA,NA,NA,NA,NA,0,NA
2153,0.085034157,0.458583734,0.868014412,0.148092413,0.41698655,0.868490599,2011,State,urban/rural,Owns Dwelling,sector_state,1,Rajasthan,NA,NA,NA,NA,NA,NA,NA,NA,NA,NA,NA,NA,NA,NA,NA,NA,1,NA
2154,0.151569731,0.578724952,0.778084382,0.307304262,0.527289573,0.778134105,2011,State,urban/rural,Owns Dwelling,sector_state,1,Uttar Pradesh,NA,NA,NA,NA,NA,NA,NA,NA,NA,NA,NA,NA,NA,NA,NA,NA,0,NA
2155,0.23979825,0.631252396,0.90821581,0.346165298,0.599912897,0.908286198,2011,State,urban/rural,Owns Dwelling,sector_state,1,Uttar Pradesh,NA,NA,NA,NA,NA,NA,NA,NA,NA,NA,NA,NA,NA,NA,NA,NA,1,NA
2156,0.218948774,0.547279386,0.903760368,0.276740748,0.5312502,0.904005483,2011,State,urban/rural,Owns Dwelling,sector_state,1,Bihar,NA,NA,NA,NA,NA,NA,NA,NA,NA,NA,NA,NA,NA,NA,NA,NA,0,NA
2157,0.253328139,0.720936861,0.968777555,0.388053534,0.694286515,0.968777555,2011,State,urban/rural,Owns Dwelling,sector_state,1,Bihar,NA,NA,NA,NA,NA,NA,NA,NA,NA,NA,NA,NA,NA,NA,NA,NA,1,NA
2158,0.084915045,0.557845229,0.977686584,0.16090324,0.511840503,0.977686584,2011,State,urban/rural,Owns Dwelling,sector_state,1,Sikkim,NA,NA,NA,NA,NA,NA,NA,NA,NA,NA,NA,NA,NA,NA,NA,NA,0,NA
2159,0.005987053,0.235247155,0.884582348,0.005987053,0.144707899,0.884582348,2011,State,urban/rural,Owns Dwelling,sector_state,1,Sikkim,NA,NA,NA,NA,NA,NA,NA,NA,NA,NA,NA,NA,NA,NA,NA,NA,1,NA
2160,0.174410585,0.434597788,0.808926077,0.22635334,0.406410227,0.810760019,2011,State,urban/rural,Owns Dwelling,sector_state,1,Arunachal Pradesh,NA,NA,NA,NA,NA,NA,NA,NA,NA,NA,NA,NA,NA,NA,NA,NA,0,NA
2161,0.187180215,0.4080824,0.712323571,0.24377727,0.406058413,0.715788244,2011,State,urban/rural,Owns Dwelling,sector_state,1,Arunachal Pradesh,NA,NA,NA,NA,NA,NA,NA,NA,NA,NA,NA,NA,NA,NA,NA,NA,1,NA
2162,0.339598493,0.536823557,0.993964538,0.339598493,0.523853901,0.993964538,2011,State,urban/rural,Owns Dwelling,sector_state,1,Nagaland,NA,NA,NA,NA,NA,NA,NA,NA,NA,NA,NA,NA,NA,NA,NA,NA,0,NA
2163,0.104132619,0.45781696,0.930131685,0.226070259,0.425820833,0.930131685,2011,State,urban/rural,Owns Dwelling,sector_state,1,Nagaland,NA,NA,NA,NA,NA,NA,NA,NA,NA,NA,NA,NA,NA,NA,NA,NA,1,NA
2164,0.459845802,0.857285335,0.978369488,0.744621164,0.817230471,0.978369488,2011,State,urban/rural,Owns Dwelling,sector_state,1,Manipur,NA,NA,NA,NA,NA,NA,NA,NA,NA,NA,NA,NA,NA,NA,NA,NA,0,NA
2165,0.369423377,0.864745732,0.994007463,0.567742249,0.835978968,0.994007463,2011,State,urban/rural,Owns Dwelling,sector_state,1,Manipur,NA,NA,NA,NA,NA,NA,NA,NA,NA,NA,NA,NA,NA,NA,NA,NA,1,NA
2166,0.053650706,0.366959502,0.897254781,0.134582661,0.309238696,0.897254781,2011,State,urban/rural,Owns Dwelling,sector_state,1,Mizoram,NA,NA,NA,NA,NA,NA,NA,NA,NA,NA,NA,NA,NA,NA,NA,NA,0,NA
2167,0.022365069,0.290622774,0.835408111,0.074018683,0.256210597,0.836321869,2011,State,urban/rural,Owns Dwelling,sector_state,1,Mizoram,NA,NA,NA,NA,NA,NA,NA,NA,NA,NA,NA,NA,NA,NA,NA,NA,1,NA
2168,0.012549579,0.383658094,0.898653148,0.07175883,0.353411266,0.898653148,2011,State,urban/rural,Owns Dwelling,sector_state,1,Tripura,NA,NA,NA,NA,NA,NA,NA,NA,NA,NA,NA,NA,NA,NA,NA,NA,0,NA
2169,0.044366577,0.466565623,0.845433051,0.115053014,0.439075307,0.845433051,2011,State,urban/rural,Owns Dwelling,sector_state,1,Tripura,NA,NA,NA,NA,NA,NA,NA,NA,NA,NA,NA,NA,NA,NA,NA,NA,1,NA
2170,0.056500212,0.397229427,0.892035448,0.081118677,0.317811697,0.892035448,2011,State,urban/rural,Owns Dwelling,sector_state,1,Meghalaya,NA,NA,NA,NA,NA,NA,NA,NA,NA,NA,NA,NA,NA,NA,NA,NA,0,NA
2171,0.101572655,0.317451015,0.919495924,0.151125009,0.30423425,0.919495924,2011,State,urban/rural,Owns Dwelling,sector_state,1,Meghalaya,NA,NA,NA,NA,NA,NA,NA,NA,NA,NA,NA,NA,NA,NA,NA,NA,1,NA
2172,0.196846284,0.427316147,0.816927261,0.270125292,0.420061511,0.816927261,2011,State,urban/rural,Owns Dwelling,sector_state,1,Assam,NA,NA,NA,NA,NA,NA,NA,NA,NA,NA,NA,NA,NA,NA,NA,NA,0,NA
2173,0.145672432,0.503562221,0.899422634,0.235042661,0.480136889,0.899597137,2011,State,urban/rural,Owns Dwelling,sector_state,1,Assam,NA,NA,NA,NA,NA,NA,NA,NA,NA,NA,NA,NA,NA,NA,NA,NA,1,NA
2174,0.120577002,0.358349606,0.781240942,0.166733361,0.334025836,0.781240942,2011,State,urban/rural,Owns Dwelling,sector_state,1,West Bengal,NA,NA,NA,NA,NA,NA,NA,NA,NA,NA,NA,NA,NA,NA,NA,NA,0,NA
2175,0.141491593,0.454377704,0.795825159,0.218025001,0.431562278,0.795929202,2011,State,urban/rural,Owns Dwelling,sector_state,1,West Bengal,NA,NA,NA,NA,NA,NA,NA,NA,NA,NA,NA,NA,NA,NA,NA,NA,1,NA
2176,0.141376189,0.462665492,0.900427556,0.214113608,0.423758249,0.900427556,2011,State,urban/rural,Owns Dwelling,sector_state,1,Jharkhand,NA,NA,NA,NA,NA,NA,NA,NA,NA,NA,NA,NA,NA,NA,NA,NA,0,NA
2177,0.200120159,0.529842968,0.922852105,0.306821158,0.49153612,0.922852105,2011,State,urban/rural,Owns Dwelling,sector_state,1,Jharkhand,NA,NA,NA,NA,NA,NA,NA,NA,NA,NA,NA,NA,NA,NA,NA,NA,1,NA
2178,0.092273164,0.352114091,0.777261967,0.160720429,0.306095317,0.777261967,2011,State,urban/rural,Owns Dwelling,sector_state,1,Odisha,NA,NA,NA,NA,NA,NA,NA,NA,NA,NA,NA,NA,NA,NA,NA,NA,0,NA
2179,0.227642019,0.699500251,0.91273811,0.293880762,0.653384348,0.912866175,2011,State,urban/rural,Owns Dwelling,sector_state,1,Odisha,NA,NA,NA,NA,NA,NA,NA,NA,NA,NA,NA,NA,NA,NA,NA,NA,1,NA
2180,0.071880296,0.467805999,0.873459956,0.211942661,0.452521938,0.873459956,2011,State,urban/rural,Owns Dwelling,sector_state,1,Chhattisgarh,NA,NA,NA,NA,NA,NA,NA,NA,NA,NA,NA,NA,NA,NA,NA,NA,0,NA
2181,0.244163153,0.616878885,0.882388804,0.339514394,0.602286326,0.882388804,2011,State,urban/rural,Owns Dwelling,sector_state,1,Chhattisgarh,NA,NA,NA,NA,NA,NA,NA,NA,NA,NA,NA,NA,NA,NA,NA,NA,1,NA
2182,0.212132752,0.480597528,0.787394875,0.2860712,0.451218951,0.787394875,2011,State,urban/rural,Owns Dwelling,sector_state,1,Madhya Pradesh,NA,NA,NA,NA,NA,NA,NA,NA,NA,NA,NA,NA,NA,NA,NA,NA,0,NA
2183,0.208425747,0.602351131,0.900500587,0.288669894,0.560906442,0.90163637,2011,State,urban/rural,Owns Dwelling,sector_state,1,Madhya Pradesh,NA,NA,NA,NA,NA,NA,NA,NA,NA,NA,NA,NA,NA,NA,NA,NA,1,NA
2184,0.119906979,0.487493408,0.92334903,0.242798458,0.452646411,0.92334903,2011,State,urban/rural,Owns Dwelling,sector_state,1,Gujarat,NA,NA,NA,NA,NA,NA,NA,NA,NA,NA,NA,NA,NA,NA,NA,NA,0,NA
2185,0.086688226,0.418067305,0.891378761,0.157432596,0.366204848,0.891378761,2011,State,urban/rural,Owns Dwelling,sector_state,1,Gujarat,NA,NA,NA,NA,NA,NA,NA,NA,NA,NA,NA,NA,NA,NA,NA,NA,1,NA
2186,0.120437234,0.519384001,0.918383724,0.120437234,0.358508663,0.918383724,2011,State,urban/rural,Owns Dwelling,sector_state,1,Daman & Diu & D & N Haveli,NA,NA,NA,NA,NA,NA,NA,NA,NA,NA,NA,NA,NA,NA,NA,NA,0,NA
2187,0.053991852,0.313860168,0.827132724,0.09218115,0.313860168,0.827132724,2011,State,urban/rural,Owns Dwelling,sector_state,1,Daman & Diu & D & N Haveli,NA,NA,NA,NA,NA,NA,NA,NA,NA,NA,NA,NA,NA,NA,NA,NA,1,NA
2188,0.058087438,0.362682009,0.824725224,0.105407298,0.325608938,0.825415786,2011,State,urban/rural,Owns Dwelling,sector_state,1,Maharashtra,NA,NA,NA,NA,NA,NA,NA,NA,NA,NA,NA,NA,NA,NA,NA,NA,0,NA
2189,0.062587432,0.396890558,0.821665639,0.114292843,0.348485531,0.822315618,2011,State,urban/rural,Owns Dwelling,sector_state,1,Maharashtra,NA,NA,NA,NA,NA,NA,NA,NA,NA,NA,NA,NA,NA,NA,NA,NA,1,NA
2190,0.030856222,0.364027745,0.796687803,0.102161905,0.309662087,0.796687803,2011,State,urban/rural,Owns Dwelling,sector_state,1,Andhra Pradesh,NA,NA,NA,NA,NA,NA,NA,NA,NA,NA,NA,NA,NA,NA,NA,NA,0,NA
2191,0.050704793,0.386873903,0.811496154,0.109365627,0.352527093,0.821260195,2011,State,urban/rural,Owns Dwelling,sector_state,1,Andhra Pradesh,NA,NA,NA,NA,NA,NA,NA,NA,NA,NA,NA,NA,NA,NA,NA,NA,1,NA
2192,0.043067724,0.294878501,0.748602971,0.078802695,0.272244514,0.753143332,2011,State,urban/rural,Owns Dwelling,sector_state,1,Karnataka,NA,NA,NA,NA,NA,NA,NA,NA,NA,NA,NA,NA,NA,NA,NA,NA,0,NA
2193,0.107157572,0.475947357,0.813626231,0.198713073,0.448437755,0.81538078,2011,State,urban/rural,Owns Dwelling,sector_state,1,Karnataka,NA,NA,NA,NA,NA,NA,NA,NA,NA,NA,NA,NA,NA,NA,NA,NA,1,NA
2194,0.045120709,0.238467706,0.805957539,0.080732424,0.228033732,0.805957539,2011,State,urban/rural,Owns Dwelling,sector_state,1,Goa,NA,NA,NA,NA,NA,NA,NA,NA,NA,NA,NA,NA,NA,NA,NA,NA,0,NA
2195,0.025856518,0.234462147,0.727491945,0.035622875,0.184116442,0.727491945,2011,State,urban/rural,Owns Dwelling,sector_state,1,Goa,NA,NA,NA,NA,NA,NA,NA,NA,NA,NA,NA,NA,NA,NA,NA,NA,1,NA
2196,0,0.066030821,0.361801713,0,0.066030821,0.361801713,2011,State,urban/rural,Owns Dwelling,sector_state,1,Lakshadweep,NA,NA,NA,NA,NA,NA,NA,NA,NA,NA,NA,NA,NA,NA,NA,NA,0,NA
2197,0,0.196006761,0.766905334,0,0.134829346,0.766905334,2011,State,urban/rural,Owns Dwelling,sector_state,1,Lakshadweep,NA,NA,NA,NA,NA,NA,NA,NA,NA,NA,NA,NA,NA,NA,NA,NA,1,NA
2198,0.028869507,0.208975857,0.635401435,0.062653511,0.166565231,0.635401435,2011,State,urban/rural,Owns Dwelling,sector_state,1,Kerala,NA,NA,NA,NA,NA,NA,NA,NA,NA,NA,NA,NA,NA,NA,NA,NA,0,NA
2199,0.036268193,0.302763091,0.766093275,0.069766863,0.264150213,0.768103332,2011,State,urban/rural,Owns Dwelling,sector_state,1,Kerala,NA,NA,NA,NA,NA,NA,NA,NA,NA,NA,NA,NA,NA,NA,NA,NA,1,NA
2200,0.026385009,0.302466192,0.832454434,0.054392743,0.25581924,0.834085013,2011,State,urban/rural,Owns Dwelling,sector_state,1,Tamil Nadu,NA,NA,NA,NA,NA,NA,NA,NA,NA,NA,NA,NA,NA,NA,NA,NA,0,NA
2201,0.032461983,0.327987308,0.805441687,0.070718792,0.296446225,0.807931456,2011,State,urban/rural,Owns Dwelling,sector_state,1,Tamil Nadu,NA,NA,NA,NA,NA,NA,NA,NA,NA,NA,NA,NA,NA,NA,NA,NA,1,NA
2202,0.013990356,0.117628894,0.686400247,0.035369766,0.099669244,0.686400247,2011,State,urban/rural,Owns Dwelling,sector_state,1,Puducherry,NA,NA,NA,NA,NA,NA,NA,NA,NA,NA,NA,NA,NA,NA,NA,NA,0,NA
2203,0.001735108,0.150879317,0.728891215,0.012182963,0.124396648,0.728891215,2011,State,urban/rural,Owns Dwelling,sector_state,1,Puducherry,NA,NA,NA,NA,NA,NA,NA,NA,NA,NA,NA,NA,NA,NA,NA,NA,1,NA
2204,0,0.006841374,0.474762898,0,0.004605283,0.481897854,2011,State,urban/rural,Owns Dwelling,sector_state,1,A & N Island,NA,NA,NA,NA,NA,NA,NA,NA,NA,NA,NA,NA,NA,NA,NA,NA,0,NA
2205,0,0.045802142,0.442417283,0,0.012206683,0.442417283,2011,State,urban/rural,Owns Dwelling,sector_state,1,A & N Island,NA,NA,NA,NA,NA,NA,NA,NA,NA,NA,NA,NA,NA,NA,NA,NA,1,NA
2206,0.061752695,0.292924761,0.816045038,0.085801309,0.257941036,0.819855935,2011,State,urban/rural,Owns Dwelling,sector_state,1,Telangana,NA,NA,NA,NA,NA,NA,NA,NA,NA,NA,NA,NA,NA,NA,NA,NA,0,NA
2207,0.027657094,0.309659904,0.774970623,0.069984575,0.245554147,0.777185619,2011,State,urban/rural,Owns Dwelling,sector_state,1,Telangana,NA,NA,NA,NA,NA,NA,NA,NA,NA,NA,NA,NA,NA,NA,NA,NA,1,NA
2208,0,0,0.561477791,0,0,0.561477791,2011,State,urban/rural,Owns Dwelling,sector_state,1,Ladakh,NA,NA,NA,NA,NA,NA,NA,NA,NA,NA,NA,NA,NA,NA,NA,NA,0,NA
2209,0,0.211365947,0.811346599,0.022053737,0.121469482,0.811346599,2011,State,urban/rural,Owns Dwelling,sector_state,1,Ladakh,NA,NA,NA,NA,NA,NA,NA,NA,NA,NA,NA,NA,NA,NA,NA,NA,1,NA
2210,0.10182243,0.435373328,0.848137553,0.17449062,0.396827642,0.849346561,2011,National,All,Owns Land,allindia,99,India,NA,NA,NA,NA,NA,NA,NA,NA,NA,NA,NA,NA,NA,NA,NA,NA,NA,0
2211,0.168728052,0.637309644,0.932605804,0.281786924,0.596351204,0.933062881,2011,National,All,Owns Land,allindia,99,India,NA,NA,NA,NA,NA,NA,NA,NA,NA,NA,NA,NA,NA,NA,NA,NA,NA,1
2212,0.001718775,0.885012253,0.956403757,0.001718775,0.885012253,0.956403757,2011,National,All,Owns Land,allindia,99,India,NA,NA,NA,NA,NA,NA,NA,NA,NA,NA,NA,NA,NA,NA,NA,NA,NA,NA
2213,0.130378428,0.525458766,0.898438291,0.225855093,0.488286962,0.898686164,2011,National,urban/rural,Owns Land,sect_allindia,0,India,NA,NA,NA,NA,NA,NA,NA,NA,NA,NA,NA,NA,NA,NA,NA,NA,NA,0
2214,0.186194092,0.69636947,0.962536382,0.313061739,0.654341322,0.962857102,2011,National,urban/rural,Owns Land,sect_allindia,0,India,NA,NA,NA,NA,NA,NA,NA,NA,NA,NA,NA,NA,NA,NA,NA,NA,NA,1
2215,0.004072521,0.822928719,0.822928719,0.004072521,0.822928719,0.822928719,2011,National,urban/rural,Owns Land,sect_allindia,0,India,NA,NA,NA,NA,NA,NA,NA,NA,NA,NA,NA,NA,NA,NA,NA,NA,NA,NA
2216,0.092252937,0.405184504,0.831281109,0.157277705,0.366178413,0.832812207,2011,National,urban/rural,Owns Land,sect_allindia,1,India,NA,NA,NA,NA,NA,NA,NA,NA,NA,NA,NA,NA,NA,NA,NA,NA,NA,0
2217,0.111936036,0.445272603,0.835284493,0.180094733,0.407792391,0.836184943,2011,National,urban/rural,Owns Land,sect_allindia,1,India,NA,NA,NA,NA,NA,NA,NA,NA,NA,NA,NA,NA,NA,NA,NA,NA,NA,1
2218,0.001183995,0.899117864,0.986729785,0.001183995,0.899117864,0.986729785,2011,National,urban/rural,Owns Land,sect_allindia,1,India,NA,NA,NA,NA,NA,NA,NA,NA,NA,NA,NA,NA,NA,NA,NA,NA,NA,NA
2219,0.015469804,0.282472043,0.789974601,0.038620214,0.251050057,0.789974601,2011,State,All,Owns Land,state,99,Jammu & Kashmir,NA,NA,NA,NA,NA,NA,NA,NA,NA,NA,NA,NA,NA,NA,NA,NA,NA,0
2220,0.032979972,0.362186858,0.893274661,0.071652153,0.304541343,0.893736138,2011,State,All,Owns Land,state,99,Jammu & Kashmir,NA,NA,NA,NA,NA,NA,NA,NA,NA,NA,NA,NA,NA,NA,NA,NA,NA,1
2221,0.008211354,0.14485356,0.772255345,0.019022394,0.113149328,0.772255345,2011,State,All,Owns Land,state,99,Himachal Pradesh,NA,NA,NA,NA,NA,NA,NA,NA,NA,NA,NA,NA,NA,NA,NA,NA,NA,0
2222,0.028424591,0.338773295,0.868325724,0.052400279,0.29915406,0.870064467,2011,State,All,Owns Land,state,99,Himachal Pradesh,NA,NA,NA,NA,NA,NA,NA,NA,NA,NA,NA,NA,NA,NA,NA,NA,NA,1
2223,0.160144362,0.497583239,0.883351443,0.227447566,0.465789828,0.883351443,2011,State,All,Owns Land,state,99,Punjab,NA,NA,NA,NA,NA,NA,NA,NA,NA,NA,NA,NA,NA,NA,NA,NA,NA,0
2224,0.039822263,0.371804844,0.851650982,0.079607564,0.328881711,0.852057712,2011,State,All,Owns Land,state,99,Punjab,NA,NA,NA,NA,NA,NA,NA,NA,NA,NA,NA,NA,NA,NA,NA,NA,NA,1
2225,0.11795478,0.479556922,0.871878749,0.210660212,0.474429374,0.871878749,2011,State,All,Owns Land,state,99,Chandigarh,NA,NA,NA,NA,NA,NA,NA,NA,NA,NA,NA,NA,NA,NA,NA,NA,NA,0
2226,0.030308979,0.240950026,0.720134074,0.068214906,0.2318722,0.720134074,2011,State,All,Owns Land,state,99,Chandigarh,NA,NA,NA,NA,NA,NA,NA,NA,NA,NA,NA,NA,NA,NA,NA,NA,NA,1
2227,0.109750125,0.391703923,0.843716279,0.137997979,0.378790974,0.848743586,2011,State,All,Owns Land,state,99,Uttrakhand,NA,NA,NA,NA,NA,NA,NA,NA,NA,NA,NA,NA,NA,NA,NA,NA,NA,0
2228,0.035758201,0.484640647,0.915088363,0.077185027,0.441756091,0.915633492,2011,State,All,Owns Land,state,99,Uttrakhand,NA,NA,NA,NA,NA,NA,NA,NA,NA,NA,NA,NA,NA,NA,NA,NA,NA,1
2229,0.081553799,0.387327033,0.700908997,0.116270954,0.320212119,0.700908997,2011,State,All,Owns Land,state,99,Haryana,NA,NA,NA,NA,NA,NA,NA,NA,NA,NA,NA,NA,NA,NA,NA,NA,NA,0
2230,0.059915323,0.376783332,0.854576423,0.10693357,0.332723879,0.854623457,2011,State,All,Owns Land,state,99,Haryana,NA,NA,NA,NA,NA,NA,NA,NA,NA,NA,NA,NA,NA,NA,NA,NA,NA,1
2231,0.072530796,0.394548283,0.878953766,0.18178976,0.348602336,0.886972254,2011,State,All,Owns Land,state,99,Delhi,NA,NA,NA,NA,NA,NA,NA,NA,NA,NA,NA,NA,NA,NA,NA,NA,NA,0
2232,0.031740813,0.305832602,0.729241341,0.070977025,0.268774095,0.729307333,2011,State,All,Owns Land,state,99,Delhi,NA,NA,NA,NA,NA,NA,NA,NA,NA,NA,NA,NA,NA,NA,NA,NA,NA,1
2233,0.068945629,0.392202827,0.800685005,0.125067682,0.361169251,0.802134398,2011,State,All,Owns Land,state,99,Rajasthan,NA,NA,NA,NA,NA,NA,NA,NA,NA,NA,NA,NA,NA,NA,NA,NA,NA,0
2234,0.107639861,0.591038178,0.942396887,0.207649955,0.544416494,0.943042815,2011,State,All,Owns Land,state,99,Rajasthan,NA,NA,NA,NA,NA,NA,NA,NA,NA,NA,NA,NA,NA,NA,NA,NA,NA,1
2235,0.193862299,0.560722612,0.804374686,0.32747615,0.497612351,0.804374686,2011,State,All,Owns Land,state,99,Uttar Pradesh,NA,NA,NA,NA,NA,NA,NA,NA,NA,NA,NA,NA,NA,NA,NA,NA,NA,0
2236,0.278290692,0.776654362,0.96667367,0.424938491,0.747583051,0.96675498,2011,State,All,Owns Land,state,99,Uttar Pradesh,NA,NA,NA,NA,NA,NA,NA,NA,NA,NA,NA,NA,NA,NA,NA,NA,NA,1
2237,0.245791935,0.713252437,0.930371875,0.453663663,0.704554238,0.930371875,2011,State,All,Owns Land,state,99,Bihar,NA,NA,NA,NA,NA,NA,NA,NA,NA,NA,NA,NA,NA,NA,NA,NA,NA,0
2238,0.239037071,0.820256353,0.989998224,0.405737544,0.781388888,0.990033697,2011,State,All,Owns Land,state,99,Bihar,NA,NA,NA,NA,NA,NA,NA,NA,NA,NA,NA,NA,NA,NA,NA,NA,NA,1
2239,0,0,1,0,0,1,2011,State,All,Owns Land,state,99,Bihar,NA,NA,NA,NA,NA,NA,NA,NA,NA,NA,NA,NA,NA,NA,NA,NA,NA,NA
2240,0.094839498,0.664082967,0.983261086,0.221748138,0.608592164,0.983261086,2011,State,All,Owns Land,state,99,Sikkim,NA,NA,NA,NA,NA,NA,NA,NA,NA,NA,NA,NA,NA,NA,NA,NA,NA,0
2241,0.011295306,0.631935521,0.967840321,0.080983518,0.565869286,0.967840321,2011,State,All,Owns Land,state,99,Sikkim,NA,NA,NA,NA,NA,NA,NA,NA,NA,NA,NA,NA,NA,NA,NA,NA,NA,1
2242,0.264882392,0.537736975,0.824392866,0.385677963,0.522711919,0.825421433,2011,State,All,Owns Land,state,99,Arunachal Pradesh,NA,NA,NA,NA,NA,NA,NA,NA,NA,NA,NA,NA,NA,NA,NA,NA,NA,0
2243,0.267367252,0.607560936,0.872777301,0.352396276,0.58997871,0.873009277,2011,State,All,Owns Land,state,99,Arunachal Pradesh,NA,NA,NA,NA,NA,NA,NA,NA,NA,NA,NA,NA,NA,NA,NA,NA,NA,1
2244,0.012493456,0.277613691,0.277613691,0.012493456,0.277613691,0.277613691,2011,State,All,Owns Land,state,99,Arunachal Pradesh,NA,NA,NA,NA,NA,NA,NA,NA,NA,NA,NA,NA,NA,NA,NA,NA,NA,NA
2245,0,0.161120939,1,0,0.119015187,1,2011,State,All,Owns Land,state,99,Nagaland,NA,NA,NA,NA,NA,NA,NA,NA,NA,NA,NA,NA,NA,NA,NA,NA,NA,0
2246,0.07981291,0.539593953,0.948423626,0.167729793,0.487708992,0.948637711,2011,State,All,Owns Land,state,99,Nagaland,NA,NA,NA,NA,NA,NA,NA,NA,NA,NA,NA,NA,NA,NA,NA,NA,NA,1
2247,0.390716712,0.712797165,0.963984056,0.603818548,0.695445134,0.963984056,2011,State,All,Owns Land,state,99,Manipur,NA,NA,NA,NA,NA,NA,NA,NA,NA,NA,NA,NA,NA,NA,NA,NA,NA,0
2248,0.359926754,0.843477059,0.990500814,0.533585267,0.816385802,0.990812352,2011,State,All,Owns Land,state,99,Manipur,NA,NA,NA,NA,NA,NA,NA,NA,NA,NA,NA,NA,NA,NA,NA,NA,NA,1
2249,0.049353237,0.39117052,0.937276424,0.139084032,0.325479754,0.937276424,2011,State,All,Owns Land,state,99,Mizoram,NA,NA,NA,NA,NA,NA,NA,NA,NA,NA,NA,NA,NA,NA,NA,NA,NA,0
2250,0.056463674,0.462219941,0.900603937,0.125253522,0.409293521,0.900971368,2011,State,All,Owns Land,state,99,Mizoram,NA,NA,NA,NA,NA,NA,NA,NA,NA,NA,NA,NA,NA,NA,NA,NA,NA,1
2251,0.139138753,0.467338747,0.925873115,0.188868077,0.449499128,0.925873115,2011,State,All,Owns Land,state,99,Tripura,NA,NA,NA,NA,NA,NA,NA,NA,NA,NA,NA,NA,NA,NA,NA,NA,NA,0
2252,0.070792461,0.616303903,0.952335249,0.167637284,0.554373854,0.952715207,2011,State,All,Owns Land,state,99,Tripura,NA,NA,NA,NA,NA,NA,NA,NA,NA,NA,NA,NA,NA,NA,NA,NA,NA,1
2253,1,1,1,1,1,1,2011,State,All,Owns Land,state,99,Tripura,NA,NA,NA,NA,NA,NA,NA,NA,NA,NA,NA,NA,NA,NA,NA,NA,NA,NA
2254,0.061566858,0.487763616,0.915937208,0.113405363,0.409974845,0.915937208,2011,State,All,Owns Land,state,99,Meghalaya,NA,NA,NA,NA,NA,NA,NA,NA,NA,NA,NA,NA,NA,NA,NA,NA,NA,0
2255,0.082594885,0.650281079,0.969857021,0.183994705,0.61648255,0.970559227,2011,State,All,Owns Land,state,99,Meghalaya,NA,NA,NA,NA,NA,NA,NA,NA,NA,NA,NA,NA,NA,NA,NA,NA,NA,1
2256,0.249238837,0.759068766,0.937649812,0.479947168,0.750406576,0.937649812,2011,State,All,Owns Land,state,99,Assam,NA,NA,NA,NA,NA,NA,NA,NA,NA,NA,NA,NA,NA,NA,NA,NA,NA,0
2257,0.221193467,0.754662017,0.975249648,0.360309137,0.715201166,0.975925245,2011,State,All,Owns Land,state,99,Assam,NA,NA,NA,NA,NA,NA,NA,NA,NA,NA,NA,NA,NA,NA,NA,NA,NA,1
2258,0.160085481,0.552845855,0.884755947,0.256547463,0.51529827,0.884755947,2011,State,All,Owns Land,state,99,West Bengal,NA,NA,NA,NA,NA,NA,NA,NA,NA,NA,NA,NA,NA,NA,NA,NA,NA,0
2259,0.180966143,0.677488513,0.927714093,0.306006556,0.63722915,0.927805269,2011,State,All,Owns Land,state,99,West Bengal,NA,NA,NA,NA,NA,NA,NA,NA,NA,NA,NA,NA,NA,NA,NA,NA,NA,1
2260,0,0.931449287,1,0,0.931449287,1,2011,State,All,Owns Land,state,99,West Bengal,NA,NA,NA,NA,NA,NA,NA,NA,NA,NA,NA,NA,NA,NA,NA,NA,NA,NA
2261,0.183949151,0.554199919,0.93681035,0.297543557,0.543371341,0.93681035,2011,State,All,Owns Land,state,99,Jharkhand,NA,NA,NA,NA,NA,NA,NA,NA,NA,NA,NA,NA,NA,NA,NA,NA,NA,0
2262,0.283582469,0.813948737,0.974504154,0.465679526,0.784775435,0.97462154,2011,State,All,Owns Land,state,99,Jharkhand,NA,NA,NA,NA,NA,NA,NA,NA,NA,NA,NA,NA,NA,NA,NA,NA,NA,1
2263,0.176683556,0.60287767,0.884177785,0.289468818,0.573138309,0.884177785,2011,State,All,Owns Land,state,99,Odisha,NA,NA,NA,NA,NA,NA,NA,NA,NA,NA,NA,NA,NA,NA,NA,NA,NA,0
2264,0.274379634,0.805081487,0.978178914,0.449145023,0.770123839,0.978192946,2011,State,All,Owns Land,state,99,Odisha,NA,NA,NA,NA,NA,NA,NA,NA,NA,NA,NA,NA,NA,NA,NA,NA,NA,1
2265,0.156627338,0.624816959,0.87600649,0.239864961,0.606963741,0.876973627,2011,State,All,Owns Land,state,99,Chhattisgarh,NA,NA,NA,NA,NA,NA,NA,NA,NA,NA,NA,NA,NA,NA,NA,NA,NA,0
2266,0.251241677,0.783879939,0.965339457,0.382695883,0.749280803,0.966722397,2011,State,All,Owns Land,state,99,Chhattisgarh,NA,NA,NA,NA,NA,NA,NA,NA,NA,NA,NA,NA,NA,NA,NA,NA,NA,1
2267,0.283639841,0.551720707,0.839287593,0.343441133,0.527967502,0.839287593,2011,State,All,Owns Land,state,99,Madhya Pradesh,NA,NA,NA,NA,NA,NA,NA,NA,NA,NA,NA,NA,NA,NA,NA,NA,NA,0
2268,0.292879328,0.76240038,0.958998415,0.437780921,0.728780617,0.95928459,2011,State,All,Owns Land,state,99,Madhya Pradesh,NA,NA,NA,NA,NA,NA,NA,NA,NA,NA,NA,NA,NA,NA,NA,NA,NA,1
2269,0,1,1,0,1,1,2011,State,All,Owns Land,state,99,Madhya Pradesh,NA,NA,NA,NA,NA,NA,NA,NA,NA,NA,NA,NA,NA,NA,NA,NA,NA,NA
2270,0.142265885,0.525808931,0.937513907,0.250112761,0.490479863,0.937513907,2011,State,All,Owns Land,state,99,Gujarat,NA,NA,NA,NA,NA,NA,NA,NA,NA,NA,NA,NA,NA,NA,NA,NA,NA,0
2271,0.167465374,0.620105521,0.952771125,0.283473745,0.589080155,0.952772624,2011,State,All,Owns Land,state,99,Gujarat,NA,NA,NA,NA,NA,NA,NA,NA,NA,NA,NA,NA,NA,NA,NA,NA,NA,1
2272,0.131885898,0.518731676,0.853118813,0.131885898,0.408023274,0.853118813,2011,State,All,Owns Land,state,99,Daman & Diu & D & N Haveli,NA,NA,NA,NA,NA,NA,NA,NA,NA,NA,NA,NA,NA,NA,NA,NA,NA,0
2273,0.263509858,0.663769523,0.928352877,0.335000866,0.610663652,0.928352877,2011,State,All,Owns Land,state,99,Daman & Diu & D & N Haveli,NA,NA,NA,NA,NA,NA,NA,NA,NA,NA,NA,NA,NA,NA,NA,NA,NA,1
2274,0.071934179,0.427245133,0.852182975,0.135224454,0.386094509,0.852827455,2011,State,All,Owns Land,state,99,Maharashtra,NA,NA,NA,NA,NA,NA,NA,NA,NA,NA,NA,NA,NA,NA,NA,NA,NA,0
2275,0.097327426,0.570007761,0.909309119,0.182344578,0.520909075,0.909590164,2011,State,All,Owns Land,state,99,Maharashtra,NA,NA,NA,NA,NA,NA,NA,NA,NA,NA,NA,NA,NA,NA,NA,NA,NA,1
2276,0.052306087,0.357587255,0.854730325,0.10111294,0.297054702,0.854730325,2011,State,All,Owns Land,state,99,Andhra Pradesh,NA,NA,NA,NA,NA,NA,NA,NA,NA,NA,NA,NA,NA,NA,NA,NA,NA,0
2277,0.049356822,0.487122841,0.918866177,0.132749157,0.419897625,0.920830328,2011,State,All,Owns Land,state,99,Andhra Pradesh,NA,NA,NA,NA,NA,NA,NA,NA,NA,NA,NA,NA,NA,NA,NA,NA,NA,1
2278,0.043725886,0.347995256,0.796314586,0.089160265,0.327945276,0.800540818,2011,State,All,Owns Land,state,99,Karnataka,NA,NA,NA,NA,NA,NA,NA,NA,NA,NA,NA,NA,NA,NA,NA,NA,NA,0
2279,0.05961228,0.535075142,0.904077959,0.140095507,0.480229081,0.905132971,2011,State,All,Owns Land,state,99,Karnataka,NA,NA,NA,NA,NA,NA,NA,NA,NA,NA,NA,NA,NA,NA,NA,NA,NA,1
2280,0.12835504,0.377835135,0.869863965,0.147459707,0.372237607,0.869863965,2011,State,All,Owns Land,state,99,Goa,NA,NA,NA,NA,NA,NA,NA,NA,NA,NA,NA,NA,NA,NA,NA,NA,NA,0
2281,0.012565821,0.254455348,0.809155345,0.023068253,0.229021931,0.811589096,2011,State,All,Owns Land,state,99,Goa,NA,NA,NA,NA,NA,NA,NA,NA,NA,NA,NA,NA,NA,NA,NA,NA,NA,1
2282,0,0.109117448,0.321060861,0,0.109117448,0.321060861,2011,State,All,Owns Land,state,99,Lakshadweep,NA,NA,NA,NA,NA,NA,NA,NA,NA,NA,NA,NA,NA,NA,NA,NA,NA,0
2283,0,0.099971362,0.701945475,0,0.073912562,0.701945475,2011,State,All,Owns Land,state,99,Lakshadweep,NA,NA,NA,NA,NA,NA,NA,NA,NA,NA,NA,NA,NA,NA,NA,NA,NA,1
2284,0.023811982,0.225276654,0.701650647,0.064275855,0.184999224,0.701650647,2011,State,All,Owns Land,state,99,Kerala,NA,NA,NA,NA,NA,NA,NA,NA,NA,NA,NA,NA,NA,NA,NA,NA,NA,0
2285,0.028342676,0.298843882,0.795392656,0.061659717,0.25804346,0.796205668,2011,State,All,Owns Land,state,99,Kerala,NA,NA,NA,NA,NA,NA,NA,NA,NA,NA,NA,NA,NA,NA,NA,NA,NA,1
2286,0.025158326,0.315873541,0.845599931,0.056930146,0.267452045,0.847379715,2011,State,All,Owns Land,state,99,Tamil Nadu,NA,NA,NA,NA,NA,NA,NA,NA,NA,NA,NA,NA,NA,NA,NA,NA,NA,0
2287,0.057360772,0.412013776,0.871565166,0.115529493,0.365537789,0.873223504,2011,State,All,Owns Land,state,99,Tamil Nadu,NA,NA,NA,NA,NA,NA,NA,NA,NA,NA,NA,NA,NA,NA,NA,NA,NA,1
2288,0.011673941,0.128978332,0.745381736,0.067078947,0.127167465,0.745381736,2011,State,All,Owns Land,state,99,Puducherry,NA,NA,NA,NA,NA,NA,NA,NA,NA,NA,NA,NA,NA,NA,NA,NA,NA,0
2289,0.002332399,0.238943124,0.80810598,0.011400631,0.161754895,0.80810598,2011,State,All,Owns Land,state,99,Puducherry,NA,NA,NA,NA,NA,NA,NA,NA,NA,NA,NA,NA,NA,NA,NA,NA,NA,1
2290,0,0.082239517,0.622711983,0.009108451,0.073933027,0.626621355,2011,State,All,Owns Land,state,99,A & N Island,NA,NA,NA,NA,NA,NA,NA,NA,NA,NA,NA,NA,NA,NA,NA,NA,NA,0
2291,0,0.052439359,0.632036412,0,0.01458507,0.632036412,2011,State,All,Owns Land,state,99,A & N Island,NA,NA,NA,NA,NA,NA,NA,NA,NA,NA,NA,NA,NA,NA,NA,NA,NA,1
2292,0.065291365,0.311010395,0.819051527,0.088434023,0.292254022,0.821597912,2011,State,All,Owns Land,state,99,Telangana,NA,NA,NA,NA,NA,NA,NA,NA,NA,NA,NA,NA,NA,NA,NA,NA,NA,0
2293,0.029164947,0.453932335,0.906959586,0.082581124,0.388520207,0.907923007,2011,State,All,Owns Land,state,99,Telangana,NA,NA,NA,NA,NA,NA,NA,NA,NA,NA,NA,NA,NA,NA,NA,NA,NA,1
2294,0,0,0.613726147,0,0,0.613726147,2011,State,All,Owns Land,state,99,Ladakh,NA,NA,NA,NA,NA,NA,NA,NA,NA,NA,NA,NA,NA,NA,NA,NA,NA,0
2295,0,0.300475939,0.903573013,0.002957045,0.177991738,0.903573013,2011,State,All,Owns Land,state,99,Ladakh,NA,NA,NA,NA,NA,NA,NA,NA,NA,NA,NA,NA,NA,NA,NA,NA,NA,1
2296,0,0,1,0,0,1,2011,State,All,Owns Land,state,99,Ladakh,NA,NA,NA,NA,NA,NA,NA,NA,NA,NA,NA,NA,NA,NA,NA,NA,NA,NA
2297,0,0.225158818,0.798229526,0.005075953,0.193198438,0.798229526,2011,State,urban/rural,Owns Land,sector_state,0,Jammu & Kashmir,NA,NA,NA,NA,NA,NA,NA,NA,NA,NA,NA,NA,NA,NA,NA,NA,NA,0
2298,0.035781663,0.391231264,0.923692647,0.074106726,0.324875075,0.923952261,2011,State,urban/rural,Owns Land,sector_state,0,Jammu & Kashmir,NA,NA,NA,NA,NA,NA,NA,NA,NA,NA,NA,NA,NA,NA,NA,NA,NA,1
2299,0,0.122806521,0.815460658,0.01383293,0.102512786,0.815460658,2011,State,urban/rural,Owns Land,sector_state,0,Himachal Pradesh,NA,NA,NA,NA,NA,NA,NA,NA,NA,NA,NA,NA,NA,NA,NA,NA,NA,0
2300,0.029663776,0.351280889,0.882829833,0.052958825,0.310100799,0.884590346,2011,State,urban/rural,Owns Land,sector_state,0,Himachal Pradesh,NA,NA,NA,NA,NA,NA,NA,NA,NA,NA,NA,NA,NA,NA,NA,NA,NA,1
2301,0.187096076,0.542648188,0.890240894,0.250365171,0.542648188,0.890240894,2011,State,urban/rural,Owns Land,sector_state,0,Punjab,NA,NA,NA,NA,NA,NA,NA,NA,NA,NA,NA,NA,NA,NA,NA,NA,NA,0
2302,0.032136469,0.384226081,0.873898331,0.079799497,0.340856881,0.874507625,2011,State,urban/rural,Owns Land,sector_state,0,Punjab,NA,NA,NA,NA,NA,NA,NA,NA,NA,NA,NA,NA,NA,NA,NA,NA,NA,1
2303,0,0.53523143,0.931714783,0.125610525,0.53523143,0.931714783,2011,State,urban/rural,Owns Land,sector_state,0,Chandigarh,NA,NA,NA,NA,NA,NA,NA,NA,NA,NA,NA,NA,NA,NA,NA,NA,NA,0
2304,0,0.238393704,0.710740125,0.014169623,0.238393704,0.710740125,2011,State,urban/rural,Owns Land,sector_state,0,Chandigarh,NA,NA,NA,NA,NA,NA,NA,NA,NA,NA,NA,NA,NA,NA,NA,NA,NA,1
2305,0.055018639,0.360217007,0.921516415,0.062140738,0.335985992,0.932084142,2011,State,urban/rural,Owns Land,sector_state,0,Uttrakhand,NA,NA,NA,NA,NA,NA,NA,NA,NA,NA,NA,NA,NA,NA,NA,NA,NA,0
2306,0.029495884,0.493755397,0.923748185,0.06188564,0.457113858,0.923748185,2011,State,urban/rural,Owns Land,sector_state,0,Uttrakhand,NA,NA,NA,NA,NA,NA,NA,NA,NA,NA,NA,NA,NA,NA,NA,NA,NA,1
2307,0.009443012,0.247695441,0.408928434,0.013407703,0.089977969,0.408928434,2011,State,urban/rural,Owns Land,sector_state,0,Haryana,NA,NA,NA,NA,NA,NA,NA,NA,NA,NA,NA,NA,NA,NA,NA,NA,NA,0
2308,0.062019819,0.421738001,0.899533425,0.116503743,0.373763705,0.899533425,2011,State,urban/rural,Owns Land,sector_state,0,Haryana,NA,NA,NA,NA,NA,NA,NA,NA,NA,NA,NA,NA,NA,NA,NA,NA,NA,1
2309,0.115511322,0.128437381,0.988667741,0.115511322,0.124128695,0.988667741,2011,State,urban/rural,Owns Land,sector_state,0,Delhi,NA,NA,NA,NA,NA,NA,NA,NA,NA,NA,NA,NA,NA,NA,NA,NA,NA,0
2310,0.033422864,0.349484471,0.822197307,0.033829241,0.349484471,0.822197307,2011,State,urban/rural,Owns Land,sector_state,0,Delhi,NA,NA,NA,NA,NA,NA,NA,NA,NA,NA,NA,NA,NA,NA,NA,NA,NA,1
2311,0.125817092,0.560686152,0.86321139,0.205249569,0.540645848,0.86321139,2011,State,urban/rural,Owns Land,sector_state,0,Rajasthan,NA,NA,NA,NA,NA,NA,NA,NA,NA,NA,NA,NA,NA,NA,NA,NA,NA,0
2312,0.113868081,0.627308748,0.962995374,0.223557662,0.579512935,0.963693406,2011,State,urban/rural,Owns Land,sector_state,0,Rajasthan,NA,NA,NA,NA,NA,NA,NA,NA,NA,NA,NA,NA,NA,NA,NA,NA,NA,1
2313,0.21660248,0.510389608,0.918803122,0.268319366,0.442892788,0.918803122,2011,State,urban/rural,Owns Land,sector_state,0,Uttar Pradesh,NA,NA,NA,NA,NA,NA,NA,NA,NA,NA,NA,NA,NA,NA,NA,NA,NA,0
2314,0.289801187,0.811727908,0.981277187,0.445799661,0.783015719,0.981359274,2011,State,urban/rural,Owns Land,sector_state,0,Uttar Pradesh,NA,NA,NA,NA,NA,NA,NA,NA,NA,NA,NA,NA,NA,NA,NA,NA,NA,1
2315,0.190100131,0.92019307,0.989216968,0.814643009,0.92019307,0.989216968,2011,State,urban/rural,Owns Land,sector_state,0,Bihar,NA,NA,NA,NA,NA,NA,NA,NA,NA,NA,NA,NA,NA,NA,NA,NA,NA,0
2316,0.238458441,0.83202494,0.992475233,0.408652274,0.791970803,0.99250957,2011,State,urban/rural,Owns Land,sector_state,0,Bihar,NA,NA,NA,NA,NA,NA,NA,NA,NA,NA,NA,NA,NA,NA,NA,NA,NA,1
2317,0.092550063,0.740494486,0.981841825,0.252223203,0.682902695,0.981841825,2011,State,urban/rural,Owns Land,sector_state,0,Sikkim,NA,NA,NA,NA,NA,NA,NA,NA,NA,NA,NA,NA,NA,NA,NA,NA,NA,0
2318,0.012202945,0.6869749,0.979507982,0.092250423,0.622897988,0.979507982,2011,State,urban/rural,Owns Land,sector_state,0,Sikkim,NA,NA,NA,NA,NA,NA,NA,NA,NA,NA,NA,NA,NA,NA,NA,NA,NA,1
2319,0.306774226,0.60757932,0.836667962,0.4873687,0.600841964,0.836667962,2011,State,urban/rural,Owns Land,sector_state,0,Arunachal Pradesh,NA,NA,NA,NA,NA,NA,NA,NA,NA,NA,NA,NA,NA,NA,NA,NA,NA,0
2320,0.282962981,0.632627921,0.887477064,0.369718725,0.614736933,0.887477064,2011,State,urban/rural,Owns Land,sector_state,0,Arunachal Pradesh,NA,NA,NA,NA,NA,NA,NA,NA,NA,NA,NA,NA,NA,NA,NA,NA,NA,1
2321,0.022482254,0.022482254,0.022482254,0.022482254,0.022482254,0.022482254,2011,State,urban/rural,Owns Land,sector_state,0,Arunachal Pradesh,NA,NA,NA,NA,NA,NA,NA,NA,NA,NA,NA,NA,NA,NA,NA,NA,NA,NA
2322,0,1,1,0,0,1,2011,State,urban/rural,Owns Land,sector_state,0,Nagaland,NA,NA,NA,NA,NA,NA,NA,NA,NA,NA,NA,NA,NA,NA,NA,NA,NA,0
2323,0.044724562,0.571987347,0.954293713,0.122135892,0.508130848,0.954625369,2011,State,urban/rural,Owns Land,sector_state,0,Nagaland,NA,NA,NA,NA,NA,NA,NA,NA,NA,NA,NA,NA,NA,NA,NA,NA,NA,1
2324,0,0.077015275,1,0,0.015436564,1,2011,State,urban/rural,Owns Land,sector_state,0,Manipur,NA,NA,NA,NA,NA,NA,NA,NA,NA,NA,NA,NA,NA,NA,NA,NA,NA,0
2325,0.356389794,0.836070602,0.989067832,0.520543282,0.809992621,0.989492003,2011,State,urban/rural,Owns Land,sector_state,0,Manipur,NA,NA,NA,NA,NA,NA,NA,NA,NA,NA,NA,NA,NA,NA,NA,NA,NA,1
2326,0,0.118295479,0.933615955,0.03714469,0.099041092,0.933615955,2011,State,urban/rural,Owns Land,sector_state,0,Mizoram,NA,NA,NA,NA,NA,NA,NA,NA,NA,NA,NA,NA,NA,NA,NA,NA,NA,0
2327,0.080481859,0.594849954,0.953559778,0.163498192,0.526773079,0.953559778,2011,State,urban/rural,Owns Land,sector_state,0,Mizoram,NA,NA,NA,NA,NA,NA,NA,NA,NA,NA,NA,NA,NA,NA,NA,NA,NA,1
2328,0.382281895,0.598090015,1,0.41181328,0.598090015,1,2011,State,urban/rural,Owns Land,sector_state,0,Tripura,NA,NA,NA,NA,NA,NA,NA,NA,NA,NA,NA,NA,NA,NA,NA,NA,NA,0
2329,0.074858459,0.639697747,0.967891737,0.175710446,0.572709609,0.968328995,2011,State,urban/rural,Owns Land,sector_state,0,Tripura,NA,NA,NA,NA,NA,NA,NA,NA,NA,NA,NA,NA,NA,NA,NA,NA,NA,1
2330,0.068651632,0.737611689,0.997691874,0.155257271,0.737611689,0.997691874,2011,State,urban/rural,Owns Land,sector_state,0,Meghalaya,NA,NA,NA,NA,NA,NA,NA,NA,NA,NA,NA,NA,NA,NA,NA,NA,NA,0
2331,0.081281196,0.711157552,0.980861637,0.194705823,0.675512823,0.98169605,2011,State,urban/rural,Owns Land,sector_state,0,Meghalaya,NA,NA,NA,NA,NA,NA,NA,NA,NA,NA,NA,NA,NA,NA,NA,NA,NA,1
2332,0.248974228,0.868290555,0.977107437,0.543569578,0.86349083,0.977107437,2011,State,urban/rural,Owns Land,sector_state,0,Assam,NA,NA,NA,NA,NA,NA,NA,NA,NA,NA,NA,NA,NA,NA,NA,NA,NA,0
2333,0.230342809,0.782487159,0.984148064,0.374370014,0.740901586,0.984876441,2011,State,urban/rural,Owns Land,sector_state,0,Assam,NA,NA,NA,NA,NA,NA,NA,NA,NA,NA,NA,NA,NA,NA,NA,NA,NA,1
2334,0.173913017,0.766525529,0.981099542,0.339989614,0.705869442,0.981099542,2011,State,urban/rural,Owns Land,sector_state,0,West Bengal,NA,NA,NA,NA,NA,NA,NA,NA,NA,NA,NA,NA,NA,NA,NA,NA,NA,0
2335,0.195952801,0.75216867,0.971879179,0.336719732,0.706761205,0.971967863,2011,State,urban/rural,Owns Land,sector_state,0,West Bengal,NA,NA,NA,NA,NA,NA,NA,NA,NA,NA,NA,NA,NA,NA,NA,NA,NA,1
2336,0.187483039,0.671937061,0.988679429,0.28068134,0.671937061,0.988679429,2011,State,urban/rural,Owns Land,sector_state,0,Jharkhand,NA,NA,NA,NA,NA,NA,NA,NA,NA,NA,NA,NA,NA,NA,NA,NA,NA,0
2337,0.307208197,0.88347414,0.988219155,0.510140198,0.857621945,0.988362656,2011,State,urban/rural,Owns Land,sector_state,0,Jharkhand,NA,NA,NA,NA,NA,NA,NA,NA,NA,NA,NA,NA,NA,NA,NA,NA,NA,1
2338,0.251351431,0.752962049,0.981768093,0.434184702,0.730826342,0.981768093,2011,State,urban/rural,Owns Land,sector_state,0,Odisha,NA,NA,NA,NA,NA,NA,NA,NA,NA,NA,NA,NA,NA,NA,NA,NA,NA,0
2339,0.282846858,0.828025097,0.989592666,0.471583936,0.795142707,0.989592666,2011,State,urban/rural,Owns Land,sector_state,0,Odisha,NA,NA,NA,NA,NA,NA,NA,NA,NA,NA,NA,NA,NA,NA,NA,NA,NA,1
2340,0.244433788,0.778114082,0.847936624,0.379007563,0.773182711,0.850733719,2011,State,urban/rural,Owns Land,sector_state,0,Chhattisgarh,NA,NA,NA,NA,NA,NA,NA,NA,NA,NA,NA,NA,NA,NA,NA,NA,NA,0
2341,0.25967762,0.834087644,0.987500269,0.395194291,0.793984664,0.989235136,2011,State,urban/rural,Owns Land,sector_state,0,Chhattisgarh,NA,NA,NA,NA,NA,NA,NA,NA,NA,NA,NA,NA,NA,NA,NA,NA,NA,1
2342,0.487309974,0.70512027,0.846690272,0.493823817,0.684320508,0.846690272,2011,State,urban/rural,Owns Land,sector_state,0,Madhya Pradesh,NA,NA,NA,NA,NA,NA,NA,NA,NA,NA,NA,NA,NA,NA,NA,NA,NA,0
2343,0.318688013,0.811804977,0.980101486,0.481695398,0.780569999,0.980161343,2011,State,urban/rural,Owns Land,sector_state,0,Madhya Pradesh,NA,NA,NA,NA,NA,NA,NA,NA,NA,NA,NA,NA,NA,NA,NA,NA,NA,1
2344,0,1,1,0,1,1,2011,State,urban/rural,Owns Land,sector_state,0,Madhya Pradesh,NA,NA,NA,NA,NA,NA,NA,NA,NA,NA,NA,NA,NA,NA,NA,NA,NA,NA
2345,0.119550311,0.454574552,0.971139574,0.132083206,0.451807175,0.971139574,2011,State,urban/rural,Owns Land,sector_state,0,Gujarat,NA,NA,NA,NA,NA,NA,NA,NA,NA,NA,NA,NA,NA,NA,NA,NA,NA,0
2346,0.212997714,0.731172752,0.985287207,0.352273529,0.709582745,0.985289458,2011,State,urban/rural,Owns Land,sector_state,0,Gujarat,NA,NA,NA,NA,NA,NA,NA,NA,NA,NA,NA,NA,NA,NA,NA,NA,NA,1
2347,0.132356363,0.453078849,0.735812363,0.132356363,0.437266091,0.735812363,2011,State,urban/rural,Owns Land,sector_state,0,Daman & Diu & D & N Haveli,NA,NA,NA,NA,NA,NA,NA,NA,NA,NA,NA,NA,NA,NA,NA,NA,NA,0
2348,0.373637873,0.848901128,0.978757863,0.465541033,0.775645544,0.978757863,2011,State,urban/rural,Owns Land,sector_state,0,Daman & Diu & D & N Haveli,NA,NA,NA,NA,NA,NA,NA,NA,NA,NA,NA,NA,NA,NA,NA,NA,NA,1
2349,0.163969954,0.719527715,0.893114401,0.296103879,0.694852429,0.893114401,2011,State,urban/rural,Owns Land,sector_state,0,Maharashtra,NA,NA,NA,NA,NA,NA,NA,NA,NA,NA,NA,NA,NA,NA,NA,NA,NA,0
2350,0.118109104,0.680413812,0.968290938,0.224600861,0.628837173,0.968360857,2011,State,urban/rural,Owns Land,sector_state,0,Maharashtra,NA,NA,NA,NA,NA,NA,NA,NA,NA,NA,NA,NA,NA,NA,NA,NA,NA,1
2351,0.074733348,0.31954277,0.921829074,0.097485208,0.254379553,0.921829074,2011,State,urban/rural,Owns Land,sector_state,0,Andhra Pradesh,NA,NA,NA,NA,NA,NA,NA,NA,NA,NA,NA,NA,NA,NA,NA,NA,NA,0
2352,0.050944532,0.514028521,0.946234328,0.138533662,0.439448338,0.946757219,2011,State,urban/rural,Owns Land,sector_state,0,Andhra Pradesh,NA,NA,NA,NA,NA,NA,NA,NA,NA,NA,NA,NA,NA,NA,NA,NA,NA,1
2353,0.040509332,0.506021871,0.906514083,0.114386135,0.501853386,0.906514083,2011,State,urban/rural,Owns Land,sector_state,0,Karnataka,NA,NA,NA,NA,NA,NA,NA,NA,NA,NA,NA,NA,NA,NA,NA,NA,NA,0
2354,0.045556119,0.56465656,0.941959078,0.124623406,0.499801754,0.942830971,2011,State,urban/rural,Owns Land,sector_state,0,Karnataka,NA,NA,NA,NA,NA,NA,NA,NA,NA,NA,NA,NA,NA,NA,NA,NA,NA,1
2355,0.210644736,0.505438677,0.933051618,0.210644736,0.505438677,0.933051618,2011,State,urban/rural,Owns Land,sector_state,0,Goa,NA,NA,NA,NA,NA,NA,NA,NA,NA,NA,NA,NA,NA,NA,NA,NA,NA,0
2356,0.000446068,0.277177464,0.885512181,0.011803677,0.274430618,0.89024304,2011,State,urban/rural,Owns Land,sector_state,0,Goa,NA,NA,NA,NA,NA,NA,NA,NA,NA,NA,NA,NA,NA,NA,NA,NA,NA,1
2357,0,0,0.047411737,0,0,0.047411737,2011,State,urban/rural,Owns Land,sector_state,0,Lakshadweep,NA,NA,NA,NA,NA,NA,NA,NA,NA,NA,NA,NA,NA,NA,NA,NA,NA,0
2358,0,0.044299471,0.699337188,0,0.039737413,0.699337188,2011,State,urban/rural,Owns Land,sector_state,0,Lakshadweep,NA,NA,NA,NA,NA,NA,NA,NA,NA,NA,NA,NA,NA,NA,NA,NA,NA,1
2359,0.0025269,0.181889172,0.727001442,0.032761653,0.138285413,0.727001442,2011,State,urban/rural,Owns Land,sector_state,0,Kerala,NA,NA,NA,NA,NA,NA,NA,NA,NA,NA,NA,NA,NA,NA,NA,NA,NA,0
2360,0.026657347,0.302543315,0.809978396,0.060666017,0.261348094,0.810439453,2011,State,urban/rural,Owns Land,sector_state,0,Kerala,NA,NA,NA,NA,NA,NA,NA,NA,NA,NA,NA,NA,NA,NA,NA,NA,NA,1
2361,0.007941526,0.323164599,0.853747183,0.063293635,0.273984252,0.853747183,2011,State,urban/rural,Owns Land,sector_state,0,Tamil Nadu,NA,NA,NA,NA,NA,NA,NA,NA,NA,NA,NA,NA,NA,NA,NA,NA,NA,0
2362,0.071408604,0.460831814,0.90911045,0.139866977,0.406515787,0.910548454,2011,State,urban/rural,Owns Land,sector_state,0,Tamil Nadu,NA,NA,NA,NA,NA,NA,NA,NA,NA,NA,NA,NA,NA,NA,NA,NA,NA,1
2363,0,0.174156305,0.921217071,0.152511234,0.174156305,0.921217071,2011,State,urban/rural,Owns Land,sector_state,0,Puducherry,NA,NA,NA,NA,NA,NA,NA,NA,NA,NA,NA,NA,NA,NA,NA,NA,NA,0
2364,0.003259052,0.35870196,0.922756311,0.013301032,0.224342864,0.922756311,2011,State,urban/rural,Owns Land,sector_state,0,Puducherry,NA,NA,NA,NA,NA,NA,NA,NA,NA,NA,NA,NA,NA,NA,NA,NA,NA,1
2365,0,0.134574512,0.694993762,0.015616634,0.12243348,0.694993762,2011,State,urban/rural,Owns Land,sector_state,0,A & N Island,NA,NA,NA,NA,NA,NA,NA,NA,NA,NA,NA,NA,NA,NA,NA,NA,NA,0
2366,0,0.060199753,0.734740486,0,0.016946099,0.734740486,2011,State,urban/rural,Owns Land,sector_state,0,A & N Island,NA,NA,NA,NA,NA,NA,NA,NA,NA,NA,NA,NA,NA,NA,NA,NA,NA,1
2367,0.05004629,0.309612573,0.765193235,0.05004629,0.302153995,0.765193235,2011,State,urban/rural,Owns Land,sector_state,0,Telangana,NA,NA,NA,NA,NA,NA,NA,NA,NA,NA,NA,NA,NA,NA,NA,NA,NA,0
2368,0.02914928,0.524265933,0.966441036,0.089400862,0.459983518,0.966528865,2011,State,urban/rural,Owns Land,sector_state,0,Telangana,NA,NA,NA,NA,NA,NA,NA,NA,NA,NA,NA,NA,NA,NA,NA,NA,NA,1
2369,0,0,0.20581415,0,0,0.20581415,2011,State,urban/rural,Owns Land,sector_state,0,Ladakh,NA,NA,NA,NA,NA,NA,NA,NA,NA,NA,NA,NA,NA,NA,NA,NA,NA,0
2370,0,0.314717485,0.926051131,0,0.187007348,0.926051131,2011,State,urban/rural,Owns Land,sector_state,0,Ladakh,NA,NA,NA,NA,NA,NA,NA,NA,NA,NA,NA,NA,NA,NA,NA,NA,NA,1
2371,0.034395391,0.352588406,0.779875617,0.07965789,0.321825085,0.779875617,2011,State,urban/rural,Owns Land,sector_state,1,Jammu & Kashmir,NA,NA,NA,NA,NA,NA,NA,NA,NA,NA,NA,NA,NA,NA,NA,NA,NA,0
2372,0.023010573,0.258836684,0.78503681,0.062917925,0.232186801,0.786216582,2011,State,urban/rural,Owns Land,sector_state,1,Jammu & Kashmir,NA,NA,NA,NA,NA,NA,NA,NA,NA,NA,NA,NA,NA,NA,NA,NA,NA,1
2373,0.023631281,0.186255222,0.691121011,0.028767577,0.133123462,0.691121011,2011,State,urban/rural,Owns Land,sector_state,1,Himachal Pradesh,NA,NA,NA,NA,NA,NA,NA,NA,NA,NA,NA,NA,NA,NA,NA,NA,NA,0
2374,0.013972905,0.192906629,0.699175202,0.045886375,0.171490478,0.700660056,2011,State,urban/rural,Owns Land,sector_state,1,Himachal Pradesh,NA,NA,NA,NA,NA,NA,NA,NA,NA,NA,NA,NA,NA,NA,NA,NA,NA,1
2375,0.151078571,0.48242467,0.881034028,0.219738735,0.439936859,0.881034028,2011,State,urban/rural,Owns Land,sector_state,1,Punjab,NA,NA,NA,NA,NA,NA,NA,NA,NA,NA,NA,NA,NA,NA,NA,NA,NA,0
2376,0.055254713,0.346864007,0.806980107,0.079222177,0.30483654,0.806980107,2011,State,urban/rural,Owns Land,sector_state,1,Punjab,NA,NA,NA,NA,NA,NA,NA,NA,NA,NA,NA,NA,NA,NA,NA,NA,NA,1
2377,0.125604475,0.475946276,0.867998217,0.21617592,0.470486192,0.867998217,2011,State,urban/rural,Owns Land,sector_state,1,Chandigarh,NA,NA,NA,NA,NA,NA,NA,NA,NA,NA,NA,NA,NA,NA,NA,NA,NA,0
2378,0.033991675,0.241260633,0.721275487,0.074781686,0.231079804,0.721275487,2011,State,urban/rural,Owns Land,sector_state,1,Chandigarh,NA,NA,NA,NA,NA,NA,NA,NA,NA,NA,NA,NA,NA,NA,NA,NA,NA,1
2379,0.159412779,0.42027475,0.773121426,0.206829873,0.417631669,0.773121426,2011,State,urban/rural,Owns Land,sector_state,1,Uttrakhand,NA,NA,NA,NA,NA,NA,NA,NA,NA,NA,NA,NA,NA,NA,NA,NA,NA,0
2380,0.056204217,0.454881642,0.886814663,0.127136429,0.391614079,0.8891396,2011,State,urban/rural,Owns Land,sector_state,1,Uttrakhand,NA,NA,NA,NA,NA,NA,NA,NA,NA,NA,NA,NA,NA,NA,NA,NA,NA,1
2381,0.104309809,0.431390591,0.793049339,0.148731522,0.392867136,0.793049339,2011,State,urban/rural,Owns Land,sector_state,1,Haryana,NA,NA,NA,NA,NA,NA,NA,NA,NA,NA,NA,NA,NA,NA,NA,NA,NA,0
2382,0.053909685,0.24849539,0.726281823,0.079622998,0.215607795,0.726463078,2011,State,urban/rural,Owns Land,sector_state,1,Haryana,NA,NA,NA,NA,NA,NA,NA,NA,NA,NA,NA,NA,NA,NA,NA,NA,NA,1
2383,0.0706164,0.406401134,0.874066993,0.184741869,0.358600621,0.882442633,2011,State,urban/rural,Owns Land,sector_state,1,Delhi,NA,NA,NA,NA,NA,NA,NA,NA,NA,NA,NA,NA,NA,NA,NA,NA,NA,0
2384,0.031549033,0.300855621,0.71864294,0.07521244,0.259571878,0.718716456,2011,State,urban/rural,Owns Land,sector_state,1,Delhi,NA,NA,NA,NA,NA,NA,NA,NA,NA,NA,NA,NA,NA,NA,NA,NA,NA,1
2385,0.052851748,0.344524248,0.782990856,0.102377256,0.310379719,0.784850407,2011,State,urban/rural,Owns Land,sector_state,1,Rajasthan,NA,NA,NA,NA,NA,NA,NA,NA,NA,NA,NA,NA,NA,NA,NA,NA,NA,0
2386,0.08376023,0.451973096,0.863420177,0.146658177,0.409853142,0.863866337,2011,State,urban/rural,Owns Land,sector_state,1,Rajasthan,NA,NA,NA,NA,NA,NA,NA,NA,NA,NA,NA,NA,NA,NA,NA,NA,NA,1
2387,0.185072532,0.580177836,0.760144642,0.350342032,0.518763113,0.760144642,2011,State,urban/rural,Owns Land,sector_state,1,Uttar Pradesh,NA,NA,NA,NA,NA,NA,NA,NA,NA,NA,NA,NA,NA,NA,NA,NA,NA,0
2388,0.22964418,0.628423925,0.904955199,0.336773455,0.597834865,0.905033222,2011,State,urban/rural,Owns Land,sector_state,1,Uttar Pradesh,NA,NA,NA,NA,NA,NA,NA,NA,NA,NA,NA,NA,NA,NA,NA,NA,NA,1
2389,0.266047489,0.637986477,0.908969445,0.322372594,0.626124673,0.908969445,2011,State,urban/rural,Owns Land,sector_state,1,Bihar,NA,NA,NA,NA,NA,NA,NA,NA,NA,NA,NA,NA,NA,NA,NA,NA,NA,0
2390,0.24499834,0.699011836,0.964479119,0.375708867,0.672369918,0.964526289,2011,State,urban/rural,Owns Land,sector_state,1,Bihar,NA,NA,NA,NA,NA,NA,NA,NA,NA,NA,NA,NA,NA,NA,NA,NA,NA,1
2391,0,0,1,0,0,1,2011,State,urban/rural,Owns Land,sector_state,1,Bihar,NA,NA,NA,NA,NA,NA,NA,NA,NA,NA,NA,NA,NA,NA,NA,NA,NA,NA
2392,0.097655104,0.570110081,0.98500653,0.184269106,0.517203127,0.98500653,2011,State,urban/rural,Owns Land,sector_state,1,Sikkim,NA,NA,NA,NA,NA,NA,NA,NA,NA,NA,NA,NA,NA,NA,NA,NA,NA,0
2393,0.005245548,0.265076813,0.890070863,0.005885249,0.185750972,0.890070863,2011,State,urban/rural,Owns Land,sector_state,1,Sikkim,NA,NA,NA,NA,NA,NA,NA,NA,NA,NA,NA,NA,NA,NA,NA,NA,NA,1
2394,0.207887383,0.442714518,0.807692256,0.247324882,0.416413815,0.810120216,2011,State,urban/rural,Owns Land,sector_state,1,Arunachal Pradesh,NA,NA,NA,NA,NA,NA,NA,NA,NA,NA,NA,NA,NA,NA,NA,NA,NA,0
2395,0.142150858,0.406300866,0.754754528,0.213316241,0.391197664,0.756849008,2011,State,urban/rural,Owns Land,sector_state,1,Arunachal Pradesh,NA,NA,NA,NA,NA,NA,NA,NA,NA,NA,NA,NA,NA,NA,NA,NA,NA,1
2396,0,0.596718471,0.596718471,0,0.596718471,0.596718471,2011,State,urban/rural,Owns Land,sector_state,1,Arunachal Pradesh,NA,NA,NA,NA,NA,NA,NA,NA,NA,NA,NA,NA,NA,NA,NA,NA,NA,NA
2397,0,0.124246687,1,0,0.124246687,1,2011,State,urban/rural,Owns Land,sector_state,1,Nagaland,NA,NA,NA,NA,NA,NA,NA,NA,NA,NA,NA,NA,NA,NA,NA,NA,NA,0
2398,0.143705903,0.48060825,0.937734679,0.250752533,0.450522472,0.937734679,2011,State,urban/rural,Owns Land,sector_state,1,Nagaland,NA,NA,NA,NA,NA,NA,NA,NA,NA,NA,NA,NA,NA,NA,NA,NA,NA,1
2399,0.494321884,0.881385531,0.954433817,0.763931291,0.875760955,0.954433817,2011,State,urban/rural,Owns Land,sector_state,1,Manipur,NA,NA,NA,NA,NA,NA,NA,NA,NA,NA,NA,NA,NA,NA,NA,NA,NA,0
2400,0.36970978,0.863962889,0.994464359,0.569658637,0.834068969,0.994464359,2011,State,urban/rural,Owns Land,sector_state,1,Manipur,NA,NA,NA,NA,NA,NA,NA,NA,NA,NA,NA,NA,NA,NA,NA,NA,NA,1
2401,0.054829026,0.421446264,0.937682556,0.150394298,0.350603338,0.937682556,2011,State,urban/rural,Owns Land,sector_state,1,Mizoram,NA,NA,NA,NA,NA,NA,NA,NA,NA,NA,NA,NA,NA,NA,NA,NA,NA,0
2402,0.023508227,0.280237775,0.827943019,0.072777859,0.248099357,0.828814604,2011,State,urban/rural,Owns Land,sector_state,1,Mizoram,NA,NA,NA,NA,NA,NA,NA,NA,NA,NA,NA,NA,NA,NA,NA,NA,NA,1
2403,0.012768662,0.399382688,0.887346752,0.072995569,0.372271188,0.887346752,2011,State,urban/rural,Owns Land,sector_state,1,Tripura,NA,NA,NA,NA,NA,NA,NA,NA,NA,NA,NA,NA,NA,NA,NA,NA,NA,0
2404,0.043830598,0.461178023,0.849179308,0.114103692,0.432788443,0.849179308,2011,State,urban/rural,Owns Land,sector_state,1,Tripura,NA,NA,NA,NA,NA,NA,NA,NA,NA,NA,NA,NA,NA,NA,NA,NA,NA,1
2405,1,1,1,1,1,1,2011,State,urban/rural,Owns Land,sector_state,1,Tripura,NA,NA,NA,NA,NA,NA,NA,NA,NA,NA,NA,NA,NA,NA,NA,NA,NA,NA
2406,0.059888675,0.428581654,0.896571832,0.103491826,0.332366916,0.896571832,2011,State,urban/rural,Owns Land,sector_state,1,Meghalaya,NA,NA,NA,NA,NA,NA,NA,NA,NA,NA,NA,NA,NA,NA,NA,NA,NA,0
2407,0.089572413,0.326941832,0.911407114,0.127103684,0.30294921,0.911407114,2011,State,urban/rural,Owns Land,sector_state,1,Meghalaya,NA,NA,NA,NA,NA,NA,NA,NA,NA,NA,NA,NA,NA,NA,NA,NA,NA,1
2408,0.249932497,0.47274897,0.834213498,0.313164008,0.45396151,0.834213498,2011,State,urban/rural,Owns Land,sector_state,1,Assam,NA,NA,NA,NA,NA,NA,NA,NA,NA,NA,NA,NA,NA,NA,NA,NA,NA,0
2409,0.13244593,0.484761437,0.888936078,0.2239203,0.46591014,0.889099706,2011,State,urban/rural,Owns Land,sector_state,1,Assam,NA,NA,NA,NA,NA,NA,NA,NA,NA,NA,NA,NA,NA,NA,NA,NA,NA,1
2410,0.151617676,0.421991169,0.825756367,0.205448561,0.398594933,0.825756367,2011,State,urban/rural,Owns Land,sector_state,1,West Bengal,NA,NA,NA,NA,NA,NA,NA,NA,NA,NA,NA,NA,NA,NA,NA,NA,NA,0
2411,0.131298365,0.429988536,0.78134512,0.204219007,0.406790668,0.781444559,2011,State,urban/rural,Owns Land,sector_state,1,West Bengal,NA,NA,NA,NA,NA,NA,NA,NA,NA,NA,NA,NA,NA,NA,NA,NA,NA,1
2412,0,0.931449287,1,0,0.931449287,1,2011,State,urban/rural,Owns Land,sector_state,1,West Bengal,NA,NA,NA,NA,NA,NA,NA,NA,NA,NA,NA,NA,NA,NA,NA,NA,NA,NA
2413,0.182948461,0.520860352,0.922122609,0.302318422,0.506965452,0.922122609,2011,State,urban/rural,Owns Land,sector_state,1,Jharkhand,NA,NA,NA,NA,NA,NA,NA,NA,NA,NA,NA,NA,NA,NA,NA,NA,NA,0
2414,0.177385551,0.501434192,0.912855646,0.265830177,0.45733262,0.912855646,2011,State,urban/rural,Owns Land,sector_state,1,Jharkhand,NA,NA,NA,NA,NA,NA,NA,NA,NA,NA,NA,NA,NA,NA,NA,NA,NA,1
2415,0.141311826,0.531779569,0.83794722,0.220913885,0.498438198,0.83794722,2011,State,urban/rural,Owns Land,sector_state,1,Odisha,NA,NA,NA,NA,NA,NA,NA,NA,NA,NA,NA,NA,NA,NA,NA,NA,NA,0
2416,0.205566045,0.618617546,0.885418741,0.266782775,0.566794164,0.885546807,2011,State,urban/rural,Owns Land,sector_state,1,Odisha,NA,NA,NA,NA,NA,NA,NA,NA,NA,NA,NA,NA,NA,NA,NA,NA,NA,1
2417,0.110221461,0.543799136,0.890841469,0.166327829,0.519116697,0.890841469,2011,State,urban/rural,Owns Land,sector_state,1,Chhattisgarh,NA,NA,NA,NA,NA,NA,NA,NA,NA,NA,NA,NA,NA,NA,NA,NA,NA,0
2418,0.2180916,0.586582577,0.878255819,0.333581849,0.573611475,0.878255819,2011,State,urban/rural,Owns Land,sector_state,1,Chhattisgarh,NA,NA,NA,NA,NA,NA,NA,NA,NA,NA,NA,NA,NA,NA,NA,NA,NA,1
2419,0.24430385,0.522093762,0.837857871,0.314396855,0.497770141,0.837857871,2011,State,urban/rural,Owns Land,sector_state,1,Madhya Pradesh,NA,NA,NA,NA,NA,NA,NA,NA,NA,NA,NA,NA,NA,NA,NA,NA,NA,0
2420,0.201591444,0.587651418,0.884354756,0.282451055,0.545596433,0.885441445,2011,State,urban/rural,Owns Land,sector_state,1,Madhya Pradesh,NA,NA,NA,NA,NA,NA,NA,NA,NA,NA,NA,NA,NA,NA,NA,NA,NA,1
2421,0,1,1,0,1,1,2011,State,urban/rural,Owns Land,sector_state,1,Madhya Pradesh,NA,NA,NA,NA,NA,NA,NA,NA,NA,NA,NA,NA,NA,NA,NA,NA,NA,NA
2422,0.14620705,0.538168136,0.931679835,0.270590956,0.497189596,0.931679835,2011,State,urban/rural,Owns Land,sector_state,1,Gujarat,NA,NA,NA,NA,NA,NA,NA,NA,NA,NA,NA,NA,NA,NA,NA,NA,NA,0
2423,0.076832663,0.399024759,0.888047444,0.146526883,0.349218189,0.888047444,2011,State,urban/rural,Owns Land,sector_state,1,Gujarat,NA,NA,NA,NA,NA,NA,NA,NA,NA,NA,NA,NA,NA,NA,NA,NA,NA,1
2424,0.131585736,0.560618957,0.927961718,0.131585736,0.38936601,0.927961718,2011,State,urban/rural,Owns Land,sector_state,1,Daman & Diu & D & N Haveli,NA,NA,NA,NA,NA,NA,NA,NA,NA,NA,NA,NA,NA,NA,NA,NA,NA,0
2425,0.055585409,0.314236421,0.833187002,0.088537765,0.299173711,0.833187002,2011,State,urban/rural,Owns Land,sector_state,1,Daman & Diu & D & N Haveli,NA,NA,NA,NA,NA,NA,NA,NA,NA,NA,NA,NA,NA,NA,NA,NA,NA,1
2426,0.054655299,0.372371736,0.844498472,0.105020805,0.328128017,0.845263948,2011,State,urban/rural,Owns Land,sector_state,1,Maharashtra,NA,NA,NA,NA,NA,NA,NA,NA,NA,NA,NA,NA,NA,NA,NA,NA,NA,0
2427,0.06374761,0.391609511,0.814004076,0.114065286,0.346514793,0.814626267,2011,State,urban/rural,Owns Land,sector_state,1,Maharashtra,NA,NA,NA,NA,NA,NA,NA,NA,NA,NA,NA,NA,NA,NA,NA,NA,NA,1
2428,0.037531074,0.382650848,0.810525869,0.103502878,0.325168962,0.810525869,2011,State,urban/rural,Owns Land,sector_state,1,Andhra Pradesh,NA,NA,NA,NA,NA,NA,NA,NA,NA,NA,NA,NA,NA,NA,NA,NA,NA,0
2429,0.04234782,0.36834678,0.798048521,0.107213256,0.333590319,0.806375165,2011,State,urban/rural,Owns Land,sector_state,1,Andhra Pradesh,NA,NA,NA,NA,NA,NA,NA,NA,NA,NA,NA,NA,NA,NA,NA,NA,NA,1
2430,0.044545002,0.307752763,0.768251576,0.082736335,0.283658458,0.773554045,2011,State,urban/rural,Owns Land,sector_state,1,Karnataka,NA,NA,NA,NA,NA,NA,NA,NA,NA,NA,NA,NA,NA,NA,NA,NA,NA,0
2431,0.099901251,0.450286355,0.795499856,0.184442966,0.424128213,0.797079739,2011,State,urban/rural,Owns Land,sector_state,1,Karnataka,NA,NA,NA,NA,NA,NA,NA,NA,NA,NA,NA,NA,NA,NA,NA,NA,NA,1
2432,0.04787857,0.253043292,0.808068629,0.085666938,0.241971575,0.808068629,2011,State,urban/rural,Owns Land,sector_state,1,Goa,NA,NA,NA,NA,NA,NA,NA,NA,NA,NA,NA,NA,NA,NA,NA,NA,NA,0
2433,0.025406516,0.230381611,0.728256434,0.035002901,0.180912114,0.728256434,2011,State,urban/rural,Owns Land,sector_state,1,Goa,NA,NA,NA,NA,NA,NA,NA,NA,NA,NA,NA,NA,NA,NA,NA,NA,NA,1
2434,0,0.151559853,0.427499631,0,0.151559853,0.427499631,2011,State,urban/rural,Owns Land,sector_state,1,Lakshadweep,NA,NA,NA,NA,NA,NA,NA,NA,NA,NA,NA,NA,NA,NA,NA,NA,NA,0
2435,0,0.169473901,0.705201742,0,0.116577893,0.705201742,2011,State,urban/rural,Owns Land,sector_state,1,Lakshadweep,NA,NA,NA,NA,NA,NA,NA,NA,NA,NA,NA,NA,NA,NA,NA,NA,NA,1
2436,0.047792059,0.274157609,0.67309008,0.099780204,0.237627668,0.67309008,2011,State,urban/rural,Owns Land,sector_state,1,Kerala,NA,NA,NA,NA,NA,NA,NA,NA,NA,NA,NA,NA,NA,NA,NA,NA,NA,0
2437,0.033372304,0.287803442,0.751863558,0.064625275,0.248181244,0.753726931,2011,State,urban/rural,Owns Land,sector_state,1,Kerala,NA,NA,NA,NA,NA,NA,NA,NA,NA,NA,NA,NA,NA,NA,NA,NA,NA,1
2438,0.02883915,0.314314767,0.843858109,0.055569679,0.266055508,0.846018398,2011,State,urban/rural,Owns Land,sector_state,1,Tamil Nadu,NA,NA,NA,NA,NA,NA,NA,NA,NA,NA,NA,NA,NA,NA,NA,NA,NA,0
2439,0.03043078,0.318428564,0.799590063,0.06887402,0.2869821,0.801670784,2011,State,urban/rural,Owns Land,sector_state,1,Tamil Nadu,NA,NA,NA,NA,NA,NA,NA,NA,NA,NA,NA,NA,NA,NA,NA,NA,NA,1
2440,0.015209561,0.115295538,0.692127492,0.041204558,0.112936223,0.692127492,2011,State,urban/rural,Owns Land,sector_state,1,Puducherry,NA,NA,NA,NA,NA,NA,NA,NA,NA,NA,NA,NA,NA,NA,NA,NA,NA,0
2441,0.00164849,0.150556068,0.723489214,0.009998054,0.115562342,0.723489214,2011,State,urban/rural,Owns Land,sector_state,1,Puducherry,NA,NA,NA,NA,NA,NA,NA,NA,NA,NA,NA,NA,NA,NA,NA,NA,NA,1
2442,0,0.008994701,0.521550884,0,0.006054799,0.530931572,2011,State,urban/rural,Owns Land,sector_state,1,A & N Island,NA,NA,NA,NA,NA,NA,NA,NA,NA,NA,NA,NA,NA,NA,NA,NA,NA,0
2443,0,0.036285663,0.418252105,0,0.009670456,0.418252105,2011,State,urban/rural,Owns Land,sector_state,1,A & N Island,NA,NA,NA,NA,NA,NA,NA,NA,NA,NA,NA,NA,NA,NA,NA,NA,NA,1
2444,0.067734195,0.311234379,0.827681638,0.094585173,0.290667677,0.830636049,2011,State,urban/rural,Owns Land,sector_state,1,Telangana,NA,NA,NA,NA,NA,NA,NA,NA,NA,NA,NA,NA,NA,NA,NA,NA,NA,0
2445,0.029199867,0.297165856,0.774381448,0.067380618,0.229235714,0.777296478,2011,State,urban/rural,Owns Land,sector_state,1,Telangana,NA,NA,NA,NA,NA,NA,NA,NA,NA,NA,NA,NA,NA,NA,NA,NA,NA,1
2446,0,0,0.912458028,0,0,0.912458028,2011,State,urban/rural,Owns Land,sector_state,1,Ladakh,NA,NA,NA,NA,NA,NA,NA,NA,NA,NA,NA,NA,NA,NA,NA,NA,NA,0
2447,0,0.209460896,0.759919591,0.021854966,0.120374672,0.759919591,2011,State,urban/rural,Owns Land,sector_state,1,Ladakh,NA,NA,NA,NA,NA,NA,NA,NA,NA,NA,NA,NA,NA,NA,NA,NA,NA,1
2448,0,0,1,0,0,1,2011,State,urban/rural,Owns Land,sector_state,1,Ladakh,NA,NA,NA,NA,NA,NA,NA,NA,NA,NA,NA,NA,NA,NA,NA,NA,NA,NA
2449,0.023491841,0.281159389,0.819269206,0.052516401,0.238923209,0.82061193,2022,National,All,All Households,allindia,99,India,NA,NA,NA,NA,NA,NA,NA,NA,NA,NA,NA,NA,NA,NA,NA,NA,NA,NA
2450,0.028276178,0.32451982,0.874737046,0.061849858,0.276822606,0.875852254,2022,National,urban/rural,All Households,sect_allindia,0,India,NA,NA,NA,NA,NA,NA,NA,NA,NA,NA,NA,NA,NA,NA,NA,NA,NA,NA
2451,0.011393184,0.171509291,0.679001824,0.028913906,0.143083005,0.68091989,2022,National,urban/rural,All Households,sect_allindia,1,India,NA,NA,NA,NA,NA,NA,NA,NA,NA,NA,NA,NA,NA,NA,NA,NA,NA,NA
2452,0.007199919,0.176155589,0.734978048,0.013065454,0.146517732,0.73620732,2022,State,All,All Households,state,99,Jammu & Kashmir,NA,NA,NA,NA,NA,NA,NA,NA,NA,NA,NA,NA,NA,NA,NA,NA,NA,NA
2453,0.00235114,0.078298488,0.620203787,0.007174751,0.056997473,0.621545485,2022,State,All,All Households,state,99,Himachal Pradesh,NA,NA,NA,NA,NA,NA,NA,NA,NA,NA,NA,NA,NA,NA,NA,NA,NA,NA
2454,0.002475775,0.099142744,0.69101922,0.00722854,0.076154537,0.694792847,2022,State,All,All Households,state,99,Punjab,NA,NA,NA,NA,NA,NA,NA,NA,NA,NA,NA,NA,NA,NA,NA,NA,NA,NA
2455,0,0.000163433,0.170727805,0,0,0.170727805,2022,State,All,All Households,state,99,Chandigarh,NA,NA,NA,NA,NA,NA,NA,NA,NA,NA,NA,NA,NA,NA,NA,NA,NA,NA
2456,0.008033675,0.194982815,0.764760174,0.027112327,0.162337988,0.764971491,2022,State,All,All Households,state,99,Uttrakhand,NA,NA,NA,NA,NA,NA,NA,NA,NA,NA,NA,NA,NA,NA,NA,NA,NA,NA
2457,0.018714595,0.169219889,0.728698727,0.037721167,0.139201272,0.730171317,2022,State,All,All Households,state,99,Haryana,NA,NA,NA,NA,NA,NA,NA,NA,NA,NA,NA,NA,NA,NA,NA,NA,NA,NA
2458,0.006961274,0.116057927,0.640797223,0.016200903,0.096188009,0.642032553,2022,State,All,All Households,state,99,Delhi,NA,NA,NA,NA,NA,NA,NA,NA,NA,NA,NA,NA,NA,NA,NA,NA,NA,NA
2459,0.024613861,0.261355746,0.814515715,0.056826137,0.223046562,0.815551292,2022,State,All,All Households,state,99,Rajasthan,NA,NA,NA,NA,NA,NA,NA,NA,NA,NA,NA,NA,NA,NA,NA,NA,NA,NA
2460,0.022086353,0.36474419,0.899972358,0.057987554,0.309017345,0.90127046,2022,State,All,All Households,state,99,Uttar Pradesh,NA,NA,NA,NA,NA,NA,NA,NA,NA,NA,NA,NA,NA,NA,NA,NA,NA,NA
2461,0.040671369,0.401640326,0.927069203,0.07759093,0.348587035,0.928194907,2022,State,All,All Households,state,99,Bihar,NA,NA,NA,NA,NA,NA,NA,NA,NA,NA,NA,NA,NA,NA,NA,NA,NA,NA
2462,0,0.026111893,0.424730515,0.001249654,0.020382168,0.425579031,2022,State,All,All Households,state,99,Sikkim,NA,NA,NA,NA,NA,NA,NA,NA,NA,NA,NA,NA,NA,NA,NA,NA,NA,NA
2463,0.051733948,0.282122588,0.76118827,0.097927824,0.258642258,0.761639304,2022,State,All,All Households,state,99,Arunachal Pradesh,NA,NA,NA,NA,NA,NA,NA,NA,NA,NA,NA,NA,NA,NA,NA,NA,NA,NA
2464,0.029749548,0.284830224,0.831660222,0.053219872,0.242145809,0.833403302,2022,State,All,All Households,state,99,Nagaland,NA,NA,NA,NA,NA,NA,NA,NA,NA,NA,NA,NA,NA,NA,NA,NA,NA,NA
2465,0.033987158,0.386726188,0.91871582,0.07891307,0.334079122,0.920057352,2022,State,All,All Households,state,99,Manipur,NA,NA,NA,NA,NA,NA,NA,NA,NA,NA,NA,NA,NA,NA,NA,NA,NA,NA
2466,0.009383268,0.146691291,0.734171452,0.018204197,0.113710283,0.736355561,2022,State,All,All Households,state,99,Mizoram,NA,NA,NA,NA,NA,NA,NA,NA,NA,NA,NA,NA,NA,NA,NA,NA,NA,NA
2467,0.001234948,0.071546474,0.694853048,0.003728087,0.055913937,0.697816961,2022,State,All,All Households,state,99,Tripura,NA,NA,NA,NA,NA,NA,NA,NA,NA,NA,NA,NA,NA,NA,NA,NA,NA,NA
2468,0.044434139,0.374272836,0.90287373,0.099469536,0.329221216,0.903514114,2022,State,All,All Households,state,99,Meghalaya,NA,NA,NA,NA,NA,NA,NA,NA,NA,NA,NA,NA,NA,NA,NA,NA,NA,NA
2469,0.038950512,0.421707654,0.928321857,0.087663564,0.363931801,0.929018709,2022,State,All,All Households,state,99,Assam,NA,NA,NA,NA,NA,NA,NA,NA,NA,NA,NA,NA,NA,NA,NA,NA,NA,NA
2470,0.013974332,0.287269904,0.855152997,0.037539339,0.236628343,0.856256664,2022,State,All,All Households,state,99,West Bengal,NA,NA,NA,NA,NA,NA,NA,NA,NA,NA,NA,NA,NA,NA,NA,NA,NA,NA
2471,0.090933007,0.486913537,0.90207739,0.168982468,0.440204153,0.902470286,2022,State,All,All Households,state,99,Jharkhand,NA,NA,NA,NA,NA,NA,NA,NA,NA,NA,NA,NA,NA,NA,NA,NA,NA,NA
2472,0.04083163,0.441380958,0.913565808,0.094529838,0.385269445,0.91411696,2022,State,All,All Households,state,99,Odisha,NA,NA,NA,NA,NA,NA,NA,NA,NA,NA,NA,NA,NA,NA,NA,NA,NA,NA
2473,0.103033229,0.514501032,0.924294976,0.187442306,0.463515252,0.925132355,2022,State,All,All Households,state,99,Chhattisgarh,NA,NA,NA,NA,NA,NA,NA,NA,NA,NA,NA,NA,NA,NA,NA,NA,NA,NA
2474,0.019425756,0.30934304,0.879325339,0.051512997,0.257653698,0.879886119,2022,State,All,All Households,state,99,Madhya Pradesh,NA,NA,NA,NA,NA,NA,NA,NA,NA,NA,NA,NA,NA,NA,NA,NA,NA,NA
2475,0.012962402,0.267396563,0.82751328,0.036840988,0.22448491,0.828812553,2022,State,All,All Households,state,99,Gujarat,NA,NA,NA,NA,NA,NA,NA,NA,NA,NA,NA,NA,NA,NA,NA,NA,NA,NA
2476,0.056057294,0.274359933,0.828161718,0.08957528,0.236558698,0.830484289,2022,State,All,All Households,state,99,Daman & Diu & D & N Haveli,NA,NA,NA,NA,NA,NA,NA,NA,NA,NA,NA,NA,NA,NA,NA,NA,NA,NA
2477,0.031277623,0.304806285,0.817652693,0.066457152,0.264874087,0.818867799,2022,State,All,All Households,state,99,Maharashtra,NA,NA,NA,NA,NA,NA,NA,NA,NA,NA,NA,NA,NA,NA,NA,NA,NA,NA
2478,0.004745861,0.119988787,0.691102383,0.011321256,0.09360941,0.692615699,2022,State,All,All Households,state,99,Andhra Pradesh,NA,NA,NA,NA,NA,NA,NA,NA,NA,NA,NA,NA,NA,NA,NA,NA,NA,NA
2479,0.002618752,0.125424292,0.697195848,0.010922519,0.100466212,0.699242926,2022,State,All,All Households,state,99,Karnataka,NA,NA,NA,NA,NA,NA,NA,NA,NA,NA,NA,NA,NA,NA,NA,NA,NA,NA
2480,0.004024109,0.024507441,0.52413009,0.005134127,0.017238183,0.527752266,2022,State,All,All Households,state,99,Goa,NA,NA,NA,NA,NA,NA,NA,NA,NA,NA,NA,NA,NA,NA,NA,NA,NA,NA
2481,0,0.035435334,0.698285167,0,0.028920125,0.698285167,2022,State,All,All Households,state,99,Lakshadweep,NA,NA,NA,NA,NA,NA,NA,NA,NA,NA,NA,NA,NA,NA,NA,NA,NA,NA
2482,0.005259269,0.120909228,0.65841465,0.014204438,0.094803973,0.660348723,2022,State,All,All Households,state,99,Kerala,NA,NA,NA,NA,NA,NA,NA,NA,NA,NA,NA,NA,NA,NA,NA,NA,NA,NA
2483,0.002301341,0.073061663,0.622256657,0.007454115,0.055912577,0.624104663,2022,State,All,All Households,state,99,Tamil Nadu,NA,NA,NA,NA,NA,NA,NA,NA,NA,NA,NA,NA,NA,NA,NA,NA,NA,NA
2484,0,0.050355262,0.52738617,0.006771085,0.044300711,0.52820708,2022,State,All,All Households,state,99,Puducherry,NA,NA,NA,NA,NA,NA,NA,NA,NA,NA,NA,NA,NA,NA,NA,NA,NA,NA
2485,0.00031789,0.012361578,0.356191718,0.000485943,0.006777036,0.357737177,2022,State,All,All Households,state,99,A & N Island,NA,NA,NA,NA,NA,NA,NA,NA,NA,NA,NA,NA,NA,NA,NA,NA,NA,NA
2486,0.004144738,0.120852314,0.715590705,0.009526585,0.091975246,0.719077436,2022,State,All,All Households,state,99,Telangana,NA,NA,NA,NA,NA,NA,NA,NA,NA,NA,NA,NA,NA,NA,NA,NA,NA,NA
2487,0.037980882,0.289975589,0.826593393,0.091207968,0.270071467,0.832613474,2022,State,All,All Households,state,99,Ladakh,NA,NA,NA,NA,NA,NA,NA,NA,NA,NA,NA,NA,NA,NA,NA,NA,NA,NA
2488,0.007720059,0.204942278,0.777715817,0.013379182,0.170978851,0.77813358,2022,State,urban/rural,All Households,sector_state,0,Jammu & Kashmir,NA,NA,NA,NA,NA,NA,NA,NA,NA,NA,NA,NA,NA,NA,NA,NA,NA,NA
2489,0.00262293,0.079040371,0.634957085,0.005679009,0.057282737,0.636453882,2022,State,urban/rural,All Households,sector_state,0,Himachal Pradesh,NA,NA,NA,NA,NA,NA,NA,NA,NA,NA,NA,NA,NA,NA,NA,NA,NA,NA
2490,0.002001389,0.097661779,0.731649883,0.005222674,0.075270244,0.734458079,2022,State,urban/rural,All Households,sector_state,0,Punjab,NA,NA,NA,NA,NA,NA,NA,NA,NA,NA,NA,NA,NA,NA,NA,NA,NA,NA
2491,0,0.00432357,0.485348405,0,0,0.485348405,2022,State,urban/rural,All Households,sector_state,0,Chandigarh,NA,NA,NA,NA,NA,NA,NA,NA,NA,NA,NA,NA,NA,NA,NA,NA,NA,NA
2492,0.009037154,0.213636912,0.807504514,0.029022308,0.176053105,0.807504514,2022,State,urban/rural,All Households,sector_state,0,Uttrakhand,NA,NA,NA,NA,NA,NA,NA,NA,NA,NA,NA,NA,NA,NA,NA,NA,NA,NA
2493,0.019704151,0.192953242,0.814973147,0.043565595,0.157706711,0.816259005,2022,State,urban/rural,All Households,sector_state,0,Haryana,NA,NA,NA,NA,NA,NA,NA,NA,NA,NA,NA,NA,NA,NA,NA,NA,NA,NA
2494,0.00644534,0.07256958,0.707253231,0.008511367,0.068541243,0.707253231,2022,State,urban/rural,All Households,sector_state,0,Delhi,NA,NA,NA,NA,NA,NA,NA,NA,NA,NA,NA,NA,NA,NA,NA,NA,NA,NA
2495,0.029320256,0.291760229,0.849255698,0.065992082,0.250159778,0.850341733,2022,State,urban/rural,All Households,sector_state,0,Rajasthan,NA,NA,NA,NA,NA,NA,NA,NA,NA,NA,NA,NA,NA,NA,NA,NA,NA,NA
2496,0.023667176,0.389282865,0.924377291,0.061984448,0.330356607,0.925586154,2022,State,urban/rural,All Households,sector_state,0,Uttar Pradesh,NA,NA,NA,NA,NA,NA,NA,NA,NA,NA,NA,NA,NA,NA,NA,NA,NA,NA
2497,0.04230925,0.412187756,0.937670249,0.079715281,0.358449498,0.938636061,2022,State,urban/rural,All Households,sector_state,0,Bihar,NA,NA,NA,NA,NA,NA,NA,NA,NA,NA,NA,NA,NA,NA,NA,NA,NA,NA
2498,0,0.03078465,0.46413505,0.001205116,0.024092027,0.465302461,2022,State,urban/rural,All Households,sector_state,0,Sikkim,NA,NA,NA,NA,NA,NA,NA,NA,NA,NA,NA,NA,NA,NA,NA,NA,NA,NA
2499,0.062597535,0.319887699,0.804433266,0.117726332,0.293223045,0.804656152,2022,State,urban/rural,All Households,sector_state,0,Arunachal Pradesh,NA,NA,NA,NA,NA,NA,NA,NA,NA,NA,NA,NA,NA,NA,NA,NA,NA,NA
2500,0.040149317,0.356747972,0.886403992,0.068904886,0.30312824,0.888103789,2022,State,urban/rural,All Households,sector_state,0,Nagaland,NA,NA,NA,NA,NA,NA,NA,NA,NA,NA,NA,NA,NA,NA,NA,NA,NA,NA
2501,0.038789059,0.408621205,0.926408435,0.088997296,0.355817287,0.928034651,2022,State,urban/rural,All Households,sector_state,0,Manipur,NA,NA,NA,NA,NA,NA,NA,NA,NA,NA,NA,NA,NA,NA,NA,NA,NA,NA
2502,0.011476811,0.206733138,0.813134946,0.025709496,0.162520345,0.816381852,2022,State,urban/rural,All Households,sector_state,0,Mizoram,NA,NA,NA,NA,NA,NA,NA,NA,NA,NA,NA,NA,NA,NA,NA,NA,NA,NA
2503,0.001557234,0.085564501,0.747408396,0.004701012,0.066455084,0.750096804,2022,State,urban/rural,All Households,sector_state,0,Tripura,NA,NA,NA,NA,NA,NA,NA,NA,NA,NA,NA,NA,NA,NA,NA,NA,NA,NA
2504,0.049716624,0.416656396,0.937547643,0.111161199,0.367456301,0.93784241,2022,State,urban/rural,All Households,sector_state,0,Meghalaya,NA,NA,NA,NA,NA,NA,NA,NA,NA,NA,NA,NA,NA,NA,NA,NA,NA,NA
2505,0.042011005,0.448976743,0.953254894,0.094715391,0.387757085,0.953928025,2022,State,urban/rural,All Households,sector_state,0,Assam,NA,NA,NA,NA,NA,NA,NA,NA,NA,NA,NA,NA,NA,NA,NA,NA,NA,NA
2506,0.012043112,0.307782706,0.902180119,0.033751212,0.250125563,0.903267994,2022,State,urban/rural,All Households,sector_state,0,West Bengal,NA,NA,NA,NA,NA,NA,NA,NA,NA,NA,NA,NA,NA,NA,NA,NA,NA,NA
2507,0.102691102,0.532997058,0.929924062,0.189903922,0.483952362,0.930190445,2022,State,urban/rural,All Households,sector_state,0,Jharkhand,NA,NA,NA,NA,NA,NA,NA,NA,NA,NA,NA,NA,NA,NA,NA,NA,NA,NA
2508,0.0430655,0.468237147,0.939959855,0.100046433,0.409050156,0.940370016,2022,State,urban/rural,All Households,sector_state,0,Odisha,NA,NA,NA,NA,NA,NA,NA,NA,NA,NA,NA,NA,NA,NA,NA,NA,NA,NA
2509,0.118824241,0.570527838,0.956696842,0.215402216,0.514712823,0.957042061,2022,State,urban/rural,All Households,sector_state,0,Chhattisgarh,NA,NA,NA,NA,NA,NA,NA,NA,NA,NA,NA,NA,NA,NA,NA,NA,NA,NA
2510,0.022825041,0.323916083,0.911606441,0.058144813,0.271069416,0.912152982,2022,State,urban/rural,All Households,sector_state,0,Madhya Pradesh,NA,NA,NA,NA,NA,NA,NA,NA,NA,NA,NA,NA,NA,NA,NA,NA,NA,NA
2511,0.016107757,0.34367193,0.90837429,0.044235144,0.291726415,0.908887798,2022,State,urban/rural,All Households,sector_state,0,Gujarat,NA,NA,NA,NA,NA,NA,NA,NA,NA,NA,NA,NA,NA,NA,NA,NA,NA,NA
2512,0.117101389,0.463492765,0.903567426,0.194801301,0.417758067,0.906472648,2022,State,urban/rural,All Households,sector_state,0,Daman & Diu & D & N Haveli,NA,NA,NA,NA,NA,NA,NA,NA,NA,NA,NA,NA,NA,NA,NA,NA,NA,NA
2513,0.041725429,0.37160428,0.885599118,0.084560002,0.323869274,0.886598587,2022,State,urban/rural,All Households,sector_state,0,Maharashtra,NA,NA,NA,NA,NA,NA,NA,NA,NA,NA,NA,NA,NA,NA,NA,NA,NA,NA
2514,0.003260401,0.130391348,0.725061671,0.009290282,0.10105235,0.726842564,2022,State,urban/rural,All Households,sector_state,0,Andhra Pradesh,NA,NA,NA,NA,NA,NA,NA,NA,NA,NA,NA,NA,NA,NA,NA,NA,NA,NA
2515,0.002448207,0.145708278,0.782093377,0.011244263,0.116444001,0.783946029,2022,State,urban/rural,All Households,sector_state,0,Karnataka,NA,NA,NA,NA,NA,NA,NA,NA,NA,NA,NA,NA,NA,NA,NA,NA,NA,NA
2516,0,0.031831922,0.535934808,0.002548154,0.024382368,0.544249866,2022,State,urban/rural,All Households,sector_state,0,Goa,NA,NA,NA,NA,NA,NA,NA,NA,NA,NA,NA,NA,NA,NA,NA,NA,NA,NA
2517,0,0.027706691,0.662618067,0,0.027706691,0.662618067,2022,State,urban/rural,All Households,sector_state,0,Lakshadweep,NA,NA,NA,NA,NA,NA,NA,NA,NA,NA,NA,NA,NA,NA,NA,NA,NA,NA
2518,0.006126638,0.116815863,0.681504677,0.013362321,0.09284958,0.683097138,2022,State,urban/rural,All Households,sector_state,0,Kerala,NA,NA,NA,NA,NA,NA,NA,NA,NA,NA,NA,NA,NA,NA,NA,NA,NA,NA
2519,0.002940173,0.087801891,0.702155497,0.00850912,0.067697704,0.703687594,2022,State,urban/rural,All Households,sector_state,0,Tamil Nadu,NA,NA,NA,NA,NA,NA,NA,NA,NA,NA,NA,NA,NA,NA,NA,NA,NA,NA
2520,0,0.035587506,0.686855805,0.006665924,0.027548967,0.689319104,2022,State,urban/rural,All Households,sector_state,0,Puducherry,NA,NA,NA,NA,NA,NA,NA,NA,NA,NA,NA,NA,NA,NA,NA,NA,NA,NA
2521,0,0.014250184,0.427506655,0.000277103,0.006295634,0.430054964,2022,State,urban/rural,All Households,sector_state,0,A & N Island,NA,NA,NA,NA,NA,NA,NA,NA,NA,NA,NA,NA,NA,NA,NA,NA,NA,NA
2522,0.006614372,0.153643582,0.822273648,0.014599845,0.116786583,0.825097163,2022,State,urban/rural,All Households,sector_state,0,Telangana,NA,NA,NA,NA,NA,NA,NA,NA,NA,NA,NA,NA,NA,NA,NA,NA,NA,NA
2523,0.03849075,0.30973374,0.851411855,0.098837729,0.291427378,0.857832589,2022,State,urban/rural,All Households,sector_state,0,Ladakh,NA,NA,NA,NA,NA,NA,NA,NA,NA,NA,NA,NA,NA,NA,NA,NA,NA,NA
2524,0.005374746,0.075142963,0.585011015,0.011964581,0.060683551,0.589087878,2022,State,urban/rural,All Households,sector_state,1,Jammu & Kashmir,NA,NA,NA,NA,NA,NA,NA,NA,NA,NA,NA,NA,NA,NA,NA,NA,NA,NA
2525,0,0.071880773,0.492579341,0.020113772,0.054529776,0.492579341,2022,State,urban/rural,All Households,sector_state,1,Himachal Pradesh,NA,NA,NA,NA,NA,NA,NA,NA,NA,NA,NA,NA,NA,NA,NA,NA,NA,NA
2526,0.003335721,0.101827376,0.617365618,0.010864692,0.077757547,0.622889339,2022,State,urban/rural,All Households,sector_state,1,Punjab,NA,NA,NA,NA,NA,NA,NA,NA,NA,NA,NA,NA,NA,NA,NA,NA,NA,NA
2527,0,0,0.158367762,0,0,0.158367762,2022,State,urban/rural,All Households,sector_state,1,Chandigarh,NA,NA,NA,NA,NA,NA,NA,NA,NA,NA,NA,NA,NA,NA,NA,NA,NA,NA
2528,0.004223616,0.124156027,0.60246637,0.019860416,0.110263759,0.603480028,2022,State,urban/rural,All Households,sector_state,1,Uttrakhand,NA,NA,NA,NA,NA,NA,NA,NA,NA,NA,NA,NA,NA,NA,NA,NA,NA,NA
2529,0.016991966,0.127904593,0.578511216,0.027547118,0.106986789,0.58030887,2022,State,urban/rural,All Households,sector_state,1,Haryana,NA,NA,NA,NA,NA,NA,NA,NA,NA,NA,NA,NA,NA,NA,NA,NA,NA,NA
2530,0.00697086,0.116865967,0.639562431,0.016343779,0.096701702,0.640820714,2022,State,urban/rural,All Households,sector_state,1,Delhi,NA,NA,NA,NA,NA,NA,NA,NA,NA,NA,NA,NA,NA,NA,NA,NA,NA,NA
2531,0.009764889,0.165427702,0.704908896,0.02790701,0.137502667,0.705785274,2022,State,urban/rural,All Households,sector_state,1,Rajasthan,NA,NA,NA,NA,NA,NA,NA,NA,NA,NA,NA,NA,NA,NA,NA,NA,NA,NA
2532,0.015834035,0.267691241,0.803448373,0.042179435,0.224618399,0.805099424,2022,State,urban/rural,All Households,sector_state,1,Uttar Pradesh,NA,NA,NA,NA,NA,NA,NA,NA,NA,NA,NA,NA,NA,NA,NA,NA,NA,NA
2533,0.021453858,0.277885741,0.802685537,0.052665598,0.232869273,0.805687275,2022,State,urban/rural,All Households,sector_state,1,Bihar,NA,NA,NA,NA,NA,NA,NA,NA,NA,NA,NA,NA,NA,NA,NA,NA,NA,NA
2534,0,0.013678625,0.31988296,0.001368161,0.010510978,0.31988296,2022,State,urban/rural,All Households,sector_state,1,Sikkim,NA,NA,NA,NA,NA,NA,NA,NA,NA,NA,NA,NA,NA,NA,NA,NA,NA,NA
2535,0.004121204,0.116606312,0.571654855,0.011155266,0.107082184,0.573105814,2022,State,urban/rural,All Households,sector_state,1,Arunachal Pradesh,NA,NA,NA,NA,NA,NA,NA,NA,NA,NA,NA,NA,NA,NA,NA,NA,NA,NA
2536,0.000371077,0.081668653,0.67701369,0.008911032,0.069875584,0.678879039,2022,State,urban/rural,All Households,sector_state,1,Nagaland,NA,NA,NA,NA,NA,NA,NA,NA,NA,NA,NA,NA,NA,NA,NA,NA,NA,NA
2537,0.020967414,0.327360629,0.897858272,0.05157097,0.275138849,0.898427922,2022,State,urban/rural,All Households,sector_state,1,Manipur,NA,NA,NA,NA,NA,NA,NA,NA,NA,NA,NA,NA,NA,NA,NA,NA,NA,NA
2538,0.00672704,0.070511869,0.633984772,0.008681683,0.051781437,0.634820434,2022,State,urban/rural,All Households,sector_state,1,Mizoram,NA,NA,NA,NA,NA,NA,NA,NA,NA,NA,NA,NA,NA,NA,NA,NA,NA,NA
2539,0,0.017831682,0.493469541,0,0.015521985,0.497489146,2022,State,urban/rural,All Households,sector_state,1,Tripura,NA,NA,NA,NA,NA,NA,NA,NA,NA,NA,NA,NA,NA,NA,NA,NA,NA,NA
2540,0.013249888,0.124068707,0.698182196,0.030449799,0.103506906,0.700862865,2022,State,urban/rural,All Households,sector_state,1,Meghalaya,NA,NA,NA,NA,NA,NA,NA,NA,NA,NA,NA,NA,NA,NA,NA,NA,NA,NA
2541,0.013291432,0.193084411,0.719284006,0.028541261,0.164181319,0.720179739,2022,State,urban/rural,All Households,sector_state,1,Assam,NA,NA,NA,NA,NA,NA,NA,NA,NA,NA,NA,NA,NA,NA,NA,NA,NA,NA
2542,0.018999598,0.233893124,0.732782762,0.047396501,0.201506953,0.733927521,2022,State,urban/rural,All Households,sector_state,1,West Bengal,NA,NA,NA,NA,NA,NA,NA,NA,NA,NA,NA,NA,NA,NA,NA,NA,NA,NA
2543,0.039236248,0.284298344,0.779644061,0.076997212,0.247856613,0.780593194,2022,State,urban/rural,All Households,sector_state,1,Jharkhand,NA,NA,NA,NA,NA,NA,NA,NA,NA,NA,NA,NA,NA,NA,NA,NA,NA,NA
2544,0.02764303,0.282824085,0.757737391,0.061960289,0.24486996,0.75912094,2022,State,urban/rural,All Households,sector_state,1,Odisha,NA,NA,NA,NA,NA,NA,NA,NA,NA,NA,NA,NA,NA,NA,NA,NA,NA,NA
2545,0.03715,0.280746104,0.789107973,0.070788023,0.249908849,0.791998741,2022,State,urban/rural,All Households,sector_state,1,Chhattisgarh,NA,NA,NA,NA,NA,NA,NA,NA,NA,NA,NA,NA,NA,NA,NA,NA,NA,NA
2546,0.009281558,0.265853938,0.782991573,0.031722229,0.217618303,0.783594845,2022,State,urban/rural,All Households,sector_state,1,Madhya Pradesh,NA,NA,NA,NA,NA,NA,NA,NA,NA,NA,NA,NA,NA,NA,NA,NA,NA,NA
2547,0.008248576,0.153085479,0.706329863,0.025759638,0.123712543,0.708806731,2022,State,urban/rural,All Households,sector_state,1,Gujarat,NA,NA,NA,NA,NA,NA,NA,NA,NA,NA,NA,NA,NA,NA,NA,NA,NA,NA
2548,0.009747067,0.13087702,0.770956258,0.009747067,0.099094393,0.772836809,2022,State,urban/rural,All Households,sector_state,1,Daman & Diu & D & N Haveli,NA,NA,NA,NA,NA,NA,NA,NA,NA,NA,NA,NA,NA,NA,NA,NA,NA,NA
2549,0.016983794,0.21341876,0.724693981,0.041690322,0.184161722,0.726204105,2022,State,urban/rural,All Households,sector_state,1,Maharashtra,NA,NA,NA,NA,NA,NA,NA,NA,NA,NA,NA,NA,NA,NA,NA,NA,NA,NA
2550,0.008023081,0.097038667,0.616181432,0.015801989,0.077188801,0.617104419,2022,State,urban/rural,All Households,sector_state,1,Andhra Pradesh,NA,NA,NA,NA,NA,NA,NA,NA,NA,NA,NA,NA,NA,NA,NA,NA,NA,NA
2551,0.002919253,0.089684005,0.547606805,0.010355606,0.072313423,0.549996459,2022,State,urban/rural,All Households,sector_state,1,Karnataka,NA,NA,NA,NA,NA,NA,NA,NA,NA,NA,NA,NA,NA,NA,NA,NA,NA,NA
2552,0.007130097,0.018854078,0.51501868,0.007130097,0.011723981,0.51501868,2022,State,urban/rural,All Households,sector_state,1,Goa,NA,NA,NA,NA,NA,NA,NA,NA,NA,NA,NA,NA,NA,NA,NA,NA,NA,NA
2553,0,0.037907019,0.709691811,0,0.029308192,0.709691811,2022,State,urban/rural,All Households,sector_state,1,Lakshadweep,NA,NA,NA,NA,NA,NA,NA,NA,NA,NA,NA,NA,NA,NA,NA,NA,NA,NA
2554,0.004245505,0.125693478,0.631427446,0.01518869,0.097088231,0.633760789,2022,State,urban/rural,All Households,sector_state,1,Kerala,NA,NA,NA,NA,NA,NA,NA,NA,NA,NA,NA,NA,NA,NA,NA,NA,NA,NA
2555,0.001536927,0.055423763,0.526651096,0.006191715,0.041810698,0.528877114,2022,State,urban/rural,All Households,sector_state,1,Tamil Nadu,NA,NA,NA,NA,NA,NA,NA,NA,NA,NA,NA,NA,NA,NA,NA,NA,NA,NA
2556,0,0.057736575,0.447679057,0.006823648,0.052673672,0.447679057,2022,State,urban/rural,All Households,sector_state,1,Puducherry,NA,NA,NA,NA,NA,NA,NA,NA,NA,NA,NA,NA,NA,NA,NA,NA,NA,NA
2557,0.000807779,0.009451106,0.24629046,0.000807779,0.007518909,0.24629046,2022,State,urban/rural,All Households,sector_state,1,A & N Island,NA,NA,NA,NA,NA,NA,NA,NA,NA,NA,NA,NA,NA,NA,NA,NA,NA,NA
2558,0.001014591,0.079290895,0.580374999,0.003096462,0.060528022,0.584702325,2022,State,urban/rural,All Households,sector_state,1,Telangana,NA,NA,NA,NA,NA,NA,NA,NA,NA,NA,NA,NA,NA,NA,NA,NA,NA,NA
2559,0.034550074,0.157026722,0.659594644,0.039868751,0.126371575,0.662918817,2022,State,urban/rural,All Households,sector_state,1,Ladakh,NA,NA,NA,NA,NA,NA,NA,NA,NA,NA,NA,NA,NA,NA,NA,NA,NA,NA
2560,0.027077818,0.295855906,0.826931521,0.06049302,0.252374336,0.828313467,2022,National,All,Age,allindia,99,India,0,0,0,1,NA,NA,NA,NA,NA,NA,NA,NA,NA,NA,NA,NA,NA,NA
2561,0.024060733,0.276639365,0.809729592,0.052648172,0.236721847,0.810994762,2022,National,All,Age,allindia,99,India,0,0,1,0,NA,NA,NA,NA,NA,NA,NA,NA,NA,NA,NA,NA,NA,NA
2562,0.02173485,0.284009189,0.834657996,0.049855663,0.239952313,0.836058302,2022,National,All,Age,allindia,99,India,0,1,0,0,NA,NA,NA,NA,NA,NA,NA,NA,NA,NA,NA,NA,NA,NA
2563,0.021569265,0.253658352,0.762388809,0.047705047,0.211070792,0.763771421,2022,National,All,Age,allindia,99,India,1,0,0,0,NA,NA,NA,NA,NA,NA,NA,NA,NA,NA,NA,NA,NA,NA
2564,0.033092767,0.341318544,0.880916847,0.071937414,0.292318487,0.882236852,2022,National,urban/rural,Age,sect_allindia,0,India,0,0,0,1,NA,NA,NA,NA,NA,NA,NA,NA,NA,NA,NA,NA,NA,NA
2565,0.029113417,0.320892145,0.864160824,0.062447276,0.275485577,0.865177957,2022,National,urban/rural,Age,sect_allindia,0,India,0,0,1,0,NA,NA,NA,NA,NA,NA,NA,NA,NA,NA,NA,NA,NA,NA
2566,0.025803546,0.324472589,0.886194018,0.057690876,0.275074316,0.887295011,2022,National,urban/rural,Age,sect_allindia,0,India,0,1,0,0,NA,NA,NA,NA,NA,NA,NA,NA,NA,NA,NA,NA,NA,NA
2567,0.026300183,0.304127054,0.852426777,0.058658462,0.255912186,0.853749067,2022,National,urban/rural,Age,sect_allindia,0,India,1,0,0,0,NA,NA,NA,NA,NA,NA,NA,NA,NA,NA,NA,NA,NA,NA
2568,0.01227164,0.18394673,0.694043208,0.032321918,0.154049265,0.695577623,2022,National,urban/rural,Age,sect_allindia,1,India,0,0,0,1,NA,NA,NA,NA,NA,NA,NA,NA,NA,NA,NA,NA,NA,NA
2569,0.011688395,0.168279056,0.676445646,0.028653433,0.14180239,0.678318177,2022,National,urban/rural,Age,sect_allindia,1,India,0,0,1,0,NA,NA,NA,NA,NA,NA,NA,NA,NA,NA,NA,NA,NA,NA
2570,0.010878323,0.176040453,0.697144117,0.028948915,0.146236061,0.699343084,2022,National,urban/rural,Age,sect_allindia,1,India,0,1,0,0,NA,NA,NA,NA,NA,NA,NA,NA,NA,NA,NA,NA,NA,NA
2571,0.010254231,0.132951293,0.547043103,0.021507533,0.103822684,0.548569989,2022,National,urban/rural,Age,sect_allindia,1,India,1,0,0,0,NA,NA,NA,NA,NA,NA,NA,NA,NA,NA,NA,NA,NA,NA
2572,0.019413156,0.174617933,0.746677757,0.025912091,0.152376625,0.748321174,2022,State,All,Age,state,99,Jammu & Kashmir,0,0,0,1,NA,NA,NA,NA,NA,NA,NA,NA,NA,NA,NA,NA,NA,NA
2573,0.002339347,0.161274588,0.712123122,0.008053866,0.141520371,0.712439372,2022,State,All,Age,state,99,Jammu & Kashmir,0,0,1,0,NA,NA,NA,NA,NA,NA,NA,NA,NA,NA,NA,NA,NA,NA
2574,0.006755128,0.189458534,0.752244388,0.011289105,0.141638697,0.75454474,2022,State,All,Age,state,99,Jammu & Kashmir,0,1,0,0,NA,NA,NA,NA,NA,NA,NA,NA,NA,NA,NA,NA,NA,NA
2575,0.003236727,0.250935182,0.79607479,0.021229402,0.230235141,0.79607479,2022,State,All,Age,state,99,Jammu & Kashmir,1,0,0,0,NA,NA,NA,NA,NA,NA,NA,NA,NA,NA,NA,NA,NA,NA
2576,0.006465488,0.116883945,0.644589203,0.012559293,0.086935144,0.644589203,2022,State,All,Age,state,99,Himachal Pradesh,0,0,0,1,NA,NA,NA,NA,NA,NA,NA,NA,NA,NA,NA,NA,NA,NA
2577,0.001569777,0.066598942,0.636504316,0.006180628,0.044936635,0.637822367,2022,State,All,Age,state,99,Himachal Pradesh,0,0,1,0,NA,NA,NA,NA,NA,NA,NA,NA,NA,NA,NA,NA,NA,NA
2578,0,0.067318322,0.623283094,0.002789624,0.051748083,0.626320215,2022,State,All,Age,state,99,Himachal Pradesh,0,1,0,0,NA,NA,NA,NA,NA,NA,NA,NA,NA,NA,NA,NA,NA,NA
2579,0,0.041932499,0.300240138,0.010803865,0.041932499,0.300240138,2022,State,All,Age,state,99,Himachal Pradesh,1,0,0,0,NA,NA,NA,NA,NA,NA,NA,NA,NA,NA,NA,NA,NA,NA
2580,0.000999737,0.099680732,0.723136441,0.004729568,0.074730484,0.727296345,2022,State,All,Age,state,99,Punjab,0,0,0,1,NA,NA,NA,NA,NA,NA,NA,NA,NA,NA,NA,NA,NA,NA
2581,0.002123539,0.087928766,0.680158647,0.005102461,0.070890095,0.683937179,2022,State,All,Age,state,99,Punjab,0,0,1,0,NA,NA,NA,NA,NA,NA,NA,NA,NA,NA,NA,NA,NA,NA
2582,0.002619225,0.107992098,0.690041204,0.009986685,0.07848798,0.693774632,2022,State,All,Age,state,99,Punjab,0,1,0,0,NA,NA,NA,NA,NA,NA,NA,NA,NA,NA,NA,NA,NA,NA
2583,0.014395304,0.138284578,0.619371483,0.020897054,0.122254777,0.621030213,2022,State,All,Age,state,99,Punjab,1,0,0,0,NA,NA,NA,NA,NA,NA,NA,NA,NA,NA,NA,NA,NA,NA
2584,0,0,0.089636633,0,0,0.089636633,2022,State,All,Age,state,99,Chandigarh,0,0,0,1,NA,NA,NA,NA,NA,NA,NA,NA,NA,NA,NA,NA,NA,NA
2585,0,0,0.16141524,0,0,0.16141524,2022,State,All,Age,state,99,Chandigarh,0,0,1,0,NA,NA,NA,NA,NA,NA,NA,NA,NA,NA,NA,NA,NA,NA
2586,0,0.000442832,0.224803546,0,0,0.224803546,2022,State,All,Age,state,99,Chandigarh,0,1,0,0,NA,NA,NA,NA,NA,NA,NA,NA,NA,NA,NA,NA,NA,NA
2587,0,0,0.118085725,0,0,0.118085725,2022,State,All,Age,state,99,Chandigarh,1,0,0,0,NA,NA,NA,NA,NA,NA,NA,NA,NA,NA,NA,NA,NA,NA
2588,0.014719037,0.21693564,0.809524184,0.03440879,0.179327001,0.809524184,2022,State,All,Age,state,99,Uttrakhand,0,0,0,1,NA,NA,NA,NA,NA,NA,NA,NA,NA,NA,NA,NA,NA,NA
2589,0.004998343,0.208502558,0.757850053,0.020676633,0.169177523,0.758402933,2022,State,All,Age,state,99,Uttrakhand,0,0,1,0,NA,NA,NA,NA,NA,NA,NA,NA,NA,NA,NA,NA,NA,NA
2590,0.007975908,0.171313799,0.749386672,0.030925098,0.145356834,0.749386672,2022,State,All,Age,state,99,Uttrakhand,0,1,0,0,NA,NA,NA,NA,NA,NA,NA,NA,NA,NA,NA,NA,NA,NA
2591,0,0.151401752,0.715036536,0.013990328,0.151401752,0.715036536,2022,State,All,Age,state,99,Uttrakhand,1,0,0,0,NA,NA,NA,NA,NA,NA,NA,NA,NA,NA,NA,NA,NA,NA
2592,0.032102412,0.176933091,0.745554596,0.048956487,0.145065085,0.745945596,2022,State,All,Age,state,99,Haryana,0,0,0,1,NA,NA,NA,NA,NA,NA,NA,NA,NA,NA,NA,NA,NA,NA
2593,0.018040787,0.173572068,0.738684397,0.037146088,0.138647972,0.739201025,2022,State,All,Age,state,99,Haryana,0,0,1,0,NA,NA,NA,NA,NA,NA,NA,NA,NA,NA,NA,NA,NA,NA
2594,0.015692463,0.163545108,0.72198905,0.034220824,0.139677105,0.725187863,2022,State,All,Age,state,99,Haryana,0,1,0,0,NA,NA,NA,NA,NA,NA,NA,NA,NA,NA,NA,NA,NA,NA
2595,0.008527349,0.156719223,0.665647187,0.034787137,0.125964877,0.665647187,2022,State,All,Age,state,99,Haryana,1,0,0,0,NA,NA,NA,NA,NA,NA,NA,NA,NA,NA,NA,NA,NA,NA
2596,0.024649509,0.116253012,0.683969057,0.03564112,0.099083163,0.685897388,2022,State,All,Age,state,99,Delhi,0,0,0,1,NA,NA,NA,NA,NA,NA,NA,NA,NA,NA,NA,NA,NA,NA
2597,0.007193203,0.127154868,0.647061752,0.015412455,0.106104229,0.647061752,2022,State,All,Age,state,99,Delhi,0,0,1,0,NA,NA,NA,NA,NA,NA,NA,NA,NA,NA,NA,NA,NA,NA
2598,0.002457384,0.110463133,0.650708874,0.013747301,0.091748055,0.652705783,2022,State,All,Age,state,99,Delhi,0,1,0,0,NA,NA,NA,NA,NA,NA,NA,NA,NA,NA,NA,NA,NA,NA
2599,0,0.087662027,0.474396655,0,0.062824273,0.47674114,2022,State,All,Age,state,99,Delhi,1,0,0,0,NA,NA,NA,NA,NA,NA,NA,NA,NA,NA,NA,NA,NA,NA
2600,0.023112365,0.244703307,0.822987298,0.046852876,0.195373904,0.824067065,2022,State,All,Age,state,99,Rajasthan,0,0,0,1,NA,NA,NA,NA,NA,NA,NA,NA,NA,NA,NA,NA,NA,NA
2601,0.020960013,0.254556391,0.830094921,0.054624004,0.216057583,0.831303117,2022,State,All,Age,state,99,Rajasthan,0,0,1,0,NA,NA,NA,NA,NA,NA,NA,NA,NA,NA,NA,NA,NA,NA
2602,0.026581433,0.274723988,0.813413577,0.060297663,0.242139515,0.814401499,2022,State,All,Age,state,99,Rajasthan,0,1,0,0,NA,NA,NA,NA,NA,NA,NA,NA,NA,NA,NA,NA,NA,NA
2603,0.037996482,0.266142516,0.712242779,0.074168085,0.223912132,0.712460687,2022,State,All,Age,state,99,Rajasthan,1,0,0,0,NA,NA,NA,NA,NA,NA,NA,NA,NA,NA,NA,NA,NA,NA
2604,0.032037773,0.409980386,0.902357088,0.080187341,0.350815356,0.904101685,2022,State,All,Age,state,99,Uttar Pradesh,0,0,0,1,NA,NA,NA,NA,NA,NA,NA,NA,NA,NA,NA,NA,NA,NA
2605,0.022678773,0.373889975,0.898473661,0.058972712,0.317564607,0.89907113,2022,State,All,Age,state,99,Uttar Pradesh,0,0,1,0,NA,NA,NA,NA,NA,NA,NA,NA,NA,NA,NA,NA,NA,NA
2606,0.018480625,0.348865209,0.905670741,0.050746436,0.29399653,0.907420471,2022,State,All,Age,state,99,Uttar Pradesh,0,1,0,0,NA,NA,NA,NA,NA,NA,NA,NA,NA,NA,NA,NA,NA,NA
2607,0.014921888,0.284802817,0.862617079,0.038566382,0.236981843,0.864151376,2022,State,All,Age,state,99,Uttar Pradesh,1,0,0,0,NA,NA,NA,NA,NA,NA,NA,NA,NA,NA,NA,NA,NA,NA
2608,0.059119564,0.422517816,0.908439342,0.107433245,0.377554126,0.909611591,2022,State,All,Age,state,99,Bihar,0,0,0,1,NA,NA,NA,NA,NA,NA,NA,NA,NA,NA,NA,NA,NA,NA
2609,0.048363782,0.42353912,0.923895482,0.08717117,0.376428948,0.925784444,2022,State,All,Age,state,99,Bihar,0,0,1,0,NA,NA,NA,NA,NA,NA,NA,NA,NA,NA,NA,NA,NA,NA
2610,0.034489718,0.403528227,0.940059975,0.068522292,0.345044648,0.940510325,2022,State,All,Age,state,99,Bihar,0,1,0,0,NA,NA,NA,NA,NA,NA,NA,NA,NA,NA,NA,NA,NA,NA
2611,0.02219419,0.283038955,0.891779006,0.053312467,0.227121075,0.893679326,2022,State,All,Age,state,99,Bihar,1,0,0,0,NA,NA,NA,NA,NA,NA,NA,NA,NA,NA,NA,NA,NA,NA
2612,0,0.041717453,0.603700454,0.006540661,0.029206733,0.603700454,2022,State,All,Age,state,99,Sikkim,0,0,0,1,NA,NA,NA,NA,NA,NA,NA,NA,NA,NA,NA,NA,NA,NA
2613,0,0.032162216,0.477995929,0.000829261,0.028293934,0.47875646,2022,State,All,Age,state,99,Sikkim,0,0,1,0,NA,NA,NA,NA,NA,NA,NA,NA,NA,NA,NA,NA,NA,NA
2614,0,0.015506001,0.329937599,0,0.009025808,0.331355818,2022,State,All,Age,state,99,Sikkim,0,1,0,0,NA,NA,NA,NA,NA,NA,NA,NA,NA,NA,NA,NA,NA,NA
2615,0,0.008514657,0.183700692,0,0.008514657,0.183700692,2022,State,All,Age,state,99,Sikkim,1,0,0,0,NA,NA,NA,NA,NA,NA,NA,NA,NA,NA,NA,NA,NA,NA
2616,0.098303217,0.442937397,0.840829249,0.158858703,0.416914267,0.840829249,2022,State,All,Age,state,99,Arunachal Pradesh,0,0,0,1,NA,NA,NA,NA,NA,NA,NA,NA,NA,NA,NA,NA,NA,NA
2617,0.063000176,0.307731385,0.773942513,0.113477929,0.288247869,0.774323878,2022,State,All,Age,state,99,Arunachal Pradesh,0,0,1,0,NA,NA,NA,NA,NA,NA,NA,NA,NA,NA,NA,NA,NA,NA
2618,0.033792337,0.234810197,0.750128225,0.070670551,0.210098378,0.750833427,2022,State,All,Age,state,99,Arunachal Pradesh,0,1,0,0,NA,NA,NA,NA,NA,NA,NA,NA,NA,NA,NA,NA,NA,NA
2619,0.030200915,0.198149522,0.650480031,0.086402897,0.163242202,0.650480031,2022,State,All,Age,state,99,Arunachal Pradesh,1,0,0,0,NA,NA,NA,NA,NA,NA,NA,NA,NA,NA,NA,NA,NA,NA
2620,0.019541055,0.309096791,0.881873161,0.040303332,0.264607188,0.88508342,2022,State,All,Age,state,99,Nagaland,0,0,0,1,NA,NA,NA,NA,NA,NA,NA,NA,NA,NA,NA,NA,NA,NA
2621,0.036408558,0.287245493,0.854227306,0.056793403,0.244743796,0.855125297,2022,State,All,Age,state,99,Nagaland,0,0,1,0,NA,NA,NA,NA,NA,NA,NA,NA,NA,NA,NA,NA,NA,NA
2622,0.02492825,0.274177422,0.782873231,0.053585645,0.228200297,0.784804995,2022,State,All,Age,state,99,Nagaland,0,1,0,0,NA,NA,NA,NA,NA,NA,NA,NA,NA,NA,NA,NA,NA,NA
2623,0.045801488,0.20415473,0.67385524,0.079459713,0.20013522,0.676417512,2022,State,All,Age,state,99,Nagaland,1,0,0,0,NA,NA,NA,NA,NA,NA,NA,NA,NA,NA,NA,NA,NA,NA
2624,0.032510943,0.460398729,0.945807151,0.090295414,0.396996018,0.945807151,2022,State,All,Age,state,99,Manipur,0,0,0,1,NA,NA,NA,NA,NA,NA,NA,NA,NA,NA,NA,NA,NA,NA
2625,0.028957241,0.373168344,0.917290954,0.065832285,0.326508675,0.920128607,2022,State,All,Age,state,99,Manipur,0,0,1,0,NA,NA,NA,NA,NA,NA,NA,NA,NA,NA,NA,NA,NA,NA
2626,0.042955754,0.357870739,0.904016932,0.091462195,0.300980573,0.904016932,2022,State,All,Age,state,99,Manipur,0,1,0,0,NA,NA,NA,NA,NA,NA,NA,NA,NA,NA,NA,NA,NA,NA
2627,0.03556835,0.311684084,0.877798056,0.070735534,0.288052948,0.879543445,2022,State,All,Age,state,99,Manipur,1,0,0,0,NA,NA,NA,NA,NA,NA,NA,NA,NA,NA,NA,NA,NA,NA
2628,0.00688445,0.201222033,0.832294402,0.016990964,0.162884532,0.832294402,2022,State,All,Age,state,99,Mizoram,0,0,0,1,NA,NA,NA,NA,NA,NA,NA,NA,NA,NA,NA,NA,NA,NA
2629,0.011955037,0.13866732,0.730660891,0.021931455,0.111959635,0.730839287,2022,State,All,Age,state,99,Mizoram,0,0,1,0,NA,NA,NA,NA,NA,NA,NA,NA,NA,NA,NA,NA,NA,NA
2630,0.00786154,0.12421909,0.678627871,0.014651198,0.086714053,0.685250588,2022,State,All,Age,state,99,Mizoram,0,1,0,0,NA,NA,NA,NA,NA,NA,NA,NA,NA,NA,NA,NA,NA,NA
2631,0,0.09660445,0.609107138,0,0.043048222,0.617732259,2022,State,All,Age,state,99,Mizoram,1,0,0,0,NA,NA,NA,NA,NA,NA,NA,NA,NA,NA,NA,NA,NA,NA
2632,0.001544612,0.066518951,0.751919956,0.001544612,0.053556615,0.757850404,2022,State,All,Age,state,99,Tripura,0,0,0,1,NA,NA,NA,NA,NA,NA,NA,NA,NA,NA,NA,NA,NA,NA
2633,0.001141956,0.085182341,0.700115854,0.003580904,0.068487599,0.70262371,2022,State,All,Age,state,99,Tripura,0,0,1,0,NA,NA,NA,NA,NA,NA,NA,NA,NA,NA,NA,NA,NA,NA
2634,0.001305519,0.057752959,0.663901859,0.005309384,0.042134363,0.665570585,2022,State,All,Age,state,99,Tripura,0,1,0,0,NA,NA,NA,NA,NA,NA,NA,NA,NA,NA,NA,NA,NA,NA
2635,0,0.069401187,0.656924116,0,0.053297653,0.664261383,2022,State,All,Age,state,99,Tripura,1,0,0,0,NA,NA,NA,NA,NA,NA,NA,NA,NA,NA,NA,NA,NA,NA
2636,0.047201399,0.418169557,0.891739404,0.130647258,0.369309714,0.891739404,2022,State,All,Age,state,99,Meghalaya,0,0,0,1,NA,NA,NA,NA,NA,NA,NA,NA,NA,NA,NA,NA,NA,NA
2637,0.039779486,0.360707039,0.899856658,0.089292876,0.323692375,0.900435829,2022,State,All,Age,state,99,Meghalaya,0,0,1,0,NA,NA,NA,NA,NA,NA,NA,NA,NA,NA,NA,NA,NA,NA
2638,0.048641467,0.37732176,0.911649815,0.105163998,0.324563727,0.91266914,2022,State,All,Age,state,99,Meghalaya,0,1,0,0,NA,NA,NA,NA,NA,NA,NA,NA,NA,NA,NA,NA,NA,NA
2639,0.042394659,0.363906894,0.890449956,0.078132045,0.323153849,0.890449956,2022,State,All,Age,state,99,Meghalaya,1,0,0,0,NA,NA,NA,NA,NA,NA,NA,NA,NA,NA,NA,NA,NA,NA
2640,0.047956462,0.505540818,0.936855883,0.122643842,0.451391781,0.936855883,2022,State,All,Age,state,99,Assam,0,0,0,1,NA,NA,NA,NA,NA,NA,NA,NA,NA,NA,NA,NA,NA,NA
2641,0.049481998,0.448845445,0.925575862,0.09949381,0.394795302,0.926616769,2022,State,All,Age,state,99,Assam,0,0,1,0,NA,NA,NA,NA,NA,NA,NA,NA,NA,NA,NA,NA,NA,NA
2642,0.025847723,0.360830804,0.931324571,0.063002363,0.298588429,0.932018948,2022,State,All,Age,state,99,Assam,0,1,0,0,NA,NA,NA,NA,NA,NA,NA,NA,NA,NA,NA,NA,NA,NA
2643,0.011809837,0.347948062,0.902575902,0.047114241,0.277901803,0.902575902,2022,State,All,Age,state,99,Assam,1,0,0,0,NA,NA,NA,NA,NA,NA,NA,NA,NA,NA,NA,NA,NA,NA
2644,0.016895036,0.277654442,0.815927988,0.04215339,0.235025883,0.817143805,2022,State,All,Age,state,99,West Bengal,0,0,0,1,NA,NA,NA,NA,NA,NA,NA,NA,NA,NA,NA,NA,NA,NA
2645,0.01399445,0.288648968,0.846360684,0.036560624,0.24167001,0.847803823,2022,State,All,Age,state,99,West Bengal,0,0,1,0,NA,NA,NA,NA,NA,NA,NA,NA,NA,NA,NA,NA,NA,NA
2646,0.013777988,0.289919731,0.878063085,0.038326471,0.233751459,0.878907588,2022,State,All,Age,state,99,West Bengal,0,1,0,0,NA,NA,NA,NA,NA,NA,NA,NA,NA,NA,NA,NA,NA,NA
2647,0.00811649,0.284420272,0.865339601,0.028268147,0.224409376,0.865503567,2022,State,All,Age,state,99,West Bengal,1,0,0,0,NA,NA,NA,NA,NA,NA,NA,NA,NA,NA,NA,NA,NA,NA
2648,0.089722398,0.463535376,0.882654177,0.181364098,0.415716359,0.883376035,2022,State,All,Age,state,99,Jharkhand,0,0,0,1,NA,NA,NA,NA,NA,NA,NA,NA,NA,NA,NA,NA,NA,NA
2649,0.102389722,0.500986079,0.906416273,0.186399278,0.458727275,0.906871431,2022,State,All,Age,state,99,Jharkhand,0,0,1,0,NA,NA,NA,NA,NA,NA,NA,NA,NA,NA,NA,NA,NA,NA
2650,0.082235317,0.485149729,0.904731221,0.151883872,0.437263358,0.905043885,2022,State,All,Age,state,99,Jharkhand,0,1,0,0,NA,NA,NA,NA,NA,NA,NA,NA,NA,NA,NA,NA,NA,NA
2651,0.085133768,0.465537126,0.897478514,0.158702891,0.40530961,0.897478514,2022,State,All,Age,state,99,Jharkhand,1,0,0,0,NA,NA,NA,NA,NA,NA,NA,NA,NA,NA,NA,NA,NA,NA
2652,0.033141643,0.418090448,0.911057952,0.075197599,0.353161822,0.911529161,2022,State,All,Age,state,99,Odisha,0,0,0,1,NA,NA,NA,NA,NA,NA,NA,NA,NA,NA,NA,NA,NA,NA
2653,0.039275736,0.422042733,0.910947528,0.097232504,0.367674826,0.911262589,2022,State,All,Age,state,99,Odisha,0,0,1,0,NA,NA,NA,NA,NA,NA,NA,NA,NA,NA,NA,NA,NA,NA
2654,0.042719907,0.460929294,0.918241201,0.099811826,0.405958945,0.918965143,2022,State,All,Age,state,99,Odisha,0,1,0,0,NA,NA,NA,NA,NA,NA,NA,NA,NA,NA,NA,NA,NA,NA
2655,0.057020997,0.503743935,0.907869027,0.086762772,0.448529729,0.90913135,2022,State,All,Age,state,99,Odisha,1,0,0,0,NA,NA,NA,NA,NA,NA,NA,NA,NA,NA,NA,NA,NA,NA
2656,0.106574162,0.502969626,0.927192718,0.219093247,0.456173653,0.928444359,2022,State,All,Age,state,99,Chhattisgarh,0,0,0,1,NA,NA,NA,NA,NA,NA,NA,NA,NA,NA,NA,NA,NA,NA
2657,0.114915104,0.517399144,0.92139517,0.194488013,0.468596741,0.922834001,2022,State,All,Age,state,99,Chhattisgarh,0,0,1,0,NA,NA,NA,NA,NA,NA,NA,NA,NA,NA,NA,NA,NA,NA
2658,0.095721172,0.51565118,0.932684337,0.172616054,0.463906975,0.932684337,2022,State,All,Age,state,99,Chhattisgarh,0,1,0,0,NA,NA,NA,NA,NA,NA,NA,NA,NA,NA,NA,NA,NA,NA
2659,0.066912839,0.514807675,0.876820266,0.169254878,0.444420891,0.878595788,2022,State,All,Age,state,99,Chhattisgarh,1,0,0,0,NA,NA,NA,NA,NA,NA,NA,NA,NA,NA,NA,NA,NA,NA
2660,0.013187993,0.310924006,0.873387654,0.048268528,0.262905331,0.873479692,2022,State,All,Age,state,99,Madhya Pradesh,0,0,0,1,NA,NA,NA,NA,NA,NA,NA,NA,NA,NA,NA,NA,NA,NA
2661,0.023100589,0.316347068,0.870966589,0.054924348,0.265661798,0.872095136,2022,State,All,Age,state,99,Madhya Pradesh,0,0,1,0,NA,NA,NA,NA,NA,NA,NA,NA,NA,NA,NA,NA,NA,NA
2662,0.017297318,0.299997321,0.89432436,0.049005457,0.245662305,0.89453106,2022,State,All,Age,state,99,Madhya Pradesh,0,1,0,0,NA,NA,NA,NA,NA,NA,NA,NA,NA,NA,NA,NA,NA,NA
2663,0.023088935,0.321023285,0.848893097,0.052671865,0.271899264,0.849061479,2022,State,All,Age,state,99,Madhya Pradesh,1,0,0,0,NA,NA,NA,NA,NA,NA,NA,NA,NA,NA,NA,NA,NA,NA
2664,0.010887952,0.281121286,0.835107447,0.037780739,0.22999532,0.837145893,2022,State,All,Age,state,99,Gujarat,0,0,0,1,NA,NA,NA,NA,NA,NA,NA,NA,NA,NA,NA,NA,NA,NA
2665,0.012731042,0.267782637,0.819331089,0.038708797,0.230696945,0.820203748,2022,State,All,Age,state,99,Gujarat,0,0,1,0,NA,NA,NA,NA,NA,NA,NA,NA,NA,NA,NA,NA,NA,NA
2666,0.01395695,0.263720941,0.843440021,0.034697197,0.218666898,0.844922944,2022,State,All,Age,state,99,Gujarat,0,1,0,0,NA,NA,NA,NA,NA,NA,NA,NA,NA,NA,NA,NA,NA,NA
2667,0.014993637,0.242749029,0.756347771,0.032653178,0.192468816,0.75750403,2022,State,All,Age,state,99,Gujarat,1,0,0,0,NA,NA,NA,NA,NA,NA,NA,NA,NA,NA,NA,NA,NA,NA
2668,0.066240909,0.286946675,0.848880598,0.099563681,0.260830378,0.848880598,2022,State,All,Age,state,99,Daman & Diu & D & N Haveli,0,0,0,1,NA,NA,NA,NA,NA,NA,NA,NA,NA,NA,NA,NA,NA,NA
2669,0.118453489,0.37104348,0.896456204,0.205125156,0.329367814,0.896456204,2022,State,All,Age,state,99,Daman & Diu & D & N Haveli,0,0,1,0,NA,NA,NA,NA,NA,NA,NA,NA,NA,NA,NA,NA,NA,NA
2670,0.033646552,0.273030677,0.871034056,0.050995469,0.2274012,0.875916725,2022,State,All,Age,state,99,Daman & Diu & D & N Haveli,0,1,0,0,NA,NA,NA,NA,NA,NA,NA,NA,NA,NA,NA,NA,NA,NA
2671,0.021096537,0.135264787,0.611614054,0.021096537,0.118161265,0.611614054,2022,State,All,Age,state,99,Daman & Diu & D & N Haveli,1,0,0,0,NA,NA,NA,NA,NA,NA,NA,NA,NA,NA,NA,NA,NA,NA
2672,0.041085229,0.356614758,0.853237847,0.082607036,0.311569357,0.854588156,2022,State,All,Age,state,99,Maharashtra,0,0,0,1,NA,NA,NA,NA,NA,NA,NA,NA,NA,NA,NA,NA,NA,NA
2673,0.030280834,0.287918884,0.806922543,0.063780339,0.247131931,0.808257229,2022,State,All,Age,state,99,Maharashtra,0,0,1,0,NA,NA,NA,NA,NA,NA,NA,NA,NA,NA,NA,NA,NA,NA
2674,0.026469592,0.300890495,0.823070584,0.059775623,0.263648343,0.82414213,2022,State,All,Age,state,99,Maharashtra,0,1,0,0,NA,NA,NA,NA,NA,NA,NA,NA,NA,NA,NA,NA,NA,NA
2675,0.036618237,0.268841105,0.72672126,0.074492868,0.235770426,0.727509324,2022,State,All,Age,state,99,Maharashtra,1,0,0,0,NA,NA,NA,NA,NA,NA,NA,NA,NA,NA,NA,NA,NA,NA
2676,0.006406585,0.122926436,0.718569654,0.015196124,0.102522092,0.723541818,2022,State,All,Age,state,99,Andhra Pradesh,0,0,0,1,NA,NA,NA,NA,NA,NA,NA,NA,NA,NA,NA,NA,NA,NA
2677,0.005376804,0.114589546,0.672417683,0.009560115,0.093294266,0.673944647,2022,State,All,Age,state,99,Andhra Pradesh,0,0,1,0,NA,NA,NA,NA,NA,NA,NA,NA,NA,NA,NA,NA,NA,NA
2678,0.002420392,0.129446287,0.712625858,0.011340333,0.094083863,0.713295153,2022,State,All,Age,state,99,Andhra Pradesh,0,1,0,0,NA,NA,NA,NA,NA,NA,NA,NA,NA,NA,NA,NA,NA,NA
2679,0.012951005,0.08682522,0.618434195,0.015885894,0.073631529,0.618434195,2022,State,All,Age,state,99,Andhra Pradesh,1,0,0,0,NA,NA,NA,NA,NA,NA,NA,NA,NA,NA,NA,NA,NA,NA
2680,0.005946927,0.178579896,0.782457406,0.016167402,0.147615245,0.783676007,2022,State,All,Age,state,99,Karnataka,0,0,0,1,NA,NA,NA,NA,NA,NA,NA,NA,NA,NA,NA,NA,NA,NA
2681,0.000906726,0.11117502,0.695875667,0.008240833,0.087453595,0.698068595,2022,State,All,Age,state,99,Karnataka,0,0,1,0,NA,NA,NA,NA,NA,NA,NA,NA,NA,NA,NA,NA,NA,NA
2682,0.003161288,0.116374216,0.680610907,0.011056849,0.092174376,0.6831203,2022,State,All,Age,state,99,Karnataka,0,1,0,0,NA,NA,NA,NA,NA,NA,NA,NA,NA,NA,NA,NA,NA,NA
2683,0.00053292,0.106807835,0.505413664,0.012456814,0.088826342,0.50616569,2022,State,All,Age,state,99,Karnataka,1,0,0,0,NA,NA,NA,NA,NA,NA,NA,NA,NA,NA,NA,NA,NA,NA
2684,0,0,0.612436303,0,0,0.612436303,2022,State,All,Age,state,99,Goa,0,0,0,1,NA,NA,NA,NA,NA,NA,NA,NA,NA,NA,NA,NA,NA,NA
2685,0,0.008641947,0.446676132,0.002510103,0.00803233,0.451570825,2022,State,All,Age,state,99,Goa,0,0,1,0,NA,NA,NA,NA,NA,NA,NA,NA,NA,NA,NA,NA,NA,NA
2686,0.018498295,0.091801542,0.557108827,0.018498295,0.062913299,0.5629145,2022,State,All,Age,state,99,Goa,0,1,0,0,NA,NA,NA,NA,NA,NA,NA,NA,NA,NA,NA,NA,NA,NA
2687,0,0.014927333,0.550505226,0,0,0.554567737,2022,State,All,Age,state,99,Goa,1,0,0,0,NA,NA,NA,NA,NA,NA,NA,NA,NA,NA,NA,NA,NA,NA
2688,0,0.104397168,0.770181284,0,0.081838275,0.770181284,2022,State,All,Age,state,99,Lakshadweep,0,0,0,1,NA,NA,NA,NA,NA,NA,NA,NA,NA,NA,NA,NA,NA,NA
2689,0,0.003389006,0.703333127,0,0.003389006,0.703333127,2022,State,All,Age,state,99,Lakshadweep,0,0,1,0,NA,NA,NA,NA,NA,NA,NA,NA,NA,NA,NA,NA,NA,NA
2690,0,0.019439517,0.620471202,0,0.019439517,0.620471202,2022,State,All,Age,state,99,Lakshadweep,0,1,0,0,NA,NA,NA,NA,NA,NA,NA,NA,NA,NA,NA,NA,NA,NA
2691,0,0,0.196069049,0,0,0.196069049,2022,State,All,Age,state,99,Lakshadweep,1,0,0,0,NA,NA,NA,NA,NA,NA,NA,NA,NA,NA,NA,NA,NA,NA
2692,0.007209333,0.165007853,0.703166823,0.02066962,0.12561774,0.705117534,2022,State,All,Age,state,99,Kerala,0,0,0,1,NA,NA,NA,NA,NA,NA,NA,NA,NA,NA,NA,NA,NA,NA
2693,0.006579907,0.105510835,0.62411491,0.013327376,0.083170063,0.625815506,2022,State,All,Age,state,99,Kerala,0,0,1,0,NA,NA,NA,NA,NA,NA,NA,NA,NA,NA,NA,NA,NA,NA
2694,0.000709323,0.109723292,0.705300209,0.009788437,0.089546682,0.707696407,2022,State,All,Age,state,99,Kerala,0,1,0,0,NA,NA,NA,NA,NA,NA,NA,NA,NA,NA,NA,NA,NA,NA
2695,0,0.031825331,0.351384407,0,0.024298843,0.353378045,2022,State,All,Age,state,99,Kerala,1,0,0,0,NA,NA,NA,NA,NA,NA,NA,NA,NA,NA,NA,NA,NA,NA
2696,0.006268736,0.097640467,0.66458886,0.013548399,0.077883608,0.6650782,2022,State,All,Age,state,99,Tamil Nadu,0,0,0,1,NA,NA,NA,NA,NA,NA,NA,NA,NA,NA,NA,NA,NA,NA
2697,0.000703539,0.063825024,0.604921798,0.006090747,0.048403675,0.606425748,2022,State,All,Age,state,99,Tamil Nadu,0,0,1,0,NA,NA,NA,NA,NA,NA,NA,NA,NA,NA,NA,NA,NA,NA
2698,0.002638104,0.076734716,0.648203148,0.007018213,0.058213207,0.650969289,2022,State,All,Age,state,99,Tamil Nadu,0,1,0,0,NA,NA,NA,NA,NA,NA,NA,NA,NA,NA,NA,NA,NA,NA
2699,0.002111647,0.055778365,0.468559372,0.005185889,0.041376373,0.470332811,2022,State,All,Age,state,99,Tamil Nadu,1,0,0,0,NA,NA,NA,NA,NA,NA,NA,NA,NA,NA,NA,NA,NA,NA
2700,0,0.083663867,0.574024838,0.012124298,0.081283722,0.574024838,2022,State,All,Age,state,99,Puducherry,0,0,0,1,NA,NA,NA,NA,NA,NA,NA,NA,NA,NA,NA,NA,NA,NA
2701,0,0.038488156,0.506986397,0.00628124,0.038488156,0.506986397,2022,State,All,Age,state,99,Puducherry,0,0,1,0,NA,NA,NA,NA,NA,NA,NA,NA,NA,NA,NA,NA,NA,NA
2702,0,0.043273636,0.537789737,0.005164125,0.025970713,0.540317858,2022,State,All,Age,state,99,Puducherry,0,1,0,0,NA,NA,NA,NA,NA,NA,NA,NA,NA,NA,NA,NA,NA,NA
2703,0,0.097149255,0.452661356,0,0.097149255,0.452661356,2022,State,All,Age,state,99,Puducherry,1,0,0,0,NA,NA,NA,NA,NA,NA,NA,NA,NA,NA,NA,NA,NA,NA
2704,0,0.052497056,0.582259292,0.001018254,0.028275688,0.582259292,2022,State,All,Age,state,99,A & N Island,0,0,0,1,NA,NA,NA,NA,NA,NA,NA,NA,NA,NA,NA,NA,NA,NA
2705,0,0.006250564,0.32631094,0,0.00291639,0.32631094,2022,State,All,Age,state,99,A & N Island,0,0,1,0,NA,NA,NA,NA,NA,NA,NA,NA,NA,NA,NA,NA,NA,NA
2706,0,0.001251276,0.29209779,0,0.001251276,0.296880444,2022,State,All,Age,state,99,A & N Island,0,1,0,0,NA,NA,NA,NA,NA,NA,NA,NA,NA,NA,NA,NA,NA,NA
2707,0.008871639,0.008871639,0.289875528,0.008871639,0.008871639,0.289875528,2022,State,All,Age,state,99,A & N Island,1,0,0,0,NA,NA,NA,NA,NA,NA,NA,NA,NA,NA,NA,NA,NA,NA
2708,0.003891847,0.14833514,0.754770068,0.017588935,0.121506824,0.754770068,2022,State,All,Age,state,99,Telangana,0,0,0,1,NA,NA,NA,NA,NA,NA,NA,NA,NA,NA,NA,NA,NA,NA
2709,0.007843601,0.137144101,0.734843743,0.014170658,0.105676009,0.736777777,2022,State,All,Age,state,99,Telangana,0,0,1,0,NA,NA,NA,NA,NA,NA,NA,NA,NA,NA,NA,NA,NA,NA
2710,0.00124628,0.104877994,0.718813447,0.004328605,0.077846932,0.723317866,2022,State,All,Age,state,99,Telangana,0,1,0,0,NA,NA,NA,NA,NA,NA,NA,NA,NA,NA,NA,NA,NA,NA
2711,0.003155358,0.096291428,0.567697473,0.005454685,0.066657233,0.577144785,2022,State,All,Age,state,99,Telangana,1,0,0,0,NA,NA,NA,NA,NA,NA,NA,NA,NA,NA,NA,NA,NA,NA
2712,0.080335089,0.335966717,0.887864825,0.11796688,0.278605138,0.903899448,2022,State,All,Age,state,99,Ladakh,0,0,0,1,NA,NA,NA,NA,NA,NA,NA,NA,NA,NA,NA,NA,NA,NA
2713,0.033442024,0.338702559,0.834005718,0.109706314,0.337042872,0.834924636,2022,State,All,Age,state,99,Ladakh,0,0,1,0,NA,NA,NA,NA,NA,NA,NA,NA,NA,NA,NA,NA,NA,NA
2714,0.011966904,0.182445375,0.770593802,0.043774268,0.162103112,0.777181282,2022,State,All,Age,state,99,Ladakh,0,1,0,0,NA,NA,NA,NA,NA,NA,NA,NA,NA,NA,NA,NA,NA,NA
2715,0,0.095906966,0.70642451,0,0.095906966,0.70642451,2022,State,All,Age,state,99,Ladakh,1,0,0,0,NA,NA,NA,NA,NA,NA,NA,NA,NA,NA,NA,NA,NA,NA
2716,0.02365768,0.212173474,0.782071912,0.027519122,0.187407494,0.782071912,2022,State,urban/rural,Age,sector_state,0,Jammu & Kashmir,0,0,0,1,NA,NA,NA,NA,NA,NA,NA,NA,NA,NA,NA,NA,NA,NA
2717,0.002975301,0.188245673,0.753512973,0.008998518,0.165954868,0.753512973,2022,State,urban/rural,Age,sector_state,0,Jammu & Kashmir,0,0,1,0,NA,NA,NA,NA,NA,NA,NA,NA,NA,NA,NA,NA,NA,NA
2718,0.005818603,0.214368975,0.795507606,0.010526117,0.158719124,0.796726533,2022,State,urban/rural,Age,sector_state,0,Jammu & Kashmir,0,1,0,0,NA,NA,NA,NA,NA,NA,NA,NA,NA,NA,NA,NA,NA,NA
2719,0,0.303301915,0.910741041,0.023187185,0.288787298,0.910741041,2022,State,urban/rural,Age,sector_state,0,Jammu & Kashmir,1,0,0,0,NA,NA,NA,NA,NA,NA,NA,NA,NA,NA,NA,NA,NA,NA
2720,0.007027856,0.122505316,0.652180612,0.011612918,0.090794504,0.652180612,2022,State,urban/rural,Age,sector_state,0,Himachal Pradesh,0,0,0,1,NA,NA,NA,NA,NA,NA,NA,NA,NA,NA,NA,NA,NA,NA
2721,0.001715448,0.067227985,0.649085308,0.005681946,0.04621475,0.650525671,2022,State,urban/rural,Age,sector_state,0,Himachal Pradesh,0,0,1,0,NA,NA,NA,NA,NA,NA,NA,NA,NA,NA,NA,NA,NA,NA
2722,0,0.063301178,0.642400781,0,0.047651346,0.645898196,2022,State,urban/rural,Age,sector_state,0,Himachal Pradesh,0,1,0,0,NA,NA,NA,NA,NA,NA,NA,NA,NA,NA,NA,NA,NA,NA
2723,0,0.025116131,0.280840957,0,0.025116131,0.280840957,2022,State,urban/rural,Age,sector_state,0,Himachal Pradesh,1,0,0,0,NA,NA,NA,NA,NA,NA,NA,NA,NA,NA,NA,NA,NA,NA
2724,0.001496223,0.112650034,0.769991322,0.001911286,0.079130033,0.774889401,2022,State,urban/rural,Age,sector_state,0,Punjab,0,0,0,1,NA,NA,NA,NA,NA,NA,NA,NA,NA,NA,NA,NA,NA,NA
2725,0.001450387,0.08844112,0.725860156,0.006056245,0.074823992,0.727682371,2022,State,urban/rural,Age,sector_state,0,Punjab,0,0,1,0,NA,NA,NA,NA,NA,NA,NA,NA,NA,NA,NA,NA,NA,NA
2726,0.001415572,0.09549977,0.720550095,0.004737672,0.069168366,0.723353982,2022,State,urban/rural,Age,sector_state,0,Punjab,0,1,0,0,NA,NA,NA,NA,NA,NA,NA,NA,NA,NA,NA,NA,NA,NA
2727,0.01788523,0.124212667,0.64319792,0.023213875,0.1141762,0.64319792,2022,State,urban/rural,Age,sector_state,0,Punjab,1,0,0,0,NA,NA,NA,NA,NA,NA,NA,NA,NA,NA,NA,NA,NA,NA
2728,0,0,0.487206784,0,0,0.487206784,2022,State,urban/rural,Age,sector_state,0,Chandigarh,0,0,0,1,NA,NA,NA,NA,NA,NA,NA,NA,NA,NA,NA,NA,NA,NA
2729,0,0,0.334705251,0,0,0.334705251,2022,State,urban/rural,Age,sector_state,0,Chandigarh,0,0,1,0,NA,NA,NA,NA,NA,NA,NA,NA,NA,NA,NA,NA,NA,NA
2730,0,0.007632775,0.569647501,0,0,0.569647501,2022,State,urban/rural,Age,sector_state,0,Chandigarh,0,1,0,0,NA,NA,NA,NA,NA,NA,NA,NA,NA,NA,NA,NA,NA,NA
2731,0,0,0.427540534,0,0,0.427540534,2022,State,urban/rural,Age,sector_state,0,Chandigarh,1,0,0,0,NA,NA,NA,NA,NA,NA,NA,NA,NA,NA,NA,NA,NA,NA
2732,0.01766443,0.239518795,0.852294922,0.0395467,0.19637466,0.852294922,2022,State,urban/rural,Age,sector_state,0,Uttrakhand,0,0,0,1,NA,NA,NA,NA,NA,NA,NA,NA,NA,NA,NA,NA,NA,NA
2733,0.003975276,0.231956542,0.796900545,0.017210182,0.185459235,0.796900545,2022,State,urban/rural,Age,sector_state,0,Uttrakhand,0,0,1,0,NA,NA,NA,NA,NA,NA,NA,NA,NA,NA,NA,NA,NA,NA
2734,0.009454635,0.179500897,0.79190548,0.035130684,0.151281201,0.79190548,2022,State,urban/rural,Age,sector_state,0,Uttrakhand,0,1,0,0,NA,NA,NA,NA,NA,NA,NA,NA,NA,NA,NA,NA,NA,NA
2735,0,0.192195542,0.775914876,0.020763276,0.192195542,0.775914876,2022,State,urban/rural,Age,sector_state,0,Uttrakhand,1,0,0,0,NA,NA,NA,NA,NA,NA,NA,NA,NA,NA,NA,NA,NA,NA
2736,0.03662033,0.210986006,0.826943543,0.05010979,0.165624408,0.826943543,2022,State,urban/rural,Age,sector_state,0,Haryana,0,0,0,1,NA,NA,NA,NA,NA,NA,NA,NA,NA,NA,NA,NA,NA,NA
2737,0.02227179,0.202494383,0.813613777,0.04674203,0.16047482,0.814399792,2022,State,urban/rural,Age,sector_state,0,Haryana,0,0,1,0,NA,NA,NA,NA,NA,NA,NA,NA,NA,NA,NA,NA,NA,NA
2738,0.012653936,0.178339585,0.813480803,0.039556132,0.154483477,0.816065133,2022,State,urban/rural,Age,sector_state,0,Haryana,0,1,0,0,NA,NA,NA,NA,NA,NA,NA,NA,NA,NA,NA,NA,NA,NA
2739,0,0.168163101,0.801581721,0.028118133,0.136253293,0.801581721,2022,State,urban/rural,Age,sector_state,0,Haryana,1,0,0,0,NA,NA,NA,NA,NA,NA,NA,NA,NA,NA,NA,NA,NA,NA
2740,0,0.028372291,0.794565152,0,0.028372291,0.794565152,2022,State,urban/rural,Age,sector_state,0,Delhi,0,0,0,1,NA,NA,NA,NA,NA,NA,NA,NA,NA,NA,NA,NA,NA,NA
2741,0.002116633,0.05105336,0.741491653,0.002116633,0.05105336,0.741491653,2022,State,urban/rural,Age,sector_state,0,Delhi,0,0,1,0,NA,NA,NA,NA,NA,NA,NA,NA,NA,NA,NA,NA,NA,NA
2742,0.011310535,0.101491733,0.675193796,0.015454015,0.09341278,0.675193796,2022,State,urban/rural,Age,sector_state,0,Delhi,0,1,0,0,NA,NA,NA,NA,NA,NA,NA,NA,NA,NA,NA,NA,NA,NA
2743,0,0,0.553944002,0,0,0.553944002,2022,State,urban/rural,Age,sector_state,0,Delhi,1,0,0,0,NA,NA,NA,NA,NA,NA,NA,NA,NA,NA,NA,NA,NA,NA
2744,0.028343977,0.285737515,0.877024652,0.056543218,0.230764425,0.878001794,2022,State,urban/rural,Age,sector_state,0,Rajasthan,0,0,0,1,NA,NA,NA,NA,NA,NA,NA,NA,NA,NA,NA,NA,NA,NA
2745,0.02434077,0.280730484,0.86475906,0.061567845,0.237482757,0.866163674,2022,State,urban/rural,Age,sector_state,0,Rajasthan,0,0,1,0,NA,NA,NA,NA,NA,NA,NA,NA,NA,NA,NA,NA,NA,NA
2746,0.03134532,0.305841277,0.843001748,0.070478581,0.271260603,0.843966029,2022,State,urban/rural,Age,sector_state,0,Rajasthan,0,1,0,0,NA,NA,NA,NA,NA,NA,NA,NA,NA,NA,NA,NA,NA,NA
2747,0.047313161,0.288568659,0.737771404,0.086662311,0.24785677,0.738046681,2022,State,urban/rural,Age,sector_state,0,Rajasthan,1,0,0,0,NA,NA,NA,NA,NA,NA,NA,NA,NA,NA,NA,NA,NA,NA
2748,0.03586463,0.447294608,0.929960141,0.089452832,0.381998552,0.931938255,2022,State,urban/rural,Age,sector_state,0,Uttar Pradesh,0,0,0,1,NA,NA,NA,NA,NA,NA,NA,NA,NA,NA,NA,NA,NA,NA
2749,0.024051272,0.397902729,0.923344952,0.063256049,0.33822195,0.923762122,2022,State,urban/rural,Age,sector_state,0,Uttar Pradesh,0,0,1,0,NA,NA,NA,NA,NA,NA,NA,NA,NA,NA,NA,NA,NA,NA
2750,0.019411629,0.370760322,0.928651481,0.05255018,0.313645843,0.930230012,2022,State,urban/rural,Age,sector_state,0,Uttar Pradesh,0,1,0,0,NA,NA,NA,NA,NA,NA,NA,NA,NA,NA,NA,NA,NA,NA
2751,0.016774068,0.301273326,0.885695119,0.042833595,0.252329794,0.887236673,2022,State,urban/rural,Age,sector_state,0,Uttar Pradesh,1,0,0,0,NA,NA,NA,NA,NA,NA,NA,NA,NA,NA,NA,NA,NA,NA
2752,0.064323399,0.43796342,0.920297105,0.112988046,0.394457487,0.921077484,2022,State,urban/rural,Age,sector_state,0,Bihar,0,0,0,1,NA,NA,NA,NA,NA,NA,NA,NA,NA,NA,NA,NA,NA,NA
2753,0.05036703,0.439142312,0.934650844,0.090364289,0.391584499,0.936354111,2022,State,urban/rural,Age,sector_state,0,Bihar,0,0,1,0,NA,NA,NA,NA,NA,NA,NA,NA,NA,NA,NA,NA,NA,NA
2754,0.035521147,0.412157969,0.950381702,0.069946593,0.352445962,0.950699146,2022,State,urban/rural,Age,sector_state,0,Bihar,0,1,0,0,NA,NA,NA,NA,NA,NA,NA,NA,NA,NA,NA,NA,NA,NA
2755,0.023335671,0.283909618,0.900907474,0.053922888,0.22774407,0.902925048,2022,State,urban/rural,Age,sector_state,0,Bihar,1,0,0,0,NA,NA,NA,NA,NA,NA,NA,NA,NA,NA,NA,NA,NA,NA
2756,0,0.040959863,0.625080016,0.00753948,0.029697397,0.625080016,2022,State,urban/rural,Age,sector_state,0,Sikkim,0,0,0,1,NA,NA,NA,NA,NA,NA,NA,NA,NA,NA,NA,NA,NA,NA
2757,0,0.037540882,0.497782485,0,0.033209207,0.498776131,2022,State,urban/rural,Age,sector_state,0,Sikkim,0,0,1,0,NA,NA,NA,NA,NA,NA,NA,NA,NA,NA,NA,NA,NA,NA
2758,0,0.01700416,0.349851934,0,0.008589747,0.351916005,2022,State,urban/rural,Age,sector_state,0,Sikkim,0,1,0,0,NA,NA,NA,NA,NA,NA,NA,NA,NA,NA,NA,NA,NA,NA
2759,0,0.024204614,0.35280487,0,0.024204614,0.35280487,2022,State,urban/rural,Age,sector_state,0,Sikkim,1,0,0,0,NA,NA,NA,NA,NA,NA,NA,NA,NA,NA,NA,NA,NA,NA
2760,0.105770641,0.463467004,0.856104008,0.168587613,0.435467075,0.856104008,2022,State,urban/rural,Age,sector_state,0,Arunachal Pradesh,0,0,0,1,NA,NA,NA,NA,NA,NA,NA,NA,NA,NA,NA,NA,NA,NA
2761,0.072927024,0.332663114,0.802901737,0.130343473,0.311257752,0.802901737,2022,State,urban/rural,Age,sector_state,0,Arunachal Pradesh,0,0,1,0,NA,NA,NA,NA,NA,NA,NA,NA,NA,NA,NA,NA,NA,NA
2762,0.042352369,0.273501216,0.791773635,0.088555032,0.244834301,0.792332714,2022,State,urban/rural,Age,sector_state,0,Arunachal Pradesh,0,1,0,0,NA,NA,NA,NA,NA,NA,NA,NA,NA,NA,NA,NA,NA,NA
2763,0.044276294,0.272402767,0.803239084,0.126671659,0.225259727,0.803239084,2022,State,urban/rural,Age,sector_state,0,Arunachal Pradesh,1,0,0,0,NA,NA,NA,NA,NA,NA,NA,NA,NA,NA,NA,NA,NA,NA
2764,0.024188923,0.358813802,0.914427602,0.049889538,0.308248447,0.918401425,2022,State,urban/rural,Age,sector_state,0,Nagaland,0,0,0,1,NA,NA,NA,NA,NA,NA,NA,NA,NA,NA,NA,NA,NA,NA
2765,0.048622129,0.360941325,0.901336198,0.075345688,0.306849532,0.902142886,2022,State,urban/rural,Age,sector_state,0,Nagaland,0,0,1,0,NA,NA,NA,NA,NA,NA,NA,NA,NA,NA,NA,NA,NA,NA
2766,0.035497551,0.353825807,0.851716942,0.069111785,0.294220638,0.852852887,2022,State,urban/rural,Age,sector_state,0,Nagaland,0,1,0,0,NA,NA,NA,NA,NA,NA,NA,NA,NA,NA,NA,NA,NA,NA
2767,0.076564974,0.300383615,0.776400026,0.112650669,0.29366432,0.780683299,2022,State,urban/rural,Age,sector_state,0,Nagaland,1,0,0,0,NA,NA,NA,NA,NA,NA,NA,NA,NA,NA,NA,NA,NA,NA
2768,0.037159106,0.498023976,0.952737465,0.099364654,0.436129638,0.952737465,2022,State,urban/rural,Age,sector_state,0,Manipur,0,0,0,1,NA,NA,NA,NA,NA,NA,NA,NA,NA,NA,NA,NA,NA,NA
2769,0.031669905,0.392508033,0.92393211,0.073266077,0.344791272,0.927468533,2022,State,urban/rural,Age,sector_state,0,Manipur,0,0,1,0,NA,NA,NA,NA,NA,NA,NA,NA,NA,NA,NA,NA,NA,NA
2770,0.051061891,0.382552584,0.918175873,0.107537979,0.323741657,0.918175873,2022,State,urban/rural,Age,sector_state,0,Manipur,0,1,0,0,NA,NA,NA,NA,NA,NA,NA,NA,NA,NA,NA,NA,NA,NA
2771,0.037941165,0.317911765,0.875780991,0.077827241,0.301089261,0.875780991,2022,State,urban/rural,Age,sector_state,0,Manipur,1,0,0,0,NA,NA,NA,NA,NA,NA,NA,NA,NA,NA,NA,NA,NA,NA
2772,0.002867236,0.272680273,0.908915368,0.017659264,0.225812818,0.908915368,2022,State,urban/rural,Age,sector_state,0,Mizoram,0,0,0,1,NA,NA,NA,NA,NA,NA,NA,NA,NA,NA,NA,NA,NA,NA
2773,0.015414929,0.211361724,0.81483006,0.034264961,0.172588763,0.81483006,2022,State,urban/rural,Age,sector_state,0,Mizoram,0,0,1,0,NA,NA,NA,NA,NA,NA,NA,NA,NA,NA,NA,NA,NA,NA
2774,0.012657971,0.168785043,0.769287042,0.021511897,0.11972848,0.778313338,2022,State,urban/rural,Age,sector_state,0,Mizoram,0,1,0,0,NA,NA,NA,NA,NA,NA,NA,NA,NA,NA,NA,NA,NA,NA
2775,0,0.115558331,0.649459145,0,0.059738146,0.661428251,2022,State,urban/rural,Age,sector_state,0,Mizoram,1,0,0,0,NA,NA,NA,NA,NA,NA,NA,NA,NA,NA,NA,NA,NA,NA
2776,0.002067212,0.083689164,0.820042649,0.002067212,0.067680205,0.825598431,2022,State,urban/rural,Age,sector_state,0,Tripura,0,0,0,1,NA,NA,NA,NA,NA,NA,NA,NA,NA,NA,NA,NA,NA,NA
2777,0.001448299,0.100374017,0.756944615,0.00454152,0.080084969,0.759447098,2022,State,urban/rural,Age,sector_state,0,Tripura,0,0,1,0,NA,NA,NA,NA,NA,NA,NA,NA,NA,NA,NA,NA,NA,NA
2778,0.001605163,0.070340669,0.707713444,0.006527999,0.051137277,0.708961936,2022,State,urban/rural,Age,sector_state,0,Tripura,0,1,0,0,NA,NA,NA,NA,NA,NA,NA,NA,NA,NA,NA,NA,NA,NA
2779,0,0.07259131,0.704045898,0,0.054276311,0.710520235,2022,State,urban/rural,Age,sector_state,0,Tripura,1,0,0,0,NA,NA,NA,NA,NA,NA,NA,NA,NA,NA,NA,NA,NA,NA
2780,0.053473696,0.486349843,0.930079808,0.152548311,0.431014205,0.930079808,2022,State,urban/rural,Age,sector_state,0,Meghalaya,0,0,0,1,NA,NA,NA,NA,NA,NA,NA,NA,NA,NA,NA,NA,NA,NA
2781,0.045838605,0.398847544,0.932555471,0.098690469,0.36006868,0.932555471,2022,State,urban/rural,Age,sector_state,0,Meghalaya,0,0,1,0,NA,NA,NA,NA,NA,NA,NA,NA,NA,NA,NA,NA,NA,NA
2782,0.053017549,0.419682957,0.947361607,0.117158775,0.361057021,0.948081794,2022,State,urban/rural,Age,sector_state,0,Meghalaya,0,1,0,0,NA,NA,NA,NA,NA,NA,NA,NA,NA,NA,NA,NA,NA,NA
2783,0.046693004,0.39245759,0.923983011,0.08605376,0.348998173,0.923983011,2022,State,urban/rural,Age,sector_state,0,Meghalaya,1,0,0,0,NA,NA,NA,NA,NA,NA,NA,NA,NA,NA,NA,NA,NA,NA
2784,0.051317685,0.549128947,0.966497902,0.136669515,0.492870254,0.966497902,2022,State,urban/rural,Age,sector_state,0,Assam,0,0,0,1,NA,NA,NA,NA,NA,NA,NA,NA,NA,NA,NA,NA,NA,NA
2785,0.054073118,0.478825243,0.952621216,0.10735071,0.422065486,0.953541905,2022,State,urban/rural,Age,sector_state,0,Assam,0,0,1,0,NA,NA,NA,NA,NA,NA,NA,NA,NA,NA,NA,NA,NA,NA
2786,0.027615368,0.380081293,0.950451804,0.06740634,0.313554286,0.951218831,2022,State,urban/rural,Age,sector_state,0,Assam,0,1,0,0,NA,NA,NA,NA,NA,NA,NA,NA,NA,NA,NA,NA,NA,NA
2787,0.012956224,0.373357308,0.93716809,0.050793388,0.29651162,0.93716809,2022,State,urban/rural,Age,sector_state,0,Assam,1,0,0,0,NA,NA,NA,NA,NA,NA,NA,NA,NA,NA,NA,NA,NA,NA
2788,0.019208481,0.332153696,0.904824228,0.043180349,0.274204616,0.905261779,2022,State,urban/rural,Age,sector_state,0,West Bengal,0,0,0,1,NA,NA,NA,NA,NA,NA,NA,NA,NA,NA,NA,NA,NA,NA
2789,0.011701716,0.313095997,0.894327821,0.034057207,0.261314427,0.896031217,2022,State,urban/rural,Age,sector_state,0,West Bengal,0,0,1,0,NA,NA,NA,NA,NA,NA,NA,NA,NA,NA,NA,NA,NA,NA
2790,0.011415725,0.296759856,0.909999845,0.032189752,0.234518423,0.910855749,2022,State,urban/rural,Age,sector_state,0,West Bengal,0,1,0,0,NA,NA,NA,NA,NA,NA,NA,NA,NA,NA,NA,NA,NA,NA
2791,0.004823048,0.296710735,0.898159607,0.02408784,0.231739876,0.898159607,2022,State,urban/rural,Age,sector_state,0,West Bengal,1,0,0,0,NA,NA,NA,NA,NA,NA,NA,NA,NA,NA,NA,NA,NA,NA
2792,0.111131246,0.52974236,0.923660232,0.216415784,0.481570393,0.924542935,2022,State,urban/rural,Age,sector_state,0,Jharkhand,0,0,0,1,NA,NA,NA,NA,NA,NA,NA,NA,NA,NA,NA,NA,NA,NA
2793,0.119110911,0.555124168,0.941956048,0.217819794,0.51251834,0.941956048,2022,State,urban/rural,Age,sector_state,0,Jharkhand,0,0,1,0,NA,NA,NA,NA,NA,NA,NA,NA,NA,NA,NA,NA,NA,NA
2794,0.08894146,0.523052686,0.923999494,0.162641501,0.471239046,0.924374268,2022,State,urban/rural,Age,sector_state,0,Jharkhand,0,1,0,0,NA,NA,NA,NA,NA,NA,NA,NA,NA,NA,NA,NA,NA,NA
2795,0.088783925,0.487966578,0.915146637,0.169786958,0.422363798,0.915146637,2022,State,urban/rural,Age,sector_state,0,Jharkhand,1,0,0,0,NA,NA,NA,NA,NA,NA,NA,NA,NA,NA,NA,NA,NA,NA
2796,0.032255275,0.447339504,0.931424916,0.079501997,0.375699251,0.931981581,2022,State,urban/rural,Age,sector_state,0,Odisha,0,0,0,1,NA,NA,NA,NA,NA,NA,NA,NA,NA,NA,NA,NA,NA,NA
2797,0.041225841,0.44603772,0.935603549,0.101997296,0.390540912,0.935709968,2022,State,urban/rural,Age,sector_state,0,Odisha,0,0,1,0,NA,NA,NA,NA,NA,NA,NA,NA,NA,NA,NA,NA,NA,NA
2798,0.046221667,0.488408317,0.945226509,0.106461182,0.428860296,0.94598279,2022,State,urban/rural,Age,sector_state,0,Odisha,0,1,0,0,NA,NA,NA,NA,NA,NA,NA,NA,NA,NA,NA,NA,NA,NA
2799,0.059913474,0.539880986,0.955742196,0.092659747,0.485531212,0.955742196,2022,State,urban/rural,Age,sector_state,0,Odisha,1,0,0,0,NA,NA,NA,NA,NA,NA,NA,NA,NA,NA,NA,NA,NA,NA
2800,0.117651943,0.54202232,0.961483121,0.240783157,0.49089235,0.963033851,2022,State,urban/rural,Age,sector_state,0,Chhattisgarh,0,0,0,1,NA,NA,NA,NA,NA,NA,NA,NA,NA,NA,NA,NA,NA,NA
2801,0.129414134,0.576077725,0.959887099,0.220120709,0.523167765,0.959887099,2022,State,urban/rural,Age,sector_state,0,Chhattisgarh,0,0,1,0,NA,NA,NA,NA,NA,NA,NA,NA,NA,NA,NA,NA,NA,NA
2802,0.115625559,0.578800754,0.961014787,0.205144959,0.5195378,0.961014787,2022,State,urban/rural,Age,sector_state,0,Chhattisgarh,0,1,0,0,NA,NA,NA,NA,NA,NA,NA,NA,NA,NA,NA,NA,NA,NA
2803,0.074556742,0.544595617,0.895073268,0.195417418,0.482507442,0.897202902,2022,State,urban/rural,Age,sector_state,0,Chhattisgarh,1,0,0,0,NA,NA,NA,NA,NA,NA,NA,NA,NA,NA,NA,NA,NA,NA
2804,0.01191548,0.307545622,0.900569057,0.057293572,0.269220367,0.900569057,2022,State,urban/rural,Age,sector_state,0,Madhya Pradesh,0,0,0,1,NA,NA,NA,NA,NA,NA,NA,NA,NA,NA,NA,NA,NA,NA
2805,0.027749666,0.331273449,0.899988744,0.062673707,0.275224545,0.901216939,2022,State,urban/rural,Age,sector_state,0,Madhya Pradesh,0,0,1,0,NA,NA,NA,NA,NA,NA,NA,NA,NA,NA,NA,NA,NA,NA
2806,0.020573938,0.315026084,0.92552554,0.052992627,0.260778795,0.92564971,2022,State,urban/rural,Age,sector_state,0,Madhya Pradesh,0,1,0,0,NA,NA,NA,NA,NA,NA,NA,NA,NA,NA,NA,NA,NA,NA
2807,0.027046057,0.367019074,0.915752695,0.064691057,0.316045429,0.915752695,2022,State,urban/rural,Age,sector_state,0,Madhya Pradesh,1,0,0,0,NA,NA,NA,NA,NA,NA,NA,NA,NA,NA,NA,NA,NA,NA
2808,0.014354586,0.338959224,0.912178681,0.040708141,0.279281347,0.913975357,2022,State,urban/rural,Age,sector_state,0,Gujarat,0,0,0,1,NA,NA,NA,NA,NA,NA,NA,NA,NA,NA,NA,NA,NA,NA
2809,0.017650703,0.352898358,0.901109853,0.050456461,0.306399139,0.901221093,2022,State,urban/rural,Age,sector_state,0,Gujarat,0,0,1,0,NA,NA,NA,NA,NA,NA,NA,NA,NA,NA,NA,NA,NA,NA
2810,0.013840076,0.331675441,0.915152628,0.037100738,0.277117195,0.915309983,2022,State,urban/rural,Age,sector_state,0,Gujarat,0,1,0,0,NA,NA,NA,NA,NA,NA,NA,NA,NA,NA,NA,NA,NA,NA
2811,0.027208752,0.368280332,0.913227021,0.053649233,0.312949057,0.91570089,2022,State,urban/rural,Age,sector_state,0,Gujarat,1,0,0,0,NA,NA,NA,NA,NA,NA,NA,NA,NA,NA,NA,NA,NA,NA
2812,0.135807262,0.534755032,0.992560786,0.204125683,0.534755032,0.992560786,2022,State,urban/rural,Age,sector_state,0,Daman & Diu & D & N Haveli,0,0,0,1,NA,NA,NA,NA,NA,NA,NA,NA,NA,NA,NA,NA,NA,NA
2813,0.199651052,0.573901364,0.953224821,0.345734462,0.529400442,0.953224821,2022,State,urban/rural,Age,sector_state,0,Daman & Diu & D & N Haveli,0,0,1,0,NA,NA,NA,NA,NA,NA,NA,NA,NA,NA,NA,NA,NA,NA
2814,0.059341622,0.447652676,0.902491939,0.106148449,0.381886634,0.909600177,2022,State,urban/rural,Age,sector_state,0,Daman & Diu & D & N Haveli,0,1,0,0,NA,NA,NA,NA,NA,NA,NA,NA,NA,NA,NA,NA,NA,NA
2815,0.063085956,0.186354596,0.725880135,0.063085956,0.166198137,0.725880135,2022,State,urban/rural,Age,sector_state,0,Daman & Diu & D & N Haveli,1,0,0,0,NA,NA,NA,NA,NA,NA,NA,NA,NA,NA,NA,NA,NA,NA
2816,0.05434052,0.427673868,0.922683701,0.105109936,0.375116156,0.924045006,2022,State,urban/rural,Age,sector_state,0,Maharashtra,0,0,0,1,NA,NA,NA,NA,NA,NA,NA,NA,NA,NA,NA,NA,NA,NA
2817,0.039447136,0.349885704,0.868844718,0.075495203,0.299273504,0.869769363,2022,State,urban/rural,Age,sector_state,0,Maharashtra,0,0,1,0,NA,NA,NA,NA,NA,NA,NA,NA,NA,NA,NA,NA,NA,NA
2818,0.035649417,0.360519398,0.886858498,0.079949341,0.318868851,0.887838584,2022,State,urban/rural,Age,sector_state,0,Maharashtra,0,1,0,0,NA,NA,NA,NA,NA,NA,NA,NA,NA,NA,NA,NA,NA,NA
2819,0.047743949,0.374617929,0.839566679,0.100181354,0.328168395,0.839566679,2022,State,urban/rural,Age,sector_state,0,Maharashtra,1,0,0,0,NA,NA,NA,NA,NA,NA,NA,NA,NA,NA,NA,NA,NA,NA
2820,0.004516584,0.135408929,0.762964696,0.011753242,0.110509985,0.767138972,2022,State,urban/rural,Age,sector_state,0,Andhra Pradesh,0,0,0,1,NA,NA,NA,NA,NA,NA,NA,NA,NA,NA,NA,NA,NA,NA
2821,0.003037236,0.129811357,0.716935083,0.007921427,0.104123941,0.718934082,2022,State,urban/rural,Age,sector_state,0,Andhra Pradesh,0,0,1,0,NA,NA,NA,NA,NA,NA,NA,NA,NA,NA,NA,NA,NA,NA
2822,0.002016786,0.132201098,0.729350098,0.009028635,0.095437063,0.730329076,2022,State,urban/rural,Age,sector_state,0,Andhra Pradesh,0,1,0,0,NA,NA,NA,NA,NA,NA,NA,NA,NA,NA,NA,NA,NA,NA
2823,0.012324892,0.106394276,0.656875443,0.016981523,0.094909212,0.656875443,2022,State,urban/rural,Age,sector_state,0,Andhra Pradesh,1,0,0,0,NA,NA,NA,NA,NA,NA,NA,NA,NA,NA,NA,NA,NA,NA
2824,0.00692987,0.195763823,0.836065649,0.017634348,0.162456105,0.836550404,2022,State,urban/rural,Age,sector_state,0,Karnataka,0,0,0,1,NA,NA,NA,NA,NA,NA,NA,NA,NA,NA,NA,NA,NA,NA
2825,0.000504345,0.128100719,0.757141118,0.008813753,0.101139628,0.759252912,2022,State,urban/rural,Age,sector_state,0,Karnataka,0,0,1,0,NA,NA,NA,NA,NA,NA,NA,NA,NA,NA,NA,NA,NA,NA
2826,0.002132123,0.130271394,0.780370848,0.009069732,0.101495988,0.782995716,2022,State,urban/rural,Age,sector_state,0,Karnataka,0,1,0,0,NA,NA,NA,NA,NA,NA,NA,NA,NA,NA,NA,NA,NA,NA
2827,0.0013513,0.196787247,0.769247131,0.022363108,0.158823471,0.769247131,2022,State,urban/rural,Age,sector_state,0,Karnataka,1,0,0,0,NA,NA,NA,NA,NA,NA,NA,NA,NA,NA,NA,NA,NA,NA
2828,0,0,0.561241595,0,0,0.561241595,2022,State,urban/rural,Age,sector_state,0,Goa,0,0,0,1,NA,NA,NA,NA,NA,NA,NA,NA,NA,NA,NA,NA,NA,NA
2829,0,0.021483452,0.491388599,0.006239992,0.019967976,0.503556565,2022,State,urban/rural,Age,sector_state,0,Goa,0,0,1,0,NA,NA,NA,NA,NA,NA,NA,NA,NA,NA,NA,NA,NA,NA
2830,0,0.137261022,0.571324977,0,0.104007396,0.589906367,2022,State,urban/rural,Age,sector_state,0,Goa,0,1,0,0,NA,NA,NA,NA,NA,NA,NA,NA,NA,NA,NA,NA,NA,NA
2831,0,0.049332829,0.610659667,0,0,0.624085719,2022,State,urban/rural,Age,sector_state,0,Goa,1,0,0,0,NA,NA,NA,NA,NA,NA,NA,NA,NA,NA,NA,NA,NA,NA
2832,0,0.113033964,0.79072904,0,0.113033964,0.79072904,2022,State,urban/rural,Age,sector_state,0,Lakshadweep,0,0,0,1,NA,NA,NA,NA,NA,NA,NA,NA,NA,NA,NA,NA,NA,NA
2833,0,0.0128104,0.618609505,0,0.0128104,0.618609505,2022,State,urban/rural,Age,sector_state,0,Lakshadweep,0,0,1,0,NA,NA,NA,NA,NA,NA,NA,NA,NA,NA,NA,NA,NA,NA
2834,0,0,0.706521583,0,0,0.706521583,2022,State,urban/rural,Age,sector_state,0,Lakshadweep,0,1,0,0,NA,NA,NA,NA,NA,NA,NA,NA,NA,NA,NA,NA,NA,NA
2835,0,0,0,0,0,0,2022,State,urban/rural,Age,sector_state,0,Lakshadweep,1,0,0,0,NA,NA,NA,NA,NA,NA,NA,NA,NA,NA,NA,NA,NA,NA
2836,0.006836425,0.160489409,0.726938048,0.017755078,0.12250535,0.730507637,2022,State,urban/rural,Age,sector_state,0,Kerala,0,0,0,1,NA,NA,NA,NA,NA,NA,NA,NA,NA,NA,NA,NA,NA,NA
2837,0.008119167,0.100438784,0.638252878,0.013648805,0.080194628,0.638545681,2022,State,urban/rural,Age,sector_state,0,Kerala,0,0,1,0,NA,NA,NA,NA,NA,NA,NA,NA,NA,NA,NA,NA,NA,NA
2838,0.001328446,0.102459484,0.725496359,0.008191084,0.087025411,0.727595008,2022,State,urban/rural,Age,sector_state,0,Kerala,0,1,0,0,NA,NA,NA,NA,NA,NA,NA,NA,NA,NA,NA,NA,NA,NA
2839,0,0.065159993,0.569447107,0,0.044793538,0.569447107,2022,State,urban/rural,Age,sector_state,0,Kerala,1,0,0,0,NA,NA,NA,NA,NA,NA,NA,NA,NA,NA,NA,NA,NA,NA
2840,0.009375415,0.1038102,0.738450193,0.015542983,0.082123693,0.739073171,2022,State,urban/rural,Age,sector_state,0,Tamil Nadu,0,0,0,1,NA,NA,NA,NA,NA,NA,NA,NA,NA,NA,NA,NA,NA,NA
2841,0.00109625,0.079006763,0.67912141,0.006935571,0.058861514,0.680425063,2022,State,urban/rural,Age,sector_state,0,Tamil Nadu,0,0,1,0,NA,NA,NA,NA,NA,NA,NA,NA,NA,NA,NA,NA,NA,NA
2842,0.002969915,0.09447534,0.728192072,0.007879838,0.07418161,0.730060696,2022,State,urban/rural,Age,sector_state,0,Tamil Nadu,0,1,0,0,NA,NA,NA,NA,NA,NA,NA,NA,NA,NA,NA,NA,NA,NA
2843,0,0.064768837,0.588006177,0.006686416,0.051507517,0.591671635,2022,State,urban/rural,Age,sector_state,0,Tamil Nadu,1,0,0,0,NA,NA,NA,NA,NA,NA,NA,NA,NA,NA,NA,NA,NA,NA
2844,0,0.061240812,0.699848618,0.031652911,0.055026968,0.699848618,2022,State,urban/rural,Age,sector_state,0,Puducherry,0,0,0,1,NA,NA,NA,NA,NA,NA,NA,NA,NA,NA,NA,NA,NA,NA
2845,0,0.004965542,0.660498065,0,0.004965542,0.660498065,2022,State,urban/rural,Age,sector_state,0,Puducherry,0,0,1,0,NA,NA,NA,NA,NA,NA,NA,NA,NA,NA,NA,NA,NA,NA
2846,0,0.051123891,0.734376884,0,0.030812872,0.741811143,2022,State,urban/rural,Age,sector_state,0,Puducherry,0,1,0,0,NA,NA,NA,NA,NA,NA,NA,NA,NA,NA,NA,NA,NA,NA
2847,0,0.091945089,0.500155859,0,0.091945089,0.500155859,2022,State,urban/rural,Age,sector_state,0,Puducherry,1,0,0,0,NA,NA,NA,NA,NA,NA,NA,NA,NA,NA,NA,NA,NA,NA
2848,0,0.045381524,0.595031037,0.001449164,0.017467024,0.595031037,2022,State,urban/rural,Age,sector_state,0,A & N Island,0,0,0,1,NA,NA,NA,NA,NA,NA,NA,NA,NA,NA,NA,NA,NA,NA
2849,0,0.010122143,0.43063433,0,0.004722793,0.43063433,2022,State,urban/rural,Age,sector_state,0,A & N Island,0,0,1,0,NA,NA,NA,NA,NA,NA,NA,NA,NA,NA,NA,NA,NA,NA
2850,0,0.002233475,0.327654201,0,0.002233475,0.336191039,2022,State,urban/rural,Age,sector_state,0,A & N Island,0,1,0,0,NA,NA,NA,NA,NA,NA,NA,NA,NA,NA,NA,NA,NA,NA
2851,0,0,0.281407353,0,0,0.281407353,2022,State,urban/rural,Age,sector_state,0,A & N Island,1,0,0,0,NA,NA,NA,NA,NA,NA,NA,NA,NA,NA,NA,NA,NA,NA
2852,0.005162863,0.160330579,0.837137802,0.019382468,0.132019242,0.837137802,2022,State,urban/rural,Age,sector_state,0,Telangana,0,0,0,1,NA,NA,NA,NA,NA,NA,NA,NA,NA,NA,NA,NA,NA,NA
2853,0.011236529,0.169224147,0.831405325,0.021735659,0.12929758,0.832154566,2022,State,urban/rural,Age,sector_state,0,Telangana,0,0,1,0,NA,NA,NA,NA,NA,NA,NA,NA,NA,NA,NA,NA,NA,NA
2854,0.002358444,0.137849271,0.81156175,0.006317814,0.098896063,0.815593389,2022,State,urban/rural,Age,sector_state,0,Telangana,0,1,0,0,NA,NA,NA,NA,NA,NA,NA,NA,NA,NA,NA,NA,NA,NA
2855,0.008062956,0.143379213,0.80252154,0.013268057,0.122445781,0.81690429,2022,State,urban/rural,Age,sector_state,0,Telangana,1,0,0,0,NA,NA,NA,NA,NA,NA,NA,NA,NA,NA,NA,NA,NA,NA
2856,0.089169103,0.349200339,0.907623044,0.132877155,0.296255484,0.926246717,2022,State,urban/rural,Age,sector_state,0,Ladakh,0,0,0,1,NA,NA,NA,NA,NA,NA,NA,NA,NA,NA,NA,NA,NA,NA
2857,0.031534358,0.363493182,0.851130297,0.116035373,0.363493182,0.851130297,2022,State,urban/rural,Age,sector_state,0,Ladakh,0,0,1,0,NA,NA,NA,NA,NA,NA,NA,NA,NA,NA,NA,NA,NA,NA
2858,0.009391744,0.196034408,0.807350056,0.046125886,0.174208825,0.814957898,2022,State,urban/rural,Age,sector_state,0,Ladakh,0,1,0,0,NA,NA,NA,NA,NA,NA,NA,NA,NA,NA,NA,NA,NA,NA
2859,0,0.099138778,0.790574301,0,0.099138778,0.790574301,2022,State,urban/rural,Age,sector_state,0,Ladakh,1,0,0,0,NA,NA,NA,NA,NA,NA,NA,NA,NA,NA,NA,NA,NA,NA
2860,0.007493437,0.069152289,0.64728184,0.021399132,0.054000912,0.653540399,2022,State,urban/rural,Age,sector_state,1,Jammu & Kashmir,0,0,0,1,NA,NA,NA,NA,NA,NA,NA,NA,NA,NA,NA,NA,NA,NA
2861,0,0.062061772,0.559871046,0.004578976,0.051638363,0.561350618,2022,State,urban/rural,Age,sector_state,1,Jammu & Kashmir,0,0,1,0,NA,NA,NA,NA,NA,NA,NA,NA,NA,NA,NA,NA,NA,NA
2862,0.010486822,0.090199961,0.579857026,0.014329319,0.073579736,0.586466441,2022,State,urban/rural,Age,sector_state,1,Jammu & Kashmir,0,1,0,0,NA,NA,NA,NA,NA,NA,NA,NA,NA,NA,NA,NA,NA,NA
2863,0.010719547,0.129871276,0.530983893,0.016703304,0.094871477,0.530983893,2022,State,urban/rural,Age,sector_state,1,Jammu & Kashmir,1,0,0,0,NA,NA,NA,NA,NA,NA,NA,NA,NA,NA,NA,NA,NA,NA
2864,0,0.052255623,0.557311554,0.02343966,0.042564476,0.557311554,2022,State,urban/rural,Age,sector_state,1,Himachal Pradesh,0,0,0,1,NA,NA,NA,NA,NA,NA,NA,NA,NA,NA,NA,NA,NA,NA
2865,0,0.059820257,0.500929322,0.011554515,0.031163436,0.500929322,2022,State,urban/rural,Age,sector_state,1,Himachal Pradesh,0,0,1,0,NA,NA,NA,NA,NA,NA,NA,NA,NA,NA,NA,NA,NA,NA
2866,0,0.093824249,0.497140728,0.021196126,0.078779184,0.497140728,2022,State,urban/rural,Age,sector_state,1,Himachal Pradesh,0,1,0,0,NA,NA,NA,NA,NA,NA,NA,NA,NA,NA,NA,NA,NA,NA
2867,0,0.085677336,0.35070371,0.038908228,0.085677336,0.35070371,2022,State,urban/rural,Age,sector_state,1,Himachal Pradesh,1,0,0,0,NA,NA,NA,NA,NA,NA,NA,NA,NA,NA,NA,NA,NA,NA
2868,0,0.073565355,0.628788047,0.010404543,0.065871419,0.631461542,2022,State,urban/rural,Age,sector_state,1,Punjab,0,0,0,1,NA,NA,NA,NA,NA,NA,NA,NA,NA,NA,NA,NA,NA,NA
2869,0.003324378,0.087014775,0.598631473,0.003401001,0.063872394,0.605899889,2022,State,urban/rural,Age,sector_state,1,Punjab,0,0,1,0,NA,NA,NA,NA,NA,NA,NA,NA,NA,NA,NA,NA,NA,NA
2870,0.004733182,0.129932181,0.636458911,0.019205445,0.094855874,0.641824875,2022,State,urban/rural,Age,sector_state,1,Punjab,0,1,0,0,NA,NA,NA,NA,NA,NA,NA,NA,NA,NA,NA,NA,NA,NA
2871,0.009054006,0.159821507,0.582905345,0.017351182,0.134618963,0.587102747,2022,State,urban/rural,Age,sector_state,1,Punjab,1,0,0,0,NA,NA,NA,NA,NA,NA,NA,NA,NA,NA,NA,NA,NA,NA
2872,0,0,0.083714303,0,0,0.083714303,2022,State,urban/rural,Age,sector_state,1,Chandigarh,0,0,0,1,NA,NA,NA,NA,NA,NA,NA,NA,NA,NA,NA,NA,NA,NA
2873,0,0,0.156633001,0,0,0.156633001,2022,State,urban/rural,Age,sector_state,1,Chandigarh,0,0,1,0,NA,NA,NA,NA,NA,NA,NA,NA,NA,NA,NA,NA,NA,NA
2874,0,0,0.203564442,0,0,0.203564442,2022,State,urban/rural,Age,sector_state,1,Chandigarh,0,1,0,0,NA,NA,NA,NA,NA,NA,NA,NA,NA,NA,NA,NA,NA,NA
2875,0,0,0.106871142,0,0,0.106871142,2022,State,urban/rural,Age,sector_state,1,Chandigarh,1,0,0,0,NA,NA,NA,NA,NA,NA,NA,NA,NA,NA,NA,NA,NA,NA
2876,0,0.104080651,0.595785616,0.00873307,0.094134591,0.595785616,2022,State,urban/rural,Age,sector_state,1,Uttrakhand,0,0,0,1,NA,NA,NA,NA,NA,NA,NA,NA,NA,NA,NA,NA,NA,NA
2877,0.00842323,0.129986435,0.627122017,0.032281158,0.114671778,0.629525758,2022,State,urban/rural,Age,sector_state,1,Uttrakhand,0,0,1,0,NA,NA,NA,NA,NA,NA,NA,NA,NA,NA,NA,NA,NA,NA
2878,0.001999545,0.138225169,0.577544453,0.01392798,0.121413162,0.577544453,2022,State,urban/rural,Age,sector_state,1,Uttrakhand,0,1,0,0,NA,NA,NA,NA,NA,NA,NA,NA,NA,NA,NA,NA,NA,NA
2879,0,0.067137335,0.589285099,0,0.067137335,0.589285099,2022,State,urban/rural,Age,sector_state,1,Uttrakhand,1,0,0,0,NA,NA,NA,NA,NA,NA,NA,NA,NA,NA,NA,NA,NA,NA
2880,0.024079318,0.116460623,0.601020989,0.046908408,0.108555053,0.602106341,2022,State,urban/rural,Age,sector_state,1,Haryana,0,0,0,1,NA,NA,NA,NA,NA,NA,NA,NA,NA,NA,NA,NA,NA,NA
2881,0.009926597,0.118105044,0.594985331,0.018743053,0.096788588,0.594985331,2022,State,urban/rural,Age,sector_state,1,Haryana,0,0,1,0,NA,NA,NA,NA,NA,NA,NA,NA,NA,NA,NA,NA,NA,NA
2882,0.020768076,0.13883214,0.569159541,0.025308627,0.114944269,0.573384795,2022,State,urban/rural,Age,sector_state,1,Haryana,0,1,0,0,NA,NA,NA,NA,NA,NA,NA,NA,NA,NA,NA,NA,NA,NA
2883,0.018653555,0.143129646,0.504225272,0.042706561,0.113747408,0.504225272,2022,State,urban/rural,Age,sector_state,1,Haryana,1,0,0,0,NA,NA,NA,NA,NA,NA,NA,NA,NA,NA,NA,NA,NA,NA
2884,0.024967359,0.117386214,0.682542945,0.036100704,0.099994964,0.684496142,2022,State,urban/rural,Age,sector_state,1,Delhi,0,0,0,1,NA,NA,NA,NA,NA,NA,NA,NA,NA,NA,NA,NA,NA,NA
2885,0.007285327,0.128535869,0.645348149,0.015653732,0.107103227,0.645348149,2022,State,urban/rural,Age,sector_state,1,Delhi,0,0,1,0,NA,NA,NA,NA,NA,NA,NA,NA,NA,NA,NA,NA,NA,NA
2886,0.002256696,0.110666502,0.650153837,0.013708613,0.091710318,0.652196013,2022,State,urban/rural,Age,sector_state,1,Delhi,0,1,0,0,NA,NA,NA,NA,NA,NA,NA,NA,NA,NA,NA,NA,NA,NA
2887,0,0.088365498,0.473758302,0,0.063328426,0.476121601,2022,State,urban/rural,Age,sector_state,1,Delhi,1,0,0,0,NA,NA,NA,NA,NA,NA,NA,NA,NA,NA,NA,NA,NA,NA
2888,0.008834358,0.132713594,0.675509669,0.020406198,0.098786829,0.67686952,2022,State,urban/rural,Age,sector_state,1,Rajasthan,0,0,0,1,NA,NA,NA,NA,NA,NA,NA,NA,NA,NA,NA,NA,NA,NA
2889,0.010668548,0.174879033,0.724572755,0.033486044,0.150836555,0.72518303,2022,State,urban/rural,Age,sector_state,1,Rajasthan,0,0,1,0,NA,NA,NA,NA,NA,NA,NA,NA,NA,NA,NA,NA,NA,NA
2890,0.010427731,0.169209433,0.713084059,0.025775535,0.143393812,0.714152141,2022,State,urban/rural,Age,sector_state,1,Rajasthan,0,1,0,0,NA,NA,NA,NA,NA,NA,NA,NA,NA,NA,NA,NA,NA,NA
2891,0.00260766,0.180958228,0.615273902,0.026709555,0.132959936,0.615273902,2022,State,urban/rural,Age,sector_state,1,Rajasthan,1,0,0,0,NA,NA,NA,NA,NA,NA,NA,NA,NA,NA,NA,NA,NA,NA
2892,0.016831321,0.261708071,0.792673213,0.043369853,0.226905373,0.793489903,2022,State,urban/rural,Age,sector_state,1,Uttar Pradesh,0,0,0,1,NA,NA,NA,NA,NA,NA,NA,NA,NA,NA,NA,NA,NA,NA
2893,0.017784412,0.288259922,0.809782045,0.043698231,0.243900031,0.811022464,2022,State,urban/rural,Age,sector_state,1,Uttar Pradesh,0,0,1,0,NA,NA,NA,NA,NA,NA,NA,NA,NA,NA,NA,NA,NA,NA
2894,0.014518846,0.255693168,0.807878948,0.043070818,0.210381226,0.81035719,2022,State,urban/rural,Age,sector_state,1,Uttar Pradesh,0,1,0,0,NA,NA,NA,NA,NA,NA,NA,NA,NA,NA,NA,NA,NA,NA
2895,0.005853802,0.204164858,0.749629313,0.017674534,0.161839815,0.751128077,2022,State,urban/rural,Age,sector_state,1,Uttar Pradesh,1,0,0,0,NA,NA,NA,NA,NA,NA,NA,NA,NA,NA,NA,NA,NA,NA
2896,0.017488132,0.298950738,0.813575514,0.062994033,0.242324785,0.817882778,2022,State,urban/rural,Age,sector_state,1,Bihar,0,0,0,1,NA,NA,NA,NA,NA,NA,NA,NA,NA,NA,NA,NA,NA,NA
2897,0.027442044,0.260580878,0.811567501,0.053822547,0.218145826,0.815395854,2022,State,urban/rural,Age,sector_state,1,Bihar,0,0,1,0,NA,NA,NA,NA,NA,NA,NA,NA,NA,NA,NA,NA,NA,NA
2898,0.020490751,0.286401885,0.799969329,0.049191103,0.24459103,0.802223527,2022,State,urban/rural,Age,sector_state,1,Bihar,0,1,0,0,NA,NA,NA,NA,NA,NA,NA,NA,NA,NA,NA,NA,NA,NA
2899,0.003694258,0.268928162,0.743834335,0.043419397,0.217024223,0.743834335,2022,State,urban/rural,Age,sector_state,1,Bihar,1,0,0,0,NA,NA,NA,NA,NA,NA,NA,NA,NA,NA,NA,NA,NA,NA
2900,0,0.046678456,0.46369863,0,0.02599367,0.46369863,2022,State,urban/rural,Age,sector_state,1,Sikkim,0,0,0,1,NA,NA,NA,NA,NA,NA,NA,NA,NA,NA,NA,NA,NA,NA
2901,0,0.014614436,0.41344272,0.003534708,0.012257964,0.41344272,2022,State,urban/rural,Age,sector_state,1,Sikkim,0,0,1,0,NA,NA,NA,NA,NA,NA,NA,NA,NA,NA,NA,NA,NA,NA
2902,0,0.012216212,0.286207944,0,0.009983348,0.286207944,2022,State,urban/rural,Age,sector_state,1,Sikkim,0,1,0,0,NA,NA,NA,NA,NA,NA,NA,NA,NA,NA,NA,NA,NA,NA
2903,0,0,0.091930899,0,0,0.091930899,2022,State,urban/rural,Age,sector_state,1,Sikkim,1,0,0,0,NA,NA,NA,NA,NA,NA,NA,NA,NA,NA,NA,NA,NA,NA
2904,0,0.172680032,0.639748133,0.030784672,0.172680032,0.639748133,2022,State,urban/rural,Age,sector_state,1,Arunachal Pradesh,0,0,0,1,NA,NA,NA,NA,NA,NA,NA,NA,NA,NA,NA,NA,NA,NA
2905,0.005705641,0.163833557,0.606799285,0.016135493,0.155442309,0.609381768,2022,State,urban/rural,Age,sector_state,1,Arunachal Pradesh,0,0,1,0,NA,NA,NA,NA,NA,NA,NA,NA,NA,NA,NA,NA,NA,NA
2906,0.004459786,0.102228182,0.607422434,0.009386034,0.091069239,0.608628357,2022,State,urban/rural,Age,sector_state,1,Arunachal Pradesh,0,1,0,0,NA,NA,NA,NA,NA,NA,NA,NA,NA,NA,NA,NA,NA,NA
2907,0,0.038827627,0.322711705,0,0.030173949,0.322711705,2022,State,urban/rural,Age,sector_state,1,Arunachal Pradesh,1,0,0,0,NA,NA,NA,NA,NA,NA,NA,NA,NA,NA,NA,NA,NA,NA
2908,0,0.100071312,0.745004361,0,0.081126021,0.745004361,2022,State,urban/rural,Age,sector_state,1,Nagaland,0,0,0,1,NA,NA,NA,NA,NA,NA,NA,NA,NA,NA,NA,NA,NA,NA
2909,0,0.06755881,0.713796077,0.001489194,0.059607096,0.714966244,2022,State,urban/rural,Age,sector_state,1,Nagaland,0,0,1,0,NA,NA,NA,NA,NA,NA,NA,NA,NA,NA,NA,NA,NA,NA
2910,0.001021921,0.094023541,0.627158062,0.018467616,0.078871211,0.630889862,2022,State,urban/rural,Age,sector_state,1,Nagaland,0,1,0,0,NA,NA,NA,NA,NA,NA,NA,NA,NA,NA,NA,NA,NA,NA
2911,0,0.060886635,0.521183865,0.030044145,0.060886635,0.521183865,2022,State,urban/rural,Age,sector_state,1,Nagaland,1,0,0,0,NA,NA,NA,NA,NA,NA,NA,NA,NA,NA,NA,NA,NA,NA
2912,0.023508391,0.387526238,0.932384533,0.07273013,0.321202114,0.932384533,2022,State,urban/rural,Age,sector_state,1,Manipur,0,0,0,1,NA,NA,NA,NA,NA,NA,NA,NA,NA,NA,NA,NA,NA,NA
2913,0.021124322,0.317324266,0.898114367,0.04436693,0.273716992,0.898934294,2022,State,urban/rural,Age,sector_state,1,Manipur,0,0,1,0,NA,NA,NA,NA,NA,NA,NA,NA,NA,NA,NA,NA,NA,NA
2914,0.017375567,0.279983301,0.859336172,0.040732533,0.229154398,0.859336172,2022,State,urban/rural,Age,sector_state,1,Manipur,0,1,0,0,NA,NA,NA,NA,NA,NA,NA,NA,NA,NA,NA,NA,NA,NA
2915,0.025684714,0.285743526,0.886199865,0.041195992,0.233751961,0.895215437,2022,State,urban/rural,Age,sector_state,1,Manipur,1,0,0,0,NA,NA,NA,NA,NA,NA,NA,NA,NA,NA,NA,NA,NA,NA
2916,0.011295563,0.122757096,0.74816052,0.016257134,0.093785936,0.74816052,2022,State,urban/rural,Age,sector_state,1,Mizoram,0,0,0,1,NA,NA,NA,NA,NA,NA,NA,NA,NA,NA,NA,NA,NA,NA
2917,0.008065153,0.056938528,0.636031262,0.008065153,0.04379558,0.636410225,2022,State,urban/rural,Age,sector_state,1,Mizoram,0,0,1,0,NA,NA,NA,NA,NA,NA,NA,NA,NA,NA,NA,NA,NA,NA
2918,0,0.051173725,0.530033892,0.003406239,0.032602098,0.532717049,2022,State,urban/rural,Age,sector_state,1,Mizoram,0,1,0,0,NA,NA,NA,NA,NA,NA,NA,NA,NA,NA,NA,NA,NA,NA
2919,0,0.047716818,0.505027445,0,0,0.505027445,2022,State,urban/rural,Age,sector_state,1,Mizoram,1,0,0,0,NA,NA,NA,NA,NA,NA,NA,NA,NA,NA,NA,NA,NA,NA
2920,0,0.015770142,0.550574441,0,0.011812502,0.557612266,2022,State,urban/rural,Age,sector_state,1,Tripura,0,0,0,1,NA,NA,NA,NA,NA,NA,NA,NA,NA,NA,NA,NA,NA,NA
2921,0,0.028552126,0.488274523,0,0.025255929,0.490802406,2022,State,urban/rural,Age,sector_state,1,Tripura,0,0,1,0,NA,NA,NA,NA,NA,NA,NA,NA,NA,NA,NA,NA,NA,NA
2922,0,0.002909561,0.473019141,0,0.002909561,0.476518782,2022,State,urban/rural,Age,sector_state,1,Tripura,0,1,0,0,NA,NA,NA,NA,NA,NA,NA,NA,NA,NA,NA,NA,NA,NA
2923,0,0.046171225,0.313790889,0,0.046171225,0.327411876,2022,State,urban/rural,Age,sector_state,1,Tripura,1,0,0,0,NA,NA,NA,NA,NA,NA,NA,NA,NA,NA,NA,NA,NA,NA
2924,0.013712026,0.054137855,0.68703034,0.013712026,0.039853913,0.68703034,2022,State,urban/rural,Age,sector_state,1,Meghalaya,0,0,0,1,NA,NA,NA,NA,NA,NA,NA,NA,NA,NA,NA,NA,NA,NA
2925,0.009042477,0.167225955,0.733980465,0.041620293,0.139160813,0.73749768,2022,State,urban/rural,Age,sector_state,1,Meghalaya,0,0,1,0,NA,NA,NA,NA,NA,NA,NA,NA,NA,NA,NA,NA,NA,NA
2926,0.020151801,0.101537058,0.679154827,0.027074231,0.08698092,0.682121636,2022,State,urban/rural,Age,sector_state,1,Meghalaya,0,1,0,0,NA,NA,NA,NA,NA,NA,NA,NA,NA,NA,NA,NA,NA,NA
2927,0,0.082310793,0.559712739,0,0.06825074,0.559712739,2022,State,urban/rural,Age,sector_state,1,Meghalaya,1,0,0,0,NA,NA,NA,NA,NA,NA,NA,NA,NA,NA,NA,NA,NA,NA
2928,0.025472791,0.213974007,0.738576467,0.028824252,0.17393675,0.738576467,2022,State,urban/rural,Age,sector_state,1,Assam,0,0,0,1,NA,NA,NA,NA,NA,NA,NA,NA,NA,NA,NA,NA,NA,NA
2929,0.012173039,0.205219658,0.70579633,0.035646028,0.173188733,0.707814175,2022,State,urban/rural,Age,sector_state,1,Assam,0,0,1,0,NA,NA,NA,NA,NA,NA,NA,NA,NA,NA,NA,NA,NA,NA
2930,0.008952852,0.176837671,0.748509504,0.020909848,0.15554714,0.748509504,2022,State,urban/rural,Age,sector_state,1,Assam,0,1,0,0,NA,NA,NA,NA,NA,NA,NA,NA,NA,NA,NA,NA,NA,NA
2931,0,0.086187458,0.54621459,0.009212466,0.086187458,0.54621459,2022,State,urban/rural,Age,sector_state,1,Assam,1,0,0,0,NA,NA,NA,NA,NA,NA,NA,NA,NA,NA,NA,NA,NA,NA
2932,0.013176272,0.190049233,0.673031102,0.040502598,0.172047753,0.675497947,2022,State,urban/rural,Age,sector_state,1,West Bengal,0,0,0,1,NA,NA,NA,NA,NA,NA,NA,NA,NA,NA,NA,NA,NA,NA
2933,0.019616225,0.228704954,0.728745464,0.042698994,0.193501982,0.729550455,2022,State,urban/rural,Age,sector_state,1,West Bengal,0,0,1,0,NA,NA,NA,NA,NA,NA,NA,NA,NA,NA,NA,NA,NA,NA
2934,0.021281933,0.268191449,0.776613044,0.057820322,0.231315126,0.777421333,2022,State,urban/rural,Age,sector_state,1,West Bengal,0,1,0,0,NA,NA,NA,NA,NA,NA,NA,NA,NA,NA,NA,NA,NA,NA
2935,0.022950932,0.22906112,0.717510524,0.047097237,0.191391067,0.718413031,2022,State,urban/rural,Age,sector_state,1,West Bengal,1,0,0,0,NA,NA,NA,NA,NA,NA,NA,NA,NA,NA,NA,NA,NA,NA
2936,0.018571512,0.243500858,0.746373271,0.064872144,0.196854841,0.74656057,2022,State,urban/rural,Age,sector_state,1,Jharkhand,0,0,0,1,NA,NA,NA,NA,NA,NA,NA,NA,NA,NA,NA,NA,NA,NA
2937,0.033278982,0.277226665,0.759525994,0.056534404,0.236402152,0.761862373,2022,State,urban/rural,Age,sector_state,1,Jharkhand,0,0,1,0,NA,NA,NA,NA,NA,NA,NA,NA,NA,NA,NA,NA,NA,NA
2938,0.04847618,0.29434389,0.807733538,0.097729299,0.266227634,0.807733538,2022,State,urban/rural,Age,sector_state,1,Jharkhand,0,1,0,0,NA,NA,NA,NA,NA,NA,NA,NA,NA,NA,NA,NA,NA,NA
2939,0.06769303,0.358367431,0.813058828,0.105742347,0.323823357,0.813058828,2022,State,urban/rural,Age,sector_state,1,Jharkhand,1,0,0,0,NA,NA,NA,NA,NA,NA,NA,NA,NA,NA,NA,NA,NA,NA
2940,0.0380291,0.256810443,0.798754018,0.05146304,0.228889886,0.798754018,2022,State,urban/rural,Age,sector_state,1,Odisha,0,0,0,1,NA,NA,NA,NA,NA,NA,NA,NA,NA,NA,NA,NA,NA,NA
2941,0.027604792,0.278438074,0.763386725,0.068716287,0.230826387,0.764950462,2022,State,urban/rural,Age,sector_state,1,Odisha,0,0,1,0,NA,NA,NA,NA,NA,NA,NA,NA,NA,NA,NA,NA,NA,NA
2942,0.022077907,0.298947312,0.759169544,0.060615532,0.270961194,0.75970286,2022,State,urban/rural,Age,sector_state,1,Odisha,0,1,0,0,NA,NA,NA,NA,NA,NA,NA,NA,NA,NA,NA,NA,NA,NA
2943,0.03856463,0.27316006,0.602399143,0.049135253,0.212430072,0.611716113,2022,State,urban/rural,Age,sector_state,1,Odisha,1,0,0,0,NA,NA,NA,NA,NA,NA,NA,NA,NA,NA,NA,NA,NA,NA
2944,0.060215315,0.339539964,0.78369253,0.128324232,0.310881118,0.78369253,2022,State,urban/rural,Age,sector_state,1,Chhattisgarh,0,0,0,1,NA,NA,NA,NA,NA,NA,NA,NA,NA,NA,NA,NA,NA,NA
2945,0.053559182,0.269087469,0.758507878,0.086017468,0.237667123,0.766035448,2022,State,urban/rural,Age,sector_state,1,Chhattisgarh,0,0,1,0,NA,NA,NA,NA,NA,NA,NA,NA,NA,NA,NA,NA,NA,NA
2946,0.015783701,0.262037869,0.818907175,0.041977591,0.24048951,0.818907175,2022,State,urban/rural,Age,sector_state,1,Chhattisgarh,0,1,0,0,NA,NA,NA,NA,NA,NA,NA,NA,NA,NA,NA,NA,NA,NA
2947,0.028586136,0.365450265,0.7852993,0.038075308,0.253454063,0.7852993,2022,State,urban/rural,Age,sector_state,1,Chhattisgarh,1,0,0,0,NA,NA,NA,NA,NA,NA,NA,NA,NA,NA,NA,NA,NA,NA
2948,0.015698533,0.317589217,0.819761493,0.030463026,0.250446401,0.820035112,2022,State,urban/rural,Age,sector_state,1,Madhya Pradesh,0,0,0,1,NA,NA,NA,NA,NA,NA,NA,NA,NA,NA,NA,NA,NA,NA
2949,0.009277083,0.271965158,0.78467249,0.031882506,0.237228049,0.785504746,2022,State,urban/rural,Age,sector_state,1,Madhya Pradesh,0,0,1,0,NA,NA,NA,NA,NA,NA,NA,NA,NA,NA,NA,NA,NA,NA
2950,0.006070978,0.248505839,0.787423016,0.035344634,0.193870254,0.787912484,2022,State,urban/rural,Age,sector_state,1,Madhya Pradesh,0,1,0,0,NA,NA,NA,NA,NA,NA,NA,NA,NA,NA,NA,NA,NA,NA
2951,0.009023673,0.157535069,0.611246202,0.009950645,0.114985386,0.612013085,2022,State,urban/rural,Age,sector_state,1,Madhya Pradesh,1,0,0,0,NA,NA,NA,NA,NA,NA,NA,NA,NA,NA,NA,NA,NA,NA
2952,0.005036221,0.183489955,0.705010016,0.032839238,0.146799747,0.707456572,2022,State,urban/rural,Age,sector_state,1,Gujarat,0,0,0,1,NA,NA,NA,NA,NA,NA,NA,NA,NA,NA,NA,NA,NA,NA
2953,0.00486188,0.131637215,0.68852324,0.019918018,0.109608772,0.690613814,2022,State,urban/rural,Age,sector_state,1,Gujarat,0,0,1,0,NA,NA,NA,NA,NA,NA,NA,NA,NA,NA,NA,NA,NA,NA
2954,0.014122009,0.167749557,0.742161104,0.031302702,0.136118196,0.745516113,2022,State,urban/rural,Age,sector_state,1,Gujarat,0,1,0,0,NA,NA,NA,NA,NA,NA,NA,NA,NA,NA,NA,NA,NA,NA
2955,0.00427435,0.132589937,0.618679514,0.014228242,0.086742248,0.618679514,2022,State,urban/rural,Age,sector_state,1,Gujarat,1,0,0,0,NA,NA,NA,NA,NA,NA,NA,NA,NA,NA,NA,NA,NA,NA
2956,0,0.05098417,0.712068677,0,0,0.712068677,2022,State,urban/rural,Age,sector_state,1,Daman & Diu & D & N Haveli,0,0,0,1,NA,NA,NA,NA,NA,NA,NA,NA,NA,NA,NA,NA,NA,NA
2957,0,0.075108194,0.813640409,0,0.037554097,0.813640409,2022,State,urban/rural,Age,sector_state,1,Daman & Diu & D & N Haveli,0,0,1,0,NA,NA,NA,NA,NA,NA,NA,NA,NA,NA,NA,NA,NA,NA
2958,0.018513718,0.17018894,0.852507276,0.018513718,0.136418674,0.85607922,2022,State,urban/rural,Age,sector_state,1,Daman & Diu & D & N Haveli,0,1,0,0,NA,NA,NA,NA,NA,NA,NA,NA,NA,NA,NA,NA,NA,NA
2959,0,0.109595985,0.554203908,0,0.094026335,0.554203908,2022,State,urban/rural,Age,sector_state,1,Daman & Diu & D & N Haveli,1,0,0,0,NA,NA,NA,NA,NA,NA,NA,NA,NA,NA,NA,NA,NA,NA
2960,0.015491465,0.219411438,0.719149456,0.039157679,0.18887106,0.720478533,2022,State,urban/rural,Age,sector_state,1,Maharashtra,0,0,0,1,NA,NA,NA,NA,NA,NA,NA,NA,NA,NA,NA,NA,NA,NA
2961,0.018167304,0.206027956,0.725090614,0.048298811,0.178225347,0.72696718,2022,State,urban/rural,Age,sector_state,1,Maharashtra,0,0,1,0,NA,NA,NA,NA,NA,NA,NA,NA,NA,NA,NA,NA,NA,NA
2962,0.015021819,0.226529802,0.743523362,0.034617829,0.194785174,0.744708966,2022,State,urban/rural,Age,sector_state,1,Maharashtra,0,1,0,0,NA,NA,NA,NA,NA,NA,NA,NA,NA,NA,NA,NA,NA,NA
2963,0.025516117,0.163288571,0.614115119,0.048858851,0.143568377,0.615689577,2022,State,urban/rural,Age,sector_state,1,Maharashtra,1,0,0,0,NA,NA,NA,NA,NA,NA,NA,NA,NA,NA,NA,NA,NA,NA
2964,0.011749549,0.087638864,0.593066426,0.024929032,0.079940598,0.60029419,2022,State,urban/rural,Age,sector_state,1,Andhra Pradesh,0,0,0,1,NA,NA,NA,NA,NA,NA,NA,NA,NA,NA,NA,NA,NA,NA
2965,0.010683696,0.080061585,0.571437912,0.013277186,0.068729083,0.571894146,2022,State,urban/rural,Age,sector_state,1,Andhra Pradesh,0,0,1,0,NA,NA,NA,NA,NA,NA,NA,NA,NA,NA,NA,NA,NA,NA
2966,0.003292674,0.123492522,0.676481021,0.016336433,0.091159295,0.676481021,2022,State,urban/rural,Age,sector_state,1,Andhra Pradesh,0,1,0,0,NA,NA,NA,NA,NA,NA,NA,NA,NA,NA,NA,NA,NA,NA
2967,0.013774917,0.061073987,0.567848746,0.014444139,0.045631888,0.567848746,2022,State,urban/rural,Age,sector_state,1,Andhra Pradesh,1,0,0,0,NA,NA,NA,NA,NA,NA,NA,NA,NA,NA,NA,NA,NA,NA
2968,0.003127504,0.129290413,0.628690309,0.01195969,0.105046493,0.632013838,2022,State,urban/rural,Age,sector_state,1,Karnataka,0,0,0,1,NA,NA,NA,NA,NA,NA,NA,NA,NA,NA,NA,NA,NA,NA
2969,0.001722555,0.076858082,0.571659662,0.007079233,0.059705094,0.574017089,2022,State,urban/rural,Age,sector_state,1,Karnataka,0,0,1,0,NA,NA,NA,NA,NA,NA,NA,NA,NA,NA,NA,NA,NA,NA
2970,0.004580585,0.097208958,0.543034413,0.013797233,0.079319169,0.545384557,2022,State,urban/rural,Age,sector_state,1,Karnataka,0,1,0,0,NA,NA,NA,NA,NA,NA,NA,NA,NA,NA,NA,NA,NA,NA
2971,0,0.048214216,0.333608165,0.006005943,0.043244969,0.334849901,2022,State,urban/rural,Age,sector_state,1,Karnataka,1,0,0,0,NA,NA,NA,NA,NA,NA,NA,NA,NA,NA,NA,NA,NA,NA
2972,0,0,0.689083883,0,0,0.689083883,2022,State,urban/rural,Age,sector_state,1,Goa,0,0,0,1,NA,NA,NA,NA,NA,NA,NA,NA,NA,NA,NA,NA,NA,NA
2973,0,0,0.416585989,0,0,0.416585989,2022,State,urban/rural,Age,sector_state,1,Goa,0,0,1,0,NA,NA,NA,NA,NA,NA,NA,NA,NA,NA,NA,NA,NA,NA
2974,0.026904481,0.071143378,0.550648578,0.026904481,0.044238898,0.550648578,2022,State,urban/rural,Age,sector_state,1,Goa,0,1,0,0,NA,NA,NA,NA,NA,NA,NA,NA,NA,NA,NA,NA,NA,NA
2975,0,0,0.524406332,0,0,0.524406332,2022,State,urban/rural,Age,sector_state,1,Goa,1,0,0,0,NA,NA,NA,NA,NA,NA,NA,NA,NA,NA,NA,NA,NA,NA
2976,0,0.102840687,0.766478269,0,0.076216341,0.766478269,2022,State,urban/rural,Age,sector_state,1,Lakshadweep,0,0,0,1,NA,NA,NA,NA,NA,NA,NA,NA,NA,NA,NA,NA,NA,NA
2977,0,0,0.733809392,0,0,0.733809392,2022,State,urban/rural,Age,sector_state,1,Lakshadweep,0,0,1,0,NA,NA,NA,NA,NA,NA,NA,NA,NA,NA,NA,NA,NA,NA
2978,0,0.028866624,0.578741453,0,0.028866624,0.578741453,2022,State,urban/rural,Age,sector_state,1,Lakshadweep,0,1,0,0,NA,NA,NA,NA,NA,NA,NA,NA,NA,NA,NA,NA,NA,NA
2979,0,0,0.243305092,0,0,0.243305092,2022,State,urban/rural,Age,sector_state,1,Lakshadweep,1,0,0,0,NA,NA,NA,NA,NA,NA,NA,NA,NA,NA,NA,NA,NA,NA
2980,0.007658678,0.170452477,0.674523034,0.024181576,0.129368101,0.674523034,2022,State,urban/rural,Age,sector_state,1,Kerala,0,0,0,1,NA,NA,NA,NA,NA,NA,NA,NA,NA,NA,NA,NA,NA,NA
2981,0.004718323,0.111644982,0.60701643,0.012938638,0.08676856,0.610419614,2022,State,urban/rural,Age,sector_state,1,Kerala,0,0,1,0,NA,NA,NA,NA,NA,NA,NA,NA,NA,NA,NA,NA,NA,NA
2982,0,0.118045377,0.682161645,0.011618511,0.092435281,0.684898743,2022,State,urban/rural,Age,sector_state,1,Kerala,0,1,0,0,NA,NA,NA,NA,NA,NA,NA,NA,NA,NA,NA,NA,NA,NA
2983,0,0.017699783,0.258980435,0,0.015614225,0.261818876,2022,State,urban/rural,Age,sector_state,1,Kerala,1,0,0,0,NA,NA,NA,NA,NA,NA,NA,NA,NA,NA,NA,NA,NA,NA
2984,0.002585188,0.090325096,0.577012447,0.011183446,0.072856194,0.577343332,2022,State,urban/rural,Age,sector_state,1,Tamil Nadu,0,0,0,1,NA,NA,NA,NA,NA,NA,NA,NA,NA,NA,NA,NA,NA,NA
2985,0.000229529,0.045500381,0.515361484,0.005071029,0.035780868,0.517107196,2022,State,urban/rural,Age,sector_state,1,Tamil Nadu,0,0,1,0,NA,NA,NA,NA,NA,NA,NA,NA,NA,NA,NA,NA,NA,NA
2986,0.002223428,0.054563649,0.548238239,0.00594141,0.038256945,0.552126038,2022,State,urban/rural,Age,sector_state,1,Tamil Nadu,0,1,0,0,NA,NA,NA,NA,NA,NA,NA,NA,NA,NA,NA,NA,NA,NA
2987,0.003908824,0.048126772,0.366900837,0.003908824,0.032753981,0.367064019,2022,State,urban/rural,Age,sector_state,1,Tamil Nadu,1,0,0,0,NA,NA,NA,NA,NA,NA,NA,NA,NA,NA,NA,NA,NA,NA
2988,0,0.097585173,0.495907409,0,0.097585173,0.495907409,2022,State,urban/rural,Age,sector_state,1,Puducherry,0,0,0,1,NA,NA,NA,NA,NA,NA,NA,NA,NA,NA,NA,NA,NA,NA
2989,0,0.053174937,0.439730538,0.00903315,0.053174937,0.439730538,2022,State,urban/rural,Age,sector_state,1,Puducherry,0,0,1,0,NA,NA,NA,NA,NA,NA,NA,NA,NA,NA,NA,NA,NA,NA
2990,0,0.039228418,0.436488832,0.007825187,0.02347556,0.436488832,2022,State,urban/rural,Age,sector_state,1,Puducherry,0,1,0,0,NA,NA,NA,NA,NA,NA,NA,NA,NA,NA,NA,NA,NA,NA
2991,0,0.100390326,0.423082544,0,0.100390326,0.423082544,2022,State,urban/rural,Age,sector_state,1,Puducherry,1,0,0,0,NA,NA,NA,NA,NA,NA,NA,NA,NA,NA,NA,NA,NA,NA
2992,0,0.069311271,0.552079274,0,0.053816885,0.552079274,2022,State,urban/rural,Age,sector_state,1,A & N Island,0,0,0,1,NA,NA,NA,NA,NA,NA,NA,NA,NA,NA,NA,NA,NA,NA
2993,0,0,0.157883527,0,0,0.157883527,2022,State,urban/rural,Age,sector_state,1,A & N Island,0,0,1,0,NA,NA,NA,NA,NA,NA,NA,NA,NA,NA,NA,NA,NA,NA
2994,0,0,0.246800595,0,0,0.246800595,2022,State,urban/rural,Age,sector_state,1,A & N Island,0,1,0,0,NA,NA,NA,NA,NA,NA,NA,NA,NA,NA,NA,NA,NA,NA
2995,0.015662075,0.015662075,0.296357149,0.015662075,0.015662075,0.296357149,2022,State,urban/rural,Age,sector_state,1,A & N Island,1,0,0,0,NA,NA,NA,NA,NA,NA,NA,NA,NA,NA,NA,NA,NA,NA
2996,0.001372428,0.124557697,0.591500158,0.014033783,0.100669034,0.591500158,2022,State,urban/rural,Age,sector_state,1,Telangana,0,0,0,1,NA,NA,NA,NA,NA,NA,NA,NA,NA,NA,NA,NA,NA,NA
2997,0.002698136,0.088493875,0.588405582,0.002698136,0.06985328,0.592136386,2022,State,urban/rural,Age,sector_state,1,Telangana,0,0,1,0,NA,NA,NA,NA,NA,NA,NA,NA,NA,NA,NA,NA,NA,NA
2998,0,0.067930746,0.614880729,0.00209952,0.054259509,0.619914939,2022,State,urban/rural,Age,sector_state,1,Telangana,0,1,0,0,NA,NA,NA,NA,NA,NA,NA,NA,NA,NA,NA,NA,NA,NA
2999,0,0.066016165,0.41671648,0.000431049,0.030787782,0.422990534,2022,State,urban/rural,Age,sector_state,1,Telangana,1,0,0,0,NA,NA,NA,NA,NA,NA,NA,NA,NA,NA,NA,NA,NA,NA
3000,0.025623838,0.2540076,0.765497257,0.025623838,0.169292155,0.765497257,2022,State,urban/rural,Age,sector_state,1,Ladakh,0,0,0,1,NA,NA,NA,NA,NA,NA,NA,NA,NA,NA,NA,NA,NA,NA
3001,0.048140907,0.147686607,0.70205794,0.060939845,0.13323875,0.710057276,2022,State,urban/rural,Age,sector_state,1,Ladakh,0,0,1,0,NA,NA,NA,NA,NA,NA,NA,NA,NA,NA,NA,NA,NA,NA
3002,0.028592181,0.094714332,0.533294775,0.028592181,0.08394841,0.533294775,2022,State,urban/rural,Age,sector_state,1,Ladakh,0,1,0,0,NA,NA,NA,NA,NA,NA,NA,NA,NA,NA,NA,NA,NA,NA
3003,0,0.086805841,0.469449765,0,0.086805841,0.469449765,2022,State,urban/rural,Age,sector_state,1,Ladakh,1,0,0,0,NA,NA,NA,NA,NA,NA,NA,NA,NA,NA,NA,NA,NA,NA
3004,0.00139842,0.053638333,0.415247347,0.005639524,0.041190689,0.417079226,2022,National,All,Education,allindia,99,India,NA,NA,NA,NA,0,0,0,0,0,1,NA,NA,NA,NA,NA,NA,NA,NA
3005,0.004445523,0.091065967,0.538456891,0.009994094,0.07289917,0.540945804,2022,National,All,Education,allindia,99,India,NA,NA,NA,NA,0,0,0,0,1,0,NA,NA,NA,NA,NA,NA,NA,NA
3006,0.011216806,0.185377059,0.758824792,0.02753424,0.152053084,0.760377233,2022,National,All,Education,allindia,99,India,NA,NA,NA,NA,0,0,0,1,0,0,NA,NA,NA,NA,NA,NA,NA,NA
3007,0.016443903,0.263363294,0.846335604,0.040444069,0.21978645,0.847974561,2022,National,All,Education,allindia,99,India,NA,NA,NA,NA,0,0,1,0,0,0,NA,NA,NA,NA,NA,NA,NA,NA
3008,0.020492551,0.293611185,0.871966979,0.047929602,0.246088249,0.87320502,2022,National,All,Education,allindia,99,India,NA,NA,NA,NA,0,1,0,0,0,0,NA,NA,NA,NA,NA,NA,NA,NA
3009,0.039697412,0.394273681,0.914517097,0.085115852,0.342062328,0.915378415,2022,National,All,Education,allindia,99,India,NA,NA,NA,NA,1,0,0,0,0,0,NA,NA,NA,NA,NA,NA,NA,NA
3010,0.00140904,0.101562314,0.601377524,0.011491324,0.081856389,0.604207012,2022,National,urban/rural,Education,sect_allindia,0,India,NA,NA,NA,NA,0,0,0,0,0,1,NA,NA,NA,NA,NA,NA,NA,NA
3011,0.008806575,0.15722945,0.706543183,0.018874052,0.127426098,0.707983812,2022,National,urban/rural,Education,sect_allindia,0,India,NA,NA,NA,NA,0,0,0,0,1,0,NA,NA,NA,NA,NA,NA,NA,NA
3012,0.014158352,0.22486707,0.81364667,0.034509283,0.186072839,0.815030039,2022,National,urban/rural,Education,sect_allindia,0,India,NA,NA,NA,NA,0,0,0,1,0,0,NA,NA,NA,NA,NA,NA,NA,NA
3013,0.019143037,0.2870354,0.869740872,0.045710112,0.241307704,0.870879361,2022,National,urban/rural,Education,sect_allindia,0,India,NA,NA,NA,NA,0,0,1,0,0,0,NA,NA,NA,NA,NA,NA,NA,NA
3014,0.022358191,0.309986653,0.888600225,0.05074769,0.260031257,0.889934258,2022,National,urban/rural,Education,sect_allindia,0,India,NA,NA,NA,NA,0,1,0,0,0,0,NA,NA,NA,NA,NA,NA,NA,NA
3015,0.041831533,0.406723774,0.922621802,0.08803536,0.352766537,0.923467646,2022,National,urban/rural,Education,sect_allindia,0,India,NA,NA,NA,NA,1,0,0,0,0,0,NA,NA,NA,NA,NA,NA,NA,NA
3016,0.001393337,0.030700605,0.326160351,0.002838692,0.021726972,0.327514747,2022,National,urban/rural,Education,sect_allindia,1,India,NA,NA,NA,NA,0,0,0,0,0,1,NA,NA,NA,NA,NA,NA,NA,NA
3017,0.001456812,0.045722874,0.423264158,0.00390849,0.035530829,0.426471481,2022,National,urban/rural,Education,sect_allindia,1,India,NA,NA,NA,NA,0,0,0,0,1,0,NA,NA,NA,NA,NA,NA,NA,NA
3018,0.006255147,0.118767189,0.666353859,0.015769068,0.094670183,0.668191485,2022,National,urban/rural,Education,sect_allindia,1,India,NA,NA,NA,NA,0,0,0,1,0,0,NA,NA,NA,NA,NA,NA,NA,NA
3019,0.008767835,0.196042161,0.779773329,0.025467962,0.158582128,0.78283557,2022,National,urban/rural,Education,sect_allindia,1,India,NA,NA,NA,NA,0,0,1,0,0,0,NA,NA,NA,NA,NA,NA,NA,NA
3020,0.014449449,0.240568456,0.818089261,0.038801367,0.200924643,0.819016372,2022,National,urban/rural,Education,sect_allindia,1,India,NA,NA,NA,NA,0,1,0,0,0,0,NA,NA,NA,NA,NA,NA,NA,NA
3021,0.028761101,0.330473112,0.872984495,0.070154822,0.287208552,0.873925108,2022,National,urban/rural,Education,sect_allindia,1,India,NA,NA,NA,NA,1,0,0,0,0,0,NA,NA,NA,NA,NA,NA,NA,NA
3022,0,0.004281193,0.380392342,0,0.004281193,0.39631596,2022,State,All,Education,state,99,Jammu & Kashmir,NA,NA,NA,NA,0,0,0,0,0,1,NA,NA,NA,NA,NA,NA,NA,NA
3023,0,0.047503877,0.437543,0,0.043530333,0.437543,2022,State,All,Education,state,99,Jammu & Kashmir,NA,NA,NA,NA,0,0,0,0,1,0,NA,NA,NA,NA,NA,NA,NA,NA
3024,0,0.068495816,0.628600773,0.001136941,0.054681355,0.628756262,2022,State,All,Education,state,99,Jammu & Kashmir,NA,NA,NA,NA,0,0,0,1,0,0,NA,NA,NA,NA,NA,NA,NA,NA
3025,0,0.155012228,0.754308405,0.005352201,0.121457392,0.755388008,2022,State,All,Education,state,99,Jammu & Kashmir,NA,NA,NA,NA,0,0,1,0,0,0,NA,NA,NA,NA,NA,NA,NA,NA
3026,0.01138496,0.210316239,0.812937623,0.016747268,0.15131966,0.815983981,2022,State,All,Education,state,99,Jammu & Kashmir,NA,NA,NA,NA,0,1,0,0,0,0,NA,NA,NA,NA,NA,NA,NA,NA
3027,0.017692328,0.297445061,0.863575306,0.029099857,0.260370611,0.863768688,2022,State,All,Education,state,99,Jammu & Kashmir,NA,NA,NA,NA,1,0,0,0,0,0,NA,NA,NA,NA,NA,NA,NA,NA
3028,0,0,0.205779256,0,0,0.205779256,2022,State,All,Education,state,99,Himachal Pradesh,NA,NA,NA,NA,0,0,0,0,0,1,NA,NA,NA,NA,NA,NA,NA,NA
3029,0,0.054903681,0.347028515,0,0.03637854,0.347028515,2022,State,All,Education,state,99,Himachal Pradesh,NA,NA,NA,NA,0,0,0,0,1,0,NA,NA,NA,NA,NA,NA,NA,NA
3030,0.002176206,0.028408714,0.529789002,0.0025127,0.022419465,0.531981978,2022,State,All,Education,state,99,Himachal Pradesh,NA,NA,NA,NA,0,0,0,1,0,0,NA,NA,NA,NA,NA,NA,NA,NA
3031,0,0.090430516,0.672671868,0.0002787,0.076381071,0.672671868,2022,State,All,Education,state,99,Himachal Pradesh,NA,NA,NA,NA,0,0,1,0,0,0,NA,NA,NA,NA,NA,NA,NA,NA
3032,0,0.095574616,0.721105763,0.003919234,0.058120842,0.723111286,2022,State,All,Education,state,99,Himachal Pradesh,NA,NA,NA,NA,0,1,0,0,0,0,NA,NA,NA,NA,NA,NA,NA,NA
3033,0.00763242,0.152446755,0.801766776,0.02587024,0.113961732,0.802729371,2022,State,All,Education,state,99,Himachal Pradesh,NA,NA,NA,NA,1,0,0,0,0,0,NA,NA,NA,NA,NA,NA,NA,NA
3034,0,0.018801651,0.233569616,0,0.018801651,0.233569616,2022,State,All,Education,state,99,Punjab,NA,NA,NA,NA,0,0,0,0,0,1,NA,NA,NA,NA,NA,NA,NA,NA
3035,0.002431157,0.024077262,0.271773999,0.002431157,0.021646104,0.278476043,2022,State,All,Education,state,99,Punjab,NA,NA,NA,NA,0,0,0,0,1,0,NA,NA,NA,NA,NA,NA,NA,NA
3036,0.002723693,0.053394068,0.590085056,0.005203441,0.043388222,0.593808658,2022,State,All,Education,state,99,Punjab,NA,NA,NA,NA,0,0,0,1,0,0,NA,NA,NA,NA,NA,NA,NA,NA
3037,0.002002164,0.05465497,0.706670705,0.002805546,0.048501776,0.713592379,2022,State,All,Education,state,99,Punjab,NA,NA,NA,NA,0,0,1,0,0,0,NA,NA,NA,NA,NA,NA,NA,NA
3038,0.002997823,0.119808205,0.768197147,0.008953038,0.085843032,0.773748342,2022,State,All,Education,state,99,Punjab,NA,NA,NA,NA,0,1,0,0,0,0,NA,NA,NA,NA,NA,NA,NA,NA
3039,0.002326531,0.164482966,0.82617745,0.011208106,0.123630502,0.827426467,2022,State,All,Education,state,99,Punjab,NA,NA,NA,NA,1,0,0,0,0,0,NA,NA,NA,NA,NA,NA,NA,NA
3040,0,0,0.001745447,0,0,0.001745447,2022,State,All,Education,state,99,Chandigarh,NA,NA,NA,NA,0,0,0,0,0,1,NA,NA,NA,NA,NA,NA,NA,NA
3041,0,0,0.024754277,0,0,0.024754277,2022,State,All,Education,state,99,Chandigarh,NA,NA,NA,NA,0,0,0,0,1,0,NA,NA,NA,NA,NA,NA,NA,NA
3042,0,0,0.235290731,0,0,0.235290731,2022,State,All,Education,state,99,Chandigarh,NA,NA,NA,NA,0,0,0,1,0,0,NA,NA,NA,NA,NA,NA,NA,NA
3043,0,0,0.447976262,0,0,0.447976262,2022,State,All,Education,state,99,Chandigarh,NA,NA,NA,NA,0,0,1,0,0,0,NA,NA,NA,NA,NA,NA,NA,NA
3044,0,0.003047008,0.623867107,0,0,0.623867107,2022,State,All,Education,state,99,Chandigarh,NA,NA,NA,NA,0,1,0,0,0,0,NA,NA,NA,NA,NA,NA,NA,NA
3045,0,0,0.533956522,0,0,0.533956522,2022,State,All,Education,state,99,Chandigarh,NA,NA,NA,NA,1,0,0,0,0,0,NA,NA,NA,NA,NA,NA,NA,NA
3046,0,0.045492431,0.348215226,0.044255209,0.045492431,0.348215226,2022,State,All,Education,state,99,Uttrakhand,NA,NA,NA,NA,0,0,0,0,0,1,NA,NA,NA,NA,NA,NA,NA,NA
3047,0,0.015795697,0.379372713,0,0.015795697,0.380415094,2022,State,All,Education,state,99,Uttrakhand,NA,NA,NA,NA,0,0,0,0,1,0,NA,NA,NA,NA,NA,NA,NA,NA
3048,0.004691048,0.133891196,0.70720524,0.014658668,0.104426271,0.707714442,2022,State,All,Education,state,99,Uttrakhand,NA,NA,NA,NA,0,0,0,1,0,0,NA,NA,NA,NA,NA,NA,NA,NA
3049,0.014502895,0.179284666,0.745350273,0.035073201,0.153644349,0.745350273,2022,State,All,Education,state,99,Uttrakhand,NA,NA,NA,NA,0,0,1,0,0,0,NA,NA,NA,NA,NA,NA,NA,NA
3050,0.012828338,0.213757895,0.880448893,0.027035502,0.193640464,0.880448893,2022,State,All,Education,state,99,Uttrakhand,NA,NA,NA,NA,0,1,0,0,0,0,NA,NA,NA,NA,NA,NA,NA,NA
3051,0.008264415,0.302463829,0.907969864,0.037749025,0.246045014,0.907969864,2022,State,All,Education,state,99,Uttrakhand,NA,NA,NA,NA,1,0,0,0,0,0,NA,NA,NA,NA,NA,NA,NA,NA
3052,0,0.048100871,0.329714826,0,0.038953299,0.329714826,2022,State,All,Education,state,99,Haryana,NA,NA,NA,NA,0,0,0,0,0,1,NA,NA,NA,NA,NA,NA,NA,NA
3053,0,0.028462342,0.395664085,0,0.023324278,0.399790631,2022,State,All,Education,state,99,Haryana,NA,NA,NA,NA,0,0,0,0,1,0,NA,NA,NA,NA,NA,NA,NA,NA
3054,0.012059685,0.117414117,0.678214445,0.025186115,0.094365768,0.680263944,2022,State,All,Education,state,99,Haryana,NA,NA,NA,NA,0,0,0,1,0,0,NA,NA,NA,NA,NA,NA,NA,NA
3055,0.009264844,0.161582666,0.768258112,0.036038629,0.132210417,0.771831256,2022,State,All,Education,state,99,Haryana,NA,NA,NA,NA,0,0,1,0,0,0,NA,NA,NA,NA,NA,NA,NA,NA
3056,0.009539446,0.203710136,0.815535621,0.022379803,0.16452298,0.815535621,2022,State,All,Education,state,99,Haryana,NA,NA,NA,NA,0,1,0,0,0,0,NA,NA,NA,NA,NA,NA,NA,NA
3057,0.040805484,0.261240731,0.862087955,0.072813913,0.218764382,0.862087955,2022,State,All,Education,state,99,Haryana,NA,NA,NA,NA,1,0,0,0,0,0,NA,NA,NA,NA,NA,NA,NA,NA
3058,0,0.031250643,0.25519284,0,0.017361468,0.25519284,2022,State,All,Education,state,99,Delhi,NA,NA,NA,NA,0,0,0,0,0,1,NA,NA,NA,NA,NA,NA,NA,NA
3059,0,0.006999201,0.352030897,0,0.002618712,0.354179948,2022,State,All,Education,state,99,Delhi,NA,NA,NA,NA,0,0,0,0,1,0,NA,NA,NA,NA,NA,NA,NA,NA
3060,0.009811218,0.09637988,0.700041222,0.009811218,0.071003847,0.701588301,2022,State,All,Education,state,99,Delhi,NA,NA,NA,NA,0,0,0,1,0,0,NA,NA,NA,NA,NA,NA,NA,NA
3061,0.008516439,0.190811666,0.80152799,0.024448842,0.178872542,0.8031914,2022,State,All,Education,state,99,Delhi,NA,NA,NA,NA,0,0,1,0,0,0,NA,NA,NA,NA,NA,NA,NA,NA
3062,0.025522085,0.189998321,0.835282218,0.036230594,0.131409931,0.835282218,2022,State,All,Education,state,99,Delhi,NA,NA,NA,NA,0,1,0,0,0,0,NA,NA,NA,NA,NA,NA,NA,NA
3063,0.004238724,0.256865324,0.854830671,0.043563271,0.236673798,0.854830671,2022,State,All,Education,state,99,Delhi,NA,NA,NA,NA,1,0,0,0,0,0,NA,NA,NA,NA,NA,NA,NA,NA
3064,0.002658817,0.042302279,0.430733605,0.004098703,0.035917603,0.431480035,2022,State,All,Education,state,99,Rajasthan,NA,NA,NA,NA,0,0,0,0,0,1,NA,NA,NA,NA,NA,NA,NA,NA
3065,0.004819351,0.085138977,0.545039184,0.00995425,0.075200387,0.547319946,2022,State,All,Education,state,99,Rajasthan,NA,NA,NA,NA,0,0,0,0,1,0,NA,NA,NA,NA,NA,NA,NA,NA
3066,0.006377058,0.127411269,0.719831799,0.018569996,0.106908425,0.721009831,2022,State,All,Education,state,99,Rajasthan,NA,NA,NA,NA,0,0,0,1,0,0,NA,NA,NA,NA,NA,NA,NA,NA
3067,0.00917644,0.233414322,0.830654455,0.028269025,0.192171933,0.832223825,2022,State,All,Education,state,99,Rajasthan,NA,NA,NA,NA,0,0,1,0,0,0,NA,NA,NA,NA,NA,NA,NA,NA
3068,0.022235915,0.290549765,0.871173994,0.054139016,0.242652856,0.872326248,2022,State,All,Education,state,99,Rajasthan,NA,NA,NA,NA,0,1,0,0,0,0,NA,NA,NA,NA,NA,NA,NA,NA
3069,0.04394163,0.364915192,0.903691995,0.096579899,0.316251781,0.904223506,2022,State,All,Education,state,99,Rajasthan,NA,NA,NA,NA,1,0,0,0,0,0,NA,NA,NA,NA,NA,NA,NA,NA
3070,0,0.117494018,0.5808626,0.007819709,0.092891254,0.584560342,2022,State,All,Education,state,99,Uttar Pradesh,NA,NA,NA,NA,0,0,0,0,0,1,NA,NA,NA,NA,NA,NA,NA,NA
3071,0.008355326,0.163095749,0.707765094,0.014654769,0.122838326,0.70930192,2022,State,All,Education,state,99,Uttar Pradesh,NA,NA,NA,NA,0,0,0,0,1,0,NA,NA,NA,NA,NA,NA,NA,NA
3072,0.013147737,0.275858151,0.87250647,0.035348374,0.228974743,0.874337546,2022,State,All,Education,state,99,Uttar Pradesh,NA,NA,NA,NA,0,0,0,1,0,0,NA,NA,NA,NA,NA,NA,NA,NA
3073,0.017269547,0.358663931,0.92758317,0.049128003,0.302225049,0.92900759,2022,State,All,Education,state,99,Uttar Pradesh,NA,NA,NA,NA,0,0,1,0,0,0,NA,NA,NA,NA,NA,NA,NA,NA
3074,0.017933306,0.38915337,0.931725977,0.048887867,0.329800309,0.932152909,2022,State,All,Education,state,99,Uttar Pradesh,NA,NA,NA,NA,0,1,0,0,0,0,NA,NA,NA,NA,NA,NA,NA,NA
3075,0.033390925,0.457086618,0.950352574,0.086227451,0.39344464,0.95139322,2022,State,All,Education,state,99,Uttar Pradesh,NA,NA,NA,NA,1,0,0,0,0,0,NA,NA,NA,NA,NA,NA,NA,NA
3076,0.004069762,0.093145685,0.607029395,0.004069762,0.082608312,0.616463463,2022,State,All,Education,state,99,Bihar,NA,NA,NA,NA,0,0,0,0,0,1,NA,NA,NA,NA,NA,NA,NA,NA
3077,0.023510464,0.221030458,0.789219436,0.040001001,0.192242667,0.791946523,2022,State,All,Education,state,99,Bihar,NA,NA,NA,NA,0,0,0,0,1,0,NA,NA,NA,NA,NA,NA,NA,NA
3078,0.031808309,0.300700934,0.888113375,0.060377841,0.254598195,0.889171776,2022,State,All,Education,state,99,Bihar,NA,NA,NA,NA,0,0,0,1,0,0,NA,NA,NA,NA,NA,NA,NA,NA
3079,0.035742675,0.35874949,0.921025277,0.070763642,0.302826913,0.923387666,2022,State,All,Education,state,99,Bihar,NA,NA,NA,NA,0,0,1,0,0,0,NA,NA,NA,NA,NA,NA,NA,NA
3080,0.030391254,0.350302333,0.94507074,0.068867182,0.291798743,0.946152413,2022,State,All,Education,state,99,Bihar,NA,NA,NA,NA,0,1,0,0,0,0,NA,NA,NA,NA,NA,NA,NA,NA
3081,0.049133379,0.48068859,0.961144626,0.092177751,0.422973363,0.961725625,2022,State,All,Education,state,99,Bihar,NA,NA,NA,NA,1,0,0,0,0,0,NA,NA,NA,NA,NA,NA,NA,NA
3082,0,0,0.132159292,0,0,0.132159292,2022,State,All,Education,state,99,Sikkim,NA,NA,NA,NA,0,0,0,0,0,1,NA,NA,NA,NA,NA,NA,NA,NA
3083,0,0.005213901,0.2323192,0,0.002606951,0.2323192,2022,State,All,Education,state,99,Sikkim,NA,NA,NA,NA,0,0,0,0,1,0,NA,NA,NA,NA,NA,NA,NA,NA
3084,0,0.002141389,0.329130806,0,0.00118966,0.331062711,2022,State,All,Education,state,99,Sikkim,NA,NA,NA,NA,0,0,0,1,0,0,NA,NA,NA,NA,NA,NA,NA,NA
3085,0,0.029392969,0.447453369,0,0.018078059,0.449658324,2022,State,All,Education,state,99,Sikkim,NA,NA,NA,NA,0,0,1,0,0,0,NA,NA,NA,NA,NA,NA,NA,NA
3086,0,0.029325888,0.430779202,0,0.026241526,0.430779202,2022,State,All,Education,state,99,Sikkim,NA,NA,NA,NA,0,1,0,0,0,0,NA,NA,NA,NA,NA,NA,NA,NA
3087,0,0.055002278,0.598393059,0.004482448,0.044489343,0.598393059,2022,State,All,Education,state,99,Sikkim,NA,NA,NA,NA,1,0,0,0,0,0,NA,NA,NA,NA,NA,NA,NA,NA
3088,0,0.011358562,0.405256129,0,0.011358562,0.405256129,2022,State,All,Education,state,99,Arunachal Pradesh,NA,NA,NA,NA,0,0,0,0,0,1,NA,NA,NA,NA,NA,NA,NA,NA
3089,0.007798874,0.102019112,0.610706039,0.023643057,0.089464472,0.610706039,2022,State,All,Education,state,99,Arunachal Pradesh,NA,NA,NA,NA,0,0,0,0,1,0,NA,NA,NA,NA,NA,NA,NA,NA
3090,0.01338926,0.163722556,0.689035546,0.026493973,0.137001864,0.690007968,2022,State,All,Education,state,99,Arunachal Pradesh,NA,NA,NA,NA,0,0,0,1,0,0,NA,NA,NA,NA,NA,NA,NA,NA
3091,0.029499708,0.255705479,0.790716708,0.059247118,0.242304572,0.790971585,2022,State,All,Education,state,99,Arunachal Pradesh,NA,NA,NA,NA,0,0,1,0,0,0,NA,NA,NA,NA,NA,NA,NA,NA
3092,0.073154153,0.39563677,0.820389627,0.183008639,0.370848372,0.821937118,2022,State,All,Education,state,99,Arunachal Pradesh,NA,NA,NA,NA,0,1,0,0,0,0,NA,NA,NA,NA,NA,NA,NA,NA
3093,0.092861539,0.397358027,0.839697165,0.157469643,0.368281899,0.839697165,2022,State,All,Education,state,99,Arunachal Pradesh,NA,NA,NA,NA,1,0,0,0,0,0,NA,NA,NA,NA,NA,NA,NA,NA
3094,0,0.030588224,0.458150383,0,0.030588224,0.458150383,2022,State,All,Education,state,99,Nagaland,NA,NA,NA,NA,0,0,0,0,0,1,NA,NA,NA,NA,NA,NA,NA,NA
3095,0,0.107399005,0.627491943,0.001699744,0.067580941,0.634196567,2022,State,All,Education,state,99,Nagaland,NA,NA,NA,NA,0,0,0,0,1,0,NA,NA,NA,NA,NA,NA,NA,NA
3096,0.010560108,0.192791769,0.757945347,0.016527555,0.162356203,0.758895012,2022,State,All,Education,state,99,Nagaland,NA,NA,NA,NA,0,0,0,1,0,0,NA,NA,NA,NA,NA,NA,NA,NA
3097,0.021997849,0.2527486,0.850753382,0.045616824,0.208850611,0.851380575,2022,State,All,Education,state,99,Nagaland,NA,NA,NA,NA,0,0,1,0,0,0,NA,NA,NA,NA,NA,NA,NA,NA
3098,0.025691092,0.292605687,0.910370528,0.044145732,0.248695607,0.910370528,2022,State,All,Education,state,99,Nagaland,NA,NA,NA,NA,0,1,0,0,0,0,NA,NA,NA,NA,NA,NA,NA,NA
3099,0.075489781,0.496142816,0.928861671,0.132041842,0.438503476,0.932279445,2022,State,All,Education,state,99,Nagaland,NA,NA,NA,NA,1,0,0,0,0,0,NA,NA,NA,NA,NA,NA,NA,NA
3100,0,0.143544831,0.689826665,0,0.105579776,0.689826665,2022,State,All,Education,state,99,Manipur,NA,NA,NA,NA,0,0,0,0,0,1,NA,NA,NA,NA,NA,NA,NA,NA
3101,0.014946468,0.228036197,0.814311725,0.026569992,0.18752745,0.816863195,2022,State,All,Education,state,99,Manipur,NA,NA,NA,NA,0,0,0,0,1,0,NA,NA,NA,NA,NA,NA,NA,NA
3102,0.019818582,0.325426233,0.917735612,0.051304177,0.276213183,0.918198549,2022,State,All,Education,state,99,Manipur,NA,NA,NA,NA,0,0,0,1,0,0,NA,NA,NA,NA,NA,NA,NA,NA
3103,0.04598424,0.439600138,0.959329273,0.10526035,0.380643003,0.959329273,2022,State,All,Education,state,99,Manipur,NA,NA,NA,NA,0,0,1,0,0,0,NA,NA,NA,NA,NA,NA,NA,NA
3104,0.053004849,0.566008469,0.959204984,0.13310975,0.512217808,0.966078119,2022,State,All,Education,state,99,Manipur,NA,NA,NA,NA,0,1,0,0,0,0,NA,NA,NA,NA,NA,NA,NA,NA
3105,0.054183138,0.501757053,0.961742322,0.12203396,0.440697696,0.96317739,2022,State,All,Education,state,99,Manipur,NA,NA,NA,NA,1,0,0,0,0,0,NA,NA,NA,NA,NA,NA,NA,NA
3106,0,0.033961208,0.476315339,0.01113293,0.033961208,0.490203512,2022,State,All,Education,state,99,Mizoram,NA,NA,NA,NA,0,0,0,0,0,1,NA,NA,NA,NA,NA,NA,NA,NA
3107,0.007619037,0.041953996,0.537634461,0.007619037,0.037846154,0.542229292,2022,State,All,Education,state,99,Mizoram,NA,NA,NA,NA,0,0,0,0,1,0,NA,NA,NA,NA,NA,NA,NA,NA
3108,0.003494643,0.085084434,0.670386987,0.008290674,0.063591577,0.671210271,2022,State,All,Education,state,99,Mizoram,NA,NA,NA,NA,0,0,0,1,0,0,NA,NA,NA,NA,NA,NA,NA,NA
3109,0.015160885,0.178039631,0.82028677,0.031820557,0.131713888,0.822748815,2022,State,All,Education,state,99,Mizoram,NA,NA,NA,NA,0,0,1,0,0,0,NA,NA,NA,NA,NA,NA,NA,NA
3110,0.019521615,0.259333888,0.873081561,0.033119602,0.203610011,0.874402562,2022,State,All,Education,state,99,Mizoram,NA,NA,NA,NA,0,1,0,0,0,0,NA,NA,NA,NA,NA,NA,NA,NA
3111,0.002244562,0.24924817,0.885660673,0.012952921,0.195176535,0.885660673,2022,State,All,Education,state,99,Mizoram,NA,NA,NA,NA,1,0,0,0,0,0,NA,NA,NA,NA,NA,NA,NA,NA
3112,0,0,0.156623819,0,0,0.156623819,2022,State,All,Education,state,99,Tripura,NA,NA,NA,NA,0,0,0,0,0,1,NA,NA,NA,NA,NA,NA,NA,NA
3113,0,0.001737875,0.292566984,0,0.001737875,0.296580471,2022,State,All,Education,state,99,Tripura,NA,NA,NA,NA,0,0,0,0,1,0,NA,NA,NA,NA,NA,NA,NA,NA
3114,0,0.029413385,0.512813522,0,0.025287457,0.517027371,2022,State,All,Education,state,99,Tripura,NA,NA,NA,NA,0,0,0,1,0,0,NA,NA,NA,NA,NA,NA,NA,NA
3115,0,0.042101399,0.630008967,0.003132615,0.025000044,0.631584976,2022,State,All,Education,state,99,Tripura,NA,NA,NA,NA,0,0,1,0,0,0,NA,NA,NA,NA,NA,NA,NA,NA
3116,0,0.055810374,0.725652096,0.002770169,0.048694359,0.731224602,2022,State,All,Education,state,99,Tripura,NA,NA,NA,NA,0,1,0,0,0,0,NA,NA,NA,NA,NA,NA,NA,NA
3117,0.003075261,0.120993188,0.851978323,0.006326659,0.096473113,0.854252579,2022,State,All,Education,state,99,Tripura,NA,NA,NA,NA,1,0,0,0,0,0,NA,NA,NA,NA,NA,NA,NA,NA
3118,0,0.257380244,0.457256771,0,0.257380244,0.457256771,2022,State,All,Education,state,99,Meghalaya,NA,NA,NA,NA,0,0,0,0,0,1,NA,NA,NA,NA,NA,NA,NA,NA
3119,0.009742067,0.091703961,0.631774372,0.009742067,0.073973687,0.632890211,2022,State,All,Education,state,99,Meghalaya,NA,NA,NA,NA,0,0,0,0,1,0,NA,NA,NA,NA,NA,NA,NA,NA
3120,0.010561997,0.207786653,0.829549968,0.034579941,0.160708656,0.830818958,2022,State,All,Education,state,99,Meghalaya,NA,NA,NA,NA,0,0,0,1,0,0,NA,NA,NA,NA,NA,NA,NA,NA
3121,0.03267405,0.261125136,0.917309185,0.051300174,0.225539346,0.919055577,2022,State,All,Education,state,99,Meghalaya,NA,NA,NA,NA,0,0,1,0,0,0,NA,NA,NA,NA,NA,NA,NA,NA
3122,0.028549557,0.42220874,0.939191856,0.080128021,0.351108557,0.939592306,2022,State,All,Education,state,99,Meghalaya,NA,NA,NA,NA,0,1,0,0,0,0,NA,NA,NA,NA,NA,NA,NA,NA
3123,0.079533913,0.517569949,0.965694989,0.174469683,0.478467111,0.965694989,2022,State,All,Education,state,99,Meghalaya,NA,NA,NA,NA,1,0,0,0,0,0,NA,NA,NA,NA,NA,NA,NA,NA
3124,0,0.069595941,0.404032127,0,0.069595941,0.404032127,2022,State,All,Education,state,99,Assam,NA,NA,NA,NA,0,0,0,0,0,1,NA,NA,NA,NA,NA,NA,NA,NA
3125,0,0.058309504,0.638971054,0,0.04784731,0.641515936,2022,State,All,Education,state,99,Assam,NA,NA,NA,NA,0,0,0,0,1,0,NA,NA,NA,NA,NA,NA,NA,NA
3126,0.009338593,0.255337716,0.876512641,0.034056792,0.211791359,0.878040737,2022,State,All,Education,state,99,Assam,NA,NA,NA,NA,0,0,0,1,0,0,NA,NA,NA,NA,NA,NA,NA,NA
3127,0.028752078,0.398880097,0.940408814,0.072196329,0.334081427,0.940408814,2022,State,All,Education,state,99,Assam,NA,NA,NA,NA,0,0,1,0,0,0,NA,NA,NA,NA,NA,NA,NA,NA
3128,0.048031321,0.453023688,0.965802023,0.091313963,0.39436952,0.966543239,2022,State,All,Education,state,99,Assam,NA,NA,NA,NA,0,1,0,0,0,0,NA,NA,NA,NA,NA,NA,NA,NA
3129,0.058607889,0.544160244,0.97427081,0.129510146,0.476786454,0.974673468,2022,State,All,Education,state,99,Assam,NA,NA,NA,NA,1,0,0,0,0,0,NA,NA,NA,NA,NA,NA,NA,NA
3130,0,0.061863607,0.431050038,0.006804045,0.040404012,0.431050038,2022,State,All,Education,state,99,West Bengal,NA,NA,NA,NA,0,0,0,0,0,1,NA,NA,NA,NA,NA,NA,NA,NA
3131,0.002722454,0.077811315,0.493258815,0.005893882,0.062536643,0.495283807,2022,State,All,Education,state,99,West Bengal,NA,NA,NA,NA,0,0,0,0,1,0,NA,NA,NA,NA,NA,NA,NA,NA
3132,0.005543405,0.171614442,0.744004047,0.015643392,0.128193729,0.745079589,2022,State,All,Education,state,99,West Bengal,NA,NA,NA,NA,0,0,0,1,0,0,NA,NA,NA,NA,NA,NA,NA,NA
3133,0.00593751,0.235362339,0.863674945,0.024984779,0.188111396,0.865254782,2022,State,All,Education,state,99,West Bengal,NA,NA,NA,NA,0,0,1,0,0,0,NA,NA,NA,NA,NA,NA,NA,NA
3134,0.012393761,0.284599907,0.907844682,0.034604168,0.229160644,0.909538097,2022,State,All,Education,state,99,West Bengal,NA,NA,NA,NA,0,1,0,0,0,0,NA,NA,NA,NA,NA,NA,NA,NA
3135,0.024122896,0.401508005,0.944375239,0.059895514,0.342034863,0.944864468,2022,State,All,Education,state,99,West Bengal,NA,NA,NA,NA,1,0,0,0,0,0,NA,NA,NA,NA,NA,NA,NA,NA
3136,0.026518712,0.096793329,0.54778894,0.026518712,0.069721018,0.549496324,2022,State,All,Education,state,99,Jharkhand,NA,NA,NA,NA,0,0,0,0,0,1,NA,NA,NA,NA,NA,NA,NA,NA
3137,0.005807668,0.169305787,0.667658309,0.026570688,0.140265817,0.668730402,2022,State,All,Education,state,99,Jharkhand,NA,NA,NA,NA,0,0,0,0,1,0,NA,NA,NA,NA,NA,NA,NA,NA
3138,0.045106453,0.317483572,0.824827357,0.086402105,0.280507069,0.825226519,2022,State,All,Education,state,99,Jharkhand,NA,NA,NA,NA,0,0,0,1,0,0,NA,NA,NA,NA,NA,NA,NA,NA
3139,0.082075597,0.439339761,0.90145289,0.140874781,0.393968168,0.90145289,2022,State,All,Education,state,99,Jharkhand,NA,NA,NA,NA,0,0,1,0,0,0,NA,NA,NA,NA,NA,NA,NA,NA
3140,0.087901188,0.480823693,0.936440438,0.164484496,0.435306874,0.937092835,2022,State,All,Education,state,99,Jharkhand,NA,NA,NA,NA,0,1,0,0,0,0,NA,NA,NA,NA,NA,NA,NA,NA
3141,0.126338716,0.624572325,0.964341653,0.23519974,0.570281661,0.964648238,2022,State,All,Education,state,99,Jharkhand,NA,NA,NA,NA,1,0,0,0,0,0,NA,NA,NA,NA,NA,NA,NA,NA
3142,0,0.032051813,0.522797987,0,0.032051813,0.522797987,2022,State,All,Education,state,99,Odisha,NA,NA,NA,NA,0,0,0,0,0,1,NA,NA,NA,NA,NA,NA,NA,NA
3143,0.000245974,0.093851707,0.597622373,0.00398493,0.078647299,0.59917804,2022,State,All,Education,state,99,Odisha,NA,NA,NA,NA,0,0,0,0,1,0,NA,NA,NA,NA,NA,NA,NA,NA
3144,0.005380796,0.270585708,0.870281668,0.028008572,0.212042657,0.870679168,2022,State,All,Education,state,99,Odisha,NA,NA,NA,NA,0,0,0,1,0,0,NA,NA,NA,NA,NA,NA,NA,NA
3145,0.011941531,0.389564662,0.921219323,0.050333443,0.334630762,0.921609878,2022,State,All,Education,state,99,Odisha,NA,NA,NA,NA,0,0,1,0,0,0,NA,NA,NA,NA,NA,NA,NA,NA
3146,0.026804816,0.449063215,0.948246688,0.074314407,0.378864505,0.949441343,2022,State,All,Education,state,99,Odisha,NA,NA,NA,NA,0,1,0,0,0,0,NA,NA,NA,NA,NA,NA,NA,NA
3147,0.077347798,0.581581722,0.971702189,0.159315057,0.523470119,0.971967615,2022,State,All,Education,state,99,Odisha,NA,NA,NA,NA,1,0,0,0,0,0,NA,NA,NA,NA,NA,NA,NA,NA
3148,0.028399039,0.138488294,0.617945115,0.063341565,0.120159617,0.624907326,2022,State,All,Education,state,99,Chhattisgarh,NA,NA,NA,NA,0,0,0,0,0,1,NA,NA,NA,NA,NA,NA,NA,NA
3149,0.005644688,0.149538347,0.662736105,0.033901038,0.138296569,0.662736105,2022,State,All,Education,state,99,Chhattisgarh,NA,NA,NA,NA,0,0,0,0,1,0,NA,NA,NA,NA,NA,NA,NA,NA
3150,0.045720533,0.358413206,0.896112355,0.099140064,0.303860994,0.897654462,2022,State,All,Education,state,99,Chhattisgarh,NA,NA,NA,NA,0,0,0,1,0,0,NA,NA,NA,NA,NA,NA,NA,NA
3151,0.074186577,0.478392935,0.934363334,0.142707566,0.437041888,0.934850123,2022,State,All,Education,state,99,Chhattisgarh,NA,NA,NA,NA,0,0,1,0,0,0,NA,NA,NA,NA,NA,NA,NA,NA
3152,0.104934425,0.543194176,0.957582661,0.178721986,0.494012068,0.957582661,2022,State,All,Education,state,99,Chhattisgarh,NA,NA,NA,NA,0,1,0,0,0,0,NA,NA,NA,NA,NA,NA,NA,NA
3153,0.155713293,0.659659835,0.97846561,0.274393135,0.597829811,0.979180291,2022,State,All,Education,state,99,Chhattisgarh,NA,NA,NA,NA,1,0,0,0,0,0,NA,NA,NA,NA,NA,NA,NA,NA
3154,0,0.056036253,0.49508743,0.008702865,0.043400785,0.49508743,2022,State,All,Education,state,99,Madhya Pradesh,NA,NA,NA,NA,0,0,0,0,0,1,NA,NA,NA,NA,NA,NA,NA,NA
3155,0,0.101581874,0.634987615,0.004402148,0.079766755,0.636853466,2022,State,All,Education,state,99,Madhya Pradesh,NA,NA,NA,NA,0,0,0,0,1,0,NA,NA,NA,NA,NA,NA,NA,NA
3156,0.008867648,0.187202984,0.817684678,0.026224825,0.1426307,0.817684678,2022,State,All,Education,state,99,Madhya Pradesh,NA,NA,NA,NA,0,0,0,1,0,0,NA,NA,NA,NA,NA,NA,NA,NA
3157,0.014118838,0.284855964,0.897324364,0.033547222,0.226776109,0.897947765,2022,State,All,Education,state,99,Madhya Pradesh,NA,NA,NA,NA,0,0,1,0,0,0,NA,NA,NA,NA,NA,NA,NA,NA
3158,0.013246968,0.314879255,0.913593798,0.036901091,0.264334741,0.915105302,2022,State,All,Education,state,99,Madhya Pradesh,NA,NA,NA,NA,0,1,0,0,0,0,NA,NA,NA,NA,NA,NA,NA,NA
3159,0.032759498,0.417370891,0.946768153,0.085347123,0.357623111,0.946985977,2022,State,All,Education,state,99,Madhya Pradesh,NA,NA,NA,NA,1,0,0,0,0,0,NA,NA,NA,NA,NA,NA,NA,NA
3160,0,0.04393857,0.416268362,0.009295384,0.041276922,0.416268362,2022,State,All,Education,state,99,Gujarat,NA,NA,NA,NA,0,0,0,0,0,1,NA,NA,NA,NA,NA,NA,NA,NA
3161,0.002335426,0.071733507,0.525105992,0.004899307,0.057935376,0.527971634,2022,State,All,Education,state,99,Gujarat,NA,NA,NA,NA,0,0,0,0,1,0,NA,NA,NA,NA,NA,NA,NA,NA
3162,0.011157664,0.158857003,0.767817507,0.022523044,0.131143571,0.769123072,2022,State,All,Education,state,99,Gujarat,NA,NA,NA,NA,0,0,0,1,0,0,NA,NA,NA,NA,NA,NA,NA,NA
3163,0.007304114,0.229200595,0.864328503,0.029442747,0.192361588,0.866778647,2022,State,All,Education,state,99,Gujarat,NA,NA,NA,NA,0,0,1,0,0,0,NA,NA,NA,NA,NA,NA,NA,NA
3164,0.010918826,0.315431444,0.892474704,0.03723456,0.258446776,0.894113297,2022,State,All,Education,state,99,Gujarat,NA,NA,NA,NA,0,1,0,0,0,0,NA,NA,NA,NA,NA,NA,NA,NA
3165,0.020911675,0.394685923,0.931680437,0.058649284,0.335780498,0.932059975,2022,State,All,Education,state,99,Gujarat,NA,NA,NA,NA,1,0,0,0,0,0,NA,NA,NA,NA,NA,NA,NA,NA
3166,0,0.134855802,0.71338859,0,0,0.71338859,2022,State,All,Education,state,99,Daman & Diu & D & N Haveli,NA,NA,NA,NA,0,0,0,0,0,1,NA,NA,NA,NA,NA,NA,NA,NA
3167,0.063018079,0.063018079,0.728083796,0.063018079,0.063018079,0.742047437,2022,State,All,Education,state,99,Daman & Diu & D & N Haveli,NA,NA,NA,NA,0,0,0,0,1,0,NA,NA,NA,NA,NA,NA,NA,NA
3168,0.03180729,0.208264484,0.794307461,0.040444871,0.158135362,0.794307461,2022,State,All,Education,state,99,Daman & Diu & D & N Haveli,NA,NA,NA,NA,0,0,0,1,0,0,NA,NA,NA,NA,NA,NA,NA,NA
3169,0.014486712,0.198114387,0.767145781,0.026641987,0.182720252,0.767145781,2022,State,All,Education,state,99,Daman & Diu & D & N Haveli,NA,NA,NA,NA,0,0,1,0,0,0,NA,NA,NA,NA,NA,NA,NA,NA
3170,0.047630318,0.276426547,0.834708004,0.066515442,0.262776183,0.834708004,2022,State,All,Education,state,99,Daman & Diu & D & N Haveli,NA,NA,NA,NA,0,1,0,0,0,0,NA,NA,NA,NA,NA,NA,NA,NA
3171,0.123713483,0.486229694,0.948659692,0.227008612,0.427302918,0.953744093,2022,State,All,Education,state,99,Daman & Diu & D & N Haveli,NA,NA,NA,NA,1,0,0,0,0,0,NA,NA,NA,NA,NA,NA,NA,NA
3172,0.000729518,0.038035829,0.419151212,0.001856118,0.023194283,0.42073423,2022,State,All,Education,state,99,Maharashtra,NA,NA,NA,NA,0,0,0,0,0,1,NA,NA,NA,NA,NA,NA,NA,NA
3173,0.004402481,0.102682438,0.559937288,0.013559097,0.083839524,0.562790247,2022,State,All,Education,state,99,Maharashtra,NA,NA,NA,NA,0,0,0,0,1,0,NA,NA,NA,NA,NA,NA,NA,NA
3174,0.010810391,0.232211504,0.809685558,0.036580604,0.198010348,0.811196177,2022,State,All,Education,state,99,Maharashtra,NA,NA,NA,NA,0,0,0,1,0,0,NA,NA,NA,NA,NA,NA,NA,NA
3175,0.020974155,0.305865388,0.884602014,0.049483615,0.25230297,0.884837686,2022,State,All,Education,state,99,Maharashtra,NA,NA,NA,NA,0,0,1,0,0,0,NA,NA,NA,NA,NA,NA,NA,NA
3176,0.034453463,0.371924038,0.891314271,0.074980136,0.323478133,0.891880896,2022,State,All,Education,state,99,Maharashtra,NA,NA,NA,NA,0,1,0,0,0,0,NA,NA,NA,NA,NA,NA,NA,NA
3177,0.073049638,0.480714115,0.933301985,0.135574942,0.431834911,0.934148086,2022,State,All,Education,state,99,Maharashtra,NA,NA,NA,NA,1,0,0,0,0,0,NA,NA,NA,NA,NA,NA,NA,NA
3178,0,0.035940758,0.311999428,0,0.012758907,0.314208886,2022,State,All,Education,state,99,Andhra Pradesh,NA,NA,NA,NA,0,0,0,0,0,1,NA,NA,NA,NA,NA,NA,NA,NA
3179,0,0.047682579,0.465151408,0,0.024968217,0.465754444,2022,State,All,Education,state,99,Andhra Pradesh,NA,NA,NA,NA,0,0,0,0,1,0,NA,NA,NA,NA,NA,NA,NA,NA
3180,0.002344603,0.085905879,0.626630043,0.005361535,0.062941763,0.627571403,2022,State,All,Education,state,99,Andhra Pradesh,NA,NA,NA,NA,0,0,0,1,0,0,NA,NA,NA,NA,NA,NA,NA,NA
3181,0.006000523,0.090992136,0.660921906,0.008651214,0.078096108,0.660921906,2022,State,All,Education,state,99,Andhra Pradesh,NA,NA,NA,NA,0,0,1,0,0,0,NA,NA,NA,NA,NA,NA,NA,NA
3182,0.002003747,0.106781412,0.717382874,0.010882652,0.081558459,0.7183851,2022,State,All,Education,state,99,Andhra Pradesh,NA,NA,NA,NA,0,1,0,0,0,0,NA,NA,NA,NA,NA,NA,NA,NA
3183,0.007389004,0.158548894,0.774814218,0.016779572,0.127849533,0.777026707,2022,State,All,Education,state,99,Andhra Pradesh,NA,NA,NA,NA,1,0,0,0,0,0,NA,NA,NA,NA,NA,NA,NA,NA
3184,0,0.025536652,0.262425739,0,0.008034233,0.262425739,2022,State,All,Education,state,99,Karnataka,NA,NA,NA,NA,0,0,0,0,0,1,NA,NA,NA,NA,NA,NA,NA,NA
3185,0.00078239,0.044599207,0.360487405,0.006294152,0.031637779,0.361377428,2022,State,All,Education,state,99,Karnataka,NA,NA,NA,NA,0,0,0,0,1,0,NA,NA,NA,NA,NA,NA,NA,NA
3186,0.001845276,0.090803351,0.615175775,0.006858151,0.069649817,0.61771929,2022,State,All,Education,state,99,Karnataka,NA,NA,NA,NA,0,0,0,1,0,0,NA,NA,NA,NA,NA,NA,NA,NA
3187,0.005955525,0.086699823,0.66137618,0.005955525,0.060770253,0.666024211,2022,State,All,Education,state,99,Karnataka,NA,NA,NA,NA,0,0,1,0,0,0,NA,NA,NA,NA,NA,NA,NA,NA
3188,0.001649979,0.117159975,0.76946719,0.011661061,0.09903478,0.770538361,2022,State,All,Education,state,99,Karnataka,NA,NA,NA,NA,0,1,0,0,0,0,NA,NA,NA,NA,NA,NA,NA,NA
3189,0.003318464,0.180350295,0.836426348,0.015615738,0.147891394,0.838454413,2022,State,All,Education,state,99,Karnataka,NA,NA,NA,NA,1,0,0,0,0,0,NA,NA,NA,NA,NA,NA,NA,NA
3190,0,0,0.251578699,0,0,0.318285605,2022,State,All,Education,state,99,Goa,NA,NA,NA,NA,0,0,0,0,0,1,NA,NA,NA,NA,NA,NA,NA,NA
3191,0,0,0.320099459,0,0,0.320099459,2022,State,All,Education,state,99,Goa,NA,NA,NA,NA,0,0,0,0,1,0,NA,NA,NA,NA,NA,NA,NA,NA
3192,0,0.012315341,0.470035959,0,0.009937284,0.477231667,2022,State,All,Education,state,99,Goa,NA,NA,NA,NA,0,0,0,1,0,0,NA,NA,NA,NA,NA,NA,NA,NA
3193,0,0.031818412,0.498244386,0,0.031818412,0.499833278,2022,State,All,Education,state,99,Goa,NA,NA,NA,NA,0,0,1,0,0,0,NA,NA,NA,NA,NA,NA,NA,NA
3194,0,0.025696086,0.62011668,0.008030027,0.025696086,0.62011668,2022,State,All,Education,state,99,Goa,NA,NA,NA,NA,0,1,0,0,0,0,NA,NA,NA,NA,NA,NA,NA,NA
3195,0.015170433,0.050336341,0.685498771,0.015170433,0.025628818,0.685498771,2022,State,All,Education,state,99,Goa,NA,NA,NA,NA,1,0,0,0,0,0,NA,NA,NA,NA,NA,NA,NA,NA
3196,0,0,0.556077244,0,0,0.556077244,2022,State,All,Education,state,99,Lakshadweep,NA,NA,NA,NA,0,0,0,0,0,1,NA,NA,NA,NA,NA,NA,NA,NA
3197,0,0,0.536736377,0,0,0.536736377,2022,State,All,Education,state,99,Lakshadweep,NA,NA,NA,NA,0,0,0,0,1,0,NA,NA,NA,NA,NA,NA,NA,NA
3198,0,0.006964266,0.663011899,0,0.006964266,0.663011899,2022,State,All,Education,state,99,Lakshadweep,NA,NA,NA,NA,0,0,0,1,0,0,NA,NA,NA,NA,NA,NA,NA,NA
3199,0,0.034347236,0.549436883,0,0.034347236,0.549436883,2022,State,All,Education,state,99,Lakshadweep,NA,NA,NA,NA,0,0,1,0,0,0,NA,NA,NA,NA,NA,NA,NA,NA
3200,0,0.031181863,0.762546192,0,0.031181863,0.762546192,2022,State,All,Education,state,99,Lakshadweep,NA,NA,NA,NA,0,1,0,0,0,0,NA,NA,NA,NA,NA,NA,NA,NA
3201,0,0.072069891,0.821703629,0,0.051532437,0.821703629,2022,State,All,Education,state,99,Lakshadweep,NA,NA,NA,NA,1,0,0,0,0,0,NA,NA,NA,NA,NA,NA,NA,NA
3202,0,0.003709038,0.210184118,0,0,0.210184118,2022,State,All,Education,state,99,Kerala,NA,NA,NA,NA,0,0,0,0,0,1,NA,NA,NA,NA,NA,NA,NA,NA
3203,0,0.020409133,0.376050881,0,0.018442907,0.378534851,2022,State,All,Education,state,99,Kerala,NA,NA,NA,NA,0,0,0,0,1,0,NA,NA,NA,NA,NA,NA,NA,NA
3204,0.000271044,0.070258076,0.602334197,0.008306226,0.056060541,0.603471326,2022,State,All,Education,state,99,Kerala,NA,NA,NA,NA,0,0,0,1,0,0,NA,NA,NA,NA,NA,NA,NA,NA
3205,0.002328782,0.098633749,0.698791478,0.00748997,0.075041042,0.702404438,2022,State,All,Education,state,99,Kerala,NA,NA,NA,NA,0,0,1,0,0,0,NA,NA,NA,NA,NA,NA,NA,NA
3206,0.007182183,0.176781889,0.78052808,0.016987382,0.127324028,0.782677724,2022,State,All,Education,state,99,Kerala,NA,NA,NA,NA,0,1,0,0,0,0,NA,NA,NA,NA,NA,NA,NA,NA
3207,0.019770946,0.266967101,0.848634997,0.042514767,0.221007549,0.849190141,2022,State,All,Education,state,99,Kerala,NA,NA,NA,NA,1,0,0,0,0,0,NA,NA,NA,NA,NA,NA,NA,NA
3208,0,0.012407477,0.295231075,0,0.009989953,0.295231075,2022,State,All,Education,state,99,Tamil Nadu,NA,NA,NA,NA,0,0,0,0,0,1,NA,NA,NA,NA,NA,NA,NA,NA
3209,0.000796188,0.03488489,0.409780056,0.00294407,0.024610273,0.411112999,2022,State,All,Education,state,99,Tamil Nadu,NA,NA,NA,NA,0,0,0,0,1,0,NA,NA,NA,NA,NA,NA,NA,NA
3210,0.003024694,0.050072085,0.559328727,0.004067367,0.038544517,0.562255649,2022,State,All,Education,state,99,Tamil Nadu,NA,NA,NA,NA,0,0,0,1,0,0,NA,NA,NA,NA,NA,NA,NA,NA
3211,0.001856268,0.08441789,0.67666058,0.006822265,0.063636747,0.678903878,2022,State,All,Education,state,99,Tamil Nadu,NA,NA,NA,NA,0,0,1,0,0,0,NA,NA,NA,NA,NA,NA,NA,NA
3212,0.001298663,0.079525197,0.717837831,0.007772977,0.061848821,0.718810252,2022,State,All,Education,state,99,Tamil Nadu,NA,NA,NA,NA,0,1,0,0,0,0,NA,NA,NA,NA,NA,NA,NA,NA
3213,0.00370612,0.109059919,0.740674795,0.013671357,0.084279821,0.742509618,2022,State,All,Education,state,99,Tamil Nadu,NA,NA,NA,NA,1,0,0,0,0,0,NA,NA,NA,NA,NA,NA,NA,NA
3214,0,0.020133497,0.134734082,0,0,0.134734082,2022,State,All,Education,state,99,Puducherry,NA,NA,NA,NA,0,0,0,0,0,1,NA,NA,NA,NA,NA,NA,NA,NA
3215,0,0.011637882,0.277096136,0,0,0.281711754,2022,State,All,Education,state,99,Puducherry,NA,NA,NA,NA,0,0,0,0,1,0,NA,NA,NA,NA,NA,NA,NA,NA
3216,0,0.01894989,0.487679388,0.005080353,0.014087246,0.487679388,2022,State,All,Education,state,99,Puducherry,NA,NA,NA,NA,0,0,0,1,0,0,NA,NA,NA,NA,NA,NA,NA,NA
3217,0,0.044974512,0.572165792,0,0.044974512,0.572165792,2022,State,All,Education,state,99,Puducherry,NA,NA,NA,NA,0,0,1,0,0,0,NA,NA,NA,NA,NA,NA,NA,NA
3218,0,0.074359872,0.693014009,0.010965385,0.071308124,0.693014009,2022,State,All,Education,state,99,Puducherry,NA,NA,NA,NA,0,1,0,0,0,0,NA,NA,NA,NA,NA,NA,NA,NA
3219,0,0.126387831,0.786210167,0.020594178,0.12114226,0.786210167,2022,State,All,Education,state,99,Puducherry,NA,NA,NA,NA,1,0,0,0,0,0,NA,NA,NA,NA,NA,NA,NA,NA
3220,0,0,0.182550719,0,0,0.182550719,2022,State,All,Education,state,99,A & N Island,NA,NA,NA,NA,0,0,0,0,0,1,NA,NA,NA,NA,NA,NA,NA,NA
3221,0,0.006349811,0.117913047,0,0,0.117913047,2022,State,All,Education,state,99,A & N Island,NA,NA,NA,NA,0,0,0,0,1,0,NA,NA,NA,NA,NA,NA,NA,NA
3222,0,0.004254235,0.233099269,0,0,0.235124843,2022,State,All,Education,state,99,A & N Island,NA,NA,NA,NA,0,0,0,1,0,0,NA,NA,NA,NA,NA,NA,NA,NA
3223,0,0,0.379890993,0,0,0.379890993,2022,State,All,Education,state,99,A & N Island,NA,NA,NA,NA,0,0,1,0,0,0,NA,NA,NA,NA,NA,NA,NA,NA
3224,0.002072703,0.019292974,0.526955198,0.002072703,0.019292974,0.532858168,2022,State,All,Education,state,99,A & N Island,NA,NA,NA,NA,0,1,0,0,0,0,NA,NA,NA,NA,NA,NA,NA,NA
3225,0,0.036064978,0.578037281,0.000830502,0.018868541,0.578037281,2022,State,All,Education,state,99,A & N Island,NA,NA,NA,NA,1,0,0,0,0,0,NA,NA,NA,NA,NA,NA,NA,NA
3226,0,0.026874123,0.295623535,0,0.024145384,0.295623535,2022,State,All,Education,state,99,Telangana,NA,NA,NA,NA,0,0,0,0,0,1,NA,NA,NA,NA,NA,NA,NA,NA
3227,0,0.025128392,0.422839415,0,0.020339045,0.434005528,2022,State,All,Education,state,99,Telangana,NA,NA,NA,NA,0,0,0,0,1,0,NA,NA,NA,NA,NA,NA,NA,NA
3228,0.002372958,0.093001386,0.693522371,0.004077639,0.063374211,0.69580131,2022,State,All,Education,state,99,Telangana,NA,NA,NA,NA,0,0,0,1,0,0,NA,NA,NA,NA,NA,NA,NA,NA
3229,0,0.116939266,0.798604744,0.0035974,0.098113622,0.801572342,2022,State,All,Education,state,99,Telangana,NA,NA,NA,NA,0,0,1,0,0,0,NA,NA,NA,NA,NA,NA,NA,NA
3230,0.003673811,0.151217825,0.806400767,0.005840472,0.110148245,0.81085737,2022,State,All,Education,state,99,Telangana,NA,NA,NA,NA,0,1,0,0,0,0,NA,NA,NA,NA,NA,NA,NA,NA
3231,0.008219372,0.179361479,0.851430133,0.019783105,0.140093959,0.853188063,2022,State,All,Education,state,99,Telangana,NA,NA,NA,NA,1,0,0,0,0,0,NA,NA,NA,NA,NA,NA,NA,NA
3232,0.029317543,0.046908069,0.577607417,0.029317543,0.046908069,0.577607417,2022,State,All,Education,state,99,Ladakh,NA,NA,NA,NA,0,0,0,0,0,1,NA,NA,NA,NA,NA,NA,NA,NA
3233,0,0.027063242,0.658666078,0,0.027063242,0.685079532,2022,State,All,Education,state,99,Ladakh,NA,NA,NA,NA,0,0,0,0,1,0,NA,NA,NA,NA,NA,NA,NA,NA
3234,0,0.05612562,0.787947488,0,0.050091061,0.789663185,2022,State,All,Education,state,99,Ladakh,NA,NA,NA,NA,0,0,0,1,0,0,NA,NA,NA,NA,NA,NA,NA,NA
3235,0.003692323,0.161949271,0.849884789,0.021136521,0.153704303,0.849884789,2022,State,All,Education,state,99,Ladakh,NA,NA,NA,NA,0,0,1,0,0,0,NA,NA,NA,NA,NA,NA,NA,NA
3236,0,0.417718186,0.7672468,0.031361512,0.417718186,0.7672468,2022,State,All,Education,state,99,Ladakh,NA,NA,NA,NA,0,1,0,0,0,0,NA,NA,NA,NA,NA,NA,NA,NA
3237,0.086108423,0.49756487,0.888147653,0.197807665,0.457639023,0.897032053,2022,State,All,Education,state,99,Ladakh,NA,NA,NA,NA,1,0,0,0,0,0,NA,NA,NA,NA,NA,NA,NA,NA
3238,0,0.007713087,0.466673032,0,0.007713087,0.481006021,2022,State,urban/rural,Education,sector_state,0,Jammu & Kashmir,NA,NA,NA,NA,0,0,0,0,0,1,NA,NA,NA,NA,NA,NA,NA,NA
3239,0,0.076231244,0.490316317,0,0.069543414,0.490316317,2022,State,urban/rural,Education,sector_state,0,Jammu & Kashmir,NA,NA,NA,NA,0,0,0,0,1,0,NA,NA,NA,NA,NA,NA,NA,NA
3240,0,0.082125897,0.681754089,0.000884382,0.063811963,0.681977135,2022,State,urban/rural,Education,sector_state,0,Jammu & Kashmir,NA,NA,NA,NA,0,0,0,1,0,0,NA,NA,NA,NA,NA,NA,NA,NA
3241,0,0.173745432,0.769427038,0.005909679,0.13432195,0.769427038,2022,State,urban/rural,Education,sector_state,0,Jammu & Kashmir,NA,NA,NA,NA,0,0,1,0,0,0,NA,NA,NA,NA,NA,NA,NA,NA
3242,0.010630894,0.227278514,0.847101066,0.017127837,0.166402572,0.847101066,2022,State,urban/rural,Education,sector_state,0,Jammu & Kashmir,NA,NA,NA,NA,0,1,0,0,0,0,NA,NA,NA,NA,NA,NA,NA,NA
3243,0.017254421,0.316579782,0.872241828,0.026357401,0.279075497,0.872241828,2022,State,urban/rural,Education,sector_state,0,Jammu & Kashmir,NA,NA,NA,NA,1,0,0,0,0,0,NA,NA,NA,NA,NA,NA,NA,NA
3244,0,0,0.218030545,0,0,0.218030545,2022,State,urban/rural,Education,sector_state,0,Himachal Pradesh,NA,NA,NA,NA,0,0,0,0,0,1,NA,NA,NA,NA,NA,NA,NA,NA
3245,0,0.064107163,0.368611154,0,0.049807891,0.368611154,2022,State,urban/rural,Education,sector_state,0,Himachal Pradesh,NA,NA,NA,NA,0,0,0,0,1,0,NA,NA,NA,NA,NA,NA,NA,NA
3246,0.002454271,0.027606929,0.537125987,0.002454271,0.02250669,0.53959917,2022,State,urban/rural,Education,sector_state,0,Himachal Pradesh,NA,NA,NA,NA,0,0,0,1,0,0,NA,NA,NA,NA,NA,NA,NA,NA
3247,0,0.088843129,0.671764487,0,0.074161469,0.671764487,2022,State,urban/rural,Education,sector_state,0,Himachal Pradesh,NA,NA,NA,NA,0,0,1,0,0,0,NA,NA,NA,NA,NA,NA,NA,NA
3248,0,0.092443917,0.724082613,0,0.053063885,0.72619128,2022,State,urban/rural,Education,sector_state,0,Himachal Pradesh,NA,NA,NA,NA,0,1,0,0,0,0,NA,NA,NA,NA,NA,NA,NA,NA
3249,0.008137186,0.148386965,0.796777404,0.021855968,0.110019253,0.797803661,2022,State,urban/rural,Education,sector_state,0,Himachal Pradesh,NA,NA,NA,NA,1,0,0,0,0,0,NA,NA,NA,NA,NA,NA,NA,NA
3250,0,0.018426483,0.308218066,0,0.018426483,0.308218066,2022,State,urban/rural,Education,sector_state,0,Punjab,NA,NA,NA,NA,0,0,0,0,0,1,NA,NA,NA,NA,NA,NA,NA,NA
3251,0,0.009203942,0.369356206,0,0.009203942,0.369356206,2022,State,urban/rural,Education,sector_state,0,Punjab,NA,NA,NA,NA,0,0,0,0,1,0,NA,NA,NA,NA,NA,NA,NA,NA
3252,0.002205245,0.047886594,0.601703245,0.002812073,0.041166595,0.60651661,2022,State,urban/rural,Education,sector_state,0,Punjab,NA,NA,NA,NA,0,0,0,1,0,0,NA,NA,NA,NA,NA,NA,NA,NA
3253,0,0.035638034,0.714385013,0,0.034236203,0.714385013,2022,State,urban/rural,Education,sector_state,0,Punjab,NA,NA,NA,NA,0,0,1,0,0,0,NA,NA,NA,NA,NA,NA,NA,NA
3254,0.003072135,0.121759163,0.770891843,0.006394979,0.088210179,0.776166388,2022,State,urban/rural,Education,sector_state,0,Punjab,NA,NA,NA,NA,0,1,0,0,0,0,NA,NA,NA,NA,NA,NA,NA,NA
3255,0.002319047,0.150941738,0.832785534,0.008743572,0.11307706,0.834459568,2022,State,urban/rural,Education,sector_state,0,Punjab,NA,NA,NA,NA,1,0,0,0,0,0,NA,NA,NA,NA,NA,NA,NA,NA
3256,0,0,0.799200507,0,0,0.799200507,2022,State,urban/rural,Education,sector_state,0,Chandigarh,NA,NA,NA,NA,0,0,0,0,0,1,NA,NA,NA,NA,NA,NA,NA,NA
3257,0,0,0.141173348,0,0,0.141173348,2022,State,urban/rural,Education,sector_state,0,Chandigarh,NA,NA,NA,NA,0,0,0,0,1,0,NA,NA,NA,NA,NA,NA,NA,NA
3258,0,0,0.285121272,0,0,0.285121272,2022,State,urban/rural,Education,sector_state,0,Chandigarh,NA,NA,NA,NA,0,0,0,1,0,0,NA,NA,NA,NA,NA,NA,NA,NA
3259,0,0,0.764981736,0,0,0.764981736,2022,State,urban/rural,Education,sector_state,0,Chandigarh,NA,NA,NA,NA,0,0,1,0,0,0,NA,NA,NA,NA,NA,NA,NA,NA
3260,0,0.035635493,0.608517051,0,0,0.608517051,2022,State,urban/rural,Education,sector_state,0,Chandigarh,NA,NA,NA,NA,0,1,0,0,0,0,NA,NA,NA,NA,NA,NA,NA,NA
3261,0,0,0.697139495,0,0,0.697139495,2022,State,urban/rural,Education,sector_state,0,Chandigarh,NA,NA,NA,NA,1,0,0,0,0,0,NA,NA,NA,NA,NA,NA,NA,NA
3262,0,0.070593909,0.488950063,0.070593909,0.070593909,0.488950063,2022,State,urban/rural,Education,sector_state,0,Uttrakhand,NA,NA,NA,NA,0,0,0,0,0,1,NA,NA,NA,NA,NA,NA,NA,NA
3263,0,0.031566042,0.458592073,0,0.031566042,0.458592073,2022,State,urban/rural,Education,sector_state,0,Uttrakhand,NA,NA,NA,NA,0,0,0,0,1,0,NA,NA,NA,NA,NA,NA,NA,NA
3264,0.005982781,0.156625325,0.747969294,0.018695095,0.126440192,0.747969294,2022,State,urban/rural,Education,sector_state,0,Uttrakhand,NA,NA,NA,NA,0,0,0,1,0,0,NA,NA,NA,NA,NA,NA,NA,NA
3265,0.013362337,0.172251565,0.747032235,0.030194467,0.1452743,0.747032235,2022,State,urban/rural,Education,sector_state,0,Uttrakhand,NA,NA,NA,NA,0,0,1,0,0,0,NA,NA,NA,NA,NA,NA,NA,NA
3266,0.014656436,0.219052771,0.888481624,0.026410829,0.198374142,0.888481624,2022,State,urban/rural,Education,sector_state,0,Uttrakhand,NA,NA,NA,NA,0,1,0,0,0,0,NA,NA,NA,NA,NA,NA,NA,NA
3267,0.008554118,0.311529495,0.918574998,0.037908348,0.246021293,0.918574998,2022,State,urban/rural,Education,sector_state,0,Uttrakhand,NA,NA,NA,NA,1,0,0,0,0,0,NA,NA,NA,NA,NA,NA,NA,NA
3268,0,0.096307407,0.631941232,0,0.069109368,0.631941232,2022,State,urban/rural,Education,sector_state,0,Haryana,NA,NA,NA,NA,0,0,0,0,0,1,NA,NA,NA,NA,NA,NA,NA,NA
3269,0,0.058982154,0.588083057,0,0.051590268,0.600495893,2022,State,urban/rural,Education,sector_state,0,Haryana,NA,NA,NA,NA,0,0,0,0,1,0,NA,NA,NA,NA,NA,NA,NA,NA
3270,0.009887495,0.129988892,0.767998202,0.025580927,0.108615867,0.767998202,2022,State,urban/rural,Education,sector_state,0,Haryana,NA,NA,NA,NA,0,0,0,1,0,0,NA,NA,NA,NA,NA,NA,NA,NA
3271,0.010028813,0.172428622,0.832258336,0.045216942,0.149633045,0.836949092,2022,State,urban/rural,Education,sector_state,0,Haryana,NA,NA,NA,NA,0,0,1,0,0,0,NA,NA,NA,NA,NA,NA,NA,NA
3272,0.011793038,0.212287082,0.812228731,0.029169272,0.169171458,0.812228731,2022,State,urban/rural,Education,sector_state,0,Haryana,NA,NA,NA,NA,0,1,0,0,0,0,NA,NA,NA,NA,NA,NA,NA,NA
3273,0.038056889,0.265495317,0.887398021,0.071405216,0.213634091,0.887398021,2022,State,urban/rural,Education,sector_state,0,Haryana,NA,NA,NA,NA,1,0,0,0,0,0,NA,NA,NA,NA,NA,NA,NA,NA
3274,0,0,0.370420934,0,0,0.370420934,2022,State,urban/rural,Education,sector_state,0,Delhi,NA,NA,NA,NA,0,0,0,0,0,1,NA,NA,NA,NA,NA,NA,NA,NA
3275,0,0.020997466,0.40407764,0,0.020997466,0.40407764,2022,State,urban/rural,Education,sector_state,0,Delhi,NA,NA,NA,NA,0,0,0,0,1,0,NA,NA,NA,NA,NA,NA,NA,NA
3276,0.00197209,0.048096805,0.665136788,0.00197209,0.048096805,0.665136788,2022,State,urban/rural,Education,sector_state,0,Delhi,NA,NA,NA,NA,0,0,0,1,0,0,NA,NA,NA,NA,NA,NA,NA,NA
3277,0,0.056618384,0.927762736,0,0.056618384,0.927762736,2022,State,urban/rural,Education,sector_state,0,Delhi,NA,NA,NA,NA,0,0,1,0,0,0,NA,NA,NA,NA,NA,NA,NA,NA
3278,0,0.083269709,0.720607776,0,0.083269709,0.720607776,2022,State,urban/rural,Education,sector_state,0,Delhi,NA,NA,NA,NA,0,1,0,0,0,0,NA,NA,NA,NA,NA,NA,NA,NA
3279,0.023968035,0.144326831,0.857290288,0.032748438,0.127206806,0.857290288,2022,State,urban/rural,Education,sector_state,0,Delhi,NA,NA,NA,NA,1,0,0,0,0,0,NA,NA,NA,NA,NA,NA,NA,NA
3280,0.007423664,0.061984318,0.600345254,0.007423664,0.04415771,0.600345254,2022,State,urban/rural,Education,sector_state,0,Rajasthan,NA,NA,NA,NA,0,0,0,0,0,1,NA,NA,NA,NA,NA,NA,NA,NA
3281,0.009359978,0.137854114,0.654189234,0.017992725,0.120395635,0.656172672,2022,State,urban/rural,Education,sector_state,0,Rajasthan,NA,NA,NA,NA,0,0,0,0,1,0,NA,NA,NA,NA,NA,NA,NA,NA
3282,0.006581614,0.145340473,0.739453738,0.020107378,0.127526788,0.741057351,2022,State,urban/rural,Education,sector_state,0,Rajasthan,NA,NA,NA,NA,0,0,0,1,0,0,NA,NA,NA,NA,NA,NA,NA,NA
3283,0.011051739,0.246699474,0.837746744,0.030953742,0.207002535,0.839800846,2022,State,urban/rural,Education,sector_state,0,Rajasthan,NA,NA,NA,NA,0,0,1,0,0,0,NA,NA,NA,NA,NA,NA,NA,NA
3284,0.023616528,0.304803538,0.877729071,0.05818369,0.256802039,0.878935562,2022,State,urban/rural,Education,sector_state,0,Rajasthan,NA,NA,NA,NA,0,1,0,0,0,0,NA,NA,NA,NA,NA,NA,NA,NA
3285,0.04719043,0.371380974,0.90537135,0.101345836,0.320536889,0.905880187,2022,State,urban/rural,Education,sector_state,0,Rajasthan,NA,NA,NA,NA,1,0,0,0,0,0,NA,NA,NA,NA,NA,NA,NA,NA
3286,0,0.176200986,0.748674089,0.015280708,0.148151768,0.750979105,2022,State,urban/rural,Education,sector_state,0,Uttar Pradesh,NA,NA,NA,NA,0,0,0,0,0,1,NA,NA,NA,NA,NA,NA,NA,NA
3287,0.009620772,0.224965122,0.830993031,0.019380689,0.168904779,0.83147354,2022,State,urban/rural,Education,sector_state,0,Uttar Pradesh,NA,NA,NA,NA,0,0,0,0,1,0,NA,NA,NA,NA,NA,NA,NA,NA
3288,0.015573098,0.3036551,0.893781061,0.040977161,0.252748909,0.895810591,2022,State,urban/rural,Education,sector_state,0,Uttar Pradesh,NA,NA,NA,NA,0,0,0,1,0,0,NA,NA,NA,NA,NA,NA,NA,NA
3289,0.017997764,0.367330117,0.930864419,0.051826182,0.310418134,0.932127291,2022,State,urban/rural,Education,sector_state,0,Uttar Pradesh,NA,NA,NA,NA,0,0,1,0,0,0,NA,NA,NA,NA,NA,NA,NA,NA
3290,0.01898185,0.395550572,0.93434908,0.051516566,0.336382848,0.934739086,2022,State,urban/rural,Education,sector_state,0,Uttar Pradesh,NA,NA,NA,NA,0,1,0,0,0,0,NA,NA,NA,NA,NA,NA,NA,NA
3291,0.033101517,0.460528706,0.949949375,0.084667362,0.396100519,0.951065704,2022,State,urban/rural,Education,sector_state,0,Uttar Pradesh,NA,NA,NA,NA,1,0,0,0,0,0,NA,NA,NA,NA,NA,NA,NA,NA
3292,0,0.095320511,0.684337743,0,0.090046914,0.697849968,2022,State,urban/rural,Education,sector_state,0,Bihar,NA,NA,NA,NA,0,0,0,0,0,1,NA,NA,NA,NA,NA,NA,NA,NA
3293,0.030100464,0.25456981,0.845572255,0.047004122,0.223406869,0.846829808,2022,State,urban/rural,Education,sector_state,0,Bihar,NA,NA,NA,NA,0,0,0,0,1,0,NA,NA,NA,NA,NA,NA,NA,NA
3294,0.035183097,0.319433063,0.905375346,0.065721173,0.271197837,0.906111328,2022,State,urban/rural,Education,sector_state,0,Bihar,NA,NA,NA,NA,0,0,0,1,0,0,NA,NA,NA,NA,NA,NA,NA,NA
3295,0.037547903,0.363663309,0.923582843,0.073034121,0.308669362,0.925955388,2022,State,urban/rural,Education,sector_state,0,Bihar,NA,NA,NA,NA,0,0,1,0,0,0,NA,NA,NA,NA,NA,NA,NA,NA
3296,0.030946689,0.344191485,0.945378593,0.071176056,0.285116643,0.946533187,2022,State,urban/rural,Education,sector_state,0,Bihar,NA,NA,NA,NA,0,1,0,0,0,0,NA,NA,NA,NA,NA,NA,NA,NA
3297,0.049104965,0.481723743,0.961763451,0.091116211,0.424456247,0.962320597,2022,State,urban/rural,Education,sector_state,0,Bihar,NA,NA,NA,NA,1,0,0,0,0,0,NA,NA,NA,NA,NA,NA,NA,NA
3298,0,0,0.100055157,0,0,0.100055157,2022,State,urban/rural,Education,sector_state,0,Sikkim,NA,NA,NA,NA,0,0,0,0,0,1,NA,NA,NA,NA,NA,NA,NA,NA
3299,0,0,0.287064955,0,0,0.287064955,2022,State,urban/rural,Education,sector_state,0,Sikkim,NA,NA,NA,NA,0,0,0,0,1,0,NA,NA,NA,NA,NA,NA,NA,NA
3300,0,0,0.345192268,0,0,0.348263582,2022,State,urban/rural,Education,sector_state,0,Sikkim,NA,NA,NA,NA,0,0,0,1,0,0,NA,NA,NA,NA,NA,NA,NA,NA
3301,0,0.034584068,0.494144787,0,0.023128442,0.49696573,2022,State,urban/rural,Education,sector_state,0,Sikkim,NA,NA,NA,NA,0,0,1,0,0,0,NA,NA,NA,NA,NA,NA,NA,NA
3302,0,0.03523547,0.421200831,0,0.031529565,0.421200831,2022,State,urban/rural,Education,sector_state,0,Sikkim,NA,NA,NA,NA,0,1,0,0,0,0,NA,NA,NA,NA,NA,NA,NA,NA
3303,0,0.052736424,0.594927364,0.003546929,0.040868194,0.594927364,2022,State,urban/rural,Education,sector_state,0,Sikkim,NA,NA,NA,NA,1,0,0,0,0,0,NA,NA,NA,NA,NA,NA,NA,NA
3304,0,0,0.560990278,0,0,0.560990278,2022,State,urban/rural,Education,sector_state,0,Arunachal Pradesh,NA,NA,NA,NA,0,0,0,0,0,1,NA,NA,NA,NA,NA,NA,NA,NA
3305,0.012321258,0.139625726,0.712395778,0.037353114,0.122468167,0.712395778,2022,State,urban/rural,Education,sector_state,0,Arunachal Pradesh,NA,NA,NA,NA,0,0,0,0,1,0,NA,NA,NA,NA,NA,NA,NA,NA
3306,0.018464454,0.183810344,0.734512373,0.03239486,0.148535113,0.734512373,2022,State,urban/rural,Education,sector_state,0,Arunachal Pradesh,NA,NA,NA,NA,0,0,0,1,0,0,NA,NA,NA,NA,NA,NA,NA,NA
3307,0.034401198,0.276307012,0.80009182,0.069198663,0.26431742,0.80009182,2022,State,urban/rural,Education,sector_state,0,Arunachal Pradesh,NA,NA,NA,NA,0,0,1,0,0,0,NA,NA,NA,NA,NA,NA,NA,NA
3308,0.07943279,0.427076884,0.84594123,0.205465366,0.400616443,0.847745242,2022,State,urban/rural,Education,sector_state,0,Arunachal Pradesh,NA,NA,NA,NA,0,1,0,0,0,0,NA,NA,NA,NA,NA,NA,NA,NA
3309,0.099655205,0.411633916,0.851132597,0.168384187,0.382070641,0.851132597,2022,State,urban/rural,Education,sector_state,0,Arunachal Pradesh,NA,NA,NA,NA,1,0,0,0,0,0,NA,NA,NA,NA,NA,NA,NA,NA
3310,0,0.044320062,0.473507541,0,0.044320062,0.473507541,2022,State,urban/rural,Education,sector_state,0,Nagaland,NA,NA,NA,NA,0,0,0,0,0,1,NA,NA,NA,NA,NA,NA,NA,NA
3311,0,0.181462286,0.693651047,0,0.108642519,0.695577423,2022,State,urban/rural,Education,sector_state,0,Nagaland,NA,NA,NA,NA,0,0,0,0,1,0,NA,NA,NA,NA,NA,NA,NA,NA
3312,0.017016645,0.276182853,0.833046354,0.020289535,0.231908699,0.834576653,2022,State,urban/rural,Education,sector_state,0,Nagaland,NA,NA,NA,NA,0,0,0,1,0,0,NA,NA,NA,NA,NA,NA,NA,NA
3313,0.029286559,0.311126419,0.895724422,0.060731381,0.255818637,0.896559428,2022,State,urban/rural,Education,sector_state,0,Nagaland,NA,NA,NA,NA,0,0,1,0,0,0,NA,NA,NA,NA,NA,NA,NA,NA
3314,0.030687939,0.330126492,0.934576703,0.051015812,0.285545351,0.934576703,2022,State,urban/rural,Education,sector_state,0,Nagaland,NA,NA,NA,NA,0,1,0,0,0,0,NA,NA,NA,NA,NA,NA,NA,NA
3315,0.085127493,0.528728812,0.940230103,0.145181677,0.465121071,0.944084222,2022,State,urban/rural,Education,sector_state,0,Nagaland,NA,NA,NA,NA,1,0,0,0,0,0,NA,NA,NA,NA,NA,NA,NA,NA
3316,0,0.246877492,0.683718253,0,0.189184737,0.683718253,2022,State,urban/rural,Education,sector_state,0,Manipur,NA,NA,NA,NA,0,0,0,0,0,1,NA,NA,NA,NA,NA,NA,NA,NA
3317,0.022010629,0.245251136,0.826278193,0.038412233,0.200893838,0.82972112,2022,State,urban/rural,Education,sector_state,0,Manipur,NA,NA,NA,NA,0,0,0,0,1,0,NA,NA,NA,NA,NA,NA,NA,NA
3318,0.020957911,0.346236763,0.916590108,0.059714581,0.297370447,0.917248499,2022,State,urban/rural,Education,sector_state,0,Manipur,NA,NA,NA,NA,0,0,0,1,0,0,NA,NA,NA,NA,NA,NA,NA,NA
3319,0.046091972,0.435217117,0.959726055,0.107518199,0.377780062,0.959726055,2022,State,urban/rural,Education,sector_state,0,Manipur,NA,NA,NA,NA,0,0,1,0,0,0,NA,NA,NA,NA,NA,NA,NA,NA
3320,0.062587212,0.581415071,0.964119174,0.156254886,0.525640808,0.972778665,2022,State,urban/rural,Education,sector_state,0,Manipur,NA,NA,NA,NA,0,1,0,0,0,0,NA,NA,NA,NA,NA,NA,NA,NA
3321,0.057998732,0.502010957,0.961563379,0.12116095,0.44453538,0.96285151,2022,State,urban/rural,Education,sector_state,0,Manipur,NA,NA,NA,NA,1,0,0,0,0,0,NA,NA,NA,NA,NA,NA,NA,NA
3322,0,0.128247922,0.676015088,0.042041352,0.128247922,0.696517801,2022,State,urban/rural,Education,sector_state,0,Mizoram,NA,NA,NA,NA,0,0,0,0,0,1,NA,NA,NA,NA,NA,NA,NA,NA
3323,0.008622793,0.070292111,0.582417726,0.008622793,0.070292111,0.59562582,2022,State,urban/rural,Education,sector_state,0,Mizoram,NA,NA,NA,NA,0,0,0,0,1,0,NA,NA,NA,NA,NA,NA,NA,NA
3324,0.002854017,0.121127443,0.722733058,0.013104119,0.091311074,0.724492585,2022,State,urban/rural,Education,sector_state,0,Mizoram,NA,NA,NA,NA,0,0,0,1,0,0,NA,NA,NA,NA,NA,NA,NA,NA
3325,0.021469602,0.214541961,0.865244887,0.042223661,0.163329172,0.868055005,2022,State,urban/rural,Education,sector_state,0,Mizoram,NA,NA,NA,NA,0,0,1,0,0,0,NA,NA,NA,NA,NA,NA,NA,NA
3326,0.017301025,0.295249052,0.902608774,0.036595537,0.232687957,0.904483175,2022,State,urban/rural,Education,sector_state,0,Mizoram,NA,NA,NA,NA,0,1,0,0,0,0,NA,NA,NA,NA,NA,NA,NA,NA
3327,0.00316152,0.298668681,0.915752907,0.011381473,0.235733688,0.915752907,2022,State,urban/rural,Education,sector_state,0,Mizoram,NA,NA,NA,NA,1,0,0,0,0,0,NA,NA,NA,NA,NA,NA,NA,NA
3328,0,0,0.278762034,0,0,0.278762034,2022,State,urban/rural,Education,sector_state,0,Tripura,NA,NA,NA,NA,0,0,0,0,0,1,NA,NA,NA,NA,NA,NA,NA,NA
3329,0,0,0.427394896,0,0,0.434083207,2022,State,urban/rural,Education,sector_state,0,Tripura,NA,NA,NA,NA,0,0,0,0,1,0,NA,NA,NA,NA,NA,NA,NA,NA
3330,0,0.042201837,0.577522231,0,0.036004331,0.58117196,2022,State,urban/rural,Education,sector_state,0,Tripura,NA,NA,NA,NA,0,0,0,1,0,0,NA,NA,NA,NA,NA,NA,NA,NA
3331,0,0.04947093,0.650376199,0.004022156,0.028289049,0.652399732,2022,State,urban/rural,Education,sector_state,0,Tripura,NA,NA,NA,NA,0,0,1,0,0,0,NA,NA,NA,NA,NA,NA,NA,NA
3332,0,0.062604788,0.746955753,0.003344459,0.054013538,0.75275004,2022,State,urban/rural,Education,sector_state,0,Tripura,NA,NA,NA,NA,0,1,0,0,0,0,NA,NA,NA,NA,NA,NA,NA,NA
3333,0.003460605,0.130732404,0.868453499,0.007119418,0.104072505,0.869846767,2022,State,urban/rural,Education,sector_state,0,Tripura,NA,NA,NA,NA,1,0,0,0,0,0,NA,NA,NA,NA,NA,NA,NA,NA
3334,0,0.836631468,0.836631468,0,0.836631468,0.836631468,2022,State,urban/rural,Education,sector_state,0,Meghalaya,NA,NA,NA,NA,0,0,0,0,0,1,NA,NA,NA,NA,NA,NA,NA,NA
3335,0.011820646,0.134246814,0.7020741,0.011820646,0.104325401,0.7020741,2022,State,urban/rural,Education,sector_state,0,Meghalaya,NA,NA,NA,NA,0,0,0,0,1,0,NA,NA,NA,NA,NA,NA,NA,NA
3336,0.011584922,0.259161971,0.888670912,0.044333906,0.203743868,0.888670912,2022,State,urban/rural,Education,sector_state,0,Meghalaya,NA,NA,NA,NA,0,0,0,1,0,0,NA,NA,NA,NA,NA,NA,NA,NA
3337,0.035858805,0.284626803,0.934755923,0.055012478,0.249952028,0.936756293,2022,State,urban/rural,Education,sector_state,0,Meghalaya,NA,NA,NA,NA,0,0,1,0,0,0,NA,NA,NA,NA,NA,NA,NA,NA
3338,0.030107326,0.438134652,0.949391215,0.08322032,0.362491199,0.949391215,2022,State,urban/rural,Education,sector_state,0,Meghalaya,NA,NA,NA,NA,0,1,0,0,0,0,NA,NA,NA,NA,NA,NA,NA,NA
3339,0.081155305,0.526980257,0.970184437,0.176666939,0.486660531,0.970184437,2022,State,urban/rural,Education,sector_state,0,Meghalaya,NA,NA,NA,NA,1,0,0,0,0,0,NA,NA,NA,NA,NA,NA,NA,NA
3340,0,0.15668965,0.552624147,0,0.15668965,0.552624147,2022,State,urban/rural,Education,sector_state,0,Assam,NA,NA,NA,NA,0,0,0,0,0,1,NA,NA,NA,NA,NA,NA,NA,NA
3341,0,0.063640219,0.760445075,0,0.050138869,0.762614893,2022,State,urban/rural,Education,sector_state,0,Assam,NA,NA,NA,NA,0,0,0,0,1,0,NA,NA,NA,NA,NA,NA,NA,NA
3342,0.010692861,0.275161431,0.915948458,0.040046339,0.22803427,0.917575277,2022,State,urban/rural,Education,sector_state,0,Assam,NA,NA,NA,NA,0,0,0,1,0,0,NA,NA,NA,NA,NA,NA,NA,NA
3343,0.03173458,0.423672426,0.9547158,0.078078858,0.355286447,0.9547158,2022,State,urban/rural,Education,sector_state,0,Assam,NA,NA,NA,NA,0,0,1,0,0,0,NA,NA,NA,NA,NA,NA,NA,NA
3344,0.049504826,0.464996398,0.972941522,0.093616451,0.40389186,0.973744995,2022,State,urban/rural,Education,sector_state,0,Assam,NA,NA,NA,NA,0,1,0,0,0,0,NA,NA,NA,NA,NA,NA,NA,NA
3345,0.059086091,0.552753056,0.977286058,0.131431319,0.484842183,0.977706703,2022,State,urban/rural,Education,sector_state,0,Assam,NA,NA,NA,NA,1,0,0,0,0,0,NA,NA,NA,NA,NA,NA,NA,NA
3346,0,0.142192465,0.673244663,0.019956708,0.104093242,0.673244663,2022,State,urban/rural,Education,sector_state,0,West Bengal,NA,NA,NA,NA,0,0,0,0,0,1,NA,NA,NA,NA,NA,NA,NA,NA
3347,0,0.133508534,0.688399184,0.005176518,0.104278368,0.692428081,2022,State,urban/rural,Education,sector_state,0,West Bengal,NA,NA,NA,NA,0,0,0,0,1,0,NA,NA,NA,NA,NA,NA,NA,NA
3348,0.002277392,0.196282109,0.801689791,0.010049516,0.14172857,0.80274344,2022,State,urban/rural,Education,sector_state,0,West Bengal,NA,NA,NA,NA,0,0,0,1,0,0,NA,NA,NA,NA,NA,NA,NA,NA
3349,0.005074922,0.243816992,0.890690684,0.022821174,0.191170869,0.892065971,2022,State,urban/rural,Education,sector_state,0,West Bengal,NA,NA,NA,NA,0,0,1,0,0,0,NA,NA,NA,NA,NA,NA,NA,NA
3350,0.01027073,0.279534004,0.919398534,0.02903468,0.222926146,0.921551884,2022,State,urban/rural,Education,sector_state,0,West Bengal,NA,NA,NA,NA,0,1,0,0,0,0,NA,NA,NA,NA,NA,NA,NA,NA
3351,0.019912135,0.398616919,0.950451594,0.050423001,0.334967515,0.950699879,2022,State,urban/rural,Education,sector_state,0,West Bengal,NA,NA,NA,NA,1,0,0,0,0,0,NA,NA,NA,NA,NA,NA,NA,NA
3352,0.064335212,0.234823595,0.772998498,0.064335212,0.169145336,0.772998498,2022,State,urban/rural,Education,sector_state,0,Jharkhand,NA,NA,NA,NA,0,0,0,0,0,1,NA,NA,NA,NA,NA,NA,NA,NA
3353,0.004121689,0.271237903,0.797788151,0.038944527,0.221043489,0.797788151,2022,State,urban/rural,Education,sector_state,0,Jharkhand,NA,NA,NA,NA,0,0,0,0,1,0,NA,NA,NA,NA,NA,NA,NA,NA
3354,0.047065026,0.358430318,0.859519874,0.098700582,0.322919169,0.86010272,2022,State,urban/rural,Education,sector_state,0,Jharkhand,NA,NA,NA,NA,0,0,0,1,0,0,NA,NA,NA,NA,NA,NA,NA,NA
3355,0.091728202,0.469711263,0.904602934,0.1523535,0.427903911,0.904602934,2022,State,urban/rural,Education,sector_state,0,Jharkhand,NA,NA,NA,NA,0,0,1,0,0,0,NA,NA,NA,NA,NA,NA,NA,NA
3356,0.087977146,0.484933374,0.935942931,0.164754277,0.435043886,0.936644071,2022,State,urban/rural,Education,sector_state,0,Jharkhand,NA,NA,NA,NA,0,1,0,0,0,0,NA,NA,NA,NA,NA,NA,NA,NA
3357,0.133326726,0.63624291,0.966452829,0.245793413,0.581695364,0.966598547,2022,State,urban/rural,Education,sector_state,0,Jharkhand,NA,NA,NA,NA,1,0,0,0,0,0,NA,NA,NA,NA,NA,NA,NA,NA
3358,0,0.057809897,0.595525491,0,0.057809897,0.595525491,2022,State,urban/rural,Education,sector_state,0,Odisha,NA,NA,NA,NA,0,0,0,0,0,1,NA,NA,NA,NA,NA,NA,NA,NA
3359,0,0.124001503,0.705173509,0.005700858,0.101762507,0.705866916,2022,State,urban/rural,Education,sector_state,0,Odisha,NA,NA,NA,NA,0,0,0,0,1,0,NA,NA,NA,NA,NA,NA,NA,NA
3360,0.005025592,0.299674599,0.906635394,0.029262911,0.236497701,0.906635394,2022,State,urban/rural,Education,sector_state,0,Odisha,NA,NA,NA,NA,0,0,0,1,0,0,NA,NA,NA,NA,NA,NA,NA,NA
3361,0.011206396,0.405040735,0.929949871,0.050097175,0.347416037,0.929949871,2022,State,urban/rural,Education,sector_state,0,Odisha,NA,NA,NA,NA,0,0,1,0,0,0,NA,NA,NA,NA,NA,NA,NA,NA
3362,0.02279641,0.456343586,0.955811148,0.071137831,0.384551369,0.957159943,2022,State,urban/rural,Education,sector_state,0,Odisha,NA,NA,NA,NA,0,1,0,0,0,0,NA,NA,NA,NA,NA,NA,NA,NA
3363,0.078923887,0.583474744,0.974222231,0.161264948,0.525463863,0.974512856,2022,State,urban/rural,Education,sector_state,0,Odisha,NA,NA,NA,NA,1,0,0,0,0,0,NA,NA,NA,NA,NA,NA,NA,NA
3364,0,0.174675607,0.753027704,0.057491387,0.174675607,0.753027704,2022,State,urban/rural,Education,sector_state,0,Chhattisgarh,NA,NA,NA,NA,0,0,0,0,0,1,NA,NA,NA,NA,NA,NA,NA,NA
3365,0.012702713,0.253260108,0.849864624,0.076290334,0.239502869,0.849864624,2022,State,urban/rural,Education,sector_state,0,Chhattisgarh,NA,NA,NA,NA,0,0,0,0,1,0,NA,NA,NA,NA,NA,NA,NA,NA
3366,0.063747427,0.434657736,0.931176108,0.129748085,0.366144646,0.931176108,2022,State,urban/rural,Education,sector_state,0,Chhattisgarh,NA,NA,NA,NA,0,0,0,1,0,0,NA,NA,NA,NA,NA,NA,NA,NA
3367,0.083826807,0.512635712,0.943276612,0.161651924,0.468532707,0.943276612,2022,State,urban/rural,Education,sector_state,0,Chhattisgarh,NA,NA,NA,NA,0,0,1,0,0,0,NA,NA,NA,NA,NA,NA,NA,NA
3368,0.115521545,0.56084297,0.965644125,0.192497436,0.509015514,0.965644125,2022,State,urban/rural,Education,sector_state,0,Chhattisgarh,NA,NA,NA,NA,0,1,0,0,0,0,NA,NA,NA,NA,NA,NA,NA,NA
3369,0.161258188,0.673752622,0.980822359,0.285007354,0.611507657,0.98156072,2022,State,urban/rural,Education,sector_state,0,Chhattisgarh,NA,NA,NA,NA,1,0,0,0,0,0,NA,NA,NA,NA,NA,NA,NA,NA
3370,0,0.050898616,0.623222052,0.024623613,0.050898616,0.623222052,2022,State,urban/rural,Education,sector_state,0,Madhya Pradesh,NA,NA,NA,NA,0,0,0,0,0,1,NA,NA,NA,NA,NA,NA,NA,NA
3371,0,0.15269649,0.77691413,0.006226863,0.116172773,0.77691413,2022,State,urban/rural,Education,sector_state,0,Madhya Pradesh,NA,NA,NA,NA,0,0,0,0,1,0,NA,NA,NA,NA,NA,NA,NA,NA
3372,0.007942085,0.191141243,0.847779774,0.029153371,0.147796715,0.847779774,2022,State,urban/rural,Education,sector_state,0,Madhya Pradesh,NA,NA,NA,NA,0,0,0,1,0,0,NA,NA,NA,NA,NA,NA,NA,NA
3373,0.015656475,0.278298319,0.902861579,0.032499952,0.220514055,0.903659146,2022,State,urban/rural,Education,sector_state,0,Madhya Pradesh,NA,NA,NA,NA,0,0,1,0,0,0,NA,NA,NA,NA,NA,NA,NA,NA
3374,0.016155532,0.301874945,0.920354088,0.037605956,0.25162028,0.922098935,2022,State,urban/rural,Education,sector_state,0,Madhya Pradesh,NA,NA,NA,NA,0,1,0,0,0,0,NA,NA,NA,NA,NA,NA,NA,NA
3375,0.034739038,0.408341577,0.947118297,0.088789372,0.351171284,0.9473554,2022,State,urban/rural,Education,sector_state,0,Madhya Pradesh,NA,NA,NA,NA,1,0,0,0,0,0,NA,NA,NA,NA,NA,NA,NA,NA
3376,0,0.172832113,0.707268014,0.028199808,0.16632349,0.707268014,2022,State,urban/rural,Education,sector_state,0,Gujarat,NA,NA,NA,NA,0,0,0,0,0,1,NA,NA,NA,NA,NA,NA,NA,NA
3377,0.008075588,0.160134888,0.752933815,0.016941145,0.139737627,0.752933815,2022,State,urban/rural,Education,sector_state,0,Gujarat,NA,NA,NA,NA,0,0,0,0,1,0,NA,NA,NA,NA,NA,NA,NA,NA
3378,0.01963674,0.240024936,0.852415863,0.030044163,0.196198824,0.853617698,2022,State,urban/rural,Education,sector_state,0,Gujarat,NA,NA,NA,NA,0,0,0,1,0,0,NA,NA,NA,NA,NA,NA,NA,NA
3379,0.009345809,0.270238613,0.904650611,0.034541091,0.230405422,0.904782991,2022,State,urban/rural,Education,sector_state,0,Gujarat,NA,NA,NA,NA,0,0,1,0,0,0,NA,NA,NA,NA,NA,NA,NA,NA
3380,0.01162044,0.352149355,0.921117936,0.036664977,0.289261595,0.921966127,2022,State,urban/rural,Education,sector_state,0,Gujarat,NA,NA,NA,NA,0,1,0,0,0,0,NA,NA,NA,NA,NA,NA,NA,NA
3381,0.019606867,0.424474456,0.946535126,0.058593263,0.365817095,0.946829223,2022,State,urban/rural,Education,sector_state,0,Gujarat,NA,NA,NA,NA,1,0,0,0,0,0,NA,NA,NA,NA,NA,NA,NA,NA
3382,0.215606553,0.215606553,0.72445104,0.215606553,0.215606553,0.72445104,2022,State,urban/rural,Education,sector_state,0,Daman & Diu & D & N Haveli,NA,NA,NA,NA,0,0,0,0,1,0,NA,NA,NA,NA,NA,NA,NA,NA
3383,0.069574364,0.361689229,0.854363562,0.096813879,0.257560094,0.854363562,2022,State,urban/rural,Education,sector_state,0,Daman & Diu & D & N Haveli,NA,NA,NA,NA,0,0,0,1,0,0,NA,NA,NA,NA,NA,NA,NA,NA
3384,0,0.42446197,0.856946808,0.033996753,0.381406539,0.856946808,2022,State,urban/rural,Education,sector_state,0,Daman & Diu & D & N Haveli,NA,NA,NA,NA,0,0,1,0,0,0,NA,NA,NA,NA,NA,NA,NA,NA
3385,0.096914525,0.360543557,0.919031681,0.135340529,0.332768841,0.919031681,2022,State,urban/rural,Education,sector_state,0,Daman & Diu & D & N Haveli,NA,NA,NA,NA,0,1,0,0,0,0,NA,NA,NA,NA,NA,NA,NA,NA
3386,0.186910989,0.628113866,0.967685996,0.342973159,0.601623996,0.975367702,2022,State,urban/rural,Education,sector_state,0,Daman & Diu & D & N Haveli,NA,NA,NA,NA,1,0,0,0,0,0,NA,NA,NA,NA,NA,NA,NA,NA
3387,0,0.047672205,0.498435075,0,0.0296839,0.503807169,2022,State,urban/rural,Education,sector_state,0,Maharashtra,NA,NA,NA,NA,0,0,0,0,0,1,NA,NA,NA,NA,NA,NA,NA,NA
3388,0.013265196,0.161424993,0.671675236,0.028346613,0.134283992,0.67441348,2022,State,urban/rural,Education,sector_state,0,Maharashtra,NA,NA,NA,NA,0,0,0,0,1,0,NA,NA,NA,NA,NA,NA,NA,NA
3389,0.014382674,0.290274098,0.862595026,0.048179547,0.247619008,0.863962061,2022,State,urban/rural,Education,sector_state,0,Maharashtra,NA,NA,NA,NA,0,0,0,1,0,0,NA,NA,NA,NA,NA,NA,NA,NA
3390,0.02219309,0.316288948,0.902214395,0.052707524,0.264366375,0.902214395,2022,State,urban/rural,Education,sector_state,0,Maharashtra,NA,NA,NA,NA,0,0,1,0,0,0,NA,NA,NA,NA,NA,NA,NA,NA
3391,0.034483785,0.387824848,0.910648534,0.068497853,0.334831522,0.911238995,2022,State,urban/rural,Education,sector_state,0,Maharashtra,NA,NA,NA,NA,0,1,0,0,0,0,NA,NA,NA,NA,NA,NA,NA,NA
3392,0.079846202,0.503902902,0.947651804,0.145104772,0.450598475,0.948368171,2022,State,urban/rural,Education,sector_state,0,Maharashtra,NA,NA,NA,NA,1,0,0,0,0,0,NA,NA,NA,NA,NA,NA,NA,NA
3393,0,0.115413258,0.493565001,0,0.047352721,0.493565001,2022,State,urban/rural,Education,sector_state,0,Andhra Pradesh,NA,NA,NA,NA,0,0,0,0,0,1,NA,NA,NA,NA,NA,NA,NA,NA
3394,0,0.07063878,0.590010439,0,0.050691544,0.590010439,2022,State,urban/rural,Education,sector_state,0,Andhra Pradesh,NA,NA,NA,NA,0,0,0,0,1,0,NA,NA,NA,NA,NA,NA,NA,NA
3395,0.001408256,0.106481345,0.683842742,0.004634166,0.078432829,0.683842742,2022,State,urban/rural,Education,sector_state,0,Andhra Pradesh,NA,NA,NA,NA,0,0,0,1,0,0,NA,NA,NA,NA,NA,NA,NA,NA
3396,0.005137467,0.104572888,0.640360457,0.00904887,0.092126057,0.640360457,2022,State,urban/rural,Education,sector_state,0,Andhra Pradesh,NA,NA,NA,NA,0,0,1,0,0,0,NA,NA,NA,NA,NA,NA,NA,NA
3397,0.000504987,0.119946893,0.70480282,0.012617259,0.090890387,0.706188695,2022,State,urban/rural,Education,sector_state,0,Andhra Pradesh,NA,NA,NA,NA,0,1,0,0,0,0,NA,NA,NA,NA,NA,NA,NA,NA
3398,0.004575862,0.147869609,0.766905128,0.010699152,0.116043603,0.769655842,2022,State,urban/rural,Education,sector_state,0,Andhra Pradesh,NA,NA,NA,NA,1,0,0,0,0,0,NA,NA,NA,NA,NA,NA,NA,NA
3399,0,0.118897628,0.607883329,0,0.026896205,0.607883329,2022,State,urban/rural,Education,sector_state,0,Karnataka,NA,NA,NA,NA,0,0,0,0,0,1,NA,NA,NA,NA,NA,NA,NA,NA
3400,0,0.107957213,0.594788366,0.023160541,0.082580671,0.594788366,2022,State,urban/rural,Education,sector_state,0,Karnataka,NA,NA,NA,NA,0,0,0,0,1,0,NA,NA,NA,NA,NA,NA,NA,NA
3401,0,0.111666085,0.690116902,0.00798635,0.091464423,0.692412712,2022,State,urban/rural,Education,sector_state,0,Karnataka,NA,NA,NA,NA,0,0,0,1,0,0,NA,NA,NA,NA,NA,NA,NA,NA
3402,0.009601395,0.096169404,0.686514967,0.009601395,0.063526461,0.689717268,2022,State,urban/rural,Education,sector_state,0,Karnataka,NA,NA,NA,NA,0,0,1,0,0,0,NA,NA,NA,NA,NA,NA,NA,NA
3403,0,0.114173455,0.784821087,0.005971515,0.09374484,0.785837586,2022,State,urban/rural,Education,sector_state,0,Karnataka,NA,NA,NA,NA,0,1,0,0,0,0,NA,NA,NA,NA,NA,NA,NA,NA
3404,0.003117396,0.176639476,0.84351762,0.01333779,0.142992262,0.845416667,2022,State,urban/rural,Education,sector_state,0,Karnataka,NA,NA,NA,NA,1,0,0,0,0,0,NA,NA,NA,NA,NA,NA,NA,NA
3405,0,0,0,0,0,0.402373879,2022,State,urban/rural,Education,sector_state,0,Goa,NA,NA,NA,NA,0,0,0,0,0,1,NA,NA,NA,NA,NA,NA,NA,NA
3406,0,0,0.387510491,0,0,0.387510491,2022,State,urban/rural,Education,sector_state,0,Goa,NA,NA,NA,NA,0,0,0,0,1,0,NA,NA,NA,NA,NA,NA,NA,NA
3407,0,0.02430196,0.510575421,0,0.019609321,0.524774767,2022,State,urban/rural,Education,sector_state,0,Goa,NA,NA,NA,NA,0,0,0,1,0,0,NA,NA,NA,NA,NA,NA,NA,NA
3408,0,0.027365106,0.363661752,0,0.027365106,0.367741331,2022,State,urban/rural,Education,sector_state,0,Goa,NA,NA,NA,NA,0,0,1,0,0,0,NA,NA,NA,NA,NA,NA,NA,NA
3409,0,0.055220127,0.604057247,0.01725629,0.055220127,0.604057247,2022,State,urban/rural,Education,sector_state,0,Goa,NA,NA,NA,NA,0,1,0,0,0,0,NA,NA,NA,NA,NA,NA,NA,NA
3410,0,0.042559969,0.662907696,0,0.022260465,0.662907696,2022,State,urban/rural,Education,sector_state,0,Goa,NA,NA,NA,NA,1,0,0,0,0,0,NA,NA,NA,NA,NA,NA,NA,NA
3411,0,0,0.397351213,0,0,0.397351213,2022,State,urban/rural,Education,sector_state,0,Lakshadweep,NA,NA,NA,NA,0,0,0,0,0,1,NA,NA,NA,NA,NA,NA,NA,NA
3412,0,0,0.376144874,0,0,0.376144874,2022,State,urban/rural,Education,sector_state,0,Lakshadweep,NA,NA,NA,NA,0,0,0,0,1,0,NA,NA,NA,NA,NA,NA,NA,NA
3413,0,0.021733116,0.569940248,0,0.021733116,0.569940248,2022,State,urban/rural,Education,sector_state,0,Lakshadweep,NA,NA,NA,NA,0,0,0,1,0,0,NA,NA,NA,NA,NA,NA,NA,NA
3414,0,0,0.527945784,0,0,0.527945784,2022,State,urban/rural,Education,sector_state,0,Lakshadweep,NA,NA,NA,NA,0,0,1,0,0,0,NA,NA,NA,NA,NA,NA,NA,NA
3415,0,0.047821993,0.811691827,0,0.047821993,0.811691827,2022,State,urban/rural,Education,sector_state,0,Lakshadweep,NA,NA,NA,NA,0,1,0,0,0,0,NA,NA,NA,NA,NA,NA,NA,NA
3416,0,0.047528382,0.843099325,0,0.047528382,0.843099325,2022,State,urban/rural,Education,sector_state,0,Lakshadweep,NA,NA,NA,NA,1,0,0,0,0,0,NA,NA,NA,NA,NA,NA,NA,NA
3417,0,0.011246957,0.235473638,0,0,0.235473638,2022,State,urban/rural,Education,sector_state,0,Kerala,NA,NA,NA,NA,0,0,0,0,0,1,NA,NA,NA,NA,NA,NA,NA,NA
3418,0,0.012929817,0.378658714,0,0.012929817,0.378658714,2022,State,urban/rural,Education,sector_state,0,Kerala,NA,NA,NA,NA,0,0,0,0,1,0,NA,NA,NA,NA,NA,NA,NA,NA
3419,0.000498594,0.05463208,0.601908373,0.005768575,0.041709176,0.603464129,2022,State,urban/rural,Education,sector_state,0,Kerala,NA,NA,NA,NA,0,0,0,1,0,0,NA,NA,NA,NA,NA,NA,NA,NA
3420,0.001226009,0.083913297,0.693479626,0.005182696,0.07053157,0.695398492,2022,State,urban/rural,Education,sector_state,0,Kerala,NA,NA,NA,NA,0,0,1,0,0,0,NA,NA,NA,NA,NA,NA,NA,NA
3421,0.008623561,0.157792822,0.776034284,0.013410981,0.122987019,0.778939296,2022,State,urban/rural,Education,sector_state,0,Kerala,NA,NA,NA,NA,0,1,0,0,0,0,NA,NA,NA,NA,NA,NA,NA,NA
3422,0.02041626,0.255405338,0.856449232,0.040166926,0.202556888,0.857328602,2022,State,urban/rural,Education,sector_state,0,Kerala,NA,NA,NA,NA,1,0,0,0,0,0,NA,NA,NA,NA,NA,NA,NA,NA
3423,0,0.041508725,0.450652353,0,0.031521756,0.450652353,2022,State,urban/rural,Education,sector_state,0,Tamil Nadu,NA,NA,NA,NA,0,0,0,0,0,1,NA,NA,NA,NA,NA,NA,NA,NA
3424,0,0.059119125,0.534556495,0,0.040028054,0.534802948,2022,State,urban/rural,Education,sector_state,0,Tamil Nadu,NA,NA,NA,NA,0,0,0,0,1,0,NA,NA,NA,NA,NA,NA,NA,NA
3425,0.003305513,0.063733885,0.639896619,0.004560338,0.049678536,0.641063337,2022,State,urban/rural,Education,sector_state,0,Tamil Nadu,NA,NA,NA,NA,0,0,0,1,0,0,NA,NA,NA,NA,NA,NA,NA,NA
3426,0.002541045,0.085740824,0.713833062,0.006309091,0.065149121,0.715987769,2022,State,urban/rural,Education,sector_state,0,Tamil Nadu,NA,NA,NA,NA,0,0,1,0,0,0,NA,NA,NA,NA,NA,NA,NA,NA
3427,0.001437155,0.081601827,0.73867043,0.008483343,0.065551222,0.740296487,2022,State,urban/rural,Education,sector_state,0,Tamil Nadu,NA,NA,NA,NA,0,1,0,0,0,0,NA,NA,NA,NA,NA,NA,NA,NA
3428,0.004531423,0.113577245,0.763020624,0.014071452,0.08776494,0.764781336,2022,State,urban/rural,Education,sector_state,0,Tamil Nadu,NA,NA,NA,NA,1,0,0,0,0,0,NA,NA,NA,NA,NA,NA,NA,NA
3429,0,0,0.477793706,0,0,0.477793706,2022,State,urban/rural,Education,sector_state,0,Puducherry,NA,NA,NA,NA,0,0,0,0,0,1,NA,NA,NA,NA,NA,NA,NA,NA
3430,0,0,0.495094666,0,0,0.519037633,2022,State,urban/rural,Education,sector_state,0,Puducherry,NA,NA,NA,NA,0,0,0,0,1,0,NA,NA,NA,NA,NA,NA,NA,NA
3431,0,0.034358622,0.538101996,0,0.019945759,0.538101996,2022,State,urban/rural,Education,sector_state,0,Puducherry,NA,NA,NA,NA,0,0,0,1,0,0,NA,NA,NA,NA,NA,NA,NA,NA
3432,0,0.037878858,0.690583859,0,0.037878858,0.690583859,2022,State,urban/rural,Education,sector_state,0,Puducherry,NA,NA,NA,NA,0,0,1,0,0,0,NA,NA,NA,NA,NA,NA,NA,NA
3433,0,0.029236262,0.81634579,0,0.021559172,0.81634579,2022,State,urban/rural,Education,sector_state,0,Puducherry,NA,NA,NA,NA,0,1,0,0,0,0,NA,NA,NA,NA,NA,NA,NA,NA
3434,0,0.054215373,0.827697998,0.024807682,0.043126887,0.827697998,2022,State,urban/rural,Education,sector_state,0,Puducherry,NA,NA,NA,NA,1,0,0,0,0,0,NA,NA,NA,NA,NA,NA,NA,NA
3435,0,0,0.259477409,0,0,0.259477409,2022,State,urban/rural,Education,sector_state,0,A & N Island,NA,NA,NA,NA,0,0,0,0,0,1,NA,NA,NA,NA,NA,NA,NA,NA
3436,0,0,0.161898732,0,0,0.161898732,2022,State,urban/rural,Education,sector_state,0,A & N Island,NA,NA,NA,NA,0,0,0,0,1,0,NA,NA,NA,NA,NA,NA,NA,NA
3437,0,0.00763687,0.321178152,0,0,0.324814303,2022,State,urban/rural,Education,sector_state,0,A & N Island,NA,NA,NA,NA,0,0,0,1,0,0,NA,NA,NA,NA,NA,NA,NA,NA
3438,0,0,0.404514893,0,0,0.404514893,2022,State,urban/rural,Education,sector_state,0,A & N Island,NA,NA,NA,NA,0,0,1,0,0,0,NA,NA,NA,NA,NA,NA,NA,NA
3439,0,0,0.546504487,0,0,0.55486795,2022,State,urban/rural,Education,sector_state,0,A & N Island,NA,NA,NA,NA,0,1,0,0,0,0,NA,NA,NA,NA,NA,NA,NA,NA
3440,0,0.046823773,0.576511254,0.001078255,0.024497347,0.576511254,2022,State,urban/rural,Education,sector_state,0,A & N Island,NA,NA,NA,NA,1,0,0,0,0,0,NA,NA,NA,NA,NA,NA,NA,NA
3441,0,0.061328955,0.569204455,0,0.061328955,0.569204455,2022,State,urban/rural,Education,sector_state,0,Telangana,NA,NA,NA,NA,0,0,0,0,0,1,NA,NA,NA,NA,NA,NA,NA,NA
3442,0,0.051068679,0.658507409,0,0.035167174,0.665495952,2022,State,urban/rural,Education,sector_state,0,Telangana,NA,NA,NA,NA,0,0,0,0,1,0,NA,NA,NA,NA,NA,NA,NA,NA
3443,0.005071751,0.104970974,0.760933034,0.006087968,0.073070165,0.764623077,2022,State,urban/rural,Education,sector_state,0,Telangana,NA,NA,NA,NA,0,0,0,1,0,0,NA,NA,NA,NA,NA,NA,NA,NA
3444,0,0.12577698,0.841058851,0.005987488,0.109374929,0.841058851,2022,State,urban/rural,Education,sector_state,0,Telangana,NA,NA,NA,NA,0,0,1,0,0,0,NA,NA,NA,NA,NA,NA,NA,NA
3445,0.005728942,0.155244574,0.854577896,0.005728942,0.097098987,0.861527525,2022,State,urban/rural,Education,sector_state,0,Telangana,NA,NA,NA,NA,0,1,0,0,0,0,NA,NA,NA,NA,NA,NA,NA,NA
3446,0.009084714,0.188138588,0.858277319,0.022635705,0.147920075,0.860018294,2022,State,urban/rural,Education,sector_state,0,Telangana,NA,NA,NA,NA,1,0,0,0,0,0,NA,NA,NA,NA,NA,NA,NA,NA
3447,0,0,0.567709018,0,0,0.567709018,2022,State,urban/rural,Education,sector_state,0,Ladakh,NA,NA,NA,NA,0,0,0,0,0,1,NA,NA,NA,NA,NA,NA,NA,NA
3448,0,0,0.681706998,0,0,0.717281619,2022,State,urban/rural,Education,sector_state,0,Ladakh,NA,NA,NA,NA,0,0,0,0,1,0,NA,NA,NA,NA,NA,NA,NA,NA
3449,0,0.054675894,0.826809112,0,0.054675894,0.826809112,2022,State,urban/rural,Education,sector_state,0,Ladakh,NA,NA,NA,NA,0,0,0,1,0,0,NA,NA,NA,NA,NA,NA,NA,NA
3450,0,0.162507751,0.877907063,0.019813762,0.162507751,0.877907063,2022,State,urban/rural,Education,sector_state,0,Ladakh,NA,NA,NA,NA,0,0,1,0,0,0,NA,NA,NA,NA,NA,NA,NA,NA
3451,0,0.448341683,0.769440009,0.035925778,0.448341683,0.769440009,2022,State,urban/rural,Education,sector_state,0,Ladakh,NA,NA,NA,NA,0,1,0,0,0,0,NA,NA,NA,NA,NA,NA,NA,NA
3452,0.084134238,0.511626577,0.899119906,0.202732868,0.471611981,0.908690496,2022,State,urban/rural,Education,sector_state,0,Ladakh,NA,NA,NA,NA,1,0,0,0,0,0,NA,NA,NA,NA,NA,NA,NA,NA
3453,0,0,0.272759582,0,0,0.290667463,2022,State,urban/rural,Education,sector_state,1,Jammu & Kashmir,NA,NA,NA,NA,0,0,0,0,0,1,NA,NA,NA,NA,NA,NA,NA,NA
3454,0,0.005448814,0.360286174,0,0.005448814,0.360286174,2022,State,urban/rural,Education,sector_state,1,Jammu & Kashmir,NA,NA,NA,NA,0,0,0,0,1,0,NA,NA,NA,NA,NA,NA,NA,NA
3455,0,0.037125357,0.506265191,0.001718222,0.033666705,0.506265191,2022,State,urban/rural,Education,sector_state,1,Jammu & Kashmir,NA,NA,NA,NA,0,0,0,1,0,0,NA,NA,NA,NA,NA,NA,NA,NA
3456,0,0.083714732,0.696767759,0.00323047,0.072495623,0.70195627,2022,State,urban/rural,Education,sector_state,1,Jammu & Kashmir,NA,NA,NA,NA,0,0,1,0,0,0,NA,NA,NA,NA,NA,NA,NA,NA
3457,0.014948689,0.130152203,0.651480542,0.014948689,0.080037532,0.668924045,2022,State,urban/rural,Education,sector_state,1,Jammu & Kashmir,NA,NA,NA,NA,0,1,0,0,0,0,NA,NA,NA,NA,NA,NA,NA,NA
3458,0.020588109,0.170911409,0.806265527,0.047235112,0.13667936,0.807737697,2022,State,urban/rural,Education,sector_state,1,Jammu & Kashmir,NA,NA,NA,NA,1,0,0,0,0,0,NA,NA,NA,NA,NA,NA,NA,NA
3459,0,0,0.181416527,0,0,0.181416527,2022,State,urban/rural,Education,sector_state,1,Himachal Pradesh,NA,NA,NA,NA,0,0,0,0,0,1,NA,NA,NA,NA,NA,NA,NA,NA
3460,0,0.029972527,0.288563673,0,0,0.288563673,2022,State,urban/rural,Education,sector_state,1,Himachal Pradesh,NA,NA,NA,NA,0,0,0,0,1,0,NA,NA,NA,NA,NA,NA,NA,NA
3461,0,0.03468367,0.472368027,0.00296998,0.021736821,0.472368027,2022,State,urban/rural,Education,sector_state,1,Himachal Pradesh,NA,NA,NA,NA,0,0,0,1,0,0,NA,NA,NA,NA,NA,NA,NA,NA
3462,0,0.111653293,0.684803215,0.004004815,0.106056327,0.684803215,2022,State,urban/rural,Education,sector_state,1,Himachal Pradesh,NA,NA,NA,NA,0,0,1,0,0,0,NA,NA,NA,NA,NA,NA,NA,NA
3463,0,0.156447324,0.663224481,0.080124052,0.156447324,0.663224481,2022,State,urban/rural,Education,sector_state,1,Himachal Pradesh,NA,NA,NA,NA,0,1,0,0,0,0,NA,NA,NA,NA,NA,NA,NA,NA
3464,0,0.213833673,0.877209608,0.086568888,0.173574815,0.877209608,2022,State,urban/rural,Education,sector_state,1,Himachal Pradesh,NA,NA,NA,NA,1,0,0,0,0,0,NA,NA,NA,NA,NA,NA,NA,NA
3465,0,0.018868379,0.220292573,0,0.018868379,0.220292573,2022,State,urban/rural,Education,sector_state,1,Punjab,NA,NA,NA,NA,0,0,0,0,0,1,NA,NA,NA,NA,NA,NA,NA,NA
3466,0.003196199,0.028757632,0.241066607,0.003196199,0.025561433,0.249877666,2022,State,urban/rural,Education,sector_state,1,Punjab,NA,NA,NA,NA,0,0,0,0,1,0,NA,NA,NA,NA,NA,NA,NA,NA
3467,0.003453328,0.061144978,0.573734264,0.008568919,0.046514815,0.575924195,2022,State,urban/rural,Education,sector_state,1,Punjab,NA,NA,NA,NA,0,0,0,1,0,0,NA,NA,NA,NA,NA,NA,NA,NA
3468,0.006264334,0.095137869,0.69024863,0.008777941,0.078870063,0.711905033,2022,State,urban/rural,Education,sector_state,1,Punjab,NA,NA,NA,NA,0,0,1,0,0,0,NA,NA,NA,NA,NA,NA,NA,NA
3469,0.002827345,0.115332528,0.762015268,0.014821459,0.08041258,0.768201122,2022,State,urban/rural,Education,sector_state,1,Punjab,NA,NA,NA,NA,0,1,0,0,0,0,NA,NA,NA,NA,NA,NA,NA,NA
3470,0.002348523,0.204277291,0.806757919,0.018450761,0.154644462,0.806757919,2022,State,urban/rural,Education,sector_state,1,Punjab,NA,NA,NA,NA,1,0,0,0,0,0,NA,NA,NA,NA,NA,NA,NA,NA
3471,0,0,0,0,0,0,2022,State,urban/rural,Education,sector_state,1,Chandigarh,NA,NA,NA,NA,0,0,0,0,0,1,NA,NA,NA,NA,NA,NA,NA,NA
3472,0,0,0.023458081,0,0,0.023458081,2022,State,urban/rural,Education,sector_state,1,Chandigarh,NA,NA,NA,NA,0,0,0,0,1,0,NA,NA,NA,NA,NA,NA,NA,NA
3473,0,0,0.23265815,0,0,0.23265815,2022,State,urban/rural,Education,sector_state,1,Chandigarh,NA,NA,NA,NA,0,0,0,1,0,0,NA,NA,NA,NA,NA,NA,NA,NA
3474,0,0,0.390574911,0,0,0.390574911,2022,State,urban/rural,Education,sector_state,1,Chandigarh,NA,NA,NA,NA,0,0,1,0,0,0,NA,NA,NA,NA,NA,NA,NA,NA
3475,0,0,0.625302331,0,0,0.625302331,2022,State,urban/rural,Education,sector_state,1,Chandigarh,NA,NA,NA,NA,0,1,0,0,0,0,NA,NA,NA,NA,NA,NA,NA,NA
3476,0,0,0.514980892,0,0,0.514980892,2022,State,urban/rural,Education,sector_state,1,Chandigarh,NA,NA,NA,NA,1,0,0,0,0,0,NA,NA,NA,NA,NA,NA,NA,NA
3477,0,0.003316047,0.111747612,0,0.003316047,0.111747612,2022,State,urban/rural,Education,sector_state,1,Uttrakhand,NA,NA,NA,NA,0,0,0,0,0,1,NA,NA,NA,NA,NA,NA,NA,NA
3478,0,0,0.300026005,0,0,0.302112444,2022,State,urban/rural,Education,sector_state,1,Uttrakhand,NA,NA,NA,NA,0,0,0,0,1,0,NA,NA,NA,NA,NA,NA,NA,NA
3479,0,0.05133004,0.559166693,0,0.024480618,0.561525114,2022,State,urban/rural,Education,sector_state,1,Uttrakhand,NA,NA,NA,NA,0,0,0,1,0,0,NA,NA,NA,NA,NA,NA,NA,NA
3480,0.020265329,0.214817954,0.736852504,0.059721992,0.195932285,0.736852504,2022,State,urban/rural,Education,sector_state,1,Uttrakhand,NA,NA,NA,NA,0,0,1,0,0,0,NA,NA,NA,NA,NA,NA,NA,NA
3481,0,0.176602078,0.824080684,0.03141903,0.160422751,0.824080684,2022,State,urban/rural,Education,sector_state,1,Uttrakhand,NA,NA,NA,NA,0,1,0,0,0,0,NA,NA,NA,NA,NA,NA,NA,NA
3482,0.00685463,0.258347465,0.856361971,0.036973712,0.246160447,0.856361971,2022,State,urban/rural,Education,sector_state,1,Uttrakhand,NA,NA,NA,NA,1,0,0,0,0,0,NA,NA,NA,NA,NA,NA,NA,NA
3483,0,0.02367088,0.176553263,0,0.02367088,0.176553263,2022,State,urban/rural,Education,sector_state,1,Haryana,NA,NA,NA,NA,0,0,0,0,0,1,NA,NA,NA,NA,NA,NA,NA,NA
3484,0,0.013263577,0.299840072,0,0.009247908,0.299840072,2022,State,urban/rural,Education,sector_state,1,Haryana,NA,NA,NA,NA,0,0,0,0,1,0,NA,NA,NA,NA,NA,NA,NA,NA
3485,0.015661066,0.096565778,0.529357547,0.024531537,0.07073983,0.534805011,2022,State,urban/rural,Education,sector_state,1,Haryana,NA,NA,NA,NA,0,0,0,1,0,0,NA,NA,NA,NA,NA,NA,NA,NA
3486,0.007777891,0.140472623,0.643691165,0.018174405,0.098299856,0.645089045,2022,State,urban/rural,Education,sector_state,1,Haryana,NA,NA,NA,NA,0,0,1,0,0,0,NA,NA,NA,NA,NA,NA,NA,NA
3487,0.00476235,0.185528979,0.822545468,0.007987686,0.154669275,0.822545468,2022,State,urban/rural,Education,sector_state,1,Haryana,NA,NA,NA,NA,0,1,0,0,0,0,NA,NA,NA,NA,NA,NA,NA,NA
3488,0.04859391,0.249184924,0.79036927,0.076805601,0.233301591,0.79036927,2022,State,urban/rural,Education,sector_state,1,Haryana,NA,NA,NA,NA,1,0,0,0,0,0,NA,NA,NA,NA,NA,NA,NA,NA
3489,0,0.031348522,0.254831936,0,0.017415846,0.254831936,2022,State,urban/rural,Education,sector_state,1,Delhi,NA,NA,NA,NA,0,0,0,0,0,1,NA,NA,NA,NA,NA,NA,NA,NA
3490,0,0.006866135,0.351536146,0,0.002444005,0.353705625,2022,State,urban/rural,Education,sector_state,1,Delhi,NA,NA,NA,NA,0,0,0,0,1,0,NA,NA,NA,NA,NA,NA,NA,NA
3491,0.009974784,0.097387321,0.700769514,0.009974784,0.071481809,0.702348873,2022,State,urban/rural,Education,sector_state,1,Delhi,NA,NA,NA,NA,0,0,0,1,0,0,NA,NA,NA,NA,NA,NA,NA,NA
3492,0.008655899,0.193009134,0.799460846,0.024849202,0.180874502,0.801151494,2022,State,urban/rural,Education,sector_state,1,Delhi,NA,NA,NA,NA,0,0,1,0,0,0,NA,NA,NA,NA,NA,NA,NA,NA
3493,0.026466702,0.193948532,0.839526518,0.037571551,0.133191684,0.839526518,2022,State,urban/rural,Education,sector_state,1,Delhi,NA,NA,NA,NA,0,1,0,0,0,0,NA,NA,NA,NA,NA,NA,NA,NA
3494,0.003741903,0.259699253,0.854768733,0.043835608,0.239430381,0.854768733,2022,State,urban/rural,Education,sector_state,1,Delhi,NA,NA,NA,NA,1,0,0,0,0,0,NA,NA,NA,NA,NA,NA,NA,NA
3495,0,0.031319567,0.336089145,0.002243352,0.031319567,0.337252088,2022,State,urban/rural,Education,sector_state,1,Rajasthan,NA,NA,NA,NA,0,0,0,0,0,1,NA,NA,NA,NA,NA,NA,NA,NA
3496,0.00090879,0.0397387,0.451035017,0.00303121,0.036276523,0.453571846,2022,State,urban/rural,Education,sector_state,1,Rajasthan,NA,NA,NA,NA,0,0,0,0,1,0,NA,NA,NA,NA,NA,NA,NA,NA
3497,0.005971301,0.091846782,0.680909594,0.015520437,0.066009708,0.681243439,2022,State,urban/rural,Education,sector_state,1,Rajasthan,NA,NA,NA,NA,0,0,0,1,0,0,NA,NA,NA,NA,NA,NA,NA,NA
3498,0.003104957,0.190402212,0.807692405,0.019576964,0.144156264,0.807692405,2022,State,urban/rural,Education,sector_state,1,Rajasthan,NA,NA,NA,NA,0,0,1,0,0,0,NA,NA,NA,NA,NA,NA,NA,NA
3499,0.016421017,0.230515354,0.843565148,0.037103552,0.183058961,0.844488969,2022,State,urban/rural,Education,sector_state,1,Rajasthan,NA,NA,NA,NA,0,1,0,0,0,0,NA,NA,NA,NA,NA,NA,NA,NA
3500,0.023711063,0.324652188,0.8932345,0.066901981,0.289568031,0.893907207,2022,State,urban/rural,Education,sector_state,1,Rajasthan,NA,NA,NA,NA,1,0,0,0,0,0,NA,NA,NA,NA,NA,NA,NA,NA
3501,0,0.074988086,0.459361115,0.002417681,0.052880676,0.464067241,2022,State,urban/rural,Education,sector_state,1,Uttar Pradesh,NA,NA,NA,NA,0,0,0,0,0,1,NA,NA,NA,NA,NA,NA,NA,NA
3502,0.006613929,0.077956524,0.538189575,0.008151372,0.0594457,0.541180011,2022,State,urban/rural,Education,sector_state,1,Uttar Pradesh,NA,NA,NA,NA,0,0,0,0,1,0,NA,NA,NA,NA,NA,NA,NA,NA
3503,0.00547564,0.187928647,0.805209,0.017542949,0.153770422,0.806412315,2022,State,urban/rural,Education,sector_state,1,Uttar Pradesh,NA,NA,NA,NA,0,0,0,1,0,0,NA,NA,NA,NA,NA,NA,NA,NA
3504,0.013331164,0.311795002,0.909837348,0.034535566,0.257914766,0.912135456,2022,State,urban/rural,Education,sector_state,1,Uttar Pradesh,NA,NA,NA,NA,0,0,1,0,0,0,NA,NA,NA,NA,NA,NA,NA,NA
3505,0.012417237,0.355499639,0.917926629,0.035059077,0.295171572,0.918547818,2022,State,urban/rural,Education,sector_state,1,Uttar Pradesh,NA,NA,NA,NA,0,1,0,0,0,0,NA,NA,NA,NA,NA,NA,NA,NA
3506,0.035071377,0.437100108,0.952693752,0.095286117,0.378023255,0.953294945,2022,State,urban/rural,Education,sector_state,1,Uttar Pradesh,NA,NA,NA,NA,1,0,0,0,0,0,NA,NA,NA,NA,NA,NA,NA,NA
3507,0.013484409,0.088114627,0.428190743,0.013484409,0.065400473,0.428190743,2022,State,urban/rural,Education,sector_state,1,Bihar,NA,NA,NA,NA,0,0,0,0,0,1,NA,NA,NA,NA,NA,NA,NA,NA
3508,0,0.10137557,0.588175291,0.015016689,0.081061353,0.596145082,2022,State,urban/rural,Education,sector_state,1,Bihar,NA,NA,NA,NA,0,0,0,0,1,0,NA,NA,NA,NA,NA,NA,NA,NA
3509,0.007184759,0.164025245,0.762164433,0.021391159,0.133481821,0.765575303,2022,State,urban/rural,Education,sector_state,1,Bihar,NA,NA,NA,NA,0,0,0,1,0,0,NA,NA,NA,NA,NA,NA,NA,NA
3510,0.012436153,0.295309295,0.888005642,0.04145047,0.227397571,0.890236906,2022,State,urban/rural,Education,sector_state,1,Bihar,NA,NA,NA,NA,0,0,1,0,0,0,NA,NA,NA,NA,NA,NA,NA,NA
3511,0.022152206,0.440947688,0.940504193,0.03461846,0.390917774,0.940504193,2022,State,urban/rural,Education,sector_state,1,Bihar,NA,NA,NA,NA,0,1,0,0,0,0,NA,NA,NA,NA,NA,NA,NA,NA
3512,0.049712474,0.459591705,0.948532702,0.113812394,0.392751517,0.949599837,2022,State,urban/rural,Education,sector_state,1,Bihar,NA,NA,NA,NA,1,0,0,0,0,0,NA,NA,NA,NA,NA,NA,NA,NA
3513,0,0,0.144119285,0,0,0.144119285,2022,State,urban/rural,Education,sector_state,1,Sikkim,NA,NA,NA,NA,0,0,0,0,0,1,NA,NA,NA,NA,NA,NA,NA,NA
3514,0,0.008754292,0.195145239,0,0.004377146,0.195145239,2022,State,urban/rural,Education,sector_state,1,Sikkim,NA,NA,NA,NA,0,0,0,0,1,0,NA,NA,NA,NA,NA,NA,NA,NA
3515,0,0.005772183,0.301898077,0,0.003206768,0.301898077,2022,State,urban/rural,Education,sector_state,1,Sikkim,NA,NA,NA,NA,0,0,0,1,0,0,NA,NA,NA,NA,NA,NA,NA,NA
3516,0,0.01081121,0.280319464,0,0,0.280319464,2022,State,urban/rural,Education,sector_state,1,Sikkim,NA,NA,NA,NA,0,0,1,0,0,0,NA,NA,NA,NA,NA,NA,NA,NA
3517,0,0,0.478311205,0,0,0.478311205,2022,State,urban/rural,Education,sector_state,1,Sikkim,NA,NA,NA,NA,0,1,0,0,0,0,NA,NA,NA,NA,NA,NA,NA,NA
3518,0,0.072578352,0.625276223,0.011739208,0.072578352,0.625276223,2022,State,urban/rural,Education,sector_state,1,Sikkim,NA,NA,NA,NA,1,0,0,0,0,0,NA,NA,NA,NA,NA,NA,NA,NA
3519,0,0.017373843,0.322782245,0,0.017373843,0.322782245,2022,State,urban/rural,Education,sector_state,1,Arunachal Pradesh,NA,NA,NA,NA,0,0,0,0,0,1,NA,NA,NA,NA,NA,NA,NA,NA
3520,0,0.037166331,0.435341607,0,0.032549446,0.435341607,2022,State,urban/rural,Education,sector_state,1,Arunachal Pradesh,NA,NA,NA,NA,0,0,0,0,1,0,NA,NA,NA,NA,NA,NA,NA,NA
3521,0,0.110727417,0.569059626,0.010926387,0.106575109,0.572597469,2022,State,urban/rural,Education,sector_state,1,Arunachal Pradesh,NA,NA,NA,NA,0,0,0,1,0,0,NA,NA,NA,NA,NA,NA,NA,NA
3522,0.007098652,0.161551219,0.747870055,0.01376602,0.14170024,0.749289785,2022,State,urban/rural,Education,sector_state,1,Arunachal Pradesh,NA,NA,NA,NA,0,0,1,0,0,0,NA,NA,NA,NA,NA,NA,NA,NA
3523,0.035277541,0.205970579,0.666246571,0.047535793,0.191268977,0.666246571,2022,State,urban/rural,Education,sector_state,1,Arunachal Pradesh,NA,NA,NA,NA,0,1,0,0,0,0,NA,NA,NA,NA,NA,NA,NA,NA
3524,0,0.202223198,0.683388084,0.008280497,0.179805801,0.683388084,2022,State,urban/rural,Education,sector_state,1,Arunachal Pradesh,NA,NA,NA,NA,1,0,0,0,0,0,NA,NA,NA,NA,NA,NA,NA,NA
3525,0,0.016279026,0.442147528,0,0.016279026,0.442147528,2022,State,urban/rural,Education,sector_state,1,Nagaland,NA,NA,NA,NA,0,0,0,0,0,1,NA,NA,NA,NA,NA,NA,NA,NA
3526,0,0.026043097,0.554818495,0.003566854,0.022476243,0.566771858,2022,State,urban/rural,Education,sector_state,1,Nagaland,NA,NA,NA,NA,0,0,0,0,1,0,NA,NA,NA,NA,NA,NA,NA,NA
3527,0,0.056399935,0.635112503,0.01037458,0.048598328,0.635112503,2022,State,urban/rural,Education,sector_state,1,Nagaland,NA,NA,NA,NA,0,0,0,1,0,0,NA,NA,NA,NA,NA,NA,NA,NA
3528,0,0.076560139,0.715027545,0,0.067097726,0.715027545,2022,State,urban/rural,Education,sector_state,1,Nagaland,NA,NA,NA,NA,0,0,1,0,0,0,NA,NA,NA,NA,NA,NA,NA,NA
3529,0.00295316,0.1218689,0.800221387,0.01288373,0.081012452,0.800221387,2022,State,urban/rural,Education,sector_state,1,Nagaland,NA,NA,NA,NA,0,1,0,0,0,0,NA,NA,NA,NA,NA,NA,NA,NA
3530,0,0.240904886,0.839815595,0.029120814,0.230014532,0.839815595,2022,State,urban/rural,Education,sector_state,1,Nagaland,NA,NA,NA,NA,1,0,0,0,0,0,NA,NA,NA,NA,NA,NA,NA,NA
3531,0,0.08564453,0.693249386,0,0.05873348,0.693249386,2022,State,urban/rural,Education,sector_state,1,Manipur,NA,NA,NA,NA,0,0,0,0,0,1,NA,NA,NA,NA,NA,NA,NA,NA
3532,0.00295937,0.198824353,0.794005956,0.006475022,0.164846171,0.795044723,2022,State,urban/rural,Education,sector_state,1,Manipur,NA,NA,NA,NA,0,0,0,0,1,0,NA,NA,NA,NA,NA,NA,NA,NA
3533,0.017120053,0.276135997,0.920448765,0.031383932,0.226101698,0.920448765,2022,State,urban/rural,Education,sector_state,1,Manipur,NA,NA,NA,NA,0,0,0,1,0,0,NA,NA,NA,NA,NA,NA,NA,NA
3534,0.04565746,0.452894952,0.958125731,0.098411722,0.389327029,0.958125731,2022,State,urban/rural,Education,sector_state,1,Manipur,NA,NA,NA,NA,0,0,1,0,0,0,NA,NA,NA,NA,NA,NA,NA,NA
3535,0.016136003,0.50673043,0.940297273,0.04405713,0.460571826,0.940297273,2022,State,urban/rural,Education,sector_state,1,Manipur,NA,NA,NA,NA,0,1,0,0,0,0,NA,NA,NA,NA,NA,NA,NA,NA
3536,0.036225763,0.500562099,0.962584483,0.126142615,0.422636352,0.964711084,2022,State,urban/rural,Education,sector_state,1,Manipur,NA,NA,NA,NA,1,0,0,0,0,0,NA,NA,NA,NA,NA,NA,NA,NA
3537,0,0,0.404385326,0,0,0.415891002,2022,State,urban/rural,Education,sector_state,1,Mizoram,NA,NA,NA,NA,0,0,0,0,0,1,NA,NA,NA,NA,NA,NA,NA,NA
3538,0.007083573,0.026836748,0.513744386,0.007083573,0.020537537,0.513744386,2022,State,urban/rural,Education,sector_state,1,Mizoram,NA,NA,NA,NA,0,0,0,0,1,0,NA,NA,NA,NA,NA,NA,NA,NA
3539,0.004057977,0.053390065,0.624356543,0.004057977,0.039216475,0.624356543,2022,State,urban/rural,Education,sector_state,1,Mizoram,NA,NA,NA,NA,0,0,0,1,0,0,NA,NA,NA,NA,NA,NA,NA,NA
3540,0,0.090318534,0.712245029,0.006820188,0.055737166,0.713870594,2022,State,urban/rural,Education,sector_state,1,Mizoram,NA,NA,NA,NA,0,0,1,0,0,0,NA,NA,NA,NA,NA,NA,NA,NA
3541,0.024822311,0.173601992,0.802598128,0.024822311,0.134199009,0.802598128,2022,State,urban/rural,Education,sector_state,1,Mizoram,NA,NA,NA,NA,0,1,0,0,0,0,NA,NA,NA,NA,NA,NA,NA,NA
3542,0,0.128274859,0.81199982,0.016799567,0.095899275,0.81199982,2022,State,urban/rural,Education,sector_state,1,Mizoram,NA,NA,NA,NA,1,0,0,0,0,0,NA,NA,NA,NA,NA,NA,NA,NA
3543,0,0,0.102622023,0,0,0.102622023,2022,State,urban/rural,Education,sector_state,1,Tripura,NA,NA,NA,NA,0,0,0,0,0,1,NA,NA,NA,NA,NA,NA,NA,NA
3544,0,0.003221138,0.17749231,0,0.003221138,0.179222852,2022,State,urban/rural,Education,sector_state,1,Tripura,NA,NA,NA,NA,0,0,0,0,1,0,NA,NA,NA,NA,NA,NA,NA,NA
3545,0,0.00394283,0.383934217,0,0.00394283,0.389271614,2022,State,urban/rural,Education,sector_state,1,Tripura,NA,NA,NA,NA,0,0,0,1,0,0,NA,NA,NA,NA,NA,NA,NA,NA
3546,0,0.016148789,0.558283542,0,0.013417457,0.558283542,2022,State,urban/rural,Education,sector_state,1,Tripura,NA,NA,NA,NA,0,0,1,0,0,0,NA,NA,NA,NA,NA,NA,NA,NA
3547,0,0.023036507,0.622890746,0,0.023036507,0.627393459,2022,State,urban/rural,Education,sector_state,1,Tripura,NA,NA,NA,NA,0,1,0,0,0,0,NA,NA,NA,NA,NA,NA,NA,NA
3548,0,0.043268868,0.720497331,0,0.035825774,0.729802352,2022,State,urban/rural,Education,sector_state,1,Tripura,NA,NA,NA,NA,1,0,0,0,0,0,NA,NA,NA,NA,NA,NA,NA,NA
3549,0,0,0.288688199,0,0,0.288688199,2022,State,urban/rural,Education,sector_state,1,Meghalaya,NA,NA,NA,NA,0,0,0,0,0,1,NA,NA,NA,NA,NA,NA,NA,NA
3550,0.00785304,0.053040719,0.56788549,0.00785304,0.046389837,0.570015411,2022,State,urban/rural,Education,sector_state,1,Meghalaya,NA,NA,NA,NA,0,0,0,0,1,0,NA,NA,NA,NA,NA,NA,NA,NA
3551,0.007944373,0.076319206,0.678261765,0.009619924,0.050583215,0.68277805,2022,State,urban/rural,Education,sector_state,1,Meghalaya,NA,NA,NA,NA,0,0,0,1,0,0,NA,NA,NA,NA,NA,NA,NA,NA
3552,0.010775186,0.099524088,0.797342753,0.025773808,0.057674013,0.797342753,2022,State,urban/rural,Education,sector_state,1,Meghalaya,NA,NA,NA,NA,0,0,1,0,0,0,NA,NA,NA,NA,NA,NA,NA,NA
3553,0.012191215,0.254968591,0.832087013,0.047655377,0.231577903,0.836692646,2022,State,urban/rural,Education,sector_state,1,Meghalaya,NA,NA,NA,NA,0,1,0,0,0,0,NA,NA,NA,NA,NA,NA,NA,NA
3554,0.045688473,0.321136201,0.87198084,0.128603468,0.307435046,0.87198084,2022,State,urban/rural,Education,sector_state,1,Meghalaya,NA,NA,NA,NA,1,0,0,0,0,0,NA,NA,NA,NA,NA,NA,NA,NA
3555,0,0,0.285293338,0,0,0.285293338,2022,State,urban/rural,Education,sector_state,1,Assam,NA,NA,NA,NA,0,0,0,0,0,1,NA,NA,NA,NA,NA,NA,NA,NA
3556,0,0.049523859,0.438767592,0,0.044070553,0.441930622,2022,State,urban/rural,Education,sector_state,1,Assam,NA,NA,NA,NA,0,0,0,0,1,0,NA,NA,NA,NA,NA,NA,NA,NA
3557,0.003455109,0.169215546,0.705187638,0.008035796,0.141225644,0.706286845,2022,State,urban/rural,Education,sector_state,1,Assam,NA,NA,NA,NA,0,0,0,1,0,0,NA,NA,NA,NA,NA,NA,NA,NA
3558,0.003273504,0.187087011,0.818188721,0.021943733,0.152933599,0.818188721,2022,State,urban/rural,Education,sector_state,1,Assam,NA,NA,NA,NA,0,0,1,0,0,0,NA,NA,NA,NA,NA,NA,NA,NA
3559,0.030488125,0.310479548,0.880800907,0.063901103,0.280998893,0.880800907,2022,State,urban/rural,Education,sector_state,1,Assam,NA,NA,NA,NA,0,1,0,0,0,0,NA,NA,NA,NA,NA,NA,NA,NA
3560,0.047902661,0.351797718,0.906770108,0.08650192,0.296447291,0.906770108,2022,State,urban/rural,Education,sector_state,1,Assam,NA,NA,NA,NA,1,0,0,0,0,0,NA,NA,NA,NA,NA,NA,NA,NA
3561,0,0.02030843,0.305759569,0,0.007456734,0.305759569,2022,State,urban/rural,Education,sector_state,1,West Bengal,NA,NA,NA,NA,0,0,0,0,0,1,NA,NA,NA,NA,NA,NA,NA,NA
3562,0.004414212,0.043200552,0.371996796,0.006339658,0.036597951,0.372776544,2022,State,urban/rural,Education,sector_state,1,West Bengal,NA,NA,NA,NA,0,0,0,0,1,0,NA,NA,NA,NA,NA,NA,NA,NA
3563,0.010799257,0.131917832,0.651172875,0.024645375,0.106412695,0.652283649,2022,State,urban/rural,Education,sector_state,1,West Bengal,NA,NA,NA,NA,0,0,0,1,0,0,NA,NA,NA,NA,NA,NA,NA,NA
3564,0.00829321,0.21227293,0.789895762,0.03089352,0.179756066,0.792034217,2022,State,urban/rural,Education,sector_state,1,West Bengal,NA,NA,NA,NA,0,0,1,0,0,0,NA,NA,NA,NA,NA,NA,NA,NA
3565,0.019545967,0.301666253,0.868921305,0.053367028,0.250163829,0.86906526,2022,State,urban/rural,Education,sector_state,1,West Bengal,NA,NA,NA,NA,0,1,0,0,0,0,NA,NA,NA,NA,NA,NA,NA,NA
3566,0.041589124,0.413500224,0.919170529,0.099187481,0.371350214,0.920659193,2022,State,urban/rural,Education,sector_state,1,West Bengal,NA,NA,NA,NA,1,0,0,0,0,0,NA,NA,NA,NA,NA,NA,NA,NA
3567,0,0,0.389861381,0,0,0.392766064,2022,State,urban/rural,Education,sector_state,1,Jharkhand,NA,NA,NA,NA,0,0,0,0,0,1,NA,NA,NA,NA,NA,NA,NA,NA
3568,0.007038921,0.094865771,0.572625771,0.017534196,0.081274682,0.574480803,2022,State,urban/rural,Education,sector_state,1,Jharkhand,NA,NA,NA,NA,0,0,0,0,1,0,NA,NA,NA,NA,NA,NA,NA,NA
3569,0.040850301,0.228502681,0.749437456,0.05967643,0.188341834,0.749437456,2022,State,urban/rural,Education,sector_state,1,Jharkhand,NA,NA,NA,NA,0,0,0,1,0,0,NA,NA,NA,NA,NA,NA,NA,NA
3570,0.036484751,0.295890145,0.886574709,0.086658893,0.233684057,0.886574709,2022,State,urban/rural,Education,sector_state,1,Jharkhand,NA,NA,NA,NA,0,0,1,0,0,0,NA,NA,NA,NA,NA,NA,NA,NA
3571,0.08737123,0.452150635,0.939911522,0.162602242,0.437141732,0.940223845,2022,State,urban/rural,Education,sector_state,1,Jharkhand,NA,NA,NA,NA,0,1,0,0,0,0,NA,NA,NA,NA,NA,NA,NA,NA
3572,0.055008071,0.505443937,0.942791661,0.127064014,0.453775413,0.944740303,2022,State,urban/rural,Education,sector_state,1,Jharkhand,NA,NA,NA,NA,1,0,0,0,0,0,NA,NA,NA,NA,NA,NA,NA,NA
3573,0,0.00952297,0.459188193,0,0.00952297,0.459188193,2022,State,urban/rural,Education,sector_state,1,Odisha,NA,NA,NA,NA,0,0,0,0,0,1,NA,NA,NA,NA,NA,NA,NA,NA
3574,0.000541078,0.057679931,0.468589471,0.00192627,0.050915167,0.471179621,2022,State,urban/rural,Education,sector_state,1,Odisha,NA,NA,NA,NA,0,0,0,0,1,0,NA,NA,NA,NA,NA,NA,NA,NA
3575,0.006707097,0.161970196,0.734539859,0.023324972,0.120729545,0.736421595,2022,State,urban/rural,Education,sector_state,1,Odisha,NA,NA,NA,NA,0,0,0,1,0,0,NA,NA,NA,NA,NA,NA,NA,NA
3576,0.017506435,0.272412089,0.8551298,0.052121965,0.237847298,0.858476829,2022,State,urban/rural,Education,sector_state,1,Odisha,NA,NA,NA,NA,0,0,1,0,0,0,NA,NA,NA,NA,NA,NA,NA,NA
3577,0.057871696,0.392637194,0.889618851,0.098934248,0.334788852,0.889618851,2022,State,urban/rural,Education,sector_state,1,Odisha,NA,NA,NA,NA,0,1,0,0,0,0,NA,NA,NA,NA,NA,NA,NA,NA
3578,0.060746529,0.561642128,0.945158071,0.138776448,0.502469599,0.945158071,2022,State,urban/rural,Education,sector_state,1,Odisha,NA,NA,NA,NA,1,0,0,0,0,0,NA,NA,NA,NA,NA,NA,NA,NA
3579,0.052464418,0.107823123,0.503475972,0.068299013,0.073962704,0.516337969,2022,State,urban/rural,Education,sector_state,1,Chhattisgarh,NA,NA,NA,NA,0,0,0,0,0,1,NA,NA,NA,NA,NA,NA,NA,NA
3580,0,0.066586384,0.5130792,0,0.057356359,0.5130792,2022,State,urban/rural,Education,sector_state,1,Chhattisgarh,NA,NA,NA,NA,0,0,0,0,1,0,NA,NA,NA,NA,NA,NA,NA,NA
3581,0.004305864,0.183250362,0.815557504,0.028821733,0.160771625,0.820642421,2022,State,urban/rural,Education,sector_state,1,Chhattisgarh,NA,NA,NA,NA,0,0,0,1,0,0,NA,NA,NA,NA,NA,NA,NA,NA
3582,0.026634643,0.309485116,0.8903972,0.049261575,0.281708522,0.893285154,2022,State,urban/rural,Education,sector_state,1,Chhattisgarh,NA,NA,NA,NA,0,0,1,0,0,0,NA,NA,NA,NA,NA,NA,NA,NA
3583,0.038562848,0.432552345,0.907044639,0.092362486,0.399954154,0.907044639,2022,State,urban/rural,Education,sector_state,1,Chhattisgarh,NA,NA,NA,NA,0,1,0,0,0,0,NA,NA,NA,NA,NA,NA,NA,NA
3584,0.106999429,0.535849719,0.957760741,0.181143478,0.477665105,0.958267381,2022,State,urban/rural,Education,sector_state,1,Chhattisgarh,NA,NA,NA,NA,1,0,0,0,0,0,NA,NA,NA,NA,NA,NA,NA,NA
3585,0,0.0578082,0.450894398,0.003211873,0.040814818,0.450894398,2022,State,urban/rural,Education,sector_state,1,Madhya Pradesh,NA,NA,NA,NA,0,0,0,0,0,1,NA,NA,NA,NA,NA,NA,NA,NA
3586,0,0.065397407,0.534516643,0.003110416,0.053994628,0.537703346,2022,State,urban/rural,Education,sector_state,1,Madhya Pradesh,NA,NA,NA,NA,0,0,0,0,1,0,NA,NA,NA,NA,NA,NA,NA,NA
3587,0.01040681,0.180653862,0.76763809,0.021354804,0.134039885,0.76763809,2022,State,urban/rural,Education,sector_state,1,Madhya Pradesh,NA,NA,NA,NA,0,0,0,1,0,0,NA,NA,NA,NA,NA,NA,NA,NA
3588,0.008615136,0.308327913,0.877504868,0.037295743,0.249190042,0.877504868,2022,State,urban/rural,Education,sector_state,1,Madhya Pradesh,NA,NA,NA,NA,0,0,1,0,0,0,NA,NA,NA,NA,NA,NA,NA,NA
3589,0.001890347,0.365655194,0.88719793,0.03414891,0.313978949,0.887798337,2022,State,urban/rural,Education,sector_state,1,Madhya Pradesh,NA,NA,NA,NA,0,1,0,0,0,0,NA,NA,NA,NA,NA,NA,NA,NA
3590,0.021243873,0.469897313,0.94473125,0.065322453,0.395155462,0.944836922,2022,State,urban/rural,Education,sector_state,1,Madhya Pradesh,NA,NA,NA,NA,1,0,0,0,0,0,NA,NA,NA,NA,NA,NA,NA,NA
3591,0,0.006111632,0.330867455,0.003747422,0.004578974,0.330867455,2022,State,urban/rural,Education,sector_state,1,Gujarat,NA,NA,NA,NA,0,0,0,0,0,1,NA,NA,NA,NA,NA,NA,NA,NA
3592,0,0.035766776,0.432412622,0,0.024653549,0.436444171,2022,State,urban/rural,Education,sector_state,1,Gujarat,NA,NA,NA,NA,0,0,0,0,1,0,NA,NA,NA,NA,NA,NA,NA,NA
3593,0.002987201,0.080643342,0.686298278,0.015275671,0.068456135,0.687703798,2022,State,urban/rural,Education,sector_state,1,Gujarat,NA,NA,NA,NA,0,0,0,1,0,0,NA,NA,NA,NA,NA,NA,NA,NA
3594,0.004537719,0.173596139,0.809694069,0.022534747,0.140814102,0.81528467,2022,State,urban/rural,Education,sector_state,1,Gujarat,NA,NA,NA,NA,0,0,1,0,0,0,NA,NA,NA,NA,NA,NA,NA,NA
3595,0.009552153,0.243908686,0.8366806,0.038344049,0.19842264,0.839858815,2022,State,urban/rural,Education,sector_state,1,Gujarat,NA,NA,NA,NA,0,1,0,0,0,0,NA,NA,NA,NA,NA,NA,NA,NA
3596,0.02500176,0.301309975,0.885116526,0.058824888,0.241626962,0.885763885,2022,State,urban/rural,Education,sector_state,1,Gujarat,NA,NA,NA,NA,1,0,0,0,0,0,NA,NA,NA,NA,NA,NA,NA,NA
3597,0,0.134855802,0.71338859,0,0,0.71338859,2022,State,urban/rural,Education,sector_state,1,Daman & Diu & D & N Haveli,NA,NA,NA,NA,0,0,0,0,0,1,NA,NA,NA,NA,NA,NA,NA,NA
3598,0,0,0.729584101,0,0,0.749314638,2022,State,urban/rural,Education,sector_state,1,Daman & Diu & D & N Haveli,NA,NA,NA,NA,0,0,0,0,1,0,NA,NA,NA,NA,NA,NA,NA,NA
3599,0.014270608,0.137023571,0.766421141,0.014270608,0.111968698,0.766421141,2022,State,urban/rural,Education,sector_state,1,Daman & Diu & D & N Haveli,NA,NA,NA,NA,0,0,0,1,0,0,NA,NA,NA,NA,NA,NA,NA,NA
3600,0.022548894,0.072146851,0.717169483,0.022548894,0.072146851,0.717169483,2022,State,urban/rural,Education,sector_state,1,Daman & Diu & D & N Haveli,NA,NA,NA,NA,0,0,1,0,0,0,NA,NA,NA,NA,NA,NA,NA,NA
3601,0,0.195132352,0.753214076,0,0.195132352,0.753214076,2022,State,urban/rural,Education,sector_state,1,Daman & Diu & D & N Haveli,NA,NA,NA,NA,0,1,0,0,0,0,NA,NA,NA,NA,NA,NA,NA,NA
3602,0,0.208481626,0.911414386,0,0.086057367,0.911414386,2022,State,urban/rural,Education,sector_state,1,Daman & Diu & D & N Haveli,NA,NA,NA,NA,1,0,0,0,0,0,NA,NA,NA,NA,NA,NA,NA,NA
3603,0.0010343,0.034009898,0.386027626,0.002631576,0.020483021,0.386027626,2022,State,urban/rural,Education,sector_state,1,Maharashtra,NA,NA,NA,NA,0,0,0,0,0,1,NA,NA,NA,NA,NA,NA,NA,NA
3604,0.000338176,0.075744008,0.508695987,0.00677777,0.060706469,0.511601554,2022,State,urban/rural,Education,sector_state,1,Maharashtra,NA,NA,NA,NA,0,0,0,0,1,0,NA,NA,NA,NA,NA,NA,NA,NA
3605,0.007042671,0.17097234,0.753881444,0.024347089,0.145687628,0.755543501,2022,State,urban/rural,Education,sector_state,1,Maharashtra,NA,NA,NA,NA,0,0,0,1,0,0,NA,NA,NA,NA,NA,NA,NA,NA
3606,0.019005587,0.289031439,0.856158188,0.044277034,0.232820686,0.856774469,2022,State,urban/rural,Education,sector_state,1,Maharashtra,NA,NA,NA,NA,0,0,1,0,0,0,NA,NA,NA,NA,NA,NA,NA,NA
3607,0.03439412,0.340804556,0.853475175,0.087666614,0.301258409,0.853995151,2022,State,urban/rural,Education,sector_state,1,Maharashtra,NA,NA,NA,NA,0,1,0,0,0,0,NA,NA,NA,NA,NA,NA,NA,NA
3608,0.052734274,0.411401356,0.890409464,0.107089675,0.375749427,0.891643346,2022,State,urban/rural,Education,sector_state,1,Maharashtra,NA,NA,NA,NA,1,0,0,0,0,0,NA,NA,NA,NA,NA,NA,NA,NA
3609,0,0.006629674,0.245034328,0,0,0.24805868,2022,State,urban/rural,Education,sector_state,1,Andhra Pradesh,NA,NA,NA,NA,0,0,0,0,0,1,NA,NA,NA,NA,NA,NA,NA,NA
3610,0,0.034078418,0.391158224,0,0.009724219,0.392118628,2022,State,urban/rural,Education,sector_state,1,Andhra Pradesh,NA,NA,NA,NA,0,0,0,0,1,0,NA,NA,NA,NA,NA,NA,NA,NA
3611,0.003605329,0.058202431,0.549597088,0.006340888,0.04208411,0.551805924,2022,State,urban/rural,Education,sector_state,1,Andhra Pradesh,NA,NA,NA,NA,0,0,0,1,0,0,NA,NA,NA,NA,NA,NA,NA,NA
3612,0.007815127,0.062438165,0.704153018,0.007815127,0.048597687,0.704153018,2022,State,urban/rural,Education,sector_state,1,Andhra Pradesh,NA,NA,NA,NA,0,0,1,0,0,0,NA,NA,NA,NA,NA,NA,NA,NA
3613,0.005919031,0.07238856,0.750246382,0.00635125,0.057180193,0.750246382,2022,State,urban/rural,Education,sector_state,1,Andhra Pradesh,NA,NA,NA,NA,0,1,0,0,0,0,NA,NA,NA,NA,NA,NA,NA,NA
3614,0.018953024,0.202448369,0.80732622,0.041774433,0.176380325,0.80732622,2022,State,urban/rural,Education,sector_state,1,Andhra Pradesh,NA,NA,NA,NA,1,0,0,0,0,0,NA,NA,NA,NA,NA,NA,NA,NA
3615,0,0.0038119,0.182039041,0,0.003645122,0.182039041,2022,State,urban/rural,Education,sector_state,1,Karnataka,NA,NA,NA,NA,0,0,0,0,0,1,NA,NA,NA,NA,NA,NA,NA,NA
3616,0.001026733,0.02481233,0.287314583,0.001026733,0.015728176,0.288482562,2022,State,urban/rural,Education,sector_state,1,Karnataka,NA,NA,NA,NA,0,0,0,0,1,0,NA,NA,NA,NA,NA,NA,NA,NA
3617,0.003960259,0.066891315,0.529281238,0.005565054,0.044646783,0.532108663,2022,State,urban/rural,Education,sector_state,1,Karnataka,NA,NA,NA,NA,0,0,0,1,0,0,NA,NA,NA,NA,NA,NA,NA,NA
3618,0,0.071231274,0.620312008,0,0.056267991,0.627321637,2022,State,urban/rural,Education,sector_state,1,Karnataka,NA,NA,NA,NA,0,0,1,0,0,0,NA,NA,NA,NA,NA,NA,NA,NA
3619,0.005376692,0.123905452,0.734788238,0.024511709,0.110982862,0.735982892,2022,State,urban/rural,Education,sector_state,1,Karnataka,NA,NA,NA,NA,0,1,0,0,0,0,NA,NA,NA,NA,NA,NA,NA,NA
3620,0.004161472,0.195908485,0.806695075,0.025166395,0.168431776,0.809264069,2022,State,urban/rural,Education,sector_state,1,Karnataka,NA,NA,NA,NA,1,0,0,0,0,0,NA,NA,NA,NA,NA,NA,NA,NA
3621,0,0,0.30157479,0,0,0.30157479,2022,State,urban/rural,Education,sector_state,1,Goa,NA,NA,NA,NA,0,0,0,0,0,1,NA,NA,NA,NA,NA,NA,NA,NA
3622,0,0,0.293730694,0,0,0.293730694,2022,State,urban/rural,Education,sector_state,1,Goa,NA,NA,NA,NA,0,0,0,0,1,0,NA,NA,NA,NA,NA,NA,NA,NA
3623,0,0,0.428384742,0,0,0.428384742,2022,State,urban/rural,Education,sector_state,1,Goa,NA,NA,NA,NA,0,0,0,1,0,0,NA,NA,NA,NA,NA,NA,NA,NA
3624,0,0.034659324,0.584099141,0,0.034659324,0.584099141,2022,State,urban/rural,Education,sector_state,1,Goa,NA,NA,NA,NA,0,0,1,0,0,0,NA,NA,NA,NA,NA,NA,NA,NA
3625,0,0,0.634093918,0,0,0.634093918,2022,State,urban/rural,Education,sector_state,1,Goa,NA,NA,NA,NA,0,1,0,0,0,0,NA,NA,NA,NA,NA,NA,NA,NA
3626,0.028613677,0.057227355,0.7055178,0.028613677,0.028613677,0.7055178,2022,State,urban/rural,Education,sector_state,1,Goa,NA,NA,NA,NA,1,0,0,0,0,0,NA,NA,NA,NA,NA,NA,NA,NA
3627,0,0,0.640238286,0,0,0.640238286,2022,State,urban/rural,Education,sector_state,1,Lakshadweep,NA,NA,NA,NA,0,0,0,0,0,1,NA,NA,NA,NA,NA,NA,NA,NA
3628,0,0,0.558317543,0,0,0.558317543,2022,State,urban/rural,Education,sector_state,1,Lakshadweep,NA,NA,NA,NA,0,0,0,0,1,0,NA,NA,NA,NA,NA,NA,NA,NA
3629,0,0,0.706899927,0,0,0.706899927,2022,State,urban/rural,Education,sector_state,1,Lakshadweep,NA,NA,NA,NA,0,0,0,1,0,0,NA,NA,NA,NA,NA,NA,NA,NA
3630,0,0.045943417,0.556692625,0,0.045943417,0.556692625,2022,State,urban/rural,Education,sector_state,1,Lakshadweep,NA,NA,NA,NA,0,0,1,0,0,0,NA,NA,NA,NA,NA,NA,NA,NA
3631,0,0.025471183,0.745680038,0,0.025471183,0.745680038,2022,State,urban/rural,Education,sector_state,1,Lakshadweep,NA,NA,NA,NA,0,1,0,0,0,0,NA,NA,NA,NA,NA,NA,NA,NA
3632,0,0.078074361,0.816468832,0,0.052512093,0.816468832,2022,State,urban/rural,Education,sector_state,1,Lakshadweep,NA,NA,NA,NA,1,0,0,0,0,0,NA,NA,NA,NA,NA,NA,NA,NA
3633,0,0,0.197740391,0,0,0.197740391,2022,State,urban/rural,Education,sector_state,1,Kerala,NA,NA,NA,NA,0,0,0,0,0,1,NA,NA,NA,NA,NA,NA,NA,NA
3634,0,0.024972526,0.374459752,0,0.021806636,0.378459278,2022,State,urban/rural,Education,sector_state,1,Kerala,NA,NA,NA,NA,0,0,0,0,1,0,NA,NA,NA,NA,NA,NA,NA,NA
3635,0,0.088870774,0.602841411,0.011328916,0.073154979,0.603479898,2022,State,urban/rural,Education,sector_state,1,Kerala,NA,NA,NA,NA,0,0,0,1,0,0,NA,NA,NA,NA,NA,NA,NA,NA
3636,0.00365236,0.116301647,0.705166911,0.010259225,0.080453436,0.71081317,2022,State,urban/rural,Education,sector_state,1,Kerala,NA,NA,NA,NA,0,0,1,0,0,0,NA,NA,NA,NA,NA,NA,NA,NA
3637,0.005178072,0.203184536,0.786776314,0.021960057,0.133354262,0.787875685,2022,State,urban/rural,Education,sector_state,1,Kerala,NA,NA,NA,NA,0,1,0,0,0,0,NA,NA,NA,NA,NA,NA,NA,NA
3638,0.018666031,0.286763316,0.835255352,0.046534775,0.252599035,0.835255352,2022,State,urban/rural,Education,sector_state,1,Kerala,NA,NA,NA,NA,1,0,0,0,0,0,NA,NA,NA,NA,NA,NA,NA,NA
3639,0,0.003113141,0.245592736,0,0.003113141,0.245592736,2022,State,urban/rural,Education,sector_state,1,Tamil Nadu,NA,NA,NA,NA,0,0,0,0,0,1,NA,NA,NA,NA,NA,NA,NA,NA
3640,0.001170946,0.023478044,0.351048862,0.004329819,0.017353257,0.352893207,2022,State,urban/rural,Education,sector_state,1,Tamil Nadu,NA,NA,NA,NA,0,0,0,0,1,0,NA,NA,NA,NA,NA,NA,NA,NA
3641,0.002767227,0.037546359,0.485460616,0.003615391,0.028336369,0.490001369,2022,State,urban/rural,Education,sector_state,1,Tamil Nadu,NA,NA,NA,NA,0,0,0,1,0,0,NA,NA,NA,NA,NA,NA,NA,NA
3642,0.000914078,0.082597657,0.625514718,0.007528344,0.061555863,0.62787991,2022,State,urban/rural,Education,sector_state,1,Tamil Nadu,NA,NA,NA,NA,0,0,1,0,0,0,NA,NA,NA,NA,NA,NA,NA,NA
3643,0.001092626,0.076435773,0.686844947,0.006716157,0.056340718,0.686844947,2022,State,urban/rural,Education,sector_state,1,Tamil Nadu,NA,NA,NA,NA,0,1,0,0,0,0,NA,NA,NA,NA,NA,NA,NA,NA
3644,0.001730307,0.098245235,0.687177861,0.012713513,0.075936288,0.689190112,2022,State,urban/rural,Education,sector_state,1,Tamil Nadu,NA,NA,NA,NA,1,0,0,0,0,0,NA,NA,NA,NA,NA,NA,NA,NA
3645,0,0.02127276,0.115321906,0,0,0.115321906,2022,State,urban/rural,Education,sector_state,1,Puducherry,NA,NA,NA,NA,0,0,0,0,0,1,NA,NA,NA,NA,NA,NA,NA,NA
3646,0,0.014417157,0.225035303,0,0,0.225035303,2022,State,urban/rural,Education,sector_state,1,Puducherry,NA,NA,NA,NA,0,0,0,0,1,0,NA,NA,NA,NA,NA,NA,NA,NA
3647,0,0.011104292,0.462005927,0.007667095,0.011104292,0.462005927,2022,State,urban/rural,Education,sector_state,1,Puducherry,NA,NA,NA,NA,0,0,0,1,0,0,NA,NA,NA,NA,NA,NA,NA,NA
3648,0,0.049167697,0.502186495,0,0.049167697,0.502186495,2022,State,urban/rural,Education,sector_state,1,Puducherry,NA,NA,NA,NA,0,0,1,0,0,0,NA,NA,NA,NA,NA,NA,NA,NA
3649,0,0.104131914,0.611641108,0.018200221,0.104131914,0.611641108,2022,State,urban/rural,Education,sector_state,1,Puducherry,NA,NA,NA,NA,0,1,0,0,0,0,NA,NA,NA,NA,NA,NA,NA,NA
3650,0,0.191181807,0.748963804,0.016811437,0.191181807,0.748963804,2022,State,urban/rural,Education,sector_state,1,Puducherry,NA,NA,NA,NA,1,0,0,0,0,0,NA,NA,NA,NA,NA,NA,NA,NA
3651,0,0,0.114616689,0,0,0.114616689,2022,State,urban/rural,Education,sector_state,1,A & N Island,NA,NA,NA,NA,0,0,0,0,0,1,NA,NA,NA,NA,NA,NA,NA,NA
3652,0,0.009998475,0.092638442,0,0,0.092638442,2022,State,urban/rural,Education,sector_state,1,A & N Island,NA,NA,NA,NA,0,0,0,0,1,0,NA,NA,NA,NA,NA,NA,NA,NA
3653,0,0,0.122325164,0,0,0.122325164,2022,State,urban/rural,Education,sector_state,1,A & N Island,NA,NA,NA,NA,0,0,0,1,0,0,NA,NA,NA,NA,NA,NA,NA,NA
3654,0,0,0.339804035,0,0,0.339804035,2022,State,urban/rural,Education,sector_state,1,A & N Island,NA,NA,NA,NA,0,0,1,0,0,0,NA,NA,NA,NA,NA,NA,NA,NA
3655,0.007045328,0.065578777,0.480054468,0.007045328,0.065578777,0.480054468,2022,State,urban/rural,Education,sector_state,1,A & N Island,NA,NA,NA,NA,0,1,0,0,0,0,NA,NA,NA,NA,NA,NA,NA,NA
3656,0,0,0.583152737,0,0,0.583152737,2022,State,urban/rural,Education,sector_state,1,A & N Island,NA,NA,NA,NA,1,0,0,0,0,0,NA,NA,NA,NA,NA,NA,NA,NA
3657,0,0.021174912,0.250370216,0,0.017994809,0.250370216,2022,State,urban/rural,Education,sector_state,1,Telangana,NA,NA,NA,NA,0,0,0,0,0,1,NA,NA,NA,NA,NA,NA,NA,NA
3658,0,0.018991687,0.367087335,0,0.016831148,0.379241738,2022,State,urban/rural,Education,sector_state,1,Telangana,NA,NA,NA,NA,0,0,0,0,1,0,NA,NA,NA,NA,NA,NA,NA,NA
3659,0,0.082476934,0.634250461,0.002310026,0.054848888,0.635288665,2022,State,urban/rural,Education,sector_state,1,Telangana,NA,NA,NA,NA,0,0,0,1,0,0,NA,NA,NA,NA,NA,NA,NA,NA
3660,0,0.103637335,0.734705683,0,0.081163861,0.742139909,2022,State,urban/rural,Education,sector_state,1,Telangana,NA,NA,NA,NA,0,0,1,0,0,0,NA,NA,NA,NA,NA,NA,NA,NA
3661,0,0.144019496,0.720277983,0.006039846,0.133475465,0.720277983,2022,State,urban/rural,Education,sector_state,1,Telangana,NA,NA,NA,NA,0,1,0,0,0,0,NA,NA,NA,NA,NA,NA,NA,NA
3662,0.005191814,0.148653146,0.827473993,0.009802759,0.112712852,0.829291245,2022,State,urban/rural,Education,sector_state,1,Telangana,NA,NA,NA,NA,1,0,0,0,0,0,NA,NA,NA,NA,NA,NA,NA,NA
3663,0.08991718,0.143867488,0.5980675,0.08991718,0.143867488,0.5980675,2022,State,urban/rural,Education,sector_state,1,Ladakh,NA,NA,NA,NA,0,0,0,0,0,1,NA,NA,NA,NA,NA,NA,NA,NA
3664,0,0.10509192,0.592234552,0,0.10509192,0.592234552,2022,State,urban/rural,Education,sector_state,1,Ladakh,NA,NA,NA,NA,0,0,0,0,1,0,NA,NA,NA,NA,NA,NA,NA,NA
3665,0,0.062391992,0.619970019,0,0.030273349,0.629101731,2022,State,urban/rural,Education,sector_state,1,Ladakh,NA,NA,NA,NA,0,0,0,1,0,0,NA,NA,NA,NA,NA,NA,NA,NA
3666,0.030874375,0.157837864,0.643591137,0.030874375,0.088895302,0.643591137,2022,State,urban/rural,Education,sector_state,1,Ladakh,NA,NA,NA,NA,0,0,1,0,0,0,NA,NA,NA,NA,NA,NA,NA,NA
3667,0,0.207301215,0.752177055,0,0.207301215,0.752177055,2022,State,urban/rural,Education,sector_state,1,Ladakh,NA,NA,NA,NA,0,1,0,0,0,0,NA,NA,NA,NA,NA,NA,NA,NA
3668,0.111669038,0.315502003,0.746085256,0.134038988,0.276725228,0.746085256,2022,State,urban/rural,Education,sector_state,1,Ladakh,NA,NA,NA,NA,1,0,0,0,0,0,NA,NA,NA,NA,NA,NA,NA,NA
3669,0.024731143,0.263373003,0.792003702,0.054449306,0.225308518,0.793597849,2022,National,All,Gender,allindia,99,India,NA,NA,NA,NA,NA,NA,NA,NA,NA,NA,0,1,NA,NA,NA,NA,NA,NA
3670,0.023341811,0.28331261,0.82256997,0.052282404,0.240571404,0.823882256,2022,National,All,Gender,allindia,99,India,NA,NA,NA,NA,NA,NA,NA,NA,NA,NA,1,0,NA,NA,NA,NA,NA,NA
3671,0.028865588,0.304112479,0.846384621,0.060874228,0.261511726,0.847987035,2022,National,urban/rural,Gender,sect_allindia,0,India,NA,NA,NA,NA,NA,NA,NA,NA,NA,NA,0,1,NA,NA,NA,NA,NA,NA
3672,0.028209347,0.326833707,0.877951786,0.061960479,0.27855863,0.879011753,2022,National,urban/rural,Gender,sect_allindia,0,India,NA,NA,NA,NA,NA,NA,NA,NA,NA,NA,1,0,NA,NA,NA,NA,NA,NA
3673,0.016112349,0.178446229,0.678639552,0.041055714,0.149838188,0.680216464,2022,National,urban/rural,Gender,sect_allindia,1,India,NA,NA,NA,NA,NA,NA,NA,NA,NA,NA,0,1,NA,NA,NA,NA,NA,NA
3674,0.010728021,0.170531534,0.679052886,0.027202526,0.142130866,0.681019038,2022,National,urban/rural,Gender,sect_allindia,1,India,NA,NA,NA,NA,NA,NA,NA,NA,NA,NA,1,0,NA,NA,NA,NA,NA,NA
3675,0.010133298,0.103972119,0.669812128,0.012490123,0.086492655,0.669812128,2022,State,All,Gender,state,99,Jammu & Kashmir,NA,NA,NA,NA,NA,NA,NA,NA,NA,NA,0,1,NA,NA,NA,NA,NA,NA
3676,0.00694926,0.182323721,0.740546524,0.013114617,0.151646919,0.741880839,2022,State,All,Gender,state,99,Jammu & Kashmir,NA,NA,NA,NA,NA,NA,NA,NA,NA,NA,1,0,NA,NA,NA,NA,NA,NA
3677,0,0.050832393,0.557088401,0.011470755,0.024021366,0.558218329,2022,State,All,Gender,state,99,Himachal Pradesh,NA,NA,NA,NA,NA,NA,NA,NA,NA,NA,0,1,NA,NA,NA,NA,NA,NA
3678,0.002872014,0.084383351,0.634186427,0.006223011,0.06430303,0.635575041,2022,State,All,Gender,state,99,Himachal Pradesh,NA,NA,NA,NA,NA,NA,NA,NA,NA,NA,1,0,NA,NA,NA,NA,NA,NA
3679,0.001950908,0.108660986,0.680826303,0.004109761,0.081949838,0.68681877,2022,State,All,Gender,state,99,Punjab,NA,NA,NA,NA,NA,NA,NA,NA,NA,NA,0,1,NA,NA,NA,NA,NA,NA
3680,0.002558175,0.097648447,0.692619436,0.007718166,0.075244716,0.696044721,2022,State,All,Gender,state,99,Punjab,NA,NA,NA,NA,NA,NA,NA,NA,NA,NA,1,0,NA,NA,NA,NA,NA,NA
3681,0,0,0.201287546,0,0,0.201287546,2022,State,All,Gender,state,99,Chandigarh,NA,NA,NA,NA,NA,NA,NA,NA,NA,NA,0,1,NA,NA,NA,NA,NA,NA
3682,0,0.000173276,0.168887359,0,0,0.168887359,2022,State,All,Gender,state,99,Chandigarh,NA,NA,NA,NA,NA,NA,NA,NA,NA,NA,1,0,NA,NA,NA,NA,NA,NA
3683,0.006213601,0.232596085,0.796391166,0.031433531,0.191073551,0.796957084,2022,State,All,Gender,state,99,Uttrakhand,NA,NA,NA,NA,NA,NA,NA,NA,NA,NA,0,1,NA,NA,NA,NA,NA,NA
3684,0.008355753,0.188326809,0.759162785,0.026347651,0.157252971,0.759311353,2022,State,All,Gender,state,99,Uttrakhand,NA,NA,NA,NA,NA,NA,NA,NA,NA,NA,1,0,NA,NA,NA,NA,NA,NA
3685,0.02151865,0.18882144,0.735571102,0.038591756,0.167705306,0.736243727,2022,State,All,Gender,state,99,Haryana,NA,NA,NA,NA,NA,NA,NA,NA,NA,NA,0,1,NA,NA,NA,NA,NA,NA
3686,0.018437077,0.167279914,0.728018565,0.037635004,0.136380213,0.729570327,2022,State,All,Gender,state,99,Haryana,NA,NA,NA,NA,NA,NA,NA,NA,NA,NA,1,0,NA,NA,NA,NA,NA,NA
3687,0,0.119619467,0.656226142,0.033160029,0.112241706,0.656226142,2022,State,All,Gender,state,99,Delhi,NA,NA,NA,NA,NA,NA,NA,NA,NA,NA,0,1,NA,NA,NA,NA,NA,NA
3688,0.007760276,0.11564914,0.63902632,0.014254365,0.094345395,0.640403438,2022,State,All,Gender,state,99,Delhi,NA,NA,NA,NA,NA,NA,NA,NA,NA,NA,1,0,NA,NA,NA,NA,NA,NA
3689,0.038017379,0.310283142,0.824786897,0.07020102,0.26028841,0.824822115,2022,State,All,Gender,state,99,Rajasthan,NA,NA,NA,NA,NA,NA,NA,NA,NA,NA,0,1,NA,NA,NA,NA,NA,NA
3690,0.023301974,0.256566914,0.81351041,0.055517053,0.219401468,0.814643899,2022,State,All,Gender,state,99,Rajasthan,NA,NA,NA,NA,NA,NA,NA,NA,NA,NA,1,0,NA,NA,NA,NA,NA,NA
3691,0.025830212,0.355232291,0.890172303,0.058257896,0.30105665,0.892438986,2022,State,All,Gender,state,99,Uttar Pradesh,NA,NA,NA,NA,NA,NA,NA,NA,NA,NA,0,1,NA,NA,NA,NA,NA,NA
3692,0.021630326,0.365902802,0.901166069,0.057954625,0.30998701,0.902346191,2022,State,All,Gender,state,99,Uttar Pradesh,NA,NA,NA,NA,NA,NA,NA,NA,NA,NA,1,0,NA,NA,NA,NA,NA,NA
3693,0.036211213,0.396190639,0.91954217,0.073971997,0.36316949,0.920019856,2022,State,All,Gender,state,99,Bihar,NA,NA,NA,NA,NA,NA,NA,NA,NA,NA,0,1,NA,NA,NA,NA,NA,NA
3694,0.040933294,0.401960363,0.927511233,0.077803454,0.347730671,0.928674992,2022,State,All,Gender,state,99,Bihar,NA,NA,NA,NA,NA,NA,NA,NA,NA,NA,1,0,NA,NA,NA,NA,NA,NA
3695,0,0.019611847,0.417937699,0,0.014888746,0.417937699,2022,State,All,Gender,state,99,Sikkim,NA,NA,NA,NA,NA,NA,NA,NA,NA,NA,0,1,NA,NA,NA,NA,NA,NA
3696,0,0.027181395,0.425848189,0.001455269,0.021286043,0.426836318,2022,State,All,Gender,state,99,Sikkim,NA,NA,NA,NA,NA,NA,NA,NA,NA,NA,1,0,NA,NA,NA,NA,NA,NA
3697,0.032043153,0.19943237,0.652562607,0.055033679,0.170551952,0.654367296,2022,State,All,Gender,state,99,Arunachal Pradesh,NA,NA,NA,NA,NA,NA,NA,NA,NA,NA,0,1,NA,NA,NA,NA,NA,NA
3698,0.053935431,0.291367574,0.773332908,0.102723503,0.268490988,0.7736326,2022,State,All,Gender,state,99,Arunachal Pradesh,NA,NA,NA,NA,NA,NA,NA,NA,NA,NA,1,0,NA,NA,NA,NA,NA,NA
3699,0.015866063,0.173453186,0.698061542,0.042669314,0.146169608,0.703425419,2022,State,All,Gender,state,99,Nagaland,NA,NA,NA,NA,NA,NA,NA,NA,NA,NA,0,1,NA,NA,NA,NA,NA,NA
3700,0.031083575,0.295532145,0.84449736,0.054233647,0.251367904,0.845892527,2022,State,All,Gender,state,99,Nagaland,NA,NA,NA,NA,NA,NA,NA,NA,NA,NA,1,0,NA,NA,NA,NA,NA,NA
3701,0.021822594,0.393630384,0.933404634,0.060270598,0.338849579,0.93624727,2022,State,All,Gender,state,99,Manipur,NA,NA,NA,NA,NA,NA,NA,NA,NA,NA,0,1,NA,NA,NA,NA,NA,NA
3702,0.036157001,0.385494658,0.916095717,0.082238403,0.333228196,0.917169491,2022,State,All,Gender,state,99,Manipur,NA,NA,NA,NA,NA,NA,NA,NA,NA,NA,1,0,NA,NA,NA,NA,NA,NA
3703,0.006803028,0.157184442,0.688839131,0.01155625,0.126879392,0.690406765,2022,State,All,Gender,state,99,Mizoram,NA,NA,NA,NA,NA,NA,NA,NA,NA,NA,0,1,NA,NA,NA,NA,NA,NA
3704,0.009913088,0.144536657,0.743479866,0.019569268,0.111006175,0.74579056,2022,State,All,Gender,state,99,Mizoram,NA,NA,NA,NA,NA,NA,NA,NA,NA,NA,1,0,NA,NA,NA,NA,NA,NA
3705,0,0.057445829,0.70003349,0.001619273,0.041930785,0.703292083,2022,State,All,Gender,state,99,Tripura,NA,NA,NA,NA,NA,NA,NA,NA,NA,NA,0,1,NA,NA,NA,NA,NA,NA
3706,0.001395733,0.07338232,0.694178576,0.004002646,0.057734487,0.697104122,2022,State,All,Gender,state,99,Tripura,NA,NA,NA,NA,NA,NA,NA,NA,NA,NA,1,0,NA,NA,NA,NA,NA,NA
3707,0.036743273,0.381491029,0.883209361,0.091306293,0.323201358,0.884026373,2022,State,All,Gender,state,99,Meghalaya,NA,NA,NA,NA,NA,NA,NA,NA,NA,NA,0,1,NA,NA,NA,NA,NA,NA
3708,0.047425979,0.371464871,0.910523409,0.102645137,0.331563013,0.911095082,2022,State,All,Gender,state,99,Meghalaya,NA,NA,NA,NA,NA,NA,NA,NA,NA,NA,1,0,NA,NA,NA,NA,NA,NA
3709,0.062601534,0.47570895,0.925494842,0.130346021,0.41312323,0.925494842,2022,State,All,Gender,state,99,Assam,NA,NA,NA,NA,NA,NA,NA,NA,NA,NA,0,1,NA,NA,NA,NA,NA,NA
3710,0.035111786,0.412942865,0.928780701,0.080735903,0.355947688,0.929590657,2022,State,All,Gender,state,99,Assam,NA,NA,NA,NA,NA,NA,NA,NA,NA,NA,1,0,NA,NA,NA,NA,NA,NA
3711,0.013908831,0.258356944,0.820502795,0.037494294,0.214927669,0.822472583,2022,State,All,Gender,state,99,West Bengal,NA,NA,NA,NA,NA,NA,NA,NA,NA,NA,0,1,NA,NA,NA,NA,NA,NA
3712,0.013981877,0.290600608,0.859144616,0.037544528,0.239128209,0.860148508,2022,State,All,Gender,state,99,West Bengal,NA,NA,NA,NA,NA,NA,NA,NA,NA,NA,1,0,NA,NA,NA,NA,NA,NA
3713,0.108317045,0.561096542,0.919521401,0.221610881,0.517388097,0.920885616,2022,State,All,Gender,state,99,Jharkhand,NA,NA,NA,NA,NA,NA,NA,NA,NA,NA,0,1,NA,NA,NA,NA,NA,NA
3714,0.088752468,0.477608508,0.899889328,0.162381105,0.430522705,0.900160387,2022,State,All,Gender,state,99,Jharkhand,NA,NA,NA,NA,NA,NA,NA,NA,NA,NA,1,0,NA,NA,NA,NA,NA,NA
3715,0.040286092,0.40711003,0.922576517,0.100582577,0.354792435,0.923794166,2022,State,All,Gender,state,99,Odisha,NA,NA,NA,NA,NA,NA,NA,NA,NA,NA,0,1,NA,NA,NA,NA,NA,NA
3716,0.040905361,0.446012801,0.912347977,0.093711788,0.389388526,0.91280905,2022,State,All,Gender,state,99,Odisha,NA,NA,NA,NA,NA,NA,NA,NA,NA,NA,1,0,NA,NA,NA,NA,NA,NA
3717,0.089274048,0.489050721,0.90731324,0.162798674,0.434709716,0.9089843,2022,State,All,Gender,state,99,Chhattisgarh,NA,NA,NA,NA,NA,NA,NA,NA,NA,NA,0,1,NA,NA,NA,NA,NA,NA
3718,0.104668736,0.517526224,0.926313537,0.19037161,0.466939268,0.927051819,2022,State,All,Gender,state,99,Chhattisgarh,NA,NA,NA,NA,NA,NA,NA,NA,NA,NA,1,0,NA,NA,NA,NA,NA,NA
3719,0.019828975,0.323637123,0.86068465,0.05738098,0.267317407,0.861280166,2022,State,All,Gender,state,99,Madhya Pradesh,NA,NA,NA,NA,NA,NA,NA,NA,NA,NA,0,1,NA,NA,NA,NA,NA,NA
3720,0.019393377,0.308195191,0.880822231,0.051041784,0.256877678,0.881380223,2022,State,All,Gender,state,99,Madhya Pradesh,NA,NA,NA,NA,NA,NA,NA,NA,NA,NA,1,0,NA,NA,NA,NA,NA,NA
3721,0.012177173,0.228628979,0.818046788,0.042039743,0.199157006,0.818685647,2022,State,All,Gender,state,99,Gujarat,NA,NA,NA,NA,NA,NA,NA,NA,NA,NA,0,1,NA,NA,NA,NA,NA,NA
3722,0.013026314,0.270551933,0.828283777,0.036417851,0.226546398,0.829636801,2022,State,All,Gender,state,99,Gujarat,NA,NA,NA,NA,NA,NA,NA,NA,NA,NA,1,0,NA,NA,NA,NA,NA,NA
3723,0.02863889,0.201712611,0.894422349,0.093435191,0.201712611,0.913796709,2022,State,All,Gender,state,99,Daman & Diu & D & N Haveli,NA,NA,NA,NA,NA,NA,NA,NA,NA,NA,0,1,NA,NA,NA,NA,NA,NA
3724,0.057953538,0.279384187,0.823579165,0.08930833,0.238968637,0.824722442,2022,State,All,Gender,state,99,Daman & Diu & D & N Haveli,NA,NA,NA,NA,NA,NA,NA,NA,NA,NA,1,0,NA,NA,NA,NA,NA,NA
3725,0.046986648,0.323737731,0.788584046,0.088482317,0.285207131,0.789394185,2022,State,All,Gender,state,99,Maharashtra,NA,NA,NA,NA,NA,NA,NA,NA,NA,NA,0,1,NA,NA,NA,NA,NA,NA
3726,0.029615212,0.30280286,0.820728889,0.064126334,0.262722338,0.821986851,2022,State,All,Gender,state,99,Maharashtra,NA,NA,NA,NA,NA,NA,NA,NA,NA,NA,1,0,NA,NA,NA,NA,NA,NA
3727,0.009786641,0.120757813,0.653692863,0.01682911,0.100305049,0.654996484,2022,State,All,Gender,state,99,Andhra Pradesh,NA,NA,NA,NA,NA,NA,NA,NA,NA,NA,0,1,NA,NA,NA,NA,NA,NA
3728,0.003934956,0.119865075,0.697120416,0.010435213,0.092532289,0.698667466,2022,State,All,Gender,state,99,Andhra Pradesh,NA,NA,NA,NA,NA,NA,NA,NA,NA,NA,1,0,NA,NA,NA,NA,NA,NA
3729,0.000382712,0.092038438,0.69016858,0.007997458,0.080282947,0.692931856,2022,State,All,Gender,state,99,Karnataka,NA,NA,NA,NA,NA,NA,NA,NA,NA,NA,0,1,NA,NA,NA,NA,NA,NA
3730,0.003046396,0.13180935,0.698539816,0.011481938,0.104326269,0.700449921,2022,State,All,Gender,state,99,Karnataka,NA,NA,NA,NA,NA,NA,NA,NA,NA,NA,1,0,NA,NA,NA,NA,NA,NA
3731,0,0.006674377,0.605741347,0,0.005532303,0.605741347,2022,State,All,Gender,state,99,Goa,NA,NA,NA,NA,NA,NA,NA,NA,NA,NA,0,1,NA,NA,NA,NA,NA,NA
3732,0.005267492,0.030017559,0.498913579,0.006720487,0.020855104,0.503654947,2022,State,All,Gender,state,99,Goa,NA,NA,NA,NA,NA,NA,NA,NA,NA,NA,1,0,NA,NA,NA,NA,NA,NA
3733,0,0.034598795,0.710433809,0,0.024606823,0.710433809,2022,State,All,Gender,state,99,Lakshadweep,NA,NA,NA,NA,NA,NA,NA,NA,NA,NA,0,1,NA,NA,NA,NA,NA,NA
3734,0,0.035903979,0.69147925,0,0.031336525,0.69147925,2022,State,All,Gender,state,99,Lakshadweep,NA,NA,NA,NA,NA,NA,NA,NA,NA,NA,1,0,NA,NA,NA,NA,NA,NA
3735,0.00616209,0.143263867,0.678130998,0.020549768,0.113471454,0.679523331,2022,State,All,Gender,state,99,Kerala,NA,NA,NA,NA,NA,NA,NA,NA,NA,NA,0,1,NA,NA,NA,NA,NA,NA
3736,0.005019216,0.114965293,0.653172218,0.012517262,0.089840427,0.655250335,2022,State,All,Gender,state,99,Kerala,NA,NA,NA,NA,NA,NA,NA,NA,NA,NA,1,0,NA,NA,NA,NA,NA,NA
3737,0.003141584,0.090180208,0.618821835,0.010721311,0.071131299,0.620684304,2022,State,All,Gender,state,99,Tamil Nadu,NA,NA,NA,NA,NA,NA,NA,NA,NA,NA,0,1,NA,NA,NA,NA,NA,NA
3738,0.002171003,0.070406243,0.622789464,0.00694731,0.053551857,0.624635227,2022,State,All,Gender,state,99,Tamil Nadu,NA,NA,NA,NA,NA,NA,NA,NA,NA,NA,1,0,NA,NA,NA,NA,NA,NA
3739,0,0.08271977,0.611924731,0.023018981,0.074785515,0.611924731,2022,State,All,Gender,state,99,Puducherry,NA,NA,NA,NA,NA,NA,NA,NA,NA,NA,0,1,NA,NA,NA,NA,NA,NA
3740,0,0.043979437,0.510732029,0.003570242,0.038295188,0.511714658,2022,State,All,Gender,state,99,Puducherry,NA,NA,NA,NA,NA,NA,NA,NA,NA,NA,1,0,NA,NA,NA,NA,NA,NA
3741,0,0.023272209,0.455256503,0,0.001972275,0.459159512,2022,State,All,Gender,state,99,A & N Island,NA,NA,NA,NA,NA,NA,NA,NA,NA,NA,0,1,NA,NA,NA,NA,NA,NA
3742,0.000380254,0.010221095,0.336756862,0.000581277,0.007719649,0.337839809,2022,State,All,Gender,state,99,A & N Island,NA,NA,NA,NA,NA,NA,NA,NA,NA,NA,1,0,NA,NA,NA,NA,NA,NA
3743,0.00557938,0.099357629,0.709754352,0.008110316,0.059108932,0.712919685,2022,State,All,Gender,state,99,Telangana,NA,NA,NA,NA,NA,NA,NA,NA,NA,NA,0,1,NA,NA,NA,NA,NA,NA
3744,0.003950859,0.123757135,0.716379438,0.009717981,0.096416845,0.719909603,2022,State,All,Gender,state,99,Telangana,NA,NA,NA,NA,NA,NA,NA,NA,NA,NA,1,0,NA,NA,NA,NA,NA,NA
3745,0.106557364,0.404521898,0.888945456,0.218789889,0.396526914,0.888945456,2022,State,All,Gender,state,99,Ladakh,NA,NA,NA,NA,NA,NA,NA,NA,NA,NA,0,1,NA,NA,NA,NA,NA,NA
3746,0.032222387,0.280356922,0.821357573,0.080494676,0.259452767,0.827883173,2022,State,All,Gender,state,99,Ladakh,NA,NA,NA,NA,NA,NA,NA,NA,NA,NA,1,0,NA,NA,NA,NA,NA,NA
3747,0.01023051,0.126783167,0.708782896,0.01023051,0.107330977,0.708782896,2022,State,urban/rural,Gender,sector_state,0,Jammu & Kashmir,NA,NA,NA,NA,NA,NA,NA,NA,NA,NA,0,1,NA,NA,NA,NA,NA,NA
3748,0.007522533,0.21109194,0.78313955,0.013626924,0.17598675,0.783590183,2022,State,urban/rural,Gender,sector_state,0,Jammu & Kashmir,NA,NA,NA,NA,NA,NA,NA,NA,NA,NA,1,0,NA,NA,NA,NA,NA,NA
3749,0,0.044669745,0.578417986,0.006648819,0.016291097,0.579703284,2022,State,urban/rural,Gender,sector_state,0,Himachal Pradesh,NA,NA,NA,NA,NA,NA,NA,NA,NA,NA,0,1,NA,NA,NA,NA,NA,NA
3750,0.003190405,0.086476515,0.647189416,0.005469189,0.066151349,0.648731972,2022,State,urban/rural,Gender,sector_state,0,Himachal Pradesh,NA,NA,NA,NA,NA,NA,NA,NA,NA,NA,1,0,NA,NA,NA,NA,NA,NA
3751,0.000755969,0.117512341,0.705092277,0.003020999,0.086847444,0.712290278,2022,State,urban/rural,Gender,sector_state,0,Punjab,NA,NA,NA,NA,NA,NA,NA,NA,NA,NA,0,1,NA,NA,NA,NA,NA,NA
3752,0.002190933,0.094640674,0.735691749,0.005557752,0.073508282,0.73783185,2022,State,urban/rural,Gender,sector_state,0,Punjab,NA,NA,NA,NA,NA,NA,NA,NA,NA,NA,1,0,NA,NA,NA,NA,NA,NA
3753,0,0,0.450743456,0,0,0.450743456,2022,State,urban/rural,Gender,sector_state,0,Chandigarh,NA,NA,NA,NA,NA,NA,NA,NA,NA,NA,0,1,NA,NA,NA,NA,NA,NA
3754,0,0.00452412,0.486953565,0,0,0.486953565,2022,State,urban/rural,Gender,sector_state,0,Chandigarh,NA,NA,NA,NA,NA,NA,NA,NA,NA,NA,1,0,NA,NA,NA,NA,NA,NA
3755,0.007627764,0.252825809,0.836498195,0.038587534,0.205443557,0.836498195,2022,State,urban/rural,Gender,sector_state,0,Uttrakhand,NA,NA,NA,NA,NA,NA,NA,NA,NA,NA,0,1,NA,NA,NA,NA,NA,NA
3756,0.009295159,0.206462925,0.802196881,0.027271282,0.170672838,0.802196881,2022,State,urban/rural,Gender,sector_state,0,Uttrakhand,NA,NA,NA,NA,NA,NA,NA,NA,NA,NA,1,0,NA,NA,NA,NA,NA,NA
3757,0.028083501,0.220838537,0.792000837,0.049141653,0.192016882,0.792000837,2022,State,urban/rural,Gender,sector_state,0,Haryana,NA,NA,NA,NA,NA,NA,NA,NA,NA,NA,0,1,NA,NA,NA,NA,NA,NA
3758,0.018969376,0.190508014,0.816987561,0.043076638,0.154698093,0.818386174,2022,State,urban/rural,Gender,sector_state,0,Haryana,NA,NA,NA,NA,NA,NA,NA,NA,NA,NA,1,0,NA,NA,NA,NA,NA,NA
3759,0,0.081655291,0.693637069,0.021577084,0.081655291,0.693637069,2022,State,urban/rural,Gender,sector_state,0,Delhi,NA,NA,NA,NA,NA,NA,NA,NA,NA,NA,0,1,NA,NA,NA,NA,NA,NA
3760,0.007127837,0.071607494,0.708695046,0.007127837,0.067152596,0.708695046,2022,State,urban/rural,Gender,sector_state,0,Delhi,NA,NA,NA,NA,NA,NA,NA,NA,NA,NA,1,0,NA,NA,NA,NA,NA,NA
3761,0.047090921,0.366582614,0.870959588,0.081865279,0.30904112,0.871008099,2022,State,urban/rural,Gender,sector_state,0,Rajasthan,NA,NA,NA,NA,NA,NA,NA,NA,NA,NA,0,1,NA,NA,NA,NA,NA,NA
3762,0.027664478,0.284788668,0.847233442,0.064513099,0.244673521,0.848416149,2022,State,urban/rural,Gender,sector_state,0,Rajasthan,NA,NA,NA,NA,NA,NA,NA,NA,NA,NA,1,0,NA,NA,NA,NA,NA,NA
3763,0.024687237,0.368941193,0.909155736,0.053523184,0.311860621,0.911738551,2022,State,urban/rural,Gender,sector_state,0,Uttar Pradesh,NA,NA,NA,NA,NA,NA,NA,NA,NA,NA,0,1,NA,NA,NA,NA,NA,NA
3764,0.0235457,0.391705315,0.926189996,0.062992083,0.332559258,0.927235238,2022,State,urban/rural,Gender,sector_state,0,Uttar Pradesh,NA,NA,NA,NA,NA,NA,NA,NA,NA,NA,1,0,NA,NA,NA,NA,NA,NA
3765,0.036899308,0.40431384,0.935647675,0.067576181,0.372195965,0.936190084,2022,State,urban/rural,Gender,sector_state,0,Bihar,NA,NA,NA,NA,NA,NA,NA,NA,NA,NA,0,1,NA,NA,NA,NA,NA,NA
3766,0.042612103,0.412628543,0.937783474,0.080394836,0.357679961,0.938772988,2022,State,urban/rural,Gender,sector_state,0,Bihar,NA,NA,NA,NA,NA,NA,NA,NA,NA,NA,1,0,NA,NA,NA,NA,NA,NA
3767,0,0.027165439,0.503573415,0,0.01997684,0.503573415,2022,State,urban/rural,Gender,sector_state,0,Sikkim,NA,NA,NA,NA,NA,NA,NA,NA,NA,NA,0,1,NA,NA,NA,NA,NA,NA
3768,0,0.031314577,0.458360457,0.00138157,0.024694576,0.459698801,2022,State,urban/rural,Gender,sector_state,0,Sikkim,NA,NA,NA,NA,NA,NA,NA,NA,NA,NA,1,0,NA,NA,NA,NA,NA,NA
3769,0.043827296,0.240494341,0.704547898,0.075272786,0.203099769,0.707016276,2022,State,urban/rural,Gender,sector_state,0,Arunachal Pradesh,NA,NA,NA,NA,NA,NA,NA,NA,NA,NA,0,1,NA,NA,NA,NA,NA,NA
3770,0.06446066,0.327768245,0.814347838,0.12194025,0.302168638,0.814347838,2022,State,urban/rural,Gender,sector_state,0,Arunachal Pradesh,NA,NA,NA,NA,NA,NA,NA,NA,NA,NA,1,0,NA,NA,NA,NA,NA,NA
3771,0.025376914,0.242740158,0.758822995,0.05786232,0.199101544,0.767402228,2022,State,urban/rural,Gender,sector_state,0,Nagaland,NA,NA,NA,NA,NA,NA,NA,NA,NA,NA,0,1,NA,NA,NA,NA,NA,NA
3772,0.041333467,0.365886794,0.896630834,0.069790054,0.311466979,0.897779179,2022,State,urban/rural,Gender,sector_state,0,Nagaland,NA,NA,NA,NA,NA,NA,NA,NA,NA,NA,1,0,NA,NA,NA,NA,NA,NA
3773,0.020486744,0.413074,0.933321348,0.060960452,0.353492241,0.937589743,2022,State,urban/rural,Gender,sector_state,0,Manipur,NA,NA,NA,NA,NA,NA,NA,NA,NA,NA,0,1,NA,NA,NA,NA,NA,NA
3774,0.041718904,0.4079084,0.925301812,0.09348545,0.356189482,0.926505066,2022,State,urban/rural,Gender,sector_state,0,Manipur,NA,NA,NA,NA,NA,NA,NA,NA,NA,NA,1,0,NA,NA,NA,NA,NA,NA
3775,0.015352309,0.28041458,0.751221236,0.026078847,0.24337662,0.75362549,2022,State,urban/rural,Gender,sector_state,0,Mizoram,NA,NA,NA,NA,NA,NA,NA,NA,NA,NA,0,1,NA,NA,NA,NA,NA,NA
3776,0.010872027,0.195234911,0.822796781,0.025651858,0.149902462,0.826175185,2022,State,urban/rural,Gender,sector_state,0,Mizoram,NA,NA,NA,NA,NA,NA,NA,NA,NA,NA,1,0,NA,NA,NA,NA,NA,NA
3777,0,0.069109017,0.7519104,0.002127367,0.050512846,0.75382713,2022,State,urban/rural,Gender,sector_state,0,Tripura,NA,NA,NA,NA,NA,NA,NA,NA,NA,NA,0,1,NA,NA,NA,NA,NA,NA
3778,0.001750817,0.087610117,0.746848743,0.005020947,0.068436897,0.749633079,2022,State,urban/rural,Gender,sector_state,0,Tripura,NA,NA,NA,NA,NA,NA,NA,NA,NA,NA,1,0,NA,NA,NA,NA,NA,NA
3779,0.042085676,0.436320017,0.934234899,0.102551247,0.369140433,0.934234899,2022,State,urban/rural,Gender,sector_state,0,Meghalaya,NA,NA,NA,NA,NA,NA,NA,NA,NA,NA,0,1,NA,NA,NA,NA,NA,NA
3780,0.052424359,0.409679037,0.938723123,0.114216318,0.36685871,0.939122485,2022,State,urban/rural,Gender,sector_state,0,Meghalaya,NA,NA,NA,NA,NA,NA,NA,NA,NA,NA,1,0,NA,NA,NA,NA,NA,NA
3781,0.069585922,0.519571411,0.959252133,0.146060214,0.45370712,0.959252133,2022,State,urban/rural,Gender,sector_state,0,Assam,NA,NA,NA,NA,NA,NA,NA,NA,NA,NA,0,1,NA,NA,NA,NA,NA,NA
3782,0.037690377,0.437915484,0.952315205,0.08667033,0.37742358,0.953093807,2022,State,urban/rural,Gender,sector_state,0,Assam,NA,NA,NA,NA,NA,NA,NA,NA,NA,NA,1,0,NA,NA,NA,NA,NA,NA
3783,0.0139736,0.287797154,0.888436445,0.031826087,0.235634202,0.890732271,2022,State,urban/rural,Gender,sector_state,0,West Bengal,NA,NA,NA,NA,NA,NA,NA,NA,NA,NA,0,1,NA,NA,NA,NA,NA,NA
3784,0.01185664,0.309713174,0.903507664,0.033937166,0.251525329,0.90447886,2022,State,urban/rural,Gender,sector_state,0,West Bengal,NA,NA,NA,NA,NA,NA,NA,NA,NA,NA,1,0,NA,NA,NA,NA,NA,NA
3785,0.114776568,0.594250628,0.936329781,0.240155524,0.548897385,0.9371165,2022,State,urban/rural,Gender,sector_state,0,Jharkhand,NA,NA,NA,NA,NA,NA,NA,NA,NA,NA,0,1,NA,NA,NA,NA,NA,NA
3786,0.101169215,0.525283574,0.929117409,0.183575884,0.475774024,0.929318267,2022,State,urban/rural,Gender,sector_state,0,Jharkhand,NA,NA,NA,NA,NA,NA,NA,NA,NA,NA,1,0,NA,NA,NA,NA,NA,NA
3787,0.041454374,0.424348269,0.935874957,0.103824307,0.36769894,0.936253279,2022,State,urban/rural,Gender,sector_state,0,Odisha,NA,NA,NA,NA,NA,NA,NA,NA,NA,NA,0,1,NA,NA,NA,NA,NA,NA
3788,0.043280471,0.474093194,0.940504898,0.099542355,0.414567605,0.940919308,2022,State,urban/rural,Gender,sector_state,0,Odisha,NA,NA,NA,NA,NA,NA,NA,NA,NA,NA,1,0,NA,NA,NA,NA,NA,NA
3789,0.10921176,0.549036701,0.934715998,0.198745409,0.495015992,0.936007813,2022,State,urban/rural,Gender,sector_state,0,Chhattisgarh,NA,NA,NA,NA,NA,NA,NA,NA,NA,NA,0,1,NA,NA,NA,NA,NA,NA
3790,0.119875866,0.572879014,0.959101593,0.217224505,0.516867698,0.959343252,2022,State,urban/rural,Gender,sector_state,0,Chhattisgarh,NA,NA,NA,NA,NA,NA,NA,NA,NA,NA,1,0,NA,NA,NA,NA,NA,NA
3791,0.019483617,0.352692618,0.905147846,0.060835784,0.295723377,0.905147846,2022,State,urban/rural,Gender,sector_state,0,Madhya Pradesh,NA,NA,NA,NA,NA,NA,NA,NA,NA,NA,0,1,NA,NA,NA,NA,NA,NA
3792,0.023042569,0.322042719,0.912026898,0.05796963,0.269464433,0.91260902,2022,State,urban/rural,Gender,sector_state,0,Madhya Pradesh,NA,NA,NA,NA,NA,NA,NA,NA,NA,NA,1,0,NA,NA,NA,NA,NA,NA
3793,0.019504285,0.294596508,0.883559038,0.05062338,0.26353232,0.884689058,2022,State,urban/rural,Gender,sector_state,0,Gujarat,NA,NA,NA,NA,NA,NA,NA,NA,NA,NA,0,1,NA,NA,NA,NA,NA,NA
3794,0.015848389,0.34741945,0.910269244,0.043747322,0.293879386,0.910735673,2022,State,urban/rural,Gender,sector_state,0,Gujarat,NA,NA,NA,NA,NA,NA,NA,NA,NA,NA,1,0,NA,NA,NA,NA,NA,NA
3795,0.056846754,0.400389369,0.926559739,0.185464146,0.400389369,0.965016868,2022,State,urban/rural,Gender,sector_state,0,Daman & Diu & D & N Haveli,NA,NA,NA,NA,NA,NA,NA,NA,NA,NA,0,1,NA,NA,NA,NA,NA,NA
3796,0.122025264,0.468649435,0.901688545,0.195564312,0.419177398,0.901688545,2022,State,urban/rural,Gender,sector_state,0,Daman & Diu & D & N Haveli,NA,NA,NA,NA,NA,NA,NA,NA,NA,NA,1,0,NA,NA,NA,NA,NA,NA
3797,0.058153705,0.397646582,0.855698843,0.10153611,0.352413702,0.856868131,2022,State,urban/rural,Gender,sector_state,0,Maharashtra,NA,NA,NA,NA,NA,NA,NA,NA,NA,NA,0,1,NA,NA,NA,NA,NA,NA
3798,0.040145115,0.369099148,0.888475367,0.08292699,0.32112345,0.8894585,2022,State,urban/rural,Gender,sector_state,0,Maharashtra,NA,NA,NA,NA,NA,NA,NA,NA,NA,NA,1,0,NA,NA,NA,NA,NA,NA
3799,0.007971697,0.141695455,0.689621178,0.013284396,0.119384512,0.691633747,2022,State,urban/rural,Gender,sector_state,0,Andhra Pradesh,NA,NA,NA,NA,NA,NA,NA,NA,NA,NA,0,1,NA,NA,NA,NA,NA,NA
3800,0.002553629,0.128695544,0.730378335,0.008691098,0.09830222,0.732124473,2022,State,urban/rural,Gender,sector_state,0,Andhra Pradesh,NA,NA,NA,NA,NA,NA,NA,NA,NA,NA,1,0,NA,NA,NA,NA,NA,NA
3801,0.000569383,0.100061031,0.757405205,0.010287564,0.085356735,0.760442419,2022,State,urban/rural,Gender,sector_state,0,Karnataka,NA,NA,NA,NA,NA,NA,NA,NA,NA,NA,0,1,NA,NA,NA,NA,NA,NA
3802,0.002830724,0.155001783,0.78711974,0.011439042,0.122773181,0.788731222,2022,State,urban/rural,Gender,sector_state,0,Karnataka,NA,NA,NA,NA,NA,NA,NA,NA,NA,NA,1,0,NA,NA,NA,NA,NA,NA
3803,0,0.015963216,0.547869632,0,0.013231699,0.547869632,2022,State,urban/rural,Gender,sector_state,0,Goa,NA,NA,NA,NA,NA,NA,NA,NA,NA,NA,0,1,NA,NA,NA,NA,NA,NA
3804,0,0.036480316,0.53243876,0.003294581,0.027648715,0.543189534,2022,State,urban/rural,Gender,sector_state,0,Goa,NA,NA,NA,NA,NA,NA,NA,NA,NA,NA,1,0,NA,NA,NA,NA,NA,NA
3805,0,0,0.58039615,0,0,0.58039615,2022,State,urban/rural,Gender,sector_state,0,Lakshadweep,NA,NA,NA,NA,NA,NA,NA,NA,NA,NA,0,1,NA,NA,NA,NA,NA,NA
3806,0,0.037214573,0.6908335,0,0.037214573,0.6908335,2022,State,urban/rural,Gender,sector_state,0,Lakshadweep,NA,NA,NA,NA,NA,NA,NA,NA,NA,NA,1,0,NA,NA,NA,NA,NA,NA
3807,0.001986722,0.130077715,0.708365544,0.010975618,0.103079801,0.709347927,2022,State,urban/rural,Gender,sector_state,0,Kerala,NA,NA,NA,NA,NA,NA,NA,NA,NA,NA,0,1,NA,NA,NA,NA,NA,NA
3808,0.007255441,0.113199844,0.674180706,0.014013087,0.090060175,0.675939512,2022,State,urban/rural,Gender,sector_state,0,Kerala,NA,NA,NA,NA,NA,NA,NA,NA,NA,NA,1,0,NA,NA,NA,NA,NA,NA
3809,0.003791815,0.106883287,0.684002926,0.014375672,0.086949346,0.685051826,2022,State,urban/rural,Gender,sector_state,0,Tamil Nadu,NA,NA,NA,NA,NA,NA,NA,NA,NA,NA,0,1,NA,NA,NA,NA,NA,NA
3810,0.002806309,0.08480262,0.705008772,0.007586998,0.064671674,0.70661682,2022,State,urban/rural,Gender,sector_state,0,Tamil Nadu,NA,NA,NA,NA,NA,NA,NA,NA,NA,NA,1,0,NA,NA,NA,NA,NA,NA
3811,0,0.075676733,0.690563586,0.03305034,0.075676733,0.690563586,2022,State,urban/rural,Gender,sector_state,0,Puducherry,NA,NA,NA,NA,NA,NA,NA,NA,NA,NA,0,1,NA,NA,NA,NA,NA,NA
3812,0,0.025459113,0.685919048,0,0.015389668,0.68900469,2022,State,urban/rural,Gender,sector_state,0,Puducherry,NA,NA,NA,NA,NA,NA,NA,NA,NA,NA,1,0,NA,NA,NA,NA,NA,NA
3813,0,0.027035288,0.500247713,0,0.002861196,0.505909842,2022,State,urban/rural,Gender,sector_state,0,A & N Island,NA,NA,NA,NA,NA,NA,NA,NA,NA,NA,0,1,NA,NA,NA,NA,NA,NA
3814,0,0.01132078,0.410839766,0.000340595,0.007082554,0.412674616,2022,State,urban/rural,Gender,sector_state,0,A & N Island,NA,NA,NA,NA,NA,NA,NA,NA,NA,NA,1,0,NA,NA,NA,NA,NA,NA
3815,0.003728929,0.116509525,0.820986214,0.007160619,0.078839455,0.823317472,2022,State,urban/rural,Gender,sector_state,0,Telangana,NA,NA,NA,NA,NA,NA,NA,NA,NA,NA,0,1,NA,NA,NA,NA,NA,NA
3816,0.007038917,0.159107232,0.822463072,0.015694401,0.122369862,0.825359014,2022,State,urban/rural,Gender,sector_state,0,Telangana,NA,NA,NA,NA,NA,NA,NA,NA,NA,NA,1,0,NA,NA,NA,NA,NA,NA
3817,0.123658421,0.454794003,0.946060252,0.253902791,0.454794003,0.946060252,2022,State,urban/rural,Gender,sector_state,0,Ladakh,NA,NA,NA,NA,NA,NA,NA,NA,NA,NA,0,1,NA,NA,NA,NA,NA,NA
3818,0.031418302,0.297687723,0.843552113,0.085960898,0.277861174,0.850506034,2022,State,urban/rural,Gender,sector_state,0,Ladakh,NA,NA,NA,NA,NA,NA,NA,NA,NA,NA,1,0,NA,NA,NA,NA,NA,NA
3819,0.009881996,0.045003294,0.569068823,0.018331446,0.032623526,0.569068823,2022,State,urban/rural,Gender,sector_state,1,Jammu & Kashmir,NA,NA,NA,NA,NA,NA,NA,NA,NA,NA,0,1,NA,NA,NA,NA,NA,NA
3820,0.004879436,0.07845507,0.586762934,0.011264914,0.063767122,0.591287812,2022,State,urban/rural,Gender,sector_state,1,Jammu & Kashmir,NA,NA,NA,NA,NA,NA,NA,NA,NA,NA,1,0,NA,NA,NA,NA,NA,NA
3821,0,0.095650306,0.401968802,0.046538325,0.080239819,0.401968802,2022,State,urban/rural,Gender,sector_state,1,Himachal Pradesh,NA,NA,NA,NA,NA,NA,NA,NA,NA,NA,0,1,NA,NA,NA,NA,NA,NA
3822,0,0.065502234,0.516894622,0.01302276,0.047630502,0.516894622,2022,State,urban/rural,Gender,sector_state,1,Himachal Pradesh,NA,NA,NA,NA,NA,NA,NA,NA,NA,NA,1,0,NA,NA,NA,NA,NA,NA
3823,0.003962769,0.093758393,0.639970875,0.005942855,0.07370398,0.643933645,2022,State,urban/rural,Gender,sector_state,1,Punjab,NA,NA,NA,NA,NA,NA,NA,NA,NA,NA,0,1,NA,NA,NA,NA,NA,NA
3824,0.003231758,0.103165197,0.613617712,0.011680723,0.078429621,0.619400236,2022,State,urban/rural,Gender,sector_state,1,Punjab,NA,NA,NA,NA,NA,NA,NA,NA,NA,NA,1,0,NA,NA,NA,NA,NA,NA
3825,0,0,0.193705106,0,0,0.193705106,2022,State,urban/rural,Gender,sector_state,1,Chandigarh,NA,NA,NA,NA,NA,NA,NA,NA,NA,NA,0,1,NA,NA,NA,NA,NA,NA
3826,0,0,0.156220111,0,0,0.156220111,2022,State,urban/rural,Gender,sector_state,1,Chandigarh,NA,NA,NA,NA,NA,NA,NA,NA,NA,NA,1,0,NA,NA,NA,NA,NA,NA
3827,0,0.143709959,0.620167387,0,0.127934076,0.623219857,2022,State,urban/rural,Gender,sector_state,1,Uttrakhand,NA,NA,NA,NA,NA,NA,NA,NA,NA,NA,0,1,NA,NA,NA,NA,NA,NA
3828,0.004875532,0.121137875,0.599734216,0.022925874,0.107536343,0.600433183,2022,State,urban/rural,Gender,sector_state,1,Uttrakhand,NA,NA,NA,NA,NA,NA,NA,NA,NA,NA,1,0,NA,NA,NA,NA,NA,NA
3829,0.012866625,0.146625095,0.661200567,0.024687712,0.135664309,0.662759665,2022,State,urban/rural,Gender,sector_state,1,Haryana,NA,NA,NA,NA,NA,NA,NA,NA,NA,NA,0,1,NA,NA,NA,NA,NA,NA
3830,0.017483617,0.125673513,0.568656428,0.027887897,0.103569047,0.570482513,2022,State,urban/rural,Gender,sector_state,1,Haryana,NA,NA,NA,NA,NA,NA,NA,NA,NA,NA,1,0,NA,NA,NA,NA,NA,NA
3831,0,0.120274617,0.655580539,0.033359916,0.112769538,0.655580539,2022,State,urban/rural,Gender,sector_state,1,Delhi,NA,NA,NA,NA,NA,NA,NA,NA,NA,NA,0,1,NA,NA,NA,NA,NA,NA
3832,0.007772123,0.11647416,0.637721235,0.014387864,0.09485479,0.63912415,2022,State,urban/rural,Gender,sector_state,1,Delhi,NA,NA,NA,NA,NA,NA,NA,NA,NA,NA,1,0,NA,NA,NA,NA,NA,NA
3833,0.013980141,0.161136997,0.702468188,0.039300565,0.131134828,0.702468188,2022,State,urban/rural,Gender,sector_state,1,Rajasthan,NA,NA,NA,NA,NA,NA,NA,NA,NA,NA,0,1,NA,NA,NA,NA,NA,NA
3834,0.009288656,0.165912459,0.705184643,0.026619783,0.138222097,0.706160034,2022,State,urban/rural,Gender,sector_state,1,Rajasthan,NA,NA,NA,NA,NA,NA,NA,NA,NA,NA,1,0,NA,NA,NA,NA,NA,NA
3835,0.029936729,0.305978514,0.821968029,0.075268915,0.262239802,0.823098902,2022,State,urban/rural,Gender,sector_state,1,Uttar Pradesh,NA,NA,NA,NA,NA,NA,NA,NA,NA,NA,0,1,NA,NA,NA,NA,NA,NA
3836,0.01396276,0.262610936,0.800991016,0.03778882,0.219626447,0.802711089,2022,State,urban/rural,Gender,sector_state,1,Uttar Pradesh,NA,NA,NA,NA,NA,NA,NA,NA,NA,NA,1,0,NA,NA,NA,NA,NA,NA
3837,0.031132652,0.336236406,0.800673597,0.121177071,0.296548532,0.800673597,2022,State,urban/rural,Gender,sector_state,1,Bihar,NA,NA,NA,NA,NA,NA,NA,NA,NA,NA,0,1,NA,NA,NA,NA,NA,NA
3838,0.020563098,0.272515604,0.8028707,0.04636034,0.227008734,0.806148695,2022,State,urban/rural,Gender,sector_state,1,Bihar,NA,NA,NA,NA,NA,NA,NA,NA,NA,NA,1,0,NA,NA,NA,NA,NA,NA
3839,0,0.005141595,0.253887235,0,0.005141595,0.253887235,2022,State,urban/rural,Gender,sector_state,1,Sikkim,NA,NA,NA,NA,NA,NA,NA,NA,NA,NA,0,1,NA,NA,NA,NA,NA,NA
3840,0,0.015519672,0.334115223,0.001663211,0.011668909,0.334115223,2022,State,urban/rural,Gender,sector_state,1,Sikkim,NA,NA,NA,NA,NA,NA,NA,NA,NA,NA,1,0,NA,NA,NA,NA,NA,NA
3841,0,0.087777674,0.511205488,0,0.082048733,0.511205488,2022,State,urban/rural,Gender,sector_state,1,Arunachal Pradesh,NA,NA,NA,NA,NA,NA,NA,NA,NA,NA,0,1,NA,NA,NA,NA,NA,NA
3842,0.004823173,0.121516718,0.581951245,0.013055352,0.111346152,0.583649347,2022,State,urban/rural,Gender,sector_state,1,Arunachal Pradesh,NA,NA,NA,NA,NA,NA,NA,NA,NA,NA,1,0,NA,NA,NA,NA,NA,NA
3843,0,0.057868208,0.596698891,0.017324243,0.057868208,0.596698891,2022,State,urban/rural,Gender,sector_state,1,Nagaland,NA,NA,NA,NA,NA,NA,NA,NA,NA,NA,0,1,NA,NA,NA,NA,NA,NA
3844,0.000424412,0.085089486,0.688557318,0.007701803,0.071601401,0.690690773,2022,State,urban/rural,Gender,sector_state,1,Nagaland,NA,NA,NA,NA,NA,NA,NA,NA,NA,NA,1,0,NA,NA,NA,NA,NA,NA
3845,0.024485973,0.354864284,0.933570687,0.058895188,0.309655478,0.933570687,2022,State,urban/rural,Gender,sector_state,1,Manipur,NA,NA,NA,NA,NA,NA,NA,NA,NA,NA,0,1,NA,NA,NA,NA,NA,NA
3846,0.020154602,0.321007092,0.889608454,0.049879024,0.267165265,0.890309697,2022,State,urban/rural,Gender,sector_state,1,Manipur,NA,NA,NA,NA,NA,NA,NA,NA,NA,NA,1,0,NA,NA,NA,NA,NA,NA
3847,0,0.059124964,0.639199029,0,0.034177578,0.640100929,2022,State,urban/rural,Gender,sector_state,1,Mizoram,NA,NA,NA,NA,NA,NA,NA,NA,NA,NA,0,1,NA,NA,NA,NA,NA,NA
3848,0.008572007,0.073634856,0.632554703,0.011062731,0.056609493,0.633372199,2022,State,urban/rural,Gender,sector_state,1,Mizoram,NA,NA,NA,NA,NA,NA,NA,NA,NA,NA,1,0,NA,NA,NA,NA,NA,NA
3849,0,0.020275795,0.5347042,0,0.014580159,0.542239248,2022,State,urban/rural,Gender,sector_state,1,Tripura,NA,NA,NA,NA,NA,NA,NA,NA,NA,NA,0,1,NA,NA,NA,NA,NA,NA
3850,0,0.017456942,0.487147295,0,0.01566639,0.4906279,2022,State,urban/rural,Gender,sector_state,1,Tripura,NA,NA,NA,NA,NA,NA,NA,NA,NA,NA,1,0,NA,NA,NA,NA,NA,NA
3851,0.015414881,0.162598092,0.679500883,0.046413234,0.139799489,0.683579639,2022,State,urban/rural,Gender,sector_state,1,Meghalaya,NA,NA,NA,NA,NA,NA,NA,NA,NA,NA,0,1,NA,NA,NA,NA,NA,NA
3852,0.011881512,0.099716356,0.709989649,0.020360169,0.080568316,0.711786663,2022,State,urban/rural,Gender,sector_state,1,Meghalaya,NA,NA,NA,NA,NA,NA,NA,NA,NA,NA,1,0,NA,NA,NA,NA,NA,NA
3853,0.017194021,0.190546459,0.706028963,0.028183529,0.149275669,0.706028963,2022,State,urban/rural,Gender,sector_state,1,Assam,NA,NA,NA,NA,NA,NA,NA,NA,NA,NA,0,1,NA,NA,NA,NA,NA,NA
3854,0.012465389,0.193621608,0.72208964,0.028616981,0.167336329,0.723174968,2022,State,urban/rural,Gender,sector_state,1,Assam,NA,NA,NA,NA,NA,NA,NA,NA,NA,NA,1,0,NA,NA,NA,NA,NA,NA
3855,0.013804932,0.211130582,0.711527377,0.046586919,0.181711391,0.712974153,2022,State,urban/rural,Gender,sector_state,1,West Bengal,NA,NA,NA,NA,NA,NA,NA,NA,NA,NA,0,1,NA,NA,NA,NA,NA,NA
3856,0.019865568,0.237687724,0.736326113,0.047531462,0.204806946,0.737420525,2022,State,urban/rural,Gender,sector_state,1,West Bengal,NA,NA,NA,NA,NA,NA,NA,NA,NA,NA,1,0,NA,NA,NA,NA,NA,NA
3857,0.07937239,0.412535501,0.844204274,0.138513686,0.376197272,0.848156209,2022,State,urban/rural,Gender,sector_state,1,Jharkhand,NA,NA,NA,NA,NA,NA,NA,NA,NA,NA,0,1,NA,NA,NA,NA,NA,NA
3858,0.034288741,0.26849079,0.771685845,0.069414191,0.2320363,0.772264827,2022,State,urban/rural,Gender,sector_state,1,Jharkhand,NA,NA,NA,NA,NA,NA,NA,NA,NA,NA,1,0,NA,NA,NA,NA,NA,NA
3859,0.033891384,0.312754838,0.849786203,0.082838653,0.284147414,0.855597986,2022,State,urban/rural,Gender,sector_state,1,Odisha,NA,NA,NA,NA,NA,NA,NA,NA,NA,NA,0,1,NA,NA,NA,NA,NA,NA
3860,0.026734241,0.278470818,0.744349388,0.058923643,0.239157267,0.745088874,2022,State,urban/rural,Gender,sector_state,1,Odisha,NA,NA,NA,NA,NA,NA,NA,NA,NA,NA,1,0,NA,NA,NA,NA,NA,NA
3861,0.029853308,0.310273365,0.82564428,0.055665936,0.254977777,0.828445611,2022,State,urban/rural,Gender,sector_state,1,Chhattisgarh,NA,NA,NA,NA,NA,NA,NA,NA,NA,NA,0,1,NA,NA,NA,NA,NA,NA
3862,0.038318646,0.276016985,0.783256277,0.073209994,0.249097004,0.78616137,2022,State,urban/rural,Gender,sector_state,1,Chhattisgarh,NA,NA,NA,NA,NA,NA,NA,NA,NA,NA,1,0,NA,NA,NA,NA,NA,NA
3863,0.02038271,0.277050582,0.789393952,0.051841671,0.221772292,0.790944299,2022,State,urban/rural,Gender,sector_state,1,Madhya Pradesh,NA,NA,NA,NA,NA,NA,NA,NA,NA,NA,0,1,NA,NA,NA,NA,NA,NA
3864,0.00785658,0.264416702,0.782169744,0.029139636,0.217085084,0.782651447,2022,State,urban/rural,Gender,sector_state,1,Madhya Pradesh,NA,NA,NA,NA,NA,NA,NA,NA,NA,NA,1,0,NA,NA,NA,NA,NA,NA
3865,0.002646688,0.142824018,0.732834014,0.030874877,0.115423061,0.732834014,2022,State,urban/rural,Gender,sector_state,1,Gujarat,NA,NA,NA,NA,NA,NA,NA,NA,NA,NA,0,1,NA,NA,NA,NA,NA,NA
3866,0.008747245,0.153998934,0.703970513,0.025304289,0.124450457,0.706667868,2022,State,urban/rural,Gender,sector_state,1,Gujarat,NA,NA,NA,NA,NA,NA,NA,NA,NA,NA,1,0,NA,NA,NA,NA,NA,NA
3867,0,0,0.861793889,0,0,0.861793889,2022,State,urban/rural,Gender,sector_state,1,Daman & Diu & D & N Haveli,NA,NA,NA,NA,NA,NA,NA,NA,NA,NA,0,1,NA,NA,NA,NA,NA,NA
3868,0.010330187,0.138706763,0.76552188,0.010330187,0.105022735,0.767514934,2022,State,urban/rural,Gender,sector_state,1,Daman & Diu & D & N Haveli,NA,NA,NA,NA,NA,NA,NA,NA,NA,NA,1,0,NA,NA,NA,NA,NA,NA
3869,0.034406019,0.2404732,0.712973589,0.073776123,0.209493281,0.713379117,2022,State,urban/rural,Gender,sector_state,1,Maharashtra,NA,NA,NA,NA,NA,NA,NA,NA,NA,NA,0,1,NA,NA,NA,NA,NA,NA
3870,0.0149057,0.210191751,0.72609197,0.037863181,0.181140216,0.727733848,2022,State,urban/rural,Gender,sector_state,1,Maharashtra,NA,NA,NA,NA,NA,NA,NA,NA,NA,NA,1,0,NA,NA,NA,NA,NA,NA
3871,0.013123975,0.082257508,0.587627587,0.023347159,0.065221577,0.587627587,2022,State,urban/rural,Gender,sector_state,1,Andhra Pradesh,NA,NA,NA,NA,NA,NA,NA,NA,NA,NA,0,1,NA,NA,NA,NA,NA,NA
3872,0.007076604,0.09978133,0.621479636,0.014401973,0.079409335,0.622573884,2022,State,urban/rural,Gender,sector_state,1,Andhra Pradesh,NA,NA,NA,NA,NA,NA,NA,NA,NA,NA,1,0,NA,NA,NA,NA,NA,NA
3873,0,0.075590569,0.552320491,0.003302296,0.069880699,0.554522141,2022,State,urban/rural,Gender,sector_state,1,Karnataka,NA,NA,NA,NA,NA,NA,NA,NA,NA,NA,0,1,NA,NA,NA,NA,NA,NA
3874,0.003415836,0.092081385,0.546804977,0.011555418,0.072727244,0.549226613,2022,State,urban/rural,Gender,sector_state,1,Karnataka,NA,NA,NA,NA,NA,NA,NA,NA,NA,NA,1,0,NA,NA,NA,NA,NA,NA
3875,0,0,0.64732433,0,0,0.64732433,2022,State,urban/rural,Gender,sector_state,1,Goa,NA,NA,NA,NA,NA,NA,NA,NA,NA,NA,0,1,NA,NA,NA,NA,NA,NA
3876,0.009423496,0.024918501,0.472462508,0.009423496,0.015495005,0.472462508,2022,State,urban/rural,Gender,sector_state,1,Goa,NA,NA,NA,NA,NA,NA,NA,NA,NA,NA,1,0,NA,NA,NA,NA,NA,NA
3877,0,0.041806976,0.737525358,0,0.029733314,0.737525358,2022,State,urban/rural,Gender,sector_state,1,Lakshadweep,NA,NA,NA,NA,NA,NA,NA,NA,NA,NA,0,1,NA,NA,NA,NA,NA,NA
3878,0,0.035390572,0.691732213,0,0.029033881,0.691732213,2022,State,urban/rural,Gender,sector_state,1,Lakshadweep,NA,NA,NA,NA,NA,NA,NA,NA,NA,NA,1,0,NA,NA,NA,NA,NA,NA
3879,0.011259017,0.15936038,0.641223281,0.032237061,0.126156684,0.643116046,2022,State,urban/rural,Gender,sector_state,1,Kerala,NA,NA,NA,NA,NA,NA,NA,NA,NA,NA,0,1,NA,NA,NA,NA,NA,NA
3880,0.002435527,0.117005058,0.628899434,0.010789015,0.089586533,0.631346477,2022,State,urban/rural,Gender,sector_state,1,Kerala,NA,NA,NA,NA,NA,NA,NA,NA,NA,NA,1,0,NA,NA,NA,NA,NA,NA
3881,0.002343606,0.069681862,0.538830321,0.006236609,0.05171908,0.541691219,2022,State,urban/rural,Gender,sector_state,1,Tamil Nadu,NA,NA,NA,NA,NA,NA,NA,NA,NA,NA,0,1,NA,NA,NA,NA,NA,NA
3882,0.00141378,0.053247122,0.524791817,0.006184862,0.040298085,0.526920913,2022,State,urban/rural,Gender,sector_state,1,Tamil Nadu,NA,NA,NA,NA,NA,NA,NA,NA,NA,NA,1,0,NA,NA,NA,NA,NA,NA
3883,0,0.087581869,0.557637075,0.016093918,0.074170271,0.557637075,2022,State,urban/rural,Gender,sector_state,1,Puducherry,NA,NA,NA,NA,NA,NA,NA,NA,NA,NA,0,1,NA,NA,NA,NA,NA,NA
3884,0,0.052633025,0.428876217,0.00523843,0.04899775,0.428876217,2022,State,urban/rural,Gender,sector_state,1,Puducherry,NA,NA,NA,NA,NA,NA,NA,NA,NA,NA,1,0,NA,NA,NA,NA,NA,NA
3885,0,0.014922959,0.355433238,0,0,0.355433238,2022,State,urban/rural,Gender,sector_state,1,A & N Island,NA,NA,NA,NA,NA,NA,NA,NA,NA,NA,0,1,NA,NA,NA,NA,NA,NA
3886,0.000927925,0.008637243,0.230056972,0.000927925,0.008637243,0.230056972,2022,State,urban/rural,Gender,sector_state,1,A & N Island,NA,NA,NA,NA,NA,NA,NA,NA,NA,NA,1,0,NA,NA,NA,NA,NA,NA
3887,0.008380823,0.073390965,0.541357788,0.009548086,0.029238424,0.545785849,2022,State,urban/rural,Gender,sector_state,1,Telangana,NA,NA,NA,NA,NA,NA,NA,NA,NA,NA,0,1,NA,NA,NA,NA,NA,NA
3888,0.000128448,0.080000644,0.585068691,0.002320345,0.064292097,0.589383898,2022,State,urban/rural,Gender,sector_state,1,Telangana,NA,NA,NA,NA,NA,NA,NA,NA,NA,NA,1,0,NA,NA,NA,NA,NA,NA
3889,0,0.091274409,0.533060887,0,0.03346236,0.533060887,2022,State,urban/rural,Gender,sector_state,1,Ladakh,NA,NA,NA,NA,NA,NA,NA,NA,NA,NA,0,1,NA,NA,NA,NA,NA,NA
3890,0.037669053,0.162962457,0.671017373,0.043467869,0.134758876,0.674641633,2022,State,urban/rural,Gender,sector_state,1,Ladakh,NA,NA,NA,NA,NA,NA,NA,NA,NA,NA,1,0,NA,NA,NA,NA,NA,NA
3891,0.06477648,0.512298511,0.954109187,0.131074754,0.457078748,0.954969075,2022,National,All,HH Size,allindia,99,India,NA,NA,NA,NA,NA,NA,NA,NA,NA,NA,NA,NA,0,0,0,1,NA,NA
3892,0.013866881,0.253377683,0.838527887,0.035742231,0.208972619,0.839759463,2022,National,All,HH Size,allindia,99,India,NA,NA,NA,NA,NA,NA,NA,NA,NA,NA,NA,NA,0,0,1,0,NA,NA
3893,0.002990666,0.09140181,0.622133246,0.009363729,0.070513404,0.624440864,2022,National,All,HH Size,allindia,99,India,NA,NA,NA,NA,NA,NA,NA,NA,NA,NA,NA,NA,0,1,0,0,NA,NA
3894,0.009198133,0.054039253,0.338164996,0.013908073,0.045795212,0.34013897,2022,National,All,HH Size,allindia,99,India,NA,NA,NA,NA,NA,NA,NA,NA,NA,NA,NA,NA,1,0,0,0,NA,NA
3895,0.071691817,0.539416022,0.966414071,0.140969781,0.482252351,0.967019206,2022,National,urban/rural,HH Size,sect_allindia,0,India,NA,NA,NA,NA,NA,NA,NA,NA,NA,NA,NA,NA,0,0,0,1,NA,NA
3896,0.016322728,0.292639792,0.887950032,0.041805047,0.242317537,0.888929589,2022,National,urban/rural,HH Size,sect_allindia,0,India,NA,NA,NA,NA,NA,NA,NA,NA,NA,NA,NA,NA,0,0,1,0,NA,NA
3897,0.003690637,0.113801997,0.707503083,0.011665259,0.0885793,0.709858571,2022,National,urban/rural,HH Size,sect_allindia,0,India,NA,NA,NA,NA,NA,NA,NA,NA,NA,NA,NA,NA,0,1,0,0,NA,NA
3898,0.014928667,0.089197386,0.479615222,0.023026453,0.076282214,0.481958404,2022,National,urban/rural,HH Size,sect_allindia,0,India,NA,NA,NA,NA,NA,NA,NA,NA,NA,NA,NA,NA,1,0,0,0,NA,NA
3899,0.038047534,0.407484748,0.906548733,0.092828804,0.359778519,0.908393285,2022,National,urban/rural,HH Size,sect_allindia,1,India,NA,NA,NA,NA,NA,NA,NA,NA,NA,NA,NA,NA,0,0,0,1,NA,NA
3900,0.007827899,0.15683126,0.716997705,0.020833629,0.126976706,0.718849,2022,National,urban/rural,HH Size,sect_allindia,1,India,NA,NA,NA,NA,NA,NA,NA,NA,NA,NA,NA,NA,0,0,1,0,NA,NA
3901,0.001662957,0.048912994,0.460203197,0.004998174,0.036245898,0.462420016,2022,National,urban/rural,HH Size,sect_allindia,1,India,NA,NA,NA,NA,NA,NA,NA,NA,NA,NA,NA,NA,0,1,0,0,NA,NA
3902,0.003495162,0.019050227,0.197395134,0.004833551,0.015454849,0.199001674,2022,National,urban/rural,HH Size,sect_allindia,1,India,NA,NA,NA,NA,NA,NA,NA,NA,NA,NA,NA,NA,1,0,0,0,NA,NA
3903,0.021318323,0.348267683,0.917172682,0.034314635,0.30143253,0.917172682,2022,State,All,HH Size,state,99,Jammu & Kashmir,NA,NA,NA,NA,NA,NA,NA,NA,NA,NA,NA,NA,0,0,0,1,NA,NA
3904,0.001953816,0.121911441,0.703271008,0.005547867,0.096433794,0.705208996,2022,State,All,HH Size,state,99,Jammu & Kashmir,NA,NA,NA,NA,NA,NA,NA,NA,NA,NA,NA,NA,0,0,1,0,NA,NA
3905,0,0.032526169,0.454062763,0,0.024465707,0.454468154,2022,State,All,HH Size,state,99,Jammu & Kashmir,NA,NA,NA,NA,NA,NA,NA,NA,NA,NA,NA,NA,0,1,0,0,NA,NA
3906,0,0.016312662,0.168644721,0,0.012234496,0.168644721,2022,State,All,HH Size,state,99,Jammu & Kashmir,NA,NA,NA,NA,NA,NA,NA,NA,NA,NA,NA,NA,1,0,0,0,NA,NA
3907,0.015407187,0.206503007,0.765710752,0.034993304,0.176251789,0.765710752,2022,State,All,HH Size,state,99,Himachal Pradesh,NA,NA,NA,NA,NA,NA,NA,NA,NA,NA,NA,NA,0,0,0,1,NA,NA
3908,0,0.075385253,0.707902296,0.002308759,0.047202334,0.709172114,2022,State,All,HH Size,state,99,Himachal Pradesh,NA,NA,NA,NA,NA,NA,NA,NA,NA,NA,NA,NA,0,0,1,0,NA,NA
3909,0,0.012164881,0.416816455,0,0.010138842,0.418676572,2022,State,All,HH Size,state,99,Himachal Pradesh,NA,NA,NA,NA,NA,NA,NA,NA,NA,NA,NA,NA,0,1,0,0,NA,NA
3910,0,0.012905531,0.086520437,0.009446035,0.012905531,0.090360599,2022,State,All,HH Size,state,99,Himachal Pradesh,NA,NA,NA,NA,NA,NA,NA,NA,NA,NA,NA,NA,1,0,0,0,NA,NA
3911,0.006879165,0.199989004,0.892090559,0.019432015,0.162119868,0.897065048,2022,State,All,HH Size,state,99,Punjab,NA,NA,NA,NA,NA,NA,NA,NA,NA,NA,NA,NA,0,0,0,1,NA,NA
3912,0.001780509,0.091701976,0.707548159,0.005268566,0.068453026,0.71056692,2022,State,All,HH Size,state,99,Punjab,NA,NA,NA,NA,NA,NA,NA,NA,NA,NA,NA,NA,0,0,1,0,NA,NA
3913,0,0.017107781,0.41766435,0.001325118,0.011623942,0.423285711,2022,State,All,HH Size,state,99,Punjab,NA,NA,NA,NA,NA,NA,NA,NA,NA,NA,NA,NA,0,1,0,0,NA,NA
3914,0.00541765,0.005779792,0.109150226,0.00541765,0.005779792,0.114146604,2022,State,All,HH Size,state,99,Punjab,NA,NA,NA,NA,NA,NA,NA,NA,NA,NA,NA,NA,1,0,0,0,NA,NA
3915,0,0.003107735,0.480113827,0,0,0.480113827,2022,State,All,HH Size,state,99,Chandigarh,NA,NA,NA,NA,NA,NA,NA,NA,NA,NA,NA,NA,0,0,0,1,NA,NA
3916,0,0,0.211805817,0,0,0.211805817,2022,State,All,HH Size,state,99,Chandigarh,NA,NA,NA,NA,NA,NA,NA,NA,NA,NA,NA,NA,0,0,1,0,NA,NA
3917,0,0,0.034796424,0,0,0.034796424,2022,State,All,HH Size,state,99,Chandigarh,NA,NA,NA,NA,NA,NA,NA,NA,NA,NA,NA,NA,0,1,0,0,NA,NA
3918,0,0,0,0,0,0,2022,State,All,HH Size,state,99,Chandigarh,NA,NA,NA,NA,NA,NA,NA,NA,NA,NA,NA,NA,1,0,0,0,NA,NA
3919,0.018476852,0.368168639,0.919693354,0.064983563,0.312247566,0.919693354,2022,State,All,HH Size,state,99,Uttrakhand,NA,NA,NA,NA,NA,NA,NA,NA,NA,NA,NA,NA,0,0,0,1,NA,NA
3920,0.006085256,0.170865566,0.779658493,0.019521955,0.141828742,0.779866245,2022,State,All,HH Size,state,99,Uttrakhand,NA,NA,NA,NA,NA,NA,NA,NA,NA,NA,NA,NA,0,0,1,0,NA,NA
3921,0,0.030689057,0.479386883,0,0.019632549,0.479976188,2022,State,All,HH Size,state,99,Uttrakhand,NA,NA,NA,NA,NA,NA,NA,NA,NA,NA,NA,NA,0,1,0,0,NA,NA
3922,0,0.024729306,0.448958893,0,0.003591992,0.448958893,2022,State,All,HH Size,state,99,Uttrakhand,NA,NA,NA,NA,NA,NA,NA,NA,NA,NA,NA,NA,1,0,0,0,NA,NA
3923,0.049362907,0.314102355,0.895708377,0.090873552,0.267973124,0.897488159,2022,State,All,HH Size,state,99,Haryana,NA,NA,NA,NA,NA,NA,NA,NA,NA,NA,NA,NA,0,0,0,1,NA,NA
3924,0.010573179,0.140463878,0.721415034,0.024116477,0.112626257,0.72266125,2022,State,All,HH Size,state,99,Haryana,NA,NA,NA,NA,NA,NA,NA,NA,NA,NA,NA,NA,0,0,1,0,NA,NA
3925,0.003150062,0.053231809,0.495491519,0.008558901,0.040335336,0.497144396,2022,State,All,HH Size,state,99,Haryana,NA,NA,NA,NA,NA,NA,NA,NA,NA,NA,NA,NA,0,1,0,0,NA,NA
3926,0,0,0.14180279,0,0,0.148238071,2022,State,All,HH Size,state,99,Haryana,NA,NA,NA,NA,NA,NA,NA,NA,NA,NA,NA,NA,1,0,0,0,NA,NA
3927,0.03465522,0.354031215,0.886725602,0.079974939,0.349659539,0.886725602,2022,State,All,HH Size,state,99,Delhi,NA,NA,NA,NA,NA,NA,NA,NA,NA,NA,NA,NA,0,0,0,1,NA,NA
3928,0.003063654,0.099602451,0.685558085,0.007410588,0.070823865,0.687088216,2022,State,All,HH Size,state,99,Delhi,NA,NA,NA,NA,NA,NA,NA,NA,NA,NA,NA,NA,0,0,1,0,NA,NA
3929,0.000311635,0.003846337,0.352889439,0.000525532,0.00265585,0.35319034,2022,State,All,HH Size,state,99,Delhi,NA,NA,NA,NA,NA,NA,NA,NA,NA,NA,NA,NA,0,1,0,0,NA,NA
3930,0.001890283,0.001890283,0.04787546,0.001890283,0.001890283,0.055473904,2022,State,All,HH Size,state,99,Delhi,NA,NA,NA,NA,NA,NA,NA,NA,NA,NA,NA,NA,1,0,0,0,NA,NA
3931,0.042629745,0.385067709,0.936383643,0.092161547,0.33137042,0.937121573,2022,State,All,HH Size,state,99,Rajasthan,NA,NA,NA,NA,NA,NA,NA,NA,NA,NA,NA,NA,0,0,0,1,NA,NA
3932,0.017860478,0.221755011,0.805913449,0.044502899,0.189067633,0.806912811,2022,State,All,HH Size,state,99,Rajasthan,NA,NA,NA,NA,NA,NA,NA,NA,NA,NA,NA,NA,0,0,1,0,NA,NA
3933,0.005140513,0.106684249,0.578678814,0.015375562,0.083030965,0.580801326,2022,State,All,HH Size,state,99,Rajasthan,NA,NA,NA,NA,NA,NA,NA,NA,NA,NA,NA,NA,0,1,0,0,NA,NA
3934,0.001061205,0.022244032,0.170372826,0.002424911,0.019782544,0.171704024,2022,State,All,HH Size,state,99,Rajasthan,NA,NA,NA,NA,NA,NA,NA,NA,NA,NA,NA,NA,1,0,0,0,NA,NA
3935,0.047661752,0.547370373,0.968347883,0.11600439,0.487049016,0.969200562,2022,State,All,HH Size,state,99,Uttar Pradesh,NA,NA,NA,NA,NA,NA,NA,NA,NA,NA,NA,NA,0,0,0,1,NA,NA
3936,0.009158853,0.296500396,0.894000035,0.029652206,0.237031125,0.895302206,2022,State,All,HH Size,state,99,Uttar Pradesh,NA,NA,NA,NA,NA,NA,NA,NA,NA,NA,NA,NA,0,0,1,0,NA,NA
3937,0.002317277,0.108122134,0.724276634,0.008203386,0.085239126,0.727174028,2022,State,All,HH Size,state,99,Uttar Pradesh,NA,NA,NA,NA,NA,NA,NA,NA,NA,NA,NA,NA,0,1,0,0,NA,NA
3938,0.001402172,0.038919775,0.390706009,0.006932768,0.028434077,0.390706009,2022,State,All,HH Size,state,99,Uttar Pradesh,NA,NA,NA,NA,NA,NA,NA,NA,NA,NA,NA,NA,1,0,0,0,NA,NA
3939,0.096202244,0.627176611,0.98357399,0.164853487,0.570344796,0.984219563,2022,State,All,HH Size,state,99,Bihar,NA,NA,NA,NA,NA,NA,NA,NA,NA,NA,NA,NA,0,0,0,1,NA,NA
3940,0.018735453,0.346016665,0.932561725,0.04491066,0.287963095,0.933668847,2022,State,All,HH Size,state,99,Bihar,NA,NA,NA,NA,NA,NA,NA,NA,NA,NA,NA,NA,0,0,1,0,NA,NA
3941,0.004406098,0.078423608,0.753378397,0.011272817,0.061737984,0.755982971,2022,State,All,HH Size,state,99,Bihar,NA,NA,NA,NA,NA,NA,NA,NA,NA,NA,NA,NA,0,1,0,0,NA,NA
3942,0.001599714,0.029991214,0.338933289,0.001599714,0.029991214,0.338933289,2022,State,All,HH Size,state,99,Bihar,NA,NA,NA,NA,NA,NA,NA,NA,NA,NA,NA,NA,1,0,0,0,NA,NA
3943,0,0.114611171,0.821355722,0.009304456,0.101651066,0.821355722,2022,State,All,HH Size,state,99,Sikkim,NA,NA,NA,NA,NA,NA,NA,NA,NA,NA,NA,NA,0,0,0,1,NA,NA
3944,0,0.023408627,0.486150682,0.000595524,0.016222721,0.486956581,2022,State,All,HH Size,state,99,Sikkim,NA,NA,NA,NA,NA,NA,NA,NA,NA,NA,NA,NA,0,0,1,0,NA,NA
3945,0,0.002637077,0.176406197,0,0.002637077,0.177836738,2022,State,All,HH Size,state,99,Sikkim,NA,NA,NA,NA,NA,NA,NA,NA,NA,NA,NA,NA,0,1,0,0,NA,NA
3946,0,0,0.001226956,0,0,0.001226956,2022,State,All,HH Size,state,99,Sikkim,NA,NA,NA,NA,NA,NA,NA,NA,NA,NA,NA,NA,1,0,0,0,NA,NA
3947,0.119906986,0.481439534,0.947396375,0.207502319,0.452079845,0.947396375,2022,State,All,HH Size,state,99,Arunachal Pradesh,NA,NA,NA,NA,NA,NA,NA,NA,NA,NA,NA,NA,0,0,0,1,NA,NA
3948,0.03092544,0.244994765,0.779538808,0.067642557,0.22000927,0.780162537,2022,State,All,HH Size,state,99,Arunachal Pradesh,NA,NA,NA,NA,NA,NA,NA,NA,NA,NA,NA,NA,0,0,1,0,NA,NA
3949,0,0.06097442,0.413258832,0.005147758,0.051588703,0.413783023,2022,State,All,HH Size,state,99,Arunachal Pradesh,NA,NA,NA,NA,NA,NA,NA,NA,NA,NA,NA,NA,0,1,0,0,NA,NA
3950,0,0,0.076500922,0,0,0.078518628,2022,State,All,HH Size,state,99,Arunachal Pradesh,NA,NA,NA,NA,NA,NA,NA,NA,NA,NA,NA,NA,1,0,0,0,NA,NA
3951,0.090607121,0.592943389,0.979396827,0.153729183,0.552979262,0.979396827,2022,State,All,HH Size,state,99,Nagaland,NA,NA,NA,NA,NA,NA,NA,NA,NA,NA,NA,NA,0,0,0,1,NA,NA
3952,0.008638154,0.204102111,0.850021922,0.017938044,0.151791943,0.851125897,2022,State,All,HH Size,state,99,Nagaland,NA,NA,NA,NA,NA,NA,NA,NA,NA,NA,NA,NA,0,0,1,0,NA,NA
3953,0,0.041905698,0.530091485,0.006039576,0.028835939,0.537769357,2022,State,All,HH Size,state,99,Nagaland,NA,NA,NA,NA,NA,NA,NA,NA,NA,NA,NA,NA,0,1,0,0,NA,NA
3954,0,0.004943556,0.209654904,0,0,0.209654904,2022,State,All,HH Size,state,99,Nagaland,NA,NA,NA,NA,NA,NA,NA,NA,NA,NA,NA,NA,1,0,0,0,NA,NA
3955,0.068192985,0.59433251,0.989265616,0.179254019,0.532723493,0.989265616,2022,State,All,HH Size,state,99,Manipur,NA,NA,NA,NA,NA,NA,NA,NA,NA,NA,NA,NA,0,0,0,1,NA,NA
3956,0.025257099,0.360984239,0.921393524,0.052501396,0.306958074,0.922679865,2022,State,All,HH Size,state,99,Manipur,NA,NA,NA,NA,NA,NA,NA,NA,NA,NA,NA,NA,0,0,1,0,NA,NA
3957,0.014512796,0.145153672,0.794259756,0.024626973,0.113568303,0.79831498,2022,State,All,HH Size,state,99,Manipur,NA,NA,NA,NA,NA,NA,NA,NA,NA,NA,NA,NA,0,1,0,0,NA,NA
3958,0,0.118857277,0.577605916,0,0.098809689,0.577605916,2022,State,All,HH Size,state,99,Manipur,NA,NA,NA,NA,NA,NA,NA,NA,NA,NA,NA,NA,1,0,0,0,NA,NA
3959,0.040664814,0.332201187,0.924500138,0.071041749,0.280239372,0.924500138,2022,State,All,HH Size,state,99,Mizoram,NA,NA,NA,NA,NA,NA,NA,NA,NA,NA,NA,NA,0,0,0,1,NA,NA
3960,0.003056995,0.12375693,0.768081612,0.008019146,0.089631108,0.76993385,2022,State,All,HH Size,state,99,Mizoram,NA,NA,NA,NA,NA,NA,NA,NA,NA,NA,NA,NA,0,0,1,0,NA,NA
3961,0,0.023917142,0.35449035,0,0.019820004,0.361391653,2022,State,All,HH Size,state,99,Mizoram,NA,NA,NA,NA,NA,NA,NA,NA,NA,NA,NA,NA,0,1,0,0,NA,NA
3962,0,0,0.061272452,0,0,0.061272452,2022,State,All,HH Size,state,99,Mizoram,NA,NA,NA,NA,NA,NA,NA,NA,NA,NA,NA,NA,1,0,0,0,NA,NA
3963,0.004300716,0.274527512,0.905674135,0.012007549,0.220467928,0.910628905,2022,State,All,HH Size,state,99,Tripura,NA,NA,NA,NA,NA,NA,NA,NA,NA,NA,NA,NA,0,0,0,1,NA,NA
3964,0.00119202,0.061308936,0.771782634,0.00377906,0.046914239,0.773453559,2022,State,All,HH Size,state,99,Tripura,NA,NA,NA,NA,NA,NA,NA,NA,NA,NA,NA,NA,0,0,1,0,NA,NA
3965,0,0.007444175,0.431660468,0,0.005580547,0.436979824,2022,State,All,HH Size,state,99,Tripura,NA,NA,NA,NA,NA,NA,NA,NA,NA,NA,NA,NA,0,1,0,0,NA,NA
3966,0,0,0.139777562,0,0,0.139777562,2022,State,All,HH Size,state,99,Tripura,NA,NA,NA,NA,NA,NA,NA,NA,NA,NA,NA,NA,1,0,0,0,NA,NA
3967,0.083535623,0.565541751,0.977792163,0.183207787,0.51711028,0.977792163,2022,State,All,HH Size,state,99,Meghalaya,NA,NA,NA,NA,NA,NA,NA,NA,NA,NA,NA,NA,0,0,0,1,NA,NA
3968,0.018653387,0.273983345,0.886456863,0.046231921,0.224560439,0.88765223,2022,State,All,HH Size,state,99,Meghalaya,NA,NA,NA,NA,NA,NA,NA,NA,NA,NA,NA,NA,0,0,1,0,NA,NA
3969,0.003546607,0.07021095,0.715595375,0.005636576,0.054969839,0.716332036,2022,State,All,HH Size,state,99,Meghalaya,NA,NA,NA,NA,NA,NA,NA,NA,NA,NA,NA,NA,0,1,0,0,NA,NA
3970,0.05747592,0.271499962,0.446347969,0.0957932,0.271499962,0.446347969,2022,State,All,HH Size,state,99,Meghalaya,NA,NA,NA,NA,NA,NA,NA,NA,NA,NA,NA,NA,1,0,0,0,NA,NA
3971,0.12759834,0.725553364,0.991814099,0.243701839,0.676452439,0.991814099,2022,State,All,HH Size,state,99,Assam,NA,NA,NA,NA,NA,NA,NA,NA,NA,NA,NA,NA,0,0,0,1,NA,NA
3972,0.016388957,0.394685902,0.946443895,0.052015317,0.32652035,0.947070086,2022,State,All,HH Size,state,99,Assam,NA,NA,NA,NA,NA,NA,NA,NA,NA,NA,NA,NA,0,0,1,0,NA,NA
3973,0.000828891,0.102675903,0.788067547,0.005352045,0.071142246,0.790098498,2022,State,All,HH Size,state,99,Assam,NA,NA,NA,NA,NA,NA,NA,NA,NA,NA,NA,NA,0,1,0,0,NA,NA
3974,0.00406425,0.029972693,0.381167996,0.00406425,0.027508166,0.381167996,2022,State,All,HH Size,state,99,Assam,NA,NA,NA,NA,NA,NA,NA,NA,NA,NA,NA,NA,1,0,0,0,NA,NA
3975,0.044713003,0.488088038,0.937772013,0.102753165,0.427025085,0.938795075,2022,State,All,HH Size,state,99,West Bengal,NA,NA,NA,NA,NA,NA,NA,NA,NA,NA,NA,NA,0,0,0,1,NA,NA
3976,0.013147609,0.317639211,0.891407392,0.036980096,0.26021286,0.892278092,2022,State,All,HH Size,state,99,West Bengal,NA,NA,NA,NA,NA,NA,NA,NA,NA,NA,NA,NA,0,0,1,0,NA,NA
3977,0.003220712,0.141403566,0.75326549,0.012635358,0.109118009,0.754856471,2022,State,All,HH Size,state,99,West Bengal,NA,NA,NA,NA,NA,NA,NA,NA,NA,NA,NA,NA,0,1,0,0,NA,NA
3978,0.00630245,0.098715413,0.538087585,0.008937511,0.081978018,0.540791491,2022,State,All,HH Size,state,99,West Bengal,NA,NA,NA,NA,NA,NA,NA,NA,NA,NA,NA,NA,1,0,0,0,NA,NA
3979,0.182413348,0.654087876,0.966945883,0.304325792,0.607153788,0.966945883,2022,State,All,HH Size,state,99,Jharkhand,NA,NA,NA,NA,NA,NA,NA,NA,NA,NA,NA,NA,0,0,0,1,NA,NA
3980,0.065569748,0.466101659,0.904899688,0.133253841,0.416935235,0.905050261,2022,State,All,HH Size,state,99,Jharkhand,NA,NA,NA,NA,NA,NA,NA,NA,NA,NA,NA,NA,0,0,1,0,NA,NA
3981,0.021594904,0.255360815,0.778301266,0.059554283,0.218023912,0.780665902,2022,State,All,HH Size,state,99,Jharkhand,NA,NA,NA,NA,NA,NA,NA,NA,NA,NA,NA,NA,0,1,0,0,NA,NA
3982,0.033033193,0.139491952,0.508021183,0.058698093,0.133231212,0.50863695,2022,State,All,HH Size,state,99,Jharkhand,NA,NA,NA,NA,NA,NA,NA,NA,NA,NA,NA,NA,1,0,0,0,NA,NA
3983,0.111059754,0.637031744,0.969169379,0.218007383,0.581818198,0.969169379,2022,State,All,HH Size,state,99,Odisha,NA,NA,NA,NA,NA,NA,NA,NA,NA,NA,NA,NA,0,0,0,1,NA,NA
3984,0.033358021,0.470958505,0.93919241,0.089244455,0.4119201,0.93925536,2022,State,All,HH Size,state,99,Odisha,NA,NA,NA,NA,NA,NA,NA,NA,NA,NA,NA,NA,0,0,1,0,NA,NA
3985,0.008900167,0.244636167,0.832044077,0.023100391,0.193097498,0.834116018,2022,State,All,HH Size,state,99,Odisha,NA,NA,NA,NA,NA,NA,NA,NA,NA,NA,NA,NA,0,1,0,0,NA,NA
3986,0.100945557,0.365898386,0.694812178,0.146951749,0.335143577,0.696502796,2022,State,All,HH Size,state,99,Odisha,NA,NA,NA,NA,NA,NA,NA,NA,NA,NA,NA,NA,1,0,0,0,NA,NA
3987,0.23082932,0.724439298,0.980170203,0.370555446,0.679061851,0.981228917,2022,State,All,HH Size,state,99,Chhattisgarh,NA,NA,NA,NA,NA,NA,NA,NA,NA,NA,NA,NA,0,0,0,1,NA,NA
3988,0.073434986,0.491579824,0.936386988,0.148221221,0.439621724,0.936720632,2022,State,All,HH Size,state,99,Chhattisgarh,NA,NA,NA,NA,NA,NA,NA,NA,NA,NA,NA,NA,0,0,1,0,NA,NA
3989,0.00914375,0.282258626,0.810074206,0.044552639,0.221701687,0.812015182,2022,State,All,HH Size,state,99,Chhattisgarh,NA,NA,NA,NA,NA,NA,NA,NA,NA,NA,NA,NA,0,1,0,0,NA,NA
3990,0.029517478,0.155927627,0.638578348,0.042280045,0.133598071,0.644312786,2022,State,All,HH Size,state,99,Chhattisgarh,NA,NA,NA,NA,NA,NA,NA,NA,NA,NA,NA,NA,1,0,0,0,NA,NA
3991,0.04792506,0.519349804,0.959926194,0.120931707,0.452082283,0.959948747,2022,State,All,HH Size,state,99,Madhya Pradesh,NA,NA,NA,NA,NA,NA,NA,NA,NA,NA,NA,NA,0,0,0,1,NA,NA
3992,0.010284658,0.262253994,0.881775339,0.029789947,0.210300263,0.882335717,2022,State,All,HH Size,state,99,Madhya Pradesh,NA,NA,NA,NA,NA,NA,NA,NA,NA,NA,NA,NA,0,0,1,0,NA,NA
3993,0.001509868,0.092636222,0.729502079,0.005710493,0.072817999,0.731291279,2022,State,All,HH Size,state,99,Madhya Pradesh,NA,NA,NA,NA,NA,NA,NA,NA,NA,NA,NA,NA,0,1,0,0,NA,NA
3994,0.002137008,0.059986956,0.439852417,0.00492143,0.048274602,0.439852417,2022,State,All,HH Size,state,99,Madhya Pradesh,NA,NA,NA,NA,NA,NA,NA,NA,NA,NA,NA,NA,1,0,0,0,NA,NA
3995,0.035455797,0.484647337,0.960706712,0.090579544,0.433274785,0.962132078,2022,State,All,HH Size,state,99,Gujarat,NA,NA,NA,NA,NA,NA,NA,NA,NA,NA,NA,NA,0,0,0,1,NA,NA
3996,0.006196029,0.224854012,0.83849779,0.021730092,0.180002787,0.839358932,2022,State,All,HH Size,state,99,Gujarat,NA,NA,NA,NA,NA,NA,NA,NA,NA,NA,NA,NA,0,0,1,0,NA,NA
3997,0.000837599,0.071896419,0.598652996,0.004136887,0.048498409,0.600892584,2022,State,All,HH Size,state,99,Gujarat,NA,NA,NA,NA,NA,NA,NA,NA,NA,NA,NA,NA,0,1,0,0,NA,NA
3998,0.000900902,0.017770035,0.311075038,0.002771953,0.009251955,0.317578201,2022,State,All,HH Size,state,99,Gujarat,NA,NA,NA,NA,NA,NA,NA,NA,NA,NA,NA,NA,1,0,0,0,NA,NA
3999,0.214526764,0.565228215,0.94009886,0.33709129,0.544138583,0.94009886,2022,State,All,HH Size,state,99,Daman & Diu & D & N Haveli,NA,NA,NA,NA,NA,NA,NA,NA,NA,NA,NA,NA,0,0,0,1,NA,NA
4000,0.030314746,0.328390374,0.956262559,0.048803629,0.26182455,0.958907612,2022,State,All,HH Size,state,99,Daman & Diu & D & N Haveli,NA,NA,NA,NA,NA,NA,NA,NA,NA,NA,NA,NA,0,0,1,0,NA,NA
4001,0.003012242,0.058655897,0.829987185,0.010065829,0.046050153,0.836072757,2022,State,All,HH Size,state,99,Daman & Diu & D & N Haveli,NA,NA,NA,NA,NA,NA,NA,NA,NA,NA,NA,NA,0,1,0,0,NA,NA
4002,0,0,0.307988656,0,0,0.307988656,2022,State,All,HH Size,state,99,Daman & Diu & D & N Haveli,NA,NA,NA,NA,NA,NA,NA,NA,NA,NA,NA,NA,1,0,0,0,NA,NA
4003,0.10002228,0.557656747,0.946351195,0.180960839,0.508718476,0.946819545,2022,State,All,HH Size,state,99,Maharashtra,NA,NA,NA,NA,NA,NA,NA,NA,NA,NA,NA,NA,0,0,0,1,NA,NA
4004,0.018675758,0.289905348,0.847127687,0.04836845,0.248361384,0.848124262,2022,State,All,HH Size,state,99,Maharashtra,NA,NA,NA,NA,NA,NA,NA,NA,NA,NA,NA,NA,0,0,1,0,NA,NA
4005,0.002995956,0.114708826,0.635734912,0.011529642,0.086460551,0.638513805,2022,State,All,HH Size,state,99,Maharashtra,NA,NA,NA,NA,NA,NA,NA,NA,NA,NA,NA,NA,0,1,0,0,NA,NA
4006,0.004390394,0.058405865,0.361454883,0.006903566,0.04647325,0.361890103,2022,State,All,HH Size,state,99,Maharashtra,NA,NA,NA,NA,NA,NA,NA,NA,NA,NA,NA,NA,1,0,0,0,NA,NA
4007,0.026152694,0.357018853,0.942559353,0.046649188,0.301184278,0.942559353,2022,State,All,HH Size,state,99,Andhra Pradesh,NA,NA,NA,NA,NA,NA,NA,NA,NA,NA,NA,NA,0,0,0,1,NA,NA
4008,0.002814491,0.134099915,0.764878424,0.010200294,0.101900811,0.766226199,2022,State,All,HH Size,state,99,Andhra Pradesh,NA,NA,NA,NA,NA,NA,NA,NA,NA,NA,NA,NA,0,0,1,0,NA,NA
4009,0.001766829,0.051465881,0.542875244,0.004052061,0.039322663,0.545065646,2022,State,All,HH Size,state,99,Andhra Pradesh,NA,NA,NA,NA,NA,NA,NA,NA,NA,NA,NA,NA,0,1,0,0,NA,NA
4010,0.017490865,0.047240009,0.370312657,0.021791924,0.043435572,0.371654868,2022,State,All,HH Size,state,99,Andhra Pradesh,NA,NA,NA,NA,NA,NA,NA,NA,NA,NA,NA,NA,1,0,0,0,NA,NA
4011,0.010694073,0.371513905,0.925790901,0.041155045,0.311440014,0.926990104,2022,State,All,HH Size,state,99,Karnataka,NA,NA,NA,NA,NA,NA,NA,NA,NA,NA,NA,NA,0,0,0,1,NA,NA
4012,0.000804194,0.091881784,0.732225469,0.005499935,0.070253189,0.734491916,2022,State,All,HH Size,state,99,Karnataka,NA,NA,NA,NA,NA,NA,NA,NA,NA,NA,NA,NA,0,0,1,0,NA,NA
4013,0.000941832,0.021478433,0.466170513,0.001302938,0.014169623,0.46849228,2022,State,All,HH Size,state,99,Karnataka,NA,NA,NA,NA,NA,NA,NA,NA,NA,NA,NA,NA,0,1,0,0,NA,NA
4014,0.000867185,0.021863658,0.27145542,0.001282394,0.019899305,0.272485503,2022,State,All,HH Size,state,99,Karnataka,NA,NA,NA,NA,NA,NA,NA,NA,NA,NA,NA,NA,1,0,0,0,NA,NA
4015,0,0,0.832739088,0,0,0.832739088,2022,State,All,HH Size,state,99,Goa,NA,NA,NA,NA,NA,NA,NA,NA,NA,NA,NA,NA,0,0,0,1,NA,NA
4016,0.006397138,0.03674472,0.570751736,0.008161736,0.02604588,0.57534755,2022,State,All,HH Size,state,99,Goa,NA,NA,NA,NA,NA,NA,NA,NA,NA,NA,NA,NA,0,0,1,0,NA,NA
4017,0,0.006195725,0.264279689,0,0.003798032,0.266665536,2022,State,All,HH Size,state,99,Goa,NA,NA,NA,NA,NA,NA,NA,NA,NA,NA,NA,NA,0,1,0,0,NA,NA
4018,0,0,0.244333063,0,0,0.251502948,2022,State,All,HH Size,state,99,Goa,NA,NA,NA,NA,NA,NA,NA,NA,NA,NA,NA,NA,1,0,0,0,NA,NA
4019,0,0.082285262,0.903029801,0,0.065468761,0.903029801,2022,State,All,HH Size,state,99,Lakshadweep,NA,NA,NA,NA,NA,NA,NA,NA,NA,NA,NA,NA,0,0,0,1,NA,NA
4020,0,0.00790982,0.70993323,0,0.00790982,0.70993323,2022,State,All,HH Size,state,99,Lakshadweep,NA,NA,NA,NA,NA,NA,NA,NA,NA,NA,NA,NA,0,0,1,0,NA,NA
4021,0,0,0.22459209,0,0,0.22459209,2022,State,All,HH Size,state,99,Lakshadweep,NA,NA,NA,NA,NA,NA,NA,NA,NA,NA,NA,NA,0,1,0,0,NA,NA
4022,0,0,0.02401215,0,0,0.02401215,2022,State,All,HH Size,state,99,Lakshadweep,NA,NA,NA,NA,NA,NA,NA,NA,NA,NA,NA,NA,1,0,0,0,NA,NA
4023,0.026972754,0.345118083,0.906554207,0.065345999,0.286762739,0.911335644,2022,State,All,HH Size,state,99,Kerala,NA,NA,NA,NA,NA,NA,NA,NA,NA,NA,NA,NA,0,0,0,1,NA,NA
4024,0.002801342,0.119959818,0.736283598,0.009794235,0.091782332,0.73727117,2022,State,All,HH Size,state,99,Kerala,NA,NA,NA,NA,NA,NA,NA,NA,NA,NA,NA,NA,0,0,1,0,NA,NA
4025,0.001477993,0.030966711,0.410775645,0.002388477,0.022400837,0.413406409,2022,State,All,HH Size,state,99,Kerala,NA,NA,NA,NA,NA,NA,NA,NA,NA,NA,NA,NA,0,1,0,0,NA,NA
4026,0.002243999,0.027789516,0.193125626,0.003972711,0.020678882,0.197318502,2022,State,All,HH Size,state,99,Kerala,NA,NA,NA,NA,NA,NA,NA,NA,NA,NA,NA,NA,1,0,0,0,NA,NA
4027,0.004548507,0.223635777,0.884350374,0.045294597,0.167993026,0.884350374,2022,State,All,HH Size,state,99,Tamil Nadu,NA,NA,NA,NA,NA,NA,NA,NA,NA,NA,NA,NA,0,0,0,1,NA,NA
4028,0.002405674,0.078999364,0.69040186,0.005803024,0.060682667,0.692253363,2022,State,All,HH Size,state,99,Tamil Nadu,NA,NA,NA,NA,NA,NA,NA,NA,NA,NA,NA,NA,0,0,1,0,NA,NA
4029,0.001459251,0.035378823,0.46666348,0.003377482,0.027288709,0.468896149,2022,State,All,HH Size,state,99,Tamil Nadu,NA,NA,NA,NA,NA,NA,NA,NA,NA,NA,NA,NA,0,1,0,0,NA,NA
4030,0.003424155,0.02667204,0.285047412,0.006050148,0.020042731,0.286822618,2022,State,All,HH Size,state,99,Tamil Nadu,NA,NA,NA,NA,NA,NA,NA,NA,NA,NA,NA,NA,1,0,0,0,NA,NA
4031,0,0.349007198,0.769600355,0.046857999,0.349007198,0.769600355,2022,State,All,HH Size,state,99,Puducherry,NA,NA,NA,NA,NA,NA,NA,NA,NA,NA,NA,NA,0,0,0,1,NA,NA
4032,0,0.047832679,0.610511218,0.006865775,0.039353953,0.61175004,2022,State,All,HH Size,state,99,Puducherry,NA,NA,NA,NA,NA,NA,NA,NA,NA,NA,NA,NA,0,0,1,0,NA,NA
4033,0,0.008056282,0.313141992,0,0.006393516,0.313141992,2022,State,All,HH Size,state,99,Puducherry,NA,NA,NA,NA,NA,NA,NA,NA,NA,NA,NA,NA,0,1,0,0,NA,NA
4034,0,0,0.152351446,0,0,0.152351446,2022,State,All,HH Size,state,99,Puducherry,NA,NA,NA,NA,NA,NA,NA,NA,NA,NA,NA,NA,1,0,0,0,NA,NA
4035,0,0.023057537,0.708200061,0,0.013376194,0.708200061,2022,State,All,HH Size,state,99,A & N Island,NA,NA,NA,NA,NA,NA,NA,NA,NA,NA,NA,NA,0,0,0,1,NA,NA
4036,0,0.013014831,0.372088792,0,0.008142367,0.373751465,2022,State,All,HH Size,state,99,A & N Island,NA,NA,NA,NA,NA,NA,NA,NA,NA,NA,NA,NA,0,0,1,0,NA,NA
4037,0,0.005583964,0.187893033,0,0,0.190145309,2022,State,All,HH Size,state,99,A & N Island,NA,NA,NA,NA,NA,NA,NA,NA,NA,NA,NA,NA,0,1,0,0,NA,NA
4038,0.009807117,0.014991684,0.056747704,0.014991684,0.014991684,0.056747704,2022,State,All,HH Size,state,99,A & N Island,NA,NA,NA,NA,NA,NA,NA,NA,NA,NA,NA,NA,1,0,0,0,NA,NA
4039,0.017291809,0.329328547,0.916951374,0.038879556,0.285314507,0.921616204,2022,State,All,HH Size,state,99,Telangana,NA,NA,NA,NA,NA,NA,NA,NA,NA,NA,NA,NA,0,0,0,1,NA,NA
4040,0.003610833,0.131158292,0.7809198,0.008701849,0.095107118,0.784898151,2022,State,All,HH Size,state,99,Telangana,NA,NA,NA,NA,NA,NA,NA,NA,NA,NA,NA,NA,0,0,1,0,NA,NA
4041,0.001133758,0.039243471,0.562225436,0.002253159,0.02928171,0.564291541,2022,State,All,HH Size,state,99,Telangana,NA,NA,NA,NA,NA,NA,NA,NA,NA,NA,NA,NA,0,1,0,0,NA,NA
4042,0.001554717,0.018561217,0.312888582,0.002003059,0.011264334,0.31524828,2022,State,All,HH Size,state,99,Telangana,NA,NA,NA,NA,NA,NA,NA,NA,NA,NA,NA,NA,1,0,0,0,NA,NA
4043,0.073387924,0.388574129,0.947850014,0.142258371,0.368842596,0.957437585,2022,State,All,HH Size,state,99,Ladakh,NA,NA,NA,NA,NA,NA,NA,NA,NA,NA,NA,NA,0,0,0,1,NA,NA
4044,0.016400404,0.25190129,0.780556294,0.06455395,0.229433063,0.784670457,2022,State,All,HH Size,state,99,Ladakh,NA,NA,NA,NA,NA,NA,NA,NA,NA,NA,NA,NA,0,0,1,0,NA,NA
4045,0,0.004748413,0.498572471,0,0.004748413,0.498572471,2022,State,All,HH Size,state,99,Ladakh,NA,NA,NA,NA,NA,NA,NA,NA,NA,NA,NA,NA,0,1,0,0,NA,NA
4046,0,0,0.185792065,0,0,0.185792065,2022,State,All,HH Size,state,99,Ladakh,NA,NA,NA,NA,NA,NA,NA,NA,NA,NA,NA,NA,1,0,0,0,NA,NA
4047,0.022996751,0.38653941,0.924010953,0.034013798,0.33544659,0.924010953,2022,State,urban/rural,HH Size,sector_state,0,Jammu & Kashmir,NA,NA,NA,NA,NA,NA,NA,NA,NA,NA,NA,NA,0,0,0,1,NA,NA
4048,0.001217906,0.137623809,0.742748591,0.005001323,0.108727225,0.743349299,2022,State,urban/rural,HH Size,sector_state,0,Jammu & Kashmir,NA,NA,NA,NA,NA,NA,NA,NA,NA,NA,NA,NA,0,0,1,0,NA,NA
4049,0,0.042046123,0.521375074,0,0.032594971,0.521989957,2022,State,urban/rural,HH Size,sector_state,0,Jammu & Kashmir,NA,NA,NA,NA,NA,NA,NA,NA,NA,NA,NA,NA,0,1,0,0,NA,NA
4050,0,0,0.084444954,0,0,0.084444954,2022,State,urban/rural,HH Size,sector_state,0,Jammu & Kashmir,NA,NA,NA,NA,NA,NA,NA,NA,NA,NA,NA,NA,1,0,0,0,NA,NA
4051,0.016365225,0.206151808,0.768032178,0.035432995,0.180479007,0.768032178,2022,State,urban/rural,HH Size,sector_state,0,Himachal Pradesh,NA,NA,NA,NA,NA,NA,NA,NA,NA,NA,NA,NA,0,0,0,1,NA,NA
4052,0,0.075272488,0.717901612,0,0.045014122,0.719301917,2022,State,urban/rural,HH Size,sector_state,0,Himachal Pradesh,NA,NA,NA,NA,NA,NA,NA,NA,NA,NA,NA,NA,0,0,1,0,NA,NA
4053,0,0.010004651,0.428998378,0,0.010004651,0.431140255,2022,State,urban/rural,HH Size,sector_state,0,Himachal Pradesh,NA,NA,NA,NA,NA,NA,NA,NA,NA,NA,NA,NA,0,1,0,0,NA,NA
4054,0,0,0.061160156,0,0,0.066156068,2022,State,urban/rural,HH Size,sector_state,0,Himachal Pradesh,NA,NA,NA,NA,NA,NA,NA,NA,NA,NA,NA,NA,1,0,0,0,NA,NA
4055,0.006545077,0.199725167,0.911764633,0.0133297,0.157807934,0.914824972,2022,State,urban/rural,HH Size,sector_state,0,Punjab,NA,NA,NA,NA,NA,NA,NA,NA,NA,NA,NA,NA,0,0,0,1,NA,NA
4056,0.000943381,0.083138205,0.736745111,0.003337328,0.063499032,0.739103473,2022,State,urban/rural,HH Size,sector_state,0,Punjab,NA,NA,NA,NA,NA,NA,NA,NA,NA,NA,NA,NA,0,0,1,0,NA,NA
4057,0,0.02461589,0.476054998,0.0023823,0.015908191,0.481071531,2022,State,urban/rural,HH Size,sector_state,0,Punjab,NA,NA,NA,NA,NA,NA,NA,NA,NA,NA,NA,NA,0,1,0,0,NA,NA
4058,0.010535964,0.010535964,0.095161984,0.010535964,0.010535964,0.095161984,2022,State,urban/rural,HH Size,sector_state,0,Punjab,NA,NA,NA,NA,NA,NA,NA,NA,NA,NA,NA,NA,1,0,0,0,NA,NA
4059,0,0.053303395,0.752591858,0,0,0.752591858,2022,State,urban/rural,HH Size,sector_state,0,Chandigarh,NA,NA,NA,NA,NA,NA,NA,NA,NA,NA,NA,NA,0,0,0,1,NA,NA
4060,0,0,0.56207274,0,0,0.56207274,2022,State,urban/rural,HH Size,sector_state,0,Chandigarh,NA,NA,NA,NA,NA,NA,NA,NA,NA,NA,NA,NA,0,0,1,0,NA,NA
4061,0,0,0.1078768,0,0,0.1078768,2022,State,urban/rural,HH Size,sector_state,0,Chandigarh,NA,NA,NA,NA,NA,NA,NA,NA,NA,NA,NA,NA,0,1,0,0,NA,NA
4062,0,0,0,0,0,0,2022,State,urban/rural,HH Size,sector_state,0,Chandigarh,NA,NA,NA,NA,NA,NA,NA,NA,NA,NA,NA,NA,1,0,0,0,NA,NA
4063,0.020647182,0.397283031,0.938555683,0.069100692,0.33352275,0.938555683,2022,State,urban/rural,HH Size,sector_state,0,Uttrakhand,NA,NA,NA,NA,NA,NA,NA,NA,NA,NA,NA,NA,0,0,0,1,NA,NA
4064,0.006590305,0.18281535,0.818656898,0.020060959,0.150546629,0.818656898,2022,State,urban/rural,HH Size,sector_state,0,Uttrakhand,NA,NA,NA,NA,NA,NA,NA,NA,NA,NA,NA,NA,0,0,1,0,NA,NA
4065,0,0.037706863,0.537369322,0,0.022701215,0.537369322,2022,State,urban/rural,HH Size,sector_state,0,Uttrakhand,NA,NA,NA,NA,NA,NA,NA,NA,NA,NA,NA,NA,0,1,0,0,NA,NA
4066,0,0.033379771,0.596329089,0,0,0.596329089,2022,State,urban/rural,HH Size,sector_state,0,Uttrakhand,NA,NA,NA,NA,NA,NA,NA,NA,NA,NA,NA,NA,1,0,0,0,NA,NA
4067,0.047090748,0.327206165,0.923884058,0.091887212,0.278773658,0.926284446,2022,State,urban/rural,HH Size,sector_state,0,Haryana,NA,NA,NA,NA,NA,NA,NA,NA,NA,NA,NA,NA,0,0,0,1,NA,NA
4068,0.010681513,0.155980425,0.81069656,0.02901603,0.123005823,0.811177635,2022,State,urban/rural,HH Size,sector_state,0,Haryana,NA,NA,NA,NA,NA,NA,NA,NA,NA,NA,NA,NA,0,0,1,0,NA,NA
4069,0.001448471,0.065470542,0.576955731,0.003859637,0.049921644,0.580005418,2022,State,urban/rural,HH Size,sector_state,0,Haryana,NA,NA,NA,NA,NA,NA,NA,NA,NA,NA,NA,NA,0,1,0,0,NA,NA
4070,0,0,0.316275911,0,0,0.316275911,2022,State,urban/rural,HH Size,sector_state,0,Haryana,NA,NA,NA,NA,NA,NA,NA,NA,NA,NA,NA,NA,1,0,0,0,NA,NA
4071,0.026969674,0.197423283,0.82725255,0.026969674,0.197423283,0.82725255,2022,State,urban/rural,HH Size,sector_state,0,Delhi,NA,NA,NA,NA,NA,NA,NA,NA,NA,NA,NA,NA,0,0,0,1,NA,NA
4072,0,0.044962672,0.735918049,0,0.038588266,0.735918049,2022,State,urban/rural,HH Size,sector_state,0,Delhi,NA,NA,NA,NA,NA,NA,NA,NA,NA,NA,NA,NA,0,0,1,0,NA,NA
4073,0,0.013794243,0.449665831,0.013794243,0.013794243,0.449665831,2022,State,urban/rural,HH Size,sector_state,0,Delhi,NA,NA,NA,NA,NA,NA,NA,NA,NA,NA,NA,NA,0,1,0,0,NA,NA
4074,0.087965552,0.087965552,0.201942352,0.087965552,0.087965552,0.201942352,2022,State,urban/rural,HH Size,sector_state,0,Delhi,NA,NA,NA,NA,NA,NA,NA,NA,NA,NA,NA,NA,1,0,0,0,NA,NA
4075,0.049100991,0.408137507,0.952179102,0.102851964,0.352252845,0.952874427,2022,State,urban/rural,HH Size,sector_state,0,Rajasthan,NA,NA,NA,NA,NA,NA,NA,NA,NA,NA,NA,NA,0,0,0,1,NA,NA
4076,0.020971134,0.250958105,0.838248952,0.051691359,0.215532751,0.839432959,2022,State,urban/rural,HH Size,sector_state,0,Rajasthan,NA,NA,NA,NA,NA,NA,NA,NA,NA,NA,NA,NA,0,0,1,0,NA,NA
4077,0.006261363,0.127273199,0.644679549,0.017800129,0.098634073,0.646812533,2022,State,urban/rural,HH Size,sector_state,0,Rajasthan,NA,NA,NA,NA,NA,NA,NA,NA,NA,NA,NA,NA,0,1,0,0,NA,NA
4078,0,0.022738801,0.151483372,0.002040613,0.019970717,0.151740098,2022,State,urban/rural,HH Size,sector_state,0,Rajasthan,NA,NA,NA,NA,NA,NA,NA,NA,NA,NA,NA,NA,1,0,0,0,NA,NA
4079,0.04849885,0.556233562,0.972326617,0.118335212,0.494717117,0.973346804,2022,State,urban/rural,HH Size,sector_state,0,Uttar Pradesh,NA,NA,NA,NA,NA,NA,NA,NA,NA,NA,NA,NA,0,0,0,1,NA,NA
4080,0.010274256,0.323945468,0.921516971,0.032455975,0.259861505,0.922452646,2022,State,urban/rural,HH Size,sector_state,0,Uttar Pradesh,NA,NA,NA,NA,NA,NA,NA,NA,NA,NA,NA,NA,0,0,1,0,NA,NA
4081,0.002434971,0.124151919,0.782169295,0.00926088,0.100224862,0.785614126,2022,State,urban/rural,HH Size,sector_state,0,Uttar Pradesh,NA,NA,NA,NA,NA,NA,NA,NA,NA,NA,NA,NA,0,1,0,0,NA,NA
4082,0,0.04924835,0.468388095,0.006900435,0.034751543,0.468388095,2022,State,urban/rural,HH Size,sector_state,0,Uttar Pradesh,NA,NA,NA,NA,NA,NA,NA,NA,NA,NA,NA,NA,1,0,0,0,NA,NA
4083,0.099971446,0.638625194,0.987656931,0.167686968,0.582117387,0.987987075,2022,State,urban/rural,HH Size,sector_state,0,Bihar,NA,NA,NA,NA,NA,NA,NA,NA,NA,NA,NA,NA,0,0,0,1,NA,NA
4084,0.019409538,0.357395804,0.94460006,0.046790298,0.29795646,0.945581572,2022,State,urban/rural,HH Size,sector_state,0,Bihar,NA,NA,NA,NA,NA,NA,NA,NA,NA,NA,NA,NA,0,0,1,0,NA,NA
4085,0.004769942,0.079710554,0.770870791,0.011924325,0.063405363,0.773558696,2022,State,urban/rural,HH Size,sector_state,0,Bihar,NA,NA,NA,NA,NA,NA,NA,NA,NA,NA,NA,NA,0,1,0,0,NA,NA
4086,0.002074878,0.033538554,0.412790996,0.002074878,0.033538554,0.412790996,2022,State,urban/rural,HH Size,sector_state,0,Bihar,NA,NA,NA,NA,NA,NA,NA,NA,NA,NA,NA,NA,1,0,0,0,NA,NA
4087,0,0.126456394,0.856159473,0.011659335,0.115101016,0.856159473,2022,State,urban/rural,HH Size,sector_state,0,Sikkim,NA,NA,NA,NA,NA,NA,NA,NA,NA,NA,NA,NA,0,0,0,1,NA,NA
4088,0,0.025190325,0.493596107,0,0.016937094,0.494636689,2022,State,urban/rural,HH Size,sector_state,0,Sikkim,NA,NA,NA,NA,NA,NA,NA,NA,NA,NA,NA,NA,0,0,1,0,NA,NA
4089,0,0.004095601,0.21471861,0,0.004095601,0.21694036,2022,State,urban/rural,HH Size,sector_state,0,Sikkim,NA,NA,NA,NA,NA,NA,NA,NA,NA,NA,NA,NA,0,1,0,0,NA,NA
4090,0,0,0,0,0,0,2022,State,urban/rural,HH Size,sector_state,0,Sikkim,NA,NA,NA,NA,NA,NA,NA,NA,NA,NA,NA,NA,1,0,0,0,NA,NA
4091,0.130980052,0.493216314,0.955131532,0.226353202,0.462298621,0.955131532,2022,State,urban/rural,HH Size,sector_state,0,Arunachal Pradesh,NA,NA,NA,NA,NA,NA,NA,NA,NA,NA,NA,NA,0,0,0,1,NA,NA
4092,0.037295108,0.279685979,0.808681301,0.080493221,0.251098818,0.809097131,2022,State,urban/rural,HH Size,sector_state,0,Arunachal Pradesh,NA,NA,NA,NA,NA,NA,NA,NA,NA,NA,NA,NA,0,0,1,0,NA,NA
4093,0,0.074090266,0.458536185,0.00738258,0.064108587,0.458536185,2022,State,urban/rural,HH Size,sector_state,0,Arunachal Pradesh,NA,NA,NA,NA,NA,NA,NA,NA,NA,NA,NA,NA,0,1,0,0,NA,NA
4094,0,0,0.127017919,0,0,0.127017919,2022,State,urban/rural,HH Size,sector_state,0,Arunachal Pradesh,NA,NA,NA,NA,NA,NA,NA,NA,NA,NA,NA,NA,1,0,0,0,NA,NA
4095,0.107389285,0.665838835,0.990199786,0.179709569,0.618472591,0.990199786,2022,State,urban/rural,HH Size,sector_state,0,Nagaland,NA,NA,NA,NA,NA,NA,NA,NA,NA,NA,NA,NA,0,0,0,1,NA,NA
4096,0.01193437,0.258451155,0.910537253,0.020940991,0.191664884,0.911216033,2022,State,urban/rural,HH Size,sector_state,0,Nagaland,NA,NA,NA,NA,NA,NA,NA,NA,NA,NA,NA,NA,0,0,1,0,NA,NA
4097,0,0.052201183,0.574446267,0.00902991,0.035548466,0.584551726,2022,State,urban/rural,HH Size,sector_state,0,Nagaland,NA,NA,NA,NA,NA,NA,NA,NA,NA,NA,NA,NA,0,1,0,0,NA,NA
4098,0,0.008995717,0.33992936,0,0,0.33992936,2022,State,urban/rural,HH Size,sector_state,0,Nagaland,NA,NA,NA,NA,NA,NA,NA,NA,NA,NA,NA,NA,1,0,0,0,NA,NA
4099,0.072801,0.621947991,0.995773763,0.193831689,0.561177454,0.995773763,2022,State,urban/rural,HH Size,sector_state,0,Manipur,NA,NA,NA,NA,NA,NA,NA,NA,NA,NA,NA,NA,0,0,0,1,NA,NA
4100,0.02782159,0.373980296,0.925765895,0.056319506,0.320563305,0.927372284,2022,State,urban/rural,HH Size,sector_state,0,Manipur,NA,NA,NA,NA,NA,NA,NA,NA,NA,NA,NA,NA,0,0,1,0,NA,NA
4101,0.020172485,0.135804062,0.799205832,0.025404742,0.101323426,0.804357239,2022,State,urban/rural,HH Size,sector_state,0,Manipur,NA,NA,NA,NA,NA,NA,NA,NA,NA,NA,NA,NA,0,1,0,0,NA,NA
4102,0,0.095882,0.491994781,0,0.076551062,0.491994781,2022,State,urban/rural,HH Size,sector_state,0,Manipur,NA,NA,NA,NA,NA,NA,NA,NA,NA,NA,NA,NA,1,0,0,0,NA,NA
4103,0.038002729,0.400879162,0.929097412,0.081348204,0.344710528,0.929097412,2022,State,urban/rural,HH Size,sector_state,0,Mizoram,NA,NA,NA,NA,NA,NA,NA,NA,NA,NA,NA,NA,0,0,0,1,NA,NA
4104,0.005575877,0.181520685,0.857837381,0.013658581,0.133191793,0.860802141,2022,State,urban/rural,HH Size,sector_state,0,Mizoram,NA,NA,NA,NA,NA,NA,NA,NA,NA,NA,NA,NA,0,0,1,0,NA,NA
4105,0,0.035052969,0.432452816,0,0.029603982,0.442869607,2022,State,urban/rural,HH Size,sector_state,0,Mizoram,NA,NA,NA,NA,NA,NA,NA,NA,NA,NA,NA,NA,0,1,0,0,NA,NA
4106,0,0,0.104382985,0,0,0.104382985,2022,State,urban/rural,HH Size,sector_state,0,Mizoram,NA,NA,NA,NA,NA,NA,NA,NA,NA,NA,NA,NA,1,0,0,0,NA,NA
4107,0.005164638,0.315293563,0.923453661,0.014419608,0.250374564,0.929403738,2022,State,urban/rural,HH Size,sector_state,0,Tripura,NA,NA,NA,NA,NA,NA,NA,NA,NA,NA,NA,NA,0,0,0,1,NA,NA
4108,0.00144808,0.070712032,0.811984243,0.004590848,0.054159999,0.81315006,2022,State,urban/rural,HH Size,sector_state,0,Tripura,NA,NA,NA,NA,NA,NA,NA,NA,NA,NA,NA,NA,0,0,1,0,NA,NA
4109,0,0.008381339,0.48862623,0,0.005744887,0.493987143,2022,State,urban/rural,HH Size,sector_state,0,Tripura,NA,NA,NA,NA,NA,NA,NA,NA,NA,NA,NA,NA,0,1,0,0,NA,NA
4110,0,0,0.181816542,0,0,0.181816542,2022,State,urban/rural,HH Size,sector_state,0,Tripura,NA,NA,NA,NA,NA,NA,NA,NA,NA,NA,NA,NA,1,0,0,0,NA,NA
4111,0.089180688,0.597217065,0.988761953,0.193972294,0.548321717,0.988761953,2022,State,urban/rural,HH Size,sector_state,0,Meghalaya,NA,NA,NA,NA,NA,NA,NA,NA,NA,NA,NA,NA,0,0,0,1,NA,NA
4112,0.021001744,0.313880322,0.924151448,0.053424391,0.257082802,0.924787862,2022,State,urban/rural,HH Size,sector_state,0,Meghalaya,NA,NA,NA,NA,NA,NA,NA,NA,NA,NA,NA,NA,0,0,1,0,NA,NA
4113,0.004630954,0.082096413,0.794669046,0.007359915,0.065349867,0.794669046,2022,State,urban/rural,HH Size,sector_state,0,Meghalaya,NA,NA,NA,NA,NA,NA,NA,NA,NA,NA,NA,NA,0,1,0,0,NA,NA
4114,0.074910965,0.353858176,0.567909542,0.124851609,0.353858176,0.567909542,2022,State,urban/rural,HH Size,sector_state,0,Meghalaya,NA,NA,NA,NA,NA,NA,NA,NA,NA,NA,NA,NA,1,0,0,0,NA,NA
4115,0.131923054,0.739850884,0.997854891,0.251899769,0.689753323,0.997854891,2022,State,urban/rural,HH Size,sector_state,0,Assam,NA,NA,NA,NA,NA,NA,NA,NA,NA,NA,NA,NA,0,0,0,1,NA,NA
4116,0.01692013,0.415916026,0.964810245,0.05494056,0.34429217,0.965336688,2022,State,urban/rural,HH Size,sector_state,0,Assam,NA,NA,NA,NA,NA,NA,NA,NA,NA,NA,NA,NA,0,0,1,0,NA,NA
4117,0.000885991,0.118088287,0.843743544,0.006056792,0.081156196,0.846206016,2022,State,urban/rural,HH Size,sector_state,0,Assam,NA,NA,NA,NA,NA,NA,NA,NA,NA,NA,NA,NA,0,1,0,0,NA,NA
4118,0.006283353,0.044749376,0.52428566,0.006283353,0.040939203,0.52428566,2022,State,urban/rural,HH Size,sector_state,0,Assam,NA,NA,NA,NA,NA,NA,NA,NA,NA,NA,NA,NA,1,0,0,0,NA,NA
4119,0.040441211,0.512134455,0.95844389,0.089194102,0.443174781,0.95844389,2022,State,urban/rural,HH Size,sector_state,0,West Bengal,NA,NA,NA,NA,NA,NA,NA,NA,NA,NA,NA,NA,0,0,0,1,NA,NA
4120,0.010719876,0.335493619,0.92751258,0.03253493,0.270631129,0.928485776,2022,State,urban/rural,HH Size,sector_state,0,West Bengal,NA,NA,NA,NA,NA,NA,NA,NA,NA,NA,NA,NA,0,0,1,0,NA,NA
4121,0.002822465,0.156726436,0.82408061,0.013123145,0.120290604,0.82589021,2022,State,urban/rural,HH Size,sector_state,0,West Bengal,NA,NA,NA,NA,NA,NA,NA,NA,NA,NA,NA,NA,0,1,0,0,NA,NA
4122,0.009997284,0.136919182,0.700052218,0.013628846,0.113335633,0.702077676,2022,State,urban/rural,HH Size,sector_state,0,West Bengal,NA,NA,NA,NA,NA,NA,NA,NA,NA,NA,NA,NA,1,0,0,0,NA,NA
4123,0.203508912,0.688452749,0.980393878,0.335845223,0.646665989,0.980393878,2022,State,urban/rural,HH Size,sector_state,0,Jharkhand,NA,NA,NA,NA,NA,NA,NA,NA,NA,NA,NA,NA,0,0,0,1,NA,NA
4124,0.072295818,0.510410501,0.927579409,0.147343435,0.457003526,0.927579409,2022,State,urban/rural,HH Size,sector_state,0,Jharkhand,NA,NA,NA,NA,NA,NA,NA,NA,NA,NA,NA,NA,0,0,1,0,NA,NA
4125,0.025775537,0.303255921,0.842752984,0.07245902,0.257667618,0.844991006,2022,State,urban/rural,HH Size,sector_state,0,Jharkhand,NA,NA,NA,NA,NA,NA,NA,NA,NA,NA,NA,NA,0,1,0,0,NA,NA
4126,0.060745703,0.234447719,0.575114552,0.105444762,0.22293466,0.575114552,2022,State,urban/rural,HH Size,sector_state,0,Jharkhand,NA,NA,NA,NA,NA,NA,NA,NA,NA,NA,NA,NA,1,0,0,0,NA,NA
4127,0.11459591,0.658230412,0.975714709,0.228659792,0.603885658,0.975714709,2022,State,urban/rural,HH Size,sector_state,0,Odisha,NA,NA,NA,NA,NA,NA,NA,NA,NA,NA,NA,NA,0,0,0,1,NA,NA
4128,0.034815325,0.497154077,0.960007084,0.09325889,0.435382097,0.960007084,2022,State,urban/rural,HH Size,sector_state,0,Odisha,NA,NA,NA,NA,NA,NA,NA,NA,NA,NA,NA,NA,0,0,1,0,NA,NA
4129,0.009381472,0.265813299,0.872022546,0.024254342,0.208372951,0.87362017,2022,State,urban/rural,HH Size,sector_state,0,Odisha,NA,NA,NA,NA,NA,NA,NA,NA,NA,NA,NA,NA,0,1,0,0,NA,NA
4130,0.127803864,0.46829617,0.84576109,0.186773722,0.429205135,0.847962383,2022,State,urban/rural,HH Size,sector_state,0,Odisha,NA,NA,NA,NA,NA,NA,NA,NA,NA,NA,NA,NA,1,0,0,0,NA,NA
4131,0.251259075,0.760813303,0.991548509,0.401134615,0.713272538,0.991548509,2022,State,urban/rural,HH Size,sector_state,0,Chhattisgarh,NA,NA,NA,NA,NA,NA,NA,NA,NA,NA,NA,NA,0,0,0,1,NA,NA
4132,0.08578948,0.550683805,0.967511295,0.17297658,0.493469356,0.967511295,2022,State,urban/rural,HH Size,sector_state,0,Chhattisgarh,NA,NA,NA,NA,NA,NA,NA,NA,NA,NA,NA,NA,0,0,1,0,NA,NA
4133,0.010911482,0.328165087,0.875736968,0.052942357,0.258211951,0.87735975,2022,State,urban/rural,HH Size,sector_state,0,Chhattisgarh,NA,NA,NA,NA,NA,NA,NA,NA,NA,NA,NA,NA,0,1,0,0,NA,NA
4134,0.036363549,0.191296921,0.678364068,0.053178257,0.166212853,0.685919201,2022,State,urban/rural,HH Size,sector_state,0,Chhattisgarh,NA,NA,NA,NA,NA,NA,NA,NA,NA,NA,NA,NA,1,0,0,0,NA,NA
4135,0.054114002,0.517105396,0.961830825,0.131140798,0.450240453,0.961830825,2022,State,urban/rural,HH Size,sector_state,0,Madhya Pradesh,NA,NA,NA,NA,NA,NA,NA,NA,NA,NA,NA,NA,0,0,0,1,NA,NA
4136,0.012568489,0.279195352,0.915002988,0.034748864,0.226489279,0.915736838,2022,State,urban/rural,HH Size,sector_state,0,Madhya Pradesh,NA,NA,NA,NA,NA,NA,NA,NA,NA,NA,NA,NA,0,0,1,0,NA,NA
4137,0.001734061,0.110507098,0.799107975,0.006486798,0.086903687,0.800045174,2022,State,urban/rural,HH Size,sector_state,0,Madhya Pradesh,NA,NA,NA,NA,NA,NA,NA,NA,NA,NA,NA,NA,0,1,0,0,NA,NA
4138,0,0.078252384,0.607739941,0.003036387,0.062563201,0.607739941,2022,State,urban/rural,HH Size,sector_state,0,Madhya Pradesh,NA,NA,NA,NA,NA,NA,NA,NA,NA,NA,NA,NA,1,0,0,0,NA,NA
4139,0.038964903,0.545564872,0.983382498,0.0966054,0.494203551,0.983382498,2022,State,urban/rural,HH Size,sector_state,0,Gujarat,NA,NA,NA,NA,NA,NA,NA,NA,NA,NA,NA,NA,0,0,0,1,NA,NA
4140,0.007006166,0.289722073,0.913542045,0.024576535,0.231618477,0.913853679,2022,State,urban/rural,HH Size,sector_state,0,Gujarat,NA,NA,NA,NA,NA,NA,NA,NA,NA,NA,NA,NA,0,0,1,0,NA,NA
4141,0.000976845,0.098402701,0.722748851,0.004480271,0.070957741,0.724003261,2022,State,urban/rural,HH Size,sector_state,0,Gujarat,NA,NA,NA,NA,NA,NA,NA,NA,NA,NA,NA,NA,0,1,0,0,NA,NA
4142,0,0.02748995,0.477779295,0,0.015651311,0.49756925,2022,State,urban/rural,HH Size,sector_state,0,Gujarat,NA,NA,NA,NA,NA,NA,NA,NA,NA,NA,NA,NA,1,0,0,0,NA,NA
4143,0.296265666,0.696313174,1,0.46552968,0.682068308,1,2022,State,urban/rural,HH Size,sector_state,0,Daman & Diu & D & N Haveli,NA,NA,NA,NA,NA,NA,NA,NA,NA,NA,NA,NA,0,0,0,1,NA,NA
4144,0.045064881,0.481840631,0.96033391,0.089819215,0.395167122,0.966736546,2022,State,urban/rural,HH Size,sector_state,0,Daman & Diu & D & N Haveli,NA,NA,NA,NA,NA,NA,NA,NA,NA,NA,NA,NA,0,0,1,0,NA,NA
4145,0.009651195,0.161844341,0.87458447,0.032250821,0.147544253,0.87458447,2022,State,urban/rural,HH Size,sector_state,0,Daman & Diu & D & N Haveli,NA,NA,NA,NA,NA,NA,NA,NA,NA,NA,NA,NA,0,1,0,0,NA,NA
4146,0,0,0.355888331,0,0,0.355888331,2022,State,urban/rural,HH Size,sector_state,0,Daman & Diu & D & N Haveli,NA,NA,NA,NA,NA,NA,NA,NA,NA,NA,NA,NA,1,0,0,0,NA,NA
4147,0.127079159,0.611741605,0.957481613,0.214528093,0.555264915,0.958214538,2022,State,urban/rural,HH Size,sector_state,0,Maharashtra,NA,NA,NA,NA,NA,NA,NA,NA,NA,NA,NA,NA,0,0,0,1,NA,NA
4148,0.022941081,0.355502366,0.911437475,0.059812751,0.306892218,0.912114786,2022,State,urban/rural,HH Size,sector_state,0,Maharashtra,NA,NA,NA,NA,NA,NA,NA,NA,NA,NA,NA,NA,0,0,1,0,NA,NA
4149,0.003748739,0.149680528,0.734167351,0.014622549,0.113938525,0.73672169,2022,State,urban/rural,HH Size,sector_state,0,Maharashtra,NA,NA,NA,NA,NA,NA,NA,NA,NA,NA,NA,NA,0,1,0,0,NA,NA
4150,0.002013914,0.098045956,0.542148017,0.007520623,0.074312852,0.542148017,2022,State,urban/rural,HH Size,sector_state,0,Maharashtra,NA,NA,NA,NA,NA,NA,NA,NA,NA,NA,NA,NA,1,0,0,0,NA,NA
4151,0.012993236,0.376705012,0.950686432,0.029755764,0.312846047,0.950686432,2022,State,urban/rural,HH Size,sector_state,0,Andhra Pradesh,NA,NA,NA,NA,NA,NA,NA,NA,NA,NA,NA,NA,0,0,0,1,NA,NA
4152,0.001980984,0.141566922,0.796098165,0.008508143,0.106412138,0.797632884,2022,State,urban/rural,HH Size,sector_state,0,Andhra Pradesh,NA,NA,NA,NA,NA,NA,NA,NA,NA,NA,NA,NA,0,0,1,0,NA,NA
4153,0.001582261,0.060518851,0.582056728,0.004059277,0.046891576,0.584664283,2022,State,urban/rural,HH Size,sector_state,0,Andhra Pradesh,NA,NA,NA,NA,NA,NA,NA,NA,NA,NA,NA,NA,0,1,0,0,NA,NA
4154,0.016743362,0.055915981,0.389580806,0.023284466,0.052640433,0.391808294,2022,State,urban/rural,HH Size,sector_state,0,Andhra Pradesh,NA,NA,NA,NA,NA,NA,NA,NA,NA,NA,NA,NA,1,0,0,0,NA,NA
4155,0.008658681,0.379222513,0.942912753,0.035534539,0.319187948,0.944475795,2022,State,urban/rural,HH Size,sector_state,0,Karnataka,NA,NA,NA,NA,NA,NA,NA,NA,NA,NA,NA,NA,0,0,0,1,NA,NA
4156,0.000376743,0.10090968,0.796572951,0.005359067,0.075680722,0.798069464,2022,State,urban/rural,HH Size,sector_state,0,Karnataka,NA,NA,NA,NA,NA,NA,NA,NA,NA,NA,NA,NA,0,0,1,0,NA,NA
4157,0.001686509,0.021737411,0.569778596,0.002063774,0.013399808,0.573100982,2022,State,urban/rural,HH Size,sector_state,0,Karnataka,NA,NA,NA,NA,NA,NA,NA,NA,NA,NA,NA,NA,0,1,0,0,NA,NA
4158,0.002270968,0.042611389,0.542900587,0.002270968,0.040148391,0.544804088,2022,State,urban/rural,HH Size,sector_state,0,Karnataka,NA,NA,NA,NA,NA,NA,NA,NA,NA,NA,NA,NA,1,0,0,0,NA,NA
4159,0,0,0.892365819,0,0,0.892365819,2022,State,urban/rural,HH Size,sector_state,0,Goa,NA,NA,NA,NA,NA,NA,NA,NA,NA,NA,NA,NA,0,0,0,1,NA,NA
4160,0,0.046555654,0.583880635,0.004143066,0.036455771,0.594671055,2022,State,urban/rural,HH Size,sector_state,0,Goa,NA,NA,NA,NA,NA,NA,NA,NA,NA,NA,NA,NA,0,0,1,0,NA,NA
4161,0,0.013591191,0.213634304,0,0.008331515,0.218867993,2022,State,urban/rural,HH Size,sector_state,0,Goa,NA,NA,NA,NA,NA,NA,NA,NA,NA,NA,NA,NA,0,1,0,0,NA,NA
4162,0,0,0.239841569,0,0,0.281621681,2022,State,urban/rural,HH Size,sector_state,0,Goa,NA,NA,NA,NA,NA,NA,NA,NA,NA,NA,NA,NA,1,0,0,0,NA,NA
4163,0,0.076874051,0.949102022,0,0.076874051,0.949102022,2022,State,urban/rural,HH Size,sector_state,0,Lakshadweep,NA,NA,NA,NA,NA,NA,NA,NA,NA,NA,NA,NA,0,0,0,1,NA,NA
4164,0,0,0.664791388,0,0,0.664791388,2022,State,urban/rural,HH Size,sector_state,0,Lakshadweep,NA,NA,NA,NA,NA,NA,NA,NA,NA,NA,NA,NA,0,0,1,0,NA,NA
4165,0,0,0.024920634,0,0,0.024920634,2022,State,urban/rural,HH Size,sector_state,0,Lakshadweep,NA,NA,NA,NA,NA,NA,NA,NA,NA,NA,NA,NA,0,1,0,0,NA,NA
4166,0,0,0,0,0,0,2022,State,urban/rural,HH Size,sector_state,0,Lakshadweep,NA,NA,NA,NA,NA,NA,NA,NA,NA,NA,NA,NA,1,0,0,0,NA,NA
4167,0.027347313,0.294169539,0.919051003,0.047199519,0.237048957,0.919051003,2022,State,urban/rural,HH Size,sector_state,0,Kerala,NA,NA,NA,NA,NA,NA,NA,NA,NA,NA,NA,NA,0,0,0,1,NA,NA
4168,0.003687336,0.117295157,0.748066336,0.011066467,0.092367126,0.749422712,2022,State,urban/rural,HH Size,sector_state,0,Kerala,NA,NA,NA,NA,NA,NA,NA,NA,NA,NA,NA,NA,0,0,1,0,NA,NA
4169,0.001767434,0.032547859,0.430121313,0.002876661,0.026605051,0.43290696,2022,State,urban/rural,HH Size,sector_state,0,Kerala,NA,NA,NA,NA,NA,NA,NA,NA,NA,NA,NA,NA,0,1,0,0,NA,NA
4170,0.002500598,0.043613571,0.256664702,0.002500598,0.031011516,0.260829589,2022,State,urban/rural,HH Size,sector_state,0,Kerala,NA,NA,NA,NA,NA,NA,NA,NA,NA,NA,NA,NA,1,0,0,0,NA,NA
4171,0.007302294,0.237518534,0.932295697,0.043015063,0.177867449,0.932295697,2022,State,urban/rural,HH Size,sector_state,0,Tamil Nadu,NA,NA,NA,NA,NA,NA,NA,NA,NA,NA,NA,NA,0,0,0,1,NA,NA
4172,0.002580952,0.092586141,0.762543416,0.006123117,0.071943668,0.764096105,2022,State,urban/rural,HH Size,sector_state,0,Tamil Nadu,NA,NA,NA,NA,NA,NA,NA,NA,NA,NA,NA,NA,0,0,1,0,NA,NA
4173,0.002364349,0.043746688,0.532629578,0.005161063,0.033570163,0.534339696,2022,State,urban/rural,HH Size,sector_state,0,Tamil Nadu,NA,NA,NA,NA,NA,NA,NA,NA,NA,NA,NA,NA,0,1,0,0,NA,NA
4174,0.006010771,0.045652786,0.429706314,0.011433147,0.036820967,0.432707905,2022,State,urban/rural,HH Size,sector_state,0,Tamil Nadu,NA,NA,NA,NA,NA,NA,NA,NA,NA,NA,NA,NA,1,0,0,0,NA,NA
4175,0,0.201563305,0.87480851,0.115944339,0.201563305,0.87480851,2022,State,urban/rural,HH Size,sector_state,0,Puducherry,NA,NA,NA,NA,NA,NA,NA,NA,NA,NA,NA,NA,0,0,0,1,NA,NA
4176,0,0.031811454,0.742681521,0,0.022376282,0.746134991,2022,State,urban/rural,HH Size,sector_state,0,Puducherry,NA,NA,NA,NA,NA,NA,NA,NA,NA,NA,NA,NA,0,0,1,0,NA,NA
4177,0,0.006687577,0.503782178,0,0,0.503782178,2022,State,urban/rural,HH Size,sector_state,0,Puducherry,NA,NA,NA,NA,NA,NA,NA,NA,NA,NA,NA,NA,0,1,0,0,NA,NA
4178,0,0,0.245648115,0,0,0.245648115,2022,State,urban/rural,HH Size,sector_state,0,Puducherry,NA,NA,NA,NA,NA,NA,NA,NA,NA,NA,NA,NA,1,0,0,0,NA,NA
4179,0,0.029397301,0.754027133,0,0.017054033,0.754027133,2022,State,urban/rural,HH Size,sector_state,0,A & N Island,NA,NA,NA,NA,NA,NA,NA,NA,NA,NA,NA,NA,0,0,0,1,NA,NA
4180,0,0.010988085,0.434012569,0,0.005344668,0.436711988,2022,State,urban/rural,HH Size,sector_state,0,A & N Island,NA,NA,NA,NA,NA,NA,NA,NA,NA,NA,NA,NA,0,0,1,0,NA,NA
4181,0,0.010528338,0.204432704,0,0,0.20867928,2022,State,urban/rural,HH Size,sector_state,0,A & N Island,NA,NA,NA,NA,NA,NA,NA,NA,NA,NA,NA,NA,0,1,0,0,NA,NA
4182,0,0.014709918,0.066821226,0.014709918,0.014709918,0.066821226,2022,State,urban/rural,HH Size,sector_state,0,A & N Island,NA,NA,NA,NA,NA,NA,NA,NA,NA,NA,NA,NA,1,0,0,0,NA,NA
4183,0.0214459,0.391322854,0.946911916,0.057202939,0.344715189,0.946911916,2022,State,urban/rural,HH Size,sector_state,0,Telangana,NA,NA,NA,NA,NA,NA,NA,NA,NA,NA,NA,NA,0,0,0,1,NA,NA
4184,0.006320082,0.161649415,0.871467283,0.012836492,0.115229983,0.875095112,2022,State,urban/rural,HH Size,sector_state,0,Telangana,NA,NA,NA,NA,NA,NA,NA,NA,NA,NA,NA,NA,0,0,1,0,NA,NA
4185,0.001686992,0.052976935,0.673041508,0.003281475,0.041633109,0.674985988,2022,State,urban/rural,HH Size,sector_state,0,Telangana,NA,NA,NA,NA,NA,NA,NA,NA,NA,NA,NA,NA,0,1,0,0,NA,NA
4186,0.004200006,0.03567902,0.622448859,0.004200006,0.020458802,0.62498044,2022,State,urban/rural,HH Size,sector_state,0,Telangana,NA,NA,NA,NA,NA,NA,NA,NA,NA,NA,NA,NA,1,0,0,0,NA,NA
4187,0.07295233,0.394411809,0.954373662,0.144597515,0.378032593,0.964604629,2022,State,urban/rural,HH Size,sector_state,0,Ladakh,NA,NA,NA,NA,NA,NA,NA,NA,NA,NA,NA,NA,0,0,0,1,NA,NA
4188,0.013785072,0.267249148,0.797152297,0.070074386,0.245828543,0.80102481,2022,State,urban/rural,HH Size,sector_state,0,Ladakh,NA,NA,NA,NA,NA,NA,NA,NA,NA,NA,NA,NA,0,0,1,0,NA,NA
4189,0,0,0.530780546,0,0,0.530780546,2022,State,urban/rural,HH Size,sector_state,0,Ladakh,NA,NA,NA,NA,NA,NA,NA,NA,NA,NA,NA,NA,0,1,0,0,NA,NA
4190,0,0,0.137829727,0,0,0.137829727,2022,State,urban/rural,HH Size,sector_state,0,Ladakh,NA,NA,NA,NA,NA,NA,NA,NA,NA,NA,NA,NA,1,0,0,0,NA,NA
4191,0.012599591,0.149462026,0.881650716,0.035877356,0.124743676,0.881650716,2022,State,urban/rural,HH Size,sector_state,1,Jammu & Kashmir,NA,NA,NA,NA,NA,NA,NA,NA,NA,NA,NA,NA,0,0,0,1,NA,NA
4192,0.004505581,0.0674289,0.566382728,0.007443005,0.053806398,0.572957728,2022,State,urban/rural,HH Size,sector_state,1,Jammu & Kashmir,NA,NA,NA,NA,NA,NA,NA,NA,NA,NA,NA,NA,0,0,1,0,NA,NA
4193,0,0.014103934,0.323805496,0,0.008734623,0.323805496,2022,State,urban/rural,HH Size,sector_state,1,Jammu & Kashmir,NA,NA,NA,NA,NA,NA,NA,NA,NA,NA,NA,NA,0,1,0,0,NA,NA
4194,0,0.022738872,0.201814377,0,0.017054154,0.201814377,2022,State,urban/rural,HH Size,sector_state,1,Jammu & Kashmir,NA,NA,NA,NA,NA,NA,NA,NA,NA,NA,NA,NA,1,0,0,0,NA,NA
4195,0,0.212150982,0.728377544,0.027922175,0.108269615,0.728377544,2022,State,urban/rural,HH Size,sector_state,1,Himachal Pradesh,NA,NA,NA,NA,NA,NA,NA,NA,NA,NA,NA,NA,0,0,0,1,NA,NA
4196,0,0.076482618,0.610594492,0.024776323,0.068496796,0.610594492,2022,State,urban/rural,HH Size,sector_state,1,Himachal Pradesh,NA,NA,NA,NA,NA,NA,NA,NA,NA,NA,NA,NA,0,0,1,0,NA,NA
4197,0,0.02642622,0.336394225,0,0.011024734,0.336394225,2022,State,urban/rural,HH Size,sector_state,1,Himachal Pradesh,NA,NA,NA,NA,NA,NA,NA,NA,NA,NA,NA,NA,0,1,0,0,NA,NA
4198,0,0.055786171,0.170783924,0.040831959,0.055786171,0.170783924,2022,State,urban/rural,HH Size,sector_state,1,Himachal Pradesh,NA,NA,NA,NA,NA,NA,NA,NA,NA,NA,NA,NA,1,0,0,0,NA,NA
4199,0.007651649,0.200599053,0.846599816,0.033541897,0.17209,0.856000235,2022,State,urban/rural,HH Size,sector_state,1,Punjab,NA,NA,NA,NA,NA,NA,NA,NA,NA,NA,NA,NA,0,0,0,1,NA,NA
4200,0.003347773,0.107734998,0.652885864,0.008884214,0.077727852,0.65714102,2022,State,urban/rural,HH Size,sector_state,1,Punjab,NA,NA,NA,NA,NA,NA,NA,NA,NA,NA,NA,NA,0,0,1,0,NA,NA
4201,0,0.007696794,0.344474999,0,0.00625388,0.350854475,2022,State,urban/rural,HH Size,sector_state,1,Punjab,NA,NA,NA,NA,NA,NA,NA,NA,NA,NA,NA,NA,0,1,0,0,NA,NA
4202,0,0.000745462,0.12395655,0,0.000745462,0.134241511,2022,State,urban/rural,HH Size,sector_state,1,Punjab,NA,NA,NA,NA,NA,NA,NA,NA,NA,NA,NA,NA,1,0,0,0,NA,NA
4203,0,0,0.463244053,0,0,0.463244053,2022,State,urban/rural,HH Size,sector_state,1,Chandigarh,NA,NA,NA,NA,NA,NA,NA,NA,NA,NA,NA,NA,0,0,0,1,NA,NA
4204,0,0,0.196493333,0,0,0.196493333,2022,State,urban/rural,HH Size,sector_state,1,Chandigarh,NA,NA,NA,NA,NA,NA,NA,NA,NA,NA,NA,NA,0,0,1,0,NA,NA
4205,0,0,0.032542,0,0,0.032542,2022,State,urban/rural,HH Size,sector_state,1,Chandigarh,NA,NA,NA,NA,NA,NA,NA,NA,NA,NA,NA,NA,0,1,0,0,NA,NA
4206,0,0,0,0,0,0,2022,State,urban/rural,HH Size,sector_state,1,Chandigarh,NA,NA,NA,NA,NA,NA,NA,NA,NA,NA,NA,NA,1,0,0,0,NA,NA
4207,0.008821952,0.238650802,0.835782685,0.046668164,0.217603107,0.835782685,2022,State,urban/rural,HH Size,sector_state,1,Uttrakhand,NA,NA,NA,NA,NA,NA,NA,NA,NA,NA,NA,NA,0,0,0,1,NA,NA
4208,0.004085469,0.12354926,0.625240598,0.017387715,0.10730944,0.626270967,2022,State,urban/rural,HH Size,sector_state,1,Uttrakhand,NA,NA,NA,NA,NA,NA,NA,NA,NA,NA,NA,NA,0,0,1,0,NA,NA
4209,0,0.011041126,0.317051977,0,0.011041126,0.319291176,2022,State,urban/rural,HH Size,sector_state,1,Uttrakhand,NA,NA,NA,NA,NA,NA,NA,NA,NA,NA,NA,NA,0,1,0,0,NA,NA
4210,0,0.009793776,0.194515657,0,0.009793776,0.194515657,2022,State,urban/rural,HH Size,sector_state,1,Uttrakhand,NA,NA,NA,NA,NA,NA,NA,NA,NA,NA,NA,NA,1,0,0,0,NA,NA
4211,0.055879035,0.276523072,0.81490578,0.087966562,0.236999207,0.81490578,2022,State,urban/rural,HH Size,sector_state,1,Haryana,NA,NA,NA,NA,NA,NA,NA,NA,NA,NA,NA,NA,0,0,0,1,NA,NA
4212,0.010396734,0.115191966,0.576001564,0.01613654,0.095720982,0.578493969,2022,State,urban/rural,HH Size,sector_state,1,Haryana,NA,NA,NA,NA,NA,NA,NA,NA,NA,NA,NA,NA,0,0,1,0,NA,NA
4213,0.005163594,0.038749431,0.399093012,0.014119649,0.028991633,0.399093012,2022,State,urban/rural,HH Size,sector_state,1,Haryana,NA,NA,NA,NA,NA,NA,NA,NA,NA,NA,NA,NA,0,1,0,0,NA,NA
4214,0,0,0.083863767,0,0,0.092436076,2022,State,urban/rural,HH Size,sector_state,1,Haryana,NA,NA,NA,NA,NA,NA,NA,NA,NA,NA,NA,NA,1,0,0,0,NA,NA
4215,0.034871201,0.358432255,0.88839693,0.081464508,0.353937725,0.88839693,2022,State,urban/rural,HH Size,sector_state,1,Delhi,NA,NA,NA,NA,NA,NA,NA,NA,NA,NA,NA,NA,0,0,0,1,NA,NA
4216,0.003117953,0.100570866,0.684665523,0.007541931,0.071395197,0.686222774,2022,State,urban/rural,HH Size,sector_state,1,Delhi,NA,NA,NA,NA,NA,NA,NA,NA,NA,NA,NA,NA,0,0,1,0,NA,NA
4217,0.000316543,0.003689652,0.351365161,0.000316543,0.002480415,0.351670802,2022,State,urban/rural,HH Size,sector_state,1,Delhi,NA,NA,NA,NA,NA,NA,NA,NA,NA,NA,NA,NA,0,1,0,0,NA,NA
4218,0.001240496,0.001240496,0.046712401,0.001240496,0.001240496,0.054368207,2022,State,urban/rural,HH Size,sector_state,1,Delhi,NA,NA,NA,NA,NA,NA,NA,NA,NA,NA,NA,NA,1,0,0,0,NA,NA
4219,0.015851716,0.289604831,0.871022,0.047924579,0.244958895,0.871936227,2022,State,urban/rural,HH Size,sector_state,1,Rajasthan,NA,NA,NA,NA,NA,NA,NA,NA,NA,NA,NA,NA,0,0,0,1,NA,NA
4220,0.008792912,0.136627975,0.711655437,0.023548534,0.1119218,0.712116559,2022,State,urban/rural,HH Size,sector_state,1,Rajasthan,NA,NA,NA,NA,NA,NA,NA,NA,NA,NA,NA,NA,0,0,1,0,NA,NA
4221,0.002497362,0.058132046,0.42303799,0.009658023,0.046236213,0.425135806,2022,State,urban/rural,HH Size,sector_state,1,Rajasthan,NA,NA,NA,NA,NA,NA,NA,NA,NA,NA,NA,NA,0,1,0,0,NA,NA
4222,0.003199124,0.021247262,0.208427804,0.003199124,0.019403448,0.211923649,2022,State,urban/rural,HH Size,sector_state,1,Rajasthan,NA,NA,NA,NA,NA,NA,NA,NA,NA,NA,NA,NA,1,0,0,0,NA,NA
4223,0.043400627,0.502253581,0.948094709,0.104139676,0.448015653,0.948094709,2022,State,urban/rural,HH Size,sector_state,1,Uttar Pradesh,NA,NA,NA,NA,NA,NA,NA,NA,NA,NA,NA,NA,0,0,0,1,NA,NA
4224,0.005185351,0.198730275,0.795973907,0.019664082,0.15570035,0.798581679,2022,State,urban/rural,HH Size,sector_state,1,Uttar Pradesh,NA,NA,NA,NA,NA,NA,NA,NA,NA,NA,NA,NA,0,0,1,0,NA,NA
4225,0.001932958,0.055778175,0.535232863,0.004750226,0.036304426,0.536342648,2022,State,urban/rural,HH Size,sector_state,1,Uttar Pradesh,NA,NA,NA,NA,NA,NA,NA,NA,NA,NA,NA,NA,0,1,0,0,NA,NA
4226,0.004412186,0.016747638,0.223947493,0.007002175,0.014872505,0.223947493,2022,State,urban/rural,HH Size,sector_state,1,Uttar Pradesh,NA,NA,NA,NA,NA,NA,NA,NA,NA,NA,NA,NA,1,0,0,0,NA,NA
4227,0.050706412,0.488987453,0.934291184,0.130652192,0.428244715,0.938744117,2022,State,urban/rural,HH Size,sector_state,1,Bihar,NA,NA,NA,NA,NA,NA,NA,NA,NA,NA,NA,NA,0,0,0,1,NA,NA
4228,0.010909021,0.213899799,0.792791314,0.023087216,0.171935683,0.79535682,2022,State,urban/rural,HH Size,sector_state,1,Bihar,NA,NA,NA,NA,NA,NA,NA,NA,NA,NA,NA,NA,0,0,1,0,NA,NA
4229,0,0.062838839,0.541547582,0.003383131,0.041546229,0.543143031,2022,State,urban/rural,HH Size,sector_state,1,Bihar,NA,NA,NA,NA,NA,NA,NA,NA,NA,NA,NA,NA,0,1,0,0,NA,NA
4230,0,0.018048542,0.090279873,0,0.018048542,0.090279873,2022,State,urban/rural,HH Size,sector_state,1,Bihar,NA,NA,NA,NA,NA,NA,NA,NA,NA,NA,NA,NA,1,0,0,0,NA,NA
4231,0,0.06780905,0.683841275,0,0.048508449,0.683841275,2022,State,urban/rural,HH Size,sector_state,1,Sikkim,NA,NA,NA,NA,NA,NA,NA,NA,NA,NA,NA,NA,0,0,0,1,NA,NA
4232,0,0.017290298,0.46058319,0.002640544,0.013769574,0.46058319,2022,State,urban/rural,HH Size,sector_state,1,Sikkim,NA,NA,NA,NA,NA,NA,NA,NA,NA,NA,NA,NA,0,0,1,0,NA,NA
4233,0,0,0.107135624,0,0,0.107135624,2022,State,urban/rural,HH Size,sector_state,1,Sikkim,NA,NA,NA,NA,NA,NA,NA,NA,NA,NA,NA,NA,0,1,0,0,NA,NA
4234,0,0,0.001739616,0,0,0.001739616,2022,State,urban/rural,HH Size,sector_state,1,Sikkim,NA,NA,NA,NA,NA,NA,NA,NA,NA,NA,NA,NA,1,0,0,0,NA,NA
4235,0.012560209,0.367270671,0.872408646,0.024754243,0.353014905,0.872408646,2022,State,urban/rural,HH Size,sector_state,1,Arunachal Pradesh,NA,NA,NA,NA,NA,NA,NA,NA,NA,NA,NA,NA,0,0,0,1,NA,NA
4236,0.004079796,0.098784953,0.656714672,0.013482065,0.088979061,0.658214616,2022,State,urban/rural,HH Size,sector_state,1,Arunachal Pradesh,NA,NA,NA,NA,NA,NA,NA,NA,NA,NA,NA,NA,0,0,1,0,NA,NA
4237,0,0.030762973,0.308965575,0,0.022750016,0.310697205,2022,State,urban/rural,HH Size,sector_state,1,Arunachal Pradesh,NA,NA,NA,NA,NA,NA,NA,NA,NA,NA,NA,NA,0,1,0,0,NA,NA
4238,0,0,0.032739776,0,0,0.036505352,2022,State,urban/rural,HH Size,sector_state,1,Arunachal Pradesh,NA,NA,NA,NA,NA,NA,NA,NA,NA,NA,NA,NA,1,0,0,0,NA,NA
4239,0,0.199379951,0.921071516,0.013460753,0.199379951,0.921071516,2022,State,urban/rural,HH Size,sector_state,1,Nagaland,NA,NA,NA,NA,NA,NA,NA,NA,NA,NA,NA,NA,0,0,0,1,NA,NA
4240,0.000586724,0.071347567,0.702205426,0.010602959,0.054397146,0.704347994,2022,State,urban/rural,HH Size,sector_state,1,Nagaland,NA,NA,NA,NA,NA,NA,NA,NA,NA,NA,NA,NA,0,0,1,0,NA,NA
4241,0,0.021111915,0.44050817,0,0.015278653,0.443283047,2022,State,urban/rural,HH Size,sector_state,1,Nagaland,NA,NA,NA,NA,NA,NA,NA,NA,NA,NA,NA,NA,0,1,0,0,NA,NA
4242,0,0,0.050722633,0,0,0.050722633,2022,State,urban/rural,HH Size,sector_state,1,Nagaland,NA,NA,NA,NA,NA,NA,NA,NA,NA,NA,NA,NA,1,0,0,0,NA,NA
4243,0.047723741,0.471661896,0.960355806,0.114498612,0.406328272,0.960355806,2022,State,urban/rural,HH Size,sector_state,1,Manipur,NA,NA,NA,NA,NA,NA,NA,NA,NA,NA,NA,NA,0,0,0,1,NA,NA
4244,0.019128464,0.329926186,0.910944406,0.043376856,0.274444216,0.911465896,2022,State,urban/rural,HH Size,sector_state,1,Manipur,NA,NA,NA,NA,NA,NA,NA,NA,NA,NA,NA,NA,0,0,1,0,NA,NA
4245,0.00110828,0.167297468,0.782545373,0.022784891,0.142569307,0.784004377,2022,State,urban/rural,HH Size,sector_state,1,Manipur,NA,NA,NA,NA,NA,NA,NA,NA,NA,NA,NA,NA,0,1,0,0,NA,NA
4246,0,0.146134202,0.679245974,0,0.125235787,0.679245974,2022,State,urban/rural,HH Size,sector_state,1,Manipur,NA,NA,NA,NA,NA,NA,NA,NA,NA,NA,NA,NA,1,0,0,0,NA,NA
4247,0.04532343,0.212015581,0.916454965,0.053005581,0.167415648,0.916454965,2022,State,urban/rural,HH Size,sector_state,1,Mizoram,NA,NA,NA,NA,NA,NA,NA,NA,NA,NA,NA,NA,0,0,0,1,NA,NA
4248,0,0.053653026,0.659151196,0.00117495,0.036764495,0.659653243,2022,State,urban/rural,HH Size,sector_state,1,Mizoram,NA,NA,NA,NA,NA,NA,NA,NA,NA,NA,NA,NA,0,0,1,0,NA,NA
4249,0,0.012344153,0.273467287,0,0.009651933,0.276715094,2022,State,urban/rural,HH Size,sector_state,1,Mizoram,NA,NA,NA,NA,NA,NA,NA,NA,NA,NA,NA,NA,0,1,0,0,NA,NA
4250,0,0,0,0,0,0,2022,State,urban/rural,HH Size,sector_state,1,Mizoram,NA,NA,NA,NA,NA,NA,NA,NA,NA,NA,NA,NA,1,0,0,0,NA,NA
4251,0,0.071588796,0.817165338,0,0.071588796,0.817165338,2022,State,urban/rural,HH Size,sector_state,1,Tripura,NA,NA,NA,NA,NA,NA,NA,NA,NA,NA,NA,NA,0,0,0,1,NA,NA
4252,0,0.01753536,0.584634889,0,0.013183558,0.588657206,2022,State,urban/rural,HH Size,sector_state,1,Tripura,NA,NA,NA,NA,NA,NA,NA,NA,NA,NA,NA,NA,0,0,1,0,NA,NA
4253,0,0.00518425,0.294290313,0,0.00518425,0.299509455,2022,State,urban/rural,HH Size,sector_state,1,Tripura,NA,NA,NA,NA,NA,NA,NA,NA,NA,NA,NA,NA,0,1,0,0,NA,NA
4254,0,0,0.063322423,0,0,0.063322423,2022,State,urban/rural,HH Size,sector_state,1,Tripura,NA,NA,NA,NA,NA,NA,NA,NA,NA,NA,NA,NA,1,0,0,0,NA,NA
4255,0.033675907,0.285771372,0.880902123,0.088130907,0.241437077,0.880902123,2022,State,urban/rural,HH Size,sector_state,1,Meghalaya,NA,NA,NA,NA,NA,NA,NA,NA,NA,NA,NA,NA,0,0,0,1,NA,NA
4256,0.006482281,0.067204615,0.691092729,0.008954665,0.056002988,0.695185045,2022,State,urban/rural,HH Size,sector_state,1,Meghalaya,NA,NA,NA,NA,NA,NA,NA,NA,NA,NA,NA,NA,0,0,1,0,NA,NA
4257,0,0.031336823,0.456966825,0,0.021019582,0.460112905,2022,State,urban/rural,HH Size,sector_state,1,Meghalaya,NA,NA,NA,NA,NA,NA,NA,NA,NA,NA,NA,NA,0,1,0,0,NA,NA
4258,0,0,0.045611225,0,0,0.045611225,2022,State,urban/rural,HH Size,sector_state,1,Meghalaya,NA,NA,NA,NA,NA,NA,NA,NA,NA,NA,NA,NA,1,0,0,0,NA,NA
4259,0.051715272,0.474683639,0.885820064,0.099857843,0.443070068,0.885820064,2022,State,urban/rural,HH Size,sector_state,1,Assam,NA,NA,NA,NA,NA,NA,NA,NA,NA,NA,NA,NA,0,0,0,1,NA,NA
4260,0.011901571,0.215332404,0.79128375,0.02730267,0.176382844,0.792752624,2022,State,urban/rural,HH Size,sector_state,1,Assam,NA,NA,NA,NA,NA,NA,NA,NA,NA,NA,NA,NA,0,0,1,0,NA,NA
4261,0.000560151,0.030137602,0.526028786,0.002035161,0.024011643,0.526028786,2022,State,urban/rural,HH Size,sector_state,1,Assam,NA,NA,NA,NA,NA,NA,NA,NA,NA,NA,NA,NA,0,1,0,0,NA,NA
4262,0,0.002909449,0.119050422,0,0.002909449,0.119050422,2022,State,urban/rural,HH Size,sector_state,1,Assam,NA,NA,NA,NA,NA,NA,NA,NA,NA,NA,NA,NA,1,0,0,0,NA,NA
4263,0.055861077,0.425334225,0.883824721,0.138138185,0.384879304,0.887517662,2022,State,urban/rural,HH Size,sector_state,1,West Bengal,NA,NA,NA,NA,NA,NA,NA,NA,NA,NA,NA,NA,0,0,0,1,NA,NA
4264,0.019956375,0.267565129,0.790147575,0.04944691,0.230994011,0.790730816,2022,State,urban/rural,HH Size,sector_state,1,West Bengal,NA,NA,NA,NA,NA,NA,NA,NA,NA,NA,NA,NA,0,0,1,0,NA,NA
4265,0.004133066,0.106300036,0.591033425,0.011517875,0.08352244,0.592123564,2022,State,urban/rural,HH Size,sector_state,1,West Bengal,NA,NA,NA,NA,NA,NA,NA,NA,NA,NA,NA,NA,0,1,0,0,NA,NA
4266,0.001346644,0.047473486,0.320847765,0.00264512,0.039918696,0.32446166,2022,State,urban/rural,HH Size,sector_state,1,West Bengal,NA,NA,NA,NA,NA,NA,NA,NA,NA,NA,NA,NA,1,0,0,0,NA,NA
4267,0.073530232,0.476716245,0.897535094,0.141640689,0.40321462,0.897535094,2022,State,urban/rural,HH Size,sector_state,1,Jharkhand,NA,NA,NA,NA,NA,NA,NA,NA,NA,NA,NA,NA,0,0,0,1,NA,NA
4268,0.035428493,0.267542295,0.803266,0.07011473,0.237378877,0.804091331,2022,State,urban/rural,HH Size,sector_state,1,Jharkhand,NA,NA,NA,NA,NA,NA,NA,NA,NA,NA,NA,NA,0,0,1,0,NA,NA
4269,0.007514884,0.094054108,0.561233274,0.016092212,0.084507228,0.564024338,2022,State,urban/rural,HH Size,sector_state,1,Jharkhand,NA,NA,NA,NA,NA,NA,NA,NA,NA,NA,NA,NA,0,1,0,0,NA,NA
4270,0,0.026305085,0.428046174,0.002976264,0.026305085,0.429395934,2022,State,urban/rural,HH Size,sector_state,1,Jharkhand,NA,NA,NA,NA,NA,NA,NA,NA,NA,NA,NA,NA,1,0,0,0,NA,NA
4271,0.08559556,0.484378122,0.922035839,0.141298375,0.422908321,0.922035839,2022,State,urban/rural,HH Size,sector_state,1,Odisha,NA,NA,NA,NA,NA,NA,NA,NA,NA,NA,NA,NA,0,0,0,1,NA,NA
4272,0.024864694,0.318287808,0.817882186,0.065847881,0.275180984,0.818312017,2022,State,urban/rural,HH Size,sector_state,1,Odisha,NA,NA,NA,NA,NA,NA,NA,NA,NA,NA,NA,NA,0,0,1,0,NA,NA
4273,0.006106109,0.12169929,0.599962214,0.01640151,0.104420876,0.604787649,2022,State,urban/rural,HH Size,sector_state,1,Odisha,NA,NA,NA,NA,NA,NA,NA,NA,NA,NA,NA,NA,0,1,0,0,NA,NA
4274,0.012029605,0.026904698,0.195087213,0.01511884,0.023747436,0.195087213,2022,State,urban/rural,HH Size,sector_state,1,Odisha,NA,NA,NA,NA,NA,NA,NA,NA,NA,NA,NA,NA,1,0,0,0,NA,NA
4275,0.110124691,0.509531645,0.912944036,0.18988528,0.476935673,0.920257922,2022,State,urban/rural,HH Size,sector_state,1,Chhattisgarh,NA,NA,NA,NA,NA,NA,NA,NA,NA,NA,NA,NA,0,0,0,1,NA,NA
4276,0.025301272,0.261307815,0.815125163,0.051773126,0.229828708,0.8167587,2022,State,urban/rural,HH Size,sector_state,1,Chhattisgarh,NA,NA,NA,NA,NA,NA,NA,NA,NA,NA,NA,NA,0,0,1,0,NA,NA
4277,0.003157917,0.126811809,0.58772931,0.016143674,0.098071935,0.590747741,2022,State,urban/rural,HH Size,sector_state,1,Chhattisgarh,NA,NA,NA,NA,NA,NA,NA,NA,NA,NA,NA,NA,0,1,0,0,NA,NA
4278,0.007955183,0.044528966,0.513269767,0.007955183,0.030874983,0.513269767,2022,State,urban/rural,HH Size,sector_state,1,Chhattisgarh,NA,NA,NA,NA,NA,NA,NA,NA,NA,NA,NA,NA,1,0,0,0,NA,NA
4279,0.027548988,0.526739149,0.95365551,0.087319958,0.458146205,0.953752317,2022,State,urban/rural,HH Size,sector_state,1,Madhya Pradesh,NA,NA,NA,NA,NA,NA,NA,NA,NA,NA,NA,NA,0,0,0,1,NA,NA
4280,0.003472561,0.211722154,0.782665566,0.014998738,0.162012471,0.782708518,2022,State,urban/rural,HH Size,sector_state,1,Madhya Pradesh,NA,NA,NA,NA,NA,NA,NA,NA,NA,NA,NA,NA,0,0,1,0,NA,NA
4281,0.000911486,0.044937957,0.543720454,0.003638494,0.035222589,0.547783686,2022,State,urban/rural,HH Size,sector_state,1,Madhya Pradesh,NA,NA,NA,NA,NA,NA,NA,NA,NA,NA,NA,NA,0,1,0,0,NA,NA
4282,0.004725926,0.037858972,0.236462022,0.0072051,0.030964417,0.236462022,2022,State,urban/rural,HH Size,sector_state,1,Madhya Pradesh,NA,NA,NA,NA,NA,NA,NA,NA,NA,NA,NA,NA,1,0,0,0,NA,NA
4283,0.026725985,0.333099148,0.904294806,0.075588662,0.281698654,0.909266138,2022,State,urban/rural,HH Size,sector_state,1,Gujarat,NA,NA,NA,NA,NA,NA,NA,NA,NA,NA,NA,NA,0,0,0,1,NA,NA
4284,0.005080288,0.135516092,0.735144962,0.017809899,0.108916367,0.736762901,2022,State,urban/rural,HH Size,sector_state,1,Gujarat,NA,NA,NA,NA,NA,NA,NA,NA,NA,NA,NA,NA,0,0,1,0,NA,NA
4285,0.000693919,0.044546127,0.470605698,0.003782568,0.02532393,0.473861833,2022,State,urban/rural,HH Size,sector_state,1,Gujarat,NA,NA,NA,NA,NA,NA,NA,NA,NA,NA,NA,NA,0,1,0,0,NA,NA
4286,0.001341844,0.013012666,0.229482373,0.004128674,0.006119819,0.229482373,2022,State,urban/rural,HH Size,sector_state,1,Gujarat,NA,NA,NA,NA,NA,NA,NA,NA,NA,NA,NA,NA,1,0,0,0,NA,NA
4287,0,0.221190903,0.782886108,0,0.182136932,0.782886108,2022,State,urban/rural,HH Size,sector_state,1,Daman & Diu & D & N Haveli,NA,NA,NA,NA,NA,NA,NA,NA,NA,NA,NA,NA,0,0,0,1,NA,NA
4288,0.01993177,0.220373042,0.953396636,0.01993177,0.167961502,0.953396636,2022,State,urban/rural,HH Size,sector_state,1,Daman & Diu & D & N Haveli,NA,NA,NA,NA,NA,NA,NA,NA,NA,NA,NA,NA,0,0,1,0,NA,NA
4289,0,0.011836982,0.809752395,0,0,0.818599127,2022,State,urban/rural,HH Size,sector_state,1,Daman & Diu & D & N Haveli,NA,NA,NA,NA,NA,NA,NA,NA,NA,NA,NA,NA,0,1,0,0,NA,NA
4290,0,0,0.290817,0,0,0.290817,2022,State,urban/rural,HH Size,sector_state,1,Daman & Diu & D & N Haveli,NA,NA,NA,NA,NA,NA,NA,NA,NA,NA,NA,NA,1,0,0,0,NA,NA
4291,0.052126177,0.461915697,0.926648121,0.121540065,0.426321942,0.926648121,2022,State,urban/rural,HH Size,sector_state,1,Maharashtra,NA,NA,NA,NA,NA,NA,NA,NA,NA,NA,NA,NA,0,0,0,1,NA,NA
4292,0.012852421,0.200347424,0.759327184,0.03274384,0.168450739,0.760759641,2022,State,urban/rural,HH Size,sector_state,1,Maharashtra,NA,NA,NA,NA,NA,NA,NA,NA,NA,NA,NA,NA,0,0,1,0,NA,NA
4293,0.002149569,0.075388623,0.525063048,0.008052151,0.055565871,0.528094416,2022,State,urban/rural,HH Size,sector_state,1,Maharashtra,NA,NA,NA,NA,NA,NA,NA,NA,NA,NA,NA,NA,0,1,0,0,NA,NA
4294,0.006291146,0.026701011,0.216933279,0.006410032,0.024206638,0.217716595,2022,State,urban/rural,HH Size,sector_state,1,Maharashtra,NA,NA,NA,NA,NA,NA,NA,NA,NA,NA,NA,NA,1,0,0,0,NA,NA
4295,0.065264426,0.298508862,0.918404547,0.096858785,0.266523884,0.918404547,2022,State,urban/rural,HH Size,sector_state,1,Andhra Pradesh,NA,NA,NA,NA,NA,NA,NA,NA,NA,NA,NA,NA,0,0,0,1,NA,NA
4296,0.004613535,0.117983111,0.697493672,0.013852638,0.092163554,0.698437947,2022,State,urban/rural,HH Size,sector_state,1,Andhra Pradesh,NA,NA,NA,NA,NA,NA,NA,NA,NA,NA,NA,NA,0,0,1,0,NA,NA
4297,0.002190692,0.030675577,0.452894276,0.004035488,0.021940524,0.45412668,2022,State,urban/rural,HH Size,sector_state,1,Andhra Pradesh,NA,NA,NA,NA,NA,NA,NA,NA,NA,NA,NA,NA,0,1,0,0,NA,NA
4298,0.018624192,0.034085926,0.341099231,0.019529005,0.029479613,0.341099231,2022,State,urban/rural,HH Size,sector_state,1,Andhra Pradesh,NA,NA,NA,NA,NA,NA,NA,NA,NA,NA,NA,NA,1,0,0,0,NA,NA
4299,0.017402661,0.346106569,0.869357799,0.059680061,0.285903059,0.869357799,2022,State,urban/rural,HH Size,sector_state,1,Karnataka,NA,NA,NA,NA,NA,NA,NA,NA,NA,NA,NA,NA,0,0,0,1,NA,NA
4300,0.001564496,0.075823949,0.617771192,0.005750497,0.060599287,0.621407114,2022,State,urban/rural,HH Size,sector_state,1,Karnataka,NA,NA,NA,NA,NA,NA,NA,NA,NA,NA,NA,NA,0,0,1,0,NA,NA
4301,0,0.021150891,0.335131795,0.000340667,0.01514325,0.336188024,2022,State,urban/rural,HH Size,sector_state,1,Karnataka,NA,NA,NA,NA,NA,NA,NA,NA,NA,NA,NA,NA,0,1,0,0,NA,NA
4302,0,0.009046771,0.103770465,0.000671703,0.007390454,0.104260996,2022,State,urban/rural,HH Size,sector_state,1,Karnataka,NA,NA,NA,NA,NA,NA,NA,NA,NA,NA,NA,NA,1,0,0,0,NA,NA
4303,0,0,0.770946894,0,0,0.770946894,2022,State,urban/rural,HH Size,sector_state,1,Goa,NA,NA,NA,NA,NA,NA,NA,NA,NA,NA,NA,NA,0,0,0,1,NA,NA
4304,0.01114321,0.029465933,0.561011332,0.01114321,0.018322723,0.561011332,2022,State,urban/rural,HH Size,sector_state,1,Goa,NA,NA,NA,NA,NA,NA,NA,NA,NA,NA,NA,NA,0,0,1,0,NA,NA
4305,0,0,0.306709045,0,0,0.306709045,2022,State,urban/rural,HH Size,sector_state,1,Goa,NA,NA,NA,NA,NA,NA,NA,NA,NA,NA,NA,NA,0,1,0,0,NA,NA
4306,0,0,0.245263525,0,0,0.245263525,2022,State,urban/rural,HH Size,sector_state,1,Goa,NA,NA,NA,NA,NA,NA,NA,NA,NA,NA,NA,NA,1,0,0,0,NA,NA
4307,0,0.08386004,0.889621803,0,0.062149579,0.889621803,2022,State,urban/rural,HH Size,sector_state,1,Lakshadweep,NA,NA,NA,NA,NA,NA,NA,NA,NA,NA,NA,NA,0,0,0,1,NA,NA
4308,0,0.010653125,0.725589443,0,0.010653125,0.725589443,2022,State,urban/rural,HH Size,sector_state,1,Lakshadweep,NA,NA,NA,NA,NA,NA,NA,NA,NA,NA,NA,NA,0,0,1,0,NA,NA
4309,0,0,0.283599586,0,0,0.283599586,2022,State,urban/rural,HH Size,sector_state,1,Lakshadweep,NA,NA,NA,NA,NA,NA,NA,NA,NA,NA,NA,NA,0,1,0,0,NA,NA
4310,0,0,0.03352326,0,0,0.03352326,2022,State,urban/rural,HH Size,sector_state,1,Lakshadweep,NA,NA,NA,NA,NA,NA,NA,NA,NA,NA,NA,NA,1,0,0,0,NA,NA
4311,0.02646479,0.414212601,0.889606517,0.08995558,0.354182717,0.900872361,2022,State,urban/rural,HH Size,sector_state,1,Kerala,NA,NA,NA,NA,NA,NA,NA,NA,NA,NA,NA,NA,0,0,0,1,NA,NA
4312,0.001736606,0.12316205,0.722123797,0.008265342,0.091079562,0.722668161,2022,State,urban/rural,HH Size,sector_state,1,Kerala,NA,NA,NA,NA,NA,NA,NA,NA,NA,NA,NA,NA,0,0,1,0,NA,NA
4313,0.001157054,0.029213501,0.389324765,0.001847167,0.017739117,0.391783791,2022,State,urban/rural,HH Size,sector_state,1,Kerala,NA,NA,NA,NA,NA,NA,NA,NA,NA,NA,NA,NA,0,1,0,0,NA,NA
4314,0.002109465,0.019492988,0.159812187,0.004744538,0.015261498,0.164019736,2022,State,urban/rural,HH Size,sector_state,1,Kerala,NA,NA,NA,NA,NA,NA,NA,NA,NA,NA,NA,NA,1,0,0,0,NA,NA
4315,0,0.200705245,0.805157765,0.049059766,0.15168317,0.805157765,2022,State,urban/rural,HH Size,sector_state,1,Tamil Nadu,NA,NA,NA,NA,NA,NA,NA,NA,NA,NA,NA,NA,0,0,0,1,NA,NA
4316,0.002183392,0.061769012,0.598914052,0.005397093,0.046401795,0.601144504,2022,State,urban/rural,HH Size,sector_state,1,Tamil Nadu,NA,NA,NA,NA,NA,NA,NA,NA,NA,NA,NA,NA,0,0,1,0,NA,NA
4317,0.000492571,0.026441614,0.396209092,0.001472548,0.02057987,0.398999864,2022,State,urban/rural,HH Size,sector_state,1,Tamil Nadu,NA,NA,NA,NA,NA,NA,NA,NA,NA,NA,NA,NA,0,1,0,0,NA,NA
4318,0.001660696,0.013731668,0.186424313,0.002380219,0.008603949,0.187363415,2022,State,urban/rural,HH Size,sector_state,1,Tamil Nadu,NA,NA,NA,NA,NA,NA,NA,NA,NA,NA,NA,NA,1,0,0,0,NA,NA
4319,0,0.449011421,0.698242637,0,0.449011421,0.698242637,2022,State,urban/rural,HH Size,sector_state,1,Puducherry,NA,NA,NA,NA,NA,NA,NA,NA,NA,NA,NA,NA,0,0,0,1,NA,NA
4320,0,0.056794578,0.536578237,0.010706329,0.048850865,0.536578237,2022,State,urban/rural,HH Size,sector_state,1,Puducherry,NA,NA,NA,NA,NA,NA,NA,NA,NA,NA,NA,NA,0,0,1,0,NA,NA
4321,0,0.008509202,0.250057055,0,0.008509202,0.250057055,2022,State,urban/rural,HH Size,sector_state,1,Puducherry,NA,NA,NA,NA,NA,NA,NA,NA,NA,NA,NA,NA,0,1,0,0,NA,NA
4322,0,0,0.089075355,0,0,0.089075355,2022,State,urban/rural,HH Size,sector_state,1,Puducherry,NA,NA,NA,NA,NA,NA,NA,NA,NA,NA,NA,NA,1,0,0,0,NA,NA
4323,0,0,0.541528331,0,0,0.541528331,2022,State,urban/rural,HH Size,sector_state,1,A & N Island,NA,NA,NA,NA,NA,NA,NA,NA,NA,NA,NA,NA,0,0,0,1,NA,NA
4324,0,0.016265209,0.272779005,0,0.012629157,0.272779005,2022,State,urban/rural,HH Size,sector_state,1,A & N Island,NA,NA,NA,NA,NA,NA,NA,NA,NA,NA,NA,NA,0,0,1,0,NA,NA
4325,0,0,0.169213834,0,0,0.169213834,2022,State,urban/rural,HH Size,sector_state,1,A & N Island,NA,NA,NA,NA,NA,NA,NA,NA,NA,NA,NA,NA,0,1,0,0,NA,NA
4326,0.015145047,0.015145047,0.051264772,0.015145047,0.015145047,0.051264772,2022,State,urban/rural,HH Size,sector_state,1,A & N Island,NA,NA,NA,NA,NA,NA,NA,NA,NA,NA,NA,NA,1,0,0,0,NA,NA
4327,0.01096281,0.234876588,0.871304733,0.01096281,0.194814088,0.883076706,2022,State,urban/rural,HH Size,sector_state,1,Telangana,NA,NA,NA,NA,NA,NA,NA,NA,NA,NA,NA,NA,0,0,0,1,NA,NA
4328,0,0.090520335,0.660239929,0.003191279,0.068287765,0.664685449,2022,State,urban/rural,HH Size,sector_state,1,Telangana,NA,NA,NA,NA,NA,NA,NA,NA,NA,NA,NA,NA,0,0,1,0,NA,NA
4329,0.00045575,0.022412624,0.426416404,0.000992921,0.014144632,0.428631564,2022,State,urban/rural,HH Size,sector_state,1,Telangana,NA,NA,NA,NA,NA,NA,NA,NA,NA,NA,NA,NA,0,1,0,0,NA,NA
4330,0,0.008500558,0.130950495,0.000711846,0.005860462,0.133209173,2022,State,urban/rural,HH Size,sector_state,1,Telangana,NA,NA,NA,NA,NA,NA,NA,NA,NA,NA,NA,NA,1,0,0,0,NA,NA
4331,0.079878938,0.301583851,0.850637758,0.107401577,0.2318977,0.850637758,2022,State,urban/rural,HH Size,sector_state,1,Ladakh,NA,NA,NA,NA,NA,NA,NA,NA,NA,NA,NA,NA,0,0,0,1,NA,NA
4332,0.031879893,0.161061223,0.68232878,0.031879893,0.132392386,0.6878732,2022,State,urban/rural,HH Size,sector_state,1,Ladakh,NA,NA,NA,NA,NA,NA,NA,NA,NA,NA,NA,NA,0,0,1,0,NA,NA
4333,0,0.012239577,0.44776056,0,0.012239577,0.44776056,2022,State,urban/rural,HH Size,sector_state,1,Ladakh,NA,NA,NA,NA,NA,NA,NA,NA,NA,NA,NA,NA,0,1,0,0,NA,NA
4334,0,0,0.217801078,0,0,0.217801078,2022,State,urban/rural,HH Size,sector_state,1,Ladakh,NA,NA,NA,NA,NA,NA,NA,NA,NA,NA,NA,NA,1,0,0,0,NA,NA
4335,0.010396465,0.15519765,0.655909738,0.024172234,0.12862541,0.657894105,2022,National,All,Owns Dwelling,allindia,99,India,NA,NA,NA,NA,NA,NA,NA,NA,NA,NA,NA,NA,NA,NA,NA,NA,0,NA
4336,0.025006983,0.295733235,0.838169991,0.055795838,0.251684728,0.839438476,2022,National,All,Owns Dwelling,allindia,99,India,NA,NA,NA,NA,NA,NA,NA,NA,NA,NA,NA,NA,NA,NA,NA,NA,1,NA
4337,0.015296037,0.223865187,0.759887112,0.035757436,0.189738821,0.762032162,2022,National,urban/rural,Owns Dwelling,sect_allindia,0,India,NA,NA,NA,NA,NA,NA,NA,NA,NA,NA,NA,NA,NA,NA,NA,NA,0,NA
4338,0.02876628,0.328320328,0.879073539,0.062835053,0.280110707,0.880149863,2022,National,urban/rural,Owns Dwelling,sect_allindia,0,India,NA,NA,NA,NA,NA,NA,NA,NA,NA,NA,NA,NA,NA,NA,NA,NA,1,NA
4339,0.008750822,0.132133953,0.620986354,0.020281057,0.108098954,0.622916753,2022,National,urban/rural,Owns Dwelling,sect_allindia,1,India,NA,NA,NA,NA,NA,NA,NA,NA,NA,NA,NA,NA,NA,NA,NA,NA,0,NA
4340,0.01239012,0.186365209,0.700890476,0.032170993,0.156282134,0.702803889,2022,National,urban/rural,Owns Dwelling,sect_allindia,1,India,NA,NA,NA,NA,NA,NA,NA,NA,NA,NA,NA,NA,NA,NA,NA,NA,1,NA
4341,0.01814939,0.124532957,0.606873676,0.03114989,0.098802298,0.612557474,2022,State,All,Owns Dwelling,state,99,Jammu & Kashmir,NA,NA,NA,NA,NA,NA,NA,NA,NA,NA,NA,NA,NA,NA,NA,NA,0,NA
4342,0.006546608,0.179235702,0.742621516,0.011986429,0.149364718,0.743585005,2022,State,All,Owns Dwelling,state,99,Jammu & Kashmir,NA,NA,NA,NA,NA,NA,NA,NA,NA,NA,NA,NA,NA,NA,NA,NA,1,NA
4343,0,0.08089984,0.440256362,0.023417162,0.063329626,0.440256362,2022,State,All,Owns Dwelling,state,99,Himachal Pradesh,NA,NA,NA,NA,NA,NA,NA,NA,NA,NA,NA,NA,NA,NA,NA,NA,0,NA
4344,0.002682788,0.077931545,0.645586861,0.004883625,0.05610427,0.647117817,2022,State,All,Owns Dwelling,state,99,Himachal Pradesh,NA,NA,NA,NA,NA,NA,NA,NA,NA,NA,NA,NA,NA,NA,NA,NA,1,NA
4345,0.005291912,0.198856056,0.719418661,0.022596019,0.161868102,0.723471944,2022,State,All,Owns Dwelling,state,99,Punjab,NA,NA,NA,NA,NA,NA,NA,NA,NA,NA,NA,NA,NA,NA,NA,NA,0,NA
4346,0.002197989,0.089306972,0.688217884,0.005712684,0.067699707,0.691963926,2022,State,All,Owns Dwelling,state,99,Punjab,NA,NA,NA,NA,NA,NA,NA,NA,NA,NA,NA,NA,NA,NA,NA,NA,1,NA
4347,0,0.000440713,0.137797031,0,0,0.137797031,2022,State,All,Owns Dwelling,state,99,Chandigarh,NA,NA,NA,NA,NA,NA,NA,NA,NA,NA,NA,NA,NA,NA,NA,NA,0,NA
4348,0,0,0.190137745,0,0,0.190137745,2022,State,All,Owns Dwelling,state,99,Chandigarh,NA,NA,NA,NA,NA,NA,NA,NA,NA,NA,NA,NA,NA,NA,NA,NA,1,NA
4349,0,0.109579024,0.649012511,0.033621659,0.087772461,0.649012511,2022,State,All,Owns Dwelling,state,99,Uttrakhand,NA,NA,NA,NA,NA,NA,NA,NA,NA,NA,NA,NA,NA,NA,NA,NA,0,NA
4350,0.008832126,0.203470928,0.776264103,0.026465377,0.169748907,0.776496423,2022,State,All,Owns Dwelling,state,99,Uttrakhand,NA,NA,NA,NA,NA,NA,NA,NA,NA,NA,NA,NA,NA,NA,NA,NA,1,NA
4351,0.015326081,0.150072743,0.577952967,0.021311314,0.110988688,0.577952967,2022,State,All,Owns Dwelling,state,99,Haryana,NA,NA,NA,NA,NA,NA,NA,NA,NA,NA,NA,NA,NA,NA,NA,NA,0,NA
4352,0.019190466,0.171908843,0.749868899,0.040025705,0.143163342,0.751548293,2022,State,All,Owns Dwelling,state,99,Haryana,NA,NA,NA,NA,NA,NA,NA,NA,NA,NA,NA,NA,NA,NA,NA,NA,1,NA
4353,0.004880869,0.113496073,0.636797592,0.007712459,0.0911829,0.64014575,2022,State,All,Owns Dwelling,state,99,Delhi,NA,NA,NA,NA,NA,NA,NA,NA,NA,NA,NA,NA,NA,NA,NA,NA,0,NA
4354,0.007746815,0.11702526,0.642307447,0.01940606,0.098077892,0.642744992,2022,State,All,Owns Dwelling,state,99,Delhi,NA,NA,NA,NA,NA,NA,NA,NA,NA,NA,NA,NA,NA,NA,NA,NA,1,NA
4355,0.01805053,0.174516017,0.613480136,0.036162035,0.140268532,0.614013264,2022,State,All,Owns Dwelling,state,99,Rajasthan,NA,NA,NA,NA,NA,NA,NA,NA,NA,NA,NA,NA,NA,NA,NA,NA,0,NA
4356,0.025091586,0.267676548,0.829148488,0.058330215,0.229071725,0.830220637,2022,State,All,Owns Dwelling,state,99,Rajasthan,NA,NA,NA,NA,NA,NA,NA,NA,NA,NA,NA,NA,NA,NA,NA,NA,1,NA
4357,0.017872658,0.252696297,0.762269502,0.040935895,0.214800841,0.763001282,2022,State,All,Owns Dwelling,state,99,Uttar Pradesh,NA,NA,NA,NA,NA,NA,NA,NA,NA,NA,NA,NA,NA,NA,NA,NA,0,NA
4358,0.022253582,0.369191031,0.905437367,0.058664283,0.312756512,0.906757944,2022,State,All,Owns Dwelling,state,99,Uttar Pradesh,NA,NA,NA,NA,NA,NA,NA,NA,NA,NA,NA,NA,NA,NA,NA,NA,1,NA
4359,0.014972695,0.391200991,0.865459383,0.038492149,0.329809339,0.869535303,2022,State,All,Owns Dwelling,state,99,Bihar,NA,NA,NA,NA,NA,NA,NA,NA,NA,NA,NA,NA,NA,NA,NA,NA,0,NA
4360,0.041555661,0.401999544,0.929189199,0.07893632,0.349233176,0.930213386,2022,State,All,Owns Dwelling,state,99,Bihar,NA,NA,NA,NA,NA,NA,NA,NA,NA,NA,NA,NA,NA,NA,NA,NA,1,NA
4361,0,0.034249014,0.395868539,0.001329674,0.025111666,0.395868539,2022,State,All,Owns Dwelling,state,99,Sikkim,NA,NA,NA,NA,NA,NA,NA,NA,NA,NA,NA,NA,NA,NA,NA,NA,0,NA
4362,0,0.02293062,0.436014338,0.001218369,0.018533133,0.437194588,2022,State,All,Owns Dwelling,state,99,Sikkim,NA,NA,NA,NA,NA,NA,NA,NA,NA,NA,NA,NA,NA,NA,NA,NA,1,NA
4363,0.008070707,0.130952161,0.624653304,0.029520712,0.11705366,0.626415675,2022,State,All,Owns Dwelling,state,99,Arunachal Pradesh,NA,NA,NA,NA,NA,NA,NA,NA,NA,NA,NA,NA,NA,NA,NA,NA,0,NA
4364,0.059618158,0.309419221,0.785842199,0.110280001,0.284208714,0.786056447,2022,State,All,Owns Dwelling,state,99,Arunachal Pradesh,NA,NA,NA,NA,NA,NA,NA,NA,NA,NA,NA,NA,NA,NA,NA,NA,1,NA
4365,0.006850239,0.157341475,0.683086861,0.017645646,0.139953514,0.68417717,2022,State,All,Owns Dwelling,state,99,Nagaland,NA,NA,NA,NA,NA,NA,NA,NA,NA,NA,NA,NA,NA,NA,NA,NA,0,NA
4366,0.032942053,0.302604057,0.852373563,0.05817945,0.256392938,0.854207649,2022,State,All,Owns Dwelling,state,99,Nagaland,NA,NA,NA,NA,NA,NA,NA,NA,NA,NA,NA,NA,NA,NA,NA,NA,1,NA
4367,0.091400824,0.53732341,0.969133471,0.141440748,0.510196693,0.969133471,2022,State,All,Owns Dwelling,state,99,Manipur,NA,NA,NA,NA,NA,NA,NA,NA,NA,NA,NA,NA,NA,NA,NA,NA,0,NA
4368,0.032381614,0.382514812,0.917305916,0.077164514,0.329154082,0.918684963,2022,State,All,Owns Dwelling,state,99,Manipur,NA,NA,NA,NA,NA,NA,NA,NA,NA,NA,NA,NA,NA,NA,NA,NA,1,NA
4369,0.009773942,0.126905681,0.716073668,0.017410912,0.104915736,0.71928897,2022,State,All,Owns Dwelling,state,99,Mizoram,NA,NA,NA,NA,NA,NA,NA,NA,NA,NA,NA,NA,NA,NA,NA,NA,0,NA
4370,0.009264026,0.152730311,0.739695309,0.018446326,0.11639458,0.741564674,2022,State,All,Owns Dwelling,state,99,Mizoram,NA,NA,NA,NA,NA,NA,NA,NA,NA,NA,NA,NA,NA,NA,NA,NA,1,NA
4371,0,0.03877749,0.514142065,0.009015574,0.027428965,0.518118975,2022,State,All,Owns Dwelling,state,99,Tripura,NA,NA,NA,NA,NA,NA,NA,NA,NA,NA,NA,NA,NA,NA,NA,NA,0,NA
4372,0.001285232,0.072880765,0.702211261,0.003512791,0.057073792,0.705133926,2022,State,All,Owns Dwelling,state,99,Tripura,NA,NA,NA,NA,NA,NA,NA,NA,NA,NA,NA,NA,NA,NA,NA,NA,1,NA
4373,0.02362614,0.243925975,0.703098319,0.038034327,0.194334286,0.703098319,2022,State,All,Owns Dwelling,state,99,Meghalaya,NA,NA,NA,NA,NA,NA,NA,NA,NA,NA,NA,NA,NA,NA,NA,NA,0,NA
4374,0.046163468,0.385105813,0.919476834,0.104575345,0.340431513,0.92017044,2022,State,All,Owns Dwelling,state,99,Meghalaya,NA,NA,NA,NA,NA,NA,NA,NA,NA,NA,NA,NA,NA,NA,NA,NA,1,NA
4375,0.054940245,0.392309195,0.784387599,0.121340752,0.361329608,0.784387599,2022,State,All,Owns Dwelling,state,99,Assam,NA,NA,NA,NA,NA,NA,NA,NA,NA,NA,NA,NA,NA,NA,NA,NA,0,NA
4376,0.038310821,0.422883779,0.934080142,0.086316263,0.364035905,0.934804872,2022,State,All,Owns Dwelling,state,99,Assam,NA,NA,NA,NA,NA,NA,NA,NA,NA,NA,NA,NA,NA,NA,NA,NA,1,NA
4377,0.011862362,0.261995408,0.780996752,0.043477385,0.221170373,0.782598714,2022,State,All,Owns Dwelling,state,99,West Bengal,NA,NA,NA,NA,NA,NA,NA,NA,NA,NA,NA,NA,NA,NA,NA,NA,0,NA
4378,0.01412938,0.289125409,0.860597111,0.037103403,0.237763176,0.861664197,2022,State,All,Owns Dwelling,state,99,West Bengal,NA,NA,NA,NA,NA,NA,NA,NA,NA,NA,NA,NA,NA,NA,NA,NA,1,NA
4379,0.035377486,0.233233462,0.71972634,0.067150468,0.20615219,0.721540783,2022,State,All,Owns Dwelling,state,99,Jharkhand,NA,NA,NA,NA,NA,NA,NA,NA,NA,NA,NA,NA,NA,NA,NA,NA,0,NA
4380,0.09426457,0.502126266,0.913012648,0.175089146,0.454239819,0.913320296,2022,State,All,Owns Dwelling,state,99,Jharkhand,NA,NA,NA,NA,NA,NA,NA,NA,NA,NA,NA,NA,NA,NA,NA,NA,1,NA
4381,0.032703296,0.224548086,0.71625616,0.055014619,0.190569548,0.717913203,2022,State,All,Owns Dwelling,state,99,Odisha,NA,NA,NA,NA,NA,NA,NA,NA,NA,NA,NA,NA,NA,NA,NA,NA,0,NA
4382,0.041596312,0.461779753,0.932127934,0.098247277,0.403586055,0.932575048,2022,State,All,Owns Dwelling,state,99,Odisha,NA,NA,NA,NA,NA,NA,NA,NA,NA,NA,NA,NA,NA,NA,NA,NA,1,NA
4383,0.023762128,0.237321514,0.734820049,0.044899715,0.202920174,0.737199567,2022,State,All,Owns Dwelling,state,99,Chhattisgarh,NA,NA,NA,NA,NA,NA,NA,NA,NA,NA,NA,NA,NA,NA,NA,NA,0,NA
4384,0.107410192,0.529805531,0.934756856,0.195312811,0.477904039,0.935509085,2022,State,All,Owns Dwelling,state,99,Chhattisgarh,NA,NA,NA,NA,NA,NA,NA,NA,NA,NA,NA,NA,NA,NA,NA,NA,1,NA
4385,0.003328851,0.211014316,0.717489704,0.023437286,0.175619781,0.719666783,2022,State,All,Owns Dwelling,state,99,Madhya Pradesh,NA,NA,NA,NA,NA,NA,NA,NA,NA,NA,NA,NA,NA,NA,NA,NA,0,NA
4386,0.02031445,0.314771668,0.888260119,0.053063029,0.262182706,0.888731665,2022,State,All,Owns Dwelling,state,99,Madhya Pradesh,NA,NA,NA,NA,NA,NA,NA,NA,NA,NA,NA,NA,NA,NA,NA,NA,1,NA
4387,0.008728303,0.165006393,0.742600974,0.026411032,0.137430277,0.744572529,2022,State,All,Owns Dwelling,state,99,Gujarat,NA,NA,NA,NA,NA,NA,NA,NA,NA,NA,NA,NA,NA,NA,NA,NA,0,NA
4388,0.013505883,0.280539152,0.838412447,0.038179755,0.235659061,0.839625427,2022,State,All,Owns Dwelling,state,99,Gujarat,NA,NA,NA,NA,NA,NA,NA,NA,NA,NA,NA,NA,NA,NA,NA,NA,1,NA
4389,0.014160641,0.166085217,0.776280366,0.016578742,0.129548961,0.778082079,2022,State,All,Owns Dwelling,state,99,Daman & Diu & D & N Haveli,NA,NA,NA,NA,NA,NA,NA,NA,NA,NA,NA,NA,NA,NA,NA,NA,0,NA
4390,0.117228437,0.432446262,0.903911004,0.196153759,0.392798097,0.906994053,2022,State,All,Owns Dwelling,state,99,Daman & Diu & D & N Haveli,NA,NA,NA,NA,NA,NA,NA,NA,NA,NA,NA,NA,NA,NA,NA,NA,1,NA
4391,0.01537933,0.19647178,0.72931127,0.029431155,0.167356735,0.731464211,2022,State,All,Owns Dwelling,state,99,Maharashtra,NA,NA,NA,NA,NA,NA,NA,NA,NA,NA,NA,NA,NA,NA,NA,NA,0,NA
4392,0.034488917,0.326688754,0.835496763,0.073936028,0.284571601,0.836522436,2022,State,All,Owns Dwelling,state,99,Maharashtra,NA,NA,NA,NA,NA,NA,NA,NA,NA,NA,NA,NA,NA,NA,NA,NA,1,NA
4393,0.009001406,0.110758369,0.657554168,0.015644915,0.08604,0.657845946,2022,State,All,Owns Dwelling,state,99,Andhra Pradesh,NA,NA,NA,NA,NA,NA,NA,NA,NA,NA,NA,NA,NA,NA,NA,NA,0,NA
4394,0.003654996,0.122354911,0.699702126,0.01021293,0.095549751,0.701528571,2022,State,All,Owns Dwelling,state,99,Andhra Pradesh,NA,NA,NA,NA,NA,NA,NA,NA,NA,NA,NA,NA,NA,NA,NA,NA,1,NA
4395,0.005188622,0.078207238,0.535118556,0.012209183,0.064766784,0.538373929,2022,State,All,Owns Dwelling,state,99,Karnataka,NA,NA,NA,NA,NA,NA,NA,NA,NA,NA,NA,NA,NA,NA,NA,NA,0,NA
4396,0.001962984,0.137472932,0.738554017,0.010594193,0.109575834,0.740292767,2022,State,All,Owns Dwelling,state,99,Karnataka,NA,NA,NA,NA,NA,NA,NA,NA,NA,NA,NA,NA,NA,NA,NA,NA,1,NA
4397,0.019558663,0.085752761,0.601950487,0.019558663,0.062717279,0.602896712,2022,State,All,Owns Dwelling,state,99,Goa,NA,NA,NA,NA,NA,NA,NA,NA,NA,NA,NA,NA,NA,NA,NA,NA,0,NA
4398,0,0.008642301,0.503971301,0.00139756,0.005457165,0.508286663,2022,State,All,Owns Dwelling,state,99,Goa,NA,NA,NA,NA,NA,NA,NA,NA,NA,NA,NA,NA,NA,NA,NA,NA,1,NA
4399,0,0,0.333785463,0,0,0.333785463,2022,State,All,Owns Dwelling,state,99,Lakshadweep,NA,NA,NA,NA,NA,NA,NA,NA,NA,NA,NA,NA,NA,NA,NA,NA,0,NA
4400,0,0.038342983,0.72819422,0,0.031293168,0.72819422,2022,State,All,Owns Dwelling,state,99,Lakshadweep,NA,NA,NA,NA,NA,NA,NA,NA,NA,NA,NA,NA,NA,NA,NA,NA,1,NA
4401,0.003738524,0.086572179,0.563363424,0.01647701,0.074357975,0.563785862,2022,State,All,Owns Dwelling,state,99,Kerala,NA,NA,NA,NA,NA,NA,NA,NA,NA,NA,NA,NA,NA,NA,NA,NA,0,NA
4402,0.005422651,0.124598228,0.668626475,0.013960285,0.097000588,0.670722951,2022,State,All,Owns Dwelling,state,99,Kerala,NA,NA,NA,NA,NA,NA,NA,NA,NA,NA,NA,NA,NA,NA,NA,NA,1,NA
4403,0.001684661,0.061301887,0.531198979,0.008214003,0.047069907,0.533652816,2022,State,All,Owns Dwelling,state,99,Tamil Nadu,NA,NA,NA,NA,NA,NA,NA,NA,NA,NA,NA,NA,NA,NA,NA,NA,0,NA
4404,0.002518562,0.077203941,0.654330929,0.007186451,0.05902733,0.655965536,2022,State,All,Owns Dwelling,state,99,Tamil Nadu,NA,NA,NA,NA,NA,NA,NA,NA,NA,NA,NA,NA,NA,NA,NA,NA,1,NA
4405,0,0.03159561,0.468303497,0,0.024052458,0.468303497,2022,State,All,Owns Dwelling,state,99,Puducherry,NA,NA,NA,NA,NA,NA,NA,NA,NA,NA,NA,NA,NA,NA,NA,NA,0,NA
4406,0,0.057449648,0.549729615,0.009331724,0.051958044,0.55086097,2022,State,All,Owns Dwelling,state,99,Puducherry,NA,NA,NA,NA,NA,NA,NA,NA,NA,NA,NA,NA,NA,NA,NA,NA,1,NA
4407,0,0.016289583,0.263452592,0,0.008798255,0.263452592,2022,State,All,Owns Dwelling,state,99,A & N Island,NA,NA,NA,NA,NA,NA,NA,NA,NA,NA,NA,NA,NA,NA,NA,NA,0,NA
4408,0.000454245,0.0106767,0.395971244,0.000694383,0.005910054,0.398179613,2022,State,All,Owns Dwelling,state,99,A & N Island,NA,NA,NA,NA,NA,NA,NA,NA,NA,NA,NA,NA,NA,NA,NA,NA,1,NA
4409,0.000539493,0.079735372,0.621176509,0.002707198,0.058648259,0.624006102,2022,State,All,Owns Dwelling,state,99,Telangana,NA,NA,NA,NA,NA,NA,NA,NA,NA,NA,NA,NA,NA,NA,NA,NA,0,NA
4410,0.005270609,0.133692601,0.745075033,0.011656191,0.102382831,0.748766979,2022,State,All,Owns Dwelling,state,99,Telangana,NA,NA,NA,NA,NA,NA,NA,NA,NA,NA,NA,NA,NA,NA,NA,NA,1,NA
4411,0.062951731,0.087155464,0.602713103,0.062951731,0.087155464,0.602713103,2022,State,All,Owns Dwelling,state,99,Ladakh,NA,NA,NA,NA,NA,NA,NA,NA,NA,NA,NA,NA,NA,NA,NA,NA,0,NA
4412,0.037397141,0.294716893,0.831827017,0.091868511,0.274347474,0.837987829,2022,State,All,Owns Dwelling,state,99,Ladakh,NA,NA,NA,NA,NA,NA,NA,NA,NA,NA,NA,NA,NA,NA,NA,NA,1,NA
4413,0,0.080291013,0.460518794,0.002042196,0.055770093,0.460518794,2022,State,urban/rural,Owns Dwelling,sector_state,0,Jammu & Kashmir,NA,NA,NA,NA,NA,NA,NA,NA,NA,NA,NA,NA,NA,NA,NA,NA,0,NA
4414,0.007848805,0.207021065,0.783005655,0.013568247,0.172900167,0.783430385,2022,State,urban/rural,Owns Dwelling,sector_state,0,Jammu & Kashmir,NA,NA,NA,NA,NA,NA,NA,NA,NA,NA,NA,NA,NA,NA,NA,NA,1,NA
4415,0,0.069538076,0.426029662,0.014677739,0.046174768,0.426029662,2022,State,urban/rural,Owns Dwelling,sector_state,0,Himachal Pradesh,NA,NA,NA,NA,NA,NA,NA,NA,NA,NA,NA,NA,NA,NA,NA,NA,0,NA
4416,0.002852786,0.079873088,0.653266078,0.004890421,0.058256165,0.654894044,2022,State,urban/rural,Owns Dwelling,sector_state,0,Himachal Pradesh,NA,NA,NA,NA,NA,NA,NA,NA,NA,NA,NA,NA,NA,NA,NA,NA,1,NA
4417,0,0.218094911,0.788733378,0.02578712,0.195417099,0.788733378,2022,State,urban/rural,Owns Dwelling,sector_state,0,Punjab,NA,NA,NA,NA,NA,NA,NA,NA,NA,NA,NA,NA,NA,NA,NA,NA,0,NA
4418,0.002101137,0.091659449,0.728804869,0.004197752,0.069282182,0.731753024,2022,State,urban/rural,Owns Dwelling,sector_state,0,Punjab,NA,NA,NA,NA,NA,NA,NA,NA,NA,NA,NA,NA,NA,NA,NA,NA,1,NA
4419,0,0.006037801,0.565170187,0,0,0.565170187,2022,State,urban/rural,Owns Dwelling,sector_state,0,Chandigarh,NA,NA,NA,NA,NA,NA,NA,NA,NA,NA,NA,NA,NA,NA,NA,NA,0,NA
4420,0,0,0.284024878,0,0,0.284024878,2022,State,urban/rural,Owns Dwelling,sector_state,0,Chandigarh,NA,NA,NA,NA,NA,NA,NA,NA,NA,NA,NA,NA,NA,NA,NA,NA,1,NA
4421,0,0.138159436,0.790304975,0.046088673,0.09376418,0.790304975,2022,State,urban/rural,Owns Dwelling,sector_state,0,Uttrakhand,NA,NA,NA,NA,NA,NA,NA,NA,NA,NA,NA,NA,NA,NA,NA,NA,0,NA
4422,0.00948124,0.217345874,0.808349699,0.028183668,0.180096781,0.808349699,2022,State,urban/rural,Owns Dwelling,sector_state,0,Uttrakhand,NA,NA,NA,NA,NA,NA,NA,NA,NA,NA,NA,NA,NA,NA,NA,NA,1,NA
4423,0.016203405,0.189908562,0.792527727,0.016203405,0.106727654,0.792527727,2022,State,urban/rural,Owns Dwelling,sector_state,0,Haryana,NA,NA,NA,NA,NA,NA,NA,NA,NA,NA,NA,NA,NA,NA,NA,NA,0,NA
4424,0.019848824,0.193079067,0.815900733,0.044696373,0.159813486,0.81723973,2022,State,urban/rural,Owns Dwelling,sector_state,0,Haryana,NA,NA,NA,NA,NA,NA,NA,NA,NA,NA,NA,NA,NA,NA,NA,NA,1,NA
4425,0.028486162,0.187634104,0.791487015,0.028486162,0.167286845,0.791487015,2022,State,urban/rural,Owns Dwelling,sector_state,0,Delhi,NA,NA,NA,NA,NA,NA,NA,NA,NA,NA,NA,NA,NA,NA,NA,NA,0,NA
4426,0.001004547,0.044165819,0.686460059,0.003580574,0.044165819,0.686460059,2022,State,urban/rural,Owns Dwelling,sector_state,0,Delhi,NA,NA,NA,NA,NA,NA,NA,NA,NA,NA,NA,NA,NA,NA,NA,NA,1,NA
4427,0.016111386,0.199115972,0.521722636,0.028667988,0.144587775,0.522382428,2022,State,urban/rural,Owns Dwelling,sector_state,0,Rajasthan,NA,NA,NA,NA,NA,NA,NA,NA,NA,NA,NA,NA,NA,NA,NA,NA,0,NA
4428,0.029726552,0.294609905,0.8593304,0.067140146,0.253407104,0.860429546,2022,State,urban/rural,Owns Dwelling,sector_state,0,Rajasthan,NA,NA,NA,NA,NA,NA,NA,NA,NA,NA,NA,NA,NA,NA,NA,NA,1,NA
4429,0.030932175,0.357781604,0.875934397,0.074214345,0.325230447,0.875934397,2022,State,urban/rural,Owns Dwelling,sector_state,0,Uttar Pradesh,NA,NA,NA,NA,NA,NA,NA,NA,NA,NA,NA,NA,NA,NA,NA,NA,0,NA
4430,0.0235784,0.389667804,0.924969253,0.061835001,0.330419248,0.926192887,2022,State,urban/rural,Owns Dwelling,sector_state,0,Uttar Pradesh,NA,NA,NA,NA,NA,NA,NA,NA,NA,NA,NA,NA,NA,NA,NA,NA,1,NA
4431,0.016767881,0.493788555,0.952690171,0.0403015,0.417672996,0.955988775,2022,State,urban/rural,Owns Dwelling,sector_state,0,Bihar,NA,NA,NA,NA,NA,NA,NA,NA,NA,NA,NA,NA,NA,NA,NA,NA,0,NA
4432,0.042929772,0.410205285,0.937305344,0.080672829,0.357010677,0.938214481,2022,State,urban/rural,Owns Dwelling,sector_state,0,Bihar,NA,NA,NA,NA,NA,NA,NA,NA,NA,NA,NA,NA,NA,NA,NA,NA,1,NA
4433,0,0.077924306,0.571292605,0,0.054877037,0.571292605,2022,State,urban/rural,Owns Dwelling,sector_state,0,Sikkim,NA,NA,NA,NA,NA,NA,NA,NA,NA,NA,NA,NA,NA,NA,NA,NA,0,NA
4434,0,0.024566732,0.450000522,0.001364076,0.020031356,0.451321919,2022,State,urban/rural,Owns Dwelling,sector_state,0,Sikkim,NA,NA,NA,NA,NA,NA,NA,NA,NA,NA,NA,NA,NA,NA,NA,NA,1,NA
4435,0.02460108,0.198102661,0.776291545,0.077387844,0.179429775,0.776291545,2022,State,urban/rural,Owns Dwelling,sector_state,0,Arunachal Pradesh,NA,NA,NA,NA,NA,NA,NA,NA,NA,NA,NA,NA,NA,NA,NA,NA,0,NA
4436,0.064714402,0.326672613,0.806001103,0.119973678,0.29956272,0.806236407,2022,State,urban/rural,Owns Dwelling,sector_state,0,Arunachal Pradesh,NA,NA,NA,NA,NA,NA,NA,NA,NA,NA,NA,NA,NA,NA,NA,NA,1,NA
4437,0.021611825,0.256807212,0.771289427,0.021611825,0.232193809,0.771289427,2022,State,urban/rural,Owns Dwelling,sector_state,0,Nagaland,NA,NA,NA,NA,NA,NA,NA,NA,NA,NA,NA,NA,NA,NA,NA,NA,0,NA
4438,0.041051999,0.361614581,0.892009488,0.071207818,0.306582388,0.893792057,2022,State,urban/rural,Owns Dwelling,sector_state,0,Nagaland,NA,NA,NA,NA,NA,NA,NA,NA,NA,NA,NA,NA,NA,NA,NA,NA,1,NA
4439,0.118891933,0.60993421,0.974406107,0.183982629,0.588617254,0.974406107,2022,State,urban/rural,Owns Dwelling,sector_state,0,Manipur,NA,NA,NA,NA,NA,NA,NA,NA,NA,NA,NA,NA,NA,NA,NA,NA,0,NA
4440,0.036428396,0.402688433,0.924993925,0.086198041,0.348956581,0.926668066,2022,State,urban/rural,Owns Dwelling,sector_state,0,Manipur,NA,NA,NA,NA,NA,NA,NA,NA,NA,NA,NA,NA,NA,NA,NA,NA,1,NA
4441,0.02070673,0.242862688,0.824935503,0.040318615,0.22180123,0.830832023,2022,State,urban/rural,Owns Dwelling,sector_state,0,Mizoram,NA,NA,NA,NA,NA,NA,NA,NA,NA,NA,NA,NA,NA,NA,NA,NA,0,NA
4442,0.009681552,0.199705788,0.810839688,0.02286796,0.150989961,0.813571233,2022,State,urban/rural,Owns Dwelling,sector_state,0,Mizoram,NA,NA,NA,NA,NA,NA,NA,NA,NA,NA,NA,NA,NA,NA,NA,NA,1,NA
4443,0,0.054132492,0.673003223,0.022561984,0.025732166,0.673003223,2022,State,urban/rural,Owns Dwelling,sector_state,0,Tripura,NA,NA,NA,NA,NA,NA,NA,NA,NA,NA,NA,NA,NA,NA,NA,NA,0,NA
4444,0.00158855,0.086196615,0.748904723,0.004341818,0.067274043,0.751647195,2022,State,urban/rural,Owns Dwelling,sector_state,0,Tripura,NA,NA,NA,NA,NA,NA,NA,NA,NA,NA,NA,NA,NA,NA,NA,NA,1,NA
4445,0.074486724,0.503538833,0.929491337,0.10526801,0.428696553,0.929491337,2022,State,urban/rural,Owns Dwelling,sector_state,0,Meghalaya,NA,NA,NA,NA,NA,NA,NA,NA,NA,NA,NA,NA,NA,NA,NA,NA,0,NA
4446,0.048990989,0.414111194,0.937783651,0.111333838,0.36566228,0.938087053,2022,State,urban/rural,Owns Dwelling,sector_state,0,Meghalaya,NA,NA,NA,NA,NA,NA,NA,NA,NA,NA,NA,NA,NA,NA,NA,NA,1,NA
4447,0.083722679,0.606728186,0.935584577,0.202605214,0.559296386,0.935584577,2022,State,urban/rural,Owns Dwelling,sector_state,0,Assam,NA,NA,NA,NA,NA,NA,NA,NA,NA,NA,NA,NA,NA,NA,NA,NA,0,NA
4448,0.041083793,0.445470076,0.953647689,0.0923171,0.383943927,0.954335783,2022,State,urban/rural,Owns Dwelling,sector_state,0,Assam,NA,NA,NA,NA,NA,NA,NA,NA,NA,NA,NA,NA,NA,NA,NA,NA,1,NA
4449,0.001511073,0.304072235,0.920948026,0.030560664,0.239273817,0.920948026,2022,State,urban/rural,Owns Dwelling,sector_state,0,West Bengal,NA,NA,NA,NA,NA,NA,NA,NA,NA,NA,NA,NA,NA,NA,NA,NA,0,NA
4450,0.012280248,0.30786625,0.901757546,0.03382305,0.250369898,0.902869916,2022,State,urban/rural,Owns Dwelling,sector_state,0,West Bengal,NA,NA,NA,NA,NA,NA,NA,NA,NA,NA,NA,NA,NA,NA,NA,NA,1,NA
4451,0,0.299582445,0.864297557,0.061216825,0.282618628,0.864297557,2022,State,urban/rural,Owns Dwelling,sector_state,0,Jharkhand,NA,NA,NA,NA,NA,NA,NA,NA,NA,NA,NA,NA,NA,NA,NA,NA,0,NA
4452,0.103271222,0.534315658,0.930294798,0.190630898,0.485089731,0.930562686,2022,State,urban/rural,Owns Dwelling,sector_state,0,Jharkhand,NA,NA,NA,NA,NA,NA,NA,NA,NA,NA,NA,NA,NA,NA,NA,NA,1,NA
4453,0.065407389,0.346480787,0.895152832,0.103976571,0.299346129,0.897013041,2022,State,urban/rural,Owns Dwelling,sector_state,0,Odisha,NA,NA,NA,NA,NA,NA,NA,NA,NA,NA,NA,NA,NA,NA,NA,NA,0,NA
4454,0.042110676,0.473440645,0.941874771,0.099878471,0.413738573,0.942222962,2022,State,urban/rural,Owns Dwelling,sector_state,0,Odisha,NA,NA,NA,NA,NA,NA,NA,NA,NA,NA,NA,NA,NA,NA,NA,NA,1,NA
4455,0.027845582,0.353525331,0.805364729,0.071454952,0.291976411,0.812283719,2022,State,urban/rural,Owns Dwelling,sector_state,0,Chhattisgarh,NA,NA,NA,NA,NA,NA,NA,NA,NA,NA,NA,NA,NA,NA,NA,NA,0,NA
4456,0.120530734,0.57459817,0.95953539,0.218102245,0.518890706,0.959757304,2022,State,urban/rural,Owns Dwelling,sector_state,0,Chhattisgarh,NA,NA,NA,NA,NA,NA,NA,NA,NA,NA,NA,NA,NA,NA,NA,NA,1,NA
4457,0,0.370262031,0.87213299,0.035190554,0.350210179,0.87213299,2022,State,urban/rural,Owns Dwelling,sector_state,0,Madhya Pradesh,NA,NA,NA,NA,NA,NA,NA,NA,NA,NA,NA,NA,NA,NA,NA,NA,0,NA
4458,0.023123891,0.323309273,0.912123269,0.058445355,0.270033221,0.912676967,2022,State,urban/rural,Owns Dwelling,sector_state,0,Madhya Pradesh,NA,NA,NA,NA,NA,NA,NA,NA,NA,NA,NA,NA,NA,NA,NA,NA,1,NA
4459,0,0.23347473,0.851239544,0.042542299,0.203455297,0.854442048,2022,State,urban/rural,Owns Dwelling,sector_state,0,Gujarat,NA,NA,NA,NA,NA,NA,NA,NA,NA,NA,NA,NA,NA,NA,NA,NA,0,NA
4460,0.016677654,0.347570737,0.910395733,0.044295037,0.294849472,0.910814103,2022,State,urban/rural,Owns Dwelling,sector_state,0,Gujarat,NA,NA,NA,NA,NA,NA,NA,NA,NA,NA,NA,NA,NA,NA,NA,NA,1,NA
4461,0.022864305,0.229150316,0.776611123,0.034329657,0.164096924,0.776611123,2022,State,urban/rural,Owns Dwelling,sector_state,0,Daman & Diu & D & N Haveli,NA,NA,NA,NA,NA,NA,NA,NA,NA,NA,NA,NA,NA,NA,NA,NA,0,NA
4462,0.155624481,0.559289402,0.955465777,0.260400358,0.521451975,0.959558623,2022,State,urban/rural,Owns Dwelling,sector_state,0,Daman & Diu & D & N Haveli,NA,NA,NA,NA,NA,NA,NA,NA,NA,NA,NA,NA,NA,NA,NA,NA,1,NA
4463,0.023091773,0.184937252,0.747125618,0.03378332,0.159569694,0.749537653,2022,State,urban/rural,Owns Dwelling,sector_state,0,Maharashtra,NA,NA,NA,NA,NA,NA,NA,NA,NA,NA,NA,NA,NA,NA,NA,NA,0,NA
4464,0.043267985,0.387057194,0.897062413,0.088763464,0.337470537,0.897944944,2022,State,urban/rural,Owns Dwelling,sector_state,0,Maharashtra,NA,NA,NA,NA,NA,NA,NA,NA,NA,NA,NA,NA,NA,NA,NA,NA,1,NA
4465,0.003858687,0.144818002,0.705452822,0.006292053,0.119388138,0.706411717,2022,State,urban/rural,Owns Dwelling,sector_state,0,Andhra Pradesh,NA,NA,NA,NA,NA,NA,NA,NA,NA,NA,NA,NA,NA,NA,NA,NA,0,NA
4466,0.003201066,0.12896058,0.727006385,0.009587632,0.099233892,0.7288688,2022,State,urban/rural,Owns Dwelling,sector_state,0,Andhra Pradesh,NA,NA,NA,NA,NA,NA,NA,NA,NA,NA,NA,NA,NA,NA,NA,NA,1,NA
4467,0.014285096,0.149715462,0.769198752,0.04026588,0.130387948,0.772340796,2022,State,urban/rural,Owns Dwelling,sector_state,0,Karnataka,NA,NA,NA,NA,NA,NA,NA,NA,NA,NA,NA,NA,NA,NA,NA,NA,0,NA
4468,0.001616125,0.145426591,0.782999812,0.009204171,0.115463802,0.784761826,2022,State,urban/rural,Owns Dwelling,sector_state,0,Karnataka,NA,NA,NA,NA,NA,NA,NA,NA,NA,NA,NA,NA,NA,NA,NA,NA,1,NA
4469,0,0.154657128,0.752540059,0,0.138857733,0.756839904,2022,State,urban/rural,Owns Dwelling,sector_state,0,Goa,NA,NA,NA,NA,NA,NA,NA,NA,NA,NA,NA,NA,NA,NA,NA,NA,0,NA
4470,0,0.017585144,0.510810266,0.002843721,0.011104107,0.519591058,2022,State,urban/rural,Owns Dwelling,sector_state,0,Goa,NA,NA,NA,NA,NA,NA,NA,NA,NA,NA,NA,NA,NA,NA,NA,NA,1,NA
4471,0,0,0.5234346,0,0,0.5234346,2022,State,urban/rural,Owns Dwelling,sector_state,0,Lakshadweep,NA,NA,NA,NA,NA,NA,NA,NA,NA,NA,NA,NA,NA,NA,NA,NA,0,NA
4472,0,0.030349621,0.675894719,0,0.030349621,0.675894719,2022,State,urban/rural,Owns Dwelling,sector_state,0,Lakshadweep,NA,NA,NA,NA,NA,NA,NA,NA,NA,NA,NA,NA,NA,NA,NA,NA,1,NA
4473,0,0.09540826,0.687020789,0.004477315,0.08724407,0.687020789,2022,State,urban/rural,Owns Dwelling,sector_state,0,Kerala,NA,NA,NA,NA,NA,NA,NA,NA,NA,NA,NA,NA,NA,NA,NA,NA,0,NA
4474,0.006558083,0.118323413,0.681116226,0.013988014,0.093244327,0.682820829,2022,State,urban/rural,Owns Dwelling,sector_state,0,Kerala,NA,NA,NA,NA,NA,NA,NA,NA,NA,NA,NA,NA,NA,NA,NA,NA,1,NA
4475,0.00036588,0.076489576,0.594637333,0.004873087,0.060915359,0.597869418,2022,State,urban/rural,Owns Dwelling,sector_state,0,Tamil Nadu,NA,NA,NA,NA,NA,NA,NA,NA,NA,NA,NA,NA,NA,NA,NA,NA,0,NA
4476,0.003235495,0.089099638,0.71448997,0.008926245,0.068475774,0.715827045,2022,State,urban/rural,Owns Dwelling,sector_state,0,Tamil Nadu,NA,NA,NA,NA,NA,NA,NA,NA,NA,NA,NA,NA,NA,NA,NA,NA,1,NA
4477,0,0.026282386,0.564478868,0,0.026282386,0.564478868,2022,State,urban/rural,Owns Dwelling,sector_state,0,Puducherry,NA,NA,NA,NA,NA,NA,NA,NA,NA,NA,NA,NA,NA,NA,NA,NA,0,NA
4478,0,0.036838223,0.703304696,0.007561902,0.027719211,0.706099091,2022,State,urban/rural,Owns Dwelling,sector_state,0,Puducherry,NA,NA,NA,NA,NA,NA,NA,NA,NA,NA,NA,NA,NA,NA,NA,NA,1,NA
4479,0,0.014135505,0.316003518,0,0,0.316003518,2022,State,urban/rural,Owns Dwelling,sector_state,0,A & N Island,NA,NA,NA,NA,NA,NA,NA,NA,NA,NA,NA,NA,NA,NA,NA,NA,0,NA
4480,0,0.014274277,0.450932636,0.000335321,0.0076183,0.454016325,2022,State,urban/rural,Owns Dwelling,sector_state,0,A & N Island,NA,NA,NA,NA,NA,NA,NA,NA,NA,NA,NA,NA,NA,NA,NA,NA,1,NA
4481,0.005225588,0.091841242,0.783816328,0.007838382,0.066989668,0.798159959,2022,State,urban/rural,Owns Dwelling,sector_state,0,Telangana,NA,NA,NA,NA,NA,NA,NA,NA,NA,NA,NA,NA,NA,NA,NA,NA,0,NA
4482,0.006678219,0.156484818,0.824041645,0.014910689,0.119075894,0.826335546,2022,State,urban/rural,Owns Dwelling,sector_state,0,Telangana,NA,NA,NA,NA,NA,NA,NA,NA,NA,NA,NA,NA,NA,NA,NA,NA,1,NA
4483,0,0,1,0,0,1,2022,State,urban/rural,Owns Dwelling,sector_state,0,Ladakh,NA,NA,NA,NA,NA,NA,NA,NA,NA,NA,NA,NA,NA,NA,NA,NA,0,NA
4484,0.038611502,0.310705421,0.850945712,0.099147798,0.292341629,0.857386588,2022,State,urban/rural,Owns Dwelling,sector_state,0,Ladakh,NA,NA,NA,NA,NA,NA,NA,NA,NA,NA,NA,NA,NA,NA,NA,NA,1,NA
4485,0.02347044,0.137503839,0.649782095,0.039683703,0.111418508,0.657132272,2022,State,urban/rural,Owns Dwelling,sector_state,1,Jammu & Kashmir,NA,NA,NA,NA,NA,NA,NA,NA,NA,NA,NA,NA,NA,NA,NA,NA,0,NA
4486,0.000954213,0.059909045,0.569188318,0.005193175,0.048289688,0.572465554,2022,State,urban/rural,Owns Dwelling,sector_state,1,Jammu & Kashmir,NA,NA,NA,NA,NA,NA,NA,NA,NA,NA,NA,NA,NA,NA,NA,NA,1,NA
4487,0,0.096865444,0.460247785,0.035697839,0.087435709,0.460247785,2022,State,urban/rural,Owns Dwelling,sector_state,1,Himachal Pradesh,NA,NA,NA,NA,NA,NA,NA,NA,NA,NA,NA,NA,NA,NA,NA,NA,0,NA
4488,0,0.047291554,0.524399159,0.004776367,0.02214467,0.524399159,2022,State,urban/rural,Owns Dwelling,sector_state,1,Himachal Pradesh,NA,NA,NA,NA,NA,NA,NA,NA,NA,NA,NA,NA,NA,NA,NA,NA,1,NA
4489,0.008027389,0.188911171,0.68358873,0.020946486,0.144526067,0.689737222,2022,State,urban/rural,Owns Dwelling,sector_state,1,Punjab,NA,NA,NA,NA,NA,NA,NA,NA,NA,NA,NA,NA,NA,NA,NA,NA,0,NA
4490,0.002398627,0.084433614,0.604138484,0.008850995,0.064421476,0.609537416,2022,State,urban/rural,Owns Dwelling,sector_state,1,Punjab,NA,NA,NA,NA,NA,NA,NA,NA,NA,NA,NA,NA,NA,NA,NA,NA,1,NA
4491,0,0,0.104145798,0,0,0.104145798,2022,State,urban/rural,Owns Dwelling,sector_state,1,Chandigarh,NA,NA,NA,NA,NA,NA,NA,NA,NA,NA,NA,NA,NA,NA,NA,NA,0,NA
4492,0,0,0.188508432,0,0,0.188508432,2022,State,urban/rural,Owns Dwelling,sector_state,1,Chandigarh,NA,NA,NA,NA,NA,NA,NA,NA,NA,NA,NA,NA,NA,NA,NA,NA,1,NA
4493,0,0.089710154,0.550787141,0.024954693,0.083607067,0.550787141,2022,State,urban/rural,Owns Dwelling,sector_state,1,Uttrakhand,NA,NA,NA,NA,NA,NA,NA,NA,NA,NA,NA,NA,NA,NA,NA,NA,0,NA
4494,0.005675466,0.135996647,0.620230883,0.01810928,0.119426882,0.621592981,2022,State,urban/rural,Owns Dwelling,sector_state,1,Uttrakhand,NA,NA,NA,NA,NA,NA,NA,NA,NA,NA,NA,NA,NA,NA,NA,NA,1,NA
4495,0.015100278,0.139819927,0.522726397,0.022625972,0.112085379,0.522726397,2022,State,urban/rural,Owns Dwelling,sector_state,1,Haryana,NA,NA,NA,NA,NA,NA,NA,NA,NA,NA,NA,NA,NA,NA,NA,NA,0,NA
4496,0.01768605,0.123532706,0.598979375,0.029352749,0.105116052,0.601436611,2022,State,urban/rural,Owns Dwelling,sector_state,1,Haryana,NA,NA,NA,NA,NA,NA,NA,NA,NA,NA,NA,NA,NA,NA,NA,NA,1,NA
4497,0.004565693,0.112506188,0.634732193,0.007435091,0.090166767,0.638125055,2022,State,urban/rural,Owns Dwelling,sector_state,1,Delhi,NA,NA,NA,NA,NA,NA,NA,NA,NA,NA,NA,NA,NA,NA,NA,NA,0,NA
4498,0.007885496,0.118523903,0.641399274,0.019731574,0.099186807,0.641845818,2022,State,urban/rural,Owns Dwelling,sector_state,1,Delhi,NA,NA,NA,NA,NA,NA,NA,NA,NA,NA,NA,NA,NA,NA,NA,NA,1,NA
4499,0.019022891,0.16218066,0.659490855,0.039919836,0.138102699,0.659960468,2022,State,urban/rural,Owns Dwelling,sector_state,1,Rajasthan,NA,NA,NA,NA,NA,NA,NA,NA,NA,NA,NA,NA,NA,NA,NA,NA,0,NA
4500,0.007624735,0.166178314,0.715408091,0.02513003,0.137363959,0.7163785,2022,State,urban/rural,Owns Dwelling,sector_state,1,Rajasthan,NA,NA,NA,NA,NA,NA,NA,NA,NA,NA,NA,NA,NA,NA,NA,NA,1,NA
4501,0.013462783,0.217211597,0.723887688,0.029698588,0.177511504,0.724866573,2022,State,urban/rural,Owns Dwelling,sector_state,1,Uttar Pradesh,NA,NA,NA,NA,NA,NA,NA,NA,NA,NA,NA,NA,NA,NA,NA,NA,0,NA
4502,0.016224546,0.276004517,0.816550881,0.044234852,0.232376232,0.818312628,2022,State,urban/rural,Owns Dwelling,sector_state,1,Uttar Pradesh,NA,NA,NA,NA,NA,NA,NA,NA,NA,NA,NA,NA,NA,NA,NA,NA,1,NA
4503,0.011533903,0.194688051,0.698363315,0.035026221,0.161500969,0.70392823,2022,State,urban/rural,Owns Dwelling,sector_state,1,Bihar,NA,NA,NA,NA,NA,NA,NA,NA,NA,NA,NA,NA,NA,NA,NA,NA,0,NA
4504,0.023139991,0.292027166,0.820417578,0.05566383,0.245000013,0.822983644,2022,State,urban/rural,Owns Dwelling,sector_state,1,Bihar,NA,NA,NA,NA,NA,NA,NA,NA,NA,NA,NA,NA,NA,NA,NA,NA,1,NA
4505,0,0.01541061,0.32020312,0.0019032,0.012273009,0.32020312,2022,State,urban/rural,Owns Dwelling,sector_state,1,Sikkim,NA,NA,NA,NA,NA,NA,NA,NA,NA,NA,NA,NA,NA,NA,NA,NA,0,NA
4506,0,0.009249726,0.319064271,0,0.006005249,0.319064271,2022,State,urban/rural,Owns Dwelling,sector_state,1,Sikkim,NA,NA,NA,NA,NA,NA,NA,NA,NA,NA,NA,NA,NA,NA,NA,NA,1,NA
4507,0.00161256,0.104717557,0.565410717,0.010819804,0.09268433,0.567861618,2022,State,urban/rural,Owns Dwelling,sector_state,1,Arunachal Pradesh,NA,NA,NA,NA,NA,NA,NA,NA,NA,NA,NA,NA,NA,NA,NA,NA,0,NA
4508,0.007761358,0.133857422,0.580715374,0.011642037,0.127974106,0.580715374,2022,State,urban/rural,Owns Dwelling,sector_state,1,Arunachal Pradesh,NA,NA,NA,NA,NA,NA,NA,NA,NA,NA,NA,NA,NA,NA,NA,NA,1,NA
4509,0.001101668,0.118606757,0.648738335,0.016101105,0.104032585,0.650253241,2022,State,urban/rural,Owns Dwelling,sector_state,1,Nagaland,NA,NA,NA,NA,NA,NA,NA,NA,NA,NA,NA,NA,NA,NA,NA,NA,0,NA
4510,0,0.062907298,0.691375119,0.005259098,0.052526789,0.693418462,2022,State,urban/rural,Owns Dwelling,sector_state,1,Nagaland,NA,NA,NA,NA,NA,NA,NA,NA,NA,NA,NA,NA,NA,NA,NA,NA,1,NA
4511,0,0.295911289,0.951603319,0,0.249468622,0.951603319,2022,State,urban/rural,Owns Dwelling,sector_state,1,Manipur,NA,NA,NA,NA,NA,NA,NA,NA,NA,NA,NA,NA,NA,NA,NA,NA,0,NA
4512,0.02146861,0.32811238,0.896573575,0.052803699,0.275752458,0.897156841,2022,State,urban/rural,Owns Dwelling,sector_state,1,Manipur,NA,NA,NA,NA,NA,NA,NA,NA,NA,NA,NA,NA,NA,NA,NA,NA,1,NA
4513,0.002801584,0.052954398,0.646647313,0.002801584,0.030372314,0.648152676,2022,State,urban/rural,Owns Dwelling,sector_state,1,Mizoram,NA,NA,NA,NA,NA,NA,NA,NA,NA,NA,NA,NA,NA,NA,NA,NA,0,NA
4514,0.008608032,0.078925019,0.627917163,0.011499295,0.062040213,0.62843192,2022,State,urban/rural,Owns Dwelling,sector_state,1,Mizoram,NA,NA,NA,NA,NA,NA,NA,NA,NA,NA,NA,NA,NA,NA,NA,NA,1,NA
4515,0,0.02855824,0.408414832,0,0.02855824,0.415038503,2022,State,urban/rural,Owns Dwelling,sector_state,1,Tripura,NA,NA,NA,NA,NA,NA,NA,NA,NA,NA,NA,NA,NA,NA,NA,NA,0,NA
4516,0,0.01645828,0.504359738,0,0.013852855,0.508045925,2022,State,urban/rural,Owns Dwelling,sector_state,1,Tripura,NA,NA,NA,NA,NA,NA,NA,NA,NA,NA,NA,NA,NA,NA,NA,NA,1,NA
4517,0,0.123328666,0.59793254,0.006802433,0.085466571,0.59793254,2022,State,urban/rural,Owns Dwelling,sector_state,1,Meghalaya,NA,NA,NA,NA,NA,NA,NA,NA,NA,NA,NA,NA,NA,NA,NA,NA,0,NA
4518,0.020757756,0.124488042,0.754987296,0.043849256,0.113729215,0.759186931,2022,State,urban/rural,Owns Dwelling,sector_state,1,Meghalaya,NA,NA,NA,NA,NA,NA,NA,NA,NA,NA,NA,NA,NA,NA,NA,NA,1,NA
4519,0.025569275,0.173505818,0.630098983,0.038414614,0.159314855,0.630098983,2022,State,urban/rural,Owns Dwelling,sector_state,1,Assam,NA,NA,NA,NA,NA,NA,NA,NA,NA,NA,NA,NA,NA,NA,NA,NA,0,NA
4520,0.010620689,0.197343253,0.738684017,0.026393556,0.165239899,0.739774595,2022,State,urban/rural,Owns Dwelling,sector_state,1,Assam,NA,NA,NA,NA,NA,NA,NA,NA,NA,NA,NA,NA,NA,NA,NA,NA,1,NA
4521,0.014999501,0.249243289,0.73858207,0.047392023,0.215683807,0.740669534,2022,State,urban/rural,Owns Dwelling,sector_state,1,West Bengal,NA,NA,NA,NA,NA,NA,NA,NA,NA,NA,NA,NA,NA,NA,NA,NA,0,NA
4522,0.019932178,0.230314395,0.731430715,0.047397545,0.198201769,0.732355692,2022,State,urban/rural,Owns Dwelling,sector_state,1,West Bengal,NA,NA,NA,NA,NA,NA,NA,NA,NA,NA,NA,NA,NA,NA,NA,NA,1,NA
4523,0.038491136,0.227393943,0.707002312,0.0676727,0.199422212,0.708976447,2022,State,urban/rural,Owns Dwelling,sector_state,1,Jharkhand,NA,NA,NA,NA,NA,NA,NA,NA,NA,NA,NA,NA,NA,NA,NA,NA,0,NA
4524,0.039526909,0.306496194,0.807980897,0.080634613,0.266750399,0.808530186,2022,State,urban/rural,Owns Dwelling,sector_state,1,Jharkhand,NA,NA,NA,NA,NA,NA,NA,NA,NA,NA,NA,NA,NA,NA,NA,NA,1,NA
4525,0.010200624,0.140649977,0.59316291,0.021325419,0.115723758,0.594680162,2022,State,urban/rural,Owns Dwelling,sector_state,1,Odisha,NA,NA,NA,NA,NA,NA,NA,NA,NA,NA,NA,NA,NA,NA,NA,NA,0,NA
4526,0.037104293,0.359943411,0.847007325,0.084001811,0.314922576,0.84831835,2022,State,urban/rural,Owns Dwelling,sector_state,1,Odisha,NA,NA,NA,NA,NA,NA,NA,NA,NA,NA,NA,NA,NA,NA,NA,NA,1,NA
4527,0.022143741,0.191266707,0.706861228,0.034375135,0.167624708,0.707441626,2022,State,urban/rural,Owns Dwelling,sector_state,1,Chhattisgarh,NA,NA,NA,NA,NA,NA,NA,NA,NA,NA,NA,NA,NA,NA,NA,NA,0,NA
4528,0.040757834,0.302258917,0.808881898,0.079542482,0.269691765,0.81232813,2022,State,urban/rural,Owns Dwelling,sector_state,1,Chhattisgarh,NA,NA,NA,NA,NA,NA,NA,NA,NA,NA,NA,NA,NA,NA,NA,NA,1,NA
4529,0.004084557,0.174862336,0.682383008,0.020769091,0.135984747,0.685054322,2022,State,urban/rural,Owns Dwelling,sector_state,1,Madhya Pradesh,NA,NA,NA,NA,NA,NA,NA,NA,NA,NA,NA,NA,NA,NA,NA,NA,0,NA
4530,0.010345161,0.284476016,0.803581831,0.033963866,0.23432519,0.803761864,2022,State,urban/rural,Owns Dwelling,sector_state,1,Madhya Pradesh,NA,NA,NA,NA,NA,NA,NA,NA,NA,NA,NA,NA,NA,NA,NA,NA,1,NA
4531,0.010646476,0.149959468,0.718726048,0.022865949,0.122920306,0.720427084,2022,State,urban/rural,Owns Dwelling,sector_state,1,Gujarat,NA,NA,NA,NA,NA,NA,NA,NA,NA,NA,NA,NA,NA,NA,NA,NA,0,NA
4532,0.007520027,0.154035248,0.702563555,0.026638821,0.123953246,0.705276143,2022,State,urban/rural,Owns Dwelling,sector_state,1,Gujarat,NA,NA,NA,NA,NA,NA,NA,NA,NA,NA,NA,NA,NA,NA,NA,NA,1,NA
4533,0.011834372,0.149229511,0.776191963,0.011834372,0.120315164,0.778475228,2022,State,urban/rural,Owns Dwelling,sector_state,1,Daman & Diu & D & N Haveli,NA,NA,NA,NA,NA,NA,NA,NA,NA,NA,NA,NA,NA,NA,NA,NA,0,NA
4534,0,0.045176599,0.746507145,0,0,0.746507145,2022,State,urban/rural,Owns Dwelling,sector_state,1,Daman & Diu & D & N Haveli,NA,NA,NA,NA,NA,NA,NA,NA,NA,NA,NA,NA,NA,NA,NA,NA,1,NA
4535,0.012629389,0.200584519,0.722959404,0.027879351,0.170133274,0.725019962,2022,State,urban/rural,Owns Dwelling,sector_state,1,Maharashtra,NA,NA,NA,NA,NA,NA,NA,NA,NA,NA,NA,NA,NA,NA,NA,NA,0,NA
4536,0.018791472,0.218746735,0.725414069,0.047423774,0.189985457,0.726695687,2022,State,urban/rural,Owns Dwelling,sector_state,1,Maharashtra,NA,NA,NA,NA,NA,NA,NA,NA,NA,NA,NA,NA,NA,NA,NA,NA,1,NA
4537,0.011250688,0.095861632,0.636604626,0.019735598,0.07145445,0.636604626,2022,State,urban/rural,Owns Dwelling,sector_state,1,Andhra Pradesh,NA,NA,NA,NA,NA,NA,NA,NA,NA,NA,NA,NA,NA,NA,NA,NA,0,NA
4538,0.005327121,0.098021822,0.599122317,0.012516318,0.081978598,0.600816257,2022,State,urban/rural,Owns Dwelling,sector_state,1,Andhra Pradesh,NA,NA,NA,NA,NA,NA,NA,NA,NA,NA,NA,NA,NA,NA,NA,NA,1,NA
4539,0.002827179,0.059643718,0.474351389,0.004925671,0.047731545,0.477636183,2022,State,urban/rural,Owns Dwelling,sector_state,1,Karnataka,NA,NA,NA,NA,NA,NA,NA,NA,NA,NA,NA,NA,NA,NA,NA,NA,0,NA
4540,0.002993313,0.113846981,0.606529974,0.014723188,0.092085915,0.608199621,2022,State,urban/rural,Owns Dwelling,sector_state,1,Karnataka,NA,NA,NA,NA,NA,NA,NA,NA,NA,NA,NA,NA,NA,NA,NA,NA,1,NA
4541,0.025077147,0.066311368,0.559461585,0.025077147,0.041234222,0.559461585,2022,State,urban/rural,Owns Dwelling,sector_state,1,Goa,NA,NA,NA,NA,NA,NA,NA,NA,NA,NA,NA,NA,NA,NA,NA,NA,0,NA
4542,0,0,0.497362173,0,0,0.497362173,2022,State,urban/rural,Owns Dwelling,sector_state,1,Goa,NA,NA,NA,NA,NA,NA,NA,NA,NA,NA,NA,NA,NA,NA,NA,NA,1,NA
4543,0,0,0.260666972,0,0,0.260666972,2022,State,urban/rural,Owns Dwelling,sector_state,1,Lakshadweep,NA,NA,NA,NA,NA,NA,NA,NA,NA,NA,NA,NA,NA,NA,NA,NA,0,NA
4544,0,0.040858416,0.744652366,0,0.031590094,0.744652366,2022,State,urban/rural,Owns Dwelling,sector_state,1,Lakshadweep,NA,NA,NA,NA,NA,NA,NA,NA,NA,NA,NA,NA,NA,NA,NA,NA,1,NA
4545,0.0058917,0.0814831,0.492143832,0.023388149,0.066936318,0.49280957,2022,State,urban/rural,Owns Dwelling,sector_state,1,Kerala,NA,NA,NA,NA,NA,NA,NA,NA,NA,NA,NA,NA,NA,NA,NA,NA,0,NA
4546,0.003991864,0.132505276,0.652887833,0.013925342,0.101733945,0.655478116,2022,State,urban/rural,Owns Dwelling,sector_state,1,Kerala,NA,NA,NA,NA,NA,NA,NA,NA,NA,NA,NA,NA,NA,NA,NA,NA,1,NA
4547,0.002046326,0.057136784,0.513801515,0.009130223,0.043272902,0.516041924,2022,State,urban/rural,Owns Dwelling,sector_state,1,Tamil Nadu,NA,NA,NA,NA,NA,NA,NA,NA,NA,NA,NA,NA,NA,NA,NA,NA,0,NA
4548,0.001121766,0.054027647,0.537123534,0.003796825,0.040618998,0.539337823,2022,State,urban/rural,Owns Dwelling,sector_state,1,Tamil Nadu,NA,NA,NA,NA,NA,NA,NA,NA,NA,NA,NA,NA,NA,NA,NA,NA,1,NA
4549,0,0.032488692,0.452137705,0,0.023677637,0.452137705,2022,State,urban/rural,Owns Dwelling,sector_state,1,Puducherry,NA,NA,NA,NA,NA,NA,NA,NA,NA,NA,NA,NA,NA,NA,NA,NA,0,NA
4550,0,0.071471458,0.445253547,0.010535722,0.068447555,0.445253547,2022,State,urban/rural,Owns Dwelling,sector_state,1,Puducherry,NA,NA,NA,NA,NA,NA,NA,NA,NA,NA,NA,NA,NA,NA,NA,NA,1,NA
4551,0,0.017453371,0.235060786,0,0.013551708,0.235060786,2022,State,urban/rural,Owns Dwelling,sector_state,1,A & N Island,NA,NA,NA,NA,NA,NA,NA,NA,NA,NA,NA,NA,NA,NA,NA,NA,0,NA
4552,0.001600273,0.001600273,0.257307628,0.001600273,0.001600273,0.257307628,2022,State,urban/rural,Owns Dwelling,sector_state,1,A & N Island,NA,NA,NA,NA,NA,NA,NA,NA,NA,NA,NA,NA,NA,NA,NA,NA,1,NA
4553,0,0.078341667,0.602452384,0.002116464,0.057687944,0.603956407,2022,State,urban/rural,Owns Dwelling,sector_state,1,Telangana,NA,NA,NA,NA,NA,NA,NA,NA,NA,NA,NA,NA,NA,NA,NA,NA,0,NA
4554,0.001965812,0.080180835,0.559676536,0.004015252,0.063190713,0.566650824,2022,State,urban/rural,Owns Dwelling,sector_state,1,Telangana,NA,NA,NA,NA,NA,NA,NA,NA,NA,NA,NA,NA,NA,NA,NA,NA,1,NA
4555,0.071470487,0.098949518,0.548951432,0.071470487,0.098949518,0.548951432,2022,State,urban/rural,Owns Dwelling,sector_state,1,Ladakh,NA,NA,NA,NA,NA,NA,NA,NA,NA,NA,NA,NA,NA,NA,NA,NA,0,NA
4556,0.027751556,0.167721048,0.679968464,0.034049614,0.131421067,0.683904749,2022,State,urban/rural,Owns Dwelling,sector_state,1,Ladakh,NA,NA,NA,NA,NA,NA,NA,NA,NA,NA,NA,NA,NA,NA,NA,NA,1,NA
4557,0.015371883,0.173453779,0.651004522,0.032475379,0.150013741,0.653277832,2022,National,All,Owns Land,allindia,99,India,NA,NA,NA,NA,NA,NA,NA,NA,NA,NA,NA,NA,NA,NA,NA,NA,NA,0
4558,0.023910478,0.286712317,0.82794435,0.053549647,0.243507073,0.829239096,2022,National,All,Owns Land,allindia,99,India,NA,NA,NA,NA,NA,NA,NA,NA,NA,NA,NA,NA,NA,NA,NA,NA,NA,1
4559,0.031266944,0.302323402,0.759717121,0.056135384,0.277225011,0.762618884,2022,National,urban/rural,Owns Land,sect_allindia,0,India,NA,NA,NA,NA,NA,NA,NA,NA,NA,NA,NA,NA,NA,NA,NA,NA,NA,0
4560,0.028225078,0.324899061,0.876702242,0.061947493,0.27681573,0.877786926,2022,National,urban/rural,Owns Land,sect_allindia,0,India,NA,NA,NA,NA,NA,NA,NA,NA,NA,NA,NA,NA,NA,NA,NA,NA,NA,1
4561,0.010198979,0.131514322,0.615624986,0.024775443,0.10861398,0.617693772,2022,National,urban/rural,Owns Land,sect_allindia,1,India,NA,NA,NA,NA,NA,NA,NA,NA,NA,NA,NA,NA,NA,NA,NA,NA,NA,0
4562,0.011572469,0.177513702,0.688516536,0.02953521,0.148257811,0.690411975,2022,National,urban/rural,Owns Land,sect_allindia,1,India,NA,NA,NA,NA,NA,NA,NA,NA,NA,NA,NA,NA,NA,NA,NA,NA,NA,1
4563,0.042021825,0.127272449,0.577228108,0.050399325,0.127272449,0.577228108,2022,State,All,Owns Land,state,99,Jammu & Kashmir,NA,NA,NA,NA,NA,NA,NA,NA,NA,NA,NA,NA,NA,NA,NA,NA,NA,0
4564,0.00695935,0.176493301,0.736067869,0.012807532,0.146650689,0.737305634,2022,State,All,Owns Land,state,99,Jammu & Kashmir,NA,NA,NA,NA,NA,NA,NA,NA,NA,NA,NA,NA,NA,NA,NA,NA,NA,1
4565,0,0.06653131,0.473438182,0.022516344,0.045992409,0.473438182,2022,State,All,Owns Land,state,99,Himachal Pradesh,NA,NA,NA,NA,NA,NA,NA,NA,NA,NA,NA,NA,NA,NA,NA,NA,NA,0
4566,0.002463115,0.07885891,0.627193631,0.006444094,0.057521599,0.628599229,2022,State,All,Owns Land,state,99,Himachal Pradesh,NA,NA,NA,NA,NA,NA,NA,NA,NA,NA,NA,NA,NA,NA,NA,NA,NA,1
4567,0.011995054,0.192415773,0.667737901,0.024529103,0.153064105,0.675427032,2022,State,All,Owns Land,state,99,Punjab,NA,NA,NA,NA,NA,NA,NA,NA,NA,NA,NA,NA,NA,NA,NA,NA,NA,0
4568,0.00208316,0.095295774,0.691979438,0.006514992,0.072982465,0.695591574,2022,State,All,Owns Land,state,99,Punjab,NA,NA,NA,NA,NA,NA,NA,NA,NA,NA,NA,NA,NA,NA,NA,NA,NA,1
4569,0,0,0.660049099,0,0,0.660049099,2022,State,All,Owns Land,state,99,Chandigarh,NA,NA,NA,NA,NA,NA,NA,NA,NA,NA,NA,NA,NA,NA,NA,NA,NA,0
4570,0,0.000164759,0.166758501,0,0,0.166758501,2022,State,All,Owns Land,state,99,Chandigarh,NA,NA,NA,NA,NA,NA,NA,NA,NA,NA,NA,NA,NA,NA,NA,NA,NA,1
4571,0,0.210618139,0.640200326,0.077557429,0.188138204,0.640200326,2022,State,All,Owns Land,state,99,Uttrakhand,NA,NA,NA,NA,NA,NA,NA,NA,NA,NA,NA,NA,NA,NA,NA,NA,NA,0
4572,0.008151698,0.194753116,0.766590087,0.026371236,0.161958956,0.766804509,2022,State,All,Owns Land,state,99,Uttrakhand,NA,NA,NA,NA,NA,NA,NA,NA,NA,NA,NA,NA,NA,NA,NA,NA,NA,1
4573,0.025703469,0.167697293,0.601219977,0.035814983,0.137602056,0.601219977,2022,State,All,Owns Land,state,99,Haryana,NA,NA,NA,NA,NA,NA,NA,NA,NA,NA,NA,NA,NA,NA,NA,NA,NA,0
4574,0.018316335,0.169306654,0.7359631,0.037829791,0.139292403,0.737519605,2022,State,All,Owns Land,state,99,Haryana,NA,NA,NA,NA,NA,NA,NA,NA,NA,NA,NA,NA,NA,NA,NA,NA,NA,1
4575,0.006256662,0.094803624,0.603797589,0.011614062,0.087847304,0.607523052,2022,State,All,Owns Land,state,99,Delhi,NA,NA,NA,NA,NA,NA,NA,NA,NA,NA,NA,NA,NA,NA,NA,NA,NA,0
4576,0.007029059,0.118102657,0.644356702,0.016642171,0.09699041,0.645352473,2022,State,All,Owns Land,state,99,Delhi,NA,NA,NA,NA,NA,NA,NA,NA,NA,NA,NA,NA,NA,NA,NA,NA,NA,1
4577,0.015859444,0.165948891,0.486237388,0.053131251,0.147077336,0.487460601,2022,State,All,Owns Land,state,99,Rajasthan,NA,NA,NA,NA,NA,NA,NA,NA,NA,NA,NA,NA,NA,NA,NA,NA,NA,0
4578,0.024880628,0.264263015,0.82451912,0.056938729,0.225361521,0.825548979,2022,State,All,Owns Land,state,99,Rajasthan,NA,NA,NA,NA,NA,NA,NA,NA,NA,NA,NA,NA,NA,NA,NA,NA,NA,1
4579,0.033457192,0.316599831,0.830047009,0.061629389,0.277522416,0.830976045,2022,State,All,Owns Land,state,99,Uttar Pradesh,NA,NA,NA,NA,NA,NA,NA,NA,NA,NA,NA,NA,NA,NA,NA,NA,NA,0
4580,0.021902013,0.36552469,0.901105964,0.057928514,0.30952793,0.902410049,2022,State,All,Owns Land,state,99,Uttar Pradesh,NA,NA,NA,NA,NA,NA,NA,NA,NA,NA,NA,NA,NA,NA,NA,NA,NA,1
4581,0.030308384,0.623055556,0.915577996,0.05311185,0.595357225,0.91749387,2022,State,All,Owns Land,state,99,Bihar,NA,NA,NA,NA,NA,NA,NA,NA,NA,NA,NA,NA,NA,NA,NA,NA,NA,0
4582,0.040951022,0.39566527,0.927379302,0.078251516,0.341927756,0.928483683,2022,State,All,Owns Land,state,99,Bihar,NA,NA,NA,NA,NA,NA,NA,NA,NA,NA,NA,NA,NA,NA,NA,NA,NA,1
4583,0,0.041496421,0.453107998,0,0.020748211,0.453107998,2022,State,All,Owns Land,state,99,Sikkim,NA,NA,NA,NA,NA,NA,NA,NA,NA,NA,NA,NA,NA,NA,NA,NA,NA,0
4584,0,0.025519465,0.423637754,0.001297776,0.020368073,0.424518944,2022,State,All,Owns Land,state,99,Sikkim,NA,NA,NA,NA,NA,NA,NA,NA,NA,NA,NA,NA,NA,NA,NA,NA,NA,1
4585,0.01319741,0.133188662,0.582304825,0.021341464,0.122290082,0.582997175,2022,State,All,Owns Land,state,99,Arunachal Pradesh,NA,NA,NA,NA,NA,NA,NA,NA,NA,NA,NA,NA,NA,NA,NA,NA,NA,0
4586,0.053814867,0.290164811,0.770847726,0.10206338,0.266005085,0.77128573,2022,State,All,Owns Land,state,99,Arunachal Pradesh,NA,NA,NA,NA,NA,NA,NA,NA,NA,NA,NA,NA,NA,NA,NA,NA,NA,1
4587,0.019934038,0.26103013,0.728178192,0.031034807,0.222898417,0.728178192,2022,State,All,Owns Land,state,99,Nagaland,NA,NA,NA,NA,NA,NA,NA,NA,NA,NA,NA,NA,NA,NA,NA,NA,NA,0
4588,0.030128586,0.285749293,0.835656304,0.054076575,0.24288907,0.837466695,2022,State,All,Owns Land,state,99,Nagaland,NA,NA,NA,NA,NA,NA,NA,NA,NA,NA,NA,NA,NA,NA,NA,NA,NA,1
4589,0,0.253849512,0.869894185,0,0.219996141,0.869894185,2022,State,All,Owns Land,state,99,Manipur,NA,NA,NA,NA,NA,NA,NA,NA,NA,NA,NA,NA,NA,NA,NA,NA,NA,0
4590,0.034118109,0.387238157,0.918903928,0.079217119,0.334518679,0.920250629,2022,State,All,Owns Land,state,99,Manipur,NA,NA,NA,NA,NA,NA,NA,NA,NA,NA,NA,NA,NA,NA,NA,NA,NA,1
4591,0.010892946,0.121224878,0.714972415,0.019404262,0.102894464,0.718148061,2022,State,All,Owns Land,state,99,Mizoram,NA,NA,NA,NA,NA,NA,NA,NA,NA,NA,NA,NA,NA,NA,NA,NA,NA,0
4592,0.008982386,0.153453696,0.739269604,0.017885529,0.116582338,0.741190418,2022,State,All,Owns Land,state,99,Mizoram,NA,NA,NA,NA,NA,NA,NA,NA,NA,NA,NA,NA,NA,NA,NA,NA,NA,1
4593,0,0.032362799,0.535735685,0,0.032362799,0.540250069,2022,State,All,Owns Land,state,99,Tripura,NA,NA,NA,NA,NA,NA,NA,NA,NA,NA,NA,NA,NA,NA,NA,NA,NA,0
4594,0.001249535,0.072009328,0.696732609,0.003772125,0.056192133,0.699678207,2022,State,All,Owns Land,state,99,Tripura,NA,NA,NA,NA,NA,NA,NA,NA,NA,NA,NA,NA,NA,NA,NA,NA,NA,1
4595,0.015301343,0.252643164,0.715713198,0.046390761,0.194490749,0.715713198,2022,State,All,Owns Land,state,99,Meghalaya,NA,NA,NA,NA,NA,NA,NA,NA,NA,NA,NA,NA,NA,NA,NA,NA,NA,0
4596,0.045879804,0.380308498,0.912161249,0.102103479,0.335906983,0.91283341,2022,State,All,Owns Land,state,99,Meghalaya,NA,NA,NA,NA,NA,NA,NA,NA,NA,NA,NA,NA,NA,NA,NA,NA,NA,1
4597,0.087718949,0.532247458,0.872616482,0.183253065,0.494148887,0.872616482,2022,State,All,Owns Land,state,99,Assam,NA,NA,NA,NA,NA,NA,NA,NA,NA,NA,NA,NA,NA,NA,NA,NA,NA,0
4598,0.037546364,0.418524975,0.929925734,0.084911337,0.360182571,0.93064265,2022,State,All,Owns Land,state,99,Assam,NA,NA,NA,NA,NA,NA,NA,NA,NA,NA,NA,NA,NA,NA,NA,NA,NA,1
4599,0.017184613,0.310604169,0.806465099,0.065486427,0.280515193,0.807822021,2022,State,All,Owns Land,state,99,West Bengal,NA,NA,NA,NA,NA,NA,NA,NA,NA,NA,NA,NA,NA,NA,NA,NA,NA,0
4600,0.01387752,0.286566218,0.856621268,0.036696544,0.235304856,0.857717297,2022,State,All,Owns Land,state,99,West Bengal,NA,NA,NA,NA,NA,NA,NA,NA,NA,NA,NA,NA,NA,NA,NA,NA,NA,1
4601,0.074339661,0.312251322,0.772267752,0.126666015,0.282888769,0.772267752,2022,State,All,Owns Land,state,99,Jharkhand,NA,NA,NA,NA,NA,NA,NA,NA,NA,NA,NA,NA,NA,NA,NA,NA,NA,0
4602,0.091205239,0.48977906,0.904207058,0.169676715,0.442785082,0.904606399,2022,State,All,Owns Land,state,99,Jharkhand,NA,NA,NA,NA,NA,NA,NA,NA,NA,NA,NA,NA,NA,NA,NA,NA,NA,1
4603,0.060346704,0.293013527,0.789575887,0.090334703,0.255465947,0.791500829,2022,State,All,Owns Land,state,99,Odisha,NA,NA,NA,NA,NA,NA,NA,NA,NA,NA,NA,NA,NA,NA,NA,NA,NA,0
4604,0.040015333,0.447587027,0.918752189,0.094705317,0.390699002,0.919245877,2022,State,All,Owns Land,state,99,Odisha,NA,NA,NA,NA,NA,NA,NA,NA,NA,NA,NA,NA,NA,NA,NA,NA,NA,1
4605,0.072054805,0.267140595,0.735511181,0.112719013,0.229879825,0.739261136,2022,State,All,Owns Land,state,99,Chhattisgarh,NA,NA,NA,NA,NA,NA,NA,NA,NA,NA,NA,NA,NA,NA,NA,NA,NA,0
4606,0.103906054,0.521470477,0.929614008,0.189547654,0.470097991,0.930369325,2022,State,All,Owns Land,state,99,Chhattisgarh,NA,NA,NA,NA,NA,NA,NA,NA,NA,NA,NA,NA,NA,NA,NA,NA,NA,1
4607,0.008141022,0.216322552,0.704456108,0.043822385,0.163511537,0.704456108,2022,State,All,Owns Land,state,99,Madhya Pradesh,NA,NA,NA,NA,NA,NA,NA,NA,NA,NA,NA,NA,NA,NA,NA,NA,NA,0
4608,0.019672457,0.311376601,0.883148231,0.051681125,0.25971178,0.883721271,2022,State,All,Owns Land,state,99,Madhya Pradesh,NA,NA,NA,NA,NA,NA,NA,NA,NA,NA,NA,NA,NA,NA,NA,NA,NA,1
4609,0.017751426,0.178105192,0.73428817,0.032436618,0.155073623,0.735002489,2022,State,All,Owns Land,state,99,Gujarat,NA,NA,NA,NA,NA,NA,NA,NA,NA,NA,NA,NA,NA,NA,NA,NA,NA,0
4610,0.0127162,0.271987018,0.832305969,0.037067416,0.228053333,0.833635313,2022,State,All,Owns Land,state,99,Gujarat,NA,NA,NA,NA,NA,NA,NA,NA,NA,NA,NA,NA,NA,NA,NA,NA,NA,1
4611,0.008357985,0.180755922,0.75251522,0.008357985,0.11743015,0.75251522,2022,State,All,Owns Land,state,99,Daman & Diu & D & N Haveli,NA,NA,NA,NA,NA,NA,NA,NA,NA,NA,NA,NA,NA,NA,NA,NA,NA,0
4612,0.080896335,0.323103487,0.867554038,0.131868549,0.298593954,0.871086069,2022,State,All,Owns Land,state,99,Daman & Diu & D & N Haveli,NA,NA,NA,NA,NA,NA,NA,NA,NA,NA,NA,NA,NA,NA,NA,NA,NA,1
4613,0.019270531,0.17268039,0.700819372,0.035909527,0.15178577,0.702723066,2022,State,All,Owns Land,state,99,Maharashtra,NA,NA,NA,NA,NA,NA,NA,NA,NA,NA,NA,NA,NA,NA,NA,NA,NA,0
4614,0.031950843,0.31221439,0.824203366,0.068169913,0.271214783,0.825379864,2022,State,All,Owns Land,state,99,Maharashtra,NA,NA,NA,NA,NA,NA,NA,NA,NA,NA,NA,NA,NA,NA,NA,NA,NA,1
4615,0.005634344,0.088231254,0.63067098,0.008171977,0.062974133,0.631132935,2022,State,All,Owns Land,state,99,Andhra Pradesh,NA,NA,NA,NA,NA,NA,NA,NA,NA,NA,NA,NA,NA,NA,NA,NA,NA,0
4616,0.004614421,0.124686932,0.700042481,0.011787154,0.09814153,0.701711333,2022,State,All,Owns Land,state,99,Andhra Pradesh,NA,NA,NA,NA,NA,NA,NA,NA,NA,NA,NA,NA,NA,NA,NA,NA,NA,1
4617,0.006381498,0.073720272,0.516845267,0.01653419,0.060759528,0.521155438,2022,State,All,Owns Land,state,99,Karnataka,NA,NA,NA,NA,NA,NA,NA,NA,NA,NA,NA,NA,NA,NA,NA,NA,NA,0
4618,0.002171086,0.131575687,0.71865274,0.01025488,0.105190244,0.72043057,2022,State,All,Owns Land,state,99,Karnataka,NA,NA,NA,NA,NA,NA,NA,NA,NA,NA,NA,NA,NA,NA,NA,NA,NA,1
4619,0.052428241,0.12366835,0.591821528,0.052428241,0.114348515,0.591821528,2022,State,All,Owns Land,state,99,Goa,NA,NA,NA,NA,NA,NA,NA,NA,NA,NA,NA,NA,NA,NA,NA,NA,NA,0
4620,0,0.016263634,0.518502518,0.0012023,0.009164852,0.522425826,2022,State,All,Owns Land,state,99,Goa,NA,NA,NA,NA,NA,NA,NA,NA,NA,NA,NA,NA,NA,NA,NA,NA,NA,1
4621,0,0,0.16587352,0,0,0.16587352,2022,State,All,Owns Land,state,99,Lakshadweep,NA,NA,NA,NA,NA,NA,NA,NA,NA,NA,NA,NA,NA,NA,NA,NA,NA,0
4622,0,0.03627256,0.710864395,0,0.029603418,0.710864395,2022,State,All,Owns Land,state,99,Lakshadweep,NA,NA,NA,NA,NA,NA,NA,NA,NA,NA,NA,NA,NA,NA,NA,NA,NA,1
4623,0.007315776,0.103031936,0.551558785,0.01833899,0.085752299,0.551558785,2022,State,All,Owns Land,state,99,Kerala,NA,NA,NA,NA,NA,NA,NA,NA,NA,NA,NA,NA,NA,NA,NA,NA,NA,0
4624,0.005151999,0.121841733,0.663988405,0.013988774,0.095276121,0.666023362,2022,State,All,Owns Land,state,99,Kerala,NA,NA,NA,NA,NA,NA,NA,NA,NA,NA,NA,NA,NA,NA,NA,NA,NA,1
4625,0.002388596,0.065011708,0.542313143,0.011067967,0.052218589,0.545320609,2022,State,All,Owns Land,state,99,Tamil Nadu,NA,NA,NA,NA,NA,NA,NA,NA,NA,NA,NA,NA,NA,NA,NA,NA,NA,0
4626,0.002285466,0.074526337,0.636802227,0.006796582,0.056584691,0.638439272,2022,State,All,Owns Land,state,99,Tamil Nadu,NA,NA,NA,NA,NA,NA,NA,NA,NA,NA,NA,NA,NA,NA,NA,NA,NA,1
4627,0,0.048009064,0.485695634,0,0.048009064,0.485695634,2022,State,All,Owns Land,state,99,Puducherry,NA,NA,NA,NA,NA,NA,NA,NA,NA,NA,NA,NA,NA,NA,NA,NA,NA,0
4628,0,0.050563384,0.531084366,0.00737172,0.043971758,0.531978094,2022,State,All,Owns Land,state,99,Puducherry,NA,NA,NA,NA,NA,NA,NA,NA,NA,NA,NA,NA,NA,NA,NA,NA,NA,1
4629,0.002309008,0.021492529,0.283237531,0.002309008,0.021492529,0.283237531,2022,State,All,Owns Land,state,99,A & N Island,NA,NA,NA,NA,NA,NA,NA,NA,NA,NA,NA,NA,NA,NA,NA,NA,NA,0
4630,0,0.010903787,0.367839128,0.000194884,0.004427652,0.369631326,2022,State,All,Owns Land,state,99,A & N Island,NA,NA,NA,NA,NA,NA,NA,NA,NA,NA,NA,NA,NA,NA,NA,NA,NA,1
4631,0.001081252,0.091929936,0.620600312,0.003447806,0.063908811,0.626271381,2022,State,All,Owns Land,state,99,Telangana,NA,NA,NA,NA,NA,NA,NA,NA,NA,NA,NA,NA,NA,NA,NA,NA,NA,0
4632,0.004557495,0.124749151,0.728389172,0.010345605,0.095756758,0.731581597,2022,State,All,Owns Land,state,99,Telangana,NA,NA,NA,NA,NA,NA,NA,NA,NA,NA,NA,NA,NA,NA,NA,NA,NA,1
4633,0.113618146,0.157302143,0.645501114,0.113618146,0.157302143,0.645501114,2022,State,All,Owns Land,state,99,Ladakh,NA,NA,NA,NA,NA,NA,NA,NA,NA,NA,NA,NA,NA,NA,NA,NA,NA,0
4634,0.037011313,0.291676286,0.828914754,0.0909207,0.271517019,0.835012005,2022,State,All,Owns Land,state,99,Ladakh,NA,NA,NA,NA,NA,NA,NA,NA,NA,NA,NA,NA,NA,NA,NA,NA,NA,1
4635,0,0,0.742287769,0,0,0.742287769,2022,State,urban/rural,Owns Land,sector_state,0,Jammu & Kashmir,NA,NA,NA,NA,NA,NA,NA,NA,NA,NA,NA,NA,NA,NA,NA,NA,NA,0
4636,0.007728869,0.205176162,0.777756248,0.013394451,0.171173975,0.778174488,2022,State,urban/rural,Owns Land,sector_state,0,Jammu & Kashmir,NA,NA,NA,NA,NA,NA,NA,NA,NA,NA,NA,NA,NA,NA,NA,NA,NA,1
4637,0,0.037910025,0.510739645,0,0,0.510739645,2022,State,urban/rural,Owns Land,sector_state,0,Himachal Pradesh,NA,NA,NA,NA,NA,NA,NA,NA,NA,NA,NA,NA,NA,NA,NA,NA,NA,0
4638,0.002692774,0.080135593,0.638264756,0.00583023,0.058808066,0.63980141,2022,State,urban/rural,Owns Land,sector_state,0,Himachal Pradesh,NA,NA,NA,NA,NA,NA,NA,NA,NA,NA,NA,NA,NA,NA,NA,NA,NA,1
4639,0,0.055189803,0.590656549,0,0.041956801,0.590656549,2022,State,urban/rural,Owns Land,sector_state,0,Punjab,NA,NA,NA,NA,NA,NA,NA,NA,NA,NA,NA,NA,NA,NA,NA,NA,NA,0
4640,0.002030681,0.098283391,0.733713435,0.005299112,0.075757813,0.736562731,2022,State,urban/rural,Owns Land,sector_state,0,Punjab,NA,NA,NA,NA,NA,NA,NA,NA,NA,NA,NA,NA,NA,NA,NA,NA,NA,1
4641,0,0,0.880731838,0,0,0.880731838,2022,State,urban/rural,Owns Land,sector_state,0,Chandigarh,NA,NA,NA,NA,NA,NA,NA,NA,NA,NA,NA,NA,NA,NA,NA,NA,NA,0
4642,0,0.005144237,0.410299731,0,0,0.410299731,2022,State,urban/rural,Owns Land,sector_state,0,Chandigarh,NA,NA,NA,NA,NA,NA,NA,NA,NA,NA,NA,NA,NA,NA,NA,NA,NA,1
4643,0,0.17176575,0.53211541,0,0.17176575,0.53211541,2022,State,urban/rural,Owns Land,sector_state,0,Uttrakhand,NA,NA,NA,NA,NA,NA,NA,NA,NA,NA,NA,NA,NA,NA,NA,NA,NA,0
4644,0.009063433,0.21375867,0.80830532,0.029106702,0.176065572,0.80830532,2022,State,urban/rural,Owns Land,sector_state,0,Uttrakhand,NA,NA,NA,NA,NA,NA,NA,NA,NA,NA,NA,NA,NA,NA,NA,NA,NA,1
4645,0.033249102,0.226044424,0.879029946,0.033249102,0.182820592,0.879029946,2022,State,urban/rural,Owns Land,sector_state,0,Haryana,NA,NA,NA,NA,NA,NA,NA,NA,NA,NA,NA,NA,NA,NA,NA,NA,NA,0
4646,0.019437019,0.192300622,0.813709828,0.043769056,0.157211418,0.815021045,2022,State,urban/rural,Owns Land,sector_state,0,Haryana,NA,NA,NA,NA,NA,NA,NA,NA,NA,NA,NA,NA,NA,NA,NA,NA,NA,1
4647,0,0.184027933,0.966063455,0,0.184027933,0.966063455,2022,State,urban/rural,Owns Land,sector_state,0,Delhi,NA,NA,NA,NA,NA,NA,NA,NA,NA,NA,NA,NA,NA,NA,NA,NA,NA,0
4648,0.00717462,0.05995824,0.677969254,0.009474414,0.055474103,0.677969254,2022,State,urban/rural,Owns Land,sector_state,0,Delhi,NA,NA,NA,NA,NA,NA,NA,NA,NA,NA,NA,NA,NA,NA,NA,NA,NA,1
4649,0.012478124,0.113370168,0.287822806,0.027348921,0.095899321,0.28897644,2022,State,urban/rural,Owns Land,sector_state,0,Rajasthan,NA,NA,NA,NA,NA,NA,NA,NA,NA,NA,NA,NA,NA,NA,NA,NA,NA,0
4650,0.029612693,0.29485769,0.859004093,0.066663059,0.252838267,0.860088954,2022,State,urban/rural,Owns Land,sector_state,0,Rajasthan,NA,NA,NA,NA,NA,NA,NA,NA,NA,NA,NA,NA,NA,NA,NA,NA,NA,1
4651,0.060147721,0.380959912,0.945705558,0.097515164,0.354914663,0.94822177,2022,State,urban/rural,Owns Land,sector_state,0,Uttar Pradesh,NA,NA,NA,NA,NA,NA,NA,NA,NA,NA,NA,NA,NA,NA,NA,NA,NA,0
4652,0.023395969,0.389344741,0.92421873,0.061720302,0.330174035,0.925417874,2022,State,urban/rural,Owns Land,sector_state,0,Uttar Pradesh,NA,NA,NA,NA,NA,NA,NA,NA,NA,NA,NA,NA,NA,NA,NA,NA,NA,1
4653,0.031745134,0.701458178,0.969295123,0.04597003,0.678037048,0.969295123,2022,State,urban/rural,Owns Land,sector_state,0,Bihar,NA,NA,NA,NA,NA,NA,NA,NA,NA,NA,NA,NA,NA,NA,NA,NA,NA,0
4654,0.042560065,0.405319863,0.936919407,0.080516465,0.350861812,0.93790815,2022,State,urban/rural,Owns Land,sector_state,0,Bihar,NA,NA,NA,NA,NA,NA,NA,NA,NA,NA,NA,NA,NA,NA,NA,NA,NA,1
4655,0,0.100354971,0.681069183,0,0.050177486,0.681069183,2022,State,urban/rural,Owns Land,sector_state,0,Sikkim,NA,NA,NA,NA,NA,NA,NA,NA,NA,NA,NA,NA,NA,NA,NA,NA,NA,0
4656,0,0.029285446,0.459460236,0.001231085,0.0235299,0.460652804,2022,State,urban/rural,Owns Land,sector_state,0,Sikkim,NA,NA,NA,NA,NA,NA,NA,NA,NA,NA,NA,NA,NA,NA,NA,NA,NA,1
4657,0.110331246,0.356669753,0.719269213,0.110331246,0.356669753,0.719269213,2022,State,urban/rural,Owns Land,sector_state,0,Arunachal Pradesh,NA,NA,NA,NA,NA,NA,NA,NA,NA,NA,NA,NA,NA,NA,NA,NA,NA,0
4658,0.062331028,0.319682337,0.804908754,0.11776762,0.292868809,0.805132885,2022,State,urban/rural,Owns Land,sector_state,0,Arunachal Pradesh,NA,NA,NA,NA,NA,NA,NA,NA,NA,NA,NA,NA,NA,NA,NA,NA,NA,1
4659,0.061489259,0.371888642,0.85124269,0.061489259,0.30185939,0.85124269,2022,State,urban/rural,Owns Land,sector_state,0,Nagaland,NA,NA,NA,NA,NA,NA,NA,NA,NA,NA,NA,NA,NA,NA,NA,NA,NA,0
4660,0.039795266,0.356496773,0.886987354,0.069027919,0.303149292,0.888715352,2022,State,urban/rural,Owns Land,sector_state,0,Nagaland,NA,NA,NA,NA,NA,NA,NA,NA,NA,NA,NA,NA,NA,NA,NA,NA,NA,1
4661,0,0.270160406,0.747931957,0,0.270160406,0.747931957,2022,State,urban/rural,Owns Land,sector_state,0,Manipur,NA,NA,NA,NA,NA,NA,NA,NA,NA,NA,NA,NA,NA,NA,NA,NA,NA,0
4662,0.038860689,0.408876896,0.926738021,0.089161644,0.355975466,0.928367239,2022,State,urban/rural,Owns Land,sector_state,0,Manipur,NA,NA,NA,NA,NA,NA,NA,NA,NA,NA,NA,NA,NA,NA,NA,NA,NA,1
4663,0.022771745,0.232400462,0.818837797,0.044339459,0.21776657,0.825322357,2022,State,urban/rural,Owns Land,sector_state,0,Mizoram,NA,NA,NA,NA,NA,NA,NA,NA,NA,NA,NA,NA,NA,NA,NA,NA,NA,0
4664,0.009513746,0.202272147,0.812143788,0.0224716,0.152918527,0.814827988,2022,State,urban/rural,Owns Land,sector_state,0,Mizoram,NA,NA,NA,NA,NA,NA,NA,NA,NA,NA,NA,NA,NA,NA,NA,NA,NA,1
4665,0,0,0.712027377,0,0,0.712027377,2022,State,urban/rural,Owns Land,sector_state,0,Tripura,NA,NA,NA,NA,NA,NA,NA,NA,NA,NA,NA,NA,NA,NA,NA,NA,NA,0
4666,0.001563018,0.085882344,0.747539825,0.004718474,0.066701942,0.750238218,2022,State,urban/rural,Owns Land,sector_state,0,Tripura,NA,NA,NA,NA,NA,NA,NA,NA,NA,NA,NA,NA,NA,NA,NA,NA,NA,1
4667,0.051476363,0.605430545,0.927359635,0.141959168,0.527517733,0.927359635,2022,State,urban/rural,Owns Land,sector_state,0,Meghalaya,NA,NA,NA,NA,NA,NA,NA,NA,NA,NA,NA,NA,NA,NA,NA,NA,NA,0
4668,0.049695345,0.41437367,0.93767084,0.110788778,0.365520779,0.937969172,2022,State,urban/rural,Owns Land,sector_state,0,Meghalaya,NA,NA,NA,NA,NA,NA,NA,NA,NA,NA,NA,NA,NA,NA,NA,NA,NA,1
4669,0.115447926,0.690779912,0.967346993,0.256494492,0.648604671,0.967346993,2022,State,urban/rural,Owns Land,sector_state,0,Assam,NA,NA,NA,NA,NA,NA,NA,NA,NA,NA,NA,NA,NA,NA,NA,NA,NA,0
4670,0.04049506,0.443985246,0.952963993,0.091375815,0.382372458,0.95365102,2022,State,urban/rural,Owns Land,sector_state,0,Assam,NA,NA,NA,NA,NA,NA,NA,NA,NA,NA,NA,NA,NA,NA,NA,NA,NA,1
4671,0.005770385,0.425837554,0.961096107,0.037930154,0.396898448,0.961096107,2022,State,urban/rural,Owns Land,sector_state,0,West Bengal,NA,NA,NA,NA,NA,NA,NA,NA,NA,NA,NA,NA,NA,NA,NA,NA,NA,0
4672,0.012079492,0.30709802,0.901838422,0.033726976,0.24927432,0.902932607,2022,State,urban/rural,Owns Land,sector_state,0,West Bengal,NA,NA,NA,NA,NA,NA,NA,NA,NA,NA,NA,NA,NA,NA,NA,NA,NA,1
4673,0.180879252,0.594856775,0.9335106,0.246653526,0.594856775,0.9335106,2022,State,urban/rural,Owns Land,sector_state,0,Jharkhand,NA,NA,NA,NA,NA,NA,NA,NA,NA,NA,NA,NA,NA,NA,NA,NA,NA,0
4674,0.102434504,0.532794047,0.929912292,0.189717681,0.483588395,0.930179549,2022,State,urban/rural,Owns Land,sector_state,0,Jharkhand,NA,NA,NA,NA,NA,NA,NA,NA,NA,NA,NA,NA,NA,NA,NA,NA,NA,1
4675,0.091295641,0.373721592,0.913720672,0.130044316,0.331084898,0.913720672,2022,State,urban/rural,Owns Land,sector_state,0,Odisha,NA,NA,NA,NA,NA,NA,NA,NA,NA,NA,NA,NA,NA,NA,NA,NA,NA,0
4676,0.041813099,0.47069145,0.940641213,0.099267472,0.411074694,0.941062025,2022,State,urban/rural,Owns Land,sector_state,0,Odisha,NA,NA,NA,NA,NA,NA,NA,NA,NA,NA,NA,NA,NA,NA,NA,NA,NA,1
4677,0.144439075,0.391908785,0.757739605,0.258865014,0.322388274,0.76903367,2022,State,urban/rural,Owns Land,sector_state,0,Chhattisgarh,NA,NA,NA,NA,NA,NA,NA,NA,NA,NA,NA,NA,NA,NA,NA,NA,NA,0
4678,0.118532024,0.572565542,0.958966566,0.214906388,0.516906881,0.959186879,2022,State,urban/rural,Owns Land,sector_state,0,Chhattisgarh,NA,NA,NA,NA,NA,NA,NA,NA,NA,NA,NA,NA,NA,NA,NA,NA,NA,1
4679,0,0.22297974,0.897322323,0.043489728,0.190652855,0.897322323,2022,State,urban/rural,Owns Land,sector_state,0,Madhya Pradesh,NA,NA,NA,NA,NA,NA,NA,NA,NA,NA,NA,NA,NA,NA,NA,NA,NA,0
4680,0.02291147,0.324298289,0.911660529,0.058200306,0.271373921,0.91220914,2022,State,urban/rural,Owns Land,sector_state,0,Madhya Pradesh,NA,NA,NA,NA,NA,NA,NA,NA,NA,NA,NA,NA,NA,NA,NA,NA,NA,1
4681,0,0.22517301,0.773655368,0,0.189302789,0.773655368,2022,State,urban/rural,Owns Land,sector_state,0,Gujarat,NA,NA,NA,NA,NA,NA,NA,NA,NA,NA,NA,NA,NA,NA,NA,NA,NA,0
4682,0.016222155,0.344513517,0.909331072,0.044549305,0.292453834,0.909848227,2022,State,urban/rural,Owns Land,sector_state,0,Gujarat,NA,NA,NA,NA,NA,NA,NA,NA,NA,NA,NA,NA,NA,NA,NA,NA,NA,1
4683,0.035121869,0.252389376,0.789548959,0.035121869,0.152460834,0.789548959,2022,State,urban/rural,Owns Land,sector_state,0,Daman & Diu & D & N Haveli,NA,NA,NA,NA,NA,NA,NA,NA,NA,NA,NA,NA,NA,NA,NA,NA,NA,0
4684,0.13619399,0.512657638,0.930121729,0.231989804,0.479544402,0.933703563,2022,State,urban/rural,Owns Land,sector_state,0,Daman & Diu & D & N Haveli,NA,NA,NA,NA,NA,NA,NA,NA,NA,NA,NA,NA,NA,NA,NA,NA,NA,1
4685,0.034920441,0.211348622,0.73999586,0.052589661,0.184383123,0.744582726,2022,State,urban/rural,Owns Land,sector_state,0,Maharashtra,NA,NA,NA,NA,NA,NA,NA,NA,NA,NA,NA,NA,NA,NA,NA,NA,NA,0
4686,0.041876528,0.375162616,0.88883211,0.085269875,0.326966441,0.889751924,2022,State,urban/rural,Owns Land,sector_state,0,Maharashtra,NA,NA,NA,NA,NA,NA,NA,NA,NA,NA,NA,NA,NA,NA,NA,NA,NA,1
4687,0.007078809,0.117732858,0.663143118,0.011542848,0.081880354,0.664902221,2022,State,urban/rural,Owns Land,sector_state,0,Andhra Pradesh,NA,NA,NA,NA,NA,NA,NA,NA,NA,NA,NA,NA,NA,NA,NA,NA,NA,0
4688,0.003062886,0.131046137,0.728264546,0.009173763,0.102044064,0.730046566,2022,State,urban/rural,Owns Land,sector_state,0,Andhra Pradesh,NA,NA,NA,NA,NA,NA,NA,NA,NA,NA,NA,NA,NA,NA,NA,NA,NA,1
4689,0.016784824,0.173141691,0.744092518,0.079661531,0.169825655,0.744092518,2022,State,urban/rural,Owns Land,sector_state,0,Karnataka,NA,NA,NA,NA,NA,NA,NA,NA,NA,NA,NA,NA,NA,NA,NA,NA,NA,0
4690,0.002144401,0.14512694,0.782898649,0.00979444,0.115312796,0.784790561,2022,State,urban/rural,Owns Land,sector_state,0,Karnataka,NA,NA,NA,NA,NA,NA,NA,NA,NA,NA,NA,NA,NA,NA,NA,NA,NA,1
4691,0,0.264768552,0.78784565,0,0.198897163,0.78784565,2022,State,urban/rural,Owns Land,sector_state,0,Goa,NA,NA,NA,NA,NA,NA,NA,NA,NA,NA,NA,NA,NA,NA,NA,NA,NA,0
4692,0,0.02587649,0.529494266,0.002613302,0.019920592,0.538021914,2022,State,urban/rural,Owns Land,sector_state,0,Goa,NA,NA,NA,NA,NA,NA,NA,NA,NA,NA,NA,NA,NA,NA,NA,NA,NA,1
4693,0,0,0.566901807,0,0,0.566901807,2022,State,urban/rural,Owns Land,sector_state,0,Lakshadweep,NA,NA,NA,NA,NA,NA,NA,NA,NA,NA,NA,NA,NA,NA,NA,NA,NA,0
4694,0,0.028159987,0.664184035,0,0.028159987,0.664184035,2022,State,urban/rural,Owns Land,sector_state,0,Lakshadweep,NA,NA,NA,NA,NA,NA,NA,NA,NA,NA,NA,NA,NA,NA,NA,NA,NA,1
4695,0,0.104498169,0.692046217,0,0.085586741,0.692046217,2022,State,urban/rural,Owns Land,sector_state,0,Kerala,NA,NA,NA,NA,NA,NA,NA,NA,NA,NA,NA,NA,NA,NA,NA,NA,NA,0
4696,0.006305729,0.117175928,0.681196532,0.013752921,0.093061884,0.682835543,2022,State,urban/rural,Owns Land,sector_state,0,Kerala,NA,NA,NA,NA,NA,NA,NA,NA,NA,NA,NA,NA,NA,NA,NA,NA,NA,1
4697,0,0.060415761,0.536157103,0.007215147,0.055764147,0.542981437,2022,State,urban/rural,Owns Land,sector_state,0,Tamil Nadu,NA,NA,NA,NA,NA,NA,NA,NA,NA,NA,NA,NA,NA,NA,NA,NA,NA,0
4698,0.003090823,0.089205116,0.710661014,0.008575421,0.068309163,0.711921945,2022,State,urban/rural,Owns Land,sector_state,0,Tamil Nadu,NA,NA,NA,NA,NA,NA,NA,NA,NA,NA,NA,NA,NA,NA,NA,NA,NA,1
4699,0,0.161375069,0.696378872,0,0.161375069,0.696378872,2022,State,urban/rural,Owns Land,sector_state,0,Puducherry,NA,NA,NA,NA,NA,NA,NA,NA,NA,NA,NA,NA,NA,NA,NA,NA,NA,0
4700,0,0.033531654,0.686700162,0.00677487,0.025361735,0.68920372,2022,State,urban/rural,Owns Land,sector_state,0,Puducherry,NA,NA,NA,NA,NA,NA,NA,NA,NA,NA,NA,NA,NA,NA,NA,NA,NA,1
4701,0,0,0.190290928,0,0,0.190290928,2022,State,urban/rural,Owns Land,sector_state,0,A & N Island,NA,NA,NA,NA,NA,NA,NA,NA,NA,NA,NA,NA,NA,NA,NA,NA,NA,0
4702,0,0.015085212,0.44140696,0.000293341,0.006664544,0.444104594,2022,State,urban/rural,Owns Land,sector_state,0,A & N Island,NA,NA,NA,NA,NA,NA,NA,NA,NA,NA,NA,NA,NA,NA,NA,NA,NA,1
4703,0.023482472,0.065822098,0.772115995,0.023482472,0.031950397,0.836572652,2022,State,urban/rural,Owns Land,sector_state,0,Telangana,NA,NA,NA,NA,NA,NA,NA,NA,NA,NA,NA,NA,NA,NA,NA,NA,NA,0
4704,0.00644776,0.154511029,0.822769075,0.014512108,0.117624542,0.824983815,2022,State,urban/rural,Owns Land,sector_state,0,Telangana,NA,NA,NA,NA,NA,NA,NA,NA,NA,NA,NA,NA,NA,NA,NA,NA,NA,1
4705,0,0,1,0,0,1,2022,State,urban/rural,Owns Land,sector_state,0,Ladakh,NA,NA,NA,NA,NA,NA,NA,NA,NA,NA,NA,NA,NA,NA,NA,NA,NA,0
4706,0.038611502,0.310705421,0.850945712,0.099147798,0.292341629,0.857386588,2022,State,urban/rural,Owns Land,sector_state,0,Ladakh,NA,NA,NA,NA,NA,NA,NA,NA,NA,NA,NA,NA,NA,NA,NA,NA,NA,1
4707,0.048261827,0.146171683,0.552717687,0.057883338,0.146171683,0.552717687,2022,State,urban/rural,Owns Land,sector_state,1,Jammu & Kashmir,NA,NA,NA,NA,NA,NA,NA,NA,NA,NA,NA,NA,NA,NA,NA,NA,NA,0
4708,0.00418752,0.073176702,0.585904979,0.01069343,0.058317016,0.5900947,2022,State,urban/rural,Owns Land,sector_state,1,Jammu & Kashmir,NA,NA,NA,NA,NA,NA,NA,NA,NA,NA,NA,NA,NA,NA,NA,NA,NA,1
4709,0,0.0964911,0.434392277,0.04608569,0.094135702,0.434392277,2022,State,urban/rural,Owns Land,sector_state,1,Himachal Pradesh,NA,NA,NA,NA,NA,NA,NA,NA,NA,NA,NA,NA,NA,NA,NA,NA,NA,0
4710,0,0.065166337,0.508454519,0.013027853,0.043724089,0.508454519,2022,State,urban/rural,Owns Land,sector_state,1,Himachal Pradesh,NA,NA,NA,NA,NA,NA,NA,NA,NA,NA,NA,NA,NA,NA,NA,NA,NA,1
4711,0.015673562,0.234498682,0.691376339,0.032051411,0.187137237,0.701423486,2022,State,urban/rural,Owns Land,sector_state,1,Punjab,NA,NA,NA,NA,NA,NA,NA,NA,NA,NA,NA,NA,NA,NA,NA,NA,NA,0
4712,0.002185658,0.089460517,0.610466763,0.008889787,0.067561799,0.615568836,2022,State,urban/rural,Owns Land,sector_state,1,Punjab,NA,NA,NA,NA,NA,NA,NA,NA,NA,NA,NA,NA,NA,NA,NA,NA,NA,1
4713,0,0,0,0,0,0,2022,State,urban/rural,Owns Land,sector_state,1,Chandigarh,NA,NA,NA,NA,NA,NA,NA,NA,NA,NA,NA,NA,NA,NA,NA,NA,NA,0
4714,0,0,0.158700305,0,0,0.158700305,2022,State,urban/rural,Owns Land,sector_state,1,Chandigarh,NA,NA,NA,NA,NA,NA,NA,NA,NA,NA,NA,NA,NA,NA,NA,NA,NA,1
4715,0,0.217936916,0.660560706,0.092167226,0.191222347,0.660560706,2022,State,urban/rural,Owns Land,sector_state,1,Uttrakhand,NA,NA,NA,NA,NA,NA,NA,NA,NA,NA,NA,NA,NA,NA,NA,NA,NA,0
4716,0.004485771,0.118335146,0.598860517,0.015372409,0.105238745,0.599937091,2022,State,urban/rural,Owns Land,sector_state,1,Uttrakhand,NA,NA,NA,NA,NA,NA,NA,NA,NA,NA,NA,NA,NA,NA,NA,NA,NA,1
4717,0.023476878,0.15048002,0.519242853,0.036572133,0.124258815,0.519242853,2022,State,urban/rural,Owns Land,sector_state,1,Haryana,NA,NA,NA,NA,NA,NA,NA,NA,NA,NA,NA,NA,NA,NA,NA,NA,NA,0
4718,0.016156765,0.124997074,0.586144466,0.026384774,0.104762302,0.588173642,2022,State,urban/rural,Owns Land,sector_state,1,Haryana,NA,NA,NA,NA,NA,NA,NA,NA,NA,NA,NA,NA,NA,NA,NA,NA,NA,1
4719,0.006391708,0.092877789,0.59597837,0.011864742,0.085771322,0.599784243,2022,State,urban/rural,Owns Land,sector_state,1,Delhi,NA,NA,NA,NA,NA,NA,NA,NA,NA,NA,NA,NA,NA,NA,NA,NA,NA,0
4720,0.007026397,0.119166267,0.643741842,0.016773287,0.09774985,0.644755828,2022,State,urban/rural,Owns Land,sector_state,1,Delhi,NA,NA,NA,NA,NA,NA,NA,NA,NA,NA,NA,NA,NA,NA,NA,NA,NA,1
4721,0.018497366,0.206967969,0.641029724,0.073245232,0.187003658,0.642307219,2022,State,urban/rural,Owns Land,sector_state,1,Rajasthan,NA,NA,NA,NA,NA,NA,NA,NA,NA,NA,NA,NA,NA,NA,NA,NA,NA,0
4722,0.009117464,0.16234791,0.709644892,0.024545638,0.133832668,0.710491532,2022,State,urban/rural,Owns Land,sector_state,1,Rajasthan,NA,NA,NA,NA,NA,NA,NA,NA,NA,NA,NA,NA,NA,NA,NA,NA,NA,1
4723,0.017834195,0.278927391,0.762347596,0.040624061,0.232221748,0.762347596,2022,State,urban/rural,Owns Land,sector_state,1,Uttar Pradesh,NA,NA,NA,NA,NA,NA,NA,NA,NA,NA,NA,NA,NA,NA,NA,NA,NA,0
4724,0.015729068,0.267101577,0.805605309,0.04226106,0.224219382,0.807343006,2022,State,urban/rural,Owns Land,sector_state,1,Uttar Pradesh,NA,NA,NA,NA,NA,NA,NA,NA,NA,NA,NA,NA,NA,NA,NA,NA,NA,1
4725,0.024050647,0.281574583,0.681614182,0.084217899,0.235246996,0.691874604,2022,State,urban/rural,Owns Land,sector_state,1,Bihar,NA,NA,NA,NA,NA,NA,NA,NA,NA,NA,NA,NA,NA,NA,NA,NA,NA,0
4726,0.021280812,0.277639923,0.810753544,0.050563002,0.232710826,0.813271575,2022,State,urban/rural,Owns Land,sector_state,1,Bihar,NA,NA,NA,NA,NA,NA,NA,NA,NA,NA,NA,NA,NA,NA,NA,NA,NA,1
4727,0,0,0.292390932,0,0,0.292390932,2022,State,urban/rural,Owns Land,sector_state,1,Sikkim,NA,NA,NA,NA,NA,NA,NA,NA,NA,NA,NA,NA,NA,NA,NA,NA,NA,0
4728,0,0.014861831,0.322261031,0.001486507,0.011420182,0.322261031,2022,State,urban/rural,Owns Land,sector_state,1,Sikkim,NA,NA,NA,NA,NA,NA,NA,NA,NA,NA,NA,NA,NA,NA,NA,NA,NA,1
4729,0.003796782,0.111560129,0.56904939,0.012729019,0.099606782,0.569808747,2022,State,urban/rural,Owns Land,sector_state,1,Arunachal Pradesh,NA,NA,NA,NA,NA,NA,NA,NA,NA,NA,NA,NA,NA,NA,NA,NA,NA,0
4730,0.004230176,0.118301292,0.572530013,0.010626653,0.109593122,0.574213277,2022,State,urban/rural,Owns Land,sector_state,1,Arunachal Pradesh,NA,NA,NA,NA,NA,NA,NA,NA,NA,NA,NA,NA,NA,NA,NA,NA,NA,1
4731,0,0.207851306,0.669144157,0.016425807,0.185020842,0.669144157,2022,State,urban/rural,Owns Land,sector_state,1,Nagaland,NA,NA,NA,NA,NA,NA,NA,NA,NA,NA,NA,NA,NA,NA,NA,NA,NA,0
4732,0.000410533,0.068251943,0.677850439,0.008112004,0.057632454,0.679914126,2022,State,urban/rural,Owns Land,sector_state,1,Nagaland,NA,NA,NA,NA,NA,NA,NA,NA,NA,NA,NA,NA,NA,NA,NA,NA,NA,1
4733,0,0.245034042,0.935810519,0,0.192884104,0.935810519,2022,State,urban/rural,Owns Land,sector_state,1,Manipur,NA,NA,NA,NA,NA,NA,NA,NA,NA,NA,NA,NA,NA,NA,NA,NA,NA,0
4734,0.021163112,0.32812902,0.897504047,0.052052305,0.275906569,0.898079013,2022,State,urban/rural,Owns Land,sector_state,1,Manipur,NA,NA,NA,NA,NA,NA,NA,NA,NA,NA,NA,NA,NA,NA,NA,NA,NA,1
4735,0.003149293,0.048750792,0.647263766,0.003149293,0.028010658,0.648282369,2022,State,urban/rural,Owns Land,sector_state,1,Mizoram,NA,NA,NA,NA,NA,NA,NA,NA,NA,NA,NA,NA,NA,NA,NA,NA,NA,0
4736,0.008175504,0.079321919,0.628608724,0.01092149,0.061405121,0.629370321,2022,State,urban/rural,Owns Land,sector_state,1,Mizoram,NA,NA,NA,NA,NA,NA,NA,NA,NA,NA,NA,NA,NA,NA,NA,NA,NA,1
4737,0,0.043231069,0.476532349,0,0.043231069,0.48256278,2022,State,urban/rural,Owns Land,sector_state,1,Tripura,NA,NA,NA,NA,NA,NA,NA,NA,NA,NA,NA,NA,NA,NA,NA,NA,NA,0
4738,0,0.016711826,0.4942163,0,0.014300295,0.498147247,2022,State,urban/rural,Owns Land,sector_state,1,Tripura,NA,NA,NA,NA,NA,NA,NA,NA,NA,NA,NA,NA,NA,NA,NA,NA,NA,1
4739,0.005328201,0.155382719,0.657364096,0.020043374,0.102678075,0.657364096,2022,State,urban/rural,Owns Land,sector_state,1,Meghalaya,NA,NA,NA,NA,NA,NA,NA,NA,NA,NA,NA,NA,NA,NA,NA,NA,NA,0
4740,0.01597331,0.11330316,0.712215185,0.034027458,0.103791852,0.715817451,2022,State,urban/rural,Owns Land,sector_state,1,Meghalaya,NA,NA,NA,NA,NA,NA,NA,NA,NA,NA,NA,NA,NA,NA,NA,NA,NA,1
4741,0.037190087,0.243363227,0.699994723,0.049789583,0.212693326,0.699994723,2022,State,urban/rural,Owns Land,sector_state,1,Assam,NA,NA,NA,NA,NA,NA,NA,NA,NA,NA,NA,NA,NA,NA,NA,NA,NA,0
4742,0.010839369,0.187925676,0.721263135,0.026361129,0.159203863,0.722250773,2022,State,urban/rural,Owns Land,sector_state,1,Assam,NA,NA,NA,NA,NA,NA,NA,NA,NA,NA,NA,NA,NA,NA,NA,NA,NA,1
4743,0.019078226,0.291487026,0.780811918,0.070057995,0.261207289,0.782393952,2022,State,urban/rural,Owns Land,sector_state,1,West Bengal,NA,NA,NA,NA,NA,NA,NA,NA,NA,NA,NA,NA,NA,NA,NA,NA,NA,0
4744,0.018991779,0.228166138,0.72800687,0.045143102,0.195570509,0.729108147,2022,State,urban/rural,Owns Land,sector_state,1,West Bengal,NA,NA,NA,NA,NA,NA,NA,NA,NA,NA,NA,NA,NA,NA,NA,NA,NA,1
4745,0.053271458,0.256366099,0.740381981,0.102938486,0.221197101,0.740381981,2022,State,urban/rural,Owns Land,sector_state,1,Jharkhand,NA,NA,NA,NA,NA,NA,NA,NA,NA,NA,NA,NA,NA,NA,NA,NA,NA,0
4746,0.038135441,0.28648912,0.782723456,0.074962592,0.249947566,0.783747031,2022,State,urban/rural,Owns Land,sector_state,1,Jharkhand,NA,NA,NA,NA,NA,NA,NA,NA,NA,NA,NA,NA,NA,NA,NA,NA,NA,1
4747,0.024149401,0.198618869,0.644378447,0.043891075,0.167023423,0.648554765,2022,State,urban/rural,Owns Land,sector_state,1,Odisha,NA,NA,NA,NA,NA,NA,NA,NA,NA,NA,NA,NA,NA,NA,NA,NA,NA,0
4748,0.028154763,0.29515813,0.774341758,0.064606995,0.256272612,0.775316234,2022,State,urban/rural,Owns Land,sector_state,1,Odisha,NA,NA,NA,NA,NA,NA,NA,NA,NA,NA,NA,NA,NA,NA,NA,NA,NA,1
4749,0.036074711,0.205121992,0.724462084,0.040074129,0.183896592,0.724462084,2022,State,urban/rural,Owns Land,sector_state,1,Chhattisgarh,NA,NA,NA,NA,NA,NA,NA,NA,NA,NA,NA,NA,NA,NA,NA,NA,NA,0
4750,0.037262448,0.288654514,0.795868333,0.073999937,0.256812098,0.799061404,2022,State,urban/rural,Owns Land,sector_state,1,Chhattisgarh,NA,NA,NA,NA,NA,NA,NA,NA,NA,NA,NA,NA,NA,NA,NA,NA,NA,1
4751,0.009379829,0.215309537,0.675107949,0.043873004,0.159381484,0.675107949,2022,State,urban/rural,Owns Land,sector_state,1,Madhya Pradesh,NA,NA,NA,NA,NA,NA,NA,NA,NA,NA,NA,NA,NA,NA,NA,NA,NA,0
4752,0.009273707,0.269891935,0.791610407,0.030751502,0.222270848,0.792261875,2022,State,urban/rural,Owns Land,sector_state,1,Madhya Pradesh,NA,NA,NA,NA,NA,NA,NA,NA,NA,NA,NA,NA,NA,NA,NA,NA,NA,1
4753,0.019432394,0.173648113,0.7305603,0.035508198,0.151832298,0.731342261,2022,State,urban/rural,Owns Land,sector_state,1,Gujarat,NA,NA,NA,NA,NA,NA,NA,NA,NA,NA,NA,NA,NA,NA,NA,NA,NA,0
4754,0.006843585,0.150502254,0.703285862,0.024534954,0.120179938,0.705975657,2022,State,urban/rural,Owns Land,sector_state,1,Gujarat,NA,NA,NA,NA,NA,NA,NA,NA,NA,NA,NA,NA,NA,NA,NA,NA,NA,1
4755,0,0.158385803,0.740950105,0,0.106490561,0.740950105,2022,State,urban/rural,Owns Land,sector_state,1,Daman & Diu & D & N Haveli,NA,NA,NA,NA,NA,NA,NA,NA,NA,NA,NA,NA,NA,NA,NA,NA,NA,0
4756,0.018013306,0.10754752,0.796403715,0.018013306,0.092821892,0.799879112,2022,State,urban/rural,Owns Land,sector_state,1,Daman & Diu & D & N Haveli,NA,NA,NA,NA,NA,NA,NA,NA,NA,NA,NA,NA,NA,NA,NA,NA,NA,1
4757,0.014426388,0.160711349,0.688693009,0.030746498,0.141695858,0.689766177,2022,State,urban/rural,Owns Land,sector_state,1,Maharashtra,NA,NA,NA,NA,NA,NA,NA,NA,NA,NA,NA,NA,NA,NA,NA,NA,NA,0
4758,0.017255407,0.219016623,0.728517513,0.042852626,0.188671868,0.730074045,2022,State,urban/rural,Owns Land,sector_state,1,Maharashtra,NA,NA,NA,NA,NA,NA,NA,NA,NA,NA,NA,NA,NA,NA,NA,NA,NA,1
4759,0.005119924,0.077724786,0.61910661,0.006971502,0.056241022,0.61910661,2022,State,urban/rural,Owns Land,sector_state,1,Andhra Pradesh,NA,NA,NA,NA,NA,NA,NA,NA,NA,NA,NA,NA,NA,NA,NA,NA,NA,0
4760,0.00929523,0.105501914,0.614899634,0.019671465,0.086368014,0.616227069,2022,State,urban/rural,Owns Land,sector_state,1,Andhra Pradesh,NA,NA,NA,NA,NA,NA,NA,NA,NA,NA,NA,NA,NA,NA,NA,NA,NA,1
4761,0.004902,0.059581162,0.484527543,0.007556603,0.045248806,0.48945068,2022,State,urban/rural,Owns Land,sector_state,1,Karnataka,NA,NA,NA,NA,NA,NA,NA,NA,NA,NA,NA,NA,NA,NA,NA,NA,NA,0
4762,0.002233065,0.100101978,0.569437236,0.011324284,0.081679929,0.570950105,2022,State,urban/rural,Owns Land,sector_state,1,Karnataka,NA,NA,NA,NA,NA,NA,NA,NA,NA,NA,NA,NA,NA,NA,NA,NA,NA,1
4763,0.061068544,0.10041469,0.559516271,0.061068544,0.10041469,0.559516271,2022,State,urban/rural,Owns Land,sector_state,1,Goa,NA,NA,NA,NA,NA,NA,NA,NA,NA,NA,NA,NA,NA,NA,NA,NA,NA,0
4764,0,0.008072621,0.509136566,0,0,0.509136566,2022,State,urban/rural,Owns Land,sector_state,1,Goa,NA,NA,NA,NA,NA,NA,NA,NA,NA,NA,NA,NA,NA,NA,NA,NA,NA,1
4765,0,0,0.084321794,0,0,0.084321794,2022,State,urban/rural,Owns Land,sector_state,1,Lakshadweep,NA,NA,NA,NA,NA,NA,NA,NA,NA,NA,NA,NA,NA,NA,NA,NA,NA,0
4766,0,0.038891567,0.725934362,0,0.030069405,0.725934362,2022,State,urban/rural,Owns Land,sector_state,1,Lakshadweep,NA,NA,NA,NA,NA,NA,NA,NA,NA,NA,NA,NA,NA,NA,NA,NA,NA,1
4767,0.010583195,0.102377078,0.488813388,0.026529667,0.085826241,0.488813388,2022,State,urban/rural,Owns Land,sector_state,1,Kerala,NA,NA,NA,NA,NA,NA,NA,NA,NA,NA,NA,NA,NA,NA,NA,NA,NA,0
4768,0.003736644,0.127565577,0.642878086,0.01427811,0.097992469,0.645398776,2022,State,urban/rural,Owns Land,sector_state,1,Kerala,NA,NA,NA,NA,NA,NA,NA,NA,NA,NA,NA,NA,NA,NA,NA,NA,NA,1
4769,0.002886455,0.065969649,0.543596257,0.011871016,0.051479583,0.545808166,2022,State,urban/rural,Owns Land,sector_state,1,Tamil Nadu,NA,NA,NA,NA,NA,NA,NA,NA,NA,NA,NA,NA,NA,NA,NA,NA,NA,0
4770,0.001012586,0.051326301,0.520067282,0.003985099,0.038053983,0.522298781,2022,State,urban/rural,Owns Land,sector_state,1,Tamil Nadu,NA,NA,NA,NA,NA,NA,NA,NA,NA,NA,NA,NA,NA,NA,NA,NA,NA,1
4771,0,0.040027641,0.470862685,0,0.040027641,0.470862685,2022,State,urban/rural,Owns Land,sector_state,1,Puducherry,NA,NA,NA,NA,NA,NA,NA,NA,NA,NA,NA,NA,NA,NA,NA,NA,NA,0
4772,0,0.060018886,0.444691172,0.007703074,0.054303481,0.444691172,2022,State,urban/rural,Owns Land,sector_state,1,Puducherry,NA,NA,NA,NA,NA,NA,NA,NA,NA,NA,NA,NA,NA,NA,NA,NA,NA,1
4773,0.003053597,0.028423252,0.313210136,0.003053597,0.028423252,0.313210136,2022,State,urban/rural,Owns Land,sector_state,1,A & N Island,NA,NA,NA,NA,NA,NA,NA,NA,NA,NA,NA,NA,NA,NA,NA,NA,NA,0
4774,0,0.002627173,0.222220678,0,0,0.222220678,2022,State,urban/rural,Owns Land,sector_state,1,A & N Island,NA,NA,NA,NA,NA,NA,NA,NA,NA,NA,NA,NA,NA,NA,NA,NA,NA,1
4775,0,0.093190097,0.613287024,0.002480782,0.065451365,0.616120657,2022,State,urban/rural,Owns Land,sector_state,1,Telangana,NA,NA,NA,NA,NA,NA,NA,NA,NA,NA,NA,NA,NA,NA,NA,NA,NA,0
4776,0.001365225,0.074487441,0.569000864,0.003309237,0.058826553,0.573844398,2022,State,urban/rural,Owns Land,sector_state,1,Telangana,NA,NA,NA,NA,NA,NA,NA,NA,NA,NA,NA,NA,NA,NA,NA,NA,NA,1
4777,0.144759413,0.200416629,0.548337545,0.144759413,0.200416629,0.548337545,2022,State,urban/rural,Owns Land,sector_state,1,Ladakh,NA,NA,NA,NA,NA,NA,NA,NA,NA,NA,NA,NA,NA,NA,NA,NA,NA,0
4778,0.025385002,0.153418393,0.668846848,0.031145984,0.120213945,0.672447461,2022,State,urban/rural,Owns Land,sector_state,1,Ladakh,NA,NA,NA,NA,NA,NA,NA,NA,NA,NA,NA,NA,NA,NA,NA,NA,NA,1
