,inc_selfemp,inc_salaried,inc_casual,year,level,area,SourceSheet,sector2,state,hhsize_cat1,hhsize_cat2,hhsize_cat3,hhsize_cat4,edu_cat1,edu_cat2,edu_cat3,edu_cat4,edu_cat5,edu_cat6,gender_cat1,gender_cat2,age_cat1,age_cat2,age_cat3,age_cat4,owns_land
1,0.238425836,0.113889106,0.142321602,2022,allindia,All,allindia,99,India,NA,NA,NA,NA,NA,NA,NA,NA,NA,NA,NA,NA,NA,NA,NA,NA,NA
2,0.257000715,0.075008266,0.168435141,2022,allindia,urban/rural,sect_allindia,0,India,NA,NA,NA,NA,NA,NA,NA,NA,NA,NA,NA,NA,NA,NA,NA,NA,NA
3,0.19172135,0.211671978,0.076595791,2022,allindia,urban/rural,sect_allindia,1,India,NA,NA,NA,NA,NA,NA,NA,NA,NA,NA,NA,NA,NA,NA,NA,NA,NA
4,0.233323559,0.161890402,0.124199964,2022,state,All,state,99,Jammu & Kashmir,NA,NA,NA,NA,NA,NA,NA,NA,NA,NA,NA,NA,NA,NA,NA,NA,NA
5,0.255501807,0.127622366,0.083060816,2022,state,All,state,99,Himachal Pradesh,NA,NA,NA,NA,NA,NA,NA,NA,NA,NA,NA,NA,NA,NA,NA,NA,NA
6,0.217438444,0.124830581,0.147207782,2022,state,All,state,99,Punjab,NA,NA,NA,NA,NA,NA,NA,NA,NA,NA,NA,NA,NA,NA,NA,NA,NA
7,0.138817251,0.226477757,0.02801061,2022,state,All,state,99,Chandigarh,NA,NA,NA,NA,NA,NA,NA,NA,NA,NA,NA,NA,NA,NA,NA,NA,NA
8,0.231039375,0.136205524,0.117317162,2022,state,All,state,99,Uttrakhand,NA,NA,NA,NA,NA,NA,NA,NA,NA,NA,NA,NA,NA,NA,NA,NA,NA
9,0.209408373,0.145777091,0.134067148,2022,state,All,state,99,Haryana,NA,NA,NA,NA,NA,NA,NA,NA,NA,NA,NA,NA,NA,NA,NA,NA,NA
10,0.17973575,0.216184497,0.042841204,2022,state,All,state,99,Delhi,NA,NA,NA,NA,NA,NA,NA,NA,NA,NA,NA,NA,NA,NA,NA,NA,NA
11,0.302960336,0.092915304,0.11807856,2022,state,All,state,99,Rajasthan,NA,NA,NA,NA,NA,NA,NA,NA,NA,NA,NA,NA,NA,NA,NA,NA,NA
12,0.270559132,0.074394122,0.141315609,2022,state,All,state,99,Uttar Pradesh,NA,NA,NA,NA,NA,NA,NA,NA,NA,NA,NA,NA,NA,NA,NA,NA,NA
13,0.226805091,0.123022348,0.195603013,2022,state,All,state,99,Bihar,NA,NA,NA,NA,NA,NA,NA,NA,NA,NA,NA,NA,NA,NA,NA,NA,NA
14,0.270492911,0.225758001,0.046629291,2022,state,All,state,99,Sikkim,NA,NA,NA,NA,NA,NA,NA,NA,NA,NA,NA,NA,NA,NA,NA,NA,NA
15,0.336720228,0.148788065,0.0218534,2022,state,All,state,99,Arunachal Pradesh,NA,NA,NA,NA,NA,NA,NA,NA,NA,NA,NA,NA,NA,NA,NA,NA,NA
16,0.37466225,0.141377673,0.024220932,2022,state,All,state,99,Nagaland,NA,NA,NA,NA,NA,NA,NA,NA,NA,NA,NA,NA,NA,NA,NA,NA,NA
17,0.311624348,0.136426315,0.085103489,2022,state,All,state,99,Manipur,NA,NA,NA,NA,NA,NA,NA,NA,NA,NA,NA,NA,NA,NA,NA,NA,NA
18,0.255958706,0.170877591,0.056908131,2022,state,All,state,99,Mizoram,NA,NA,NA,NA,NA,NA,NA,NA,NA,NA,NA,NA,NA,NA,NA,NA,NA
19,0.255126595,0.08390478,0.143694893,2022,state,All,state,99,Tripura,NA,NA,NA,NA,NA,NA,NA,NA,NA,NA,NA,NA,NA,NA,NA,NA,NA
20,0.313369334,0.11765857,0.125296816,2022,state,All,state,99,Meghalaya,NA,NA,NA,NA,NA,NA,NA,NA,NA,NA,NA,NA,NA,NA,NA,NA,NA
21,0.240194798,0.096194446,0.187737912,2022,state,All,state,99,Assam,NA,NA,NA,NA,NA,NA,NA,NA,NA,NA,NA,NA,NA,NA,NA,NA,NA
22,0.207947969,0.105943061,0.178083196,2022,state,All,state,99,West Bengal,NA,NA,NA,NA,NA,NA,NA,NA,NA,NA,NA,NA,NA,NA,NA,NA,NA
23,0.24247627,0.099402189,0.161355123,2022,state,All,state,99,Jharkhand,NA,NA,NA,NA,NA,NA,NA,NA,NA,NA,NA,NA,NA,NA,NA,NA,NA
24,0.241081655,0.073615439,0.162150875,2022,state,All,state,99,Odisha,NA,NA,NA,NA,NA,NA,NA,NA,NA,NA,NA,NA,NA,NA,NA,NA,NA
25,0.277044326,0.11227379,0.11691577,2022,state,All,state,99,Chhattisgarh,NA,NA,NA,NA,NA,NA,NA,NA,NA,NA,NA,NA,NA,NA,NA,NA,NA
26,0.28496924,0.067396872,0.161425903,2022,state,All,state,99,Madhya Pradesh,NA,NA,NA,NA,NA,NA,NA,NA,NA,NA,NA,NA,NA,NA,NA,NA,NA
27,0.255912364,0.135612756,0.111792706,2022,state,All,state,99,Gujarat,NA,NA,NA,NA,NA,NA,NA,NA,NA,NA,NA,NA,NA,NA,NA,NA,NA
28,0.151144028,0.368938446,0.031170683,2022,state,All,state,99,Daman & Diu & D & N Haveli,NA,NA,NA,NA,NA,NA,NA,NA,NA,NA,NA,NA,NA,NA,NA,NA,NA
29,0.22960785,0.147379845,0.113186248,2022,state,All,state,99,Maharashtra,NA,NA,NA,NA,NA,NA,NA,NA,NA,NA,NA,NA,NA,NA,NA,NA,NA
30,0.204976812,0.103969395,0.143018305,2022,state,All,state,99,Andhra Pradesh,NA,NA,NA,NA,NA,NA,NA,NA,NA,NA,NA,NA,NA,NA,NA,NA,NA
31,0.248812988,0.117063925,0.1225629,2022,state,All,state,99,Karnataka,NA,NA,NA,NA,NA,NA,NA,NA,NA,NA,NA,NA,NA,NA,NA,NA,NA
32,0.123451926,0.304202199,0.051263362,2022,state,All,state,99,Goa,NA,NA,NA,NA,NA,NA,NA,NA,NA,NA,NA,NA,NA,NA,NA,NA,NA
33,0.17494677,0.145891458,0.094237961,2022,state,All,state,99,Lakshadweep,NA,NA,NA,NA,NA,NA,NA,NA,NA,NA,NA,NA,NA,NA,NA,NA,NA
34,0.136612728,0.137013599,0.144781858,2022,state,All,state,99,Kerala,NA,NA,NA,NA,NA,NA,NA,NA,NA,NA,NA,NA,NA,NA,NA,NA,NA
35,0.152190849,0.17379798,0.154874131,2022,state,All,state,99,Tamil Nadu,NA,NA,NA,NA,NA,NA,NA,NA,NA,NA,NA,NA,NA,NA,NA,NA,NA
36,0.127589718,0.203939617,0.13327083,2022,state,All,state,99,Puducherry,NA,NA,NA,NA,NA,NA,NA,NA,NA,NA,NA,NA,NA,NA,NA,NA,NA
37,0.173432469,0.279174536,0.048115358,2022,state,All,state,99,A & N Island,NA,NA,NA,NA,NA,NA,NA,NA,NA,NA,NA,NA,NA,NA,NA,NA,NA
38,0.2619223,0.140101433,0.085378759,2022,state,All,state,99,Telangana,NA,NA,NA,NA,NA,NA,NA,NA,NA,NA,NA,NA,NA,NA,NA,NA,NA
39,0.253686547,0.178030685,0.069954224,2022,state,All,state,99,Ladakh,NA,NA,NA,NA,NA,NA,NA,NA,NA,NA,NA,NA,NA,NA,NA,NA,NA
40,0.237209082,0.147966832,0.145398512,2022,state,urban/rural,sector_state,0,Jammu & Kashmir,NA,NA,NA,NA,NA,NA,NA,NA,NA,NA,NA,NA,NA,NA,NA,NA,NA
41,0.266726732,0.116582081,0.08934135,2022,state,urban/rural,sector_state,0,Himachal Pradesh,NA,NA,NA,NA,NA,NA,NA,NA,NA,NA,NA,NA,NA,NA,NA,NA,NA
42,0.219003513,0.093180142,0.185103178,2022,state,urban/rural,sector_state,0,Punjab,NA,NA,NA,NA,NA,NA,NA,NA,NA,NA,NA,NA,NA,NA,NA,NA,NA
43,0.093802616,0.129784167,0.053316105,2022,state,urban/rural,sector_state,0,Chandigarh,NA,NA,NA,NA,NA,NA,NA,NA,NA,NA,NA,NA,NA,NA,NA,NA,NA
44,0.252321899,0.113507211,0.137019306,2022,state,urban/rural,sector_state,0,Uttrakhand,NA,NA,NA,NA,NA,NA,NA,NA,NA,NA,NA,NA,NA,NA,NA,NA,NA
45,0.208936632,0.091474444,0.167706281,2022,state,urban/rural,sector_state,0,Haryana,NA,NA,NA,NA,NA,NA,NA,NA,NA,NA,NA,NA,NA,NA,NA,NA,NA
46,0.05968973,0.085594207,0.016668558,2022,state,urban/rural,sector_state,0,Delhi,NA,NA,NA,NA,NA,NA,NA,NA,NA,NA,NA,NA,NA,NA,NA,NA,NA
47,0.324948132,0.061003856,0.128849193,2022,state,urban/rural,sector_state,0,Rajasthan,NA,NA,NA,NA,NA,NA,NA,NA,NA,NA,NA,NA,NA,NA,NA,NA,NA
48,0.282186389,0.050212055,0.158303767,2022,state,urban/rural,sector_state,0,Uttar Pradesh,NA,NA,NA,NA,NA,NA,NA,NA,NA,NA,NA,NA,NA,NA,NA,NA,NA
49,0.226510912,0.121013664,0.204834729,2022,state,urban/rural,sector_state,0,Bihar,NA,NA,NA,NA,NA,NA,NA,NA,NA,NA,NA,NA,NA,NA,NA,NA,NA
50,0.285706103,0.191716477,0.048713736,2022,state,urban/rural,sector_state,0,Sikkim,NA,NA,NA,NA,NA,NA,NA,NA,NA,NA,NA,NA,NA,NA,NA,NA,NA
51,0.369764358,0.121006034,0.021827253,2022,state,urban/rural,sector_state,0,Arunachal Pradesh,NA,NA,NA,NA,NA,NA,NA,NA,NA,NA,NA,NA,NA,NA,NA,NA,NA
52,0.458969057,0.102754928,0.020185713,2022,state,urban/rural,sector_state,0,Nagaland,NA,NA,NA,NA,NA,NA,NA,NA,NA,NA,NA,NA,NA,NA,NA,NA,NA
53,0.334189981,0.115956999,0.090329975,2022,state,urban/rural,sector_state,0,Manipur,NA,NA,NA,NA,NA,NA,NA,NA,NA,NA,NA,NA,NA,NA,NA,NA,NA
54,0.307452232,0.118588127,0.074128158,2022,state,urban/rural,sector_state,0,Mizoram,NA,NA,NA,NA,NA,NA,NA,NA,NA,NA,NA,NA,NA,NA,NA,NA,NA
55,0.256213695,0.064882472,0.153729916,2022,state,urban/rural,sector_state,0,Tripura,NA,NA,NA,NA,NA,NA,NA,NA,NA,NA,NA,NA,NA,NA,NA,NA,NA
56,0.341735244,0.094605848,0.136318639,2022,state,urban/rural,sector_state,0,Meghalaya,NA,NA,NA,NA,NA,NA,NA,NA,NA,NA,NA,NA,NA,NA,NA,NA,NA
57,0.240099341,0.084735043,0.203455582,2022,state,urban/rural,sector_state,0,Assam,NA,NA,NA,NA,NA,NA,NA,NA,NA,NA,NA,NA,NA,NA,NA,NA,NA
58,0.209402099,0.07358069,0.212013289,2022,state,urban/rural,sector_state,0,West Bengal,NA,NA,NA,NA,NA,NA,NA,NA,NA,NA,NA,NA,NA,NA,NA,NA,NA
59,0.259966761,0.069622837,0.185328096,2022,state,urban/rural,sector_state,0,Jharkhand,NA,NA,NA,NA,NA,NA,NA,NA,NA,NA,NA,NA,NA,NA,NA,NA,NA
60,0.248335183,0.053904694,0.175973743,2022,state,urban/rural,sector_state,0,Odisha,NA,NA,NA,NA,NA,NA,NA,NA,NA,NA,NA,NA,NA,NA,NA,NA,NA
61,0.307506204,0.08242029,0.128950611,2022,state,urban/rural,sector_state,0,Chhattisgarh,NA,NA,NA,NA,NA,NA,NA,NA,NA,NA,NA,NA,NA,NA,NA,NA,NA
62,0.306263775,0.030637262,0.184125409,2022,state,urban/rural,sector_state,0,Madhya Pradesh,NA,NA,NA,NA,NA,NA,NA,NA,NA,NA,NA,NA,NA,NA,NA,NA,NA
63,0.2882047,0.074283257,0.145440504,2022,state,urban/rural,sector_state,0,Gujarat,NA,NA,NA,NA,NA,NA,NA,NA,NA,NA,NA,NA,NA,NA,NA,NA,NA
64,0.204728857,0.23031579,0.043843269,2022,state,urban/rural,sector_state,0,Daman & Diu & D & N Haveli,NA,NA,NA,NA,NA,NA,NA,NA,NA,NA,NA,NA,NA,NA,NA,NA,NA
65,0.277014881,0.080273174,0.15506734,2022,state,urban/rural,sector_state,0,Maharashtra,NA,NA,NA,NA,NA,NA,NA,NA,NA,NA,NA,NA,NA,NA,NA,NA,NA
66,0.213234499,0.063387707,0.166164935,2022,state,urban/rural,sector_state,0,Andhra Pradesh,NA,NA,NA,NA,NA,NA,NA,NA,NA,NA,NA,NA,NA,NA,NA,NA,NA
67,0.285360992,0.055551,0.149999976,2022,state,urban/rural,sector_state,0,Karnataka,NA,NA,NA,NA,NA,NA,NA,NA,NA,NA,NA,NA,NA,NA,NA,NA,NA
68,0.105729118,0.282111138,0.05336833,2022,state,urban/rural,sector_state,0,Goa,NA,NA,NA,NA,NA,NA,NA,NA,NA,NA,NA,NA,NA,NA,NA,NA,NA
69,0.099480569,0.089616336,0.070658125,2022,state,urban/rural,sector_state,0,Lakshadweep,NA,NA,NA,NA,NA,NA,NA,NA,NA,NA,NA,NA,NA,NA,NA,NA,NA
70,0.124122329,0.098445043,0.136147588,2022,state,urban/rural,sector_state,0,Kerala,NA,NA,NA,NA,NA,NA,NA,NA,NA,NA,NA,NA,NA,NA,NA,NA,NA
71,0.16783303,0.115699843,0.204539418,2022,state,urban/rural,sector_state,0,Tamil Nadu,NA,NA,NA,NA,NA,NA,NA,NA,NA,NA,NA,NA,NA,NA,NA,NA,NA
72,0.100330643,0.190125391,0.168415904,2022,state,urban/rural,sector_state,0,Puducherry,NA,NA,NA,NA,NA,NA,NA,NA,NA,NA,NA,NA,NA,NA,NA,NA,NA
73,0.20715861,0.221467376,0.058823723,2022,state,urban/rural,sector_state,0,A & N Island,NA,NA,NA,NA,NA,NA,NA,NA,NA,NA,NA,NA,NA,NA,NA,NA,NA
74,0.31644243,0.047150947,0.115704916,2022,state,urban/rural,sector_state,0,Telangana,NA,NA,NA,NA,NA,NA,NA,NA,NA,NA,NA,NA,NA,NA,NA,NA,NA
75,0.259872347,0.172049165,0.078822568,2022,state,urban/rural,sector_state,0,Ladakh,NA,NA,NA,NA,NA,NA,NA,NA,NA,NA,NA,NA,NA,NA,NA,NA,NA
76,0.220015377,0.209579512,0.051593632,2022,state,urban/rural,sector_state,1,Jammu & Kashmir,NA,NA,NA,NA,NA,NA,NA,NA,NA,NA,NA,NA,NA,NA,NA,NA,NA
77,0.161603183,0.219976529,0.030522916,2022,state,urban/rural,sector_state,1,Himachal Pradesh,NA,NA,NA,NA,NA,NA,NA,NA,NA,NA,NA,NA,NA,NA,NA,NA,NA
78,0.214670449,0.180808276,0.0801851,2022,state,urban/rural,sector_state,1,Punjab,NA,NA,NA,NA,NA,NA,NA,NA,NA,NA,NA,NA,NA,NA,NA,NA,NA
79,0.141728759,0.232731789,0.02637388,2022,state,urban/rural,sector_state,1,Chandigarh,NA,NA,NA,NA,NA,NA,NA,NA,NA,NA,NA,NA,NA,NA,NA,NA,NA
80,0.16246514,0.209341541,0.053835087,2022,state,urban/rural,sector_state,1,Uttrakhand,NA,NA,NA,NA,NA,NA,NA,NA,NA,NA,NA,NA,NA,NA,NA,NA,NA
81,0.210352495,0.254456371,0.066743039,2022,state,urban/rural,sector_state,1,Haryana,NA,NA,NA,NA,NA,NA,NA,NA,NA,NA,NA,NA,NA,NA,NA,NA,NA
82,0.186422735,0.223458827,0.044299111,2022,state,urban/rural,sector_state,1,Delhi,NA,NA,NA,NA,NA,NA,NA,NA,NA,NA,NA,NA,NA,NA,NA,NA,NA
83,0.232109502,0.195742965,0.083372548,2022,state,urban/rural,sector_state,1,Rajasthan,NA,NA,NA,NA,NA,NA,NA,NA,NA,NA,NA,NA,NA,NA,NA,NA,NA
84,0.22628662,0.16647093,0.076630719,2022,state,urban/rural,sector_state,1,Uttar Pradesh,NA,NA,NA,NA,NA,NA,NA,NA,NA,NA,NA,NA,NA,NA,NA,NA,NA
85,0.229873642,0.14397417,0.099310435,2022,state,urban/rural,sector_state,1,Bihar,NA,NA,NA,NA,NA,NA,NA,NA,NA,NA,NA,NA,NA,NA,NA,NA,NA
86,0.22154218,0.335291922,0.039922263,2022,state,urban/rural,sector_state,1,Sikkim,NA,NA,NA,NA,NA,NA,NA,NA,NA,NA,NA,NA,NA,NA,NA,NA,NA
87,0.193315208,0.269356579,0.021966871,2022,state,urban/rural,sector_state,1,Arunachal Pradesh,NA,NA,NA,NA,NA,NA,NA,NA,NA,NA,NA,NA,NA,NA,NA,NA,NA
88,0.182682917,0.229327485,0.033409737,2022,state,urban/rural,sector_state,1,Nagaland,NA,NA,NA,NA,NA,NA,NA,NA,NA,NA,NA,NA,NA,NA,NA,NA,NA
89,0.250583172,0.191796839,0.070965596,2022,state,urban/rural,sector_state,1,Manipur,NA,NA,NA,NA,NA,NA,NA,NA,NA,NA,NA,NA,NA,NA,NA,NA,NA
90,0.194609761,0.233174786,0.036392342,2022,state,urban/rural,sector_state,1,Mizoram,NA,NA,NA,NA,NA,NA,NA,NA,NA,NA,NA,NA,NA,NA,NA,NA,NA
91,0.250275105,0.168798491,0.098910123,2022,state,urban/rural,sector_state,1,Tripura,NA,NA,NA,NA,NA,NA,NA,NA,NA,NA,NA,NA,NA,NA,NA,NA,NA
92,0.172234371,0.232357606,0.070457585,2022,state,urban/rural,sector_state,1,Meghalaya,NA,NA,NA,NA,NA,NA,NA,NA,NA,NA,NA,NA,NA,NA,NA,NA,NA
93,0.24097921,0.190368071,0.058569625,2022,state,urban/rural,sector_state,1,Assam,NA,NA,NA,NA,NA,NA,NA,NA,NA,NA,NA,NA,NA,NA,NA,NA,NA
94,0.204109043,0.191379845,0.088507622,2022,state,urban/rural,sector_state,1,West Bengal,NA,NA,NA,NA,NA,NA,NA,NA,NA,NA,NA,NA,NA,NA,NA,NA,NA
95,0.171469405,0.220298693,0.064031065,2022,state,urban/rural,sector_state,1,Jharkhand,NA,NA,NA,NA,NA,NA,NA,NA,NA,NA,NA,NA,NA,NA,NA,NA,NA
96,0.198808476,0.188488677,0.081591897,2022,state,urban/rural,sector_state,1,Odisha,NA,NA,NA,NA,NA,NA,NA,NA,NA,NA,NA,NA,NA,NA,NA,NA,NA
97,0.162004367,0.225016266,0.071465865,2022,state,urban/rural,sector_state,1,Chhattisgarh,NA,NA,NA,NA,NA,NA,NA,NA,NA,NA,NA,NA,NA,NA,NA,NA,NA
98,0.221959189,0.176167652,0.094258621,2022,state,urban/rural,sector_state,1,Madhya Pradesh,NA,NA,NA,NA,NA,NA,NA,NA,NA,NA,NA,NA,NA,NA,NA,NA,NA
99,0.20738405,0.22777757,0.061227448,2022,state,urban/rural,sector_state,1,Gujarat,NA,NA,NA,NA,NA,NA,NA,NA,NA,NA,NA,NA,NA,NA,NA,NA,NA
100,0.098205313,0.505889595,0.018650902,2022,state,urban/rural,sector_state,1,Daman & Diu & D & N Haveli,NA,NA,NA,NA,NA,NA,NA,NA,NA,NA,NA,NA,NA,NA,NA,NA,NA
101,0.168462947,0.233933091,0.059168614,2022,state,urban/rural,sector_state,1,Maharashtra,NA,NA,NA,NA,NA,NA,NA,NA,NA,NA,NA,NA,NA,NA,NA,NA,NA
102,0.184732974,0.203455955,0.086274043,2022,state,urban/rural,sector_state,1,Andhra Pradesh,NA,NA,NA,NA,NA,NA,NA,NA,NA,NA,NA,NA,NA,NA,NA,NA,NA
103,0.182110295,0.229329333,0.072488323,2022,state,urban/rural,sector_state,1,Karnataka,NA,NA,NA,NA,NA,NA,NA,NA,NA,NA,NA,NA,NA,NA,NA,NA,NA
104,0.139202446,0.323834866,0.049392644,2022,state,urban/rural,sector_state,1,Goa,NA,NA,NA,NA,NA,NA,NA,NA,NA,NA,NA,NA,NA,NA,NA,NA,NA
105,0.225773022,0.183792591,0.110118911,2022,state,urban/rural,sector_state,1,Lakshadweep,NA,NA,NA,NA,NA,NA,NA,NA,NA,NA,NA,NA,NA,NA,NA,NA,NA
106,0.15837054,0.204198569,0.159822434,2022,state,urban/rural,sector_state,1,Kerala,NA,NA,NA,NA,NA,NA,NA,NA,NA,NA,NA,NA,NA,NA,NA,NA,NA
107,0.133180365,0.244406655,0.094514191,2022,state,urban/rural,sector_state,1,Tamil Nadu,NA,NA,NA,NA,NA,NA,NA,NA,NA,NA,NA,NA,NA,NA,NA,NA,NA
108,0.142229185,0.211358547,0.114396192,2022,state,urban/rural,sector_state,1,Puducherry,NA,NA,NA,NA,NA,NA,NA,NA,NA,NA,NA,NA,NA,NA,NA,NA,NA
109,0.117453307,0.37495774,0.030341454,2022,state,urban/rural,sector_state,1,A & N Island,NA,NA,NA,NA,NA,NA,NA,NA,NA,NA,NA,NA,NA,NA,NA,NA,NA
110,0.187213182,0.26747179,0.043822724,2022,state,urban/rural,sector_state,1,Telangana,NA,NA,NA,NA,NA,NA,NA,NA,NA,NA,NA,NA,NA,NA,NA,NA,NA
111,0.215317458,0.215132743,0.014945823,2022,state,urban/rural,sector_state,1,Ladakh,NA,NA,NA,NA,NA,NA,NA,NA,NA,NA,NA,NA,NA,NA,NA,NA,NA
112,0.567180216,0.158219174,0.250651538,2022,allindia,All,allindia,99,India,0,0,0,1,NA,NA,NA,NA,NA,NA,NA,NA,NA,NA,NA,NA,NA
113,0.4479523,0.231970489,0.287486345,2022,allindia,All,allindia,99,India,0,0,1,0,NA,NA,NA,NA,NA,NA,NA,NA,NA,NA,NA,NA,NA
114,0.368104905,0.247522756,0.261531591,2022,allindia,All,allindia,99,India,0,1,0,0,NA,NA,NA,NA,NA,NA,NA,NA,NA,NA,NA,NA,NA
115,0.101866588,0.229391173,0.134170577,2022,allindia,All,allindia,99,India,1,0,0,0,NA,NA,NA,NA,NA,NA,NA,NA,NA,NA,NA,NA,NA
116,0,0,0,2022,allindia,All,allindia,99,India,NA,NA,NA,NA,NA,NA,NA,NA,NA,NA,NA,NA,NA,NA,NA,NA,NA
117,0.587981045,0.118226767,0.272000492,2022,allindia,urban/rural,sect_allindia,0,India,0,0,0,1,NA,NA,NA,NA,NA,NA,NA,NA,NA,NA,NA,NA,NA
118,0.475245804,0.154090241,0.342330486,2022,allindia,urban/rural,sect_allindia,0,India,0,0,1,0,NA,NA,NA,NA,NA,NA,NA,NA,NA,NA,NA,NA,NA
119,0.415210456,0.147130355,0.334079564,2022,allindia,urban/rural,sect_allindia,0,India,0,1,0,0,NA,NA,NA,NA,NA,NA,NA,NA,NA,NA,NA,NA,NA
120,0.137501597,0.089858741,0.195713893,2022,allindia,urban/rural,sect_allindia,0,India,1,0,0,0,NA,NA,NA,NA,NA,NA,NA,NA,NA,NA,NA,NA,NA
121,0,0,0,2022,allindia,urban/rural,sect_allindia,0,India,NA,NA,NA,NA,NA,NA,NA,NA,NA,NA,NA,NA,NA,NA,NA,NA,NA
122,0.486641228,0.31303677,0.1680208,2022,allindia,urban/rural,sect_allindia,1,India,0,0,0,1,NA,NA,NA,NA,NA,NA,NA,NA,NA,NA,NA,NA,NA
123,0.380958021,0.423143357,0.152854636,2022,allindia,urban/rural,sect_allindia,1,India,0,0,1,0,NA,NA,NA,NA,NA,NA,NA,NA,NA,NA,NA,NA,NA
124,0.278986454,0.437561452,0.124182522,2022,allindia,urban/rural,sect_allindia,1,India,0,1,0,0,NA,NA,NA,NA,NA,NA,NA,NA,NA,NA,NA,NA,NA
125,0.067180112,0.367379308,0.071237929,2022,allindia,urban/rural,sect_allindia,1,India,1,0,0,0,NA,NA,NA,NA,NA,NA,NA,NA,NA,NA,NA,NA,NA
126,0,0,0,2022,allindia,urban/rural,sect_allindia,1,India,NA,NA,NA,NA,NA,NA,NA,NA,NA,NA,NA,NA,NA,NA,NA,NA,NA
127,0.450280041,0.289972752,0.224712461,2022,state,All,state,99,Jammu & Kashmir,0,0,0,1,NA,NA,NA,NA,NA,NA,NA,NA,NA,NA,NA,NA,NA
128,0.418589413,0.297891259,0.216099426,2022,state,All,state,99,Jammu & Kashmir,0,0,1,0,NA,NA,NA,NA,NA,NA,NA,NA,NA,NA,NA,NA,NA
129,0.330378681,0.229943261,0.2491965,2022,state,All,state,99,Jammu & Kashmir,0,1,0,0,NA,NA,NA,NA,NA,NA,NA,NA,NA,NA,NA,NA,NA
130,0.145817742,0.292822838,0.233075008,2022,state,All,state,99,Jammu & Kashmir,1,0,0,0,NA,NA,NA,NA,NA,NA,NA,NA,NA,NA,NA,NA,NA
131,0,0,0,2022,state,All,state,99,Jammu & Kashmir,NA,NA,NA,NA,NA,NA,NA,NA,NA,NA,NA,NA,NA,NA,NA,NA,NA
132,0.515644193,0.263784766,0.157159299,2022,state,All,state,99,Himachal Pradesh,0,0,0,1,NA,NA,NA,NA,NA,NA,NA,NA,NA,NA,NA,NA,NA
133,0.516276121,0.240467623,0.180655077,2022,state,All,state,99,Himachal Pradesh,0,0,1,0,NA,NA,NA,NA,NA,NA,NA,NA,NA,NA,NA,NA,NA
134,0.478716254,0.222167343,0.128087804,2022,state,All,state,99,Himachal Pradesh,0,1,0,0,NA,NA,NA,NA,NA,NA,NA,NA,NA,NA,NA,NA,NA
135,0.119591661,0.301838249,0.041562915,2022,state,All,state,99,Himachal Pradesh,1,0,0,0,NA,NA,NA,NA,NA,NA,NA,NA,NA,NA,NA,NA,NA
136,0,0,0,2022,state,All,state,99,Himachal Pradesh,NA,NA,NA,NA,NA,NA,NA,NA,NA,NA,NA,NA,NA,NA,NA,NA,NA
137,0.521720231,0.217564791,0.241893008,2022,state,All,state,99,Punjab,0,0,0,1,NA,NA,NA,NA,NA,NA,NA,NA,NA,NA,NA,NA,NA
138,0.410589963,0.234730631,0.301650524,2022,state,All,state,99,Punjab,0,0,1,0,NA,NA,NA,NA,NA,NA,NA,NA,NA,NA,NA,NA,NA
139,0.325730413,0.268201679,0.239153579,2022,state,All,state,99,Punjab,0,1,0,0,NA,NA,NA,NA,NA,NA,NA,NA,NA,NA,NA,NA,NA
140,0.065031804,0.339574486,0.184279516,2022,state,All,state,99,Punjab,1,0,0,0,NA,NA,NA,NA,NA,NA,NA,NA,NA,NA,NA,NA,NA
141,0,0,0,2022,state,All,state,99,Punjab,NA,NA,NA,NA,NA,NA,NA,NA,NA,NA,NA,NA,NA,NA,NA,NA,NA
142,0.434614688,0.483660847,0.005478483,2022,state,All,state,99,Chandigarh,0,0,0,1,NA,NA,NA,NA,NA,NA,NA,NA,NA,NA,NA,NA,NA
143,0.373476654,0.516533136,0.085646413,2022,state,All,state,99,Chandigarh,0,0,1,0,NA,NA,NA,NA,NA,NA,NA,NA,NA,NA,NA,NA,NA
144,0.172605306,0.597034276,0.023556443,2022,state,All,state,99,Chandigarh,0,1,0,0,NA,NA,NA,NA,NA,NA,NA,NA,NA,NA,NA,NA,NA
145,0.014008717,0.10871049,0.001955844,2022,state,All,state,99,Chandigarh,1,0,0,0,NA,NA,NA,NA,NA,NA,NA,NA,NA,NA,NA,NA,NA
146,0,0,0,2022,state,All,state,99,Chandigarh,NA,NA,NA,NA,NA,NA,NA,NA,NA,NA,NA,NA,NA,NA,NA,NA,NA
147,0.639265597,0.131731778,0.193285286,2022,state,All,state,99,Uttrakhand,0,0,0,1,NA,NA,NA,NA,NA,NA,NA,NA,NA,NA,NA,NA,NA
148,0.391687453,0.310496211,0.254953623,2022,state,All,state,99,Uttrakhand,0,0,1,0,NA,NA,NA,NA,NA,NA,NA,NA,NA,NA,NA,NA,NA
149,0.354386091,0.262821287,0.15679203,2022,state,All,state,99,Uttrakhand,0,1,0,0,NA,NA,NA,NA,NA,NA,NA,NA,NA,NA,NA,NA,NA
150,0.102257326,0.225198984,0.08913365,2022,state,All,state,99,Uttrakhand,1,0,0,0,NA,NA,NA,NA,NA,NA,NA,NA,NA,NA,NA,NA,NA
151,0,0,0,2022,state,All,state,99,Uttrakhand,NA,NA,NA,NA,NA,NA,NA,NA,NA,NA,NA,NA,NA,NA,NA,NA,NA
152,0.481636792,0.221419424,0.27444917,2022,state,All,state,99,Haryana,0,0,0,1,NA,NA,NA,NA,NA,NA,NA,NA,NA,NA,NA,NA,NA
153,0.403627038,0.295383632,0.273137897,2022,state,All,state,99,Haryana,0,0,1,0,NA,NA,NA,NA,NA,NA,NA,NA,NA,NA,NA,NA,NA
154,0.328074664,0.350503474,0.189948931,2022,state,All,state,99,Haryana,0,1,0,0,NA,NA,NA,NA,NA,NA,NA,NA,NA,NA,NA,NA,NA
155,0.057705816,0.344516069,0.176660672,2022,state,All,state,99,Haryana,1,0,0,0,NA,NA,NA,NA,NA,NA,NA,NA,NA,NA,NA,NA,NA
156,0,0,0,2022,state,All,state,99,Haryana,NA,NA,NA,NA,NA,NA,NA,NA,NA,NA,NA,NA,NA,NA,NA,NA,NA
157,0.466247141,0.424256742,0.059013061,2022,state,All,state,99,Delhi,0,0,0,1,NA,NA,NA,NA,NA,NA,NA,NA,NA,NA,NA,NA,NA
158,0.373446912,0.449825972,0.098435581,2022,state,All,state,99,Delhi,0,0,1,0,NA,NA,NA,NA,NA,NA,NA,NA,NA,NA,NA,NA,NA
159,0.316676974,0.453931153,0.080165654,2022,state,All,state,99,Delhi,0,1,0,0,NA,NA,NA,NA,NA,NA,NA,NA,NA,NA,NA,NA,NA
160,0.138671622,0.426358461,0.042529188,2022,state,All,state,99,Delhi,1,0,0,0,NA,NA,NA,NA,NA,NA,NA,NA,NA,NA,NA,NA,NA
161,0,0,0,2022,state,All,state,99,Delhi,NA,NA,NA,NA,NA,NA,NA,NA,NA,NA,NA,NA,NA,NA,NA,NA,NA
162,0.63505882,0.134799838,0.215266332,2022,state,All,state,99,Rajasthan,0,0,0,1,NA,NA,NA,NA,NA,NA,NA,NA,NA,NA,NA,NA,NA
163,0.547353983,0.191832751,0.231103405,2022,state,All,state,99,Rajasthan,0,0,1,0,NA,NA,NA,NA,NA,NA,NA,NA,NA,NA,NA,NA,NA
164,0.476278633,0.202491462,0.199465916,2022,state,All,state,99,Rajasthan,0,1,0,0,NA,NA,NA,NA,NA,NA,NA,NA,NA,NA,NA,NA,NA
165,0.095260762,0.139616281,0.045802571,2022,state,All,state,99,Rajasthan,1,0,0,0,NA,NA,NA,NA,NA,NA,NA,NA,NA,NA,NA,NA,NA
166,0,0,0,2022,state,All,state,99,Rajasthan,NA,NA,NA,NA,NA,NA,NA,NA,NA,NA,NA,NA,NA,NA,NA,NA,NA
167,0.591209233,0.119302377,0.246393308,2022,state,All,state,99,Uttar Pradesh,0,0,0,1,NA,NA,NA,NA,NA,NA,NA,NA,NA,NA,NA,NA,NA
168,0.490978658,0.156961739,0.290949076,2022,state,All,state,99,Uttar Pradesh,0,0,1,0,NA,NA,NA,NA,NA,NA,NA,NA,NA,NA,NA,NA,NA
169,0.436626196,0.15331462,0.266543269,2022,state,All,state,99,Uttar Pradesh,0,1,0,0,NA,NA,NA,NA,NA,NA,NA,NA,NA,NA,NA,NA,NA
170,0.285663754,0.129132867,0.128611356,2022,state,All,state,99,Uttar Pradesh,1,0,0,0,NA,NA,NA,NA,NA,NA,NA,NA,NA,NA,NA,NA,NA
171,0,0,0,2022,state,All,state,99,Uttar Pradesh,NA,NA,NA,NA,NA,NA,NA,NA,NA,NA,NA,NA,NA,NA,NA,NA,NA
172,0.481266648,0.195365012,0.303432256,2022,state,All,state,99,Bihar,0,0,0,1,NA,NA,NA,NA,NA,NA,NA,NA,NA,NA,NA,NA,NA
173,0.37927708,0.229749054,0.366605639,2022,state,All,state,99,Bihar,0,0,1,0,NA,NA,NA,NA,NA,NA,NA,NA,NA,NA,NA,NA,NA
174,0.315881014,0.226870015,0.37259829,2022,state,All,state,99,Bihar,0,1,0,0,NA,NA,NA,NA,NA,NA,NA,NA,NA,NA,NA,NA,NA
175,0.207608357,0.092353247,0.199355245,2022,state,All,state,99,Bihar,1,0,0,0,NA,NA,NA,NA,NA,NA,NA,NA,NA,NA,NA,NA,NA
176,0,0,0,2022,state,All,state,99,Bihar,NA,NA,NA,NA,NA,NA,NA,NA,NA,NA,NA,NA,NA,NA,NA,NA,NA
177,0.520247102,0.403519511,0.076233402,2022,state,All,state,99,Sikkim,0,0,0,1,NA,NA,NA,NA,NA,NA,NA,NA,NA,NA,NA,NA,NA
178,0.513877869,0.398025066,0.079786874,2022,state,All,state,99,Sikkim,0,0,1,0,NA,NA,NA,NA,NA,NA,NA,NA,NA,NA,NA,NA,NA
179,0.456941694,0.423395425,0.095807202,2022,state,All,state,99,Sikkim,0,1,0,0,NA,NA,NA,NA,NA,NA,NA,NA,NA,NA,NA,NA,NA
180,0.154855803,0.445132971,0.09699557,2022,state,All,state,99,Sikkim,1,0,0,0,NA,NA,NA,NA,NA,NA,NA,NA,NA,NA,NA,NA,NA
181,0,0,0,2022,state,All,state,99,Sikkim,NA,NA,NA,NA,NA,NA,NA,NA,NA,NA,NA,NA,NA,NA,NA,NA,NA
182,0.698197186,0.273415625,0.024166757,2022,state,All,state,99,Arunachal Pradesh,0,0,0,1,NA,NA,NA,NA,NA,NA,NA,NA,NA,NA,NA,NA,NA
183,0.656527638,0.28700307,0.047742408,2022,state,All,state,99,Arunachal Pradesh,0,0,1,0,NA,NA,NA,NA,NA,NA,NA,NA,NA,NA,NA,NA,NA
184,0.570048153,0.3070319,0.059079185,2022,state,All,state,99,Arunachal Pradesh,0,1,0,0,NA,NA,NA,NA,NA,NA,NA,NA,NA,NA,NA,NA,NA
185,0.326358855,0.354247868,0.026931472,2022,state,All,state,99,Arunachal Pradesh,1,0,0,0,NA,NA,NA,NA,NA,NA,NA,NA,NA,NA,NA,NA,NA
186,0,0,0,2022,state,All,state,99,Arunachal Pradesh,NA,NA,NA,NA,NA,NA,NA,NA,NA,NA,NA,NA,NA,NA,NA,NA,NA
187,0.777856588,0.191318199,0.022209747,2022,state,All,state,99,Nagaland,0,0,0,1,NA,NA,NA,NA,NA,NA,NA,NA,NA,NA,NA,NA,NA
188,0.632973969,0.281536877,0.050520293,2022,state,All,state,99,Nagaland,0,0,1,0,NA,NA,NA,NA,NA,NA,NA,NA,NA,NA,NA,NA,NA
189,0.589923918,0.248204589,0.05226744,2022,state,All,state,99,Nagaland,0,1,0,0,NA,NA,NA,NA,NA,NA,NA,NA,NA,NA,NA,NA,NA
190,0.512696266,0.193065539,0.048656777,2022,state,All,state,99,Nagaland,1,0,0,0,NA,NA,NA,NA,NA,NA,NA,NA,NA,NA,NA,NA,NA
191,0,0,0,2022,state,All,state,99,Nagaland,NA,NA,NA,NA,NA,NA,NA,NA,NA,NA,NA,NA,NA,NA,NA,NA,NA
192,0.617086411,0.237109572,0.12678124,2022,state,All,state,99,Manipur,0,0,0,1,NA,NA,NA,NA,NA,NA,NA,NA,NA,NA,NA,NA,NA
193,0.554858029,0.257261574,0.165471807,2022,state,All,state,99,Manipur,0,0,1,0,NA,NA,NA,NA,NA,NA,NA,NA,NA,NA,NA,NA,NA
194,0.551824629,0.238208115,0.162865445,2022,state,All,state,99,Manipur,0,1,0,0,NA,NA,NA,NA,NA,NA,NA,NA,NA,NA,NA,NA,NA
195,0.394331694,0.081720352,0.063764259,2022,state,All,state,99,Manipur,1,0,0,0,NA,NA,NA,NA,NA,NA,NA,NA,NA,NA,NA,NA,NA
196,0,0,0,2022,state,All,state,99,Manipur,NA,NA,NA,NA,NA,NA,NA,NA,NA,NA,NA,NA,NA,NA,NA,NA,NA
197,0.558653831,0.327283889,0.078985445,2022,state,All,state,99,Mizoram,0,0,0,1,NA,NA,NA,NA,NA,NA,NA,NA,NA,NA,NA,NA,NA
198,0.494043529,0.33905071,0.114841715,2022,state,All,state,99,Mizoram,0,0,1,0,NA,NA,NA,NA,NA,NA,NA,NA,NA,NA,NA,NA,NA
199,0.45807901,0.312986851,0.13491258,2022,state,All,state,99,Mizoram,0,1,0,0,NA,NA,NA,NA,NA,NA,NA,NA,NA,NA,NA,NA,NA
200,0.375421017,0.367979199,0.119393498,2022,state,All,state,99,Mizoram,1,0,0,0,NA,NA,NA,NA,NA,NA,NA,NA,NA,NA,NA,NA,NA
201,0,0,0,2022,state,All,state,99,Mizoram,NA,NA,NA,NA,NA,NA,NA,NA,NA,NA,NA,NA,NA,NA,NA,NA,NA
202,0.622104764,0.121747129,0.244210199,2022,state,All,state,99,Tripura,0,0,0,1,NA,NA,NA,NA,NA,NA,NA,NA,NA,NA,NA,NA,NA
203,0.513301551,0.159103841,0.298126429,2022,state,All,state,99,Tripura,0,0,1,0,NA,NA,NA,NA,NA,NA,NA,NA,NA,NA,NA,NA,NA
204,0.43732959,0.200541914,0.267023742,2022,state,All,state,99,Tripura,0,1,0,0,NA,NA,NA,NA,NA,NA,NA,NA,NA,NA,NA,NA,NA
205,0.117396854,0.163390264,0.215829298,2022,state,All,state,99,Tripura,1,0,0,0,NA,NA,NA,NA,NA,NA,NA,NA,NA,NA,NA,NA,NA
206,0,0,0,2022,state,All,state,99,Tripura,NA,NA,NA,NA,NA,NA,NA,NA,NA,NA,NA,NA,NA,NA,NA,NA,NA
207,0.614217281,0.181218907,0.200870797,2022,state,All,state,99,Meghalaya,0,0,0,1,NA,NA,NA,NA,NA,NA,NA,NA,NA,NA,NA,NA,NA
208,0.532376766,0.228795677,0.236998752,2022,state,All,state,99,Meghalaya,0,0,1,0,NA,NA,NA,NA,NA,NA,NA,NA,NA,NA,NA,NA,NA
209,0.477821589,0.236941844,0.252670705,2022,state,All,state,99,Meghalaya,0,1,0,0,NA,NA,NA,NA,NA,NA,NA,NA,NA,NA,NA,NA,NA
210,0.196639076,0.181053221,0.174088433,2022,state,All,state,99,Meghalaya,1,0,0,0,NA,NA,NA,NA,NA,NA,NA,NA,NA,NA,NA,NA,NA
211,0,0,0,2022,state,All,state,99,Meghalaya,NA,NA,NA,NA,NA,NA,NA,NA,NA,NA,NA,NA,NA,NA,NA,NA,NA
212,0.532436788,0.130950764,0.321498394,2022,state,All,state,99,Assam,0,0,0,1,NA,NA,NA,NA,NA,NA,NA,NA,NA,NA,NA,NA,NA
213,0.430547267,0.184494004,0.360163331,2022,state,All,state,99,Assam,0,0,1,0,NA,NA,NA,NA,NA,NA,NA,NA,NA,NA,NA,NA,NA
214,0.368515134,0.21283251,0.330463618,2022,state,All,state,99,Assam,0,1,0,0,NA,NA,NA,NA,NA,NA,NA,NA,NA,NA,NA,NA,NA
215,0.139398202,0.225434676,0.164004281,2022,state,All,state,99,Assam,1,0,0,0,NA,NA,NA,NA,NA,NA,NA,NA,NA,NA,NA,NA,NA
216,0,0,0,2022,state,All,state,99,Assam,NA,NA,NA,NA,NA,NA,NA,NA,NA,NA,NA,NA,NA,NA,NA,NA,NA
217,0.496450126,0.20267196,0.288779289,2022,state,All,state,99,West Bengal,0,0,0,1,NA,NA,NA,NA,NA,NA,NA,NA,NA,NA,NA,NA,NA
218,0.407069147,0.205952659,0.365881503,2022,state,All,state,99,West Bengal,0,0,1,0,NA,NA,NA,NA,NA,NA,NA,NA,NA,NA,NA,NA,NA
219,0.36389026,0.205301687,0.327542961,2022,state,All,state,99,West Bengal,0,1,0,0,NA,NA,NA,NA,NA,NA,NA,NA,NA,NA,NA,NA,NA
220,0.137373596,0.167131141,0.176540613,2022,state,All,state,99,West Bengal,1,0,0,0,NA,NA,NA,NA,NA,NA,NA,NA,NA,NA,NA,NA,NA
221,0,0,0,2022,state,All,state,99,West Bengal,NA,NA,NA,NA,NA,NA,NA,NA,NA,NA,NA,NA,NA,NA,NA,NA,NA
222,0.519375861,0.161666319,0.271902204,2022,state,All,state,99,Jharkhand,0,0,0,1,NA,NA,NA,NA,NA,NA,NA,NA,NA,NA,NA,NA,NA
223,0.438482702,0.194728807,0.31965369,2022,state,All,state,99,Jharkhand,0,0,1,0,NA,NA,NA,NA,NA,NA,NA,NA,NA,NA,NA,NA,NA
224,0.385369003,0.191430911,0.281831264,2022,state,All,state,99,Jharkhand,0,1,0,0,NA,NA,NA,NA,NA,NA,NA,NA,NA,NA,NA,NA,NA
225,0.15180321,0.159680396,0.124275394,2022,state,All,state,99,Jharkhand,1,0,0,0,NA,NA,NA,NA,NA,NA,NA,NA,NA,NA,NA,NA,NA
226,0,0,0,2022,state,All,state,99,Jharkhand,NA,NA,NA,NA,NA,NA,NA,NA,NA,NA,NA,NA,NA,NA,NA,NA,NA
227,0.593844354,0.120914601,0.275152773,2022,state,All,state,99,Odisha,0,0,0,1,NA,NA,NA,NA,NA,NA,NA,NA,NA,NA,NA,NA,NA
228,0.486783832,0.146370888,0.342931509,2022,state,All,state,99,Odisha,0,0,1,0,NA,NA,NA,NA,NA,NA,NA,NA,NA,NA,NA,NA,NA
229,0.399682701,0.154875055,0.307741791,2022,state,All,state,99,Odisha,0,1,0,0,NA,NA,NA,NA,NA,NA,NA,NA,NA,NA,NA,NA,NA
230,0.087841995,0.16116631,0.083768919,2022,state,All,state,99,Odisha,1,0,0,0,NA,NA,NA,NA,NA,NA,NA,NA,NA,NA,NA,NA,NA
231,0,0,0,2022,state,All,state,99,Odisha,NA,NA,NA,NA,NA,NA,NA,NA,NA,NA,NA,NA,NA,NA,NA,NA,NA
232,0.608412504,0.184843898,0.198625669,2022,state,All,state,99,Chhattisgarh,0,0,0,1,NA,NA,NA,NA,NA,NA,NA,NA,NA,NA,NA,NA,NA
233,0.519201458,0.228943869,0.237672195,2022,state,All,state,99,Chhattisgarh,0,0,1,0,NA,NA,NA,NA,NA,NA,NA,NA,NA,NA,NA,NA,NA
234,0.489779741,0.222837105,0.226590812,2022,state,All,state,99,Chhattisgarh,0,1,0,0,NA,NA,NA,NA,NA,NA,NA,NA,NA,NA,NA,NA,NA
235,0.17474319,0.13330318,0.119436316,2022,state,All,state,99,Chhattisgarh,1,0,0,0,NA,NA,NA,NA,NA,NA,NA,NA,NA,NA,NA,NA,NA
236,0,0,0,2022,state,All,state,99,Chhattisgarh,NA,NA,NA,NA,NA,NA,NA,NA,NA,NA,NA,NA,NA,NA,NA,NA,NA
237,0.621625245,0.096940026,0.274918675,2022,state,All,state,99,Madhya Pradesh,0,0,0,1,NA,NA,NA,NA,NA,NA,NA,NA,NA,NA,NA,NA,NA
238,0.525551915,0.137133077,0.325281024,2022,state,All,state,99,Madhya Pradesh,0,0,1,0,NA,NA,NA,NA,NA,NA,NA,NA,NA,NA,NA,NA,NA
239,0.470572412,0.155606791,0.301704347,2022,state,All,state,99,Madhya Pradesh,0,1,0,0,NA,NA,NA,NA,NA,NA,NA,NA,NA,NA,NA,NA,NA
240,0.144074008,0.103102021,0.144482508,2022,state,All,state,99,Madhya Pradesh,1,0,0,0,NA,NA,NA,NA,NA,NA,NA,NA,NA,NA,NA,NA,NA
241,0,0,0,2022,state,All,state,99,Madhya Pradesh,NA,NA,NA,NA,NA,NA,NA,NA,NA,NA,NA,NA,NA,NA,NA,NA,NA
242,0.580422521,0.18385233,0.233946308,2022,state,All,state,99,Gujarat,0,0,0,1,NA,NA,NA,NA,NA,NA,NA,NA,NA,NA,NA,NA,NA
243,0.492117077,0.283062428,0.216176435,2022,state,All,state,99,Gujarat,0,0,1,0,NA,NA,NA,NA,NA,NA,NA,NA,NA,NA,NA,NA,NA
244,0.401988149,0.314497948,0.188873053,2022,state,All,state,99,Gujarat,0,1,0,0,NA,NA,NA,NA,NA,NA,NA,NA,NA,NA,NA,NA,NA
245,0.114037968,0.353797257,0.196424052,2022,state,All,state,99,Gujarat,1,0,0,0,NA,NA,NA,NA,NA,NA,NA,NA,NA,NA,NA,NA,NA
246,0,0,0,2022,state,All,state,99,Gujarat,NA,NA,NA,NA,NA,NA,NA,NA,NA,NA,NA,NA,NA,NA,NA,NA,NA
247,0.58190459,0.353413105,0.042732608,2022,state,All,state,99,Daman & Diu & D & N Haveli,0,0,0,1,NA,NA,NA,NA,NA,NA,NA,NA,NA,NA,NA,NA,NA
248,0.270776272,0.644901872,0.084321856,2022,state,All,state,99,Daman & Diu & D & N Haveli,0,0,1,0,NA,NA,NA,NA,NA,NA,NA,NA,NA,NA,NA,NA,NA
249,0.138837844,0.80167222,0.028413424,2022,state,All,state,99,Daman & Diu & D & N Haveli,0,1,0,0,NA,NA,NA,NA,NA,NA,NA,NA,NA,NA,NA,NA,NA
250,0.030683869,0.910315156,0.014742926,2022,state,All,state,99,Daman & Diu & D & N Haveli,1,0,0,0,NA,NA,NA,NA,NA,NA,NA,NA,NA,NA,NA,NA,NA
251,0,0,0,2022,state,All,state,99,Daman & Diu & D & N Haveli,NA,NA,NA,NA,NA,NA,NA,NA,NA,NA,NA,NA,NA,NA,NA,NA,NA
252,0.586372137,0.176905826,0.22061868,2022,state,All,state,99,Maharashtra,0,0,0,1,NA,NA,NA,NA,NA,NA,NA,NA,NA,NA,NA,NA,NA
253,0.44350788,0.302939773,0.229502872,2022,state,All,state,99,Maharashtra,0,0,1,0,NA,NA,NA,NA,NA,NA,NA,NA,NA,NA,NA,NA,NA
254,0.340983987,0.346593529,0.198044673,2022,state,All,state,99,Maharashtra,0,1,0,0,NA,NA,NA,NA,NA,NA,NA,NA,NA,NA,NA,NA,NA
255,0.092095494,0.30360797,0.117974944,2022,state,All,state,99,Maharashtra,1,0,0,0,NA,NA,NA,NA,NA,NA,NA,NA,NA,NA,NA,NA,NA
256,0,0,0,2022,state,All,state,99,Maharashtra,NA,NA,NA,NA,NA,NA,NA,NA,NA,NA,NA,NA,NA,NA,NA,NA,NA
257,0.586259365,0.146896392,0.253947765,2022,state,All,state,99,Andhra Pradesh,0,0,0,1,NA,NA,NA,NA,NA,NA,NA,NA,NA,NA,NA,NA,NA
258,0.439592242,0.238498658,0.307758182,2022,state,All,state,99,Andhra Pradesh,0,0,1,0,NA,NA,NA,NA,NA,NA,NA,NA,NA,NA,NA,NA,NA
259,0.381759852,0.191304117,0.289486259,2022,state,All,state,99,Andhra Pradesh,0,1,0,0,NA,NA,NA,NA,NA,NA,NA,NA,NA,NA,NA,NA,NA
260,0.074873656,0.08033143,0.118667059,2022,state,All,state,99,Andhra Pradesh,1,0,0,0,NA,NA,NA,NA,NA,NA,NA,NA,NA,NA,NA,NA,NA
261,0,0,0,2022,state,All,state,99,Andhra Pradesh,NA,NA,NA,NA,NA,NA,NA,NA,NA,NA,NA,NA,NA,NA,NA,NA,NA
262,0.663569331,0.10670092,0.225943312,2022,state,All,state,99,Karnataka,0,0,0,1,NA,NA,NA,NA,NA,NA,NA,NA,NA,NA,NA,NA,NA
263,0.492451519,0.240024894,0.255238652,2022,state,All,state,99,Karnataka,0,0,1,0,NA,NA,NA,NA,NA,NA,NA,NA,NA,NA,NA,NA,NA
264,0.382471234,0.298765719,0.228965402,2022,state,All,state,99,Karnataka,0,1,0,0,NA,NA,NA,NA,NA,NA,NA,NA,NA,NA,NA,NA,NA
265,0.066665977,0.278116345,0.11291448,2022,state,All,state,99,Karnataka,1,0,0,0,NA,NA,NA,NA,NA,NA,NA,NA,NA,NA,NA,NA,NA
266,0,0,0,2022,state,All,state,99,Karnataka,NA,NA,NA,NA,NA,NA,NA,NA,NA,NA,NA,NA,NA,NA,NA,NA,NA
267,0.395599574,0.544773817,0.034492064,2022,state,All,state,99,Goa,0,0,0,1,NA,NA,NA,NA,NA,NA,NA,NA,NA,NA,NA,NA,NA
268,0.229569674,0.596831679,0.112307444,2022,state,All,state,99,Goa,0,0,1,0,NA,NA,NA,NA,NA,NA,NA,NA,NA,NA,NA,NA,NA
269,0.172827333,0.516722381,0.080508418,2022,state,All,state,99,Goa,0,1,0,0,NA,NA,NA,NA,NA,NA,NA,NA,NA,NA,NA,NA,NA
270,0.073219225,0.590128303,0.133097813,2022,state,All,state,99,Goa,1,0,0,0,NA,NA,NA,NA,NA,NA,NA,NA,NA,NA,NA,NA,NA
271,0,0,0,2022,state,All,state,99,Goa,NA,NA,NA,NA,NA,NA,NA,NA,NA,NA,NA,NA,NA,NA,NA,NA,NA
272,0.39159289,0.293767095,0.224072948,2022,state,All,state,99,Lakshadweep,0,0,0,1,NA,NA,NA,NA,NA,NA,NA,NA,NA,NA,NA,NA,NA
273,0.403027952,0.357055336,0.17518349,2022,state,All,state,99,Lakshadweep,0,0,1,0,NA,NA,NA,NA,NA,NA,NA,NA,NA,NA,NA,NA,NA
274,0.32044363,0.280351728,0.203825697,2022,state,All,state,99,Lakshadweep,0,1,0,0,NA,NA,NA,NA,NA,NA,NA,NA,NA,NA,NA,NA,NA
275,0.167761743,0.190641314,0.400824904,2022,state,All,state,99,Lakshadweep,1,0,0,0,NA,NA,NA,NA,NA,NA,NA,NA,NA,NA,NA,NA,NA
276,0,0,0,2022,state,All,state,99,Lakshadweep,NA,NA,NA,NA,NA,NA,NA,NA,NA,NA,NA,NA,NA,NA,NA,NA,NA
277,0.318149269,0.238113806,0.363940805,2022,state,All,state,99,Kerala,0,0,0,1,NA,NA,NA,NA,NA,NA,NA,NA,NA,NA,NA,NA,NA
278,0.279385358,0.288768321,0.296486795,2022,state,All,state,99,Kerala,0,0,1,0,NA,NA,NA,NA,NA,NA,NA,NA,NA,NA,NA,NA,NA
279,0.239767313,0.231537104,0.230094895,2022,state,All,state,99,Kerala,0,1,0,0,NA,NA,NA,NA,NA,NA,NA,NA,NA,NA,NA,NA,NA
280,0.04666426,0.313695729,0.151055768,2022,state,All,state,99,Kerala,1,0,0,0,NA,NA,NA,NA,NA,NA,NA,NA,NA,NA,NA,NA,NA
281,0,0,0,2022,state,All,state,99,Kerala,NA,NA,NA,NA,NA,NA,NA,NA,NA,NA,NA,NA,NA,NA,NA,NA,NA
282,0.449143052,0.245399609,0.274727285,2022,state,All,state,99,Tamil Nadu,0,0,0,1,NA,NA,NA,NA,NA,NA,NA,NA,NA,NA,NA,NA,NA
283,0.314828902,0.34763369,0.317135006,2022,state,All,state,99,Tamil Nadu,0,0,1,0,NA,NA,NA,NA,NA,NA,NA,NA,NA,NA,NA,NA,NA
284,0.252545595,0.341261178,0.282827318,2022,state,All,state,99,Tamil Nadu,0,1,0,0,NA,NA,NA,NA,NA,NA,NA,NA,NA,NA,NA,NA,NA
285,0.065280497,0.292895913,0.21192576,2022,state,All,state,99,Tamil Nadu,1,0,0,0,NA,NA,NA,NA,NA,NA,NA,NA,NA,NA,NA,NA,NA
286,0,0,0,2022,state,All,state,99,Tamil Nadu,NA,NA,NA,NA,NA,NA,NA,NA,NA,NA,NA,NA,NA,NA,NA,NA,NA
287,0.416304827,0.191657066,0.362258226,2022,state,All,state,99,Puducherry,0,0,0,1,NA,NA,NA,NA,NA,NA,NA,NA,NA,NA,NA,NA,NA
288,0.241846189,0.417012036,0.291636914,2022,state,All,state,99,Puducherry,0,0,1,0,NA,NA,NA,NA,NA,NA,NA,NA,NA,NA,NA,NA,NA
289,0.246247217,0.391090721,0.164322957,2022,state,All,state,99,Puducherry,0,1,0,0,NA,NA,NA,NA,NA,NA,NA,NA,NA,NA,NA,NA,NA
290,0.018895365,0.139100671,0.091673754,2022,state,All,state,99,Puducherry,1,0,0,0,NA,NA,NA,NA,NA,NA,NA,NA,NA,NA,NA,NA,NA
291,0,0,0,2022,state,All,state,99,Puducherry,NA,NA,NA,NA,NA,NA,NA,NA,NA,NA,NA,NA,NA,NA,NA,NA,NA
292,0.507655263,0.392977476,0.052972037,2022,state,All,state,99,A & N Island,0,0,0,1,NA,NA,NA,NA,NA,NA,NA,NA,NA,NA,NA,NA,NA
293,0.335321397,0.543061435,0.088876992,2022,state,All,state,99,A & N Island,0,0,1,0,NA,NA,NA,NA,NA,NA,NA,NA,NA,NA,NA,NA,NA
294,0.243069321,0.545486569,0.108588912,2022,state,All,state,99,A & N Island,0,1,0,0,NA,NA,NA,NA,NA,NA,NA,NA,NA,NA,NA,NA,NA
295,0.076072551,0.537077129,0.10787829,2022,state,All,state,99,A & N Island,1,0,0,0,NA,NA,NA,NA,NA,NA,NA,NA,NA,NA,NA,NA,NA
296,0,0,0,2022,state,All,state,99,A & N Island,NA,NA,NA,NA,NA,NA,NA,NA,NA,NA,NA,NA,NA,NA,NA,NA,NA
297,0.669601798,0.204058558,0.116247945,2022,state,All,state,99,Telangana,0,0,0,1,NA,NA,NA,NA,NA,NA,NA,NA,NA,NA,NA,NA,NA
298,0.555317581,0.273861796,0.16022025,2022,state,All,state,99,Telangana,0,0,1,0,NA,NA,NA,NA,NA,NA,NA,NA,NA,NA,NA,NA,NA
299,0.406726599,0.286070526,0.205781385,2022,state,All,state,99,Telangana,0,1,0,0,NA,NA,NA,NA,NA,NA,NA,NA,NA,NA,NA,NA,NA
300,0.05319874,0.254296243,0.097023301,2022,state,All,state,99,Telangana,1,0,0,0,NA,NA,NA,NA,NA,NA,NA,NA,NA,NA,NA,NA,NA
301,0,0,0,2022,state,All,state,99,Telangana,NA,NA,NA,NA,NA,NA,NA,NA,NA,NA,NA,NA,NA,NA,NA,NA,NA
302,0.510899842,0.342633456,0.107336864,2022,state,All,state,99,Ladakh,0,0,0,1,NA,NA,NA,NA,NA,NA,NA,NA,NA,NA,NA,NA,NA
303,0.468743801,0.34836036,0.141995639,2022,state,All,state,99,Ladakh,0,0,1,0,NA,NA,NA,NA,NA,NA,NA,NA,NA,NA,NA,NA,NA
304,0.422467113,0.248808578,0.224845514,2022,state,All,state,99,Ladakh,0,1,0,0,NA,NA,NA,NA,NA,NA,NA,NA,NA,NA,NA,NA,NA
305,0.550885558,0.181445479,0.166125238,2022,state,All,state,99,Ladakh,1,0,0,0,NA,NA,NA,NA,NA,NA,NA,NA,NA,NA,NA,NA,NA
306,0,0,0,2022,state,All,state,99,Ladakh,NA,NA,NA,NA,NA,NA,NA,NA,NA,NA,NA,NA,NA,NA,NA,NA,NA
307,0.43909812,0.278805584,0.255363494,2022,state,urban/rural,sector_state,0,Jammu & Kashmir,0,0,0,1,NA,NA,NA,NA,NA,NA,NA,NA,NA,NA,NA,NA,NA
308,0.424578905,0.265273452,0.252328545,2022,state,urban/rural,sector_state,0,Jammu & Kashmir,0,0,1,0,NA,NA,NA,NA,NA,NA,NA,NA,NA,NA,NA,NA,NA
309,0.343180835,0.192494228,0.315236419,2022,state,urban/rural,sector_state,0,Jammu & Kashmir,0,1,0,0,NA,NA,NA,NA,NA,NA,NA,NA,NA,NA,NA,NA,NA
310,0.097804248,0.058677148,0.235533297,2022,state,urban/rural,sector_state,0,Jammu & Kashmir,1,0,0,0,NA,NA,NA,NA,NA,NA,NA,NA,NA,NA,NA,NA,NA
311,0,0,0,2022,state,urban/rural,sector_state,0,Jammu & Kashmir,NA,NA,NA,NA,NA,NA,NA,NA,NA,NA,NA,NA,NA,NA,NA,NA,NA
312,0.523280025,0.256677389,0.160573766,2022,state,urban/rural,sector_state,0,Himachal Pradesh,0,0,0,1,NA,NA,NA,NA,NA,NA,NA,NA,NA,NA,NA,NA,NA
313,0.527730048,0.220143437,0.192357093,2022,state,urban/rural,sector_state,0,Himachal Pradesh,0,0,1,0,NA,NA,NA,NA,NA,NA,NA,NA,NA,NA,NA,NA,NA
314,0.51496923,0.191961169,0.142119914,2022,state,urban/rural,sector_state,0,Himachal Pradesh,0,1,0,0,NA,NA,NA,NA,NA,NA,NA,NA,NA,NA,NA,NA,NA
315,0.137203828,0.250747681,0.036990266,2022,state,urban/rural,sector_state,0,Himachal Pradesh,1,0,0,0,NA,NA,NA,NA,NA,NA,NA,NA,NA,NA,NA,NA,NA
316,0,0,0,2022,state,urban/rural,sector_state,0,Himachal Pradesh,NA,NA,NA,NA,NA,NA,NA,NA,NA,NA,NA,NA,NA,NA,NA,NA,NA
317,0.511269808,0.179417834,0.290198952,2022,state,urban/rural,sector_state,0,Punjab,0,0,0,1,NA,NA,NA,NA,NA,NA,NA,NA,NA,NA,NA,NA,NA
318,0.402386308,0.174878553,0.375452042,2022,state,urban/rural,sector_state,0,Punjab,0,0,1,0,NA,NA,NA,NA,NA,NA,NA,NA,NA,NA,NA,NA,NA
319,0.350701183,0.175586775,0.311991632,2022,state,urban/rural,sector_state,0,Punjab,0,1,0,0,NA,NA,NA,NA,NA,NA,NA,NA,NA,NA,NA,NA,NA
320,0.018658023,0.181653664,0.226115763,2022,state,urban/rural,sector_state,0,Punjab,1,0,0,0,NA,NA,NA,NA,NA,NA,NA,NA,NA,NA,NA,NA,NA
321,0,0,0,2022,state,urban/rural,sector_state,0,Punjab,NA,NA,NA,NA,NA,NA,NA,NA,NA,NA,NA,NA,NA,NA,NA,NA,NA
322,0.354965776,0.551068127,0.093966112,2022,state,urban/rural,sector_state,0,Chandigarh,0,0,0,1,NA,NA,NA,NA,NA,NA,NA,NA,NA,NA,NA,NA,NA
323,0.353332847,0.404604197,0.219258279,2022,state,urban/rural,sector_state,0,Chandigarh,0,0,1,0,NA,NA,NA,NA,NA,NA,NA,NA,NA,NA,NA,NA,NA
324,0.255436361,0.596056044,0.10104923,2022,state,urban/rural,sector_state,0,Chandigarh,0,1,0,0,NA,NA,NA,NA,NA,NA,NA,NA,NA,NA,NA,NA,NA
325,0.1085568,0.66182375,0.141291246,2022,state,urban/rural,sector_state,0,Chandigarh,1,0,0,0,NA,NA,NA,NA,NA,NA,NA,NA,NA,NA,NA,NA,NA
326,0,0,0,2022,state,urban/rural,sector_state,0,Chandigarh,NA,NA,NA,NA,NA,NA,NA,NA,NA,NA,NA,NA,NA,NA,NA,NA,NA
327,0.656371057,0.098141685,0.209454283,2022,state,urban/rural,sector_state,0,Uttrakhand,0,0,0,1,NA,NA,NA,NA,NA,NA,NA,NA,NA,NA,NA,NA,NA
328,0.40946725,0.259445041,0.28661263,2022,state,urban/rural,sector_state,0,Uttrakhand,0,0,1,0,NA,NA,NA,NA,NA,NA,NA,NA,NA,NA,NA,NA,NA
329,0.39138484,0.190428913,0.18647863,2022,state,urban/rural,sector_state,0,Uttrakhand,0,1,0,0,NA,NA,NA,NA,NA,NA,NA,NA,NA,NA,NA,NA,NA
330,0.12614727,0.10360419,0.097556233,2022,state,urban/rural,sector_state,0,Uttrakhand,1,0,0,0,NA,NA,NA,NA,NA,NA,NA,NA,NA,NA,NA,NA,NA
331,0,0,0,2022,state,urban/rural,sector_state,0,Uttrakhand,NA,NA,NA,NA,NA,NA,NA,NA,NA,NA,NA,NA,NA,NA,NA,NA,NA
332,0.478519917,0.177915037,0.329225898,2022,state,urban/rural,sector_state,0,Haryana,0,0,0,1,NA,NA,NA,NA,NA,NA,NA,NA,NA,NA,NA,NA,NA
333,0.41475746,0.193892822,0.364502072,2022,state,urban/rural,sector_state,0,Haryana,0,0,1,0,NA,NA,NA,NA,NA,NA,NA,NA,NA,NA,NA,NA,NA
334,0.394322485,0.179989874,0.273764908,2022,state,urban/rural,sector_state,0,Haryana,0,1,0,0,NA,NA,NA,NA,NA,NA,NA,NA,NA,NA,NA,NA,NA
335,0.070003383,0.15027687,0.161241159,2022,state,urban/rural,sector_state,0,Haryana,1,0,0,0,NA,NA,NA,NA,NA,NA,NA,NA,NA,NA,NA,NA,NA
336,0,0,0,2022,state,urban/rural,sector_state,0,Haryana,NA,NA,NA,NA,NA,NA,NA,NA,NA,NA,NA,NA,NA,NA,NA,NA,NA
337,0.386064976,0.537132382,0.076802671,2022,state,urban/rural,sector_state,0,Delhi,0,0,0,1,NA,NA,NA,NA,NA,NA,NA,NA,NA,NA,NA,NA,NA
338,0.377948552,0.495675474,0.10034246,2022,state,urban/rural,sector_state,0,Delhi,0,0,1,0,NA,NA,NA,NA,NA,NA,NA,NA,NA,NA,NA,NA,NA
339,0.24159424,0.536623597,0.128706783,2022,state,urban/rural,sector_state,0,Delhi,0,1,0,0,NA,NA,NA,NA,NA,NA,NA,NA,NA,NA,NA,NA,NA
340,0.087329268,0.58592993,0.089726113,2022,state,urban/rural,sector_state,0,Delhi,1,0,0,0,NA,NA,NA,NA,NA,NA,NA,NA,NA,NA,NA,NA,NA
341,0,0,0,2022,state,urban/rural,sector_state,0,Delhi,NA,NA,NA,NA,NA,NA,NA,NA,NA,NA,NA,NA,NA,NA,NA,NA,NA
342,0.669256866,0.093867622,0.223961592,2022,state,urban/rural,sector_state,0,Rajasthan,0,0,0,1,NA,NA,NA,NA,NA,NA,NA,NA,NA,NA,NA,NA,NA
343,0.58515197,0.128810376,0.259358734,2022,state,urban/rural,sector_state,0,Rajasthan,0,0,1,0,NA,NA,NA,NA,NA,NA,NA,NA,NA,NA,NA,NA,NA
344,0.561523259,0.114966415,0.230153888,2022,state,urban/rural,sector_state,0,Rajasthan,0,1,0,0,NA,NA,NA,NA,NA,NA,NA,NA,NA,NA,NA,NA,NA
345,0.098370239,0.065685421,0.043525856,2022,state,urban/rural,sector_state,0,Rajasthan,1,0,0,0,NA,NA,NA,NA,NA,NA,NA,NA,NA,NA,NA,NA,NA
346,0,0,0,2022,state,urban/rural,sector_state,0,Rajasthan,NA,NA,NA,NA,NA,NA,NA,NA,NA,NA,NA,NA,NA,NA,NA,NA,NA
347,0.603722334,0.091553606,0.261445969,2022,state,urban/rural,sector_state,0,Uttar Pradesh,0,0,0,1,NA,NA,NA,NA,NA,NA,NA,NA,NA,NA,NA,NA,NA
348,0.505434752,0.101336077,0.331163257,2022,state,urban/rural,sector_state,0,Uttar Pradesh,0,0,1,0,NA,NA,NA,NA,NA,NA,NA,NA,NA,NA,NA,NA,NA
349,0.471514016,0.083374187,0.307284534,2022,state,urban/rural,sector_state,0,Uttar Pradesh,0,1,0,0,NA,NA,NA,NA,NA,NA,NA,NA,NA,NA,NA,NA,NA
350,0.358435869,0.067558452,0.158778369,2022,state,urban/rural,sector_state,0,Uttar Pradesh,1,0,0,0,NA,NA,NA,NA,NA,NA,NA,NA,NA,NA,NA,NA,NA
351,0,0,0,2022,state,urban/rural,sector_state,0,Uttar Pradesh,NA,NA,NA,NA,NA,NA,NA,NA,NA,NA,NA,NA,NA,NA,NA,NA,NA
352,0.479671299,0.189251542,0.312254757,2022,state,urban/rural,sector_state,0,Bihar,0,0,0,1,NA,NA,NA,NA,NA,NA,NA,NA,NA,NA,NA,NA,NA
353,0.372509569,0.224167719,0.380911022,2022,state,urban/rural,sector_state,0,Bihar,0,0,1,0,NA,NA,NA,NA,NA,NA,NA,NA,NA,NA,NA,NA,NA
354,0.314341247,0.222458988,0.388203442,2022,state,urban/rural,sector_state,0,Bihar,0,1,0,0,NA,NA,NA,NA,NA,NA,NA,NA,NA,NA,NA,NA,NA
355,0.228172287,0.053427719,0.242217481,2022,state,urban/rural,sector_state,0,Bihar,1,0,0,0,NA,NA,NA,NA,NA,NA,NA,NA,NA,NA,NA,NA,NA
356,0,0,0,2022,state,urban/rural,sector_state,0,Bihar,NA,NA,NA,NA,NA,NA,NA,NA,NA,NA,NA,NA,NA,NA,NA,NA,NA
357,0.51653856,0.40217039,0.081291035,2022,state,urban/rural,sector_state,0,Sikkim,0,0,0,1,NA,NA,NA,NA,NA,NA,NA,NA,NA,NA,NA,NA,NA
358,0.550245762,0.359832823,0.085519977,2022,state,urban/rural,sector_state,0,Sikkim,0,0,1,0,NA,NA,NA,NA,NA,NA,NA,NA,NA,NA,NA,NA,NA
359,0.533008456,0.344940066,0.113107614,2022,state,urban/rural,sector_state,0,Sikkim,0,1,0,0,NA,NA,NA,NA,NA,NA,NA,NA,NA,NA,NA,NA,NA
360,0.346291095,0.43532145,0.157767102,2022,state,urban/rural,sector_state,0,Sikkim,1,0,0,0,NA,NA,NA,NA,NA,NA,NA,NA,NA,NA,NA,NA,NA
361,0,0,0,2022,state,urban/rural,sector_state,0,Sikkim,NA,NA,NA,NA,NA,NA,NA,NA,NA,NA,NA,NA,NA,NA,NA,NA,NA
362,0.717870653,0.256334454,0.02284018,2022,state,urban/rural,sector_state,0,Arunachal Pradesh,0,0,0,1,NA,NA,NA,NA,NA,NA,NA,NA,NA,NA,NA,NA,NA
363,0.724173188,0.220170736,0.049864203,2022,state,urban/rural,sector_state,0,Arunachal Pradesh,0,0,1,0,NA,NA,NA,NA,NA,NA,NA,NA,NA,NA,NA,NA,NA
364,0.666291296,0.225675344,0.059444662,2022,state,urban/rural,sector_state,0,Arunachal Pradesh,0,1,0,0,NA,NA,NA,NA,NA,NA,NA,NA,NA,NA,NA,NA,NA
365,0.497432381,0.271756738,0.02475738,2022,state,urban/rural,sector_state,0,Arunachal Pradesh,1,0,0,0,NA,NA,NA,NA,NA,NA,NA,NA,NA,NA,NA,NA,NA
366,0,0,0,2022,state,urban/rural,sector_state,0,Arunachal Pradesh,NA,NA,NA,NA,NA,NA,NA,NA,NA,NA,NA,NA,NA,NA,NA,NA,NA
367,0.861303985,0.119413629,0.015230095,2022,state,urban/rural,sector_state,0,Nagaland,0,0,0,1,NA,NA,NA,NA,NA,NA,NA,NA,NA,NA,NA,NA,NA
368,0.73137331,0.204584926,0.040052213,2022,state,urban/rural,sector_state,0,Nagaland,0,0,1,0,NA,NA,NA,NA,NA,NA,NA,NA,NA,NA,NA,NA,NA
369,0.697614014,0.159690842,0.051691592,2022,state,urban/rural,sector_state,0,Nagaland,0,1,0,0,NA,NA,NA,NA,NA,NA,NA,NA,NA,NA,NA,NA,NA
370,0.600211501,0.156448752,0.028363749,2022,state,urban/rural,sector_state,0,Nagaland,1,0,0,0,NA,NA,NA,NA,NA,NA,NA,NA,NA,NA,NA,NA,NA
371,0,0,0,2022,state,urban/rural,sector_state,0,Nagaland,NA,NA,NA,NA,NA,NA,NA,NA,NA,NA,NA,NA,NA,NA,NA,NA,NA
372,0.655449808,0.199984446,0.134028152,2022,state,urban/rural,sector_state,0,Manipur,0,0,0,1,NA,NA,NA,NA,NA,NA,NA,NA,NA,NA,NA,NA,NA
373,0.591745317,0.220152155,0.17662181,2022,state,urban/rural,sector_state,0,Manipur,0,0,1,0,NA,NA,NA,NA,NA,NA,NA,NA,NA,NA,NA,NA,NA
374,0.59647876,0.198132828,0.175639912,2022,state,urban/rural,sector_state,0,Manipur,0,1,0,0,NA,NA,NA,NA,NA,NA,NA,NA,NA,NA,NA,NA,NA
375,0.552063346,0.103165396,0.086130805,2022,state,urban/rural,sector_state,0,Manipur,1,0,0,0,NA,NA,NA,NA,NA,NA,NA,NA,NA,NA,NA,NA,NA
376,0,0,0,2022,state,urban/rural,sector_state,0,Manipur,NA,NA,NA,NA,NA,NA,NA,NA,NA,NA,NA,NA,NA,NA,NA,NA,NA
377,0.634633124,0.239449576,0.103524826,2022,state,urban/rural,sector_state,0,Mizoram,0,0,0,1,NA,NA,NA,NA,NA,NA,NA,NA,NA,NA,NA,NA,NA
378,0.578990638,0.223481134,0.147263914,2022,state,urban/rural,sector_state,0,Mizoram,0,0,1,0,NA,NA,NA,NA,NA,NA,NA,NA,NA,NA,NA,NA,NA
379,0.535470307,0.202775165,0.170137361,2022,state,urban/rural,sector_state,0,Mizoram,0,1,0,0,NA,NA,NA,NA,NA,NA,NA,NA,NA,NA,NA,NA,NA
380,0.428956538,0.322228044,0.103550047,2022,state,urban/rural,sector_state,0,Mizoram,1,0,0,0,NA,NA,NA,NA,NA,NA,NA,NA,NA,NA,NA,NA,NA
381,0,0,0,2022,state,urban/rural,sector_state,0,Mizoram,NA,NA,NA,NA,NA,NA,NA,NA,NA,NA,NA,NA,NA,NA,NA,NA,NA
382,0.633481979,0.085072324,0.271396339,2022,state,urban/rural,sector_state,0,Tripura,0,0,0,1,NA,NA,NA,NA,NA,NA,NA,NA,NA,NA,NA,NA,NA
383,0.525897324,0.133398473,0.318752766,2022,state,urban/rural,sector_state,0,Tripura,0,0,1,0,NA,NA,NA,NA,NA,NA,NA,NA,NA,NA,NA,NA,NA
384,0.45748052,0.152113765,0.315957546,2022,state,urban/rural,sector_state,0,Tripura,0,1,0,0,NA,NA,NA,NA,NA,NA,NA,NA,NA,NA,NA,NA,NA
385,0.104544498,0.126186252,0.289614737,2022,state,urban/rural,sector_state,0,Tripura,1,0,0,0,NA,NA,NA,NA,NA,NA,NA,NA,NA,NA,NA,NA,NA
386,0,0,0,2022,state,urban/rural,sector_state,0,Tripura,NA,NA,NA,NA,NA,NA,NA,NA,NA,NA,NA,NA,NA,NA,NA,NA,NA
387,0.639454663,0.14969869,0.209852755,2022,state,urban/rural,sector_state,0,Meghalaya,0,0,0,1,NA,NA,NA,NA,NA,NA,NA,NA,NA,NA,NA,NA,NA
388,0.567205071,0.177568644,0.253860325,2022,state,urban/rural,sector_state,0,Meghalaya,0,0,1,0,NA,NA,NA,NA,NA,NA,NA,NA,NA,NA,NA,NA,NA
389,0.52720207,0.173722073,0.276974708,2022,state,urban/rural,sector_state,0,Meghalaya,0,1,0,0,NA,NA,NA,NA,NA,NA,NA,NA,NA,NA,NA,NA,NA
390,0.218859702,0.044736311,0.191004544,2022,state,urban/rural,sector_state,0,Meghalaya,1,0,0,0,NA,NA,NA,NA,NA,NA,NA,NA,NA,NA,NA,NA,NA
391,0,0,0,2022,state,urban/rural,sector_state,0,Meghalaya,NA,NA,NA,NA,NA,NA,NA,NA,NA,NA,NA,NA,NA,NA,NA,NA,NA
392,0.526759982,0.124274828,0.334141403,2022,state,urban/rural,sector_state,0,Assam,0,0,0,1,NA,NA,NA,NA,NA,NA,NA,NA,NA,NA,NA,NA,NA
393,0.427200496,0.163669035,0.388574183,2022,state,urban/rural,sector_state,0,Assam,0,0,1,0,NA,NA,NA,NA,NA,NA,NA,NA,NA,NA,NA,NA,NA
394,0.366202623,0.173249424,0.380352616,2022,state,urban/rural,sector_state,0,Assam,0,1,0,0,NA,NA,NA,NA,NA,NA,NA,NA,NA,NA,NA,NA,NA
395,0.130695447,0.16523765,0.237718835,2022,state,urban/rural,sector_state,0,Assam,1,0,0,0,NA,NA,NA,NA,NA,NA,NA,NA,NA,NA,NA,NA,NA
396,0,0,0,2022,state,urban/rural,sector_state,0,Assam,NA,NA,NA,NA,NA,NA,NA,NA,NA,NA,NA,NA,NA,NA,NA,NA,NA
397,0.511952281,0.151796505,0.327993214,2022,state,urban/rural,sector_state,0,West Bengal,0,0,0,1,NA,NA,NA,NA,NA,NA,NA,NA,NA,NA,NA,NA,NA
398,0.410283625,0.143056914,0.430449247,2022,state,urban/rural,sector_state,0,West Bengal,0,0,1,0,NA,NA,NA,NA,NA,NA,NA,NA,NA,NA,NA,NA,NA
399,0.361886531,0.141452283,0.411007255,2022,state,urban/rural,sector_state,0,West Bengal,0,1,0,0,NA,NA,NA,NA,NA,NA,NA,NA,NA,NA,NA,NA,NA
400,0.136637837,0.073626198,0.227941051,2022,state,urban/rural,sector_state,0,West Bengal,1,0,0,0,NA,NA,NA,NA,NA,NA,NA,NA,NA,NA,NA,NA,NA
401,0,0,0,2022,state,urban/rural,sector_state,0,West Bengal,NA,NA,NA,NA,NA,NA,NA,NA,NA,NA,NA,NA,NA,NA,NA,NA,NA
402,0.533808112,0.120940521,0.307234049,2022,state,urban/rural,sector_state,0,Jharkhand,0,0,0,1,NA,NA,NA,NA,NA,NA,NA,NA,NA,NA,NA,NA,NA
403,0.463927925,0.133740649,0.359747857,2022,state,urban/rural,sector_state,0,Jharkhand,0,0,1,0,NA,NA,NA,NA,NA,NA,NA,NA,NA,NA,NA,NA,NA
404,0.418560266,0.115066119,0.323308498,2022,state,urban/rural,sector_state,0,Jharkhand,0,1,0,0,NA,NA,NA,NA,NA,NA,NA,NA,NA,NA,NA,NA,NA
405,0.20276314,0.07386753,0.177067131,2022,state,urban/rural,sector_state,0,Jharkhand,1,0,0,0,NA,NA,NA,NA,NA,NA,NA,NA,NA,NA,NA,NA,NA
406,0,0,0,2022,state,urban/rural,sector_state,0,Jharkhand,NA,NA,NA,NA,NA,NA,NA,NA,NA,NA,NA,NA,NA,NA,NA,NA,NA
407,0.600749433,0.099957362,0.293642521,2022,state,urban/rural,sector_state,0,Odisha,0,0,0,1,NA,NA,NA,NA,NA,NA,NA,NA,NA,NA,NA,NA,NA
408,0.499455541,0.10788659,0.371103138,2022,state,urban/rural,sector_state,0,Odisha,0,0,1,0,NA,NA,NA,NA,NA,NA,NA,NA,NA,NA,NA,NA,NA
409,0.414619982,0.1102731,0.336269528,2022,state,urban/rural,sector_state,0,Odisha,0,1,0,0,NA,NA,NA,NA,NA,NA,NA,NA,NA,NA,NA,NA,NA
410,0.084056646,0.039608836,0.084572114,2022,state,urban/rural,sector_state,0,Odisha,1,0,0,0,NA,NA,NA,NA,NA,NA,NA,NA,NA,NA,NA,NA,NA
411,0,0,0,2022,state,urban/rural,sector_state,0,Odisha,NA,NA,NA,NA,NA,NA,NA,NA,NA,NA,NA,NA,NA,NA,NA,NA,NA
412,0.644093454,0.155368492,0.194533318,2022,state,urban/rural,sector_state,0,Chhattisgarh,0,0,0,1,NA,NA,NA,NA,NA,NA,NA,NA,NA,NA,NA,NA,NA
413,0.56269455,0.161101609,0.264913678,2022,state,urban/rural,sector_state,0,Chhattisgarh,0,0,1,0,NA,NA,NA,NA,NA,NA,NA,NA,NA,NA,NA,NA,NA
414,0.560187399,0.136226758,0.253466964,2022,state,urban/rural,sector_state,0,Chhattisgarh,0,1,0,0,NA,NA,NA,NA,NA,NA,NA,NA,NA,NA,NA,NA,NA
415,0.208502099,0.081993535,0.129328638,2022,state,urban/rural,sector_state,0,Chhattisgarh,1,0,0,0,NA,NA,NA,NA,NA,NA,NA,NA,NA,NA,NA,NA,NA
416,0,0,0,2022,state,urban/rural,sector_state,0,Chhattisgarh,NA,NA,NA,NA,NA,NA,NA,NA,NA,NA,NA,NA,NA,NA,NA,NA,NA
417,0.652522087,0.045915853,0.299489886,2022,state,urban/rural,sector_state,0,Madhya Pradesh,0,0,0,1,NA,NA,NA,NA,NA,NA,NA,NA,NA,NA,NA,NA,NA
418,0.56008321,0.061595589,0.373516291,2022,state,urban/rural,sector_state,0,Madhya Pradesh,0,0,1,0,NA,NA,NA,NA,NA,NA,NA,NA,NA,NA,NA,NA,NA
419,0.53370744,0.069605693,0.351816028,2022,state,urban/rural,sector_state,0,Madhya Pradesh,0,1,0,0,NA,NA,NA,NA,NA,NA,NA,NA,NA,NA,NA,NA,NA
420,0.21098718,0.052144755,0.233357802,2022,state,urban/rural,sector_state,0,Madhya Pradesh,1,0,0,0,NA,NA,NA,NA,NA,NA,NA,NA,NA,NA,NA,NA,NA
421,0,0,0,2022,state,urban/rural,sector_state,0,Madhya Pradesh,NA,NA,NA,NA,NA,NA,NA,NA,NA,NA,NA,NA,NA,NA,NA,NA,NA
422,0.625377834,0.104581103,0.26847738,2022,state,urban/rural,sector_state,0,Gujarat,0,0,0,1,NA,NA,NA,NA,NA,NA,NA,NA,NA,NA,NA,NA,NA
423,0.544970334,0.161755621,0.288733006,2022,state,urban/rural,sector_state,0,Gujarat,0,0,1,0,NA,NA,NA,NA,NA,NA,NA,NA,NA,NA,NA,NA,NA
424,0.484319657,0.163714707,0.285861164,2022,state,urban/rural,sector_state,0,Gujarat,0,1,0,0,NA,NA,NA,NA,NA,NA,NA,NA,NA,NA,NA,NA,NA
425,0.170675144,0.147379443,0.295347214,2022,state,urban/rural,sector_state,0,Gujarat,1,0,0,0,NA,NA,NA,NA,NA,NA,NA,NA,NA,NA,NA,NA,NA
426,0,0,0,2022,state,urban/rural,sector_state,0,Gujarat,NA,NA,NA,NA,NA,NA,NA,NA,NA,NA,NA,NA,NA,NA,NA,NA,NA
427,0.669717729,0.275876135,0.037671,2022,state,urban/rural,sector_state,0,Daman & Diu & D & N Haveli,0,0,0,1,NA,NA,NA,NA,NA,NA,NA,NA,NA,NA,NA,NA,NA
428,0.375032902,0.473497629,0.151469469,2022,state,urban/rural,sector_state,0,Daman & Diu & D & N Haveli,0,0,1,0,NA,NA,NA,NA,NA,NA,NA,NA,NA,NA,NA,NA,NA
429,0.273804605,0.633621335,0.072364949,2022,state,urban/rural,sector_state,0,Daman & Diu & D & N Haveli,0,1,0,0,NA,NA,NA,NA,NA,NA,NA,NA,NA,NA,NA,NA,NA
430,0,0.918929219,0,2022,state,urban/rural,sector_state,0,Daman & Diu & D & N Haveli,1,0,0,0,NA,NA,NA,NA,NA,NA,NA,NA,NA,NA,NA,NA,NA
431,0,0,0,2022,state,urban/rural,sector_state,0,Daman & Diu & D & N Haveli,NA,NA,NA,NA,NA,NA,NA,NA,NA,NA,NA,NA,NA,NA,NA,NA,NA
432,0.665140629,0.080135889,0.247733802,2022,state,urban/rural,sector_state,0,Maharashtra,0,0,0,1,NA,NA,NA,NA,NA,NA,NA,NA,NA,NA,NA,NA,NA
433,0.509476006,0.167395025,0.312107831,2022,state,urban/rural,sector_state,0,Maharashtra,0,0,1,0,NA,NA,NA,NA,NA,NA,NA,NA,NA,NA,NA,NA,NA
434,0.432341546,0.188611776,0.294876218,2022,state,urban/rural,sector_state,0,Maharashtra,0,1,0,0,NA,NA,NA,NA,NA,NA,NA,NA,NA,NA,NA,NA,NA
435,0.116277799,0.171052232,0.207783774,2022,state,urban/rural,sector_state,0,Maharashtra,1,0,0,0,NA,NA,NA,NA,NA,NA,NA,NA,NA,NA,NA,NA,NA
436,0,0,0,2022,state,urban/rural,sector_state,0,Maharashtra,NA,NA,NA,NA,NA,NA,NA,NA,NA,NA,NA,NA,NA,NA,NA,NA,NA
437,0.60433197,0.093835279,0.288926005,2022,state,urban/rural,sector_state,0,Andhra Pradesh,0,0,0,1,NA,NA,NA,NA,NA,NA,NA,NA,NA,NA,NA,NA,NA
438,0.470701545,0.15465793,0.363053322,2022,state,urban/rural,sector_state,0,Andhra Pradesh,0,0,1,0,NA,NA,NA,NA,NA,NA,NA,NA,NA,NA,NA,NA,NA
439,0.407589346,0.112931289,0.354917049,2022,state,urban/rural,sector_state,0,Andhra Pradesh,0,1,0,0,NA,NA,NA,NA,NA,NA,NA,NA,NA,NA,NA,NA,NA
440,0.089380622,0.035420056,0.179614574,2022,state,urban/rural,sector_state,0,Andhra Pradesh,1,0,0,0,NA,NA,NA,NA,NA,NA,NA,NA,NA,NA,NA,NA,NA
441,0,0,0,2022,state,urban/rural,sector_state,0,Andhra Pradesh,NA,NA,NA,NA,NA,NA,NA,NA,NA,NA,NA,NA,NA,NA,NA,NA,NA
442,0.707009792,0.06108601,0.229325771,2022,state,urban/rural,sector_state,0,Karnataka,0,0,0,1,NA,NA,NA,NA,NA,NA,NA,NA,NA,NA,NA,NA,NA
443,0.556639552,0.122263826,0.313405067,2022,state,urban/rural,sector_state,0,Karnataka,0,0,1,0,NA,NA,NA,NA,NA,NA,NA,NA,NA,NA,NA,NA,NA
444,0.47280404,0.131997019,0.334375054,2022,state,urban/rural,sector_state,0,Karnataka,0,1,0,0,NA,NA,NA,NA,NA,NA,NA,NA,NA,NA,NA,NA,NA
445,0.118355595,0.093934834,0.238795891,2022,state,urban/rural,sector_state,0,Karnataka,1,0,0,0,NA,NA,NA,NA,NA,NA,NA,NA,NA,NA,NA,NA,NA
446,0,0,0,2022,state,urban/rural,sector_state,0,Karnataka,NA,NA,NA,NA,NA,NA,NA,NA,NA,NA,NA,NA,NA,NA,NA,NA,NA
447,0.26408872,0.650275111,0.036247928,2022,state,urban/rural,sector_state,0,Goa,0,0,0,1,NA,NA,NA,NA,NA,NA,NA,NA,NA,NA,NA,NA,NA
448,0.228320897,0.563970745,0.137300134,2022,state,urban/rural,sector_state,0,Goa,0,0,1,0,NA,NA,NA,NA,NA,NA,NA,NA,NA,NA,NA,NA,NA
449,0.149539292,0.575676084,0.075244725,2022,state,urban/rural,sector_state,0,Goa,0,1,0,0,NA,NA,NA,NA,NA,NA,NA,NA,NA,NA,NA,NA,NA
450,0.243168503,0.07006342,0.120686777,2022,state,urban/rural,sector_state,0,Goa,1,0,0,0,NA,NA,NA,NA,NA,NA,NA,NA,NA,NA,NA,NA,NA
451,0,0,0,2022,state,urban/rural,sector_state,0,Goa,NA,NA,NA,NA,NA,NA,NA,NA,NA,NA,NA,NA,NA,NA,NA,NA,NA
452,0.396579176,0.315684766,0.271722466,2022,state,urban/rural,sector_state,0,Lakshadweep,0,0,0,1,NA,NA,NA,NA,NA,NA,NA,NA,NA,NA,NA,NA,NA
453,0.355280101,0.307630569,0.257316083,2022,state,urban/rural,sector_state,0,Lakshadweep,0,0,1,0,NA,NA,NA,NA,NA,NA,NA,NA,NA,NA,NA,NA,NA
454,0.301709563,0.409648269,0.164943427,2022,state,urban/rural,sector_state,0,Lakshadweep,0,1,0,0,NA,NA,NA,NA,NA,NA,NA,NA,NA,NA,NA,NA,NA
455,0.206053972,0.338505417,0.42168954,2022,state,urban/rural,sector_state,0,Lakshadweep,1,0,0,0,NA,NA,NA,NA,NA,NA,NA,NA,NA,NA,NA,NA,NA
456,0,0,0,2022,state,urban/rural,sector_state,0,Lakshadweep,NA,NA,NA,NA,NA,NA,NA,NA,NA,NA,NA,NA,NA,NA,NA,NA,NA
457,0.330636799,0.223148108,0.360041231,2022,state,urban/rural,sector_state,0,Kerala,0,0,0,1,NA,NA,NA,NA,NA,NA,NA,NA,NA,NA,NA,NA,NA
458,0.294928312,0.247894347,0.323003143,2022,state,urban/rural,sector_state,0,Kerala,0,0,1,0,NA,NA,NA,NA,NA,NA,NA,NA,NA,NA,NA,NA,NA
459,0.25712502,0.187960654,0.275339663,2022,state,urban/rural,sector_state,0,Kerala,0,1,0,0,NA,NA,NA,NA,NA,NA,NA,NA,NA,NA,NA,NA,NA
460,0.104914531,0.106687129,0.260412514,2022,state,urban/rural,sector_state,0,Kerala,1,0,0,0,NA,NA,NA,NA,NA,NA,NA,NA,NA,NA,NA,NA,NA
461,0,0,0,2022,state,urban/rural,sector_state,0,Kerala,NA,NA,NA,NA,NA,NA,NA,NA,NA,NA,NA,NA,NA,NA,NA,NA,NA
462,0.452642888,0.194405466,0.332267314,2022,state,urban/rural,sector_state,0,Tamil Nadu,0,0,0,1,NA,NA,NA,NA,NA,NA,NA,NA,NA,NA,NA,NA,NA
463,0.340435505,0.237223685,0.407584667,2022,state,urban/rural,sector_state,0,Tamil Nadu,0,0,1,0,NA,NA,NA,NA,NA,NA,NA,NA,NA,NA,NA,NA,NA
464,0.29368937,0.22205928,0.399966836,2022,state,urban/rural,sector_state,0,Tamil Nadu,0,1,0,0,NA,NA,NA,NA,NA,NA,NA,NA,NA,NA,NA,NA,NA
465,0.08782246,0.100474417,0.398755938,2022,state,urban/rural,sector_state,0,Tamil Nadu,1,0,0,0,NA,NA,NA,NA,NA,NA,NA,NA,NA,NA,NA,NA,NA
466,0,0,0,2022,state,urban/rural,sector_state,0,Tamil Nadu,NA,NA,NA,NA,NA,NA,NA,NA,NA,NA,NA,NA,NA,NA,NA,NA,NA
467,0.439149141,0.078447588,0.482403249,2022,state,urban/rural,sector_state,0,Puducherry,0,0,0,1,NA,NA,NA,NA,NA,NA,NA,NA,NA,NA,NA,NA,NA
468,0.196215764,0.418753356,0.361062944,2022,state,urban/rural,sector_state,0,Puducherry,0,0,1,0,NA,NA,NA,NA,NA,NA,NA,NA,NA,NA,NA,NA,NA
469,0.189117625,0.395461947,0.258280098,2022,state,urban/rural,sector_state,0,Puducherry,0,1,0,0,NA,NA,NA,NA,NA,NA,NA,NA,NA,NA,NA,NA,NA
470,0,0.077063888,0.102460869,2022,state,urban/rural,sector_state,0,Puducherry,1,0,0,0,NA,NA,NA,NA,NA,NA,NA,NA,NA,NA,NA,NA,NA
471,0,0,0,2022,state,urban/rural,sector_state,0,Puducherry,NA,NA,NA,NA,NA,NA,NA,NA,NA,NA,NA,NA,NA,NA,NA,NA,NA
472,0.536509931,0.33680141,0.067536913,2022,state,urban/rural,sector_state,0,A & N Island,0,0,0,1,NA,NA,NA,NA,NA,NA,NA,NA,NA,NA,NA,NA,NA
473,0.396735579,0.449643701,0.120911047,2022,state,urban/rural,sector_state,0,A & N Island,0,0,1,0,NA,NA,NA,NA,NA,NA,NA,NA,NA,NA,NA,NA,NA
474,0.324523419,0.43961221,0.13530311,2022,state,urban/rural,sector_state,0,A & N Island,0,1,0,0,NA,NA,NA,NA,NA,NA,NA,NA,NA,NA,NA,NA,NA
475,0.136423245,0.437745363,0.038710766,2022,state,urban/rural,sector_state,0,A & N Island,1,0,0,0,NA,NA,NA,NA,NA,NA,NA,NA,NA,NA,NA,NA,NA
476,0,0,0,2022,state,urban/rural,sector_state,0,A & N Island,NA,NA,NA,NA,NA,NA,NA,NA,NA,NA,NA,NA,NA,NA,NA,NA,NA
477,0.774586201,0.064405911,0.155258104,2022,state,urban/rural,sector_state,0,Telangana,0,0,0,1,NA,NA,NA,NA,NA,NA,NA,NA,NA,NA,NA,NA,NA
478,0.671868205,0.105374619,0.219113499,2022,state,urban/rural,sector_state,0,Telangana,0,0,1,0,NA,NA,NA,NA,NA,NA,NA,NA,NA,NA,NA,NA,NA
479,0.535117686,0.084511191,0.3001872,2022,state,urban/rural,sector_state,0,Telangana,0,1,0,0,NA,NA,NA,NA,NA,NA,NA,NA,NA,NA,NA,NA,NA
480,0.091777325,0.033029057,0.150409982,2022,state,urban/rural,sector_state,0,Telangana,1,0,0,0,NA,NA,NA,NA,NA,NA,NA,NA,NA,NA,NA,NA,NA
481,0,0,0,2022,state,urban/rural,sector_state,0,Telangana,NA,NA,NA,NA,NA,NA,NA,NA,NA,NA,NA,NA,NA,NA,NA,NA,NA
482,0.513997078,0.337387294,0.112519823,2022,state,urban/rural,sector_state,0,Ladakh,0,0,0,1,NA,NA,NA,NA,NA,NA,NA,NA,NA,NA,NA,NA,NA
483,0.477107674,0.327671498,0.16207248,2022,state,urban/rural,sector_state,0,Ladakh,0,0,1,0,NA,NA,NA,NA,NA,NA,NA,NA,NA,NA,NA,NA,NA
484,0.41067493,0.149960026,0.338876516,2022,state,urban/rural,sector_state,0,Ladakh,0,1,0,0,NA,NA,NA,NA,NA,NA,NA,NA,NA,NA,NA,NA,NA
485,0.328658402,0.257868677,0.257868677,2022,state,urban/rural,sector_state,0,Ladakh,1,0,0,0,NA,NA,NA,NA,NA,NA,NA,NA,NA,NA,NA,NA,NA
486,0,0,0,2022,state,urban/rural,sector_state,0,Ladakh,NA,NA,NA,NA,NA,NA,NA,NA,NA,NA,NA,NA,NA,NA,NA,NA,NA
487,0.50847584,0.348091841,0.065190487,2022,state,urban/rural,sector_state,1,Jammu & Kashmir,0,0,0,1,NA,NA,NA,NA,NA,NA,NA,NA,NA,NA,NA,NA,NA
488,0.397874564,0.410701036,0.090799928,2022,state,urban/rural,sector_state,1,Jammu & Kashmir,0,0,1,0,NA,NA,NA,NA,NA,NA,NA,NA,NA,NA,NA,NA,NA
489,0.305414617,0.302968472,0.12041939,2022,state,urban/rural,sector_state,1,Jammu & Kashmir,0,1,0,0,NA,NA,NA,NA,NA,NA,NA,NA,NA,NA,NA,NA,NA
490,0.164417788,0.383529007,0.232122675,2022,state,urban/rural,sector_state,1,Jammu & Kashmir,1,0,0,0,NA,NA,NA,NA,NA,NA,NA,NA,NA,NA,NA,NA,NA
491,0,0,0,2022,state,urban/rural,sector_state,1,Jammu & Kashmir,NA,NA,NA,NA,NA,NA,NA,NA,NA,NA,NA,NA,NA,NA,NA,NA,NA
492,0.392845005,0.378086001,0.102247983,2022,state,urban/rural,sector_state,1,Himachal Pradesh,0,0,0,1,NA,NA,NA,NA,NA,NA,NA,NA,NA,NA,NA,NA,NA
493,0.404577166,0.438670188,0.066536449,2022,state,urban/rural,sector_state,1,Himachal Pradesh,0,0,1,0,NA,NA,NA,NA,NA,NA,NA,NA,NA,NA,NA,NA,NA
494,0.240379453,0.420750886,0.03583698,2022,state,urban/rural,sector_state,1,Himachal Pradesh,0,1,0,0,NA,NA,NA,NA,NA,NA,NA,NA,NA,NA,NA,NA,NA
495,0.06186394,0.46929875,0.056550775,2022,state,urban/rural,sector_state,1,Himachal Pradesh,1,0,0,0,NA,NA,NA,NA,NA,NA,NA,NA,NA,NA,NA,NA,NA
496,0,0,0,2022,state,urban/rural,sector_state,1,Himachal Pradesh,NA,NA,NA,NA,NA,NA,NA,NA,NA,NA,NA,NA,NA,NA,NA,NA,NA
497,0.545701742,0.305104226,0.131040797,2022,state,urban/rural,sector_state,1,Punjab,0,0,0,1,NA,NA,NA,NA,NA,NA,NA,NA,NA,NA,NA,NA,NA
498,0.425971299,0.34694913,0.16327782,2022,state,urban/rural,sector_state,1,Punjab,0,0,1,0,NA,NA,NA,NA,NA,NA,NA,NA,NA,NA,NA,NA,NA
499,0.29448238,0.38409844,0.148005247,2022,state,urban/rural,sector_state,1,Punjab,0,1,0,0,NA,NA,NA,NA,NA,NA,NA,NA,NA,NA,NA,NA,NA
500,0.114127532,0.506764591,0.139987633,2022,state,urban/rural,sector_state,1,Punjab,1,0,0,0,NA,NA,NA,NA,NA,NA,NA,NA,NA,NA,NA,NA,NA
501,0,0,0,2022,state,urban/rural,sector_state,1,Punjab,NA,NA,NA,NA,NA,NA,NA,NA,NA,NA,NA,NA,NA,NA,NA,NA,NA
502,0.439545959,0.479487509,0,2022,state,urban/rural,sector_state,1,Chandigarh,0,0,0,1,NA,NA,NA,NA,NA,NA,NA,NA,NA,NA,NA,NA,NA
503,0.374357253,0.52142626,0.079805359,2022,state,urban/rural,sector_state,1,Chandigarh,0,0,1,0,NA,NA,NA,NA,NA,NA,NA,NA,NA,NA,NA,NA,NA
504,0.170050085,0.597064435,0.021165904,2022,state,urban/rural,sector_state,1,Chandigarh,0,1,0,0,NA,NA,NA,NA,NA,NA,NA,NA,NA,NA,NA,NA,NA
505,0.01268155,0.100946471,0,2022,state,urban/rural,sector_state,1,Chandigarh,1,0,0,0,NA,NA,NA,NA,NA,NA,NA,NA,NA,NA,NA,NA,NA
506,0,0,0,2022,state,urban/rural,sector_state,1,Chandigarh,NA,NA,NA,NA,NA,NA,NA,NA,NA,NA,NA,NA,NA,NA,NA,NA,NA
507,0.562168121,0.28312853,0.120408595,2022,state,urban/rural,sector_state,1,Uttrakhand,0,0,0,1,NA,NA,NA,NA,NA,NA,NA,NA,NA,NA,NA,NA,NA
508,0.321813703,0.511125028,0.130535021,2022,state,urban/rural,sector_state,1,Uttrakhand,0,0,1,0,NA,NA,NA,NA,NA,NA,NA,NA,NA,NA,NA,NA,NA
509,0.250284702,0.466507733,0.073264457,2022,state,urban/rural,sector_state,1,Uttrakhand,0,1,0,0,NA,NA,NA,NA,NA,NA,NA,NA,NA,NA,NA,NA,NA
510,0.06083766,0.43601644,0.074530832,2022,state,urban/rural,sector_state,1,Uttrakhand,1,0,0,0,NA,NA,NA,NA,NA,NA,NA,NA,NA,NA,NA,NA,NA
511,0,0,0,2022,state,urban/rural,sector_state,1,Uttrakhand,NA,NA,NA,NA,NA,NA,NA,NA,NA,NA,NA,NA,NA,NA,NA,NA,NA
512,0.49056378,0.346020132,0.117563441,2022,state,urban/rural,sector_state,1,Haryana,0,0,0,1,NA,NA,NA,NA,NA,NA,NA,NA,NA,NA,NA,NA,NA
513,0.385517061,0.46051684,0.124481462,2022,state,urban/rural,sector_state,1,Haryana,0,0,1,0,NA,NA,NA,NA,NA,NA,NA,NA,NA,NA,NA,NA,NA
514,0.250020653,0.551404834,0.091195837,2022,state,urban/rural,sector_state,1,Haryana,0,1,0,0,NA,NA,NA,NA,NA,NA,NA,NA,NA,NA,NA,NA,NA
515,0.053567242,0.409884602,0.181849897,2022,state,urban/rural,sector_state,1,Haryana,1,0,0,0,NA,NA,NA,NA,NA,NA,NA,NA,NA,NA,NA,NA,NA
516,0,0,0,2022,state,urban/rural,sector_state,1,Haryana,NA,NA,NA,NA,NA,NA,NA,NA,NA,NA,NA,NA,NA,NA,NA,NA,NA
517,0.468500435,0.421084672,0.058513131,2022,state,urban/rural,sector_state,1,Delhi,0,0,0,1,NA,NA,NA,NA,NA,NA,NA,NA,NA,NA,NA,NA,NA
518,0.373367131,0.449013501,0.098401792,2022,state,urban/rural,sector_state,1,Delhi,0,0,1,0,NA,NA,NA,NA,NA,NA,NA,NA,NA,NA,NA,NA,NA
519,0.31785956,0.452628702,0.079401113,2022,state,urban/rural,sector_state,1,Delhi,0,1,0,0,NA,NA,NA,NA,NA,NA,NA,NA,NA,NA,NA,NA,NA
520,0.139061272,0.425147414,0.042170994,2022,state,urban/rural,sector_state,1,Delhi,1,0,0,0,NA,NA,NA,NA,NA,NA,NA,NA,NA,NA,NA,NA,NA
521,0,0,0,2022,state,urban/rural,sector_state,1,Delhi,NA,NA,NA,NA,NA,NA,NA,NA,NA,NA,NA,NA,NA,NA,NA,NA,NA
522,0.493137598,0.304667652,0.179181173,2022,state,urban/rural,sector_state,1,Rajasthan,0,0,0,1,NA,NA,NA,NA,NA,NA,NA,NA,NA,NA,NA,NA,NA
523,0.437431246,0.375112206,0.148932189,2022,state,urban/rural,sector_state,1,Rajasthan,0,0,1,0,NA,NA,NA,NA,NA,NA,NA,NA,NA,NA,NA,NA,NA
524,0.278356075,0.4057087,0.128213987,2022,state,urban/rural,sector_state,1,Rajasthan,0,1,0,0,NA,NA,NA,NA,NA,NA,NA,NA,NA,NA,NA,NA,NA
525,0.088992931,0.288640082,0.050391793,2022,state,urban/rural,sector_state,1,Rajasthan,1,0,0,0,NA,NA,NA,NA,NA,NA,NA,NA,NA,NA,NA,NA,NA
526,0,0,0,2022,state,urban/rural,sector_state,1,Rajasthan,NA,NA,NA,NA,NA,NA,NA,NA,NA,NA,NA,NA,NA,NA,NA,NA,NA
527,0.527201414,0.261244833,0.16939497,2022,state,urban/rural,sector_state,1,Uttar Pradesh,0,0,0,1,NA,NA,NA,NA,NA,NA,NA,NA,NA,NA,NA,NA,NA
528,0.43962124,0.354580313,0.148082018,2022,state,urban/rural,sector_state,1,Uttar Pradesh,0,0,1,0,NA,NA,NA,NA,NA,NA,NA,NA,NA,NA,NA,NA,NA
529,0.323155165,0.380792528,0.134034336,2022,state,urban/rural,sector_state,1,Uttar Pradesh,0,1,0,0,NA,NA,NA,NA,NA,NA,NA,NA,NA,NA,NA,NA,NA
530,0.133976236,0.257479727,0.065730631,2022,state,urban/rural,sector_state,1,Uttar Pradesh,1,0,0,0,NA,NA,NA,NA,NA,NA,NA,NA,NA,NA,NA,NA,NA
531,0,0,0,2022,state,urban/rural,sector_state,1,Uttar Pradesh,NA,NA,NA,NA,NA,NA,NA,NA,NA,NA,NA,NA,NA,NA,NA,NA,NA
532,0.500542641,0.269232631,0.196832135,2022,state,urban/rural,sector_state,1,Bihar,0,0,0,1,NA,NA,NA,NA,NA,NA,NA,NA,NA,NA,NA,NA,NA
533,0.457848966,0.294549435,0.200517401,2022,state,urban/rural,sector_state,1,Bihar,0,0,1,0,NA,NA,NA,NA,NA,NA,NA,NA,NA,NA,NA,NA,NA
534,0.334451705,0.280069828,0.184389994,2022,state,urban/rural,sector_state,1,Bihar,0,1,0,0,NA,NA,NA,NA,NA,NA,NA,NA,NA,NA,NA,NA,NA
535,0.137522057,0.225019783,0.053271543,2022,state,urban/rural,sector_state,1,Bihar,1,0,0,0,NA,NA,NA,NA,NA,NA,NA,NA,NA,NA,NA,NA,NA
536,0,0,0,2022,state,urban/rural,sector_state,1,Bihar,NA,NA,NA,NA,NA,NA,NA,NA,NA,NA,NA,NA,NA,NA,NA,NA,NA
537,0.53502214,0.408894509,0.056083344,2022,state,urban/rural,sector_state,1,Sikkim,0,0,0,1,NA,NA,NA,NA,NA,NA,NA,NA,NA,NA,NA,NA,NA
538,0.389042258,0.529122829,0.060107592,2022,state,urban/rural,sector_state,1,Sikkim,0,0,1,0,NA,NA,NA,NA,NA,NA,NA,NA,NA,NA,NA,NA,NA
539,0.319789797,0.564854085,0.064613774,2022,state,urban/rural,sector_state,1,Sikkim,0,1,0,0,NA,NA,NA,NA,NA,NA,NA,NA,NA,NA,NA,NA,NA
540,0.074868329,0.449232548,0.07160338,2022,state,urban/rural,sector_state,1,Sikkim,1,0,0,0,NA,NA,NA,NA,NA,NA,NA,NA,NA,NA,NA,NA,NA
541,0,0,0,2022,state,urban/rural,sector_state,1,Sikkim,NA,NA,NA,NA,NA,NA,NA,NA,NA,NA,NA,NA,NA,NA,NA,NA,NA
542,0.509806633,0.436982542,0.036869869,2022,state,urban/rural,sector_state,1,Arunachal Pradesh,0,0,0,1,NA,NA,NA,NA,NA,NA,NA,NA,NA,NA,NA,NA,NA
543,0.370284379,0.569805205,0.038764,2022,state,urban/rural,sector_state,1,Arunachal Pradesh,0,0,1,0,NA,NA,NA,NA,NA,NA,NA,NA,NA,NA,NA,NA,NA
544,0.348774403,0.494079798,0.058238909,2022,state,urban/rural,sector_state,1,Arunachal Pradesh,0,1,0,0,NA,NA,NA,NA,NA,NA,NA,NA,NA,NA,NA,NA,NA
545,0.180404499,0.424626619,0.028786339,2022,state,urban/rural,sector_state,1,Arunachal Pradesh,1,0,0,0,NA,NA,NA,NA,NA,NA,NA,NA,NA,NA,NA,NA,NA
546,0,0,0,2022,state,urban/rural,sector_state,1,Arunachal Pradesh,NA,NA,NA,NA,NA,NA,NA,NA,NA,NA,NA,NA,NA,NA,NA,NA,NA
547,0.327322841,0.579531968,0.059892979,2022,state,urban/rural,sector_state,1,Nagaland,0,0,0,1,NA,NA,NA,NA,NA,NA,NA,NA,NA,NA,NA,NA,NA
548,0.392620891,0.469501913,0.076089934,2022,state,urban/rural,sector_state,1,Nagaland,0,0,1,0,NA,NA,NA,NA,NA,NA,NA,NA,NA,NA,NA,NA,NA
549,0.372422308,0.426975727,0.053430475,2022,state,urban/rural,sector_state,1,Nagaland,0,1,0,0,NA,NA,NA,NA,NA,NA,NA,NA,NA,NA,NA,NA,NA
550,0.405929476,0.237737298,0.073413871,2022,state,urban/rural,sector_state,1,Nagaland,1,0,0,0,NA,NA,NA,NA,NA,NA,NA,NA,NA,NA,NA,NA,NA
551,0,0,0,2022,state,urban/rural,sector_state,1,Nagaland,NA,NA,NA,NA,NA,NA,NA,NA,NA,NA,NA,NA,NA,NA,NA,NA,NA
552,0.446992427,0.401713461,0.094650112,2022,state,urban/rural,sector_state,1,Manipur,0,0,0,1,NA,NA,NA,NA,NA,NA,NA,NA,NA,NA,NA,NA,NA
553,0.466822803,0.345826864,0.138861224,2022,state,urban/rural,sector_state,1,Manipur,0,0,1,0,NA,NA,NA,NA,NA,NA,NA,NA,NA,NA,NA,NA,NA
554,0.44518432,0.333913475,0.132358253,2022,state,urban/rural,sector_state,1,Manipur,0,1,0,0,NA,NA,NA,NA,NA,NA,NA,NA,NA,NA,NA,NA,NA
555,0.207068011,0.056260161,0.037210036,2022,state,urban/rural,sector_state,1,Manipur,1,0,0,0,NA,NA,NA,NA,NA,NA,NA,NA,NA,NA,NA,NA,NA
556,0,0,0,2022,state,urban/rural,sector_state,1,Manipur,NA,NA,NA,NA,NA,NA,NA,NA,NA,NA,NA,NA,NA,NA,NA,NA,NA
557,0.426695049,0.479832143,0.036366109,2022,state,urban/rural,sector_state,1,Mizoram,0,0,0,1,NA,NA,NA,NA,NA,NA,NA,NA,NA,NA,NA,NA,NA
558,0.390780836,0.479538441,0.075428903,2022,state,urban/rural,sector_state,1,Mizoram,0,0,1,0,NA,NA,NA,NA,NA,NA,NA,NA,NA,NA,NA,NA,NA
559,0.377649516,0.427525163,0.098304965,2022,state,urban/rural,sector_state,1,Mizoram,0,1,0,0,NA,NA,NA,NA,NA,NA,NA,NA,NA,NA,NA,NA,NA
560,0.299331665,0.433004737,0.141911596,2022,state,urban/rural,sector_state,1,Mizoram,1,0,0,0,NA,NA,NA,NA,NA,NA,NA,NA,NA,NA,NA,NA,NA
561,0,0,0,2022,state,urban/rural,sector_state,1,Mizoram,NA,NA,NA,NA,NA,NA,NA,NA,NA,NA,NA,NA,NA,NA,NA,NA,NA
562,0.565467656,0.304319054,0.108874075,2022,state,urban/rural,sector_state,1,Tripura,0,0,0,1,NA,NA,NA,NA,NA,NA,NA,NA,NA,NA,NA,NA,NA
563,0.454646796,0.27880609,0.202075645,2022,state,urban/rural,sector_state,1,Tripura,0,0,1,0,NA,NA,NA,NA,NA,NA,NA,NA,NA,NA,NA,NA,NA
564,0.388780206,0.317219108,0.149128288,2022,state,urban/rural,sector_state,1,Tripura,0,1,0,0,NA,NA,NA,NA,NA,NA,NA,NA,NA,NA,NA,NA,NA
565,0.140771076,0.231052175,0.081637755,2022,state,urban/rural,sector_state,1,Tripura,1,0,0,0,NA,NA,NA,NA,NA,NA,NA,NA,NA,NA,NA,NA,NA
566,0,0,0,2022,state,urban/rural,sector_state,1,Tripura,NA,NA,NA,NA,NA,NA,NA,NA,NA,NA,NA,NA,NA,NA,NA,NA,NA
567,0.391309232,0.459619433,0.121538244,2022,state,urban/rural,sector_state,1,Meghalaya,0,0,0,1,NA,NA,NA,NA,NA,NA,NA,NA,NA,NA,NA,NA,NA
568,0.351775289,0.494432896,0.149563208,2022,state,urban/rural,sector_state,1,Meghalaya,0,0,1,0,NA,NA,NA,NA,NA,NA,NA,NA,NA,NA,NA,NA,NA
569,0.316731304,0.443179131,0.173385575,2022,state,urban/rural,sector_state,1,Meghalaya,0,1,0,0,NA,NA,NA,NA,NA,NA,NA,NA,NA,NA,NA,NA,NA
570,0.123387113,0.63043201,0.118323252,2022,state,urban/rural,sector_state,1,Meghalaya,1,0,0,0,NA,NA,NA,NA,NA,NA,NA,NA,NA,NA,NA,NA,NA
571,0,0,0,2022,state,urban/rural,sector_state,1,Meghalaya,NA,NA,NA,NA,NA,NA,NA,NA,NA,NA,NA,NA,NA,NA,NA,NA,NA
572,0.632469535,0.248589784,0.098711476,2022,state,urban/rural,sector_state,1,Assam,0,0,0,1,NA,NA,NA,NA,NA,NA,NA,NA,NA,NA,NA,NA,NA
573,0.458769351,0.360102266,0.120586574,2022,state,urban/rural,sector_state,1,Assam,0,0,1,0,NA,NA,NA,NA,NA,NA,NA,NA,NA,NA,NA,NA,NA
574,0.37938863,0.398952782,0.095884725,2022,state,urban/rural,sector_state,1,Assam,0,1,0,0,NA,NA,NA,NA,NA,NA,NA,NA,NA,NA,NA,NA,NA
575,0.15533711,0.335684508,0.028997308,2022,state,urban/rural,sector_state,1,Assam,1,0,0,0,NA,NA,NA,NA,NA,NA,NA,NA,NA,NA,NA,NA,NA
576,0,0,0,2022,state,urban/rural,sector_state,1,Assam,NA,NA,NA,NA,NA,NA,NA,NA,NA,NA,NA,NA,NA,NA,NA,NA,NA
577,0.456716001,0.333072722,0.188268661,2022,state,urban/rural,sector_state,1,West Bengal,0,0,0,1,NA,NA,NA,NA,NA,NA,NA,NA,NA,NA,NA,NA,NA
578,0.398028493,0.382845491,0.184286132,2022,state,urban/rural,sector_state,1,West Bengal,0,0,1,0,NA,NA,NA,NA,NA,NA,NA,NA,NA,NA,NA,NA,NA
579,0.368480086,0.351559043,0.136354551,2022,state,urban/rural,sector_state,1,West Bengal,0,1,0,0,NA,NA,NA,NA,NA,NA,NA,NA,NA,NA,NA,NA,NA
580,0.138368234,0.293537796,0.107053831,2022,state,urban/rural,sector_state,1,West Bengal,1,0,0,0,NA,NA,NA,NA,NA,NA,NA,NA,NA,NA,NA,NA,NA
581,0,0,0,2022,state,urban/rural,sector_state,1,West Bengal,NA,NA,NA,NA,NA,NA,NA,NA,NA,NA,NA,NA,NA,NA,NA,NA,NA
582,0.44400543,0.374351293,0.087386474,2022,state,urban/rural,sector_state,1,Jharkhand,0,0,0,1,NA,NA,NA,NA,NA,NA,NA,NA,NA,NA,NA,NA,NA
583,0.325227797,0.466183007,0.14119713,2022,state,urban/rural,sector_state,1,Jharkhand,0,0,1,0,NA,NA,NA,NA,NA,NA,NA,NA,NA,NA,NA,NA,NA
584,0.274355739,0.446844637,0.143104345,2022,state,urban/rural,sector_state,1,Jharkhand,0,1,0,0,NA,NA,NA,NA,NA,NA,NA,NA,NA,NA,NA,NA,NA
585,0.089628778,0.264377683,0.059866033,2022,state,urban/rural,sector_state,1,Jharkhand,1,0,0,0,NA,NA,NA,NA,NA,NA,NA,NA,NA,NA,NA,NA,NA
586,0,0,0,2022,state,urban/rural,sector_state,1,Jharkhand,NA,NA,NA,NA,NA,NA,NA,NA,NA,NA,NA,NA,NA,NA,NA,NA,NA
587,0.54398185,0.27224946,0.14163591,2022,state,urban/rural,sector_state,1,Odisha,0,0,0,1,NA,NA,NA,NA,NA,NA,NA,NA,NA,NA,NA,NA,NA
588,0.413193375,0.369866997,0.179325894,2022,state,urban/rural,sector_state,1,Odisha,0,0,1,0,NA,NA,NA,NA,NA,NA,NA,NA,NA,NA,NA,NA,NA
589,0.31241098,0.415463895,0.141067088,2022,state,urban/rural,sector_state,1,Odisha,0,1,0,0,NA,NA,NA,NA,NA,NA,NA,NA,NA,NA,NA,NA,NA
590,0.100328356,0.562135816,0.081119508,2022,state,urban/rural,sector_state,1,Odisha,1,0,0,0,NA,NA,NA,NA,NA,NA,NA,NA,NA,NA,NA,NA,NA
591,0,0,0,2022,state,urban/rural,sector_state,1,Odisha,NA,NA,NA,NA,NA,NA,NA,NA,NA,NA,NA,NA,NA,NA,NA,NA,NA
592,0.397684336,0.35892278,0.222794637,2022,state,urban/rural,sector_state,1,Chhattisgarh,0,0,0,1,NA,NA,NA,NA,NA,NA,NA,NA,NA,NA,NA,NA,NA
593,0.35020265,0.492555052,0.131821319,2022,state,urban/rural,sector_state,1,Chhattisgarh,0,0,1,0,NA,NA,NA,NA,NA,NA,NA,NA,NA,NA,NA,NA,NA
594,0.249293745,0.518665314,0.134792045,2022,state,urban/rural,sector_state,1,Chhattisgarh,0,1,0,0,NA,NA,NA,NA,NA,NA,NA,NA,NA,NA,NA,NA,NA
595,0.068506226,0.294771075,0.088305883,2022,state,urban/rural,sector_state,1,Chhattisgarh,1,0,0,0,NA,NA,NA,NA,NA,NA,NA,NA,NA,NA,NA,NA,NA
596,0,0,0,2022,state,urban/rural,sector_state,1,Chhattisgarh,NA,NA,NA,NA,NA,NA,NA,NA,NA,NA,NA,NA,NA,NA,NA,NA,NA
597,0.519321978,0.265887409,0.193560392,2022,state,urban/rural,sector_state,1,Madhya Pradesh,0,0,0,1,NA,NA,NA,NA,NA,NA,NA,NA,NA,NA,NA,NA,NA
598,0.422660947,0.362207919,0.181557119,2022,state,urban/rural,sector_state,1,Madhya Pradesh,0,0,1,0,NA,NA,NA,NA,NA,NA,NA,NA,NA,NA,NA,NA,NA
599,0.303589225,0.383067489,0.169165999,2022,state,urban/rural,sector_state,1,Madhya Pradesh,0,1,0,0,NA,NA,NA,NA,NA,NA,NA,NA,NA,NA,NA,NA,NA
600,0.063206732,0.164685935,0.037073091,2022,state,urban/rural,sector_state,1,Madhya Pradesh,1,0,0,0,NA,NA,NA,NA,NA,NA,NA,NA,NA,NA,NA,NA,NA
601,0,0,0,2022,state,urban/rural,sector_state,1,Madhya Pradesh,NA,NA,NA,NA,NA,NA,NA,NA,NA,NA,NA,NA,NA,NA,NA,NA,NA
602,0.468462229,0.381275594,0.147947416,2022,state,urban/rural,sector_state,1,Gujarat,0,0,0,1,NA,NA,NA,NA,NA,NA,NA,NA,NA,NA,NA,NA,NA
603,0.419402778,0.449953616,0.116354756,2022,state,urban/rural,sector_state,1,Gujarat,0,0,1,0,NA,NA,NA,NA,NA,NA,NA,NA,NA,NA,NA,NA,NA
604,0.317115337,0.469935358,0.088891238,2022,state,urban/rural,sector_state,1,Gujarat,0,1,0,0,NA,NA,NA,NA,NA,NA,NA,NA,NA,NA,NA,NA,NA
605,0.086282261,0.454954714,0.147945598,2022,state,urban/rural,sector_state,1,Gujarat,1,0,0,0,NA,NA,NA,NA,NA,NA,NA,NA,NA,NA,NA,NA,NA
606,0,0,0,2022,state,urban/rural,sector_state,1,Gujarat,NA,NA,NA,NA,NA,NA,NA,NA,NA,NA,NA,NA,NA,NA,NA,NA,NA
607,0.35143584,0.556911767,0.056016978,2022,state,urban/rural,sector_state,1,Daman & Diu & D & N Haveli,0,0,0,1,NA,NA,NA,NA,NA,NA,NA,NA,NA,NA,NA,NA,NA
608,0.197720543,0.76500994,0.037269529,2022,state,urban/rural,sector_state,1,Daman & Diu & D & N Haveli,0,0,1,0,NA,NA,NA,NA,NA,NA,NA,NA,NA,NA,NA,NA,NA
609,0.077849098,0.877611041,0.00855262,2022,state,urban/rural,sector_state,1,Daman & Diu & D & N Haveli,0,1,0,0,NA,NA,NA,NA,NA,NA,NA,NA,NA,NA,NA,NA,NA
610,0.041835241,0.907184601,0.020100916,2022,state,urban/rural,sector_state,1,Daman & Diu & D & N Haveli,1,0,0,0,NA,NA,NA,NA,NA,NA,NA,NA,NA,NA,NA,NA,NA
611,0,0,0,2022,state,urban/rural,sector_state,1,Daman & Diu & D & N Haveli,NA,NA,NA,NA,NA,NA,NA,NA,NA,NA,NA,NA,NA,NA,NA,NA,NA
612,0.445763081,0.349649161,0.17221567,2022,state,urban/rural,sector_state,1,Maharashtra,0,0,0,1,NA,NA,NA,NA,NA,NA,NA,NA,NA,NA,NA,NA,NA
613,0.353629142,0.487613708,0.11695718,2022,state,urban/rural,sector_state,1,Maharashtra,0,0,1,0,NA,NA,NA,NA,NA,NA,NA,NA,NA,NA,NA,NA,NA
614,0.239170372,0.52265656,0.09013059,2022,state,urban/rural,sector_state,1,Maharashtra,0,1,0,0,NA,NA,NA,NA,NA,NA,NA,NA,NA,NA,NA,NA,NA
615,0.072479323,0.411134332,0.045123976,2022,state,urban/rural,sector_state,1,Maharashtra,1,0,0,0,NA,NA,NA,NA,NA,NA,NA,NA,NA,NA,NA,NA,NA
616,0,0,0,2022,state,urban/rural,sector_state,1,Maharashtra,NA,NA,NA,NA,NA,NA,NA,NA,NA,NA,NA,NA,NA,NA,NA,NA,NA
617,0.532069564,0.305997133,0.149067432,2022,state,urban/rural,sector_state,1,Andhra Pradesh,0,0,0,1,NA,NA,NA,NA,NA,NA,NA,NA,NA,NA,NA,NA,NA
618,0.372394055,0.419600308,0.188316986,2022,state,urban/rural,sector_state,1,Andhra Pradesh,0,0,1,0,NA,NA,NA,NA,NA,NA,NA,NA,NA,NA,NA,NA,NA
619,0.322582781,0.370861262,0.139580101,2022,state,urban/rural,sector_state,1,Andhra Pradesh,0,1,0,0,NA,NA,NA,NA,NA,NA,NA,NA,NA,NA,NA,NA,NA
620,0.05321404,0.147386312,0.027669424,2022,state,urban/rural,sector_state,1,Andhra Pradesh,1,0,0,0,NA,NA,NA,NA,NA,NA,NA,NA,NA,NA,NA,NA,NA
621,0,0,0,2022,state,urban/rural,sector_state,1,Andhra Pradesh,NA,NA,NA,NA,NA,NA,NA,NA,NA,NA,NA,NA,NA,NA,NA,NA,NA
622,0.519920886,0.257539839,0.214758232,2022,state,urban/rural,sector_state,1,Karnataka,0,0,0,1,NA,NA,NA,NA,NA,NA,NA,NA,NA,NA,NA,NA,NA
623,0.378476143,0.449127167,0.1519555,2022,state,urban/rural,sector_state,1,Karnataka,0,0,1,0,NA,NA,NA,NA,NA,NA,NA,NA,NA,NA,NA,NA,NA
624,0.268331587,0.509485602,0.095775492,2022,state,urban/rural,sector_state,1,Karnataka,0,1,0,0,NA,NA,NA,NA,NA,NA,NA,NA,NA,NA,NA,NA,NA
625,0.034789428,0.391699523,0.035284497,2022,state,urban/rural,sector_state,1,Karnataka,1,0,0,0,NA,NA,NA,NA,NA,NA,NA,NA,NA,NA,NA,NA,NA
626,0,0,0,2022,state,urban/rural,sector_state,1,Karnataka,NA,NA,NA,NA,NA,NA,NA,NA,NA,NA,NA,NA,NA,NA,NA,NA,NA
627,0.531886518,0.435441047,0.032672435,2022,state,urban/rural,sector_state,1,Goa,0,0,0,1,NA,NA,NA,NA,NA,NA,NA,NA,NA,NA,NA,NA,NA
628,0.230496138,0.62121135,0.093765229,2022,state,urban/rural,sector_state,1,Goa,0,0,1,0,NA,NA,NA,NA,NA,NA,NA,NA,NA,NA,NA,NA,NA
629,0.192337424,0.467332453,0.084918208,2022,state,urban/rural,sector_state,1,Goa,0,1,0,0,NA,NA,NA,NA,NA,NA,NA,NA,NA,NA,NA,NA,NA
630,0.038012385,0.697865427,0.135668889,2022,state,urban/rural,sector_state,1,Goa,1,0,0,0,NA,NA,NA,NA,NA,NA,NA,NA,NA,NA,NA,NA,NA
631,0,0,0,2022,state,urban/rural,sector_state,1,Goa,NA,NA,NA,NA,NA,NA,NA,NA,NA,NA,NA,NA,NA,NA,NA,NA,NA
632,0.39015466,0.287445277,0.21032916,2022,state,urban/rural,sector_state,1,Lakshadweep,0,0,0,1,NA,NA,NA,NA,NA,NA,NA,NA,NA,NA,NA,NA,NA
633,0.419890285,0.374509901,0.146178022,2022,state,urban/rural,sector_state,1,Lakshadweep,0,0,1,0,NA,NA,NA,NA,NA,NA,NA,NA,NA,NA,NA,NA,NA
634,0.326490581,0.23861751,0.216376081,2022,state,urban/rural,sector_state,1,Lakshadweep,0,1,0,0,NA,NA,NA,NA,NA,NA,NA,NA,NA,NA,NA,NA,NA
635,0.158413991,0.154545307,0.395731509,2022,state,urban/rural,sector_state,1,Lakshadweep,1,0,0,0,NA,NA,NA,NA,NA,NA,NA,NA,NA,NA,NA,NA,NA
636,0,0,0,2022,state,urban/rural,sector_state,1,Lakshadweep,NA,NA,NA,NA,NA,NA,NA,NA,NA,NA,NA,NA,NA,NA,NA,NA,NA
637,0.301135093,0.25850454,0.369253933,2022,state,urban/rural,sector_state,1,Kerala,0,0,0,1,NA,NA,NA,NA,NA,NA,NA,NA,NA,NA,NA,NA,NA
638,0.260752201,0.337768853,0.264698446,2022,state,urban/rural,sector_state,1,Kerala,0,0,1,0,NA,NA,NA,NA,NA,NA,NA,NA,NA,NA,NA,NA,NA
639,0.22047846,0.279961705,0.17981635,2022,state,urban/rural,sector_state,1,Kerala,0,1,0,0,NA,NA,NA,NA,NA,NA,NA,NA,NA,NA,NA,NA,NA
640,0.017450269,0.417515814,0.096210577,2022,state,urban/rural,sector_state,1,Kerala,1,0,0,0,NA,NA,NA,NA,NA,NA,NA,NA,NA,NA,NA,NA,NA
641,0,0,0,2022,state,urban/rural,sector_state,1,Kerala,NA,NA,NA,NA,NA,NA,NA,NA,NA,NA,NA,NA,NA,NA,NA,NA,NA
642,0.443401456,0.329057485,0.180330664,2022,state,urban/rural,sector_state,1,Tamil Nadu,0,0,0,1,NA,NA,NA,NA,NA,NA,NA,NA,NA,NA,NA,NA,NA
643,0.282363117,0.487618864,0.202456921,2022,state,urban/rural,sector_state,1,Tamil Nadu,0,0,1,0,NA,NA,NA,NA,NA,NA,NA,NA,NA,NA,NA,NA,NA
644,0.208621234,0.468518972,0.15777123,2022,state,urban/rural,sector_state,1,Tamil Nadu,0,1,0,0,NA,NA,NA,NA,NA,NA,NA,NA,NA,NA,NA,NA,NA
645,0.050001822,0.423316896,0.0852945,2022,state,urban/rural,sector_state,1,Tamil Nadu,1,0,0,0,NA,NA,NA,NA,NA,NA,NA,NA,NA,NA,NA,NA,NA
646,0,0,0,2022,state,urban/rural,sector_state,1,Tamil Nadu,NA,NA,NA,NA,NA,NA,NA,NA,NA,NA,NA,NA,NA,NA,NA,NA,NA
647,0.400810629,0.268441707,0.280769557,2022,state,urban/rural,sector_state,1,Puducherry,0,0,0,1,NA,NA,NA,NA,NA,NA,NA,NA,NA,NA,NA,NA,NA
648,0.267442375,0.416035235,0.252692699,2022,state,urban/rural,sector_state,1,Puducherry,0,0,1,0,NA,NA,NA,NA,NA,NA,NA,NA,NA,NA,NA,NA,NA
649,0.264882475,0.389664859,0.133674785,2022,state,urban/rural,sector_state,1,Puducherry,0,1,0,0,NA,NA,NA,NA,NA,NA,NA,NA,NA,NA,NA,NA,NA
650,0.03237009,0.183340535,0.083981216,2022,state,urban/rural,sector_state,1,Puducherry,1,0,0,0,NA,NA,NA,NA,NA,NA,NA,NA,NA,NA,NA,NA,NA
651,0,0,0,2022,state,urban/rural,sector_state,1,Puducherry,NA,NA,NA,NA,NA,NA,NA,NA,NA,NA,NA,NA,NA,NA,NA,NA,NA
652,0.402711779,0.597288191,0,2022,state,urban/rural,sector_state,1,A & N Island,0,0,0,1,NA,NA,NA,NA,NA,NA,NA,NA,NA,NA,NA,NA,NA
653,0.236524358,0.693342686,0.037343785,2022,state,urban/rural,sector_state,1,A & N Island,0,0,1,0,NA,NA,NA,NA,NA,NA,NA,NA,NA,NA,NA,NA,NA
654,0.151711345,0.664233983,0.078626558,2022,state,urban/rural,sector_state,1,A & N Island,0,1,0,0,NA,NA,NA,NA,NA,NA,NA,NA,NA,NA,NA,NA,NA
655,0.043224186,0.591142535,0.145525575,2022,state,urban/rural,sector_state,1,A & N Island,1,0,0,0,NA,NA,NA,NA,NA,NA,NA,NA,NA,NA,NA,NA,NA
656,0,0,0,2022,state,urban/rural,sector_state,1,A & N Island,NA,NA,NA,NA,NA,NA,NA,NA,NA,NA,NA,NA,NA,NA,NA,NA,NA
657,0.507805526,0.419283688,0.056127589,2022,state,urban/rural,sector_state,1,Telangana,0,0,0,1,NA,NA,NA,NA,NA,NA,NA,NA,NA,NA,NA,NA,NA
658,0.400385857,0.497833341,0.081932917,2022,state,urban/rural,sector_state,1,Telangana,0,0,1,0,NA,NA,NA,NA,NA,NA,NA,NA,NA,NA,NA,NA,NA
659,0.249049261,0.533605933,0.089841448,2022,state,urban/rural,sector_state,1,Telangana,0,1,0,0,NA,NA,NA,NA,NA,NA,NA,NA,NA,NA,NA,NA,NA
660,0.030603815,0.383889288,0.065755486,2022,state,urban/rural,sector_state,1,Telangana,1,0,0,0,NA,NA,NA,NA,NA,NA,NA,NA,NA,NA,NA,NA,NA
661,0,0,0,2022,state,urban/rural,sector_state,1,Telangana,NA,NA,NA,NA,NA,NA,NA,NA,NA,NA,NA,NA,NA,NA,NA,NA,NA
662,0.464746356,0.42080912,0.030102884,2022,state,urban/rural,sector_state,1,Ladakh,0,0,0,1,NA,NA,NA,NA,NA,NA,NA,NA,NA,NA,NA,NA,NA
663,0.419442326,0.470312566,0.023650965,2022,state,urban/rural,sector_state,1,Ladakh,0,0,1,0,NA,NA,NA,NA,NA,NA,NA,NA,NA,NA,NA,NA,NA
664,0.441330731,0.406933337,0.042433895,2022,state,urban/rural,sector_state,1,Ladakh,0,1,0,0,NA,NA,NA,NA,NA,NA,NA,NA,NA,NA,NA,NA,NA
665,0.699195087,0.130442321,0.104897678,2022,state,urban/rural,sector_state,1,Ladakh,1,0,0,0,NA,NA,NA,NA,NA,NA,NA,NA,NA,NA,NA,NA,NA
666,0,0,0,2022,state,urban/rural,sector_state,1,Ladakh,NA,NA,NA,NA,NA,NA,NA,NA,NA,NA,NA,NA,NA,NA,NA,NA,NA
667,0.32184726,0.568780422,0.02089511,2022,allindia,All,allindia,99,India,NA,NA,NA,NA,0,0,0,0,0,1,NA,NA,NA,NA,NA,NA,NA
668,0.404103667,0.461930215,0.050373387,2022,allindia,All,allindia,99,India,NA,NA,NA,NA,0,0,0,0,1,0,NA,NA,NA,NA,NA,NA,NA
669,0.503061295,0.268548369,0.163241953,2022,allindia,All,allindia,99,India,NA,NA,NA,NA,0,0,0,1,0,0,NA,NA,NA,NA,NA,NA,NA
670,0.48323822,0.191948935,0.28117913,2022,allindia,All,allindia,99,India,NA,NA,NA,NA,0,0,1,0,0,0,NA,NA,NA,NA,NA,NA,NA
671,0.46905148,0.170053661,0.321198881,2022,allindia,All,allindia,99,India,NA,NA,NA,NA,0,1,0,0,0,0,NA,NA,NA,NA,NA,NA,NA
672,0.435555905,0.137263536,0.378057271,2022,allindia,All,allindia,99,India,NA,NA,NA,NA,1,0,0,0,0,0,NA,NA,NA,NA,NA,NA,NA
673,0,0,0,2022,allindia,All,allindia,99,India,NA,NA,NA,NA,NA,NA,NA,NA,NA,NA,NA,NA,NA,NA,NA,NA,NA
674,0.438321263,0.464602172,0.040821452,2022,allindia,urban/rural,sect_allindia,0,India,NA,NA,NA,NA,0,0,0,0,0,1,NA,NA,NA,NA,NA,NA,NA
675,0.525755405,0.331246704,0.088550642,2022,allindia,urban/rural,sect_allindia,0,India,NA,NA,NA,NA,0,0,0,0,1,0,NA,NA,NA,NA,NA,NA,NA
676,0.564121008,0.182696074,0.204838291,2022,allindia,urban/rural,sect_allindia,0,India,NA,NA,NA,NA,0,0,0,1,0,0,NA,NA,NA,NA,NA,NA,NA
677,0.516728044,0.131801009,0.315051824,2022,allindia,urban/rural,sect_allindia,0,India,NA,NA,NA,NA,0,0,1,0,0,0,NA,NA,NA,NA,NA,NA,NA
678,0.491979092,0.123586498,0.348218381,2022,allindia,urban/rural,sect_allindia,0,India,NA,NA,NA,NA,0,1,0,0,0,0,NA,NA,NA,NA,NA,NA,NA
679,0.448675126,0.107856371,0.395882189,2022,allindia,urban/rural,sect_allindia,0,India,NA,NA,NA,NA,1,0,0,0,0,0,NA,NA,NA,NA,NA,NA,NA
680,0,0,0,2022,allindia,urban/rural,sect_allindia,0,India,NA,NA,NA,NA,NA,NA,NA,NA,NA,NA,NA,NA,NA,NA,NA,NA,NA
681,0.266125381,0.618608415,0.011359492,2022,allindia,urban/rural,sect_allindia,1,India,NA,NA,NA,NA,0,0,0,0,0,1,NA,NA,NA,NA,NA,NA,NA
682,0.32076484,0.551503658,0.024213705,2022,allindia,urban/rural,sect_allindia,1,India,NA,NA,NA,NA,0,0,0,0,1,0,NA,NA,NA,NA,NA,NA,NA
683,0.400171876,0.413254946,0.093105733,2022,allindia,urban/rural,sect_allindia,1,India,NA,NA,NA,NA,0,0,0,1,0,0,NA,NA,NA,NA,NA,NA,NA
684,0.38831529,0.363105267,0.184408873,2022,allindia,urban/rural,sect_allindia,1,India,NA,NA,NA,NA,0,0,1,0,0,0,NA,NA,NA,NA,NA,NA,NA
685,0.39478448,0.320587903,0.233684167,2022,allindia,urban/rural,sect_allindia,1,India,NA,NA,NA,NA,0,1,0,0,0,0,NA,NA,NA,NA,NA,NA,NA
686,0.368409961,0.287995905,0.286717892,2022,allindia,urban/rural,sect_allindia,1,India,NA,NA,NA,NA,1,0,0,0,0,0,NA,NA,NA,NA,NA,NA,NA
687,0,0,0,2022,allindia,urban/rural,sect_allindia,1,India,NA,NA,NA,NA,NA,NA,NA,NA,NA,NA,NA,NA,NA,NA,NA,NA,NA
688,0.168601081,0.717539966,0.010857812,2022,state,All,state,99,Jammu & Kashmir,NA,NA,NA,NA,0,0,0,0,0,1,NA,NA,NA,NA,NA,NA,NA
689,0.344208688,0.546883404,0.005363764,2022,state,All,state,99,Jammu & Kashmir,NA,NA,NA,NA,0,0,0,0,1,0,NA,NA,NA,NA,NA,NA,NA
690,0.416499376,0.354738683,0.1209547,2022,state,All,state,99,Jammu & Kashmir,NA,NA,NA,NA,0,0,0,1,0,0,NA,NA,NA,NA,NA,NA,NA
691,0.422902882,0.268584788,0.246389166,2022,state,All,state,99,Jammu & Kashmir,NA,NA,NA,NA,0,0,1,0,0,0,NA,NA,NA,NA,NA,NA,NA
692,0.512690008,0.167687356,0.249944463,2022,state,All,state,99,Jammu & Kashmir,NA,NA,NA,NA,0,1,0,0,0,0,NA,NA,NA,NA,NA,NA,NA
693,0.421645314,0.203440979,0.329838932,2022,state,All,state,99,Jammu & Kashmir,NA,NA,NA,NA,1,0,0,0,0,0,NA,NA,NA,NA,NA,NA,NA
694,0,0,0,2022,state,All,state,99,Jammu & Kashmir,NA,NA,NA,NA,NA,NA,NA,NA,NA,NA,NA,NA,NA,NA,NA,NA,NA
695,0.24734655,0.471973717,0,2022,state,All,state,99,Himachal Pradesh,NA,NA,NA,NA,0,0,0,0,0,1,NA,NA,NA,NA,NA,NA,NA
696,0.403630197,0.428070486,0.024376957,2022,state,All,state,99,Himachal Pradesh,NA,NA,NA,NA,0,0,0,0,1,0,NA,NA,NA,NA,NA,NA,NA
697,0.507524967,0.250465065,0.103905305,2022,state,All,state,99,Himachal Pradesh,NA,NA,NA,NA,0,0,0,1,0,0,NA,NA,NA,NA,NA,NA,NA
698,0.501936555,0.214951798,0.176284388,2022,state,All,state,99,Himachal Pradesh,NA,NA,NA,NA,0,0,1,0,0,0,NA,NA,NA,NA,NA,NA,NA
699,0.51030159,0.207747906,0.227698267,2022,state,All,state,99,Himachal Pradesh,NA,NA,NA,NA,0,1,0,0,0,0,NA,NA,NA,NA,NA,NA,NA
700,0.489894897,0.176335171,0.243521973,2022,state,All,state,99,Himachal Pradesh,NA,NA,NA,NA,1,0,0,0,0,0,NA,NA,NA,NA,NA,NA,NA
701,0,0,0,2022,state,All,state,99,Himachal Pradesh,NA,NA,NA,NA,NA,NA,NA,NA,NA,NA,NA,NA,NA,NA,NA,NA,NA
702,0.309621692,0.504780054,0.008974873,2022,state,All,state,99,Punjab,NA,NA,NA,NA,0,0,0,0,0,1,NA,NA,NA,NA,NA,NA,NA
703,0.446983516,0.31703639,0.031724289,2022,state,All,state,99,Punjab,NA,NA,NA,NA,0,0,0,0,1,0,NA,NA,NA,NA,NA,NA,NA
704,0.475417227,0.258809328,0.184019625,2022,state,All,state,99,Punjab,NA,NA,NA,NA,0,0,0,1,0,0,NA,NA,NA,NA,NA,NA,NA
705,0.431655258,0.26369372,0.253315151,2022,state,All,state,99,Punjab,NA,NA,NA,NA,0,0,1,0,0,0,NA,NA,NA,NA,NA,NA,NA
706,0.419773906,0.207363799,0.321140915,2022,state,All,state,99,Punjab,NA,NA,NA,NA,0,1,0,0,0,0,NA,NA,NA,NA,NA,NA,NA
707,0.349339783,0.198462635,0.410120696,2022,state,All,state,99,Punjab,NA,NA,NA,NA,1,0,0,0,0,0,NA,NA,NA,NA,NA,NA,NA
708,0,0,0,2022,state,All,state,99,Punjab,NA,NA,NA,NA,NA,NA,NA,NA,NA,NA,NA,NA,NA,NA,NA,NA,NA
709,0.27908963,0.598050773,0.000799599,2022,state,All,state,99,Chandigarh,NA,NA,NA,NA,0,0,0,0,0,1,NA,NA,NA,NA,NA,NA,NA
710,0.253697842,0.551422298,0.00061243,2022,state,All,state,99,Chandigarh,NA,NA,NA,NA,0,0,0,0,1,0,NA,NA,NA,NA,NA,NA,NA
711,0.380953312,0.413556069,0.04400605,2022,state,All,state,99,Chandigarh,NA,NA,NA,NA,0,0,0,1,0,0,NA,NA,NA,NA,NA,NA,NA
712,0.210599035,0.621877253,0.165327668,2022,state,All,state,99,Chandigarh,NA,NA,NA,NA,0,0,1,0,0,0,NA,NA,NA,NA,NA,NA,NA
713,0.435939401,0.360185325,0.188024774,2022,state,All,state,99,Chandigarh,NA,NA,NA,NA,0,1,0,0,0,0,NA,NA,NA,NA,NA,NA,NA
714,0.267822981,0.326006323,0.389947146,2022,state,All,state,99,Chandigarh,NA,NA,NA,NA,1,0,0,0,0,0,NA,NA,NA,NA,NA,NA,NA
715,0,0,0,2022,state,All,state,99,Chandigarh,NA,NA,NA,NA,NA,NA,NA,NA,NA,NA,NA,NA,NA,NA,NA,NA,NA
716,0.377353549,0.499036819,0.01529567,2022,state,All,state,99,Uttrakhand,NA,NA,NA,NA,0,0,0,0,0,1,NA,NA,NA,NA,NA,NA,NA
717,0.379897743,0.519278288,0.015563061,2022,state,All,state,99,Uttrakhand,NA,NA,NA,NA,0,0,0,0,1,0,NA,NA,NA,NA,NA,NA,NA
718,0.462494969,0.321033686,0.113582894,2022,state,All,state,99,Uttrakhand,NA,NA,NA,NA,0,0,0,1,0,0,NA,NA,NA,NA,NA,NA,NA
719,0.504055679,0.20836632,0.211539552,2022,state,All,state,99,Uttrakhand,NA,NA,NA,NA,0,0,1,0,0,0,NA,NA,NA,NA,NA,NA,NA
720,0.438914239,0.18908678,0.327160388,2022,state,All,state,99,Uttrakhand,NA,NA,NA,NA,0,1,0,0,0,0,NA,NA,NA,NA,NA,NA,NA
721,0.420280337,0.178323194,0.341375142,2022,state,All,state,99,Uttrakhand,NA,NA,NA,NA,1,0,0,0,0,0,NA,NA,NA,NA,NA,NA,NA
722,0,0,0,2022,state,All,state,99,Uttrakhand,NA,NA,NA,NA,NA,NA,NA,NA,NA,NA,NA,NA,NA,NA,NA,NA,NA
723,0.248669669,0.636873364,0.016495509,2022,state,All,state,99,Haryana,NA,NA,NA,NA,0,0,0,0,0,1,NA,NA,NA,NA,NA,NA,NA
724,0.397269636,0.499422073,0.049038712,2022,state,All,state,99,Haryana,NA,NA,NA,NA,0,0,0,0,1,0,NA,NA,NA,NA,NA,NA,NA
725,0.483361214,0.307008624,0.164750546,2022,state,All,state,99,Haryana,NA,NA,NA,NA,0,0,0,1,0,0,NA,NA,NA,NA,NA,NA,NA
726,0.405189961,0.266828001,0.291611731,2022,state,All,state,99,Haryana,NA,NA,NA,NA,0,0,1,0,0,0,NA,NA,NA,NA,NA,NA,NA
727,0.424638689,0.235301003,0.309228987,2022,state,All,state,99,Haryana,NA,NA,NA,NA,0,1,0,0,0,0,NA,NA,NA,NA,NA,NA,NA
728,0.35263586,0.195526093,0.410081208,2022,state,All,state,99,Haryana,NA,NA,NA,NA,1,0,0,0,0,0,NA,NA,NA,NA,NA,NA,NA
729,0,0,0,2022,state,All,state,99,Haryana,NA,NA,NA,NA,NA,NA,NA,NA,NA,NA,NA,NA,NA,NA,NA,NA,NA
730,0.324653536,0.547222495,0,2022,state,All,state,99,Delhi,NA,NA,NA,NA,0,0,0,0,0,1,NA,NA,NA,NA,NA,NA,NA
731,0.331997722,0.54824549,0.015237713,2022,state,All,state,99,Delhi,NA,NA,NA,NA,0,0,0,0,1,0,NA,NA,NA,NA,NA,NA,NA
732,0.392917752,0.45007214,0.059719659,2022,state,All,state,99,Delhi,NA,NA,NA,NA,0,0,0,1,0,0,NA,NA,NA,NA,NA,NA,NA
733,0.347908586,0.448179662,0.14371638,2022,state,All,state,99,Delhi,NA,NA,NA,NA,0,0,1,0,0,0,NA,NA,NA,NA,NA,NA,NA
734,0.252221793,0.440665394,0.235429078,2022,state,All,state,99,Delhi,NA,NA,NA,NA,0,1,0,0,0,0,NA,NA,NA,NA,NA,NA,NA
735,0.453982651,0.272099733,0.183827683,2022,state,All,state,99,Delhi,NA,NA,NA,NA,1,0,0,0,0,0,NA,NA,NA,NA,NA,NA,NA
736,0,0,0,2022,state,All,state,99,Delhi,NA,NA,NA,NA,NA,NA,NA,NA,NA,NA,NA,NA,NA,NA,NA,NA,NA
737,0.324751824,0.573339462,0.023897396,2022,state,All,state,99,Rajasthan,NA,NA,NA,NA,0,0,0,0,0,1,NA,NA,NA,NA,NA,NA,NA
738,0.453905791,0.423040986,0.041895889,2022,state,All,state,99,Rajasthan,NA,NA,NA,NA,0,0,0,0,1,0,NA,NA,NA,NA,NA,NA,NA
739,0.579440176,0.205606401,0.124069937,2022,state,All,state,99,Rajasthan,NA,NA,NA,NA,0,0,0,1,0,0,NA,NA,NA,NA,NA,NA,NA
740,0.565452218,0.181042492,0.222950071,2022,state,All,state,99,Rajasthan,NA,NA,NA,NA,0,0,1,0,0,0,NA,NA,NA,NA,NA,NA,NA
741,0.575391412,0.132375553,0.270660341,2022,state,All,state,99,Rajasthan,NA,NA,NA,NA,0,1,0,0,0,0,NA,NA,NA,NA,NA,NA,NA
742,0.584485292,0.096566938,0.284751713,2022,state,All,state,99,Rajasthan,NA,NA,NA,NA,1,0,0,0,0,0,NA,NA,NA,NA,NA,NA,NA
743,0,0,0,2022,state,All,state,99,Rajasthan,NA,NA,NA,NA,NA,NA,NA,NA,NA,NA,NA,NA,NA,NA,NA,NA,NA
744,0.445858657,0.428735226,0.028332774,2022,state,All,state,99,Uttar Pradesh,NA,NA,NA,NA,0,0,0,0,0,1,NA,NA,NA,NA,NA,NA,NA
745,0.566332281,0.297526956,0.059883777,2022,state,All,state,99,Uttar Pradesh,NA,NA,NA,NA,0,0,0,0,1,0,NA,NA,NA,NA,NA,NA,NA
746,0.607000113,0.168931812,0.169202432,2022,state,All,state,99,Uttar Pradesh,NA,NA,NA,NA,0,0,0,1,0,0,NA,NA,NA,NA,NA,NA,NA
747,0.547820568,0.121323369,0.290559232,2022,state,All,state,99,Uttar Pradesh,NA,NA,NA,NA,0,0,1,0,0,0,NA,NA,NA,NA,NA,NA,NA
748,0.514001727,0.110276237,0.319278628,2022,state,All,state,99,Uttar Pradesh,NA,NA,NA,NA,0,1,0,0,0,0,NA,NA,NA,NA,NA,NA,NA
749,0.464663416,0.100581445,0.356463492,2022,state,All,state,99,Uttar Pradesh,NA,NA,NA,NA,1,0,0,0,0,0,NA,NA,NA,NA,NA,NA,NA
750,0,0,0,2022,state,All,state,99,Uttar Pradesh,NA,NA,NA,NA,NA,NA,NA,NA,NA,NA,NA,NA,NA,NA,NA,NA,NA
751,0.505671024,0.423905522,0.018079568,2022,state,All,state,99,Bihar,NA,NA,NA,NA,0,0,0,0,0,1,NA,NA,NA,NA,NA,NA,NA
752,0.5453493,0.291184217,0.094922684,2022,state,All,state,99,Bihar,NA,NA,NA,NA,0,0,0,0,1,0,NA,NA,NA,NA,NA,NA,NA
753,0.544578433,0.232262149,0.188499913,2022,state,All,state,99,Bihar,NA,NA,NA,NA,0,0,0,1,0,0,NA,NA,NA,NA,NA,NA,NA
754,0.461556613,0.166249409,0.344812959,2022,state,All,state,99,Bihar,NA,NA,NA,NA,0,0,1,0,0,0,NA,NA,NA,NA,NA,NA,NA
755,0.386896461,0.167907447,0.421585739,2022,state,All,state,99,Bihar,NA,NA,NA,NA,0,1,0,0,0,0,NA,NA,NA,NA,NA,NA,NA
756,0.326767564,0.219677672,0.427190661,2022,state,All,state,99,Bihar,NA,NA,NA,NA,1,0,0,0,0,0,NA,NA,NA,NA,NA,NA,NA
757,0,0,0,2022,state,All,state,99,Bihar,NA,NA,NA,NA,NA,NA,NA,NA,NA,NA,NA,NA,NA,NA,NA,NA,NA
758,0,0.939353704,0,2022,state,All,state,99,Sikkim,NA,NA,NA,NA,0,0,0,0,0,1,NA,NA,NA,NA,NA,NA,NA
759,0.106683403,0.803239465,0.007997793,2022,state,All,state,99,Sikkim,NA,NA,NA,NA,0,0,0,0,1,0,NA,NA,NA,NA,NA,NA,NA
760,0.404665917,0.519753754,0.042278148,2022,state,All,state,99,Sikkim,NA,NA,NA,NA,0,0,0,1,0,0,NA,NA,NA,NA,NA,NA,NA
761,0.579866767,0.307598025,0.110871881,2022,state,All,state,99,Sikkim,NA,NA,NA,NA,0,0,1,0,0,0,NA,NA,NA,NA,NA,NA,NA
762,0.685330272,0.21520786,0.094269589,2022,state,All,state,99,Sikkim,NA,NA,NA,NA,0,1,0,0,0,0,NA,NA,NA,NA,NA,NA,NA
763,0.57516408,0.276886016,0.137472048,2022,state,All,state,99,Sikkim,NA,NA,NA,NA,1,0,0,0,0,0,NA,NA,NA,NA,NA,NA,NA
764,0,0,0,2022,state,All,state,99,Sikkim,NA,NA,NA,NA,NA,NA,NA,NA,NA,NA,NA,NA,NA,NA,NA,NA,NA
765,0.036884286,0.922291279,0,2022,state,All,state,99,Arunachal Pradesh,NA,NA,NA,NA,0,0,0,0,0,1,NA,NA,NA,NA,NA,NA,NA
766,0.254363924,0.683252633,0.028173314,2022,state,All,state,99,Arunachal Pradesh,NA,NA,NA,NA,0,0,0,0,1,0,NA,NA,NA,NA,NA,NA,NA
767,0.575992286,0.359460115,0.035054751,2022,state,All,state,99,Arunachal Pradesh,NA,NA,NA,NA,0,0,0,1,0,0,NA,NA,NA,NA,NA,NA,NA
768,0.751362801,0.196331263,0.044206601,2022,state,All,state,99,Arunachal Pradesh,NA,NA,NA,NA,0,0,1,0,0,0,NA,NA,NA,NA,NA,NA,NA
769,0.726389289,0.208506986,0.053351253,2022,state,All,state,99,Arunachal Pradesh,NA,NA,NA,NA,0,1,0,0,0,0,NA,NA,NA,NA,NA,NA,NA
770,0.780257165,0.153509676,0.048773065,2022,state,All,state,99,Arunachal Pradesh,NA,NA,NA,NA,1,0,0,0,0,0,NA,NA,NA,NA,NA,NA,NA
771,0,0,0,2022,state,All,state,99,Arunachal Pradesh,NA,NA,NA,NA,NA,NA,NA,NA,NA,NA,NA,NA,NA,NA,NA,NA,NA
772,0.070722431,0.889853656,0,2022,state,All,state,99,Nagaland,NA,NA,NA,NA,0,0,0,0,0,1,NA,NA,NA,NA,NA,NA,NA
773,0.266067177,0.667393982,0.016796062,2022,state,All,state,99,Nagaland,NA,NA,NA,NA,0,0,0,0,1,0,NA,NA,NA,NA,NA,NA,NA
774,0.534326851,0.354010373,0.040809352,2022,state,All,state,99,Nagaland,NA,NA,NA,NA,0,0,0,1,0,0,NA,NA,NA,NA,NA,NA,NA
775,0.707329512,0.211698726,0.049027711,2022,state,All,state,99,Nagaland,NA,NA,NA,NA,0,0,1,0,0,0,NA,NA,NA,NA,NA,NA,NA
776,0.813042223,0.115351014,0.046615966,2022,state,All,state,99,Nagaland,NA,NA,NA,NA,0,1,0,0,0,0,NA,NA,NA,NA,NA,NA,NA
777,0.832201898,0.093007348,0.048467685,2022,state,All,state,99,Nagaland,NA,NA,NA,NA,1,0,0,0,0,0,NA,NA,NA,NA,NA,NA,NA
778,0,0,0,2022,state,All,state,99,Nagaland,NA,NA,NA,NA,NA,NA,NA,NA,NA,NA,NA,NA,NA,NA,NA,NA,NA
779,0.198007554,0.667414665,0.014873778,2022,state,All,state,99,Manipur,NA,NA,NA,NA,0,0,0,0,0,1,NA,NA,NA,NA,NA,NA,NA
780,0.45673427,0.422920734,0.062265798,2022,state,All,state,99,Manipur,NA,NA,NA,NA,0,0,0,0,1,0,NA,NA,NA,NA,NA,NA,NA
781,0.577722311,0.251427919,0.147462547,2022,state,All,state,99,Manipur,NA,NA,NA,NA,0,0,0,1,0,0,NA,NA,NA,NA,NA,NA,NA
782,0.57180351,0.233790562,0.179908007,2022,state,All,state,99,Manipur,NA,NA,NA,NA,0,0,1,0,0,0,NA,NA,NA,NA,NA,NA,NA
783,0.705881715,0.127416864,0.144430101,2022,state,All,state,99,Manipur,NA,NA,NA,NA,0,1,0,0,0,0,NA,NA,NA,NA,NA,NA,NA
784,0.613387704,0.151862472,0.217254326,2022,state,All,state,99,Manipur,NA,NA,NA,NA,1,0,0,0,0,0,NA,NA,NA,NA,NA,NA,NA
785,0,0,0,2022,state,All,state,99,Manipur,NA,NA,NA,NA,NA,NA,NA,NA,NA,NA,NA,NA,NA,NA,NA,NA,NA
786,0.136071965,0.813658118,0.010775079,2022,state,All,state,99,Mizoram,NA,NA,NA,NA,0,0,0,0,0,1,NA,NA,NA,NA,NA,NA,NA
787,0.241811797,0.674695671,0.017720221,2022,state,All,state,99,Mizoram,NA,NA,NA,NA,0,0,0,0,1,0,NA,NA,NA,NA,NA,NA,NA
788,0.510230303,0.337943941,0.093384221,2022,state,All,state,99,Mizoram,NA,NA,NA,NA,0,0,0,1,0,0,NA,NA,NA,NA,NA,NA,NA
789,0.588894308,0.21728909,0.151102856,2022,state,All,state,99,Mizoram,NA,NA,NA,NA,0,0,1,0,0,0,NA,NA,NA,NA,NA,NA,NA
790,0.666044652,0.164148584,0.122303583,2022,state,All,state,99,Mizoram,NA,NA,NA,NA,0,1,0,0,0,0,NA,NA,NA,NA,NA,NA,NA
791,0.496756464,0.178295493,0.251577079,2022,state,All,state,99,Mizoram,NA,NA,NA,NA,1,0,0,0,0,0,NA,NA,NA,NA,NA,NA,NA
792,0,0,0,2022,state,All,state,99,Mizoram,NA,NA,NA,NA,NA,NA,NA,NA,NA,NA,NA,NA,NA,NA,NA,NA,NA
793,0.190541059,0.709396482,0.035490848,2022,state,All,state,99,Tripura,NA,NA,NA,NA,0,0,0,0,0,1,NA,NA,NA,NA,NA,NA,NA
794,0.34163022,0.440578252,0.037520096,2022,state,All,state,99,Tripura,NA,NA,NA,NA,0,0,0,0,1,0,NA,NA,NA,NA,NA,NA,NA
795,0.460815012,0.317347556,0.120223023,2022,state,All,state,99,Tripura,NA,NA,NA,NA,0,0,0,1,0,0,NA,NA,NA,NA,NA,NA,NA
796,0.548840463,0.156897426,0.253695875,2022,state,All,state,99,Tripura,NA,NA,NA,NA,0,0,1,0,0,0,NA,NA,NA,NA,NA,NA,NA
797,0.503934264,0.119202659,0.351563334,2022,state,All,state,99,Tripura,NA,NA,NA,NA,0,1,0,0,0,0,NA,NA,NA,NA,NA,NA,NA
798,0.519147694,0.086095802,0.369567811,2022,state,All,state,99,Tripura,NA,NA,NA,NA,1,0,0,0,0,0,NA,NA,NA,NA,NA,NA,NA
799,0,0,0,2022,state,All,state,99,Tripura,NA,NA,NA,NA,NA,NA,NA,NA,NA,NA,NA,NA,NA,NA,NA,NA,NA
800,0.102705345,0.754526019,0.142768621,2022,state,All,state,99,Meghalaya,NA,NA,NA,NA,0,0,0,0,0,1,NA,NA,NA,NA,NA,NA,NA
801,0.23699294,0.700059474,0.042454407,2022,state,All,state,99,Meghalaya,NA,NA,NA,NA,0,0,0,0,1,0,NA,NA,NA,NA,NA,NA,NA
802,0.43956393,0.351707429,0.185771585,2022,state,All,state,99,Meghalaya,NA,NA,NA,NA,0,0,0,1,0,0,NA,NA,NA,NA,NA,NA,NA
803,0.617021441,0.159577265,0.214480951,2022,state,All,state,99,Meghalaya,NA,NA,NA,NA,0,0,1,0,0,0,NA,NA,NA,NA,NA,NA,NA
804,0.594229937,0.13625747,0.262814611,2022,state,All,state,99,Meghalaya,NA,NA,NA,NA,0,1,0,0,0,0,NA,NA,NA,NA,NA,NA,NA
805,0.633328199,0.108095013,0.254450768,2022,state,All,state,99,Meghalaya,NA,NA,NA,NA,1,0,0,0,0,0,NA,NA,NA,NA,NA,NA,NA
806,0,0,0,2022,state,All,state,99,Meghalaya,NA,NA,NA,NA,NA,NA,NA,NA,NA,NA,NA,NA,NA,NA,NA,NA,NA
807,0.243958861,0.686199844,0,2022,state,All,state,99,Assam,NA,NA,NA,NA,0,0,0,0,0,1,NA,NA,NA,NA,NA,NA,NA
808,0.323915631,0.52576381,0.053954009,2022,state,All,state,99,Assam,NA,NA,NA,NA,0,0,0,0,1,0,NA,NA,NA,NA,NA,NA,NA
809,0.536295056,0.234967455,0.161354706,2022,state,All,state,99,Assam,NA,NA,NA,NA,0,0,0,1,0,0,NA,NA,NA,NA,NA,NA,NA
810,0.521346271,0.157128528,0.289528131,2022,state,All,state,99,Assam,NA,NA,NA,NA,0,0,1,0,0,0,NA,NA,NA,NA,NA,NA,NA
811,0.454412758,0.159851298,0.372476935,2022,state,All,state,99,Assam,NA,NA,NA,NA,0,1,0,0,0,0,NA,NA,NA,NA,NA,NA,NA
812,0.375389725,0.116650902,0.484163404,2022,state,All,state,99,Assam,NA,NA,NA,NA,1,0,0,0,0,0,NA,NA,NA,NA,NA,NA,NA
813,0,0,0,2022,state,All,state,99,Assam,NA,NA,NA,NA,NA,NA,NA,NA,NA,NA,NA,NA,NA,NA,NA,NA,NA
814,0.314365894,0.550968051,0.030434409,2022,state,All,state,99,West Bengal,NA,NA,NA,NA,0,0,0,0,0,1,NA,NA,NA,NA,NA,NA,NA
815,0.43225044,0.408157468,0.042727455,2022,state,All,state,99,West Bengal,NA,NA,NA,NA,0,0,0,0,1,0,NA,NA,NA,NA,NA,NA,NA
816,0.491214007,0.267549813,0.181621984,2022,state,All,state,99,West Bengal,NA,NA,NA,NA,0,0,0,1,0,0,NA,NA,NA,NA,NA,NA,NA
817,0.448408097,0.204770833,0.301646858,2022,state,All,state,99,West Bengal,NA,NA,NA,NA,0,0,1,0,0,0,NA,NA,NA,NA,NA,NA,NA
818,0.40315631,0.179007366,0.389580607,2022,state,All,state,99,West Bengal,NA,NA,NA,NA,0,1,0,0,0,0,NA,NA,NA,NA,NA,NA,NA
819,0.341655165,0.147235185,0.467849165,2022,state,All,state,99,West Bengal,NA,NA,NA,NA,1,0,0,0,0,0,NA,NA,NA,NA,NA,NA,NA
820,0,0,0,2022,state,All,state,99,West Bengal,NA,NA,NA,NA,NA,NA,NA,NA,NA,NA,NA,NA,NA,NA,NA,NA,NA
821,0.301406264,0.579052269,0.026518712,2022,state,All,state,99,Jharkhand,NA,NA,NA,NA,0,0,0,0,0,1,NA,NA,NA,NA,NA,NA,NA
822,0.482336104,0.415349275,0.041232586,2022,state,All,state,99,Jharkhand,NA,NA,NA,NA,0,0,0,0,1,0,NA,NA,NA,NA,NA,NA,NA
823,0.465332657,0.281340778,0.184377342,2022,state,All,state,99,Jharkhand,NA,NA,NA,NA,0,0,0,1,0,0,NA,NA,NA,NA,NA,NA,NA
824,0.489521682,0.179092482,0.291064888,2022,state,All,state,99,Jharkhand,NA,NA,NA,NA,0,0,1,0,0,0,NA,NA,NA,NA,NA,NA,NA
825,0.410760552,0.163953096,0.374083281,2022,state,All,state,99,Jharkhand,NA,NA,NA,NA,0,1,0,0,0,0,NA,NA,NA,NA,NA,NA,NA
826,0.444969356,0.113286041,0.370727718,2022,state,All,state,99,Jharkhand,NA,NA,NA,NA,1,0,0,0,0,0,NA,NA,NA,NA,NA,NA,NA
827,0,0,0,2022,state,All,state,99,Jharkhand,NA,NA,NA,NA,NA,NA,NA,NA,NA,NA,NA,NA,NA,NA,NA,NA,NA
828,0.355832905,0.578153968,0.014622001,2022,state,All,state,99,Odisha,NA,NA,NA,NA,0,0,0,0,0,1,NA,NA,NA,NA,NA,NA,NA
829,0.431918114,0.450344771,0.046152063,2022,state,All,state,99,Odisha,NA,NA,NA,NA,0,0,0,0,1,0,NA,NA,NA,NA,NA,NA,NA
830,0.512755811,0.223414227,0.193057969,2022,state,All,state,99,Odisha,NA,NA,NA,NA,0,0,0,1,0,0,NA,NA,NA,NA,NA,NA,NA
831,0.515506864,0.148768544,0.281939656,2022,state,All,state,99,Odisha,NA,NA,NA,NA,0,0,1,0,0,0,NA,NA,NA,NA,NA,NA,NA
832,0.477025121,0.114050448,0.346532226,2022,state,All,state,99,Odisha,NA,NA,NA,NA,0,1,0,0,0,0,NA,NA,NA,NA,NA,NA,NA
833,0.45432809,0.069003962,0.415400416,2022,state,All,state,99,Odisha,NA,NA,NA,NA,1,0,0,0,0,0,NA,NA,NA,NA,NA,NA,NA
834,0,0,0,2022,state,All,state,99,Odisha,NA,NA,NA,NA,NA,NA,NA,NA,NA,NA,NA,NA,NA,NA,NA,NA,NA
835,0.418139637,0.515410066,0.056086592,2022,state,All,state,99,Chhattisgarh,NA,NA,NA,NA,0,0,0,0,0,1,NA,NA,NA,NA,NA,NA,NA
836,0.371137738,0.555369496,0.034922615,2022,state,All,state,99,Chhattisgarh,NA,NA,NA,NA,0,0,0,0,1,0,NA,NA,NA,NA,NA,NA,NA
837,0.482422233,0.317793041,0.169944197,2022,state,All,state,99,Chhattisgarh,NA,NA,NA,NA,0,0,0,1,0,0,NA,NA,NA,NA,NA,NA,NA
838,0.581225991,0.173853517,0.215442419,2022,state,All,state,99,Chhattisgarh,NA,NA,NA,NA,0,0,1,0,0,0,NA,NA,NA,NA,NA,NA,NA
839,0.563362002,0.164806336,0.252199143,2022,state,All,state,99,Chhattisgarh,NA,NA,NA,NA,0,1,0,0,0,0,NA,NA,NA,NA,NA,NA,NA
840,0.551988661,0.137834117,0.278082252,2022,state,All,state,99,Chhattisgarh,NA,NA,NA,NA,1,0,0,0,0,0,NA,NA,NA,NA,NA,NA,NA
841,0,0,0,2022,state,All,state,99,Chhattisgarh,NA,NA,NA,NA,NA,NA,NA,NA,NA,NA,NA,NA,NA,NA,NA,NA,NA
842,0.381630063,0.515044689,0.042710628,2022,state,All,state,99,Madhya Pradesh,NA,NA,NA,NA,0,0,0,0,0,1,NA,NA,NA,NA,NA,NA,NA
843,0.474121451,0.400766701,0.066637784,2022,state,All,state,99,Madhya Pradesh,NA,NA,NA,NA,0,0,0,0,1,0,NA,NA,NA,NA,NA,NA,NA
844,0.585535586,0.190055266,0.18829301,2022,state,All,state,99,Madhya Pradesh,NA,NA,NA,NA,0,0,0,1,0,0,NA,NA,NA,NA,NA,NA,NA
845,0.557952344,0.098483704,0.328831047,2022,state,All,state,99,Madhya Pradesh,NA,NA,NA,NA,0,0,1,0,0,0,NA,NA,NA,NA,NA,NA,NA
846,0.583130658,0.081854261,0.321629405,2022,state,All,state,99,Madhya Pradesh,NA,NA,NA,NA,0,1,0,0,0,0,NA,NA,NA,NA,NA,NA,NA
847,0.51890403,0.064768381,0.396358311,2022,state,All,state,99,Madhya Pradesh,NA,NA,NA,NA,1,0,0,0,0,0,NA,NA,NA,NA,NA,NA,NA
848,0,0,0,2022,state,All,state,99,Madhya Pradesh,NA,NA,NA,NA,NA,NA,NA,NA,NA,NA,NA,NA,NA,NA,NA,NA,NA
849,0.371177554,0.558602571,0.014066033,2022,state,All,state,99,Gujarat,NA,NA,NA,NA,0,0,0,0,0,1,NA,NA,NA,NA,NA,NA,NA
850,0.459262937,0.46139136,0.024915257,2022,state,All,state,99,Gujarat,NA,NA,NA,NA,0,0,0,0,1,0,NA,NA,NA,NA,NA,NA,NA
851,0.51284498,0.339254469,0.117784247,2022,state,All,state,99,Gujarat,NA,NA,NA,NA,0,0,0,1,0,0,NA,NA,NA,NA,NA,NA,NA
852,0.490453362,0.284181118,0.210357949,2022,state,All,state,99,Gujarat,NA,NA,NA,NA,0,0,1,0,0,0,NA,NA,NA,NA,NA,NA,NA
853,0.533479393,0.215102106,0.236300111,2022,state,All,state,99,Gujarat,NA,NA,NA,NA,0,1,0,0,0,0,NA,NA,NA,NA,NA,NA,NA
854,0.490505338,0.154982507,0.335781544,2022,state,All,state,99,Gujarat,NA,NA,NA,NA,1,0,0,0,0,0,NA,NA,NA,NA,NA,NA,NA
855,0,0,0,2022,state,All,state,99,Gujarat,NA,NA,NA,NA,NA,NA,NA,NA,NA,NA,NA,NA,NA,NA,NA,NA,NA
856,0.233811945,0.698760152,0,2022,state,All,state,99,Daman & Diu & D & N Haveli,NA,NA,NA,NA,0,0,0,0,0,1,NA,NA,NA,NA,NA,NA,NA
857,0.158030957,0.837314487,0,2022,state,All,state,99,Daman & Diu & D & N Haveli,NA,NA,NA,NA,0,0,0,0,1,0,NA,NA,NA,NA,NA,NA,NA
858,0.151908651,0.791928649,0.040220905,2022,state,All,state,99,Daman & Diu & D & N Haveli,NA,NA,NA,NA,0,0,0,1,0,0,NA,NA,NA,NA,NA,NA,NA
859,0.234659076,0.714323401,0.035799332,2022,state,All,state,99,Daman & Diu & D & N Haveli,NA,NA,NA,NA,0,0,1,0,0,0,NA,NA,NA,NA,NA,NA,NA
860,0.280169696,0.616384983,0.092104055,2022,state,All,state,99,Daman & Diu & D & N Haveli,NA,NA,NA,NA,0,1,0,0,0,0,NA,NA,NA,NA,NA,NA,NA
861,0.474583417,0.418515891,0.084817298,2022,state,All,state,99,Daman & Diu & D & N Haveli,NA,NA,NA,NA,1,0,0,0,0,0,NA,NA,NA,NA,NA,NA,NA
862,0,0,0,2022,state,All,state,99,Daman & Diu & D & N Haveli,NA,NA,NA,NA,NA,NA,NA,NA,NA,NA,NA,NA,NA,NA,NA,NA,NA
863,0.288122833,0.591017842,0.005752315,2022,state,All,state,99,Maharashtra,NA,NA,NA,NA,0,0,0,0,0,1,NA,NA,NA,NA,NA,NA,NA
864,0.34545666,0.536242306,0.038719382,2022,state,All,state,99,Maharashtra,NA,NA,NA,NA,0,0,0,0,1,0,NA,NA,NA,NA,NA,NA,NA
865,0.469327271,0.337717354,0.147683173,2022,state,All,state,99,Maharashtra,NA,NA,NA,NA,0,0,0,1,0,0,NA,NA,NA,NA,NA,NA,NA
866,0.47628957,0.231947705,0.256188154,2022,state,All,state,99,Maharashtra,NA,NA,NA,NA,0,0,1,0,0,0,NA,NA,NA,NA,NA,NA,NA
867,0.496805072,0.200569719,0.265547812,2022,state,All,state,99,Maharashtra,NA,NA,NA,NA,0,1,0,0,0,0,NA,NA,NA,NA,NA,NA,NA
868,0.45146358,0.139338717,0.37132436,2022,state,All,state,99,Maharashtra,NA,NA,NA,NA,1,0,0,0,0,0,NA,NA,NA,NA,NA,NA,NA
869,0,0,0,2022,state,All,state,99,Maharashtra,NA,NA,NA,NA,NA,NA,NA,NA,NA,NA,NA,NA,NA,NA,NA,NA,NA
870,0.291480809,0.629313171,0.021274451,2022,state,All,state,99,Andhra Pradesh,NA,NA,NA,NA,0,0,0,0,0,1,NA,NA,NA,NA,NA,NA,NA
871,0.315903306,0.541906893,0.053676724,2022,state,All,state,99,Andhra Pradesh,NA,NA,NA,NA,0,0,0,0,1,0,NA,NA,NA,NA,NA,NA,NA
872,0.449791998,0.250581563,0.210329503,2022,state,All,state,99,Andhra Pradesh,NA,NA,NA,NA,0,0,0,1,0,0,NA,NA,NA,NA,NA,NA,NA
873,0.447195143,0.185122639,0.275673419,2022,state,All,state,99,Andhra Pradesh,NA,NA,NA,NA,0,0,1,0,0,0,NA,NA,NA,NA,NA,NA,NA
874,0.429965496,0.187812343,0.323784858,2022,state,All,state,99,Andhra Pradesh,NA,NA,NA,NA,0,1,0,0,0,0,NA,NA,NA,NA,NA,NA,NA
875,0.420090377,0.121534422,0.371344,2022,state,All,state,99,Andhra Pradesh,NA,NA,NA,NA,1,0,0,0,0,0,NA,NA,NA,NA,NA,NA,NA
876,0,0,0,2022,state,All,state,99,Andhra Pradesh,NA,NA,NA,NA,NA,NA,NA,NA,NA,NA,NA,NA,NA,NA,NA,NA,NA
877,0.222449839,0.685138881,0.012810959,2022,state,All,state,99,Karnataka,NA,NA,NA,NA,0,0,0,0,0,1,NA,NA,NA,NA,NA,NA,NA
878,0.329867691,0.564494669,0.03297925,2022,state,All,state,99,Karnataka,NA,NA,NA,NA,0,0,0,0,1,0,NA,NA,NA,NA,NA,NA,NA
879,0.506075084,0.280158013,0.149558634,2022,state,All,state,99,Karnataka,NA,NA,NA,NA,0,0,0,1,0,0,NA,NA,NA,NA,NA,NA,NA
880,0.531769335,0.202555522,0.231491104,2022,state,All,state,99,Karnataka,NA,NA,NA,NA,0,0,1,0,0,0,NA,NA,NA,NA,NA,NA,NA
881,0.527184248,0.17241405,0.270584106,2022,state,All,state,99,Karnataka,NA,NA,NA,NA,0,1,0,0,0,0,NA,NA,NA,NA,NA,NA,NA
882,0.513196468,0.112268165,0.345634788,2022,state,All,state,99,Karnataka,NA,NA,NA,NA,1,0,0,0,0,0,NA,NA,NA,NA,NA,NA,NA
883,0,0,0,2022,state,All,state,99,Karnataka,NA,NA,NA,NA,NA,NA,NA,NA,NA,NA,NA,NA,NA,NA,NA,NA,NA
884,0.06079204,0.916455328,0,2022,state,All,state,99,Goa,NA,NA,NA,NA,0,0,0,0,0,1,NA,NA,NA,NA,NA,NA,NA
885,0.222475275,0.628549099,0.050553605,2022,state,All,state,99,Goa,NA,NA,NA,NA,0,0,0,0,1,0,NA,NA,NA,NA,NA,NA,NA
886,0.299772412,0.528771162,0.037133146,2022,state,All,state,99,Goa,NA,NA,NA,NA,0,0,0,1,0,0,NA,NA,NA,NA,NA,NA,NA
887,0.231835589,0.604041457,0.136282876,2022,state,All,state,99,Goa,NA,NA,NA,NA,0,0,1,0,0,0,NA,NA,NA,NA,NA,NA,NA
888,0.267790109,0.489183664,0.173216417,2022,state,All,state,99,Goa,NA,NA,NA,NA,0,1,0,0,0,0,NA,NA,NA,NA,NA,NA,NA
889,0.15549852,0.593587577,0.138946563,2022,state,All,state,99,Goa,NA,NA,NA,NA,1,0,0,0,0,0,NA,NA,NA,NA,NA,NA,NA
890,0,0,0,2022,state,All,state,99,Goa,NA,NA,NA,NA,NA,NA,NA,NA,NA,NA,NA,NA,NA,NA,NA,NA,NA
891,0.135996312,0.698845088,0,2022,state,All,state,99,Lakshadweep,NA,NA,NA,NA,0,0,0,0,0,1,NA,NA,NA,NA,NA,NA,NA
892,0.138858467,0.742859006,0.010237296,2022,state,All,state,99,Lakshadweep,NA,NA,NA,NA,0,0,0,0,1,0,NA,NA,NA,NA,NA,NA,NA
893,0.360813588,0.33954823,0.197961107,2022,state,All,state,99,Lakshadweep,NA,NA,NA,NA,0,0,0,1,0,0,NA,NA,NA,NA,NA,NA,NA
894,0.393648863,0.22793448,0.297559708,2022,state,All,state,99,Lakshadweep,NA,NA,NA,NA,0,0,1,0,0,0,NA,NA,NA,NA,NA,NA,NA
895,0.461803526,0.260080457,0.166685864,2022,state,All,state,99,Lakshadweep,NA,NA,NA,NA,0,1,0,0,0,0,NA,NA,NA,NA,NA,NA,NA
896,0.426582485,0.240657941,0.246704295,2022,state,All,state,99,Lakshadweep,NA,NA,NA,NA,1,0,0,0,0,0,NA,NA,NA,NA,NA,NA,NA
897,0,0,0,2022,state,All,state,99,Lakshadweep,NA,NA,NA,NA,NA,NA,NA,NA,NA,NA,NA,NA,NA,NA,NA,NA,NA
898,0.186161116,0.653951347,0.011605204,2022,state,All,state,99,Kerala,NA,NA,NA,NA,0,0,0,0,0,1,NA,NA,NA,NA,NA,NA,NA
899,0.238607585,0.487393886,0.062387731,2022,state,All,state,99,Kerala,NA,NA,NA,NA,0,0,0,0,1,0,NA,NA,NA,NA,NA,NA,NA
900,0.307598948,0.280345798,0.20193404,2022,state,All,state,99,Kerala,NA,NA,NA,NA,0,0,0,1,0,0,NA,NA,NA,NA,NA,NA,NA
901,0.297127396,0.204786509,0.342804849,2022,state,All,state,99,Kerala,NA,NA,NA,NA,0,0,1,0,0,0,NA,NA,NA,NA,NA,NA,NA
902,0.261694729,0.217253715,0.377605796,2022,state,All,state,99,Kerala,NA,NA,NA,NA,0,1,0,0,0,0,NA,NA,NA,NA,NA,NA,NA
903,0.209893301,0.16830264,0.440931857,2022,state,All,state,99,Kerala,NA,NA,NA,NA,1,0,0,0,0,0,NA,NA,NA,NA,NA,NA,NA
904,0,0,0,2022,state,All,state,99,Kerala,NA,NA,NA,NA,NA,NA,NA,NA,NA,NA,NA,NA,NA,NA,NA,NA,NA
905,0.215364039,0.670026481,0.026624819,2022,state,All,state,99,Tamil Nadu,NA,NA,NA,NA,0,0,0,0,0,1,NA,NA,NA,NA,NA,NA,NA
906,0.248490065,0.599102497,0.073840894,2022,state,All,state,99,Tamil Nadu,NA,NA,NA,NA,0,0,0,0,1,0,NA,NA,NA,NA,NA,NA,NA
907,0.334199905,0.35313338,0.21561119,2022,state,All,state,99,Tamil Nadu,NA,NA,NA,NA,0,0,0,1,0,0,NA,NA,NA,NA,NA,NA,NA
908,0.305309653,0.308682144,0.347738236,2022,state,All,state,99,Tamil Nadu,NA,NA,NA,NA,0,0,1,0,0,0,NA,NA,NA,NA,NA,NA,NA
909,0.315400809,0.267442495,0.378285617,2022,state,All,state,99,Tamil Nadu,NA,NA,NA,NA,0,1,0,0,0,0,NA,NA,NA,NA,NA,NA,NA
910,0.284710974,0.199864909,0.451728076,2022,state,All,state,99,Tamil Nadu,NA,NA,NA,NA,1,0,0,0,0,0,NA,NA,NA,NA,NA,NA,NA
911,0,0,0,2022,state,All,state,99,Tamil Nadu,NA,NA,NA,NA,NA,NA,NA,NA,NA,NA,NA,NA,NA,NA,NA,NA,NA
912,0.267745405,0.646546304,0.033104468,2022,state,All,state,99,Puducherry,NA,NA,NA,NA,0,0,0,0,0,1,NA,NA,NA,NA,NA,NA,NA
913,0.235242784,0.567988694,0.095286667,2022,state,All,state,99,Puducherry,NA,NA,NA,NA,0,0,0,0,1,0,NA,NA,NA,NA,NA,NA,NA
914,0.281181872,0.410905749,0.186646298,2022,state,All,state,99,Puducherry,NA,NA,NA,NA,0,0,0,1,0,0,NA,NA,NA,NA,NA,NA,NA
915,0.254327059,0.318314672,0.315043688,2022,state,All,state,99,Puducherry,NA,NA,NA,NA,0,0,1,0,0,0,NA,NA,NA,NA,NA,NA,NA
916,0.231098965,0.262697846,0.402766496,2022,state,All,state,99,Puducherry,NA,NA,NA,NA,0,1,0,0,0,0,NA,NA,NA,NA,NA,NA,NA
917,0.200956613,0.277120143,0.415410787,2022,state,All,state,99,Puducherry,NA,NA,NA,NA,1,0,0,0,0,0,NA,NA,NA,NA,NA,NA,NA
918,0,0,0,2022,state,All,state,99,Puducherry,NA,NA,NA,NA,NA,NA,NA,NA,NA,NA,NA,NA,NA,NA,NA,NA,NA
919,0.177859038,0.822140992,0,2022,state,All,state,99,A & N Island,NA,NA,NA,NA,0,0,0,0,0,1,NA,NA,NA,NA,NA,NA,NA
920,0.144250423,0.76141125,0.028700512,2022,state,All,state,99,A & N Island,NA,NA,NA,NA,0,0,0,0,1,0,NA,NA,NA,NA,NA,NA,NA
921,0.260770857,0.615059376,0.045478467,2022,state,All,state,99,A & N Island,NA,NA,NA,NA,0,0,0,1,0,0,NA,NA,NA,NA,NA,NA,NA
922,0.406189442,0.437331587,0.126683399,2022,state,All,state,99,A & N Island,NA,NA,NA,NA,0,0,1,0,0,0,NA,NA,NA,NA,NA,NA,NA
923,0.413303703,0.362186581,0.15648891,2022,state,All,state,99,A & N Island,NA,NA,NA,NA,0,1,0,0,0,0,NA,NA,NA,NA,NA,NA,NA
924,0.429443568,0.364112079,0.135299698,2022,state,All,state,99,A & N Island,NA,NA,NA,NA,1,0,0,0,0,0,NA,NA,NA,NA,NA,NA,NA
925,0,0,0,2022,state,All,state,99,A & N Island,NA,NA,NA,NA,NA,NA,NA,NA,NA,NA,NA,NA,NA,NA,NA,NA,NA
926,0.236902237,0.681156218,0.024058027,2022,state,All,state,99,Telangana,NA,NA,NA,NA,0,0,0,0,0,1,NA,NA,NA,NA,NA,NA,NA
927,0.332706153,0.570351124,0.036295805,2022,state,All,state,99,Telangana,NA,NA,NA,NA,0,0,0,0,1,0,NA,NA,NA,NA,NA,NA,NA
928,0.524569869,0.303275198,0.111224584,2022,state,All,state,99,Telangana,NA,NA,NA,NA,0,0,0,1,0,0,NA,NA,NA,NA,NA,NA,NA
929,0.56342119,0.202555984,0.156296402,2022,state,All,state,99,Telangana,NA,NA,NA,NA,0,0,1,0,0,0,NA,NA,NA,NA,NA,NA,NA
930,0.57321924,0.188190818,0.174469829,2022,state,All,state,99,Telangana,NA,NA,NA,NA,0,1,0,0,0,0,NA,NA,NA,NA,NA,NA,NA
931,0.557186723,0.118538916,0.262476116,2022,state,All,state,99,Telangana,NA,NA,NA,NA,1,0,0,0,0,0,NA,NA,NA,NA,NA,NA,NA
932,0,0,0,2022,state,All,state,99,Telangana,NA,NA,NA,NA,NA,NA,NA,NA,NA,NA,NA,NA,NA,NA,NA,NA,NA
933,0.028141806,0.796782255,0.145424619,2022,state,All,state,99,Ladakh,NA,NA,NA,NA,0,0,0,0,0,1,NA,NA,NA,NA,NA,NA,NA
934,0.111669481,0.841610909,0.028477946,2022,state,All,state,99,Ladakh,NA,NA,NA,NA,0,0,0,0,1,0,NA,NA,NA,NA,NA,NA,NA
935,0.26129818,0.594930947,0.068130642,2022,state,All,state,99,Ladakh,NA,NA,NA,NA,0,0,0,1,0,0,NA,NA,NA,NA,NA,NA,NA
936,0.42731145,0.209375754,0.306795865,2022,state,All,state,99,Ladakh,NA,NA,NA,NA,0,0,1,0,0,0,NA,NA,NA,NA,NA,NA,NA
937,0.522540629,0.141276091,0.288256884,2022,state,All,state,99,Ladakh,NA,NA,NA,NA,0,1,0,0,0,0,NA,NA,NA,NA,NA,NA,NA
938,0.700564444,0.178749338,0.095127009,2022,state,All,state,99,Ladakh,NA,NA,NA,NA,1,0,0,0,0,0,NA,NA,NA,NA,NA,NA,NA
939,0,0,0,2022,state,All,state,99,Ladakh,NA,NA,NA,NA,NA,NA,NA,NA,NA,NA,NA,NA,NA,NA,NA,NA,NA
940,0.168405995,0.667482138,0.019561663,2022,state,urban/rural,sector_state,0,Jammu & Kashmir,NA,NA,NA,NA,0,0,0,0,0,1,NA,NA,NA,NA,NA,NA,NA
941,0.397088766,0.548591316,0.005857786,2022,state,urban/rural,sector_state,0,Jammu & Kashmir,NA,NA,NA,NA,0,0,0,0,1,0,NA,NA,NA,NA,NA,NA,NA
942,0.432709992,0.321849972,0.158737466,2022,state,urban/rural,sector_state,0,Jammu & Kashmir,NA,NA,NA,NA,0,0,0,1,0,0,NA,NA,NA,NA,NA,NA,NA
943,0.400183111,0.265284956,0.28095004,2022,state,urban/rural,sector_state,0,Jammu & Kashmir,NA,NA,NA,NA,0,0,1,0,0,0,NA,NA,NA,NA,NA,NA,NA
944,0.523623407,0.15767616,0.265470058,2022,state,urban/rural,sector_state,0,Jammu & Kashmir,NA,NA,NA,NA,0,1,0,0,0,0,NA,NA,NA,NA,NA,NA,NA
945,0.416759312,0.19780536,0.346504331,2022,state,urban/rural,sector_state,0,Jammu & Kashmir,NA,NA,NA,NA,1,0,0,0,0,0,NA,NA,NA,NA,NA,NA,NA
946,0,0,0,2022,state,urban/rural,sector_state,0,Jammu & Kashmir,NA,NA,NA,NA,NA,NA,NA,NA,NA,NA,NA,NA,NA,NA,NA,NA,NA
947,0.256076008,0.480406851,0,2022,state,urban/rural,sector_state,0,Himachal Pradesh,NA,NA,NA,NA,0,0,0,0,0,1,NA,NA,NA,NA,NA,NA,NA
948,0.449610025,0.390618175,0.033375852,2022,state,urban/rural,sector_state,0,Himachal Pradesh,NA,NA,NA,NA,0,0,0,0,1,0,NA,NA,NA,NA,NA,NA,NA
949,0.524896562,0.233449966,0.113311082,2022,state,urban/rural,sector_state,0,Himachal Pradesh,NA,NA,NA,NA,0,0,0,1,0,0,NA,NA,NA,NA,NA,NA,NA
950,0.519394219,0.195404038,0.183387667,2022,state,urban/rural,sector_state,0,Himachal Pradesh,NA,NA,NA,NA,0,0,1,0,0,0,NA,NA,NA,NA,NA,NA,NA
951,0.516502261,0.201545402,0.231359214,2022,state,urban/rural,sector_state,0,Himachal Pradesh,NA,NA,NA,NA,0,1,0,0,0,0,NA,NA,NA,NA,NA,NA,NA
952,0.504138589,0.160007775,0.245793432,2022,state,urban/rural,sector_state,0,Himachal Pradesh,NA,NA,NA,NA,1,0,0,0,0,0,NA,NA,NA,NA,NA,NA,NA
953,0,0,0,2022,state,urban/rural,sector_state,0,Himachal Pradesh,NA,NA,NA,NA,NA,NA,NA,NA,NA,NA,NA,NA,NA,NA,NA,NA,NA
954,0.394959837,0.605040193,0,2022,state,urban/rural,sector_state,0,Punjab,NA,NA,NA,NA,0,0,0,0,0,1,NA,NA,NA,NA,NA,NA,NA
955,0.463710845,0.30251497,0.040360056,2022,state,urban/rural,sector_state,0,Punjab,NA,NA,NA,NA,0,0,0,0,1,0,NA,NA,NA,NA,NA,NA,NA
956,0.487075686,0.179501072,0.246160969,2022,state,urban/rural,sector_state,0,Punjab,NA,NA,NA,NA,0,0,0,1,0,0,NA,NA,NA,NA,NA,NA,NA
957,0.445724607,0.18781659,0.30853343,2022,state,urban/rural,sector_state,0,Punjab,NA,NA,NA,NA,0,0,1,0,0,0,NA,NA,NA,NA,NA,NA,NA
958,0.418116212,0.16380401,0.365230531,2022,state,urban/rural,sector_state,0,Punjab,NA,NA,NA,NA,0,1,0,0,0,0,NA,NA,NA,NA,NA,NA,NA
959,0.346269369,0.163619146,0.44863236,2022,state,urban/rural,sector_state,0,Punjab,NA,NA,NA,NA,1,0,0,0,0,0,NA,NA,NA,NA,NA,NA,NA
960,0,0,0,2022,state,urban/rural,sector_state,0,Punjab,NA,NA,NA,NA,NA,NA,NA,NA,NA,NA,NA,NA,NA,NA,NA,NA,NA
961,0.200799495,0.433082312,0.366118193,2022,state,urban/rural,sector_state,0,Chandigarh,NA,NA,NA,NA,0,0,0,0,0,1,NA,NA,NA,NA,NA,NA,NA
962,0.207829133,0.699546456,0.055618417,2022,state,urban/rural,sector_state,0,Chandigarh,NA,NA,NA,NA,0,0,0,0,1,0,NA,NA,NA,NA,NA,NA,NA
963,0.306584984,0.539523423,0.112847351,2022,state,urban/rural,sector_state,0,Chandigarh,NA,NA,NA,NA,0,0,0,1,0,0,NA,NA,NA,NA,NA,NA,NA
964,0.432250857,0.245240659,0.308184445,2022,state,urban/rural,sector_state,0,Chandigarh,NA,NA,NA,NA,0,0,1,0,0,0,NA,NA,NA,NA,NA,NA,NA
965,0.322645187,0.441474676,0.235880151,2022,state,urban/rural,sector_state,0,Chandigarh,NA,NA,NA,NA,0,1,0,0,0,0,NA,NA,NA,NA,NA,NA,NA
966,0.360028565,0.364506662,0.251133651,2022,state,urban/rural,sector_state,0,Chandigarh,NA,NA,NA,NA,1,0,0,0,0,0,NA,NA,NA,NA,NA,NA,NA
967,0,0,0,2022,state,urban/rural,sector_state,0,Chandigarh,NA,NA,NA,NA,NA,NA,NA,NA,NA,NA,NA,NA,NA,NA,NA,NA,NA
968,0.4762609,0.395463347,0.024398962,2022,state,urban/rural,sector_state,0,Uttrakhand,NA,NA,NA,NA,0,0,0,0,0,1,NA,NA,NA,NA,NA,NA,NA
969,0.491246283,0.405833364,0.031101145,2022,state,urban/rural,sector_state,0,Uttrakhand,NA,NA,NA,NA,0,0,0,0,1,0,NA,NA,NA,NA,NA,NA,NA
970,0.488095999,0.278567046,0.131399363,2022,state,urban/rural,sector_state,0,Uttrakhand,NA,NA,NA,NA,0,0,0,1,0,0,NA,NA,NA,NA,NA,NA,NA
971,0.536231637,0.154538989,0.234048858,2022,state,urban/rural,sector_state,0,Uttrakhand,NA,NA,NA,NA,0,0,1,0,0,0,NA,NA,NA,NA,NA,NA,NA
972,0.447943062,0.159993798,0.346243113,2022,state,urban/rural,sector_state,0,Uttrakhand,NA,NA,NA,NA,0,1,0,0,0,0,NA,NA,NA,NA,NA,NA,NA
973,0.417960644,0.162482873,0.353947639,2022,state,urban/rural,sector_state,0,Uttrakhand,NA,NA,NA,NA,1,0,0,0,0,0,NA,NA,NA,NA,NA,NA,NA
974,0,0,0,2022,state,urban/rural,sector_state,0,Uttrakhand,NA,NA,NA,NA,NA,NA,NA,NA,NA,NA,NA,NA,NA,NA,NA,NA,NA
975,0.325732321,0.515101433,0.034673356,2022,state,urban/rural,sector_state,0,Haryana,NA,NA,NA,NA,0,0,0,0,0,1,NA,NA,NA,NA,NA,NA,NA
976,0.48910743,0.378027022,0.098661527,2022,state,urban/rural,sector_state,0,Haryana,NA,NA,NA,NA,0,0,0,0,1,0,NA,NA,NA,NA,NA,NA,NA
977,0.535089016,0.223003492,0.206052646,2022,state,urban/rural,sector_state,0,Haryana,NA,NA,NA,NA,0,0,0,1,0,0,NA,NA,NA,NA,NA,NA,NA
978,0.430009723,0.176497474,0.366801053,2022,state,urban/rural,sector_state,0,Haryana,NA,NA,NA,NA,0,0,1,0,0,0,NA,NA,NA,NA,NA,NA,NA
979,0.417427599,0.171644375,0.380349964,2022,state,urban/rural,sector_state,0,Haryana,NA,NA,NA,NA,0,1,0,0,0,0,NA,NA,NA,NA,NA,NA,NA
980,0.344759822,0.13058719,0.478098959,2022,state,urban/rural,sector_state,0,Haryana,NA,NA,NA,NA,1,0,0,0,0,0,NA,NA,NA,NA,NA,NA,NA
981,0,0,0,2022,state,urban/rural,sector_state,0,Haryana,NA,NA,NA,NA,NA,NA,NA,NA,NA,NA,NA,NA,NA,NA,NA,NA,NA
982,0,1,0,2022,state,urban/rural,sector_state,0,Delhi,NA,NA,NA,NA,0,0,0,0,0,1,NA,NA,NA,NA,NA,NA,NA
983,0.297799408,0.671327472,0,2022,state,urban/rural,sector_state,0,Delhi,NA,NA,NA,NA,0,0,0,0,1,0,NA,NA,NA,NA,NA,NA,NA
984,0.445821583,0.50979656,0.011454036,2022,state,urban/rural,sector_state,0,Delhi,NA,NA,NA,NA,0,0,0,1,0,0,NA,NA,NA,NA,NA,NA,NA
985,0.183493733,0.464908302,0.351597965,2022,state,urban/rural,sector_state,0,Delhi,NA,NA,NA,NA,0,0,1,0,0,0,NA,NA,NA,NA,NA,NA,NA
986,0.344438404,0.391504735,0.198202461,2022,state,urban/rural,sector_state,0,Delhi,NA,NA,NA,NA,0,1,0,0,0,0,NA,NA,NA,NA,NA,NA,NA
987,0.31932056,0.499196559,0.1541778,2022,state,urban/rural,sector_state,0,Delhi,NA,NA,NA,NA,1,0,0,0,0,0,NA,NA,NA,NA,NA,NA,NA
988,0,0,0,2022,state,urban/rural,sector_state,0,Delhi,NA,NA,NA,NA,NA,NA,NA,NA,NA,NA,NA,NA,NA,NA,NA,NA,NA
989,0.417712122,0.504413724,0.055785462,2022,state,urban/rural,sector_state,0,Rajasthan,NA,NA,NA,NA,0,0,0,0,0,1,NA,NA,NA,NA,NA,NA,NA
990,0.556285858,0.333130062,0.061750382,2022,state,urban/rural,sector_state,0,Rajasthan,NA,NA,NA,NA,0,0,0,0,1,0,NA,NA,NA,NA,NA,NA,NA
991,0.606294513,0.135767967,0.154164881,2022,state,urban/rural,sector_state,0,Rajasthan,NA,NA,NA,NA,0,0,0,1,0,0,NA,NA,NA,NA,NA,NA,NA
992,0.608268797,0.136910349,0.230776548,2022,state,urban/rural,sector_state,0,Rajasthan,NA,NA,NA,NA,0,0,1,0,0,0,NA,NA,NA,NA,NA,NA,NA
993,0.609016061,0.098794937,0.273143947,2022,state,urban/rural,sector_state,0,Rajasthan,NA,NA,NA,NA,0,1,0,0,0,0,NA,NA,NA,NA,NA,NA,NA
994,0.614094496,0.071633689,0.282869637,2022,state,urban/rural,sector_state,0,Rajasthan,NA,NA,NA,NA,1,0,0,0,0,0,NA,NA,NA,NA,NA,NA,NA
995,0,0,0,2022,state,urban/rural,sector_state,0,Rajasthan,NA,NA,NA,NA,NA,NA,NA,NA,NA,NA,NA,NA,NA,NA,NA,NA,NA
996,0.622154236,0.257031858,0.044186078,2022,state,urban/rural,sector_state,0,Uttar Pradesh,NA,NA,NA,NA,0,0,0,0,0,1,NA,NA,NA,NA,NA,NA,NA
997,0.675662279,0.192749023,0.085772619,2022,state,urban/rural,sector_state,0,Uttar Pradesh,NA,NA,NA,NA,0,0,0,0,1,0,NA,NA,NA,NA,NA,NA,NA
998,0.646481514,0.115398332,0.190787554,2022,state,urban/rural,sector_state,0,Uttar Pradesh,NA,NA,NA,NA,0,0,0,1,0,0,NA,NA,NA,NA,NA,NA,NA
999,0.564364076,0.086772777,0.310052872,2022,state,urban/rural,sector_state,0,Uttar Pradesh,NA,NA,NA,NA,0,0,1,0,0,0,NA,NA,NA,NA,NA,NA,NA
1000,0.515485048,0.084435925,0.339491099,2022,state,urban/rural,sector_state,0,Uttar Pradesh,NA,NA,NA,NA,0,1,0,0,0,0,NA,NA,NA,NA,NA,NA,NA
1001,0.467389882,0.076269649,0.372606188,2022,state,urban/rural,sector_state,0,Uttar Pradesh,NA,NA,NA,NA,1,0,0,0,0,0,NA,NA,NA,NA,NA,NA,NA
1002,0,0,0,2022,state,urban/rural,sector_state,0,Uttar Pradesh,NA,NA,NA,NA,NA,NA,NA,NA,NA,NA,NA,NA,NA,NA,NA,NA,NA
1003,0.517594874,0.428011566,0.025895001,2022,state,urban/rural,sector_state,0,Bihar,NA,NA,NA,NA,0,0,0,0,0,1,NA,NA,NA,NA,NA,NA,NA
1004,0.578476369,0.253766388,0.109905109,2022,state,urban/rural,sector_state,0,Bihar,NA,NA,NA,NA,0,0,0,0,1,0,NA,NA,NA,NA,NA,NA,NA
1005,0.546897471,0.226235539,0.199493483,2022,state,urban/rural,sector_state,0,Bihar,NA,NA,NA,NA,0,0,0,1,0,0,NA,NA,NA,NA,NA,NA,NA
1006,0.460546434,0.159219503,0.352524459,2022,state,urban/rural,sector_state,0,Bihar,NA,NA,NA,NA,0,0,1,0,0,0,NA,NA,NA,NA,NA,NA,NA
1007,0.383473456,0.164857954,0.427863806,2022,state,urban/rural,sector_state,0,Bihar,NA,NA,NA,NA,0,1,0,0,0,0,NA,NA,NA,NA,NA,NA,NA
1008,0.323084533,0.219532579,0.431356937,2022,state,urban/rural,sector_state,0,Bihar,NA,NA,NA,NA,1,0,0,0,0,0,NA,NA,NA,NA,NA,NA,NA
1009,0,0,0,2022,state,urban/rural,sector_state,0,Bihar,NA,NA,NA,NA,NA,NA,NA,NA,NA,NA,NA,NA,NA,NA,NA,NA,NA
1010,0,1,0,2022,state,urban/rural,sector_state,0,Sikkim,NA,NA,NA,NA,0,0,0,0,0,1,NA,NA,NA,NA,NA,NA,NA
1011,0.070781812,0.909737885,0.011793585,2022,state,urban/rural,sector_state,0,Sikkim,NA,NA,NA,NA,0,0,0,0,1,0,NA,NA,NA,NA,NA,NA,NA
1012,0.393660128,0.551934481,0.045307774,2022,state,urban/rural,sector_state,0,Sikkim,NA,NA,NA,NA,0,0,0,1,0,0,NA,NA,NA,NA,NA,NA,NA
1013,0.614298582,0.28788501,0.096723206,2022,state,urban/rural,sector_state,0,Sikkim,NA,NA,NA,NA,0,0,1,0,0,0,NA,NA,NA,NA,NA,NA,NA
1014,0.704983234,0.20117873,0.090022117,2022,state,urban/rural,sector_state,0,Sikkim,NA,NA,NA,NA,0,1,0,0,0,0,NA,NA,NA,NA,NA,NA,NA
1015,0.595941961,0.259090513,0.138003603,2022,state,urban/rural,sector_state,0,Sikkim,NA,NA,NA,NA,1,0,0,0,0,0,NA,NA,NA,NA,NA,NA,NA
1016,0,0,0,2022,state,urban/rural,sector_state,0,Sikkim,NA,NA,NA,NA,NA,NA,NA,NA,NA,NA,NA,NA,NA,NA,NA,NA,NA
1017,0.055674899,0.942974269,0,2022,state,urban/rural,sector_state,0,Arunachal Pradesh,NA,NA,NA,NA,0,0,0,0,0,1,NA,NA,NA,NA,NA,NA,NA
1018,0.263546765,0.682895958,0.042746443,2022,state,urban/rural,sector_state,0,Arunachal Pradesh,NA,NA,NA,NA,0,0,0,0,1,0,NA,NA,NA,NA,NA,NA,NA
1019,0.637865424,0.306709647,0.041884366,2022,state,urban/rural,sector_state,0,Arunachal Pradesh,NA,NA,NA,NA,0,0,0,1,0,0,NA,NA,NA,NA,NA,NA,NA
1020,0.804845512,0.148960203,0.041222516,2022,state,urban/rural,sector_state,0,Arunachal Pradesh,NA,NA,NA,NA,0,0,1,0,0,0,NA,NA,NA,NA,NA,NA,NA
1021,0.779597461,0.167502299,0.045469102,2022,state,urban/rural,sector_state,0,Arunachal Pradesh,NA,NA,NA,NA,0,1,0,0,0,0,NA,NA,NA,NA,NA,NA,NA
1022,0.798596144,0.143154874,0.042182155,2022,state,urban/rural,sector_state,0,Arunachal Pradesh,NA,NA,NA,NA,1,0,0,0,0,0,NA,NA,NA,NA,NA,NA,NA
1023,0,0,0,2022,state,urban/rural,sector_state,0,Arunachal Pradesh,NA,NA,NA,NA,NA,NA,NA,NA,NA,NA,NA,NA,NA,NA,NA,NA,NA
1024,0.084784366,0.915215611,0,2022,state,urban/rural,sector_state,0,Nagaland,NA,NA,NA,NA,0,0,0,0,0,1,NA,NA,NA,NA,NA,NA,NA
1025,0.278322577,0.665383041,0.017296577,2022,state,urban/rural,sector_state,0,Nagaland,NA,NA,NA,NA,0,0,0,0,1,0,NA,NA,NA,NA,NA,NA,NA
1026,0.661435246,0.246988043,0.040030919,2022,state,urban/rural,sector_state,0,Nagaland,NA,NA,NA,NA,0,0,0,1,0,0,NA,NA,NA,NA,NA,NA,NA
1027,0.799089253,0.150687382,0.028886864,2022,state,urban/rural,sector_state,0,Nagaland,NA,NA,NA,NA,0,0,1,0,0,0,NA,NA,NA,NA,NA,NA,NA
1028,0.877190351,0.072495066,0.032104801,2022,state,urban/rural,sector_state,0,Nagaland,NA,NA,NA,NA,0,1,0,0,0,0,NA,NA,NA,NA,NA,NA,NA
1029,0.868326247,0.071227565,0.038822994,2022,state,urban/rural,sector_state,0,Nagaland,NA,NA,NA,NA,1,0,0,0,0,0,NA,NA,NA,NA,NA,NA,NA
1030,0,0,0,2022,state,urban/rural,sector_state,0,Nagaland,NA,NA,NA,NA,NA,NA,NA,NA,NA,NA,NA,NA,NA,NA,NA,NA,NA
1031,0.139334589,0.765330672,0,2022,state,urban/rural,sector_state,0,Manipur,NA,NA,NA,NA,0,0,0,0,0,1,NA,NA,NA,NA,NA,NA,NA
1032,0.508125424,0.396243483,0.058659174,2022,state,urban/rural,sector_state,0,Manipur,NA,NA,NA,NA,0,0,0,0,1,0,NA,NA,NA,NA,NA,NA,NA
1033,0.610526979,0.223939165,0.153100803,2022,state,urban/rural,sector_state,0,Manipur,NA,NA,NA,NA,0,0,0,1,0,0,NA,NA,NA,NA,NA,NA,NA
1034,0.628830671,0.198440567,0.169702694,2022,state,urban/rural,sector_state,0,Manipur,NA,NA,NA,NA,0,0,1,0,0,0,NA,NA,NA,NA,NA,NA,NA
1035,0.746465445,0.103435002,0.133860886,2022,state,urban/rural,sector_state,0,Manipur,NA,NA,NA,NA,0,1,0,0,0,0,NA,NA,NA,NA,NA,NA,NA
1036,0.624347687,0.129483044,0.235119358,2022,state,urban/rural,sector_state,0,Manipur,NA,NA,NA,NA,1,0,0,0,0,0,NA,NA,NA,NA,NA,NA,NA
1037,0,0,0,2022,state,urban/rural,sector_state,0,Manipur,NA,NA,NA,NA,NA,NA,NA,NA,NA,NA,NA,NA,NA,NA,NA,NA,NA
1038,0.056953821,0.833328724,0,2022,state,urban/rural,sector_state,0,Mizoram,NA,NA,NA,NA,0,0,0,0,0,1,NA,NA,NA,NA,NA,NA,NA
1039,0.226031244,0.69188863,0.031325407,2022,state,urban/rural,sector_state,0,Mizoram,NA,NA,NA,NA,0,0,0,0,1,0,NA,NA,NA,NA,NA,NA,NA
1040,0.586468518,0.254085213,0.097136192,2022,state,urban/rural,sector_state,0,Mizoram,NA,NA,NA,NA,0,0,0,1,0,0,NA,NA,NA,NA,NA,NA,NA
1041,0.652210474,0.1539478,0.162402943,2022,state,urban/rural,sector_state,0,Mizoram,NA,NA,NA,NA,0,0,1,0,0,0,NA,NA,NA,NA,NA,NA,NA
1042,0.71479255,0.096065819,0.145796999,2022,state,urban/rural,sector_state,0,Mizoram,NA,NA,NA,NA,0,1,0,0,0,0,NA,NA,NA,NA,NA,NA,NA
1043,0.532308638,0.119542398,0.280909836,2022,state,urban/rural,sector_state,0,Mizoram,NA,NA,NA,NA,1,0,0,0,0,0,NA,NA,NA,NA,NA,NA,NA
1044,0,0,0,2022,state,urban/rural,sector_state,0,Mizoram,NA,NA,NA,NA,NA,NA,NA,NA,NA,NA,NA,NA,NA,NA,NA,NA,NA
1045,0.061432336,0.77427119,0.115762047,2022,state,urban/rural,sector_state,0,Tripura,NA,NA,NA,NA,0,0,0,0,0,1,NA,NA,NA,NA,NA,NA,NA
1046,0.415033907,0.418298274,0.06321957,2022,state,urban/rural,sector_state,0,Tripura,NA,NA,NA,NA,0,0,0,0,1,0,NA,NA,NA,NA,NA,NA,NA
1047,0.475150615,0.295364708,0.144362584,2022,state,urban/rural,sector_state,0,Tripura,NA,NA,NA,NA,0,0,0,1,0,0,NA,NA,NA,NA,NA,NA,NA
1048,0.563388109,0.131306931,0.270399809,2022,state,urban/rural,sector_state,0,Tripura,NA,NA,NA,NA,0,0,1,0,0,0,NA,NA,NA,NA,NA,NA,NA
1049,0.503666639,0.108437113,0.364159107,2022,state,urban/rural,sector_state,0,Tripura,NA,NA,NA,NA,0,1,0,0,0,0,NA,NA,NA,NA,NA,NA,NA
1050,0.526495993,0.073163316,0.377322823,2022,state,urban/rural,sector_state,0,Tripura,NA,NA,NA,NA,1,0,0,0,0,0,NA,NA,NA,NA,NA,NA,NA
1051,0,0,0,2022,state,urban/rural,sector_state,0,Tripura,NA,NA,NA,NA,NA,NA,NA,NA,NA,NA,NA,NA,NA,NA,NA,NA,NA
1052,0,0.535921216,0.464078814,2022,state,urban/rural,sector_state,0,Meghalaya,NA,NA,NA,NA,0,0,0,0,0,1,NA,NA,NA,NA,NA,NA,NA
1053,0.179254159,0.724625707,0.071654119,2022,state,urban/rural,sector_state,0,Meghalaya,NA,NA,NA,NA,0,0,0,0,1,0,NA,NA,NA,NA,NA,NA,NA
1054,0.480316073,0.289641082,0.211584195,2022,state,urban/rural,sector_state,0,Meghalaya,NA,NA,NA,NA,0,0,0,1,0,0,NA,NA,NA,NA,NA,NA,NA
1055,0.64134419,0.130385175,0.219958514,2022,state,urban/rural,sector_state,0,Meghalaya,NA,NA,NA,NA,0,0,1,0,0,0,NA,NA,NA,NA,NA,NA,NA
1056,0.610323608,0.123441845,0.261126161,2022,state,urban/rural,sector_state,0,Meghalaya,NA,NA,NA,NA,0,1,0,0,0,0,NA,NA,NA,NA,NA,NA,NA
1057,0.643823326,0.102201506,0.250588328,2022,state,urban/rural,sector_state,0,Meghalaya,NA,NA,NA,NA,1,0,0,0,0,0,NA,NA,NA,NA,NA,NA,NA
1058,0,0,0,2022,state,urban/rural,sector_state,0,Meghalaya,NA,NA,NA,NA,NA,NA,NA,NA,NA,NA,NA,NA,NA,NA,NA,NA,NA
1059,0.288838655,0.659078181,0,2022,state,urban/rural,sector_state,0,Assam,NA,NA,NA,NA,0,0,0,0,0,1,NA,NA,NA,NA,NA,NA,NA
1060,0.332840592,0.520408154,0.077638961,2022,state,urban/rural,sector_state,0,Assam,NA,NA,NA,NA,0,0,0,0,1,0,NA,NA,NA,NA,NA,NA,NA
1061,0.536318541,0.218673736,0.186487541,2022,state,urban/rural,sector_state,0,Assam,NA,NA,NA,NA,0,0,0,1,0,0,NA,NA,NA,NA,NA,NA,NA
1062,0.527479172,0.139229313,0.305955768,2022,state,urban/rural,sector_state,0,Assam,NA,NA,NA,NA,0,0,1,0,0,0,NA,NA,NA,NA,NA,NA,NA
1063,0.450403959,0.148641825,0.388813496,2022,state,urban/rural,sector_state,0,Assam,NA,NA,NA,NA,0,1,0,0,0,0,NA,NA,NA,NA,NA,NA,NA
1064,0.37314117,0.108730286,0.494435817,2022,state,urban/rural,sector_state,0,Assam,NA,NA,NA,NA,1,0,0,0,0,0,NA,NA,NA,NA,NA,NA,NA
1065,0,0,0,2022,state,urban/rural,sector_state,0,Assam,NA,NA,NA,NA,NA,NA,NA,NA,NA,NA,NA,NA,NA,NA,NA,NA,NA
1066,0.338175833,0.51988703,0.085404932,2022,state,urban/rural,sector_state,0,West Bengal,NA,NA,NA,NA,0,0,0,0,0,1,NA,NA,NA,NA,NA,NA,NA
1067,0.54327929,0.318762511,0.086997986,2022,state,urban/rural,sector_state,0,West Bengal,NA,NA,NA,NA,0,0,0,0,1,0,NA,NA,NA,NA,NA,NA,NA
1068,0.526304603,0.186303779,0.248969227,2022,state,urban/rural,sector_state,0,West Bengal,NA,NA,NA,NA,0,0,0,1,0,0,NA,NA,NA,NA,NA,NA,NA
1069,0.453748226,0.152516514,0.351527601,2022,state,urban/rural,sector_state,0,West Bengal,NA,NA,NA,NA,0,0,1,0,0,0,NA,NA,NA,NA,NA,NA,NA
1070,0.401232272,0.138105258,0.434648067,2022,state,urban/rural,sector_state,0,West Bengal,NA,NA,NA,NA,0,1,0,0,0,0,NA,NA,NA,NA,NA,NA,NA
1071,0.342013419,0.108502574,0.506163538,2022,state,urban/rural,sector_state,0,West Bengal,NA,NA,NA,NA,1,0,0,0,0,0,NA,NA,NA,NA,NA,NA,NA
1072,0,0,0,2022,state,urban/rural,sector_state,0,West Bengal,NA,NA,NA,NA,NA,NA,NA,NA,NA,NA,NA,NA,NA,NA,NA,NA,NA
1073,0.423984468,0.500282407,0.064335212,2022,state,urban/rural,sector_state,0,Jharkhand,NA,NA,NA,NA,0,0,0,0,0,1,NA,NA,NA,NA,NA,NA,NA
1074,0.63397795,0.271809399,0.077823304,2022,state,urban/rural,sector_state,0,Jharkhand,NA,NA,NA,NA,0,0,0,0,1,0,NA,NA,NA,NA,NA,NA,NA
1075,0.533416808,0.188641801,0.232511476,2022,state,urban/rural,sector_state,0,Jharkhand,NA,NA,NA,NA,0,0,0,1,0,0,NA,NA,NA,NA,NA,NA,NA
1076,0.496010482,0.144718662,0.323393464,2022,state,urban/rural,sector_state,0,Jharkhand,NA,NA,NA,NA,0,0,1,0,0,0,NA,NA,NA,NA,NA,NA,NA
1077,0.432071924,0.129384816,0.392635942,2022,state,urban/rural,sector_state,0,Jharkhand,NA,NA,NA,NA,0,1,0,0,0,0,NA,NA,NA,NA,NA,NA,NA
1078,0.457107723,0.091081113,0.381356955,2022,state,urban/rural,sector_state,0,Jharkhand,NA,NA,NA,NA,1,0,0,0,0,0,NA,NA,NA,NA,NA,NA,NA
1079,0,0,0,2022,state,urban/rural,sector_state,0,Jharkhand,NA,NA,NA,NA,NA,NA,NA,NA,NA,NA,NA,NA,NA,NA,NA,NA,NA
1080,0.306738019,0.618460596,0.031339891,2022,state,urban/rural,sector_state,0,Odisha,NA,NA,NA,NA,0,0,0,0,0,1,NA,NA,NA,NA,NA,NA,NA
1081,0.523683667,0.344733536,0.075428203,2022,state,urban/rural,sector_state,0,Odisha,NA,NA,NA,NA,0,0,0,0,1,0,NA,NA,NA,NA,NA,NA,NA
1082,0.536712587,0.16664739,0.23035343,2022,state,urban/rural,sector_state,0,Odisha,NA,NA,NA,NA,0,0,0,1,0,0,NA,NA,NA,NA,NA,NA,NA
1083,0.52247107,0.122182317,0.299632549,2022,state,urban/rural,sector_state,0,Odisha,NA,NA,NA,NA,0,0,1,0,0,0,NA,NA,NA,NA,NA,NA,NA
1084,0.480263591,0.09659119,0.360132575,2022,state,urban/rural,sector_state,0,Odisha,NA,NA,NA,NA,0,1,0,0,0,0,NA,NA,NA,NA,NA,NA,NA
1085,0.462872416,0.05544617,0.419896394,2022,state,urban/rural,sector_state,0,Odisha,NA,NA,NA,NA,1,0,0,0,0,0,NA,NA,NA,NA,NA,NA,NA
1086,0,0,0,2022,state,urban/rural,sector_state,0,Odisha,NA,NA,NA,NA,NA,NA,NA,NA,NA,NA,NA,NA,NA,NA,NA,NA,NA
1087,0.555930138,0.3966555,0.0474144,2022,state,urban/rural,sector_state,0,Chhattisgarh,NA,NA,NA,NA,0,0,0,0,0,1,NA,NA,NA,NA,NA,NA,NA
1088,0.436573029,0.492697835,0.065781072,2022,state,urban/rural,sector_state,0,Chhattisgarh,NA,NA,NA,NA,0,0,0,0,1,0,NA,NA,NA,NA,NA,NA,NA
1089,0.543421507,0.225816071,0.206219837,2022,state,urban/rural,sector_state,0,Chhattisgarh,NA,NA,NA,NA,0,0,0,1,0,0,NA,NA,NA,NA,NA,NA,NA
1090,0.619812489,0.115610659,0.239389256,2022,state,urban/rural,sector_state,0,Chhattisgarh,NA,NA,NA,NA,0,0,1,0,0,0,NA,NA,NA,NA,NA,NA,NA
1091,0.59194237,0.130321205,0.26079154,2022,state,urban/rural,sector_state,0,Chhattisgarh,NA,NA,NA,NA,0,1,0,0,0,0,NA,NA,NA,NA,NA,NA,NA
1092,0.580875516,0.121959768,0.267680824,2022,state,urban/rural,sector_state,0,Chhattisgarh,NA,NA,NA,NA,1,0,0,0,0,0,NA,NA,NA,NA,NA,NA,NA
1093,0,0,0,2022,state,urban/rural,sector_state,0,Chhattisgarh,NA,NA,NA,NA,NA,NA,NA,NA,NA,NA,NA,NA,NA,NA,NA,NA,NA
1094,0.554218829,0.336251765,0.106514402,2022,state,urban/rural,sector_state,0,Madhya Pradesh,NA,NA,NA,NA,0,0,0,0,0,1,NA,NA,NA,NA,NA,NA,NA
1095,0.613647282,0.265406102,0.109277241,2022,state,urban/rural,sector_state,0,Madhya Pradesh,NA,NA,NA,NA,0,0,0,0,1,0,NA,NA,NA,NA,NA,NA,NA
1096,0.66981703,0.084801517,0.23635605,2022,state,urban/rural,sector_state,0,Madhya Pradesh,NA,NA,NA,NA,0,0,0,1,0,0,NA,NA,NA,NA,NA,NA,NA
1097,0.583798766,0.05156032,0.357827872,2022,state,urban/rural,sector_state,0,Madhya Pradesh,NA,NA,NA,NA,0,0,1,0,0,0,NA,NA,NA,NA,NA,NA,NA
1098,0.610372007,0.044300675,0.33453837,2022,state,urban/rural,sector_state,0,Madhya Pradesh,NA,NA,NA,NA,0,1,0,0,0,0,NA,NA,NA,NA,NA,NA,NA
1099,0.537803352,0.035887796,0.409193903,2022,state,urban/rural,sector_state,0,Madhya Pradesh,NA,NA,NA,NA,1,0,0,0,0,0,NA,NA,NA,NA,NA,NA,NA
1100,0,0,0,2022,state,urban/rural,sector_state,0,Madhya Pradesh,NA,NA,NA,NA,NA,NA,NA,NA,NA,NA,NA,NA,NA,NA,NA,NA,NA
1101,0.367589206,0.539880991,0.049226224,2022,state,urban/rural,sector_state,0,Gujarat,NA,NA,NA,NA,0,0,0,0,0,1,NA,NA,NA,NA,NA,NA,NA
1102,0.536934435,0.362419009,0.071994357,2022,state,urban/rural,sector_state,0,Gujarat,NA,NA,NA,NA,0,0,0,0,1,0,NA,NA,NA,NA,NA,NA,NA
1103,0.626420379,0.18494767,0.174716324,2022,state,urban/rural,sector_state,0,Gujarat,NA,NA,NA,NA,0,0,0,1,0,0,NA,NA,NA,NA,NA,NA,NA
1104,0.569232047,0.164285436,0.256690353,2022,state,urban/rural,sector_state,0,Gujarat,NA,NA,NA,NA,0,0,1,0,0,0,NA,NA,NA,NA,NA,NA,NA
1105,0.593590558,0.138044894,0.258606166,2022,state,urban/rural,sector_state,0,Gujarat,NA,NA,NA,NA,0,1,0,0,0,0,NA,NA,NA,NA,NA,NA,NA
1106,0.523496985,0.093772344,0.366805464,2022,state,urban/rural,sector_state,0,Gujarat,NA,NA,NA,NA,1,0,0,0,0,0,NA,NA,NA,NA,NA,NA,NA
1107,0,0,0,2022,state,urban/rural,sector_state,0,Gujarat,NA,NA,NA,NA,NA,NA,NA,NA,NA,NA,NA,NA,NA,NA,NA,NA,NA
1108,0.248538569,0.751461446,0,2022,state,urban/rural,sector_state,0,Daman & Diu & D & N Haveli,NA,NA,NA,NA,0,0,0,0,1,0,NA,NA,NA,NA,NA,NA,NA
1109,0.250630558,0.672755539,0.044013117,2022,state,urban/rural,sector_state,0,Daman & Diu & D & N Haveli,NA,NA,NA,NA,0,0,0,1,0,0,NA,NA,NA,NA,NA,NA,NA
1110,0.354827136,0.556566954,0.065389968,2022,state,urban/rural,sector_state,0,Daman & Diu & D & N Haveli,NA,NA,NA,NA,0,0,1,0,0,0,NA,NA,NA,NA,NA,NA,NA
1111,0.367627501,0.48960802,0.137220562,2022,state,urban/rural,sector_state,0,Daman & Diu & D & N Haveli,NA,NA,NA,NA,0,1,0,0,0,0,NA,NA,NA,NA,NA,NA,NA
1112,0.601039827,0.273228347,0.115472257,2022,state,urban/rural,sector_state,0,Daman & Diu & D & N Haveli,NA,NA,NA,NA,1,0,0,0,0,0,NA,NA,NA,NA,NA,NA,NA
1113,0,0,0,2022,state,urban/rural,sector_state,0,Daman & Diu & D & N Haveli,NA,NA,NA,NA,NA,NA,NA,NA,NA,NA,NA,NA,NA,NA,NA,NA,NA
1114,0.445085526,0.503683507,0.008811369,2022,state,urban/rural,sector_state,0,Maharashtra,NA,NA,NA,NA,0,0,0,0,0,1,NA,NA,NA,NA,NA,NA,NA
1115,0.477433592,0.397302717,0.070718966,2022,state,urban/rural,sector_state,0,Maharashtra,NA,NA,NA,NA,0,0,0,0,1,0,NA,NA,NA,NA,NA,NA,NA
1116,0.559802294,0.204324931,0.211246133,2022,state,urban/rural,sector_state,0,Maharashtra,NA,NA,NA,NA,0,0,0,1,0,0,NA,NA,NA,NA,NA,NA,NA
1117,0.542769134,0.11952877,0.318201154,2022,state,urban/rural,sector_state,0,Maharashtra,NA,NA,NA,NA,0,0,1,0,0,0,NA,NA,NA,NA,NA,NA,NA
1118,0.556473434,0.114791505,0.303001106,2022,state,urban/rural,sector_state,0,Maharashtra,NA,NA,NA,NA,0,1,0,0,0,0,NA,NA,NA,NA,NA,NA,NA
1119,0.492640704,0.075216942,0.398638308,2022,state,urban/rural,sector_state,0,Maharashtra,NA,NA,NA,NA,1,0,0,0,0,0,NA,NA,NA,NA,NA,NA,NA
1120,0,0,0,2022,state,urban/rural,sector_state,0,Maharashtra,NA,NA,NA,NA,NA,NA,NA,NA,NA,NA,NA,NA,NA,NA,NA,NA,NA
1121,0.246591821,0.689869523,0.045361556,2022,state,urban/rural,sector_state,0,Andhra Pradesh,NA,NA,NA,NA,0,0,0,0,0,1,NA,NA,NA,NA,NA,NA,NA
1122,0.409380347,0.458023012,0.083066858,2022,state,urban/rural,sector_state,0,Andhra Pradesh,NA,NA,NA,NA,0,0,0,0,1,0,NA,NA,NA,NA,NA,NA,NA
1123,0.498156339,0.192389429,0.260645568,2022,state,urban/rural,sector_state,0,Andhra Pradesh,NA,NA,NA,NA,0,0,0,1,0,0,NA,NA,NA,NA,NA,NA,NA
1124,0.510588467,0.132084459,0.302627951,2022,state,urban/rural,sector_state,0,Andhra Pradesh,NA,NA,NA,NA,0,0,1,0,0,0,NA,NA,NA,NA,NA,NA,NA
1125,0.462484807,0.123898543,0.363765568,2022,state,urban/rural,sector_state,0,Andhra Pradesh,NA,NA,NA,NA,0,1,0,0,0,0,NA,NA,NA,NA,NA,NA,NA
1126,0.4279643,0.080810584,0.400950164,2022,state,urban/rural,sector_state,0,Andhra Pradesh,NA,NA,NA,NA,1,0,0,0,0,0,NA,NA,NA,NA,NA,NA,NA
1127,0,0,0,2022,state,urban/rural,sector_state,0,Andhra Pradesh,NA,NA,NA,NA,NA,NA,NA,NA,NA,NA,NA,NA,NA,NA,NA,NA,NA
1128,0.376166373,0.571086824,0.046275988,2022,state,urban/rural,sector_state,0,Karnataka,NA,NA,NA,NA,0,0,0,0,0,1,NA,NA,NA,NA,NA,NA,NA
1129,0.543314457,0.347001106,0.076183572,2022,state,urban/rural,sector_state,0,Karnataka,NA,NA,NA,NA,0,0,0,0,1,0,NA,NA,NA,NA,NA,NA,NA
1130,0.619562507,0.156660184,0.199839503,2022,state,urban/rural,sector_state,0,Karnataka,NA,NA,NA,NA,0,0,0,1,0,0,NA,NA,NA,NA,NA,NA,NA
1131,0.589017332,0.096702665,0.288625926,2022,state,urban/rural,sector_state,0,Karnataka,NA,NA,NA,NA,0,0,1,0,0,0,NA,NA,NA,NA,NA,NA,NA
1132,0.569512248,0.109337732,0.294714153,2022,state,urban/rural,sector_state,0,Karnataka,NA,NA,NA,NA,0,1,0,0,0,0,NA,NA,NA,NA,NA,NA,NA
1133,0.547907948,0.071949102,0.35323748,2022,state,urban/rural,sector_state,0,Karnataka,NA,NA,NA,NA,1,0,0,0,0,0,NA,NA,NA,NA,NA,NA,NA
1134,0,0,0,2022,state,urban/rural,sector_state,0,Karnataka,NA,NA,NA,NA,NA,NA,NA,NA,NA,NA,NA,NA,NA,NA,NA,NA,NA
1135,0,1,0,2022,state,urban/rural,sector_state,0,Goa,NA,NA,NA,NA,0,0,0,0,0,1,NA,NA,NA,NA,NA,NA,NA
1136,0.174348891,0.694366693,0.027855931,2022,state,urban/rural,sector_state,0,Goa,NA,NA,NA,NA,0,0,0,0,1,0,NA,NA,NA,NA,NA,NA,NA
1137,0.311480016,0.494010746,0.060076036,2022,state,urban/rural,sector_state,0,Goa,NA,NA,NA,NA,0,0,0,1,0,0,NA,NA,NA,NA,NA,NA,NA
1138,0.146161199,0.612380207,0.181402162,2022,state,urban/rural,sector_state,0,Goa,NA,NA,NA,NA,0,0,1,0,0,0,NA,NA,NA,NA,NA,NA,NA
1139,0.20053713,0.513578296,0.226978585,2022,state,urban/rural,sector_state,0,Goa,NA,NA,NA,NA,0,1,0,0,0,0,NA,NA,NA,NA,NA,NA,NA
1140,0.150059357,0.633735597,0.109385997,2022,state,urban/rural,sector_state,0,Goa,NA,NA,NA,NA,1,0,0,0,0,0,NA,NA,NA,NA,NA,NA,NA
1141,0,0,0,2022,state,urban/rural,sector_state,0,Goa,NA,NA,NA,NA,NA,NA,NA,NA,NA,NA,NA,NA,NA,NA,NA,NA,NA
1142,0,1,0,2022,state,urban/rural,sector_state,0,Lakshadweep,NA,NA,NA,NA,0,0,0,0,0,1,NA,NA,NA,NA,NA,NA,NA
1143,0.082952574,0.877657473,0,2022,state,urban/rural,sector_state,0,Lakshadweep,NA,NA,NA,NA,0,0,0,0,1,0,NA,NA,NA,NA,NA,NA,NA
1144,0.241636917,0.434758097,0.240506232,2022,state,urban/rural,sector_state,0,Lakshadweep,NA,NA,NA,NA,0,0,0,1,0,0,NA,NA,NA,NA,NA,NA,NA
1145,0.486480474,0.106079489,0.303883135,2022,state,urban/rural,sector_state,0,Lakshadweep,NA,NA,NA,NA,0,0,1,0,0,0,NA,NA,NA,NA,NA,NA,NA
1146,0.530899763,0.189850658,0.216608733,2022,state,urban/rural,sector_state,0,Lakshadweep,NA,NA,NA,NA,0,1,0,0,0,0,NA,NA,NA,NA,NA,NA,NA
1147,0.389886141,0.262000024,0.335298419,2022,state,urban/rural,sector_state,0,Lakshadweep,NA,NA,NA,NA,1,0,0,0,0,0,NA,NA,NA,NA,NA,NA,NA
1148,0,0,0,2022,state,urban/rural,sector_state,0,Lakshadweep,NA,NA,NA,NA,NA,NA,NA,NA,NA,NA,NA,NA,NA,NA,NA,NA,NA
1149,0.192615554,0.623354137,0.014738506,2022,state,urban/rural,sector_state,0,Kerala,NA,NA,NA,NA,0,0,0,0,0,1,NA,NA,NA,NA,NA,NA,NA
1150,0.279667437,0.416348666,0.075740173,2022,state,urban/rural,sector_state,0,Kerala,NA,NA,NA,NA,0,0,0,0,1,0,NA,NA,NA,NA,NA,NA,NA
1151,0.343059361,0.242188036,0.212949932,2022,state,urban/rural,sector_state,0,Kerala,NA,NA,NA,NA,0,0,0,1,0,0,NA,NA,NA,NA,NA,NA,NA
1152,0.3012788,0.189728871,0.365384847,2022,state,urban/rural,sector_state,0,Kerala,NA,NA,NA,NA,0,0,1,0,0,0,NA,NA,NA,NA,NA,NA,NA
1153,0.278677285,0.202956945,0.377531469,2022,state,urban/rural,sector_state,0,Kerala,NA,NA,NA,NA,0,1,0,0,0,0,NA,NA,NA,NA,NA,NA,NA
1154,0.217457041,0.160172224,0.460543513,2022,state,urban/rural,sector_state,0,Kerala,NA,NA,NA,NA,1,0,0,0,0,0,NA,NA,NA,NA,NA,NA,NA
1155,0,0,0,2022,state,urban/rural,sector_state,0,Kerala,NA,NA,NA,NA,NA,NA,NA,NA,NA,NA,NA,NA,NA,NA,NA,NA,NA
1156,0.281401813,0.616254508,0.060490135,2022,state,urban/rural,sector_state,0,Tamil Nadu,NA,NA,NA,NA,0,0,0,0,0,1,NA,NA,NA,NA,NA,NA,NA
1157,0.283032745,0.498031408,0.159446314,2022,state,urban/rural,sector_state,0,Tamil Nadu,NA,NA,NA,NA,0,0,0,0,1,0,NA,NA,NA,NA,NA,NA,NA
1158,0.383558482,0.272455126,0.287587434,2022,state,urban/rural,sector_state,0,Tamil Nadu,NA,NA,NA,NA,0,0,0,1,0,0,NA,NA,NA,NA,NA,NA,NA
1159,0.334180713,0.205764368,0.434366226,2022,state,urban/rural,sector_state,0,Tamil Nadu,NA,NA,NA,NA,0,0,1,0,0,0,NA,NA,NA,NA,NA,NA,NA
1160,0.327525347,0.198211476,0.44383046,2022,state,urban/rural,sector_state,0,Tamil Nadu,NA,NA,NA,NA,0,1,0,0,0,0,NA,NA,NA,NA,NA,NA,NA
1161,0.310087681,0.142584682,0.494814187,2022,state,urban/rural,sector_state,0,Tamil Nadu,NA,NA,NA,NA,1,0,0,0,0,0,NA,NA,NA,NA,NA,NA,NA
1162,0,0,0,2022,state,urban/rural,sector_state,0,Tamil Nadu,NA,NA,NA,NA,NA,NA,NA,NA,NA,NA,NA,NA,NA,NA,NA,NA,NA
1163,0.178415224,0.821584761,0,2022,state,urban/rural,sector_state,0,Puducherry,NA,NA,NA,NA,0,0,0,0,0,1,NA,NA,NA,NA,NA,NA,NA
1164,0.221149728,0.544944704,0.203898475,2022,state,urban/rural,sector_state,0,Puducherry,NA,NA,NA,NA,0,0,0,0,1,0,NA,NA,NA,NA,NA,NA,NA
1165,0.252431124,0.415656596,0.243366331,2022,state,urban/rural,sector_state,0,Puducherry,NA,NA,NA,NA,0,0,0,1,0,0,NA,NA,NA,NA,NA,NA,NA
1166,0.200069472,0.416484714,0.359909981,2022,state,urban/rural,sector_state,0,Puducherry,NA,NA,NA,NA,0,0,1,0,0,0,NA,NA,NA,NA,NA,NA,NA
1167,0.272050112,0.322315961,0.328949422,2022,state,urban/rural,sector_state,0,Puducherry,NA,NA,NA,NA,0,1,0,0,0,0,NA,NA,NA,NA,NA,NA,NA
1168,0.104491256,0.288305819,0.489987075,2022,state,urban/rural,sector_state,0,Puducherry,NA,NA,NA,NA,1,0,0,0,0,0,NA,NA,NA,NA,NA,NA,NA
1169,0,0,0,2022,state,urban/rural,sector_state,0,Puducherry,NA,NA,NA,NA,NA,NA,NA,NA,NA,NA,NA,NA,NA,NA,NA,NA,NA
1170,0.128735483,0.871264517,0,2022,state,urban/rural,sector_state,0,A & N Island,NA,NA,NA,NA,0,0,0,0,0,1,NA,NA,NA,NA,NA,NA,NA
1171,0.198229909,0.666317761,0.026966646,2022,state,urban/rural,sector_state,0,A & N Island,NA,NA,NA,NA,0,0,0,0,1,0,NA,NA,NA,NA,NA,NA,NA
1172,0.266817629,0.607962072,0.049943365,2022,state,urban/rural,sector_state,0,A & N Island,NA,NA,NA,NA,0,0,0,1,0,0,NA,NA,NA,NA,NA,NA,NA
1173,0.47127074,0.367455959,0.136048883,2022,state,urban/rural,sector_state,0,A & N Island,NA,NA,NA,NA,0,0,1,0,0,0,NA,NA,NA,NA,NA,NA,NA
1174,0.538248658,0.216708004,0.202725485,2022,state,urban/rural,sector_state,0,A & N Island,NA,NA,NA,NA,0,1,0,0,0,0,NA,NA,NA,NA,NA,NA,NA
1175,0.496309251,0.281166911,0.146992639,2022,state,urban/rural,sector_state,0,A & N Island,NA,NA,NA,NA,1,0,0,0,0,0,NA,NA,NA,NA,NA,NA,NA
1176,0,0,0,2022,state,urban/rural,sector_state,0,A & N Island,NA,NA,NA,NA,NA,NA,NA,NA,NA,NA,NA,NA,NA,NA,NA,NA,NA
1177,0.358484864,0.556120634,0.024065526,2022,state,urban/rural,sector_state,0,Telangana,NA,NA,NA,NA,0,0,0,0,0,1,NA,NA,NA,NA,NA,NA,NA
1178,0.561702728,0.309416205,0.113209561,2022,state,urban/rural,sector_state,0,Telangana,NA,NA,NA,NA,0,0,0,0,1,0,NA,NA,NA,NA,NA,NA,NA
1179,0.678941429,0.130637959,0.171963528,2022,state,urban/rural,sector_state,0,Telangana,NA,NA,NA,NA,0,0,0,1,0,0,NA,NA,NA,NA,NA,NA,NA
1180,0.667310834,0.084928073,0.184934303,2022,state,urban/rural,sector_state,0,Telangana,NA,NA,NA,NA,0,0,1,0,0,0,NA,NA,NA,NA,NA,NA,NA
1181,0.657073736,0.080000758,0.200139031,2022,state,urban/rural,sector_state,0,Telangana,NA,NA,NA,NA,0,1,0,0,0,0,NA,NA,NA,NA,NA,NA,NA
1182,0.610802114,0.053306799,0.280987471,2022,state,urban/rural,sector_state,0,Telangana,NA,NA,NA,NA,1,0,0,0,0,0,NA,NA,NA,NA,NA,NA,NA
1183,0,0,0,2022,state,urban/rural,sector_state,0,Telangana,NA,NA,NA,NA,NA,NA,NA,NA,NA,NA,NA,NA,NA,NA,NA,NA,NA
1184,0,0.784220278,0.215779692,2022,state,urban/rural,sector_state,0,Ladakh,NA,NA,NA,NA,0,0,0,0,0,1,NA,NA,NA,NA,NA,NA,NA
1185,0.071149245,0.890495598,0.038355157,2022,state,urban/rural,sector_state,0,Ladakh,NA,NA,NA,NA,0,0,0,0,1,0,NA,NA,NA,NA,NA,NA,NA
1186,0.228735551,0.626037121,0.08253482,2022,state,urban/rural,sector_state,0,Ladakh,NA,NA,NA,NA,0,0,0,1,0,0,NA,NA,NA,NA,NA,NA,NA
1187,0.422455162,0.193176955,0.331531167,2022,state,urban/rural,sector_state,0,Ladakh,NA,NA,NA,NA,0,0,1,0,0,0,NA,NA,NA,NA,NA,NA,NA
1188,0.509482563,0.131421804,0.323169827,2022,state,urban/rural,sector_state,0,Ladakh,NA,NA,NA,NA,0,1,0,0,0,0,NA,NA,NA,NA,NA,NA,NA
1189,0.707977057,0.16613996,0.100264378,2022,state,urban/rural,sector_state,0,Ladakh,NA,NA,NA,NA,1,0,0,0,0,0,NA,NA,NA,NA,NA,NA,NA
1190,0,0,0,2022,state,urban/rural,sector_state,0,Ladakh,NA,NA,NA,NA,NA,NA,NA,NA,NA,NA,NA,NA,NA,NA,NA,NA,NA
1191,0.168844461,0.779985666,0,2022,state,urban/rural,sector_state,1,Jammu & Kashmir,NA,NA,NA,NA,0,0,0,0,0,1,NA,NA,NA,NA,NA,NA,NA
1192,0.266795576,0.544383109,0.004640547,2022,state,urban/rural,sector_state,1,Jammu & Kashmir,NA,NA,NA,NA,0,0,0,0,1,0,NA,NA,NA,NA,NA,NA,NA
1193,0.37918967,0.430434108,0.033995386,2022,state,urban/rural,sector_state,1,Jammu & Kashmir,NA,NA,NA,NA,0,0,0,1,0,0,NA,NA,NA,NA,NA,NA,NA
1194,0.509373009,0.281143844,0.114852503,2022,state,urban/rural,sector_state,1,Jammu & Kashmir,NA,NA,NA,NA,0,0,1,0,0,0,NA,NA,NA,NA,NA,NA,NA
1195,0.461018473,0.21500048,0.176570207,2022,state,urban/rural,sector_state,1,Jammu & Kashmir,NA,NA,NA,NA,0,1,0,0,0,0,NA,NA,NA,NA,NA,NA,NA
1196,0.453955173,0.240708128,0.219634324,2022,state,urban/rural,sector_state,1,Jammu & Kashmir,NA,NA,NA,NA,1,0,0,0,0,0,NA,NA,NA,NA,NA,NA,NA
1197,0,0,0,2022,state,urban/rural,sector_state,1,Jammu & Kashmir,NA,NA,NA,NA,NA,NA,NA,NA,NA,NA,NA,NA,NA,NA,NA,NA,NA
1198,0.229987293,0.455203772,0,2022,state,urban/rural,sector_state,1,Himachal Pradesh,NA,NA,NA,NA,0,0,0,0,0,1,NA,NA,NA,NA,NA,NA,NA
1199,0.279076248,0.529524326,0,2022,state,urban/rural,sector_state,1,Himachal Pradesh,NA,NA,NA,NA,0,0,0,0,1,0,NA,NA,NA,NA,NA,NA,NA
1200,0.371570945,0.383629233,0.030293455,2022,state,urban/rural,sector_state,1,Himachal Pradesh,NA,NA,NA,NA,0,0,0,1,0,0,NA,NA,NA,NA,NA,NA,NA
1201,0.26853475,0.476297855,0.081316143,2022,state,urban/rural,sector_state,1,Himachal Pradesh,NA,NA,NA,NA,0,0,1,0,0,0,NA,NA,NA,NA,NA,NA,NA
1202,0.389736682,0.328348339,0.156515568,2022,state,urban/rural,sector_state,1,Himachal Pradesh,NA,NA,NA,NA,0,1,0,0,0,0,NA,NA,NA,NA,NA,NA,NA
1203,0.274520189,0.423216879,0.209175736,2022,state,urban/rural,sector_state,1,Himachal Pradesh,NA,NA,NA,NA,1,0,0,0,0,0,NA,NA,NA,NA,NA,NA,NA
1204,0,0,0,2022,state,urban/rural,sector_state,1,Himachal Pradesh,NA,NA,NA,NA,NA,NA,NA,NA,NA,NA,NA,NA,NA,NA,NA,NA,NA
1205,0.294443399,0.486947715,0.010571152,2022,state,urban/rural,sector_state,1,Punjab,NA,NA,NA,NA,0,0,0,0,0,1,NA,NA,NA,NA,NA,NA,NA
1206,0.441719711,0.32160604,0.029006764,2022,state,urban/rural,sector_state,1,Punjab,NA,NA,NA,NA,0,0,0,0,1,0,NA,NA,NA,NA,NA,NA,NA
1207,0.459009767,0.370423347,0.096565358,2022,state,urban/rural,sector_state,1,Punjab,NA,NA,NA,NA,0,0,0,1,0,0,NA,NA,NA,NA,NA,NA,NA
1208,0.401704669,0.425219566,0.135767505,2022,state,urban/rural,sector_state,1,Punjab,NA,NA,NA,NA,0,0,1,0,0,0,NA,NA,NA,NA,NA,NA,NA
1209,0.423576802,0.307293952,0.21999532,2022,state,urban/rural,sector_state,1,Punjab,NA,NA,NA,NA,0,1,0,0,0,0,NA,NA,NA,NA,NA,NA,NA
1210,0.358363032,0.300859034,0.29694432,2022,state,urban/rural,sector_state,1,Punjab,NA,NA,NA,NA,1,0,0,0,0,0,NA,NA,NA,NA,NA,NA,NA
1211,0,0,0,2022,state,urban/rural,sector_state,1,Punjab,NA,NA,NA,NA,NA,NA,NA,NA,NA,NA,NA,NA,NA,NA,NA,NA,NA
1212,0.279260993,0.598411858,0,2022,state,urban/rural,sector_state,1,Chandigarh,NA,NA,NA,NA,0,0,0,0,0,1,NA,NA,NA,NA,NA,NA,NA
1213,0.254208535,0.549773097,0,2022,state,urban/rural,sector_state,1,Chandigarh,NA,NA,NA,NA,0,0,0,0,1,0,NA,NA,NA,NA,NA,NA,NA
1214,0.384882241,0.406901121,0.040369116,2022,state,urban/rural,sector_state,1,Chandigarh,NA,NA,NA,NA,0,0,0,1,0,0,NA,NA,NA,NA,NA,NA,NA
1215,0.170463726,0.690076232,0.139460057,2022,state,urban/rural,sector_state,1,Chandigarh,NA,NA,NA,NA,0,0,1,0,0,0,NA,NA,NA,NA,NA,NA,NA
1216,0.446532369,0.352584809,0.183550313,2022,state,urban/rural,sector_state,1,Chandigarh,NA,NA,NA,NA,0,1,0,0,0,0,NA,NA,NA,NA,NA,NA,NA
1217,0.25710091,0.321529359,0.406088978,2022,state,urban/rural,sector_state,1,Chandigarh,NA,NA,NA,NA,1,0,0,0,0,0,NA,NA,NA,NA,NA,NA,NA
1218,0,0,0,2022,state,urban/rural,sector_state,1,Chandigarh,NA,NA,NA,NA,NA,NA,NA,NA,NA,NA,NA,NA,NA,NA,NA,NA,NA
1219,0.21116589,0.67306459,0,2022,state,urban/rural,sector_state,1,Uttrakhand,NA,NA,NA,NA,0,0,0,0,0,1,NA,NA,NA,NA,NA,NA,NA
1220,0.268370211,0.632905602,0,2022,state,urban/rural,sector_state,1,Uttrakhand,NA,NA,NA,NA,0,0,0,0,1,0,NA,NA,NA,NA,NA,NA,NA
1221,0.369522393,0.475255311,0.048880715,2022,state,urban/rural,sector_state,1,Uttrakhand,NA,NA,NA,NA,0,0,0,1,0,0,NA,NA,NA,NA,NA,NA,NA
1222,0.34149313,0.480317742,0.09781599,2022,state,urban/rural,sector_state,1,Uttrakhand,NA,NA,NA,NA,0,0,1,0,0,0,NA,NA,NA,NA,NA,NA,NA
1223,0.375555962,0.393241346,0.193250865,2022,state,urban/rural,sector_state,1,Uttrakhand,NA,NA,NA,NA,0,1,0,0,0,0,NA,NA,NA,NA,NA,NA,NA
1224,0.431568742,0.255407125,0.280193478,2022,state,urban/rural,sector_state,1,Uttrakhand,NA,NA,NA,NA,1,0,0,0,0,0,NA,NA,NA,NA,NA,NA,NA
1225,0,0,0,2022,state,urban/rural,sector_state,1,Uttrakhand,NA,NA,NA,NA,NA,NA,NA,NA,NA,NA,NA,NA,NA,NA,NA,NA,NA
1226,0.20961605,0.698584676,0.007283385,2022,state,urban/rural,sector_state,1,Haryana,NA,NA,NA,NA,0,0,0,0,0,1,NA,NA,NA,NA,NA,NA,NA
1227,0.351534694,0.559876442,0.024326716,2022,state,urban/rural,sector_state,1,Haryana,NA,NA,NA,NA,0,0,0,0,1,0,NA,NA,NA,NA,NA,NA,NA
1228,0.397599101,0.44628486,0.09627378,2022,state,urban/rural,sector_state,1,Haryana,NA,NA,NA,NA,0,0,0,1,0,0,NA,NA,NA,NA,NA,NA,NA
1229,0.356881946,0.442643017,0.145266876,2022,state,urban/rural,sector_state,1,Haryana,NA,NA,NA,NA,0,0,1,0,0,0,NA,NA,NA,NA,NA,NA,NA
1230,0.439924568,0.370238453,0.158468843,2022,state,urban/rural,sector_state,1,Haryana,NA,NA,NA,NA,0,1,0,0,0,0,NA,NA,NA,NA,NA,NA,NA
1231,0.374953419,0.379537165,0.217345878,2022,state,urban/rural,sector_state,1,Haryana,NA,NA,NA,NA,1,0,0,0,0,0,NA,NA,NA,NA,NA,NA,NA
1232,0,0,0,2022,state,urban/rural,sector_state,1,Haryana,NA,NA,NA,NA,NA,NA,NA,NA,NA,NA,NA,NA,NA,NA,NA,NA,NA
1233,0.325670362,0.545804322,0,2022,state,urban/rural,sector_state,1,Delhi,NA,NA,NA,NA,0,0,0,0,0,1,NA,NA,NA,NA,NA,NA,NA
1234,0.332322806,0.54707551,0.015382562,2022,state,urban/rural,sector_state,1,Delhi,NA,NA,NA,NA,0,0,0,0,1,0,NA,NA,NA,NA,NA,NA,NA
1235,0.391813874,0.448825985,0.060726736,2022,state,urban/rural,sector_state,1,Delhi,NA,NA,NA,NA,0,0,0,1,0,0,NA,NA,NA,NA,NA,NA,NA
1236,0.350600958,0.447905719,0.14031224,2022,state,urban/rural,sector_state,1,Delhi,NA,NA,NA,NA,0,0,1,0,0,0,NA,NA,NA,NA,NA,NA,NA
1237,0.248808712,0.442484915,0.236806899,2022,state,urban/rural,sector_state,1,Delhi,NA,NA,NA,NA,0,1,0,0,0,0,NA,NA,NA,NA,NA,NA,NA
1238,0.457373708,0.266381025,0.184574321,2022,state,urban/rural,sector_state,1,Delhi,NA,NA,NA,NA,1,0,0,0,0,0,NA,NA,NA,NA,NA,NA,NA
1239,0,0,0,2022,state,urban/rural,sector_state,1,Delhi,NA,NA,NA,NA,NA,NA,NA,NA,NA,NA,NA,NA,NA,NA,NA,NA,NA
1240,0.272879362,0.611800432,0.006103639,2022,state,urban/rural,sector_state,1,Rajasthan,NA,NA,NA,NA,0,0,0,0,0,1,NA,NA,NA,NA,NA,NA,NA
1241,0.365732223,0.500475645,0.024796447,2022,state,urban/rural,sector_state,1,Rajasthan,NA,NA,NA,NA,0,0,0,0,1,0,NA,NA,NA,NA,NA,NA,NA
1242,0.526171684,0.344138384,0.064373419,2022,state,urban/rural,sector_state,1,Rajasthan,NA,NA,NA,NA,0,0,0,1,0,0,NA,NA,NA,NA,NA,NA,NA
1243,0.426828921,0.323925048,0.197611064,2022,state,urban/rural,sector_state,1,Rajasthan,NA,NA,NA,NA,0,0,1,0,0,0,NA,NA,NA,NA,NA,NA,NA
1244,0.433770061,0.273811251,0.260199815,2022,state,urban/rural,sector_state,1,Rajasthan,NA,NA,NA,NA,0,1,0,0,0,0,NA,NA,NA,NA,NA,NA,NA
1245,0.400106281,0.251828492,0.296471566,2022,state,urban/rural,sector_state,1,Rajasthan,NA,NA,NA,NA,1,0,0,0,0,0,NA,NA,NA,NA,NA,NA,NA
1246,0,0,0,2022,state,urban/rural,sector_state,1,Rajasthan,NA,NA,NA,NA,NA,NA,NA,NA,NA,NA,NA,NA,NA,NA,NA,NA,NA
1247,0.318214387,0.553054571,0.016854415,2022,state,urban/rural,sector_state,1,Uttar Pradesh,NA,NA,NA,NA,0,0,0,0,0,1,NA,NA,NA,NA,NA,NA,NA
1248,0.415881872,0.441713184,0.024257809,2022,state,urban/rural,sector_state,1,Uttar Pradesh,NA,NA,NA,NA,0,0,0,0,1,0,NA,NA,NA,NA,NA,NA,NA
1249,0.482109338,0.338273138,0.100922629,2022,state,urban/rural,sector_state,1,Uttar Pradesh,NA,NA,NA,NA,0,0,0,1,0,0,NA,NA,NA,NA,NA,NA,NA
1250,0.45834887,0.308181733,0.185132623,2022,state,urban/rural,sector_state,1,Uttar Pradesh,NA,NA,NA,NA,0,0,1,0,0,0,NA,NA,NA,NA,NA,NA,NA
1251,0.506198525,0.246214271,0.212946996,2022,state,urban/rural,sector_state,1,Uttar Pradesh,NA,NA,NA,NA,0,1,0,0,0,0,NA,NA,NA,NA,NA,NA,NA
1252,0.448832154,0.241748065,0.262730777,2022,state,urban/rural,sector_state,1,Uttar Pradesh,NA,NA,NA,NA,1,0,0,0,0,0,NA,NA,NA,NA,NA,NA,NA
1253,0,0,0,2022,state,urban/rural,sector_state,1,Uttar Pradesh,NA,NA,NA,NA,NA,NA,NA,NA,NA,NA,NA,NA,NA,NA,NA,NA,NA
1254,0.478087395,0.414406896,0,2022,state,urban/rural,sector_state,1,Bihar,NA,NA,NA,NA,0,0,0,0,0,1,NA,NA,NA,NA,NA,NA,NA
1255,0.42716524,0.424675941,0.041471437,2022,state,urban/rural,sector_state,1,Bihar,NA,NA,NA,NA,0,0,0,0,1,0,NA,NA,NA,NA,NA,NA,NA
1256,0.527657866,0.276234269,0.108287156,2022,state,urban/rural,sector_state,1,Bihar,NA,NA,NA,NA,0,0,0,1,0,0,NA,NA,NA,NA,NA,NA,NA
1257,0.474598467,0.257009506,0.245253429,2022,state,urban/rural,sector_state,1,Bihar,NA,NA,NA,NA,0,0,1,0,0,0,NA,NA,NA,NA,NA,NA,NA
1258,0.437671602,0.213142082,0.328459948,2022,state,urban/rural,sector_state,1,Bihar,NA,NA,NA,NA,0,1,0,0,0,0,NA,NA,NA,NA,NA,NA,NA
1259,0.401828855,0.222634703,0.342279971,2022,state,urban/rural,sector_state,1,Bihar,NA,NA,NA,NA,1,0,0,0,0,0,NA,NA,NA,NA,NA,NA,NA
1260,0,0,0,2022,state,urban/rural,sector_state,1,Bihar,NA,NA,NA,NA,NA,NA,NA,NA,NA,NA,NA,NA,NA,NA,NA,NA,NA
1261,0,0.916760683,0,2022,state,urban/rural,sector_state,1,Sikkim,NA,NA,NA,NA,0,0,0,0,0,1,NA,NA,NA,NA,NA,NA,NA
1262,0.131061628,0.730923891,0.005420341,2022,state,urban/rural,sector_state,1,Sikkim,NA,NA,NA,NA,0,0,0,0,1,0,NA,NA,NA,NA,NA,NA,NA
1263,0.423326552,0.465190232,0.037141319,2022,state,urban/rural,sector_state,1,Sikkim,NA,NA,NA,NA,0,0,0,1,0,0,NA,NA,NA,NA,NA,NA,NA
1264,0.45661667,0.378161609,0.161517635,2022,state,urban/rural,sector_state,1,Sikkim,NA,NA,NA,NA,0,0,1,0,0,0,NA,NA,NA,NA,NA,NA,NA
1265,0.587804019,0.284826487,0.115347385,2022,state,urban/rural,sector_state,1,Sikkim,NA,NA,NA,NA,0,1,0,0,0,0,NA,NA,NA,NA,NA,NA,NA
1266,0.413991719,0.414924562,0.133348867,2022,state,urban/rural,sector_state,1,Sikkim,NA,NA,NA,NA,1,0,0,0,0,0,NA,NA,NA,NA,NA,NA,NA
1267,0,0,0,2022,state,urban/rural,sector_state,1,Sikkim,NA,NA,NA,NA,NA,NA,NA,NA,NA,NA,NA,NA,NA,NA,NA,NA,NA
1268,0.026933128,0.911337972,0,2022,state,urban/rural,sector_state,1,Arunachal Pradesh,NA,NA,NA,NA,0,0,0,0,0,1,NA,NA,NA,NA,NA,NA,NA
1269,0.238528088,0.683867693,0.003041889,2022,state,urban/rural,sector_state,1,Arunachal Pradesh,NA,NA,NA,NA,0,0,0,0,1,0,NA,NA,NA,NA,NA,NA,NA
1270,0.41275996,0.498625159,0.017037014,2022,state,urban/rural,sector_state,1,Arunachal Pradesh,NA,NA,NA,NA,0,0,0,1,0,0,NA,NA,NA,NA,NA,NA,NA
1271,0.506933153,0.412829131,0.057844631,2022,state,urban/rural,sector_state,1,Arunachal Pradesh,NA,NA,NA,NA,0,0,1,0,0,0,NA,NA,NA,NA,NA,NA,NA
1272,0.405404896,0.455872595,0.100901268,2022,state,urban/rural,sector_state,1,Arunachal Pradesh,NA,NA,NA,NA,0,1,0,0,0,0,NA,NA,NA,NA,NA,NA,NA
1273,0.529583991,0.295047641,0.138863117,2022,state,urban/rural,sector_state,1,Arunachal Pradesh,NA,NA,NA,NA,1,0,0,0,0,0,NA,NA,NA,NA,NA,NA,NA
1274,0,0,0,2022,state,urban/rural,sector_state,1,Arunachal Pradesh,NA,NA,NA,NA,NA,NA,NA,NA,NA,NA,NA,NA,NA,NA,NA,NA,NA
1275,0.056069259,0.863425255,0,2022,state,urban/rural,sector_state,1,Nagaland,NA,NA,NA,NA,0,0,0,0,0,1,NA,NA,NA,NA,NA,NA,NA
1276,0.252605081,0.669602931,0.016246261,2022,state,urban/rural,sector_state,1,Nagaland,NA,NA,NA,NA,0,0,0,0,1,0,NA,NA,NA,NA,NA,NA,NA
1277,0.326432437,0.529052734,0.042082533,2022,state,urban/rural,sector_state,1,Nagaland,NA,NA,NA,NA,0,0,0,1,0,0,NA,NA,NA,NA,NA,NA,NA
1278,0.430391937,0.39583537,0.109814242,2022,state,urban/rural,sector_state,1,Nagaland,NA,NA,NA,NA,0,0,1,0,0,0,NA,NA,NA,NA,NA,NA,NA
1279,0.521138966,0.310365111,0.112648383,2022,state,urban/rural,sector_state,1,Nagaland,NA,NA,NA,NA,0,1,0,0,0,0,NA,NA,NA,NA,NA,NA,NA
1280,0.549249172,0.263602912,0.124012142,2022,state,urban/rural,sector_state,1,Nagaland,NA,NA,NA,NA,1,0,0,0,0,0,NA,NA,NA,NA,NA,NA,NA
1281,0,0,0,2022,state,urban/rural,sector_state,1,Nagaland,NA,NA,NA,NA,NA,NA,NA,NA,NA,NA,NA,NA,NA,NA,NA,NA,NA
1282,0.230883718,0.612549484,0.023207989,2022,state,urban/rural,sector_state,1,Manipur,NA,NA,NA,NA,0,0,0,0,0,1,NA,NA,NA,NA,NA,NA,NA
1283,0.369529217,0.46818912,0.068385832,2022,state,urban/rural,sector_state,1,Manipur,NA,NA,NA,NA,0,0,0,0,1,0,NA,NA,NA,NA,NA,NA,NA
1284,0.500023603,0.316535622,0.134108216,2022,state,urban/rural,sector_state,1,Manipur,NA,NA,NA,NA,0,0,0,1,0,0,NA,NA,NA,NA,NA,NA,NA
1285,0.398825735,0.341016024,0.210863277,2022,state,urban/rural,sector_state,1,Manipur,NA,NA,NA,NA,0,0,1,0,0,0,NA,NA,NA,NA,NA,NA,NA
1286,0.549732924,0.219688818,0.185095996,2022,state,urban/rural,sector_state,1,Manipur,NA,NA,NA,NA,0,1,0,0,0,0,NA,NA,NA,NA,NA,NA,NA
1287,0.561806619,0.257187068,0.133175939,2022,state,urban/rural,sector_state,1,Manipur,NA,NA,NA,NA,1,0,0,0,0,0,NA,NA,NA,NA,NA,NA,NA
1288,0,0,0,2022,state,urban/rural,sector_state,1,Manipur,NA,NA,NA,NA,NA,NA,NA,NA,NA,NA,NA,NA,NA,NA,NA,NA,NA
1289,0.164569601,0.806572914,0.014656163,2022,state,urban/rural,sector_state,1,Mizoram,NA,NA,NA,NA,0,0,0,0,0,1,NA,NA,NA,NA,NA,NA,NA
1290,0.250230074,0.665523946,0.0104624,2022,state,urban/rural,sector_state,1,Mizoram,NA,NA,NA,NA,0,0,0,0,1,0,NA,NA,NA,NA,NA,NA,NA
1291,0.443190396,0.41168499,0.090084933,2022,state,urban/rural,sector_state,1,Mizoram,NA,NA,NA,NA,0,0,0,1,0,0,NA,NA,NA,NA,NA,NA,NA
1292,0.436735123,0.369508624,0.12394686,2022,state,urban/rural,sector_state,1,Mizoram,NA,NA,NA,NA,0,0,1,0,0,0,NA,NA,NA,NA,NA,NA,NA
1293,0.549680233,0.326666683,0.066223226,2022,state,urban/rural,sector_state,1,Mizoram,NA,NA,NA,NA,0,1,0,0,0,0,NA,NA,NA,NA,NA,NA,NA
1294,0.409730494,0.322113425,0.179775283,2022,state,urban/rural,sector_state,1,Mizoram,NA,NA,NA,NA,1,0,0,0,0,0,NA,NA,NA,NA,NA,NA,NA
1295,0,0,0,2022,state,urban/rural,sector_state,1,Mizoram,NA,NA,NA,NA,NA,NA,NA,NA,NA,NA,NA,NA,NA,NA,NA,NA,NA
1296,0.24762477,0.680712938,0,2022,state,urban/rural,sector_state,1,Tripura,NA,NA,NA,NA,0,0,0,0,0,1,NA,NA,NA,NA,NA,NA,NA
1297,0.278980702,0.459594041,0.015585778,2022,state,urban/rural,sector_state,1,Tripura,NA,NA,NA,NA,0,0,0,0,1,0,NA,NA,NA,NA,NA,NA,NA
1298,0.432263076,0.361130416,0.072144642,2022,state,urban/rural,sector_state,1,Tripura,NA,NA,NA,NA,0,0,0,1,0,0,NA,NA,NA,NA,NA,NA,NA
1299,0.497609138,0.24701713,0.194871157,2022,state,urban/rural,sector_state,1,Tripura,NA,NA,NA,NA,0,0,1,0,0,0,NA,NA,NA,NA,NA,NA,NA
1300,0.505225003,0.171131864,0.290805727,2022,state,urban/rural,sector_state,1,Tripura,NA,NA,NA,NA,0,1,0,0,0,0,NA,NA,NA,NA,NA,NA,NA
1301,0.460504442,0.189304203,0.307678521,2022,state,urban/rural,sector_state,1,Tripura,NA,NA,NA,NA,1,0,0,0,0,0,NA,NA,NA,NA,NA,NA,NA
1302,0,0,0,2022,state,urban/rural,sector_state,1,Tripura,NA,NA,NA,NA,NA,NA,NA,NA,NA,NA,NA,NA,NA,NA,NA,NA,NA
1303,0.148340687,0.851659298,0,2022,state,urban/rural,sector_state,1,Meghalaya,NA,NA,NA,NA,0,0,0,0,0,1,NA,NA,NA,NA,NA,NA,NA
1304,0.289466351,0.677733481,0.0159175,2022,state,urban/rural,sector_state,1,Meghalaya,NA,NA,NA,NA,0,0,0,0,1,0,NA,NA,NA,NA,NA,NA,NA
1305,0.335280746,0.510532856,0.119718134,2022,state,urban/rural,sector_state,1,Meghalaya,NA,NA,NA,NA,0,0,0,1,0,0,NA,NA,NA,NA,NA,NA,NA
1306,0.449774683,0.360306561,0.176816359,2022,state,urban/rural,sector_state,1,Meghalaya,NA,NA,NA,NA,0,0,1,0,0,0,NA,NA,NA,NA,NA,NA,NA
1307,0.425228059,0.270836115,0.280545145,2022,state,urban/rural,sector_state,1,Meghalaya,NA,NA,NA,NA,0,1,0,0,0,0,NA,NA,NA,NA,NA,NA,NA
1308,0.414249539,0.231117994,0.335077018,2022,state,urban/rural,sector_state,1,Meghalaya,NA,NA,NA,NA,1,0,0,0,0,0,NA,NA,NA,NA,NA,NA,NA
1309,0,0,0,2022,state,urban/rural,sector_state,1,Meghalaya,NA,NA,NA,NA,NA,NA,NA,NA,NA,NA,NA,NA,NA,NA,NA,NA,NA
1310,0.208095759,0.707872629,0,2022,state,urban/rural,sector_state,1,Assam,NA,NA,NA,NA,0,0,0,0,0,1,NA,NA,NA,NA,NA,NA,NA
1311,0.309206218,0.534590542,0.014918424,2022,state,urban/rural,sector_state,1,Assam,NA,NA,NA,NA,0,0,0,0,1,0,NA,NA,NA,NA,NA,NA,NA
1312,0.536193013,0.305753857,0.052167561,2022,state,urban/rural,sector_state,1,Assam,NA,NA,NA,NA,0,0,0,1,0,0,NA,NA,NA,NA,NA,NA,NA
1313,0.46895498,0.310035855,0.14919205,2022,state,urban/rural,sector_state,1,Assam,NA,NA,NA,NA,0,0,1,0,0,0,NA,NA,NA,NA,NA,NA,NA
1314,0.502140224,0.293308556,0.177978039,2022,state,urban/rural,sector_state,1,Assam,NA,NA,NA,NA,0,1,0,0,0,0,NA,NA,NA,NA,NA,NA,NA
1315,0.425726622,0.29396534,0.254200697,2022,state,urban/rural,sector_state,1,Assam,NA,NA,NA,NA,1,0,0,0,0,0,NA,NA,NA,NA,NA,NA,NA
1316,0,0,0,2022,state,urban/rural,sector_state,1,Assam,NA,NA,NA,NA,NA,NA,NA,NA,NA,NA,NA,NA,NA,NA,NA,NA,NA
1317,0.302048683,0.567046702,0.001997431,2022,state,urban/rural,sector_state,1,West Bengal,NA,NA,NA,NA,0,0,0,0,0,1,NA,NA,NA,NA,NA,NA,NA
1318,0.363256097,0.463708311,0.015217339,2022,state,urban/rural,sector_state,1,West Bengal,NA,NA,NA,NA,0,0,0,0,1,0,NA,NA,NA,NA,NA,NA,NA
1319,0.434744209,0.398295552,0.073242955,2022,state,urban/rural,sector_state,1,West Bengal,NA,NA,NA,NA,0,0,0,1,0,0,NA,NA,NA,NA,NA,NA,NA
1320,0.43382439,0.347475857,0.165424123,2022,state,urban/rural,sector_state,1,West Bengal,NA,NA,NA,NA,0,0,1,0,0,0,NA,NA,NA,NA,NA,NA,NA
1321,0.409638166,0.316801041,0.237754449,2022,state,urban/rural,sector_state,1,West Bengal,NA,NA,NA,NA,0,1,0,0,0,0,NA,NA,NA,NA,NA,NA,NA
1322,0.340169132,0.307898015,0.308921129,2022,state,urban/rural,sector_state,1,West Bengal,NA,NA,NA,NA,1,0,0,0,0,0,NA,NA,NA,NA,NA,NA,NA
1323,0,0,0,2022,state,urban/rural,sector_state,1,West Bengal,NA,NA,NA,NA,NA,NA,NA,NA,NA,NA,NA,NA,NA,NA,NA,NA,NA
1324,0.215448678,0.634289443,0,2022,state,urban/rural,sector_state,1,Jharkhand,NA,NA,NA,NA,0,0,0,0,0,1,NA,NA,NA,NA,NA,NA,NA
1325,0.371593565,0.52017504,0.014510743,2022,state,urban/rural,sector_state,1,Jharkhand,NA,NA,NA,NA,0,0,0,0,1,0,NA,NA,NA,NA,NA,NA,NA
1326,0.317379862,0.482783824,0.079777598,2022,state,urban/rural,sector_state,1,Jharkhand,NA,NA,NA,NA,0,0,0,1,0,0,NA,NA,NA,NA,NA,NA,NA
1327,0.458874017,0.341445744,0.138371751,2022,state,urban/rural,sector_state,1,Jharkhand,NA,NA,NA,NA,0,0,1,0,0,0,NA,NA,NA,NA,NA,NA,NA
1328,0.262072146,0.40513438,0.244642079,2022,state,urban/rural,sector_state,1,Jharkhand,NA,NA,NA,NA,0,1,0,0,0,0,NA,NA,NA,NA,NA,NA,NA
1329,0.321066201,0.339944541,0.262228757,2022,state,urban/rural,sector_state,1,Jharkhand,NA,NA,NA,NA,1,0,0,0,0,0,NA,NA,NA,NA,NA,NA,NA
1330,0,0,0,2022,state,urban/rural,sector_state,1,Jharkhand,NA,NA,NA,NA,NA,NA,NA,NA,NA,NA,NA,NA,NA,NA,NA,NA,NA
1331,0.398772866,0.542900503,0,2022,state,urban/rural,sector_state,1,Odisha,NA,NA,NA,NA,0,0,0,0,0,1,NA,NA,NA,NA,NA,NA,NA
1332,0.321823746,0.577050328,0.011028441,2022,state,urban/rural,sector_state,1,Odisha,NA,NA,NA,NA,0,0,0,0,1,0,NA,NA,NA,NA,NA,NA,NA
1333,0.423303217,0.435376883,0.053799793,2022,state,urban/rural,sector_state,1,Odisha,NA,NA,NA,NA,0,0,0,1,0,0,NA,NA,NA,NA,NA,NA,NA
1334,0.462788314,0.350024015,0.148005813,2022,state,urban/rural,sector_state,1,Odisha,NA,NA,NA,NA,0,0,1,0,0,0,NA,NA,NA,NA,NA,NA,NA
1335,0.451925486,0.249367252,0.241123497,2022,state,urban/rural,sector_state,1,Odisha,NA,NA,NA,NA,0,1,0,0,0,0,NA,NA,NA,NA,NA,NA,NA
1336,0.364328831,0.211810976,0.368043303,2022,state,urban/rural,sector_state,1,Odisha,NA,NA,NA,NA,1,0,0,0,0,0,NA,NA,NA,NA,NA,NA,NA
1337,0,0,0,2022,state,urban/rural,sector_state,1,Odisha,NA,NA,NA,NA,NA,NA,NA,NA,NA,NA,NA,NA,NA,NA,NA,NA,NA
1338,0.301375806,0.616042793,0.06343542,2022,state,urban/rural,sector_state,1,Chhattisgarh,NA,NA,NA,NA,0,0,0,0,0,1,NA,NA,NA,NA,NA,NA,NA
1339,0.318805546,0.6054914,0.010243416,2022,state,urban/rural,sector_state,1,Chhattisgarh,NA,NA,NA,NA,0,0,0,0,1,0,NA,NA,NA,NA,NA,NA,NA
1340,0.342283517,0.529099345,0.086605184,2022,state,urban/rural,sector_state,1,Chhattisgarh,NA,NA,NA,NA,0,0,0,1,0,0,NA,NA,NA,NA,NA,NA,NA
1341,0.390892059,0.461145431,0.097320974,2022,state,urban/rural,sector_state,1,Chhattisgarh,NA,NA,NA,NA,0,0,1,0,0,0,NA,NA,NA,NA,NA,NA,NA
1342,0.384189159,0.380996704,0.198332727,2022,state,urban/rural,sector_state,1,Chhattisgarh,NA,NA,NA,NA,0,1,0,0,0,0,NA,NA,NA,NA,NA,NA,NA
1343,0.298207253,0.277295977,0.369462311,2022,state,urban/rural,sector_state,1,Chhattisgarh,NA,NA,NA,NA,1,0,0,0,0,0,NA,NA,NA,NA,NA,NA,NA
1344,0,0,0,2022,state,urban/rural,sector_state,1,Chhattisgarh,NA,NA,NA,NA,NA,NA,NA,NA,NA,NA,NA,NA,NA,NA,NA,NA,NA
1345,0.32210502,0.576709569,0.020705005,2022,state,urban/rural,sector_state,1,Madhya Pradesh,NA,NA,NA,NA,0,0,0,0,0,1,NA,NA,NA,NA,NA,NA,NA
1346,0.375349939,0.496589631,0.036452949,2022,state,urban/rural,sector_state,1,Madhya Pradesh,NA,NA,NA,NA,0,0,0,0,1,0,NA,NA,NA,NA,NA,NA,NA
1347,0.445379853,0.365086794,0.108366653,2022,state,urban/rural,sector_state,1,Madhya Pradesh,NA,NA,NA,NA,0,0,0,1,0,0,NA,NA,NA,NA,NA,NA,NA
1348,0.465439618,0.266437799,0.225042,2022,state,urban/rural,sector_state,1,Madhya Pradesh,NA,NA,NA,NA,0,0,1,0,0,0,NA,NA,NA,NA,NA,NA,NA
1349,0.476765573,0.22848399,0.27122575,2022,state,urban/rural,sector_state,1,Madhya Pradesh,NA,NA,NA,NA,0,1,0,0,0,0,NA,NA,NA,NA,NA,NA,NA
1350,0.40896067,0.232776016,0.321689546,2022,state,urban/rural,sector_state,1,Madhya Pradesh,NA,NA,NA,NA,1,0,0,0,0,0,NA,NA,NA,NA,NA,NA,NA
1351,0,0,0,2022,state,urban/rural,sector_state,1,Madhya Pradesh,NA,NA,NA,NA,NA,NA,NA,NA,NA,NA,NA,NA,NA,NA,NA,NA,NA
1352,0.372230649,0.564096928,0.003747422,2022,state,urban/rural,sector_state,1,Gujarat,NA,NA,NA,NA,0,0,0,0,0,1,NA,NA,NA,NA,NA,NA,NA
1353,0.427661747,0.501658916,0.005760792,2022,state,urban/rural,sector_state,1,Gujarat,NA,NA,NA,NA,0,0,0,0,1,0,NA,NA,NA,NA,NA,NA,NA
1354,0.403403372,0.487944961,0.062924333,2022,state,urban/rural,sector_state,1,Gujarat,NA,NA,NA,NA,0,0,0,1,0,0,NA,NA,NA,NA,NA,NA,NA
1355,0.383712232,0.446633786,0.147579893,2022,state,urban/rural,sector_state,1,Gujarat,NA,NA,NA,NA,0,0,1,0,0,0,NA,NA,NA,NA,NA,NA,NA
1356,0.416389048,0.365201741,0.192850187,2022,state,urban/rural,sector_state,1,Gujarat,NA,NA,NA,NA,0,1,0,0,0,0,NA,NA,NA,NA,NA,NA,NA
1357,0.387088835,0.346853584,0.238533154,2022,state,urban/rural,sector_state,1,Gujarat,NA,NA,NA,NA,1,0,0,0,0,0,NA,NA,NA,NA,NA,NA,NA
1358,0,0,0,2022,state,urban/rural,sector_state,1,Gujarat,NA,NA,NA,NA,NA,NA,NA,NA,NA,NA,NA,NA,NA,NA,NA,NA,NA
1359,0.233811945,0.698760152,0,2022,state,urban/rural,sector_state,1,Daman & Diu & D & N Haveli,NA,NA,NA,NA,0,0,0,0,0,1,NA,NA,NA,NA,NA,NA,NA
1360,0.120651871,0.872771263,0,2022,state,urban/rural,sector_state,1,Daman & Diu & D & N Haveli,NA,NA,NA,NA,0,0,0,0,1,0,NA,NA,NA,NA,NA,NA,NA
1361,0.106068321,0.847265244,0.038460035,2022,state,urban/rural,sector_state,1,Daman & Diu & D & N Haveli,NA,NA,NA,NA,0,0,0,1,0,0,NA,NA,NA,NA,NA,NA,NA
1362,0.167782828,0.802118421,0.019331474,2022,state,urban/rural,sector_state,1,Daman & Diu & D & N Haveli,NA,NA,NA,NA,0,0,1,0,0,0,NA,NA,NA,NA,NA,NA,NA
1363,0.195646793,0.738907576,0.048501581,2022,state,urban/rural,sector_state,1,Daman & Diu & D & N Haveli,NA,NA,NA,NA,0,1,0,0,0,0,NA,NA,NA,NA,NA,NA,NA
1364,0.227036312,0.702926278,0.02480809,2022,state,urban/rural,sector_state,1,Daman & Diu & D & N Haveli,NA,NA,NA,NA,1,0,0,0,0,0,NA,NA,NA,NA,NA,NA,NA
1365,0,0,0,2022,state,urban/rural,sector_state,1,Daman & Diu & D & N Haveli,NA,NA,NA,NA,NA,NA,NA,NA,NA,NA,NA,NA,NA,NA,NA,NA,NA
1366,0.222546235,0.627504826,0.004474289,2022,state,urban/rural,sector_state,1,Maharashtra,NA,NA,NA,NA,0,0,0,0,0,1,NA,NA,NA,NA,NA,NA,NA
1367,0.284934103,0.599957824,0.024044866,2022,state,urban/rural,sector_state,1,Maharashtra,NA,NA,NA,NA,0,0,0,0,1,0,NA,NA,NA,NA,NA,NA,NA
1368,0.37390238,0.478407621,0.08064273,2022,state,urban/rural,sector_state,1,Maharashtra,NA,NA,NA,NA,0,0,0,1,0,0,NA,NA,NA,NA,NA,NA,NA
1369,0.36892575,0.41350317,0.156037733,2022,state,urban/rural,sector_state,1,Maharashtra,NA,NA,NA,NA,0,0,1,0,0,0,NA,NA,NA,NA,NA,NA,NA
1370,0.380028099,0.36844632,0.192247927,2022,state,urban/rural,sector_state,1,Maharashtra,NA,NA,NA,NA,0,1,0,0,0,0,NA,NA,NA,NA,NA,NA,NA
1371,0.328382581,0.331002742,0.289681226,2022,state,urban/rural,sector_state,1,Maharashtra,NA,NA,NA,NA,1,0,0,0,0,0,NA,NA,NA,NA,NA,NA,NA
1372,0,0,0,2022,state,urban/rural,sector_state,1,Maharashtra,NA,NA,NA,NA,NA,NA,NA,NA,NA,NA,NA,NA,NA,NA,NA,NA,NA
1373,0.308036804,0.606978774,0.012390632,2022,state,urban/rural,sector_state,1,Andhra Pradesh,NA,NA,NA,NA,0,0,0,0,0,1,NA,NA,NA,NA,NA,NA,NA
1374,0.260507524,0.591617644,0.036259726,2022,state,urban/rural,sector_state,1,Andhra Pradesh,NA,NA,NA,NA,0,0,0,0,1,0,NA,NA,NA,NA,NA,NA,NA
1375,0.384672731,0.328933299,0.142582402,2022,state,urban/rural,sector_state,1,Andhra Pradesh,NA,NA,NA,NA,0,0,0,1,0,0,NA,NA,NA,NA,NA,NA,NA
1376,0.313908637,0.296637148,0.219000697,2022,state,urban/rural,sector_state,1,Andhra Pradesh,NA,NA,NA,NA,0,0,1,0,0,0,NA,NA,NA,NA,NA,NA,NA
1377,0.345013678,0.354777604,0.219341204,2022,state,urban/rural,sector_state,1,Andhra Pradesh,NA,NA,NA,NA,0,1,0,0,0,0,NA,NA,NA,NA,NA,NA,NA
1378,0.387722969,0.288938433,0.249641597,2022,state,urban/rural,sector_state,1,Andhra Pradesh,NA,NA,NA,NA,1,0,0,0,0,0,NA,NA,NA,NA,NA,NA,NA
1379,0,0,0,2022,state,urban/rural,sector_state,1,Andhra Pradesh,NA,NA,NA,NA,NA,NA,NA,NA,NA,NA,NA,NA,NA,NA,NA,NA,NA
1380,0.18668057,0.711678326,0.005023771,2022,state,urban/rural,sector_state,1,Karnataka,NA,NA,NA,NA,0,0,0,0,0,1,NA,NA,NA,NA,NA,NA,NA
1381,0.263207674,0.632418513,0.019486422,2022,state,urban/rural,sector_state,1,Karnataka,NA,NA,NA,NA,0,0,0,0,1,0,NA,NA,NA,NA,NA,NA,NA
1382,0.376000375,0.421706349,0.09192872,2022,state,urban/rural,sector_state,1,Karnataka,NA,NA,NA,NA,0,0,0,1,0,0,NA,NA,NA,NA,NA,NA,NA
1383,0.438254803,0.375466019,0.138161451,2022,state,urban/rural,sector_state,1,Karnataka,NA,NA,NA,NA,0,0,1,0,0,0,NA,NA,NA,NA,NA,NA,NA
1384,0.431580484,0.314880848,0.216083035,2022,state,urban/rural,sector_state,1,Karnataka,NA,NA,NA,NA,0,1,0,0,0,0,NA,NA,NA,NA,NA,NA,NA
1385,0.367663145,0.281312168,0.313759238,2022,state,urban/rural,sector_state,1,Karnataka,NA,NA,NA,NA,1,0,0,0,0,0,NA,NA,NA,NA,NA,NA,NA
1386,0,0,0,2022,state,urban/rural,sector_state,1,Karnataka,NA,NA,NA,NA,NA,NA,NA,NA,NA,NA,NA,NA,NA,NA,NA,NA,NA
1387,0.072873212,0.899852514,0,2022,state,urban/rural,sector_state,1,Goa,NA,NA,NA,NA,0,0,0,0,0,1,NA,NA,NA,NA,NA,NA,NA
1388,0.241300568,0.602803648,0.059432115,2022,state,urban/rural,sector_state,1,Goa,NA,NA,NA,NA,0,0,0,0,1,0,NA,NA,NA,NA,NA,NA,NA
1389,0.287743747,0.564484894,0.013561069,2022,state,urban/rural,sector_state,1,Goa,NA,NA,NA,NA,0,0,0,1,0,0,NA,NA,NA,NA,NA,NA,NA
1390,0.286490142,0.598721862,0.107499786,2022,state,urban/rural,sector_state,1,Goa,NA,NA,NA,NA,0,0,1,0,0,0,NA,NA,NA,NA,NA,NA,NA
1391,0.32632339,0.467951924,0.126424819,2022,state,urban/rural,sector_state,1,Goa,NA,NA,NA,NA,0,1,0,0,0,0,NA,NA,NA,NA,NA,NA,NA
1392,0.160318419,0.558010578,0.165141597,2022,state,urban/rural,sector_state,1,Goa,NA,NA,NA,NA,1,0,0,0,0,0,NA,NA,NA,NA,NA,NA,NA
1393,0,0,0,2022,state,urban/rural,sector_state,1,Goa,NA,NA,NA,NA,NA,NA,NA,NA,NA,NA,NA,NA,NA,NA,NA,NA,NA
1394,0.20810543,0.539164186,0,2022,state,urban/rural,sector_state,1,Lakshadweep,NA,NA,NA,NA,0,0,0,0,0,1,NA,NA,NA,NA,NA,NA,NA
1395,0.146371409,0.724744022,0.01161304,2022,state,urban/rural,sector_state,1,Lakshadweep,NA,NA,NA,NA,0,0,0,0,1,0,NA,NA,NA,NA,NA,NA,NA
1396,0.41701144,0.294651926,0.177898914,2022,state,urban/rural,sector_state,1,Lakshadweep,NA,NA,NA,NA,0,0,0,1,0,0,NA,NA,NA,NA,NA,NA,NA
1397,0.362307429,0.269074678,0.295424819,2022,state,urban/rural,sector_state,1,Lakshadweep,NA,NA,NA,NA,0,0,1,0,0,0,NA,NA,NA,NA,NA,NA,NA
1398,0.438090593,0.284182429,0.149552971,2022,state,urban/rural,sector_state,1,Lakshadweep,NA,NA,NA,NA,0,1,0,0,0,0,NA,NA,NA,NA,NA,NA,NA
1399,0.435560822,0.235436261,0.225028336,2022,state,urban/rural,sector_state,1,Lakshadweep,NA,NA,NA,NA,1,0,0,0,0,0,NA,NA,NA,NA,NA,NA,NA
1400,0,0,0,2022,state,urban/rural,sector_state,1,Lakshadweep,NA,NA,NA,NA,NA,NA,NA,NA,NA,NA,NA,NA,NA,NA,NA,NA,NA
1401,0.182985201,0.669006765,0.01006346,2022,state,urban/rural,sector_state,1,Kerala,NA,NA,NA,NA,0,0,0,0,0,1,NA,NA,NA,NA,NA,NA,NA
1402,0.213555545,0.530741036,0.054240938,2022,state,urban/rural,sector_state,1,Kerala,NA,NA,NA,NA,0,0,0,0,1,0,NA,NA,NA,NA,NA,NA,NA
1403,0.265360713,0.325796872,0.188812613,2022,state,urban/rural,sector_state,1,Kerala,NA,NA,NA,NA,0,0,0,1,0,0,NA,NA,NA,NA,NA,NA,NA
1404,0.292144775,0.222859114,0.31570372,2022,state,urban/rural,sector_state,1,Kerala,NA,NA,NA,NA,0,0,1,0,0,0,NA,NA,NA,NA,NA,NA,NA
1405,0.238081962,0.237132147,0.377709121,2022,state,urban/rural,sector_state,1,Kerala,NA,NA,NA,NA,0,1,0,0,0,0,NA,NA,NA,NA,NA,NA,NA
1406,0.196942583,0.182223663,0.407352477,2022,state,urban/rural,sector_state,1,Kerala,NA,NA,NA,NA,1,0,0,0,0,0,NA,NA,NA,NA,NA,NA,NA
1407,0,0,0,2022,state,urban/rural,sector_state,1,Kerala,NA,NA,NA,NA,NA,NA,NA,NA,NA,NA,NA,NA,NA,NA,NA,NA,NA
1408,0.194272935,0.687200129,0.015808938,2022,state,urban/rural,sector_state,1,Tamil Nadu,NA,NA,NA,NA,0,0,0,0,0,1,NA,NA,NA,NA,NA,NA,NA
1409,0.232231125,0.646675825,0.033547159,2022,state,urban/rural,sector_state,1,Tamil Nadu,NA,NA,NA,NA,0,0,0,0,1,0,NA,NA,NA,NA,NA,NA,NA
1410,0.288945824,0.427102685,0.14962028,2022,state,urban/rural,sector_state,1,Tamil Nadu,NA,NA,NA,NA,0,0,0,1,0,0,NA,NA,NA,NA,NA,NA,NA
1411,0.26558578,0.450287431,0.228546232,2022,state,urban/rural,sector_state,1,Tamil Nadu,NA,NA,NA,NA,0,0,1,0,0,0,NA,NA,NA,NA,NA,NA,NA
1412,0.297363013,0.370438218,0.280773878,2022,state,urban/rural,sector_state,1,Tamil Nadu,NA,NA,NA,NA,0,1,0,0,0,0,NA,NA,NA,NA,NA,NA,NA
1413,0.223958001,0.336996406,0.348577946,2022,state,urban/rural,sector_state,1,Tamil Nadu,NA,NA,NA,NA,1,0,0,0,0,0,NA,NA,NA,NA,NA,NA,NA
1414,0,0,0,2022,state,urban/rural,sector_state,1,Tamil Nadu,NA,NA,NA,NA,NA,NA,NA,NA,NA,NA,NA,NA,NA,NA,NA,NA,NA
1415,0.272800207,0.636641681,0.034977697,2022,state,urban/rural,sector_state,1,Puducherry,NA,NA,NA,NA,0,0,0,0,0,1,NA,NA,NA,NA,NA,NA,NA
1416,0.23860839,0.573491871,0.06934879,2022,state,urban/rural,sector_state,1,Puducherry,NA,NA,NA,NA,0,0,0,0,1,0,NA,NA,NA,NA,NA,NA,NA
1417,0.295820773,0.408486784,0.157766417,2022,state,urban/rural,sector_state,1,Puducherry,NA,NA,NA,NA,0,0,0,1,0,0,NA,NA,NA,NA,NA,NA,NA
1418,0.286390632,0.260300964,0.288529903,2022,state,urban/rural,sector_state,1,Puducherry,NA,NA,NA,NA,0,0,1,0,0,0,NA,NA,NA,NA,NA,NA,NA
1419,0.204079866,0.223362505,0.451470137,2022,state,urban/rural,sector_state,1,Puducherry,NA,NA,NA,NA,0,1,0,0,0,0,NA,NA,NA,NA,NA,NA,NA
1420,0.287559927,0.267078012,0.348458737,2022,state,urban/rural,sector_state,1,Puducherry,NA,NA,NA,NA,1,0,0,0,0,0,NA,NA,NA,NA,NA,NA,NA
1421,0,0,0,2022,state,urban/rural,sector_state,1,Puducherry,NA,NA,NA,NA,NA,NA,NA,NA,NA,NA,NA,NA,NA,NA,NA,NA,NA
1422,0.221240088,0.778759897,0,2022,state,urban/rural,sector_state,1,A & N Island,NA,NA,NA,NA,0,0,0,0,0,1,NA,NA,NA,NA,NA,NA,NA
1423,0.113233276,0.816052914,0.029696807,2022,state,urban/rural,sector_state,1,A & N Island,NA,NA,NA,NA,0,0,0,0,1,0,NA,NA,NA,NA,NA,NA,NA
1424,0.25316605,0.62398541,0.039863098,2022,state,urban/rural,sector_state,1,A & N Island,NA,NA,NA,NA,0,0,0,1,0,0,NA,NA,NA,NA,NA,NA,NA
1425,0.300239056,0.551086962,0.111436673,2022,state,urban/rural,sector_state,1,A & N Island,NA,NA,NA,NA,0,0,1,0,0,0,NA,NA,NA,NA,NA,NA,NA
1426,0.113548063,0.711204469,0.04556267,2022,state,urban/rural,sector_state,1,A & N Island,NA,NA,NA,NA,0,1,0,0,0,0,NA,NA,NA,NA,NA,NA,NA
1427,0.20530054,0.642155826,0.096103303,2022,state,urban/rural,sector_state,1,A & N Island,NA,NA,NA,NA,1,0,0,0,0,0,NA,NA,NA,NA,NA,NA,NA
1428,0,0,0,2022,state,urban/rural,sector_state,1,A & N Island,NA,NA,NA,NA,NA,NA,NA,NA,NA,NA,NA,NA,NA,NA,NA,NA,NA
1429,0.216791108,0.701838493,0.024056789,2022,state,urban/rural,sector_state,1,Telangana,NA,NA,NA,NA,0,0,0,0,0,1,NA,NA,NA,NA,NA,NA,NA
1430,0.278532326,0.632080615,0.018100286,2022,state,urban/rural,sector_state,1,Telangana,NA,NA,NA,NA,0,0,0,0,1,0,NA,NA,NA,NA,NA,NA,NA
1431,0.388836175,0.455069244,0.05781889,2022,state,urban/rural,sector_state,1,Telangana,NA,NA,NA,NA,0,0,0,1,0,0,NA,NA,NA,NA,NA,NA,NA
1432,0.407053441,0.379601598,0.113192581,2022,state,urban/rural,sector_state,1,Telangana,NA,NA,NA,NA,0,0,1,0,0,0,NA,NA,NA,NA,NA,NA,NA
1433,0.423318535,0.38159439,0.128582835,2022,state,urban/rural,sector_state,1,Telangana,NA,NA,NA,NA,0,1,0,0,0,0,NA,NA,NA,NA,NA,NA,NA
1434,0.369603425,0.346765488,0.197710723,2022,state,urban/rural,sector_state,1,Telangana,NA,NA,NA,NA,1,0,0,0,0,0,NA,NA,NA,NA,NA,NA,NA
1435,0,0,0,2022,state,urban/rural,sector_state,1,Telangana,NA,NA,NA,NA,NA,NA,NA,NA,NA,NA,NA,NA,NA,NA,NA,NA,NA
1436,0.086311184,0.822748005,0,2022,state,urban/rural,sector_state,1,Ladakh,NA,NA,NA,NA,0,0,0,0,0,1,NA,NA,NA,NA,NA,NA,NA
1437,0.228497326,0.700666606,0,2022,state,urban/rural,sector_state,1,Ladakh,NA,NA,NA,NA,0,0,0,0,1,0,NA,NA,NA,NA,NA,NA,NA
1438,0.402048618,0.460476041,0.005869278,2022,state,urban/rural,sector_state,1,Ladakh,NA,NA,NA,NA,0,0,0,1,0,0,NA,NA,NA,NA,NA,NA,NA
1439,0.463062346,0.328627706,0.124700166,2022,state,urban/rural,sector_state,1,Ladakh,NA,NA,NA,NA,0,0,1,0,0,0,NA,NA,NA,NA,NA,NA,NA
1440,0.612263739,0.20898582,0.048366733,2022,state,urban/rural,sector_state,1,Ladakh,NA,NA,NA,NA,0,1,0,0,0,0,NA,NA,NA,NA,NA,NA,NA
1441,0.604590058,0.342008293,0.028611375,2022,state,urban/rural,sector_state,1,Ladakh,NA,NA,NA,NA,1,0,0,0,0,0,NA,NA,NA,NA,NA,NA,NA
1442,0,0,0,2022,state,urban/rural,sector_state,1,Ladakh,NA,NA,NA,NA,NA,NA,NA,NA,NA,NA,NA,NA,NA,NA,NA,NA,NA
1443,0.32559377,0.231252313,0.244611487,2022,allindia,All,allindia,99,India,NA,NA,NA,NA,NA,NA,NA,NA,NA,NA,0,1,NA,NA,NA,NA,NA
1444,0.471492946,0.216050893,0.275360137,2022,allindia,All,allindia,99,India,NA,NA,NA,NA,NA,NA,NA,NA,NA,NA,1,0,NA,NA,NA,NA,NA
1445,0,0,0,2022,allindia,All,allindia,99,India,NA,NA,NA,NA,NA,NA,NA,NA,NA,NA,NA,NA,NA,NA,NA,NA,NA
1446,0.358599454,0.147782043,0.293469995,2022,allindia,urban/rural,sect_allindia,0,India,NA,NA,NA,NA,NA,NA,NA,NA,NA,NA,0,1,NA,NA,NA,NA,NA
1447,0.50547576,0.142638937,0.324655503,2022,allindia,urban/rural,sect_allindia,0,India,NA,NA,NA,NA,NA,NA,NA,NA,NA,NA,1,0,NA,NA,NA,NA,NA
1448,0,0,0,2022,allindia,urban/rural,sect_allindia,0,India,NA,NA,NA,NA,NA,NA,NA,NA,NA,NA,NA,NA,NA,NA,NA,NA,NA
1449,0.256884813,0.405327857,0.142738432,2022,allindia,urban/rural,sect_allindia,1,India,NA,NA,NA,NA,NA,NA,NA,NA,NA,NA,0,1,NA,NA,NA,NA,NA
1450,0.383520156,0.406274319,0.147569209,2022,allindia,urban/rural,sect_allindia,1,India,NA,NA,NA,NA,NA,NA,NA,NA,NA,NA,1,0,NA,NA,NA,NA,NA
1451,0,0,0,2022,allindia,urban/rural,sect_allindia,1,India,NA,NA,NA,NA,NA,NA,NA,NA,NA,NA,NA,NA,NA,NA,NA,NA,NA
1452,0.270595878,0.306732833,0.154722407,2022,state,All,state,99,Jammu & Kashmir,NA,NA,NA,NA,NA,NA,NA,NA,NA,NA,0,1,NA,NA,NA,NA,NA
1453,0.429215372,0.287641943,0.227561921,2022,state,All,state,99,Jammu & Kashmir,NA,NA,NA,NA,NA,NA,NA,NA,NA,NA,1,0,NA,NA,NA,NA,NA
1454,0,0,0,2022,state,All,state,99,Jammu & Kashmir,NA,NA,NA,NA,NA,NA,NA,NA,NA,NA,NA,NA,NA,NA,NA,NA,NA
1455,0.492249072,0.213504806,0.085373096,2022,state,All,state,99,Himachal Pradesh,NA,NA,NA,NA,NA,NA,NA,NA,NA,NA,0,1,NA,NA,NA,NA,NA
1456,0.485966772,0.249910623,0.17452082,2022,state,All,state,99,Himachal Pradesh,NA,NA,NA,NA,NA,NA,NA,NA,NA,NA,1,0,NA,NA,NA,NA,NA
1457,0,0,0,2022,state,All,state,99,Himachal Pradesh,NA,NA,NA,NA,NA,NA,NA,NA,NA,NA,NA,NA,NA,NA,NA,NA,NA
1458,0.350436985,0.254901886,0.232703805,2022,state,All,state,99,Punjab,NA,NA,NA,NA,NA,NA,NA,NA,NA,NA,0,1,NA,NA,NA,NA,NA
1459,0.424148321,0.235068679,0.287865788,2022,state,All,state,99,Punjab,NA,NA,NA,NA,NA,NA,NA,NA,NA,NA,1,0,NA,NA,NA,NA,NA
1460,0,0,0,2022,state,All,state,99,Punjab,NA,NA,NA,NA,NA,NA,NA,NA,NA,NA,NA,NA,NA,NA,NA,NA,NA
1461,0.154207647,0.398677677,0.00282196,2022,state,All,state,99,Chandigarh,NA,NA,NA,NA,NA,NA,NA,NA,NA,NA,0,1,NA,NA,NA,NA,NA
1462,0.312476933,0.500941813,0.064755745,2022,state,All,state,99,Chandigarh,NA,NA,NA,NA,NA,NA,NA,NA,NA,NA,1,0,NA,NA,NA,NA,NA
1463,0,0,0,2022,state,All,state,99,Chandigarh,NA,NA,NA,NA,NA,NA,NA,NA,NA,NA,NA,NA,NA,NA,NA,NA,NA
1464,0.361234993,0.270578176,0.185810596,2022,state,All,state,99,Uttrakhand,NA,NA,NA,NA,NA,NA,NA,NA,NA,NA,0,1,NA,NA,NA,NA,NA
1465,0.455394924,0.258274704,0.230818763,2022,state,All,state,99,Uttrakhand,NA,NA,NA,NA,NA,NA,NA,NA,NA,NA,1,0,NA,NA,NA,NA,NA
1466,0,0,0,2022,state,All,state,99,Uttrakhand,NA,NA,NA,NA,NA,NA,NA,NA,NA,NA,NA,NA,NA,NA,NA,NA,NA
1467,0.3013587,0.335380375,0.237384006,2022,state,All,state,99,Haryana,NA,NA,NA,NA,NA,NA,NA,NA,NA,NA,0,1,NA,NA,NA,NA,NA
1468,0.420266032,0.280133069,0.264663041,2022,state,All,state,99,Haryana,NA,NA,NA,NA,NA,NA,NA,NA,NA,NA,1,0,NA,NA,NA,NA,NA
1469,0,0,0,2022,state,All,state,99,Haryana,NA,NA,NA,NA,NA,NA,NA,NA,NA,NA,NA,NA,NA,NA,NA,NA,NA
1470,0.315588206,0.451132447,0.093752675,2022,state,All,state,99,Delhi,NA,NA,NA,NA,NA,NA,NA,NA,NA,NA,0,1,NA,NA,NA,NA,NA
1471,0.377568722,0.445924252,0.087869145,2022,state,All,state,99,Delhi,NA,NA,NA,NA,NA,NA,NA,NA,NA,NA,1,0,NA,NA,NA,NA,NA
1472,0,0,0,2022,state,All,state,99,Delhi,NA,NA,NA,NA,NA,NA,NA,NA,NA,NA,NA,NA,NA,NA,NA,NA,NA
1473,0.469798595,0.166328147,0.213996217,2022,state,All,state,99,Rajasthan,NA,NA,NA,NA,NA,NA,NA,NA,NA,NA,0,1,NA,NA,NA,NA,NA
1474,0.571057081,0.172960982,0.219545409,2022,state,All,state,99,Rajasthan,NA,NA,NA,NA,NA,NA,NA,NA,NA,NA,1,0,NA,NA,NA,NA,NA
1475,0,0,0,2022,state,All,state,99,Rajasthan,NA,NA,NA,NA,NA,NA,NA,NA,NA,NA,NA,NA,NA,NA,NA,NA,NA
1476,0.36966449,0.148154154,0.191071808,2022,state,All,state,99,Uttar Pradesh,NA,NA,NA,NA,NA,NA,NA,NA,NA,NA,0,1,NA,NA,NA,NA,NA
1477,0.538332343,0.142357051,0.281420618,2022,state,All,state,99,Uttar Pradesh,NA,NA,NA,NA,NA,NA,NA,NA,NA,NA,1,0,NA,NA,NA,NA,NA
1478,0,0,0,2022,state,All,state,99,Uttar Pradesh,NA,NA,NA,NA,NA,NA,NA,NA,NA,NA,NA,NA,NA,NA,NA,NA,NA
1479,0.278879851,0.28644225,0.237468243,2022,state,All,state,99,Bihar,NA,NA,NA,NA,NA,NA,NA,NA,NA,NA,0,1,NA,NA,NA,NA,NA
1480,0.41030544,0.214617401,0.354037642,2022,state,All,state,99,Bihar,NA,NA,NA,NA,NA,NA,NA,NA,NA,NA,1,0,NA,NA,NA,NA,NA
1481,0,0,0,2022,state,All,state,99,Bihar,NA,NA,NA,NA,NA,NA,NA,NA,NA,NA,NA,NA,NA,NA,NA,NA,NA
1482,0.442185968,0.399174243,0.079254068,2022,state,All,state,99,Sikkim,NA,NA,NA,NA,NA,NA,NA,NA,NA,NA,0,1,NA,NA,NA,NA,NA
1483,0.494342595,0.407631159,0.084719822,2022,state,All,state,99,Sikkim,NA,NA,NA,NA,NA,NA,NA,NA,NA,NA,1,0,NA,NA,NA,NA,NA
1484,0,0,0,2022,state,All,state,99,Sikkim,NA,NA,NA,NA,NA,NA,NA,NA,NA,NA,NA,NA,NA,NA,NA,NA,NA
1485,0.557793736,0.326655686,0.044885747,2022,state,All,state,99,Arunachal Pradesh,NA,NA,NA,NA,NA,NA,NA,NA,NA,NA,0,1,NA,NA,NA,NA,NA
1486,0.660282314,0.282797486,0.041881878,2022,state,All,state,99,Arunachal Pradesh,NA,NA,NA,NA,NA,NA,NA,NA,NA,NA,1,0,NA,NA,NA,NA,NA
1487,0,0,0,2022,state,All,state,99,Arunachal Pradesh,NA,NA,NA,NA,NA,NA,NA,NA,NA,NA,NA,NA,NA,NA,NA,NA,NA
1488,0.593105316,0.239628002,0.031403307,2022,state,All,state,99,Nagaland,NA,NA,NA,NA,NA,NA,NA,NA,NA,NA,0,1,NA,NA,NA,NA,NA
1489,0.6719594,0.252041578,0.044107199,2022,state,All,state,99,Nagaland,NA,NA,NA,NA,NA,NA,NA,NA,NA,NA,1,0,NA,NA,NA,NA,NA
1490,0,0,0,2022,state,All,state,99,Nagaland,NA,NA,NA,NA,NA,NA,NA,NA,NA,NA,NA,NA,NA,NA,NA,NA,NA
1491,0.554939926,0.281410366,0.128971741,2022,state,All,state,99,Manipur,NA,NA,NA,NA,NA,NA,NA,NA,NA,NA,0,1,NA,NA,NA,NA,NA
1492,0.57092303,0.243084192,0.159944788,2022,state,All,state,99,Manipur,NA,NA,NA,NA,NA,NA,NA,NA,NA,NA,1,0,NA,NA,NA,NA,NA
1493,0,0,0,2022,state,All,state,99,Manipur,NA,NA,NA,NA,NA,NA,NA,NA,NA,NA,NA,NA,NA,NA,NA,NA,NA
1494,0.532710731,0.314203441,0.079024822,2022,state,All,state,99,Mizoram,NA,NA,NA,NA,NA,NA,NA,NA,NA,NA,0,1,NA,NA,NA,NA,NA
1495,0.493041813,0.337661654,0.117712855,2022,state,All,state,99,Mizoram,NA,NA,NA,NA,NA,NA,NA,NA,NA,NA,1,0,NA,NA,NA,NA,NA
1496,0,0,0,2022,state,All,state,99,Mizoram,NA,NA,NA,NA,NA,NA,NA,NA,NA,NA,NA,NA,NA,NA,NA,NA,NA
1497,0.41855675,0.17676577,0.288392663,2022,state,All,state,99,Tripura,NA,NA,NA,NA,NA,NA,NA,NA,NA,NA,0,1,NA,NA,NA,NA,NA
1498,0.513929904,0.163926408,0.282605946,2022,state,All,state,99,Tripura,NA,NA,NA,NA,NA,NA,NA,NA,NA,NA,1,0,NA,NA,NA,NA,NA
1499,0,0,0,2022,state,All,state,99,Tripura,NA,NA,NA,NA,NA,NA,NA,NA,NA,NA,NA,NA,NA,NA,NA,NA,NA
1500,0.452035487,0.263457716,0.260262489,2022,state,All,state,99,Meghalaya,NA,NA,NA,NA,NA,NA,NA,NA,NA,NA,0,1,NA,NA,NA,NA,NA
1501,0.598866701,0.188388154,0.208514452,2022,state,All,state,99,Meghalaya,NA,NA,NA,NA,NA,NA,NA,NA,NA,NA,1,0,NA,NA,NA,NA,NA
1502,0,0,0,2022,state,All,state,99,Meghalaya,NA,NA,NA,NA,NA,NA,NA,NA,NA,NA,NA,NA,NA,NA,NA,NA,NA
1503,0.328673989,0.207647905,0.361477941,2022,state,All,state,99,Assam,NA,NA,NA,NA,NA,NA,NA,NA,NA,NA,0,1,NA,NA,NA,NA,NA
1504,0.460417837,0.1720521,0.342891008,2022,state,All,state,99,Assam,NA,NA,NA,NA,NA,NA,NA,NA,NA,NA,1,0,NA,NA,NA,NA,NA
1505,0,0,0,2022,state,All,state,99,Assam,NA,NA,NA,NA,NA,NA,NA,NA,NA,NA,NA,NA,NA,NA,NA,NA,NA
1506,0.295780122,0.274551064,0.245687276,2022,state,All,state,99,West Bengal,NA,NA,NA,NA,NA,NA,NA,NA,NA,NA,0,1,NA,NA,NA,NA,NA
1507,0.414305896,0.196807638,0.355681837,2022,state,All,state,99,West Bengal,NA,NA,NA,NA,NA,NA,NA,NA,NA,NA,1,0,NA,NA,NA,NA,NA
1508,0,0,0,2022,state,All,state,99,West Bengal,NA,NA,NA,NA,NA,NA,NA,NA,NA,NA,NA,NA,NA,NA,NA,NA,NA
1509,0.275770515,0.158542648,0.248672426,2022,state,All,state,99,Jharkhand,NA,NA,NA,NA,NA,NA,NA,NA,NA,NA,0,1,NA,NA,NA,NA,NA
1510,0.473476827,0.188393787,0.306900322,2022,state,All,state,99,Jharkhand,NA,NA,NA,NA,NA,NA,NA,NA,NA,NA,1,0,NA,NA,NA,NA,NA
1511,0,0,0,2022,state,All,state,99,Jharkhand,NA,NA,NA,NA,NA,NA,NA,NA,NA,NA,NA,NA,NA,NA,NA,NA,NA
1512,0.306838453,0.138106853,0.273049563,2022,state,All,state,99,Odisha,NA,NA,NA,NA,NA,NA,NA,NA,NA,NA,0,1,NA,NA,NA,NA,NA
1513,0.496825099,0.145705447,0.325152397,2022,state,All,state,99,Odisha,NA,NA,NA,NA,NA,NA,NA,NA,NA,NA,1,0,NA,NA,NA,NA,NA
1514,0,0,0,2022,state,All,state,99,Odisha,NA,NA,NA,NA,NA,NA,NA,NA,NA,NA,NA,NA,NA,NA,NA,NA,NA
1515,0.433342636,0.229315579,0.21628128,2022,state,All,state,99,Chhattisgarh,NA,NA,NA,NA,NA,NA,NA,NA,NA,NA,0,1,NA,NA,NA,NA,NA
1516,0.543020964,0.213679075,0.225189999,2022,state,All,state,99,Chhattisgarh,NA,NA,NA,NA,NA,NA,NA,NA,NA,NA,1,0,NA,NA,NA,NA,NA
1517,0,0,0,2022,state,All,state,99,Chhattisgarh,NA,NA,NA,NA,NA,NA,NA,NA,NA,NA,NA,NA,NA,NA,NA,NA,NA
1518,0.417447269,0.165077031,0.306380063,2022,state,All,state,99,Madhya Pradesh,NA,NA,NA,NA,NA,NA,NA,NA,NA,NA,0,1,NA,NA,NA,NA,NA
1519,0.551033199,0.124994606,0.306528687,2022,state,All,state,99,Madhya Pradesh,NA,NA,NA,NA,NA,NA,NA,NA,NA,NA,1,0,NA,NA,NA,NA,NA
1520,0,0,0,2022,state,All,state,99,Madhya Pradesh,NA,NA,NA,NA,NA,NA,NA,NA,NA,NA,NA,NA,NA,NA,NA,NA,NA
1521,0.395781189,0.303673327,0.216027901,2022,state,All,state,99,Gujarat,NA,NA,NA,NA,NA,NA,NA,NA,NA,NA,0,1,NA,NA,NA,NA,NA
1522,0.504118979,0.259496033,0.216708422,2022,state,All,state,99,Gujarat,NA,NA,NA,NA,NA,NA,NA,NA,NA,NA,1,0,NA,NA,NA,NA,NA
1523,0,0,0,2022,state,All,state,99,Gujarat,NA,NA,NA,NA,NA,NA,NA,NA,NA,NA,NA,NA,NA,NA,NA,NA,NA
1524,0.316097021,0.449682325,0.088374034,2022,state,All,state,99,Daman & Diu & D & N Haveli,NA,NA,NA,NA,NA,NA,NA,NA,NA,NA,0,1,NA,NA,NA,NA,NA
1525,0.26641342,0.672570527,0.053339433,2022,state,All,state,99,Daman & Diu & D & N Haveli,NA,NA,NA,NA,NA,NA,NA,NA,NA,NA,1,0,NA,NA,NA,NA,NA
1526,0,0,0,2022,state,All,state,99,Daman & Diu & D & N Haveli,NA,NA,NA,NA,NA,NA,NA,NA,NA,NA,NA,NA,NA,NA,NA,NA,NA
1527,0.306558639,0.295878291,0.263846844,2022,state,All,state,99,Maharashtra,NA,NA,NA,NA,NA,NA,NA,NA,NA,NA,0,1,NA,NA,NA,NA,NA
1528,0.460734695,0.285246819,0.215191886,2022,state,All,state,99,Maharashtra,NA,NA,NA,NA,NA,NA,NA,NA,NA,NA,1,0,NA,NA,NA,NA,NA
1529,0,0,0,2022,state,All,state,99,Maharashtra,NA,NA,NA,NA,NA,NA,NA,NA,NA,NA,NA,NA,NA,NA,NA,NA,NA
1530,0.241497636,0.225475609,0.296442121,2022,state,All,state,99,Andhra Pradesh,NA,NA,NA,NA,NA,NA,NA,NA,NA,NA,0,1,NA,NA,NA,NA,NA
1531,0.443825126,0.208552659,0.289087832,2022,state,All,state,99,Andhra Pradesh,NA,NA,NA,NA,NA,NA,NA,NA,NA,NA,1,0,NA,NA,NA,NA,NA
1532,0,0,0,2022,state,All,state,99,Andhra Pradesh,NA,NA,NA,NA,NA,NA,NA,NA,NA,NA,NA,NA,NA,NA,NA,NA,NA
1533,0.393255293,0.218363509,0.284139276,2022,state,All,state,99,Karnataka,NA,NA,NA,NA,NA,NA,NA,NA,NA,NA,0,1,NA,NA,NA,NA,NA
1534,0.505331337,0.231376678,0.231627479,2022,state,All,state,99,Karnataka,NA,NA,NA,NA,NA,NA,NA,NA,NA,NA,1,0,NA,NA,NA,NA,NA
1535,0,0,0,2022,state,All,state,99,Karnataka,NA,NA,NA,NA,NA,NA,NA,NA,NA,NA,NA,NA,NA,NA,NA,NA,NA
1536,0.165739074,0.565075457,0.075490631,2022,state,All,state,99,Goa,NA,NA,NA,NA,NA,NA,NA,NA,NA,NA,0,1,NA,NA,NA,NA,NA
1537,0.252879888,0.574721158,0.102948107,2022,state,All,state,99,Goa,NA,NA,NA,NA,NA,NA,NA,NA,NA,NA,1,0,NA,NA,NA,NA,NA
1538,0,0,0,2022,state,All,state,99,Goa,NA,NA,NA,NA,NA,NA,NA,NA,NA,NA,NA,NA,NA,NA,NA,NA,NA
1539,0.385227293,0.271494359,0.175324574,2022,state,All,state,99,Lakshadweep,NA,NA,NA,NA,NA,NA,NA,NA,NA,NA,0,1,NA,NA,NA,NA,NA
1540,0.37828505,0.34333241,0.22179988,2022,state,All,state,99,Lakshadweep,NA,NA,NA,NA,NA,NA,NA,NA,NA,NA,1,0,NA,NA,NA,NA,NA
1541,0,0,0,2022,state,All,state,99,Lakshadweep,NA,NA,NA,NA,NA,NA,NA,NA,NA,NA,NA,NA,NA,NA,NA,NA,NA
1542,0.161013156,0.230476245,0.23571676,2022,state,All,state,99,Kerala,NA,NA,NA,NA,NA,NA,NA,NA,NA,NA,0,1,NA,NA,NA,NA,NA
1543,0.29671374,0.27924031,0.297153443,2022,state,All,state,99,Kerala,NA,NA,NA,NA,NA,NA,NA,NA,NA,NA,1,0,NA,NA,NA,NA,NA
1544,0,0,0,2022,state,All,state,99,Kerala,NA,NA,NA,NA,NA,NA,NA,NA,NA,NA,NA,NA,NA,NA,NA,NA,NA
1545,0.177176461,0.319297314,0.31777066,2022,state,All,state,99,Tamil Nadu,NA,NA,NA,NA,NA,NA,NA,NA,NA,NA,0,1,NA,NA,NA,NA,NA
1546,0.3140423,0.340484351,0.298254877,2022,state,All,state,99,Tamil Nadu,NA,NA,NA,NA,NA,NA,NA,NA,NA,NA,1,0,NA,NA,NA,NA,NA
1547,0,0,0,2022,state,All,state,99,Tamil Nadu,NA,NA,NA,NA,NA,NA,NA,NA,NA,NA,NA,NA,NA,NA,NA,NA,NA
1548,0.104711428,0.38410899,0.244116858,2022,state,All,state,99,Puducherry,NA,NA,NA,NA,NA,NA,NA,NA,NA,NA,0,1,NA,NA,NA,NA,NA
1549,0.272976518,0.393628627,0.258586735,2022,state,All,state,99,Puducherry,NA,NA,NA,NA,NA,NA,NA,NA,NA,NA,1,0,NA,NA,NA,NA,NA
1550,0,0,0,2022,state,All,state,99,Puducherry,NA,NA,NA,NA,NA,NA,NA,NA,NA,NA,NA,NA,NA,NA,NA,NA,NA
1551,0.269456148,0.502829492,0.101011947,2022,state,All,state,99,A & N Island,NA,NA,NA,NA,NA,NA,NA,NA,NA,NA,0,1,NA,NA,NA,NA,NA
1552,0.335569292,0.526613057,0.087945834,2022,state,All,state,99,A & N Island,NA,NA,NA,NA,NA,NA,NA,NA,NA,NA,1,0,NA,NA,NA,NA,NA
1553,0,0,0,2022,state,All,state,99,A & N Island,NA,NA,NA,NA,NA,NA,NA,NA,NA,NA,NA,NA,NA,NA,NA,NA,NA
1554,0.327577353,0.223970309,0.217669591,2022,state,All,state,99,Telangana,NA,NA,NA,NA,NA,NA,NA,NA,NA,NA,0,1,NA,NA,NA,NA,NA
1555,0.527570546,0.275607675,0.156986326,2022,state,All,state,99,Telangana,NA,NA,NA,NA,NA,NA,NA,NA,NA,NA,1,0,NA,NA,NA,NA,NA
1556,0,0,0,2022,state,All,state,99,Telangana,NA,NA,NA,NA,NA,NA,NA,NA,NA,NA,NA,NA,NA,NA,NA,NA,NA
1557,0.672801197,0.320869446,0,2022,state,All,state,99,Ladakh,NA,NA,NA,NA,NA,NA,NA,NA,NA,NA,0,1,NA,NA,NA,NA,NA
1558,0.467367083,0.340689868,0.144455671,2022,state,All,state,99,Ladakh,NA,NA,NA,NA,NA,NA,NA,NA,NA,NA,1,0,NA,NA,NA,NA,NA
1559,0,0,0,2022,state,All,state,99,Ladakh,NA,NA,NA,NA,NA,NA,NA,NA,NA,NA,NA,NA,NA,NA,NA,NA,NA
1560,0.309794784,0.296830386,0.192759395,2022,state,urban/rural,sector_state,0,Jammu & Kashmir,NA,NA,NA,NA,NA,NA,NA,NA,NA,NA,0,1,NA,NA,NA,NA,NA
1561,0.430157125,0.260174125,0.263441235,2022,state,urban/rural,sector_state,0,Jammu & Kashmir,NA,NA,NA,NA,NA,NA,NA,NA,NA,NA,1,0,NA,NA,NA,NA,NA
1562,0,0,0,2022,state,urban/rural,sector_state,0,Jammu & Kashmir,NA,NA,NA,NA,NA,NA,NA,NA,NA,NA,NA,NA,NA,NA,NA,NA,NA
1563,0.531276703,0.199840441,0.094634123,2022,state,urban/rural,sector_state,0,Himachal Pradesh,NA,NA,NA,NA,NA,NA,NA,NA,NA,NA,0,1,NA,NA,NA,NA,NA
1564,0.501400888,0.226158306,0.185972854,2022,state,urban/rural,sector_state,0,Himachal Pradesh,NA,NA,NA,NA,NA,NA,NA,NA,NA,NA,1,0,NA,NA,NA,NA,NA
1565,0,0,0,2022,state,urban/rural,sector_state,0,Himachal Pradesh,NA,NA,NA,NA,NA,NA,NA,NA,NA,NA,NA,NA,NA,NA,NA,NA,NA
1566,0.375713319,0.184229478,0.272880405,2022,state,urban/rural,sector_state,0,Punjab,NA,NA,NA,NA,NA,NA,NA,NA,NA,NA,0,1,NA,NA,NA,NA,NA
1567,0.419203699,0.17465052,0.361112863,2022,state,urban/rural,sector_state,0,Punjab,NA,NA,NA,NA,NA,NA,NA,NA,NA,NA,1,0,NA,NA,NA,NA,NA
1568,0,0,0,2022,state,urban/rural,sector_state,0,Punjab,NA,NA,NA,NA,NA,NA,NA,NA,NA,NA,NA,NA,NA,NA,NA,NA,NA
1569,0.144085273,0.679722786,0.095662087,2022,state,urban/rural,sector_state,0,Chandigarh,NA,NA,NA,NA,NA,NA,NA,NA,NA,NA,0,1,NA,NA,NA,NA,NA
1570,0.338181168,0.445621371,0.19157894,2022,state,urban/rural,sector_state,0,Chandigarh,NA,NA,NA,NA,NA,NA,NA,NA,NA,NA,1,0,NA,NA,NA,NA,NA
1571,0,0,0,2022,state,urban/rural,sector_state,0,Chandigarh,NA,NA,NA,NA,NA,NA,NA,NA,NA,NA,NA,NA,NA,NA,NA,NA,NA
1572,0.404969633,0.216079667,0.182506174,2022,state,urban/rural,sector_state,0,Uttrakhand,NA,NA,NA,NA,NA,NA,NA,NA,NA,NA,0,1,NA,NA,NA,NA,NA
1573,0.475522727,0.207707793,0.265072495,2022,state,urban/rural,sector_state,0,Uttrakhand,NA,NA,NA,NA,NA,NA,NA,NA,NA,NA,1,0,NA,NA,NA,NA,NA
1574,0,0,0,2022,state,urban/rural,sector_state,0,Uttrakhand,NA,NA,NA,NA,NA,NA,NA,NA,NA,NA,NA,NA,NA,NA,NA,NA,NA
1575,0.308484435,0.192032754,0.359043092,2022,state,urban/rural,sector_state,0,Haryana,NA,NA,NA,NA,NA,NA,NA,NA,NA,NA,0,1,NA,NA,NA,NA,NA
1576,0.439581692,0.187456951,0.343065739,2022,state,urban/rural,sector_state,0,Haryana,NA,NA,NA,NA,NA,NA,NA,NA,NA,NA,1,0,NA,NA,NA,NA,NA
1577,0,0,0,2022,state,urban/rural,sector_state,0,Haryana,NA,NA,NA,NA,NA,NA,NA,NA,NA,NA,NA,NA,NA,NA,NA,NA,NA
1578,0.206285819,0.504905403,0.149842918,2022,state,urban/rural,sector_state,0,Delhi,NA,NA,NA,NA,NA,NA,NA,NA,NA,NA,0,1,NA,NA,NA,NA,NA
1579,0.372474343,0.511981785,0.094247743,2022,state,urban/rural,sector_state,0,Delhi,NA,NA,NA,NA,NA,NA,NA,NA,NA,NA,1,0,NA,NA,NA,NA,NA
1580,0,0,0,2022,state,urban/rural,sector_state,0,Delhi,NA,NA,NA,NA,NA,NA,NA,NA,NA,NA,NA,NA,NA,NA,NA,NA,NA
1581,0.526260138,0.09779115,0.233550936,2022,state,urban/rural,sector_state,0,Rajasthan,NA,NA,NA,NA,NA,NA,NA,NA,NA,NA,0,1,NA,NA,NA,NA,NA
1582,0.613278508,0.115227036,0.240860745,2022,state,urban/rural,sector_state,0,Rajasthan,NA,NA,NA,NA,NA,NA,NA,NA,NA,NA,1,0,NA,NA,NA,NA,NA
1583,0,0,0,2022,state,urban/rural,sector_state,0,Rajasthan,NA,NA,NA,NA,NA,NA,NA,NA,NA,NA,NA,NA,NA,NA,NA,NA,NA
1584,0.376319677,0.085336536,0.210579574,2022,state,urban/rural,sector_state,0,Uttar Pradesh,NA,NA,NA,NA,NA,NA,NA,NA,NA,NA,0,1,NA,NA,NA,NA,NA
1585,0.557433367,0.097001135,0.312777936,2022,state,urban/rural,sector_state,0,Uttar Pradesh,NA,NA,NA,NA,NA,NA,NA,NA,NA,NA,1,0,NA,NA,NA,NA,NA
1586,0,0,0,2022,state,urban/rural,sector_state,0,Uttar Pradesh,NA,NA,NA,NA,NA,NA,NA,NA,NA,NA,NA,NA,NA,NA,NA,NA,NA
1587,0.272465497,0.276700228,0.249567986,2022,state,urban/rural,sector_state,0,Bihar,NA,NA,NA,NA,NA,NA,NA,NA,NA,NA,0,1,NA,NA,NA,NA,NA
1588,0.40564397,0.209374622,0.366647661,2022,state,urban/rural,sector_state,0,Bihar,NA,NA,NA,NA,NA,NA,NA,NA,NA,NA,1,0,NA,NA,NA,NA,NA
1589,0,0,0,2022,state,urban/rural,sector_state,0,Bihar,NA,NA,NA,NA,NA,NA,NA,NA,NA,NA,NA,NA,NA,NA,NA,NA,NA
1590,0.519842267,0.356673419,0.106161624,2022,state,urban/rural,sector_state,0,Sikkim,NA,NA,NA,NA,NA,NA,NA,NA,NA,NA,0,1,NA,NA,NA,NA,NA
1591,0.542819381,0.363097727,0.089986004,2022,state,urban/rural,sector_state,0,Sikkim,NA,NA,NA,NA,NA,NA,NA,NA,NA,NA,1,0,NA,NA,NA,NA,NA
1592,0,0,0,2022,state,urban/rural,sector_state,0,Sikkim,NA,NA,NA,NA,NA,NA,NA,NA,NA,NA,NA,NA,NA,NA,NA,NA,NA
1593,0.660956025,0.252636641,0.047794502,2022,state,urban/rural,sector_state,0,Arunachal Pradesh,NA,NA,NA,NA,NA,NA,NA,NA,NA,NA,0,1,NA,NA,NA,NA,NA
1594,0.717562199,0.231216624,0.041486502,2022,state,urban/rural,sector_state,0,Arunachal Pradesh,NA,NA,NA,NA,NA,NA,NA,NA,NA,NA,1,0,NA,NA,NA,NA,NA
1595,0,0,0,2022,state,urban/rural,sector_state,0,Arunachal Pradesh,NA,NA,NA,NA,NA,NA,NA,NA,NA,NA,NA,NA,NA,NA,NA,NA,NA
1596,0.691570222,0.165532231,0.032175753,2022,state,urban/rural,sector_state,0,Nagaland,NA,NA,NA,NA,NA,NA,NA,NA,NA,NA,0,1,NA,NA,NA,NA,NA
1597,0.772497296,0.172090396,0.033833764,2022,state,urban/rural,sector_state,0,Nagaland,NA,NA,NA,NA,NA,NA,NA,NA,NA,NA,1,0,NA,NA,NA,NA,NA
1598,0,0,0,2022,state,urban/rural,sector_state,0,Nagaland,NA,NA,NA,NA,NA,NA,NA,NA,NA,NA,NA,NA,NA,NA,NA,NA,NA
1599,0.586663485,0.2626037,0.143886864,2022,state,urban/rural,sector_state,0,Manipur,NA,NA,NA,NA,NA,NA,NA,NA,NA,NA,0,1,NA,NA,NA,NA,NA
1600,0.612908483,0.203214809,0.168017134,2022,state,urban/rural,sector_state,0,Manipur,NA,NA,NA,NA,NA,NA,NA,NA,NA,NA,1,0,NA,NA,NA,NA,NA
1601,0,0,0,2022,state,urban/rural,sector_state,0,Manipur,NA,NA,NA,NA,NA,NA,NA,NA,NA,NA,NA,NA,NA,NA,NA,NA,NA
1602,0.627877414,0.194075614,0.097572058,2022,state,urban/rural,sector_state,0,Mizoram,NA,NA,NA,NA,NA,NA,NA,NA,NA,NA,0,1,NA,NA,NA,NA,NA
1603,0.576737225,0.229961544,0.14745158,2022,state,urban/rural,sector_state,0,Mizoram,NA,NA,NA,NA,NA,NA,NA,NA,NA,NA,1,0,NA,NA,NA,NA,NA
1604,0,0,0,2022,state,urban/rural,sector_state,0,Mizoram,NA,NA,NA,NA,NA,NA,NA,NA,NA,NA,NA,NA,NA,NA,NA,NA,NA
1605,0.420757592,0.14413929,0.333089262,2022,state,urban/rural,sector_state,0,Tripura,NA,NA,NA,NA,NA,NA,NA,NA,NA,NA,0,1,NA,NA,NA,NA,NA
1606,0.532687724,0.130222902,0.309592634,2022,state,urban/rural,sector_state,0,Tripura,NA,NA,NA,NA,NA,NA,NA,NA,NA,NA,1,0,NA,NA,NA,NA,NA
1607,0,0,0,2022,state,urban/rural,sector_state,0,Tripura,NA,NA,NA,NA,NA,NA,NA,NA,NA,NA,NA,NA,NA,NA,NA,NA,NA
1608,0.493911117,0.201153114,0.285069197,2022,state,urban/rural,sector_state,0,Meghalaya,NA,NA,NA,NA,NA,NA,NA,NA,NA,NA,0,1,NA,NA,NA,NA,NA
1609,0.627121627,0.150753945,0.21891728,2022,state,urban/rural,sector_state,0,Meghalaya,NA,NA,NA,NA,NA,NA,NA,NA,NA,NA,1,0,NA,NA,NA,NA,NA
1610,0,0,0,2022,state,urban/rural,sector_state,0,Meghalaya,NA,NA,NA,NA,NA,NA,NA,NA,NA,NA,NA,NA,NA,NA,NA,NA,NA
1611,0.320763916,0.187672675,0.400066733,2022,state,urban/rural,sector_state,0,Assam,NA,NA,NA,NA,NA,NA,NA,NA,NA,NA,0,1,NA,NA,NA,NA,NA
1612,0.459719628,0.150574252,0.369461328,2022,state,urban/rural,sector_state,0,Assam,NA,NA,NA,NA,NA,NA,NA,NA,NA,NA,1,0,NA,NA,NA,NA,NA
1613,0,0,0,2022,state,urban/rural,sector_state,0,Assam,NA,NA,NA,NA,NA,NA,NA,NA,NA,NA,NA,NA,NA,NA,NA,NA,NA
1614,0.296630353,0.187208772,0.313882172,2022,state,urban/rural,sector_state,0,West Bengal,NA,NA,NA,NA,NA,NA,NA,NA,NA,NA,0,1,NA,NA,NA,NA,NA
1615,0.417105317,0.138549373,0.420997411,2022,state,urban/rural,sector_state,0,West Bengal,NA,NA,NA,NA,NA,NA,NA,NA,NA,NA,1,0,NA,NA,NA,NA,NA
1616,0,0,0,2022,state,urban/rural,sector_state,0,West Bengal,NA,NA,NA,NA,NA,NA,NA,NA,NA,NA,NA,NA,NA,NA,NA,NA,NA
1617,0.30373475,0.084277451,0.273017704,2022,state,urban/rural,sector_state,0,Jharkhand,NA,NA,NA,NA,NA,NA,NA,NA,NA,NA,0,1,NA,NA,NA,NA,NA
1618,0.498452306,0.133123368,0.34822908,2022,state,urban/rural,sector_state,0,Jharkhand,NA,NA,NA,NA,NA,NA,NA,NA,NA,NA,1,0,NA,NA,NA,NA,NA
1619,0,0,0,2022,state,urban/rural,sector_state,0,Jharkhand,NA,NA,NA,NA,NA,NA,NA,NA,NA,NA,NA,NA,NA,NA,NA,NA,NA
1620,0.319387674,0.106619723,0.27671954,2022,state,urban/rural,sector_state,0,Odisha,NA,NA,NA,NA,NA,NA,NA,NA,NA,NA,0,1,NA,NA,NA,NA,NA
1621,0.509989858,0.105724737,0.354661435,2022,state,urban/rural,sector_state,0,Odisha,NA,NA,NA,NA,NA,NA,NA,NA,NA,NA,1,0,NA,NA,NA,NA,NA
1622,0,0,0,2022,state,urban/rural,sector_state,0,Odisha,NA,NA,NA,NA,NA,NA,NA,NA,NA,NA,NA,NA,NA,NA,NA,NA,NA
1623,0.505444527,0.146313995,0.215465561,2022,state,urban/rural,sector_state,0,Chhattisgarh,NA,NA,NA,NA,NA,NA,NA,NA,NA,NA,0,1,NA,NA,NA,NA,NA
1624,0.586031437,0.155886874,0.245364159,2022,state,urban/rural,sector_state,0,Chhattisgarh,NA,NA,NA,NA,NA,NA,NA,NA,NA,NA,1,0,NA,NA,NA,NA,NA
1625,0,0,0,2022,state,urban/rural,sector_state,0,Chhattisgarh,NA,NA,NA,NA,NA,NA,NA,NA,NA,NA,NA,NA,NA,NA,NA,NA,NA
1626,0.459844559,0.066455789,0.387823701,2022,state,urban/rural,sector_state,0,Madhya Pradesh,NA,NA,NA,NA,NA,NA,NA,NA,NA,NA,0,1,NA,NA,NA,NA,NA
1627,0.588136733,0.057502944,0.34633714,2022,state,urban/rural,sector_state,0,Madhya Pradesh,NA,NA,NA,NA,NA,NA,NA,NA,NA,NA,1,0,NA,NA,NA,NA,NA
1628,0,0,0,2022,state,urban/rural,sector_state,0,Madhya Pradesh,NA,NA,NA,NA,NA,NA,NA,NA,NA,NA,NA,NA,NA,NA,NA,NA,NA
1629,0.46875447,0.187148929,0.281015068,2022,state,urban/rural,sector_state,0,Gujarat,NA,NA,NA,NA,NA,NA,NA,NA,NA,NA,0,1,NA,NA,NA,NA,NA
1630,0.566065133,0.140835226,0.282265693,2022,state,urban/rural,sector_state,0,Gujarat,NA,NA,NA,NA,NA,NA,NA,NA,NA,NA,1,0,NA,NA,NA,NA,NA
1631,0,0,0,2022,state,urban/rural,sector_state,0,Gujarat,NA,NA,NA,NA,NA,NA,NA,NA,NA,NA,NA,NA,NA,NA,NA,NA,NA
1632,0.425765693,0.323954731,0.13735117,2022,state,urban/rural,sector_state,0,Daman & Diu & D & N Haveli,NA,NA,NA,NA,NA,NA,NA,NA,NA,NA,0,1,NA,NA,NA,NA,NA
1633,0.420338124,0.485539943,0.086243525,2022,state,urban/rural,sector_state,0,Daman & Diu & D & N Haveli,NA,NA,NA,NA,NA,NA,NA,NA,NA,NA,1,0,NA,NA,NA,NA,NA
1634,0,0,0,2022,state,urban/rural,sector_state,0,Daman & Diu & D & N Haveli,NA,NA,NA,NA,NA,NA,NA,NA,NA,NA,NA,NA,NA,NA,NA,NA,NA
1635,0.367491513,0.141008139,0.379097193,2022,state,urban/rural,sector_state,0,Maharashtra,NA,NA,NA,NA,NA,NA,NA,NA,NA,NA,0,1,NA,NA,NA,NA,NA
1636,0.53972137,0.153079748,0.285446614,2022,state,urban/rural,sector_state,0,Maharashtra,NA,NA,NA,NA,NA,NA,NA,NA,NA,NA,1,0,NA,NA,NA,NA,NA
1637,0,0,0,2022,state,urban/rural,sector_state,0,Maharashtra,NA,NA,NA,NA,NA,NA,NA,NA,NA,NA,NA,NA,NA,NA,NA,NA,NA
1638,0.251440734,0.141749114,0.372797728,2022,state,urban/rural,sector_state,0,Andhra Pradesh,NA,NA,NA,NA,NA,NA,NA,NA,NA,NA,0,1,NA,NA,NA,NA,NA
1639,0.47573024,0.13136749,0.344185174,2022,state,urban/rural,sector_state,0,Andhra Pradesh,NA,NA,NA,NA,NA,NA,NA,NA,NA,NA,1,0,NA,NA,NA,NA,NA
1640,0,0,0,2022,state,urban/rural,sector_state,0,Andhra Pradesh,NA,NA,NA,NA,NA,NA,NA,NA,NA,NA,NA,NA,NA,NA,NA,NA,NA
1641,0.475524962,0.112827092,0.349627376,2022,state,urban/rural,sector_state,0,Karnataka,NA,NA,NA,NA,NA,NA,NA,NA,NA,NA,0,1,NA,NA,NA,NA,NA
1642,0.584426284,0.109645598,0.286911875,2022,state,urban/rural,sector_state,0,Karnataka,NA,NA,NA,NA,NA,NA,NA,NA,NA,NA,1,0,NA,NA,NA,NA,NA
1643,0,0,0,2022,state,urban/rural,sector_state,0,Karnataka,NA,NA,NA,NA,NA,NA,NA,NA,NA,NA,NA,NA,NA,NA,NA,NA,NA
1644,0.133265227,0.558431625,0.078202225,2022,state,urban/rural,sector_state,0,Goa,NA,NA,NA,NA,NA,NA,NA,NA,NA,NA,0,1,NA,NA,NA,NA,NA
1645,0.238826483,0.577827692,0.117348127,2022,state,urban/rural,sector_state,0,Goa,NA,NA,NA,NA,NA,NA,NA,NA,NA,NA,1,0,NA,NA,NA,NA,NA
1646,0,0,0,2022,state,urban/rural,sector_state,0,Goa,NA,NA,NA,NA,NA,NA,NA,NA,NA,NA,NA,NA,NA,NA,NA,NA,NA
1647,0.507158637,0.199022949,0.220498845,2022,state,urban/rural,sector_state,0,Lakshadweep,NA,NA,NA,NA,NA,NA,NA,NA,NA,NA,0,1,NA,NA,NA,NA,NA
1648,0.30898115,0.366826683,0.267407149,2022,state,urban/rural,sector_state,0,Lakshadweep,NA,NA,NA,NA,NA,NA,NA,NA,NA,NA,1,0,NA,NA,NA,NA,NA
1649,0,0,0,2022,state,urban/rural,sector_state,0,Lakshadweep,NA,NA,NA,NA,NA,NA,NA,NA,NA,NA,NA,NA,NA,NA,NA,NA,NA
1650,0.17203629,0.202155083,0.266277671,2022,state,urban/rural,sector_state,0,Kerala,NA,NA,NA,NA,NA,NA,NA,NA,NA,NA,0,1,NA,NA,NA,NA,NA
1651,0.318693548,0.234848976,0.328417689,2022,state,urban/rural,sector_state,0,Kerala,NA,NA,NA,NA,NA,NA,NA,NA,NA,NA,1,0,NA,NA,NA,NA,NA
1652,0,0,0,2022,state,urban/rural,sector_state,0,Kerala,NA,NA,NA,NA,NA,NA,NA,NA,NA,NA,NA,NA,NA,NA,NA,NA,NA
1653,0.196121618,0.214713976,0.447608054,2022,state,urban/rural,sector_state,0,Tamil Nadu,NA,NA,NA,NA,NA,NA,NA,NA,NA,NA,0,1,NA,NA,NA,NA,NA
1654,0.34914273,0.228192121,0.392715663,2022,state,urban/rural,sector_state,0,Tamil Nadu,NA,NA,NA,NA,NA,NA,NA,NA,NA,NA,1,0,NA,NA,NA,NA,NA
1655,0,0,0,2022,state,urban/rural,sector_state,0,Tamil Nadu,NA,NA,NA,NA,NA,NA,NA,NA,NA,NA,NA,NA,NA,NA,NA,NA,NA
1656,0.071427926,0.353931874,0.340717673,2022,state,urban/rural,sector_state,0,Puducherry,NA,NA,NA,NA,NA,NA,NA,NA,NA,NA,0,1,NA,NA,NA,NA,NA
1657,0.235270351,0.390611947,0.339138031,2022,state,urban/rural,sector_state,0,Puducherry,NA,NA,NA,NA,NA,NA,NA,NA,NA,NA,1,0,NA,NA,NA,NA,NA
1658,0,0,0,2022,state,urban/rural,sector_state,0,Puducherry,NA,NA,NA,NA,NA,NA,NA,NA,NA,NA,NA,NA,NA,NA,NA,NA,NA
1659,0.337508023,0.445231497,0.120273724,2022,state,urban/rural,sector_state,0,A & N Island,NA,NA,NA,NA,NA,NA,NA,NA,NA,NA,0,1,NA,NA,NA,NA,NA
1660,0.413224578,0.422425807,0.111738108,2022,state,urban/rural,sector_state,0,A & N Island,NA,NA,NA,NA,NA,NA,NA,NA,NA,NA,1,0,NA,NA,NA,NA,NA
1661,0,0,0,2022,state,urban/rural,sector_state,0,A & N Island,NA,NA,NA,NA,NA,NA,NA,NA,NA,NA,NA,NA,NA,NA,NA,NA,NA
1662,0.405435264,0.081889607,0.325354517,2022,state,urban/rural,sector_state,0,Telangana,NA,NA,NA,NA,NA,NA,NA,NA,NA,NA,0,1,NA,NA,NA,NA,NA
1663,0.662417471,0.095542163,0.216149464,2022,state,urban/rural,sector_state,0,Telangana,NA,NA,NA,NA,NA,NA,NA,NA,NA,NA,1,0,NA,NA,NA,NA,NA
1664,0,0,0,2022,state,urban/rural,sector_state,0,Telangana,NA,NA,NA,NA,NA,NA,NA,NA,NA,NA,NA,NA,NA,NA,NA,NA,NA
1665,0.708149731,0.291850269,0,2022,state,urban/rural,sector_state,0,Ladakh,NA,NA,NA,NA,NA,NA,NA,NA,NA,NA,0,1,NA,NA,NA,NA,NA
1666,0.471551329,0.326888651,0.160864025,2022,state,urban/rural,sector_state,0,Ladakh,NA,NA,NA,NA,NA,NA,NA,NA,NA,NA,1,0,NA,NA,NA,NA,NA
1667,0,0,0,2022,state,urban/rural,sector_state,0,Ladakh,NA,NA,NA,NA,NA,NA,NA,NA,NA,NA,NA,NA,NA,NA,NA,NA,NA
1668,0.169262841,0.332331628,0.056393005,2022,state,urban/rural,sector_state,1,Jammu & Kashmir,NA,NA,NA,NA,NA,NA,NA,NA,NA,NA,0,1,NA,NA,NA,NA,NA
1669,0.425815105,0.386815459,0.0980184,2022,state,urban/rural,sector_state,1,Jammu & Kashmir,NA,NA,NA,NA,NA,NA,NA,NA,NA,NA,1,0,NA,NA,NA,NA,NA
1670,0,0,0,2022,state,urban/rural,sector_state,1,Jammu & Kashmir,NA,NA,NA,NA,NA,NA,NA,NA,NA,NA,NA,NA,NA,NA,NA,NA,NA
1671,0.208420366,0.312878966,0.018022155,2022,state,urban/rural,sector_state,1,Himachal Pradesh,NA,NA,NA,NA,NA,NA,NA,NA,NA,NA,0,1,NA,NA,NA,NA,NA
1672,0.346745044,0.46416539,0.071219206,2022,state,urban/rural,sector_state,1,Himachal Pradesh,NA,NA,NA,NA,NA,NA,NA,NA,NA,NA,1,0,NA,NA,NA,NA,NA
1673,0,0,0,2022,state,urban/rural,sector_state,1,Himachal Pradesh,NA,NA,NA,NA,NA,NA,NA,NA,NA,NA,NA,NA,NA,NA,NA,NA,NA
1674,0.307880461,0.373889565,0.165060461,2022,state,urban/rural,sector_state,1,Punjab,NA,NA,NA,NA,NA,NA,NA,NA,NA,NA,0,1,NA,NA,NA,NA,NA
1675,0.433217585,0.345885545,0.153518587,2022,state,urban/rural,sector_state,1,Punjab,NA,NA,NA,NA,NA,NA,NA,NA,NA,NA,1,0,NA,NA,NA,NA,NA
1676,0,0,0,2022,state,urban/rural,sector_state,1,Punjab,NA,NA,NA,NA,NA,NA,NA,NA,NA,NA,NA,NA,NA,NA,NA,NA,NA
1677,0.154515326,0.39013508,0,2022,state,urban/rural,sector_state,1,Chandigarh,NA,NA,NA,NA,NA,NA,NA,NA,NA,NA,0,1,NA,NA,NA,NA,NA
1678,0.311453253,0.503144979,0.059704907,2022,state,urban/rural,sector_state,1,Chandigarh,NA,NA,NA,NA,NA,NA,NA,NA,NA,NA,1,0,NA,NA,NA,NA,NA
1679,0,0,0,2022,state,urban/rural,sector_state,1,Chandigarh,NA,NA,NA,NA,NA,NA,NA,NA,NA,NA,NA,NA,NA,NA,NA,NA,NA
1680,0.169072166,0.510035753,0.200329661,2022,state,urban/rural,sector_state,1,Uttrakhand,NA,NA,NA,NA,NA,NA,NA,NA,NA,NA,0,1,NA,NA,NA,NA,NA
1681,0.380827367,0.445610136,0.103918917,2022,state,urban/rural,sector_state,1,Uttrakhand,NA,NA,NA,NA,NA,NA,NA,NA,NA,NA,1,0,NA,NA,NA,NA,NA
1682,0,0,0,2022,state,urban/rural,sector_state,1,Uttrakhand,NA,NA,NA,NA,NA,NA,NA,NA,NA,NA,NA,NA,NA,NA,NA,NA,NA
1683,0.291967422,0.524302721,0.077045649,2022,state,urban/rural,sector_state,1,Haryana,NA,NA,NA,NA,NA,NA,NA,NA,NA,NA,0,1,NA,NA,NA,NA,NA
1684,0.385667622,0.446135461,0.124227382,2022,state,urban/rural,sector_state,1,Haryana,NA,NA,NA,NA,NA,NA,NA,NA,NA,NA,1,0,NA,NA,NA,NA,NA
1685,0,0,0,2022,state,urban/rural,sector_state,1,Haryana,NA,NA,NA,NA,NA,NA,NA,NA,NA,NA,NA,NA,NA,NA,NA,NA,NA
1686,0.317474455,0.450204462,0.092784718,2022,state,urban/rural,sector_state,1,Delhi,NA,NA,NA,NA,NA,NA,NA,NA,NA,NA,0,1,NA,NA,NA,NA,NA
1687,0.377664149,0.4446868,0.08774966,2022,state,urban/rural,sector_state,1,Delhi,NA,NA,NA,NA,NA,NA,NA,NA,NA,NA,1,0,NA,NA,NA,NA,NA
1688,0,0,0,2022,state,urban/rural,sector_state,1,Delhi,NA,NA,NA,NA,NA,NA,NA,NA,NA,NA,NA,NA,NA,NA,NA,NA,NA
1689,0.320223004,0.347893417,0.162192702,2022,state,urban/rural,sector_state,1,Rajasthan,NA,NA,NA,NA,NA,NA,NA,NA,NA,NA,0,1,NA,NA,NA,NA,NA
1690,0.435432434,0.358415097,0.151075885,2022,state,urban/rural,sector_state,1,Rajasthan,NA,NA,NA,NA,NA,NA,NA,NA,NA,NA,1,0,NA,NA,NA,NA,NA
1691,0,0,0,2022,state,urban/rural,sector_state,1,Rajasthan,NA,NA,NA,NA,NA,NA,NA,NA,NA,NA,NA,NA,NA,NA,NA,NA,NA
1692,0.345753461,0.373847246,0.120983683,2022,state,urban/rural,sector_state,1,Uttar Pradesh,NA,NA,NA,NA,NA,NA,NA,NA,NA,NA,0,1,NA,NA,NA,NA,NA
1693,0.461867571,0.323924482,0.15589194,2022,state,urban/rural,sector_state,1,Uttar Pradesh,NA,NA,NA,NA,NA,NA,NA,NA,NA,NA,1,0,NA,NA,NA,NA,NA
1694,0,0,0,2022,state,urban/rural,sector_state,1,Uttar Pradesh,NA,NA,NA,NA,NA,NA,NA,NA,NA,NA,NA,NA,NA,NA,NA,NA,NA
1695,0.326221824,0.358344406,0.14816457,2022,state,urban/rural,sector_state,1,Bihar,NA,NA,NA,NA,NA,NA,NA,NA,NA,NA,0,1,NA,NA,NA,NA,NA
1696,0.466866374,0.278231859,0.201031119,2022,state,urban/rural,sector_state,1,Bihar,NA,NA,NA,NA,NA,NA,NA,NA,NA,NA,1,0,NA,NA,NA,NA,NA
1697,0,0,0,2022,state,urban/rural,sector_state,1,Bihar,NA,NA,NA,NA,NA,NA,NA,NA,NA,NA,NA,NA,NA,NA,NA,NA,NA
1698,0.293421507,0.480592161,0.027707839,2022,state,urban/rural,sector_state,1,Sikkim,NA,NA,NA,NA,NA,NA,NA,NA,NA,NA,0,1,NA,NA,NA,NA,NA
1699,0.35756582,0.533281624,0.06986136,2022,state,urban/rural,sector_state,1,Sikkim,NA,NA,NA,NA,NA,NA,NA,NA,NA,NA,1,0,NA,NA,NA,NA,NA
1700,0,0,0,2022,state,urban/rural,sector_state,1,Sikkim,NA,NA,NA,NA,NA,NA,NA,NA,NA,NA,NA,NA,NA,NA,NA,NA,NA
1701,0.277277261,0.527926385,0.03697633,2022,state,urban/rural,sector_state,1,Arunachal Pradesh,NA,NA,NA,NA,NA,NA,NA,NA,NA,NA,0,1,NA,NA,NA,NA,NA
1702,0.393006206,0.523481309,0.043726761,2022,state,urban/rural,sector_state,1,Arunachal Pradesh,NA,NA,NA,NA,NA,NA,NA,NA,NA,NA,1,0,NA,NA,NA,NA,NA
1703,0,0,0,2022,state,urban/rural,sector_state,1,Arunachal Pradesh,NA,NA,NA,NA,NA,NA,NA,NA,NA,NA,NA,NA,NA,NA,NA,NA,NA
1704,0.428845584,0.363235056,0.030114701,2022,state,urban/rural,sector_state,1,Nagaland,NA,NA,NA,NA,NA,NA,NA,NA,NA,NA,0,1,NA,NA,NA,NA,NA
1705,0.371233553,0.491189152,0.074836776,2022,state,urban/rural,sector_state,1,Nagaland,NA,NA,NA,NA,NA,NA,NA,NA,NA,NA,1,0,NA,NA,NA,NA,NA
1706,0,0,0,2022,state,urban/rural,sector_state,1,Nagaland,NA,NA,NA,NA,NA,NA,NA,NA,NA,NA,NA,NA,NA,NA,NA,NA,NA
1707,0.491690457,0.318906516,0.099234425,2022,state,urban/rural,sector_state,1,Manipur,NA,NA,NA,NA,NA,NA,NA,NA,NA,NA,0,1,NA,NA,NA,NA,NA
1708,0.45012483,0.357794106,0.13671945,2022,state,urban/rural,sector_state,1,Manipur,NA,NA,NA,NA,NA,NA,NA,NA,NA,NA,1,0,NA,NA,NA,NA,NA
1709,0,0,0,2022,state,urban/rural,sector_state,1,Manipur,NA,NA,NA,NA,NA,NA,NA,NA,NA,NA,NA,NA,NA,NA,NA,NA,NA
1710,0.456982493,0.409794271,0.064265989,2022,state,urban/rural,sector_state,1,Mizoram,NA,NA,NA,NA,NA,NA,NA,NA,NA,NA,0,1,NA,NA,NA,NA,NA
1711,0.375993282,0.488280922,0.076123089,2022,state,urban/rural,sector_state,1,Mizoram,NA,NA,NA,NA,NA,NA,NA,NA,NA,NA,1,0,NA,NA,NA,NA,NA
1712,0,0,0,2022,state,urban/rural,sector_state,1,Mizoram,NA,NA,NA,NA,NA,NA,NA,NA,NA,NA,NA,NA,NA,NA,NA,NA,NA
1713,0.411542833,0.280744821,0.145946652,2022,state,urban/rural,sector_state,1,Tripura,NA,NA,NA,NA,NA,NA,NA,NA,NA,NA,0,1,NA,NA,NA,NA,NA
1714,0.440198392,0.296405196,0.17652899,2022,state,urban/rural,sector_state,1,Tripura,NA,NA,NA,NA,NA,NA,NA,NA,NA,NA,1,0,NA,NA,NA,NA,NA
1715,0,0,0,2022,state,urban/rural,sector_state,1,Tripura,NA,NA,NA,NA,NA,NA,NA,NA,NA,NA,NA,NA,NA,NA,NA,NA,NA
1716,0.284856021,0.512195468,0.161227092,2022,state,urban/rural,sector_state,1,Meghalaya,NA,NA,NA,NA,NA,NA,NA,NA,NA,NA,0,1,NA,NA,NA,NA,NA
1717,0.397940457,0.456012458,0.13453798,2022,state,urban/rural,sector_state,1,Meghalaya,NA,NA,NA,NA,NA,NA,NA,NA,NA,NA,1,0,NA,NA,NA,NA,NA
1718,0,0,0,2022,state,urban/rural,sector_state,1,Meghalaya,NA,NA,NA,NA,NA,NA,NA,NA,NA,NA,NA,NA,NA,NA,NA,NA,NA
1719,0.380099624,0.337512612,0.110601105,2022,state,urban/rural,sector_state,1,Assam,NA,NA,NA,NA,NA,NA,NA,NA,NA,NA,0,1,NA,NA,NA,NA,NA
1720,0.466549665,0.36068061,0.109537952,2022,state,urban/rural,sector_state,1,Assam,NA,NA,NA,NA,NA,NA,NA,NA,NA,NA,1,0,NA,NA,NA,NA,NA
1721,0,0,0,2022,state,urban/rural,sector_state,1,Assam,NA,NA,NA,NA,NA,NA,NA,NA,NA,NA,NA,NA,NA,NA,NA,NA,NA
1722,0.294416279,0.414660811,0.136292756,2022,state,urban/rural,sector_state,1,West Bengal,NA,NA,NA,NA,NA,NA,NA,NA,NA,NA,0,1,NA,NA,NA,NA,NA
1723,0.406555682,0.358094871,0.174856499,2022,state,urban/rural,sector_state,1,West Bengal,NA,NA,NA,NA,NA,NA,NA,NA,NA,NA,1,0,NA,NA,NA,NA,NA
1724,0,0,0,2022,state,urban/rural,sector_state,1,West Bengal,NA,NA,NA,NA,NA,NA,NA,NA,NA,NA,NA,NA,NA,NA,NA,NA,NA
1725,0.150464803,0.491319627,0.139583066,2022,state,urban/rural,sector_state,1,Jharkhand,NA,NA,NA,NA,NA,NA,NA,NA,NA,NA,0,1,NA,NA,NA,NA,NA
1726,0.363926589,0.430827081,0.125619471,2022,state,urban/rural,sector_state,1,Jharkhand,NA,NA,NA,NA,NA,NA,NA,NA,NA,NA,1,0,NA,NA,NA,NA,NA
1727,0,0,0,2022,state,urban/rural,sector_state,1,Jharkhand,NA,NA,NA,NA,NA,NA,NA,NA,NA,NA,NA,NA,NA,NA,NA,NA,NA
1728,0.238148943,0.310454756,0.252961576,2022,state,urban/rural,sector_state,1,Odisha,NA,NA,NA,NA,NA,NA,NA,NA,NA,NA,0,1,NA,NA,NA,NA,NA
1729,0.418277293,0.38425079,0.149086371,2022,state,urban/rural,sector_state,1,Odisha,NA,NA,NA,NA,NA,NA,NA,NA,NA,NA,1,0,NA,NA,NA,NA,NA
1730,0,0,0,2022,state,urban/rural,sector_state,1,Odisha,NA,NA,NA,NA,NA,NA,NA,NA,NA,NA,NA,NA,NA,NA,NA,NA,NA
1731,0.218456,0.476686776,0.218712389,2022,state,urban/rural,sector_state,1,Chhattisgarh,NA,NA,NA,NA,NA,NA,NA,NA,NA,NA,0,1,NA,NA,NA,NA,NA
1732,0.355362564,0.465831697,0.137168318,2022,state,urban/rural,sector_state,1,Chhattisgarh,NA,NA,NA,NA,NA,NA,NA,NA,NA,NA,1,0,NA,NA,NA,NA,NA
1733,0,0,0,2022,state,urban/rural,sector_state,1,Chhattisgarh,NA,NA,NA,NA,NA,NA,NA,NA,NA,NA,NA,NA,NA,NA,NA,NA,NA
1734,0.349468976,0.323202789,0.175796241,2022,state,urban/rural,sector_state,1,Madhya Pradesh,NA,NA,NA,NA,NA,NA,NA,NA,NA,NA,0,1,NA,NA,NA,NA,NA
1735,0.433731765,0.338367194,0.180675671,2022,state,urban/rural,sector_state,1,Madhya Pradesh,NA,NA,NA,NA,NA,NA,NA,NA,NA,NA,1,0,NA,NA,NA,NA,NA
1736,0,0,0,2022,state,urban/rural,sector_state,1,Madhya Pradesh,NA,NA,NA,NA,NA,NA,NA,NA,NA,NA,NA,NA,NA,NA,NA,NA,NA
1737,0.300863713,0.455238372,0.131498113,2022,state,urban/rural,sector_state,1,Gujarat,NA,NA,NA,NA,NA,NA,NA,NA,NA,NA,0,1,NA,NA,NA,NA,NA
1738,0.410191029,0.439419538,0.117304996,2022,state,urban/rural,sector_state,1,Gujarat,NA,NA,NA,NA,NA,NA,NA,NA,NA,NA,1,0,NA,NA,NA,NA,NA
1739,0,0,0,2022,state,urban/rural,sector_state,1,Gujarat,NA,NA,NA,NA,NA,NA,NA,NA,NA,NA,NA,NA,NA,NA,NA,NA,NA
1740,0.204752564,0.577331066,0.038648501,2022,state,urban/rural,sector_state,1,Daman & Diu & D & N Haveli,NA,NA,NA,NA,NA,NA,NA,NA,NA,NA,0,1,NA,NA,NA,NA,NA
1741,0.152003989,0.811586916,0.028882422,2022,state,urban/rural,sector_state,1,Daman & Diu & D & N Haveli,NA,NA,NA,NA,NA,NA,NA,NA,NA,NA,1,0,NA,NA,NA,NA,NA
1742,0,0,0,2022,state,urban/rural,sector_state,1,Daman & Diu & D & N Haveli,NA,NA,NA,NA,NA,NA,NA,NA,NA,NA,NA,NA,NA,NA,NA,NA,NA
1743,0.237912655,0.47035253,0.134007618,2022,state,urban/rural,sector_state,1,Maharashtra,NA,NA,NA,NA,NA,NA,NA,NA,NA,NA,0,1,NA,NA,NA,NA,NA
1744,0.350395977,0.46987468,0.11705111,2022,state,urban/rural,sector_state,1,Maharashtra,NA,NA,NA,NA,NA,NA,NA,NA,NA,NA,1,0,NA,NA,NA,NA,NA
1745,0,0,0,2022,state,urban/rural,sector_state,1,Maharashtra,NA,NA,NA,NA,NA,NA,NA,NA,NA,NA,NA,NA,NA,NA,NA,NA,NA
1746,0.223214179,0.379432559,0.156038851,2022,state,urban/rural,sector_state,1,Andhra Pradesh,NA,NA,NA,NA,NA,NA,NA,NA,NA,NA,0,1,NA,NA,NA,NA,NA
1747,0.37126109,0.384100199,0.163776129,2022,state,urban/rural,sector_state,1,Andhra Pradesh,NA,NA,NA,NA,NA,NA,NA,NA,NA,NA,1,0,NA,NA,NA,NA,NA
1748,0,0,0,2022,state,urban/rural,sector_state,1,Andhra Pradesh,NA,NA,NA,NA,NA,NA,NA,NA,NA,NA,NA,NA,NA,NA,NA,NA,NA
1749,0.224586546,0.43473357,0.149875954,2022,state,urban/rural,sector_state,1,Karnataka,NA,NA,NA,NA,NA,NA,NA,NA,NA,NA,0,1,NA,NA,NA,NA,NA
1750,0.36984393,0.439898461,0.136926949,2022,state,urban/rural,sector_state,1,Karnataka,NA,NA,NA,NA,NA,NA,NA,NA,NA,NA,1,0,NA,NA,NA,NA,NA
1751,0,0,0,2022,state,urban/rural,sector_state,1,Karnataka,NA,NA,NA,NA,NA,NA,NA,NA,NA,NA,NA,NA,NA,NA,NA,NA,NA
1752,0.189072743,0.569849253,0.073542245,2022,state,urban/rural,sector_state,1,Goa,NA,NA,NA,NA,NA,NA,NA,NA,NA,NA,0,1,NA,NA,NA,NA,NA
1753,0.263967872,0.572270036,0.091586627,2022,state,urban/rural,sector_state,1,Goa,NA,NA,NA,NA,NA,NA,NA,NA,NA,NA,1,0,NA,NA,NA,NA,NA
1754,0,0,0,2022,state,urban/rural,sector_state,1,Goa,NA,NA,NA,NA,NA,NA,NA,NA,NA,NA,NA,NA,NA,NA,NA,NA,NA
1755,0.359824598,0.286592752,0.165913135,2022,state,urban/rural,sector_state,1,Lakshadweep,NA,NA,NA,NA,NA,NA,NA,NA,NA,NA,0,1,NA,NA,NA,NA,NA
1756,0.405433893,0.334128827,0.203933865,2022,state,urban/rural,sector_state,1,Lakshadweep,NA,NA,NA,NA,NA,NA,NA,NA,NA,NA,1,0,NA,NA,NA,NA,NA
1757,0,0,0,2022,state,urban/rural,sector_state,1,Lakshadweep,NA,NA,NA,NA,NA,NA,NA,NA,NA,NA,NA,NA,NA,NA,NA,NA,NA
1758,0.14755708,0.265048265,0.19841066,2022,state,urban/rural,sector_state,1,Kerala,NA,NA,NA,NA,NA,NA,NA,NA,NA,NA,0,1,NA,NA,NA,NA,NA
1759,0.271318704,0.330529124,0.261031389,2022,state,urban/rural,sector_state,1,Kerala,NA,NA,NA,NA,NA,NA,NA,NA,NA,NA,1,0,NA,NA,NA,NA,NA
1760,0,0,0,2022,state,urban/rural,sector_state,1,Kerala,NA,NA,NA,NA,NA,NA,NA,NA,NA,NA,NA,NA,NA,NA,NA,NA,NA
1761,0.153926581,0.447644055,0.158431649,2022,state,urban/rural,sector_state,1,Tamil Nadu,NA,NA,NA,NA,NA,NA,NA,NA,NA,NA,0,1,NA,NA,NA,NA,NA
1762,0.272205919,0.474326104,0.185666516,2022,state,urban/rural,sector_state,1,Tamil Nadu,NA,NA,NA,NA,NA,NA,NA,NA,NA,NA,1,0,NA,NA,NA,NA,NA
1763,0,0,0,2022,state,urban/rural,sector_state,1,Tamil Nadu,NA,NA,NA,NA,NA,NA,NA,NA,NA,NA,NA,NA,NA,NA,NA,NA,NA
1764,0.127688408,0.404941499,0.177429333,2022,state,urban/rural,sector_state,1,Puducherry,NA,NA,NA,NA,NA,NA,NA,NA,NA,NA,0,1,NA,NA,NA,NA,NA
1765,0.290594667,0.395038158,0.220949292,2022,state,urban/rural,sector_state,1,Puducherry,NA,NA,NA,NA,NA,NA,NA,NA,NA,NA,1,0,NA,NA,NA,NA,NA
1766,0,0,0,2022,state,urban/rural,sector_state,1,Puducherry,NA,NA,NA,NA,NA,NA,NA,NA,NA,NA,NA,NA,NA,NA,NA,NA,NA
1767,0.118467577,0.630623817,0.058275305,2022,state,urban/rural,sector_state,1,A & N Island,NA,NA,NA,NA,NA,NA,NA,NA,NA,NA,0,1,NA,NA,NA,NA,NA
1768,0.223724201,0.676671565,0.053678371,2022,state,urban/rural,sector_state,1,A & N Island,NA,NA,NA,NA,NA,NA,NA,NA,NA,NA,1,0,NA,NA,NA,NA,NA
1769,0,0,0,2022,state,urban/rural,sector_state,1,A & N Island,NA,NA,NA,NA,NA,NA,NA,NA,NA,NA,NA,NA,NA,NA,NA,NA,NA
1770,0.209706455,0.439069659,0.054642811,2022,state,urban/rural,sector_state,1,Telangana,NA,NA,NA,NA,NA,NA,NA,NA,NA,NA,0,1,NA,NA,NA,NA,NA
1771,0.36065641,0.498493493,0.083753951,2022,state,urban/rural,sector_state,1,Telangana,NA,NA,NA,NA,NA,NA,NA,NA,NA,NA,1,0,NA,NA,NA,NA,NA
1772,0,0,0,2022,state,urban/rural,sector_state,1,Telangana,NA,NA,NA,NA,NA,NA,NA,NA,NA,NA,NA,NA,NA,NA,NA,NA,NA
1773,0.452542901,0.501689196,0,2022,state,urban/rural,sector_state,1,Ladakh,NA,NA,NA,NA,NA,NA,NA,NA,NA,NA,0,1,NA,NA,NA,NA,NA
1774,0.439024061,0.43417576,0.033309683,2022,state,urban/rural,sector_state,1,Ladakh,NA,NA,NA,NA,NA,NA,NA,NA,NA,NA,1,0,NA,NA,NA,NA,NA
1775,0,0,0,2022,state,urban/rural,sector_state,1,Ladakh,NA,NA,NA,NA,NA,NA,NA,NA,NA,NA,NA,NA,NA,NA,NA,NA,NA
1776,0.52196604,0.175145,0.179655299,2022,allindia,All,allindia,99,India,NA,NA,NA,NA,NA,NA,NA,NA,NA,NA,NA,NA,0,0,0,1,NA
1777,0.499667674,0.211758807,0.246221378,2022,allindia,All,allindia,99,India,NA,NA,NA,NA,NA,NA,NA,NA,NA,NA,NA,NA,0,0,1,0,NA
1778,0.411829233,0.235200614,0.32434693,2022,allindia,All,allindia,99,India,NA,NA,NA,NA,NA,NA,NA,NA,NA,NA,NA,NA,0,1,0,0,NA
1779,0.271844089,0.257794291,0.351729006,2022,allindia,All,allindia,99,India,NA,NA,NA,NA,NA,NA,NA,NA,NA,NA,NA,NA,1,0,0,0,NA
1780,0,3.00E-07,6.65E-06,2022,allindia,All,allindia,99,India,NA,NA,NA,NA,NA,NA,NA,NA,NA,NA,NA,NA,NA,NA,NA,NA,NA
1781,0.574723065,0.115008019,0.212332994,2022,allindia,urban/rural,sect_allindia,0,India,NA,NA,NA,NA,NA,NA,NA,NA,NA,NA,NA,NA,0,0,0,1,NA
1782,0.540198684,0.135276645,0.290441841,2022,allindia,urban/rural,sect_allindia,0,India,NA,NA,NA,NA,NA,NA,NA,NA,NA,NA,NA,NA,0,0,1,0,NA
1783,0.434021086,0.157546103,0.380470514,2022,allindia,urban/rural,sect_allindia,0,India,NA,NA,NA,NA,NA,NA,NA,NA,NA,NA,NA,NA,0,1,0,0,NA
1784,0.309513956,0.175961927,0.429075837,2022,allindia,urban/rural,sect_allindia,0,India,NA,NA,NA,NA,NA,NA,NA,NA,NA,NA,NA,NA,1,0,0,0,NA
1785,0,0,9.31E-06,2022,allindia,urban/rural,sect_allindia,0,India,NA,NA,NA,NA,NA,NA,NA,NA,NA,NA,NA,NA,NA,NA,NA,NA,NA
1786,0.39220342,0.323210269,0.099212661,2022,allindia,urban/rural,sect_allindia,1,India,NA,NA,NA,NA,NA,NA,NA,NA,NA,NA,NA,NA,0,0,0,1,NA
1787,0.400434434,0.399048507,0.137932971,2022,allindia,urban/rural,sect_allindia,1,India,NA,NA,NA,NA,NA,NA,NA,NA,NA,NA,NA,NA,0,0,1,0,NA
1788,0.352719545,0.442440838,0.174443498,2022,allindia,urban/rural,sect_allindia,1,India,NA,NA,NA,NA,NA,NA,NA,NA,NA,NA,NA,NA,0,1,0,0,NA
1789,0.181834459,0.453552932,0.166688323,2022,allindia,urban/rural,sect_allindia,1,India,NA,NA,NA,NA,NA,NA,NA,NA,NA,NA,NA,NA,1,0,0,0,NA
1790,0,1.05E-06,0,2022,allindia,urban/rural,sect_allindia,1,India,NA,NA,NA,NA,NA,NA,NA,NA,NA,NA,NA,NA,NA,NA,NA,NA,NA
1791,0.43651545,0.294716537,0.157925233,2022,state,All,state,99,Jammu & Kashmir,NA,NA,NA,NA,NA,NA,NA,NA,NA,NA,NA,NA,0,0,0,1,NA
1792,0.454270989,0.299779862,0.173437074,2022,state,All,state,99,Jammu & Kashmir,NA,NA,NA,NA,NA,NA,NA,NA,NA,NA,NA,NA,0,0,1,0,NA
1793,0.375382394,0.279252946,0.298216015,2022,state,All,state,99,Jammu & Kashmir,NA,NA,NA,NA,NA,NA,NA,NA,NA,NA,NA,NA,0,1,0,0,NA
1794,0.211892828,0.212627843,0.48300153,2022,state,All,state,99,Jammu & Kashmir,NA,NA,NA,NA,NA,NA,NA,NA,NA,NA,NA,NA,1,0,0,0,NA
1795,0,0,0,2022,state,All,state,99,Jammu & Kashmir,NA,NA,NA,NA,NA,NA,NA,NA,NA,NA,NA,NA,NA,NA,NA,NA,NA
1796,0.532350004,0.195766896,0.110069342,2022,state,All,state,99,Himachal Pradesh,NA,NA,NA,NA,NA,NA,NA,NA,NA,NA,NA,NA,0,0,0,1,NA
1797,0.51181066,0.246951133,0.168596849,2022,state,All,state,99,Himachal Pradesh,NA,NA,NA,NA,NA,NA,NA,NA,NA,NA,NA,NA,0,0,1,0,NA
1798,0.46012345,0.275336474,0.206611738,2022,state,All,state,99,Himachal Pradesh,NA,NA,NA,NA,NA,NA,NA,NA,NA,NA,NA,NA,0,1,0,0,NA
1799,0.125376478,0.300035357,0.064392217,2022,state,All,state,99,Himachal Pradesh,NA,NA,NA,NA,NA,NA,NA,NA,NA,NA,NA,NA,1,0,0,0,NA
1800,0,0,0,2022,state,All,state,99,Himachal Pradesh,NA,NA,NA,NA,NA,NA,NA,NA,NA,NA,NA,NA,NA,NA,NA,NA,NA
1801,0.472766399,0.183861077,0.228366137,2022,state,All,state,99,Punjab,NA,NA,NA,NA,NA,NA,NA,NA,NA,NA,NA,NA,0,0,0,1,NA
1802,0.440122873,0.23202692,0.271590561,2022,state,All,state,99,Punjab,NA,NA,NA,NA,NA,NA,NA,NA,NA,NA,NA,NA,0,0,1,0,NA
1803,0.361116379,0.266830206,0.324585646,2022,state,All,state,99,Punjab,NA,NA,NA,NA,NA,NA,NA,NA,NA,NA,NA,NA,0,1,0,0,NA
1804,0.252102613,0.369061202,0.291540951,2022,state,All,state,99,Punjab,NA,NA,NA,NA,NA,NA,NA,NA,NA,NA,NA,NA,1,0,0,0,NA
1805,0,0,0,2022,state,All,state,99,Punjab,NA,NA,NA,NA,NA,NA,NA,NA,NA,NA,NA,NA,NA,NA,NA,NA,NA
1806,0.423859239,0.276503742,0.001289998,2022,state,All,state,99,Chandigarh,NA,NA,NA,NA,NA,NA,NA,NA,NA,NA,NA,NA,0,0,0,1,NA
1807,0.361500472,0.489308774,0.0786715,2022,state,All,state,99,Chandigarh,NA,NA,NA,NA,NA,NA,NA,NA,NA,NA,NA,NA,0,0,1,0,NA
1808,0.272216469,0.63522011,0.080894582,2022,state,All,state,99,Chandigarh,NA,NA,NA,NA,NA,NA,NA,NA,NA,NA,NA,NA,0,1,0,0,NA
1809,0.084488533,0.307884842,0.006031137,2022,state,All,state,99,Chandigarh,NA,NA,NA,NA,NA,NA,NA,NA,NA,NA,NA,NA,1,0,0,0,NA
1810,0,0,0,2022,state,All,state,99,Chandigarh,NA,NA,NA,NA,NA,NA,NA,NA,NA,NA,NA,NA,NA,NA,NA,NA,NA
1811,0.492229044,0.217337579,0.150778785,2022,state,All,state,99,Uttrakhand,NA,NA,NA,NA,NA,NA,NA,NA,NA,NA,NA,NA,0,0,0,1,NA
1812,0.481971264,0.234626085,0.217825115,2022,state,All,state,99,Uttrakhand,NA,NA,NA,NA,NA,NA,NA,NA,NA,NA,NA,NA,0,0,1,0,NA
1813,0.384236813,0.305746853,0.273352087,2022,state,All,state,99,Uttrakhand,NA,NA,NA,NA,NA,NA,NA,NA,NA,NA,NA,NA,0,1,0,0,NA
1814,0.268837035,0.341428041,0.26011306,2022,state,All,state,99,Uttrakhand,NA,NA,NA,NA,NA,NA,NA,NA,NA,NA,NA,NA,1,0,0,0,NA
1815,0,0,0,2022,state,All,state,99,Uttrakhand,NA,NA,NA,NA,NA,NA,NA,NA,NA,NA,NA,NA,NA,NA,NA,NA,NA
1816,0.485598654,0.219984099,0.180453107,2022,state,All,state,99,Haryana,NA,NA,NA,NA,NA,NA,NA,NA,NA,NA,NA,NA,0,0,0,1,NA
1817,0.443372637,0.258241713,0.258226156,2022,state,All,state,99,Haryana,NA,NA,NA,NA,NA,NA,NA,NA,NA,NA,NA,NA,0,0,1,0,NA
1818,0.378031582,0.313368529,0.291558832,2022,state,All,state,99,Haryana,NA,NA,NA,NA,NA,NA,NA,NA,NA,NA,NA,NA,0,1,0,0,NA
1819,0.201788172,0.44284752,0.31164819,2022,state,All,state,99,Haryana,NA,NA,NA,NA,NA,NA,NA,NA,NA,NA,NA,NA,1,0,0,0,NA
1820,0,0,0,2022,state,All,state,99,Haryana,NA,NA,NA,NA,NA,NA,NA,NA,NA,NA,NA,NA,NA,NA,NA,NA,NA
1821,0.416256756,0.397103697,0.036995206,2022,state,All,state,99,Delhi,NA,NA,NA,NA,NA,NA,NA,NA,NA,NA,NA,NA,0,0,0,1,NA
1822,0.425967216,0.428367853,0.070730962,2022,state,All,state,99,Delhi,NA,NA,NA,NA,NA,NA,NA,NA,NA,NA,NA,NA,0,0,1,0,NA
1823,0.336172402,0.47199735,0.110831663,2022,state,All,state,99,Delhi,NA,NA,NA,NA,NA,NA,NA,NA,NA,NA,NA,NA,0,1,0,0,NA
1824,0.194997191,0.486285418,0.148231372,2022,state,All,state,99,Delhi,NA,NA,NA,NA,NA,NA,NA,NA,NA,NA,NA,NA,1,0,0,0,NA
1825,0,0,0,2022,state,All,state,99,Delhi,NA,NA,NA,NA,NA,NA,NA,NA,NA,NA,NA,NA,NA,NA,NA,NA,NA
1826,0.643048584,0.145522073,0.137153447,2022,state,All,state,99,Rajasthan,NA,NA,NA,NA,NA,NA,NA,NA,NA,NA,NA,NA,0,0,0,1,NA
1827,0.609936714,0.169114262,0.190249816,2022,state,All,state,99,Rajasthan,NA,NA,NA,NA,NA,NA,NA,NA,NA,NA,NA,NA,0,0,1,0,NA
1828,0.519498229,0.187384024,0.26976189,2022,state,All,state,99,Rajasthan,NA,NA,NA,NA,NA,NA,NA,NA,NA,NA,NA,NA,0,1,0,0,NA
1829,0.33130455,0.172916323,0.299789965,2022,state,All,state,99,Rajasthan,NA,NA,NA,NA,NA,NA,NA,NA,NA,NA,NA,NA,1,0,0,0,NA
1830,0,0,0,2022,state,All,state,99,Rajasthan,NA,NA,NA,NA,NA,NA,NA,NA,NA,NA,NA,NA,NA,NA,NA,NA,NA
1831,0.606036007,0.120031156,0.16280061,2022,state,All,state,99,Uttar Pradesh,NA,NA,NA,NA,NA,NA,NA,NA,NA,NA,NA,NA,0,0,0,1,NA
1832,0.583125949,0.137964129,0.228436813,2022,state,All,state,99,Uttar Pradesh,NA,NA,NA,NA,NA,NA,NA,NA,NA,NA,NA,NA,0,0,1,0,NA
1833,0.448711395,0.155387223,0.338229477,2022,state,All,state,99,Uttar Pradesh,NA,NA,NA,NA,NA,NA,NA,NA,NA,NA,NA,NA,0,1,0,0,NA
1834,0.351485163,0.155355692,0.404640049,2022,state,All,state,99,Uttar Pradesh,NA,NA,NA,NA,NA,NA,NA,NA,NA,NA,NA,NA,1,0,0,0,NA
1835,0,0,3.99E-05,2022,state,All,state,99,Uttar Pradesh,NA,NA,NA,NA,NA,NA,NA,NA,NA,NA,NA,NA,NA,NA,NA,NA,NA
1836,0.555959582,0.168208346,0.197776601,2022,state,All,state,99,Bihar,NA,NA,NA,NA,NA,NA,NA,NA,NA,NA,NA,NA,0,0,0,1,NA
1837,0.478726566,0.192587256,0.299096674,2022,state,All,state,99,Bihar,NA,NA,NA,NA,NA,NA,NA,NA,NA,NA,NA,NA,0,0,1,0,NA
1838,0.347722441,0.243915409,0.390539229,2022,state,All,state,99,Bihar,NA,NA,NA,NA,NA,NA,NA,NA,NA,NA,NA,NA,0,1,0,0,NA
1839,0.227326855,0.241782039,0.484803975,2022,state,All,state,99,Bihar,NA,NA,NA,NA,NA,NA,NA,NA,NA,NA,NA,NA,1,0,0,0,NA
1840,0,0,0,2022,state,All,state,99,Bihar,NA,NA,NA,NA,NA,NA,NA,NA,NA,NA,NA,NA,NA,NA,NA,NA,NA
1841,0.543176115,0.347255975,0.082550742,2022,state,All,state,99,Sikkim,NA,NA,NA,NA,NA,NA,NA,NA,NA,NA,NA,NA,0,0,0,1,NA
1842,0.514635623,0.398566931,0.076394677,2022,state,All,state,99,Sikkim,NA,NA,NA,NA,NA,NA,NA,NA,NA,NA,NA,NA,0,0,1,0,NA
1843,0.479699582,0.422974467,0.095008947,2022,state,All,state,99,Sikkim,NA,NA,NA,NA,NA,NA,NA,NA,NA,NA,NA,NA,0,1,0,0,NA
1844,0.191391543,0.50233537,0.078098617,2022,state,All,state,99,Sikkim,NA,NA,NA,NA,NA,NA,NA,NA,NA,NA,NA,NA,1,0,0,0,NA
1845,0,0,0,2022,state,All,state,99,Sikkim,NA,NA,NA,NA,NA,NA,NA,NA,NA,NA,NA,NA,NA,NA,NA,NA,NA
1846,0.694567919,0.254661173,0.01399516,2022,state,All,state,99,Arunachal Pradesh,NA,NA,NA,NA,NA,NA,NA,NA,NA,NA,NA,NA,0,0,0,1,NA
1847,0.663305223,0.285412312,0.035819575,2022,state,All,state,99,Arunachal Pradesh,NA,NA,NA,NA,NA,NA,NA,NA,NA,NA,NA,NA,0,0,1,0,NA
1848,0.634847224,0.310633689,0.049552601,2022,state,All,state,99,Arunachal Pradesh,NA,NA,NA,NA,NA,NA,NA,NA,NA,NA,NA,NA,0,1,0,0,NA
1849,0.604248226,0.208967194,0.07216157,2022,state,All,state,99,Arunachal Pradesh,NA,NA,NA,NA,NA,NA,NA,NA,NA,NA,NA,NA,1,0,0,0,NA
1850,0,0,0,2022,state,All,state,99,Arunachal Pradesh,NA,NA,NA,NA,NA,NA,NA,NA,NA,NA,NA,NA,NA,NA,NA,NA,NA
1851,0.68571949,0.194818527,0.01406028,2022,state,All,state,99,Nagaland,NA,NA,NA,NA,NA,NA,NA,NA,NA,NA,NA,NA,0,0,0,1,NA
1852,0.67490536,0.257798076,0.040200539,2022,state,All,state,99,Nagaland,NA,NA,NA,NA,NA,NA,NA,NA,NA,NA,NA,NA,0,0,1,0,NA
1853,0.645523667,0.28355971,0.058715943,2022,state,All,state,99,Nagaland,NA,NA,NA,NA,NA,NA,NA,NA,NA,NA,NA,NA,0,1,0,0,NA
1854,0.587260425,0.196928471,0.11025051,2022,state,All,state,99,Nagaland,NA,NA,NA,NA,NA,NA,NA,NA,NA,NA,NA,NA,1,0,0,0,NA
1855,0,0,0,2022,state,All,state,99,Nagaland,NA,NA,NA,NA,NA,NA,NA,NA,NA,NA,NA,NA,NA,NA,NA,NA,NA
1856,0.493898153,0.280655593,0.160598278,2022,state,All,state,99,Manipur,NA,NA,NA,NA,NA,NA,NA,NA,NA,NA,NA,NA,0,0,0,1,NA
1857,0.579796255,0.246885478,0.153927937,2022,state,All,state,99,Manipur,NA,NA,NA,NA,NA,NA,NA,NA,NA,NA,NA,NA,0,0,1,0,NA
1858,0.609715641,0.233927146,0.149941891,2022,state,All,state,99,Manipur,NA,NA,NA,NA,NA,NA,NA,NA,NA,NA,NA,NA,0,1,0,0,NA
1859,0.577666819,0.186771452,0.183062643,2022,state,All,state,99,Manipur,NA,NA,NA,NA,NA,NA,NA,NA,NA,NA,NA,NA,1,0,0,0,NA
1860,0,0,0,2022,state,All,state,99,Manipur,NA,NA,NA,NA,NA,NA,NA,NA,NA,NA,NA,NA,NA,NA,NA,NA,NA
1861,0.55863601,0.274580657,0.091301396,2022,state,All,state,99,Mizoram,NA,NA,NA,NA,NA,NA,NA,NA,NA,NA,NA,NA,0,0,0,1,NA
1862,0.494068801,0.367749631,0.094180152,2022,state,All,state,99,Mizoram,NA,NA,NA,NA,NA,NA,NA,NA,NA,NA,NA,NA,0,0,1,0,NA
1863,0.489570141,0.327626616,0.129162192,2022,state,All,state,99,Mizoram,NA,NA,NA,NA,NA,NA,NA,NA,NA,NA,NA,NA,0,1,0,0,NA
1864,0.267553926,0.262708426,0.35716027,2022,state,All,state,99,Mizoram,NA,NA,NA,NA,NA,NA,NA,NA,NA,NA,NA,NA,1,0,0,0,NA
1865,0,0,0,2022,state,All,state,99,Mizoram,NA,NA,NA,NA,NA,NA,NA,NA,NA,NA,NA,NA,NA,NA,NA,NA,NA
1866,0.543635547,0.144065902,0.17079252,2022,state,All,state,99,Tripura,NA,NA,NA,NA,NA,NA,NA,NA,NA,NA,NA,NA,0,0,0,1,NA
1867,0.532748044,0.170441419,0.258879602,2022,state,All,state,99,Tripura,NA,NA,NA,NA,NA,NA,NA,NA,NA,NA,NA,NA,0,0,1,0,NA
1868,0.460551858,0.174540833,0.350067079,2022,state,All,state,99,Tripura,NA,NA,NA,NA,NA,NA,NA,NA,NA,NA,NA,NA,0,1,0,0,NA
1869,0.351469636,0.112259343,0.482636094,2022,state,All,state,99,Tripura,NA,NA,NA,NA,NA,NA,NA,NA,NA,NA,NA,NA,1,0,0,0,NA
1870,0,0,0,2022,state,All,state,99,Tripura,NA,NA,NA,NA,NA,NA,NA,NA,NA,NA,NA,NA,NA,NA,NA,NA,NA
1871,0.54998374,0.255691558,0.170921445,2022,state,All,state,99,Meghalaya,NA,NA,NA,NA,NA,NA,NA,NA,NA,NA,NA,NA,0,0,0,1,NA
1872,0.577034056,0.252384722,0.166960552,2022,state,All,state,99,Meghalaya,NA,NA,NA,NA,NA,NA,NA,NA,NA,NA,NA,NA,0,0,1,0,NA
1873,0.583080351,0.165353775,0.251062423,2022,state,All,state,99,Meghalaya,NA,NA,NA,NA,NA,NA,NA,NA,NA,NA,NA,NA,0,1,0,0,NA
1874,0.363462836,0.15826498,0.418346375,2022,state,All,state,99,Meghalaya,NA,NA,NA,NA,NA,NA,NA,NA,NA,NA,NA,NA,1,0,0,0,NA
1875,0,0,0,2022,state,All,state,99,Meghalaya,NA,NA,NA,NA,NA,NA,NA,NA,NA,NA,NA,NA,NA,NA,NA,NA,NA
1876,0.491161555,0.166107237,0.259409726,2022,state,All,state,99,Assam,NA,NA,NA,NA,NA,NA,NA,NA,NA,NA,NA,NA,0,0,0,1,NA
1877,0.470177948,0.181455806,0.318545401,2022,state,All,state,99,Assam,NA,NA,NA,NA,NA,NA,NA,NA,NA,NA,NA,NA,0,0,1,0,NA
1878,0.407155991,0.174011245,0.40174517,2022,state,All,state,99,Assam,NA,NA,NA,NA,NA,NA,NA,NA,NA,NA,NA,NA,0,1,0,0,NA
1879,0.285784096,0.195920676,0.458238214,2022,state,All,state,99,Assam,NA,NA,NA,NA,NA,NA,NA,NA,NA,NA,NA,NA,1,0,0,0,NA
1880,0,0,0,2022,state,All,state,99,Assam,NA,NA,NA,NA,NA,NA,NA,NA,NA,NA,NA,NA,NA,NA,NA,NA,NA
1881,0.432362854,0.221035957,0.197344214,2022,state,All,state,99,West Bengal,NA,NA,NA,NA,NA,NA,NA,NA,NA,NA,NA,NA,0,0,0,1,NA
1882,0.454093099,0.207236767,0.300174743,2022,state,All,state,99,West Bengal,NA,NA,NA,NA,NA,NA,NA,NA,NA,NA,NA,NA,0,0,1,0,NA
1883,0.357957512,0.200459138,0.424582183,2022,state,All,state,99,West Bengal,NA,NA,NA,NA,NA,NA,NA,NA,NA,NA,NA,NA,0,1,0,0,NA
1884,0.254388183,0.177623242,0.492974102,2022,state,All,state,99,West Bengal,NA,NA,NA,NA,NA,NA,NA,NA,NA,NA,NA,NA,1,0,0,0,NA
1885,0,0,0,2022,state,All,state,99,West Bengal,NA,NA,NA,NA,NA,NA,NA,NA,NA,NA,NA,NA,NA,NA,NA,NA,NA
1886,0.516971409,0.175600082,0.183022052,2022,state,All,state,99,Jharkhand,NA,NA,NA,NA,NA,NA,NA,NA,NA,NA,NA,NA,0,0,0,1,NA
1887,0.506667674,0.179502726,0.263237923,2022,state,All,state,99,Jharkhand,NA,NA,NA,NA,NA,NA,NA,NA,NA,NA,NA,NA,0,0,1,0,NA
1888,0.408159524,0.193261594,0.353708863,2022,state,All,state,99,Jharkhand,NA,NA,NA,NA,NA,NA,NA,NA,NA,NA,NA,NA,0,1,0,0,NA
1889,0.315362692,0.182103038,0.376749516,2022,state,All,state,99,Jharkhand,NA,NA,NA,NA,NA,NA,NA,NA,NA,NA,NA,NA,1,0,0,0,NA
1890,0,1.19E-05,0,2022,state,All,state,99,Jharkhand,NA,NA,NA,NA,NA,NA,NA,NA,NA,NA,NA,NA,NA,NA,NA,NA,NA
1891,0.541330814,0.119757466,0.203583345,2022,state,All,state,99,Odisha,NA,NA,NA,NA,NA,NA,NA,NA,NA,NA,NA,NA,0,0,0,1,NA
1892,0.507502317,0.150970772,0.298424929,2022,state,All,state,99,Odisha,NA,NA,NA,NA,NA,NA,NA,NA,NA,NA,NA,NA,0,0,1,0,NA
1893,0.444846511,0.143503308,0.379142731,2022,state,All,state,99,Odisha,NA,NA,NA,NA,NA,NA,NA,NA,NA,NA,NA,NA,0,1,0,0,NA
1894,0.282339692,0.169497401,0.347676069,2022,state,All,state,99,Odisha,NA,NA,NA,NA,NA,NA,NA,NA,NA,NA,NA,NA,1,0,0,0,NA
1895,0,0,0,2022,state,All,state,99,Odisha,NA,NA,NA,NA,NA,NA,NA,NA,NA,NA,NA,NA,NA,NA,NA,NA,NA
1896,0.597105801,0.183278725,0.157873526,2022,state,All,state,99,Chhattisgarh,NA,NA,NA,NA,NA,NA,NA,NA,NA,NA,NA,NA,0,0,0,1,NA
1897,0.554500222,0.216582686,0.209301069,2022,state,All,state,99,Chhattisgarh,NA,NA,NA,NA,NA,NA,NA,NA,NA,NA,NA,NA,0,0,1,0,NA
1898,0.50403291,0.229969874,0.253600836,2022,state,All,state,99,Chhattisgarh,NA,NA,NA,NA,NA,NA,NA,NA,NA,NA,NA,NA,0,1,0,0,NA
1899,0.41799894,0.182982862,0.279984087,2022,state,All,state,99,Chhattisgarh,NA,NA,NA,NA,NA,NA,NA,NA,NA,NA,NA,NA,1,0,0,0,NA
1900,0,0,0,2022,state,All,state,99,Chhattisgarh,NA,NA,NA,NA,NA,NA,NA,NA,NA,NA,NA,NA,NA,NA,NA,NA,NA
1901,0.65098846,0.113266908,0.166255713,2022,state,All,state,99,Madhya Pradesh,NA,NA,NA,NA,NA,NA,NA,NA,NA,NA,NA,NA,0,0,0,1,NA
1902,0.588402808,0.13040401,0.265927106,2022,state,All,state,99,Madhya Pradesh,NA,NA,NA,NA,NA,NA,NA,NA,NA,NA,NA,NA,0,0,1,0,NA
1903,0.488956481,0.131337032,0.370985091,2022,state,All,state,99,Madhya Pradesh,NA,NA,NA,NA,NA,NA,NA,NA,NA,NA,NA,NA,0,1,0,0,NA
1904,0.323153019,0.12351013,0.471928656,2022,state,All,state,99,Madhya Pradesh,NA,NA,NA,NA,NA,NA,NA,NA,NA,NA,NA,NA,1,0,0,0,NA
1905,0,0,0,2022,state,All,state,99,Madhya Pradesh,NA,NA,NA,NA,NA,NA,NA,NA,NA,NA,NA,NA,NA,NA,NA,NA,NA
1906,0.542712152,0.212458,0.174528509,2022,state,All,state,99,Gujarat,NA,NA,NA,NA,NA,NA,NA,NA,NA,NA,NA,NA,0,0,0,1,NA
1907,0.528053343,0.254605621,0.19967176,2022,state,All,state,99,Gujarat,NA,NA,NA,NA,NA,NA,NA,NA,NA,NA,NA,NA,0,0,1,0,NA
1908,0.459253937,0.280486405,0.25396347,2022,state,All,state,99,Gujarat,NA,NA,NA,NA,NA,NA,NA,NA,NA,NA,NA,NA,0,1,0,0,NA
1909,0.315902799,0.383897364,0.241898388,2022,state,All,state,99,Gujarat,NA,NA,NA,NA,NA,NA,NA,NA,NA,NA,NA,NA,1,0,0,0,NA
1910,0,0,0,2022,state,All,state,99,Gujarat,NA,NA,NA,NA,NA,NA,NA,NA,NA,NA,NA,NA,NA,NA,NA,NA,NA
1911,0.706109941,0.13479358,0.067645863,2022,state,All,state,99,Daman & Diu & D & N Haveli,NA,NA,NA,NA,NA,NA,NA,NA,NA,NA,NA,NA,0,0,0,1,NA
1912,0.425141573,0.500627279,0.056201208,2022,state,All,state,99,Daman & Diu & D & N Haveli,NA,NA,NA,NA,NA,NA,NA,NA,NA,NA,NA,NA,0,0,1,0,NA
1913,0.187661961,0.748829126,0.061809156,2022,state,All,state,99,Daman & Diu & D & N Haveli,NA,NA,NA,NA,NA,NA,NA,NA,NA,NA,NA,NA,0,1,0,0,NA
1914,0.07372804,0.879061818,0.033812642,2022,state,All,state,99,Daman & Diu & D & N Haveli,NA,NA,NA,NA,NA,NA,NA,NA,NA,NA,NA,NA,1,0,0,0,NA
1915,0,0,0,2022,state,All,state,99,Daman & Diu & D & N Haveli,NA,NA,NA,NA,NA,NA,NA,NA,NA,NA,NA,NA,NA,NA,NA,NA,NA
1916,0.535050988,0.181792125,0.169788465,2022,state,All,state,99,Maharashtra,NA,NA,NA,NA,NA,NA,NA,NA,NA,NA,NA,NA,0,0,0,1,NA
1917,0.471397787,0.287050992,0.204190046,2022,state,All,state,99,Maharashtra,NA,NA,NA,NA,NA,NA,NA,NA,NA,NA,NA,NA,0,0,1,0,NA
1918,0.398245454,0.327989489,0.256722838,2022,state,All,state,99,Maharashtra,NA,NA,NA,NA,NA,NA,NA,NA,NA,NA,NA,NA,0,1,0,0,NA
1919,0.249630466,0.37877208,0.269245535,2022,state,All,state,99,Maharashtra,NA,NA,NA,NA,NA,NA,NA,NA,NA,NA,NA,NA,1,0,0,0,NA
1920,0,0,0,2022,state,All,state,99,Maharashtra,NA,NA,NA,NA,NA,NA,NA,NA,NA,NA,NA,NA,NA,NA,NA,NA,NA
1921,0.376638234,0.148760483,0.181221291,2022,state,All,state,99,Andhra Pradesh,NA,NA,NA,NA,NA,NA,NA,NA,NA,NA,NA,NA,0,0,0,1,NA
1922,0.459298313,0.205944881,0.271934032,2022,state,All,state,99,Andhra Pradesh,NA,NA,NA,NA,NA,NA,NA,NA,NA,NA,NA,NA,0,0,1,0,NA
1923,0.412021875,0.23203373,0.33932063,2022,state,All,state,99,Andhra Pradesh,NA,NA,NA,NA,NA,NA,NA,NA,NA,NA,NA,NA,0,1,0,0,NA
1924,0.209958762,0.235187665,0.314803392,2022,state,All,state,99,Andhra Pradesh,NA,NA,NA,NA,NA,NA,NA,NA,NA,NA,NA,NA,1,0,0,0,NA
1925,0,0,0,2022,state,All,state,99,Andhra Pradesh,NA,NA,NA,NA,NA,NA,NA,NA,NA,NA,NA,NA,NA,NA,NA,NA,NA
1926,0.577842772,0.146653667,0.187699631,2022,state,All,state,99,Karnataka,NA,NA,NA,NA,NA,NA,NA,NA,NA,NA,NA,NA,0,0,0,1,NA
1927,0.524910688,0.214086801,0.232975528,2022,state,All,state,99,Karnataka,NA,NA,NA,NA,NA,NA,NA,NA,NA,NA,NA,NA,0,0,1,0,NA
1928,0.431789428,0.274661183,0.284041226,2022,state,All,state,99,Karnataka,NA,NA,NA,NA,NA,NA,NA,NA,NA,NA,NA,NA,0,1,0,0,NA
1929,0.227909476,0.351668805,0.191738889,2022,state,All,state,99,Karnataka,NA,NA,NA,NA,NA,NA,NA,NA,NA,NA,NA,NA,1,0,0,0,NA
1930,0,0,0,2022,state,All,state,99,Karnataka,NA,NA,NA,NA,NA,NA,NA,NA,NA,NA,NA,NA,NA,NA,NA,NA,NA
1931,0.219908282,0.572309852,0.045491245,2022,state,All,state,99,Goa,NA,NA,NA,NA,NA,NA,NA,NA,NA,NA,NA,NA,0,0,0,1,NA
1932,0.254425377,0.561157405,0.088340297,2022,state,All,state,99,Goa,NA,NA,NA,NA,NA,NA,NA,NA,NA,NA,NA,NA,0,0,1,0,NA
1933,0.240218326,0.575191438,0.149585471,2022,state,All,state,99,Goa,NA,NA,NA,NA,NA,NA,NA,NA,NA,NA,NA,NA,0,1,0,0,NA
1934,0.067988485,0.664948642,0.241275176,2022,state,All,state,99,Goa,NA,NA,NA,NA,NA,NA,NA,NA,NA,NA,NA,NA,1,0,0,0,NA
1935,0,0,0,2022,state,All,state,99,Goa,NA,NA,NA,NA,NA,NA,NA,NA,NA,NA,NA,NA,NA,NA,NA,NA,NA
1936,0.430015713,0.290201724,0.19108592,2022,state,All,state,99,Lakshadweep,NA,NA,NA,NA,NA,NA,NA,NA,NA,NA,NA,NA,0,0,0,1,NA
1937,0.364704639,0.327422649,0.209755808,2022,state,All,state,99,Lakshadweep,NA,NA,NA,NA,NA,NA,NA,NA,NA,NA,NA,NA,0,0,1,0,NA
1938,0.369632006,0.348245054,0.210285828,2022,state,All,state,99,Lakshadweep,NA,NA,NA,NA,NA,NA,NA,NA,NA,NA,NA,NA,0,1,0,0,NA
1939,0.161183029,0.16509296,0.245684475,2022,state,All,state,99,Lakshadweep,NA,NA,NA,NA,NA,NA,NA,NA,NA,NA,NA,NA,1,0,0,0,NA
1940,0,0,0,2022,state,All,state,99,Lakshadweep,NA,NA,NA,NA,NA,NA,NA,NA,NA,NA,NA,NA,NA,NA,NA,NA,NA
1941,0.28388083,0.23978585,0.218349397,2022,state,All,state,99,Kerala,NA,NA,NA,NA,NA,NA,NA,NA,NA,NA,NA,NA,0,0,0,1,NA
1942,0.291569889,0.258045226,0.314044625,2022,state,All,state,99,Kerala,NA,NA,NA,NA,NA,NA,NA,NA,NA,NA,NA,NA,0,0,1,0,NA
1943,0.221108198,0.309317887,0.30796802,2022,state,All,state,99,Kerala,NA,NA,NA,NA,NA,NA,NA,NA,NA,NA,NA,NA,0,1,0,0,NA
1944,0.046180651,0.455003232,0.180661917,2022,state,All,state,99,Kerala,NA,NA,NA,NA,NA,NA,NA,NA,NA,NA,NA,NA,1,0,0,0,NA
1945,0,0,0,2022,state,All,state,99,Kerala,NA,NA,NA,NA,NA,NA,NA,NA,NA,NA,NA,NA,NA,NA,NA,NA,NA
1946,0.328196257,0.237417459,0.234203011,2022,state,All,state,99,Tamil Nadu,NA,NA,NA,NA,NA,NA,NA,NA,NA,NA,NA,NA,0,0,0,1,NA
1947,0.33464551,0.322047561,0.29530555,2022,state,All,state,99,Tamil Nadu,NA,NA,NA,NA,NA,NA,NA,NA,NA,NA,NA,NA,0,0,1,0,NA
1948,0.261890471,0.371518195,0.343384653,2022,state,All,state,99,Tamil Nadu,NA,NA,NA,NA,NA,NA,NA,NA,NA,NA,NA,NA,0,1,0,0,NA
1949,0.138042033,0.48889786,0.226333782,2022,state,All,state,99,Tamil Nadu,NA,NA,NA,NA,NA,NA,NA,NA,NA,NA,NA,NA,1,0,0,0,NA
1950,0,0,0,2022,state,All,state,99,Tamil Nadu,NA,NA,NA,NA,NA,NA,NA,NA,NA,NA,NA,NA,NA,NA,NA,NA,NA
1951,0.337197006,0.26381436,0.16044873,2022,state,All,state,99,Puducherry,NA,NA,NA,NA,NA,NA,NA,NA,NA,NA,NA,NA,0,0,0,1,NA
1952,0.241348147,0.423094898,0.248007312,2022,state,All,state,99,Puducherry,NA,NA,NA,NA,NA,NA,NA,NA,NA,NA,NA,NA,0,0,1,0,NA
1953,0.204649046,0.442712158,0.308582604,2022,state,All,state,99,Puducherry,NA,NA,NA,NA,NA,NA,NA,NA,NA,NA,NA,NA,0,1,0,0,NA
1954,0.192089185,0.186283961,0.379719824,2022,state,All,state,99,Puducherry,NA,NA,NA,NA,NA,NA,NA,NA,NA,NA,NA,NA,1,0,0,0,NA
1955,0,0,0,2022,state,All,state,99,Puducherry,NA,NA,NA,NA,NA,NA,NA,NA,NA,NA,NA,NA,NA,NA,NA,NA,NA
1956,0.416879803,0.384064287,0.048628945,2022,state,All,state,99,A & N Island,NA,NA,NA,NA,NA,NA,NA,NA,NA,NA,NA,NA,0,0,0,1,NA
1957,0.318589628,0.53650856,0.094473869,2022,state,All,state,99,A & N Island,NA,NA,NA,NA,NA,NA,NA,NA,NA,NA,NA,NA,0,0,1,0,NA
1958,0.293709546,0.575453401,0.102460384,2022,state,All,state,99,A & N Island,NA,NA,NA,NA,NA,NA,NA,NA,NA,NA,NA,NA,0,1,0,0,NA
1959,0.261501849,0.502426326,0.111230977,2022,state,All,state,99,A & N Island,NA,NA,NA,NA,NA,NA,NA,NA,NA,NA,NA,NA,1,0,0,0,NA
1960,0,0,0,2022,state,All,state,99,A & N Island,NA,NA,NA,NA,NA,NA,NA,NA,NA,NA,NA,NA,NA,NA,NA,NA,NA
1961,0.481997848,0.165628955,0.14833498,2022,state,All,state,99,Telangana,NA,NA,NA,NA,NA,NA,NA,NA,NA,NA,NA,NA,0,0,0,1,NA
1962,0.570103705,0.225819066,0.16418089,2022,state,All,state,99,Telangana,NA,NA,NA,NA,NA,NA,NA,NA,NA,NA,NA,NA,0,0,1,0,NA
1963,0.502083838,0.313183308,0.173980057,2022,state,All,state,99,Telangana,NA,NA,NA,NA,NA,NA,NA,NA,NA,NA,NA,NA,0,1,0,0,NA
1964,0.260827303,0.374985695,0.137908399,2022,state,All,state,99,Telangana,NA,NA,NA,NA,NA,NA,NA,NA,NA,NA,NA,NA,1,0,0,0,NA
1965,0,0,0,2022,state,All,state,99,Telangana,NA,NA,NA,NA,NA,NA,NA,NA,NA,NA,NA,NA,NA,NA,NA,NA,NA
1966,0.64092958,0.208934143,0.085101247,2022,state,All,state,99,Ladakh,NA,NA,NA,NA,NA,NA,NA,NA,NA,NA,NA,NA,0,0,0,1,NA
1967,0.453495353,0.357079178,0.133801207,2022,state,All,state,99,Ladakh,NA,NA,NA,NA,NA,NA,NA,NA,NA,NA,NA,NA,0,0,1,0,NA
1968,0.399525821,0.433713377,0.158394009,2022,state,All,state,99,Ladakh,NA,NA,NA,NA,NA,NA,NA,NA,NA,NA,NA,NA,0,1,0,0,NA
1969,0.445006669,0.217601135,0.314982176,2022,state,All,state,99,Ladakh,NA,NA,NA,NA,NA,NA,NA,NA,NA,NA,NA,NA,1,0,0,0,NA
1970,0,0,0,2022,state,All,state,99,Ladakh,NA,NA,NA,NA,NA,NA,NA,NA,NA,NA,NA,NA,NA,NA,NA,NA,NA
1971,0.458911777,0.270504713,0.189905986,2022,state,urban/rural,sector_state,0,Jammu & Kashmir,NA,NA,NA,NA,NA,NA,NA,NA,NA,NA,NA,NA,0,0,0,1,NA
1972,0.456918865,0.277852982,0.20317696,2022,state,urban/rural,sector_state,0,Jammu & Kashmir,NA,NA,NA,NA,NA,NA,NA,NA,NA,NA,NA,NA,0,0,1,0,NA
1973,0.376775295,0.244720086,0.337532341,2022,state,urban/rural,sector_state,0,Jammu & Kashmir,NA,NA,NA,NA,NA,NA,NA,NA,NA,NA,NA,NA,0,1,0,0,NA
1974,0.1609741,0.197964087,0.607391119,2022,state,urban/rural,sector_state,0,Jammu & Kashmir,NA,NA,NA,NA,NA,NA,NA,NA,NA,NA,NA,NA,1,0,0,0,NA
1975,0,0,0,2022,state,urban/rural,sector_state,0,Jammu & Kashmir,NA,NA,NA,NA,NA,NA,NA,NA,NA,NA,NA,NA,NA,NA,NA,NA,NA
1976,0.538861215,0.191038087,0.117361568,2022,state,urban/rural,sector_state,0,Himachal Pradesh,NA,NA,NA,NA,NA,NA,NA,NA,NA,NA,NA,NA,0,0,0,1,NA
1977,0.529888511,0.22192803,0.181334674,2022,state,urban/rural,sector_state,0,Himachal Pradesh,NA,NA,NA,NA,NA,NA,NA,NA,NA,NA,NA,NA,0,0,1,0,NA
1978,0.479951024,0.249233961,0.22023426,2022,state,urban/rural,sector_state,0,Himachal Pradesh,NA,NA,NA,NA,NA,NA,NA,NA,NA,NA,NA,NA,0,1,0,0,NA
1979,0.14886649,0.25338763,0.065927595,2022,state,urban/rural,sector_state,0,Himachal Pradesh,NA,NA,NA,NA,NA,NA,NA,NA,NA,NA,NA,NA,1,0,0,0,NA
1980,0,0,0,2022,state,urban/rural,sector_state,0,Himachal Pradesh,NA,NA,NA,NA,NA,NA,NA,NA,NA,NA,NA,NA,NA,NA,NA,NA,NA
1981,0.470392108,0.137795717,0.296858341,2022,state,urban/rural,sector_state,0,Punjab,NA,NA,NA,NA,NA,NA,NA,NA,NA,NA,NA,NA,0,0,0,1,NA
1982,0.433333635,0.165475652,0.350418687,2022,state,urban/rural,sector_state,0,Punjab,NA,NA,NA,NA,NA,NA,NA,NA,NA,NA,NA,NA,0,0,1,0,NA
1983,0.36301887,0.20451811,0.386221617,2022,state,urban/rural,sector_state,0,Punjab,NA,NA,NA,NA,NA,NA,NA,NA,NA,NA,NA,NA,0,1,0,0,NA
1984,0.280389071,0.282204866,0.3402372,2022,state,urban/rural,sector_state,0,Punjab,NA,NA,NA,NA,NA,NA,NA,NA,NA,NA,NA,NA,1,0,0,0,NA
1985,0,0,0,2022,state,urban/rural,sector_state,0,Punjab,NA,NA,NA,NA,NA,NA,NA,NA,NA,NA,NA,NA,NA,NA,NA,NA,NA
1986,0.380970567,0.265473396,0.087888464,2022,state,urban/rural,sector_state,0,Chandigarh,NA,NA,NA,NA,NA,NA,NA,NA,NA,NA,NA,NA,0,0,0,1,NA
1987,0.469887584,0.391058981,0.094812907,2022,state,urban/rural,sector_state,0,Chandigarh,NA,NA,NA,NA,NA,NA,NA,NA,NA,NA,NA,NA,0,0,1,0,NA
1988,0.274965852,0.481337398,0.243696749,2022,state,urban/rural,sector_state,0,Chandigarh,NA,NA,NA,NA,NA,NA,NA,NA,NA,NA,NA,NA,0,1,0,0,NA
1989,0.23649317,0.572338283,0.172454149,2022,state,urban/rural,sector_state,0,Chandigarh,NA,NA,NA,NA,NA,NA,NA,NA,NA,NA,NA,NA,1,0,0,0,NA
1990,0,0,0,2022,state,urban/rural,sector_state,0,Chandigarh,NA,NA,NA,NA,NA,NA,NA,NA,NA,NA,NA,NA,NA,NA,NA,NA,NA
1991,0.510671198,0.19886142,0.161216035,2022,state,urban/rural,sector_state,0,Uttrakhand,NA,NA,NA,NA,NA,NA,NA,NA,NA,NA,NA,NA,0,0,0,1,NA
1992,0.511559308,0.167685926,0.25147298,2022,state,urban/rural,sector_state,0,Uttrakhand,NA,NA,NA,NA,NA,NA,NA,NA,NA,NA,NA,NA,0,0,1,0,NA
1993,0.402274936,0.253671765,0.304858357,2022,state,urban/rural,sector_state,0,Uttrakhand,NA,NA,NA,NA,NA,NA,NA,NA,NA,NA,NA,NA,0,1,0,0,NA
1994,0.286552906,0.261566699,0.342123687,2022,state,urban/rural,sector_state,0,Uttrakhand,NA,NA,NA,NA,NA,NA,NA,NA,NA,NA,NA,NA,1,0,0,0,NA
1995,0,0,0,2022,state,urban/rural,sector_state,0,Uttrakhand,NA,NA,NA,NA,NA,NA,NA,NA,NA,NA,NA,NA,NA,NA,NA,NA,NA
1996,0.487217247,0.167207673,0.240801245,2022,state,urban/rural,sector_state,0,Haryana,NA,NA,NA,NA,NA,NA,NA,NA,NA,NA,NA,NA,0,0,0,1,NA
1997,0.461608738,0.164756313,0.337614715,2022,state,urban/rural,sector_state,0,Haryana,NA,NA,NA,NA,NA,NA,NA,NA,NA,NA,NA,NA,0,0,1,0,NA
1998,0.396999925,0.20481123,0.381201297,2022,state,urban/rural,sector_state,0,Haryana,NA,NA,NA,NA,NA,NA,NA,NA,NA,NA,NA,NA,0,1,0,0,NA
1999,0.234886631,0.305338889,0.439683229,2022,state,urban/rural,sector_state,0,Haryana,NA,NA,NA,NA,NA,NA,NA,NA,NA,NA,NA,NA,1,0,0,0,NA
2000,0,0,0,2022,state,urban/rural,sector_state,0,Haryana,NA,NA,NA,NA,NA,NA,NA,NA,NA,NA,NA,NA,NA,NA,NA,NA,NA
2001,0.33286947,0.59767735,0.015440696,2022,state,urban/rural,sector_state,0,Delhi,NA,NA,NA,NA,NA,NA,NA,NA,NA,NA,NA,NA,0,0,0,1,NA
2002,0.484583199,0.381822944,0.073282547,2022,state,urban/rural,sector_state,0,Delhi,NA,NA,NA,NA,NA,NA,NA,NA,NA,NA,NA,NA,0,0,1,0,NA
2003,0.26920259,0.583481848,0.140988141,2022,state,urban/rural,sector_state,0,Delhi,NA,NA,NA,NA,NA,NA,NA,NA,NA,NA,NA,NA,0,1,0,0,NA
2004,0.259629726,0.688581049,0,2022,state,urban/rural,sector_state,0,Delhi,NA,NA,NA,NA,NA,NA,NA,NA,NA,NA,NA,NA,1,0,0,0,NA
2005,0,0,0,2022,state,urban/rural,sector_state,0,Delhi,NA,NA,NA,NA,NA,NA,NA,NA,NA,NA,NA,NA,NA,NA,NA,NA,NA
2006,0.705019891,0.081513546,0.157538146,2022,state,urban/rural,sector_state,0,Rajasthan,NA,NA,NA,NA,NA,NA,NA,NA,NA,NA,NA,NA,0,0,0,1,NA
2007,0.657924235,0.108526163,0.209322944,2022,state,urban/rural,sector_state,0,Rajasthan,NA,NA,NA,NA,NA,NA,NA,NA,NA,NA,NA,NA,0,0,1,0,NA
2008,0.556422591,0.132329896,0.287475914,2022,state,urban/rural,sector_state,0,Rajasthan,NA,NA,NA,NA,NA,NA,NA,NA,NA,NA,NA,NA,0,1,0,0,NA
2009,0.371406525,0.113561451,0.336344302,2022,state,urban/rural,sector_state,0,Rajasthan,NA,NA,NA,NA,NA,NA,NA,NA,NA,NA,NA,NA,1,0,0,0,NA
2010,0,0,0,2022,state,urban/rural,sector_state,0,Rajasthan,NA,NA,NA,NA,NA,NA,NA,NA,NA,NA,NA,NA,NA,NA,NA,NA,NA
2011,0.64376545,0.083806098,0.178466946,2022,state,urban/rural,sector_state,0,Uttar Pradesh,NA,NA,NA,NA,NA,NA,NA,NA,NA,NA,NA,NA,0,0,0,1,NA
2012,0.610683918,0.085842542,0.255653441,2022,state,urban/rural,sector_state,0,Uttar Pradesh,NA,NA,NA,NA,NA,NA,NA,NA,NA,NA,NA,NA,0,0,1,0,NA
2013,0.455628097,0.106154606,0.373883128,2022,state,urban/rural,sector_state,0,Uttar Pradesh,NA,NA,NA,NA,NA,NA,NA,NA,NA,NA,NA,NA,0,1,0,0,NA
2014,0.355248213,0.120214589,0.440465599,2022,state,urban/rural,sector_state,0,Uttar Pradesh,NA,NA,NA,NA,NA,NA,NA,NA,NA,NA,NA,NA,1,0,0,0,NA
2015,0,0,5.07E-05,2022,state,urban/rural,sector_state,0,Uttar Pradesh,NA,NA,NA,NA,NA,NA,NA,NA,NA,NA,NA,NA,NA,NA,NA,NA,NA
2016,0.568100631,0.158814624,0.201845184,2022,state,urban/rural,sector_state,0,Bihar,NA,NA,NA,NA,NA,NA,NA,NA,NA,NA,NA,NA,0,0,0,1,NA
2017,0.476458102,0.183513001,0.312327027,2022,state,urban/rural,sector_state,0,Bihar,NA,NA,NA,NA,NA,NA,NA,NA,NA,NA,NA,NA,0,0,1,0,NA
2018,0.340078652,0.239444807,0.403260171,2022,state,urban/rural,sector_state,0,Bihar,NA,NA,NA,NA,NA,NA,NA,NA,NA,NA,NA,NA,0,1,0,0,NA
2019,0.228858083,0.241481617,0.494001776,2022,state,urban/rural,sector_state,0,Bihar,NA,NA,NA,NA,NA,NA,NA,NA,NA,NA,NA,NA,1,0,0,0,NA
2020,0,0,0,2022,state,urban/rural,sector_state,0,Bihar,NA,NA,NA,NA,NA,NA,NA,NA,NA,NA,NA,NA,NA,NA,NA,NA,NA
2021,0.552168727,0.338473678,0.092900738,2022,state,urban/rural,sector_state,0,Sikkim,NA,NA,NA,NA,NA,NA,NA,NA,NA,NA,NA,NA,0,0,0,1,NA
2022,0.554106414,0.365803838,0.076265931,2022,state,urban/rural,sector_state,0,Sikkim,NA,NA,NA,NA,NA,NA,NA,NA,NA,NA,NA,NA,0,0,1,0,NA
2023,0.533803344,0.356377155,0.10842064,2022,state,urban/rural,sector_state,0,Sikkim,NA,NA,NA,NA,NA,NA,NA,NA,NA,NA,NA,NA,0,1,0,0,NA
2024,0.305697858,0.507092178,0.156656563,2022,state,urban/rural,sector_state,0,Sikkim,NA,NA,NA,NA,NA,NA,NA,NA,NA,NA,NA,NA,1,0,0,0,NA
2025,0,0,0,2022,state,urban/rural,sector_state,0,Sikkim,NA,NA,NA,NA,NA,NA,NA,NA,NA,NA,NA,NA,NA,NA,NA,NA,NA
2026,0.712498844,0.23688525,0.015058277,2022,state,urban/rural,sector_state,0,Arunachal Pradesh,NA,NA,NA,NA,NA,NA,NA,NA,NA,NA,NA,NA,0,0,0,1,NA
2027,0.715682626,0.233785942,0.035741713,2022,state,urban/rural,sector_state,0,Arunachal Pradesh,NA,NA,NA,NA,NA,NA,NA,NA,NA,NA,NA,NA,0,0,1,0,NA
2028,0.704846144,0.242715299,0.050630089,2022,state,urban/rural,sector_state,0,Arunachal Pradesh,NA,NA,NA,NA,NA,NA,NA,NA,NA,NA,NA,NA,0,1,0,0,NA
2029,0.738525093,0.161955804,0.078300133,2022,state,urban/rural,sector_state,0,Arunachal Pradesh,NA,NA,NA,NA,NA,NA,NA,NA,NA,NA,NA,NA,1,0,0,0,NA
2030,0,0,0,2022,state,urban/rural,sector_state,0,Arunachal Pradesh,NA,NA,NA,NA,NA,NA,NA,NA,NA,NA,NA,NA,NA,NA,NA,NA,NA
2031,0.77512151,0.136132568,0.010911281,2022,state,urban/rural,sector_state,0,Nagaland,NA,NA,NA,NA,NA,NA,NA,NA,NA,NA,NA,NA,0,0,0,1,NA
2032,0.766793013,0.180228621,0.037034042,2022,state,urban/rural,sector_state,0,Nagaland,NA,NA,NA,NA,NA,NA,NA,NA,NA,NA,NA,NA,0,0,1,0,NA
2033,0.757999778,0.189124733,0.040519021,2022,state,urban/rural,sector_state,0,Nagaland,NA,NA,NA,NA,NA,NA,NA,NA,NA,NA,NA,NA,0,1,0,0,NA
2034,0.781737447,0.127813473,0.090449058,2022,state,urban/rural,sector_state,0,Nagaland,NA,NA,NA,NA,NA,NA,NA,NA,NA,NA,NA,NA,1,0,0,0,NA
2035,0,0,0,2022,state,urban/rural,sector_state,0,Nagaland,NA,NA,NA,NA,NA,NA,NA,NA,NA,NA,NA,NA,NA,NA,NA,NA,NA
2036,0.534927666,0.23383075,0.193801999,2022,state,urban/rural,sector_state,0,Manipur,NA,NA,NA,NA,NA,NA,NA,NA,NA,NA,NA,NA,0,0,0,1,NA
2037,0.611844718,0.213657841,0.162194833,2022,state,urban/rural,sector_state,0,Manipur,NA,NA,NA,NA,NA,NA,NA,NA,NA,NA,NA,NA,0,0,1,0,NA
2038,0.653816223,0.195665732,0.14702189,2022,state,urban/rural,sector_state,0,Manipur,NA,NA,NA,NA,NA,NA,NA,NA,NA,NA,NA,NA,0,1,0,0,NA
2039,0.635933578,0.184306577,0.174778312,2022,state,urban/rural,sector_state,0,Manipur,NA,NA,NA,NA,NA,NA,NA,NA,NA,NA,NA,NA,1,0,0,0,NA
2040,0,0,0,2022,state,urban/rural,sector_state,0,Manipur,NA,NA,NA,NA,NA,NA,NA,NA,NA,NA,NA,NA,NA,NA,NA,NA,NA
2041,0.67710793,0.15980421,0.11598061,2022,state,urban/rural,sector_state,0,Mizoram,NA,NA,NA,NA,NA,NA,NA,NA,NA,NA,NA,NA,0,0,0,1,NA
2042,0.586310089,0.240043595,0.131688148,2022,state,urban/rural,sector_state,0,Mizoram,NA,NA,NA,NA,NA,NA,NA,NA,NA,NA,NA,NA,0,0,1,0,NA
2043,0.554746389,0.246936068,0.137681872,2022,state,urban/rural,sector_state,0,Mizoram,NA,NA,NA,NA,NA,NA,NA,NA,NA,NA,NA,NA,0,1,0,0,NA
2044,0.299952835,0.21143958,0.400421947,2022,state,urban/rural,sector_state,0,Mizoram,NA,NA,NA,NA,NA,NA,NA,NA,NA,NA,NA,NA,1,0,0,0,NA
2045,0,0,0,2022,state,urban/rural,sector_state,0,Mizoram,NA,NA,NA,NA,NA,NA,NA,NA,NA,NA,NA,NA,NA,NA,NA,NA,NA
2046,0.573082387,0.110389546,0.206153303,2022,state,urban/rural,sector_state,0,Tripura,NA,NA,NA,NA,NA,NA,NA,NA,NA,NA,NA,NA,0,0,0,1,NA
2047,0.557893753,0.134750992,0.281132311,2022,state,urban/rural,sector_state,0,Tripura,NA,NA,NA,NA,NA,NA,NA,NA,NA,NA,NA,NA,0,0,1,0,NA
2048,0.469364792,0.14137502,0.376261681,2022,state,urban/rural,sector_state,0,Tripura,NA,NA,NA,NA,NA,NA,NA,NA,NA,NA,NA,NA,0,1,0,0,NA
2049,0.346410125,0.095704824,0.519729912,2022,state,urban/rural,sector_state,0,Tripura,NA,NA,NA,NA,NA,NA,NA,NA,NA,NA,NA,NA,1,0,0,0,NA
2050,0,0,0,2022,state,urban/rural,sector_state,0,Tripura,NA,NA,NA,NA,NA,NA,NA,NA,NA,NA,NA,NA,NA,NA,NA,NA,NA
2051,0.590106428,0.19750385,0.194399938,2022,state,urban/rural,sector_state,0,Meghalaya,NA,NA,NA,NA,NA,NA,NA,NA,NA,NA,NA,NA,0,0,0,1,NA
2052,0.623360455,0.198629797,0.176503822,2022,state,urban/rural,sector_state,0,Meghalaya,NA,NA,NA,NA,NA,NA,NA,NA,NA,NA,NA,NA,0,0,1,0,NA
2053,0.610191941,0.127737686,0.261876225,2022,state,urban/rural,sector_state,0,Meghalaya,NA,NA,NA,NA,NA,NA,NA,NA,NA,NA,NA,NA,0,1,0,0,NA
2054,0.386093378,0.139102578,0.425992072,2022,state,urban/rural,sector_state,0,Meghalaya,NA,NA,NA,NA,NA,NA,NA,NA,NA,NA,NA,NA,1,0,0,0,NA
2055,0,0,0,2022,state,urban/rural,sector_state,0,Meghalaya,NA,NA,NA,NA,NA,NA,NA,NA,NA,NA,NA,NA,NA,NA,NA,NA,NA
2056,0.499691337,0.142866299,0.285545975,2022,state,urban/rural,sector_state,0,Assam,NA,NA,NA,NA,NA,NA,NA,NA,NA,NA,NA,NA,0,0,0,1,NA
2057,0.470057726,0.159089088,0.346834093,2022,state,urban/rural,sector_state,0,Assam,NA,NA,NA,NA,NA,NA,NA,NA,NA,NA,NA,NA,0,0,1,0,NA
2058,0.401642084,0.153251082,0.428004771,2022,state,urban/rural,sector_state,0,Assam,NA,NA,NA,NA,NA,NA,NA,NA,NA,NA,NA,NA,0,1,0,0,NA
2059,0.288576692,0.182623163,0.488904744,2022,state,urban/rural,sector_state,0,Assam,NA,NA,NA,NA,NA,NA,NA,NA,NA,NA,NA,NA,1,0,0,0,NA
2060,0,0,0,2022,state,urban/rural,sector_state,0,Assam,NA,NA,NA,NA,NA,NA,NA,NA,NA,NA,NA,NA,NA,NA,NA,NA,NA
2061,0.469843179,0.134613872,0.260773838,2022,state,urban/rural,sector_state,0,West Bengal,NA,NA,NA,NA,NA,NA,NA,NA,NA,NA,NA,NA,0,0,0,1,NA
2062,0.464543492,0.143079042,0.363995314,2022,state,urban/rural,sector_state,0,West Bengal,NA,NA,NA,NA,NA,NA,NA,NA,NA,NA,NA,NA,0,0,1,0,NA
2063,0.354827702,0.142579794,0.486157089,2022,state,urban/rural,sector_state,0,West Bengal,NA,NA,NA,NA,NA,NA,NA,NA,NA,NA,NA,NA,0,1,0,0,NA
2064,0.252400786,0.157607883,0.528882802,2022,state,urban/rural,sector_state,0,West Bengal,NA,NA,NA,NA,NA,NA,NA,NA,NA,NA,NA,NA,1,0,0,0,NA
2065,0,0,0,2022,state,urban/rural,sector_state,0,West Bengal,NA,NA,NA,NA,NA,NA,NA,NA,NA,NA,NA,NA,NA,NA,NA,NA,NA
2066,0.559091568,0.121664092,0.214660928,2022,state,urban/rural,sector_state,0,Jharkhand,NA,NA,NA,NA,NA,NA,NA,NA,NA,NA,NA,NA,0,0,0,1,NA
2067,0.540439367,0.116473213,0.301813424,2022,state,urban/rural,sector_state,0,Jharkhand,NA,NA,NA,NA,NA,NA,NA,NA,NA,NA,NA,NA,0,0,1,0,NA
2068,0.423874736,0.139289141,0.392350584,2022,state,urban/rural,sector_state,0,Jharkhand,NA,NA,NA,NA,NA,NA,NA,NA,NA,NA,NA,NA,0,1,0,0,NA
2069,0.344275177,0.124758996,0.41489017,2022,state,urban/rural,sector_state,0,Jharkhand,NA,NA,NA,NA,NA,NA,NA,NA,NA,NA,NA,NA,1,0,0,0,NA
2070,0,0,0,2022,state,urban/rural,sector_state,0,Jharkhand,NA,NA,NA,NA,NA,NA,NA,NA,NA,NA,NA,NA,NA,NA,NA,NA,NA
2071,0.554864466,0.093471363,0.221576437,2022,state,urban/rural,sector_state,0,Odisha,NA,NA,NA,NA,NA,NA,NA,NA,NA,NA,NA,NA,0,0,0,1,NA
2072,0.520163774,0.11688403,0.321927756,2022,state,urban/rural,sector_state,0,Odisha,NA,NA,NA,NA,NA,NA,NA,NA,NA,NA,NA,NA,0,0,1,0,NA
2073,0.459446371,0.095410466,0.41237402,2022,state,urban/rural,sector_state,0,Odisha,NA,NA,NA,NA,NA,NA,NA,NA,NA,NA,NA,NA,0,1,0,0,NA
2074,0.296057135,0.124622889,0.37072444,2022,state,urban/rural,sector_state,0,Odisha,NA,NA,NA,NA,NA,NA,NA,NA,NA,NA,NA,NA,1,0,0,0,NA
2075,0,0,0,2022,state,urban/rural,sector_state,0,Odisha,NA,NA,NA,NA,NA,NA,NA,NA,NA,NA,NA,NA,NA,NA,NA,NA,NA
2076,0.640093684,0.151293218,0.162363842,2022,state,urban/rural,sector_state,0,Chhattisgarh,NA,NA,NA,NA,NA,NA,NA,NA,NA,NA,NA,NA,0,0,0,1,NA
2077,0.601183057,0.155332148,0.228881627,2022,state,urban/rural,sector_state,0,Chhattisgarh,NA,NA,NA,NA,NA,NA,NA,NA,NA,NA,NA,NA,0,0,1,0,NA
2078,0.550897837,0.160837084,0.275391668,2022,state,urban/rural,sector_state,0,Chhattisgarh,NA,NA,NA,NA,NA,NA,NA,NA,NA,NA,NA,NA,0,1,0,0,NA
2079,0.476883203,0.122714922,0.297619998,2022,state,urban/rural,sector_state,0,Chhattisgarh,NA,NA,NA,NA,NA,NA,NA,NA,NA,NA,NA,NA,1,0,0,0,NA
2080,0,0,0,2022,state,urban/rural,sector_state,0,Chhattisgarh,NA,NA,NA,NA,NA,NA,NA,NA,NA,NA,NA,NA,NA,NA,NA,NA,NA
2081,0.721819878,0.035370301,0.195030138,2022,state,urban/rural,sector_state,0,Madhya Pradesh,NA,NA,NA,NA,NA,NA,NA,NA,NA,NA,NA,NA,0,0,0,1,NA
2082,0.634367526,0.058188867,0.29868418,2022,state,urban/rural,sector_state,0,Madhya Pradesh,NA,NA,NA,NA,NA,NA,NA,NA,NA,NA,NA,NA,0,0,1,0,NA
2083,0.52061522,0.06101064,0.413224757,2022,state,urban/rural,sector_state,0,Madhya Pradesh,NA,NA,NA,NA,NA,NA,NA,NA,NA,NA,NA,NA,0,1,0,0,NA
2084,0.353850394,0.081720412,0.546276391,2022,state,urban/rural,sector_state,0,Madhya Pradesh,NA,NA,NA,NA,NA,NA,NA,NA,NA,NA,NA,NA,1,0,0,0,NA
2085,0,0,0,2022,state,urban/rural,sector_state,0,Madhya Pradesh,NA,NA,NA,NA,NA,NA,NA,NA,NA,NA,NA,NA,NA,NA,NA,NA,NA
2086,0.604890108,0.119358629,0.234058589,2022,state,urban/rural,sector_state,0,Gujarat,NA,NA,NA,NA,NA,NA,NA,NA,NA,NA,NA,NA,0,0,0,1,NA
2087,0.580467403,0.146812141,0.26285845,2022,state,urban/rural,sector_state,0,Gujarat,NA,NA,NA,NA,NA,NA,NA,NA,NA,NA,NA,NA,0,0,1,0,NA
2088,0.519465029,0.1492946,0.325575948,2022,state,urban/rural,sector_state,0,Gujarat,NA,NA,NA,NA,NA,NA,NA,NA,NA,NA,NA,NA,0,1,0,0,NA
2089,0.459713101,0.182006761,0.336428881,2022,state,urban/rural,sector_state,0,Gujarat,NA,NA,NA,NA,NA,NA,NA,NA,NA,NA,NA,NA,1,0,0,0,NA
2090,0,0,0,2022,state,urban/rural,sector_state,0,Gujarat,NA,NA,NA,NA,NA,NA,NA,NA,NA,NA,NA,NA,NA,NA,NA,NA,NA
2091,0.743565857,0.081721559,0.1386877,2022,state,urban/rural,sector_state,0,Daman & Diu & D & N Haveli,NA,NA,NA,NA,NA,NA,NA,NA,NA,NA,NA,NA,0,0,0,1,NA
2092,0.614067435,0.294677109,0.074418068,2022,state,urban/rural,sector_state,0,Daman & Diu & D & N Haveli,NA,NA,NA,NA,NA,NA,NA,NA,NA,NA,NA,NA,0,0,1,0,NA
2093,0.283776253,0.610619605,0.105604142,2022,state,urban/rural,sector_state,0,Daman & Diu & D & N Haveli,NA,NA,NA,NA,NA,NA,NA,NA,NA,NA,NA,NA,0,1,0,0,NA
2094,0.127040371,0.79350245,0.055991411,2022,state,urban/rural,sector_state,0,Daman & Diu & D & N Haveli,NA,NA,NA,NA,NA,NA,NA,NA,NA,NA,NA,NA,1,0,0,0,NA
2095,0,0,0,2022,state,urban/rural,sector_state,0,Daman & Diu & D & N Haveli,NA,NA,NA,NA,NA,NA,NA,NA,NA,NA,NA,NA,NA,NA,NA,NA,NA
2096,0.634457588,0.080283932,0.208790541,2022,state,urban/rural,sector_state,0,Maharashtra,NA,NA,NA,NA,NA,NA,NA,NA,NA,NA,NA,NA,0,0,0,1,NA
2097,0.560647368,0.148313612,0.272739023,2022,state,urban/rural,sector_state,0,Maharashtra,NA,NA,NA,NA,NA,NA,NA,NA,NA,NA,NA,NA,0,0,1,0,NA
2098,0.441210747,0.192654297,0.357909769,2022,state,urban/rural,sector_state,0,Maharashtra,NA,NA,NA,NA,NA,NA,NA,NA,NA,NA,NA,NA,0,1,0,0,NA
2099,0.317470074,0.221460849,0.395914018,2022,state,urban/rural,sector_state,0,Maharashtra,NA,NA,NA,NA,NA,NA,NA,NA,NA,NA,NA,NA,1,0,0,0,NA
2100,0,0,0,2022,state,urban/rural,sector_state,0,Maharashtra,NA,NA,NA,NA,NA,NA,NA,NA,NA,NA,NA,NA,NA,NA,NA,NA,NA
2101,0.40880695,0.104922891,0.21907264,2022,state,urban/rural,sector_state,0,Andhra Pradesh,NA,NA,NA,NA,NA,NA,NA,NA,NA,NA,NA,NA,0,0,0,1,NA
2102,0.500115871,0.110271573,0.329394847,2022,state,urban/rural,sector_state,0,Andhra Pradesh,NA,NA,NA,NA,NA,NA,NA,NA,NA,NA,NA,NA,0,0,1,0,NA
2103,0.425925374,0.15665479,0.403060704,2022,state,urban/rural,sector_state,0,Andhra Pradesh,NA,NA,NA,NA,NA,NA,NA,NA,NA,NA,NA,NA,0,1,0,0,NA
2104,0.246360749,0.21095106,0.408351868,2022,state,urban/rural,sector_state,0,Andhra Pradesh,NA,NA,NA,NA,NA,NA,NA,NA,NA,NA,NA,NA,1,0,0,0,NA
2105,0,0,0,2022,state,urban/rural,sector_state,0,Andhra Pradesh,NA,NA,NA,NA,NA,NA,NA,NA,NA,NA,NA,NA,NA,NA,NA,NA,NA
2106,0.636568844,0.087132335,0.221556097,2022,state,urban/rural,sector_state,0,Karnataka,NA,NA,NA,NA,NA,NA,NA,NA,NA,NA,NA,NA,0,0,0,1,NA
2107,0.59228605,0.11114981,0.279623777,2022,state,urban/rural,sector_state,0,Karnataka,NA,NA,NA,NA,NA,NA,NA,NA,NA,NA,NA,NA,0,0,1,0,NA
2108,0.5038414,0.118301831,0.372544229,2022,state,urban/rural,sector_state,0,Karnataka,NA,NA,NA,NA,NA,NA,NA,NA,NA,NA,NA,NA,0,1,0,0,NA
2109,0.341961503,0.178503782,0.323436052,2022,state,urban/rural,sector_state,0,Karnataka,NA,NA,NA,NA,NA,NA,NA,NA,NA,NA,NA,NA,1,0,0,0,NA
2110,0,0,0,2022,state,urban/rural,sector_state,0,Karnataka,NA,NA,NA,NA,NA,NA,NA,NA,NA,NA,NA,NA,NA,NA,NA,NA,NA
2111,0.17248486,0.618926227,0.075875908,2022,state,urban/rural,sector_state,0,Goa,NA,NA,NA,NA,NA,NA,NA,NA,NA,NA,NA,NA,0,0,0,1,NA
2112,0.269507706,0.531257749,0.09086559,2022,state,urban/rural,sector_state,0,Goa,NA,NA,NA,NA,NA,NA,NA,NA,NA,NA,NA,NA,0,0,1,0,NA
2113,0.198233902,0.566201687,0.200121641,2022,state,urban/rural,sector_state,0,Goa,NA,NA,NA,NA,NA,NA,NA,NA,NA,NA,NA,NA,0,1,0,0,NA
2114,0.13606596,0.574880123,0.289053947,2022,state,urban/rural,sector_state,0,Goa,NA,NA,NA,NA,NA,NA,NA,NA,NA,NA,NA,NA,1,0,0,0,NA
2115,0,0,0,2022,state,urban/rural,sector_state,0,Goa,NA,NA,NA,NA,NA,NA,NA,NA,NA,NA,NA,NA,NA,NA,NA,NA,NA
2116,0.282985628,0.351694822,0.233055457,2022,state,urban/rural,sector_state,0,Lakshadweep,NA,NA,NA,NA,NA,NA,NA,NA,NA,NA,NA,NA,0,0,0,1,NA
2117,0.357662469,0.304804087,0.281146646,2022,state,urban/rural,sector_state,0,Lakshadweep,NA,NA,NA,NA,NA,NA,NA,NA,NA,NA,NA,NA,0,0,1,0,NA
2118,0.40787366,0.350644141,0.219039664,2022,state,urban/rural,sector_state,0,Lakshadweep,NA,NA,NA,NA,NA,NA,NA,NA,NA,NA,NA,NA,0,1,0,0,NA
2119,0.575447917,0.257785261,0.166766852,2022,state,urban/rural,sector_state,0,Lakshadweep,NA,NA,NA,NA,NA,NA,NA,NA,NA,NA,NA,NA,1,0,0,0,NA
2120,0,0,0,2022,state,urban/rural,sector_state,0,Lakshadweep,NA,NA,NA,NA,NA,NA,NA,NA,NA,NA,NA,NA,NA,NA,NA,NA,NA
2121,0.302237451,0.208166406,0.256974697,2022,state,urban/rural,sector_state,0,Kerala,NA,NA,NA,NA,NA,NA,NA,NA,NA,NA,NA,NA,0,0,0,1,NA
2122,0.311623722,0.227031916,0.32916218,2022,state,urban/rural,sector_state,0,Kerala,NA,NA,NA,NA,NA,NA,NA,NA,NA,NA,NA,NA,0,0,1,0,NA
2123,0.227934748,0.248259068,0.356378436,2022,state,urban/rural,sector_state,0,Kerala,NA,NA,NA,NA,NA,NA,NA,NA,NA,NA,NA,NA,0,1,0,0,NA
2124,0.076359943,0.324679732,0.272248894,2022,state,urban/rural,sector_state,0,Kerala,NA,NA,NA,NA,NA,NA,NA,NA,NA,NA,NA,NA,1,0,0,0,NA
2125,0,0,0,2022,state,urban/rural,sector_state,0,Kerala,NA,NA,NA,NA,NA,NA,NA,NA,NA,NA,NA,NA,NA,NA,NA,NA,NA
2126,0.383536696,0.133442864,0.330702245,2022,state,urban/rural,sector_state,0,Tamil Nadu,NA,NA,NA,NA,NA,NA,NA,NA,NA,NA,NA,NA,0,0,0,1,NA
2127,0.36901927,0.211567044,0.386960387,2022,state,urban/rural,sector_state,0,Tamil Nadu,NA,NA,NA,NA,NA,NA,NA,NA,NA,NA,NA,NA,0,0,1,0,NA
2128,0.278752685,0.258307159,0.447123885,2022,state,urban/rural,sector_state,0,Tamil Nadu,NA,NA,NA,NA,NA,NA,NA,NA,NA,NA,NA,NA,0,1,0,0,NA
2129,0.192115977,0.385134012,0.3469944,2022,state,urban/rural,sector_state,0,Tamil Nadu,NA,NA,NA,NA,NA,NA,NA,NA,NA,NA,NA,NA,1,0,0,0,NA
2130,0,0,0,2022,state,urban/rural,sector_state,0,Tamil Nadu,NA,NA,NA,NA,NA,NA,NA,NA,NA,NA,NA,NA,NA,NA,NA,NA,NA
2131,0.302224219,0.272561163,0.272749782,2022,state,urban/rural,sector_state,0,Puducherry,NA,NA,NA,NA,NA,NA,NA,NA,NA,NA,NA,NA,0,0,0,1,NA
2132,0.193122983,0.451307863,0.31348291,2022,state,urban/rural,sector_state,0,Puducherry,NA,NA,NA,NA,NA,NA,NA,NA,NA,NA,NA,NA,0,0,1,0,NA
2133,0.165816084,0.391101897,0.425901979,2022,state,urban/rural,sector_state,0,Puducherry,NA,NA,NA,NA,NA,NA,NA,NA,NA,NA,NA,NA,0,1,0,0,NA
2134,0.072373658,0.188548803,0.245991111,2022,state,urban/rural,sector_state,0,Puducherry,NA,NA,NA,NA,NA,NA,NA,NA,NA,NA,NA,NA,1,0,0,0,NA
2135,0,0,0,2022,state,urban/rural,sector_state,0,Puducherry,NA,NA,NA,NA,NA,NA,NA,NA,NA,NA,NA,NA,NA,NA,NA,NA,NA
2136,0.461756498,0.344638795,0.060984302,2022,state,urban/rural,sector_state,0,A & N Island,NA,NA,NA,NA,NA,NA,NA,NA,NA,NA,NA,NA,0,0,0,1,NA
2137,0.409233779,0.420269489,0.123716258,2022,state,urban/rural,sector_state,0,A & N Island,NA,NA,NA,NA,NA,NA,NA,NA,NA,NA,NA,NA,0,0,1,0,NA
2138,0.3445476,0.495691836,0.126250386,2022,state,urban/rural,sector_state,0,A & N Island,NA,NA,NA,NA,NA,NA,NA,NA,NA,NA,NA,NA,0,1,0,0,NA
2139,0.375750571,0.356063634,0.156972811,2022,state,urban/rural,sector_state,0,A & N Island,NA,NA,NA,NA,NA,NA,NA,NA,NA,NA,NA,NA,1,0,0,0,NA
2140,0,0,0,2022,state,urban/rural,sector_state,0,A & N Island,NA,NA,NA,NA,NA,NA,NA,NA,NA,NA,NA,NA,NA,NA,NA,NA,NA
2141,0.561783612,0.082097612,0.183707789,2022,state,urban/rural,sector_state,0,Telangana,NA,NA,NA,NA,NA,NA,NA,NA,NA,NA,NA,NA,0,0,0,1,NA
2142,0.67181015,0.077709742,0.225964159,2022,state,urban/rural,sector_state,0,Telangana,NA,NA,NA,NA,NA,NA,NA,NA,NA,NA,NA,NA,0,0,1,0,NA
2143,0.636214733,0.107004017,0.253015488,2022,state,urban/rural,sector_state,0,Telangana,NA,NA,NA,NA,NA,NA,NA,NA,NA,NA,NA,NA,0,1,0,0,NA
2144,0.461435169,0.138621002,0.20812501,2022,state,urban/rural,sector_state,0,Telangana,NA,NA,NA,NA,NA,NA,NA,NA,NA,NA,NA,NA,1,0,0,0,NA
2145,0,0,0,2022,state,urban/rural,sector_state,0,Telangana,NA,NA,NA,NA,NA,NA,NA,NA,NA,NA,NA,NA,NA,NA,NA,NA,NA
2146,0.674202383,0.170354053,0.098842219,2022,state,urban/rural,sector_state,0,Ladakh,NA,NA,NA,NA,NA,NA,NA,NA,NA,NA,NA,NA,0,0,0,1,NA
2147,0.448521614,0.35595876,0.146933898,2022,state,urban/rural,sector_state,0,Ladakh,NA,NA,NA,NA,NA,NA,NA,NA,NA,NA,NA,NA,0,0,1,0,NA
2148,0.406538129,0.415360421,0.173821837,2022,state,urban/rural,sector_state,0,Ladakh,NA,NA,NA,NA,NA,NA,NA,NA,NA,NA,NA,NA,0,1,0,0,NA
2149,0.418561816,0.158578157,0.422860026,2022,state,urban/rural,sector_state,0,Ladakh,NA,NA,NA,NA,NA,NA,NA,NA,NA,NA,NA,NA,1,0,0,0,NA
2150,0,0,0,2022,state,urban/rural,sector_state,0,Ladakh,NA,NA,NA,NA,NA,NA,NA,NA,NA,NA,NA,NA,NA,NA,NA,NA,NA
2151,0.373620868,0.362709522,0.068115033,2022,state,urban/rural,sector_state,1,Jammu & Kashmir,NA,NA,NA,NA,NA,NA,NA,NA,NA,NA,NA,NA,0,0,0,1,NA
2152,0.444530815,0.380437702,0.064039238,2022,state,urban/rural,sector_state,1,Jammu & Kashmir,NA,NA,NA,NA,NA,NA,NA,NA,NA,NA,NA,NA,0,0,1,0,NA
2153,0.369832188,0.41685313,0.141555548,2022,state,urban/rural,sector_state,1,Jammu & Kashmir,NA,NA,NA,NA,NA,NA,NA,NA,NA,NA,NA,NA,0,1,0,0,NA
2154,0.330622673,0.246820077,0.192955822,2022,state,urban/rural,sector_state,1,Jammu & Kashmir,NA,NA,NA,NA,NA,NA,NA,NA,NA,NA,NA,NA,1,0,0,0,NA
2155,0,0,0,2022,state,urban/rural,sector_state,1,Jammu & Kashmir,NA,NA,NA,NA,NA,NA,NA,NA,NA,NA,NA,NA,NA,NA,NA,NA,NA
2156,0.457490921,0.250133693,0.026231376,2022,state,urban/rural,sector_state,1,Himachal Pradesh,NA,NA,NA,NA,NA,NA,NA,NA,NA,NA,NA,NA,0,0,0,1,NA
2157,0.317001015,0.516604483,0.0313318,2022,state,urban/rural,sector_state,1,Himachal Pradesh,NA,NA,NA,NA,NA,NA,NA,NA,NA,NA,NA,NA,0,0,1,0,NA
2158,0.329296947,0.447566241,0.116727546,2022,state,urban/rural,sector_state,1,Himachal Pradesh,NA,NA,NA,NA,NA,NA,NA,NA,NA,NA,NA,NA,0,1,0,0,NA
2159,0.064087883,0.421745569,0.060386226,2022,state,urban/rural,sector_state,1,Himachal Pradesh,NA,NA,NA,NA,NA,NA,NA,NA,NA,NA,NA,NA,1,0,0,0,NA
2160,0,0,0,2022,state,urban/rural,sector_state,1,Himachal Pradesh,NA,NA,NA,NA,NA,NA,NA,NA,NA,NA,NA,NA,NA,NA,NA,NA,NA
2161,0.477547288,0.276619673,0.090448171,2022,state,urban/rural,sector_state,1,Punjab,NA,NA,NA,NA,NA,NA,NA,NA,NA,NA,NA,NA,0,0,0,1,NA
2162,0.452234238,0.350748122,0.130968601,2022,state,urban/rural,sector_state,1,Punjab,NA,NA,NA,NA,NA,NA,NA,NA,NA,NA,NA,NA,0,0,1,0,NA
2163,0.357775033,0.37626794,0.216335371,2022,state,urban/rural,sector_state,1,Punjab,NA,NA,NA,NA,NA,NA,NA,NA,NA,NA,NA,NA,0,1,0,0,NA
2164,0.208689943,0.502364039,0.2168044,2022,state,urban/rural,sector_state,1,Punjab,NA,NA,NA,NA,NA,NA,NA,NA,NA,NA,NA,NA,1,0,0,0,NA
2165,0,0,0,2022,state,urban/rural,sector_state,1,Punjab,NA,NA,NA,NA,NA,NA,NA,NA,NA,NA,NA,NA,NA,NA,NA,NA,NA
2166,0.424498141,0.276668042,0,2022,state,urban/rural,sector_state,1,Chandigarh,NA,NA,NA,NA,NA,NA,NA,NA,NA,NA,NA,NA,0,0,0,1,NA
2167,0.358509332,0.49202013,0.078226045,2022,state,urban/rural,sector_state,1,Chandigarh,NA,NA,NA,NA,NA,NA,NA,NA,NA,NA,NA,NA,0,0,1,0,NA
2168,0.272047162,0.644697785,0.070867516,2022,state,urban/rural,sector_state,1,Chandigarh,NA,NA,NA,NA,NA,NA,NA,NA,NA,NA,NA,NA,0,1,0,0,NA
2169,0.078979909,0.298301101,0,2022,state,urban/rural,sector_state,1,Chandigarh,NA,NA,NA,NA,NA,NA,NA,NA,NA,NA,NA,NA,1,0,0,0,NA
2170,0,0,0,2022,state,urban/rural,sector_state,1,Chandigarh,NA,NA,NA,NA,NA,NA,NA,NA,NA,NA,NA,NA,NA,NA,NA,NA,NA
2171,0.400067806,0.30966863,0.098620638,2022,state,urban/rural,sector_state,1,Uttrakhand,NA,NA,NA,NA,NA,NA,NA,NA,NA,NA,NA,NA,0,0,0,1,NA
2172,0.382920295,0.458719403,0.105183206,2022,state,urban/rural,sector_state,1,Uttrakhand,NA,NA,NA,NA,NA,NA,NA,NA,NA,NA,NA,NA,0,0,1,0,NA
2173,0.311334699,0.516211331,0.146017596,2022,state,urban/rural,sector_state,1,Uttrakhand,NA,NA,NA,NA,NA,NA,NA,NA,NA,NA,NA,NA,0,1,0,0,NA
2174,0.232242793,0.506391108,0.090710402,2022,state,urban/rural,sector_state,1,Uttrakhand,NA,NA,NA,NA,NA,NA,NA,NA,NA,NA,NA,NA,1,0,0,0,NA
2175,0,0,0,2022,state,urban/rural,sector_state,1,Uttrakhand,NA,NA,NA,NA,NA,NA,NA,NA,NA,NA,NA,NA,NA,NA,NA,NA,NA
2176,0.482724339,0.313706517,0.073284544,2022,state,urban/rural,sector_state,1,Haryana,NA,NA,NA,NA,NA,NA,NA,NA,NA,NA,NA,NA,0,0,0,1,NA
2177,0.408399522,0.437527359,0.10597533,2022,state,urban/rural,sector_state,1,Haryana,NA,NA,NA,NA,NA,NA,NA,NA,NA,NA,NA,NA,0,0,1,0,NA
2178,0.346346557,0.494704634,0.141818389,2022,state,urban/rural,sector_state,1,Haryana,NA,NA,NA,NA,NA,NA,NA,NA,NA,NA,NA,NA,0,1,0,0,NA
2179,0.162483826,0.606138647,0.159606934,2022,state,urban/rural,sector_state,1,Haryana,NA,NA,NA,NA,NA,NA,NA,NA,NA,NA,NA,NA,1,0,0,0,NA
2180,0,0,0,2022,state,urban/rural,sector_state,1,Haryana,NA,NA,NA,NA,NA,NA,NA,NA,NA,NA,NA,NA,NA,NA,NA,NA,NA
2181,0.417332023,0.394517332,0.037273146,2022,state,urban/rural,sector_state,1,Delhi,NA,NA,NA,NA,NA,NA,NA,NA,NA,NA,NA,NA,0,0,0,1,NA
2182,0.424903542,0.429212511,0.070684664,2022,state,urban/rural,sector_state,1,Delhi,NA,NA,NA,NA,NA,NA,NA,NA,NA,NA,NA,NA,0,0,1,0,NA
2183,0.337690502,0.469470173,0.110148057,2022,state,urban/rural,sector_state,1,Delhi,NA,NA,NA,NA,NA,NA,NA,NA,NA,NA,NA,NA,0,1,0,0,NA
2184,0.194478542,0.484662026,0.149420902,2022,state,urban/rural,sector_state,1,Delhi,NA,NA,NA,NA,NA,NA,NA,NA,NA,NA,NA,NA,1,0,0,0,NA
2185,0,0,0,2022,state,urban/rural,sector_state,1,Delhi,NA,NA,NA,NA,NA,NA,NA,NA,NA,NA,NA,NA,NA,NA,NA,NA,NA
2186,0.473917902,0.320212811,0.081519924,2022,state,urban/rural,sector_state,1,Rajasthan,NA,NA,NA,NA,NA,NA,NA,NA,NA,NA,NA,NA,0,0,0,1,NA
2187,0.463856429,0.353552341,0.132188722,2022,state,urban/rural,sector_state,1,Rajasthan,NA,NA,NA,NA,NA,NA,NA,NA,NA,NA,NA,NA,0,0,1,0,NA
2188,0.394292831,0.374065191,0.20969595,2022,state,urban/rural,sector_state,1,Rajasthan,NA,NA,NA,NA,NA,NA,NA,NA,NA,NA,NA,NA,0,1,0,0,NA
2189,0.178000063,0.399822176,0.160047472,2022,state,urban/rural,sector_state,1,Rajasthan,NA,NA,NA,NA,NA,NA,NA,NA,NA,NA,NA,NA,1,0,0,0,NA
2190,0,0,0,2022,state,urban/rural,sector_state,1,Rajasthan,NA,NA,NA,NA,NA,NA,NA,NA,NA,NA,NA,NA,NA,NA,NA,NA,NA
2191,0.456113666,0.263975561,0.100548618,2022,state,urban/rural,sector_state,1,Uttar Pradesh,NA,NA,NA,NA,NA,NA,NA,NA,NA,NA,NA,NA,0,0,0,1,NA
2192,0.484853685,0.323830932,0.131381676,2022,state,urban/rural,sector_state,1,Uttar Pradesh,NA,NA,NA,NA,NA,NA,NA,NA,NA,NA,NA,NA,0,0,1,0,NA
2193,0.419278204,0.364890724,0.186509579,2022,state,urban/rural,sector_state,1,Uttar Pradesh,NA,NA,NA,NA,NA,NA,NA,NA,NA,NA,NA,NA,0,1,0,0,NA
2194,0.333069295,0.327331215,0.229314893,2022,state,urban/rural,sector_state,1,Uttar Pradesh,NA,NA,NA,NA,NA,NA,NA,NA,NA,NA,NA,NA,1,0,0,0,NA
2195,0,0,0,2022,state,urban/rural,sector_state,1,Uttar Pradesh,NA,NA,NA,NA,NA,NA,NA,NA,NA,NA,NA,NA,NA,NA,NA,NA,NA
2196,0.458829433,0.243359432,0.165227428,2022,state,urban/rural,sector_state,1,Bihar,NA,NA,NA,NA,NA,NA,NA,NA,NA,NA,NA,NA,0,0,0,1,NA
2197,0.502417922,0.287357926,0.160920039,2022,state,urban/rural,sector_state,1,Bihar,NA,NA,NA,NA,NA,NA,NA,NA,NA,NA,NA,NA,0,0,1,0,NA
2198,0.451467037,0.304592162,0.217885479,2022,state,urban/rural,sector_state,1,Bihar,NA,NA,NA,NA,NA,NA,NA,NA,NA,NA,NA,NA,0,1,0,0,NA
2199,0.202510133,0.2466508,0.335735589,2022,state,urban/rural,sector_state,1,Bihar,NA,NA,NA,NA,NA,NA,NA,NA,NA,NA,NA,NA,1,0,0,0,NA
2200,0,0,0,2022,state,urban/rural,sector_state,1,Bihar,NA,NA,NA,NA,NA,NA,NA,NA,NA,NA,NA,NA,NA,NA,NA,NA,NA
2201,0.484288871,0.404765755,0.014774847,2022,state,urban/rural,sector_state,1,Sikkim,NA,NA,NA,NA,NA,NA,NA,NA,NA,NA,NA,NA,0,0,0,1,NA
2202,0.385863185,0.505455911,0.076814711,2022,state,urban/rural,sector_state,1,Sikkim,NA,NA,NA,NA,NA,NA,NA,NA,NA,NA,NA,NA,0,0,1,0,NA
2203,0.360893726,0.569214702,0.065558374,2022,state,urban/rural,sector_state,1,Sikkim,NA,NA,NA,NA,NA,NA,NA,NA,NA,NA,NA,NA,0,1,0,0,NA
2204,0.129154205,0.499745369,0.035325497,2022,state,urban/rural,sector_state,1,Sikkim,NA,NA,NA,NA,NA,NA,NA,NA,NA,NA,NA,NA,1,0,0,0,NA
2205,0,0,0,2022,state,urban/rural,sector_state,1,Sikkim,NA,NA,NA,NA,NA,NA,NA,NA,NA,NA,NA,NA,NA,NA,NA,NA,NA
2206,0.458521038,0.488668323,0,2022,state,urban/rural,sector_state,1,Arunachal Pradesh,NA,NA,NA,NA,NA,NA,NA,NA,NA,NA,NA,NA,0,0,0,1,NA
2207,0.360999644,0.583382905,0.036268953,2022,state,urban/rural,sector_state,1,Arunachal Pradesh,NA,NA,NA,NA,NA,NA,NA,NA,NA,NA,NA,NA,0,0,1,0,NA
2208,0.394982845,0.543368816,0.045860376,2022,state,urban/rural,sector_state,1,Arunachal Pradesh,NA,NA,NA,NA,NA,NA,NA,NA,NA,NA,NA,NA,0,1,0,0,NA
2209,0.31613636,0.309837431,0.05899033,2022,state,urban/rural,sector_state,1,Arunachal Pradesh,NA,NA,NA,NA,NA,NA,NA,NA,NA,NA,NA,NA,1,0,0,0,NA
2210,0,0,0,2022,state,urban/rural,sector_state,1,Arunachal Pradesh,NA,NA,NA,NA,NA,NA,NA,NA,NA,NA,NA,NA,NA,NA,NA,NA,NA
2211,0.309846133,0.441552192,0.027299635,2022,state,urban/rural,sector_state,1,Nagaland,NA,NA,NA,NA,NA,NA,NA,NA,NA,NA,NA,NA,0,0,0,1,NA
2212,0.400989026,0.489031941,0.049639843,2022,state,urban/rural,sector_state,1,Nagaland,NA,NA,NA,NA,NA,NA,NA,NA,NA,NA,NA,NA,0,0,1,0,NA
2213,0.39111802,0.497158915,0.099874921,2022,state,urban/rural,sector_state,1,Nagaland,NA,NA,NA,NA,NA,NA,NA,NA,NA,NA,NA,NA,0,1,0,0,NA
2214,0.297717929,0.299828708,0.139731437,2022,state,urban/rural,sector_state,1,Nagaland,NA,NA,NA,NA,NA,NA,NA,NA,NA,NA,NA,NA,1,0,0,0,NA
2215,0,0,0,2022,state,urban/rural,sector_state,1,Nagaland,NA,NA,NA,NA,NA,NA,NA,NA,NA,NA,NA,NA,NA,NA,NA,NA,NA
2216,0.414432317,0.371345818,0.096289366,2022,state,urban/rural,sector_state,1,Manipur,NA,NA,NA,NA,NA,NA,NA,NA,NA,NA,NA,NA,0,0,0,1,NA
2217,0.487255186,0.342831522,0.130056992,2022,state,urban/rural,sector_state,1,Manipur,NA,NA,NA,NA,NA,NA,NA,NA,NA,NA,NA,NA,0,0,1,0,NA
2218,0.470549345,0.354667038,0.159156442,2022,state,urban/rural,sector_state,1,Manipur,NA,NA,NA,NA,NA,NA,NA,NA,NA,NA,NA,NA,0,1,0,0,NA
2219,0.328495264,0.197312161,0.218489707,2022,state,urban/rural,sector_state,1,Manipur,NA,NA,NA,NA,NA,NA,NA,NA,NA,NA,NA,NA,1,0,0,0,NA
2220,0,0,0,2022,state,urban/rural,sector_state,1,Manipur,NA,NA,NA,NA,NA,NA,NA,NA,NA,NA,NA,NA,NA,NA,NA,NA,NA
2221,0.428547561,0.400611252,0.064202316,2022,state,urban/rural,sector_state,1,Mizoram,NA,NA,NA,NA,NA,NA,NA,NA,NA,NA,NA,NA,0,0,0,1,NA
2222,0.390363902,0.511326849,0.052010704,2022,state,urban/rural,sector_state,1,Mizoram,NA,NA,NA,NA,NA,NA,NA,NA,NA,NA,NA,NA,0,0,1,0,NA
2223,0.382743686,0.459881634,0.115198106,2022,state,urban/rural,sector_state,1,Mizoram,NA,NA,NA,NA,NA,NA,NA,NA,NA,NA,NA,NA,0,1,0,0,NA
2224,0.183987603,0.3949458,0.245575726,2022,state,urban/rural,sector_state,1,Mizoram,NA,NA,NA,NA,NA,NA,NA,NA,NA,NA,NA,NA,1,0,0,0,NA
2225,0,0,0,2022,state,urban/rural,sector_state,1,Mizoram,NA,NA,NA,NA,NA,NA,NA,NA,NA,NA,NA,NA,NA,NA,NA,NA,NA
2226,0.45660159,0.243600741,0.066279151,2022,state,urban/rural,sector_state,1,Tripura,NA,NA,NA,NA,NA,NA,NA,NA,NA,NA,NA,NA,0,0,0,1,NA
2227,0.439011842,0.303485066,0.175927937,2022,state,urban/rural,sector_state,1,Tripura,NA,NA,NA,NA,NA,NA,NA,NA,NA,NA,NA,NA,0,0,1,0,NA
2228,0.422154814,0.319041014,0.23593989,2022,state,urban/rural,sector_state,1,Tripura,NA,NA,NA,NA,NA,NA,NA,NA,NA,NA,NA,NA,0,1,0,0,NA
2229,0.388312012,0.232806712,0.212525159,2022,state,urban/rural,sector_state,1,Tripura,NA,NA,NA,NA,NA,NA,NA,NA,NA,NA,NA,NA,1,0,0,0,NA
2230,0,0,0,2022,state,urban/rural,sector_state,1,Tripura,NA,NA,NA,NA,NA,NA,NA,NA,NA,NA,NA,NA,NA,NA,NA,NA,NA
2231,0.335758418,0.566370428,0.045563865,2022,state,urban/rural,sector_state,1,Meghalaya,NA,NA,NA,NA,NA,NA,NA,NA,NA,NA,NA,NA,0,0,0,1,NA
2232,0.342027247,0.525075376,0.118548937,2022,state,urban/rural,sector_state,1,Meghalaya,NA,NA,NA,NA,NA,NA,NA,NA,NA,NA,NA,NA,0,0,1,0,NA
2233,0.40657568,0.410246372,0.180661231,2022,state,urban/rural,sector_state,1,Meghalaya,NA,NA,NA,NA,NA,NA,NA,NA,NA,NA,NA,NA,0,1,0,0,NA
2234,0.141252249,0.346421778,0.343272984,2022,state,urban/rural,sector_state,1,Meghalaya,NA,NA,NA,NA,NA,NA,NA,NA,NA,NA,NA,NA,1,0,0,0,NA
2235,0,0,0,2022,state,urban/rural,sector_state,1,Meghalaya,NA,NA,NA,NA,NA,NA,NA,NA,NA,NA,NA,NA,NA,NA,NA,NA,NA
2236,0.434104681,0.321568936,0.084580876,2022,state,urban/rural,sector_state,1,Assam,NA,NA,NA,NA,NA,NA,NA,NA,NA,NA,NA,NA,0,0,0,1,NA
2237,0.471154958,0.363215268,0.08866214,2022,state,urban/rural,sector_state,1,Assam,NA,NA,NA,NA,NA,NA,NA,NA,NA,NA,NA,NA,0,0,1,0,NA
2238,0.459857225,0.372433633,0.150760099,2022,state,urban/rural,sector_state,1,Assam,NA,NA,NA,NA,NA,NA,NA,NA,NA,NA,NA,NA,0,1,0,0,NA
2239,0.257015347,0.33290872,0.142318323,2022,state,urban/rural,sector_state,1,Assam,NA,NA,NA,NA,NA,NA,NA,NA,NA,NA,NA,NA,1,0,0,0,NA
2240,0,0,0,2022,state,urban/rural,sector_state,1,Assam,NA,NA,NA,NA,NA,NA,NA,NA,NA,NA,NA,NA,NA,NA,NA,NA,NA
2241,0.372114867,0.359955728,0.095383823,2022,state,urban/rural,sector_state,1,West Bengal,NA,NA,NA,NA,NA,NA,NA,NA,NA,NA,NA,NA,0,0,0,1,NA
2242,0.428468764,0.364551216,0.143686965,2022,state,urban/rural,sector_state,1,West Bengal,NA,NA,NA,NA,NA,NA,NA,NA,NA,NA,NA,NA,0,0,1,0,NA
2243,0.367899597,0.384318143,0.228983894,2022,state,urban/rural,sector_state,1,West Bengal,NA,NA,NA,NA,NA,NA,NA,NA,NA,NA,NA,NA,0,1,0,0,NA
2244,0.263403177,0.268415183,0.330088168,2022,state,urban/rural,sector_state,1,West Bengal,NA,NA,NA,NA,NA,NA,NA,NA,NA,NA,NA,NA,1,0,0,0,NA
2245,0,0,0,2022,state,urban/rural,sector_state,1,West Bengal,NA,NA,NA,NA,NA,NA,NA,NA,NA,NA,NA,NA,NA,NA,NA,NA,NA
2246,0.376987875,0.354852766,0.077872351,2022,state,urban/rural,sector_state,1,Jharkhand,NA,NA,NA,NA,NA,NA,NA,NA,NA,NA,NA,NA,0,0,0,1,NA
2247,0.367085099,0.440011501,0.10380061,2022,state,urban/rural,sector_state,1,Jharkhand,NA,NA,NA,NA,NA,NA,NA,NA,NA,NA,NA,NA,0,0,1,0,NA
2248,0.329048216,0.464962274,0.159183979,2022,state,urban/rural,sector_state,1,Jharkhand,NA,NA,NA,NA,NA,NA,NA,NA,NA,NA,NA,NA,0,1,0,0,NA
2249,0.17635113,0.457813889,0.193368793,2022,state,urban/rural,sector_state,1,Jharkhand,NA,NA,NA,NA,NA,NA,NA,NA,NA,NA,NA,NA,1,0,0,0,NA
2250,0,5.62E-05,0,2022,state,urban/rural,sector_state,1,Jharkhand,NA,NA,NA,NA,NA,NA,NA,NA,NA,NA,NA,NA,NA,NA,NA,NA,NA
2251,0.466706187,0.264699727,0.104369015,2022,state,urban/rural,sector_state,1,Odisha,NA,NA,NA,NA,NA,NA,NA,NA,NA,NA,NA,NA,0,0,0,1,NA
2252,0.431726247,0.354972363,0.157765731,2022,state,urban/rural,sector_state,1,Odisha,NA,NA,NA,NA,NA,NA,NA,NA,NA,NA,NA,NA,0,0,1,0,NA
2253,0.358784109,0.426998585,0.183252484,2022,state,urban/rural,sector_state,1,Odisha,NA,NA,NA,NA,NA,NA,NA,NA,NA,NA,NA,NA,0,1,0,0,NA
2254,0.196055591,0.451762855,0.202699438,2022,state,urban/rural,sector_state,1,Odisha,NA,NA,NA,NA,NA,NA,NA,NA,NA,NA,NA,NA,1,0,0,0,NA
2255,0,0,0,2022,state,urban/rural,sector_state,1,Odisha,NA,NA,NA,NA,NA,NA,NA,NA,NA,NA,NA,NA,NA,NA,NA,NA,NA
2256,0.417207927,0.317133307,0.139082223,2022,state,urban/rural,sector_state,1,Chhattisgarh,NA,NA,NA,NA,NA,NA,NA,NA,NA,NA,NA,NA,0,0,0,1,NA
2257,0.356951296,0.475778133,0.126441479,2022,state,urban/rural,sector_state,1,Chhattisgarh,NA,NA,NA,NA,NA,NA,NA,NA,NA,NA,NA,NA,0,0,1,0,NA
2258,0.315820038,0.507612169,0.166087165,2022,state,urban/rural,sector_state,1,Chhattisgarh,NA,NA,NA,NA,NA,NA,NA,NA,NA,NA,NA,NA,0,1,0,0,NA
2259,0.127941668,0.479855984,0.193111628,2022,state,urban/rural,sector_state,1,Chhattisgarh,NA,NA,NA,NA,NA,NA,NA,NA,NA,NA,NA,NA,1,0,0,0,NA
2260,0,0,0,2022,state,urban/rural,sector_state,1,Chhattisgarh,NA,NA,NA,NA,NA,NA,NA,NA,NA,NA,NA,NA,NA,NA,NA,NA,NA
2261,0.51124531,0.266949058,0.109486684,2022,state,urban/rural,sector_state,1,Madhya Pradesh,NA,NA,NA,NA,NA,NA,NA,NA,NA,NA,NA,NA,0,0,0,1,NA
2262,0.45173198,0.345127583,0.168527558,2022,state,urban/rural,sector_state,1,Madhya Pradesh,NA,NA,NA,NA,NA,NA,NA,NA,NA,NA,NA,NA,0,0,1,0,NA
2263,0.380487472,0.372289002,0.226263672,2022,state,urban/rural,sector_state,1,Madhya Pradesh,NA,NA,NA,NA,NA,NA,NA,NA,NA,NA,NA,NA,0,1,0,0,NA
2264,0.212071076,0.27473098,0.202892989,2022,state,urban/rural,sector_state,1,Madhya Pradesh,NA,NA,NA,NA,NA,NA,NA,NA,NA,NA,NA,NA,1,0,0,0,NA
2265,0,0,0,2022,state,urban/rural,sector_state,1,Madhya Pradesh,NA,NA,NA,NA,NA,NA,NA,NA,NA,NA,NA,NA,NA,NA,NA,NA,NA
2266,0.43775481,0.369611174,0.074040793,2022,state,urban/rural,sector_state,1,Gujarat,NA,NA,NA,NA,NA,NA,NA,NA,NA,NA,NA,NA,0,0,0,1,NA
2267,0.444215238,0.427024901,0.098602548,2022,state,urban/rural,sector_state,1,Gujarat,NA,NA,NA,NA,NA,NA,NA,NA,NA,NA,NA,NA,0,0,1,0,NA
2268,0.374218464,0.465767115,0.152825966,2022,state,urban/rural,sector_state,1,Gujarat,NA,NA,NA,NA,NA,NA,NA,NA,NA,NA,NA,NA,0,1,0,0,NA
2269,0.189639181,0.561154723,0.15890184,2022,state,urban/rural,sector_state,1,Gujarat,NA,NA,NA,NA,NA,NA,NA,NA,NA,NA,NA,NA,1,0,0,0,NA
2270,0,0,0,2022,state,urban/rural,sector_state,1,Gujarat,NA,NA,NA,NA,NA,NA,NA,NA,NA,NA,NA,NA,NA,NA,NA,NA,NA
2271,0.670444548,0.185328647,0,2022,state,urban/rural,sector_state,1,Daman & Diu & D & N Haveli,NA,NA,NA,NA,NA,NA,NA,NA,NA,NA,NA,NA,0,0,0,1,NA
2272,0.149530753,0.80107373,0.029625904,2022,state,urban/rural,sector_state,1,Daman & Diu & D & N Haveli,NA,NA,NA,NA,NA,NA,NA,NA,NA,NA,NA,NA,0,0,1,0,NA
2273,0.131056488,0.830226123,0.036016569,2022,state,urban/rural,sector_state,1,Daman & Diu & D & N Haveli,NA,NA,NA,NA,NA,NA,NA,NA,NA,NA,NA,NA,0,1,0,0,NA
2274,0.047556721,0.921063423,0.02292496,2022,state,urban/rural,sector_state,1,Daman & Diu & D & N Haveli,NA,NA,NA,NA,NA,NA,NA,NA,NA,NA,NA,NA,1,0,0,0,NA
2275,0,0,0,2022,state,urban/rural,sector_state,1,Daman & Diu & D & N Haveli,NA,NA,NA,NA,NA,NA,NA,NA,NA,NA,NA,NA,NA,NA,NA,NA,NA
2276,0.343113303,0.37778753,0.094481952,2022,state,urban/rural,sector_state,1,Maharashtra,NA,NA,NA,NA,NA,NA,NA,NA,NA,NA,NA,NA,0,0,0,1,NA
2277,0.353451848,0.470396429,0.113600597,2022,state,urban/rural,sector_state,1,Maharashtra,NA,NA,NA,NA,NA,NA,NA,NA,NA,NA,NA,NA,0,0,1,0,NA
2278,0.344665259,0.496760339,0.130536899,2022,state,urban/rural,sector_state,1,Maharashtra,NA,NA,NA,NA,NA,NA,NA,NA,NA,NA,NA,NA,0,1,0,0,NA
2279,0.182210416,0.535110414,0.143360406,2022,state,urban/rural,sector_state,1,Maharashtra,NA,NA,NA,NA,NA,NA,NA,NA,NA,NA,NA,NA,1,0,0,0,NA
2280,0,0,0,2022,state,urban/rural,sector_state,1,Maharashtra,NA,NA,NA,NA,NA,NA,NA,NA,NA,NA,NA,NA,NA,NA,NA,NA,NA
2281,0.285698473,0.272687823,0.07421688,2022,state,urban/rural,sector_state,1,Andhra Pradesh,NA,NA,NA,NA,NA,NA,NA,NA,NA,NA,NA,NA,0,0,0,1,NA
2282,0.36671105,0.422962695,0.141594484,2022,state,urban/rural,sector_state,1,Andhra Pradesh,NA,NA,NA,NA,NA,NA,NA,NA,NA,NA,NA,NA,0,0,1,0,NA
2283,0.381973267,0.394944549,0.201563999,2022,state,urban/rural,sector_state,1,Andhra Pradesh,NA,NA,NA,NA,NA,NA,NA,NA,NA,NA,NA,NA,0,1,0,0,NA
2284,0.161272168,0.267603427,0.189685017,2022,state,urban/rural,sector_state,1,Andhra Pradesh,NA,NA,NA,NA,NA,NA,NA,NA,NA,NA,NA,NA,1,0,0,0,NA
2285,0,0,0,2022,state,urban/rural,sector_state,1,Andhra Pradesh,NA,NA,NA,NA,NA,NA,NA,NA,NA,NA,NA,NA,NA,NA,NA,NA,NA
2286,0.409396052,0.317381561,0.090587474,2022,state,urban/rural,sector_state,1,Karnataka,NA,NA,NA,NA,NA,NA,NA,NA,NA,NA,NA,NA,0,0,0,1,NA
2287,0.388306677,0.422792047,0.13839598,2022,state,urban/rural,sector_state,1,Karnataka,NA,NA,NA,NA,NA,NA,NA,NA,NA,NA,NA,NA,0,0,1,0,NA
2288,0.332424283,0.490292549,0.161988899,2022,state,urban/rural,sector_state,1,Karnataka,NA,NA,NA,NA,NA,NA,NA,NA,NA,NA,NA,NA,0,1,0,0,NA
2289,0.154490158,0.463141263,0.106960781,2022,state,urban/rural,sector_state,1,Karnataka,NA,NA,NA,NA,NA,NA,NA,NA,NA,NA,NA,NA,1,0,0,0,NA
2290,0,0,0,2022,state,urban/rural,sector_state,1,Karnataka,NA,NA,NA,NA,NA,NA,NA,NA,NA,NA,NA,NA,NA,NA,NA,NA,NA
2291,0.290909559,0.502516866,0,2022,state,urban/rural,sector_state,1,Goa,NA,NA,NA,NA,NA,NA,NA,NA,NA,NA,NA,NA,0,0,0,1,NA
2292,0.244275406,0.58127898,0.08664085,2022,state,urban/rural,sector_state,1,Goa,NA,NA,NA,NA,NA,NA,NA,NA,NA,NA,NA,NA,0,0,1,0,NA
2293,0.259297311,0.579276681,0.126620293,2022,state,urban/rural,sector_state,1,Goa,NA,NA,NA,NA,NA,NA,NA,NA,NA,NA,NA,NA,0,1,0,0,NA
2294,0.03845207,0.704026222,0.22054565,2022,state,urban/rural,sector_state,1,Goa,NA,NA,NA,NA,NA,NA,NA,NA,NA,NA,NA,NA,1,0,0,0,NA
2295,0,0,0,2022,state,urban/rural,sector_state,1,Goa,NA,NA,NA,NA,NA,NA,NA,NA,NA,NA,NA,NA,NA,NA,NA,NA,NA
2296,0.456512749,0.27911973,0.183522373,2022,state,urban/rural,sector_state,1,Lakshadweep,NA,NA,NA,NA,NA,NA,NA,NA,NA,NA,NA,NA,0,0,0,1,NA
2297,0.367237806,0.335558861,0.184075534,2022,state,urban/rural,sector_state,1,Lakshadweep,NA,NA,NA,NA,NA,NA,NA,NA,NA,NA,NA,NA,0,0,1,0,NA
2298,0.351086885,0.347081631,0.20604068,2022,state,urban/rural,sector_state,1,Lakshadweep,NA,NA,NA,NA,NA,NA,NA,NA,NA,NA,NA,NA,0,1,0,0,NA
2299,0.06138026,0.142761976,0.264696956,2022,state,urban/rural,sector_state,1,Lakshadweep,NA,NA,NA,NA,NA,NA,NA,NA,NA,NA,NA,NA,1,0,0,0,NA
2300,0,0,0,2022,state,urban/rural,sector_state,1,Lakshadweep,NA,NA,NA,NA,NA,NA,NA,NA,NA,NA,NA,NA,NA,NA,NA,NA,NA
2301,0.261761487,0.277886569,0.171806753,2022,state,urban/rural,sector_state,1,Kerala,NA,NA,NA,NA,NA,NA,NA,NA,NA,NA,NA,NA,0,0,0,1,NA
2302,0.267316729,0.29555279,0.295761436,2022,state,urban/rural,sector_state,1,Kerala,NA,NA,NA,NA,NA,NA,NA,NA,NA,NA,NA,NA,0,0,1,0,NA
2303,0.213287085,0.379272431,0.252504587,2022,state,urban/rural,sector_state,1,Kerala,NA,NA,NA,NA,NA,NA,NA,NA,NA,NA,NA,NA,0,1,0,0,NA
2304,0.033439003,0.51002562,0.141994059,2022,state,urban/rural,sector_state,1,Kerala,NA,NA,NA,NA,NA,NA,NA,NA,NA,NA,NA,NA,1,0,0,0,NA
2305,0,0,0,2022,state,urban/rural,sector_state,1,Kerala,NA,NA,NA,NA,NA,NA,NA,NA,NA,NA,NA,NA,NA,NA,NA,NA,NA
2306,0.262579829,0.360698789,0.119785123,2022,state,urban/rural,sector_state,1,Tamil Nadu,NA,NA,NA,NA,NA,NA,NA,NA,NA,NA,NA,NA,0,0,0,1,NA
2307,0.29315576,0.455399603,0.184676468,2022,state,urban/rural,sector_state,1,Tamil Nadu,NA,NA,NA,NA,NA,NA,NA,NA,NA,NA,NA,NA,0,0,1,0,NA
2308,0.240817174,0.513001919,0.213738173,2022,state,urban/rural,sector_state,1,Tamil Nadu,NA,NA,NA,NA,NA,NA,NA,NA,NA,NA,NA,NA,0,1,0,0,NA
2309,0.09196505,0.577316165,0.123517603,2022,state,urban/rural,sector_state,1,Tamil Nadu,NA,NA,NA,NA,NA,NA,NA,NA,NA,NA,NA,NA,1,0,0,0,NA
2310,0,0,0,2022,state,urban/rural,sector_state,1,Tamil Nadu,NA,NA,NA,NA,NA,NA,NA,NA,NA,NA,NA,NA,NA,NA,NA,NA,NA
2311,0.358909816,0.25838393,0.090726867,2022,state,urban/rural,sector_state,1,Puducherry,NA,NA,NA,NA,NA,NA,NA,NA,NA,NA,NA,NA,0,0,0,1,NA
2312,0.262476355,0.410734355,0.21932143,2022,state,urban/rural,sector_state,1,Puducherry,NA,NA,NA,NA,NA,NA,NA,NA,NA,NA,NA,NA,0,0,1,0,NA
2313,0.224659592,0.469306797,0.248128206,2022,state,urban/rural,sector_state,1,Puducherry,NA,NA,NA,NA,NA,NA,NA,NA,NA,NA,NA,NA,0,1,0,0,NA
2314,0.266646087,0.184873462,0.463003933,2022,state,urban/rural,sector_state,1,Puducherry,NA,NA,NA,NA,NA,NA,NA,NA,NA,NA,NA,NA,1,0,0,0,NA
2315,0,0,0,2022,state,urban/rural,sector_state,1,Puducherry,NA,NA,NA,NA,NA,NA,NA,NA,NA,NA,NA,NA,NA,NA,NA,NA,NA
2316,0.310834855,0.477227956,0.019432869,2022,state,urban/rural,sector_state,1,A & N Island,NA,NA,NA,NA,NA,NA,NA,NA,NA,NA,NA,NA,0,0,0,1,NA
2317,0.172246993,0.724173546,0.047262784,2022,state,urban/rural,sector_state,1,A & N Island,NA,NA,NA,NA,NA,NA,NA,NA,NA,NA,NA,NA,0,0,1,0,NA
2318,0.228944257,0.677065849,0.072153047,2022,state,urban/rural,sector_state,1,A & N Island,NA,NA,NA,NA,NA,NA,NA,NA,NA,NA,NA,NA,0,1,0,0,NA
2319,0.174054801,0.614453673,0.076219745,2022,state,urban/rural,sector_state,1,A & N Island,NA,NA,NA,NA,NA,NA,NA,NA,NA,NA,NA,NA,1,0,0,0,NA
2320,0,0,0,2022,state,urban/rural,sector_state,1,A & N Island,NA,NA,NA,NA,NA,NA,NA,NA,NA,NA,NA,NA,NA,NA,NA,NA,NA
2321,0.323845893,0.331205368,0.078218766,2022,state,urban/rural,sector_state,1,Telangana,NA,NA,NA,NA,NA,NA,NA,NA,NA,NA,NA,NA,0,0,0,1,NA
2322,0.415863186,0.450430721,0.070484966,2022,state,urban/rural,sector_state,1,Telangana,NA,NA,NA,NA,NA,NA,NA,NA,NA,NA,NA,NA,0,0,1,0,NA
2323,0.351778179,0.544225574,0.085413836,2022,state,urban/rural,sector_state,1,Telangana,NA,NA,NA,NA,NA,NA,NA,NA,NA,NA,NA,NA,0,1,0,0,NA
2324,0.133133784,0.52543968,0.093213208,2022,state,urban/rural,sector_state,1,Telangana,NA,NA,NA,NA,NA,NA,NA,NA,NA,NA,NA,NA,1,0,0,0,NA
2325,0,0,0,2022,state,urban/rural,sector_state,1,Telangana,NA,NA,NA,NA,NA,NA,NA,NA,NA,NA,NA,NA,NA,NA,NA,NA,NA
2326,0.434862465,0.447870195,0,2022,state,urban/rural,sector_state,1,Ladakh,NA,NA,NA,NA,NA,NA,NA,NA,NA,NA,NA,NA,0,0,0,1,NA
2327,0.491818786,0.365712285,0.032611631,2022,state,urban/rural,sector_state,1,Ladakh,NA,NA,NA,NA,NA,NA,NA,NA,NA,NA,NA,NA,0,0,1,0,NA
2328,0.354254305,0.552200437,0.058791682,2022,state,urban/rural,sector_state,1,Ladakh,NA,NA,NA,NA,NA,NA,NA,NA,NA,NA,NA,NA,0,1,0,0,NA
2329,0.519478142,0.383816123,0.011186779,2022,state,urban/rural,sector_state,1,Ladakh,NA,NA,NA,NA,NA,NA,NA,NA,NA,NA,NA,NA,1,0,0,0,NA
2330,0,0,0,2022,state,urban/rural,sector_state,1,Ladakh,NA,NA,NA,NA,NA,NA,NA,NA,NA,NA,NA,NA,NA,NA,NA,NA,NA
2331,0.24000816,0.458764642,0.188886046,2022,allindia,All,allindia,99,India,NA,NA,NA,NA,NA,NA,NA,NA,NA,NA,NA,NA,NA,NA,NA,NA,0
2332,0.466868967,0.205253124,0.276330322,2022,allindia,All,allindia,99,India,NA,NA,NA,NA,NA,NA,NA,NA,NA,NA,NA,NA,NA,NA,NA,NA,1
2333,0,0,0,2022,allindia,All,allindia,99,India,NA,NA,NA,NA,NA,NA,NA,NA,NA,NA,NA,NA,NA,NA,NA,NA,NA
2334,0.256752163,0.268294245,0.320970476,2022,allindia,urban/rural,sect_allindia,0,India,NA,NA,NA,NA,NA,NA,NA,NA,NA,NA,NA,NA,NA,NA,NA,NA,0
2335,0.49451223,0.141024739,0.321488321,2022,allindia,urban/rural,sect_allindia,0,India,NA,NA,NA,NA,NA,NA,NA,NA,NA,NA,NA,NA,NA,NA,NA,NA,1
2336,0,0,0,2022,allindia,urban/rural,sect_allindia,0,India,NA,NA,NA,NA,NA,NA,NA,NA,NA,NA,NA,NA,NA,NA,NA,NA,NA
2337,0.234838709,0.520896673,0.145527974,2022,allindia,urban/rural,sect_allindia,1,India,NA,NA,NA,NA,NA,NA,NA,NA,NA,NA,NA,NA,NA,NA,NA,NA,0
2338,0.387848794,0.388931692,0.147189289,2022,allindia,urban/rural,sect_allindia,1,India,NA,NA,NA,NA,NA,NA,NA,NA,NA,NA,NA,NA,NA,NA,NA,NA,1
2339,0,0,0,2022,allindia,urban/rural,sect_allindia,1,India,NA,NA,NA,NA,NA,NA,NA,NA,NA,NA,NA,NA,NA,NA,NA,NA,NA
2340,0.225990519,0.354410112,0.294667959,2022,state,All,state,99,Jammu & Kashmir,NA,NA,NA,NA,NA,NA,NA,NA,NA,NA,NA,NA,NA,NA,NA,NA,0
2341,0.418045968,0.288693964,0.221324503,2022,state,All,state,99,Jammu & Kashmir,NA,NA,NA,NA,NA,NA,NA,NA,NA,NA,NA,NA,NA,NA,NA,NA,1
2342,0,0,0,2022,state,All,state,99,Jammu & Kashmir,NA,NA,NA,NA,NA,NA,NA,NA,NA,NA,NA,NA,NA,NA,NA,NA,NA
2343,0.194330186,0.369915158,0.209777743,2022,state,All,state,99,Himachal Pradesh,NA,NA,NA,NA,NA,NA,NA,NA,NA,NA,NA,NA,NA,NA,NA,NA,0
2344,0.501049876,0.237278208,0.155903667,2022,state,All,state,99,Himachal Pradesh,NA,NA,NA,NA,NA,NA,NA,NA,NA,NA,NA,NA,NA,NA,NA,NA,1
2345,0,0,0,2022,state,All,state,99,Himachal Pradesh,NA,NA,NA,NA,NA,NA,NA,NA,NA,NA,NA,NA,NA,NA,NA,NA,NA
2346,0.227345958,0.412471443,0.203628629,2022,state,All,state,99,Punjab,NA,NA,NA,NA,NA,NA,NA,NA,NA,NA,NA,NA,NA,NA,NA,NA,0
2347,0.42185083,0.230554029,0.283546418,2022,state,All,state,99,Punjab,NA,NA,NA,NA,NA,NA,NA,NA,NA,NA,NA,NA,NA,NA,NA,NA,1
2348,0,0,0,2022,state,All,state,99,Punjab,NA,NA,NA,NA,NA,NA,NA,NA,NA,NA,NA,NA,NA,NA,NA,NA,NA
2349,0.281338245,0.460073173,0.221997932,2022,state,All,state,99,Chandigarh,NA,NA,NA,NA,NA,NA,NA,NA,NA,NA,NA,NA,NA,NA,NA,NA,0
2350,0.303666353,0.495417237,0.059933621,2022,state,All,state,99,Chandigarh,NA,NA,NA,NA,NA,NA,NA,NA,NA,NA,NA,NA,NA,NA,NA,NA,1
2351,0,0,0,2022,state,All,state,99,Chandigarh,NA,NA,NA,NA,NA,NA,NA,NA,NA,NA,NA,NA,NA,NA,NA,NA,NA
2352,0.195049763,0.410292685,0.225506335,2022,state,All,state,99,Uttrakhand,NA,NA,NA,NA,NA,NA,NA,NA,NA,NA,NA,NA,NA,NA,NA,NA,0
2353,0.444854468,0.257918447,0.224030301,2022,state,All,state,99,Uttrakhand,NA,NA,NA,NA,NA,NA,NA,NA,NA,NA,NA,NA,NA,NA,NA,NA,1
2354,0,0,0,2022,state,All,state,99,Uttrakhand,NA,NA,NA,NA,NA,NA,NA,NA,NA,NA,NA,NA,NA,NA,NA,NA,NA
2355,0.182502329,0.539777219,0.216690719,2022,state,All,state,99,Haryana,NA,NA,NA,NA,NA,NA,NA,NA,NA,NA,NA,NA,NA,NA,NA,NA,0
2356,0.422496259,0.270596206,0.264800072,2022,state,All,state,99,Haryana,NA,NA,NA,NA,NA,NA,NA,NA,NA,NA,NA,NA,NA,NA,NA,NA,1
2357,0,0,0,2022,state,All,state,99,Haryana,NA,NA,NA,NA,NA,NA,NA,NA,NA,NA,NA,NA,NA,NA,NA,NA,NA
2358,0.271108747,0.462760627,0.168033406,2022,state,All,state,99,Delhi,NA,NA,NA,NA,NA,NA,NA,NA,NA,NA,NA,NA,NA,NA,NA,NA,0
2359,0.380815029,0.444892377,0.080821149,2022,state,All,state,99,Delhi,NA,NA,NA,NA,NA,NA,NA,NA,NA,NA,NA,NA,NA,NA,NA,NA,1
2360,0,0,0,2022,state,All,state,99,Delhi,NA,NA,NA,NA,NA,NA,NA,NA,NA,NA,NA,NA,NA,NA,NA,NA,NA
2361,0.159839541,0.33458969,0.134682596,2022,state,All,state,99,Rajasthan,NA,NA,NA,NA,NA,NA,NA,NA,NA,NA,NA,NA,NA,NA,NA,NA,0
2362,0.574285507,0.167426437,0.221621588,2022,state,All,state,99,Rajasthan,NA,NA,NA,NA,NA,NA,NA,NA,NA,NA,NA,NA,NA,NA,NA,NA,1
2363,0,0,0,2022,state,All,state,99,Rajasthan,NA,NA,NA,NA,NA,NA,NA,NA,NA,NA,NA,NA,NA,NA,NA,NA,NA
2364,0.339050382,0.334248304,0.258115828,2022,state,All,state,99,Uttar Pradesh,NA,NA,NA,NA,NA,NA,NA,NA,NA,NA,NA,NA,NA,NA,NA,NA,0
2365,0.52295208,0.139885828,0.271829247,2022,state,All,state,99,Uttar Pradesh,NA,NA,NA,NA,NA,NA,NA,NA,NA,NA,NA,NA,NA,NA,NA,NA,1
2366,0,0,0,2022,state,All,state,99,Uttar Pradesh,NA,NA,NA,NA,NA,NA,NA,NA,NA,NA,NA,NA,NA,NA,NA,NA,NA
2367,0.443259478,0.277182668,0.219155848,2022,state,All,state,99,Bihar,NA,NA,NA,NA,NA,NA,NA,NA,NA,NA,NA,NA,NA,NA,NA,NA,0
2368,0.401929468,0.217020541,0.351037145,2022,state,All,state,99,Bihar,NA,NA,NA,NA,NA,NA,NA,NA,NA,NA,NA,NA,NA,NA,NA,NA,1
2369,0,0,0,2022,state,All,state,99,Bihar,NA,NA,NA,NA,NA,NA,NA,NA,NA,NA,NA,NA,NA,NA,NA,NA,NA
2370,0.558565438,0.181131661,0.145286441,2022,state,All,state,99,Sikkim,NA,NA,NA,NA,NA,NA,NA,NA,NA,NA,NA,NA,NA,NA,NA,NA,0
2371,0.484216511,0.415112317,0.081585526,2022,state,All,state,99,Sikkim,NA,NA,NA,NA,NA,NA,NA,NA,NA,NA,NA,NA,NA,NA,NA,NA,1
2372,0,0,0,2022,state,All,state,99,Sikkim,NA,NA,NA,NA,NA,NA,NA,NA,NA,NA,NA,NA,NA,NA,NA,NA,NA
2373,0.392639071,0.42988801,0.070338994,2022,state,All,state,99,Arunachal Pradesh,NA,NA,NA,NA,NA,NA,NA,NA,NA,NA,NA,NA,NA,NA,NA,NA,0
2374,0.663871944,0.279503316,0.040663611,2022,state,All,state,99,Arunachal Pradesh,NA,NA,NA,NA,NA,NA,NA,NA,NA,NA,NA,NA,NA,NA,NA,NA,1
2375,0,0,0,2022,state,All,state,99,Arunachal Pradesh,NA,NA,NA,NA,NA,NA,NA,NA,NA,NA,NA,NA,NA,NA,NA,NA,NA
2376,0.494980663,0.347405642,0.125809595,2022,state,All,state,99,Nagaland,NA,NA,NA,NA,NA,NA,NA,NA,NA,NA,NA,NA,NA,NA,NA,NA,0
2377,0.671614051,0.247228742,0.039795484,2022,state,All,state,99,Nagaland,NA,NA,NA,NA,NA,NA,NA,NA,NA,NA,NA,NA,NA,NA,NA,NA,1
2378,0,0,0,2022,state,All,state,99,Nagaland,NA,NA,NA,NA,NA,NA,NA,NA,NA,NA,NA,NA,NA,NA,NA,NA,NA
2379,0.186837286,0.205308944,0.029726194,2022,state,All,state,99,Manipur,NA,NA,NA,NA,NA,NA,NA,NA,NA,NA,NA,NA,NA,NA,NA,NA,0
2380,0.569974184,0.249053627,0.155739963,2022,state,All,state,99,Manipur,NA,NA,NA,NA,NA,NA,NA,NA,NA,NA,NA,NA,NA,NA,NA,NA,1
2381,0,0,0,2022,state,All,state,99,Manipur,NA,NA,NA,NA,NA,NA,NA,NA,NA,NA,NA,NA,NA,NA,NA,NA,NA
2382,0.283961594,0.375531852,0.203116402,2022,state,All,state,99,Mizoram,NA,NA,NA,NA,NA,NA,NA,NA,NA,NA,NA,NA,NA,NA,NA,NA,0
2383,0.557113767,0.322548091,0.086693734,2022,state,All,state,99,Mizoram,NA,NA,NA,NA,NA,NA,NA,NA,NA,NA,NA,NA,NA,NA,NA,NA,1
2384,0,0,0,2022,state,All,state,99,Mizoram,NA,NA,NA,NA,NA,NA,NA,NA,NA,NA,NA,NA,NA,NA,NA,NA,NA
2385,0.368958652,0.325120181,0.260106951,2022,state,All,state,99,Tripura,NA,NA,NA,NA,NA,NA,NA,NA,NA,NA,NA,NA,NA,NA,NA,NA,0
2386,0.50452584,0.163518846,0.283546209,2022,state,All,state,99,Tripura,NA,NA,NA,NA,NA,NA,NA,NA,NA,NA,NA,NA,NA,NA,NA,NA,1
2387,0,0,0,2022,state,All,state,99,Tripura,NA,NA,NA,NA,NA,NA,NA,NA,NA,NA,NA,NA,NA,NA,NA,NA,NA
2388,0.242255315,0.354386836,0.315559387,2022,state,All,state,99,Meghalaya,NA,NA,NA,NA,NA,NA,NA,NA,NA,NA,NA,NA,NA,NA,NA,NA,0
2389,0.573400199,0.202218324,0.218414471,2022,state,All,state,99,Meghalaya,NA,NA,NA,NA,NA,NA,NA,NA,NA,NA,NA,NA,NA,NA,NA,NA,1
2390,0,0,0,2022,state,All,state,99,Meghalaya,NA,NA,NA,NA,NA,NA,NA,NA,NA,NA,NA,NA,NA,NA,NA,NA,NA
2391,0.355662823,0.33892116,0.243541285,2022,state,All,state,99,Assam,NA,NA,NA,NA,NA,NA,NA,NA,NA,NA,NA,NA,NA,NA,NA,NA,0
2392,0.444507271,0.172361374,0.348421752,2022,state,All,state,99,Assam,NA,NA,NA,NA,NA,NA,NA,NA,NA,NA,NA,NA,NA,NA,NA,NA,1
2393,0,0,0,2022,state,All,state,99,Assam,NA,NA,NA,NA,NA,NA,NA,NA,NA,NA,NA,NA,NA,NA,NA,NA,NA
2394,0.275630593,0.411048621,0.240347296,2022,state,All,state,99,West Bengal,NA,NA,NA,NA,NA,NA,NA,NA,NA,NA,NA,NA,NA,NA,NA,NA,0
2395,0.405875206,0.198619738,0.347455084,2022,state,All,state,99,West Bengal,NA,NA,NA,NA,NA,NA,NA,NA,NA,NA,NA,NA,NA,NA,NA,NA,1
2396,0,0,0,2022,state,All,state,99,West Bengal,NA,NA,NA,NA,NA,NA,NA,NA,NA,NA,NA,NA,NA,NA,NA,NA,NA
2397,0.172108665,0.48027128,0.181479007,2022,state,All,state,99,Jharkhand,NA,NA,NA,NA,NA,NA,NA,NA,NA,NA,NA,NA,NA,NA,NA,NA,0
2398,0.456024557,0.180223614,0.302361816,2022,state,All,state,99,Jharkhand,NA,NA,NA,NA,NA,NA,NA,NA,NA,NA,NA,NA,NA,NA,NA,NA,1
2399,0,0,0,2022,state,All,state,99,Jharkhand,NA,NA,NA,NA,NA,NA,NA,NA,NA,NA,NA,NA,NA,NA,NA,NA,NA
2400,0.242242381,0.244292572,0.265822202,2022,state,All,state,99,Odisha,NA,NA,NA,NA,NA,NA,NA,NA,NA,NA,NA,NA,NA,NA,NA,NA,0
2401,0.48390767,0.140639096,0.321171165,2022,state,All,state,99,Odisha,NA,NA,NA,NA,NA,NA,NA,NA,NA,NA,NA,NA,NA,NA,NA,NA,1
2402,0,0,0,2022,state,All,state,99,Odisha,NA,NA,NA,NA,NA,NA,NA,NA,NA,NA,NA,NA,NA,NA,NA,NA,NA
2403,0.180566221,0.425530076,0.15958485,2022,state,All,state,99,Chhattisgarh,NA,NA,NA,NA,NA,NA,NA,NA,NA,NA,NA,NA,NA,NA,NA,NA,0
2404,0.541252911,0.209418118,0.226065338,2022,state,All,state,99,Chhattisgarh,NA,NA,NA,NA,NA,NA,NA,NA,NA,NA,NA,NA,NA,NA,NA,NA,1
2405,0,0,0,2022,state,All,state,99,Chhattisgarh,NA,NA,NA,NA,NA,NA,NA,NA,NA,NA,NA,NA,NA,NA,NA,NA,NA
2406,0.227929354,0.352963239,0.182482049,2022,state,All,state,99,Madhya Pradesh,NA,NA,NA,NA,NA,NA,NA,NA,NA,NA,NA,NA,NA,NA,NA,NA,0
2407,0.547949791,0.12305548,0.309229225,2022,state,All,state,99,Madhya Pradesh,NA,NA,NA,NA,NA,NA,NA,NA,NA,NA,NA,NA,NA,NA,NA,NA,1
2408,0,0,0,2022,state,All,state,99,Madhya Pradesh,NA,NA,NA,NA,NA,NA,NA,NA,NA,NA,NA,NA,NA,NA,NA,NA,NA
2409,0.227891654,0.571617544,0.14499791,2022,state,All,state,99,Gujarat,NA,NA,NA,NA,NA,NA,NA,NA,NA,NA,NA,NA,NA,NA,NA,NA,0
2410,0.509746432,0.246945903,0.220341191,2022,state,All,state,99,Gujarat,NA,NA,NA,NA,NA,NA,NA,NA,NA,NA,NA,NA,NA,NA,NA,NA,1
2411,0,0,0,2022,state,All,state,99,Gujarat,NA,NA,NA,NA,NA,NA,NA,NA,NA,NA,NA,NA,NA,NA,NA,NA,NA
2412,0.088309765,0.889158607,0.011262619,2022,state,All,state,99,Daman & Diu & D & N Haveli,NA,NA,NA,NA,NA,NA,NA,NA,NA,NA,NA,NA,NA,NA,NA,NA,0
2413,0.364046901,0.537858307,0.078696974,2022,state,All,state,99,Daman & Diu & D & N Haveli,NA,NA,NA,NA,NA,NA,NA,NA,NA,NA,NA,NA,NA,NA,NA,NA,1
2414,0,0,0,2022,state,All,state,99,Daman & Diu & D & N Haveli,NA,NA,NA,NA,NA,NA,NA,NA,NA,NA,NA,NA,NA,NA,NA,NA,NA
2415,0.228773728,0.540981591,0.141944081,2022,state,All,state,99,Maharashtra,NA,NA,NA,NA,NA,NA,NA,NA,NA,NA,NA,NA,NA,NA,NA,NA,0
2416,0.458158821,0.27198261,0.224216029,2022,state,All,state,99,Maharashtra,NA,NA,NA,NA,NA,NA,NA,NA,NA,NA,NA,NA,NA,NA,NA,NA,1
2417,0,0,0,2022,state,All,state,99,Maharashtra,NA,NA,NA,NA,NA,NA,NA,NA,NA,NA,NA,NA,NA,NA,NA,NA,NA
2418,0.267160624,0.362998247,0.225721896,2022,state,All,state,99,Andhra Pradesh,NA,NA,NA,NA,NA,NA,NA,NA,NA,NA,NA,NA,NA,NA,NA,NA,0
2419,0.437774837,0.18839635,0.299631953,2022,state,All,state,99,Andhra Pradesh,NA,NA,NA,NA,NA,NA,NA,NA,NA,NA,NA,NA,NA,NA,NA,NA,1
2420,0,0,0,2022,state,All,state,99,Andhra Pradesh,NA,NA,NA,NA,NA,NA,NA,NA,NA,NA,NA,NA,NA,NA,NA,NA,NA
2421,0.228996888,0.511472166,0.15216063,2022,state,All,state,99,Karnataka,NA,NA,NA,NA,NA,NA,NA,NA,NA,NA,NA,NA,NA,NA,NA,NA,0
2422,0.518073678,0.19571504,0.250515461,2022,state,All,state,99,Karnataka,NA,NA,NA,NA,NA,NA,NA,NA,NA,NA,NA,NA,NA,NA,NA,NA,1
2423,0,0,0,2022,state,All,state,99,Karnataka,NA,NA,NA,NA,NA,NA,NA,NA,NA,NA,NA,NA,NA,NA,NA,NA,NA
2424,0.257212311,0.542730629,0.200057074,2022,state,All,state,99,Goa,NA,NA,NA,NA,NA,NA,NA,NA,NA,NA,NA,NA,NA,NA,NA,NA,0
2425,0.230240196,0.574914575,0.087854773,2022,state,All,state,99,Goa,NA,NA,NA,NA,NA,NA,NA,NA,NA,NA,NA,NA,NA,NA,NA,NA,1
2426,0,0,0,2022,state,All,state,99,Goa,NA,NA,NA,NA,NA,NA,NA,NA,NA,NA,NA,NA,NA,NA,NA,NA,NA
2427,0.171631873,0.512786686,0.087704822,2022,state,All,state,99,Lakshadweep,NA,NA,NA,NA,NA,NA,NA,NA,NA,NA,NA,NA,NA,NA,NA,NA,0
2428,0.38571924,0.312924743,0.207886204,2022,state,All,state,99,Lakshadweep,NA,NA,NA,NA,NA,NA,NA,NA,NA,NA,NA,NA,NA,NA,NA,NA,1
2429,0,0,0,2022,state,All,state,99,Lakshadweep,NA,NA,NA,NA,NA,NA,NA,NA,NA,NA,NA,NA,NA,NA,NA,NA,NA
2430,0.205032587,0.378548771,0.292626828,2022,state,All,state,99,Kerala,NA,NA,NA,NA,NA,NA,NA,NA,NA,NA,NA,NA,NA,NA,NA,NA,0
2431,0.27150616,0.263283372,0.283812076,2022,state,All,state,99,Kerala,NA,NA,NA,NA,NA,NA,NA,NA,NA,NA,NA,NA,NA,NA,NA,NA,1
2432,0,0,0,2022,state,All,state,99,Kerala,NA,NA,NA,NA,NA,NA,NA,NA,NA,NA,NA,NA,NA,NA,NA,NA,NA
2433,0.179353178,0.546250701,0.199149281,2022,state,All,state,99,Tamil Nadu,NA,NA,NA,NA,NA,NA,NA,NA,NA,NA,NA,NA,NA,NA,NA,NA,0
2434,0.316825092,0.299682707,0.319384545,2022,state,All,state,99,Tamil Nadu,NA,NA,NA,NA,NA,NA,NA,NA,NA,NA,NA,NA,NA,NA,NA,NA,1
2435,0,0,0,2022,state,All,state,99,Tamil Nadu,NA,NA,NA,NA,NA,NA,NA,NA,NA,NA,NA,NA,NA,NA,NA,NA,NA
2436,0.266356558,0.368137538,0.240475357,2022,state,All,state,99,Puducherry,NA,NA,NA,NA,NA,NA,NA,NA,NA,NA,NA,NA,NA,NA,NA,NA,0
2437,0.243414432,0.394184113,0.257600635,2022,state,All,state,99,Puducherry,NA,NA,NA,NA,NA,NA,NA,NA,NA,NA,NA,NA,NA,NA,NA,NA,1
2438,0,0,0,2022,state,All,state,99,Puducherry,NA,NA,NA,NA,NA,NA,NA,NA,NA,NA,NA,NA,NA,NA,NA,NA,NA
2439,0.158026472,0.680690825,0.096452631,2022,state,All,state,99,A & N Island,NA,NA,NA,NA,NA,NA,NA,NA,NA,NA,NA,NA,NA,NA,NA,NA,0
2440,0.351340473,0.497490525,0.089072764,2022,state,All,state,99,A & N Island,NA,NA,NA,NA,NA,NA,NA,NA,NA,NA,NA,NA,NA,NA,NA,NA,1
2441,0,0,0,2022,state,All,state,99,A & N Island,NA,NA,NA,NA,NA,NA,NA,NA,NA,NA,NA,NA,NA,NA,NA,NA,NA
2442,0.223651215,0.576559126,0.100836001,2022,state,All,state,99,Telangana,NA,NA,NA,NA,NA,NA,NA,NA,NA,NA,NA,NA,NA,NA,NA,NA,0
2443,0.541501224,0.228083357,0.172749579,2022,state,All,state,99,Telangana,NA,NA,NA,NA,NA,NA,NA,NA,NA,NA,NA,NA,NA,NA,NA,NA,1
2444,0,0,0,2022,state,All,state,99,Telangana,NA,NA,NA,NA,NA,NA,NA,NA,NA,NA,NA,NA,NA,NA,NA,NA,NA
2445,0.505453289,0.161713511,0.0899648,2022,state,All,state,99,Ladakh,NA,NA,NA,NA,NA,NA,NA,NA,NA,NA,NA,NA,NA,NA,NA,NA,0
2446,0.482997209,0.341428995,0.133820206,2022,state,All,state,99,Ladakh,NA,NA,NA,NA,NA,NA,NA,NA,NA,NA,NA,NA,NA,NA,NA,NA,1
2447,0,0,0,2022,state,All,state,99,Ladakh,NA,NA,NA,NA,NA,NA,NA,NA,NA,NA,NA,NA,NA,NA,NA,NA,NA
2448,0,0,1,2022,state,urban/rural,sector_state,0,Jammu & Kashmir,NA,NA,NA,NA,NA,NA,NA,NA,NA,NA,NA,NA,NA,NA,NA,NA,0
2449,0.421858519,0.263147891,0.257439107,2022,state,urban/rural,sector_state,0,Jammu & Kashmir,NA,NA,NA,NA,NA,NA,NA,NA,NA,NA,NA,NA,NA,NA,NA,NA,1
2450,0,0,0,2022,state,urban/rural,sector_state,0,Jammu & Kashmir,NA,NA,NA,NA,NA,NA,NA,NA,NA,NA,NA,NA,NA,NA,NA,NA,NA
2451,0.215852827,0.281013429,0.340218663,2022,state,urban/rural,sector_state,0,Himachal Pradesh,NA,NA,NA,NA,NA,NA,NA,NA,NA,NA,NA,NA,NA,NA,NA,NA,0
2452,0.514459968,0.219891831,0.165186614,2022,state,urban/rural,sector_state,0,Himachal Pradesh,NA,NA,NA,NA,NA,NA,NA,NA,NA,NA,NA,NA,NA,NA,NA,NA,1
2453,0,0,0,2022,state,urban/rural,sector_state,0,Himachal Pradesh,NA,NA,NA,NA,NA,NA,NA,NA,NA,NA,NA,NA,NA,NA,NA,NA,NA
2454,0.067154519,0.278357506,0.220535591,2022,state,urban/rural,sector_state,0,Punjab,NA,NA,NA,NA,NA,NA,NA,NA,NA,NA,NA,NA,NA,NA,NA,NA,0
2455,0.418527514,0.174416482,0.351345181,2022,state,urban/rural,sector_state,0,Punjab,NA,NA,NA,NA,NA,NA,NA,NA,NA,NA,NA,NA,NA,NA,NA,NA,1
2456,0,0,0,2022,state,urban/rural,sector_state,0,Punjab,NA,NA,NA,NA,NA,NA,NA,NA,NA,NA,NA,NA,NA,NA,NA,NA,NA
2457,0.375401706,0.27955246,0.296221375,2022,state,urban/rural,sector_state,0,Chandigarh,NA,NA,NA,NA,NA,NA,NA,NA,NA,NA,NA,NA,NA,NA,NA,NA,0
2458,0.320879012,0.489490598,0.166657537,2022,state,urban/rural,sector_state,0,Chandigarh,NA,NA,NA,NA,NA,NA,NA,NA,NA,NA,NA,NA,NA,NA,NA,NA,1
2459,0,0,0,2022,state,urban/rural,sector_state,0,Chandigarh,NA,NA,NA,NA,NA,NA,NA,NA,NA,NA,NA,NA,NA,NA,NA,NA,NA
2460,0,0.374636173,0.334072441,2022,state,urban/rural,sector_state,0,Uttrakhand,NA,NA,NA,NA,NA,NA,NA,NA,NA,NA,NA,NA,NA,NA,NA,NA,0
2461,0.465956688,0.208521575,0.252058744,2022,state,urban/rural,sector_state,0,Uttrakhand,NA,NA,NA,NA,NA,NA,NA,NA,NA,NA,NA,NA,NA,NA,NA,NA,1
2462,0,0,0,2022,state,urban/rural,sector_state,0,Uttrakhand,NA,NA,NA,NA,NA,NA,NA,NA,NA,NA,NA,NA,NA,NA,NA,NA,NA
2463,0.200514168,0.288913637,0.453010917,2022,state,urban/rural,sector_state,0,Haryana,NA,NA,NA,NA,NA,NA,NA,NA,NA,NA,NA,NA,NA,NA,NA,NA,0
2464,0.433519125,0.185832202,0.342210919,2022,state,urban/rural,sector_state,0,Haryana,NA,NA,NA,NA,NA,NA,NA,NA,NA,NA,NA,NA,NA,NA,NA,NA,1
2465,0,0,0,2022,state,urban/rural,sector_state,0,Haryana,NA,NA,NA,NA,NA,NA,NA,NA,NA,NA,NA,NA,NA,NA,NA,NA,NA
2466,0.066124231,0.590366423,0.323010594,2022,state,urban/rural,sector_state,0,Delhi,NA,NA,NA,NA,NA,NA,NA,NA,NA,NA,NA,NA,NA,NA,NA,NA,0
2467,0.389424175,0.502358437,0.074289195,2022,state,urban/rural,sector_state,0,Delhi,NA,NA,NA,NA,NA,NA,NA,NA,NA,NA,NA,NA,NA,NA,NA,NA,1
2468,0,0,0,2022,state,urban/rural,sector_state,0,Delhi,NA,NA,NA,NA,NA,NA,NA,NA,NA,NA,NA,NA,NA,NA,NA,NA,NA
2469,0.118682377,0.146172538,0.092988059,2022,state,urban/rural,sector_state,0,Rajasthan,NA,NA,NA,NA,NA,NA,NA,NA,NA,NA,NA,NA,NA,NA,NA,NA,0
2470,0.614320755,0.113177791,0.242794454,2022,state,urban/rural,sector_state,0,Rajasthan,NA,NA,NA,NA,NA,NA,NA,NA,NA,NA,NA,NA,NA,NA,NA,NA,1
2471,0,0,0,2022,state,urban/rural,sector_state,0,Rajasthan,NA,NA,NA,NA,NA,NA,NA,NA,NA,NA,NA,NA,NA,NA,NA,NA,NA
2472,0.37843141,0.124033988,0.413217932,2022,state,urban/rural,sector_state,0,Uttar Pradesh,NA,NA,NA,NA,NA,NA,NA,NA,NA,NA,NA,NA,NA,NA,NA,NA,0
2473,0.539347589,0.095549643,0.301074922,2022,state,urban/rural,sector_state,0,Uttar Pradesh,NA,NA,NA,NA,NA,NA,NA,NA,NA,NA,NA,NA,NA,NA,NA,NA,1
2474,0,0,0,2022,state,urban/rural,sector_state,0,Uttar Pradesh,NA,NA,NA,NA,NA,NA,NA,NA,NA,NA,NA,NA,NA,NA,NA,NA,NA
2475,0.460963994,0.27755326,0.231790766,2022,state,urban/rural,sector_state,0,Bihar,NA,NA,NA,NA,NA,NA,NA,NA,NA,NA,NA,NA,NA,NA,NA,NA,0
2476,0.397102743,0.211409792,0.36349535,2022,state,urban/rural,sector_state,0,Bihar,NA,NA,NA,NA,NA,NA,NA,NA,NA,NA,NA,NA,NA,NA,NA,NA,1
2477,0,0,0,2022,state,urban/rural,sector_state,0,Bihar,NA,NA,NA,NA,NA,NA,NA,NA,NA,NA,NA,NA,NA,NA,NA,NA,NA
2478,0.813169718,0.008362914,0.178467378,2022,state,urban/rural,sector_state,0,Sikkim,NA,NA,NA,NA,NA,NA,NA,NA,NA,NA,NA,NA,NA,NA,NA,NA,0
2479,0.533995628,0.369903862,0.09018974,2022,state,urban/rural,sector_state,0,Sikkim,NA,NA,NA,NA,NA,NA,NA,NA,NA,NA,NA,NA,NA,NA,NA,NA,1
2480,0,0,0,2022,state,urban/rural,sector_state,0,Sikkim,NA,NA,NA,NA,NA,NA,NA,NA,NA,NA,NA,NA,NA,NA,NA,NA,NA
2481,0.676164508,0.23112087,0.068230353,2022,state,urban/rural,sector_state,0,Arunachal Pradesh,NA,NA,NA,NA,NA,NA,NA,NA,NA,NA,NA,NA,NA,NA,NA,NA,0
2482,0.712653399,0.233162105,0.041909955,2022,state,urban/rural,sector_state,0,Arunachal Pradesh,NA,NA,NA,NA,NA,NA,NA,NA,NA,NA,NA,NA,NA,NA,NA,NA,1
2483,0,0,0,2022,state,urban/rural,sector_state,0,Arunachal Pradesh,NA,NA,NA,NA,NA,NA,NA,NA,NA,NA,NA,NA,NA,NA,NA,NA,NA
2484,0.464476734,0.367849499,0.154459924,2022,state,urban/rural,sector_state,0,Nagaland,NA,NA,NA,NA,NA,NA,NA,NA,NA,NA,NA,NA,NA,NA,NA,NA,0
2485,0.771502376,0.168347791,0.031707373,2022,state,urban/rural,sector_state,0,Nagaland,NA,NA,NA,NA,NA,NA,NA,NA,NA,NA,NA,NA,NA,NA,NA,NA,1
2486,0,0,0,2022,state,urban/rural,sector_state,0,Nagaland,NA,NA,NA,NA,NA,NA,NA,NA,NA,NA,NA,NA,NA,NA,NA,NA,NA
2487,0.095459722,0.127279624,0,2022,state,urban/rural,sector_state,0,Manipur,NA,NA,NA,NA,NA,NA,NA,NA,NA,NA,NA,NA,NA,NA,NA,NA,0
2488,0.610235751,0.211565301,0.164991498,2022,state,urban/rural,sector_state,0,Manipur,NA,NA,NA,NA,NA,NA,NA,NA,NA,NA,NA,NA,NA,NA,NA,NA,1
2489,0,0,0,2022,state,urban/rural,sector_state,0,Manipur,NA,NA,NA,NA,NA,NA,NA,NA,NA,NA,NA,NA,NA,NA,NA,NA,NA
2490,0.214623153,0.276590943,0.301032424,2022,state,urban/rural,sector_state,0,Mizoram,NA,NA,NA,NA,NA,NA,NA,NA,NA,NA,NA,NA,NA,NA,NA,NA,0
2491,0.647775948,0.21617125,0.112855799,2022,state,urban/rural,sector_state,0,Mizoram,NA,NA,NA,NA,NA,NA,NA,NA,NA,NA,NA,NA,NA,NA,NA,NA,1
2492,0,0,0,2022,state,urban/rural,sector_state,0,Mizoram,NA,NA,NA,NA,NA,NA,NA,NA,NA,NA,NA,NA,NA,NA,NA,NA,NA
2493,0.26536575,0.141983539,0.592650712,2022,state,urban/rural,sector_state,0,Tripura,NA,NA,NA,NA,NA,NA,NA,NA,NA,NA,NA,NA,NA,NA,NA,NA,0
2494,0.52125895,0.131723627,0.311148793,2022,state,urban/rural,sector_state,0,Tripura,NA,NA,NA,NA,NA,NA,NA,NA,NA,NA,NA,NA,NA,NA,NA,NA,1
2495,0,0,0,2022,state,urban/rural,sector_state,0,Tripura,NA,NA,NA,NA,NA,NA,NA,NA,NA,NA,NA,NA,NA,NA,NA,NA,NA
2496,0.101806082,0.167406961,0.458314449,2022,state,urban/rural,sector_state,0,Meghalaya,NA,NA,NA,NA,NA,NA,NA,NA,NA,NA,NA,NA,NA,NA,NA,NA,0
2497,0.598163784,0.163911894,0.233557299,2022,state,urban/rural,sector_state,0,Meghalaya,NA,NA,NA,NA,NA,NA,NA,NA,NA,NA,NA,NA,NA,NA,NA,NA,1
2498,0,0,0,2022,state,urban/rural,sector_state,0,Meghalaya,NA,NA,NA,NA,NA,NA,NA,NA,NA,NA,NA,NA,NA,NA,NA,NA,NA
2499,0.32457009,0.295990497,0.335027397,2022,state,urban/rural,sector_state,0,Assam,NA,NA,NA,NA,NA,NA,NA,NA,NA,NA,NA,NA,NA,NA,NA,NA,0
2500,0.443297744,0.152701616,0.374403596,2022,state,urban/rural,sector_state,0,Assam,NA,NA,NA,NA,NA,NA,NA,NA,NA,NA,NA,NA,NA,NA,NA,NA,1
2501,0,0,0,2022,state,urban/rural,sector_state,0,Assam,NA,NA,NA,NA,NA,NA,NA,NA,NA,NA,NA,NA,NA,NA,NA,NA,NA
2502,0.289497375,0.182021901,0.38540107,2022,state,urban/rural,sector_state,0,West Bengal,NA,NA,NA,NA,NA,NA,NA,NA,NA,NA,NA,NA,NA,NA,NA,NA,0
2503,0.407171845,0.142608255,0.411713898,2022,state,urban/rural,sector_state,0,West Bengal,NA,NA,NA,NA,NA,NA,NA,NA,NA,NA,NA,NA,NA,NA,NA,NA,1
2504,0,0,0,2022,state,urban/rural,sector_state,0,West Bengal,NA,NA,NA,NA,NA,NA,NA,NA,NA,NA,NA,NA,NA,NA,NA,NA,NA
2505,0,0.053708006,0.922988594,2022,state,urban/rural,sector_state,0,Jharkhand,NA,NA,NA,NA,NA,NA,NA,NA,NA,NA,NA,NA,NA,NA,NA,NA,0
2506,0.478238851,0.127902985,0.337903351,2022,state,urban/rural,sector_state,0,Jharkhand,NA,NA,NA,NA,NA,NA,NA,NA,NA,NA,NA,NA,NA,NA,NA,NA,1
2507,0,0,0,2022,state,urban/rural,sector_state,0,Jharkhand,NA,NA,NA,NA,NA,NA,NA,NA,NA,NA,NA,NA,NA,NA,NA,NA,NA
2508,0.228241593,0.06271442,0.320740551,2022,state,urban/rural,sector_state,0,Odisha,NA,NA,NA,NA,NA,NA,NA,NA,NA,NA,NA,NA,NA,NA,NA,NA,0
2509,0.494285464,0.106949687,0.346128583,2022,state,urban/rural,sector_state,0,Odisha,NA,NA,NA,NA,NA,NA,NA,NA,NA,NA,NA,NA,NA,NA,NA,NA,1
2510,0,0,0,2022,state,urban/rural,sector_state,0,Odisha,NA,NA,NA,NA,NA,NA,NA,NA,NA,NA,NA,NA,NA,NA,NA,NA,NA
2511,0.142827645,0.16701363,0.189746037,2022,state,urban/rural,sector_state,0,Chhattisgarh,NA,NA,NA,NA,NA,NA,NA,NA,NA,NA,NA,NA,NA,NA,NA,NA,0
2512,0.583049893,0.154805154,0.243016616,2022,state,urban/rural,sector_state,0,Chhattisgarh,NA,NA,NA,NA,NA,NA,NA,NA,NA,NA,NA,NA,NA,NA,NA,NA,1
2513,0,0,0,2022,state,urban/rural,sector_state,0,Chhattisgarh,NA,NA,NA,NA,NA,NA,NA,NA,NA,NA,NA,NA,NA,NA,NA,NA,NA
2514,0.143052071,0.047494065,0.552105308,2022,state,urban/rural,sector_state,0,Madhya Pradesh,NA,NA,NA,NA,NA,NA,NA,NA,NA,NA,NA,NA,NA,NA,NA,NA,0
2515,0.581950963,0.058090124,0.348103285,2022,state,urban/rural,sector_state,0,Madhya Pradesh,NA,NA,NA,NA,NA,NA,NA,NA,NA,NA,NA,NA,NA,NA,NA,NA,1
2516,0,0,0,2022,state,urban/rural,sector_state,0,Madhya Pradesh,NA,NA,NA,NA,NA,NA,NA,NA,NA,NA,NA,NA,NA,NA,NA,NA,NA
2517,0.282957882,0.31108281,0.390857041,2022,state,urban/rural,sector_state,0,Gujarat,NA,NA,NA,NA,NA,NA,NA,NA,NA,NA,NA,NA,NA,NA,NA,NA,0
2518,0.561123073,0.142935172,0.281405091,2022,state,urban/rural,sector_state,0,Gujarat,NA,NA,NA,NA,NA,NA,NA,NA,NA,NA,NA,NA,NA,NA,NA,NA,1
2519,0,0,0,2022,state,urban/rural,sector_state,0,Gujarat,NA,NA,NA,NA,NA,NA,NA,NA,NA,NA,NA,NA,NA,NA,NA,NA,NA
2520,0.069283262,0.85790664,0.038168475,2022,state,urban/rural,sector_state,0,Daman & Diu & D & N Haveli,NA,NA,NA,NA,NA,NA,NA,NA,NA,NA,NA,NA,NA,NA,NA,NA,0
2521,0.502602518,0.383767933,0.102200031,2022,state,urban/rural,sector_state,0,Daman & Diu & D & N Haveli,NA,NA,NA,NA,NA,NA,NA,NA,NA,NA,NA,NA,NA,NA,NA,NA,1
2522,0,0,0,2022,state,urban/rural,sector_state,0,Daman & Diu & D & N Haveli,NA,NA,NA,NA,NA,NA,NA,NA,NA,NA,NA,NA,NA,NA,NA,NA,NA
2523,0.21895586,0.439683646,0.251098514,2022,state,urban/rural,sector_state,0,Maharashtra,NA,NA,NA,NA,NA,NA,NA,NA,NA,NA,NA,NA,NA,NA,NA,NA,0
2524,0.531394362,0.145633116,0.294609934,2022,state,urban/rural,sector_state,0,Maharashtra,NA,NA,NA,NA,NA,NA,NA,NA,NA,NA,NA,NA,NA,NA,NA,NA,1
2525,0,0,0,2022,state,urban/rural,sector_state,0,Maharashtra,NA,NA,NA,NA,NA,NA,NA,NA,NA,NA,NA,NA,NA,NA,NA,NA,NA
2526,0.240305543,0.23383981,0.352797002,2022,state,urban/rural,sector_state,0,Andhra Pradesh,NA,NA,NA,NA,NA,NA,NA,NA,NA,NA,NA,NA,NA,NA,NA,NA,0
2527,0.457136691,0.127491191,0.347665191,2022,state,urban/rural,sector_state,0,Andhra Pradesh,NA,NA,NA,NA,NA,NA,NA,NA,NA,NA,NA,NA,NA,NA,NA,NA,1
2528,0,0,0,2022,state,urban/rural,sector_state,0,Andhra Pradesh,NA,NA,NA,NA,NA,NA,NA,NA,NA,NA,NA,NA,NA,NA,NA,NA,NA
2529,0.164854154,0.291218728,0.416970611,2022,state,urban/rural,sector_state,0,Karnataka,NA,NA,NA,NA,NA,NA,NA,NA,NA,NA,NA,NA,NA,NA,NA,NA,0
2530,0.574505866,0.106347471,0.294989258,2022,state,urban/rural,sector_state,0,Karnataka,NA,NA,NA,NA,NA,NA,NA,NA,NA,NA,NA,NA,NA,NA,NA,NA,1
2531,0,0,0,2022,state,urban/rural,sector_state,0,Karnataka,NA,NA,NA,NA,NA,NA,NA,NA,NA,NA,NA,NA,NA,NA,NA,NA,NA
2532,0.079466447,0.632404864,0.288128674,2022,state,urban/rural,sector_state,0,Goa,NA,NA,NA,NA,NA,NA,NA,NA,NA,NA,NA,NA,NA,NA,NA,NA,0
2533,0.218373179,0.571925581,0.103886098,2022,state,urban/rural,sector_state,0,Goa,NA,NA,NA,NA,NA,NA,NA,NA,NA,NA,NA,NA,NA,NA,NA,NA,1
2534,0,0,0,2022,state,urban/rural,sector_state,0,Goa,NA,NA,NA,NA,NA,NA,NA,NA,NA,NA,NA,NA,NA,NA,NA,NA,NA
2535,0.05523603,0.643733084,0.301030904,2022,state,urban/rural,sector_state,0,Lakshadweep,NA,NA,NA,NA,NA,NA,NA,NA,NA,NA,NA,NA,NA,NA,NA,NA,0
2536,0.36459291,0.318723083,0.254676461,2022,state,urban/rural,sector_state,0,Lakshadweep,NA,NA,NA,NA,NA,NA,NA,NA,NA,NA,NA,NA,NA,NA,NA,NA,1
2537,0,0,0,2022,state,urban/rural,sector_state,0,Lakshadweep,NA,NA,NA,NA,NA,NA,NA,NA,NA,NA,NA,NA,NA,NA,NA,NA,NA
2538,0.132655859,0.311356306,0.49612698,2022,state,urban/rural,sector_state,0,Kerala,NA,NA,NA,NA,NA,NA,NA,NA,NA,NA,NA,NA,NA,NA,NA,NA,0
2539,0.291792482,0.225403264,0.309812874,2022,state,urban/rural,sector_state,0,Kerala,NA,NA,NA,NA,NA,NA,NA,NA,NA,NA,NA,NA,NA,NA,NA,NA,1
2540,0,0,0,2022,state,urban/rural,sector_state,0,Kerala,NA,NA,NA,NA,NA,NA,NA,NA,NA,NA,NA,NA,NA,NA,NA,NA,NA
2541,0.158868611,0.401936501,0.369131267,2022,state,urban/rural,sector_state,0,Tamil Nadu,NA,NA,NA,NA,NA,NA,NA,NA,NA,NA,NA,NA,NA,NA,NA,NA,0
2542,0.337041855,0.217365131,0.401762307,2022,state,urban/rural,sector_state,0,Tamil Nadu,NA,NA,NA,NA,NA,NA,NA,NA,NA,NA,NA,NA,NA,NA,NA,NA,1
2543,0,0,0,2022,state,urban/rural,sector_state,0,Tamil Nadu,NA,NA,NA,NA,NA,NA,NA,NA,NA,NA,NA,NA,NA,NA,NA,NA,NA
2544,0.403816879,0.303621143,0.292561978,2022,state,urban/rural,sector_state,0,Puducherry,NA,NA,NA,NA,NA,NA,NA,NA,NA,NA,NA,NA,NA,NA,NA,NA,0
2545,0.198930189,0.384514779,0.340223074,2022,state,urban/rural,sector_state,0,Puducherry,NA,NA,NA,NA,NA,NA,NA,NA,NA,NA,NA,NA,NA,NA,NA,NA,1
2546,0,0,0,2022,state,urban/rural,sector_state,0,Puducherry,NA,NA,NA,NA,NA,NA,NA,NA,NA,NA,NA,NA,NA,NA,NA,NA,NA
2547,0.130452618,0.699178994,0.118859679,2022,state,urban/rural,sector_state,0,A & N Island,NA,NA,NA,NA,NA,NA,NA,NA,NA,NA,NA,NA,NA,NA,NA,NA,0
2548,0.414852679,0.410709113,0.113005199,2022,state,urban/rural,sector_state,0,A & N Island,NA,NA,NA,NA,NA,NA,NA,NA,NA,NA,NA,NA,NA,NA,NA,NA,1
2549,0,0,0,2022,state,urban/rural,sector_state,0,A & N Island,NA,NA,NA,NA,NA,NA,NA,NA,NA,NA,NA,NA,NA,NA,NA,NA,NA
2550,0.276460737,0.267867148,0.298000425,2022,state,urban/rural,sector_state,0,Telangana,NA,NA,NA,NA,NA,NA,NA,NA,NA,NA,NA,NA,NA,NA,NA,NA,0
2551,0.632943213,0.092071645,0.229486167,2022,state,urban/rural,sector_state,0,Telangana,NA,NA,NA,NA,NA,NA,NA,NA,NA,NA,NA,NA,NA,NA,NA,NA,1
2552,0,0,0,2022,state,urban/rural,sector_state,0,Telangana,NA,NA,NA,NA,NA,NA,NA,NA,NA,NA,NA,NA,NA,NA,NA,NA,NA
2553,0,0,0,2022,state,urban/rural,sector_state,0,Ladakh,NA,NA,NA,NA,NA,NA,NA,NA,NA,NA,NA,NA,NA,NA,NA,NA,0
2554,0.49122858,0.325219184,0.148995847,2022,state,urban/rural,sector_state,0,Ladakh,NA,NA,NA,NA,NA,NA,NA,NA,NA,NA,NA,NA,NA,NA,NA,NA,1
2555,0,0,0,2022,state,urban/rural,sector_state,0,Ladakh,NA,NA,NA,NA,NA,NA,NA,NA,NA,NA,NA,NA,NA,NA,NA,NA,NA
2556,0.259548813,0.407038003,0.189930171,2022,state,urban/rural,sector_state,1,Jammu & Kashmir,NA,NA,NA,NA,NA,NA,NA,NA,NA,NA,NA,NA,NA,NA,NA,NA,0
2557,0.404313028,0.380711794,0.091238566,2022,state,urban/rural,sector_state,1,Jammu & Kashmir,NA,NA,NA,NA,NA,NA,NA,NA,NA,NA,NA,NA,NA,NA,NA,NA,1
2558,0,0,0,2022,state,urban/rural,sector_state,1,Jammu & Kashmir,NA,NA,NA,NA,NA,NA,NA,NA,NA,NA,NA,NA,NA,NA,NA,NA,NA
2559,0.171801016,0.462974459,0.073236592,2022,state,urban/rural,sector_state,1,Himachal Pradesh,NA,NA,NA,NA,NA,NA,NA,NA,NA,NA,NA,NA,NA,NA,NA,NA,0
2560,0.357224554,0.423749268,0.056342978,2022,state,urban/rural,sector_state,1,Himachal Pradesh,NA,NA,NA,NA,NA,NA,NA,NA,NA,NA,NA,NA,NA,NA,NA,NA,1
2561,0,0,0,2022,state,urban/rural,sector_state,1,Himachal Pradesh,NA,NA,NA,NA,NA,NA,NA,NA,NA,NA,NA,NA,NA,NA,NA,NA,NA
2562,0.276471674,0.45359996,0.1984438,2022,state,urban/rural,sector_state,1,Punjab,NA,NA,NA,NA,NA,NA,NA,NA,NA,NA,NA,NA,NA,NA,NA,NA,0
2563,0.428341717,0.340198964,0.151125386,2022,state,urban/rural,sector_state,1,Punjab,NA,NA,NA,NA,NA,NA,NA,NA,NA,NA,NA,NA,NA,NA,NA,NA,1
2564,0,0,0,2022,state,urban/rural,sector_state,1,Punjab,NA,NA,NA,NA,NA,NA,NA,NA,NA,NA,NA,NA,NA,NA,NA,NA,NA
2565,0,1,0,2022,state,urban/rural,sector_state,1,Chandigarh,NA,NA,NA,NA,NA,NA,NA,NA,NA,NA,NA,NA,NA,NA,NA,NA,0
2566,0.303096831,0.495613337,0.056402382,2022,state,urban/rural,sector_state,1,Chandigarh,NA,NA,NA,NA,NA,NA,NA,NA,NA,NA,NA,NA,NA,NA,NA,NA,1
2567,0,0,0,2022,state,urban/rural,sector_state,1,Chandigarh,NA,NA,NA,NA,NA,NA,NA,NA,NA,NA,NA,NA,NA,NA,NA,NA,NA
2568,0.231792063,0.417009443,0.205055311,2022,state,urban/rural,sector_state,1,Uttrakhand,NA,NA,NA,NA,NA,NA,NA,NA,NA,NA,NA,NA,NA,NA,NA,NA,0
2569,0.360006243,0.456534505,0.111332878,2022,state,urban/rural,sector_state,1,Uttrakhand,NA,NA,NA,NA,NA,NA,NA,NA,NA,NA,NA,NA,NA,NA,NA,NA,1
2570,0,0,0,2022,state,urban/rural,sector_state,1,Uttrakhand,NA,NA,NA,NA,NA,NA,NA,NA,NA,NA,NA,NA,NA,NA,NA,NA,NA
2571,0.177187324,0.61380291,0.146956548,2022,state,urban/rural,sector_state,1,Haryana,NA,NA,NA,NA,NA,NA,NA,NA,NA,NA,NA,NA,NA,NA,NA,NA,0
2572,0.401255101,0.433937222,0.115628719,2022,state,urban/rural,sector_state,1,Haryana,NA,NA,NA,NA,NA,NA,NA,NA,NA,NA,NA,NA,NA,NA,NA,NA,1
2573,0,0,0,2022,state,urban/rural,sector_state,1,Haryana,NA,NA,NA,NA,NA,NA,NA,NA,NA,NA,NA,NA,NA,NA,NA,NA,NA
2574,0.27553317,0.460006356,0.164688349,2022,state,urban/rural,sector_state,1,Delhi,NA,NA,NA,NA,NA,NA,NA,NA,NA,NA,NA,NA,NA,NA,NA,NA,0
2575,0.380657524,0.443841159,0.080940634,2022,state,urban/rural,sector_state,1,Delhi,NA,NA,NA,NA,NA,NA,NA,NA,NA,NA,NA,NA,NA,NA,NA,NA,1
2576,0,0,0,2022,state,urban/rural,sector_state,1,Delhi,NA,NA,NA,NA,NA,NA,NA,NA,NA,NA,NA,NA,NA,NA,NA,NA,NA
2577,0.191948131,0.481582552,0.16721043,2022,state,urban/rural,sector_state,1,Rajasthan,NA,NA,NA,NA,NA,NA,NA,NA,NA,NA,NA,NA,NA,NA,NA,NA,0
2578,0.44092235,0.348136216,0.151091814,2022,state,urban/rural,sector_state,1,Rajasthan,NA,NA,NA,NA,NA,NA,NA,NA,NA,NA,NA,NA,NA,NA,NA,NA,1
2579,0,0,0,2022,state,urban/rural,sector_state,1,Rajasthan,NA,NA,NA,NA,NA,NA,NA,NA,NA,NA,NA,NA,NA,NA,NA,NA,NA
2580,0.31599912,0.457294852,0.167328596,2022,state,urban/rural,sector_state,1,Uttar Pradesh,NA,NA,NA,NA,NA,NA,NA,NA,NA,NA,NA,NA,NA,NA,NA,NA,0
2581,0.455206603,0.32308045,0.150987819,2022,state,urban/rural,sector_state,1,Uttar Pradesh,NA,NA,NA,NA,NA,NA,NA,NA,NA,NA,NA,NA,NA,NA,NA,NA,1
2582,0,0,0,2022,state,urban/rural,sector_state,1,Uttar Pradesh,NA,NA,NA,NA,NA,NA,NA,NA,NA,NA,NA,NA,NA,NA,NA,NA,NA
2583,0.366147697,0.275568664,0.164124668,2022,state,urban/rural,sector_state,1,Bihar,NA,NA,NA,NA,NA,NA,NA,NA,NA,NA,NA,NA,NA,NA,NA,NA,0
2584,0.460935265,0.285610825,0.198738232,2022,state,urban/rural,sector_state,1,Bihar,NA,NA,NA,NA,NA,NA,NA,NA,NA,NA,NA,NA,NA,NA,NA,NA,1
2585,0,0,0,2022,state,urban/rural,sector_state,1,Bihar,NA,NA,NA,NA,NA,NA,NA,NA,NA,NA,NA,NA,NA,NA,NA,NA,NA
2586,0.379064441,0.302936971,0.121893235,2022,state,urban/rural,sector_state,1,Sikkim,NA,NA,NA,NA,NA,NA,NA,NA,NA,NA,NA,NA,NA,NA,NA,NA,0
2587,0.343342841,0.543051064,0.057235803,2022,state,urban/rural,sector_state,1,Sikkim,NA,NA,NA,NA,NA,NA,NA,NA,NA,NA,NA,NA,NA,NA,NA,NA,1
2588,0,0,0,2022,state,urban/rural,sector_state,1,Sikkim,NA,NA,NA,NA,NA,NA,NA,NA,NA,NA,NA,NA,NA,NA,NA,NA,NA
2589,0.365199417,0.449124724,0.070543066,2022,state,urban/rural,sector_state,1,Arunachal Pradesh,NA,NA,NA,NA,NA,NA,NA,NA,NA,NA,NA,NA,NA,NA,NA,NA,0
2590,0.3798455,0.549321413,0.033406872,2022,state,urban/rural,sector_state,1,Arunachal Pradesh,NA,NA,NA,NA,NA,NA,NA,NA,NA,NA,NA,NA,NA,NA,NA,NA,1
2591,0,0,0,2022,state,urban/rural,sector_state,1,Arunachal Pradesh,NA,NA,NA,NA,NA,NA,NA,NA,NA,NA,NA,NA,NA,NA,NA,NA,NA
2592,0.509613395,0.337598741,0.112066038,2022,state,urban/rural,sector_state,1,Nagaland,NA,NA,NA,NA,NA,NA,NA,NA,NA,NA,NA,NA,NA,NA,NA,NA,0
2593,0.364529729,0.489730686,0.064660586,2022,state,urban/rural,sector_state,1,Nagaland,NA,NA,NA,NA,NA,NA,NA,NA,NA,NA,NA,NA,NA,NA,NA,NA,1
2594,0,0,0,2022,state,urban/rural,sector_state,1,Nagaland,NA,NA,NA,NA,NA,NA,NA,NA,NA,NA,NA,NA,NA,NA,NA,NA,NA
2595,0.236223668,0.247481063,0.045792166,2022,state,urban/rural,sector_state,1,Manipur,NA,NA,NA,NA,NA,NA,NA,NA,NA,NA,NA,NA,NA,NA,NA,NA,0
2596,0.459994137,0.351458073,0.130468145,2022,state,urban/rural,sector_state,1,Manipur,NA,NA,NA,NA,NA,NA,NA,NA,NA,NA,NA,NA,NA,NA,NA,NA,1
2597,0,0,0,2022,state,urban/rural,sector_state,1,Manipur,NA,NA,NA,NA,NA,NA,NA,NA,NA,NA,NA,NA,NA,NA,NA,NA,NA
2598,0.329162508,0.440030277,0.139286056,2022,state,urban/rural,sector_state,1,Mizoram,NA,NA,NA,NA,NA,NA,NA,NA,NA,NA,NA,NA,NA,NA,NA,NA,0
2599,0.419441491,0.484083444,0.046966117,2022,state,urban/rural,sector_state,1,Mizoram,NA,NA,NA,NA,NA,NA,NA,NA,NA,NA,NA,NA,NA,NA,NA,NA,1
2600,0,0,0,2022,state,urban/rural,sector_state,1,Mizoram,NA,NA,NA,NA,NA,NA,NA,NA,NA,NA,NA,NA,NA,NA,NA,NA,NA
2601,0.403747827,0.38662225,0.148430109,2022,state,urban/rural,sector_state,1,Tripura,NA,NA,NA,NA,NA,NA,NA,NA,NA,NA,NA,NA,NA,NA,NA,NA,0
2602,0.437828064,0.290253848,0.173522979,2022,state,urban/rural,sector_state,1,Tripura,NA,NA,NA,NA,NA,NA,NA,NA,NA,NA,NA,NA,NA,NA,NA,NA,1
2603,0,0,0,2022,state,urban/rural,sector_state,1,Tripura,NA,NA,NA,NA,NA,NA,NA,NA,NA,NA,NA,NA,NA,NA,NA,NA,NA
2604,0.280975968,0.405935585,0.276203036,2022,state,urban/rural,sector_state,1,Meghalaya,NA,NA,NA,NA,NA,NA,NA,NA,NA,NA,NA,NA,NA,NA,NA,NA,0
2605,0.379301339,0.502466977,0.099723853,2022,state,urban/rural,sector_state,1,Meghalaya,NA,NA,NA,NA,NA,NA,NA,NA,NA,NA,NA,NA,NA,NA,NA,NA,1
2606,0,0,0,2022,state,urban/rural,sector_state,1,Meghalaya,NA,NA,NA,NA,NA,NA,NA,NA,NA,NA,NA,NA,NA,NA,NA,NA,NA
2607,0.41232127,0.417151123,0.076831631,2022,state,urban/rural,sector_state,1,Assam,NA,NA,NA,NA,NA,NA,NA,NA,NA,NA,NA,NA,NA,NA,NA,NA,0
2608,0.455462217,0.350424111,0.11309848,2022,state,urban/rural,sector_state,1,Assam,NA,NA,NA,NA,NA,NA,NA,NA,NA,NA,NA,NA,NA,NA,NA,NA,1
2609,0,0,0,2022,state,urban/rural,sector_state,1,Assam,NA,NA,NA,NA,NA,NA,NA,NA,NA,NA,NA,NA,NA,NA,NA,NA,NA
2610,0.273330122,0.449043989,0.216282964,2022,state,urban/rural,sector_state,1,West Bengal,NA,NA,NA,NA,NA,NA,NA,NA,NA,NA,NA,NA,NA,NA,NA,NA,0
2611,0.40218702,0.357937187,0.164679095,2022,state,urban/rural,sector_state,1,West Bengal,NA,NA,NA,NA,NA,NA,NA,NA,NA,NA,NA,NA,NA,NA,NA,NA,1
2612,0,0,0,2022,state,urban/rural,sector_state,1,West Bengal,NA,NA,NA,NA,NA,NA,NA,NA,NA,NA,NA,NA,NA,NA,NA,NA,NA
2613,0.206143141,0.56462419,0.034845497,2022,state,urban/rural,sector_state,1,Jharkhand,NA,NA,NA,NA,NA,NA,NA,NA,NA,NA,NA,NA,NA,NA,NA,NA,0
2614,0.351039112,0.427492291,0.134391606,2022,state,urban/rural,sector_state,1,Jharkhand,NA,NA,NA,NA,NA,NA,NA,NA,NA,NA,NA,NA,NA,NA,NA,NA,1
2615,0,0,0,2022,state,urban/rural,sector_state,1,Jharkhand,NA,NA,NA,NA,NA,NA,NA,NA,NA,NA,NA,NA,NA,NA,NA,NA,NA
2616,0.258617461,0.456663013,0.201590717,2022,state,urban/rural,sector_state,1,Odisha,NA,NA,NA,NA,NA,NA,NA,NA,NA,NA,NA,NA,NA,NA,NA,NA,0
2617,0.415441334,0.362901241,0.156517431,2022,state,urban/rural,sector_state,1,Odisha,NA,NA,NA,NA,NA,NA,NA,NA,NA,NA,NA,NA,NA,NA,NA,NA,1
2618,0,0,0,2022,state,urban/rural,sector_state,1,Odisha,NA,NA,NA,NA,NA,NA,NA,NA,NA,NA,NA,NA,NA,NA,NA,NA,NA
2619,0.199324951,0.554030955,0.144592613,2022,state,urban/rural,sector_state,1,Chhattisgarh,NA,NA,NA,NA,NA,NA,NA,NA,NA,NA,NA,NA,NA,NA,NA,NA,0
2620,0.350803703,0.458263487,0.148826376,2022,state,urban/rural,sector_state,1,Chhattisgarh,NA,NA,NA,NA,NA,NA,NA,NA,NA,NA,NA,NA,NA,NA,NA,NA,1
2621,0,0,0,2022,state,urban/rural,sector_state,1,Chhattisgarh,NA,NA,NA,NA,NA,NA,NA,NA,NA,NA,NA,NA,NA,NA,NA,NA,NA
2622,0.240844995,0.399446011,0.126237035,2022,state,urban/rural,sector_state,1,Madhya Pradesh,NA,NA,NA,NA,NA,NA,NA,NA,NA,NA,NA,NA,NA,NA,NA,NA,0
2623,0.438789934,0.331624657,0.184425339,2022,state,urban/rural,sector_state,1,Madhya Pradesh,NA,NA,NA,NA,NA,NA,NA,NA,NA,NA,NA,NA,NA,NA,NA,NA,1
2624,0,0,0,2022,state,urban/rural,sector_state,1,Madhya Pradesh,NA,NA,NA,NA,NA,NA,NA,NA,NA,NA,NA,NA,NA,NA,NA,NA,NA
2625,0.222677171,0.5962888,0.121716328,2022,state,urban/rural,sector_state,1,Gujarat,NA,NA,NA,NA,NA,NA,NA,NA,NA,NA,NA,NA,NA,NA,NA,NA,0
2626,0.423688591,0.421168,0.118056729,2022,state,urban/rural,sector_state,1,Gujarat,NA,NA,NA,NA,NA,NA,NA,NA,NA,NA,NA,NA,NA,NA,NA,NA,1
2627,0,0,0,2022,state,urban/rural,sector_state,1,Gujarat,NA,NA,NA,NA,NA,NA,NA,NA,NA,NA,NA,NA,NA,NA,NA,NA,NA
2628,0.094251469,0.898918152,0.002860298,2022,state,urban/rural,sector_state,1,Daman & Diu & D & N Haveli,NA,NA,NA,NA,NA,NA,NA,NA,NA,NA,NA,NA,NA,NA,NA,NA,0
2629,0.206485182,0.71308583,0.051969923,2022,state,urban/rural,sector_state,1,Daman & Diu & D & N Haveli,NA,NA,NA,NA,NA,NA,NA,NA,NA,NA,NA,NA,NA,NA,NA,NA,1
2630,0,0,0,2022,state,urban/rural,sector_state,1,Daman & Diu & D & N Haveli,NA,NA,NA,NA,NA,NA,NA,NA,NA,NA,NA,NA,NA,NA,NA,NA,NA
2631,0.231812671,0.572336495,0.108157322,2022,state,urban/rural,sector_state,1,Maharashtra,NA,NA,NA,NA,NA,NA,NA,NA,NA,NA,NA,NA,NA,NA,NA,NA,0
2632,0.349730164,0.459048897,0.119994611,2022,state,urban/rural,sector_state,1,Maharashtra,NA,NA,NA,NA,NA,NA,NA,NA,NA,NA,NA,NA,NA,NA,NA,NA,1
2633,0,0,0,2022,state,urban/rural,sector_state,1,Maharashtra,NA,NA,NA,NA,NA,NA,NA,NA,NA,NA,NA,NA,NA,NA,NA,NA,NA
2634,0.276724607,0.408995688,0.180466369,2022,state,urban/rural,sector_state,1,Andhra Pradesh,NA,NA,NA,NA,NA,NA,NA,NA,NA,NA,NA,NA,NA,NA,NA,NA,0
2635,0.379362226,0.372140467,0.154720932,2022,state,urban/rural,sector_state,1,Andhra Pradesh,NA,NA,NA,NA,NA,NA,NA,NA,NA,NA,NA,NA,NA,NA,NA,NA,1
2636,0,0,0,2022,state,urban/rural,sector_state,1,Andhra Pradesh,NA,NA,NA,NA,NA,NA,NA,NA,NA,NA,NA,NA,NA,NA,NA,NA,NA
2637,0.238118887,0.5427953,0.11450097,2022,state,urban/rural,sector_state,1,Karnataka,NA,NA,NA,NA,NA,NA,NA,NA,NA,NA,NA,NA,NA,NA,NA,NA,0
2638,0.387006015,0.403277308,0.147222087,2022,state,urban/rural,sector_state,1,Karnataka,NA,NA,NA,NA,NA,NA,NA,NA,NA,NA,NA,NA,NA,NA,NA,NA,1
2639,0,0,0,2022,state,urban/rural,sector_state,1,Karnataka,NA,NA,NA,NA,NA,NA,NA,NA,NA,NA,NA,NA,NA,NA,NA,NA,NA
2640,0.286505282,0.527952075,0.185542658,2022,state,urban/rural,sector_state,1,Goa,NA,NA,NA,NA,NA,NA,NA,NA,NA,NA,NA,NA,NA,NA,NA,NA,0
2641,0.240351975,0.577461421,0.074194647,2022,state,urban/rural,sector_state,1,Goa,NA,NA,NA,NA,NA,NA,NA,NA,NA,NA,NA,NA,NA,NA,NA,NA,1
2642,0,0,0,2022,state,urban/rural,sector_state,1,Goa,NA,NA,NA,NA,NA,NA,NA,NA,NA,NA,NA,NA,NA,NA,NA,NA,NA
2643,0.195301726,0.486157864,0.04432356,2022,state,urban/rural,sector_state,1,Lakshadweep,NA,NA,NA,NA,NA,NA,NA,NA,NA,NA,NA,NA,NA,NA,NA,NA,0
2644,0.392539501,0.311052859,0.192780748,2022,state,urban/rural,sector_state,1,Lakshadweep,NA,NA,NA,NA,NA,NA,NA,NA,NA,NA,NA,NA,NA,NA,NA,NA,1
2645,0,0,0,2022,state,urban/rural,sector_state,1,Lakshadweep,NA,NA,NA,NA,NA,NA,NA,NA,NA,NA,NA,NA,NA,NA,NA,NA,NA
2646,0.237357944,0.408558697,0.201738283,2022,state,urban/rural,sector_state,1,Kerala,NA,NA,NA,NA,NA,NA,NA,NA,NA,NA,NA,NA,NA,NA,NA,NA,0
2647,0.246619627,0.309753358,0.251915216,2022,state,urban/rural,sector_state,1,Kerala,NA,NA,NA,NA,NA,NA,NA,NA,NA,NA,NA,NA,NA,NA,NA,NA,1
2648,0,0,0,2022,state,urban/rural,sector_state,1,Kerala,NA,NA,NA,NA,NA,NA,NA,NA,NA,NA,NA,NA,NA,NA,NA,NA,NA
2649,0.183622807,0.576330364,0.163719654,2022,state,urban/rural,sector_state,1,Tamil Nadu,NA,NA,NA,NA,NA,NA,NA,NA,NA,NA,NA,NA,NA,NA,NA,NA,0
2650,0.284872174,0.429786891,0.189185202,2022,state,urban/rural,sector_state,1,Tamil Nadu,NA,NA,NA,NA,NA,NA,NA,NA,NA,NA,NA,NA,NA,NA,NA,NA,1
2651,0,0,0,2022,state,urban/rural,sector_state,1,Tamil Nadu,NA,NA,NA,NA,NA,NA,NA,NA,NA,NA,NA,NA,NA,NA,NA,NA,NA
2652,0.25667882,0.37267977,0.236808255,2022,state,urban/rural,sector_state,1,Puducherry,NA,NA,NA,NA,NA,NA,NA,NA,NA,NA,NA,NA,NA,NA,NA,NA,0
2653,0.268110722,0.399552256,0.211731166,2022,state,urban/rural,sector_state,1,Puducherry,NA,NA,NA,NA,NA,NA,NA,NA,NA,NA,NA,NA,NA,NA,NA,NA,1
2654,0,0,0,2022,state,urban/rural,sector_state,1,Puducherry,NA,NA,NA,NA,NA,NA,NA,NA,NA,NA,NA,NA,NA,NA,NA,NA,NA
2655,0.166918248,0.67472887,0.089227006,2022,state,urban/rural,sector_state,1,A & N Island,NA,NA,NA,NA,NA,NA,NA,NA,NA,NA,NA,NA,NA,NA,NA,NA,0
2656,0.225625917,0.669263601,0.041701466,2022,state,urban/rural,sector_state,1,A & N Island,NA,NA,NA,NA,NA,NA,NA,NA,NA,NA,NA,NA,NA,NA,NA,NA,1
2657,0,0,0,2022,state,urban/rural,sector_state,1,A & N Island,NA,NA,NA,NA,NA,NA,NA,NA,NA,NA,NA,NA,NA,NA,NA,NA,NA
2658,0.221102223,0.591458917,0.09131936,2022,state,urban/rural,sector_state,1,Telangana,NA,NA,NA,NA,NA,NA,NA,NA,NA,NA,NA,NA,NA,NA,NA,NA,0
2659,0.387074471,0.457779229,0.076933131,2022,state,urban/rural,sector_state,1,Telangana,NA,NA,NA,NA,NA,NA,NA,NA,NA,NA,NA,NA,NA,NA,NA,NA,1
2660,0,0,0,2022,state,urban/rural,sector_state,1,Telangana,NA,NA,NA,NA,NA,NA,NA,NA,NA,NA,NA,NA,NA,NA,NA,NA,NA
2661,0.64399153,0.206037089,0.114622988,2022,state,urban/rural,sector_state,1,Ladakh,NA,NA,NA,NA,NA,NA,NA,NA,NA,NA,NA,NA,NA,NA,NA,NA,0
2662,0.423191279,0.459202856,0.023560239,2022,state,urban/rural,sector_state,1,Ladakh,NA,NA,NA,NA,NA,NA,NA,NA,NA,NA,NA,NA,NA,NA,NA,NA,1
2663,0,0,0,2022,state,urban/rural,sector_state,1,Ladakh,NA,NA,NA,NA,NA,NA,NA,NA,NA,NA,NA,NA,NA,NA,NA,NA,NA
2664,0.504220247,0.171870783,0.279682875,2011,allindia,All,allindia,99,India,NA,NA,NA,NA,NA,NA,NA,NA,NA,NA,NA,NA,NA,NA,NA,NA,NA
2665,0.542319357,0.084540159,0.337092072,2011,allindia,urban/rural,sect_allindia,0,India,NA,NA,NA,NA,NA,NA,NA,NA,NA,NA,NA,NA,NA,NA,NA,NA,NA
2666,0.40894255,0.390266091,0.136114717,2011,allindia,urban/rural,sect_allindia,1,India,NA,NA,NA,NA,NA,NA,NA,NA,NA,NA,NA,NA,NA,NA,NA,NA,NA
2667,0.476450771,0.249906719,0.226315513,2011,state,All,state,99,Jammu & Kashmir,NA,NA,NA,NA,NA,NA,NA,NA,NA,NA,NA,NA,NA,NA,NA,NA,NA
2668,0.463064939,0.245430872,0.22557205,2011,state,All,state,99,Himachal Pradesh,NA,NA,NA,NA,NA,NA,NA,NA,NA,NA,NA,NA,NA,NA,NA,NA,NA
2669,0.455982149,0.240630895,0.249047235,2011,state,All,state,99,Punjab,NA,NA,NA,NA,NA,NA,NA,NA,NA,NA,NA,NA,NA,NA,NA,NA,NA
2670,0.266259104,0.628329039,0.079134516,2011,state,All,state,99,Chandigarh,NA,NA,NA,NA,NA,NA,NA,NA,NA,NA,NA,NA,NA,NA,NA,NA,NA
2671,0.597288013,0.183359146,0.158495516,2011,state,All,state,99,Uttrakhand,NA,NA,NA,NA,NA,NA,NA,NA,NA,NA,NA,NA,NA,NA,NA,NA,NA
2672,0.49763009,0.214143604,0.233024314,2011,state,All,state,99,Haryana,NA,NA,NA,NA,NA,NA,NA,NA,NA,NA,NA,NA,NA,NA,NA,NA,NA
2673,0.424541831,0.50975728,0.036243942,2011,state,All,state,99,Delhi,NA,NA,NA,NA,NA,NA,NA,NA,NA,NA,NA,NA,NA,NA,NA,NA,NA
2674,0.575298488,0.136139318,0.246575907,2011,state,All,state,99,Rajasthan,NA,NA,NA,NA,NA,NA,NA,NA,NA,NA,NA,NA,NA,NA,NA,NA,NA
2675,0.620836973,0.100337207,0.245189488,2011,state,All,state,99,Uttar Pradesh,NA,NA,NA,NA,NA,NA,NA,NA,NA,NA,NA,NA,NA,NA,NA,NA,NA
2676,0.53933531,0.06003597,0.316908747,2011,state,All,state,99,Bihar,NA,NA,NA,NA,NA,NA,NA,NA,NA,NA,NA,NA,NA,NA,NA,NA,NA
2677,0.630355239,0.308888435,0.037071973,2011,state,All,state,99,Sikkim,NA,NA,NA,NA,NA,NA,NA,NA,NA,NA,NA,NA,NA,NA,NA,NA,NA
2678,0.672335804,0.248547375,0.032076064,2011,state,All,state,99,Arunachal Pradesh,NA,NA,NA,NA,NA,NA,NA,NA,NA,NA,NA,NA,NA,NA,NA,NA,NA
2679,0.600040734,0.324658185,0.006130564,2011,state,All,state,99,Nagaland,NA,NA,NA,NA,NA,NA,NA,NA,NA,NA,NA,NA,NA,NA,NA,NA,NA
2680,0.694167495,0.211582541,0.039477941,2011,state,All,state,99,Manipur,NA,NA,NA,NA,NA,NA,NA,NA,NA,NA,NA,NA,NA,NA,NA,NA,NA
2681,0.579431415,0.340432823,0.046434786,2011,state,All,state,99,Mizoram,NA,NA,NA,NA,NA,NA,NA,NA,NA,NA,NA,NA,NA,NA,NA,NA,NA
2682,0.392975301,0.130712524,0.426193118,2011,state,All,state,99,Tripura,NA,NA,NA,NA,NA,NA,NA,NA,NA,NA,NA,NA,NA,NA,NA,NA,NA
2683,0.622306406,0.231639758,0.116569206,2011,state,All,state,99,Meghalaya,NA,NA,NA,NA,NA,NA,NA,NA,NA,NA,NA,NA,NA,NA,NA,NA,NA
2684,0.672461867,0.151216403,0.138600871,2011,state,All,state,99,Assam,NA,NA,NA,NA,NA,NA,NA,NA,NA,NA,NA,NA,NA,NA,NA,NA,NA
2685,0.442282945,0.150921091,0.358387232,2011,state,All,state,99,West Bengal,NA,NA,NA,NA,NA,NA,NA,NA,NA,NA,NA,NA,NA,NA,NA,NA,NA
2686,0.547000051,0.121836893,0.259958863,2011,state,All,state,99,Jharkhand,NA,NA,NA,NA,NA,NA,NA,NA,NA,NA,NA,NA,NA,NA,NA,NA,NA
2687,0.541221082,0.111495338,0.309525102,2011,state,All,state,99,Odisha,NA,NA,NA,NA,NA,NA,NA,NA,NA,NA,NA,NA,NA,NA,NA,NA,NA
2688,0.529315472,0.125153169,0.324882269,2011,state,All,state,99,Chhattisgarh,NA,NA,NA,NA,NA,NA,NA,NA,NA,NA,NA,NA,NA,NA,NA,NA,NA
2689,0.535710096,0.139313623,0.30753389,2011,state,All,state,99,Madhya Pradesh,NA,NA,NA,NA,NA,NA,NA,NA,NA,NA,NA,NA,NA,NA,NA,NA,NA
2690,0.511314809,0.241714612,0.22604762,2011,state,All,state,99,Gujarat,NA,NA,NA,NA,NA,NA,NA,NA,NA,NA,NA,NA,NA,NA,NA,NA,NA
2691,0.351551414,0.527795374,0.099108376,2011,state,All,state,99,Daman & Diu & D & N Haveli,NA,NA,NA,NA,NA,NA,NA,NA,NA,NA,NA,NA,NA,NA,NA,NA,NA
2692,0.441956848,0.282364517,0.241265133,2011,state,All,state,99,Maharashtra,NA,NA,NA,NA,NA,NA,NA,NA,NA,NA,NA,NA,NA,NA,NA,NA,NA
2693,0.398699135,0.172863811,0.376823753,2011,state,All,state,99,Andhra Pradesh,NA,NA,NA,NA,NA,NA,NA,NA,NA,NA,NA,NA,NA,NA,NA,NA,NA
2694,0.503669202,0.184552535,0.287864417,2011,state,All,state,99,Karnataka,NA,NA,NA,NA,NA,NA,NA,NA,NA,NA,NA,NA,NA,NA,NA,NA,NA
2695,0.440354079,0.392212331,0.097673178,2011,state,All,state,99,Goa,NA,NA,NA,NA,NA,NA,NA,NA,NA,NA,NA,NA,NA,NA,NA,NA,NA
2696,0.222849682,0.448838651,0.178336427,2011,state,All,state,99,Lakshadweep,NA,NA,NA,NA,NA,NA,NA,NA,NA,NA,NA,NA,NA,NA,NA,NA,NA
2697,0.323904663,0.18984744,0.367294878,2011,state,All,state,99,Kerala,NA,NA,NA,NA,NA,NA,NA,NA,NA,NA,NA,NA,NA,NA,NA,NA,NA
2698,0.300073951,0.248279884,0.401033819,2011,state,All,state,99,Tamil Nadu,NA,NA,NA,NA,NA,NA,NA,NA,NA,NA,NA,NA,NA,NA,NA,NA,NA
2699,0.261102408,0.380216449,0.278335035,2011,state,All,state,99,Puducherry,NA,NA,NA,NA,NA,NA,NA,NA,NA,NA,NA,NA,NA,NA,NA,NA,NA
2700,0.358095467,0.492192239,0.119951226,2011,state,All,state,99,A & N Island,NA,NA,NA,NA,NA,NA,NA,NA,NA,NA,NA,NA,NA,NA,NA,NA,NA
2701,0.470503896,0.243687198,0.250127017,2011,state,All,state,99,Telangana,NA,NA,NA,NA,NA,NA,NA,NA,NA,NA,NA,NA,NA,NA,NA,NA,NA
2702,0.393524051,0.29818356,0.243019208,2011,state,All,state,99,Ladakh,NA,NA,NA,NA,NA,NA,NA,NA,NA,NA,NA,NA,NA,NA,NA,NA,NA
2703,0.49356997,0.208992302,0.254464746,2011,state,urban/rural,sector_state,0,Jammu & Kashmir,NA,NA,NA,NA,NA,NA,NA,NA,NA,NA,NA,NA,NA,NA,NA,NA,NA
2704,0.491154373,0.21255368,0.240049988,2011,state,urban/rural,sector_state,0,Himachal Pradesh,NA,NA,NA,NA,NA,NA,NA,NA,NA,NA,NA,NA,NA,NA,NA,NA,NA
2705,0.454653651,0.156911209,0.336169451,2011,state,urban/rural,sector_state,0,Punjab,NA,NA,NA,NA,NA,NA,NA,NA,NA,NA,NA,NA,NA,NA,NA,NA,NA
2706,0.309097856,0.544090509,0.020610137,2011,state,urban/rural,sector_state,0,Chandigarh,NA,NA,NA,NA,NA,NA,NA,NA,NA,NA,NA,NA,NA,NA,NA,NA,NA
2707,0.633900344,0.121865533,0.18860054,2011,state,urban/rural,sector_state,0,Uttrakhand,NA,NA,NA,NA,NA,NA,NA,NA,NA,NA,NA,NA,NA,NA,NA,NA,NA
2708,0.531814694,0.134034961,0.2851246,2011,state,urban/rural,sector_state,0,Haryana,NA,NA,NA,NA,NA,NA,NA,NA,NA,NA,NA,NA,NA,NA,NA,NA,NA
2709,0.356798649,0.550176442,0.068352029,2011,state,urban/rural,sector_state,0,Delhi,NA,NA,NA,NA,NA,NA,NA,NA,NA,NA,NA,NA,NA,NA,NA,NA,NA
2710,0.612961829,0.076820098,0.277299076,2011,state,urban/rural,sector_state,0,Rajasthan,NA,NA,NA,NA,NA,NA,NA,NA,NA,NA,NA,NA,NA,NA,NA,NA,NA
2711,0.647304893,0.050669737,0.274480015,2011,state,urban/rural,sector_state,0,Uttar Pradesh,NA,NA,NA,NA,NA,NA,NA,NA,NA,NA,NA,NA,NA,NA,NA,NA,NA
2712,0.546016514,0.040151924,0.33769083,2011,state,urban/rural,sector_state,0,Bihar,NA,NA,NA,NA,NA,NA,NA,NA,NA,NA,NA,NA,NA,NA,NA,NA,NA
2713,0.709200382,0.246971771,0.035391022,2011,state,urban/rural,sector_state,0,Sikkim,NA,NA,NA,NA,NA,NA,NA,NA,NA,NA,NA,NA,NA,NA,NA,NA,NA
2714,0.775320292,0.165198237,0.017610306,2011,state,urban/rural,sector_state,0,Arunachal Pradesh,NA,NA,NA,NA,NA,NA,NA,NA,NA,NA,NA,NA,NA,NA,NA,NA,NA
2715,0.719693959,0.233239502,0.00300178,2011,state,urban/rural,sector_state,0,Nagaland,NA,NA,NA,NA,NA,NA,NA,NA,NA,NA,NA,NA,NA,NA,NA,NA,NA
2716,0.752503991,0.181895763,0.042076863,2011,state,urban/rural,sector_state,0,Manipur,NA,NA,NA,NA,NA,NA,NA,NA,NA,NA,NA,NA,NA,NA,NA,NA,NA
2717,0.796821296,0.177849367,0.011428711,2011,state,urban/rural,sector_state,0,Mizoram,NA,NA,NA,NA,NA,NA,NA,NA,NA,NA,NA,NA,NA,NA,NA,NA,NA
2718,0.387068987,0.094260134,0.480009258,2011,state,urban/rural,sector_state,0,Tripura,NA,NA,NA,NA,NA,NA,NA,NA,NA,NA,NA,NA,NA,NA,NA,NA,NA
2719,0.692987144,0.158589825,0.129204392,2011,state,urban/rural,sector_state,0,Meghalaya,NA,NA,NA,NA,NA,NA,NA,NA,NA,NA,NA,NA,NA,NA,NA,NA,NA
2720,0.699913263,0.122281797,0.148260042,2011,state,urban/rural,sector_state,0,Assam,NA,NA,NA,NA,NA,NA,NA,NA,NA,NA,NA,NA,NA,NA,NA,NA,NA
2721,0.446870714,0.076869212,0.441289485,2011,state,urban/rural,sector_state,0,West Bengal,NA,NA,NA,NA,NA,NA,NA,NA,NA,NA,NA,NA,NA,NA,NA,NA,NA
2722,0.604546785,0.049182449,0.285413504,2011,state,urban/rural,sector_state,0,Jharkhand,NA,NA,NA,NA,NA,NA,NA,NA,NA,NA,NA,NA,NA,NA,NA,NA,NA
2723,0.555469632,0.070739046,0.341785759,2011,state,urban/rural,sector_state,0,Odisha,NA,NA,NA,NA,NA,NA,NA,NA,NA,NA,NA,NA,NA,NA,NA,NA,NA
2724,0.593435705,0.06203492,0.334537268,2011,state,urban/rural,sector_state,0,Chhattisgarh,NA,NA,NA,NA,NA,NA,NA,NA,NA,NA,NA,NA,NA,NA,NA,NA,NA
2725,0.567957699,0.064028002,0.358652562,2011,state,urban/rural,sector_state,0,Madhya Pradesh,NA,NA,NA,NA,NA,NA,NA,NA,NA,NA,NA,NA,NA,NA,NA,NA,NA
2726,0.568548739,0.089238688,0.329059333,2011,state,urban/rural,sector_state,0,Gujarat,NA,NA,NA,NA,NA,NA,NA,NA,NA,NA,NA,NA,NA,NA,NA,NA,NA
2727,0.388849348,0.433126628,0.142057925,2011,state,urban/rural,sector_state,0,Daman & Diu & D & N Haveli,NA,NA,NA,NA,NA,NA,NA,NA,NA,NA,NA,NA,NA,NA,NA,NA,NA
2728,0.507410347,0.113820001,0.359831452,2011,state,urban/rural,sector_state,0,Maharashtra,NA,NA,NA,NA,NA,NA,NA,NA,NA,NA,NA,NA,NA,NA,NA,NA,NA
2729,0.420420766,0.099118635,0.445843577,2011,state,urban/rural,sector_state,0,Andhra Pradesh,NA,NA,NA,NA,NA,NA,NA,NA,NA,NA,NA,NA,NA,NA,NA,NA,NA
2730,0.547634006,0.082071036,0.355880082,2011,state,urban/rural,sector_state,0,Karnataka,NA,NA,NA,NA,NA,NA,NA,NA,NA,NA,NA,NA,NA,NA,NA,NA,NA
2731,0.502800107,0.305278003,0.141994998,2011,state,urban/rural,sector_state,0,Goa,NA,NA,NA,NA,NA,NA,NA,NA,NA,NA,NA,NA,NA,NA,NA,NA,NA
2732,0.252942026,0.385240018,0.238529384,2011,state,urban/rural,sector_state,0,Lakshadweep,NA,NA,NA,NA,NA,NA,NA,NA,NA,NA,NA,NA,NA,NA,NA,NA,NA
2733,0.330427498,0.154931471,0.402348012,2011,state,urban/rural,sector_state,0,Kerala,NA,NA,NA,NA,NA,NA,NA,NA,NA,NA,NA,NA,NA,NA,NA,NA,NA
2734,0.289169341,0.125663742,0.550052226,2011,state,urban/rural,sector_state,0,Tamil Nadu,NA,NA,NA,NA,NA,NA,NA,NA,NA,NA,NA,NA,NA,NA,NA,NA,NA
2735,0.310587406,0.210405469,0.413131952,2011,state,urban/rural,sector_state,0,Puducherry,NA,NA,NA,NA,NA,NA,NA,NA,NA,NA,NA,NA,NA,NA,NA,NA,NA
2736,0.460387886,0.407095075,0.118418172,2011,state,urban/rural,sector_state,0,A & N Island,NA,NA,NA,NA,NA,NA,NA,NA,NA,NA,NA,NA,NA,NA,NA,NA,NA
2737,0.538176298,0.093056597,0.343682766,2011,state,urban/rural,sector_state,0,Telangana,NA,NA,NA,NA,NA,NA,NA,NA,NA,NA,NA,NA,NA,NA,NA,NA,NA
2738,0.418064088,0.242181852,0.264440149,2011,state,urban/rural,sector_state,0,Ladakh,NA,NA,NA,NA,NA,NA,NA,NA,NA,NA,NA,NA,NA,NA,NA,NA,NA
2739,0.419569105,0.385852396,0.132784531,2011,state,urban/rural,sector_state,1,Jammu & Kashmir,NA,NA,NA,NA,NA,NA,NA,NA,NA,NA,NA,NA,NA,NA,NA,NA,NA
2740,0.236401275,0.510728538,0.108744465,2011,state,urban/rural,sector_state,1,Himachal Pradesh,NA,NA,NA,NA,NA,NA,NA,NA,NA,NA,NA,NA,NA,NA,NA,NA,NA
2741,0.458269,0.384747654,0.099073328,2011,state,urban/rural,sector_state,1,Punjab,NA,NA,NA,NA,NA,NA,NA,NA,NA,NA,NA,NA,NA,NA,NA,NA,NA
2742,0.262529135,0.635663688,0.084230222,2011,state,urban/rural,sector_state,1,Chandigarh,NA,NA,NA,NA,NA,NA,NA,NA,NA,NA,NA,NA,NA,NA,NA,NA,NA
2743,0.497308969,0.351282775,0.076286264,2011,state,urban/rural,sector_state,1,Uttrakhand,NA,NA,NA,NA,NA,NA,NA,NA,NA,NA,NA,NA,NA,NA,NA,NA,NA
2744,0.417882472,0.401025146,0.111482069,2011,state,urban/rural,sector_state,1,Haryana,NA,NA,NA,NA,NA,NA,NA,NA,NA,NA,NA,NA,NA,NA,NA,NA,NA
2745,0.430849046,0.505994081,0.03325453,2011,state,urban/rural,sector_state,1,Delhi,NA,NA,NA,NA,NA,NA,NA,NA,NA,NA,NA,NA,NA,NA,NA,NA,NA
2746,0.450870246,0.332112193,0.145075813,2011,state,urban/rural,sector_state,1,Rajasthan,NA,NA,NA,NA,NA,NA,NA,NA,NA,NA,NA,NA,NA,NA,NA,NA,NA
2747,0.524035156,0.281987637,0.138064325,2011,state,urban/rural,sector_state,1,Uttar Pradesh,NA,NA,NA,NA,NA,NA,NA,NA,NA,NA,NA,NA,NA,NA,NA,NA,NA
2748,0.478531778,0.240994737,0.127777353,2011,state,urban/rural,sector_state,1,Bihar,NA,NA,NA,NA,NA,NA,NA,NA,NA,NA,NA,NA,NA,NA,NA,NA,NA
2749,0.298621327,0.569397092,0.044144433,2011,state,urban/rural,sector_state,1,Sikkim,NA,NA,NA,NA,NA,NA,NA,NA,NA,NA,NA,NA,NA,NA,NA,NA,NA
2750,0.230083585,0.606478393,0.094197229,2011,state,urban/rural,sector_state,1,Arunachal Pradesh,NA,NA,NA,NA,NA,NA,NA,NA,NA,NA,NA,NA,NA,NA,NA,NA,NA
2751,0.388726085,0.486108959,0.011656181,2011,state,urban/rural,sector_state,1,Nagaland,NA,NA,NA,NA,NA,NA,NA,NA,NA,NA,NA,NA,NA,NA,NA,NA,NA
2752,0.536809981,0.291659951,0.032467581,2011,state,urban/rural,sector_state,1,Manipur,NA,NA,NA,NA,NA,NA,NA,NA,NA,NA,NA,NA,NA,NA,NA,NA,NA
2753,0.336900979,0.521818578,0.085489213,2011,state,urban/rural,sector_state,1,Mizoram,NA,NA,NA,NA,NA,NA,NA,NA,NA,NA,NA,NA,NA,NA,NA,NA,NA
2754,0.42434603,0.32432586,0.140353993,2011,state,urban/rural,sector_state,1,Tripura,NA,NA,NA,NA,NA,NA,NA,NA,NA,NA,NA,NA,NA,NA,NA,NA,NA
2755,0.332724094,0.53092891,0.064802207,2011,state,urban/rural,sector_state,1,Meghalaya,NA,NA,NA,NA,NA,NA,NA,NA,NA,NA,NA,NA,NA,NA,NA,NA,NA
2756,0.45208168,0.383504033,0.061056785,2011,state,urban/rural,sector_state,1,Assam,NA,NA,NA,NA,NA,NA,NA,NA,NA,NA,NA,NA,NA,NA,NA,NA,NA
2757,0.429980874,0.349489838,0.136086404,2011,state,urban/rural,sector_state,1,West Bengal,NA,NA,NA,NA,NA,NA,NA,NA,NA,NA,NA,NA,NA,NA,NA,NA,NA
2758,0.333045125,0.391961098,0.165320262,2011,state,urban/rural,sector_state,1,Jharkhand,NA,NA,NA,NA,NA,NA,NA,NA,NA,NA,NA,NA,NA,NA,NA,NA,NA
2759,0.459275842,0.345889747,0.123990141,2011,state,urban/rural,sector_state,1,Odisha,NA,NA,NA,NA,NA,NA,NA,NA,NA,NA,NA,NA,NA,NA,NA,NA,NA
2760,0.310723484,0.340329409,0.291967452,2011,state,urban/rural,sector_state,1,Chhattisgarh,NA,NA,NA,NA,NA,NA,NA,NA,NA,NA,NA,NA,NA,NA,NA,NA,NA
2761,0.441183656,0.359995931,0.15769136,2011,state,urban/rural,sector_state,1,Madhya Pradesh,NA,NA,NA,NA,NA,NA,NA,NA,NA,NA,NA,NA,NA,NA,NA,NA,NA
2762,0.425052553,0.471524209,0.070789814,2011,state,urban/rural,sector_state,1,Gujarat,NA,NA,NA,NA,NA,NA,NA,NA,NA,NA,NA,NA,NA,NA,NA,NA,NA
2763,0.29990977,0.658870935,0.039641697,2011,state,urban/rural,sector_state,1,Daman & Diu & D & N Haveli,NA,NA,NA,NA,NA,NA,NA,NA,NA,NA,NA,NA,NA,NA,NA,NA,NA
2764,0.362618268,0.48666355,0.097546481,2011,state,urban/rural,sector_state,1,Maharashtra,NA,NA,NA,NA,NA,NA,NA,NA,NA,NA,NA,NA,NA,NA,NA,NA,NA
2765,0.339422315,0.374109179,0.188473523,2011,state,urban/rural,sector_state,1,Andhra Pradesh,NA,NA,NA,NA,NA,NA,NA,NA,NA,NA,NA,NA,NA,NA,NA,NA,NA
2766,0.420399547,0.378653526,0.15904209,2011,state,urban/rural,sector_state,1,Karnataka,NA,NA,NA,NA,NA,NA,NA,NA,NA,NA,NA,NA,NA,NA,NA,NA,NA
2767,0.375321686,0.482747257,0.051515661,2011,state,urban/rural,sector_state,1,Goa,NA,NA,NA,NA,NA,NA,NA,NA,NA,NA,NA,NA,NA,NA,NA,NA,NA
2768,0.187728629,0.523065209,0.108084664,2011,state,urban/rural,sector_state,1,Lakshadweep,NA,NA,NA,NA,NA,NA,NA,NA,NA,NA,NA,NA,NA,NA,NA,NA,NA
2769,0.305779785,0.28686735,0.269893825,2011,state,urban/rural,sector_state,1,Kerala,NA,NA,NA,NA,NA,NA,NA,NA,NA,NA,NA,NA,NA,NA,NA,NA,NA
2770,0.313547462,0.399781853,0.216909766,2011,state,urban/rural,sector_state,1,Tamil Nadu,NA,NA,NA,NA,NA,NA,NA,NA,NA,NA,NA,NA,NA,NA,NA,NA,NA
2771,0.232423559,0.478629827,0.200213939,2011,state,urban/rural,sector_state,1,Puducherry,NA,NA,NA,NA,NA,NA,NA,NA,NA,NA,NA,NA,NA,NA,NA,NA,NA
2772,0.172909141,0.646248937,0.122726612,2011,state,urban/rural,sector_state,1,A & N Island,NA,NA,NA,NA,NA,NA,NA,NA,NA,NA,NA,NA,NA,NA,NA,NA,NA
2773,0.36948511,0.468542963,0.110470496,2011,state,urban/rural,sector_state,1,Telangana,NA,NA,NA,NA,NA,NA,NA,NA,NA,NA,NA,NA,NA,NA,NA,NA,NA
2774,0.253670424,0.617337465,0.120941229,2011,state,urban/rural,sector_state,1,Ladakh,NA,NA,NA,NA,NA,NA,NA,NA,NA,NA,NA,NA,NA,NA,NA,NA,NA
2775,0.617849946,0.122141816,0.237249091,2011,allindia,All,allindia,99,India,0,0,0,1,NA,NA,NA,NA,NA,NA,NA,NA,NA,NA,NA,NA,NA
2776,0.492081702,0.182731718,0.296046197,2011,allindia,All,allindia,99,India,0,0,1,0,NA,NA,NA,NA,NA,NA,NA,NA,NA,NA,NA,NA,NA
2777,0.394662917,0.202843964,0.305655271,2011,allindia,All,allindia,99,India,0,1,0,0,NA,NA,NA,NA,NA,NA,NA,NA,NA,NA,NA,NA,NA
2778,0.136099845,0.293629736,0.150801688,2011,allindia,All,allindia,99,India,1,0,0,0,NA,NA,NA,NA,NA,NA,NA,NA,NA,NA,NA,NA,NA
2779,0.643374324,0.071912445,0.2653144,2011,allindia,urban/rural,sect_allindia,0,India,0,0,0,1,NA,NA,NA,NA,NA,NA,NA,NA,NA,NA,NA,NA,NA
2780,0.525121391,0.088552758,0.3598454,2011,allindia,urban/rural,sect_allindia,0,India,0,0,1,0,NA,NA,NA,NA,NA,NA,NA,NA,NA,NA,NA,NA,NA
2781,0.438053668,0.089933045,0.394444585,2011,allindia,urban/rural,sect_allindia,0,India,0,1,0,0,NA,NA,NA,NA,NA,NA,NA,NA,NA,NA,NA,NA,NA
2782,0.204549044,0.126214981,0.243768409,2011,allindia,urban/rural,sect_allindia,0,India,1,0,0,0,NA,NA,NA,NA,NA,NA,NA,NA,NA,NA,NA,NA,NA
2783,0.53538233,0.284429431,0.146572068,2011,allindia,urban/rural,sect_allindia,1,India,0,0,0,1,NA,NA,NA,NA,NA,NA,NA,NA,NA,NA,NA,NA,NA
2784,0.410806894,0.414404154,0.139105454,2011,allindia,urban/rural,sect_allindia,1,India,0,0,1,0,NA,NA,NA,NA,NA,NA,NA,NA,NA,NA,NA,NA,NA
2785,0.306436747,0.432425201,0.125120386,2011,allindia,urban/rural,sect_allindia,1,India,0,1,0,0,NA,NA,NA,NA,NA,NA,NA,NA,NA,NA,NA,NA,NA
2786,0.077449434,0.437078387,0.07114356,2011,allindia,urban/rural,sect_allindia,1,India,1,0,0,0,NA,NA,NA,NA,NA,NA,NA,NA,NA,NA,NA,NA,NA
2787,0.532531619,0.235047966,0.214533478,2011,state,All,state,99,Jammu & Kashmir,0,0,0,1,NA,NA,NA,NA,NA,NA,NA,NA,NA,NA,NA,NA,NA
2788,0.45755893,0.260665596,0.236805931,2011,state,All,state,99,Jammu & Kashmir,0,0,1,0,NA,NA,NA,NA,NA,NA,NA,NA,NA,NA,NA,NA,NA
2789,0.421512395,0.235588819,0.199091747,2011,state,All,state,99,Jammu & Kashmir,0,1,0,0,NA,NA,NA,NA,NA,NA,NA,NA,NA,NA,NA,NA,NA
2790,0.128302887,0.244837806,0.263579369,2011,state,All,state,99,Jammu & Kashmir,1,0,0,0,NA,NA,NA,NA,NA,NA,NA,NA,NA,NA,NA,NA,NA
2791,0.580352426,0.187944755,0.212370455,2011,state,All,state,99,Himachal Pradesh,0,0,0,1,NA,NA,NA,NA,NA,NA,NA,NA,NA,NA,NA,NA,NA
2792,0.441163361,0.257385015,0.249652922,2011,state,All,state,99,Himachal Pradesh,0,0,1,0,NA,NA,NA,NA,NA,NA,NA,NA,NA,NA,NA,NA,NA
2793,0.424142659,0.246135473,0.182336554,2011,state,All,state,99,Himachal Pradesh,0,1,0,0,NA,NA,NA,NA,NA,NA,NA,NA,NA,NA,NA,NA,NA
2794,0.231185436,0.463794082,0.037190616,2011,state,All,state,99,Himachal Pradesh,1,0,0,0,NA,NA,NA,NA,NA,NA,NA,NA,NA,NA,NA,NA,NA
2795,0.548359811,0.201103806,0.241655305,2011,state,All,state,99,Punjab,0,0,0,1,NA,NA,NA,NA,NA,NA,NA,NA,NA,NA,NA,NA,NA
2796,0.46483171,0.249730945,0.244144514,2011,state,All,state,99,Punjab,0,0,1,0,NA,NA,NA,NA,NA,NA,NA,NA,NA,NA,NA,NA,NA
2797,0.293788135,0.237922266,0.306619555,2011,state,All,state,99,Punjab,0,1,0,0,NA,NA,NA,NA,NA,NA,NA,NA,NA,NA,NA,NA,NA
2798,0.087840289,0.454666317,0.137208924,2011,state,All,state,99,Punjab,1,0,0,0,NA,NA,NA,NA,NA,NA,NA,NA,NA,NA,NA,NA,NA
2799,0.607054949,0.341116369,0.051828668,2011,state,All,state,99,Chandigarh,0,0,0,1,NA,NA,NA,NA,NA,NA,NA,NA,NA,NA,NA,NA,NA
2800,0.233820796,0.672690392,0.080173016,2011,state,All,state,99,Chandigarh,0,0,1,0,NA,NA,NA,NA,NA,NA,NA,NA,NA,NA,NA,NA,NA
2801,0.127413124,0.668417811,0.090394728,2011,state,All,state,99,Chandigarh,0,1,0,0,NA,NA,NA,NA,NA,NA,NA,NA,NA,NA,NA,NA,NA
2802,0.235522509,0.53634131,0.125377893,2011,state,All,state,99,Chandigarh,1,0,0,0,NA,NA,NA,NA,NA,NA,NA,NA,NA,NA,NA,NA,NA
2803,0.610690296,0.218649581,0.146347314,2011,state,All,state,99,Uttrakhand,0,0,0,1,NA,NA,NA,NA,NA,NA,NA,NA,NA,NA,NA,NA,NA
2804,0.610483527,0.173649579,0.169334143,2011,state,All,state,99,Uttrakhand,0,0,1,0,NA,NA,NA,NA,NA,NA,NA,NA,NA,NA,NA,NA,NA
2805,0.563746154,0.158286214,0.135183424,2011,state,All,state,99,Uttrakhand,0,1,0,0,NA,NA,NA,NA,NA,NA,NA,NA,NA,NA,NA,NA,NA
2806,0.212498605,0.283194035,0.142366201,2011,state,All,state,99,Uttrakhand,1,0,0,0,NA,NA,NA,NA,NA,NA,NA,NA,NA,NA,NA,NA,NA
2807,0.572786331,0.162171572,0.244398788,2011,state,All,state,99,Haryana,0,0,0,1,NA,NA,NA,NA,NA,NA,NA,NA,NA,NA,NA,NA,NA
2808,0.507408559,0.205169857,0.239436671,2011,state,All,state,99,Haryana,0,0,1,0,NA,NA,NA,NA,NA,NA,NA,NA,NA,NA,NA,NA,NA
2809,0.329754829,0.337835371,0.187064111,2011,state,All,state,99,Haryana,0,1,0,0,NA,NA,NA,NA,NA,NA,NA,NA,NA,NA,NA,NA,NA
2810,0.030575266,0.564025164,0.130174443,2011,state,All,state,99,Haryana,1,0,0,0,NA,NA,NA,NA,NA,NA,NA,NA,NA,NA,NA,NA,NA
2811,0.469358325,0.489686161,0.040955536,2011,state,All,state,99,Delhi,0,0,0,1,NA,NA,NA,NA,NA,NA,NA,NA,NA,NA,NA,NA,NA
2812,0.447609663,0.500355065,0.033094209,2011,state,All,state,99,Delhi,0,0,1,0,NA,NA,NA,NA,NA,NA,NA,NA,NA,NA,NA,NA,NA
2813,0.33430481,0.533396542,0.030059472,2011,state,All,state,99,Delhi,0,1,0,0,NA,NA,NA,NA,NA,NA,NA,NA,NA,NA,NA,NA,NA
2814,0.043643605,0.726480067,0.086193956,2011,state,All,state,99,Delhi,1,0,0,0,NA,NA,NA,NA,NA,NA,NA,NA,NA,NA,NA,NA,NA
2815,0.623604298,0.116344899,0.241577342,2011,state,All,state,99,Rajasthan,0,0,0,1,NA,NA,NA,NA,NA,NA,NA,NA,NA,NA,NA,NA,NA
2816,0.577582717,0.146670073,0.248858482,2011,state,All,state,99,Rajasthan,0,0,1,0,NA,NA,NA,NA,NA,NA,NA,NA,NA,NA,NA,NA,NA
2817,0.456725419,0.143663749,0.267299443,2011,state,All,state,99,Rajasthan,0,1,0,0,NA,NA,NA,NA,NA,NA,NA,NA,NA,NA,NA,NA,NA
2818,0.20727855,0.166436717,0.10652785,2011,state,All,state,99,Rajasthan,1,0,0,0,NA,NA,NA,NA,NA,NA,NA,NA,NA,NA,NA,NA,NA
2819,0.693021655,0.069392562,0.221727878,2011,state,All,state,99,Uttar Pradesh,0,0,0,1,NA,NA,NA,NA,NA,NA,NA,NA,NA,NA,NA,NA,NA
2820,0.577769876,0.123877466,0.264751256,2011,state,All,state,99,Uttar Pradesh,0,0,1,0,NA,NA,NA,NA,NA,NA,NA,NA,NA,NA,NA,NA,NA
2821,0.513906837,0.125890732,0.273773819,2011,state,All,state,99,Uttar Pradesh,0,1,0,0,NA,NA,NA,NA,NA,NA,NA,NA,NA,NA,NA,NA,NA
2822,0.243716657,0.185124502,0.125046238,2011,state,All,state,99,Uttar Pradesh,1,0,0,0,NA,NA,NA,NA,NA,NA,NA,NA,NA,NA,NA,NA,NA
2823,0.597785413,0.067330174,0.258603543,2011,state,All,state,99,Bihar,0,0,0,1,NA,NA,NA,NA,NA,NA,NA,NA,NA,NA,NA,NA,NA
2824,0.519617915,0.054596007,0.349397391,2011,state,All,state,99,Bihar,0,0,1,0,NA,NA,NA,NA,NA,NA,NA,NA,NA,NA,NA,NA,NA
2825,0.4550322,0.061130259,0.356100947,2011,state,All,state,99,Bihar,0,1,0,0,NA,NA,NA,NA,NA,NA,NA,NA,NA,NA,NA,NA,NA
2826,0.281668782,0.119980671,0.083404146,2011,state,All,state,99,Bihar,1,0,0,0,NA,NA,NA,NA,NA,NA,NA,NA,NA,NA,NA,NA,NA
2827,0.623592675,0.376407325,0,2011,state,All,state,99,Sikkim,0,0,0,1,NA,NA,NA,NA,NA,NA,NA,NA,NA,NA,NA,NA,NA
2828,0.669322371,0.296158284,0.030872036,2011,state,All,state,99,Sikkim,0,0,1,0,NA,NA,NA,NA,NA,NA,NA,NA,NA,NA,NA,NA,NA
2829,0.609116077,0.265493482,0.07395792,2011,state,All,state,99,Sikkim,0,1,0,0,NA,NA,NA,NA,NA,NA,NA,NA,NA,NA,NA,NA,NA
2830,0.098010689,0.478810549,0.102970235,2011,state,All,state,99,Sikkim,1,0,0,0,NA,NA,NA,NA,NA,NA,NA,NA,NA,NA,NA,NA,NA
2831,0.752133369,0.169558734,0.02027113,2011,state,All,state,99,Arunachal Pradesh,0,0,0,1,NA,NA,NA,NA,NA,NA,NA,NA,NA,NA,NA,NA,NA
2832,0.660929203,0.27836448,0.028855467,2011,state,All,state,99,Arunachal Pradesh,0,0,1,0,NA,NA,NA,NA,NA,NA,NA,NA,NA,NA,NA,NA,NA
2833,0.589760721,0.266063422,0.07686507,2011,state,All,state,99,Arunachal Pradesh,0,1,0,0,NA,NA,NA,NA,NA,NA,NA,NA,NA,NA,NA,NA,NA
2834,0.412288547,0.269111127,0.029008741,2011,state,All,state,99,Arunachal Pradesh,1,0,0,0,NA,NA,NA,NA,NA,NA,NA,NA,NA,NA,NA,NA,NA
2835,0.612286031,0.263285041,0.00735198,2011,state,All,state,99,Nagaland,0,0,0,1,NA,NA,NA,NA,NA,NA,NA,NA,NA,NA,NA,NA,NA
2836,0.602355063,0.335635602,0.006286633,2011,state,All,state,99,Nagaland,0,0,1,0,NA,NA,NA,NA,NA,NA,NA,NA,NA,NA,NA,NA,NA
2837,0.539258718,0.335249394,0,2011,state,All,state,99,Nagaland,0,1,0,0,NA,NA,NA,NA,NA,NA,NA,NA,NA,NA,NA,NA,NA
2838,0.04993258,0.767193317,0,2011,state,All,state,99,Nagaland,1,0,0,0,NA,NA,NA,NA,NA,NA,NA,NA,NA,NA,NA,NA,NA
2839,0.660167873,0.239465579,0.040581811,2011,state,All,state,99,Manipur,0,0,0,1,NA,NA,NA,NA,NA,NA,NA,NA,NA,NA,NA,NA,NA
2840,0.71629715,0.19871439,0.036993802,2011,state,All,state,99,Manipur,0,0,1,0,NA,NA,NA,NA,NA,NA,NA,NA,NA,NA,NA,NA,NA
2841,0.645037353,0.224885061,0.059657797,2011,state,All,state,99,Manipur,0,1,0,0,NA,NA,NA,NA,NA,NA,NA,NA,NA,NA,NA,NA,NA
2842,0.34605962,0.063268811,0.029449377,2011,state,All,state,99,Manipur,1,0,0,0,NA,NA,NA,NA,NA,NA,NA,NA,NA,NA,NA,NA,NA
2843,0.498445839,0.428917795,0.040433578,2011,state,All,state,99,Mizoram,0,0,0,1,NA,NA,NA,NA,NA,NA,NA,NA,NA,NA,NA,NA,NA
2844,0.602209151,0.324360132,0.045545053,2011,state,All,state,99,Mizoram,0,0,1,0,NA,NA,NA,NA,NA,NA,NA,NA,NA,NA,NA,NA,NA
2845,0.592000484,0.277312726,0.060373601,2011,state,All,state,99,Mizoram,0,1,0,0,NA,NA,NA,NA,NA,NA,NA,NA,NA,NA,NA,NA,NA
2846,0.450355381,0.22025384,0.144815072,2011,state,All,state,99,Mizoram,1,0,0,0,NA,NA,NA,NA,NA,NA,NA,NA,NA,NA,NA,NA,NA
2847,0.383653998,0.079823233,0.53165561,2011,state,All,state,99,Tripura,0,0,0,1,NA,NA,NA,NA,NA,NA,NA,NA,NA,NA,NA,NA,NA
2848,0.408973724,0.128970742,0.437605411,2011,state,All,state,99,Tripura,0,0,1,0,NA,NA,NA,NA,NA,NA,NA,NA,NA,NA,NA,NA,NA
2849,0.369847745,0.165631235,0.343083024,2011,state,All,state,99,Tripura,0,1,0,0,NA,NA,NA,NA,NA,NA,NA,NA,NA,NA,NA,NA,NA
2850,0.074966885,0.127809614,0.215983748,2011,state,All,state,99,Tripura,1,0,0,0,NA,NA,NA,NA,NA,NA,NA,NA,NA,NA,NA,NA,NA
2851,0.651838243,0.222330585,0.108523957,2011,state,All,state,99,Meghalaya,0,0,0,1,NA,NA,NA,NA,NA,NA,NA,NA,NA,NA,NA,NA,NA
2852,0.617371976,0.234025285,0.121060878,2011,state,All,state,99,Meghalaya,0,0,1,0,NA,NA,NA,NA,NA,NA,NA,NA,NA,NA,NA,NA,NA
2853,0.569793105,0.259305894,0.129699498,2011,state,All,state,99,Meghalaya,0,1,0,0,NA,NA,NA,NA,NA,NA,NA,NA,NA,NA,NA,NA,NA
2854,0.125570536,0.247749433,0.042672958,2011,state,All,state,99,Meghalaya,1,0,0,0,NA,NA,NA,NA,NA,NA,NA,NA,NA,NA,NA,NA,NA
2855,0.727777719,0.151709586,0.098047234,2011,state,All,state,99,Assam,0,0,0,1,NA,NA,NA,NA,NA,NA,NA,NA,NA,NA,NA,NA,NA
2856,0.669229984,0.155508742,0.14239198,2011,state,All,state,99,Assam,0,0,1,0,NA,NA,NA,NA,NA,NA,NA,NA,NA,NA,NA,NA,NA
2857,0.601614594,0.119419187,0.208424687,2011,state,All,state,99,Assam,0,1,0,0,NA,NA,NA,NA,NA,NA,NA,NA,NA,NA,NA,NA,NA
2858,0.206652358,0.239197746,0.134332359,2011,state,All,state,99,Assam,1,0,0,0,NA,NA,NA,NA,NA,NA,NA,NA,NA,NA,NA,NA,NA
2859,0.537201047,0.15261966,0.289349765,2011,state,All,state,99,West Bengal,0,0,0,1,NA,NA,NA,NA,NA,NA,NA,NA,NA,NA,NA,NA,NA
2860,0.453973651,0.137117133,0.381177574,2011,state,All,state,99,West Bengal,0,0,1,0,NA,NA,NA,NA,NA,NA,NA,NA,NA,NA,NA,NA,NA
2861,0.363750428,0.178813577,0.361154139,2011,state,All,state,99,West Bengal,0,1,0,0,NA,NA,NA,NA,NA,NA,NA,NA,NA,NA,NA,NA,NA
2862,0.185322374,0.24930799,0.173961699,2011,state,All,state,99,West Bengal,1,0,0,0,NA,NA,NA,NA,NA,NA,NA,NA,NA,NA,NA,NA,NA
2863,0.565441608,0.121508211,0.234568268,2011,state,All,state,99,Jharkhand,0,0,0,1,NA,NA,NA,NA,NA,NA,NA,NA,NA,NA,NA,NA,NA
2864,0.564904749,0.111059055,0.274641275,2011,state,All,state,99,Jharkhand,0,0,1,0,NA,NA,NA,NA,NA,NA,NA,NA,NA,NA,NA,NA,NA
2865,0.459942609,0.164773002,0.270158619,2011,state,All,state,99,Jharkhand,0,1,0,0,NA,NA,NA,NA,NA,NA,NA,NA,NA,NA,NA,NA,NA
2866,0.188872382,0.157269865,0.201208219,2011,state,All,state,99,Jharkhand,1,0,0,0,NA,NA,NA,NA,NA,NA,NA,NA,NA,NA,NA,NA,NA
2867,0.617226124,0.082413331,0.290991634,2011,state,All,state,99,Odisha,0,0,0,1,NA,NA,NA,NA,NA,NA,NA,NA,NA,NA,NA,NA,NA
2868,0.55618453,0.109972492,0.314973444,2011,state,All,state,99,Odisha,0,0,1,0,NA,NA,NA,NA,NA,NA,NA,NA,NA,NA,NA,NA,NA
2869,0.446320862,0.136238202,0.316695869,2011,state,All,state,99,Odisha,0,1,0,0,NA,NA,NA,NA,NA,NA,NA,NA,NA,NA,NA,NA,NA
2870,0.134615943,0.221155792,0.192089036,2011,state,All,state,99,Odisha,1,0,0,0,NA,NA,NA,NA,NA,NA,NA,NA,NA,NA,NA,NA,NA
2871,0.644384384,0.113045871,0.232981205,2011,state,All,state,99,Chhattisgarh,0,0,0,1,NA,NA,NA,NA,NA,NA,NA,NA,NA,NA,NA,NA,NA
2872,0.517044127,0.129858986,0.343870878,2011,state,All,state,99,Chhattisgarh,0,0,1,0,NA,NA,NA,NA,NA,NA,NA,NA,NA,NA,NA,NA,NA
2873,0.375550836,0.132430449,0.450805396,2011,state,All,state,99,Chhattisgarh,0,1,0,0,NA,NA,NA,NA,NA,NA,NA,NA,NA,NA,NA,NA,NA
2874,0.119405344,0.091680616,0.186041668,2011,state,All,state,99,Chhattisgarh,1,0,0,0,NA,NA,NA,NA,NA,NA,NA,NA,NA,NA,NA,NA,NA
2875,0.610375822,0.139301687,0.246790782,2011,state,All,state,99,Madhya Pradesh,0,0,0,1,NA,NA,NA,NA,NA,NA,NA,NA,NA,NA,NA,NA,NA
2876,0.530414164,0.136360079,0.323803484,2011,state,All,state,99,Madhya Pradesh,0,0,1,0,NA,NA,NA,NA,NA,NA,NA,NA,NA,NA,NA,NA,NA
2877,0.446839809,0.142665744,0.364054322,2011,state,All,state,99,Madhya Pradesh,0,1,0,0,NA,NA,NA,NA,NA,NA,NA,NA,NA,NA,NA,NA,NA
2878,0.16110231,0.244042218,0.209867135,2011,state,All,state,99,Madhya Pradesh,1,0,0,0,NA,NA,NA,NA,NA,NA,NA,NA,NA,NA,NA,NA,NA
2879,0.645537198,0.10776671,0.245678976,2011,state,All,state,99,Gujarat,0,0,0,1,NA,NA,NA,NA,NA,NA,NA,NA,NA,NA,NA,NA,NA
2880,0.481720597,0.271716595,0.232134059,2011,state,All,state,99,Gujarat,0,0,1,0,NA,NA,NA,NA,NA,NA,NA,NA,NA,NA,NA,NA,NA
2881,0.440973699,0.318255305,0.186471611,2011,state,All,state,99,Gujarat,0,1,0,0,NA,NA,NA,NA,NA,NA,NA,NA,NA,NA,NA,NA,NA
2882,0.100925915,0.599414706,0.088909477,2011,state,All,state,99,Gujarat,1,0,0,0,NA,NA,NA,NA,NA,NA,NA,NA,NA,NA,NA,NA,NA
2883,0.415153205,0.45139578,0.133451015,2011,state,All,state,99,Daman & Diu & D & N Haveli,0,0,0,1,NA,NA,NA,NA,NA,NA,NA,NA,NA,NA,NA,NA,NA
2884,0.412467957,0.486677498,0.100854568,2011,state,All,state,99,Daman & Diu & D & N Haveli,0,0,1,0,NA,NA,NA,NA,NA,NA,NA,NA,NA,NA,NA,NA,NA
2885,0.224450216,0.708908021,0.018885003,2011,state,All,state,99,Daman & Diu & D & N Haveli,0,1,0,0,NA,NA,NA,NA,NA,NA,NA,NA,NA,NA,NA,NA,NA
2886,0.004581223,0.757016301,0.080604017,2011,state,All,state,99,Daman & Diu & D & N Haveli,1,0,0,0,NA,NA,NA,NA,NA,NA,NA,NA,NA,NA,NA,NA,NA
2887,0.581448436,0.201004803,0.211150691,2011,state,All,state,99,Maharashtra,0,0,0,1,NA,NA,NA,NA,NA,NA,NA,NA,NA,NA,NA,NA,NA
2888,0.435030013,0.306832254,0.244008154,2011,state,All,state,99,Maharashtra,0,0,1,0,NA,NA,NA,NA,NA,NA,NA,NA,NA,NA,NA,NA,NA
2889,0.331177384,0.29419598,0.282164037,2011,state,All,state,99,Maharashtra,0,1,0,0,NA,NA,NA,NA,NA,NA,NA,NA,NA,NA,NA,NA,NA
2890,0.123086676,0.284905434,0.174267292,2011,state,All,state,99,Maharashtra,1,0,0,0,NA,NA,NA,NA,NA,NA,NA,NA,NA,NA,NA,NA,NA
2891,0.571677506,0.141910926,0.262686223,2011,state,All,state,99,Andhra Pradesh,0,0,0,1,NA,NA,NA,NA,NA,NA,NA,NA,NA,NA,NA,NA,NA
2892,0.420584917,0.174598351,0.392352462,2011,state,All,state,99,Andhra Pradesh,0,0,1,0,NA,NA,NA,NA,NA,NA,NA,NA,NA,NA,NA,NA,NA
2893,0.317962497,0.195548698,0.405614048,2011,state,All,state,99,Andhra Pradesh,0,1,0,0,NA,NA,NA,NA,NA,NA,NA,NA,NA,NA,NA,NA,NA
2894,0.124439389,0.065326393,0.171591222,2011,state,All,state,99,Andhra Pradesh,1,0,0,0,NA,NA,NA,NA,NA,NA,NA,NA,NA,NA,NA,NA,NA
2895,0.63606149,0.133567408,0.228434592,2011,state,All,state,99,Karnataka,0,0,0,1,NA,NA,NA,NA,NA,NA,NA,NA,NA,NA,NA,NA,NA
2896,0.487517715,0.180237293,0.322671205,2011,state,All,state,99,Karnataka,0,0,1,0,NA,NA,NA,NA,NA,NA,NA,NA,NA,NA,NA,NA,NA
2897,0.432355285,0.243829668,0.271117479,2011,state,All,state,99,Karnataka,0,1,0,0,NA,NA,NA,NA,NA,NA,NA,NA,NA,NA,NA,NA,NA
2898,0.085962571,0.377874821,0.139896452,2011,state,All,state,99,Karnataka,1,0,0,0,NA,NA,NA,NA,NA,NA,NA,NA,NA,NA,NA,NA,NA
2899,0.751841307,0.23925674,0,2011,state,All,state,99,Goa,0,0,0,1,NA,NA,NA,NA,NA,NA,NA,NA,NA,NA,NA,NA,NA
2900,0.448823422,0.407055467,0.113388285,2011,state,All,state,99,Goa,0,0,1,0,NA,NA,NA,NA,NA,NA,NA,NA,NA,NA,NA,NA,NA
2901,0.223596409,0.447198927,0.139750361,2011,state,All,state,99,Goa,0,1,0,0,NA,NA,NA,NA,NA,NA,NA,NA,NA,NA,NA,NA,NA
2902,0,0.57382822,0,2011,state,All,state,99,Goa,1,0,0,0,NA,NA,NA,NA,NA,NA,NA,NA,NA,NA,NA,NA,NA
2903,0.27707696,0.387924105,0.22467196,2011,state,All,state,99,Lakshadweep,0,0,0,1,NA,NA,NA,NA,NA,NA,NA,NA,NA,NA,NA,NA,NA
2904,0.207248449,0.53813529,0.149034709,2011,state,All,state,99,Lakshadweep,0,0,1,0,NA,NA,NA,NA,NA,NA,NA,NA,NA,NA,NA,NA,NA
2905,0.031189742,0.446345359,0.058263604,2011,state,All,state,99,Lakshadweep,0,1,0,0,NA,NA,NA,NA,NA,NA,NA,NA,NA,NA,NA,NA,NA
2906,0.098802932,0.426975042,0.133452564,2011,state,All,state,99,Lakshadweep,1,0,0,0,NA,NA,NA,NA,NA,NA,NA,NA,NA,NA,NA,NA,NA
2907,0.365750134,0.181104928,0.392181039,2011,state,All,state,99,Kerala,0,0,0,1,NA,NA,NA,NA,NA,NA,NA,NA,NA,NA,NA,NA,NA
2908,0.322561651,0.190325335,0.399387926,2011,state,All,state,99,Kerala,0,0,1,0,NA,NA,NA,NA,NA,NA,NA,NA,NA,NA,NA,NA,NA
2909,0.314391881,0.185496315,0.267384082,2011,state,All,state,99,Kerala,0,1,0,0,NA,NA,NA,NA,NA,NA,NA,NA,NA,NA,NA,NA,NA
2910,0.09457279,0.306707233,0.192603275,2011,state,All,state,99,Kerala,1,0,0,0,NA,NA,NA,NA,NA,NA,NA,NA,NA,NA,NA,NA,NA
2911,0.360252112,0.202891931,0.431746483,2011,state,All,state,99,Tamil Nadu,0,0,0,1,NA,NA,NA,NA,NA,NA,NA,NA,NA,NA,NA,NA,NA
2912,0.318277925,0.249799699,0.413542807,2011,state,All,state,99,Tamil Nadu,0,0,1,0,NA,NA,NA,NA,NA,NA,NA,NA,NA,NA,NA,NA,NA
2913,0.265921772,0.251773089,0.389787376,2011,state,All,state,99,Tamil Nadu,0,1,0,0,NA,NA,NA,NA,NA,NA,NA,NA,NA,NA,NA,NA,NA
2914,0.07283958,0.290896684,0.172259793,2011,state,All,state,99,Tamil Nadu,1,0,0,0,NA,NA,NA,NA,NA,NA,NA,NA,NA,NA,NA,NA,NA
2915,0.243810371,0.496476144,0.186602697,2011,state,All,state,99,Puducherry,0,0,0,1,NA,NA,NA,NA,NA,NA,NA,NA,NA,NA,NA,NA,NA
2916,0.296974212,0.333247334,0.355660021,2011,state,All,state,99,Puducherry,0,0,1,0,NA,NA,NA,NA,NA,NA,NA,NA,NA,NA,NA,NA,NA
2917,0.220547706,0.437320322,0.176839098,2011,state,All,state,99,Puducherry,0,1,0,0,NA,NA,NA,NA,NA,NA,NA,NA,NA,NA,NA,NA,NA
2918,0.073747978,0.453634769,0.039034411,2011,state,All,state,99,Puducherry,1,0,0,0,NA,NA,NA,NA,NA,NA,NA,NA,NA,NA,NA,NA,NA
2919,0.520036161,0.365722418,0.111469187,2011,state,All,state,99,A & N Island,0,0,0,1,NA,NA,NA,NA,NA,NA,NA,NA,NA,NA,NA,NA,NA
2920,0.337010503,0.507546365,0.131026864,2011,state,All,state,99,A & N Island,0,0,1,0,NA,NA,NA,NA,NA,NA,NA,NA,NA,NA,NA,NA,NA
2921,0.298552543,0.574190617,0.08525563,2011,state,All,state,99,A & N Island,0,1,0,0,NA,NA,NA,NA,NA,NA,NA,NA,NA,NA,NA,NA,NA
2922,0.060754072,0.47438705,0.191981152,2011,state,All,state,99,A & N Island,1,0,0,0,NA,NA,NA,NA,NA,NA,NA,NA,NA,NA,NA,NA,NA
2923,0.497207612,0.198196292,0.297063053,2011,state,All,state,99,Telangana,0,0,0,1,NA,NA,NA,NA,NA,NA,NA,NA,NA,NA,NA,NA,NA
2924,0.490979105,0.253313333,0.245060503,2011,state,All,state,99,Telangana,0,0,1,0,NA,NA,NA,NA,NA,NA,NA,NA,NA,NA,NA,NA,NA
2925,0.442129225,0.219363943,0.258278519,2011,state,All,state,99,Telangana,0,1,0,0,NA,NA,NA,NA,NA,NA,NA,NA,NA,NA,NA,NA,NA
2926,0.127673641,0.394947588,0.124450289,2011,state,All,state,99,Telangana,1,0,0,0,NA,NA,NA,NA,NA,NA,NA,NA,NA,NA,NA,NA,NA
2927,0.281741858,0.319007665,0.399250478,2011,state,All,state,99,Ladakh,0,0,0,1,NA,NA,NA,NA,NA,NA,NA,NA,NA,NA,NA,NA,NA
2928,0.433838218,0.301133573,0.152275369,2011,state,All,state,99,Ladakh,0,0,1,0,NA,NA,NA,NA,NA,NA,NA,NA,NA,NA,NA,NA,NA
2929,0.645204067,0.234250754,0.043569326,2011,state,All,state,99,Ladakh,0,1,0,0,NA,NA,NA,NA,NA,NA,NA,NA,NA,NA,NA,NA,NA
2930,0.567893267,0.080340214,0.067465179,2011,state,All,state,99,Ladakh,1,0,0,0,NA,NA,NA,NA,NA,NA,NA,NA,NA,NA,NA,NA,NA
2931,0.543194652,0.204026416,0.238125503,2011,state,urban/rural,sector_state,0,Jammu & Kashmir,0,0,0,1,NA,NA,NA,NA,NA,NA,NA,NA,NA,NA,NA,NA,NA
2932,0.471476018,0.219598755,0.264310271,2011,state,urban/rural,sector_state,0,Jammu & Kashmir,0,0,1,0,NA,NA,NA,NA,NA,NA,NA,NA,NA,NA,NA,NA,NA
2933,0.457184196,0.157918856,0.244979426,2011,state,urban/rural,sector_state,0,Jammu & Kashmir,0,1,0,0,NA,NA,NA,NA,NA,NA,NA,NA,NA,NA,NA,NA,NA
2934,0.173466429,0.210565463,0.431230992,2011,state,urban/rural,sector_state,0,Jammu & Kashmir,1,0,0,0,NA,NA,NA,NA,NA,NA,NA,NA,NA,NA,NA,NA,NA
2935,0.589324594,0.175643981,0.219661266,2011,state,urban/rural,sector_state,0,Himachal Pradesh,0,0,0,1,NA,NA,NA,NA,NA,NA,NA,NA,NA,NA,NA,NA,NA
2936,0.464220732,0.227092266,0.261363328,2011,state,urban/rural,sector_state,0,Himachal Pradesh,0,0,1,0,NA,NA,NA,NA,NA,NA,NA,NA,NA,NA,NA,NA,NA
2937,0.469183624,0.195980325,0.207081571,2011,state,urban/rural,sector_state,0,Himachal Pradesh,0,1,0,0,NA,NA,NA,NA,NA,NA,NA,NA,NA,NA,NA,NA,NA
2938,0.370642424,0.335351676,0.020050133,2011,state,urban/rural,sector_state,0,Himachal Pradesh,1,0,0,0,NA,NA,NA,NA,NA,NA,NA,NA,NA,NA,NA,NA,NA
2939,0.514013886,0.153626293,0.319043845,2011,state,urban/rural,sector_state,0,Punjab,0,0,0,1,NA,NA,NA,NA,NA,NA,NA,NA,NA,NA,NA,NA,NA
2940,0.466334552,0.161304399,0.326207787,2011,state,urban/rural,sector_state,0,Punjab,0,0,1,0,NA,NA,NA,NA,NA,NA,NA,NA,NA,NA,NA,NA,NA
2941,0.297604561,0.124768659,0.446438581,2011,state,urban/rural,sector_state,0,Punjab,0,1,0,0,NA,NA,NA,NA,NA,NA,NA,NA,NA,NA,NA,NA,NA
2942,0.075650126,0.328709453,0.128065467,2011,state,urban/rural,sector_state,0,Punjab,1,0,0,0,NA,NA,NA,NA,NA,NA,NA,NA,NA,NA,NA,NA,NA
2943,0.932741344,0.029498503,0.037760146,2011,state,urban/rural,sector_state,0,Chandigarh,0,0,0,1,NA,NA,NA,NA,NA,NA,NA,NA,NA,NA,NA,NA,NA
2944,0.100912131,0.820571721,0,2011,state,urban/rural,sector_state,0,Chandigarh,0,0,1,0,NA,NA,NA,NA,NA,NA,NA,NA,NA,NA,NA,NA,NA
2945,0.185836554,0.344799489,0.003518576,2011,state,urban/rural,sector_state,0,Chandigarh,0,1,0,0,NA,NA,NA,NA,NA,NA,NA,NA,NA,NA,NA,NA,NA
2946,0,0.503141999,0.436537206,2011,state,urban/rural,sector_state,0,Chandigarh,1,0,0,0,NA,NA,NA,NA,NA,NA,NA,NA,NA,NA,NA,NA,NA
2947,0.654025674,0.140009165,0.195299655,2011,state,urban/rural,sector_state,0,Uttrakhand,0,0,0,1,NA,NA,NA,NA,NA,NA,NA,NA,NA,NA,NA,NA,NA
2948,0.634363413,0.125882551,0.19070141,2011,state,urban/rural,sector_state,0,Uttrakhand,0,0,1,0,NA,NA,NA,NA,NA,NA,NA,NA,NA,NA,NA,NA,NA
2949,0.637323201,0.073874474,0.168991804,2011,state,urban/rural,sector_state,0,Uttrakhand,0,1,0,0,NA,NA,NA,NA,NA,NA,NA,NA,NA,NA,NA,NA,NA
2950,0.25237003,0.195525557,0.210449159,2011,state,urban/rural,sector_state,0,Uttrakhand,1,0,0,0,NA,NA,NA,NA,NA,NA,NA,NA,NA,NA,NA,NA,NA
2951,0.616834223,0.099889897,0.269293666,2011,state,urban/rural,sector_state,0,Haryana,0,0,0,1,NA,NA,NA,NA,NA,NA,NA,NA,NA,NA,NA,NA,NA
2952,0.528724015,0.126873225,0.299113095,2011,state,urban/rural,sector_state,0,Haryana,0,0,1,0,NA,NA,NA,NA,NA,NA,NA,NA,NA,NA,NA,NA,NA
2953,0.327079594,0.241823226,0.271971375,2011,state,urban/rural,sector_state,0,Haryana,0,1,0,0,NA,NA,NA,NA,NA,NA,NA,NA,NA,NA,NA,NA,NA
2954,0.028644741,0.558333516,0.12315695,2011,state,urban/rural,sector_state,0,Haryana,1,0,0,0,NA,NA,NA,NA,NA,NA,NA,NA,NA,NA,NA,NA,NA
2955,0.520997047,0.479002923,0,2011,state,urban/rural,sector_state,0,Delhi,0,0,0,1,NA,NA,NA,NA,NA,NA,NA,NA,NA,NA,NA,NA,NA
2956,0.263851255,0.591637969,0.107105397,2011,state,urban/rural,sector_state,0,Delhi,0,0,1,0,NA,NA,NA,NA,NA,NA,NA,NA,NA,NA,NA,NA,NA
2957,0.406021804,0.541489899,0.009640899,2011,state,urban/rural,sector_state,0,Delhi,0,1,0,0,NA,NA,NA,NA,NA,NA,NA,NA,NA,NA,NA,NA,NA
2958,0.11875204,0.615286708,0.207710281,2011,state,urban/rural,sector_state,0,Delhi,1,0,0,0,NA,NA,NA,NA,NA,NA,NA,NA,NA,NA,NA,NA,NA
2959,0.661632836,0.063451856,0.259947747,2011,state,urban/rural,sector_state,0,Rajasthan,0,0,0,1,NA,NA,NA,NA,NA,NA,NA,NA,NA,NA,NA,NA,NA
2960,0.605964363,0.086533502,0.282734871,2011,state,urban/rural,sector_state,0,Rajasthan,0,0,1,0,NA,NA,NA,NA,NA,NA,NA,NA,NA,NA,NA,NA,NA
2961,0.512097895,0.069573946,0.311368734,2011,state,urban/rural,sector_state,0,Rajasthan,0,1,0,0,NA,NA,NA,NA,NA,NA,NA,NA,NA,NA,NA,NA,NA
2962,0.348908037,0.108288936,0.198646098,2011,state,urban/rural,sector_state,0,Rajasthan,1,0,0,0,NA,NA,NA,NA,NA,NA,NA,NA,NA,NA,NA,NA,NA
2963,0.707455814,0.043943252,0.234855324,2011,state,urban/rural,sector_state,0,Uttar Pradesh,0,0,0,1,NA,NA,NA,NA,NA,NA,NA,NA,NA,NA,NA,NA,NA
2964,0.603867471,0.057891954,0.309180588,2011,state,urban/rural,sector_state,0,Uttar Pradesh,0,0,1,0,NA,NA,NA,NA,NA,NA,NA,NA,NA,NA,NA,NA,NA
2965,0.571533859,0.044708844,0.31565994,2011,state,urban/rural,sector_state,0,Uttar Pradesh,0,1,0,0,NA,NA,NA,NA,NA,NA,NA,NA,NA,NA,NA,NA,NA
2966,0.338191032,0.096841417,0.167743087,2011,state,urban/rural,sector_state,0,Uttar Pradesh,1,0,0,0,NA,NA,NA,NA,NA,NA,NA,NA,NA,NA,NA,NA,NA
2967,0.613256037,0.042036276,0.277832806,2011,state,urban/rural,sector_state,0,Bihar,0,0,0,1,NA,NA,NA,NA,NA,NA,NA,NA,NA,NA,NA,NA,NA
2968,0.520050943,0.038518734,0.369878054,2011,state,urban/rural,sector_state,0,Bihar,0,0,1,0,NA,NA,NA,NA,NA,NA,NA,NA,NA,NA,NA,NA,NA
2969,0.463758856,0.042034302,0.373324603,2011,state,urban/rural,sector_state,0,Bihar,0,1,0,0,NA,NA,NA,NA,NA,NA,NA,NA,NA,NA,NA,NA,NA
2970,0.415841699,0.057600573,0.127405912,2011,state,urban/rural,sector_state,0,Bihar,1,0,0,0,NA,NA,NA,NA,NA,NA,NA,NA,NA,NA,NA,NA,NA
2971,0.695478976,0.304521024,0,2011,state,urban/rural,sector_state,0,Sikkim,0,0,0,1,NA,NA,NA,NA,NA,NA,NA,NA,NA,NA,NA,NA,NA
2972,0.74554199,0.224694043,0.028830899,2011,state,urban/rural,sector_state,0,Sikkim,0,0,1,0,NA,NA,NA,NA,NA,NA,NA,NA,NA,NA,NA,NA,NA
2973,0.686484158,0.220378295,0.072140425,2011,state,urban/rural,sector_state,0,Sikkim,0,1,0,0,NA,NA,NA,NA,NA,NA,NA,NA,NA,NA,NA,NA,NA
2974,0.032486834,0.63960278,0.165310517,2011,state,urban/rural,sector_state,0,Sikkim,1,0,0,0,NA,NA,NA,NA,NA,NA,NA,NA,NA,NA,NA,NA,NA
2975,0.850760877,0.095046088,0.00184497,2011,state,urban/rural,sector_state,0,Arunachal Pradesh,0,0,0,1,NA,NA,NA,NA,NA,NA,NA,NA,NA,NA,NA,NA,NA
2976,0.751447439,0.199174017,0.02110978,2011,state,urban/rural,sector_state,0,Arunachal Pradesh,0,0,1,0,NA,NA,NA,NA,NA,NA,NA,NA,NA,NA,NA,NA,NA
2977,0.758128345,0.139201835,0.040998317,2011,state,urban/rural,sector_state,0,Arunachal Pradesh,0,1,0,0,NA,NA,NA,NA,NA,NA,NA,NA,NA,NA,NA,NA,NA
2978,0.483170271,0.232176915,0.014598837,2011,state,urban/rural,sector_state,0,Arunachal Pradesh,1,0,0,0,NA,NA,NA,NA,NA,NA,NA,NA,NA,NA,NA,NA,NA
2979,0.737546384,0.184859544,0,2011,state,urban/rural,sector_state,0,Nagaland,0,0,0,1,NA,NA,NA,NA,NA,NA,NA,NA,NA,NA,NA,NA,NA
2980,0.716257095,0.242465794,0.003765053,2011,state,urban/rural,sector_state,0,Nagaland,0,0,1,0,NA,NA,NA,NA,NA,NA,NA,NA,NA,NA,NA,NA,NA
2981,0.717564702,0.239387751,0,2011,state,urban/rural,sector_state,0,Nagaland,0,1,0,0,NA,NA,NA,NA,NA,NA,NA,NA,NA,NA,NA,NA,NA
2982,1,0,0,2011,state,urban/rural,sector_state,0,Nagaland,1,0,0,0,NA,NA,NA,NA,NA,NA,NA,NA,NA,NA,NA,NA,NA
2983,0.719243288,0.214824766,0.047643635,2011,state,urban/rural,sector_state,0,Manipur,0,0,0,1,NA,NA,NA,NA,NA,NA,NA,NA,NA,NA,NA,NA,NA
2984,0.776707768,0.164807394,0.036787555,2011,state,urban/rural,sector_state,0,Manipur,0,0,1,0,NA,NA,NA,NA,NA,NA,NA,NA,NA,NA,NA,NA,NA
2985,0.687557936,0.208360791,0.072344862,2011,state,urban/rural,sector_state,0,Manipur,0,1,0,0,NA,NA,NA,NA,NA,NA,NA,NA,NA,NA,NA,NA,NA
2986,0.320677578,0.017492786,0,2011,state,urban/rural,sector_state,0,Manipur,1,0,0,0,NA,NA,NA,NA,NA,NA,NA,NA,NA,NA,NA,NA,NA
2987,0.766858697,0.222017929,0,2011,state,urban/rural,sector_state,0,Mizoram,0,0,0,1,NA,NA,NA,NA,NA,NA,NA,NA,NA,NA,NA,NA,NA
2988,0.801926553,0.172716156,0.012484178,2011,state,urban/rural,sector_state,0,Mizoram,0,0,1,0,NA,NA,NA,NA,NA,NA,NA,NA,NA,NA,NA,NA,NA
2989,0.813852668,0.142032221,0.019809328,2011,state,urban/rural,sector_state,0,Mizoram,0,1,0,0,NA,NA,NA,NA,NA,NA,NA,NA,NA,NA,NA,NA,NA
2990,0.674457669,0.217217743,0.0721469,2011,state,urban/rural,sector_state,0,Mizoram,1,0,0,0,NA,NA,NA,NA,NA,NA,NA,NA,NA,NA,NA,NA,NA
2991,0.364380985,0.045115519,0.584874868,2011,state,urban/rural,sector_state,0,Tripura,0,0,0,1,NA,NA,NA,NA,NA,NA,NA,NA,NA,NA,NA,NA,NA
2992,0.39863196,0.103132188,0.480224133,2011,state,urban/rural,sector_state,0,Tripura,0,0,1,0,NA,NA,NA,NA,NA,NA,NA,NA,NA,NA,NA,NA,NA
2993,0.381152779,0.099820025,0.417059779,2011,state,urban/rural,sector_state,0,Tripura,0,1,0,0,NA,NA,NA,NA,NA,NA,NA,NA,NA,NA,NA,NA,NA
2994,0.037214253,0.063298419,0.317792982,2011,state,urban/rural,sector_state,0,Tripura,1,0,0,0,NA,NA,NA,NA,NA,NA,NA,NA,NA,NA,NA,NA,NA
2995,0.697137237,0.182024464,0.112771481,2011,state,urban/rural,sector_state,0,Meghalaya,0,0,0,1,NA,NA,NA,NA,NA,NA,NA,NA,NA,NA,NA,NA,NA
2996,0.69473207,0.146719262,0.138306707,2011,state,urban/rural,sector_state,0,Meghalaya,0,0,1,0,NA,NA,NA,NA,NA,NA,NA,NA,NA,NA,NA,NA,NA
2997,0.69693464,0.117905848,0.158237845,2011,state,urban/rural,sector_state,0,Meghalaya,0,1,0,0,NA,NA,NA,NA,NA,NA,NA,NA,NA,NA,NA,NA,NA
2998,0.218014166,0.226426408,0,2011,state,urban/rural,sector_state,0,Meghalaya,1,0,0,0,NA,NA,NA,NA,NA,NA,NA,NA,NA,NA,NA,NA,NA
2999,0.73828578,0.146562114,0.102161869,2011,state,urban/rural,sector_state,0,Assam,0,0,0,1,NA,NA,NA,NA,NA,NA,NA,NA,NA,NA,NA,NA,NA
3000,0.701732874,0.117137291,0.154289499,2011,state,urban/rural,sector_state,0,Assam,0,0,1,0,NA,NA,NA,NA,NA,NA,NA,NA,NA,NA,NA,NA,NA
3001,0.624190807,0.089795351,0.22304593,2011,state,urban/rural,sector_state,0,Assam,0,1,0,0,NA,NA,NA,NA,NA,NA,NA,NA,NA,NA,NA,NA,NA
3002,0.215376303,0.21222645,0.138828024,2011,state,urban/rural,sector_state,0,Assam,1,0,0,0,NA,NA,NA,NA,NA,NA,NA,NA,NA,NA,NA,NA,NA
3003,0.544372916,0.100980647,0.34126991,2011,state,urban/rural,sector_state,0,West Bengal,0,0,0,1,NA,NA,NA,NA,NA,NA,NA,NA,NA,NA,NA,NA,NA
3004,0.448830247,0.073306471,0.457503796,2011,state,urban/rural,sector_state,0,West Bengal,0,0,1,0,NA,NA,NA,NA,NA,NA,NA,NA,NA,NA,NA,NA,NA
3005,0.385224462,0.071576051,0.473547101,2011,state,urban/rural,sector_state,0,West Bengal,0,1,0,0,NA,NA,NA,NA,NA,NA,NA,NA,NA,NA,NA,NA,NA
3006,0.211599022,0.054979865,0.224867284,2011,state,urban/rural,sector_state,0,West Bengal,1,0,0,0,NA,NA,NA,NA,NA,NA,NA,NA,NA,NA,NA,NA,NA
3007,0.623509467,0.048268717,0.262820512,2011,state,urban/rural,sector_state,0,Jharkhand,0,0,0,1,NA,NA,NA,NA,NA,NA,NA,NA,NA,NA,NA,NA,NA
3008,0.619415224,0.042224199,0.291598737,2011,state,urban/rural,sector_state,0,Jharkhand,0,0,1,0,NA,NA,NA,NA,NA,NA,NA,NA,NA,NA,NA,NA,NA
3009,0.508343756,0.080216028,0.32280907,2011,state,urban/rural,sector_state,0,Jharkhand,0,1,0,0,NA,NA,NA,NA,NA,NA,NA,NA,NA,NA,NA,NA,NA
3010,0.283051133,0.090805106,0.24825035,2011,state,urban/rural,sector_state,0,Jharkhand,1,0,0,0,NA,NA,NA,NA,NA,NA,NA,NA,NA,NA,NA,NA,NA
3011,0.596016228,0.075438969,0.318814367,2011,state,urban/rural,sector_state,0,Odisha,0,0,0,1,NA,NA,NA,NA,NA,NA,NA,NA,NA,NA,NA,NA,NA
3012,0.572376847,0.066900641,0.346171618,2011,state,urban/rural,sector_state,0,Odisha,0,0,1,0,NA,NA,NA,NA,NA,NA,NA,NA,NA,NA,NA,NA,NA
3013,0.470442325,0.079601713,0.351776838,2011,state,urban/rural,sector_state,0,Odisha,0,1,0,0,NA,NA,NA,NA,NA,NA,NA,NA,NA,NA,NA,NA,NA
3014,0.18000102,0.082595706,0.282299608,2011,state,urban/rural,sector_state,0,Odisha,1,0,0,0,NA,NA,NA,NA,NA,NA,NA,NA,NA,NA,NA,NA,NA
3015,0.720470846,0.062248487,0.217089757,2011,state,urban/rural,sector_state,0,Chhattisgarh,0,0,0,1,NA,NA,NA,NA,NA,NA,NA,NA,NA,NA,NA,NA,NA
3016,0.580165863,0.060841884,0.357116729,2011,state,urban/rural,sector_state,0,Chhattisgarh,0,0,1,0,NA,NA,NA,NA,NA,NA,NA,NA,NA,NA,NA,NA,NA
3017,0.418425769,0.069785431,0.484652132,2011,state,urban/rural,sector_state,0,Chhattisgarh,0,1,0,0,NA,NA,NA,NA,NA,NA,NA,NA,NA,NA,NA,NA,NA
3018,0.18882966,0.031691276,0.222878098,2011,state,urban/rural,sector_state,0,Chhattisgarh,1,0,0,0,NA,NA,NA,NA,NA,NA,NA,NA,NA,NA,NA,NA,NA
3019,0.632796943,0.093231738,0.273971289,2011,state,urban/rural,sector_state,0,Madhya Pradesh,0,0,0,1,NA,NA,NA,NA,NA,NA,NA,NA,NA,NA,NA,NA,NA
3020,0.563848615,0.055760399,0.374679714,2011,state,urban/rural,sector_state,0,Madhya Pradesh,0,0,1,0,NA,NA,NA,NA,NA,NA,NA,NA,NA,NA,NA,NA,NA
3021,0.487803519,0.042036861,0.452139527,2011,state,urban/rural,sector_state,0,Madhya Pradesh,0,1,0,0,NA,NA,NA,NA,NA,NA,NA,NA,NA,NA,NA,NA,NA
3022,0.226091832,0.123489961,0.311670393,2011,state,urban/rural,sector_state,0,Madhya Pradesh,1,0,0,0,NA,NA,NA,NA,NA,NA,NA,NA,NA,NA,NA,NA,NA
3023,0.653196454,0.045812394,0.30004403,2011,state,urban/rural,sector_state,0,Gujarat,0,0,0,1,NA,NA,NA,NA,NA,NA,NA,NA,NA,NA,NA,NA,NA
3024,0.530312598,0.111031324,0.347545147,2011,state,urban/rural,sector_state,0,Gujarat,0,0,1,0,NA,NA,NA,NA,NA,NA,NA,NA,NA,NA,NA,NA,NA
3025,0.530022085,0.111514941,0.330227852,2011,state,urban/rural,sector_state,0,Gujarat,0,1,0,0,NA,NA,NA,NA,NA,NA,NA,NA,NA,NA,NA,NA,NA
3026,0.329647422,0.046077345,0.229602709,2011,state,urban/rural,sector_state,0,Gujarat,1,0,0,0,NA,NA,NA,NA,NA,NA,NA,NA,NA,NA,NA,NA,NA
3027,0.43018198,0.368529886,0.201288134,2011,state,urban/rural,sector_state,0,Daman & Diu & D & N Haveli,0,0,0,1,NA,NA,NA,NA,NA,NA,NA,NA,NA,NA,NA,NA,NA
3028,0.51111263,0.348228395,0.14065896,2011,state,urban/rural,sector_state,0,Daman & Diu & D & N Haveli,0,0,1,0,NA,NA,NA,NA,NA,NA,NA,NA,NA,NA,NA,NA,NA
3029,0.186671346,0.694489062,0.033676874,2011,state,urban/rural,sector_state,0,Daman & Diu & D & N Haveli,0,1,0,0,NA,NA,NA,NA,NA,NA,NA,NA,NA,NA,NA,NA,NA
3030,0.006092629,0.694133639,0.097988732,2011,state,urban/rural,sector_state,0,Daman & Diu & D & N Haveli,1,0,0,0,NA,NA,NA,NA,NA,NA,NA,NA,NA,NA,NA,NA,NA
3031,0.620924592,0.105686933,0.272990525,2011,state,urban/rural,sector_state,0,Maharashtra,0,0,0,1,NA,NA,NA,NA,NA,NA,NA,NA,NA,NA,NA,NA,NA
3032,0.503710926,0.115124278,0.37475732,2011,state,urban/rural,sector_state,0,Maharashtra,0,0,1,0,NA,NA,NA,NA,NA,NA,NA,NA,NA,NA,NA,NA,NA
3033,0.400250643,0.116873138,0.439673215,2011,state,urban/rural,sector_state,0,Maharashtra,0,1,0,0,NA,NA,NA,NA,NA,NA,NA,NA,NA,NA,NA,NA,NA
3034,0.084893987,0.147876352,0.304958493,2011,state,urban/rural,sector_state,0,Maharashtra,1,0,0,0,NA,NA,NA,NA,NA,NA,NA,NA,NA,NA,NA,NA,NA
3035,0.613797307,0.10301923,0.283183485,2011,state,urban/rural,sector_state,0,Andhra Pradesh,0,0,0,1,NA,NA,NA,NA,NA,NA,NA,NA,NA,NA,NA,NA,NA
3036,0.440834433,0.094988443,0.45928371,2011,state,urban/rural,sector_state,0,Andhra Pradesh,0,0,1,0,NA,NA,NA,NA,NA,NA,NA,NA,NA,NA,NA,NA,NA
3037,0.326476067,0.119734287,0.493017524,2011,state,urban/rural,sector_state,0,Andhra Pradesh,0,1,0,0,NA,NA,NA,NA,NA,NA,NA,NA,NA,NA,NA,NA,NA
3038,0.16297099,0.020031298,0.249349564,2011,state,urban/rural,sector_state,0,Andhra Pradesh,1,0,0,0,NA,NA,NA,NA,NA,NA,NA,NA,NA,NA,NA,NA,NA
3039,0.687253654,0.066593915,0.245355397,2011,state,urban/rural,sector_state,0,Karnataka,0,0,0,1,NA,NA,NA,NA,NA,NA,NA,NA,NA,NA,NA,NA,NA
3040,0.513397455,0.085855469,0.391508162,2011,state,urban/rural,sector_state,0,Karnataka,0,0,1,0,NA,NA,NA,NA,NA,NA,NA,NA,NA,NA,NA,NA,NA
3041,0.462369949,0.089778282,0.413198382,2011,state,urban/rural,sector_state,0,Karnataka,0,1,0,0,NA,NA,NA,NA,NA,NA,NA,NA,NA,NA,NA,NA,NA
3042,0.190133378,0.144127816,0.336418837,2011,state,urban/rural,sector_state,0,Karnataka,1,0,0,0,NA,NA,NA,NA,NA,NA,NA,NA,NA,NA,NA,NA,NA
3043,0.788726807,0.197582915,0,2011,state,urban/rural,sector_state,0,Goa,0,0,0,1,NA,NA,NA,NA,NA,NA,NA,NA,NA,NA,NA,NA,NA
3044,0.509188354,0.317128271,0.163797036,2011,state,urban/rural,sector_state,0,Goa,0,0,1,0,NA,NA,NA,NA,NA,NA,NA,NA,NA,NA,NA,NA,NA
3045,0.187935248,0.367158055,0.254384249,2011,state,urban/rural,sector_state,0,Goa,0,1,0,0,NA,NA,NA,NA,NA,NA,NA,NA,NA,NA,NA,NA,NA
3046,0,0.543712974,0,2011,state,urban/rural,sector_state,0,Goa,1,0,0,0,NA,NA,NA,NA,NA,NA,NA,NA,NA,NA,NA,NA,NA
3047,0.261974454,0.381750584,0.293799311,2011,state,urban/rural,sector_state,0,Lakshadweep,0,0,0,1,NA,NA,NA,NA,NA,NA,NA,NA,NA,NA,NA,NA,NA
3048,0.33239305,0.442056477,0.203281969,2011,state,urban/rural,sector_state,0,Lakshadweep,0,0,1,0,NA,NA,NA,NA,NA,NA,NA,NA,NA,NA,NA,NA,NA
3049,0.029191278,0.236813292,0.044739626,2011,state,urban/rural,sector_state,0,Lakshadweep,0,1,0,0,NA,NA,NA,NA,NA,NA,NA,NA,NA,NA,NA,NA,NA
3050,0,0.435154587,0,2011,state,urban/rural,sector_state,0,Lakshadweep,1,0,0,0,NA,NA,NA,NA,NA,NA,NA,NA,NA,NA,NA,NA,NA
3051,0.35789448,0.158612326,0.432477385,2011,state,urban/rural,sector_state,0,Kerala,0,0,0,1,NA,NA,NA,NA,NA,NA,NA,NA,NA,NA,NA,NA,NA
3052,0.326453179,0.154957652,0.430610687,2011,state,urban/rural,sector_state,0,Kerala,0,0,1,0,NA,NA,NA,NA,NA,NA,NA,NA,NA,NA,NA,NA,NA
3053,0.332590491,0.147601187,0.303404212,2011,state,urban/rural,sector_state,0,Kerala,0,1,0,0,NA,NA,NA,NA,NA,NA,NA,NA,NA,NA,NA,NA,NA
3054,0.148114949,0.2193726,0.222399369,2011,state,urban/rural,sector_state,0,Kerala,1,0,0,0,NA,NA,NA,NA,NA,NA,NA,NA,NA,NA,NA,NA,NA
3055,0.325773895,0.083443105,0.589152753,2011,state,urban/rural,sector_state,0,Tamil Nadu,0,0,0,1,NA,NA,NA,NA,NA,NA,NA,NA,NA,NA,NA,NA,NA
3056,0.296571076,0.129648954,0.562592447,2011,state,urban/rural,sector_state,0,Tamil Nadu,0,0,1,0,NA,NA,NA,NA,NA,NA,NA,NA,NA,NA,NA,NA,NA
3057,0.276932061,0.125577703,0.532076955,2011,state,urban/rural,sector_state,0,Tamil Nadu,0,1,0,0,NA,NA,NA,NA,NA,NA,NA,NA,NA,NA,NA,NA,NA
3058,0.120024949,0.147004664,0.301800847,2011,state,urban/rural,sector_state,0,Tamil Nadu,1,0,0,0,NA,NA,NA,NA,NA,NA,NA,NA,NA,NA,NA,NA,NA
3059,0.165321156,0.768472195,0.066206649,2011,state,urban/rural,sector_state,0,Puducherry,0,0,0,1,NA,NA,NA,NA,NA,NA,NA,NA,NA,NA,NA,NA,NA
3060,0.366334915,0.117403708,0.506560504,2011,state,urban/rural,sector_state,0,Puducherry,0,0,1,0,NA,NA,NA,NA,NA,NA,NA,NA,NA,NA,NA,NA,NA
3061,0.257240564,0.187532574,0.37860477,2011,state,urban/rural,sector_state,0,Puducherry,0,1,0,0,NA,NA,NA,NA,NA,NA,NA,NA,NA,NA,NA,NA,NA
3062,0.121651702,0.518950641,0,2011,state,urban/rural,sector_state,0,Puducherry,1,0,0,0,NA,NA,NA,NA,NA,NA,NA,NA,NA,NA,NA,NA,NA
3063,0.559667408,0.330042511,0.110290058,2011,state,urban/rural,sector_state,0,A & N Island,0,0,0,1,NA,NA,NA,NA,NA,NA,NA,NA,NA,NA,NA,NA,NA
3064,0.440749735,0.418087721,0.128844023,2011,state,urban/rural,sector_state,0,A & N Island,0,0,1,0,NA,NA,NA,NA,NA,NA,NA,NA,NA,NA,NA,NA,NA
3065,0.419640213,0.468102813,0.091580451,2011,state,urban/rural,sector_state,0,A & N Island,0,1,0,0,NA,NA,NA,NA,NA,NA,NA,NA,NA,NA,NA,NA,NA
3066,0,0.560574055,0.19791542,2011,state,urban/rural,sector_state,0,A & N Island,1,0,0,0,NA,NA,NA,NA,NA,NA,NA,NA,NA,NA,NA,NA,NA
3067,0.411833733,0.059869315,0.528296947,2011,state,urban/rural,sector_state,0,Telangana,0,0,0,1,NA,NA,NA,NA,NA,NA,NA,NA,NA,NA,NA,NA,NA
3068,0.57440114,0.102790959,0.319490582,2011,state,urban/rural,sector_state,0,Telangana,0,0,1,0,NA,NA,NA,NA,NA,NA,NA,NA,NA,NA,NA,NA,NA
3069,0.503067434,0.080415905,0.343527347,2011,state,urban/rural,sector_state,0,Telangana,0,1,0,0,NA,NA,NA,NA,NA,NA,NA,NA,NA,NA,NA,NA,NA
3070,0.272899538,0.071152389,0.35264942,2011,state,urban/rural,sector_state,0,Telangana,1,0,0,0,NA,NA,NA,NA,NA,NA,NA,NA,NA,NA,NA,NA,NA
3071,0.291849136,0.227300078,0.480850786,2011,state,urban/rural,sector_state,0,Ladakh,0,0,0,1,NA,NA,NA,NA,NA,NA,NA,NA,NA,NA,NA,NA,NA
3072,0.455765456,0.275479764,0.143403456,2011,state,urban/rural,sector_state,0,Ladakh,0,0,1,0,NA,NA,NA,NA,NA,NA,NA,NA,NA,NA,NA,NA,NA
3073,0.690898478,0.175013021,0.046382751,2011,state,urban/rural,sector_state,0,Ladakh,0,1,0,0,NA,NA,NA,NA,NA,NA,NA,NA,NA,NA,NA,NA,NA
3074,0.664358675,0,0,2011,state,urban/rural,sector_state,0,Ladakh,1,0,0,0,NA,NA,NA,NA,NA,NA,NA,NA,NA,NA,NA,NA,NA
3075,0.486886531,0.367841154,0.113543622,2011,state,urban/rural,sector_state,1,Jammu & Kashmir,0,0,0,1,NA,NA,NA,NA,NA,NA,NA,NA,NA,NA,NA,NA,NA
3076,0.414456874,0.387851864,0.151623547,2011,state,urban/rural,sector_state,1,Jammu & Kashmir,0,0,1,0,NA,NA,NA,NA,NA,NA,NA,NA,NA,NA,NA,NA,NA
3077,0.330718189,0.433279514,0.082295462,2011,state,urban/rural,sector_state,1,Jammu & Kashmir,0,1,0,0,NA,NA,NA,NA,NA,NA,NA,NA,NA,NA,NA,NA,NA
3078,0.080046996,0.281456798,0.084448583,2011,state,urban/rural,sector_state,1,Jammu & Kashmir,1,0,0,0,NA,NA,NA,NA,NA,NA,NA,NA,NA,NA,NA,NA,NA
3079,0.470177174,0.338993967,0.122841738,2011,state,urban/rural,sector_state,1,Himachal Pradesh,0,0,0,1,NA,NA,NA,NA,NA,NA,NA,NA,NA,NA,NA,NA,NA
3080,0.213721514,0.556197822,0.134139374,2011,state,urban/rural,sector_state,1,Himachal Pradesh,0,0,1,0,NA,NA,NA,NA,NA,NA,NA,NA,NA,NA,NA,NA,NA
3081,0.218080148,0.475595534,0.069128022,2011,state,urban/rural,sector_state,1,Himachal Pradesh,0,1,0,0,NA,NA,NA,NA,NA,NA,NA,NA,NA,NA,NA,NA,NA
3082,0.024192791,0.654438019,0.062631816,2011,state,urban/rural,sector_state,1,Himachal Pradesh,1,0,0,0,NA,NA,NA,NA,NA,NA,NA,NA,NA,NA,NA,NA,NA
3083,0.617139459,0.296180278,0.086680248,2011,state,urban/rural,sector_state,1,Punjab,0,0,0,1,NA,NA,NA,NA,NA,NA,NA,NA,NA,NA,NA,NA,NA
3084,0.462185264,0.405447483,0.099633522,2011,state,urban/rural,sector_state,1,Punjab,0,0,1,0,NA,NA,NA,NA,NA,NA,NA,NA,NA,NA,NA,NA,NA
3085,0.288274527,0.401396155,0.104621939,2011,state,urban/rural,sector_state,1,Punjab,0,1,0,0,NA,NA,NA,NA,NA,NA,NA,NA,NA,NA,NA,NA,NA
3086,0.09385813,0.516846657,0.141722709,2011,state,urban/rural,sector_state,1,Punjab,1,0,0,0,NA,NA,NA,NA,NA,NA,NA,NA,NA,NA,NA,NA,NA
3087,0.547209322,0.398376912,0.054413792,2011,state,urban/rural,sector_state,1,Chandigarh,0,0,0,1,NA,NA,NA,NA,NA,NA,NA,NA,NA,NA,NA,NA,NA
3088,0.242627606,0.662891448,0.085485443,2011,state,urban/rural,sector_state,1,Chandigarh,0,0,1,0,NA,NA,NA,NA,NA,NA,NA,NA,NA,NA,NA,NA,NA
3089,0.119991973,0.70952493,0.101430044,2011,state,urban/rural,sector_state,1,Chandigarh,0,1,0,0,NA,NA,NA,NA,NA,NA,NA,NA,NA,NA,NA,NA,NA
3090,0.25583297,0.53920424,0.098544843,2011,state,urban/rural,sector_state,1,Chandigarh,1,0,0,0,NA,NA,NA,NA,NA,NA,NA,NA,NA,NA,NA,NA,NA
3091,0.499035984,0.421267718,0.020220969,2011,state,urban/rural,sector_state,1,Uttrakhand,0,0,0,1,NA,NA,NA,NA,NA,NA,NA,NA,NA,NA,NA,NA,NA
3092,0.545865536,0.302905321,0.111515157,2011,state,urban/rural,sector_state,1,Uttrakhand,0,0,1,0,NA,NA,NA,NA,NA,NA,NA,NA,NA,NA,NA,NA,NA
3093,0.325368106,0.431767076,0.025649559,2011,state,urban/rural,sector_state,1,Uttrakhand,0,1,0,0,NA,NA,NA,NA,NA,NA,NA,NA,NA,NA,NA,NA,NA
3094,0.135016605,0.453559905,0.010060843,2011,state,urban/rural,sector_state,1,Uttrakhand,1,0,0,0,NA,NA,NA,NA,NA,NA,NA,NA,NA,NA,NA,NA,NA
3095,0.399958581,0.406541944,0.146720484,2011,state,urban/rural,sector_state,1,Haryana,0,0,0,1,NA,NA,NA,NA,NA,NA,NA,NA,NA,NA,NA,NA,NA
3096,0.461622745,0.373351842,0.111251079,2011,state,urban/rural,sector_state,1,Haryana,0,0,1,0,NA,NA,NA,NA,NA,NA,NA,NA,NA,NA,NA,NA,NA
3097,0.333534867,0.473499477,0.067091063,2011,state,urban/rural,sector_state,1,Haryana,0,1,0,0,NA,NA,NA,NA,NA,NA,NA,NA,NA,NA,NA,NA,NA
3098,0.032349207,0.569255114,0.136622742,2011,state,urban/rural,sector_state,1,Haryana,1,0,0,0,NA,NA,NA,NA,NA,NA,NA,NA,NA,NA,NA,NA,NA
3099,0.46109885,0.491394907,0.047506262,2011,state,urban/rural,sector_state,1,Delhi,0,0,0,1,NA,NA,NA,NA,NA,NA,NA,NA,NA,NA,NA,NA,NA
3100,0.463630587,0.492396563,0.026641566,2011,state,urban/rural,sector_state,1,Delhi,0,0,1,0,NA,NA,NA,NA,NA,NA,NA,NA,NA,NA,NA,NA,NA
3101,0.33280468,0.533227265,0.030486571,2011,state,urban/rural,sector_state,1,Delhi,0,1,0,0,NA,NA,NA,NA,NA,NA,NA,NA,NA,NA,NA,NA,NA
3102,0.037900683,0.734982073,0.076902606,2011,state,urban/rural,sector_state,1,Delhi,1,0,0,0,NA,NA,NA,NA,NA,NA,NA,NA,NA,NA,NA,NA,NA
3103,0.493259668,0.297638237,0.178611904,2011,state,urban/rural,sector_state,1,Rajasthan,0,0,0,1,NA,NA,NA,NA,NA,NA,NA,NA,NA,NA,NA,NA,NA
3104,0.481497228,0.350261569,0.134170413,2011,state,urban/rural,sector_state,1,Rajasthan,0,0,1,0,NA,NA,NA,NA,NA,NA,NA,NA,NA,NA,NA,NA,NA
3105,0.280914664,0.37890318,0.127376914,2011,state,urban/rural,sector_state,1,Rajasthan,0,1,0,0,NA,NA,NA,NA,NA,NA,NA,NA,NA,NA,NA,NA,NA
3106,0.079463981,0.218912601,0.02339505,2011,state,urban/rural,sector_state,1,Rajasthan,1,0,0,0,NA,NA,NA,NA,NA,NA,NA,NA,NA,NA,NA,NA,NA
3107,0.629686773,0.18106018,0.164126664,2011,state,urban/rural,sector_state,1,Uttar Pradesh,0,0,0,1,NA,NA,NA,NA,NA,NA,NA,NA,NA,NA,NA,NA,NA
3108,0.491536945,0.341910005,0.117945686,2011,state,urban/rural,sector_state,1,Uttar Pradesh,0,0,1,0,NA,NA,NA,NA,NA,NA,NA,NA,NA,NA,NA,NA,NA
3109,0.345175982,0.363589942,0.151131883,2011,state,urban/rural,sector_state,1,Uttar Pradesh,0,1,0,0,NA,NA,NA,NA,NA,NA,NA,NA,NA,NA,NA,NA,NA
3110,0.09319707,0.325779915,0.057020266,2011,state,urban/rural,sector_state,1,Uttar Pradesh,1,0,0,0,NA,NA,NA,NA,NA,NA,NA,NA,NA,NA,NA,NA,NA
3111,0.478597701,0.262198061,0.110458374,2011,state,urban/rural,sector_state,1,Bihar,0,0,0,1,NA,NA,NA,NA,NA,NA,NA,NA,NA,NA,NA,NA,NA
3112,0.515222847,0.21777904,0.141520485,2011,state,urban/rural,sector_state,1,Bihar,0,0,1,0,NA,NA,NA,NA,NA,NA,NA,NA,NA,NA,NA,NA,NA
3113,0.355646789,0.278608501,0.159945756,2011,state,urban/rural,sector_state,1,Bihar,0,1,0,0,NA,NA,NA,NA,NA,NA,NA,NA,NA,NA,NA,NA,NA
3114,0.034501571,0.23489444,0.002346112,2011,state,urban/rural,sector_state,1,Bihar,1,0,0,0,NA,NA,NA,NA,NA,NA,NA,NA,NA,NA,NA,NA,NA
3115,0.250335515,0.749664485,0,2011,state,urban/rural,sector_state,1,Sikkim,0,0,0,1,NA,NA,NA,NA,NA,NA,NA,NA,NA,NA,NA,NA,NA
3116,0.279747337,0.661427498,0.041304726,2011,state,urban/rural,sector_state,1,Sikkim,0,0,1,0,NA,NA,NA,NA,NA,NA,NA,NA,NA,NA,NA,NA,NA
3117,0.395102382,0.390289962,0.07898543,2011,state,urban/rural,sector_state,1,Sikkim,0,1,0,0,NA,NA,NA,NA,NA,NA,NA,NA,NA,NA,NA,NA,NA
3118,0.186890408,0.260704249,0.018408867,2011,state,urban/rural,sector_state,1,Sikkim,1,0,0,0,NA,NA,NA,NA,NA,NA,NA,NA,NA,NA,NA,NA,NA
3119,0.140808016,0.631412208,0.134482443,2011,state,urban/rural,sector_state,1,Arunachal Pradesh,0,0,0,1,NA,NA,NA,NA,NA,NA,NA,NA,NA,NA,NA,NA,NA
3120,0.263039082,0.626461267,0.062903114,2011,state,urban/rural,sector_state,1,Arunachal Pradesh,0,0,1,0,NA,NA,NA,NA,NA,NA,NA,NA,NA,NA,NA,NA,NA
3121,0.21861504,0.54571414,0.155928895,2011,state,urban/rural,sector_state,1,Arunachal Pradesh,0,1,0,0,NA,NA,NA,NA,NA,NA,NA,NA,NA,NA,NA,NA,NA
3122,0.207889766,0.375616819,0.070562012,2011,state,urban/rural,sector_state,1,Arunachal Pradesh,1,0,0,0,NA,NA,NA,NA,NA,NA,NA,NA,NA,NA,NA,NA,NA
3123,0.3977727,0.397591799,0.019942539,2011,state,urban/rural,sector_state,1,Nagaland,0,0,0,1,NA,NA,NA,NA,NA,NA,NA,NA,NA,NA,NA,NA,NA
3124,0.395338923,0.504971087,0.010869589,2011,state,urban/rural,sector_state,1,Nagaland,0,0,1,0,NA,NA,NA,NA,NA,NA,NA,NA,NA,NA,NA,NA,NA
3125,0.300227672,0.46375829,0,2011,state,urban/rural,sector_state,1,Nagaland,0,1,0,0,NA,NA,NA,NA,NA,NA,NA,NA,NA,NA,NA,NA,NA
3126,0,0.807514608,0,2011,state,urban/rural,sector_state,1,Nagaland,1,0,0,0,NA,NA,NA,NA,NA,NA,NA,NA,NA,NA,NA,NA,NA
3127,0.471808195,0.318031877,0.018065453,2011,state,urban/rural,sector_state,1,Manipur,0,0,0,1,NA,NA,NA,NA,NA,NA,NA,NA,NA,NA,NA,NA,NA
3128,0.560393512,0.286219299,0.037526079,2011,state,urban/rural,sector_state,1,Manipur,0,0,1,0,NA,NA,NA,NA,NA,NA,NA,NA,NA,NA,NA,NA,NA
3129,0.554306507,0.260144711,0.032586027,2011,state,urban/rural,sector_state,1,Manipur,0,1,0,0,NA,NA,NA,NA,NA,NA,NA,NA,NA,NA,NA,NA,NA
3130,0.39870891,0.158220723,0.090535387,2011,state,urban/rural,sector_state,1,Manipur,1,0,0,0,NA,NA,NA,NA,NA,NA,NA,NA,NA,NA,NA,NA,NA
3131,0.292872667,0.587379158,0.071401015,2011,state,urban/rural,sector_state,1,Mizoram,0,0,0,1,NA,NA,NA,NA,NA,NA,NA,NA,NA,NA,NA,NA,NA
3132,0.358627766,0.509309769,0.085867107,2011,state,urban/rural,sector_state,1,Mizoram,0,0,1,0,NA,NA,NA,NA,NA,NA,NA,NA,NA,NA,NA,NA,NA
3133,0.302217752,0.454015821,0.11335855,2011,state,urban/rural,sector_state,1,Mizoram,0,1,0,0,NA,NA,NA,NA,NA,NA,NA,NA,NA,NA,NA,NA,NA
3134,0.244359374,0.223044649,0.211612046,2011,state,urban/rural,sector_state,1,Mizoram,1,0,0,0,NA,NA,NA,NA,NA,NA,NA,NA,NA,NA,NA,NA,NA
3135,0.506843865,0.301669329,0.191486806,2011,state,urban/rural,sector_state,1,Tripura,0,0,0,1,NA,NA,NA,NA,NA,NA,NA,NA,NA,NA,NA,NA,NA
3136,0.476966083,0.298847228,0.15740712,2011,state,urban/rural,sector_state,1,Tripura,0,0,1,0,NA,NA,NA,NA,NA,NA,NA,NA,NA,NA,NA,NA,NA
3137,0.333661348,0.376287222,0.106289819,2011,state,urban/rural,sector_state,1,Tripura,0,1,0,0,NA,NA,NA,NA,NA,NA,NA,NA,NA,NA,NA,NA,NA
3138,0.153504476,0.262013614,0.004187895,2011,state,urban/rural,sector_state,1,Tripura,1,0,0,0,NA,NA,NA,NA,NA,NA,NA,NA,NA,NA,NA,NA,NA
3139,0.396915108,0.449156076,0.084620692,2011,state,urban/rural,sector_state,1,Meghalaya,0,0,0,1,NA,NA,NA,NA,NA,NA,NA,NA,NA,NA,NA,NA,NA
3140,0.327108234,0.561607301,0.056352567,2011,state,urban/rural,sector_state,1,Meghalaya,0,0,1,0,NA,NA,NA,NA,NA,NA,NA,NA,NA,NA,NA,NA,NA
3141,0.248557523,0.616567016,0.057594541,2011,state,urban/rural,sector_state,1,Meghalaya,0,1,0,0,NA,NA,NA,NA,NA,NA,NA,NA,NA,NA,NA,NA,NA
3142,0.010489041,0.274294108,0.095795795,2011,state,urban/rural,sector_state,1,Meghalaya,1,0,0,0,NA,NA,NA,NA,NA,NA,NA,NA,NA,NA,NA,NA,NA
3143,0.620249331,0.204383105,0.055942532,2011,state,urban/rural,sector_state,1,Assam,0,0,0,1,NA,NA,NA,NA,NA,NA,NA,NA,NA,NA,NA,NA,NA
3144,0.407836646,0.464098275,0.04671013,2011,state,urban/rural,sector_state,1,Assam,0,0,1,0,NA,NA,NA,NA,NA,NA,NA,NA,NA,NA,NA,NA,NA
3145,0.462633431,0.301786065,0.118415028,2011,state,urban/rural,sector_state,1,Assam,0,1,0,0,NA,NA,NA,NA,NA,NA,NA,NA,NA,NA,NA,NA,NA
3146,0.192842692,0.2818923,0.127215862,2011,state,urban/rural,sector_state,1,Assam,1,0,0,0,NA,NA,NA,NA,NA,NA,NA,NA,NA,NA,NA,NA,NA
3147,0.52194345,0.262477905,0.178893447,2011,state,urban/rural,sector_state,1,West Bengal,0,0,0,1,NA,NA,NA,NA,NA,NA,NA,NA,NA,NA,NA,NA,NA
3148,0.470226616,0.338757336,0.139988497,2011,state,urban/rural,sector_state,1,West Bengal,0,0,1,0,NA,NA,NA,NA,NA,NA,NA,NA,NA,NA,NA,NA,NA
3149,0.312848777,0.433007389,0.094739981,2011,state,urban/rural,sector_state,1,West Bengal,0,1,0,0,NA,NA,NA,NA,NA,NA,NA,NA,NA,NA,NA,NA,NA
3150,0.166157559,0.391040742,0.136833847,2011,state,urban/rural,sector_state,1,West Bengal,1,0,0,0,NA,NA,NA,NA,NA,NA,NA,NA,NA,NA,NA,NA,NA
3151,0.342083871,0.403223485,0.125896201,2011,state,urban/rural,sector_state,1,Jharkhand,0,0,0,1,NA,NA,NA,NA,NA,NA,NA,NA,NA,NA,NA,NA,NA
3152,0.346656352,0.386659443,0.206747115,2011,state,urban/rural,sector_state,1,Jharkhand,0,0,1,0,NA,NA,NA,NA,NA,NA,NA,NA,NA,NA,NA,NA,NA
3153,0.316231042,0.415837586,0.113830209,2011,state,urban/rural,sector_state,1,Jharkhand,0,1,0,0,NA,NA,NA,NA,NA,NA,NA,NA,NA,NA,NA,NA,NA
3154,0.079867326,0.234198004,0.146760359,2011,state,urban/rural,sector_state,1,Jharkhand,1,0,0,0,NA,NA,NA,NA,NA,NA,NA,NA,NA,NA,NA,NA,NA
3155,0.77762866,0.135157838,0.080578558,2011,state,urban/rural,sector_state,1,Odisha,0,0,0,1,NA,NA,NA,NA,NA,NA,NA,NA,NA,NA,NA,NA,NA
3156,0.459950686,0.365957171,0.129556611,2011,state,urban/rural,sector_state,1,Odisha,0,0,1,0,NA,NA,NA,NA,NA,NA,NA,NA,NA,NA,NA,NA,NA
3157,0.327012956,0.416369736,0.143180788,2011,state,urban/rural,sector_state,1,Odisha,0,1,0,0,NA,NA,NA,NA,NA,NA,NA,NA,NA,NA,NA,NA,NA
3158,0.082576737,0.38003087,0.088652246,2011,state,urban/rural,sector_state,1,Odisha,1,0,0,0,NA,NA,NA,NA,NA,NA,NA,NA,NA,NA,NA,NA,NA
3159,0.405941457,0.272236794,0.282782465,2011,state,urban/rural,sector_state,1,Chhattisgarh,0,0,0,1,NA,NA,NA,NA,NA,NA,NA,NA,NA,NA,NA,NA,NA
3160,0.293529153,0.374249429,0.296967089,2011,state,urban/rural,sector_state,1,Chhattisgarh,0,0,1,0,NA,NA,NA,NA,NA,NA,NA,NA,NA,NA,NA,NA,NA
3161,0.212195233,0.371110976,0.321847767,2011,state,urban/rural,sector_state,1,Chhattisgarh,0,1,0,0,NA,NA,NA,NA,NA,NA,NA,NA,NA,NA,NA,NA,NA
3162,0.01401329,0.182749569,0.130120829,2011,state,urban/rural,sector_state,1,Chhattisgarh,1,0,0,0,NA,NA,NA,NA,NA,NA,NA,NA,NA,NA,NA,NA,NA
3163,0.554393947,0.254330635,0.178925559,2011,state,urban/rural,sector_state,1,Madhya Pradesh,0,0,0,1,NA,NA,NA,NA,NA,NA,NA,NA,NA,NA,NA,NA,NA
3164,0.421334952,0.399315208,0.157820567,2011,state,urban/rural,sector_state,1,Madhya Pradesh,0,0,1,0,NA,NA,NA,NA,NA,NA,NA,NA,NA,NA,NA,NA,NA
3165,0.336531103,0.413643181,0.126854986,2011,state,urban/rural,sector_state,1,Madhya Pradesh,0,1,0,0,NA,NA,NA,NA,NA,NA,NA,NA,NA,NA,NA,NA,NA
3166,0.061164506,0.429421753,0.053318907,2011,state,urban/rural,sector_state,1,Madhya Pradesh,1,0,0,0,NA,NA,NA,NA,NA,NA,NA,NA,NA,NA,NA,NA,NA
3167,0.624799013,0.275514811,0.098479629,2011,state,urban/rural,sector_state,1,Gujarat,0,0,0,1,NA,NA,NA,NA,NA,NA,NA,NA,NA,NA,NA,NA,NA
3168,0.412834346,0.499511331,0.068522058,2011,state,urban/rural,sector_state,1,Gujarat,0,0,1,0,NA,NA,NA,NA,NA,NA,NA,NA,NA,NA,NA,NA,NA
3169,0.360831439,0.504318714,0.057093032,2011,state,urban/rural,sector_state,1,Gujarat,0,1,0,0,NA,NA,NA,NA,NA,NA,NA,NA,NA,NA,NA,NA,NA
3170,0.029040301,0.773324907,0.044690553,2011,state,urban/rural,sector_state,1,Gujarat,1,0,0,0,NA,NA,NA,NA,NA,NA,NA,NA,NA,NA,NA,NA,NA
3171,0.385588169,0.614411831,0,2011,state,urban/rural,sector_state,1,Daman & Diu & D & N Haveli,0,0,0,1,NA,NA,NA,NA,NA,NA,NA,NA,NA,NA,NA,NA,NA
3172,0.307963789,0.633350432,0.058685798,2011,state,urban/rural,sector_state,1,Daman & Diu & D & N Haveli,0,0,1,0,NA,NA,NA,NA,NA,NA,NA,NA,NA,NA,NA,NA,NA
3173,0.272683054,0.727316916,0,2011,state,urban/rural,sector_state,1,Daman & Diu & D & N Haveli,0,1,0,0,NA,NA,NA,NA,NA,NA,NA,NA,NA,NA,NA,NA,NA
3174,0,0.947619796,0.027909229,2011,state,urban/rural,sector_state,1,Daman & Diu & D & N Haveli,1,0,0,0,NA,NA,NA,NA,NA,NA,NA,NA,NA,NA,NA,NA,NA
3175,0.520771503,0.347513527,0.116099544,2011,state,urban/rural,sector_state,1,Maharashtra,0,0,0,1,NA,NA,NA,NA,NA,NA,NA,NA,NA,NA,NA,NA,NA
3176,0.355750412,0.528124154,0.093082115,2011,state,urban/rural,sector_state,1,Maharashtra,0,0,1,0,NA,NA,NA,NA,NA,NA,NA,NA,NA,NA,NA,NA,NA
3177,0.249907359,0.502830088,0.096842237,2011,state,urban/rural,sector_state,1,Maharashtra,0,1,0,0,NA,NA,NA,NA,NA,NA,NA,NA,NA,NA,NA,NA,NA
3178,0.149435863,0.379442006,0.084103234,2011,state,urban/rural,sector_state,1,Maharashtra,1,0,0,0,NA,NA,NA,NA,NA,NA,NA,NA,NA,NA,NA,NA,NA
3179,0.448365957,0.255771786,0.202677697,2011,state,urban/rural,sector_state,1,Andhra Pradesh,0,0,0,1,NA,NA,NA,NA,NA,NA,NA,NA,NA,NA,NA,NA,NA
3180,0.364036739,0.396914303,0.205442429,2011,state,urban/rural,sector_state,1,Andhra Pradesh,0,0,1,0,NA,NA,NA,NA,NA,NA,NA,NA,NA,NA,NA,NA,NA
3181,0.294878542,0.401114196,0.168625578,2011,state,urban/rural,sector_state,1,Andhra Pradesh,0,1,0,0,NA,NA,NA,NA,NA,NA,NA,NA,NA,NA,NA,NA,NA
3182,0.059783112,0.141331851,0.041112237,2011,state,urban/rural,sector_state,1,Andhra Pradesh,1,0,0,0,NA,NA,NA,NA,NA,NA,NA,NA,NA,NA,NA,NA,NA
3183,0.495889038,0.316951722,0.182102695,2011,state,urban/rural,sector_state,1,Karnataka,0,0,0,1,NA,NA,NA,NA,NA,NA,NA,NA,NA,NA,NA,NA,NA
3184,0.436944067,0.364676207,0.188151464,2011,state,urban/rural,sector_state,1,Karnataka,0,0,1,0,NA,NA,NA,NA,NA,NA,NA,NA,NA,NA,NA,NA,NA
3185,0.39314732,0.445066154,0.085517943,2011,state,urban/rural,sector_state,1,Karnataka,0,1,0,0,NA,NA,NA,NA,NA,NA,NA,NA,NA,NA,NA,NA,NA
3186,0.035037447,0.492144793,0.043824162,2011,state,urban/rural,sector_state,1,Karnataka,1,0,0,0,NA,NA,NA,NA,NA,NA,NA,NA,NA,NA,NA,NA,NA
3187,0.683267117,0.316732913,0,2011,state,urban/rural,sector_state,1,Goa,0,0,0,1,NA,NA,NA,NA,NA,NA,NA,NA,NA,NA,NA,NA,NA
3188,0.386236876,0.500292242,0.061124336,2011,state,urban/rural,sector_state,1,Goa,0,0,1,0,NA,NA,NA,NA,NA,NA,NA,NA,NA,NA,NA,NA,NA
3189,0.248961136,0.504129648,0.058214627,2011,state,urban/rural,sector_state,1,Goa,0,1,0,0,NA,NA,NA,NA,NA,NA,NA,NA,NA,NA,NA,NA,NA
3190,0,0.594643295,0,2011,state,urban/rural,sector_state,1,Goa,1,0,0,0,NA,NA,NA,NA,NA,NA,NA,NA,NA,NA,NA,NA,NA
3191,0.303255498,0.398625165,0.104847357,2011,state,urban/rural,sector_state,1,Lakshadweep,0,0,0,1,NA,NA,NA,NA,NA,NA,NA,NA,NA,NA,NA,NA,NA
3192,0.120708078,0.604575992,0.11152149,2011,state,urban/rural,sector_state,1,Lakshadweep,0,0,1,0,NA,NA,NA,NA,NA,NA,NA,NA,NA,NA,NA,NA,NA
3193,0.033223808,0.659610331,0.072028518,2011,state,urban/rural,sector_state,1,Lakshadweep,0,1,0,0,NA,NA,NA,NA,NA,NA,NA,NA,NA,NA,NA,NA,NA
3194,0.23742786,0.415498763,0.320692509,2011,state,urban/rural,sector_state,1,Lakshadweep,1,0,0,0,NA,NA,NA,NA,NA,NA,NA,NA,NA,NA,NA,NA,NA
3195,0.388446391,0.246089697,0.275758326,2011,state,urban/rural,sector_state,1,Kerala,0,0,0,1,NA,NA,NA,NA,NA,NA,NA,NA,NA,NA,NA,NA,NA
3196,0.311277866,0.292876542,0.308855265,2011,state,urban/rural,sector_state,1,Kerala,0,0,1,0,NA,NA,NA,NA,NA,NA,NA,NA,NA,NA,NA,NA,NA
3197,0.267878592,0.282351434,0.175321206,2011,state,urban/rural,sector_state,1,Kerala,0,1,0,0,NA,NA,NA,NA,NA,NA,NA,NA,NA,NA,NA,NA,NA
3198,0.022870297,0.423663914,0.15270099,2011,state,urban/rural,sector_state,1,Kerala,1,0,0,0,NA,NA,NA,NA,NA,NA,NA,NA,NA,NA,NA,NA,NA
3199,0.407139421,0.36533165,0.217687979,2011,state,urban/rural,sector_state,1,Tamil Nadu,0,0,0,1,NA,NA,NA,NA,NA,NA,NA,NA,NA,NA,NA,NA,NA
3200,0.345858455,0.402462333,0.224161431,2011,state,urban/rural,sector_state,1,Tamil Nadu,0,0,1,0,NA,NA,NA,NA,NA,NA,NA,NA,NA,NA,NA,NA,NA
3201,0.252951056,0.400437862,0.222162828,2011,state,urban/rural,sector_state,1,Tamil Nadu,0,1,0,0,NA,NA,NA,NA,NA,NA,NA,NA,NA,NA,NA,NA,NA
3202,0.033281546,0.411529094,0.063658573,2011,state,urban/rural,sector_state,1,Tamil Nadu,1,0,0,0,NA,NA,NA,NA,NA,NA,NA,NA,NA,NA,NA,NA,NA
3203,0.29850322,0.306943834,0.270497084,2011,state,urban/rural,sector_state,1,Puducherry,0,0,0,1,NA,NA,NA,NA,NA,NA,NA,NA,NA,NA,NA,NA,NA
3204,0.254769951,0.464582801,0.263840854,2011,state,urban/rural,sector_state,1,Puducherry,0,0,1,0,NA,NA,NA,NA,NA,NA,NA,NA,NA,NA,NA,NA,NA
3205,0.202148646,0.56257236,0.075666919,2011,state,urban/rural,sector_state,1,Puducherry,0,1,0,0,NA,NA,NA,NA,NA,NA,NA,NA,NA,NA,NA,NA,NA
3206,0.049194552,0.420156568,0.059041806,2011,state,urban/rural,sector_state,1,Puducherry,1,0,0,0,NA,NA,NA,NA,NA,NA,NA,NA,NA,NA,NA,NA,NA
3207,0.310829997,0.554069936,0.117693588,2011,state,urban/rural,sector_state,1,A & N Island,0,0,0,1,NA,NA,NA,NA,NA,NA,NA,NA,NA,NA,NA,NA,NA
3208,0.179677472,0.64322108,0.134337395,2011,state,urban/rural,sector_state,1,A & N Island,0,0,1,0,NA,NA,NA,NA,NA,NA,NA,NA,NA,NA,NA,NA,NA
3209,0.110749401,0.738729537,0.075446025,2011,state,urban/rural,sector_state,1,A & N Island,0,1,0,0,NA,NA,NA,NA,NA,NA,NA,NA,NA,NA,NA,NA,NA
3210,0.098438539,0.420927078,0.188300252,2011,state,urban/rural,sector_state,1,A & N Island,1,0,0,0,NA,NA,NA,NA,NA,NA,NA,NA,NA,NA,NA,NA,NA
3211,0.583269596,0.337638229,0.06396535,2011,state,urban/rural,sector_state,1,Telangana,0,0,0,1,NA,NA,NA,NA,NA,NA,NA,NA,NA,NA,NA,NA,NA
3212,0.36224553,0.485593379,0.130202994,2011,state,urban/rural,sector_state,1,Telangana,0,0,1,0,NA,NA,NA,NA,NA,NA,NA,NA,NA,NA,NA,NA,NA
3213,0.329188436,0.476885557,0.100281216,2011,state,urban/rural,sector_state,1,Telangana,0,1,0,0,NA,NA,NA,NA,NA,NA,NA,NA,NA,NA,NA,NA,NA
3214,0.054535873,0.558015287,0.009526077,2011,state,urban/rural,sector_state,1,Telangana,1,0,0,0,NA,NA,NA,NA,NA,NA,NA,NA,NA,NA,NA,NA,NA
3215,0.240003616,0.697715521,0.062280849,2011,state,urban/rural,sector_state,1,Ladakh,0,0,0,1,NA,NA,NA,NA,NA,NA,NA,NA,NA,NA,NA,NA,NA
3216,0.256527901,0.5085783,0.224016488,2011,state,urban/rural,sector_state,1,Ladakh,0,0,1,0,NA,NA,NA,NA,NA,NA,NA,NA,NA,NA,NA,NA,NA
3217,0.317392915,0.659221232,0.023385862,2011,state,urban/rural,sector_state,1,Ladakh,0,1,0,0,NA,NA,NA,NA,NA,NA,NA,NA,NA,NA,NA,NA,NA
3218,0.297172278,0.305807412,0.256799817,2011,state,urban/rural,sector_state,1,Ladakh,1,0,0,0,NA,NA,NA,NA,NA,NA,NA,NA,NA,NA,NA,NA,NA
3219,0.271866113,0.643128514,0.01904236,2011,allindia,All,allindia,99,India,NA,NA,NA,NA,0,0,0,0,0,1,NA,NA,NA,NA,NA,NA,NA
3220,0.377560824,0.521854281,0.029422959,2011,allindia,All,allindia,99,India,NA,NA,NA,NA,0,0,0,0,1,0,NA,NA,NA,NA,NA,NA,NA
3221,0.543344021,0.271911055,0.122885309,2011,allindia,All,allindia,99,India,NA,NA,NA,NA,0,0,0,1,0,0,NA,NA,NA,NA,NA,NA,NA
3222,0.558147669,0.163007379,0.239740759,2011,allindia,All,allindia,99,India,NA,NA,NA,NA,0,0,1,0,0,0,NA,NA,NA,NA,NA,NA,NA
3223,0.542445004,0.128957465,0.299023062,2011,allindia,All,allindia,99,India,NA,NA,NA,NA,0,1,0,0,0,0,NA,NA,NA,NA,NA,NA,NA
3224,0.48967731,0.071925312,0.40067783,2011,allindia,All,allindia,99,India,NA,NA,NA,NA,1,0,0,0,0,0,NA,NA,NA,NA,NA,NA,NA
3225,0.447118163,0.238624677,0.082262091,2011,allindia,All,allindia,99,India,NA,NA,NA,NA,NA,NA,NA,NA,NA,NA,NA,NA,NA,NA,NA,NA,NA
3226,0.35973987,0.551135182,0.048669074,2011,allindia,urban/rural,sect_allindia,0,India,NA,NA,NA,NA,0,0,0,0,0,1,NA,NA,NA,NA,NA,NA,NA
3227,0.486284286,0.412635446,0.056596555,2011,allindia,urban/rural,sect_allindia,0,India,NA,NA,NA,NA,0,0,0,0,1,0,NA,NA,NA,NA,NA,NA,NA
3228,0.622923851,0.163083866,0.17046611,2011,allindia,urban/rural,sect_allindia,0,India,NA,NA,NA,NA,0,0,0,1,0,0,NA,NA,NA,NA,NA,NA,NA
3229,0.602992356,0.084156454,0.277109742,2011,allindia,urban/rural,sect_allindia,0,India,NA,NA,NA,NA,0,0,1,0,0,0,NA,NA,NA,NA,NA,NA,NA
3230,0.573982596,0.064685501,0.33566618,2011,allindia,urban/rural,sect_allindia,0,India,NA,NA,NA,NA,0,1,0,0,0,0,NA,NA,NA,NA,NA,NA,NA
3231,0.50114274,0.039998204,0.422787696,2011,allindia,urban/rural,sect_allindia,0,India,NA,NA,NA,NA,1,0,0,0,0,0,NA,NA,NA,NA,NA,NA,NA
3232,0.734586954,0.114961803,0.140048131,2011,allindia,urban/rural,sect_allindia,0,India,NA,NA,NA,NA,NA,NA,NA,NA,NA,NA,NA,NA,NA,NA,NA,NA,NA
3233,0.239964068,0.67652607,0.008286557,2011,allindia,urban/rural,sect_allindia,1,India,NA,NA,NA,NA,0,0,0,0,0,1,NA,NA,NA,NA,NA,NA,NA
3234,0.318024576,0.581661761,0.014542882,2011,allindia,urban/rural,sect_allindia,1,India,NA,NA,NA,NA,0,0,0,0,1,0,NA,NA,NA,NA,NA,NA,NA
3235,0.435551375,0.419320017,0.05843601,2011,allindia,urban/rural,sect_allindia,1,India,NA,NA,NA,NA,0,0,0,1,0,0,NA,NA,NA,NA,NA,NA,NA
3236,0.448081493,0.356538117,0.148022756,2011,allindia,urban/rural,sect_allindia,1,India,NA,NA,NA,NA,0,0,1,0,0,0,NA,NA,NA,NA,NA,NA,NA
3237,0.445701182,0.326115936,0.186617821,2011,allindia,urban/rural,sect_allindia,1,India,NA,NA,NA,NA,0,1,0,0,0,0,NA,NA,NA,NA,NA,NA,NA
3238,0.431328058,0.234407365,0.288157195,2011,allindia,urban/rural,sect_allindia,1,India,NA,NA,NA,NA,1,0,0,0,0,0,NA,NA,NA,NA,NA,NA,NA
3239,0.037888113,0.414666593,0,2011,allindia,urban/rural,sect_allindia,1,India,NA,NA,NA,NA,NA,NA,NA,NA,NA,NA,NA,NA,NA,NA,NA,NA,NA
3240,0.118670046,0.84864974,0,2011,state,All,state,99,Jammu & Kashmir,NA,NA,NA,NA,0,0,0,0,0,1,NA,NA,NA,NA,NA,NA,NA
3241,0.293491095,0.627166986,0.008818983,2011,state,All,state,99,Jammu & Kashmir,NA,NA,NA,NA,0,0,0,0,1,0,NA,NA,NA,NA,NA,NA,NA
3242,0.416517347,0.477734715,0.054929696,2011,state,All,state,99,Jammu & Kashmir,NA,NA,NA,NA,0,0,0,1,0,0,NA,NA,NA,NA,NA,NA,NA
3243,0.478671908,0.233202085,0.201765165,2011,state,All,state,99,Jammu & Kashmir,NA,NA,NA,NA,0,0,1,0,0,0,NA,NA,NA,NA,NA,NA,NA
3244,0.548790395,0.18179743,0.254626006,2011,state,All,state,99,Jammu & Kashmir,NA,NA,NA,NA,0,1,0,0,0,0,NA,NA,NA,NA,NA,NA,NA
3245,0.521719158,0.117091216,0.324418068,2011,state,All,state,99,Jammu & Kashmir,NA,NA,NA,NA,1,0,0,0,0,0,NA,NA,NA,NA,NA,NA,NA
3246,0,0.124882989,0.875117004,2011,state,All,state,99,Jammu & Kashmir,NA,NA,NA,NA,NA,NA,NA,NA,NA,NA,NA,NA,NA,NA,NA,NA,NA
3247,0.287556648,0.608053148,0.016556686,2011,state,All,state,99,Himachal Pradesh,NA,NA,NA,NA,0,0,0,0,0,1,NA,NA,NA,NA,NA,NA,NA
3248,0.236624151,0.692324281,0.015898278,2011,state,All,state,99,Himachal Pradesh,NA,NA,NA,NA,0,0,0,0,1,0,NA,NA,NA,NA,NA,NA,NA
3249,0.438055277,0.313076526,0.158029661,2011,state,All,state,99,Himachal Pradesh,NA,NA,NA,NA,0,0,0,1,0,0,NA,NA,NA,NA,NA,NA,NA
3250,0.485458553,0.173404992,0.236852512,2011,state,All,state,99,Himachal Pradesh,NA,NA,NA,NA,0,0,1,0,0,0,NA,NA,NA,NA,NA,NA,NA
3251,0.466124564,0.175320014,0.324124783,2011,state,All,state,99,Himachal Pradesh,NA,NA,NA,NA,0,1,0,0,0,0,NA,NA,NA,NA,NA,NA,NA
3252,0.526811898,0.147883028,0.277314842,2011,state,All,state,99,Himachal Pradesh,NA,NA,NA,NA,1,0,0,0,0,0,NA,NA,NA,NA,NA,NA,NA
3253,0.431088626,0.458044708,0.021760685,2011,state,All,state,99,Punjab,NA,NA,NA,NA,0,0,0,0,0,1,NA,NA,NA,NA,NA,NA,NA
3254,0.572051883,0.362657398,0.005733109,2011,state,All,state,99,Punjab,NA,NA,NA,NA,0,0,0,0,1,0,NA,NA,NA,NA,NA,NA,NA
3255,0.49478361,0.348546237,0.095472701,2011,state,All,state,99,Punjab,NA,NA,NA,NA,0,0,0,1,0,0,NA,NA,NA,NA,NA,NA,NA
3256,0.524708211,0.195785046,0.206179798,2011,state,All,state,99,Punjab,NA,NA,NA,NA,0,0,1,0,0,0,NA,NA,NA,NA,NA,NA,NA
3257,0.445811808,0.236288324,0.251223534,2011,state,All,state,99,Punjab,NA,NA,NA,NA,0,1,0,0,0,0,NA,NA,NA,NA,NA,NA,NA
3258,0.401633769,0.166306093,0.393474162,2011,state,All,state,99,Punjab,NA,NA,NA,NA,1,0,0,0,0,0,NA,NA,NA,NA,NA,NA,NA
3259,0,0,0,2011,state,All,state,99,Punjab,NA,NA,NA,NA,NA,NA,NA,NA,NA,NA,NA,NA,NA,NA,NA,NA,NA
3260,0.056419816,0.94358021,0,2011,state,All,state,99,Chandigarh,NA,NA,NA,NA,0,0,0,0,0,1,NA,NA,NA,NA,NA,NA,NA
3261,0.079810493,0.900764465,0,2011,state,All,state,99,Chandigarh,NA,NA,NA,NA,0,0,0,0,1,0,NA,NA,NA,NA,NA,NA,NA
3262,0.176568612,0.694749475,0.074158065,2011,state,All,state,99,Chandigarh,NA,NA,NA,NA,0,0,0,1,0,0,NA,NA,NA,NA,NA,NA,NA
3263,0.382956594,0.583691835,0.033351582,2011,state,All,state,99,Chandigarh,NA,NA,NA,NA,0,0,1,0,0,0,NA,NA,NA,NA,NA,NA,NA
3264,0.406115592,0.505078316,0.028470611,2011,state,All,state,99,Chandigarh,NA,NA,NA,NA,0,1,0,0,0,0,NA,NA,NA,NA,NA,NA,NA
3265,0.415357083,0.392026067,0.188443631,2011,state,All,state,99,Chandigarh,NA,NA,NA,NA,1,0,0,0,0,0,NA,NA,NA,NA,NA,NA,NA
3266,0.430925041,0.534659326,0.005486506,2011,state,All,state,99,Uttrakhand,NA,NA,NA,NA,0,0,0,0,0,1,NA,NA,NA,NA,NA,NA,NA
3267,0.36481297,0.50081259,0.003226049,2011,state,All,state,99,Uttrakhand,NA,NA,NA,NA,0,0,0,0,1,0,NA,NA,NA,NA,NA,NA,NA
3268,0.587976575,0.265471458,0.073966108,2011,state,All,state,99,Uttrakhand,NA,NA,NA,NA,0,0,0,1,0,0,NA,NA,NA,NA,NA,NA,NA
3269,0.597509444,0.115594029,0.232492551,2011,state,All,state,99,Uttrakhand,NA,NA,NA,NA,0,0,1,0,0,0,NA,NA,NA,NA,NA,NA,NA
3270,0.644610286,0.129241571,0.198708624,2011,state,All,state,99,Uttrakhand,NA,NA,NA,NA,0,1,0,0,0,0,NA,NA,NA,NA,NA,NA,NA
3271,0.649188459,0.074219756,0.210140049,2011,state,All,state,99,Uttrakhand,NA,NA,NA,NA,1,0,0,0,0,0,NA,NA,NA,NA,NA,NA,NA
3272,0.255892664,0.659043431,0.034327164,2011,state,All,state,99,Haryana,NA,NA,NA,NA,0,0,0,0,0,1,NA,NA,NA,NA,NA,NA,NA
3273,0.43500033,0.437685758,0.0317191,2011,state,All,state,99,Haryana,NA,NA,NA,NA,0,0,0,0,1,0,NA,NA,NA,NA,NA,NA,NA
3274,0.522811353,0.307523549,0.106195085,2011,state,All,state,99,Haryana,NA,NA,NA,NA,0,0,0,1,0,0,NA,NA,NA,NA,NA,NA,NA
3275,0.627776146,0.178904951,0.1675511,2011,state,All,state,99,Haryana,NA,NA,NA,NA,0,0,1,0,0,0,NA,NA,NA,NA,NA,NA,NA
3276,0.529716551,0.105939008,0.33568117,2011,state,All,state,99,Haryana,NA,NA,NA,NA,0,1,0,0,0,0,NA,NA,NA,NA,NA,NA,NA
3277,0.455539078,0.091041595,0.394145727,2011,state,All,state,99,Haryana,NA,NA,NA,NA,1,0,0,0,0,0,NA,NA,NA,NA,NA,NA,NA
3278,0.207066029,0.779095531,0,2011,state,All,state,99,Delhi,NA,NA,NA,NA,0,0,0,0,0,1,NA,NA,NA,NA,NA,NA,NA
3279,0.417546004,0.524965525,0.000658699,2011,state,All,state,99,Delhi,NA,NA,NA,NA,0,0,0,0,1,0,NA,NA,NA,NA,NA,NA,NA
3280,0.486904621,0.46023947,0.024352264,2011,state,All,state,99,Delhi,NA,NA,NA,NA,0,0,0,1,0,0,NA,NA,NA,NA,NA,NA,NA
3281,0.355820388,0.598334372,0.015591599,2011,state,All,state,99,Delhi,NA,NA,NA,NA,0,0,1,0,0,0,NA,NA,NA,NA,NA,NA,NA
3282,0.488530904,0.432322294,0.050054651,2011,state,All,state,99,Delhi,NA,NA,NA,NA,0,1,0,0,0,0,NA,NA,NA,NA,NA,NA,NA
3283,0.417597592,0.460956156,0.114362314,2011,state,All,state,99,Delhi,NA,NA,NA,NA,1,0,0,0,0,0,NA,NA,NA,NA,NA,NA,NA
3284,0.326781601,0.581500709,0.007371918,2011,state,All,state,99,Rajasthan,NA,NA,NA,NA,0,0,0,0,0,1,NA,NA,NA,NA,NA,NA,NA
3285,0.436452001,0.465831667,0.051591467,2011,state,All,state,99,Rajasthan,NA,NA,NA,NA,0,0,0,0,1,0,NA,NA,NA,NA,NA,NA,NA
3286,0.623355448,0.22062771,0.081479579,2011,state,All,state,99,Rajasthan,NA,NA,NA,NA,0,0,0,1,0,0,NA,NA,NA,NA,NA,NA,NA
3287,0.558384299,0.159995034,0.247283667,2011,state,All,state,99,Rajasthan,NA,NA,NA,NA,0,0,1,0,0,0,NA,NA,NA,NA,NA,NA,NA
3288,0.600177765,0.104177602,0.274609387,2011,state,All,state,99,Rajasthan,NA,NA,NA,NA,0,1,0,0,0,0,NA,NA,NA,NA,NA,NA,NA
3289,0.588635206,0.061536741,0.313157976,2011,state,All,state,99,Rajasthan,NA,NA,NA,NA,1,0,0,0,0,0,NA,NA,NA,NA,NA,NA,NA
3290,0.394265383,0.495265156,0.026381576,2011,state,All,state,99,Uttar Pradesh,NA,NA,NA,NA,0,0,0,0,0,1,NA,NA,NA,NA,NA,NA,NA
3291,0.550028145,0.380305797,0.020744381,2011,state,All,state,99,Uttar Pradesh,NA,NA,NA,NA,0,0,0,0,1,0,NA,NA,NA,NA,NA,NA,NA
3292,0.665501058,0.164381608,0.127590865,2011,state,All,state,99,Uttar Pradesh,NA,NA,NA,NA,0,0,0,1,0,0,NA,NA,NA,NA,NA,NA,NA
3293,0.674309373,0.091938041,0.207875967,2011,state,All,state,99,Uttar Pradesh,NA,NA,NA,NA,0,0,1,0,0,0,NA,NA,NA,NA,NA,NA,NA
3294,0.66862005,0.06365566,0.255088925,2011,state,All,state,99,Uttar Pradesh,NA,NA,NA,NA,0,1,0,0,0,0,NA,NA,NA,NA,NA,NA,NA
3295,0.596747577,0.044748597,0.324799895,2011,state,All,state,99,Uttar Pradesh,NA,NA,NA,NA,1,0,0,0,0,0,NA,NA,NA,NA,NA,NA,NA
3296,0.372443289,0.290436745,0.195119619,2011,state,All,state,99,Bihar,NA,NA,NA,NA,0,0,0,0,0,1,NA,NA,NA,NA,NA,NA,NA
3297,0.454811901,0.402549773,0.046788305,2011,state,All,state,99,Bihar,NA,NA,NA,NA,0,0,0,0,1,0,NA,NA,NA,NA,NA,NA,NA
3298,0.687333882,0.097441673,0.115376152,2011,state,All,state,99,Bihar,NA,NA,NA,NA,0,0,0,1,0,0,NA,NA,NA,NA,NA,NA,NA
3299,0.630434215,0.047804043,0.250330329,2011,state,All,state,99,Bihar,NA,NA,NA,NA,0,0,1,0,0,0,NA,NA,NA,NA,NA,NA,NA
3300,0.616277039,0.039479893,0.281981885,2011,state,All,state,99,Bihar,NA,NA,NA,NA,0,1,0,0,0,0,NA,NA,NA,NA,NA,NA,NA
3301,0.463421226,0.01292878,0.4421179,2011,state,All,state,99,Bihar,NA,NA,NA,NA,1,0,0,0,0,0,NA,NA,NA,NA,NA,NA,NA
3302,1,0,0,2011,state,All,state,99,Bihar,NA,NA,NA,NA,NA,NA,NA,NA,NA,NA,NA,NA,NA,NA,NA,NA,NA
3303,0,1,0,2011,state,All,state,99,Sikkim,NA,NA,NA,NA,0,0,0,0,0,1,NA,NA,NA,NA,NA,NA,NA
3304,0.239438415,0.734409332,0,2011,state,All,state,99,Sikkim,NA,NA,NA,NA,0,0,0,0,1,0,NA,NA,NA,NA,NA,NA,NA
3305,0.359438926,0.606216431,0,2011,state,All,state,99,Sikkim,NA,NA,NA,NA,0,0,0,1,0,0,NA,NA,NA,NA,NA,NA,NA
3306,0.35833475,0.523406804,0.052249376,2011,state,All,state,99,Sikkim,NA,NA,NA,NA,0,0,1,0,0,0,NA,NA,NA,NA,NA,NA,NA
3307,0.691420913,0.220617816,0.061956778,2011,state,All,state,99,Sikkim,NA,NA,NA,NA,0,1,0,0,0,0,NA,NA,NA,NA,NA,NA,NA
3308,0.813692808,0.135523319,0.040545788,2011,state,All,state,99,Sikkim,NA,NA,NA,NA,1,0,0,0,0,0,NA,NA,NA,NA,NA,NA,NA
3309,0.059690867,0.934891045,0,2011,state,All,state,99,Arunachal Pradesh,NA,NA,NA,NA,0,0,0,0,0,1,NA,NA,NA,NA,NA,NA,NA
3310,0.17927599,0.757424116,0.00829093,2011,state,All,state,99,Arunachal Pradesh,NA,NA,NA,NA,0,0,0,0,1,0,NA,NA,NA,NA,NA,NA,NA
3311,0.532300234,0.377872884,0.042635564,2011,state,All,state,99,Arunachal Pradesh,NA,NA,NA,NA,0,0,0,1,0,0,NA,NA,NA,NA,NA,NA,NA
3312,0.736773014,0.190348133,0.02199417,2011,state,All,state,99,Arunachal Pradesh,NA,NA,NA,NA,0,0,1,0,0,0,NA,NA,NA,NA,NA,NA,NA
3313,0.764725447,0.175401747,0.029594662,2011,state,All,state,99,Arunachal Pradesh,NA,NA,NA,NA,0,1,0,0,0,0,NA,NA,NA,NA,NA,NA,NA
3314,0.835525513,0.074423529,0.040021572,2011,state,All,state,99,Arunachal Pradesh,NA,NA,NA,NA,1,0,0,0,0,0,NA,NA,NA,NA,NA,NA,NA
3315,0.117293015,0.869457841,0,2011,state,All,state,99,Nagaland,NA,NA,NA,NA,0,0,0,0,0,1,NA,NA,NA,NA,NA,NA,NA
3316,0.148109272,0.811215341,0,2011,state,All,state,99,Nagaland,NA,NA,NA,NA,0,0,0,0,1,0,NA,NA,NA,NA,NA,NA,NA
3317,0.508399487,0.389587969,0.009364188,2011,state,All,state,99,Nagaland,NA,NA,NA,NA,0,0,0,1,0,0,NA,NA,NA,NA,NA,NA,NA
3318,0.7633816,0.120183341,0.012595533,2011,state,All,state,99,Nagaland,NA,NA,NA,NA,0,0,1,0,0,0,NA,NA,NA,NA,NA,NA,NA
3319,0.842222869,0.110567428,0,2011,state,All,state,99,Nagaland,NA,NA,NA,NA,0,1,0,0,0,0,NA,NA,NA,NA,NA,NA,NA
3320,0.928482473,0.058398038,0.000778342,2011,state,All,state,99,Nagaland,NA,NA,NA,NA,1,0,0,0,0,0,NA,NA,NA,NA,NA,NA,NA
3321,0.236719921,0.688541651,0,2011,state,All,state,99,Manipur,NA,NA,NA,NA,0,0,0,0,0,1,NA,NA,NA,NA,NA,NA,NA
3322,0.347326219,0.564787567,0.013541119,2011,state,All,state,99,Manipur,NA,NA,NA,NA,0,0,0,0,1,0,NA,NA,NA,NA,NA,NA,NA
3323,0.696314096,0.198586747,0.050917644,2011,state,All,state,99,Manipur,NA,NA,NA,NA,0,0,0,1,0,0,NA,NA,NA,NA,NA,NA,NA
3324,0.760780215,0.147523567,0.057892974,2011,state,All,state,99,Manipur,NA,NA,NA,NA,0,0,1,0,0,0,NA,NA,NA,NA,NA,NA,NA
3325,0.846455634,0.077652186,0.02873149,2011,state,All,state,99,Manipur,NA,NA,NA,NA,0,1,0,0,0,0,NA,NA,NA,NA,NA,NA,NA
3326,0.819796145,0.084995188,0.034786191,2011,state,All,state,99,Manipur,NA,NA,NA,NA,1,0,0,0,0,0,NA,NA,NA,NA,NA,NA,NA
3327,0,1,0,2011,state,All,state,99,Mizoram,NA,NA,NA,NA,0,0,0,0,0,1,NA,NA,NA,NA,NA,NA,NA
3328,0.065199532,0.887544394,0.010121648,2011,state,All,state,99,Mizoram,NA,NA,NA,NA,0,0,0,0,1,0,NA,NA,NA,NA,NA,NA,NA
3329,0.350526601,0.567620218,0.029241398,2011,state,All,state,99,Mizoram,NA,NA,NA,NA,0,0,0,1,0,0,NA,NA,NA,NA,NA,NA,NA
3330,0.609248102,0.300016373,0.068931602,2011,state,All,state,99,Mizoram,NA,NA,NA,NA,0,0,1,0,0,0,NA,NA,NA,NA,NA,NA,NA
3331,0.786851943,0.11632818,0.055867147,2011,state,All,state,99,Mizoram,NA,NA,NA,NA,0,1,0,0,0,0,NA,NA,NA,NA,NA,NA,NA
3332,0.879715025,0.057781406,0.0400826,2011,state,All,state,99,Mizoram,NA,NA,NA,NA,1,0,0,0,0,0,NA,NA,NA,NA,NA,NA,NA
3333,0.243018121,0.626021266,0,2011,state,All,state,99,Tripura,NA,NA,NA,NA,0,0,0,0,0,1,NA,NA,NA,NA,NA,NA,NA
3334,0.325921804,0.580158234,0,2011,state,All,state,99,Tripura,NA,NA,NA,NA,0,0,0,0,1,0,NA,NA,NA,NA,NA,NA,NA
3335,0.367649913,0.418940306,0.094805107,2011,state,All,state,99,Tripura,NA,NA,NA,NA,0,0,0,1,0,0,NA,NA,NA,NA,NA,NA,NA
3336,0.441463828,0.195092633,0.314990461,2011,state,All,state,99,Tripura,NA,NA,NA,NA,0,0,1,0,0,0,NA,NA,NA,NA,NA,NA,NA
3337,0.437880546,0.083161056,0.437956363,2011,state,All,state,99,Tripura,NA,NA,NA,NA,0,1,0,0,0,0,NA,NA,NA,NA,NA,NA,NA
3338,0.369252205,0.035520222,0.557873905,2011,state,All,state,99,Tripura,NA,NA,NA,NA,1,0,0,0,0,0,NA,NA,NA,NA,NA,NA,NA
3339,0,0,0,2011,state,All,state,99,Tripura,NA,NA,NA,NA,NA,NA,NA,NA,NA,NA,NA,NA,NA,NA,NA,NA,NA
3340,0.032180984,0.967819035,0,2011,state,All,state,99,Meghalaya,NA,NA,NA,NA,0,0,0,0,0,1,NA,NA,NA,NA,NA,NA,NA
3341,0.185905069,0.739053011,0.009528377,2011,state,All,state,99,Meghalaya,NA,NA,NA,NA,0,0,0,0,1,0,NA,NA,NA,NA,NA,NA,NA
3342,0.394803703,0.520636678,0.035423595,2011,state,All,state,99,Meghalaya,NA,NA,NA,NA,0,0,0,1,0,0,NA,NA,NA,NA,NA,NA,NA
3343,0.763747096,0.10958983,0.076131627,2011,state,All,state,99,Meghalaya,NA,NA,NA,NA,0,0,1,0,0,0,NA,NA,NA,NA,NA,NA,NA
3344,0.708810091,0.086089581,0.196018055,2011,state,All,state,99,Meghalaya,NA,NA,NA,NA,0,1,0,0,0,0,NA,NA,NA,NA,NA,NA,NA
3345,0.72302258,0.099339977,0.171874329,2011,state,All,state,99,Meghalaya,NA,NA,NA,NA,1,0,0,0,0,0,NA,NA,NA,NA,NA,NA,NA
3346,1,0,0,2011,state,All,state,99,Meghalaya,NA,NA,NA,NA,NA,NA,NA,NA,NA,NA,NA,NA,NA,NA,NA,NA,NA
3347,0.162017554,0.837982476,0,2011,state,All,state,99,Assam,NA,NA,NA,NA,0,0,0,0,0,1,NA,NA,NA,NA,NA,NA,NA
3348,0.26433447,0.540095687,0.019970629,2011,state,All,state,99,Assam,NA,NA,NA,NA,0,0,0,0,1,0,NA,NA,NA,NA,NA,NA,NA
3349,0.594798625,0.299904943,0.031207807,2011,state,All,state,99,Assam,NA,NA,NA,NA,0,0,0,1,0,0,NA,NA,NA,NA,NA,NA,NA
3350,0.731768012,0.104953729,0.120904341,2011,state,All,state,99,Assam,NA,NA,NA,NA,0,0,1,0,0,0,NA,NA,NA,NA,NA,NA,NA
3351,0.720750034,0.078015938,0.189665958,2011,state,All,state,99,Assam,NA,NA,NA,NA,0,1,0,0,0,0,NA,NA,NA,NA,NA,NA,NA
3352,0.689020872,0.114206858,0.17380479,2011,state,All,state,99,Assam,NA,NA,NA,NA,1,0,0,0,0,0,NA,NA,NA,NA,NA,NA,NA
3353,1,0,0,2011,state,All,state,99,Assam,NA,NA,NA,NA,NA,NA,NA,NA,NA,NA,NA,NA,NA,NA,NA,NA,NA
3354,0.162705377,0.672730267,0,2011,state,All,state,99,West Bengal,NA,NA,NA,NA,0,0,0,0,0,1,NA,NA,NA,NA,NA,NA,NA
3355,0.395691723,0.456003517,0.036211684,2011,state,All,state,99,West Bengal,NA,NA,NA,NA,0,0,0,0,1,0,NA,NA,NA,NA,NA,NA,NA
3356,0.530475616,0.266144603,0.118727423,2011,state,All,state,99,West Bengal,NA,NA,NA,NA,0,0,0,1,0,0,NA,NA,NA,NA,NA,NA,NA
3357,0.521342874,0.165911406,0.271569878,2011,state,All,state,99,West Bengal,NA,NA,NA,NA,0,0,1,0,0,0,NA,NA,NA,NA,NA,NA,NA
3358,0.455052644,0.121094555,0.388157338,2011,state,All,state,99,West Bengal,NA,NA,NA,NA,0,1,0,0,0,0,NA,NA,NA,NA,NA,NA,NA
3359,0.400082767,0.076298557,0.488579273,2011,state,All,state,99,West Bengal,NA,NA,NA,NA,1,0,0,0,0,0,NA,NA,NA,NA,NA,NA,NA
3360,0,0,0,2011,state,All,state,99,West Bengal,NA,NA,NA,NA,NA,NA,NA,NA,NA,NA,NA,NA,NA,NA,NA,NA,NA
3361,0.305177778,0.635717094,0,2011,state,All,state,99,Jharkhand,NA,NA,NA,NA,0,0,0,0,0,1,NA,NA,NA,NA,NA,NA,NA
3362,0.26830104,0.576849639,0.037738923,2011,state,All,state,99,Jharkhand,NA,NA,NA,NA,0,0,0,0,1,0,NA,NA,NA,NA,NA,NA,NA
3363,0.468860865,0.256301582,0.186963841,2011,state,All,state,99,Jharkhand,NA,NA,NA,NA,0,0,0,1,0,0,NA,NA,NA,NA,NA,NA,NA
3364,0.650694489,0.126383051,0.196655259,2011,state,All,state,99,Jharkhand,NA,NA,NA,NA,0,0,1,0,0,0,NA,NA,NA,NA,NA,NA,NA
3365,0.688865662,0.051388752,0.213493511,2011,state,All,state,99,Jharkhand,NA,NA,NA,NA,0,1,0,0,0,0,NA,NA,NA,NA,NA,NA,NA
3366,0.559288144,0.035521977,0.329945177,2011,state,All,state,99,Jharkhand,NA,NA,NA,NA,1,0,0,0,0,0,NA,NA,NA,NA,NA,NA,NA
3367,0.160878107,0.803881705,0,2011,state,All,state,99,Odisha,NA,NA,NA,NA,0,0,0,0,0,1,NA,NA,NA,NA,NA,NA,NA
3368,0.330709904,0.53362602,0.050057549,2011,state,All,state,99,Odisha,NA,NA,NA,NA,0,0,0,0,1,0,NA,NA,NA,NA,NA,NA,NA
3369,0.547032773,0.259058535,0.127767906,2011,state,All,state,99,Odisha,NA,NA,NA,NA,0,0,0,1,0,0,NA,NA,NA,NA,NA,NA,NA
3370,0.631787181,0.113335267,0.213828787,2011,state,All,state,99,Odisha,NA,NA,NA,NA,0,0,1,0,0,0,NA,NA,NA,NA,NA,NA,NA
3371,0.621869981,0.050795153,0.313652098,2011,state,All,state,99,Odisha,NA,NA,NA,NA,0,1,0,0,0,0,NA,NA,NA,NA,NA,NA,NA
3372,0.518965423,0.03895675,0.41059497,2011,state,All,state,99,Odisha,NA,NA,NA,NA,1,0,0,0,0,0,NA,NA,NA,NA,NA,NA,NA
3373,0.40658173,0.521724164,0.064663954,2011,state,All,state,99,Chhattisgarh,NA,NA,NA,NA,0,0,0,0,0,1,NA,NA,NA,NA,NA,NA,NA
3374,0.316843092,0.665277898,0,2011,state,All,state,99,Chhattisgarh,NA,NA,NA,NA,0,0,0,0,1,0,NA,NA,NA,NA,NA,NA,NA
3375,0.501549304,0.231104791,0.22395952,2011,state,All,state,99,Chhattisgarh,NA,NA,NA,NA,0,0,0,1,0,0,NA,NA,NA,NA,NA,NA,NA
3376,0.693478346,0.103163622,0.180595219,2011,state,All,state,99,Chhattisgarh,NA,NA,NA,NA,0,0,1,0,0,0,NA,NA,NA,NA,NA,NA,NA
3377,0.530906916,0.081041075,0.37344721,2011,state,All,state,99,Chhattisgarh,NA,NA,NA,NA,0,1,0,0,0,0,NA,NA,NA,NA,NA,NA,NA
3378,0.517840147,0.053958394,0.411288023,2011,state,All,state,99,Chhattisgarh,NA,NA,NA,NA,1,0,0,0,0,0,NA,NA,NA,NA,NA,NA,NA
3379,0.278090984,0.677431643,0.016531464,2011,state,All,state,99,Madhya Pradesh,NA,NA,NA,NA,0,0,0,0,0,1,NA,NA,NA,NA,NA,NA,NA
3380,0.415695518,0.509817302,0.040054761,2011,state,All,state,99,Madhya Pradesh,NA,NA,NA,NA,0,0,0,0,1,0,NA,NA,NA,NA,NA,NA,NA
3381,0.58910656,0.231053784,0.155023575,2011,state,All,state,99,Madhya Pradesh,NA,NA,NA,NA,0,0,0,1,0,0,NA,NA,NA,NA,NA,NA,NA
3382,0.600634158,0.12617825,0.260150284,2011,state,All,state,99,Madhya Pradesh,NA,NA,NA,NA,0,0,1,0,0,0,NA,NA,NA,NA,NA,NA,NA
3383,0.60778296,0.106382519,0.263433158,2011,state,All,state,99,Madhya Pradesh,NA,NA,NA,NA,0,1,0,0,0,0,NA,NA,NA,NA,NA,NA,NA
3384,0.506647587,0.045211311,0.436021715,2011,state,All,state,99,Madhya Pradesh,NA,NA,NA,NA,1,0,0,0,0,0,NA,NA,NA,NA,NA,NA,NA
3385,0.062650882,0.937349141,0,2011,state,All,state,99,Madhya Pradesh,NA,NA,NA,NA,NA,NA,NA,NA,NA,NA,NA,NA,NA,NA,NA,NA,NA
3386,0.276583254,0.689601004,0,2011,state,All,state,99,Gujarat,NA,NA,NA,NA,0,0,0,0,0,1,NA,NA,NA,NA,NA,NA,NA
3387,0.348464996,0.569106698,0.002885516,2011,state,All,state,99,Gujarat,NA,NA,NA,NA,0,0,0,0,1,0,NA,NA,NA,NA,NA,NA,NA
3388,0.514048934,0.382340044,0.076643132,2011,state,All,state,99,Gujarat,NA,NA,NA,NA,0,0,0,1,0,0,NA,NA,NA,NA,NA,NA,NA
3389,0.515747547,0.267062068,0.200358689,2011,state,All,state,99,Gujarat,NA,NA,NA,NA,0,0,1,0,0,0,NA,NA,NA,NA,NA,NA,NA
3390,0.549330175,0.232346892,0.20905292,2011,state,All,state,99,Gujarat,NA,NA,NA,NA,0,1,0,0,0,0,NA,NA,NA,NA,NA,NA,NA
3391,0.526834071,0.100476839,0.358371943,2011,state,All,state,99,Gujarat,NA,NA,NA,NA,1,0,0,0,0,0,NA,NA,NA,NA,NA,NA,NA
3392,0,1,0,2011,state,All,state,99,Daman & Diu & D & N Haveli,NA,NA,NA,NA,0,0,0,0,0,1,NA,NA,NA,NA,NA,NA,NA
3393,0.347391278,0.652608693,0,2011,state,All,state,99,Daman & Diu & D & N Haveli,NA,NA,NA,NA,0,0,0,0,1,0,NA,NA,NA,NA,NA,NA,NA
3394,0.097073987,0.808159292,0.091644883,2011,state,All,state,99,Daman & Diu & D & N Haveli,NA,NA,NA,NA,0,0,0,1,0,0,NA,NA,NA,NA,NA,NA,NA
3395,0.163623914,0.662948012,0.084649354,2011,state,All,state,99,Daman & Diu & D & N Haveli,NA,NA,NA,NA,0,0,1,0,0,0,NA,NA,NA,NA,NA,NA,NA
3396,0.682148576,0.258466691,0.059384741,2011,state,All,state,99,Daman & Diu & D & N Haveli,NA,NA,NA,NA,0,1,0,0,0,0,NA,NA,NA,NA,NA,NA,NA
3397,0.442645222,0.389430106,0.144680813,2011,state,All,state,99,Daman & Diu & D & N Haveli,NA,NA,NA,NA,1,0,0,0,0,0,NA,NA,NA,NA,NA,NA,NA
3398,0.220427752,0.724115074,0.012521311,2011,state,All,state,99,Maharashtra,NA,NA,NA,NA,0,0,0,0,0,1,NA,NA,NA,NA,NA,NA,NA
3399,0.337257802,0.563151538,0.029868174,2011,state,All,state,99,Maharashtra,NA,NA,NA,NA,0,0,0,0,1,0,NA,NA,NA,NA,NA,NA,NA
3400,0.455977947,0.366471678,0.132143319,2011,state,All,state,99,Maharashtra,NA,NA,NA,NA,0,0,0,1,0,0,NA,NA,NA,NA,NA,NA,NA
3401,0.510165274,0.235973045,0.23493892,2011,state,All,state,99,Maharashtra,NA,NA,NA,NA,0,0,1,0,0,0,NA,NA,NA,NA,NA,NA,NA
3402,0.496403694,0.214648843,0.268084586,2011,state,All,state,99,Maharashtra,NA,NA,NA,NA,0,1,0,0,0,0,NA,NA,NA,NA,NA,NA,NA
3403,0.424304366,0.130278587,0.417883664,2011,state,All,state,99,Maharashtra,NA,NA,NA,NA,1,0,0,0,0,0,NA,NA,NA,NA,NA,NA,NA
3404,0.182308197,0.746150136,0.004995373,2011,state,All,state,99,Andhra Pradesh,NA,NA,NA,NA,0,0,0,0,0,1,NA,NA,NA,NA,NA,NA,NA
3405,0.236929268,0.688759804,0.008898139,2011,state,All,state,99,Andhra Pradesh,NA,NA,NA,NA,0,0,0,0,1,0,NA,NA,NA,NA,NA,NA,NA
3406,0.483997077,0.274010181,0.15278548,2011,state,All,state,99,Andhra Pradesh,NA,NA,NA,NA,0,0,0,1,0,0,NA,NA,NA,NA,NA,NA,NA
3407,0.466976672,0.157720774,0.31721434,2011,state,All,state,99,Andhra Pradesh,NA,NA,NA,NA,0,0,1,0,0,0,NA,NA,NA,NA,NA,NA,NA
3408,0.482609868,0.157490149,0.294379681,2011,state,All,state,99,Andhra Pradesh,NA,NA,NA,NA,0,1,0,0,0,0,NA,NA,NA,NA,NA,NA,NA
3409,0.373759151,0.080763377,0.508865178,2011,state,All,state,99,Andhra Pradesh,NA,NA,NA,NA,1,0,0,0,0,0,NA,NA,NA,NA,NA,NA,NA
3410,0.18873097,0.766052783,0,2011,state,All,state,99,Karnataka,NA,NA,NA,NA,0,0,0,0,0,1,NA,NA,NA,NA,NA,NA,NA
3411,0.382775009,0.560671985,0.015356821,2011,state,All,state,99,Karnataka,NA,NA,NA,NA,0,0,0,0,1,0,NA,NA,NA,NA,NA,NA,NA
3412,0.557345986,0.28192845,0.122907743,2011,state,All,state,99,Karnataka,NA,NA,NA,NA,0,0,0,1,0,0,NA,NA,NA,NA,NA,NA,NA
3413,0.586972177,0.155396566,0.23635371,2011,state,All,state,99,Karnataka,NA,NA,NA,NA,0,0,1,0,0,0,NA,NA,NA,NA,NA,NA,NA
3414,0.602268815,0.099887103,0.278780162,2011,state,All,state,99,Karnataka,NA,NA,NA,NA,0,1,0,0,0,0,NA,NA,NA,NA,NA,NA,NA
3415,0.476249546,0.08015769,0.427393943,2011,state,All,state,99,Karnataka,NA,NA,NA,NA,1,0,0,0,0,0,NA,NA,NA,NA,NA,NA,NA
3416,0.177099243,0.758792698,0,2011,state,All,state,99,Goa,NA,NA,NA,NA,0,0,0,0,0,1,NA,NA,NA,NA,NA,NA,NA
3417,0.385328323,0.540785134,0,2011,state,All,state,99,Goa,NA,NA,NA,NA,0,0,0,0,1,0,NA,NA,NA,NA,NA,NA,NA
3418,0.422195882,0.445875198,0.044804931,2011,state,All,state,99,Goa,NA,NA,NA,NA,0,0,0,1,0,0,NA,NA,NA,NA,NA,NA,NA
3419,0.600240469,0.217770517,0.152511224,2011,state,All,state,99,Goa,NA,NA,NA,NA,0,0,1,0,0,0,NA,NA,NA,NA,NA,NA,NA
3420,0.263284206,0.387415051,0.26933679,2011,state,All,state,99,Goa,NA,NA,NA,NA,0,1,0,0,0,0,NA,NA,NA,NA,NA,NA,NA
3421,0.484977543,0.359415233,0.087514885,2011,state,All,state,99,Goa,NA,NA,NA,NA,1,0,0,0,0,0,NA,NA,NA,NA,NA,NA,NA
3422,0,1,0,2011,state,All,state,99,Lakshadweep,NA,NA,NA,NA,0,0,0,0,0,1,NA,NA,NA,NA,NA,NA,NA
3423,0.007328937,0.834302902,0,2011,state,All,state,99,Lakshadweep,NA,NA,NA,NA,0,0,0,0,1,0,NA,NA,NA,NA,NA,NA,NA
3424,0.466987997,0.418274909,0.001972773,2011,state,All,state,99,Lakshadweep,NA,NA,NA,NA,0,0,0,1,0,0,NA,NA,NA,NA,NA,NA,NA
3425,0.337036431,0.373257935,0.250576884,2011,state,All,state,99,Lakshadweep,NA,NA,NA,NA,0,0,1,0,0,0,NA,NA,NA,NA,NA,NA,NA
3426,0.133072644,0.481184363,0.091342479,2011,state,All,state,99,Lakshadweep,NA,NA,NA,NA,0,1,0,0,0,0,NA,NA,NA,NA,NA,NA,NA
3427,0.190992028,0.400097162,0.257204831,2011,state,All,state,99,Lakshadweep,NA,NA,NA,NA,1,0,0,0,0,0,NA,NA,NA,NA,NA,NA,NA
3428,0.115926817,0.714820325,0,2011,state,All,state,99,Kerala,NA,NA,NA,NA,0,0,0,0,0,1,NA,NA,NA,NA,NA,NA,NA
3429,0.298761696,0.505580604,0.065448746,2011,state,All,state,99,Kerala,NA,NA,NA,NA,0,0,0,0,1,0,NA,NA,NA,NA,NA,NA,NA
3430,0.410214067,0.240361467,0.179244623,2011,state,All,state,99,Kerala,NA,NA,NA,NA,0,0,0,1,0,0,NA,NA,NA,NA,NA,NA,NA
3431,0.326937437,0.152027234,0.403969288,2011,state,All,state,99,Kerala,NA,NA,NA,NA,0,0,1,0,0,0,NA,NA,NA,NA,NA,NA,NA
3432,0.350584686,0.133690223,0.423777461,2011,state,All,state,99,Kerala,NA,NA,NA,NA,0,1,0,0,0,0,NA,NA,NA,NA,NA,NA,NA
3433,0.270071894,0.131475911,0.493499368,2011,state,All,state,99,Kerala,NA,NA,NA,NA,1,0,0,0,0,0,NA,NA,NA,NA,NA,NA,NA
3434,0.228200257,0.663810968,0.015014409,2011,state,All,state,99,Tamil Nadu,NA,NA,NA,NA,0,0,0,0,0,1,NA,NA,NA,NA,NA,NA,NA
3435,0.296058089,0.593664229,0.058848612,2011,state,All,state,99,Tamil Nadu,NA,NA,NA,NA,0,0,0,0,1,0,NA,NA,NA,NA,NA,NA,NA
3436,0.379106164,0.342532784,0.191916287,2011,state,All,state,99,Tamil Nadu,NA,NA,NA,NA,0,0,0,1,0,0,NA,NA,NA,NA,NA,NA,NA
3437,0.334703088,0.254950553,0.370779812,2011,state,All,state,99,Tamil Nadu,NA,NA,NA,NA,0,0,1,0,0,0,NA,NA,NA,NA,NA,NA,NA
3438,0.321534216,0.185659155,0.46143055,2011,state,All,state,99,Tamil Nadu,NA,NA,NA,NA,0,1,0,0,0,0,NA,NA,NA,NA,NA,NA,NA
3439,0.240766466,0.098797329,0.620411992,2011,state,All,state,99,Tamil Nadu,NA,NA,NA,NA,1,0,0,0,0,0,NA,NA,NA,NA,NA,NA,NA
3440,0.289445966,0.665387273,0,2011,state,All,state,99,Puducherry,NA,NA,NA,NA,0,0,0,0,0,1,NA,NA,NA,NA,NA,NA,NA
3441,0.19598344,0.606831074,0.075181529,2011,state,All,state,99,Puducherry,NA,NA,NA,NA,0,0,0,0,1,0,NA,NA,NA,NA,NA,NA,NA
3442,0.254539251,0.572892427,0.118202418,2011,state,All,state,99,Puducherry,NA,NA,NA,NA,0,0,0,1,0,0,NA,NA,NA,NA,NA,NA,NA
3443,0.270279199,0.272289276,0.380079001,2011,state,All,state,99,Puducherry,NA,NA,NA,NA,0,0,1,0,0,0,NA,NA,NA,NA,NA,NA,NA
3444,0.321569562,0.199596554,0.376430392,2011,state,All,state,99,Puducherry,NA,NA,NA,NA,0,1,0,0,0,0,NA,NA,NA,NA,NA,NA,NA
3445,0.256633699,0.203096256,0.452018052,2011,state,All,state,99,Puducherry,NA,NA,NA,NA,1,0,0,0,0,0,NA,NA,NA,NA,NA,NA,NA
3446,0.023064466,0.976935506,0,2011,state,All,state,99,A & N Island,NA,NA,NA,NA,0,0,0,0,0,1,NA,NA,NA,NA,NA,NA,NA
3447,0.124805786,0.875194192,0,2011,state,All,state,99,A & N Island,NA,NA,NA,NA,0,0,0,0,1,0,NA,NA,NA,NA,NA,NA,NA
3448,0.238623112,0.648044705,0.080001302,2011,state,All,state,99,A & N Island,NA,NA,NA,NA,0,0,0,1,0,0,NA,NA,NA,NA,NA,NA,NA
3449,0.370106071,0.532735407,0.084345743,2011,state,All,state,99,A & N Island,NA,NA,NA,NA,0,0,1,0,0,0,NA,NA,NA,NA,NA,NA,NA
3450,0.381794363,0.446810633,0.148094401,2011,state,All,state,99,A & N Island,NA,NA,NA,NA,0,1,0,0,0,0,NA,NA,NA,NA,NA,NA,NA
3451,0.443948269,0.34574908,0.165659592,2011,state,All,state,99,A & N Island,NA,NA,NA,NA,1,0,0,0,0,0,NA,NA,NA,NA,NA,NA,NA
3452,0.214381054,0.743913054,0.000873023,2011,state,All,state,99,Telangana,NA,NA,NA,NA,0,0,0,0,0,1,NA,NA,NA,NA,NA,NA,NA
3453,0.24875921,0.648851037,0.0161951,2011,state,All,state,99,Telangana,NA,NA,NA,NA,0,0,0,0,1,0,NA,NA,NA,NA,NA,NA,NA
3454,0.53348875,0.320091069,0.090191975,2011,state,All,state,99,Telangana,NA,NA,NA,NA,0,0,0,1,0,0,NA,NA,NA,NA,NA,NA,NA
3455,0.601133287,0.245574474,0.123423316,2011,state,All,state,99,Telangana,NA,NA,NA,NA,0,0,1,0,0,0,NA,NA,NA,NA,NA,NA,NA
3456,0.476968437,0.18372868,0.326493859,2011,state,All,state,99,Telangana,NA,NA,NA,NA,0,1,0,0,0,0,NA,NA,NA,NA,NA,NA,NA
3457,0.482606679,0.094278067,0.402862161,2011,state,All,state,99,Telangana,NA,NA,NA,NA,1,0,0,0,0,0,NA,NA,NA,NA,NA,NA,NA
3458,0,0.81445837,0.18554163,2011,state,All,state,99,Ladakh,NA,NA,NA,NA,0,0,0,0,0,1,NA,NA,NA,NA,NA,NA,NA
3459,0.067187153,0.93281287,0,2011,state,All,state,99,Ladakh,NA,NA,NA,NA,0,0,0,0,1,0,NA,NA,NA,NA,NA,NA,NA
3460,0.281342775,0.647964656,0.020787058,2011,state,All,state,99,Ladakh,NA,NA,NA,NA,0,0,0,1,0,0,NA,NA,NA,NA,NA,NA,NA
3461,0.432094932,0.440154254,0.127750814,2011,state,All,state,99,Ladakh,NA,NA,NA,NA,0,0,1,0,0,0,NA,NA,NA,NA,NA,NA,NA
3462,0.850449979,0.121321857,0.028228171,2011,state,All,state,99,Ladakh,NA,NA,NA,NA,0,1,0,0,0,0,NA,NA,NA,NA,NA,NA,NA
3463,0.383194119,0.095596269,0.412973344,2011,state,All,state,99,Ladakh,NA,NA,NA,NA,1,0,0,0,0,0,NA,NA,NA,NA,NA,NA,NA
3464,0.071328625,0.92867136,0,2011,state,urban/rural,sector_state,0,Jammu & Kashmir,NA,NA,NA,NA,0,0,0,0,0,1,NA,NA,NA,NA,NA,NA,NA
3465,0.310797691,0.616524994,0.007720102,2011,state,urban/rural,sector_state,0,Jammu & Kashmir,NA,NA,NA,NA,0,0,0,0,1,0,NA,NA,NA,NA,NA,NA,NA
3466,0.433185011,0.465591431,0.05926609,2011,state,urban/rural,sector_state,0,Jammu & Kashmir,NA,NA,NA,NA,0,0,0,1,0,0,NA,NA,NA,NA,NA,NA,NA
3467,0.475089341,0.215889812,0.224639982,2011,state,urban/rural,sector_state,0,Jammu & Kashmir,NA,NA,NA,NA,0,0,1,0,0,0,NA,NA,NA,NA,NA,NA,NA
3468,0.55988127,0.112941168,0.313663453,2011,state,urban/rural,sector_state,0,Jammu & Kashmir,NA,NA,NA,NA,0,1,0,0,0,0,NA,NA,NA,NA,NA,NA,NA
3469,0.532498121,0.095914975,0.337219596,2011,state,urban/rural,sector_state,0,Jammu & Kashmir,NA,NA,NA,NA,1,0,0,0,0,0,NA,NA,NA,NA,NA,NA,NA
3470,0,0,1,2011,state,urban/rural,sector_state,0,Jammu & Kashmir,NA,NA,NA,NA,NA,NA,NA,NA,NA,NA,NA,NA,NA,NA,NA,NA,NA
3471,0.359760582,0.543862283,0.029072111,2011,state,urban/rural,sector_state,0,Himachal Pradesh,NA,NA,NA,NA,0,0,0,0,0,1,NA,NA,NA,NA,NA,NA,NA
3472,0.249667153,0.702030897,0.014861056,2011,state,urban/rural,sector_state,0,Himachal Pradesh,NA,NA,NA,NA,0,0,0,0,1,0,NA,NA,NA,NA,NA,NA,NA
3473,0.471337348,0.28419131,0.181228474,2011,state,urban/rural,sector_state,0,Himachal Pradesh,NA,NA,NA,NA,0,0,0,1,0,0,NA,NA,NA,NA,NA,NA,NA
3474,0.498956919,0.146102563,0.25102368,2011,state,urban/rural,sector_state,0,Himachal Pradesh,NA,NA,NA,NA,0,0,1,0,0,0,NA,NA,NA,NA,NA,NA,NA
3475,0.48018977,0.157065704,0.328698307,2011,state,urban/rural,sector_state,0,Himachal Pradesh,NA,NA,NA,NA,0,1,0,0,0,0,NA,NA,NA,NA,NA,NA,NA
3476,0.543916583,0.139950335,0.268091619,2011,state,urban/rural,sector_state,0,Himachal Pradesh,NA,NA,NA,NA,1,0,0,0,0,0,NA,NA,NA,NA,NA,NA,NA
3477,0.580658972,0.39895159,0,2011,state,urban/rural,sector_state,0,Punjab,NA,NA,NA,NA,0,0,0,0,0,1,NA,NA,NA,NA,NA,NA,NA
3478,0.477149844,0.461791486,0.019660464,2011,state,urban/rural,sector_state,0,Punjab,NA,NA,NA,NA,0,0,0,0,1,0,NA,NA,NA,NA,NA,NA,NA
3479,0.544923544,0.242869794,0.162394121,2011,state,urban/rural,sector_state,0,Punjab,NA,NA,NA,NA,0,0,0,1,0,0,NA,NA,NA,NA,NA,NA,NA
3480,0.534742057,0.124712147,0.2599186,2011,state,urban/rural,sector_state,0,Punjab,NA,NA,NA,NA,0,0,1,0,0,0,NA,NA,NA,NA,NA,NA,NA
3481,0.458168596,0.157838568,0.309854627,2011,state,urban/rural,sector_state,0,Punjab,NA,NA,NA,NA,0,1,0,0,0,0,NA,NA,NA,NA,NA,NA,NA
3482,0.393386304,0.114377327,0.451684207,2011,state,urban/rural,sector_state,0,Punjab,NA,NA,NA,NA,1,0,0,0,0,0,NA,NA,NA,NA,NA,NA,NA
3483,0.870136857,0.129863128,0,2011,state,urban/rural,sector_state,0,Chandigarh,NA,NA,NA,NA,0,0,0,0,0,1,NA,NA,NA,NA,NA,NA,NA
3484,0.042931061,0.887352705,0,2011,state,urban/rural,sector_state,0,Chandigarh,NA,NA,NA,NA,0,0,0,0,1,0,NA,NA,NA,NA,NA,NA,NA
3485,0.10138838,0.625038505,0,2011,state,urban/rural,sector_state,0,Chandigarh,NA,NA,NA,NA,0,0,0,1,0,0,NA,NA,NA,NA,NA,NA,NA
3486,0.223296016,0.776703954,0,2011,state,urban/rural,sector_state,0,Chandigarh,NA,NA,NA,NA,0,0,1,0,0,0,NA,NA,NA,NA,NA,NA,NA
3487,0.405173898,0.594826102,0,2011,state,urban/rural,sector_state,0,Chandigarh,NA,NA,NA,NA,0,1,0,0,0,0,NA,NA,NA,NA,NA,NA,NA
3488,0.711244345,0.191481709,0.097273953,2011,state,urban/rural,sector_state,0,Chandigarh,NA,NA,NA,NA,1,0,0,0,0,0,NA,NA,NA,NA,NA,NA,NA
3489,0.418905497,0.537103593,0.011446182,2011,state,urban/rural,sector_state,0,Uttrakhand,NA,NA,NA,NA,0,0,0,0,0,1,NA,NA,NA,NA,NA,NA,NA
3490,0.424180508,0.477898896,0.007293315,2011,state,urban/rural,sector_state,0,Uttrakhand,NA,NA,NA,NA,0,0,0,0,1,0,NA,NA,NA,NA,NA,NA,NA
3491,0.644190729,0.180202365,0.111608811,2011,state,urban/rural,sector_state,0,Uttrakhand,NA,NA,NA,NA,0,0,0,1,0,0,NA,NA,NA,NA,NA,NA,NA
3492,0.615118802,0.071274944,0.272355765,2011,state,urban/rural,sector_state,0,Uttrakhand,NA,NA,NA,NA,0,0,1,0,0,0,NA,NA,NA,NA,NA,NA,NA
3493,0.681014121,0.100534126,0.195852339,2011,state,urban/rural,sector_state,0,Uttrakhand,NA,NA,NA,NA,0,1,0,0,0,0,NA,NA,NA,NA,NA,NA,NA
3494,0.650215566,0.047992207,0.220467567,2011,state,urban/rural,sector_state,0,Uttrakhand,NA,NA,NA,NA,1,0,0,0,0,0,NA,NA,NA,NA,NA,NA,NA
3495,0.179267347,0.806468964,0,2011,state,urban/rural,sector_state,0,Haryana,NA,NA,NA,NA,0,0,0,0,0,1,NA,NA,NA,NA,NA,NA,NA
3496,0.566723645,0.294977129,0.042794701,2011,state,urban/rural,sector_state,0,Haryana,NA,NA,NA,NA,0,0,0,0,1,0,NA,NA,NA,NA,NA,NA,NA
3497,0.555142164,0.236234456,0.153369337,2011,state,urban/rural,sector_state,0,Haryana,NA,NA,NA,NA,0,0,0,1,0,0,NA,NA,NA,NA,NA,NA,NA
3498,0.687541842,0.129126564,0.15069966,2011,state,urban/rural,sector_state,0,Haryana,NA,NA,NA,NA,0,0,1,0,0,0,NA,NA,NA,NA,NA,NA,NA
3499,0.577047169,0.06717471,0.331862539,2011,state,urban/rural,sector_state,0,Haryana,NA,NA,NA,NA,0,1,0,0,0,0,NA,NA,NA,NA,NA,NA,NA
3500,0.456000417,0.059765909,0.427191317,2011,state,urban/rural,sector_state,0,Haryana,NA,NA,NA,NA,1,0,0,0,0,0,NA,NA,NA,NA,NA,NA,NA
3501,0,1,0,2011,state,urban/rural,sector_state,0,Delhi,NA,NA,NA,NA,0,0,0,0,0,1,NA,NA,NA,NA,NA,NA,NA
3502,0.59518075,0.40481925,0,2011,state,urban/rural,sector_state,0,Delhi,NA,NA,NA,NA,0,0,0,0,1,0,NA,NA,NA,NA,NA,NA,NA
3503,0.060961585,0.744064093,0.139187723,2011,state,urban/rural,sector_state,0,Delhi,NA,NA,NA,NA,0,0,0,1,0,0,NA,NA,NA,NA,NA,NA,NA
3504,0.017855339,0.982144654,0,2011,state,urban/rural,sector_state,0,Delhi,NA,NA,NA,NA,0,0,1,0,0,0,NA,NA,NA,NA,NA,NA,NA
3505,0.69336468,0.030452164,0.276183128,2011,state,urban/rural,sector_state,0,Delhi,NA,NA,NA,NA,0,1,0,0,0,0,NA,NA,NA,NA,NA,NA,NA
3506,0.789494455,0.210505545,0,2011,state,urban/rural,sector_state,0,Delhi,NA,NA,NA,NA,1,0,0,0,0,0,NA,NA,NA,NA,NA,NA,NA
3507,0.48083517,0.417043388,0.021114752,2011,state,urban/rural,sector_state,0,Rajasthan,NA,NA,NA,NA,0,0,0,0,0,1,NA,NA,NA,NA,NA,NA,NA
3508,0.521816492,0.366934597,0.088430233,2011,state,urban/rural,sector_state,0,Rajasthan,NA,NA,NA,NA,0,0,0,0,1,0,NA,NA,NA,NA,NA,NA,NA
3509,0.716656506,0.156439409,0.085869133,2011,state,urban/rural,sector_state,0,Rajasthan,NA,NA,NA,NA,0,0,0,1,0,0,NA,NA,NA,NA,NA,NA,NA
3510,0.579740822,0.095052905,0.300938547,2011,state,urban/rural,sector_state,0,Rajasthan,NA,NA,NA,NA,0,0,1,0,0,0,NA,NA,NA,NA,NA,NA,NA
3511,0.614463687,0.075314045,0.299466252,2011,state,urban/rural,sector_state,0,Rajasthan,NA,NA,NA,NA,0,1,0,0,0,0,NA,NA,NA,NA,NA,NA,NA
3512,0.60875839,0.03762427,0.317467481,2011,state,urban/rural,sector_state,0,Rajasthan,NA,NA,NA,NA,1,0,0,0,0,0,NA,NA,NA,NA,NA,NA,NA
3513,0.519083261,0.380731404,0.060309552,2011,state,urban/rural,sector_state,0,Uttar Pradesh,NA,NA,NA,NA,0,0,0,0,0,1,NA,NA,NA,NA,NA,NA,NA
3514,0.678399801,0.254668504,0.036521517,2011,state,urban/rural,sector_state,0,Uttar Pradesh,NA,NA,NA,NA,0,0,0,0,1,0,NA,NA,NA,NA,NA,NA,NA
3515,0.734057426,0.093709193,0.148587644,2011,state,urban/rural,sector_state,0,Uttar Pradesh,NA,NA,NA,NA,0,0,0,1,0,0,NA,NA,NA,NA,NA,NA,NA
3516,0.699376643,0.056493755,0.218447268,2011,state,urban/rural,sector_state,0,Uttar Pradesh,NA,NA,NA,NA,0,0,1,0,0,0,NA,NA,NA,NA,NA,NA,NA
3517,0.685540974,0.022602629,0.280212611,2011,state,urban/rural,sector_state,0,Uttar Pradesh,NA,NA,NA,NA,0,1,0,0,0,0,NA,NA,NA,NA,NA,NA,NA
3518,0.601918876,0.024887495,0.34101367,2011,state,urban/rural,sector_state,0,Uttar Pradesh,NA,NA,NA,NA,1,0,0,0,0,0,NA,NA,NA,NA,NA,NA,NA
3519,0.357461303,0.288312674,0.276605874,2011,state,urban/rural,sector_state,0,Bihar,NA,NA,NA,NA,0,0,0,0,0,1,NA,NA,NA,NA,NA,NA,NA
3520,0.502265513,0.37687701,0.058086496,2011,state,urban/rural,sector_state,0,Bihar,NA,NA,NA,NA,0,0,0,0,1,0,NA,NA,NA,NA,NA,NA,NA
3521,0.724357128,0.062291961,0.12364883,2011,state,urban/rural,sector_state,0,Bihar,NA,NA,NA,NA,0,0,0,1,0,0,NA,NA,NA,NA,NA,NA,NA
3522,0.639614165,0.031193711,0.274705648,2011,state,urban/rural,sector_state,0,Bihar,NA,NA,NA,NA,0,0,1,0,0,0,NA,NA,NA,NA,NA,NA,NA
3523,0.620483637,0.024284771,0.296221972,2011,state,urban/rural,sector_state,0,Bihar,NA,NA,NA,NA,0,1,0,0,0,0,NA,NA,NA,NA,NA,NA,NA
3524,0.460448295,0.009149459,0.45081073,2011,state,urban/rural,sector_state,0,Bihar,NA,NA,NA,NA,1,0,0,0,0,0,NA,NA,NA,NA,NA,NA,NA
3525,1,0,0,2011,state,urban/rural,sector_state,0,Bihar,NA,NA,NA,NA,NA,NA,NA,NA,NA,NA,NA,NA,NA,NA,NA,NA,NA
3526,0,1,0,2011,state,urban/rural,sector_state,0,Sikkim,NA,NA,NA,NA,0,0,0,0,0,1,NA,NA,NA,NA,NA,NA,NA
3527,0.069113456,0.924106658,0,2011,state,urban/rural,sector_state,0,Sikkim,NA,NA,NA,NA,0,0,0,0,1,0,NA,NA,NA,NA,NA,NA,NA
3528,0.384489059,0.602492273,0,2011,state,urban/rural,sector_state,0,Sikkim,NA,NA,NA,NA,0,0,0,1,0,0,NA,NA,NA,NA,NA,NA,NA
3529,0.470781833,0.435581863,0.0643811,2011,state,urban/rural,sector_state,0,Sikkim,NA,NA,NA,NA,0,0,1,0,0,0,NA,NA,NA,NA,NA,NA,NA
3530,0.790720165,0.155812576,0.050535157,2011,state,urban/rural,sector_state,0,Sikkim,NA,NA,NA,NA,0,1,0,0,0,0,NA,NA,NA,NA,NA,NA,NA
3531,0.838510156,0.118199475,0.036533326,2011,state,urban/rural,sector_state,0,Sikkim,NA,NA,NA,NA,1,0,0,0,0,0,NA,NA,NA,NA,NA,NA,NA
3532,0.080738053,0.919261932,0,2011,state,urban/rural,sector_state,0,Arunachal Pradesh,NA,NA,NA,NA,0,0,0,0,0,1,NA,NA,NA,NA,NA,NA,NA
3533,0.230484083,0.72731787,0.00344803,2011,state,urban/rural,sector_state,0,Arunachal Pradesh,NA,NA,NA,NA,0,0,0,0,1,0,NA,NA,NA,NA,NA,NA,NA
3534,0.65104562,0.278308541,0.024620762,2011,state,urban/rural,sector_state,0,Arunachal Pradesh,NA,NA,NA,NA,0,0,0,1,0,0,NA,NA,NA,NA,NA,NA,NA
3535,0.830616474,0.109546602,0.00526751,2011,state,urban/rural,sector_state,0,Arunachal Pradesh,NA,NA,NA,NA,0,0,1,0,0,0,NA,NA,NA,NA,NA,NA,NA
3536,0.839183629,0.132762164,0.008190921,2011,state,urban/rural,sector_state,0,Arunachal Pradesh,NA,NA,NA,NA,0,1,0,0,0,0,NA,NA,NA,NA,NA,NA,NA
3537,0.883072436,0.048311017,0.026294762,2011,state,urban/rural,sector_state,0,Arunachal Pradesh,NA,NA,NA,NA,1,0,0,0,0,0,NA,NA,NA,NA,NA,NA,NA
3538,0.075873427,0.924126565,0,2011,state,urban/rural,sector_state,0,Nagaland,NA,NA,NA,NA,0,0,0,0,0,1,NA,NA,NA,NA,NA,NA,NA
3539,0.211236745,0.78474015,0,2011,state,urban/rural,sector_state,0,Nagaland,NA,NA,NA,NA,0,0,0,0,1,0,NA,NA,NA,NA,NA,NA,NA
3540,0.599081099,0.34590748,0.006885965,2011,state,urban/rural,sector_state,0,Nagaland,NA,NA,NA,NA,0,0,0,1,0,0,NA,NA,NA,NA,NA,NA,NA
3541,0.829722822,0.090173051,0.002730354,2011,state,urban/rural,sector_state,0,Nagaland,NA,NA,NA,NA,0,0,1,0,0,0,NA,NA,NA,NA,NA,NA,NA
3542,0.920979261,0.020945741,0,2011,state,urban/rural,sector_state,0,Nagaland,NA,NA,NA,NA,0,1,0,0,0,0,NA,NA,NA,NA,NA,NA,NA
3543,0.954738379,0.034268022,0.000855903,2011,state,urban/rural,sector_state,0,Nagaland,NA,NA,NA,NA,1,0,0,0,0,0,NA,NA,NA,NA,NA,NA,NA
3544,0.235861138,0.681569278,0,2011,state,urban/rural,sector_state,0,Manipur,NA,NA,NA,NA,0,0,0,0,0,1,NA,NA,NA,NA,NA,NA,NA
3545,0.366420835,0.565977454,0.013036583,2011,state,urban/rural,sector_state,0,Manipur,NA,NA,NA,NA,0,0,0,0,1,0,NA,NA,NA,NA,NA,NA,NA
3546,0.742530048,0.180986449,0.063141964,2011,state,urban/rural,sector_state,0,Manipur,NA,NA,NA,NA,0,0,0,1,0,0,NA,NA,NA,NA,NA,NA,NA
3547,0.795799136,0.140684411,0.055529635,2011,state,urban/rural,sector_state,0,Manipur,NA,NA,NA,NA,0,0,1,0,0,0,NA,NA,NA,NA,NA,NA,NA
3548,0.875985026,0.075321369,0.020942574,2011,state,urban/rural,sector_state,0,Manipur,NA,NA,NA,NA,0,1,0,0,0,0,NA,NA,NA,NA,NA,NA,NA
3549,0.865823805,0.073209487,0.033716124,2011,state,urban/rural,sector_state,0,Manipur,NA,NA,NA,NA,1,0,0,0,0,0,NA,NA,NA,NA,NA,NA,NA
3550,0,1,0,2011,state,urban/rural,sector_state,0,Mizoram,NA,NA,NA,NA,0,0,0,0,0,1,NA,NA,NA,NA,NA,NA,NA
3551,0.092325121,0.897756934,0,2011,state,urban/rural,sector_state,0,Mizoram,NA,NA,NA,NA,0,0,0,0,1,0,NA,NA,NA,NA,NA,NA,NA
3552,0.440178901,0.487866223,0.017272271,2011,state,urban/rural,sector_state,0,Mizoram,NA,NA,NA,NA,0,0,0,1,0,0,NA,NA,NA,NA,NA,NA,NA
3553,0.798293293,0.165654242,0.02280852,2011,state,urban/rural,sector_state,0,Mizoram,NA,NA,NA,NA,0,0,1,0,0,0,NA,NA,NA,NA,NA,NA,NA
3554,0.946768105,0.041940674,0.002913854,2011,state,urban/rural,sector_state,0,Mizoram,NA,NA,NA,NA,0,1,0,0,0,0,NA,NA,NA,NA,NA,NA,NA
3555,0.964652479,0.023099868,0.010957466,2011,state,urban/rural,sector_state,0,Mizoram,NA,NA,NA,NA,1,0,0,0,0,0,NA,NA,NA,NA,NA,NA,NA
3556,0,0.507773995,0,2011,state,urban/rural,sector_state,0,Tripura,NA,NA,NA,NA,0,0,0,0,0,1,NA,NA,NA,NA,NA,NA,NA
3557,0.359366775,0.625221252,0,2011,state,urban/rural,sector_state,0,Tripura,NA,NA,NA,NA,0,0,0,0,1,0,NA,NA,NA,NA,NA,NA,NA
3558,0.348611385,0.474490494,0.128042296,2011,state,urban/rural,sector_state,0,Tripura,NA,NA,NA,NA,0,0,0,1,0,0,NA,NA,NA,NA,NA,NA,NA
3559,0.437299073,0.133617952,0.396982402,2011,state,urban/rural,sector_state,0,Tripura,NA,NA,NA,NA,0,0,1,0,0,0,NA,NA,NA,NA,NA,NA,NA
3560,0.435097039,0.073852532,0.452505231,2011,state,urban/rural,sector_state,0,Tripura,NA,NA,NA,NA,0,1,0,0,0,0,NA,NA,NA,NA,NA,NA,NA
3561,0.360881895,0.026713094,0.574098229,2011,state,urban/rural,sector_state,0,Tripura,NA,NA,NA,NA,1,0,0,0,0,0,NA,NA,NA,NA,NA,NA,NA
3562,0,0,0,2011,state,urban/rural,sector_state,0,Tripura,NA,NA,NA,NA,NA,NA,NA,NA,NA,NA,NA,NA,NA,NA,NA,NA,NA
3563,0.124769747,0.875230253,0,2011,state,urban/rural,sector_state,0,Meghalaya,NA,NA,NA,NA,0,0,0,0,0,1,NA,NA,NA,NA,NA,NA,NA
3564,0.265623927,0.701892972,0,2011,state,urban/rural,sector_state,0,Meghalaya,NA,NA,NA,NA,0,0,0,0,1,0,NA,NA,NA,NA,NA,NA,NA
3565,0.437639207,0.470675915,0.03866167,2011,state,urban/rural,sector_state,0,Meghalaya,NA,NA,NA,NA,0,0,0,1,0,0,NA,NA,NA,NA,NA,NA,NA
3566,0.823377788,0.065268435,0.075000197,2011,state,urban/rural,sector_state,0,Meghalaya,NA,NA,NA,NA,0,0,1,0,0,0,NA,NA,NA,NA,NA,NA,NA
3567,0.726210833,0.068708278,0.202903986,2011,state,urban/rural,sector_state,0,Meghalaya,NA,NA,NA,NA,0,1,0,0,0,0,NA,NA,NA,NA,NA,NA,NA
3568,0.73470664,0.097879834,0.164117351,2011,state,urban/rural,sector_state,0,Meghalaya,NA,NA,NA,NA,1,0,0,0,0,0,NA,NA,NA,NA,NA,NA,NA
3569,0.088338889,0.911661088,0,2011,state,urban/rural,sector_state,0,Assam,NA,NA,NA,NA,0,0,0,0,0,1,NA,NA,NA,NA,NA,NA,NA
3570,0.290100455,0.640264392,0,2011,state,urban/rural,sector_state,0,Assam,NA,NA,NA,NA,0,0,0,0,1,0,NA,NA,NA,NA,NA,NA,NA
3571,0.641204476,0.245376661,0.035048779,2011,state,urban/rural,sector_state,0,Assam,NA,NA,NA,NA,0,0,0,1,0,0,NA,NA,NA,NA,NA,NA,NA
3572,0.744323432,0.08230336,0.130597547,2011,state,urban/rural,sector_state,0,Assam,NA,NA,NA,NA,0,0,1,0,0,0,NA,NA,NA,NA,NA,NA,NA
3573,0.727216482,0.071611933,0.191605449,2011,state,urban/rural,sector_state,0,Assam,NA,NA,NA,NA,0,1,0,0,0,0,NA,NA,NA,NA,NA,NA,NA
3574,0.70307374,0.103795275,0.175954431,2011,state,urban/rural,sector_state,0,Assam,NA,NA,NA,NA,1,0,0,0,0,0,NA,NA,NA,NA,NA,NA,NA
3575,1,0,0,2011,state,urban/rural,sector_state,0,Assam,NA,NA,NA,NA,NA,NA,NA,NA,NA,NA,NA,NA,NA,NA,NA,NA,NA
3576,0.293934196,0.656054437,0,2011,state,urban/rural,sector_state,0,West Bengal,NA,NA,NA,NA,0,0,0,0,0,1,NA,NA,NA,NA,NA,NA,NA
3577,0.553525031,0.354962349,0.074579552,2011,state,urban/rural,sector_state,0,West Bengal,NA,NA,NA,NA,0,0,0,0,1,0,NA,NA,NA,NA,NA,NA,NA
3578,0.556166589,0.196987018,0.211584866,2011,state,urban/rural,sector_state,0,West Bengal,NA,NA,NA,NA,0,0,0,1,0,0,NA,NA,NA,NA,NA,NA,NA
3579,0.544511557,0.093800999,0.327164531,2011,state,urban/rural,sector_state,0,West Bengal,NA,NA,NA,NA,0,0,1,0,0,0,NA,NA,NA,NA,NA,NA,NA
3580,0.469665468,0.069768377,0.421865523,2011,state,urban/rural,sector_state,0,West Bengal,NA,NA,NA,NA,0,1,0,0,0,0,NA,NA,NA,NA,NA,NA,NA
3581,0.388056725,0.03913172,0.538410246,2011,state,urban/rural,sector_state,0,West Bengal,NA,NA,NA,NA,1,0,0,0,0,0,NA,NA,NA,NA,NA,NA,NA
3582,0.305020303,0.659567118,0,2011,state,urban/rural,sector_state,0,Jharkhand,NA,NA,NA,NA,0,0,0,0,0,1,NA,NA,NA,NA,NA,NA,NA
3583,0.29656294,0.504915774,0.025240906,2011,state,urban/rural,sector_state,0,Jharkhand,NA,NA,NA,NA,0,0,0,0,1,0,NA,NA,NA,NA,NA,NA,NA
3584,0.546121776,0.143337607,0.246084467,2011,state,urban/rural,sector_state,0,Jharkhand,NA,NA,NA,NA,0,0,0,1,0,0,NA,NA,NA,NA,NA,NA,NA
3585,0.734884739,0.032651883,0.207662523,2011,state,urban/rural,sector_state,0,Jharkhand,NA,NA,NA,NA,0,0,1,0,0,0,NA,NA,NA,NA,NA,NA,NA
3586,0.70648402,0.021992497,0.238860354,2011,state,urban/rural,sector_state,0,Jharkhand,NA,NA,NA,NA,0,1,0,0,0,0,NA,NA,NA,NA,NA,NA,NA
3587,0.589897096,0.018503802,0.325136662,2011,state,urban/rural,sector_state,0,Jharkhand,NA,NA,NA,NA,1,0,0,0,0,0,NA,NA,NA,NA,NA,NA,NA
3588,0.265740693,0.734259307,0,2011,state,urban/rural,sector_state,0,Odisha,NA,NA,NA,NA,0,0,0,0,0,1,NA,NA,NA,NA,NA,NA,NA
3589,0.464469612,0.436206341,0.077277176,2011,state,urban/rural,sector_state,0,Odisha,NA,NA,NA,NA,0,0,0,0,1,0,NA,NA,NA,NA,NA,NA,NA
3590,0.570923984,0.213963434,0.15861766,2011,state,urban/rural,sector_state,0,Odisha,NA,NA,NA,NA,0,0,0,1,0,0,NA,NA,NA,NA,NA,NA,NA
3591,0.651548386,0.074319877,0.236347109,2011,state,urban/rural,sector_state,0,Odisha,NA,NA,NA,NA,0,0,1,0,0,0,NA,NA,NA,NA,NA,NA,NA
3592,0.629609883,0.035551671,0.324428767,2011,state,urban/rural,sector_state,0,Odisha,NA,NA,NA,NA,0,1,0,0,0,0,NA,NA,NA,NA,NA,NA,NA
3593,0.512557268,0.031014297,0.425485641,2011,state,urban/rural,sector_state,0,Odisha,NA,NA,NA,NA,1,0,0,0,0,0,NA,NA,NA,NA,NA,NA,NA
3594,0.526477456,0.473522544,0,2011,state,urban/rural,sector_state,0,Chhattisgarh,NA,NA,NA,NA,0,0,0,0,0,1,NA,NA,NA,NA,NA,NA,NA
3595,0.375860393,0.624139607,0,2011,state,urban/rural,sector_state,0,Chhattisgarh,NA,NA,NA,NA,0,0,0,0,1,0,NA,NA,NA,NA,NA,NA,NA
3596,0.633534551,0.123589613,0.239083394,2011,state,urban/rural,sector_state,0,Chhattisgarh,NA,NA,NA,NA,0,0,0,1,0,0,NA,NA,NA,NA,NA,NA,NA
3597,0.772999167,0.044210237,0.181924507,2011,state,urban/rural,sector_state,0,Chhattisgarh,NA,NA,NA,NA,0,0,1,0,0,0,NA,NA,NA,NA,NA,NA,NA
3598,0.597971499,0.040069222,0.356073201,2011,state,urban/rural,sector_state,0,Chhattisgarh,NA,NA,NA,NA,0,1,0,0,0,0,NA,NA,NA,NA,NA,NA,NA
3599,0.551160872,0.03960295,0.394500524,2011,state,urban/rural,sector_state,0,Chhattisgarh,NA,NA,NA,NA,1,0,0,0,0,0,NA,NA,NA,NA,NA,NA,NA
3600,0.372729838,0.589455426,0.031270873,2011,state,urban/rural,sector_state,0,Madhya Pradesh,NA,NA,NA,NA,0,0,0,0,0,1,NA,NA,NA,NA,NA,NA,NA
3601,0.559494793,0.334963799,0.103828162,2011,state,urban/rural,sector_state,0,Madhya Pradesh,NA,NA,NA,NA,0,0,0,0,1,0,NA,NA,NA,NA,NA,NA,NA
3602,0.630841851,0.145395577,0.21891664,2011,state,urban/rural,sector_state,0,Madhya Pradesh,NA,NA,NA,NA,0,0,0,1,0,0,NA,NA,NA,NA,NA,NA,NA
3603,0.633673429,0.068528786,0.285938293,2011,state,urban/rural,sector_state,0,Madhya Pradesh,NA,NA,NA,NA,0,0,1,0,0,0,NA,NA,NA,NA,NA,NA,NA
3604,0.646836281,0.042828873,0.29211852,2011,state,urban/rural,sector_state,0,Madhya Pradesh,NA,NA,NA,NA,0,1,0,0,0,0,NA,NA,NA,NA,NA,NA,NA
3605,0.518746257,0.026305644,0.446849048,2011,state,urban/rural,sector_state,0,Madhya Pradesh,NA,NA,NA,NA,1,0,0,0,0,0,NA,NA,NA,NA,NA,NA,NA
3606,0.183388487,0.816611528,0,2011,state,urban/rural,sector_state,0,Madhya Pradesh,NA,NA,NA,NA,NA,NA,NA,NA,NA,NA,NA,NA,NA,NA,NA,NA,NA
3607,0.259371221,0.737949252,0,2011,state,urban/rural,sector_state,0,Gujarat,NA,NA,NA,NA,0,0,0,0,0,1,NA,NA,NA,NA,NA,NA,NA
3608,0.285047501,0.641518056,0.006904108,2011,state,urban/rural,sector_state,0,Gujarat,NA,NA,NA,NA,0,0,0,0,1,0,NA,NA,NA,NA,NA,NA,NA
3609,0.710093975,0.158005491,0.124570258,2011,state,urban/rural,sector_state,0,Gujarat,NA,NA,NA,NA,0,0,0,1,0,0,NA,NA,NA,NA,NA,NA,NA
3610,0.559909225,0.108185768,0.317499667,2011,state,urban/rural,sector_state,0,Gujarat,NA,NA,NA,NA,0,0,1,0,0,0,NA,NA,NA,NA,NA,NA,NA
3611,0.604646862,0.074515805,0.312900096,2011,state,urban/rural,sector_state,0,Gujarat,NA,NA,NA,NA,0,1,0,0,0,0,NA,NA,NA,NA,NA,NA,NA
3612,0.540186346,0.0408305,0.405504167,2011,state,urban/rural,sector_state,0,Gujarat,NA,NA,NA,NA,1,0,0,0,0,0,NA,NA,NA,NA,NA,NA,NA
3613,0,1,0,2011,state,urban/rural,sector_state,0,Daman & Diu & D & N Haveli,NA,NA,NA,NA,0,0,0,0,0,1,NA,NA,NA,NA,NA,NA,NA
3614,0.040368941,0.959631085,0,2011,state,urban/rural,sector_state,0,Daman & Diu & D & N Haveli,NA,NA,NA,NA,0,0,0,0,1,0,NA,NA,NA,NA,NA,NA,NA
3615,0.079710767,0.807963789,0.112325452,2011,state,urban/rural,sector_state,0,Daman & Diu & D & N Haveli,NA,NA,NA,NA,0,0,0,1,0,0,NA,NA,NA,NA,NA,NA,NA
3616,0.056715991,0.656737864,0.139861688,2011,state,urban/rural,sector_state,0,Daman & Diu & D & N Haveli,NA,NA,NA,NA,0,0,1,0,0,0,NA,NA,NA,NA,NA,NA,NA
3617,0.682659984,0.248519078,0.068820968,2011,state,urban/rural,sector_state,0,Daman & Diu & D & N Haveli,NA,NA,NA,NA,0,1,0,0,0,0,NA,NA,NA,NA,NA,NA,NA
3618,0.424344122,0.368711978,0.176817745,2011,state,urban/rural,sector_state,0,Daman & Diu & D & N Haveli,NA,NA,NA,NA,1,0,0,0,0,0,NA,NA,NA,NA,NA,NA,NA
3619,0.217520148,0.719959438,0.062520437,2011,state,urban/rural,sector_state,0,Maharashtra,NA,NA,NA,NA,0,0,0,0,0,1,NA,NA,NA,NA,NA,NA,NA
3620,0.385907978,0.458680004,0.101637959,2011,state,urban/rural,sector_state,0,Maharashtra,NA,NA,NA,NA,0,0,0,0,1,0,NA,NA,NA,NA,NA,NA,NA
3621,0.551599801,0.189413428,0.247778371,2011,state,urban/rural,sector_state,0,Maharashtra,NA,NA,NA,NA,0,0,0,1,0,0,NA,NA,NA,NA,NA,NA,NA
3622,0.59482497,0.083517775,0.304842651,2011,state,urban/rural,sector_state,0,Maharashtra,NA,NA,NA,NA,0,0,1,0,0,0,NA,NA,NA,NA,NA,NA,NA
3623,0.544841111,0.099745199,0.340947807,2011,state,urban/rural,sector_state,0,Maharashtra,NA,NA,NA,NA,0,1,0,0,0,0,NA,NA,NA,NA,NA,NA,NA
3624,0.449302107,0.040468659,0.488114685,2011,state,urban/rural,sector_state,0,Maharashtra,NA,NA,NA,NA,1,0,0,0,0,0,NA,NA,NA,NA,NA,NA,NA
3625,0.111657321,0.76275593,0,2011,state,urban/rural,sector_state,0,Andhra Pradesh,NA,NA,NA,NA,0,0,0,0,0,1,NA,NA,NA,NA,NA,NA,NA
3626,0.205468819,0.746851265,0.01328697,2011,state,urban/rural,sector_state,0,Andhra Pradesh,NA,NA,NA,NA,0,0,0,0,1,0,NA,NA,NA,NA,NA,NA,NA
3627,0.575315714,0.184248507,0.200494602,2011,state,urban/rural,sector_state,0,Andhra Pradesh,NA,NA,NA,NA,0,0,0,1,0,0,NA,NA,NA,NA,NA,NA,NA
3628,0.500996113,0.089512378,0.354965836,2011,state,urban/rural,sector_state,0,Andhra Pradesh,NA,NA,NA,NA,0,0,1,0,0,0,NA,NA,NA,NA,NA,NA,NA
3629,0.549611866,0.072157189,0.328517318,2011,state,urban/rural,sector_state,0,Andhra Pradesh,NA,NA,NA,NA,0,1,0,0,0,0,NA,NA,NA,NA,NA,NA,NA
3630,0.373981774,0.057366565,0.541211486,2011,state,urban/rural,sector_state,0,Andhra Pradesh,NA,NA,NA,NA,1,0,0,0,0,0,NA,NA,NA,NA,NA,NA,NA
3631,0.164415658,0.835584342,0,2011,state,urban/rural,sector_state,0,Karnataka,NA,NA,NA,NA,0,0,0,0,0,1,NA,NA,NA,NA,NA,NA,NA
3632,0.671347082,0.314305842,0.009370913,2011,state,urban/rural,sector_state,0,Karnataka,NA,NA,NA,NA,0,0,0,0,1,0,NA,NA,NA,NA,NA,NA,NA
3633,0.619932055,0.148544624,0.220755503,2011,state,urban/rural,sector_state,0,Karnataka,NA,NA,NA,NA,0,0,0,1,0,0,NA,NA,NA,NA,NA,NA,NA
3634,0.623214245,0.069078356,0.299693197,2011,state,urban/rural,sector_state,0,Karnataka,NA,NA,NA,NA,0,0,1,0,0,0,NA,NA,NA,NA,NA,NA,NA
3635,0.635311961,0.045312334,0.304059982,2011,state,urban/rural,sector_state,0,Karnataka,NA,NA,NA,NA,0,1,0,0,0,0,NA,NA,NA,NA,NA,NA,NA
3636,0.493661404,0.057286333,0.432186425,2011,state,urban/rural,sector_state,0,Karnataka,NA,NA,NA,NA,1,0,0,0,0,0,NA,NA,NA,NA,NA,NA,NA
3637,1,0,0,2011,state,urban/rural,sector_state,0,Goa,NA,NA,NA,NA,0,0,0,0,0,1,NA,NA,NA,NA,NA,NA,NA
3638,0.252105296,0.622642577,0,2011,state,urban/rural,sector_state,0,Goa,NA,NA,NA,NA,0,0,0,0,1,0,NA,NA,NA,NA,NA,NA,NA
3639,0.508981228,0.348868251,0.06873887,2011,state,urban/rural,sector_state,0,Goa,NA,NA,NA,NA,0,0,0,1,0,0,NA,NA,NA,NA,NA,NA,NA
3640,0.644807518,0.13481918,0.203941077,2011,state,urban/rural,sector_state,0,Goa,NA,NA,NA,NA,0,0,1,0,0,0,NA,NA,NA,NA,NA,NA,NA
3641,0.250775367,0.387574762,0.361649871,2011,state,urban/rural,sector_state,0,Goa,NA,NA,NA,NA,0,1,0,0,0,0,NA,NA,NA,NA,NA,NA,NA
3642,0.552117288,0.296046674,0.08965306,2011,state,urban/rural,sector_state,0,Goa,NA,NA,NA,NA,1,0,0,0,0,0,NA,NA,NA,NA,NA,NA,NA
3643,0,1,0,2011,state,urban/rural,sector_state,0,Lakshadweep,NA,NA,NA,NA,0,0,0,0,0,1,NA,NA,NA,NA,NA,NA,NA
3644,0.013356605,0.698025703,0,2011,state,urban/rural,sector_state,0,Lakshadweep,NA,NA,NA,NA,0,0,0,0,1,0,NA,NA,NA,NA,NA,NA,NA
3645,0.801231802,0.085009024,0,2011,state,urban/rural,sector_state,0,Lakshadweep,NA,NA,NA,NA,0,0,0,1,0,0,NA,NA,NA,NA,NA,NA,NA
3646,0.469989479,0.017858153,0.474117547,2011,state,urban/rural,sector_state,0,Lakshadweep,NA,NA,NA,NA,0,0,1,0,0,0,NA,NA,NA,NA,NA,NA,NA
3647,0.102074705,0.553530931,0.019300709,2011,state,urban/rural,sector_state,0,Lakshadweep,NA,NA,NA,NA,0,1,0,0,0,0,NA,NA,NA,NA,NA,NA,NA
3648,0.15254949,0.407272249,0.365769237,2011,state,urban/rural,sector_state,0,Lakshadweep,NA,NA,NA,NA,1,0,0,0,0,0,NA,NA,NA,NA,NA,NA,NA
3649,0.095155023,0.857742548,0,2011,state,urban/rural,sector_state,0,Kerala,NA,NA,NA,NA,0,0,0,0,0,1,NA,NA,NA,NA,NA,NA,NA
3650,0.352566868,0.453759551,0.083175838,2011,state,urban/rural,sector_state,0,Kerala,NA,NA,NA,NA,0,0,0,0,1,0,NA,NA,NA,NA,NA,NA,NA
3651,0.428758353,0.215392128,0.205202803,2011,state,urban/rural,sector_state,0,Kerala,NA,NA,NA,NA,0,0,0,1,0,0,NA,NA,NA,NA,NA,NA,NA
3652,0.323114097,0.125752226,0.427013546,2011,state,urban/rural,sector_state,0,Kerala,NA,NA,NA,NA,0,0,1,0,0,0,NA,NA,NA,NA,NA,NA,NA
3653,0.367386371,0.10225822,0.439431041,2011,state,urban/rural,sector_state,0,Kerala,NA,NA,NA,NA,0,1,0,0,0,0,NA,NA,NA,NA,NA,NA,NA
3654,0.266285568,0.12016736,0.513691902,2011,state,urban/rural,sector_state,0,Kerala,NA,NA,NA,NA,1,0,0,0,0,0,NA,NA,NA,NA,NA,NA,NA
3655,0.311281294,0.574087262,0.049806077,2011,state,urban/rural,sector_state,0,Tamil Nadu,NA,NA,NA,NA,0,0,0,0,0,1,NA,NA,NA,NA,NA,NA,NA
3656,0.40883857,0.435020059,0.13231796,2011,state,urban/rural,sector_state,0,Tamil Nadu,NA,NA,NA,NA,0,0,0,0,1,0,NA,NA,NA,NA,NA,NA,NA
3657,0.409234136,0.235970944,0.294260472,2011,state,urban/rural,sector_state,0,Tamil Nadu,NA,NA,NA,NA,0,0,0,1,0,0,NA,NA,NA,NA,NA,NA,NA
3658,0.33827585,0.165829822,0.47272554,2011,state,urban/rural,sector_state,0,Tamil Nadu,NA,NA,NA,NA,0,0,1,0,0,0,NA,NA,NA,NA,NA,NA,NA
3659,0.304184437,0.098744057,0.58259958,2011,state,urban/rural,sector_state,0,Tamil Nadu,NA,NA,NA,NA,0,1,0,0,0,0,NA,NA,NA,NA,NA,NA,NA
3660,0.220014095,0.051027242,0.690306485,2011,state,urban/rural,sector_state,0,Tamil Nadu,NA,NA,NA,NA,1,0,0,0,0,0,NA,NA,NA,NA,NA,NA,NA
3661,0.243141353,0.756858647,0,2011,state,urban/rural,sector_state,0,Puducherry,NA,NA,NA,NA,0,0,0,0,0,1,NA,NA,NA,NA,NA,NA,NA
3662,0.398296177,0.010462607,0.3683258,2011,state,urban/rural,sector_state,0,Puducherry,NA,NA,NA,NA,0,0,0,0,1,0,NA,NA,NA,NA,NA,NA,NA
3663,0.335875511,0.60422653,0.033998832,2011,state,urban/rural,sector_state,0,Puducherry,NA,NA,NA,NA,0,0,0,1,0,0,NA,NA,NA,NA,NA,NA,NA
3664,0.20090574,0.190942928,0.550880969,2011,state,urban/rural,sector_state,0,Puducherry,NA,NA,NA,NA,0,0,1,0,0,0,NA,NA,NA,NA,NA,NA,NA
3665,0.374852329,0.016785137,0.606182456,2011,state,urban/rural,sector_state,0,Puducherry,NA,NA,NA,NA,0,1,0,0,0,0,NA,NA,NA,NA,NA,NA,NA
3666,0.315491587,0.065606855,0.515592456,2011,state,urban/rural,sector_state,0,Puducherry,NA,NA,NA,NA,1,0,0,0,0,0,NA,NA,NA,NA,NA,NA,NA
3667,0,1,0,2011,state,urban/rural,sector_state,0,A & N Island,NA,NA,NA,NA,0,0,0,0,0,1,NA,NA,NA,NA,NA,NA,NA
3668,0.158272088,0.841727912,0,2011,state,urban/rural,sector_state,0,A & N Island,NA,NA,NA,NA,0,0,0,0,1,0,NA,NA,NA,NA,NA,NA,NA
3669,0.344932139,0.600241363,0.039980169,2011,state,urban/rural,sector_state,0,A & N Island,NA,NA,NA,NA,0,0,0,1,0,0,NA,NA,NA,NA,NA,NA,NA
3670,0.387156904,0.496457577,0.106313497,2011,state,urban/rural,sector_state,0,A & N Island,NA,NA,NA,NA,0,0,1,0,0,0,NA,NA,NA,NA,NA,NA,NA
3671,0.506037772,0.330732048,0.151278332,2011,state,urban/rural,sector_state,0,A & N Island,NA,NA,NA,NA,0,1,0,0,0,0,NA,NA,NA,NA,NA,NA,NA
3672,0.526382267,0.315103024,0.141232193,2011,state,urban/rural,sector_state,0,A & N Island,NA,NA,NA,NA,1,0,0,0,0,0,NA,NA,NA,NA,NA,NA,NA
3673,0.21130842,0.751523495,0,2011,state,urban/rural,sector_state,0,Telangana,NA,NA,NA,NA,0,0,0,0,0,1,NA,NA,NA,NA,NA,NA,NA
3674,0.42624709,0.471866161,0.018762993,2011,state,urban/rural,sector_state,0,Telangana,NA,NA,NA,NA,0,0,0,0,1,0,NA,NA,NA,NA,NA,NA,NA
3675,0.623006701,0.185003176,0.136178672,2011,state,urban/rural,sector_state,0,Telangana,NA,NA,NA,NA,0,0,0,1,0,0,NA,NA,NA,NA,NA,NA,NA
3676,0.745435715,0.088139459,0.142749041,2011,state,urban/rural,sector_state,0,Telangana,NA,NA,NA,NA,0,0,1,0,0,0,NA,NA,NA,NA,NA,NA,NA
3677,0.427942991,0.130203798,0.437003851,2011,state,urban/rural,sector_state,0,Telangana,NA,NA,NA,NA,0,1,0,0,0,0,NA,NA,NA,NA,NA,NA,NA
3678,0.517779171,0.033185948,0.432143986,2011,state,urban/rural,sector_state,0,Telangana,NA,NA,NA,NA,1,0,0,0,0,0,NA,NA,NA,NA,NA,NA,NA
3679,0,1,0,2011,state,urban/rural,sector_state,0,Ladakh,NA,NA,NA,NA,0,0,0,0,0,1,NA,NA,NA,NA,NA,NA,NA
3680,0,1,0,2011,state,urban/rural,sector_state,0,Ladakh,NA,NA,NA,NA,0,0,0,0,1,0,NA,NA,NA,NA,NA,NA,NA
3681,0.398361772,0.529520333,0,2011,state,urban/rural,sector_state,0,Ladakh,NA,NA,NA,NA,0,0,0,1,0,0,NA,NA,NA,NA,NA,NA,NA
3682,0.47779122,0.373648524,0.148560271,2011,state,urban/rural,sector_state,0,Ladakh,NA,NA,NA,NA,0,0,1,0,0,0,NA,NA,NA,NA,NA,NA,NA
3683,0.87124151,0.128758475,0,2011,state,urban/rural,sector_state,0,Ladakh,NA,NA,NA,NA,0,1,0,0,0,0,NA,NA,NA,NA,NA,NA,NA
3684,0.375590205,0.076598503,0.431656897,2011,state,urban/rural,sector_state,0,Ladakh,NA,NA,NA,NA,1,0,0,0,0,0,NA,NA,NA,NA,NA,NA,NA
3685,0.165546551,0.769413888,0,2011,state,urban/rural,sector_state,1,Jammu & Kashmir,NA,NA,NA,NA,0,0,0,0,0,1,NA,NA,NA,NA,NA,NA,NA
3686,0.272479147,0.640087426,0.010153135,2011,state,urban/rural,sector_state,1,Jammu & Kashmir,NA,NA,NA,NA,0,0,0,0,1,0,NA,NA,NA,NA,NA,NA,NA
3687,0.380841285,0.503726661,0.045647938,2011,state,urban/rural,sector_state,1,Jammu & Kashmir,NA,NA,NA,NA,0,0,0,1,0,0,NA,NA,NA,NA,NA,NA,NA
3688,0.492682576,0.300906986,0.112306193,2011,state,urban/rural,sector_state,1,Jammu & Kashmir,NA,NA,NA,NA,0,0,1,0,0,0,NA,NA,NA,NA,NA,NA,NA
3689,0.507384121,0.43886286,0.034217745,2011,state,urban/rural,sector_state,1,Jammu & Kashmir,NA,NA,NA,NA,0,1,0,0,0,0,NA,NA,NA,NA,NA,NA,NA
3690,0.471706986,0.215344474,0.265021652,2011,state,urban/rural,sector_state,1,Jammu & Kashmir,NA,NA,NA,NA,1,0,0,0,0,0,NA,NA,NA,NA,NA,NA,NA
3691,0,1,0,2011,state,urban/rural,sector_state,1,Jammu & Kashmir,NA,NA,NA,NA,NA,NA,NA,NA,NA,NA,NA,NA,NA,NA,NA,NA,NA
3692,0.192037895,0.692971408,0,2011,state,urban/rural,sector_state,1,Himachal Pradesh,NA,NA,NA,NA,0,0,0,0,0,1,NA,NA,NA,NA,NA,NA,NA
3693,0.212683111,0.674507439,0.017802147,2011,state,urban/rural,sector_state,1,Himachal Pradesh,NA,NA,NA,NA,0,0,0,0,1,0,NA,NA,NA,NA,NA,NA,NA
3694,0.265174359,0.463118374,0.037525453,2011,state,urban/rural,sector_state,1,Himachal Pradesh,NA,NA,NA,NA,0,0,0,1,0,0,NA,NA,NA,NA,NA,NA,NA
3695,0.351920307,0.443505734,0.096658148,2011,state,urban/rural,sector_state,1,Himachal Pradesh,NA,NA,NA,NA,0,0,1,0,0,0,NA,NA,NA,NA,NA,NA,NA
3696,0.126750991,0.615771711,0.213771984,2011,state,urban/rural,sector_state,1,Himachal Pradesh,NA,NA,NA,NA,0,1,0,0,0,0,NA,NA,NA,NA,NA,NA,NA
3697,0.17693156,0.310148031,0.465977848,2011,state,urban/rural,sector_state,1,Himachal Pradesh,NA,NA,NA,NA,1,0,0,0,0,0,NA,NA,NA,NA,NA,NA,NA
3698,0.399548173,0.470505893,0.026349442,2011,state,urban/rural,sector_state,1,Punjab,NA,NA,NA,NA,0,0,0,0,0,1,NA,NA,NA,NA,NA,NA,NA
3699,0.60151881,0.331876367,0.001408682,2011,state,urban/rural,sector_state,1,Punjab,NA,NA,NA,NA,0,0,0,0,1,0,NA,NA,NA,NA,NA,NA,NA
3700,0.441764802,0.460290253,0.024708893,2011,state,urban/rural,sector_state,1,Punjab,NA,NA,NA,NA,0,0,0,1,0,0,NA,NA,NA,NA,NA,NA,NA
3701,0.505935133,0.328760087,0.105636224,2011,state,urban/rural,sector_state,1,Punjab,NA,NA,NA,NA,0,0,1,0,0,0,NA,NA,NA,NA,NA,NA,NA
3702,0.422680438,0.383142918,0.141468599,2011,state,urban/rural,sector_state,1,Punjab,NA,NA,NA,NA,0,1,0,0,0,0,NA,NA,NA,NA,NA,NA,NA
3703,0.427145392,0.326936275,0.213414282,2011,state,urban/rural,sector_state,1,Punjab,NA,NA,NA,NA,1,0,0,0,0,0,NA,NA,NA,NA,NA,NA,NA
3704,0,0,0,2011,state,urban/rural,sector_state,1,Punjab,NA,NA,NA,NA,NA,NA,NA,NA,NA,NA,NA,NA,NA,NA,NA,NA,NA
3705,0.044258751,0.955741227,0,2011,state,urban/rural,sector_state,1,Chandigarh,NA,NA,NA,NA,0,0,0,0,0,1,NA,NA,NA,NA,NA,NA,NA
3706,0.081020884,0.901204646,0,2011,state,urban/rural,sector_state,1,Chandigarh,NA,NA,NA,NA,0,0,0,0,1,0,NA,NA,NA,NA,NA,NA,NA
3707,0.187529013,0.704912543,0.084969446,2011,state,urban/rural,sector_state,1,Chandigarh,NA,NA,NA,NA,0,0,0,1,0,0,NA,NA,NA,NA,NA,NA,NA
3708,0.383862048,0.582597256,0.033540722,2011,state,urban/rural,sector_state,1,Chandigarh,NA,NA,NA,NA,0,0,1,0,0,0,NA,NA,NA,NA,NA,NA,NA
3709,0.406350344,0.482706428,0.03556763,2011,state,urban/rural,sector_state,1,Chandigarh,NA,NA,NA,NA,0,1,0,0,0,0,NA,NA,NA,NA,NA,NA,NA
3710,0.395883858,0.405224472,0.194443777,2011,state,urban/rural,sector_state,1,Chandigarh,NA,NA,NA,NA,1,0,0,0,0,0,NA,NA,NA,NA,NA,NA,NA
3711,0.441990316,0.532409132,0,2011,state,urban/rural,sector_state,1,Uttrakhand,NA,NA,NA,NA,0,0,0,0,0,1,NA,NA,NA,NA,NA,NA,NA
3712,0.317724168,0.518987179,0,2011,state,urban/rural,sector_state,1,Uttrakhand,NA,NA,NA,NA,0,0,0,0,1,0,NA,NA,NA,NA,NA,NA,NA
3713,0.484349966,0.422658533,0.004574643,2011,state,urban/rural,sector_state,1,Uttrakhand,NA,NA,NA,NA,0,0,0,1,0,0,NA,NA,NA,NA,NA,NA,NA
3714,0.523109257,0.302843809,0.064068936,2011,state,urban/rural,sector_state,1,Uttrakhand,NA,NA,NA,NA,0,0,1,0,0,0,NA,NA,NA,NA,NA,NA,NA
3715,0.422226101,0.304609776,0.216157034,2011,state,urban/rural,sector_state,1,Uttrakhand,NA,NA,NA,NA,0,1,0,0,0,0,NA,NA,NA,NA,NA,NA,NA
3716,0.645792544,0.160937876,0.175993383,2011,state,urban/rural,sector_state,1,Uttrakhand,NA,NA,NA,NA,1,0,0,0,0,0,NA,NA,NA,NA,NA,NA,NA
3717,0.287996948,0.597275436,0.048709475,2011,state,urban/rural,sector_state,1,Haryana,NA,NA,NA,NA,0,0,0,0,0,1,NA,NA,NA,NA,NA,NA,NA
3718,0.392585188,0.483638167,0.028152736,2011,state,urban/rural,sector_state,1,Haryana,NA,NA,NA,NA,0,0,0,0,1,0,NA,NA,NA,NA,NA,NA,NA
3719,0.46546942,0.433961719,0.022526888,2011,state,urban/rural,sector_state,1,Haryana,NA,NA,NA,NA,0,0,0,1,0,0,NA,NA,NA,NA,NA,NA,NA
3720,0.41266036,0.358073115,0.228204742,2011,state,urban/rural,sector_state,1,Haryana,NA,NA,NA,NA,0,0,1,0,0,0,NA,NA,NA,NA,NA,NA,NA
3721,0.326455384,0.272412091,0.352080196,2011,state,urban/rural,sector_state,1,Haryana,NA,NA,NA,NA,0,1,0,0,0,0,NA,NA,NA,NA,NA,NA,NA
3722,0.453281194,0.244115204,0.232409641,2011,state,urban/rural,sector_state,1,Haryana,NA,NA,NA,NA,1,0,0,0,0,0,NA,NA,NA,NA,NA,NA,NA
3723,0.218347892,0.767059743,0,2011,state,urban/rural,sector_state,1,Delhi,NA,NA,NA,NA,0,0,0,0,0,1,NA,NA,NA,NA,NA,NA,NA
3724,0.390648812,0.543157876,0.000758439,2011,state,urban/rural,sector_state,1,Delhi,NA,NA,NA,NA,0,0,0,0,1,0,NA,NA,NA,NA,NA,NA,NA
3725,0.540507793,0.424521297,0.009900702,2011,state,urban/rural,sector_state,1,Delhi,NA,NA,NA,NA,0,0,0,1,0,0,NA,NA,NA,NA,NA,NA,NA
3726,0.360102832,0.593470991,0.015789164,2011,state,urban/rural,sector_state,1,Delhi,NA,NA,NA,NA,0,0,1,0,0,0,NA,NA,NA,NA,NA,NA,NA
3727,0.482443362,0.444265664,0.043334235,2011,state,urban/rural,sector_state,1,Delhi,NA,NA,NA,NA,0,1,0,0,0,0,NA,NA,NA,NA,NA,NA,NA
3728,0.390926003,0.478917897,0.122564122,2011,state,urban/rural,sector_state,1,Delhi,NA,NA,NA,NA,1,0,0,0,0,0,NA,NA,NA,NA,NA,NA,NA
3729,0.244144335,0.669718742,0,2011,state,urban/rural,sector_state,1,Rajasthan,NA,NA,NA,NA,0,0,0,0,0,1,NA,NA,NA,NA,NA,NA,NA
3730,0.35819602,0.556493342,0.017820355,2011,state,urban/rural,sector_state,1,Rajasthan,NA,NA,NA,NA,0,0,0,0,1,0,NA,NA,NA,NA,NA,NA,NA
3731,0.480147898,0.31915012,0.074742071,2011,state,urban/rural,sector_state,1,Rajasthan,NA,NA,NA,NA,0,0,0,1,0,0,NA,NA,NA,NA,NA,NA,NA
3732,0.498733938,0.341382861,0.097421862,2011,state,urban/rural,sector_state,1,Rajasthan,NA,NA,NA,NA,0,0,1,0,0,0,NA,NA,NA,NA,NA,NA,NA
3733,0.553625166,0.19823347,0.193609864,2011,state,urban/rural,sector_state,1,Rajasthan,NA,NA,NA,NA,0,1,0,0,0,0,NA,NA,NA,NA,NA,NA,NA
3734,0.460198075,0.214158922,0.285652488,2011,state,urban/rural,sector_state,1,Rajasthan,NA,NA,NA,NA,1,0,0,0,0,0,NA,NA,NA,NA,NA,NA,NA
3735,0.305652887,0.576576591,0.002294939,2011,state,urban/rural,sector_state,1,Uttar Pradesh,NA,NA,NA,NA,0,0,0,0,0,1,NA,NA,NA,NA,NA,NA,NA
3736,0.431384057,0.496422619,0.006162793,2011,state,urban/rural,sector_state,1,Uttar Pradesh,NA,NA,NA,NA,0,0,0,0,1,0,NA,NA,NA,NA,NA,NA,NA
3737,0.504515171,0.330336362,0.078285672,2011,state,urban/rural,sector_state,1,Uttar Pradesh,NA,NA,NA,NA,0,0,0,1,0,0,NA,NA,NA,NA,NA,NA,NA
3738,0.573951423,0.233840942,0.165553227,2011,state,urban/rural,sector_state,1,Uttar Pradesh,NA,NA,NA,NA,0,0,1,0,0,0,NA,NA,NA,NA,NA,NA,NA
3739,0.594669342,0.243072867,0.145288885,2011,state,urban/rural,sector_state,1,Uttar Pradesh,NA,NA,NA,NA,0,1,0,0,0,0,NA,NA,NA,NA,NA,NA,NA
3740,0.567636609,0.156553879,0.233526587,2011,state,urban/rural,sector_state,1,Uttar Pradesh,NA,NA,NA,NA,1,0,0,0,0,0,NA,NA,NA,NA,NA,NA,NA
3741,0.39476949,0.293602049,0.073688418,2011,state,urban/rural,sector_state,1,Bihar,NA,NA,NA,NA,0,0,0,0,0,1,NA,NA,NA,NA,NA,NA,NA
3742,0.349884123,0.459316492,0.021806138,2011,state,urban/rural,sector_state,1,Bihar,NA,NA,NA,NA,0,0,0,0,1,0,NA,NA,NA,NA,NA,NA,NA
3743,0.477292806,0.296853811,0.06844338,2011,state,urban/rural,sector_state,1,Bihar,NA,NA,NA,NA,0,0,0,1,0,0,NA,NA,NA,NA,NA,NA,NA
3744,0.555714548,0.18300353,0.051927846,2011,state,urban/rural,sector_state,1,Bihar,NA,NA,NA,NA,0,0,1,0,0,0,NA,NA,NA,NA,NA,NA,NA
3745,0.561901271,0.235899046,0.097907916,2011,state,urban/rural,sector_state,1,Bihar,NA,NA,NA,NA,0,1,0,0,0,0,NA,NA,NA,NA,NA,NA,NA
3746,0.514114738,0.077372804,0.293889672,2011,state,urban/rural,sector_state,1,Bihar,NA,NA,NA,NA,1,0,0,0,0,0,NA,NA,NA,NA,NA,NA,NA
3747,0,1,0,2011,state,urban/rural,sector_state,1,Sikkim,NA,NA,NA,NA,0,0,0,0,0,1,NA,NA,NA,NA,NA,NA,NA
3748,0.391264021,0.565315425,0,2011,state,urban/rural,sector_state,1,Sikkim,NA,NA,NA,NA,0,0,0,0,1,0,NA,NA,NA,NA,NA,NA,NA
3749,0.304293573,0.614414692,0,2011,state,urban/rural,sector_state,1,Sikkim,NA,NA,NA,NA,0,0,0,1,0,0,NA,NA,NA,NA,NA,NA,NA
3750,0.177807122,0.664404929,0.03277256,2011,state,urban/rural,sector_state,1,Sikkim,NA,NA,NA,NA,0,0,1,0,0,0,NA,NA,NA,NA,NA,NA,NA
3751,0.145615608,0.576824367,0.124736518,2011,state,urban/rural,sector_state,1,Sikkim,NA,NA,NA,NA,0,1,0,0,0,0,NA,NA,NA,NA,NA,NA,NA
3752,0.523244023,0.338271946,0.0875054,2011,state,urban/rural,sector_state,1,Sikkim,NA,NA,NA,NA,1,0,0,0,0,0,NA,NA,NA,NA,NA,NA,NA
3753,0,0.97921598,0,2011,state,urban/rural,sector_state,1,Arunachal Pradesh,NA,NA,NA,NA,0,0,0,0,0,1,NA,NA,NA,NA,NA,NA,NA
3754,0.120272458,0.792113483,0.013871066,2011,state,urban/rural,sector_state,1,Arunachal Pradesh,NA,NA,NA,NA,0,0,0,0,1,0,NA,NA,NA,NA,NA,NA,NA
3755,0.299496621,0.57307142,0.077954061,2011,state,urban/rural,sector_state,1,Arunachal Pradesh,NA,NA,NA,NA,0,0,0,1,0,0,NA,NA,NA,NA,NA,NA,NA
3756,0.199355438,0.65307796,0.117783494,2011,state,urban/rural,sector_state,1,Arunachal Pradesh,NA,NA,NA,NA,0,0,1,0,0,0,NA,NA,NA,NA,NA,NA,NA
3757,0.265022397,0.461564213,0.173239321,2011,state,urban/rural,sector_state,1,Arunachal Pradesh,NA,NA,NA,NA,0,1,0,0,0,0,NA,NA,NA,NA,NA,NA,NA
3758,0.284650981,0.376960635,0.199059129,2011,state,urban/rural,sector_state,1,Arunachal Pradesh,NA,NA,NA,NA,1,0,0,0,0,0,NA,NA,NA,NA,NA,NA,NA
3759,0.144379213,0.833707392,0,2011,state,urban/rural,sector_state,1,Nagaland,NA,NA,NA,NA,0,0,0,0,0,1,NA,NA,NA,NA,NA,NA,NA
3760,0.10215646,0.830487609,0,2011,state,urban/rural,sector_state,1,Nagaland,NA,NA,NA,NA,0,0,0,0,1,0,NA,NA,NA,NA,NA,NA,NA
3761,0.369726002,0.456385672,0.013153973,2011,state,urban/rural,sector_state,1,Nagaland,NA,NA,NA,NA,0,0,0,1,0,0,NA,NA,NA,NA,NA,NA,NA
3762,0.644221187,0.174087092,0.030315127,2011,state,urban/rural,sector_state,1,Nagaland,NA,NA,NA,NA,0,0,1,0,0,0,NA,NA,NA,NA,NA,NA,NA
3763,0.61187166,0.372698158,0,2011,state,urban/rural,sector_state,1,Nagaland,NA,NA,NA,NA,0,1,0,0,0,0,NA,NA,NA,NA,NA,NA,NA
3764,0.665000975,0.300545961,0,2011,state,urban/rural,sector_state,1,Nagaland,NA,NA,NA,NA,1,0,0,0,0,0,NA,NA,NA,NA,NA,NA,NA
3765,0.237679899,0.696335614,0,2011,state,urban/rural,sector_state,1,Manipur,NA,NA,NA,NA,0,0,0,0,0,1,NA,NA,NA,NA,NA,NA,NA
3766,0.322456837,0.563237906,0.014198241,2011,state,urban/rural,sector_state,1,Manipur,NA,NA,NA,NA,0,0,0,0,1,0,NA,NA,NA,NA,NA,NA,NA
3767,0.583044887,0.241722673,0.020957492,2011,state,urban/rural,sector_state,1,Manipur,NA,NA,NA,NA,0,0,0,1,0,0,NA,NA,NA,NA,NA,NA,NA
3768,0.664648712,0.166297913,0.064380638,2011,state,urban/rural,sector_state,1,Manipur,NA,NA,NA,NA,0,0,1,0,0,0,NA,NA,NA,NA,NA,NA,NA
3769,0.667716801,0.091760471,0.075877167,2011,state,urban/rural,sector_state,1,Manipur,NA,NA,NA,NA,0,1,0,0,0,0,NA,NA,NA,NA,NA,NA,NA
3770,0.623925984,0.135149106,0.039339844,2011,state,urban/rural,sector_state,1,Manipur,NA,NA,NA,NA,1,0,0,0,0,0,NA,NA,NA,NA,NA,NA,NA
3771,0,1,0,2011,state,urban/rural,sector_state,1,Mizoram,NA,NA,NA,NA,0,0,0,0,0,1,NA,NA,NA,NA,NA,NA,NA
3772,0.054532487,0.883528352,0.01410195,2011,state,urban/rural,sector_state,1,Mizoram,NA,NA,NA,NA,0,0,0,0,1,0,NA,NA,NA,NA,NA,NA,NA
3773,0.301031411,0.611650765,0.03584931,2011,state,urban/rural,sector_state,1,Mizoram,NA,NA,NA,NA,0,0,0,1,0,0,NA,NA,NA,NA,NA,NA,NA
3774,0.462478489,0.404331505,0.104740314,2011,state,urban/rural,sector_state,1,Mizoram,NA,NA,NA,NA,0,0,1,0,0,0,NA,NA,NA,NA,NA,NA,NA
3775,0.396870375,0.297734171,0.185002342,2011,state,urban/rural,sector_state,1,Mizoram,NA,NA,NA,NA,0,1,0,0,0,0,NA,NA,NA,NA,NA,NA,NA
3776,0.495634735,0.214608446,0.171784043,2011,state,urban/rural,sector_state,1,Mizoram,NA,NA,NA,NA,1,0,0,0,0,0,NA,NA,NA,NA,NA,NA,NA
3777,0.32150802,0.664212704,0,2011,state,urban/rural,sector_state,1,Tripura,NA,NA,NA,NA,0,0,0,0,0,1,NA,NA,NA,NA,NA,NA,NA
3778,0.304095447,0.550749898,0,2011,state,urban/rural,sector_state,1,Tripura,NA,NA,NA,NA,0,0,0,0,1,0,NA,NA,NA,NA,NA,NA,NA
3779,0.398345411,0.329377621,0.041217312,2011,state,urban/rural,sector_state,1,Tripura,NA,NA,NA,NA,0,0,0,1,0,0,NA,NA,NA,NA,NA,NA,NA
3780,0.454400778,0.38605082,0.060299713,2011,state,urban/rural,sector_state,1,Tripura,NA,NA,NA,NA,0,0,1,0,0,0,NA,NA,NA,NA,NA,NA,NA
3781,0.465244472,0.174671248,0.294929236,2011,state,urban/rural,sector_state,1,Tripura,NA,NA,NA,NA,0,1,0,0,0,0,NA,NA,NA,NA,NA,NA,NA
3782,0.474559933,0.146323487,0.353754848,2011,state,urban/rural,sector_state,1,Tripura,NA,NA,NA,NA,1,0,0,0,0,0,NA,NA,NA,NA,NA,NA,NA
3783,0,1,0,2011,state,urban/rural,sector_state,1,Meghalaya,NA,NA,NA,NA,0,0,0,0,0,1,NA,NA,NA,NA,NA,NA,NA
3784,0.146371469,0.757481158,0.014253621,2011,state,urban/rural,sector_state,1,Meghalaya,NA,NA,NA,NA,0,0,0,0,1,0,NA,NA,NA,NA,NA,NA,NA
3785,0.309724897,0.619867563,0.028992208,2011,state,urban/rural,sector_state,1,Meghalaya,NA,NA,NA,NA,0,0,0,1,0,0,NA,NA,NA,NA,NA,NA,NA
3786,0.487244695,0.315104246,0.081377983,2011,state,urban/rural,sector_state,1,Meghalaya,NA,NA,NA,NA,0,0,1,0,0,0,NA,NA,NA,NA,NA,NA,NA
3787,0.523942053,0.270750821,0.122861139,2011,state,urban/rural,sector_state,1,Meghalaya,NA,NA,NA,NA,0,1,0,0,0,0,NA,NA,NA,NA,NA,NA,NA
3788,0.522745669,0.12436834,0.304837108,2011,state,urban/rural,sector_state,1,Meghalaya,NA,NA,NA,NA,1,0,0,0,0,0,NA,NA,NA,NA,NA,NA,NA
3789,1,0,0,2011,state,urban/rural,sector_state,1,Meghalaya,NA,NA,NA,NA,NA,NA,NA,NA,NA,NA,NA,NA,NA,NA,NA,NA,NA
3790,0.233389363,0.766610622,0,2011,state,urban/rural,sector_state,1,Assam,NA,NA,NA,NA,0,0,0,0,0,1,NA,NA,NA,NA,NA,NA,NA
3791,0.242873177,0.456662118,0.036604784,2011,state,urban/rural,sector_state,1,Assam,NA,NA,NA,NA,0,0,0,0,1,0,NA,NA,NA,NA,NA,NA,NA
3792,0.448192447,0.472171575,0.019073339,2011,state,urban/rural,sector_state,1,Assam,NA,NA,NA,NA,0,0,0,1,0,0,NA,NA,NA,NA,NA,NA,NA
3793,0.615733802,0.314283341,0.031321939,2011,state,urban/rural,sector_state,1,Assam,NA,NA,NA,NA,0,0,1,0,0,0,NA,NA,NA,NA,NA,NA,NA
3794,0.593146622,0.204386517,0.151393831,2011,state,urban/rural,sector_state,1,Assam,NA,NA,NA,NA,0,1,0,0,0,0,NA,NA,NA,NA,NA,NA,NA
3795,0.4609752,0.283162624,0.138920993,2011,state,urban/rural,sector_state,1,Assam,NA,NA,NA,NA,1,0,0,0,0,0,NA,NA,NA,NA,NA,NA,NA
3796,0.143259332,0.675201356,0,2011,state,urban/rural,sector_state,1,West Bengal,NA,NA,NA,NA,0,0,0,0,0,1,NA,NA,NA,NA,NA,NA,NA
3797,0.320391893,0.504208684,0.017906964,2011,state,urban/rural,sector_state,1,West Bengal,NA,NA,NA,NA,0,0,0,0,1,0,NA,NA,NA,NA,NA,NA,NA
3798,0.503596783,0.338499755,0.021576632,2011,state,urban/rural,sector_state,1,West Bengal,NA,NA,NA,NA,0,0,0,1,0,0,NA,NA,NA,NA,NA,NA,NA
3799,0.465146333,0.340818465,0.13672258,2011,state,urban/rural,sector_state,1,West Bengal,NA,NA,NA,NA,0,0,1,0,0,0,NA,NA,NA,NA,NA,NA,NA
3800,0.397380739,0.323661804,0.255122513,2011,state,urban/rural,sector_state,1,West Bengal,NA,NA,NA,NA,0,1,0,0,0,0,NA,NA,NA,NA,NA,NA,NA
3801,0.459172338,0.258916736,0.243736282,2011,state,urban/rural,sector_state,1,West Bengal,NA,NA,NA,NA,1,0,0,0,0,0,NA,NA,NA,NA,NA,NA,NA
3802,0,0,0,2011,state,urban/rural,sector_state,1,West Bengal,NA,NA,NA,NA,NA,NA,NA,NA,NA,NA,NA,NA,NA,NA,NA,NA,NA
3803,0.305197656,0.632706046,0,2011,state,urban/rural,sector_state,1,Jharkhand,NA,NA,NA,NA,0,0,0,0,0,1,NA,NA,NA,NA,NA,NA,NA
3804,0.254801095,0.611210525,0.043708894,2011,state,urban/rural,sector_state,1,Jharkhand,NA,NA,NA,NA,0,0,0,0,1,0,NA,NA,NA,NA,NA,NA,NA
3805,0.348294288,0.432583243,0.09470538,2011,state,urban/rural,sector_state,1,Jharkhand,NA,NA,NA,NA,0,0,0,1,0,0,NA,NA,NA,NA,NA,NA,NA
3806,0.390355825,0.416224748,0.162617832,2011,state,urban/rural,sector_state,1,Jharkhand,NA,NA,NA,NA,0,0,1,0,0,0,NA,NA,NA,NA,NA,NA,NA
3807,0.589504421,0.217172951,0.070433728,2011,state,urban/rural,sector_state,1,Jharkhand,NA,NA,NA,NA,0,1,0,0,0,0,NA,NA,NA,NA,NA,NA,NA
3808,0.290281981,0.185085773,0.372204721,2011,state,urban/rural,sector_state,1,Jharkhand,NA,NA,NA,NA,1,0,0,0,0,0,NA,NA,NA,NA,NA,NA,NA
3809,0.135053307,0.821027815,0,2011,state,urban/rural,sector_state,1,Odisha,NA,NA,NA,NA,0,0,0,0,0,1,NA,NA,NA,NA,NA,NA,NA
3810,0.232851133,0.604898393,0.030143628,2011,state,urban/rural,sector_state,1,Odisha,NA,NA,NA,NA,0,0,0,0,1,0,NA,NA,NA,NA,NA,NA,NA
3811,0.471197039,0.402199715,0.029844405,2011,state,urban/rural,sector_state,1,Odisha,NA,NA,NA,NA,0,0,0,1,0,0,NA,NA,NA,NA,NA,NA,NA
3812,0.494292319,0.384797752,0.057150111,2011,state,urban/rural,sector_state,1,Odisha,NA,NA,NA,NA,0,0,1,0,0,0,NA,NA,NA,NA,NA,NA,NA
3813,0.571546435,0.149905547,0.243584126,2011,state,urban/rural,sector_state,1,Odisha,NA,NA,NA,NA,0,1,0,0,0,0,NA,NA,NA,NA,NA,NA,NA
3814,0.587627172,0.12405806,0.251045257,2011,state,urban/rural,sector_state,1,Odisha,NA,NA,NA,NA,1,0,0,0,0,0,NA,NA,NA,NA,NA,NA,NA
3815,0.329835266,0.552578509,0.106056005,2011,state,urban/rural,sector_state,1,Chhattisgarh,NA,NA,NA,NA,0,0,0,0,0,1,NA,NA,NA,NA,NA,NA,NA
3816,0.298603892,0.677991629,0,2011,state,urban/rural,sector_state,1,Chhattisgarh,NA,NA,NA,NA,0,0,0,0,1,0,NA,NA,NA,NA,NA,NA,NA
3817,0.295737445,0.398759186,0.200376019,2011,state,urban/rural,sector_state,1,Chhattisgarh,NA,NA,NA,NA,0,0,0,1,0,0,NA,NA,NA,NA,NA,NA,NA
3818,0.421651661,0.30468455,0.176051334,2011,state,urban/rural,sector_state,1,Chhattisgarh,NA,NA,NA,NA,0,0,1,0,0,0,NA,NA,NA,NA,NA,NA,NA
3819,0.307090342,0.217777595,0.431429923,2011,state,urban/rural,sector_state,1,Chhattisgarh,NA,NA,NA,NA,0,1,0,0,0,0,NA,NA,NA,NA,NA,NA,NA
3820,0.274526566,0.158784419,0.533873558,2011,state,urban/rural,sector_state,1,Chhattisgarh,NA,NA,NA,NA,1,0,0,0,0,0,NA,NA,NA,NA,NA,NA,NA
3821,0.251205623,0.702424288,0.012344238,2011,state,urban/rural,sector_state,1,Madhya Pradesh,NA,NA,NA,NA,0,0,0,0,0,1,NA,NA,NA,NA,NA,NA,NA
3822,0.340069324,0.601775408,0.006515363,2011,state,urban/rural,sector_state,1,Madhya Pradesh,NA,NA,NA,NA,0,0,0,0,1,0,NA,NA,NA,NA,NA,NA,NA
3823,0.514826417,0.383507341,0.04130739,2011,state,urban/rural,sector_state,1,Madhya Pradesh,NA,NA,NA,NA,0,0,0,1,0,0,NA,NA,NA,NA,NA,NA,NA
3824,0.510532618,0.283394188,0.189823806,2011,state,urban/rural,sector_state,1,Madhya Pradesh,NA,NA,NA,NA,0,0,1,0,0,0,NA,NA,NA,NA,NA,NA,NA
3825,0.485745013,0.304981619,0.173794091,2011,state,urban/rural,sector_state,1,Madhya Pradesh,NA,NA,NA,NA,0,1,0,0,0,0,NA,NA,NA,NA,NA,NA,NA
3826,0.431606114,0.162472904,0.368865579,2011,state,urban/rural,sector_state,1,Madhya Pradesh,NA,NA,NA,NA,1,0,0,0,0,0,NA,NA,NA,NA,NA,NA,NA
3827,0,1,0,2011,state,urban/rural,sector_state,1,Madhya Pradesh,NA,NA,NA,NA,NA,NA,NA,NA,NA,NA,NA,NA,NA,NA,NA,NA,NA
3828,0.280908078,0.677452743,0,2011,state,urban/rural,sector_state,1,Gujarat,NA,NA,NA,NA,0,0,0,0,0,1,NA,NA,NA,NA,NA,NA,NA
3829,0.368035823,0.546760321,0.001645365,2011,state,urban/rural,sector_state,1,Gujarat,NA,NA,NA,NA,0,0,0,0,1,0,NA,NA,NA,NA,NA,NA,NA
3830,0.385377944,0.529578388,0.045186948,2011,state,urban/rural,sector_state,1,Gujarat,NA,NA,NA,NA,0,0,0,1,0,0,NA,NA,NA,NA,NA,NA,NA
3831,0.464428931,0.451686323,0.064233504,2011,state,urban/rural,sector_state,1,Gujarat,NA,NA,NA,NA,0,0,1,0,0,0,NA,NA,NA,NA,NA,NA,NA
3832,0.46073088,0.48514089,0.042723585,2011,state,urban/rural,sector_state,1,Gujarat,NA,NA,NA,NA,0,1,0,0,0,0,NA,NA,NA,NA,NA,NA,NA
3833,0.47643292,0.325625598,0.180460572,2011,state,urban/rural,sector_state,1,Gujarat,NA,NA,NA,NA,1,0,0,0,0,0,NA,NA,NA,NA,NA,NA,NA
3834,0,1,0,2011,state,urban/rural,sector_state,1,Daman & Diu & D & N Haveli,NA,NA,NA,NA,0,0,0,0,0,1,NA,NA,NA,NA,NA,NA,NA
3835,0.353122234,0.646877766,0,2011,state,urban/rural,sector_state,1,Daman & Diu & D & N Haveli,NA,NA,NA,NA,0,0,0,0,1,0,NA,NA,NA,NA,NA,NA,NA
3836,0.103987269,0.808237076,0.08341077,2011,state,urban/rural,sector_state,1,Daman & Diu & D & N Haveli,NA,NA,NA,NA,0,0,0,1,0,0,NA,NA,NA,NA,NA,NA,NA
3837,0.327530921,0.672469079,0,2011,state,urban/rural,sector_state,1,Daman & Diu & D & N Haveli,NA,NA,NA,NA,0,0,1,0,0,0,NA,NA,NA,NA,NA,NA,NA
3838,0.679976642,0.300715476,0.019307889,2011,state,urban/rural,sector_state,1,Daman & Diu & D & N Haveli,NA,NA,NA,NA,0,1,0,0,0,0,NA,NA,NA,NA,NA,NA,NA
3839,0.504454494,0.459402502,0.036143001,2011,state,urban/rural,sector_state,1,Daman & Diu & D & N Haveli,NA,NA,NA,NA,1,0,0,0,0,0,NA,NA,NA,NA,NA,NA,NA
3840,0.220985383,0.724911988,0.002932486,2011,state,urban/rural,sector_state,1,Maharashtra,NA,NA,NA,NA,0,0,0,0,0,1,NA,NA,NA,NA,NA,NA,NA
3841,0.320144713,0.599900186,0.004622616,2011,state,urban/rural,sector_state,1,Maharashtra,NA,NA,NA,NA,0,0,0,0,1,0,NA,NA,NA,NA,NA,NA,NA
3842,0.383104086,0.501408577,0.04401733,2011,state,urban/rural,sector_state,1,Maharashtra,NA,NA,NA,NA,0,0,0,1,0,0,NA,NA,NA,NA,NA,NA,NA
3843,0.382979274,0.465009868,0.129921004,2011,state,urban/rural,sector_state,1,Maharashtra,NA,NA,NA,NA,0,0,1,0,0,0,NA,NA,NA,NA,NA,NA,NA
3844,0.414138794,0.409798503,0.144335404,2011,state,urban/rural,sector_state,1,Maharashtra,NA,NA,NA,NA,0,1,0,0,0,0,NA,NA,NA,NA,NA,NA,NA
3845,0.361834019,0.354717284,0.242373392,2011,state,urban/rural,sector_state,1,Maharashtra,NA,NA,NA,NA,1,0,0,0,0,0,NA,NA,NA,NA,NA,NA,NA
3846,0.203865707,0.741083205,0.006519598,2011,state,urban/rural,sector_state,1,Andhra Pradesh,NA,NA,NA,NA,0,0,0,0,0,1,NA,NA,NA,NA,NA,NA,NA
3847,0.253002048,0.659081519,0.006655938,2011,state,urban/rural,sector_state,1,Andhra Pradesh,NA,NA,NA,NA,0,0,0,0,1,0,NA,NA,NA,NA,NA,NA,NA
3848,0.360432684,0.395467788,0.088229693,2011,state,urban/rural,sector_state,1,Andhra Pradesh,NA,NA,NA,NA,0,0,0,1,0,0,NA,NA,NA,NA,NA,NA,NA
3849,0.393162221,0.305717379,0.235302195,2011,state,urban/rural,sector_state,1,Andhra Pradesh,NA,NA,NA,NA,0,0,1,0,0,0,NA,NA,NA,NA,NA,NA,NA
3850,0.313042819,0.373448789,0.207984999,2011,state,urban/rural,sector_state,1,Andhra Pradesh,NA,NA,NA,NA,0,1,0,0,0,0,NA,NA,NA,NA,NA,NA,NA
3851,0.3725878,0.20386593,0.338674664,2011,state,urban/rural,sector_state,1,Andhra Pradesh,NA,NA,NA,NA,1,0,0,0,0,0,NA,NA,NA,NA,NA,NA,NA
3852,0.1911266,0.759202302,0,2011,state,urban/rural,sector_state,1,Karnataka,NA,NA,NA,NA,0,0,0,0,0,1,NA,NA,NA,NA,NA,NA,NA
3853,0.247639537,0.676042795,0.018159963,2011,state,urban/rural,sector_state,1,Karnataka,NA,NA,NA,NA,0,0,0,0,1,0,NA,NA,NA,NA,NA,NA,NA
3854,0.505560875,0.392293155,0.041946337,2011,state,urban/rural,sector_state,1,Karnataka,NA,NA,NA,NA,0,0,0,1,0,0,NA,NA,NA,NA,NA,NA,NA
3855,0.530440748,0.290038049,0.137555063,2011,state,urban/rural,sector_state,1,Karnataka,NA,NA,NA,NA,0,0,1,0,0,0,NA,NA,NA,NA,NA,NA,NA
3856,0.513101161,0.247158527,0.210561886,2011,state,urban/rural,sector_state,1,Karnataka,NA,NA,NA,NA,0,1,0,0,0,0,NA,NA,NA,NA,NA,NA,NA
3857,0.401922435,0.177790195,0.4069359,2011,state,urban/rural,sector_state,1,Karnataka,NA,NA,NA,NA,1,0,0,0,0,0,NA,NA,NA,NA,NA,NA,NA
3858,0.169078559,0.766188502,0,2011,state,urban/rural,sector_state,1,Goa,NA,NA,NA,NA,0,0,0,0,0,1,NA,NA,NA,NA,NA,NA,NA
3859,0.418738544,0.520256579,0,2011,state,urban/rural,sector_state,1,Goa,NA,NA,NA,NA,0,0,0,0,1,0,NA,NA,NA,NA,NA,NA,NA
3860,0.339167863,0.538682282,0.021907203,2011,state,urban/rural,sector_state,1,Goa,NA,NA,NA,NA,0,0,0,1,0,0,NA,NA,NA,NA,NA,NA,NA
3861,0.527888715,0.352436781,0.069018096,2011,state,urban/rural,sector_state,1,Goa,NA,NA,NA,NA,0,0,1,0,0,0,NA,NA,NA,NA,NA,NA,NA
3862,0.277467817,0.387233943,0.164664105,2011,state,urban/rural,sector_state,1,Goa,NA,NA,NA,NA,0,1,0,0,0,0,NA,NA,NA,NA,NA,NA,NA
3863,0.366613358,0.471131057,0.083745375,2011,state,urban/rural,sector_state,1,Goa,NA,NA,NA,NA,1,0,0,0,0,0,NA,NA,NA,NA,NA,NA,NA
3864,0,1,0,2011,state,urban/rural,sector_state,1,Lakshadweep,NA,NA,NA,NA,0,0,0,0,0,1,NA,NA,NA,NA,NA,NA,NA
3865,0,1,0,2011,state,urban/rural,sector_state,1,Lakshadweep,NA,NA,NA,NA,0,0,0,0,1,0,NA,NA,NA,NA,NA,NA,NA
3866,0.006145279,0.877769291,0.004692758,2011,state,urban/rural,sector_state,1,Lakshadweep,NA,NA,NA,NA,0,0,0,1,0,0,NA,NA,NA,NA,NA,NA,NA
3867,0.273945689,0.541907251,0.144499227,2011,state,urban/rural,sector_state,1,Lakshadweep,NA,NA,NA,NA,0,0,1,0,0,0,NA,NA,NA,NA,NA,NA,NA
3868,0.175811708,0.381434977,0.190671623,2011,state,urban/rural,sector_state,1,Lakshadweep,NA,NA,NA,NA,0,1,0,0,0,0,NA,NA,NA,NA,NA,NA,NA
3869,0.239003912,0.391135991,0.121615969,2011,state,urban/rural,sector_state,1,Lakshadweep,NA,NA,NA,NA,1,0,0,0,0,0,NA,NA,NA,NA,NA,NA,NA
3870,0.129487067,0.621517897,0,2011,state,urban/rural,sector_state,1,Kerala,NA,NA,NA,NA,0,0,0,0,0,1,NA,NA,NA,NA,NA,NA,NA
3871,0.236819103,0.565238953,0.045040634,2011,state,urban/rural,sector_state,1,Kerala,NA,NA,NA,NA,0,0,0,0,1,0,NA,NA,NA,NA,NA,NA,NA
3872,0.371194273,0.292900443,0.124624982,2011,state,urban/rural,sector_state,1,Kerala,NA,NA,NA,NA,0,0,0,1,0,0,NA,NA,NA,NA,NA,NA,NA
3873,0.337921858,0.227514684,0.337763757,2011,state,urban/rural,sector_state,1,Kerala,NA,NA,NA,NA,0,0,1,0,0,0,NA,NA,NA,NA,NA,NA,NA
3874,0.291243315,0.244704068,0.368491083,2011,state,urban/rural,sector_state,1,Kerala,NA,NA,NA,NA,0,1,0,0,0,0,NA,NA,NA,NA,NA,NA,NA
3875,0.285057157,0.176232323,0.413582504,2011,state,urban/rural,sector_state,1,Kerala,NA,NA,NA,NA,1,0,0,0,0,0,NA,NA,NA,NA,NA,NA,NA
3876,0.208447322,0.685143173,0.006742513,2011,state,urban/rural,sector_state,1,Tamil Nadu,NA,NA,NA,NA,0,0,0,0,0,1,NA,NA,NA,NA,NA,NA,NA
3877,0.258212328,0.646900415,0.034194496,2011,state,urban/rural,sector_state,1,Tamil Nadu,NA,NA,NA,NA,0,0,0,0,1,0,NA,NA,NA,NA,NA,NA,NA
3878,0.358122289,0.4167521,0.120634504,2011,state,urban/rural,sector_state,1,Tamil Nadu,NA,NA,NA,NA,0,0,0,1,0,0,NA,NA,NA,NA,NA,NA,NA
3879,0.330400318,0.362281322,0.248003513,2011,state,urban/rural,sector_state,1,Tamil Nadu,NA,NA,NA,NA,0,0,1,0,0,0,NA,NA,NA,NA,NA,NA,NA
3880,0.347876787,0.317624331,0.27745685,2011,state,urban/rural,sector_state,1,Tamil Nadu,NA,NA,NA,NA,0,1,0,0,0,0,NA,NA,NA,NA,NA,NA,NA
3881,0.293535262,0.220266327,0.442685306,2011,state,urban/rural,sector_state,1,Tamil Nadu,NA,NA,NA,NA,1,0,0,0,0,0,NA,NA,NA,NA,NA,NA,NA
3882,0.297098368,0.650270522,0,2011,state,urban/rural,sector_state,1,Puducherry,NA,NA,NA,NA,0,0,0,0,0,1,NA,NA,NA,NA,NA,NA,NA
3883,0.162293389,0.706141114,0.026365798,2011,state,urban/rural,sector_state,1,Puducherry,NA,NA,NA,NA,0,0,0,0,1,0,NA,NA,NA,NA,NA,NA,NA
3884,0.218370751,0.558958828,0.155645967,2011,state,urban/rural,sector_state,1,Puducherry,NA,NA,NA,NA,0,0,0,1,0,0,NA,NA,NA,NA,NA,NA,NA
3885,0.307586789,0.316035628,0.288225293,2011,state,urban/rural,sector_state,1,Puducherry,NA,NA,NA,NA,0,0,1,0,0,0,NA,NA,NA,NA,NA,NA,NA
3886,0.270423532,0.375076801,0.155891925,2011,state,urban/rural,sector_state,1,Puducherry,NA,NA,NA,NA,0,1,0,0,0,0,NA,NA,NA,NA,NA,NA,NA
3887,0.194551468,0.348117679,0.38496086,2011,state,urban/rural,sector_state,1,Puducherry,NA,NA,NA,NA,1,0,0,0,0,0,NA,NA,NA,NA,NA,NA,NA
3888,0.029928196,0.970071793,0,2011,state,urban/rural,sector_state,1,A & N Island,NA,NA,NA,NA,0,0,0,0,0,1,NA,NA,NA,NA,NA,NA,NA
3889,0.107347153,0.892652869,0,2011,state,urban/rural,sector_state,1,A & N Island,NA,NA,NA,NA,0,0,0,0,1,0,NA,NA,NA,NA,NA,NA,NA
3890,0.127925128,0.697821558,0.121674694,2011,state,urban/rural,sector_state,1,A & N Island,NA,NA,NA,NA,0,0,0,1,0,0,NA,NA,NA,NA,NA,NA,NA
3891,0.345554858,0.58497113,0.05271478,2011,state,urban/rural,sector_state,1,A & N Island,NA,NA,NA,NA,0,0,1,0,0,0,NA,NA,NA,NA,NA,NA,NA
3892,0.098163486,0.711802363,0.140825897,2011,state,urban/rural,sector_state,1,A & N Island,NA,NA,NA,NA,0,1,0,0,0,0,NA,NA,NA,NA,NA,NA,NA
3893,0.171117812,0.447177887,0.246506572,2011,state,urban/rural,sector_state,1,A & N Island,NA,NA,NA,NA,1,0,0,0,0,0,NA,NA,NA,NA,NA,NA,NA
3894,0.215018421,0.742334425,0.001054119,2011,state,urban/rural,sector_state,1,Telangana,NA,NA,NA,NA,0,0,0,0,0,1,NA,NA,NA,NA,NA,NA,NA
3895,0.199700966,0.697770238,0.015485326,2011,state,urban/rural,sector_state,1,Telangana,NA,NA,NA,NA,0,0,0,0,1,0,NA,NA,NA,NA,NA,NA,NA
3896,0.463671893,0.425448835,0.054326016,2011,state,urban/rural,sector_state,1,Telangana,NA,NA,NA,NA,0,0,0,1,0,0,NA,NA,NA,NA,NA,NA,NA
3897,0.452813715,0.407392174,0.103559606,2011,state,urban/rural,sector_state,1,Telangana,NA,NA,NA,NA,0,0,1,0,0,0,NA,NA,NA,NA,NA,NA,NA
3898,0.572467804,0.287992775,0.111225352,2011,state,urban/rural,sector_state,1,Telangana,NA,NA,NA,NA,0,1,0,0,0,0,NA,NA,NA,NA,NA,NA,NA
3899,0.348164767,0.327794194,0.29093653,2011,state,urban/rural,sector_state,1,Telangana,NA,NA,NA,NA,1,0,0,0,0,0,NA,NA,NA,NA,NA,NA,NA
3900,0,0.201610297,0.798389673,2011,state,urban/rural,sector_state,1,Ladakh,NA,NA,NA,NA,0,0,0,0,0,1,NA,NA,NA,NA,NA,NA,NA
3901,0.319677085,0.680322886,0,2011,state,urban/rural,sector_state,1,Ladakh,NA,NA,NA,NA,0,0,0,0,1,0,NA,NA,NA,NA,NA,NA,NA
3902,0.074846461,0.856976032,0.057468716,2011,state,urban/rural,sector_state,1,Ladakh,NA,NA,NA,NA,0,0,0,1,0,0,NA,NA,NA,NA,NA,NA,NA
3903,0.255836129,0.696678877,0.047484979,2011,state,urban/rural,sector_state,1,Ladakh,NA,NA,NA,NA,0,0,1,0,0,0,NA,NA,NA,NA,NA,NA,NA
3904,0.511254072,0,0.488745928,2011,state,urban/rural,sector_state,1,Ladakh,NA,NA,NA,NA,0,1,0,0,0,0,NA,NA,NA,NA,NA,NA,NA
3905,0.473795593,0.321956038,0.190357432,2011,state,urban/rural,sector_state,1,Ladakh,NA,NA,NA,NA,1,0,0,0,0,0,NA,NA,NA,NA,NA,NA,NA
3906,0.36044395,0.160565943,0.262127519,2011,allindia,All,allindia,99,India,NA,NA,NA,NA,NA,NA,NA,NA,NA,NA,0,1,NA,NA,NA,NA,NA
3907,0.517846406,0.172942176,0.281346679,2011,allindia,All,allindia,99,India,NA,NA,NA,NA,NA,NA,NA,NA,NA,NA,1,0,NA,NA,NA,NA,NA
3908,0.392656147,0.082684226,0.313743591,2011,allindia,urban/rural,sect_allindia,0,India,NA,NA,NA,NA,NA,NA,NA,NA,NA,NA,0,1,NA,NA,NA,NA,NA
3909,0.556231022,0.084712677,0.339262396,2011,allindia,urban/rural,sect_allindia,0,India,NA,NA,NA,NA,NA,NA,NA,NA,NA,NA,1,0,NA,NA,NA,NA,NA
3910,0.284634978,0.343854755,0.140652865,2011,allindia,urban/rural,sect_allindia,1,India,NA,NA,NA,NA,NA,NA,NA,NA,NA,NA,0,1,NA,NA,NA,NA,NA
3911,0.421292722,0.394877136,0.135663837,2011,allindia,urban/rural,sect_allindia,1,India,NA,NA,NA,NA,NA,NA,NA,NA,NA,NA,1,0,NA,NA,NA,NA,NA
3912,0.366240472,0.26941821,0.105184346,2011,state,All,state,99,Jammu & Kashmir,NA,NA,NA,NA,NA,NA,NA,NA,NA,NA,0,1,NA,NA,NA,NA,NA
3913,0.485329002,0.248334929,0.236073509,2011,state,All,state,99,Jammu & Kashmir,NA,NA,NA,NA,NA,NA,NA,NA,NA,NA,1,0,NA,NA,NA,NA,NA
3914,0.457385361,0.170084074,0.160344526,2011,state,All,state,99,Himachal Pradesh,NA,NA,NA,NA,NA,NA,NA,NA,NA,NA,0,1,NA,NA,NA,NA,NA
3915,0.46418345,0.260269582,0.238417864,2011,state,All,state,99,Himachal Pradesh,NA,NA,NA,NA,NA,NA,NA,NA,NA,NA,1,0,NA,NA,NA,NA,NA
3916,0.318743855,0.273875713,0.124473363,2011,state,All,state,99,Punjab,NA,NA,NA,NA,NA,NA,NA,NA,NA,NA,0,1,NA,NA,NA,NA,NA
3917,0.469334841,0.2373963,0.261167765,2011,state,All,state,99,Punjab,NA,NA,NA,NA,NA,NA,NA,NA,NA,NA,1,0,NA,NA,NA,NA,NA
3918,0.012910661,0.907335162,0.008247948,2011,state,All,state,99,Chandigarh,NA,NA,NA,NA,NA,NA,NA,NA,NA,NA,0,1,NA,NA,NA,NA,NA
3919,0.290237069,0.60192275,0.085843518,2011,state,All,state,99,Chandigarh,NA,NA,NA,NA,NA,NA,NA,NA,NA,NA,1,0,NA,NA,NA,NA,NA
3920,0.568795443,0.105429642,0.028174005,2011,state,All,state,99,Uttrakhand,NA,NA,NA,NA,NA,NA,NA,NA,NA,NA,0,1,NA,NA,NA,NA,NA
3921,0.601112485,0.193819374,0.175988153,2011,state,All,state,99,Uttrakhand,NA,NA,NA,NA,NA,NA,NA,NA,NA,NA,1,0,NA,NA,NA,NA,NA
3922,0.331044406,0.162688375,0.226576313,2011,state,All,state,99,Haryana,NA,NA,NA,NA,NA,NA,NA,NA,NA,NA,0,1,NA,NA,NA,NA,NA
3923,0.510142505,0.218008444,0.233508632,2011,state,All,state,99,Haryana,NA,NA,NA,NA,NA,NA,NA,NA,NA,NA,1,0,NA,NA,NA,NA,NA
3924,0.286489815,0.648955762,0.001780925,2011,state,All,state,99,Delhi,NA,NA,NA,NA,NA,NA,NA,NA,NA,NA,0,1,NA,NA,NA,NA,NA
3925,0.434727907,0.499486625,0.038786769,2011,state,All,state,99,Delhi,NA,NA,NA,NA,NA,NA,NA,NA,NA,NA,1,0,NA,NA,NA,NA,NA
3926,0.426003844,0.101799764,0.197860494,2011,state,All,state,99,Rajasthan,NA,NA,NA,NA,NA,NA,NA,NA,NA,NA,0,1,NA,NA,NA,NA,NA
3927,0.586498916,0.13871555,0.25023064,2011,state,All,state,99,Rajasthan,NA,NA,NA,NA,NA,NA,NA,NA,NA,NA,1,0,NA,NA,NA,NA,NA
3928,0.531686425,0.094732717,0.175492823,2011,state,All,state,99,Uttar Pradesh,NA,NA,NA,NA,NA,NA,NA,NA,NA,NA,0,1,NA,NA,NA,NA,NA
3929,0.629071653,0.100854881,0.251627237,2011,state,All,state,99,Uttar Pradesh,NA,NA,NA,NA,NA,NA,NA,NA,NA,NA,1,0,NA,NA,NA,NA,NA
3930,0.184086159,0.031849243,0.267854363,2011,state,All,state,99,Bihar,NA,NA,NA,NA,NA,NA,NA,NA,NA,NA,0,1,NA,NA,NA,NA,NA
3931,0.564345717,0.062020384,0.3203623,2011,state,All,state,99,Bihar,NA,NA,NA,NA,NA,NA,NA,NA,NA,NA,1,0,NA,NA,NA,NA,NA
3932,0.661851645,0.250032812,0.011876393,2011,state,All,state,99,Sikkim,NA,NA,NA,NA,NA,NA,NA,NA,NA,NA,0,1,NA,NA,NA,NA,NA
3933,0.626675844,0.315763861,0.04001528,2011,state,All,state,99,Sikkim,NA,NA,NA,NA,NA,NA,NA,NA,NA,NA,1,0,NA,NA,NA,NA,NA
3934,0.663585901,0.191645712,0.050994456,2011,state,All,state,99,Arunachal Pradesh,NA,NA,NA,NA,NA,NA,NA,NA,NA,NA,0,1,NA,NA,NA,NA,NA
3935,0.672988594,0.252792686,0.030664606,2011,state,All,state,99,Arunachal Pradesh,NA,NA,NA,NA,NA,NA,NA,NA,NA,NA,1,0,NA,NA,NA,NA,NA
3936,0.444916308,0.3504498,0.00844809,2011,state,All,state,99,Nagaland,NA,NA,NA,NA,NA,NA,NA,NA,NA,NA,0,1,NA,NA,NA,NA,NA
3937,0.6019333,0.324343532,0.00610229,2011,state,All,state,99,Nagaland,NA,NA,NA,NA,NA,NA,NA,NA,NA,NA,1,0,NA,NA,NA,NA,NA
3938,0.699804366,0.161175385,0.028153583,2011,state,All,state,99,Manipur,NA,NA,NA,NA,NA,NA,NA,NA,NA,NA,0,1,NA,NA,NA,NA,NA
3939,0.693543494,0.21716252,0.040731523,2011,state,All,state,99,Manipur,NA,NA,NA,NA,NA,NA,NA,NA,NA,NA,1,0,NA,NA,NA,NA,NA
3940,0.578061581,0.335025549,0.01075956,2011,state,All,state,99,Mizoram,NA,NA,NA,NA,NA,NA,NA,NA,NA,NA,0,1,NA,NA,NA,NA,NA
3941,0.579591095,0.341063261,0.050594248,2011,state,All,state,99,Mizoram,NA,NA,NA,NA,NA,NA,NA,NA,NA,NA,1,0,NA,NA,NA,NA,NA
3942,0.282850027,0.156987891,0.360719621,2011,state,All,state,99,Tripura,NA,NA,NA,NA,NA,NA,NA,NA,NA,NA,0,1,NA,NA,NA,NA,NA
3943,0.405306339,0.127770394,0.43352437,2011,state,All,state,99,Tripura,NA,NA,NA,NA,NA,NA,NA,NA,NA,NA,1,0,NA,NA,NA,NA,NA
3944,0.620251238,0.256554186,0.050889112,2011,state,All,state,99,Meghalaya,NA,NA,NA,NA,NA,NA,NA,NA,NA,NA,0,1,NA,NA,NA,NA,NA
3945,0.622575283,0.228380293,0.125161901,2011,state,All,state,99,Meghalaya,NA,NA,NA,NA,NA,NA,NA,NA,NA,NA,1,0,NA,NA,NA,NA,NA
3946,0.535015345,0.16076763,0.168001935,2011,state,All,state,99,Assam,NA,NA,NA,NA,NA,NA,NA,NA,NA,NA,0,1,NA,NA,NA,NA,NA
3947,0.686556816,0.150236934,0.135585845,2011,state,All,state,99,Assam,NA,NA,NA,NA,NA,NA,NA,NA,NA,NA,1,0,NA,NA,NA,NA,NA
3948,0.376649827,0.204669878,0.194655448,2011,state,All,state,99,West Bengal,NA,NA,NA,NA,NA,NA,NA,NA,NA,NA,0,1,NA,NA,NA,NA,NA
3949,0.449139059,0.145306408,0.375490904,2011,state,All,state,99,West Bengal,NA,NA,NA,NA,NA,NA,NA,NA,NA,NA,1,0,NA,NA,NA,NA,NA
3950,0.414715618,0.067554444,0.18050687,2011,state,All,state,99,Jharkhand,NA,NA,NA,NA,NA,NA,NA,NA,NA,NA,0,1,NA,NA,NA,NA,NA
3951,0.56006074,0.127196312,0.267803311,2011,state,All,state,99,Jharkhand,NA,NA,NA,NA,NA,NA,NA,NA,NA,NA,1,0,NA,NA,NA,NA,NA
3952,0.259255618,0.156865954,0.317268342,2011,state,All,state,99,Odisha,NA,NA,NA,NA,NA,NA,NA,NA,NA,NA,0,1,NA,NA,NA,NA,NA
3953,0.56018424,0.108443998,0.309004337,2011,state,All,state,99,Odisha,NA,NA,NA,NA,NA,NA,NA,NA,NA,NA,1,0,NA,NA,NA,NA,NA
3954,0.36171937,0.113291718,0.435288697,2011,state,All,state,99,Chhattisgarh,NA,NA,NA,NA,NA,NA,NA,NA,NA,NA,0,1,NA,NA,NA,NA,NA
3955,0.541395009,0.126008078,0.316924691,2011,state,All,state,99,Chhattisgarh,NA,NA,NA,NA,NA,NA,NA,NA,NA,NA,1,0,NA,NA,NA,NA,NA
3956,0.363802493,0.151701212,0.329939067,2011,state,All,state,99,Madhya Pradesh,NA,NA,NA,NA,NA,NA,NA,NA,NA,NA,0,1,NA,NA,NA,NA,NA
3957,0.543639839,0.138742208,0.306500375,2011,state,All,state,99,Madhya Pradesh,NA,NA,NA,NA,NA,NA,NA,NA,NA,NA,1,0,NA,NA,NA,NA,NA
3958,0.347351879,0.237946883,0.330779076,2011,state,All,state,99,Gujarat,NA,NA,NA,NA,NA,NA,NA,NA,NA,NA,0,1,NA,NA,NA,NA,NA
3959,0.520962119,0.241936296,0.219885379,2011,state,All,state,99,Gujarat,NA,NA,NA,NA,NA,NA,NA,NA,NA,NA,1,0,NA,NA,NA,NA,NA
3960,0.542683065,0.356500506,0.020623013,2011,state,All,state,99,Daman & Diu & D & N Haveli,NA,NA,NA,NA,NA,NA,NA,NA,NA,NA,0,1,NA,NA,NA,NA,NA
3961,0.344293028,0.534300447,0.102088928,2011,state,All,state,99,Daman & Diu & D & N Haveli,NA,NA,NA,NA,NA,NA,NA,NA,NA,NA,1,0,NA,NA,NA,NA,NA
3962,0.257602751,0.278435767,0.316879541,2011,state,All,state,99,Maharashtra,NA,NA,NA,NA,NA,NA,NA,NA,NA,NA,0,1,NA,NA,NA,NA,NA
3963,0.455444127,0.282651931,0.235733226,2011,state,All,state,99,Maharashtra,NA,NA,NA,NA,NA,NA,NA,NA,NA,NA,1,0,NA,NA,NA,NA,NA
3964,0.311975628,0.117769204,0.396426082,2011,state,All,state,99,Andhra Pradesh,NA,NA,NA,NA,NA,NA,NA,NA,NA,NA,0,1,NA,NA,NA,NA,NA
3965,0.409925312,0.179995686,0.374286264,2011,state,All,state,99,Andhra Pradesh,NA,NA,NA,NA,NA,NA,NA,NA,NA,NA,1,0,NA,NA,NA,NA,NA
3966,0.432453156,0.215766713,0.289628476,2011,state,All,state,99,Karnataka,NA,NA,NA,NA,NA,NA,NA,NA,NA,NA,0,1,NA,NA,NA,NA,NA
3967,0.513047874,0.180441856,0.287632108,2011,state,All,state,99,Karnataka,NA,NA,NA,NA,NA,NA,NA,NA,NA,NA,1,0,NA,NA,NA,NA,NA
3968,0.398060024,0.324540734,0.125905856,2011,state,All,state,99,Goa,NA,NA,NA,NA,NA,NA,NA,NA,NA,NA,0,1,NA,NA,NA,NA,NA
3969,0.450940967,0.409151614,0.090606079,2011,state,All,state,99,Goa,NA,NA,NA,NA,NA,NA,NA,NA,NA,NA,1,0,NA,NA,NA,NA,NA
3970,0.239938691,0.275620908,0.232390478,2011,state,All,state,99,Lakshadweep,NA,NA,NA,NA,NA,NA,NA,NA,NA,NA,0,1,NA,NA,NA,NA,NA
3971,0.206236169,0.617236376,0.125786483,2011,state,All,state,99,Lakshadweep,NA,NA,NA,NA,NA,NA,NA,NA,NA,NA,1,0,NA,NA,NA,NA,NA
3972,0.239184663,0.158750817,0.310057342,2011,state,All,state,99,Kerala,NA,NA,NA,NA,NA,NA,NA,NA,NA,NA,0,1,NA,NA,NA,NA,NA
3973,0.351985812,0.200154677,0.386266738,2011,state,All,state,99,Kerala,NA,NA,NA,NA,NA,NA,NA,NA,NA,NA,1,0,NA,NA,NA,NA,NA
3974,0.17536664,0.165935904,0.427571237,2011,state,All,state,99,Tamil Nadu,NA,NA,NA,NA,NA,NA,NA,NA,NA,NA,0,1,NA,NA,NA,NA,NA
3975,0.315467477,0.25844422,0.397758096,2011,state,All,state,99,Tamil Nadu,NA,NA,NA,NA,NA,NA,NA,NA,NA,NA,1,0,NA,NA,NA,NA,NA
3976,0.072205797,0.378651857,0.342977524,2011,state,All,state,99,Puducherry,NA,NA,NA,NA,NA,NA,NA,NA,NA,NA,0,1,NA,NA,NA,NA,NA
3977,0.294460744,0.380492747,0.266919464,2011,state,All,state,99,Puducherry,NA,NA,NA,NA,NA,NA,NA,NA,NA,NA,1,0,NA,NA,NA,NA,NA
3978,0.439889193,0.359227568,0.094059691,2011,state,All,state,99,A & N Island,NA,NA,NA,NA,NA,NA,NA,NA,NA,NA,0,1,NA,NA,NA,NA,NA
3979,0.341473699,0.519212782,0.125212789,2011,state,All,state,99,A & N Island,NA,NA,NA,NA,NA,NA,NA,NA,NA,NA,1,0,NA,NA,NA,NA,NA
3980,0.448999733,0.113607913,0.312987834,2011,state,All,state,99,Telangana,NA,NA,NA,NA,NA,NA,NA,NA,NA,NA,0,1,NA,NA,NA,NA,NA
3981,0.472543687,0.25602597,0.244164303,2011,state,All,state,99,Telangana,NA,NA,NA,NA,NA,NA,NA,NA,NA,NA,1,0,NA,NA,NA,NA,NA
3982,0.084365845,0.09187866,0,2011,state,All,state,99,Ladakh,NA,NA,NA,NA,NA,NA,NA,NA,NA,NA,0,1,NA,NA,NA,NA,NA
3983,0.412686795,0.310971051,0.25808239,2011,state,All,state,99,Ladakh,NA,NA,NA,NA,NA,NA,NA,NA,NA,NA,1,0,NA,NA,NA,NA,NA
3984,0.432501554,0.181802109,0.126347587,2011,state,urban/rural,sector_state,0,Jammu & Kashmir,NA,NA,NA,NA,NA,NA,NA,NA,NA,NA,0,1,NA,NA,NA,NA,NA
3985,0.498442173,0.211161613,0.264686257,2011,state,urban/rural,sector_state,0,Jammu & Kashmir,NA,NA,NA,NA,NA,NA,NA,NA,NA,NA,1,0,NA,NA,NA,NA,NA
3986,0.498442113,0.143937305,0.164820194,2011,state,urban/rural,sector_state,0,Himachal Pradesh,NA,NA,NA,NA,NA,NA,NA,NA,NA,NA,0,1,NA,NA,NA,NA,NA
3987,0.489698768,0.226258591,0.255075812,2011,state,urban/rural,sector_state,0,Himachal Pradesh,NA,NA,NA,NA,NA,NA,NA,NA,NA,NA,1,0,NA,NA,NA,NA,NA
3988,0.307835549,0.216006145,0.158461407,2011,state,urban/rural,sector_state,0,Punjab,NA,NA,NA,NA,NA,NA,NA,NA,NA,NA,0,1,NA,NA,NA,NA,NA
3989,0.468949467,0.151157081,0.353473037,2011,state,urban/rural,sector_state,0,Punjab,NA,NA,NA,NA,NA,NA,NA,NA,NA,NA,1,0,NA,NA,NA,NA,NA
3990,0.187010005,0.323456466,0.489533544,2011,state,urban/rural,sector_state,0,Chandigarh,NA,NA,NA,NA,NA,NA,NA,NA,NA,NA,0,1,NA,NA,NA,NA,NA
3991,0.311359465,0.54817766,0.011923578,2011,state,urban/rural,sector_state,0,Chandigarh,NA,NA,NA,NA,NA,NA,NA,NA,NA,NA,1,0,NA,NA,NA,NA,NA
3992,0.619084001,0.050503697,0.030139891,2011,state,urban/rural,sector_state,0,Uttrakhand,NA,NA,NA,NA,NA,NA,NA,NA,NA,NA,0,1,NA,NA,NA,NA,NA
3993,0.636165857,0.132777184,0.212830126,2011,state,urban/rural,sector_state,0,Uttrakhand,NA,NA,NA,NA,NA,NA,NA,NA,NA,NA,1,0,NA,NA,NA,NA,NA
3994,0.312145919,0.128666356,0.284134239,2011,state,urban/rural,sector_state,0,Haryana,NA,NA,NA,NA,NA,NA,NA,NA,NA,NA,0,1,NA,NA,NA,NA,NA
3995,0.548193097,0.134435236,0.28519845,2011,state,urban/rural,sector_state,0,Haryana,NA,NA,NA,NA,NA,NA,NA,NA,NA,NA,1,0,NA,NA,NA,NA,NA
3996,0.898786962,0.101213038,0,2011,state,urban/rural,sector_state,0,Delhi,NA,NA,NA,NA,NA,NA,NA,NA,NA,NA,0,1,NA,NA,NA,NA,NA
3997,0.340821445,0.563411355,0.070366964,2011,state,urban/rural,sector_state,0,Delhi,NA,NA,NA,NA,NA,NA,NA,NA,NA,NA,1,0,NA,NA,NA,NA,NA
3998,0.464264125,0.058791675,0.210442662,2011,state,urban/rural,sector_state,0,Rajasthan,NA,NA,NA,NA,NA,NA,NA,NA,NA,NA,0,1,NA,NA,NA,NA,NA
3999,0.624534249,0.078223161,0.282502204,2011,state,urban/rural,sector_state,0,Rajasthan,NA,NA,NA,NA,NA,NA,NA,NA,NA,NA,1,0,NA,NA,NA,NA,NA
4000,0.584868908,0.032811753,0.191457421,2011,state,urban/rural,sector_state,0,Uttar Pradesh,NA,NA,NA,NA,NA,NA,NA,NA,NA,NA,0,1,NA,NA,NA,NA,NA
4001,0.652929306,0.052278429,0.281958908,2011,state,urban/rural,sector_state,0,Uttar Pradesh,NA,NA,NA,NA,NA,NA,NA,NA,NA,NA,1,0,NA,NA,NA,NA,NA
4002,0.183870301,0.013500075,0.281033725,2011,state,urban/rural,sector_state,0,Bihar,NA,NA,NA,NA,NA,NA,NA,NA,NA,NA,0,1,NA,NA,NA,NA,NA
4003,0.570901036,0.04198328,0.341583967,2011,state,urban/rural,sector_state,0,Bihar,NA,NA,NA,NA,NA,NA,NA,NA,NA,NA,1,0,NA,NA,NA,NA,NA
4004,0.755787313,0.205258742,0.014167441,2011,state,urban/rural,sector_state,0,Sikkim,NA,NA,NA,NA,NA,NA,NA,NA,NA,NA,0,1,NA,NA,NA,NA,NA
4005,0.703529119,0.252049744,0.037974697,2011,state,urban/rural,sector_state,0,Sikkim,NA,NA,NA,NA,NA,NA,NA,NA,NA,NA,1,0,NA,NA,NA,NA,NA
4006,0.759022832,0.116531074,0.032270025,2011,state,urban/rural,sector_state,0,Arunachal Pradesh,NA,NA,NA,NA,NA,NA,NA,NA,NA,NA,0,1,NA,NA,NA,NA,NA
4007,0.776500881,0.168723732,0.016548341,2011,state,urban/rural,sector_state,0,Arunachal Pradesh,NA,NA,NA,NA,NA,NA,NA,NA,NA,NA,1,0,NA,NA,NA,NA,NA
4008,0.273016095,0.463381082,0.024363201,2011,state,urban/rural,sector_state,0,Nagaland,NA,NA,NA,NA,NA,NA,NA,NA,NA,NA,0,1,NA,NA,NA,NA,NA
4009,0.722637236,0.231723025,0.002861023,2011,state,urban/rural,sector_state,0,Nagaland,NA,NA,NA,NA,NA,NA,NA,NA,NA,NA,1,0,NA,NA,NA,NA,NA
4010,0.778670669,0.128379881,0.03420436,2011,state,urban/rural,sector_state,0,Manipur,NA,NA,NA,NA,NA,NA,NA,NA,NA,NA,0,1,NA,NA,NA,NA,NA
4011,0.74975878,0.187510282,0.042902794,2011,state,urban/rural,sector_state,0,Manipur,NA,NA,NA,NA,NA,NA,NA,NA,NA,NA,1,0,NA,NA,NA,NA,NA
4012,0.764373243,0.200005412,0.00112422,2011,state,urban/rural,sector_state,0,Mizoram,NA,NA,NA,NA,NA,NA,NA,NA,NA,NA,0,1,NA,NA,NA,NA,NA
4013,0.800059974,0.175637931,0.012457223,2011,state,urban/rural,sector_state,0,Mizoram,NA,NA,NA,NA,NA,NA,NA,NA,NA,NA,1,0,NA,NA,NA,NA,NA
4014,0.316856742,0.114307091,0.427838147,2011,state,urban/rural,sector_state,0,Tripura,NA,NA,NA,NA,NA,NA,NA,NA,NA,NA,0,1,NA,NA,NA,NA,NA
4015,0.393980235,0.09228684,0.485144645,2011,state,urban/rural,sector_state,0,Tripura,NA,NA,NA,NA,NA,NA,NA,NA,NA,NA,1,0,NA,NA,NA,NA,NA
4016,0.720935524,0.184914678,0.06072164,2011,state,urban/rural,sector_state,0,Meghalaya,NA,NA,NA,NA,NA,NA,NA,NA,NA,NA,0,1,NA,NA,NA,NA,NA
4017,0.689866602,0.155650541,0.136850774,2011,state,urban/rural,sector_state,0,Meghalaya,NA,NA,NA,NA,NA,NA,NA,NA,NA,NA,1,0,NA,NA,NA,NA,NA
4018,0.556122124,0.140126601,0.179617956,2011,state,urban/rural,sector_state,0,Assam,NA,NA,NA,NA,NA,NA,NA,NA,NA,NA,0,1,NA,NA,NA,NA,NA
4019,0.714908242,0.120420881,0.144989938,2011,state,urban/rural,sector_state,0,Assam,NA,NA,NA,NA,NA,NA,NA,NA,NA,NA,1,0,NA,NA,NA,NA,NA
4020,0.4014346,0.107525438,0.23207441,2011,state,urban/rural,sector_state,0,West Bengal,NA,NA,NA,NA,NA,NA,NA,NA,NA,NA,0,1,NA,NA,NA,NA,NA
4021,0.450953513,0.074114509,0.460089117,2011,state,urban/rural,sector_state,0,West Bengal,NA,NA,NA,NA,NA,NA,NA,NA,NA,NA,1,0,NA,NA,NA,NA,NA
4022,0.498510212,0.016327512,0.195811242,2011,state,urban/rural,sector_state,0,Jharkhand,NA,NA,NA,NA,NA,NA,NA,NA,NA,NA,0,1,NA,NA,NA,NA,NA
4023,0.614091396,0.052139793,0.293478817,2011,state,urban/rural,sector_state,0,Jharkhand,NA,NA,NA,NA,NA,NA,NA,NA,NA,NA,1,0,NA,NA,NA,NA,NA
4024,0.26440376,0.116562434,0.34592697,2011,state,urban/rural,sector_state,0,Odisha,NA,NA,NA,NA,NA,NA,NA,NA,NA,NA,0,1,NA,NA,NA,NA,NA
4025,0.574276507,0.067778222,0.341518164,2011,state,urban/rural,sector_state,0,Odisha,NA,NA,NA,NA,NA,NA,NA,NA,NA,NA,1,0,NA,NA,NA,NA,NA
4026,0.372034132,0.087779388,0.497778654,2011,state,urban/rural,sector_state,0,Chhattisgarh,NA,NA,NA,NA,NA,NA,NA,NA,NA,NA,0,1,NA,NA,NA,NA,NA
4027,0.609562755,0.060159676,0.322646648,2011,state,urban/rural,sector_state,0,Chhattisgarh,NA,NA,NA,NA,NA,NA,NA,NA,NA,NA,1,0,NA,NA,NA,NA,NA
4028,0.33856371,0.090082191,0.429818571,2011,state,urban/rural,sector_state,0,Madhya Pradesh,NA,NA,NA,NA,NA,NA,NA,NA,NA,NA,0,1,NA,NA,NA,NA,NA
4029,0.577272892,0.062969998,0.355762661,2011,state,urban/rural,sector_state,0,Madhya Pradesh,NA,NA,NA,NA,NA,NA,NA,NA,NA,NA,1,0,NA,NA,NA,NA,NA
4030,0.348640919,0.159280956,0.423880547,2011,state,urban/rural,sector_state,0,Gujarat,NA,NA,NA,NA,NA,NA,NA,NA,NA,NA,0,1,NA,NA,NA,NA,NA
4031,0.582530558,0.084785387,0.323030561,2011,state,urban/rural,sector_state,0,Gujarat,NA,NA,NA,NA,NA,NA,NA,NA,NA,NA,1,0,NA,NA,NA,NA,NA
4032,0.430107772,0.417538822,0,2011,state,urban/rural,sector_state,0,Daman & Diu & D & N Haveli,NA,NA,NA,NA,NA,NA,NA,NA,NA,NA,0,1,NA,NA,NA,NA,NA
4033,0.387761563,0.433537602,0.145803332,2011,state,urban/rural,sector_state,0,Daman & Diu & D & N Haveli,NA,NA,NA,NA,NA,NA,NA,NA,NA,NA,1,0,NA,NA,NA,NA,NA
4034,0.274128556,0.054918781,0.558928907,2011,state,urban/rural,sector_state,0,Maharashtra,NA,NA,NA,NA,NA,NA,NA,NA,NA,NA,0,1,NA,NA,NA,NA,NA
4035,0.522117376,0.117533371,0.347279549,2011,state,urban/rural,sector_state,0,Maharashtra,NA,NA,NA,NA,NA,NA,NA,NA,NA,NA,1,0,NA,NA,NA,NA,NA
4036,0.317725778,0.074018665,0.480627894,2011,state,urban/rural,sector_state,0,Andhra Pradesh,NA,NA,NA,NA,NA,NA,NA,NA,NA,NA,0,1,NA,NA,NA,NA,NA
4037,0.433621913,0.102345169,0.441372156,2011,state,urban/rural,sector_state,0,Andhra Pradesh,NA,NA,NA,NA,NA,NA,NA,NA,NA,NA,1,0,NA,NA,NA,NA,NA
4038,0.509316981,0.114962541,0.335892826,2011,state,urban/rural,sector_state,0,Karnataka,NA,NA,NA,NA,NA,NA,NA,NA,NA,NA,0,1,NA,NA,NA,NA,NA
4039,0.552772045,0.077660486,0.358560264,2011,state,urban/rural,sector_state,0,Karnataka,NA,NA,NA,NA,NA,NA,NA,NA,NA,NA,1,0,NA,NA,NA,NA,NA
4040,0.550569236,0.202960715,0.15984261,2011,state,urban/rural,sector_state,0,Goa,NA,NA,NA,NA,NA,NA,NA,NA,NA,NA,0,1,NA,NA,NA,NA,NA
4041,0.488040298,0.336892247,0.136480391,2011,state,urban/rural,sector_state,0,Goa,NA,NA,NA,NA,NA,NA,NA,NA,NA,NA,1,0,NA,NA,NA,NA,NA
4042,0.199418038,0.164928526,0.385514289,2011,state,urban/rural,sector_state,0,Lakshadweep,NA,NA,NA,NA,NA,NA,NA,NA,NA,NA,0,1,NA,NA,NA,NA,NA
4043,0.301301628,0.584294319,0.105726629,2011,state,urban/rural,sector_state,0,Lakshadweep,NA,NA,NA,NA,NA,NA,NA,NA,NA,NA,1,0,NA,NA,NA,NA,NA
4044,0.231299192,0.147089377,0.334167421,2011,state,urban/rural,sector_state,0,Kerala,NA,NA,NA,NA,NA,NA,NA,NA,NA,NA,0,1,NA,NA,NA,NA,NA
4045,0.364532143,0.157629505,0.425805211,2011,state,urban/rural,sector_state,0,Kerala,NA,NA,NA,NA,NA,NA,NA,NA,NA,NA,1,0,NA,NA,NA,NA,NA
4046,0.184870899,0.072564401,0.568796933,2011,state,urban/rural,sector_state,0,Tamil Nadu,NA,NA,NA,NA,NA,NA,NA,NA,NA,NA,0,1,NA,NA,NA,NA,NA
4047,0.303404003,0.132910743,0.547493935,2011,state,urban/rural,sector_state,0,Tamil Nadu,NA,NA,NA,NA,NA,NA,NA,NA,NA,NA,1,0,NA,NA,NA,NA,NA
4048,0.048513941,0.370750368,0.457112879,2011,state,urban/rural,sector_state,0,Puducherry,NA,NA,NA,NA,NA,NA,NA,NA,NA,NA,0,1,NA,NA,NA,NA,NA
4049,0.381130248,0.16724512,0.401293516,2011,state,urban/rural,sector_state,0,Puducherry,NA,NA,NA,NA,NA,NA,NA,NA,NA,NA,1,0,NA,NA,NA,NA,NA
4050,0.610710382,0.259032071,0.080919899,2011,state,urban/rural,sector_state,0,A & N Island,NA,NA,NA,NA,NA,NA,NA,NA,NA,NA,0,1,NA,NA,NA,NA,NA
4051,0.426941723,0.440038502,0.126761392,2011,state,urban/rural,sector_state,0,A & N Island,NA,NA,NA,NA,NA,NA,NA,NA,NA,NA,1,0,NA,NA,NA,NA,NA
4052,0.496181667,0.021388339,0.443391144,2011,state,urban/rural,sector_state,0,Telangana,NA,NA,NA,NA,NA,NA,NA,NA,NA,NA,0,1,NA,NA,NA,NA,NA
4053,0.542574108,0.100561976,0.333240896,2011,state,urban/rural,sector_state,0,Telangana,NA,NA,NA,NA,NA,NA,NA,NA,NA,NA,1,0,NA,NA,NA,NA,NA
4054,0.085696377,0.07884416,0,2011,state,urban/rural,sector_state,0,Ladakh,NA,NA,NA,NA,NA,NA,NA,NA,NA,NA,0,1,NA,NA,NA,NA,NA
4055,0.44213894,0.254013121,0.283594698,2011,state,urban/rural,sector_state,0,Ladakh,NA,NA,NA,NA,NA,NA,NA,NA,NA,NA,1,0,NA,NA,NA,NA,NA
4056,0.154307455,0.549654365,0.0374947,2011,state,urban/rural,sector_state,1,Jammu & Kashmir,NA,NA,NA,NA,NA,NA,NA,NA,NA,NA,0,1,NA,NA,NA,NA,NA
4057,0.441622704,0.372234046,0.140706837,2011,state,urban/rural,sector_state,1,Jammu & Kashmir,NA,NA,NA,NA,NA,NA,NA,NA,NA,NA,1,0,NA,NA,NA,NA,NA
4058,0.086808883,0.406083614,0.119947359,2011,state,urban/rural,sector_state,1,Himachal Pradesh,NA,NA,NA,NA,NA,NA,NA,NA,NA,NA,0,1,NA,NA,NA,NA,NA
4059,0.262559384,0.529027045,0.106785499,2011,state,urban/rural,sector_state,1,Himachal Pradesh,NA,NA,NA,NA,NA,NA,NA,NA,NA,NA,1,0,NA,NA,NA,NA,NA
4060,0.337557584,0.373684287,0.065853648,2011,state,urban/rural,sector_state,1,Punjab,NA,NA,NA,NA,NA,NA,NA,NA,NA,NA,0,1,NA,NA,NA,NA,NA
4061,0.469998121,0.385822624,0.102301173,2011,state,urban/rural,sector_state,1,Punjab,NA,NA,NA,NA,NA,NA,NA,NA,NA,NA,1,0,NA,NA,NA,NA,NA
4062,0.009927064,0.917341292,0,2011,state,urban/rural,sector_state,1,Chandigarh,NA,NA,NA,NA,NA,NA,NA,NA,NA,NA,0,1,NA,NA,NA,NA,NA
4063,0.288247526,0.606984973,0.092806034,2011,state,urban/rural,sector_state,1,Chandigarh,NA,NA,NA,NA,NA,NA,NA,NA,NA,NA,1,0,NA,NA,NA,NA,NA
4064,0.339222968,0.356172144,0.019199535,2011,state,urban/rural,sector_state,1,Uttrakhand,NA,NA,NA,NA,NA,NA,NA,NA,NA,NA,0,1,NA,NA,NA,NA,NA
4065,0.510931373,0.35086146,0.081205472,2011,state,urban/rural,sector_state,1,Uttrakhand,NA,NA,NA,NA,NA,NA,NA,NA,NA,NA,1,0,NA,NA,NA,NA,NA
4066,0.37414366,0.240277827,0.095311724,2011,state,urban/rural,sector_state,1,Haryana,NA,NA,NA,NA,NA,NA,NA,NA,NA,NA,0,1,NA,NA,NA,NA,NA
4067,0.421224087,0.413306147,0.112717472,2011,state,urban/rural,sector_state,1,Haryana,NA,NA,NA,NA,NA,NA,NA,NA,NA,NA,1,0,NA,NA,NA,NA,NA
4068,0.263957113,0.669112861,0.001846463,2011,state,urban/rural,sector_state,1,Delhi,NA,NA,NA,NA,NA,NA,NA,NA,NA,NA,0,1,NA,NA,NA,NA,NA
4069,0.443883985,0.493253797,0.03570763,2011,state,urban/rural,sector_state,1,Delhi,NA,NA,NA,NA,NA,NA,NA,NA,NA,NA,1,0,NA,NA,NA,NA,NA
4070,0.27830711,0.267824501,0.149289384,2011,state,urban/rural,sector_state,1,Rajasthan,NA,NA,NA,NA,NA,NA,NA,NA,NA,NA,0,1,NA,NA,NA,NA,NA
4071,0.462236047,0.336346507,0.144798294,2011,state,urban/rural,sector_state,1,Rajasthan,NA,NA,NA,NA,NA,NA,NA,NA,NA,NA,1,0,NA,NA,NA,NA,NA
4072,0.356166691,0.299092203,0.122804411,2011,state,urban/rural,sector_state,1,Uttar Pradesh,NA,NA,NA,NA,NA,NA,NA,NA,NA,NA,0,1,NA,NA,NA,NA,NA
4073,0.540957868,0.280263335,0.139602661,2011,state,urban/rural,sector_state,1,Uttar Pradesh,NA,NA,NA,NA,NA,NA,NA,NA,NA,NA,1,0,NA,NA,NA,NA,NA
4074,0.185680851,0.16740787,0.170488909,2011,state,urban/rural,sector_state,1,Bihar,NA,NA,NA,NA,NA,NA,NA,NA,NA,NA,0,1,NA,NA,NA,NA,NA
4075,0.503721952,0.247324467,0.124103434,2011,state,urban/rural,sector_state,1,Bihar,NA,NA,NA,NA,NA,NA,NA,NA,NA,NA,1,0,NA,NA,NA,NA,NA
4076,0.174905464,0.482133776,0,2011,state,urban/rural,sector_state,1,Sikkim,NA,NA,NA,NA,NA,NA,NA,NA,NA,NA,0,1,NA,NA,NA,NA,NA
4077,0.310571223,0.577825963,0.0484084,2011,state,urban/rural,sector_state,1,Sikkim,NA,NA,NA,NA,NA,NA,NA,NA,NA,NA,1,0,NA,NA,NA,NA,NA
4078,0.306386322,0.472783476,0.121075921,2011,state,urban/rural,sector_state,1,Arunachal Pradesh,NA,NA,NA,NA,NA,NA,NA,NA,NA,NA,0,1,NA,NA,NA,NA,NA
4079,0.22367312,0.61771059,0.091939054,2011,state,urban/rural,sector_state,1,Arunachal Pradesh,NA,NA,NA,NA,NA,NA,NA,NA,NA,NA,1,0,NA,NA,NA,NA,NA
4080,0.536164701,0.290503383,0,2011,state,urban/rural,sector_state,1,Nagaland,NA,NA,NA,NA,NA,NA,NA,NA,NA,NA,0,1,NA,NA,NA,NA,NA
4081,0.385443479,0.490463942,0.011915697,2011,state,urban/rural,sector_state,1,Nagaland,NA,NA,NA,NA,NA,NA,NA,NA,NA,NA,1,0,NA,NA,NA,NA,NA
4082,0.520062387,0.235918701,0.014363428,2011,state,urban/rural,sector_state,1,Manipur,NA,NA,NA,NA,NA,NA,NA,NA,NA,NA,0,1,NA,NA,NA,NA,NA
4083,0.538930416,0.29871729,0.034759726,2011,state,urban/rural,sector_state,1,Manipur,NA,NA,NA,NA,NA,NA,NA,NA,NA,NA,1,0,NA,NA,NA,NA,NA
4084,0.420419633,0.449268728,0.018912209,2011,state,urban/rural,sector_state,1,Mizoram,NA,NA,NA,NA,NA,NA,NA,NA,NA,NA,0,1,NA,NA,NA,NA,NA
4085,0.32554844,0.531680167,0.09453892,2011,state,urban/rural,sector_state,1,Mizoram,NA,NA,NA,NA,NA,NA,NA,NA,NA,NA,1,0,NA,NA,NA,NA,NA
4086,0.181416243,0.284294367,0.160521239,2011,state,urban/rural,sector_state,1,Tripura,NA,NA,NA,NA,NA,NA,NA,NA,NA,NA,0,1,NA,NA,NA,NA,NA
4087,0.470471621,0.331926733,0.136524796,2011,state,urban/rural,sector_state,1,Tripura,NA,NA,NA,NA,NA,NA,NA,NA,NA,NA,1,0,NA,NA,NA,NA,NA
4088,0.387718171,0.42200765,0.02818061,2011,state,urban/rural,sector_state,1,Meghalaya,NA,NA,NA,NA,NA,NA,NA,NA,NA,NA,0,1,NA,NA,NA,NA,NA
4089,0.32080099,0.554543853,0.072742045,2011,state,urban/rural,sector_state,1,Meghalaya,NA,NA,NA,NA,NA,NA,NA,NA,NA,NA,1,0,NA,NA,NA,NA,NA
4090,0.33884868,0.352605313,0.060042635,2011,state,urban/rural,sector_state,1,Assam,NA,NA,NA,NA,NA,NA,NA,NA,NA,NA,0,1,NA,NA,NA,NA,NA
4091,0.462138653,0.38624835,0.061146859,2011,state,urban/rural,sector_state,1,Assam,NA,NA,NA,NA,NA,NA,NA,NA,NA,NA,1,0,NA,NA,NA,NA,NA
4092,0.333542228,0.373630911,0.129573524,2011,state,urban/rural,sector_state,1,West Bengal,NA,NA,NA,NA,NA,NA,NA,NA,NA,NA,0,1,NA,NA,NA,NA,NA
4093,0.444024742,0.345974296,0.137034848,2011,state,urban/rural,sector_state,1,West Bengal,NA,NA,NA,NA,NA,NA,NA,NA,NA,NA,1,0,NA,NA,NA,NA,NA
4094,0.194695145,0.202061579,0.14032203,2011,state,urban/rural,sector_state,1,Jharkhand,NA,NA,NA,NA,NA,NA,NA,NA,NA,NA,0,1,NA,NA,NA,NA,NA
4095,0.351364374,0.417106181,0.168630347,2011,state,urban/rural,sector_state,1,Jharkhand,NA,NA,NA,NA,NA,NA,NA,NA,NA,NA,1,0,NA,NA,NA,NA,NA
4096,0.235728458,0.341054142,0.18629761,2011,state,urban/rural,sector_state,1,Odisha,NA,NA,NA,NA,NA,NA,NA,NA,NA,NA,0,1,NA,NA,NA,NA,NA
4097,0.477761805,0.346289605,0.118837707,2011,state,urban/rural,sector_state,1,Odisha,NA,NA,NA,NA,NA,NA,NA,NA,NA,NA,1,0,NA,NA,NA,NA,NA
4098,0.324967027,0.204194307,0.212631658,2011,state,urban/rural,sector_state,1,Chhattisgarh,NA,NA,NA,NA,NA,NA,NA,NA,NA,NA,0,1,NA,NA,NA,NA,NA
4099,0.309733927,0.349787265,0.297479242,2011,state,urban/rural,sector_state,1,Chhattisgarh,NA,NA,NA,NA,NA,NA,NA,NA,NA,NA,1,0,NA,NA,NA,NA,NA
4100,0.412770092,0.271252751,0.136155561,2011,state,urban/rural,sector_state,1,Madhya Pradesh,NA,NA,NA,NA,NA,NA,NA,NA,NA,NA,0,1,NA,NA,NA,NA,NA
4101,0.442963809,0.365555793,0.159040615,2011,state,urban/rural,sector_state,1,Madhya Pradesh,NA,NA,NA,NA,NA,NA,NA,NA,NA,NA,1,0,NA,NA,NA,NA,NA
4102,0.344992369,0.381939173,0.160363585,2011,state,urban/rural,sector_state,1,Gujarat,NA,NA,NA,NA,NA,NA,NA,NA,NA,NA,0,1,NA,NA,NA,NA,NA
4103,0.429197341,0.476162106,0.066152483,2011,state,urban/rural,sector_state,1,Gujarat,NA,NA,NA,NA,NA,NA,NA,NA,NA,NA,1,0,NA,NA,NA,NA,NA
4104,0.620165169,0.314489692,0.034817193,2011,state,urban/rural,sector_state,1,Daman & Diu & D & N Haveli,NA,NA,NA,NA,NA,NA,NA,NA,NA,NA,0,1,NA,NA,NA,NA,NA
4105,0.282458454,0.677636981,0.039904594,2011,state,urban/rural,sector_state,1,Daman & Diu & D & N Haveli,NA,NA,NA,NA,NA,NA,NA,NA,NA,NA,1,0,NA,NA,NA,NA,NA
4106,0.242549852,0.482031137,0.096403532,2011,state,urban/rural,sector_state,1,Maharashtra,NA,NA,NA,NA,NA,NA,NA,NA,NA,NA,0,1,NA,NA,NA,NA,NA
4107,0.37290597,0.487060487,0.097644411,2011,state,urban/rural,sector_state,1,Maharashtra,NA,NA,NA,NA,NA,NA,NA,NA,NA,NA,1,0,NA,NA,NA,NA,NA
4108,0.296638697,0.234461814,0.171840817,2011,state,urban/rural,sector_state,1,Andhra Pradesh,NA,NA,NA,NA,NA,NA,NA,NA,NA,NA,0,1,NA,NA,NA,NA,NA
4109,0.345066041,0.392530501,0.190667599,2011,state,urban/rural,sector_state,1,Andhra Pradesh,NA,NA,NA,NA,NA,NA,NA,NA,NA,NA,1,0,NA,NA,NA,NA,NA
4110,0.279886037,0.415852994,0.197798356,2011,state,urban/rural,sector_state,1,Karnataka,NA,NA,NA,NA,NA,NA,NA,NA,NA,NA,0,1,NA,NA,NA,NA,NA
4111,0.438269019,0.373922765,0.154113352,2011,state,urban/rural,sector_state,1,Karnataka,NA,NA,NA,NA,NA,NA,NA,NA,NA,NA,1,0,NA,NA,NA,NA,NA
4112,0.167876244,0.508042753,0.074684776,2011,state,urban/rural,sector_state,1,Goa,NA,NA,NA,NA,NA,NA,NA,NA,NA,NA,0,1,NA,NA,NA,NA,NA
4113,0.415682375,0.477825761,0.047007866,2011,state,urban/rural,sector_state,1,Goa,NA,NA,NA,NA,NA,NA,NA,NA,NA,NA,1,0,NA,NA,NA,NA,NA
4114,0.283585995,0.394854456,0.067451477,2011,state,urban/rural,sector_state,1,Lakshadweep,NA,NA,NA,NA,NA,NA,NA,NA,NA,NA,0,1,NA,NA,NA,NA,NA
4115,0.086230211,0.658820927,0.15110904,2011,state,urban/rural,sector_state,1,Lakshadweep,NA,NA,NA,NA,NA,NA,NA,NA,NA,NA,1,0,NA,NA,NA,NA,NA
4116,0.263634354,0.194908261,0.235301524,2011,state,urban/rural,sector_state,1,Kerala,NA,NA,NA,NA,NA,NA,NA,NA,NA,NA,0,1,NA,NA,NA,NA,NA
4117,0.318326056,0.314242631,0.2801916,2011,state,urban/rural,sector_state,1,Kerala,NA,NA,NA,NA,NA,NA,NA,NA,NA,NA,1,0,NA,NA,NA,NA,NA
4118,0.160865739,0.308395326,0.212099314,2011,state,urban/rural,sector_state,1,Tamil Nadu,NA,NA,NA,NA,NA,NA,NA,NA,NA,NA,0,1,NA,NA,NA,NA,NA
4119,0.329995811,0.409626901,0.217427999,2011,state,urban/rural,sector_state,1,Tamil Nadu,NA,NA,NA,NA,NA,NA,NA,NA,NA,NA,1,0,NA,NA,NA,NA,NA
4120,0.097713791,0.38715905,0.220092908,2011,state,urban/rural,sector_state,1,Puducherry,NA,NA,NA,NA,NA,NA,NA,NA,NA,NA,0,1,NA,NA,NA,NA,NA
4121,0.249784172,0.490418047,0.197652042,2011,state,urban/rural,sector_state,1,Puducherry,NA,NA,NA,NA,NA,NA,NA,NA,NA,NA,1,0,NA,NA,NA,NA,NA
4122,0.05216606,0.586647332,0.123883881,2011,state,urban/rural,sector_state,1,A & N Island,NA,NA,NA,NA,NA,NA,NA,NA,NA,NA,0,1,NA,NA,NA,NA,NA
4123,0.193413213,0.656370223,0.122530088,2011,state,urban/rural,sector_state,1,A & N Island,NA,NA,NA,NA,NA,NA,NA,NA,NA,NA,1,0,NA,NA,NA,NA,NA
4124,0.359330326,0.288871586,0.065155782,2011,state,urban/rural,sector_state,1,Telangana,NA,NA,NA,NA,NA,NA,NA,NA,NA,NA,0,1,NA,NA,NA,NA,NA
4125,0.370302051,0.482997268,0.114115998,2011,state,urban/rural,sector_state,1,Telangana,NA,NA,NA,NA,NA,NA,NA,NA,NA,NA,1,0,NA,NA,NA,NA,NA
4126,0,0.918367326,0,2011,state,urban/rural,sector_state,1,Ladakh,NA,NA,NA,NA,NA,NA,NA,NA,NA,NA,0,1,NA,NA,NA,NA,NA
4127,0.255219758,0.6154989,0.121679895,2011,state,urban/rural,sector_state,1,Ladakh,NA,NA,NA,NA,NA,NA,NA,NA,NA,NA,1,0,NA,NA,NA,NA,NA
4128,0.571229458,0.122562945,0.191797927,2011,allindia,All,allindia,99,India,NA,NA,NA,NA,NA,NA,NA,NA,NA,NA,NA,NA,0,0,0,1,NA
4129,0.534442067,0.175627619,0.254456282,2011,allindia,All,allindia,99,India,NA,NA,NA,NA,NA,NA,NA,NA,NA,NA,NA,NA,0,0,1,0,NA
4130,0.487306923,0.177298844,0.311547011,2011,allindia,All,allindia,99,India,NA,NA,NA,NA,NA,NA,NA,NA,NA,NA,NA,NA,0,1,0,0,NA
4131,0.359683961,0.201682746,0.356776923,2011,allindia,All,allindia,99,India,NA,NA,NA,NA,NA,NA,NA,NA,NA,NA,NA,NA,1,0,0,0,NA
4132,0.000709822,0.004081148,0.019865567,2011,allindia,All,allindia,99,India,NA,NA,NA,NA,NA,NA,NA,NA,NA,NA,NA,NA,NA,NA,NA,NA,NA
4133,0.624013543,0.063666657,0.227028638,2011,allindia,urban/rural,sect_allindia,0,India,NA,NA,NA,NA,NA,NA,NA,NA,NA,NA,NA,NA,0,0,0,1,NA
4134,0.575710595,0.086223051,0.309558749,2011,allindia,urban/rural,sect_allindia,0,India,NA,NA,NA,NA,NA,NA,NA,NA,NA,NA,NA,NA,0,0,1,0,NA
4135,0.516421735,0.087690435,0.371991068,2011,allindia,urban/rural,sect_allindia,0,India,NA,NA,NA,NA,NA,NA,NA,NA,NA,NA,NA,NA,0,1,0,0,NA
4136,0.404759079,0.092059053,0.448386818,2011,allindia,urban/rural,sect_allindia,0,India,NA,NA,NA,NA,NA,NA,NA,NA,NA,NA,NA,NA,1,0,0,0,NA
4137,0.001301264,0.002988293,0.019645991,2011,allindia,urban/rural,sect_allindia,0,India,NA,NA,NA,NA,NA,NA,NA,NA,NA,NA,NA,NA,NA,NA,NA,NA,NA
4138,0.431872129,0.278057188,0.098784007,2011,allindia,urban/rural,sect_allindia,1,India,NA,NA,NA,NA,NA,NA,NA,NA,NA,NA,NA,NA,0,0,0,1,NA
4139,0.431177437,0.399341315,0.116575435,2011,allindia,urban/rural,sect_allindia,1,India,NA,NA,NA,NA,NA,NA,NA,NA,NA,NA,NA,NA,0,0,1,0,NA
4140,0.413774967,0.403612435,0.158890441,2011,allindia,urban/rural,sect_allindia,1,India,NA,NA,NA,NA,NA,NA,NA,NA,NA,NA,NA,NA,0,1,0,0,NA
4141,0.26048255,0.442942739,0.155161679,2011,allindia,urban/rural,sect_allindia,1,India,NA,NA,NA,NA,NA,NA,NA,NA,NA,NA,NA,NA,1,0,0,0,NA
4142,0,0.005392745,0.020129094,2011,allindia,urban/rural,sect_allindia,1,India,NA,NA,NA,NA,NA,NA,NA,NA,NA,NA,NA,NA,NA,NA,NA,NA,NA
4143,0.556930006,0.247467443,0.138836518,2011,state,All,state,99,Jammu & Kashmir,NA,NA,NA,NA,NA,NA,NA,NA,NA,NA,NA,NA,0,0,0,1,NA
4144,0.481854051,0.268833905,0.217288926,2011,state,All,state,99,Jammu & Kashmir,NA,NA,NA,NA,NA,NA,NA,NA,NA,NA,NA,NA,0,0,1,0,NA
4145,0.464772791,0.234886318,0.257015407,2011,state,All,state,99,Jammu & Kashmir,NA,NA,NA,NA,NA,NA,NA,NA,NA,NA,NA,NA,0,1,0,0,NA
4146,0.250701487,0.207362488,0.333987355,2011,state,All,state,99,Jammu & Kashmir,NA,NA,NA,NA,NA,NA,NA,NA,NA,NA,NA,NA,1,0,0,0,NA
4147,0,0,0.128996775,2011,state,All,state,99,Jammu & Kashmir,NA,NA,NA,NA,NA,NA,NA,NA,NA,NA,NA,NA,NA,NA,NA,NA,NA
4148,0.63845557,0.143080369,0.164061353,2011,state,All,state,99,Himachal Pradesh,NA,NA,NA,NA,NA,NA,NA,NA,NA,NA,NA,NA,0,0,0,1,NA
4149,0.439061791,0.272007763,0.223507553,2011,state,All,state,99,Himachal Pradesh,NA,NA,NA,NA,NA,NA,NA,NA,NA,NA,NA,NA,0,0,1,0,NA
4150,0.423766941,0.2686176,0.247332558,2011,state,All,state,99,Himachal Pradesh,NA,NA,NA,NA,NA,NA,NA,NA,NA,NA,NA,NA,0,1,0,0,NA
4151,0.217722684,0.281031519,0.328123033,2011,state,All,state,99,Himachal Pradesh,NA,NA,NA,NA,NA,NA,NA,NA,NA,NA,NA,NA,1,0,0,0,NA
4152,0.535201073,0.177575529,0.216058388,2011,state,All,state,99,Punjab,NA,NA,NA,NA,NA,NA,NA,NA,NA,NA,NA,NA,0,0,0,1,NA
4153,0.532858431,0.244446442,0.179961383,2011,state,All,state,99,Punjab,NA,NA,NA,NA,NA,NA,NA,NA,NA,NA,NA,NA,0,0,1,0,NA
4154,0.38436231,0.243657544,0.320258826,2011,state,All,state,99,Punjab,NA,NA,NA,NA,NA,NA,NA,NA,NA,NA,NA,NA,0,1,0,0,NA
4155,0.206741318,0.375503004,0.329412013,2011,state,All,state,99,Punjab,NA,NA,NA,NA,NA,NA,NA,NA,NA,NA,NA,NA,1,0,0,0,NA
4156,0,0,0,2011,state,All,state,99,Punjab,NA,NA,NA,NA,NA,NA,NA,NA,NA,NA,NA,NA,NA,NA,NA,NA,NA
4157,0.218263298,0.604108036,0.00668415,2011,state,All,state,99,Chandigarh,NA,NA,NA,NA,NA,NA,NA,NA,NA,NA,NA,NA,0,0,0,1,NA
4158,0.258028865,0.66881597,0.060478326,2011,state,All,state,99,Chandigarh,NA,NA,NA,NA,NA,NA,NA,NA,NA,NA,NA,NA,0,0,1,0,NA
4159,0.266534269,0.598594964,0.129531652,2011,state,All,state,99,Chandigarh,NA,NA,NA,NA,NA,NA,NA,NA,NA,NA,NA,NA,0,1,0,0,NA
4160,0.337499142,0.639310062,0.011571816,2011,state,All,state,99,Chandigarh,NA,NA,NA,NA,NA,NA,NA,NA,NA,NA,NA,NA,1,0,0,0,NA
4161,0.660819232,0.085212864,0.079583511,2011,state,All,state,99,Uttrakhand,NA,NA,NA,NA,NA,NA,NA,NA,NA,NA,NA,NA,0,0,0,1,NA
4162,0.593449891,0.182669863,0.156795174,2011,state,All,state,99,Uttrakhand,NA,NA,NA,NA,NA,NA,NA,NA,NA,NA,NA,NA,0,0,1,0,NA
4163,0.595606863,0.207045943,0.169053182,2011,state,All,state,99,Uttrakhand,NA,NA,NA,NA,NA,NA,NA,NA,NA,NA,NA,NA,0,1,0,0,NA
4164,0.528873682,0.179900214,0.232806876,2011,state,All,state,99,Uttrakhand,NA,NA,NA,NA,NA,NA,NA,NA,NA,NA,NA,NA,1,0,0,0,NA
4165,0,0,0,2011,state,All,state,99,Uttrakhand,NA,NA,NA,NA,NA,NA,NA,NA,NA,NA,NA,NA,NA,NA,NA,NA,NA
4166,0.638870299,0.098881505,0.16919598,2011,state,All,state,99,Haryana,NA,NA,NA,NA,NA,NA,NA,NA,NA,NA,NA,NA,0,0,0,1,NA
4167,0.489198059,0.226312384,0.212264091,2011,state,All,state,99,Haryana,NA,NA,NA,NA,NA,NA,NA,NA,NA,NA,NA,NA,0,0,1,0,NA
4168,0.499405861,0.193533123,0.270311981,2011,state,All,state,99,Haryana,NA,NA,NA,NA,NA,NA,NA,NA,NA,NA,NA,NA,0,1,0,0,NA
4169,0.354331762,0.416736066,0.200762123,2011,state,All,state,99,Haryana,NA,NA,NA,NA,NA,NA,NA,NA,NA,NA,NA,NA,1,0,0,0,NA
4170,0,0,0.57539624,2011,state,All,state,99,Haryana,NA,NA,NA,NA,NA,NA,NA,NA,NA,NA,NA,NA,NA,NA,NA,NA,NA
4171,0.390606493,0.406433105,0.001827242,2011,state,All,state,99,Delhi,NA,NA,NA,NA,NA,NA,NA,NA,NA,NA,NA,NA,0,0,0,1,NA
4172,0.469255179,0.481676131,0.034527298,2011,state,All,state,99,Delhi,NA,NA,NA,NA,NA,NA,NA,NA,NA,NA,NA,NA,0,0,1,0,NA
4173,0.442638576,0.514792025,0.042237412,2011,state,All,state,99,Delhi,NA,NA,NA,NA,NA,NA,NA,NA,NA,NA,NA,NA,0,1,0,0,NA
4174,0.202051237,0.688072681,0.046430271,2011,state,All,state,99,Delhi,NA,NA,NA,NA,NA,NA,NA,NA,NA,NA,NA,NA,1,0,0,0,NA
4175,0.659657657,0.09513776,0.140385211,2011,state,All,state,99,Rajasthan,NA,NA,NA,NA,NA,NA,NA,NA,NA,NA,NA,NA,0,0,0,1,NA
4176,0.610723674,0.151884049,0.209255084,2011,state,All,state,99,Rajasthan,NA,NA,NA,NA,NA,NA,NA,NA,NA,NA,NA,NA,0,0,1,0,NA
4177,0.555756211,0.132313341,0.285263509,2011,state,All,state,99,Rajasthan,NA,NA,NA,NA,NA,NA,NA,NA,NA,NA,NA,NA,0,1,0,0,NA
4178,0.433491528,0.150351301,0.330291331,2011,state,All,state,99,Rajasthan,NA,NA,NA,NA,NA,NA,NA,NA,NA,NA,NA,NA,1,0,0,0,NA
4179,0,0,0,2011,state,All,state,99,Rajasthan,NA,NA,NA,NA,NA,NA,NA,NA,NA,NA,NA,NA,NA,NA,NA,NA,NA
4180,0.766357422,0.073330022,0.106288962,2011,state,All,state,99,Uttar Pradesh,NA,NA,NA,NA,NA,NA,NA,NA,NA,NA,NA,NA,0,0,0,1,NA
4181,0.657289863,0.100368388,0.214105189,2011,state,All,state,99,Uttar Pradesh,NA,NA,NA,NA,NA,NA,NA,NA,NA,NA,NA,NA,0,0,1,0,NA
4182,0.591225982,0.109338887,0.274001241,2011,state,All,state,99,Uttar Pradesh,NA,NA,NA,NA,NA,NA,NA,NA,NA,NA,NA,NA,0,1,0,0,NA
4183,0.39181,0.094041772,0.445973426,2011,state,All,state,99,Uttar Pradesh,NA,NA,NA,NA,NA,NA,NA,NA,NA,NA,NA,NA,1,0,0,0,NA
4184,0,0,0,2011,state,All,state,99,Uttar Pradesh,NA,NA,NA,NA,NA,NA,NA,NA,NA,NA,NA,NA,NA,NA,NA,NA,NA
4185,0.586307645,0.021229709,0.169692814,2011,state,All,state,99,Bihar,NA,NA,NA,NA,NA,NA,NA,NA,NA,NA,NA,NA,0,0,0,1,NA
4186,0.568119049,0.073779963,0.305956155,2011,state,All,state,99,Bihar,NA,NA,NA,NA,NA,NA,NA,NA,NA,NA,NA,NA,0,0,1,0,NA
4187,0.522717774,0.063018121,0.350522012,2011,state,All,state,99,Bihar,NA,NA,NA,NA,NA,NA,NA,NA,NA,NA,NA,NA,0,1,0,0,NA
4188,0.44283846,0.033648718,0.372502089,2011,state,All,state,99,Bihar,NA,NA,NA,NA,NA,NA,NA,NA,NA,NA,NA,NA,1,0,0,0,NA
4189,0,0,0,2011,state,All,state,99,Bihar,NA,NA,NA,NA,NA,NA,NA,NA,NA,NA,NA,NA,NA,NA,NA,NA,NA
4190,0.688562334,0.302826345,0,2011,state,All,state,99,Sikkim,NA,NA,NA,NA,NA,NA,NA,NA,NA,NA,NA,NA,0,0,0,1,NA
4191,0.591324449,0.371855766,0.025984503,2011,state,All,state,99,Sikkim,NA,NA,NA,NA,NA,NA,NA,NA,NA,NA,NA,NA,0,0,1,0,NA
4192,0.661409736,0.27817753,0.048673864,2011,state,All,state,99,Sikkim,NA,NA,NA,NA,NA,NA,NA,NA,NA,NA,NA,NA,0,1,0,0,NA
4193,0.593974292,0.227918088,0.082693204,2011,state,All,state,99,Sikkim,NA,NA,NA,NA,NA,NA,NA,NA,NA,NA,NA,NA,1,0,0,0,NA
4194,0,0,0,2011,state,All,state,99,Sikkim,NA,NA,NA,NA,NA,NA,NA,NA,NA,NA,NA,NA,NA,NA,NA,NA,NA
4195,0.801306427,0.08307936,0,2011,state,All,state,99,Arunachal Pradesh,NA,NA,NA,NA,NA,NA,NA,NA,NA,NA,NA,NA,0,0,0,1,NA
4196,0.780279219,0.16588442,0.018613771,2011,state,All,state,99,Arunachal Pradesh,NA,NA,NA,NA,NA,NA,NA,NA,NA,NA,NA,NA,0,0,1,0,NA
4197,0.597217083,0.321056277,0.03895133,2011,state,All,state,99,Arunachal Pradesh,NA,NA,NA,NA,NA,NA,NA,NA,NA,NA,NA,NA,0,1,0,0,NA
4198,0.648405552,0.206501886,0.063956589,2011,state,All,state,99,Arunachal Pradesh,NA,NA,NA,NA,NA,NA,NA,NA,NA,NA,NA,NA,1,0,0,0,NA
4199,0.282407045,0,0,2011,state,All,state,99,Arunachal Pradesh,NA,NA,NA,NA,NA,NA,NA,NA,NA,NA,NA,NA,NA,NA,NA,NA,NA
4200,0.60618633,0.091238819,0,2011,state,All,state,99,Nagaland,NA,NA,NA,NA,NA,NA,NA,NA,NA,NA,NA,NA,0,0,0,1,NA
4201,0.621883631,0.315330446,0.003847271,2011,state,All,state,99,Nagaland,NA,NA,NA,NA,NA,NA,NA,NA,NA,NA,NA,NA,0,0,1,0,NA
4202,0.563703656,0.397671431,0.011914097,2011,state,All,state,99,Nagaland,NA,NA,NA,NA,NA,NA,NA,NA,NA,NA,NA,NA,0,1,0,0,NA
4203,0.330997407,0.624105632,0,2011,state,All,state,99,Nagaland,NA,NA,NA,NA,NA,NA,NA,NA,NA,NA,NA,NA,1,0,0,0,NA
4204,0.673844814,0.196656182,0.009429125,2011,state,All,state,99,Manipur,NA,NA,NA,NA,NA,NA,NA,NA,NA,NA,NA,NA,0,0,0,1,NA
4205,0.682008624,0.232259542,0.031350713,2011,state,All,state,99,Manipur,NA,NA,NA,NA,NA,NA,NA,NA,NA,NA,NA,NA,0,0,1,0,NA
4206,0.721913815,0.193686053,0.059934404,2011,state,All,state,99,Manipur,NA,NA,NA,NA,NA,NA,NA,NA,NA,NA,NA,NA,0,1,0,0,NA
4207,0.708347738,0.11787273,0.093221985,2011,state,All,state,99,Manipur,NA,NA,NA,NA,NA,NA,NA,NA,NA,NA,NA,NA,1,0,0,0,NA
4208,0,0,0,2011,state,All,state,99,Manipur,NA,NA,NA,NA,NA,NA,NA,NA,NA,NA,NA,NA,NA,NA,NA,NA,NA
4209,0.665359616,0.147607118,0.030994408,2011,state,All,state,99,Mizoram,NA,NA,NA,NA,NA,NA,NA,NA,NA,NA,NA,NA,0,0,0,1,NA
4210,0.545131207,0.397447556,0.033624507,2011,state,All,state,99,Mizoram,NA,NA,NA,NA,NA,NA,NA,NA,NA,NA,NA,NA,0,0,1,0,NA
4211,0.568067908,0.348464191,0.065442644,2011,state,All,state,99,Mizoram,NA,NA,NA,NA,NA,NA,NA,NA,NA,NA,NA,NA,0,1,0,0,NA
4212,0.751908183,0.171125218,0.048899245,2011,state,All,state,99,Mizoram,NA,NA,NA,NA,NA,NA,NA,NA,NA,NA,NA,NA,1,0,0,0,NA
4213,0.496795535,0.095777676,0.298697352,2011,state,All,state,99,Tripura,NA,NA,NA,NA,NA,NA,NA,NA,NA,NA,NA,NA,0,0,0,1,NA
4214,0.397648156,0.140935764,0.411781341,2011,state,All,state,99,Tripura,NA,NA,NA,NA,NA,NA,NA,NA,NA,NA,NA,NA,0,0,1,0,NA
4215,0.366789609,0.13494575,0.474021941,2011,state,All,state,99,Tripura,NA,NA,NA,NA,NA,NA,NA,NA,NA,NA,NA,NA,0,1,0,0,NA
4216,0.320007473,0.125486374,0.47261709,2011,state,All,state,99,Tripura,NA,NA,NA,NA,NA,NA,NA,NA,NA,NA,NA,NA,1,0,0,0,NA
4217,0,0,0,2011,state,All,state,99,Tripura,NA,NA,NA,NA,NA,NA,NA,NA,NA,NA,NA,NA,NA,NA,NA,NA,NA
4218,0.566071868,0.158871219,0.17283234,2011,state,All,state,99,Meghalaya,NA,NA,NA,NA,NA,NA,NA,NA,NA,NA,NA,NA,0,0,0,1,NA
4219,0.669895828,0.225807115,0.075551577,2011,state,All,state,99,Meghalaya,NA,NA,NA,NA,NA,NA,NA,NA,NA,NA,NA,NA,0,0,1,0,NA
4220,0.591091454,0.258358508,0.140611902,2011,state,All,state,99,Meghalaya,NA,NA,NA,NA,NA,NA,NA,NA,NA,NA,NA,NA,0,1,0,0,NA
4221,0.59022063,0.152548581,0.182806179,2011,state,All,state,99,Meghalaya,NA,NA,NA,NA,NA,NA,NA,NA,NA,NA,NA,NA,1,0,0,0,NA
4222,0,0,0,2011,state,All,state,99,Meghalaya,NA,NA,NA,NA,NA,NA,NA,NA,NA,NA,NA,NA,NA,NA,NA,NA,NA
4223,0.692391515,0.08612334,0.095965922,2011,state,All,state,99,Assam,NA,NA,NA,NA,NA,NA,NA,NA,NA,NA,NA,NA,0,0,0,1,NA
4224,0.706559479,0.149404526,0.115295485,2011,state,All,state,99,Assam,NA,NA,NA,NA,NA,NA,NA,NA,NA,NA,NA,NA,0,0,1,0,NA
4225,0.66777873,0.162781715,0.152661175,2011,state,All,state,99,Assam,NA,NA,NA,NA,NA,NA,NA,NA,NA,NA,NA,NA,0,1,0,0,NA
4226,0.393588454,0.233493507,0.333391994,2011,state,All,state,99,Assam,NA,NA,NA,NA,NA,NA,NA,NA,NA,NA,NA,NA,1,0,0,0,NA
4227,0,0,0,2011,state,All,state,99,Assam,NA,NA,NA,NA,NA,NA,NA,NA,NA,NA,NA,NA,NA,NA,NA,NA,NA
4228,0.517432749,0.173157126,0.18450278,2011,state,All,state,99,West Bengal,NA,NA,NA,NA,NA,NA,NA,NA,NA,NA,NA,NA,0,0,0,1,NA
4229,0.476848185,0.188950226,0.298153967,2011,state,All,state,99,West Bengal,NA,NA,NA,NA,NA,NA,NA,NA,NA,NA,NA,NA,0,0,1,0,NA
4230,0.412223071,0.121269718,0.44429934,2011,state,All,state,99,West Bengal,NA,NA,NA,NA,NA,NA,NA,NA,NA,NA,NA,NA,0,1,0,0,NA
4231,0.294116706,0.086877815,0.518457651,2011,state,All,state,99,West Bengal,NA,NA,NA,NA,NA,NA,NA,NA,NA,NA,NA,NA,1,0,0,0,NA
4232,0,0.004595048,0,2011,state,All,state,99,West Bengal,NA,NA,NA,NA,NA,NA,NA,NA,NA,NA,NA,NA,NA,NA,NA,NA,NA
4233,0.551966369,0.042126764,0.168412626,2011,state,All,state,99,Jharkhand,NA,NA,NA,NA,NA,NA,NA,NA,NA,NA,NA,NA,0,0,0,1,NA
4234,0.570673108,0.15194653,0.21733135,2011,state,All,state,99,Jharkhand,NA,NA,NA,NA,NA,NA,NA,NA,NA,NA,NA,NA,0,0,1,0,NA
4235,0.5661605,0.11450237,0.285896838,2011,state,All,state,99,Jharkhand,NA,NA,NA,NA,NA,NA,NA,NA,NA,NA,NA,NA,0,1,0,0,NA
4236,0.342465341,0.159829289,0.41854912,2011,state,All,state,99,Jharkhand,NA,NA,NA,NA,NA,NA,NA,NA,NA,NA,NA,NA,1,0,0,0,NA
4237,0,0,0.13258411,2011,state,All,state,99,Jharkhand,NA,NA,NA,NA,NA,NA,NA,NA,NA,NA,NA,NA,NA,NA,NA,NA,NA
4238,0.648557723,0.086278565,0.169809848,2011,state,All,state,99,Odisha,NA,NA,NA,NA,NA,NA,NA,NA,NA,NA,NA,NA,0,0,0,1,NA
4239,0.554807305,0.117766425,0.288742304,2011,state,All,state,99,Odisha,NA,NA,NA,NA,NA,NA,NA,NA,NA,NA,NA,NA,0,0,1,0,NA
4240,0.534871817,0.117528088,0.328033656,2011,state,All,state,99,Odisha,NA,NA,NA,NA,NA,NA,NA,NA,NA,NA,NA,NA,0,1,0,0,NA
4241,0.319617689,0.075937837,0.573649585,2011,state,All,state,99,Odisha,NA,NA,NA,NA,NA,NA,NA,NA,NA,NA,NA,NA,1,0,0,0,NA
4242,0,0.036254458,0,2011,state,All,state,99,Odisha,NA,NA,NA,NA,NA,NA,NA,NA,NA,NA,NA,NA,NA,NA,NA,NA,NA
4243,0.544566512,0.039283905,0.31938377,2011,state,All,state,99,Chhattisgarh,NA,NA,NA,NA,NA,NA,NA,NA,NA,NA,NA,NA,0,0,0,1,NA
4244,0.598408103,0.129746631,0.261835545,2011,state,All,state,99,Chhattisgarh,NA,NA,NA,NA,NA,NA,NA,NA,NA,NA,NA,NA,0,0,1,0,NA
4245,0.493318409,0.140706405,0.357957155,2011,state,All,state,99,Chhattisgarh,NA,NA,NA,NA,NA,NA,NA,NA,NA,NA,NA,NA,0,1,0,0,NA
4246,0.345662504,0.1122647,0.509111226,2011,state,All,state,99,Chhattisgarh,NA,NA,NA,NA,NA,NA,NA,NA,NA,NA,NA,NA,1,0,0,0,NA
4247,0,0,0.064223237,2011,state,All,state,99,Chhattisgarh,NA,NA,NA,NA,NA,NA,NA,NA,NA,NA,NA,NA,NA,NA,NA,NA,NA
4248,0.593780518,0.060568377,0.265862495,2011,state,All,state,99,Madhya Pradesh,NA,NA,NA,NA,NA,NA,NA,NA,NA,NA,NA,NA,0,0,0,1,NA
4249,0.569894195,0.171964005,0.243941873,2011,state,All,state,99,Madhya Pradesh,NA,NA,NA,NA,NA,NA,NA,NA,NA,NA,NA,NA,0,0,1,0,NA
4250,0.516106367,0.13549979,0.343071491,2011,state,All,state,99,Madhya Pradesh,NA,NA,NA,NA,NA,NA,NA,NA,NA,NA,NA,NA,0,1,0,0,NA
4251,0.471677035,0.101910017,0.391176939,2011,state,All,state,99,Madhya Pradesh,NA,NA,NA,NA,NA,NA,NA,NA,NA,NA,NA,NA,1,0,0,0,NA
4252,0,0.007115624,0,2011,state,All,state,99,Madhya Pradesh,NA,NA,NA,NA,NA,NA,NA,NA,NA,NA,NA,NA,NA,NA,NA,NA,NA
4253,0.576461017,0.129287973,0.199909419,2011,state,All,state,99,Gujarat,NA,NA,NA,NA,NA,NA,NA,NA,NA,NA,NA,NA,0,0,0,1,NA
4254,0.554576814,0.217523783,0.210337341,2011,state,All,state,99,Gujarat,NA,NA,NA,NA,NA,NA,NA,NA,NA,NA,NA,NA,0,0,1,0,NA
4255,0.485399753,0.267247766,0.24423188,2011,state,All,state,99,Gujarat,NA,NA,NA,NA,NA,NA,NA,NA,NA,NA,NA,NA,0,1,0,0,NA
4256,0.373716116,0.366715729,0.230212763,2011,state,All,state,99,Gujarat,NA,NA,NA,NA,NA,NA,NA,NA,NA,NA,NA,NA,1,0,0,0,NA
4257,0,0,0,2011,state,All,state,99,Gujarat,NA,NA,NA,NA,NA,NA,NA,NA,NA,NA,NA,NA,NA,NA,NA,NA,NA
4258,0.342727274,0.562758029,0,2011,state,All,state,99,Daman & Diu & D & N Haveli,NA,NA,NA,NA,NA,NA,NA,NA,NA,NA,NA,NA,0,0,0,1,NA
4259,0.437795162,0.517873347,0.030507565,2011,state,All,state,99,Daman & Diu & D & N Haveli,NA,NA,NA,NA,NA,NA,NA,NA,NA,NA,NA,NA,0,0,1,0,NA
4260,0.423918843,0.448387921,0.127435222,2011,state,All,state,99,Daman & Diu & D & N Haveli,NA,NA,NA,NA,NA,NA,NA,NA,NA,NA,NA,NA,0,1,0,0,NA
4261,0.084484555,0.717708528,0.145270735,2011,state,All,state,99,Daman & Diu & D & N Haveli,NA,NA,NA,NA,NA,NA,NA,NA,NA,NA,NA,NA,1,0,0,0,NA
4262,0,0,0,2011,state,All,state,99,Daman & Diu & D & N Haveli,NA,NA,NA,NA,NA,NA,NA,NA,NA,NA,NA,NA,NA,NA,NA,NA,NA
4263,0.513700366,0.176814198,0.228511587,2011,state,All,state,99,Maharashtra,NA,NA,NA,NA,NA,NA,NA,NA,NA,NA,NA,NA,0,0,0,1,NA
4264,0.447858125,0.284679621,0.233580485,2011,state,All,state,99,Maharashtra,NA,NA,NA,NA,NA,NA,NA,NA,NA,NA,NA,NA,0,0,1,0,NA
4265,0.433957279,0.30609104,0.251934856,2011,state,All,state,99,Maharashtra,NA,NA,NA,NA,NA,NA,NA,NA,NA,NA,NA,NA,0,1,0,0,NA
4266,0.373680204,0.29828009,0.245166764,2011,state,All,state,99,Maharashtra,NA,NA,NA,NA,NA,NA,NA,NA,NA,NA,NA,NA,1,0,0,0,NA
4267,0,0.008825717,0,2011,state,All,state,99,Maharashtra,NA,NA,NA,NA,NA,NA,NA,NA,NA,NA,NA,NA,NA,NA,NA,NA,NA
4268,0.381636709,0.138853088,0.294748008,2011,state,All,state,99,Andhra Pradesh,NA,NA,NA,NA,NA,NA,NA,NA,NA,NA,NA,NA,0,0,0,1,NA
4269,0.456329286,0.145565912,0.343957871,2011,state,All,state,99,Andhra Pradesh,NA,NA,NA,NA,NA,NA,NA,NA,NA,NA,NA,NA,0,0,1,0,NA
4270,0.389807254,0.191142693,0.411090404,2011,state,All,state,99,Andhra Pradesh,NA,NA,NA,NA,NA,NA,NA,NA,NA,NA,NA,NA,0,1,0,0,NA
4271,0.293981612,0.205385134,0.398583233,2011,state,All,state,99,Andhra Pradesh,NA,NA,NA,NA,NA,NA,NA,NA,NA,NA,NA,NA,1,0,0,0,NA
4272,0,0,0.001646667,2011,state,All,state,99,Andhra Pradesh,NA,NA,NA,NA,NA,NA,NA,NA,NA,NA,NA,NA,NA,NA,NA,NA,NA
4273,0.522610366,0.132640734,0.257446527,2011,state,All,state,99,Karnataka,NA,NA,NA,NA,NA,NA,NA,NA,NA,NA,NA,NA,0,0,0,1,NA
4274,0.557067156,0.158922032,0.272569984,2011,state,All,state,99,Karnataka,NA,NA,NA,NA,NA,NA,NA,NA,NA,NA,NA,NA,0,0,1,0,NA
4275,0.467090786,0.202518165,0.328362346,2011,state,All,state,99,Karnataka,NA,NA,NA,NA,NA,NA,NA,NA,NA,NA,NA,NA,0,1,0,0,NA
4276,0.385866761,0.32399413,0.208817154,2011,state,All,state,99,Karnataka,NA,NA,NA,NA,NA,NA,NA,NA,NA,NA,NA,NA,1,0,0,0,NA
4277,0,0,0,2011,state,All,state,99,Karnataka,NA,NA,NA,NA,NA,NA,NA,NA,NA,NA,NA,NA,NA,NA,NA,NA,NA
4278,0.340839446,0.333201855,0.046890382,2011,state,All,state,99,Goa,NA,NA,NA,NA,NA,NA,NA,NA,NA,NA,NA,NA,0,0,0,1,NA
4279,0.51927048,0.356406599,0.077669278,2011,state,All,state,99,Goa,NA,NA,NA,NA,NA,NA,NA,NA,NA,NA,NA,NA,0,0,1,0,NA
4280,0.42754811,0.40668115,0.132926285,2011,state,All,state,99,Goa,NA,NA,NA,NA,NA,NA,NA,NA,NA,NA,NA,NA,0,1,0,0,NA
4281,0.076388806,0.778933167,0.063149028,2011,state,All,state,99,Goa,NA,NA,NA,NA,NA,NA,NA,NA,NA,NA,NA,NA,1,0,0,0,NA
4282,0.292785585,0.364185721,0.245082423,2011,state,All,state,99,Lakshadweep,NA,NA,NA,NA,NA,NA,NA,NA,NA,NA,NA,NA,0,0,0,1,NA
4283,0.141550586,0.511863708,0.171763524,2011,state,All,state,99,Lakshadweep,NA,NA,NA,NA,NA,NA,NA,NA,NA,NA,NA,NA,0,0,1,0,NA
4284,0.318901777,0.453139693,0.107222289,2011,state,All,state,99,Lakshadweep,NA,NA,NA,NA,NA,NA,NA,NA,NA,NA,NA,NA,0,1,0,0,NA
4285,0,0.169859156,0.161744818,2011,state,All,state,99,Lakshadweep,NA,NA,NA,NA,NA,NA,NA,NA,NA,NA,NA,NA,1,0,0,0,NA
4286,0.344700515,0.211420149,0.305833638,2011,state,All,state,99,Kerala,NA,NA,NA,NA,NA,NA,NA,NA,NA,NA,NA,NA,0,0,0,1,NA
4287,0.334395677,0.186216161,0.391731799,2011,state,All,state,99,Kerala,NA,NA,NA,NA,NA,NA,NA,NA,NA,NA,NA,NA,0,0,1,0,NA
4288,0.300908983,0.169410512,0.38991493,2011,state,All,state,99,Kerala,NA,NA,NA,NA,NA,NA,NA,NA,NA,NA,NA,NA,0,1,0,0,NA
4289,0.132505372,0.279630363,0.300930828,2011,state,All,state,99,Kerala,NA,NA,NA,NA,NA,NA,NA,NA,NA,NA,NA,NA,1,0,0,0,NA
4290,0,0,0,2011,state,All,state,99,Kerala,NA,NA,NA,NA,NA,NA,NA,NA,NA,NA,NA,NA,NA,NA,NA,NA,NA
4291,0.305800796,0.180739373,0.343546778,2011,state,All,state,99,Tamil Nadu,NA,NA,NA,NA,NA,NA,NA,NA,NA,NA,NA,NA,0,0,0,1,NA
4292,0.323272705,0.238542199,0.399813682,2011,state,All,state,99,Tamil Nadu,NA,NA,NA,NA,NA,NA,NA,NA,NA,NA,NA,NA,0,0,1,0,NA
4293,0.297972739,0.25879097,0.422063202,2011,state,All,state,99,Tamil Nadu,NA,NA,NA,NA,NA,NA,NA,NA,NA,NA,NA,NA,0,1,0,0,NA
4294,0.179461703,0.335938305,0.357561767,2011,state,All,state,99,Tamil Nadu,NA,NA,NA,NA,NA,NA,NA,NA,NA,NA,NA,NA,1,0,0,0,NA
4295,0,0,0,2011,state,All,state,99,Tamil Nadu,NA,NA,NA,NA,NA,NA,NA,NA,NA,NA,NA,NA,NA,NA,NA,NA,NA
4296,0.165696293,0.281613201,0.354897887,2011,state,All,state,99,Puducherry,NA,NA,NA,NA,NA,NA,NA,NA,NA,NA,NA,NA,0,0,0,1,NA
4297,0.24364537,0.441423923,0.233255938,2011,state,All,state,99,Puducherry,NA,NA,NA,NA,NA,NA,NA,NA,NA,NA,NA,NA,0,0,1,0,NA
4298,0.322303236,0.350925982,0.296118855,2011,state,All,state,99,Puducherry,NA,NA,NA,NA,NA,NA,NA,NA,NA,NA,NA,NA,0,1,0,0,NA
4299,0.181013271,0.40090701,0.359812468,2011,state,All,state,99,Puducherry,NA,NA,NA,NA,NA,NA,NA,NA,NA,NA,NA,NA,1,0,0,0,NA
4300,0,0,0,2011,state,All,state,99,Puducherry,NA,NA,NA,NA,NA,NA,NA,NA,NA,NA,NA,NA,NA,NA,NA,NA,NA
4301,0.448666692,0.396039516,0.098175235,2011,state,All,state,99,A & N Island,NA,NA,NA,NA,NA,NA,NA,NA,NA,NA,NA,NA,0,0,0,1,NA
4302,0.327569574,0.517963767,0.129108533,2011,state,All,state,99,A & N Island,NA,NA,NA,NA,NA,NA,NA,NA,NA,NA,NA,NA,0,0,1,0,NA
4303,0.35494855,0.508653402,0.119603589,2011,state,All,state,99,A & N Island,NA,NA,NA,NA,NA,NA,NA,NA,NA,NA,NA,NA,0,1,0,0,NA
4304,0.292210966,0.524137557,0.137617633,2011,state,All,state,99,A & N Island,NA,NA,NA,NA,NA,NA,NA,NA,NA,NA,NA,NA,1,0,0,0,NA
4305,0,0,0,2011,state,All,state,99,A & N Island,NA,NA,NA,NA,NA,NA,NA,NA,NA,NA,NA,NA,NA,NA,NA,NA,NA
4306,0.596578538,0.119283974,0.090140298,2011,state,All,state,99,Telangana,NA,NA,NA,NA,NA,NA,NA,NA,NA,NA,NA,NA,0,0,0,1,NA
4307,0.517905951,0.18832022,0.2624259,2011,state,All,state,99,Telangana,NA,NA,NA,NA,NA,NA,NA,NA,NA,NA,NA,NA,0,0,1,0,NA
4308,0.445664495,0.271829218,0.275624454,2011,state,All,state,99,Telangana,NA,NA,NA,NA,NA,NA,NA,NA,NA,NA,NA,NA,0,1,0,0,NA
4309,0.358652145,0.390479118,0.182584405,2011,state,All,state,99,Telangana,NA,NA,NA,NA,NA,NA,NA,NA,NA,NA,NA,NA,1,0,0,0,NA
4310,0,0,0,2011,state,All,state,99,Telangana,NA,NA,NA,NA,NA,NA,NA,NA,NA,NA,NA,NA,NA,NA,NA,NA,NA
4311,0.706445694,0.201097876,0.003231152,2011,state,All,state,99,Ladakh,NA,NA,NA,NA,NA,NA,NA,NA,NA,NA,NA,NA,0,0,0,1,NA
4312,0.445075482,0.238913015,0.250289977,2011,state,All,state,99,Ladakh,NA,NA,NA,NA,NA,NA,NA,NA,NA,NA,NA,NA,0,0,1,0,NA
4313,0.218084067,0.402652264,0.310416788,2011,state,All,state,99,Ladakh,NA,NA,NA,NA,NA,NA,NA,NA,NA,NA,NA,NA,0,1,0,0,NA
4314,0.780664861,0.129769623,0.08020924,2011,state,All,state,99,Ladakh,NA,NA,NA,NA,NA,NA,NA,NA,NA,NA,NA,NA,1,0,0,0,NA
4315,0.586775482,0.199690238,0.163849562,2011,state,urban/rural,sector_state,0,Jammu & Kashmir,NA,NA,NA,NA,NA,NA,NA,NA,NA,NA,NA,NA,0,0,0,1,NA
4316,0.500585973,0.23073858,0.245236844,2011,state,urban/rural,sector_state,0,Jammu & Kashmir,NA,NA,NA,NA,NA,NA,NA,NA,NA,NA,NA,NA,0,0,1,0,NA
4317,0.474215418,0.193746001,0.286364645,2011,state,urban/rural,sector_state,0,Jammu & Kashmir,NA,NA,NA,NA,NA,NA,NA,NA,NA,NA,NA,NA,0,1,0,0,NA
4318,0.268687099,0.154154718,0.347539574,2011,state,urban/rural,sector_state,0,Jammu & Kashmir,NA,NA,NA,NA,NA,NA,NA,NA,NA,NA,NA,NA,1,0,0,0,NA
4319,0,0,0.376188487,2011,state,urban/rural,sector_state,0,Jammu & Kashmir,NA,NA,NA,NA,NA,NA,NA,NA,NA,NA,NA,NA,NA,NA,NA,NA,NA
4320,0.654074728,0.130348235,0.169864073,2011,state,urban/rural,sector_state,0,Himachal Pradesh,NA,NA,NA,NA,NA,NA,NA,NA,NA,NA,NA,NA,0,0,0,1,NA
4321,0.458442837,0.249496996,0.233772933,2011,state,urban/rural,sector_state,0,Himachal Pradesh,NA,NA,NA,NA,NA,NA,NA,NA,NA,NA,NA,NA,0,0,1,0,NA
4322,0.449374735,0.228244781,0.267310083,2011,state,urban/rural,sector_state,0,Himachal Pradesh,NA,NA,NA,NA,NA,NA,NA,NA,NA,NA,NA,NA,0,1,0,0,NA
4323,0.318902433,0.1311858,0.436825067,2011,state,urban/rural,sector_state,0,Himachal Pradesh,NA,NA,NA,NA,NA,NA,NA,NA,NA,NA,NA,NA,1,0,0,0,NA
4324,0.530799448,0.142021984,0.288409233,2011,state,urban/rural,sector_state,0,Punjab,NA,NA,NA,NA,NA,NA,NA,NA,NA,NA,NA,NA,0,0,0,1,NA
4325,0.563972414,0.155429572,0.241110206,2011,state,urban/rural,sector_state,0,Punjab,NA,NA,NA,NA,NA,NA,NA,NA,NA,NA,NA,NA,0,0,1,0,NA
4326,0.350910544,0.152709678,0.42933172,2011,state,urban/rural,sector_state,0,Punjab,NA,NA,NA,NA,NA,NA,NA,NA,NA,NA,NA,NA,0,1,0,0,NA
4327,0.171305448,0.245389178,0.499449611,2011,state,urban/rural,sector_state,0,Punjab,NA,NA,NA,NA,NA,NA,NA,NA,NA,NA,NA,NA,1,0,0,0,NA
4328,0.518275738,0.041899368,0.045974664,2011,state,urban/rural,sector_state,0,Chandigarh,NA,NA,NA,NA,NA,NA,NA,NA,NA,NA,NA,NA,0,0,0,1,NA
4329,0.248848662,0.501089036,0,2011,state,urban/rural,sector_state,0,Chandigarh,NA,NA,NA,NA,NA,NA,NA,NA,NA,NA,NA,NA,0,0,1,0,NA
4330,0.239912093,0.738587022,0.021339338,2011,state,urban/rural,sector_state,0,Chandigarh,NA,NA,NA,NA,NA,NA,NA,NA,NA,NA,NA,NA,0,1,0,0,NA
4331,0.449800521,0.526441574,0,2011,state,urban/rural,sector_state,0,Chandigarh,NA,NA,NA,NA,NA,NA,NA,NA,NA,NA,NA,NA,1,0,0,0,NA
4332,0.72827661,0.031897668,0.100266047,2011,state,urban/rural,sector_state,0,Uttrakhand,NA,NA,NA,NA,NA,NA,NA,NA,NA,NA,NA,NA,0,0,0,1,NA
4333,0.640970945,0.093822308,0.197608694,2011,state,urban/rural,sector_state,0,Uttrakhand,NA,NA,NA,NA,NA,NA,NA,NA,NA,NA,NA,NA,0,0,1,0,NA
4334,0.613693595,0.169022724,0.188092098,2011,state,urban/rural,sector_state,0,Uttrakhand,NA,NA,NA,NA,NA,NA,NA,NA,NA,NA,NA,NA,0,1,0,0,NA
4335,0.581750572,0.095868833,0.292688072,2011,state,urban/rural,sector_state,0,Uttrakhand,NA,NA,NA,NA,NA,NA,NA,NA,NA,NA,NA,NA,1,0,0,0,NA
4336,0,0,0,2011,state,urban/rural,sector_state,0,Uttrakhand,NA,NA,NA,NA,NA,NA,NA,NA,NA,NA,NA,NA,NA,NA,NA,NA,NA
4337,0.666199684,0.061963256,0.218320757,2011,state,urban/rural,sector_state,0,Haryana,NA,NA,NA,NA,NA,NA,NA,NA,NA,NA,NA,NA,0,0,0,1,NA
4338,0.508028507,0.135418877,0.284574777,2011,state,urban/rural,sector_state,0,Haryana,NA,NA,NA,NA,NA,NA,NA,NA,NA,NA,NA,NA,0,0,1,0,NA
4339,0.537793875,0.116836056,0.311622024,2011,state,urban/rural,sector_state,0,Haryana,NA,NA,NA,NA,NA,NA,NA,NA,NA,NA,NA,NA,0,1,0,0,NA
4340,0.424699724,0.330665648,0.225534767,2011,state,urban/rural,sector_state,0,Haryana,NA,NA,NA,NA,NA,NA,NA,NA,NA,NA,NA,NA,1,0,0,0,NA
4341,0,0,0.57539624,2011,state,urban/rural,sector_state,0,Haryana,NA,NA,NA,NA,NA,NA,NA,NA,NA,NA,NA,NA,NA,NA,NA,NA,NA
4342,0.076762706,0.612017035,0,2011,state,urban/rural,sector_state,0,Delhi,NA,NA,NA,NA,NA,NA,NA,NA,NA,NA,NA,NA,0,0,0,1,NA
4343,0.471765637,0.528234363,0,2011,state,urban/rural,sector_state,0,Delhi,NA,NA,NA,NA,NA,NA,NA,NA,NA,NA,NA,NA,0,0,1,0,NA
4344,0.347562492,0.535236776,0.117200747,2011,state,urban/rural,sector_state,0,Delhi,NA,NA,NA,NA,NA,NA,NA,NA,NA,NA,NA,NA,0,1,0,0,NA
4345,0.073173039,0.757681787,0.114709117,2011,state,urban/rural,sector_state,0,Delhi,NA,NA,NA,NA,NA,NA,NA,NA,NA,NA,NA,NA,1,0,0,0,NA
4346,0.709793448,0.029900955,0.171848282,2011,state,urban/rural,sector_state,0,Rajasthan,NA,NA,NA,NA,NA,NA,NA,NA,NA,NA,NA,NA,0,0,0,1,NA
4347,0.645596445,0.086331449,0.244032919,2011,state,urban/rural,sector_state,0,Rajasthan,NA,NA,NA,NA,NA,NA,NA,NA,NA,NA,NA,NA,0,0,1,0,NA
4348,0.589889169,0.079714909,0.305223048,2011,state,urban/rural,sector_state,0,Rajasthan,NA,NA,NA,NA,NA,NA,NA,NA,NA,NA,NA,NA,0,1,0,0,NA
4349,0.481194258,0.084448159,0.395292312,2011,state,urban/rural,sector_state,0,Rajasthan,NA,NA,NA,NA,NA,NA,NA,NA,NA,NA,NA,NA,1,0,0,0,NA
4350,0,0,0,2011,state,urban/rural,sector_state,0,Rajasthan,NA,NA,NA,NA,NA,NA,NA,NA,NA,NA,NA,NA,NA,NA,NA,NA,NA
4351,0.821833193,0.021178272,0.11309398,2011,state,urban/rural,sector_state,0,Uttar Pradesh,NA,NA,NA,NA,NA,NA,NA,NA,NA,NA,NA,NA,0,0,0,1,NA
4352,0.681855381,0.055762596,0.239281476,2011,state,urban/rural,sector_state,0,Uttar Pradesh,NA,NA,NA,NA,NA,NA,NA,NA,NA,NA,NA,NA,0,0,1,0,NA
4353,0.612230182,0.056713946,0.308408111,2011,state,urban/rural,sector_state,0,Uttar Pradesh,NA,NA,NA,NA,NA,NA,NA,NA,NA,NA,NA,NA,0,1,0,0,NA
4354,0.395084739,0.044030823,0.51633364,2011,state,urban/rural,sector_state,0,Uttar Pradesh,NA,NA,NA,NA,NA,NA,NA,NA,NA,NA,NA,NA,1,0,0,0,NA
4355,0,0,0,2011,state,urban/rural,sector_state,0,Uttar Pradesh,NA,NA,NA,NA,NA,NA,NA,NA,NA,NA,NA,NA,NA,NA,NA,NA,NA
4356,0.625535131,0.014387053,0.175758108,2011,state,urban/rural,sector_state,0,Bihar,NA,NA,NA,NA,NA,NA,NA,NA,NA,NA,NA,NA,0,0,0,1,NA
4357,0.579270899,0.045061648,0.327286839,2011,state,urban/rural,sector_state,0,Bihar,NA,NA,NA,NA,NA,NA,NA,NA,NA,NA,NA,NA,0,0,1,0,NA
4358,0.520552278,0.044505682,0.372947097,2011,state,urban/rural,sector_state,0,Bihar,NA,NA,NA,NA,NA,NA,NA,NA,NA,NA,NA,NA,0,1,0,0,NA
4359,0.441705048,0.025564561,0.390396565,2011,state,urban/rural,sector_state,0,Bihar,NA,NA,NA,NA,NA,NA,NA,NA,NA,NA,NA,NA,1,0,0,0,NA
4360,0,0,0,2011,state,urban/rural,sector_state,0,Bihar,NA,NA,NA,NA,NA,NA,NA,NA,NA,NA,NA,NA,NA,NA,NA,NA,NA
4361,0.745664537,0.244651049,0,2011,state,urban/rural,sector_state,0,Sikkim,NA,NA,NA,NA,NA,NA,NA,NA,NA,NA,NA,NA,0,0,0,1,NA
4362,0.679294348,0.290292621,0.028368995,2011,state,urban/rural,sector_state,0,Sikkim,NA,NA,NA,NA,NA,NA,NA,NA,NA,NA,NA,NA,0,0,1,0,NA
4363,0.733314931,0.218515754,0.043084506,2011,state,urban/rural,sector_state,0,Sikkim,NA,NA,NA,NA,NA,NA,NA,NA,NA,NA,NA,NA,0,1,0,0,NA
4364,0.679380178,0.210238129,0.091217712,2011,state,urban/rural,sector_state,0,Sikkim,NA,NA,NA,NA,NA,NA,NA,NA,NA,NA,NA,NA,1,0,0,0,NA
4365,0,0,0,2011,state,urban/rural,sector_state,0,Sikkim,NA,NA,NA,NA,NA,NA,NA,NA,NA,NA,NA,NA,NA,NA,NA,NA,NA
4366,0.829714656,0.086898521,0,2011,state,urban/rural,sector_state,0,Arunachal Pradesh,NA,NA,NA,NA,NA,NA,NA,NA,NA,NA,NA,NA,0,0,0,1,NA
4367,0.852934539,0.111988664,0.006647608,2011,state,urban/rural,sector_state,0,Arunachal Pradesh,NA,NA,NA,NA,NA,NA,NA,NA,NA,NA,NA,NA,0,0,1,0,NA
4368,0.711780488,0.219688505,0.026156139,2011,state,urban/rural,sector_state,0,Arunachal Pradesh,NA,NA,NA,NA,NA,NA,NA,NA,NA,NA,NA,NA,0,1,0,0,NA
4369,0.790848255,0.126309112,0.02930923,2011,state,urban/rural,sector_state,0,Arunachal Pradesh,NA,NA,NA,NA,NA,NA,NA,NA,NA,NA,NA,NA,1,0,0,0,NA
4370,0.282407045,0,0,2011,state,urban/rural,sector_state,0,Arunachal Pradesh,NA,NA,NA,NA,NA,NA,NA,NA,NA,NA,NA,NA,NA,NA,NA,NA,NA
4371,0.829880714,0.065166034,0,2011,state,urban/rural,sector_state,0,Nagaland,NA,NA,NA,NA,NA,NA,NA,NA,NA,NA,NA,NA,0,0,0,1,NA
4372,0.700703442,0.241850659,0.002520743,2011,state,urban/rural,sector_state,0,Nagaland,NA,NA,NA,NA,NA,NA,NA,NA,NA,NA,NA,NA,0,0,1,0,NA
4373,0.734570742,0.254615754,0.004875767,2011,state,urban/rural,sector_state,0,Nagaland,NA,NA,NA,NA,NA,NA,NA,NA,NA,NA,NA,NA,0,1,0,0,NA
4374,0.293642104,0.706357896,0,2011,state,urban/rural,sector_state,0,Nagaland,NA,NA,NA,NA,NA,NA,NA,NA,NA,NA,NA,NA,1,0,0,0,NA
4375,0.76929915,0.194979489,0.009372612,2011,state,urban/rural,sector_state,0,Manipur,NA,NA,NA,NA,NA,NA,NA,NA,NA,NA,NA,NA,0,0,0,1,NA
4376,0.748407483,0.192209005,0.035582382,2011,state,urban/rural,sector_state,0,Manipur,NA,NA,NA,NA,NA,NA,NA,NA,NA,NA,NA,NA,0,0,1,0,NA
4377,0.76034826,0.164592996,0.061129108,2011,state,urban/rural,sector_state,0,Manipur,NA,NA,NA,NA,NA,NA,NA,NA,NA,NA,NA,NA,0,1,0,0,NA
4378,0.688536763,0.142952681,0.107531711,2011,state,urban/rural,sector_state,0,Manipur,NA,NA,NA,NA,NA,NA,NA,NA,NA,NA,NA,NA,1,0,0,0,NA
4379,0,0,0,2011,state,urban/rural,sector_state,0,Manipur,NA,NA,NA,NA,NA,NA,NA,NA,NA,NA,NA,NA,NA,NA,NA,NA,NA
4380,0.849537313,0.080145255,0.001234747,2011,state,urban/rural,sector_state,0,Mizoram,NA,NA,NA,NA,NA,NA,NA,NA,NA,NA,NA,NA,0,0,0,1,NA
4381,0.755675912,0.216869697,0.011853832,2011,state,urban/rural,sector_state,0,Mizoram,NA,NA,NA,NA,NA,NA,NA,NA,NA,NA,NA,NA,0,0,1,0,NA
4382,0.815934479,0.168058246,0.012918254,2011,state,urban/rural,sector_state,0,Mizoram,NA,NA,NA,NA,NA,NA,NA,NA,NA,NA,NA,NA,0,1,0,0,NA
4383,0.869686067,0.117810041,0.012503871,2011,state,urban/rural,sector_state,0,Mizoram,NA,NA,NA,NA,NA,NA,NA,NA,NA,NA,NA,NA,1,0,0,0,NA
4384,0.483601183,0.068853252,0.339332759,2011,state,urban/rural,sector_state,0,Tripura,NA,NA,NA,NA,NA,NA,NA,NA,NA,NA,NA,NA,0,0,0,1,NA
4385,0.392581075,0.085350454,0.480556518,2011,state,urban/rural,sector_state,0,Tripura,NA,NA,NA,NA,NA,NA,NA,NA,NA,NA,NA,NA,0,0,1,0,NA
4386,0.35782361,0.108997829,0.520136833,2011,state,urban/rural,sector_state,0,Tripura,NA,NA,NA,NA,NA,NA,NA,NA,NA,NA,NA,NA,0,1,0,0,NA
4387,0.359134853,0.09484788,0.52422893,2011,state,urban/rural,sector_state,0,Tripura,NA,NA,NA,NA,NA,NA,NA,NA,NA,NA,NA,NA,1,0,0,0,NA
4388,0,0,0,2011,state,urban/rural,sector_state,0,Tripura,NA,NA,NA,NA,NA,NA,NA,NA,NA,NA,NA,NA,NA,NA,NA,NA,NA
4389,0.662175119,0.070555955,0.209762692,2011,state,urban/rural,sector_state,0,Meghalaya,NA,NA,NA,NA,NA,NA,NA,NA,NA,NA,NA,NA,0,0,0,1,NA
4390,0.738170624,0.156169176,0.084403165,2011,state,urban/rural,sector_state,0,Meghalaya,NA,NA,NA,NA,NA,NA,NA,NA,NA,NA,NA,NA,0,0,1,0,NA
4391,0.668502331,0.172313839,0.151747257,2011,state,urban/rural,sector_state,0,Meghalaya,NA,NA,NA,NA,NA,NA,NA,NA,NA,NA,NA,NA,0,1,0,0,NA
4392,0.626549184,0.150991902,0.205500185,2011,state,urban/rural,sector_state,0,Meghalaya,NA,NA,NA,NA,NA,NA,NA,NA,NA,NA,NA,NA,1,0,0,0,NA
4393,0,0,0,2011,state,urban/rural,sector_state,0,Meghalaya,NA,NA,NA,NA,NA,NA,NA,NA,NA,NA,NA,NA,NA,NA,NA,NA,NA
4394,0.74305141,0.071818002,0.104896553,2011,state,urban/rural,sector_state,0,Assam,NA,NA,NA,NA,NA,NA,NA,NA,NA,NA,NA,NA,0,0,0,1,NA
4395,0.739618003,0.113256454,0.12363676,2011,state,urban/rural,sector_state,0,Assam,NA,NA,NA,NA,NA,NA,NA,NA,NA,NA,NA,NA,0,0,1,0,NA
4396,0.685254872,0.136818826,0.16014263,2011,state,urban/rural,sector_state,0,Assam,NA,NA,NA,NA,NA,NA,NA,NA,NA,NA,NA,NA,0,1,0,0,NA
4397,0.405017167,0.199260324,0.364218295,2011,state,urban/rural,sector_state,0,Assam,NA,NA,NA,NA,NA,NA,NA,NA,NA,NA,NA,NA,1,0,0,0,NA
4398,0,0,0,2011,state,urban/rural,sector_state,0,Assam,NA,NA,NA,NA,NA,NA,NA,NA,NA,NA,NA,NA,NA,NA,NA,NA,NA
4399,0.559860945,0.112094812,0.249563739,2011,state,urban/rural,sector_state,0,West Bengal,NA,NA,NA,NA,NA,NA,NA,NA,NA,NA,NA,NA,0,0,0,1,NA
4400,0.499929577,0.092367373,0.383918017,2011,state,urban/rural,sector_state,0,West Bengal,NA,NA,NA,NA,NA,NA,NA,NA,NA,NA,NA,NA,0,0,1,0,NA
4401,0.403779447,0.060968511,0.512875319,2011,state,urban/rural,sector_state,0,West Bengal,NA,NA,NA,NA,NA,NA,NA,NA,NA,NA,NA,NA,0,1,0,0,NA
4402,0.293238997,0.046529178,0.579307973,2011,state,urban/rural,sector_state,0,West Bengal,NA,NA,NA,NA,NA,NA,NA,NA,NA,NA,NA,NA,1,0,0,0,NA
4403,0,0,0,2011,state,urban/rural,sector_state,0,West Bengal,NA,NA,NA,NA,NA,NA,NA,NA,NA,NA,NA,NA,NA,NA,NA,NA,NA
4404,0.599439323,0.008794907,0.181854367,2011,state,urban/rural,sector_state,0,Jharkhand,NA,NA,NA,NA,NA,NA,NA,NA,NA,NA,NA,NA,0,0,0,1,NA
4405,0.6512537,0.062146422,0.23777689,2011,state,urban/rural,sector_state,0,Jharkhand,NA,NA,NA,NA,NA,NA,NA,NA,NA,NA,NA,NA,0,0,1,0,NA
4406,0.608631313,0.043427333,0.315132141,2011,state,urban/rural,sector_state,0,Jharkhand,NA,NA,NA,NA,NA,NA,NA,NA,NA,NA,NA,NA,0,1,0,0,NA
4407,0.40560782,0.090375692,0.452597916,2011,state,urban/rural,sector_state,0,Jharkhand,NA,NA,NA,NA,NA,NA,NA,NA,NA,NA,NA,NA,1,0,0,0,NA
4408,0,0,0,2011,state,urban/rural,sector_state,0,Jharkhand,NA,NA,NA,NA,NA,NA,NA,NA,NA,NA,NA,NA,NA,NA,NA,NA,NA
4409,0.65816623,0.076487519,0.186934933,2011,state,urban/rural,sector_state,0,Odisha,NA,NA,NA,NA,NA,NA,NA,NA,NA,NA,NA,NA,0,0,0,1,NA
4410,0.568297803,0.083162114,0.313283026,2011,state,urban/rural,sector_state,0,Odisha,NA,NA,NA,NA,NA,NA,NA,NA,NA,NA,NA,NA,0,0,1,0,NA
4411,0.551066399,0.06396424,0.366023272,2011,state,urban/rural,sector_state,0,Odisha,NA,NA,NA,NA,NA,NA,NA,NA,NA,NA,NA,NA,0,1,0,0,NA
4412,0.317942351,0.030153589,0.645358384,2011,state,urban/rural,sector_state,0,Odisha,NA,NA,NA,NA,NA,NA,NA,NA,NA,NA,NA,NA,1,0,0,0,NA
4413,0,0.089778043,0,2011,state,urban/rural,sector_state,0,Odisha,NA,NA,NA,NA,NA,NA,NA,NA,NA,NA,NA,NA,NA,NA,NA,NA,NA
4414,0.578752995,0.006056142,0.368020624,2011,state,urban/rural,sector_state,0,Chhattisgarh,NA,NA,NA,NA,NA,NA,NA,NA,NA,NA,NA,NA,0,0,0,1,NA
4415,0.650991321,0.06947805,0.27236411,2011,state,urban/rural,sector_state,0,Chhattisgarh,NA,NA,NA,NA,NA,NA,NA,NA,NA,NA,NA,NA,0,0,1,0,NA
4416,0.577000201,0.063090697,0.357530624,2011,state,urban/rural,sector_state,0,Chhattisgarh,NA,NA,NA,NA,NA,NA,NA,NA,NA,NA,NA,NA,0,1,0,0,NA
4417,0.376301944,0.073594093,0.544666588,2011,state,urban/rural,sector_state,0,Chhattisgarh,NA,NA,NA,NA,NA,NA,NA,NA,NA,NA,NA,NA,1,0,0,0,NA
4418,0,0,0,2011,state,urban/rural,sector_state,0,Chhattisgarh,NA,NA,NA,NA,NA,NA,NA,NA,NA,NA,NA,NA,NA,NA,NA,NA,NA
4419,0.615900218,0.018625047,0.309865803,2011,state,urban/rural,sector_state,0,Madhya Pradesh,NA,NA,NA,NA,NA,NA,NA,NA,NA,NA,NA,NA,0,0,0,1,NA
4420,0.615306735,0.086864688,0.29169482,2011,state,urban/rural,sector_state,0,Madhya Pradesh,NA,NA,NA,NA,NA,NA,NA,NA,NA,NA,NA,NA,0,0,1,0,NA
4421,0.541574299,0.059271172,0.395125121,2011,state,urban/rural,sector_state,0,Madhya Pradesh,NA,NA,NA,NA,NA,NA,NA,NA,NA,NA,NA,NA,0,1,0,0,NA
4422,0.512739062,0.039644465,0.439106226,2011,state,urban/rural,sector_state,0,Madhya Pradesh,NA,NA,NA,NA,NA,NA,NA,NA,NA,NA,NA,NA,1,0,0,0,NA
4423,0,0,0,2011,state,urban/rural,sector_state,0,Madhya Pradesh,NA,NA,NA,NA,NA,NA,NA,NA,NA,NA,NA,NA,NA,NA,NA,NA,NA
4424,0.637383699,0.03206981,0.296789974,2011,state,urban/rural,sector_state,0,Gujarat,NA,NA,NA,NA,NA,NA,NA,NA,NA,NA,NA,NA,0,0,0,1,NA
4425,0.610752344,0.075772062,0.301745474,2011,state,urban/rural,sector_state,0,Gujarat,NA,NA,NA,NA,NA,NA,NA,NA,NA,NA,NA,NA,0,0,1,0,NA
4426,0.530995607,0.112463214,0.352902055,2011,state,urban/rural,sector_state,0,Gujarat,NA,NA,NA,NA,NA,NA,NA,NA,NA,NA,NA,NA,0,1,0,0,NA
4427,0.508932412,0.090300575,0.381530166,2011,state,urban/rural,sector_state,0,Gujarat,NA,NA,NA,NA,NA,NA,NA,NA,NA,NA,NA,NA,1,0,0,0,NA
4428,0,0,0,2011,state,urban/rural,sector_state,0,Gujarat,NA,NA,NA,NA,NA,NA,NA,NA,NA,NA,NA,NA,NA,NA,NA,NA,NA
4429,0.266890734,0.359532446,0,2011,state,urban/rural,sector_state,0,Daman & Diu & D & N Haveli,NA,NA,NA,NA,NA,NA,NA,NA,NA,NA,NA,NA,0,0,0,1,NA
4430,0.449483752,0.491962701,0.039686684,2011,state,urban/rural,sector_state,0,Daman & Diu & D & N Haveli,NA,NA,NA,NA,NA,NA,NA,NA,NA,NA,NA,NA,0,0,1,0,NA
4431,0.511621952,0.306343257,0.182034776,2011,state,urban/rural,sector_state,0,Daman & Diu & D & N Haveli,NA,NA,NA,NA,NA,NA,NA,NA,NA,NA,NA,NA,0,1,0,0,NA
4432,0.11393676,0.595434904,0.212029189,2011,state,urban/rural,sector_state,0,Daman & Diu & D & N Haveli,NA,NA,NA,NA,NA,NA,NA,NA,NA,NA,NA,NA,1,0,0,0,NA
4433,0,0,0,2011,state,urban/rural,sector_state,0,Daman & Diu & D & N Haveli,NA,NA,NA,NA,NA,NA,NA,NA,NA,NA,NA,NA,NA,NA,NA,NA,NA
4434,0.601377428,0.056553539,0.307219088,2011,state,urban/rural,sector_state,0,Maharashtra,NA,NA,NA,NA,NA,NA,NA,NA,NA,NA,NA,NA,0,0,0,1,NA
4435,0.505941451,0.113816462,0.365049213,2011,state,urban/rural,sector_state,0,Maharashtra,NA,NA,NA,NA,NA,NA,NA,NA,NA,NA,NA,NA,0,0,1,0,NA
4436,0.49126789,0.132016122,0.371696681,2011,state,urban/rural,sector_state,0,Maharashtra,NA,NA,NA,NA,NA,NA,NA,NA,NA,NA,NA,NA,0,1,0,0,NA
4437,0.474688709,0.111521006,0.374866217,2011,state,urban/rural,sector_state,0,Maharashtra,NA,NA,NA,NA,NA,NA,NA,NA,NA,NA,NA,NA,1,0,0,0,NA
4438,0,0,0,2011,state,urban/rural,sector_state,0,Maharashtra,NA,NA,NA,NA,NA,NA,NA,NA,NA,NA,NA,NA,NA,NA,NA,NA,NA
4439,0.395430028,0.094746538,0.356784284,2011,state,urban/rural,sector_state,0,Andhra Pradesh,NA,NA,NA,NA,NA,NA,NA,NA,NA,NA,NA,NA,0,0,0,1,NA
4440,0.48718074,0.069594175,0.407854259,2011,state,urban/rural,sector_state,0,Andhra Pradesh,NA,NA,NA,NA,NA,NA,NA,NA,NA,NA,NA,NA,0,0,1,0,NA
4441,0.404769421,0.107785627,0.484925091,2011,state,urban/rural,sector_state,0,Andhra Pradesh,NA,NA,NA,NA,NA,NA,NA,NA,NA,NA,NA,NA,0,1,0,0,NA
4442,0.320298612,0.155106351,0.463702112,2011,state,urban/rural,sector_state,0,Andhra Pradesh,NA,NA,NA,NA,NA,NA,NA,NA,NA,NA,NA,NA,1,0,0,0,NA
4443,0,0,0,2011,state,urban/rural,sector_state,0,Andhra Pradesh,NA,NA,NA,NA,NA,NA,NA,NA,NA,NA,NA,NA,NA,NA,NA,NA,NA
4444,0.546075344,0.079307832,0.31019026,2011,state,urban/rural,sector_state,0,Karnataka,NA,NA,NA,NA,NA,NA,NA,NA,NA,NA,NA,NA,0,0,0,1,NA
4445,0.605283618,0.058516745,0.329238534,2011,state,urban/rural,sector_state,0,Karnataka,NA,NA,NA,NA,NA,NA,NA,NA,NA,NA,NA,NA,0,0,1,0,NA
4446,0.486707538,0.103007928,0.410068423,2011,state,urban/rural,sector_state,0,Karnataka,NA,NA,NA,NA,NA,NA,NA,NA,NA,NA,NA,NA,0,1,0,0,NA
4447,0.561194062,0.123886675,0.298553258,2011,state,urban/rural,sector_state,0,Karnataka,NA,NA,NA,NA,NA,NA,NA,NA,NA,NA,NA,NA,1,0,0,0,NA
4448,0,0,0,2011,state,urban/rural,sector_state,0,Karnataka,NA,NA,NA,NA,NA,NA,NA,NA,NA,NA,NA,NA,NA,NA,NA,NA,NA
4449,0.240537867,0.427314878,0.096353956,2011,state,urban/rural,sector_state,0,Goa,NA,NA,NA,NA,NA,NA,NA,NA,NA,NA,NA,NA,0,0,0,1,NA
4450,0.585815787,0.263841212,0.124004669,2011,state,urban/rural,sector_state,0,Goa,NA,NA,NA,NA,NA,NA,NA,NA,NA,NA,NA,NA,0,0,1,0,NA
4451,0.53989619,0.246466488,0.185353681,2011,state,urban/rural,sector_state,0,Goa,NA,NA,NA,NA,NA,NA,NA,NA,NA,NA,NA,NA,0,1,0,0,NA
4452,0.047183547,0.952816427,0,2011,state,urban/rural,sector_state,0,Goa,NA,NA,NA,NA,NA,NA,NA,NA,NA,NA,NA,NA,1,0,0,0,NA
4453,0.246870488,0.392610788,0.347078413,2011,state,urban/rural,sector_state,0,Lakshadweep,NA,NA,NA,NA,NA,NA,NA,NA,NA,NA,NA,NA,0,0,0,1,NA
4454,0.131449357,0.449038148,0.272177458,2011,state,urban/rural,sector_state,0,Lakshadweep,NA,NA,NA,NA,NA,NA,NA,NA,NA,NA,NA,NA,0,0,1,0,NA
4455,0.52910471,0.269359201,0,2011,state,urban/rural,sector_state,0,Lakshadweep,NA,NA,NA,NA,NA,NA,NA,NA,NA,NA,NA,NA,0,1,0,0,NA
4456,0,0,0.178501427,2011,state,urban/rural,sector_state,0,Lakshadweep,NA,NA,NA,NA,NA,NA,NA,NA,NA,NA,NA,NA,1,0,0,0,NA
4457,0.358656377,0.191662326,0.332038492,2011,state,urban/rural,sector_state,0,Kerala,NA,NA,NA,NA,NA,NA,NA,NA,NA,NA,NA,NA,0,0,0,1,NA
4458,0.336036444,0.151503891,0.428683519,2011,state,urban/rural,sector_state,0,Kerala,NA,NA,NA,NA,NA,NA,NA,NA,NA,NA,NA,NA,0,0,1,0,NA
4459,0.305042833,0.117678069,0.432354152,2011,state,urban/rural,sector_state,0,Kerala,NA,NA,NA,NA,NA,NA,NA,NA,NA,NA,NA,NA,0,1,0,0,NA
4460,0.15509966,0.275512248,0.340924591,2011,state,urban/rural,sector_state,0,Kerala,NA,NA,NA,NA,NA,NA,NA,NA,NA,NA,NA,NA,1,0,0,0,NA
4461,0,0,0,2011,state,urban/rural,sector_state,0,Kerala,NA,NA,NA,NA,NA,NA,NA,NA,NA,NA,NA,NA,NA,NA,NA,NA,NA
4462,0.342900753,0.07712765,0.457563728,2011,state,urban/rural,sector_state,0,Tamil Nadu,NA,NA,NA,NA,NA,NA,NA,NA,NA,NA,NA,NA,0,0,0,1,NA
4463,0.31441322,0.104765646,0.549283504,2011,state,urban/rural,sector_state,0,Tamil Nadu,NA,NA,NA,NA,NA,NA,NA,NA,NA,NA,NA,NA,0,0,1,0,NA
4464,0.268350422,0.140797749,0.577686071,2011,state,urban/rural,sector_state,0,Tamil Nadu,NA,NA,NA,NA,NA,NA,NA,NA,NA,NA,NA,NA,0,1,0,0,NA
4465,0.187799618,0.236814946,0.50587219,2011,state,urban/rural,sector_state,0,Tamil Nadu,NA,NA,NA,NA,NA,NA,NA,NA,NA,NA,NA,NA,1,0,0,0,NA
4466,0,0,0,2011,state,urban/rural,sector_state,0,Tamil Nadu,NA,NA,NA,NA,NA,NA,NA,NA,NA,NA,NA,NA,NA,NA,NA,NA,NA
4467,0.076247841,0.095386416,0.706421494,2011,state,urban/rural,sector_state,0,Puducherry,NA,NA,NA,NA,NA,NA,NA,NA,NA,NA,NA,NA,0,0,0,1,NA
4468,0.300923198,0.242122099,0.356782377,2011,state,urban/rural,sector_state,0,Puducherry,NA,NA,NA,NA,NA,NA,NA,NA,NA,NA,NA,NA,0,0,1,0,NA
4469,0.386847615,0.172128066,0.417732179,2011,state,urban/rural,sector_state,0,Puducherry,NA,NA,NA,NA,NA,NA,NA,NA,NA,NA,NA,NA,0,1,0,0,NA
4470,0.249379829,0.585045755,0.165574417,2011,state,urban/rural,sector_state,0,Puducherry,NA,NA,NA,NA,NA,NA,NA,NA,NA,NA,NA,NA,1,0,0,0,NA
4471,0.517805517,0.358311743,0.109230354,2011,state,urban/rural,sector_state,0,A & N Island,NA,NA,NA,NA,NA,NA,NA,NA,NA,NA,NA,NA,0,0,0,1,NA
4472,0.451688707,0.39776364,0.134994924,2011,state,urban/rural,sector_state,0,A & N Island,NA,NA,NA,NA,NA,NA,NA,NA,NA,NA,NA,NA,0,0,1,0,NA
4473,0.449347138,0.433463216,0.105996475,2011,state,urban/rural,sector_state,0,A & N Island,NA,NA,NA,NA,NA,NA,NA,NA,NA,NA,NA,NA,0,1,0,0,NA
4474,0.350861102,0.478561938,0.156889677,2011,state,urban/rural,sector_state,0,A & N Island,NA,NA,NA,NA,NA,NA,NA,NA,NA,NA,NA,NA,1,0,0,0,NA
4475,0,0,0,2011,state,urban/rural,sector_state,0,A & N Island,NA,NA,NA,NA,NA,NA,NA,NA,NA,NA,NA,NA,NA,NA,NA,NA,NA
4476,0.650697589,0.017538713,0.123225294,2011,state,urban/rural,sector_state,0,Telangana,NA,NA,NA,NA,NA,NA,NA,NA,NA,NA,NA,NA,0,0,0,1,NA
4477,0.56754458,0.048312534,0.373482376,2011,state,urban/rural,sector_state,0,Telangana,NA,NA,NA,NA,NA,NA,NA,NA,NA,NA,NA,NA,0,0,1,0,NA
4478,0.506787837,0.131037235,0.36059016,2011,state,urban/rural,sector_state,0,Telangana,NA,NA,NA,NA,NA,NA,NA,NA,NA,NA,NA,NA,0,1,0,0,NA
4479,0.515625715,0.134604454,0.304596037,2011,state,urban/rural,sector_state,0,Telangana,NA,NA,NA,NA,NA,NA,NA,NA,NA,NA,NA,NA,1,0,0,0,NA
4480,0,0,0,2011,state,urban/rural,sector_state,0,Telangana,NA,NA,NA,NA,NA,NA,NA,NA,NA,NA,NA,NA,NA,NA,NA,NA,NA
4481,0.796697259,0.092780054,0,2011,state,urban/rural,sector_state,0,Ladakh,NA,NA,NA,NA,NA,NA,NA,NA,NA,NA,NA,NA,0,0,0,1,NA
4482,0.47986868,0.175890177,0.267752111,2011,state,urban/rural,sector_state,0,Ladakh,NA,NA,NA,NA,NA,NA,NA,NA,NA,NA,NA,NA,0,0,1,0,NA
4483,0.22320351,0.352492273,0.344090313,2011,state,urban/rural,sector_state,0,Ladakh,NA,NA,NA,NA,NA,NA,NA,NA,NA,NA,NA,NA,0,1,0,0,NA
4484,0.830704272,0.126280546,0.043015171,2011,state,urban/rural,sector_state,0,Ladakh,NA,NA,NA,NA,NA,NA,NA,NA,NA,NA,NA,NA,1,0,0,0,NA
4485,0.472943097,0.38191548,0.068448275,2011,state,urban/rural,sector_state,1,Jammu & Kashmir,NA,NA,NA,NA,NA,NA,NA,NA,NA,NA,NA,NA,0,0,0,1,NA
4486,0.419693261,0.395250916,0.124545477,2011,state,urban/rural,sector_state,1,Jammu & Kashmir,NA,NA,NA,NA,NA,NA,NA,NA,NA,NA,NA,NA,0,0,1,0,NA
4487,0.429344386,0.389243245,0.146898165,2011,state,urban/rural,sector_state,1,Jammu & Kashmir,NA,NA,NA,NA,NA,NA,NA,NA,NA,NA,NA,NA,0,1,0,0,NA
4488,0.213083819,0.318648726,0.305642307,2011,state,urban/rural,sector_state,1,Jammu & Kashmir,NA,NA,NA,NA,NA,NA,NA,NA,NA,NA,NA,NA,1,0,0,0,NA
4489,0,0,0,2011,state,urban/rural,sector_state,1,Jammu & Kashmir,NA,NA,NA,NA,NA,NA,NA,NA,NA,NA,NA,NA,NA,NA,NA,NA,NA
4490,0.420224637,0.320973694,0.082985729,2011,state,urban/rural,sector_state,1,Himachal Pradesh,NA,NA,NA,NA,NA,NA,NA,NA,NA,NA,NA,NA,0,0,0,1,NA
4491,0.247638762,0.494342327,0.122118317,2011,state,urban/rural,sector_state,1,Himachal Pradesh,NA,NA,NA,NA,NA,NA,NA,NA,NA,NA,NA,NA,0,0,1,0,NA
4492,0.245104685,0.550293684,0.107951902,2011,state,urban/rural,sector_state,1,Himachal Pradesh,NA,NA,NA,NA,NA,NA,NA,NA,NA,NA,NA,NA,0,1,0,0,NA
4493,0.008997785,0.590149999,0.103880301,2011,state,urban/rural,sector_state,1,Himachal Pradesh,NA,NA,NA,NA,NA,NA,NA,NA,NA,NA,NA,NA,1,0,0,0,NA
4494,0.545007288,0.256783187,0.054872133,2011,state,urban/rural,sector_state,1,Punjab,NA,NA,NA,NA,NA,NA,NA,NA,NA,NA,NA,NA,0,0,0,1,NA
4495,0.482610375,0.388205796,0.08120802,2011,state,urban/rural,sector_state,1,Punjab,NA,NA,NA,NA,NA,NA,NA,NA,NA,NA,NA,NA,0,0,1,0,NA
4496,0.442364335,0.401351929,0.131137475,2011,state,urban/rural,sector_state,1,Punjab,NA,NA,NA,NA,NA,NA,NA,NA,NA,NA,NA,NA,0,1,0,0,NA
4497,0.250068486,0.534592152,0.121508464,2011,state,urban/rural,sector_state,1,Punjab,NA,NA,NA,NA,NA,NA,NA,NA,NA,NA,NA,NA,1,0,0,0,NA
4498,0,0,0,2011,state,urban/rural,sector_state,1,Punjab,NA,NA,NA,NA,NA,NA,NA,NA,NA,NA,NA,NA,NA,NA,NA,NA,NA
4499,0.16722481,0.699751675,0,2011,state,urban/rural,sector_state,1,Chandigarh,NA,NA,NA,NA,NA,NA,NA,NA,NA,NA,NA,NA,0,0,0,1,NA
4500,0.258452386,0.676554084,0.063268505,2011,state,urban/rural,sector_state,1,Chandigarh,NA,NA,NA,NA,NA,NA,NA,NA,NA,NA,NA,NA,0,0,1,0,NA
4501,0.26955092,0.582732022,0.141791299,2011,state,urban/rural,sector_state,1,Chandigarh,NA,NA,NA,NA,NA,NA,NA,NA,NA,NA,NA,NA,0,1,0,0,NA
4502,0.33199802,0.644838929,0.012138664,2011,state,urban/rural,sector_state,1,Chandigarh,NA,NA,NA,NA,NA,NA,NA,NA,NA,NA,NA,NA,1,0,0,0,NA
4503,0.499497086,0.212714359,0.030121934,2011,state,urban/rural,sector_state,1,Uttrakhand,NA,NA,NA,NA,NA,NA,NA,NA,NA,NA,NA,NA,0,0,0,1,NA
4504,0.441792339,0.466215938,0.026543794,2011,state,urban/rural,sector_state,1,Uttrakhand,NA,NA,NA,NA,NA,NA,NA,NA,NA,NA,NA,NA,0,0,1,0,NA
4505,0.549731374,0.303488702,0.12076252,2011,state,urban/rural,sector_state,1,Uttrakhand,NA,NA,NA,NA,NA,NA,NA,NA,NA,NA,NA,NA,0,1,0,0,NA
4506,0.393802762,0.394553334,0.079843968,2011,state,urban/rural,sector_state,1,Uttrakhand,NA,NA,NA,NA,NA,NA,NA,NA,NA,NA,NA,NA,1,0,0,0,NA
4507,0,0,0,2011,state,urban/rural,sector_state,1,Uttrakhand,NA,NA,NA,NA,NA,NA,NA,NA,NA,NA,NA,NA,NA,NA,NA,NA,NA
4508,0.563760519,0.200344607,0.034185484,2011,state,urban/rural,sector_state,1,Haryana,NA,NA,NA,NA,NA,NA,NA,NA,NA,NA,NA,NA,0,0,0,1,NA
4509,0.446439773,0.432704121,0.048068341,2011,state,urban/rural,sector_state,1,Haryana,NA,NA,NA,NA,NA,NA,NA,NA,NA,NA,NA,NA,0,0,1,0,NA
4510,0.406918377,0.378317654,0.170784533,2011,state,urban/rural,sector_state,1,Haryana,NA,NA,NA,NA,NA,NA,NA,NA,NA,NA,NA,NA,0,1,0,0,NA
4511,0.227404565,0.571986794,0.156078115,2011,state,urban/rural,sector_state,1,Haryana,NA,NA,NA,NA,NA,NA,NA,NA,NA,NA,NA,NA,1,0,0,0,NA
4512,0.412985921,0.391773432,0.001957538,2011,state,urban/rural,sector_state,1,Delhi,NA,NA,NA,NA,NA,NA,NA,NA,NA,NA,NA,NA,0,0,0,1,NA
4513,0.469032168,0.477540493,0.037594263,2011,state,urban/rural,sector_state,1,Delhi,NA,NA,NA,NA,NA,NA,NA,NA,NA,NA,NA,NA,0,0,1,0,NA
4514,0.453151405,0.5125314,0.033948492,2011,state,urban/rural,sector_state,1,Delhi,NA,NA,NA,NA,NA,NA,NA,NA,NA,NA,NA,NA,0,1,0,0,NA
4515,0.208540842,0.684567571,0.042992115,2011,state,urban/rural,sector_state,1,Delhi,NA,NA,NA,NA,NA,NA,NA,NA,NA,NA,NA,NA,1,0,0,0,NA
4516,0.498589337,0.304720312,0.039305609,2011,state,urban/rural,sector_state,1,Rajasthan,NA,NA,NA,NA,NA,NA,NA,NA,NA,NA,NA,NA,0,0,0,1,NA
4517,0.504163682,0.352191895,0.102985069,2011,state,urban/rural,sector_state,1,Rajasthan,NA,NA,NA,NA,NA,NA,NA,NA,NA,NA,NA,NA,0,0,1,0,NA
4518,0.4326846,0.321965039,0.213296354,2011,state,urban/rural,sector_state,1,Rajasthan,NA,NA,NA,NA,NA,NA,NA,NA,NA,NA,NA,NA,0,1,0,0,NA
4519,0.282921106,0.358370036,0.125120208,2011,state,urban/rural,sector_state,1,Rajasthan,NA,NA,NA,NA,NA,NA,NA,NA,NA,NA,NA,NA,1,0,0,0,NA
4520,0,0,0,2011,state,urban/rural,sector_state,1,Rajasthan,NA,NA,NA,NA,NA,NA,NA,NA,NA,NA,NA,NA,NA,NA,NA,NA,NA
4521,0.525338292,0.299907833,0.076723948,2011,state,urban/rural,sector_state,1,Uttar Pradesh,NA,NA,NA,NA,NA,NA,NA,NA,NA,NA,NA,NA,0,0,0,1,NA
4522,0.562486649,0.272511065,0.11694482,2011,state,urban/rural,sector_state,1,Uttar Pradesh,NA,NA,NA,NA,NA,NA,NA,NA,NA,NA,NA,NA,0,0,1,0,NA
4523,0.520753264,0.285904825,0.158560127,2011,state,urban/rural,sector_state,1,Uttar Pradesh,NA,NA,NA,NA,NA,NA,NA,NA,NA,NA,NA,NA,0,1,0,0,NA
4524,0.379990071,0.274552494,0.192013666,2011,state,urban/rural,sector_state,1,Uttar Pradesh,NA,NA,NA,NA,NA,NA,NA,NA,NA,NA,NA,NA,1,0,0,0,NA
4525,0.322595596,0.067230381,0.128918007,2011,state,urban/rural,sector_state,1,Bihar,NA,NA,NA,NA,NA,NA,NA,NA,NA,NA,NA,NA,0,0,0,1,NA
4526,0.466754228,0.334814996,0.112071134,2011,state,urban/rural,sector_state,1,Bihar,NA,NA,NA,NA,NA,NA,NA,NA,NA,NA,NA,NA,0,0,1,0,NA
4527,0.543822348,0.243437052,0.131971255,2011,state,urban/rural,sector_state,1,Bihar,NA,NA,NA,NA,NA,NA,NA,NA,NA,NA,NA,NA,0,1,0,0,NA
4528,0.454592049,0.11748372,0.186931163,2011,state,urban/rural,sector_state,1,Bihar,NA,NA,NA,NA,NA,NA,NA,NA,NA,NA,NA,NA,1,0,0,0,NA
4529,0,0,0,2011,state,urban/rural,sector_state,1,Bihar,NA,NA,NA,NA,NA,NA,NA,NA,NA,NA,NA,NA,NA,NA,NA,NA,NA
4530,0.230331376,0.769668639,0,2011,state,urban/rural,sector_state,1,Sikkim,NA,NA,NA,NA,NA,NA,NA,NA,NA,NA,NA,NA,0,0,0,1,NA
4531,0.180394247,0.75285846,0.014845921,2011,state,urban/rural,sector_state,1,Sikkim,NA,NA,NA,NA,NA,NA,NA,NA,NA,NA,NA,NA,0,0,1,0,NA
4532,0.391173542,0.50240016,0.069679961,2011,state,urban/rural,sector_state,1,Sikkim,NA,NA,NA,NA,NA,NA,NA,NA,NA,NA,NA,NA,0,1,0,0,NA
4533,0.348660707,0.278700739,0.058208022,2011,state,urban/rural,sector_state,1,Sikkim,NA,NA,NA,NA,NA,NA,NA,NA,NA,NA,NA,NA,1,0,0,0,NA
4534,0,0,0,2011,state,urban/rural,sector_state,1,Sikkim,NA,NA,NA,NA,NA,NA,NA,NA,NA,NA,NA,NA,NA,NA,NA,NA,NA
4535,0.183333337,0,0,2011,state,urban/rural,sector_state,1,Arunachal Pradesh,NA,NA,NA,NA,NA,NA,NA,NA,NA,NA,NA,NA,0,0,0,1,NA
4536,0.223034516,0.579249084,0.110390723,2011,state,urban/rural,sector_state,1,Arunachal Pradesh,NA,NA,NA,NA,NA,NA,NA,NA,NA,NA,NA,NA,0,0,1,0,NA
4537,0.237434566,0.639398336,0.079134203,2011,state,urban/rural,sector_state,1,Arunachal Pradesh,NA,NA,NA,NA,NA,NA,NA,NA,NA,NA,NA,NA,0,1,0,0,NA
4538,0.194670871,0.461946607,0.174321711,2011,state,urban/rural,sector_state,1,Arunachal Pradesh,NA,NA,NA,NA,NA,NA,NA,NA,NA,NA,NA,NA,1,0,0,0,NA
4539,0.197935864,0.13882263,0,2011,state,urban/rural,sector_state,1,Nagaland,NA,NA,NA,NA,NA,NA,NA,NA,NA,NA,NA,NA,0,0,0,1,NA
4540,0.467701733,0.459066451,0.006442134,2011,state,urban/rural,sector_state,1,Nagaland,NA,NA,NA,NA,NA,NA,NA,NA,NA,NA,NA,NA,0,0,1,0,NA
4541,0.314340889,0.606446385,0.022185812,2011,state,urban/rural,sector_state,1,Nagaland,NA,NA,NA,NA,NA,NA,NA,NA,NA,NA,NA,NA,0,1,0,0,NA
4542,0.435383081,0.394259691,0,2011,state,urban/rural,sector_state,1,Nagaland,NA,NA,NA,NA,NA,NA,NA,NA,NA,NA,NA,NA,1,0,0,0,NA
4543,0.447927803,0.200624481,0.009562878,2011,state,urban/rural,sector_state,1,Manipur,NA,NA,NA,NA,NA,NA,NA,NA,NA,NA,NA,NA,0,0,0,1,NA
4544,0.485764623,0.350630283,0.018843861,2011,state,urban/rural,sector_state,1,Manipur,NA,NA,NA,NA,NA,NA,NA,NA,NA,NA,NA,NA,0,0,1,0,NA
4545,0.624156237,0.267683983,0.056895677,2011,state,urban/rural,sector_state,1,Manipur,NA,NA,NA,NA,NA,NA,NA,NA,NA,NA,NA,NA,0,1,0,0,NA
4546,0.744262874,0.072405525,0.067280024,2011,state,urban/rural,sector_state,1,Manipur,NA,NA,NA,NA,NA,NA,NA,NA,NA,NA,NA,NA,1,0,0,0,NA
4547,0.488396138,0.212426499,0.05958838,2011,state,urban/rural,sector_state,1,Mizoram,NA,NA,NA,NA,NA,NA,NA,NA,NA,NA,NA,NA,0,0,0,1,NA
4548,0.320928305,0.589739621,0.056807466,2011,state,urban/rural,sector_state,1,Mizoram,NA,NA,NA,NA,NA,NA,NA,NA,NA,NA,NA,NA,0,0,1,0,NA
4549,0.309199482,0.536877692,0.120298386,2011,state,urban/rural,sector_state,1,Mizoram,NA,NA,NA,NA,NA,NA,NA,NA,NA,NA,NA,NA,0,1,0,0,NA
4550,0.429468811,0.317085654,0.148538515,2011,state,urban/rural,sector_state,1,Mizoram,NA,NA,NA,NA,NA,NA,NA,NA,NA,NA,NA,NA,1,0,0,0,NA
4551,0.569529653,0.244199172,0.074693695,2011,state,urban/rural,sector_state,1,Tripura,NA,NA,NA,NA,NA,NA,NA,NA,NA,NA,NA,NA,0,0,0,1,NA
4552,0.419581264,0.38154006,0.114084005,2011,state,urban/rural,sector_state,1,Tripura,NA,NA,NA,NA,NA,NA,NA,NA,NA,NA,NA,NA,0,0,1,0,NA
4553,0.424963325,0.303302526,0.174816549,2011,state,urban/rural,sector_state,1,Tripura,NA,NA,NA,NA,NA,NA,NA,NA,NA,NA,NA,NA,0,1,0,0,NA
4554,0.151867434,0.25714764,0.250828207,2011,state,urban/rural,sector_state,1,Tripura,NA,NA,NA,NA,NA,NA,NA,NA,NA,NA,NA,NA,1,0,0,0,NA
4555,0,0,0,2011,state,urban/rural,sector_state,1,Tripura,NA,NA,NA,NA,NA,NA,NA,NA,NA,NA,NA,NA,NA,NA,NA,NA,NA
4556,0.235323846,0.462816238,0.045733165,2011,state,urban/rural,sector_state,1,Meghalaya,NA,NA,NA,NA,NA,NA,NA,NA,NA,NA,NA,NA,0,0,0,1,NA
4557,0.402495563,0.498545974,0.040884096,2011,state,urban/rural,sector_state,1,Meghalaya,NA,NA,NA,NA,NA,NA,NA,NA,NA,NA,NA,NA,0,0,1,0,NA
4558,0.278680235,0.605613589,0.09567228,2011,state,urban/rural,sector_state,1,Meghalaya,NA,NA,NA,NA,NA,NA,NA,NA,NA,NA,NA,NA,0,1,0,0,NA
4559,0.315358192,0.164326489,0.011102984,2011,state,urban/rural,sector_state,1,Meghalaya,NA,NA,NA,NA,NA,NA,NA,NA,NA,NA,NA,NA,1,0,0,0,NA
4560,0,0,0,2011,state,urban/rural,sector_state,1,Meghalaya,NA,NA,NA,NA,NA,NA,NA,NA,NA,NA,NA,NA,NA,NA,NA,NA,NA
4561,0.402788848,0.167901248,0.044913098,2011,state,urban/rural,sector_state,1,Assam,NA,NA,NA,NA,NA,NA,NA,NA,NA,NA,NA,NA,0,0,0,1,NA
4562,0.439534038,0.441385657,0.047920007,2011,state,urban/rural,sector_state,1,Assam,NA,NA,NA,NA,NA,NA,NA,NA,NA,NA,NA,NA,0,0,1,0,NA
4563,0.512949944,0.392798185,0.086379789,2011,state,urban/rural,sector_state,1,Assam,NA,NA,NA,NA,NA,NA,NA,NA,NA,NA,NA,NA,0,1,0,0,NA
4564,0.285594702,0.556974053,0.042104241,2011,state,urban/rural,sector_state,1,Assam,NA,NA,NA,NA,NA,NA,NA,NA,NA,NA,NA,NA,1,0,0,0,NA
4565,0,0,0,2011,state,urban/rural,sector_state,1,Assam,NA,NA,NA,NA,NA,NA,NA,NA,NA,NA,NA,NA,NA,NA,NA,NA,NA
4566,0.452595621,0.266470104,0.085079193,2011,state,urban/rural,sector_state,1,West Bengal,NA,NA,NA,NA,NA,NA,NA,NA,NA,NA,NA,NA,0,0,0,1,NA
4567,0.423498422,0.412189305,0.099921159,2011,state,urban/rural,sector_state,1,West Bengal,NA,NA,NA,NA,NA,NA,NA,NA,NA,NA,NA,NA,0,0,1,0,NA
4568,0.442223132,0.335519344,0.20064947,2011,state,urban/rural,sector_state,1,West Bengal,NA,NA,NA,NA,NA,NA,NA,NA,NA,NA,NA,NA,0,1,0,0,NA
4569,0.298429996,0.285160601,0.219424486,2011,state,urban/rural,sector_state,1,West Bengal,NA,NA,NA,NA,NA,NA,NA,NA,NA,NA,NA,NA,1,0,0,0,NA
4570,0,0.012100472,0,2011,state,urban/rural,sector_state,1,West Bengal,NA,NA,NA,NA,NA,NA,NA,NA,NA,NA,NA,NA,NA,NA,NA,NA,NA
4571,0.386856228,0.158054501,0.121662416,2011,state,urban/rural,sector_state,1,Jharkhand,NA,NA,NA,NA,NA,NA,NA,NA,NA,NA,NA,NA,0,0,0,1,NA
4572,0.294774175,0.459411979,0.147328123,2011,state,urban/rural,sector_state,1,Jharkhand,NA,NA,NA,NA,NA,NA,NA,NA,NA,NA,NA,NA,0,0,1,0,NA
4573,0.393376499,0.4036569,0.166958854,2011,state,urban/rural,sector_state,1,Jharkhand,NA,NA,NA,NA,NA,NA,NA,NA,NA,NA,NA,NA,0,1,0,0,NA
4574,0.111434311,0.413951993,0.293968439,2011,state,urban/rural,sector_state,1,Jharkhand,NA,NA,NA,NA,NA,NA,NA,NA,NA,NA,NA,NA,1,0,0,0,NA
4575,0,0,0.256852329,2011,state,urban/rural,sector_state,1,Jharkhand,NA,NA,NA,NA,NA,NA,NA,NA,NA,NA,NA,NA,NA,NA,NA,NA,NA
4576,0.584541738,0.151510626,0.055715397,2011,state,urban/rural,sector_state,1,Odisha,NA,NA,NA,NA,NA,NA,NA,NA,NA,NA,NA,NA,0,0,0,1,NA
4577,0.475534171,0.321109146,0.144535467,2011,state,urban/rural,sector_state,1,Odisha,NA,NA,NA,NA,NA,NA,NA,NA,NA,NA,NA,NA,0,0,1,0,NA
4578,0.444594234,0.416122764,0.116258405,2011,state,urban/rural,sector_state,1,Odisha,NA,NA,NA,NA,NA,NA,NA,NA,NA,NA,NA,NA,0,1,0,0,NA
4579,0.328809887,0.327147216,0.180196911,2011,state,urban/rural,sector_state,1,Odisha,NA,NA,NA,NA,NA,NA,NA,NA,NA,NA,NA,NA,1,0,0,0,NA
4580,0,0,0,2011,state,urban/rural,sector_state,1,Odisha,NA,NA,NA,NA,NA,NA,NA,NA,NA,NA,NA,NA,NA,NA,NA,NA,NA
4581,0.456331849,0.125044167,0.193852872,2011,state,urban/rural,sector_state,1,Chhattisgarh,NA,NA,NA,NA,NA,NA,NA,NA,NA,NA,NA,NA,0,0,0,1,NA
4582,0.378869027,0.38137275,0.217877939,2011,state,urban/rural,sector_state,1,Chhattisgarh,NA,NA,NA,NA,NA,NA,NA,NA,NA,NA,NA,NA,0,0,1,0,NA
4583,0.241989225,0.373816848,0.359238118,2011,state,urban/rural,sector_state,1,Chhattisgarh,NA,NA,NA,NA,NA,NA,NA,NA,NA,NA,NA,NA,0,1,0,0,NA
4584,0.233015195,0.254438967,0.378390342,2011,state,urban/rural,sector_state,1,Chhattisgarh,NA,NA,NA,NA,NA,NA,NA,NA,NA,NA,NA,NA,1,0,0,0,NA
4585,0,0,0.131716356,2011,state,urban/rural,sector_state,1,Chhattisgarh,NA,NA,NA,NA,NA,NA,NA,NA,NA,NA,NA,NA,NA,NA,NA,NA,NA
4586,0.550144315,0.143310979,0.179056078,2011,state,urban/rural,sector_state,1,Madhya Pradesh,NA,NA,NA,NA,NA,NA,NA,NA,NA,NA,NA,NA,0,0,0,1,NA
4587,0.442772567,0.410179615,0.110268675,2011,state,urban/rural,sector_state,1,Madhya Pradesh,NA,NA,NA,NA,NA,NA,NA,NA,NA,NA,NA,NA,0,0,1,0,NA
4588,0.436020374,0.37520656,0.179384813,2011,state,urban/rural,sector_state,1,Madhya Pradesh,NA,NA,NA,NA,NA,NA,NA,NA,NA,NA,NA,NA,0,1,0,0,NA
4589,0.324861586,0.324537724,0.219807908,2011,state,urban/rural,sector_state,1,Madhya Pradesh,NA,NA,NA,NA,NA,NA,NA,NA,NA,NA,NA,NA,1,0,0,0,NA
4590,0,0.013254758,0,2011,state,urban/rural,sector_state,1,Madhya Pradesh,NA,NA,NA,NA,NA,NA,NA,NA,NA,NA,NA,NA,NA,NA,NA,NA,NA
4591,0.477561146,0.287108749,0.0426367,2011,state,urban/rural,sector_state,1,Gujarat,NA,NA,NA,NA,NA,NA,NA,NA,NA,NA,NA,NA,0,0,0,1,NA
4592,0.468574822,0.434538692,0.070395976,2011,state,urban/rural,sector_state,1,Gujarat,NA,NA,NA,NA,NA,NA,NA,NA,NA,NA,NA,NA,0,0,1,0,NA
4593,0.4152098,0.505521953,0.076945849,2011,state,urban/rural,sector_state,1,Gujarat,NA,NA,NA,NA,NA,NA,NA,NA,NA,NA,NA,NA,0,1,0,0,NA
4594,0.231111526,0.658234417,0.07062725,2011,state,urban/rural,sector_state,1,Gujarat,NA,NA,NA,NA,NA,NA,NA,NA,NA,NA,NA,NA,1,0,0,0,NA
4595,0,0,0,2011,state,urban/rural,sector_state,1,Gujarat,NA,NA,NA,NA,NA,NA,NA,NA,NA,NA,NA,NA,NA,NA,NA,NA,NA
4596,0.368412107,0.631587923,0,2011,state,urban/rural,sector_state,1,Daman & Diu & D & N Haveli,NA,NA,NA,NA,NA,NA,NA,NA,NA,NA,NA,NA,0,0,0,1,NA
4597,0.417806059,0.562184155,0.014810023,2011,state,urban/rural,sector_state,1,Daman & Diu & D & N Haveli,NA,NA,NA,NA,NA,NA,NA,NA,NA,NA,NA,NA,0,0,1,0,NA
4598,0.324295491,0.609738648,0.065414734,2011,state,urban/rural,sector_state,1,Daman & Diu & D & N Haveli,NA,NA,NA,NA,NA,NA,NA,NA,NA,NA,NA,NA,0,1,0,0,NA
4599,0.025116548,0.96418047,0.010702998,2011,state,urban/rural,sector_state,1,Daman & Diu & D & N Haveli,NA,NA,NA,NA,NA,NA,NA,NA,NA,NA,NA,NA,1,0,0,0,NA
4600,0.368094921,0.376531333,0.097801864,2011,state,urban/rural,sector_state,1,Maharashtra,NA,NA,NA,NA,NA,NA,NA,NA,NA,NA,NA,NA,0,0,0,1,NA
4601,0.376323253,0.495113045,0.071664862,2011,state,urban/rural,sector_state,1,Maharashtra,NA,NA,NA,NA,NA,NA,NA,NA,NA,NA,NA,NA,0,0,1,0,NA
4602,0.3692846,0.502527475,0.116788544,2011,state,urban/rural,sector_state,1,Maharashtra,NA,NA,NA,NA,NA,NA,NA,NA,NA,NA,NA,NA,0,1,0,0,NA
4603,0.265891254,0.497575849,0.106760934,2011,state,urban/rural,sector_state,1,Maharashtra,NA,NA,NA,NA,NA,NA,NA,NA,NA,NA,NA,NA,1,0,0,0,NA
4604,0,0.026189828,0,2011,state,urban/rural,sector_state,1,Maharashtra,NA,NA,NA,NA,NA,NA,NA,NA,NA,NA,NA,NA,NA,NA,NA,NA,NA
4605,0.337729365,0.279254526,0.097272068,2011,state,urban/rural,sector_state,1,Andhra Pradesh,NA,NA,NA,NA,NA,NA,NA,NA,NA,NA,NA,NA,0,0,0,1,NA
4606,0.375078559,0.345646083,0.17567943,2011,state,urban/rural,sector_state,1,Andhra Pradesh,NA,NA,NA,NA,NA,NA,NA,NA,NA,NA,NA,NA,0,0,1,0,NA
4607,0.347681433,0.425833255,0.203209907,2011,state,urban/rural,sector_state,1,Andhra Pradesh,NA,NA,NA,NA,NA,NA,NA,NA,NA,NA,NA,NA,0,1,0,0,NA
4608,0.228249863,0.330966085,0.235936284,2011,state,urban/rural,sector_state,1,Andhra Pradesh,NA,NA,NA,NA,NA,NA,NA,NA,NA,NA,NA,NA,1,0,0,0,NA
4609,0,0,0.003106316,2011,state,urban/rural,sector_state,1,Andhra Pradesh,NA,NA,NA,NA,NA,NA,NA,NA,NA,NA,NA,NA,NA,NA,NA,NA,NA
4610,0.456656545,0.282545298,0.10919793,2011,state,urban/rural,sector_state,1,Karnataka,NA,NA,NA,NA,NA,NA,NA,NA,NA,NA,NA,NA,0,0,0,1,NA
4611,0.458341867,0.364506096,0.156538725,2011,state,urban/rural,sector_state,1,Karnataka,NA,NA,NA,NA,NA,NA,NA,NA,NA,NA,NA,NA,0,0,1,0,NA
4612,0.43229124,0.379046291,0.183418229,2011,state,urban/rural,sector_state,1,Karnataka,NA,NA,NA,NA,NA,NA,NA,NA,NA,NA,NA,NA,0,1,0,0,NA
4613,0.208069623,0.526920557,0.11781691,2011,state,urban/rural,sector_state,1,Karnataka,NA,NA,NA,NA,NA,NA,NA,NA,NA,NA,NA,NA,1,0,0,0,NA
4614,0,0,0,2011,state,urban/rural,sector_state,1,Karnataka,NA,NA,NA,NA,NA,NA,NA,NA,NA,NA,NA,NA,NA,NA,NA,NA,NA
4615,0.4359231,0.243984804,0,2011,state,urban/rural,sector_state,1,Goa,NA,NA,NA,NA,NA,NA,NA,NA,NA,NA,NA,NA,0,0,0,1,NA
4616,0.447861135,0.455738068,0.027947012,2011,state,urban/rural,sector_state,1,Goa,NA,NA,NA,NA,NA,NA,NA,NA,NA,NA,NA,NA,0,0,1,0,NA
4617,0.313398391,0.569465101,0.079658136,2011,state,urban/rural,sector_state,1,Goa,NA,NA,NA,NA,NA,NA,NA,NA,NA,NA,NA,NA,0,1,0,0,NA
4618,0.115783341,0.544384599,0.148329809,2011,state,urban/rural,sector_state,1,Goa,NA,NA,NA,NA,NA,NA,NA,NA,NA,NA,NA,NA,1,0,0,0,NA
4619,0.370074004,0.316338032,0.073393509,2011,state,urban/rural,sector_state,1,Lakshadweep,NA,NA,NA,NA,NA,NA,NA,NA,NA,NA,NA,NA,0,0,0,1,NA
4620,0.151852429,0.575937033,0.069355339,2011,state,urban/rural,sector_state,1,Lakshadweep,NA,NA,NA,NA,NA,NA,NA,NA,NA,NA,NA,NA,0,0,1,0,NA
4621,0.104213119,0.640842021,0.216732696,2011,state,urban/rural,sector_state,1,Lakshadweep,NA,NA,NA,NA,NA,NA,NA,NA,NA,NA,NA,NA,0,1,0,0,NA
4622,0,0.282819718,0.150601268,2011,state,urban/rural,sector_state,1,Lakshadweep,NA,NA,NA,NA,NA,NA,NA,NA,NA,NA,NA,NA,1,0,0,0,NA
4623,0.300451815,0.27406469,0.222747877,2011,state,urban/rural,sector_state,1,Kerala,NA,NA,NA,NA,NA,NA,NA,NA,NA,NA,NA,NA,0,0,0,1,NA
4624,0.33005935,0.27795577,0.294073582,2011,state,urban/rural,sector_state,1,Kerala,NA,NA,NA,NA,NA,NA,NA,NA,NA,NA,NA,NA,0,0,1,0,NA
4625,0.289374977,0.31375134,0.271503538,2011,state,urban/rural,sector_state,1,Kerala,NA,NA,NA,NA,NA,NA,NA,NA,NA,NA,NA,NA,0,1,0,0,NA
4626,0.095517933,0.286371857,0.235459968,2011,state,urban/rural,sector_state,1,Kerala,NA,NA,NA,NA,NA,NA,NA,NA,NA,NA,NA,NA,1,0,0,0,NA
4627,0.256479174,0.318483442,0.191969752,2011,state,urban/rural,sector_state,1,Tamil Nadu,NA,NA,NA,NA,NA,NA,NA,NA,NA,NA,NA,NA,0,0,0,1,NA
4628,0.334734708,0.411616117,0.206436485,2011,state,urban/rural,sector_state,1,Tamil Nadu,NA,NA,NA,NA,NA,NA,NA,NA,NA,NA,NA,NA,0,0,1,0,NA
4629,0.334637672,0.404836714,0.229441509,2011,state,urban/rural,sector_state,1,Tamil Nadu,NA,NA,NA,NA,NA,NA,NA,NA,NA,NA,NA,NA,0,1,0,0,NA
4630,0.172240764,0.421782911,0.229119316,2011,state,urban/rural,sector_state,1,Tamil Nadu,NA,NA,NA,NA,NA,NA,NA,NA,NA,NA,NA,NA,1,0,0,0,NA
4631,0,0,0,2011,state,urban/rural,sector_state,1,Tamil Nadu,NA,NA,NA,NA,NA,NA,NA,NA,NA,NA,NA,NA,NA,NA,NA,NA,NA
4632,0.213424593,0.380980909,0.16733034,2011,state,urban/rural,sector_state,1,Puducherry,NA,NA,NA,NA,NA,NA,NA,NA,NA,NA,NA,NA,0,0,0,1,NA
4633,0.208631501,0.5632568,0.157744423,2011,state,urban/rural,sector_state,1,Puducherry,NA,NA,NA,NA,NA,NA,NA,NA,NA,NA,NA,NA,0,0,1,0,NA
4634,0.282429338,0.461382836,0.220989197,2011,state,urban/rural,sector_state,1,Puducherry,NA,NA,NA,NA,NA,NA,NA,NA,NA,NA,NA,NA,0,1,0,0,NA
4635,0.156856582,0.335843265,0.428444713,2011,state,urban/rural,sector_state,1,Puducherry,NA,NA,NA,NA,NA,NA,NA,NA,NA,NA,NA,NA,1,0,0,0,NA
4636,0,0,0,2011,state,urban/rural,sector_state,1,Puducherry,NA,NA,NA,NA,NA,NA,NA,NA,NA,NA,NA,NA,NA,NA,NA,NA,NA
4637,0.172371358,0.546808839,0.053996328,2011,state,urban/rural,sector_state,1,A & N Island,NA,NA,NA,NA,NA,NA,NA,NA,NA,NA,NA,NA,0,0,0,1,NA
4638,0.150809929,0.689142227,0.120725639,2011,state,urban/rural,sector_state,1,A & N Island,NA,NA,NA,NA,NA,NA,NA,NA,NA,NA,NA,NA,0,0,1,0,NA
4639,0.191266671,0.639028966,0.143197551,2011,state,urban/rural,sector_state,1,A & N Island,NA,NA,NA,NA,NA,NA,NA,NA,NA,NA,NA,NA,0,1,0,0,NA
4640,0.206743285,0.590552449,0.109533519,2011,state,urban/rural,sector_state,1,A & N Island,NA,NA,NA,NA,NA,NA,NA,NA,NA,NA,NA,NA,1,0,0,0,NA
4641,0,0,0,2011,state,urban/rural,sector_state,1,A & N Island,NA,NA,NA,NA,NA,NA,NA,NA,NA,NA,NA,NA,NA,NA,NA,NA,NA
4642,0.488137156,0.323156685,0.023846025,2011,state,urban/rural,sector_state,1,Telangana,NA,NA,NA,NA,NA,NA,NA,NA,NA,NA,NA,NA,0,0,0,1,NA
4643,0.429204702,0.43850565,0.063974619,2011,state,urban/rural,sector_state,1,Telangana,NA,NA,NA,NA,NA,NA,NA,NA,NA,NA,NA,NA,0,0,1,0,NA
4644,0.356850266,0.476404607,0.152166501,2011,state,urban/rural,sector_state,1,Telangana,NA,NA,NA,NA,NA,NA,NA,NA,NA,NA,NA,NA,0,1,0,0,NA
4645,0.24024342,0.583491206,0.09054824,2011,state,urban/rural,sector_state,1,Telangana,NA,NA,NA,NA,NA,NA,NA,NA,NA,NA,NA,NA,1,0,0,0,NA
4646,0,0,0,2011,state,urban/rural,sector_state,1,Telangana,NA,NA,NA,NA,NA,NA,NA,NA,NA,NA,NA,NA,NA,NA,NA,NA,NA
4647,0.438409567,0.522788405,0.012827275,2011,state,urban/rural,sector_state,1,Ladakh,NA,NA,NA,NA,NA,NA,NA,NA,NA,NA,NA,NA,0,0,0,1,NA
4648,0.232708901,0.62358439,0.143706724,2011,state,urban/rural,sector_state,1,Ladakh,NA,NA,NA,NA,NA,NA,NA,NA,NA,NA,NA,NA,0,0,1,0,NA
4649,0.187077045,0.706457019,0.106465921,2011,state,urban/rural,sector_state,1,Ladakh,NA,NA,NA,NA,NA,NA,NA,NA,NA,NA,NA,NA,0,1,0,0,NA
4650,0.407214344,0.155809045,0.357793391,2011,state,urban/rural,sector_state,1,Ladakh,NA,NA,NA,NA,NA,NA,NA,NA,NA,NA,NA,NA,1,0,0,0,NA
4651,0.288282096,0.440126657,0.193253994,2011,allindia,All,allindia,99,India,NA,NA,NA,NA,NA,NA,NA,NA,NA,NA,NA,NA,NA,NA,NA,NA,0
4652,0.527730048,0.142663598,0.289092422,2011,allindia,All,allindia,99,India,NA,NA,NA,NA,NA,NA,NA,NA,NA,NA,NA,NA,NA,NA,NA,NA,1
4653,0.218094945,0.561814427,0.170342863,2011,allindia,All,allindia,99,India,NA,NA,NA,NA,NA,NA,NA,NA,NA,NA,NA,NA,NA,NA,NA,NA,NA
4654,0.274299532,0.282948554,0.344376206,2011,allindia,urban/rural,sect_allindia,0,India,NA,NA,NA,NA,NA,NA,NA,NA,NA,NA,NA,NA,NA,NA,NA,NA,0
4655,0.551888347,0.0774552,0.336835325,2011,allindia,urban/rural,sect_allindia,0,India,NA,NA,NA,NA,NA,NA,NA,NA,NA,NA,NA,NA,NA,NA,NA,NA,1
4656,0.822928727,0,0,2011,allindia,urban/rural,sect_allindia,0,India,NA,NA,NA,NA,NA,NA,NA,NA,NA,NA,NA,NA,NA,NA,NA,NA,NA
4657,0.292967856,0.492799103,0.142610937,2011,allindia,urban/rural,sect_allindia,1,India,NA,NA,NA,NA,NA,NA,NA,NA,NA,NA,NA,NA,NA,NA,NA,NA,0
4658,0.449177563,0.354693115,0.133853123,2011,allindia,urban/rural,sect_allindia,1,India,NA,NA,NA,NA,NA,NA,NA,NA,NA,NA,NA,NA,NA,NA,NA,NA,1
4659,0.080674455,0.689460814,0.209045395,2011,allindia,urban/rural,sect_allindia,1,India,NA,NA,NA,NA,NA,NA,NA,NA,NA,NA,NA,NA,NA,NA,NA,NA,NA
4660,0.236933544,0.341444194,0.254542232,2011,state,All,state,99,Jammu & Kashmir,NA,NA,NA,NA,NA,NA,NA,NA,NA,NA,NA,NA,NA,NA,NA,NA,0
4661,0.48956576,0.244894505,0.224769935,2011,state,All,state,99,Jammu & Kashmir,NA,NA,NA,NA,NA,NA,NA,NA,NA,NA,NA,NA,NA,NA,NA,NA,1
4662,0.24817434,0.49320966,0.124909133,2011,state,All,state,99,Himachal Pradesh,NA,NA,NA,NA,NA,NA,NA,NA,NA,NA,NA,NA,NA,NA,NA,NA,0
4663,0.491406858,0.212751299,0.238848493,2011,state,All,state,99,Himachal Pradesh,NA,NA,NA,NA,NA,NA,NA,NA,NA,NA,NA,NA,NA,NA,NA,NA,1
4664,0.22555919,0.486498088,0.198863566,2011,state,All,state,99,Punjab,NA,NA,NA,NA,NA,NA,NA,NA,NA,NA,NA,NA,NA,NA,NA,NA,0
4665,0.477158159,0.218035519,0.253659159,2011,state,All,state,99,Punjab,NA,NA,NA,NA,NA,NA,NA,NA,NA,NA,NA,NA,NA,NA,NA,NA,1
4666,0.231652945,0.630660892,0.131627843,2011,state,All,state,99,Chandigarh,NA,NA,NA,NA,NA,NA,NA,NA,NA,NA,NA,NA,NA,NA,NA,NA,0
4667,0.317187369,0.62489742,0.001882487,2011,state,All,state,99,Chandigarh,NA,NA,NA,NA,NA,NA,NA,NA,NA,NA,NA,NA,NA,NA,NA,NA,1
4668,0.489054441,0.300964147,0.098252945,2011,state,All,state,99,Uttrakhand,NA,NA,NA,NA,NA,NA,NA,NA,NA,NA,NA,NA,NA,NA,NA,NA,0
4669,0.611468911,0.167950407,0.166388571,2011,state,All,state,99,Uttrakhand,NA,NA,NA,NA,NA,NA,NA,NA,NA,NA,NA,NA,NA,NA,NA,NA,1
4670,0.212640703,0.564487755,0.168945253,2011,state,All,state,99,Haryana,NA,NA,NA,NA,NA,NA,NA,NA,NA,NA,NA,NA,NA,NA,NA,NA,0
4671,0.522750258,0.18326278,0.238672525,2011,state,All,state,99,Haryana,NA,NA,NA,NA,NA,NA,NA,NA,NA,NA,NA,NA,NA,NA,NA,NA,1
4672,0.25668183,0.681794107,0.040008128,2011,state,All,state,99,Delhi,NA,NA,NA,NA,NA,NA,NA,NA,NA,NA,NA,NA,NA,NA,NA,NA,0
4673,0.492311984,0.440300792,0.034724224,2011,state,All,state,99,Delhi,NA,NA,NA,NA,NA,NA,NA,NA,NA,NA,NA,NA,NA,NA,NA,NA,1
4674,0.230456755,0.388523608,0.228268787,2011,state,All,state,99,Rajasthan,NA,NA,NA,NA,NA,NA,NA,NA,NA,NA,NA,NA,NA,NA,NA,NA,0
4675,0.591368735,0.12437775,0.247429058,2011,state,All,state,99,Rajasthan,NA,NA,NA,NA,NA,NA,NA,NA,NA,NA,NA,NA,NA,NA,NA,NA,1
4676,0.35417515,0.377844483,0.17914553,2011,state,All,state,99,Uttar Pradesh,NA,NA,NA,NA,NA,NA,NA,NA,NA,NA,NA,NA,NA,NA,NA,NA,0
4677,0.633142889,0.087530844,0.248237282,2011,state,All,state,99,Uttar Pradesh,NA,NA,NA,NA,NA,NA,NA,NA,NA,NA,NA,NA,NA,NA,NA,NA,1
4678,0.406787485,0.152535453,0.25437817,2011,state,All,state,99,Bihar,NA,NA,NA,NA,NA,NA,NA,NA,NA,NA,NA,NA,NA,NA,NA,NA,0
4679,0.541527271,0.058503196,0.317949146,2011,state,All,state,99,Bihar,NA,NA,NA,NA,NA,NA,NA,NA,NA,NA,NA,NA,NA,NA,NA,NA,1
4680,1,0,0,2011,state,All,state,99,Bihar,NA,NA,NA,NA,NA,NA,NA,NA,NA,NA,NA,NA,NA,NA,NA,NA,NA
4681,0.467333078,0.344236135,0.104088008,2011,state,All,state,99,Sikkim,NA,NA,NA,NA,NA,NA,NA,NA,NA,NA,NA,NA,NA,NA,NA,NA,0
4682,0.669502139,0.300400287,0.020979239,2011,state,All,state,99,Sikkim,NA,NA,NA,NA,NA,NA,NA,NA,NA,NA,NA,NA,NA,NA,NA,NA,1
4683,0.424437612,0.440829694,0.09210629,2011,state,All,state,99,Arunachal Pradesh,NA,NA,NA,NA,NA,NA,NA,NA,NA,NA,NA,NA,NA,NA,NA,NA,0
4684,0.756059706,0.185431525,0.012404114,2011,state,All,state,99,Arunachal Pradesh,NA,NA,NA,NA,NA,NA,NA,NA,NA,NA,NA,NA,NA,NA,NA,NA,1
4685,0.012493456,0.179176778,0,2011,state,All,state,99,Arunachal Pradesh,NA,NA,NA,NA,NA,NA,NA,NA,NA,NA,NA,NA,NA,NA,NA,NA,NA
4686,0.516260564,0.377999723,0.085635208,2011,state,All,state,99,Nagaland,NA,NA,NA,NA,NA,NA,NA,NA,NA,NA,NA,NA,NA,NA,NA,NA,0
4687,0.601028383,0.324029326,0.005193273,2011,state,All,state,99,Nagaland,NA,NA,NA,NA,NA,NA,NA,NA,NA,NA,NA,NA,NA,NA,NA,NA,1
4688,0.530629396,0.194815189,0.037135813,2011,state,All,state,99,Manipur,NA,NA,NA,NA,NA,NA,NA,NA,NA,NA,NA,NA,NA,NA,NA,NA,0
4689,0.695715547,0.211741269,0.03950011,2011,state,All,state,99,Manipur,NA,NA,NA,NA,NA,NA,NA,NA,NA,NA,NA,NA,NA,NA,NA,NA,1
4690,0.318975538,0.541211426,0.119128346,2011,state,All,state,99,Mizoram,NA,NA,NA,NA,NA,NA,NA,NA,NA,NA,NA,NA,NA,NA,NA,NA,0
4691,0.610568285,0.316430211,0.037744448,2011,state,All,state,99,Mizoram,NA,NA,NA,NA,NA,NA,NA,NA,NA,NA,NA,NA,NA,NA,NA,NA,1
4692,0.203295872,0.40696919,0.227869898,2011,state,All,state,99,Tripura,NA,NA,NA,NA,NA,NA,NA,NA,NA,NA,NA,NA,NA,NA,NA,NA,0
4693,0.403379619,0.115567766,0.43707177,2011,state,All,state,99,Tripura,NA,NA,NA,NA,NA,NA,NA,NA,NA,NA,NA,NA,NA,NA,NA,NA,1
4694,0,0,0,2011,state,All,state,99,Tripura,NA,NA,NA,NA,NA,NA,NA,NA,NA,NA,NA,NA,NA,NA,NA,NA,NA
4695,0.316687942,0.476748019,0.09687572,2011,state,All,state,99,Meghalaya,NA,NA,NA,NA,NA,NA,NA,NA,NA,NA,NA,NA,NA,NA,NA,NA,0
4696,0.641147912,0.216528729,0.117783315,2011,state,All,state,99,Meghalaya,NA,NA,NA,NA,NA,NA,NA,NA,NA,NA,NA,NA,NA,NA,NA,NA,1
4697,0.185919687,0.563631475,0.219456583,2011,state,All,state,99,Assam,NA,NA,NA,NA,NA,NA,NA,NA,NA,NA,NA,NA,NA,NA,NA,NA,0
4698,0.723383486,0.108052954,0.130138487,2011,state,All,state,99,Assam,NA,NA,NA,NA,NA,NA,NA,NA,NA,NA,NA,NA,NA,NA,NA,NA,1
4699,0.331213415,0.30147478,0.301103055,2011,state,All,state,99,West Bengal,NA,NA,NA,NA,NA,NA,NA,NA,NA,NA,NA,NA,NA,NA,NA,NA,0
4700,0.455021232,0.13356629,0.365010321,2011,state,All,state,99,West Bengal,NA,NA,NA,NA,NA,NA,NA,NA,NA,NA,NA,NA,NA,NA,NA,NA,1
4701,0.068550713,0.931449294,0,2011,state,All,state,99,West Bengal,NA,NA,NA,NA,NA,NA,NA,NA,NA,NA,NA,NA,NA,NA,NA,NA,NA
4702,0.247696906,0.341297179,0.2645666,2011,state,All,state,99,Jharkhand,NA,NA,NA,NA,NA,NA,NA,NA,NA,NA,NA,NA,NA,NA,NA,NA,0
4703,0.562811613,0.110243231,0.259715468,2011,state,All,state,99,Jharkhand,NA,NA,NA,NA,NA,NA,NA,NA,NA,NA,NA,NA,NA,NA,NA,NA,1
4704,0.362402081,0.337505788,0.207387328,2011,state,All,state,99,Odisha,NA,NA,NA,NA,NA,NA,NA,NA,NA,NA,NA,NA,NA,NA,NA,NA,0
4705,0.55422014,0.095065735,0.316949904,2011,state,All,state,99,Odisha,NA,NA,NA,NA,NA,NA,NA,NA,NA,NA,NA,NA,NA,NA,NA,NA,1
4706,0.20453991,0.381692588,0.313249588,2011,state,All,state,99,Chhattisgarh,NA,NA,NA,NA,NA,NA,NA,NA,NA,NA,NA,NA,NA,NA,NA,NA,0
4707,0.547512293,0.110779539,0.325534046,2011,state,All,state,99,Chhattisgarh,NA,NA,NA,NA,NA,NA,NA,NA,NA,NA,NA,NA,NA,NA,NA,NA,1
4708,0.237636089,0.433600545,0.247562855,2011,state,All,state,99,Madhya Pradesh,NA,NA,NA,NA,NA,NA,NA,NA,NA,NA,NA,NA,NA,NA,NA,NA,0
4709,0.553036988,0.122251168,0.310968816,2011,state,All,state,99,Madhya Pradesh,NA,NA,NA,NA,NA,NA,NA,NA,NA,NA,NA,NA,NA,NA,NA,NA,1
4710,0.470895171,0,0.529104829,2011,state,All,state,99,Madhya Pradesh,NA,NA,NA,NA,NA,NA,NA,NA,NA,NA,NA,NA,NA,NA,NA,NA,NA
4711,0.306758136,0.592017591,0.073282667,2011,state,All,state,99,Gujarat,NA,NA,NA,NA,NA,NA,NA,NA,NA,NA,NA,NA,NA,NA,NA,NA,0
4712,0.540404439,0.191898599,0.247772068,2011,state,All,state,99,Gujarat,NA,NA,NA,NA,NA,NA,NA,NA,NA,NA,NA,NA,NA,NA,NA,NA,1
4713,0.143452033,0.729519069,0.075475596,2011,state,All,state,99,Daman & Diu & D & N Haveli,NA,NA,NA,NA,NA,NA,NA,NA,NA,NA,NA,NA,NA,NA,NA,NA,0
4714,0.431145877,0.450639516,0.108147509,2011,state,All,state,99,Daman & Diu & D & N Haveli,NA,NA,NA,NA,NA,NA,NA,NA,NA,NA,NA,NA,NA,NA,NA,NA,1
4715,0.262405097,0.507016122,0.151174739,2011,state,All,state,99,Maharashtra,NA,NA,NA,NA,NA,NA,NA,NA,NA,NA,NA,NA,NA,NA,NA,NA,0
4716,0.47408545,0.242165834,0.257385731,2011,state,All,state,99,Maharashtra,NA,NA,NA,NA,NA,NA,NA,NA,NA,NA,NA,NA,NA,NA,NA,NA,1
4717,0.297145545,0.359684378,0.228722304,2011,state,All,state,99,Andhra Pradesh,NA,NA,NA,NA,NA,NA,NA,NA,NA,NA,NA,NA,NA,NA,NA,NA,0
4718,0.424032062,0.126260728,0.413768202,2011,state,All,state,99,Andhra Pradesh,NA,NA,NA,NA,NA,NA,NA,NA,NA,NA,NA,NA,NA,NA,NA,NA,1
4719,0.306511968,0.425622791,0.208851561,2011,state,All,state,99,Karnataka,NA,NA,NA,NA,NA,NA,NA,NA,NA,NA,NA,NA,NA,NA,NA,NA,0
4720,0.541614711,0.138155401,0.303071499,2011,state,All,state,99,Karnataka,NA,NA,NA,NA,NA,NA,NA,NA,NA,NA,NA,NA,NA,NA,NA,NA,1
4721,0.445474267,0.434307039,0.100153953,2011,state,All,state,99,Goa,NA,NA,NA,NA,NA,NA,NA,NA,NA,NA,NA,NA,NA,NA,NA,NA,0
4722,0.438953876,0.380700737,0.096994765,2011,state,All,state,99,Goa,NA,NA,NA,NA,NA,NA,NA,NA,NA,NA,NA,NA,NA,NA,NA,NA,1
4723,0.041379556,0.680017412,0.049277265,2011,state,All,state,99,Lakshadweep,NA,NA,NA,NA,NA,NA,NA,NA,NA,NA,NA,NA,NA,NA,NA,NA,0
4724,0.234565198,0.433913976,0.186668351,2011,state,All,state,99,Lakshadweep,NA,NA,NA,NA,NA,NA,NA,NA,NA,NA,NA,NA,NA,NA,NA,NA,1
4725,0.227748871,0.234134302,0.365358889,2011,state,All,state,99,Kerala,NA,NA,NA,NA,NA,NA,NA,NA,NA,NA,NA,NA,NA,NA,NA,NA,0
4726,0.330294579,0.186904415,0.367423534,2011,state,All,state,99,Kerala,NA,NA,NA,NA,NA,NA,NA,NA,NA,NA,NA,NA,NA,NA,NA,NA,1
4727,0.280088186,0.442537099,0.209279999,2011,state,All,state,99,Tamil Nadu,NA,NA,NA,NA,NA,NA,NA,NA,NA,NA,NA,NA,NA,NA,NA,NA,0
4728,0.305620134,0.194372222,0.454246759,2011,state,All,state,99,Tamil Nadu,NA,NA,NA,NA,NA,NA,NA,NA,NA,NA,NA,NA,NA,NA,NA,NA,1
4729,0.315051317,0.425829768,0.17317158,2011,state,All,state,99,Puducherry,NA,NA,NA,NA,NA,NA,NA,NA,NA,NA,NA,NA,NA,NA,NA,NA,0
4730,0.237936124,0.360629529,0.323493481,2011,state,All,state,99,Puducherry,NA,NA,NA,NA,NA,NA,NA,NA,NA,NA,NA,NA,NA,NA,NA,NA,1
4731,0.286782444,0.523031831,0.163641527,2011,state,All,state,99,A & N Island,NA,NA,NA,NA,NA,NA,NA,NA,NA,NA,NA,NA,NA,NA,NA,NA,0
4732,0.394751906,0.476340026,0.097493477,2011,state,All,state,99,A & N Island,NA,NA,NA,NA,NA,NA,NA,NA,NA,NA,NA,NA,NA,NA,NA,NA,1
4733,0.279168099,0.499769002,0.157798186,2011,state,All,state,99,Telangana,NA,NA,NA,NA,NA,NA,NA,NA,NA,NA,NA,NA,NA,NA,NA,NA,0
4734,0.508485317,0.192853257,0.268454909,2011,state,All,state,99,Telangana,NA,NA,NA,NA,NA,NA,NA,NA,NA,NA,NA,NA,NA,NA,NA,NA,1
4735,0.412777603,0.396268696,0.188451186,2011,state,All,state,99,Ladakh,NA,NA,NA,NA,NA,NA,NA,NA,NA,NA,NA,NA,NA,NA,NA,NA,0
4736,0.393363506,0.294431835,0.244946614,2011,state,All,state,99,Ladakh,NA,NA,NA,NA,NA,NA,NA,NA,NA,NA,NA,NA,NA,NA,NA,NA,1
4737,0,1,0,2011,state,All,state,99,Ladakh,NA,NA,NA,NA,NA,NA,NA,NA,NA,NA,NA,NA,NA,NA,NA,NA,NA
4738,0.223893121,0.265575737,0.328565717,2011,state,urban/rural,sector_state,0,Jammu & Kashmir,NA,NA,NA,NA,NA,NA,NA,NA,NA,NA,NA,NA,NA,NA,NA,NA,0
4739,0.503978312,0.206808433,0.251604766,2011,state,urban/rural,sector_state,0,Jammu & Kashmir,NA,NA,NA,NA,NA,NA,NA,NA,NA,NA,NA,NA,NA,NA,NA,NA,1
4740,0.333420426,0.406830966,0.142520502,2011,state,urban/rural,sector_state,0,Himachal Pradesh,NA,NA,NA,NA,NA,NA,NA,NA,NA,NA,NA,NA,NA,NA,NA,NA,0
4741,0.505893111,0.194400281,0.249163195,2011,state,urban/rural,sector_state,0,Himachal Pradesh,NA,NA,NA,NA,NA,NA,NA,NA,NA,NA,NA,NA,NA,NA,NA,NA,1
4742,0.190597713,0.25203976,0.387038946,2011,state,urban/rural,sector_state,0,Punjab,NA,NA,NA,NA,NA,NA,NA,NA,NA,NA,NA,NA,NA,NA,NA,NA,0
4743,0.463803798,0.153614789,0.334406704,2011,state,urban/rural,sector_state,0,Punjab,NA,NA,NA,NA,NA,NA,NA,NA,NA,NA,NA,NA,NA,NA,NA,NA,1
4744,0.205653295,0.766242683,0.024520045,2011,state,urban/rural,sector_state,0,Chandigarh,NA,NA,NA,NA,NA,NA,NA,NA,NA,NA,NA,NA,NA,NA,NA,NA,0
4745,0.394675225,0.360308945,0.017375555,2011,state,urban/rural,sector_state,0,Chandigarh,NA,NA,NA,NA,NA,NA,NA,NA,NA,NA,NA,NA,NA,NA,NA,NA,1
4746,0.530899405,0.171008557,0.156205416,2011,state,urban/rural,sector_state,0,Uttrakhand,NA,NA,NA,NA,NA,NA,NA,NA,NA,NA,NA,NA,NA,NA,NA,NA,0
4747,0.642286718,0.117864288,0.191238165,2011,state,urban/rural,sector_state,0,Uttrakhand,NA,NA,NA,NA,NA,NA,NA,NA,NA,NA,NA,NA,NA,NA,NA,NA,1
4748,0.067516714,0.682721436,0.202494338,2011,state,urban/rural,sector_state,0,Haryana,NA,NA,NA,NA,NA,NA,NA,NA,NA,NA,NA,NA,NA,NA,NA,NA,0
4749,0.545071602,0.118368573,0.287483931,2011,state,urban/rural,sector_state,0,Haryana,NA,NA,NA,NA,NA,NA,NA,NA,NA,NA,NA,NA,NA,NA,NA,NA,1
4750,0.027410951,0.916318536,0.04040838,2011,state,urban/rural,sector_state,0,Delhi,NA,NA,NA,NA,NA,NA,NA,NA,NA,NA,NA,NA,NA,NA,NA,NA,0
4751,0.412205249,0.48858735,0.073052451,2011,state,urban/rural,sector_state,0,Delhi,NA,NA,NA,NA,NA,NA,NA,NA,NA,NA,NA,NA,NA,NA,NA,NA,1
4752,0.284254521,0.199498758,0.481232405,2011,state,urban/rural,sector_state,0,Rajasthan,NA,NA,NA,NA,NA,NA,NA,NA,NA,NA,NA,NA,NA,NA,NA,NA,0
4753,0.617221832,0.075230204,0.274656117,2011,state,urban/rural,sector_state,0,Rajasthan,NA,NA,NA,NA,NA,NA,NA,NA,NA,NA,NA,NA,NA,NA,NA,NA,1
4754,0.402935386,0.205682725,0.280165285,2011,state,urban/rural,sector_state,0,Uttar Pradesh,NA,NA,NA,NA,NA,NA,NA,NA,NA,NA,NA,NA,NA,NA,NA,NA,0
4755,0.651192546,0.048203651,0.274389565,2011,state,urban/rural,sector_state,0,Uttar Pradesh,NA,NA,NA,NA,NA,NA,NA,NA,NA,NA,NA,NA,NA,NA,NA,NA,1
4756,0.128502652,0.023846798,0.595797718,2011,state,urban/rural,sector_state,0,Bihar,NA,NA,NA,NA,NA,NA,NA,NA,NA,NA,NA,NA,NA,NA,NA,NA,0
4757,0.548041761,0.040231016,0.336438835,2011,state,urban/rural,sector_state,0,Bihar,NA,NA,NA,NA,NA,NA,NA,NA,NA,NA,NA,NA,NA,NA,NA,NA,1
4758,0.520803332,0.327674121,0.109346651,2011,state,urban/rural,sector_state,0,Sikkim,NA,NA,NA,NA,NA,NA,NA,NA,NA,NA,NA,NA,NA,NA,NA,NA,0
4759,0.737895429,0.234679878,0.024126729,2011,state,urban/rural,sector_state,0,Sikkim,NA,NA,NA,NA,NA,NA,NA,NA,NA,NA,NA,NA,NA,NA,NA,NA,1
4760,0.593676269,0.304329395,0.069683358,2011,state,urban/rural,sector_state,0,Arunachal Pradesh,NA,NA,NA,NA,NA,NA,NA,NA,NA,NA,NA,NA,NA,NA,NA,NA,0
4761,0.815576017,0.135819599,0.006527916,2011,state,urban/rural,sector_state,0,Arunachal Pradesh,NA,NA,NA,NA,NA,NA,NA,NA,NA,NA,NA,NA,NA,NA,NA,NA,1
4762,0.022482254,0,0,2011,state,urban/rural,sector_state,0,Arunachal Pradesh,NA,NA,NA,NA,NA,NA,NA,NA,NA,NA,NA,NA,NA,NA,NA,NA,NA
4763,0,1,0,2011,state,urban/rural,sector_state,0,Nagaland,NA,NA,NA,NA,NA,NA,NA,NA,NA,NA,NA,NA,NA,NA,NA,NA,0
4764,0.720247388,0.232649863,0.003004089,2011,state,urban/rural,sector_state,0,Nagaland,NA,NA,NA,NA,NA,NA,NA,NA,NA,NA,NA,NA,NA,NA,NA,NA,1
4765,0.077015273,0.138207346,0,2011,state,urban/rural,sector_state,0,Manipur,NA,NA,NA,NA,NA,NA,NA,NA,NA,NA,NA,NA,NA,NA,NA,NA,0
4766,0.754328668,0.18201378,0.042190526,2011,state,urban/rural,sector_state,0,Manipur,NA,NA,NA,NA,NA,NA,NA,NA,NA,NA,NA,NA,NA,NA,NA,NA,1
4767,0.467740983,0.483484149,0.048774853,2011,state,urban/rural,sector_state,0,Mizoram,NA,NA,NA,NA,NA,NA,NA,NA,NA,NA,NA,NA,NA,NA,NA,NA,0
4768,0.803613722,0.171540871,0.010657863,2011,state,urban/rural,sector_state,0,Mizoram,NA,NA,NA,NA,NA,NA,NA,NA,NA,NA,NA,NA,NA,NA,NA,NA,1
4769,0.137472644,0.278793782,0.445564389,2011,state,urban/rural,sector_state,0,Tripura,NA,NA,NA,NA,NA,NA,NA,NA,NA,NA,NA,NA,NA,NA,NA,NA,0
4770,0.392454773,0.090278268,0.480752498,2011,state,urban/rural,sector_state,0,Tripura,NA,NA,NA,NA,NA,NA,NA,NA,NA,NA,NA,NA,NA,NA,NA,NA,1
4771,0.666871965,0.012772932,0.086605638,2011,state,urban/rural,sector_state,0,Meghalaya,NA,NA,NA,NA,NA,NA,NA,NA,NA,NA,NA,NA,NA,NA,NA,NA,0
4772,0.693353534,0.160635561,0.129802033,2011,state,urban/rural,sector_state,0,Meghalaya,NA,NA,NA,NA,NA,NA,NA,NA,NA,NA,NA,NA,NA,NA,NA,NA,1
4773,0.086463101,0.626769781,0.262079805,2011,state,urban/rural,sector_state,0,Assam,NA,NA,NA,NA,NA,NA,NA,NA,NA,NA,NA,NA,NA,NA,NA,NA,0
4774,0.751179636,0.08012145,0.138748065,2011,state,urban/rural,sector_state,0,Assam,NA,NA,NA,NA,NA,NA,NA,NA,NA,NA,NA,NA,NA,NA,NA,NA,1
4775,0.361500114,0.076241203,0.49225983,2011,state,urban/rural,sector_state,0,West Bengal,NA,NA,NA,NA,NA,NA,NA,NA,NA,NA,NA,NA,NA,NA,NA,NA,0
4776,0.45166567,0.076904483,0.438426644,2011,state,urban/rural,sector_state,0,West Bengal,NA,NA,NA,NA,NA,NA,NA,NA,NA,NA,NA,NA,NA,NA,NA,NA,1
4777,0.491004467,0.170656726,0.194403559,2011,state,urban/rural,sector_state,0,Jharkhand,NA,NA,NA,NA,NA,NA,NA,NA,NA,NA,NA,NA,NA,NA,NA,NA,0
4778,0.606164992,0.047451235,0.28671056,2011,state,urban/rural,sector_state,0,Jharkhand,NA,NA,NA,NA,NA,NA,NA,NA,NA,NA,NA,NA,NA,NA,NA,NA,1
4779,0.282288849,0.166539699,0.445436984,2011,state,urban/rural,sector_state,0,Odisha,NA,NA,NA,NA,NA,NA,NA,NA,NA,NA,NA,NA,NA,NA,NA,NA,0
4780,0.562638581,0.068225004,0.339065701,2011,state,urban/rural,sector_state,0,Odisha,NA,NA,NA,NA,NA,NA,NA,NA,NA,NA,NA,NA,NA,NA,NA,NA,1
4781,0.240297377,0.232617959,0.444062501,2011,state,urban/rural,sector_state,0,Chhattisgarh,NA,NA,NA,NA,NA,NA,NA,NA,NA,NA,NA,NA,NA,NA,NA,NA,0
4782,0.602017939,0.057889283,0.331875503,2011,state,urban/rural,sector_state,0,Chhattisgarh,NA,NA,NA,NA,NA,NA,NA,NA,NA,NA,NA,NA,NA,NA,NA,NA,1
4783,0.16899322,0.23809056,0.468299896,2011,state,urban/rural,sector_state,0,Madhya Pradesh,NA,NA,NA,NA,NA,NA,NA,NA,NA,NA,NA,NA,NA,NA,NA,NA,0
4784,0.572712302,0.061937243,0.35737744,2011,state,urban/rural,sector_state,0,Madhya Pradesh,NA,NA,NA,NA,NA,NA,NA,NA,NA,NA,NA,NA,NA,NA,NA,NA,1
4785,1,0,0,2011,state,urban/rural,sector_state,0,Madhya Pradesh,NA,NA,NA,NA,NA,NA,NA,NA,NA,NA,NA,NA,NA,NA,NA,NA,NA
4786,0.286722332,0.33718124,0.290994048,2011,state,urban/rural,sector_state,0,Gujarat,NA,NA,NA,NA,NA,NA,NA,NA,NA,NA,NA,NA,NA,NA,NA,NA,0
4787,0.57745111,0.08140666,0.330261737,2011,state,urban/rural,sector_state,0,Gujarat,NA,NA,NA,NA,NA,NA,NA,NA,NA,NA,NA,NA,NA,NA,NA,NA,1
4788,0.224520102,0.568609715,0.074513808,2011,state,urban/rural,sector_state,0,Daman & Diu & D & N Haveli,NA,NA,NA,NA,NA,NA,NA,NA,NA,NA,NA,NA,NA,NA,NA,NA,0
4789,0.426297635,0.402251989,0.157450244,2011,state,urban/rural,sector_state,0,Daman & Diu & D & N Haveli,NA,NA,NA,NA,NA,NA,NA,NA,NA,NA,NA,NA,NA,NA,NA,NA,1
4790,0.120658197,0.302957714,0.423076957,2011,state,urban/rural,sector_state,0,Maharashtra,NA,NA,NA,NA,NA,NA,NA,NA,NA,NA,NA,NA,NA,NA,NA,NA,0
4791,0.525119007,0.105159752,0.356935561,2011,state,urban/rural,sector_state,0,Maharashtra,NA,NA,NA,NA,NA,NA,NA,NA,NA,NA,NA,NA,NA,NA,NA,NA,1
4792,0.32493636,0.295945942,0.279986441,2011,state,urban/rural,sector_state,0,Andhra Pradesh,NA,NA,NA,NA,NA,NA,NA,NA,NA,NA,NA,NA,NA,NA,NA,NA,0
4793,0.432023406,0.075201459,0.465997458,2011,state,urban/rural,sector_state,0,Andhra Pradesh,NA,NA,NA,NA,NA,NA,NA,NA,NA,NA,NA,NA,NA,NA,NA,NA,1
4794,0.222050875,0.314830601,0.397098362,2011,state,urban/rural,sector_state,0,Karnataka,NA,NA,NA,NA,NA,NA,NA,NA,NA,NA,NA,NA,NA,NA,NA,NA,0
4795,0.564789891,0.069806263,0.353708178,2011,state,urban/rural,sector_state,0,Karnataka,NA,NA,NA,NA,NA,NA,NA,NA,NA,NA,NA,NA,NA,NA,NA,NA,1
4796,0.734751165,0.194446877,0.066624977,2011,state,urban/rural,sector_state,0,Goa,NA,NA,NA,NA,NA,NA,NA,NA,NA,NA,NA,NA,NA,NA,NA,NA,0
4797,0.441836178,0.334407866,0.161804572,2011,state,urban/rural,sector_state,0,Goa,NA,NA,NA,NA,NA,NA,NA,NA,NA,NA,NA,NA,NA,NA,NA,NA,1
4798,0,0.570741594,0,2011,state,urban/rural,sector_state,0,Lakshadweep,NA,NA,NA,NA,NA,NA,NA,NA,NA,NA,NA,NA,NA,NA,NA,NA,0
4799,0.261177868,0.379200041,0.246295944,2011,state,urban/rural,sector_state,0,Lakshadweep,NA,NA,NA,NA,NA,NA,NA,NA,NA,NA,NA,NA,NA,NA,NA,NA,1
4800,0.212950259,0.141792655,0.453478485,2011,state,urban/rural,sector_state,0,Kerala,NA,NA,NA,NA,NA,NA,NA,NA,NA,NA,NA,NA,NA,NA,NA,NA,0
4801,0.335949153,0.15554902,0.399944782,2011,state,urban/rural,sector_state,0,Kerala,NA,NA,NA,NA,NA,NA,NA,NA,NA,NA,NA,NA,NA,NA,NA,NA,1
4802,0.312495112,0.292699307,0.326711953,2011,state,urban/rural,sector_state,0,Tamil Nadu,NA,NA,NA,NA,NA,NA,NA,NA,NA,NA,NA,NA,NA,NA,NA,NA,0
4803,0.287434459,0.113240264,0.566663384,2011,state,urban/rural,sector_state,0,Tamil Nadu,NA,NA,NA,NA,NA,NA,NA,NA,NA,NA,NA,NA,NA,NA,NA,NA,1
4804,0.483769834,0.29138726,0.224842921,2011,state,urban/rural,sector_state,0,Puducherry,NA,NA,NA,NA,NA,NA,NA,NA,NA,NA,NA,NA,NA,NA,NA,NA,0
4805,0.269876957,0.191368863,0.457393557,2011,state,urban/rural,sector_state,0,Puducherry,NA,NA,NA,NA,NA,NA,NA,NA,NA,NA,NA,NA,NA,NA,NA,NA,1
4806,0.372724324,0.439158469,0.184104711,2011,state,urban/rural,sector_state,0,A & N Island,NA,NA,NA,NA,NA,NA,NA,NA,NA,NA,NA,NA,NA,NA,NA,NA,0
4807,0.49929592,0.392864257,0.089264274,2011,state,urban/rural,sector_state,0,A & N Island,NA,NA,NA,NA,NA,NA,NA,NA,NA,NA,NA,NA,NA,NA,NA,NA,1
4808,0.227702841,0.461902529,0.160431013,2011,state,urban/rural,sector_state,0,Telangana,NA,NA,NA,NA,NA,NA,NA,NA,NA,NA,NA,NA,NA,NA,NA,NA,0
4809,0.550506771,0.078407824,0.350960642,2011,state,urban/rural,sector_state,0,Telangana,NA,NA,NA,NA,NA,NA,NA,NA,NA,NA,NA,NA,NA,NA,NA,NA,1
4810,0.794185877,0,0.205814153,2011,state,urban/rural,sector_state,0,Ladakh,NA,NA,NA,NA,NA,NA,NA,NA,NA,NA,NA,NA,NA,NA,NA,NA,0
4811,0.412456721,0.245792374,0.265314162,2011,state,urban/rural,sector_state,0,Ladakh,NA,NA,NA,NA,NA,NA,NA,NA,NA,NA,NA,NA,NA,NA,NA,NA,1
4812,0.25288707,0.434260815,0.163982704,2011,state,urban/rural,sector_state,1,Jammu & Kashmir,NA,NA,NA,NA,NA,NA,NA,NA,NA,NA,NA,NA,NA,NA,NA,NA,0
4813,0.438280731,0.380418092,0.129282236,2011,state,urban/rural,sector_state,1,Jammu & Kashmir,NA,NA,NA,NA,NA,NA,NA,NA,NA,NA,NA,NA,NA,NA,NA,NA,1
4814,0.088092551,0.655418336,0.091837116,2011,state,urban/rural,sector_state,1,Himachal Pradesh,NA,NA,NA,NA,NA,NA,NA,NA,NA,NA,NA,NA,NA,NA,NA,NA,0
4815,0.322464406,0.426765472,0.118555747,2011,state,urban/rural,sector_state,1,Himachal Pradesh,NA,NA,NA,NA,NA,NA,NA,NA,NA,NA,NA,NA,NA,NA,NA,NA,1
4816,0.237319246,0.565363228,0.135566726,2011,state,urban/rural,sector_state,1,Punjab,NA,NA,NA,NA,NA,NA,NA,NA,NA,NA,NA,NA,NA,NA,NA,NA,0
4817,0.503972709,0.347387105,0.091524631,2011,state,urban/rural,sector_state,1,Punjab,NA,NA,NA,NA,NA,NA,NA,NA,NA,NA,NA,NA,NA,NA,NA,NA,1
4818,0.233339086,0.621868014,0.138574079,2011,state,urban/rural,sector_state,1,Chandigarh,NA,NA,NA,NA,NA,NA,NA,NA,NA,NA,NA,NA,NA,NA,NA,NA,0
4819,0.307772219,0.657046258,0,2011,state,urban/rural,sector_state,1,Chandigarh,NA,NA,NA,NA,NA,NA,NA,NA,NA,NA,NA,NA,NA,NA,NA,NA,1
4820,0.451084852,0.418884218,0.045667615,2011,state,urban/rural,sector_state,1,Uttrakhand,NA,NA,NA,NA,NA,NA,NA,NA,NA,NA,NA,NA,NA,NA,NA,NA,0
4821,0.510850966,0.33147797,0.085256428,2011,state,urban/rural,sector_state,1,Uttrakhand,NA,NA,NA,NA,NA,NA,NA,NA,NA,NA,NA,NA,NA,NA,NA,NA,1
4822,0.258437514,0.527176738,0.158358157,2011,state,urban/rural,sector_state,1,Haryana,NA,NA,NA,NA,NA,NA,NA,NA,NA,NA,NA,NA,NA,NA,NA,NA,0
4823,0.45905152,0.368452519,0.099378563,2011,state,urban/rural,sector_state,1,Haryana,NA,NA,NA,NA,NA,NA,NA,NA,NA,NA,NA,NA,NA,NA,NA,NA,1
4824,0.266893804,0.671348155,0.039990302,2011,state,urban/rural,sector_state,1,Delhi,NA,NA,NA,NA,NA,NA,NA,NA,NA,NA,NA,NA,NA,NA,NA,NA,0
4825,0.501445413,0.43479538,0.03035422,2011,state,urban/rural,sector_state,1,Delhi,NA,NA,NA,NA,NA,NA,NA,NA,NA,NA,NA,NA,NA,NA,NA,NA,1
4826,0.215232685,0.442015201,0.1566834,2011,state,urban/rural,sector_state,1,Rajasthan,NA,NA,NA,NA,NA,NA,NA,NA,NA,NA,NA,NA,NA,NA,NA,NA,0
4827,0.492245525,0.312814474,0.143037662,2011,state,urban/rural,sector_state,1,Rajasthan,NA,NA,NA,NA,NA,NA,NA,NA,NA,NA,NA,NA,NA,NA,NA,NA,1
4828,0.335327864,0.444390178,0.140098348,2011,state,urban/rural,sector_state,1,Uttar Pradesh,NA,NA,NA,NA,NA,NA,NA,NA,NA,NA,NA,NA,NA,NA,NA,NA,0
4829,0.55686003,0.253738374,0.137710512,2011,state,urban/rural,sector_state,1,Uttar Pradesh,NA,NA,NA,NA,NA,NA,NA,NA,NA,NA,NA,NA,NA,NA,NA,NA,1
4830,0.508001924,0.199340552,0.130201146,2011,state,urban/rural,sector_state,1,Bihar,NA,NA,NA,NA,NA,NA,NA,NA,NA,NA,NA,NA,NA,NA,NA,NA,0
4831,0.474412948,0.246750221,0.127461389,2011,state,urban/rural,sector_state,1,Bihar,NA,NA,NA,NA,NA,NA,NA,NA,NA,NA,NA,NA,NA,NA,NA,NA,1
4832,1,0,0,2011,state,urban/rural,sector_state,1,Bihar,NA,NA,NA,NA,NA,NA,NA,NA,NA,NA,NA,NA,NA,NA,NA,NA,NA
4833,0.401573956,0.364604563,0.097620785,2011,state,urban/rural,sector_state,1,Sikkim,NA,NA,NA,NA,NA,NA,NA,NA,NA,NA,NA,NA,NA,NA,NA,NA,0
4834,0.213634536,0.738452256,0,2011,state,urban/rural,sector_state,1,Sikkim,NA,NA,NA,NA,NA,NA,NA,NA,NA,NA,NA,NA,NA,NA,NA,NA,1
4835,0.194183752,0.626542151,0.122613318,2011,state,urban/rural,sector_state,1,Arunachal Pradesh,NA,NA,NA,NA,NA,NA,NA,NA,NA,NA,NA,NA,NA,NA,NA,NA,0
4836,0.278209895,0.583760142,0.059583455,2011,state,urban/rural,sector_state,1,Arunachal Pradesh,NA,NA,NA,NA,NA,NA,NA,NA,NA,NA,NA,NA,NA,NA,NA,NA,1
4837,0,0.40328154,0,2011,state,urban/rural,sector_state,1,Arunachal Pradesh,NA,NA,NA,NA,NA,NA,NA,NA,NA,NA,NA,NA,NA,NA,NA,NA,NA
4838,0.538953602,0.350658745,0.089399442,2011,state,urban/rural,sector_state,1,Nagaland,NA,NA,NA,NA,NA,NA,NA,NA,NA,NA,NA,NA,NA,NA,NA,NA,0
4839,0.383940428,0.490423828,0.009179598,2011,state,urban/rural,sector_state,1,Nagaland,NA,NA,NA,NA,NA,NA,NA,NA,NA,NA,NA,NA,NA,NA,NA,NA,1
4840,0.650912941,0.209825724,0.046983007,2011,state,urban/rural,sector_state,1,Manipur,NA,NA,NA,NA,NA,NA,NA,NA,NA,NA,NA,NA,NA,NA,NA,NA,0
4841,0.533594966,0.293965787,0.032058585,2011,state,urban/rural,sector_state,1,Manipur,NA,NA,NA,NA,NA,NA,NA,NA,NA,NA,NA,NA,NA,NA,NA,NA,1
4842,0.302469879,0.547616363,0.126934141,2011,state,urban/rural,sector_state,1,Mizoram,NA,NA,NA,NA,NA,NA,NA,NA,NA,NA,NA,NA,NA,NA,NA,NA,0
4843,0.345689803,0.515233457,0.07491006,2011,state,urban/rural,sector_state,1,Mizoram,NA,NA,NA,NA,NA,NA,NA,NA,NA,NA,NA,NA,NA,NA,NA,NA,1
4844,0.237506524,0.47358647,0.114726372,2011,state,urban/rural,sector_state,1,Tripura,NA,NA,NA,NA,NA,NA,NA,NA,NA,NA,NA,NA,NA,NA,NA,NA,0
4845,0.475822836,0.283263862,0.147422343,2011,state,urban/rural,sector_state,1,Tripura,NA,NA,NA,NA,NA,NA,NA,NA,NA,NA,NA,NA,NA,NA,NA,NA,1
4846,0,0,0,2011,state,urban/rural,sector_state,1,Tripura,NA,NA,NA,NA,NA,NA,NA,NA,NA,NA,NA,NA,NA,NA,NA,NA,NA
4847,0.233739227,0.58665067,0.099308416,2011,state,urban/rural,sector_state,1,Meghalaya,NA,NA,NA,NA,NA,NA,NA,NA,NA,NA,NA,NA,NA,NA,NA,NA,0
4848,0.36386317,0.51339972,0.053947102,2011,state,urban/rural,sector_state,1,Meghalaya,NA,NA,NA,NA,NA,NA,NA,NA,NA,NA,NA,NA,NA,NA,NA,NA,1
4849,0.446640462,0.398117423,0.107721761,2011,state,urban/rural,sector_state,1,Assam,NA,NA,NA,NA,NA,NA,NA,NA,NA,NA,NA,NA,NA,NA,NA,NA,0
4850,0.45376426,0.378985167,0.046626709,2011,state,urban/rural,sector_state,1,Assam,NA,NA,NA,NA,NA,NA,NA,NA,NA,NA,NA,NA,NA,NA,NA,NA,1
4851,0.312666237,0.439404935,0.184041128,2011,state,urban/rural,sector_state,1,West Bengal,NA,NA,NA,NA,NA,NA,NA,NA,NA,NA,NA,NA,NA,NA,NA,NA,0
4852,0.466141969,0.321351022,0.121698849,2011,state,urban/rural,sector_state,1,West Bengal,NA,NA,NA,NA,NA,NA,NA,NA,NA,NA,NA,NA,NA,NA,NA,NA,1
4853,0.068550713,0.931449294,0,2011,state,urban/rural,sector_state,1,West Bengal,NA,NA,NA,NA,NA,NA,NA,NA,NA,NA,NA,NA,NA,NA,NA,NA,NA
4854,0.178799629,0.389617354,0.284434646,2011,state,urban/rural,sector_state,1,Jharkhand,NA,NA,NA,NA,NA,NA,NA,NA,NA,NA,NA,NA,NA,NA,NA,NA,0
4855,0.36793974,0.392491341,0.138373286,2011,state,urban/rural,sector_state,1,Jharkhand,NA,NA,NA,NA,NA,NA,NA,NA,NA,NA,NA,NA,NA,NA,NA,NA,1
4856,0.400353402,0.418496013,0.094618239,2011,state,urban/rural,sector_state,1,Odisha,NA,NA,NA,NA,NA,NA,NA,NA,NA,NA,NA,NA,NA,NA,NA,NA,0
4857,0.485803246,0.313201785,0.137213618,2011,state,urban/rural,sector_state,1,Odisha,NA,NA,NA,NA,NA,NA,NA,NA,NA,NA,NA,NA,NA,NA,NA,NA,1
4858,0.185642019,0.460478812,0.244114712,2011,state,urban/rural,sector_state,1,Chhattisgarh,NA,NA,NA,NA,NA,NA,NA,NA,NA,NA,NA,NA,NA,NA,NA,NA,0
4859,0.333325803,0.318618298,0.300614476,2011,state,urban/rural,sector_state,1,Chhattisgarh,NA,NA,NA,NA,NA,NA,NA,NA,NA,NA,NA,NA,NA,NA,NA,NA,1
4860,0.250893474,0.471360505,0.204930633,2011,state,urban/rural,sector_state,1,Madhya Pradesh,NA,NA,NA,NA,NA,NA,NA,NA,NA,NA,NA,NA,NA,NA,NA,NA,0
4861,0.483443409,0.335587502,0.146816969,2011,state,urban/rural,sector_state,1,Madhya Pradesh,NA,NA,NA,NA,NA,NA,NA,NA,NA,NA,NA,NA,NA,NA,NA,NA,1
4862,0,0,1,2011,state,urban/rural,sector_state,1,Madhya Pradesh,NA,NA,NA,NA,NA,NA,NA,NA,NA,NA,NA,NA,NA,NA,NA,NA,NA
4863,0.310234338,0.63623184,0.03550962,2011,state,urban/rural,sector_state,1,Gujarat,NA,NA,NA,NA,NA,NA,NA,NA,NA,NA,NA,NA,NA,NA,NA,NA,0
4864,0.466662586,0.41183424,0.083575338,2011,state,urban/rural,sector_state,1,Gujarat,NA,NA,NA,NA,NA,NA,NA,NA,NA,NA,NA,NA,NA,NA,NA,NA,1
4865,0.091729634,0.832181156,0.076089226,2011,state,urban/rural,sector_state,1,Daman & Diu & D & N Haveli,NA,NA,NA,NA,NA,NA,NA,NA,NA,NA,NA,NA,NA,NA,NA,NA,0
4866,0.440299481,0.541996419,0.01506271,2011,state,urban/rural,sector_state,1,Daman & Diu & D & N Haveli,NA,NA,NA,NA,NA,NA,NA,NA,NA,NA,NA,NA,NA,NA,NA,NA,1
4867,0.289016813,0.545326233,0.100127563,2011,state,urban/rural,sector_state,1,Maharashtra,NA,NA,NA,NA,NA,NA,NA,NA,NA,NA,NA,NA,NA,NA,NA,NA,0
4868,0.391623586,0.463545412,0.096529312,2011,state,urban/rural,sector_state,1,Maharashtra,NA,NA,NA,NA,NA,NA,NA,NA,NA,NA,NA,NA,NA,NA,NA,NA,1
4869,0.278837025,0.401675045,0.194949642,2011,state,urban/rural,sector_state,1,Andhra Pradesh,NA,NA,NA,NA,NA,NA,NA,NA,NA,NA,NA,NA,NA,NA,NA,NA,0
4870,0.388753921,0.351663649,0.183200344,2011,state,urban/rural,sector_state,1,Andhra Pradesh,NA,NA,NA,NA,NA,NA,NA,NA,NA,NA,NA,NA,NA,NA,NA,NA,1
4871,0.328020543,0.453836739,0.160913303,2011,state,urban/rural,sector_state,1,Karnataka,NA,NA,NA,NA,NA,NA,NA,NA,NA,NA,NA,NA,NA,NA,NA,NA,0
4872,0.475188106,0.33406353,0.157932296,2011,state,urban/rural,sector_state,1,Karnataka,NA,NA,NA,NA,NA,NA,NA,NA,NA,NA,NA,NA,NA,NA,NA,NA,1
4873,0.16257149,0.668881953,0.132944122,2011,state,urban/rural,sector_state,1,Goa,NA,NA,NA,NA,NA,NA,NA,NA,NA,NA,NA,NA,NA,NA,NA,NA,0
4874,0.435900092,0.429747343,0.028329749,2011,state,urban/rural,sector_state,1,Goa,NA,NA,NA,NA,NA,NA,NA,NA,NA,NA,NA,NA,NA,NA,NA,NA,1
4875,0.05747458,0.722521365,0.068444192,2011,state,urban/rural,sector_state,1,Lakshadweep,NA,NA,NA,NA,NA,NA,NA,NA,NA,NA,NA,NA,NA,NA,NA,NA,0
4876,0.201341107,0.502220571,0.112227373,2011,state,urban/rural,sector_state,1,Lakshadweep,NA,NA,NA,NA,NA,NA,NA,NA,NA,NA,NA,NA,NA,NA,NA,NA,1
4877,0.244421184,0.338167727,0.266082078,2011,state,urban/rural,sector_state,1,Kerala,NA,NA,NA,NA,NA,NA,NA,NA,NA,NA,NA,NA,NA,NA,NA,NA,0
4878,0.313419312,0.280480176,0.270368427,2011,state,urban/rural,sector_state,1,Kerala,NA,NA,NA,NA,NA,NA,NA,NA,NA,NA,NA,NA,NA,NA,NA,NA,1
4879,0.273159832,0.474571288,0.184173927,2011,state,urban/rural,sector_state,1,Tamil Nadu,NA,NA,NA,NA,NA,NA,NA,NA,NA,NA,NA,NA,NA,NA,NA,NA,0
4880,0.340482473,0.349903911,0.238741696,2011,state,urban/rural,sector_state,1,Tamil Nadu,NA,NA,NA,NA,NA,NA,NA,NA,NA,NA,NA,NA,NA,NA,NA,NA,1
4881,0.263952523,0.466547608,0.157522172,2011,state,urban/rural,sector_state,1,Puducherry,NA,NA,NA,NA,NA,NA,NA,NA,NA,NA,NA,NA,NA,NA,NA,NA,0
4882,0.214362428,0.485551,0.224669591,2011,state,urban/rural,sector_state,1,Puducherry,NA,NA,NA,NA,NA,NA,NA,NA,NA,NA,NA,NA,NA,NA,NA,NA,1
4883,0.166503474,0.640415847,0.135002524,2011,state,urban/rural,sector_state,1,A & N Island,NA,NA,NA,NA,NA,NA,NA,NA,NA,NA,NA,NA,NA,NA,NA,NA,0
4884,0.177137673,0.650099516,0.114623025,2011,state,urban/rural,sector_state,1,A & N Island,NA,NA,NA,NA,NA,NA,NA,NA,NA,NA,NA,NA,NA,NA,NA,NA,1
4885,0.287414759,0.505836606,0.157376319,2011,state,urban/rural,sector_state,1,Telangana,NA,NA,NA,NA,NA,NA,NA,NA,NA,NA,NA,NA,NA,NA,NA,NA,0
4886,0.4148238,0.447940558,0.084557988,2011,state,urban/rural,sector_state,1,Telangana,NA,NA,NA,NA,NA,NA,NA,NA,NA,NA,NA,NA,NA,NA,NA,NA,1
4887,0.133455589,0.686473668,0.175735533,2011,state,urban/rural,sector_state,1,Ladakh,NA,NA,NA,NA,NA,NA,NA,NA,NA,NA,NA,NA,NA,NA,NA,NA,0
4888,0.271342367,0.605277359,0.114781506,2011,state,urban/rural,sector_state,1,Ladakh,NA,NA,NA,NA,NA,NA,NA,NA,NA,NA,NA,NA,NA,NA,NA,NA,1
4889,0,1,0,2011,state,urban/rural,sector_state,1,Ladakh,NA,NA,NA,NA,NA,NA,NA,NA,NA,NA,NA,NA,NA,NA,NA,NA,NA
